# 3ds Max Wavefront OBJ Exporter v0.94b - (c)2007 guruware
# File Created: 07.03.2012 20:52:13

mtllib zeldamodel.mtl

#
# object zelda
#

v  6.9156 164.1505 10.9353
v  5.5230 162.3447 12.7132
v  6.9552 162.7870 11.0048
v  5.4633 163.7188 12.5757
v  5.4895 164.5779 12.8293
v  4.3244 164.4970 13.5812
v  4.3633 165.3136 13.7062
v  3.1594 164.4161 13.8579
v  3.2110 165.1509 13.9996
v  1.9700 163.8053 13.8802
v  2.3213 165.6700 14.4297
v  3.3141 166.0706 14.6088
v  4.4410 166.2222 14.2868
v  5.5157 165.4763 12.9376
v  6.9805 165.6926 11.1592
v  7.6203 164.6424 9.6623
v  4.2855 163.5729 13.3328
v  3.2206 162.2432 13.8795
v  3.1078 163.6461 13.6778
v  8.3573 167.6883 8.9218
v  7.1502 166.5493 11.5851
v  5.5679 166.3738 13.5324
v  -3.2063 162.2440 13.8789
v  -4.2708 163.5741 13.3320
v  -5.5084 162.3461 12.7122
v  -3.0931 163.6469 13.6772
v  -1.9552 163.8058 13.8798
v  -3.1440 164.4126 13.8390
v  -3.1949 165.1430 13.9623
v  -4.3477 165.3104 13.6871
v  -4.4247 166.2146 14.2493
v  -5.5525 166.3752 13.5313
v  -6.9002 164.1523 10.9340
v  -6.9402 162.7888 11.0035
v  -5.4484 163.7202 12.5747
v  -5.4744 164.5794 12.8282
v  -4.3092 164.4960 13.5712
v  -5.5004 165.4777 12.9366
v  -6.9648 165.6944 11.1579
v  -8.3407 167.6905 8.9203
v  -7.6088 164.6441 9.6609
v  -7.1344 166.5485 11.5838
v  -2.3062 165.6706 14.4293
v  -3.2969 166.0539 14.5348
v  -5.2147 157.3531 10.3001
v  -7.2532 159.2707 7.1487
v  -5.7995 157.1522 6.9701
v  -6.1886 159.2337 10.6133
v  -4.2149 157.5878 12.0450
v  -4.9943 159.0738 12.2758
v  -2.9067 158.0919 12.9693
v  -3.1944 160.6868 13.7361
v  -2.0350 158.5606 13.6036
v  -2.1730 160.6107 13.9891
v  -1.5683 159.3153 14.0000
v  -1.4378 160.5346 14.1943
v  -1.3755 159.4389 14.8847
v  -0.9628 159.6975 16.1089
v  -0.6196 159.0695 16.0764
v  -0.5015 159.3061 17.0059
v  -0.3578 158.9575 16.2217
v  0.0065 159.2848 17.2297
v  0.0065 158.9138 16.3142
v  0.3708 158.9574 16.2218
v  0.3529 158.5638 14.5732
v  0.6326 159.0694 16.0765
v  0.7322 158.9205 14.3549
v  1.1519 158.9764 14.1772
v  0.8054 157.7247 14.6696
v  2.0484 158.5601 13.6039
v  1.7783 157.4555 13.8636
v  2.9302 158.0912 12.9696
v  2.6767 157.1811 12.7030
v  4.2283 157.5867 12.0457
v  0.0109 174.3047 -10.2217
v  4.3979 174.3958 -9.4323
v  4.3555 170.8994 -9.2011
v  0.0113 177.8046 -9.0711
v  -4.3762 174.3969 -9.4331
v  -4.0304 177.8318 -8.4073
v  -8.4186 174.3821 -6.7977
v  -7.5861 178.5716 -6.1335
v  -10.4993 175.0336 -2.4366
v  -9.2481 179.0968 -1.9032
v  -11.1199 175.5233 1.4169
v  -10.0292 179.3269 1.5405
v  -10.1511 175.7949 5.9422
v  -9.3931 179.4531 4.9217
v  -8.2111 178.5694 9.2883
v  -7.0716 180.0936 8.2123
v  -4.6552 181.5532 10.5761
v  -6.5629 181.3554 5.9460
v  -3.8129 181.7819 7.4817
v  -6.4406 181.6651 3.5391
v  -3.4631 182.2245 4.2856
v  -3.4626 182.9079 -0.1754
v  -0.7302 183.3326 -0.0336
v  -3.5958 182.3276 -3.0827
v  0.0863 182.8571 -3.0457
v  -3.8205 180.8636 -5.9376
v  0.0882 181.2482 -6.3342
v  -7.9383 176.0190 10.6627
v  -4.9248 179.0817 12.5479
v  -4.8511 176.4100 13.8969
v  -1.6244 179.2743 13.5253
v  -1.3862 176.6171 15.2097
v  0.0089 176.6128 14.9014
v  0.0084 173.3887 16.3417
v  1.4040 176.6168 15.2099
v  4.9834 173.3657 15.2402
v  4.8690 176.4088 13.8978
v  7.9567 176.0169 10.6642
v  8.2305 178.5673 9.2899
v  10.1704 175.7922 5.9440
v  9.4135 179.4507 4.9235
v  10.0502 179.3243 1.5423
v  6.4574 181.6634 3.5403
v  6.3577 181.9617 -0.5863
v  3.6346 182.9070 -0.1747
v  3.7682 182.3266 -3.0820
v  0.9023 183.3324 -0.0334
v  0.0860 182.8841 0.1225
v  -1.2170 182.4844 4.4441
v  2.0065 166.1422 15.3788
v  1.6359 165.2194 14.2503
v  1.1921 165.5408 15.3582
v  0.7007 164.2705 15.2544
v  0.5997 165.5330 15.6257
v  0.0107 164.3158 15.5380
v  0.0074 165.5252 15.7683
v  -0.5849 165.5331 15.6256
v  -1.2741 167.1160 15.9901
v  -1.1772 165.5411 15.3580
v  -1.9915 166.1428 15.4261
v  -1.6209 165.2198 14.2500
v  8.2846 161.9348 4.2928
v  10.6976 164.0660 2.6264
v  8.7499 164.4410 4.5473
v  10.3070 162.7399 2.1226
v  7.4704 163.4516 2.2973
v  11.8882 164.1382 0.6051
v  13.1243 166.2063 -0.2559
v  12.2419 165.1625 1.1224
v  13.4440 166.9812 0.3190
v  11.9876 166.6111 1.2866
v  14.9500 168.9087 0.3941
v  12.8500 168.4837 2.2773
v  14.2970 169.9903 1.0745
v  12.5876 169.4566 2.5501
v  12.0523 169.6142 1.8065
v  10.3537 168.6695 3.3859
v  0.8912 162.4897 14.3748
v  1.0813 164.1154 14.2764
v  2.0867 162.3135 14.0884
v  2.1869 160.6102 13.9895
v  3.2084 160.6860 13.7367
v  5.3741 160.8316 12.6446
v  5.0081 159.0725 12.2767
v  6.2027 159.2321 10.6144
v  5.2284 157.3517 10.3011
v  7.2680 159.2689 7.1501
v  5.8138 157.1507 6.9712
v  6.4808 159.5110 4.0421
v  0.4640 163.1667 15.6388
v  0.4589 161.4737 16.5038
v  0.0104 163.2275 15.8473
v  0.0072 161.5154 16.6751
v  -0.4450 161.4738 16.5038
v  -0.5146 159.9141 17.3103
v  -0.9314 160.4895 15.2680
v  -14.2861 169.9940 1.0719
v  -12.0417 169.6174 1.8043
v  -13.7029 170.1177 0.6255
v  -12.5771 169.4598 2.5478
v  -12.8398 168.4870 2.2749
v  -11.0337 167.9098 3.8224
v  -11.5394 166.9381 2.9081
v  -8.3949 164.4432 4.5457
v  -10.5178 165.1986 2.6504
v  -10.6885 164.0688 2.6244
v  -12.2323 165.1657 1.1201
v  -11.8787 164.1413 0.6029
v  -13.1141 166.2097 -0.2583
v  -7.4537 163.4536 2.2959
v  -11.1513 166.7441 1.2658
v  -4.3347 170.9005 -9.2019
v  -8.1436 168.4702 -6.7164
v  -10.6581 169.8769 -2.7327
v  -11.7243 170.2652 1.0512
v  -10.4797 172.4836 5.8361
v  -8.4180 173.3032 11.7814
v  -9.1709 170.8933 8.6041
v  -13.6184 168.4382 -0.5094
v  -15.6078 169.0076 -0.6546
v  -13.4338 166.9846 0.3165
v  -14.9393 168.9126 0.3913
v  -11.9776 166.6142 1.2843
v  -12.4087 167.5506 1.7796
v  0.0065 159.9309 17.5344
v  0.5276 159.9140 17.3104
v  0.5145 159.3060 17.0060
v  0.9760 159.6972 16.1090
v  1.3889 159.4386 14.8849
v  1.5818 159.3149 14.0003
v  8.4355 173.3010 11.7830
v  7.9057 171.3477 11.8160
v  9.1884 170.8909 8.6059
v  4.7490 170.9402 15.0890
v  1.4561 169.6777 16.2973
v  0.0079 169.4845 16.3518
v  -1.4404 169.6781 16.2971
v  0.0075 166.8275 16.1779
v  3.9968 180.8626 -5.9369
v  6.8925 180.7638 -3.4519
v  7.6084 178.5696 -6.1321
v  9.2697 179.0944 -1.9015
v  10.5200 175.0309 -2.4346
v  11.1399 175.5204 1.4190
v  10.6775 169.8742 -2.7307
v  11.7429 170.2600 1.0556
v  10.9815 166.7322 1.0582
v  -4.9664 173.3670 15.2393
v  -4.7327 170.9414 15.0881
v  -7.8887 171.3497 11.8146
v  -7.5795 169.5038 11.9575
v  -8.7008 169.2919 8.7622
v  -9.0619 169.7856 7.4650
v  -8.4222 165.4732 7.0833
v  -1.7823 181.7527 11.4706
v  0.0098 181.0728 11.5206
v  1.6432 179.2738 13.5256
v  4.9437 179.0804 12.5488
v  -0.3397 158.5639 14.5731
v  -0.7188 158.9207 14.3548
v  -1.1385 158.9767 14.1770
v  -0.7837 157.7249 14.6694
v  -1.7553 157.4559 13.8634
v  -2.6548 157.1813 12.7024
v  -5.3852 157.5572 4.2614
v  -3.9293 155.3102 7.3768
v  -6.4654 159.5126 4.0409
v  -7.9483 161.9369 4.2912
v  -7.9467 161.7041 7.2848
v  -8.2206 163.8547 7.3212
v  -8.7209 166.5841 4.1274
v  6.8700 161.2831 10.9061
v  7.7041 163.2524 9.4574
v  7.9621 161.7020 7.2863
v  8.2365 163.8541 7.3228
v  8.7381 166.5818 4.1290
v  -8.8783 162.2539 1.8416
v  -8.4190 163.8152 2.8874
v  -8.8290 163.0957 2.8507
v  -8.5511 162.3707 1.0602
v  -9.6518 161.2461 2.1963
v  -9.9797 160.6295 1.6200
v  -10.0806 161.4650 3.4245
v  -10.7305 160.9977 3.7931
v  -9.5721 162.6082 3.8289
v  -9.7659 162.9666 4.5764
v  -11.3664 161.5929 0.9590
v  -10.3614 163.2623 1.1544
v  -9.9378 163.3343 0.3993
v  -11.1708 162.2758 1.4715
v  -12.1173 161.9612 3.1322
v  -11.5961 162.4844 2.7027
v  -11.1527 163.9301 3.9155
v  -11.0496 163.5999 3.1465
v  -9.8057 164.7787 2.2264
v  -10.2865 164.0807 2.1896
v  5.2917 168.9217 14.4160
v  3.3493 168.2618 15.3939
v  7.5960 169.5019 11.9589
v  8.7178 169.2896 8.7638
v  9.0793 169.7832 7.4666
v  -1.4906 181.9714 7.9233
v  0.0833 181.5086 7.6065
v  1.6573 181.9710 7.9236
v  0.0855 182.2841 4.4573
v  1.3880 182.4841 4.4444
v  1.8021 181.7522 11.4709
v  4.6751 181.5520 10.5769
v  3.9796 181.7809 7.4824
v  6.5815 181.3537 5.9472
v  2.4237 157.6207 11.1850
v  2.8991 156.6567 8.7840
v  2.6966 157.3097 12.2670
v  2.5424 157.0818 7.7230
v  0.0102 158.0836 11.3375
v  0.0106 158.0059 7.7212
v  -2.5215 157.1742 7.7225
v  0.0104 156.9417 7.8234
v  -2.0407 156.7510 7.9411
v  0.9449 160.4892 15.2682
v  1.4516 160.5343 14.1946
v  -0.8712 162.4899 14.3747
v  -0.4394 163.1668 15.6387
v  -0.6761 164.2706 15.2543
v  0.0108 157.5876 14.8082
v  0.0066 158.4947 14.5755
v  13.7139 170.1142 0.6280
v  15.9439 171.0313 -0.4210
v  15.6187 169.0036 -0.6517
v  10.4981 172.4809 5.8380
v  10.3139 169.3289 5.3947
v  -10.3358 168.6722 3.3839
v  -15.9178 171.0354 -0.4239
v  -5.2758 168.9231 14.4150
v  -3.3338 168.2626 15.3933
v  -6.3401 181.9587 -0.5883
v  -6.6496 180.7034 -3.3042
v  -0.8147 157.1904 14.1117
v  -1.7342 157.1637 13.4321
v  -1.8217 157.0775 12.9399
v  0.8364 157.1902 14.1118
v  1.7571 157.1633 13.4323
v  0.7841 157.0514 13.4846
v  1.8421 157.0779 12.9402
v  -7.6777 163.2551 9.4559
v  8.1634 168.4681 -6.7149
v  8.4399 174.3799 -6.7962
v  -2.8785 156.6574 8.7835
v  -2.4028 157.6212 11.1845
v  -0.7675 157.0497 13.4843
v  4.0529 177.8308 -8.4066
v  -10.2982 162.7426 2.1207
v  7.0915 180.0918 8.2136
v  2.1279 156.4400 10.1541
v  2.0615 156.7504 7.9414
v  0.0100 156.4685 11.8905
v  -2.1076 156.4406 10.1537
v  -1.2702 156.5492 12.0511
v  3.6341 182.2236 4.2863
v  13.6291 168.4347 -0.5069
v  -1.1506 164.1157 14.2762
v  8.4386 165.4710 7.0848
v  -5.3600 160.8330 12.6436
v  9.6492 165.3537 -3.9327
v  10.2868 167.3379 -2.9274
v  10.9815 166.7322 0.7316
v  7.3917 164.4095 -7.4737
v  -2.1178 162.3140 14.0880
v  11.5491 166.9351 2.9102
v  10.5271 165.1958 2.6524
v  -6.8554 161.2849 10.9048
v  11.0435 167.9070 3.8244
v  11.4688 160.4967 2.3308
v  9.9723 160.6269 1.6224
v  11.3577 161.5900 0.9584
v  10.7281 160.9949 3.7939
v  12.1135 161.9581 3.1298
v  1.2892 167.1157 15.9903
v  -11.4747 160.4996 2.3317
v  0.0104 168.7399 -10.0590
v  -4.0794 163.9158 -9.8952
v  0.0098 163.7364 -10.5787
v  -2.6748 157.3100 12.2666
v  4.0990 163.9148 -9.8944
v  -7.3724 164.4114 -7.4750
v  -9.6332 165.3562 -3.9345
v  -10.2711 167.3405 -2.9293
v  -10.2962 169.3316 5.3928
v  11.5916 162.4814 2.7015
v  11.1634 162.2729 1.4713
v  8.5428 162.3686 1.0659
v  10.3535 163.2597 1.1560
v  5.4003 157.5559 4.2619
v  3.9430 155.3092 7.3775
v  8.8405 163.0934 2.8523
v  9.7657 162.9641 4.5794
v  8.4152 163.8130 2.8934
v  9.5833 162.6057 3.8307
v  10.0916 161.4624 3.4264
v  9.6630 161.2436 2.1981
v  8.8897 162.2516 1.8433
v  -11.1513 166.7441 0.9392
v  -5.8602 159.4724 2.7453
v  5.8758 159.4709 2.7464
v  10.2812 164.0780 2.1914
v  11.0464 163.5970 3.1466
v  11.1512 163.9272 3.9153
v  9.9283 163.3317 0.4018
v  9.8007 164.7762 2.2293
v  6.9624 163.4517 1.0398
v  10.6205 161.1339 -0.8527
v  -6.9449 163.4535 1.0385
v  -10.6034 161.1367 -0.8547
v  1.2901 156.5489 12.0514
v  -20.6896 45.2073 17.6474
v  -23.2854 28.8988 18.6146
v  -23.4003 28.9243 21.1423
v  -20.3969 45.1281 16.2419
v  -19.3716 53.5656 16.0428
v  -19.3177 53.5510 14.8811
v  -17.4162 68.7553 13.3432
v  -20.3058 53.5524 14.9853
v  -24.3413 68.8859 5.1798
v  -27.4679 53.5327 6.8977
v  -10.5121 45.4673 22.5410
v  -9.7440 53.6358 20.9270
v  -1.0263 53.9104 22.3038
v  -8.3889 68.8074 17.8982
v  0.0076 68.3697 19.0808
v  -7.8864 78.3044 16.1189
v  0.0082 78.2867 17.7325
v  -12.1070 28.9389 25.8721
v  -1.5626 47.5635 23.7084
v  0.0066 47.4066 22.8185
v  -16.3575 78.4210 12.4777
v  -28.9215 46.3554 7.7017
v  -21.8790 45.1369 16.3958
v  -33.3002 28.8367 9.3946
v  -25.3914 28.9012 18.8413
v  -2.3205 29.1212 28.3253
v  -3.6499 -0.0047 34.9395
v  -15.3359 -0.0035 32.0515
v  0.0032 -0.0046 33.3787
v  0.0044 29.1044 26.6648
v  -22.6419 78.6013 4.3967
v  40.1620 -0.0037 -2.9546
v  34.9432 28.7850 -0.5357
v  42.2385 -0.0043 -0.4518
v  32.8253 28.8195 -2.3090
v  41.1134 -0.0037 -4.9572
v  34.2887 28.8519 -4.2281
v  28.4043 53.4528 -1.3771
v  27.5633 53.4654 -2.1906
v  28.0972 53.4772 -3.0722
v  24.8986 68.8931 -2.8923
v  7.2327 68.9902 -17.4368
v  1.0618 53.5588 -21.1346
v  -0.0015 68.9575 -17.6331
v  17.7754 53.4738 -17.9660
v  15.8868 69.0247 -14.7753
v  18.0924 53.4856 -17.0394
v  19.1842 53.4845 -17.1169
v  24.4021 28.9480 -20.4435
v  22.0526 28.9500 -20.2748
v  21.3704 28.9295 -22.2909
v  2.3887 28.9008 -26.6998
v  21.7150 68.9008 -9.0547
v  26.0000 -0.0018 -27.9822
v  3.8273 0.0011 -35.0646
v  27.5807 -0.0020 -24.9635
v  31.0069 -0.0024 -23.6419
v  7.6102 77.3837 -16.5638
v  7.7627 78.9793 -14.8470
v  -0.0014 71.7092 -18.3646
v  15.1525 84.8231 -10.7125
v  15.6996 84.1601 -11.8077
v  20.3922 90.6228 -4.1970
v  20.8624 90.7533 -4.1347
v  -7.7597 78.9795 -14.8480
v  0.0001 76.2203 -16.0084
v  -7.2327 68.9900 -17.4367
v  -1.0698 53.5579 -21.1345
v  -0.0072 28.9127 -25.5797
v  -3.8519 0.0020 -35.0639
v  -2.4037 28.9015 -26.6996
v  -0.0118 0.0016 -33.3795
v  -7.6081 77.3836 -16.5647
v  7.7378 91.0465 -14.5213
v  0.0017 90.6629 -14.9586
v  15.6525 91.1859 -11.1856
v  14.3797 79.9900 -12.5230
v  -0.0038 53.8929 -20.5603
v  -7.7341 91.0480 -14.5183
v  -26.0205 0.0031 -27.9710
v  -21.3833 28.9328 -22.2803
v  -27.5995 0.0031 -24.9513
v  -22.0644 28.9535 -20.2638
v  -31.0249 0.0032 -23.6278
v  -24.4139 28.9520 -20.4312
v  -41.1232 0.0039 -4.9373
v  -34.2929 28.8583 -4.2115
v  -17.7816 53.4762 -17.9583
v  -18.0982 53.4881 -17.0316
v  -15.8859 69.0265 -14.7720
v  -19.1900 53.4872 -17.1085
v  -21.7747 68.9045 -9.0492
v  -28.0967 53.4835 -3.0592
v  20.6156 45.1251 16.2309
v  23.2896 28.8942 18.6043
v  21.8869 45.1337 16.3864
v  23.4059 28.9197 21.1320
v  20.6982 45.2045 17.6387
v  12.1154 28.9368 25.8683
v  10.5235 45.4670 22.5380
v  2.3303 29.1210 28.3252
v  1.5751 47.5632 23.7085
v  1.0405 53.9114 22.3041
v  8.4014 68.8060 17.8957
v  33.2990 28.8297 9.3786
v  28.9247 46.3501 7.6882
v  25.3957 28.8962 18.8298
v  32.3474 -0.0069 22.2043
v  39.8783 -0.0061 11.0543
v  27.9029 -0.0070 26.4990
v  29.1007 -0.0066 23.0581
v  15.3414 -0.0062 32.0464
v  3.6571 -0.0052 34.9389
v  9.7549 53.6342 20.9240
v  20.3132 53.5483 14.9763
v  27.5826 53.5270 6.8845
v  24.3465 68.8808 5.1682
v  22.6445 78.5965 4.3968
v  22.1514 79.2756 -5.0072
v  20.5220 89.7036 4.5217
v  19.3797 53.5618 16.0343
v  19.3251 53.5471 14.8726
v  10.8935 152.4565 -6.6023
v  8.6459 145.0362 -13.4022
v  7.8853 151.1753 -11.5993
v  13.5375 147.2524 -6.3770
v  12.0713 152.7104 -3.1766
v  9.9365 145.4697 -4.6751
v  8.9701 149.6482 -2.5150
v  4.7585 140.9948 -8.8491
v  3.9038 146.8067 -7.2163
v  0.0113 141.1706 -9.2617
v  0.0111 146.7616 -8.4182
v  -3.8817 146.8071 -7.2167
v  -2.0953 154.0066 -3.5373
v  -4.5486 157.1555 -1.4079
v  7.3836 157.9649 0.2420
v  5.0887 159.0057 -0.5973
v  10.0365 159.2701 -5.0220
v  7.5673 158.0462 -9.0582
v  4.1464 157.8138 -11.4437
v  4.3554 150.7454 -14.1810
v  0.0084 157.5297 -12.0307
v  0.0058 150.7069 -14.7153
v  -4.7955 144.3201 -16.7327
v  0.0123 143.8566 -17.3403
v  -4.3439 150.7459 -14.1816
v  -8.8998 144.8889 -13.4040
v  -7.8742 151.1762 -11.4302
v  -10.8784 152.4574 -6.6045
v  -7.5506 158.0476 -9.0586
v  -10.0199 159.2719 -5.0227
v  -7.3677 157.9665 -0.1018
v  -8.9493 149.6505 -2.5166
v  -12.0585 152.7135 -3.1788
v  -9.9146 145.4708 -4.6766
v  -13.5152 147.2540 -5.7038
v  -8.6677 141.2998 -7.1181
v  -12.0267 141.9425 -9.4448
v  -4.1296 157.7691 -11.4440
v  9.2520 141.2987 -7.1162
v  12.0495 141.9409 -9.4423
v  4.5643 157.1545 -1.4079
v  2.1045 154.0061 -3.5373
v  -5.4442 159.0353 0.4446
v  -5.1200 158.1158 3.1264
v  -4.8819 157.1556 -0.4727
v  -4.5764 141.3963 -8.6308
v  0.0046 154.2207 -4.3210
v  4.8201 144.3195 -16.7317
v  -5.0725 159.0352 -0.5973
v  5.4599 159.0057 0.4446
v  5.1308 158.1145 3.1274
v  4.8972 157.1545 -0.4727
v  5.4929 167.0681 14.1187
v  3.3564 166.6366 15.1316
v  5.3922 168.0390 14.2816
v  3.3529 167.6783 15.3337
v  -9.6654 158.7359 5.7501
v  -8.6888 166.5809 4.4237
v  -9.1476 157.9544 4.9144
v  -10.2962 169.3316 5.4113
v  -8.9260 158.8801 6.8882
v  -9.0619 169.7856 7.1934
v  -8.2168 158.4937 6.1424
v  -8.4221 165.4731 6.8652
v  7.4186 168.2288 12.1414
v  7.2780 167.4790 12.1746
v  9.6812 158.7349 5.7524
v  8.7060 166.5787 4.4254
v  10.3139 169.3289 5.4132
v  9.1638 157.9537 4.9167
v  10.1802 152.2538 6.2978
v  9.3814 151.5479 5.1656
v  8.9418 158.8792 6.8900
v  9.0794 169.7832 7.1951
v  9.1217 152.5357 7.8397
v  8.2327 158.4929 6.1441
v  8.4386 165.4710 6.8667
v  8.0906 152.1259 6.7963
v  7.7209 147.1695 8.0883
v  9.8899 138.9780 10.6077
v  7.9255 139.9560 12.3800
v  9.5117 146.8097 6.2385
v  7.7265 152.3896 6.7356
v  9.3747 151.8028 4.8240
v  9.3297 147.4390 9.4743
v  9.5934 140.4126 13.7161
v  9.1280 152.6978 8.0389
v  10.8226 147.0719 7.5873
v  11.1829 139.7907 11.8971
v  10.5419 152.4050 6.1789
v  8.2516 132.7854 15.3562
v  10.3055 125.2673 14.7398
v  8.3450 125.2673 16.6242
v  10.1900 132.0311 13.6571
v  9.8799 133.3504 16.6293
v  9.9918 125.2672 17.7584
v  11.4317 132.5809 14.8961
v  11.5613 125.2672 16.1139
v  10.0471 120.6061 16.0910
v  -52.7574 136.3329 -0.0943
v  -48.7385 137.9051 -4.6058
v  -48.4347 136.7693 -0.3139
v  -52.9288 137.6885 -4.3891
v  -67.8607 139.0322 -3.3632
v  -53.7796 142.9054 -4.6478
v  -67.9959 142.1020 -3.0860
v  -68.0304 143.0775 0.0111
v  -71.9944 142.9582 -0.0549
v  -72.0181 142.0314 2.5662
v  -75.1390 142.9577 -0.0366
v  -74.6291 141.9883 2.7093
v  -82.2434 142.2167 1.7528
v  -81.6560 141.8369 3.6500
v  -82.4559 141.7334 3.6721
v  -82.0417 140.4332 3.7715
v  -85.7530 140.8614 3.4936
v  -85.3599 139.1762 3.2059
v  -86.2109 140.5618 3.4460
v  -88.0139 139.4989 3.1868
v  -88.0197 139.7403 1.8800
v  -89.4954 137.8680 2.9743
v  -89.5344 138.0289 1.9102
v  -89.1613 137.0870 2.3150
v  -88.0763 137.5476 1.7932
v  -82.3452 139.7888 -2.0931
v  -82.8270 141.9511 -2.6372
v  -84.1558 139.5779 -2.2337
v  -82.0417 142.3065 -2.5170
v  -83.0172 142.0839 -2.3934
v  -83.2498 142.1668 -0.4513
v  -85.8076 141.4129 -0.5977
v  -85.3170 139.6439 -0.5138
v  -86.2869 141.0302 -0.5815
v  -86.9238 138.8826 -0.5577
v  -87.9958 139.9308 -0.6147
v  -87.9895 137.8010 -0.6231
v  -89.3405 138.3771 -0.6198
v  -89.0946 137.6049 -1.2038
v  -89.3819 138.2492 -1.7112
v  -88.0086 137.7212 -1.7089
v  -86.9205 138.7592 -1.7932
v  -86.2973 137.4838 -2.9527
v  -86.3931 137.7110 -1.9937
v  -87.3049 137.2105 -2.5696
v  -85.4206 138.8117 -2.1708
v  -85.3237 138.4743 -3.2013
v  -84.0576 139.1304 -3.6407
v  -81.5123 139.4800 -3.6644
v  -79.7821 138.7388 0.3731
v  -73.6354 137.6030 -0.0001
v  -77.3165 136.5305 1.5052
v  -75.6214 136.2802 4.2857
v  -79.0271 135.6899 3.8888
v  -78.1323 136.3284 5.3928
v  -81.2780 136.1212 6.0024
v  -82.0883 139.2875 3.3439
v  -80.2107 139.1426 4.0471
v  -80.7671 138.5201 3.4623
v  -79.4889 138.5611 5.0288
v  -80.6466 137.3590 3.6618
v  -81.4699 137.6303 5.3729
v  -81.7276 136.9628 4.0466
v  -82.8880 137.3481 5.2682
v  -83.5794 136.6212 4.2877
v  -84.1836 137.0102 5.2648
v  -84.4267 136.2462 4.8677
v  -84.1060 135.9492 5.6889
v  -47.5177 138.3282 3.0744
v  -41.5579 136.1830 1.0712
v  -40.4985 138.5177 3.4554
v  -44.2188 136.3938 0.1281
v  -44.4509 136.8764 -2.7866
v  -45.2148 139.3156 -5.3091
v  -49.0062 142.4178 -4.9020
v  -45.6893 142.0837 -5.5723
v  -45.8200 143.9895 -0.8959
v  -43.3469 144.3131 -0.7696
v  -41.2196 142.3256 3.5456
v  -89.2120 137.7431 0.1469
v  -89.2809 137.6580 1.1859
v  -90.4065 137.6131 0.6152
v  -87.9337 138.7331 1.2923
v  -87.8843 138.8138 0.0419
v  -86.0457 139.4878 1.4208
v  -86.0159 139.5642 -0.0411
v  -82.6714 139.7781 1.6440
v  -82.6647 139.9930 -0.3092
v  -74.0230 139.9640 -3.6236
v  -75.8662 138.1528 -3.2669
v  -81.2736 141.7643 -4.0101
v  -82.1300 141.4740 -3.9473
v  -84.7924 140.7621 -2.6503
v  -86.5556 139.6360 -2.4979
v  -48.8080 144.0796 -1.0101
v  -47.6168 142.4085 2.8738
v  -82.7628 135.9872 5.7702
v  -78.2404 137.6377 5.5866
v  -77.9083 139.4960 4.4074
v  -82.3098 142.3578 -0.3463
v  -83.2937 142.2084 -0.2341
v  -83.2119 142.1104 1.7010
v  -86.4573 141.6250 1.3917
v  -86.3925 141.6142 -0.0762
v  -86.8576 141.3171 -0.0452
v  -86.9291 141.3039 1.3562
v  -74.7446 142.0174 -3.0549
v  -72.0233 142.0872 -2.9983
v  -90.4915 138.3316 0.0398
v  -90.5961 138.2606 1.2314
v  -88.9125 140.0925 1.2293
v  -88.0957 137.3866 2.7415
v  -86.9979 138.4416 2.9566
v  -87.0105 138.6282 1.6804
v  -85.4047 139.3884 1.6017
v  -85.2912 139.4769 -1.8783
v  -75.7404 138.1896 4.7636
v  -73.7080 139.2673 3.7061
v  -73.3379 137.4363 3.1337
v  -52.2267 137.7327 3.4835
v  -52.6429 142.6626 3.4303
v  -67.9404 142.1821 2.8044
v  -67.7694 138.7401 2.8029
v  -67.8038 138.1185 0.0091
v  -71.6893 138.0014 -0.0570
v  -71.8846 138.8045 -2.9835
v  -87.6300 137.8271 -2.1721
v  -87.4475 137.6164 -3.1346
v  -86.3974 139.1469 -3.5193
v  -84.7691 140.2716 -3.7508
v  -85.7916 141.2195 -2.0883
v  -86.2840 140.8586 -2.0463
v  -41.8901 136.4375 -2.4992
v  -43.4880 139.1430 -5.0841
v  -42.2579 139.3297 -4.6141
v  -42.8095 142.2524 -4.9596
v  -85.9449 141.1481 1.8360
v  -86.4229 140.7760 1.8458
v  -82.9967 142.0886 1.8680
v  -88.8741 140.1397 0.0186
v  -83.4594 135.5970 4.5028
v  -81.7316 135.6512 4.5282
v  -43.9216 142.3599 -5.4345
v  -54.1259 144.2356 -0.8837
v  -71.8024 140.3689 2.9643
v  -71.6499 138.7770 2.8148
v  -79.4717 137.0733 2.5649
v  -87.9614 139.8496 -1.8812
v  -71.8317 140.3012 -3.4732
v  -35.1568 138.8928 -5.1711
v  -24.4900 136.2694 -3.4410
v  -34.8170 136.2417 -3.5194
v  -26.4016 139.5319 -5.4100
v  -35.6084 142.6551 -4.5523
v  -27.2514 142.5630 -3.5278
v  -35.7972 144.5811 -0.1288
v  -26.7691 144.2662 -0.1309
v  -35.4337 141.9591 4.1574
v  -27.1855 142.3371 3.2210
v  -26.1360 138.7136 4.2302
v  -22.2786 143.1035 3.7357
v  -21.5317 139.0933 4.3205
v  -19.2052 143.8036 4.3376
v  -17.5626 139.7227 5.3906
v  -16.0703 144.2742 4.3441
v  -13.1664 141.4208 5.7950
v  -13.4327 144.6500 4.1085
v  -35.4459 142.8185 -5.0280
v  -35.6788 145.1397 -0.2203
v  -34.9650 138.8203 -5.6010
v  -34.5637 135.6908 -3.6330
v  -34.4870 135.5038 1.5913
v  -14.1485 140.9956 -6.2137
v  -16.0028 144.8138 -3.8413
v  -13.2626 145.2261 -4.2638
v  -19.5128 144.0516 -4.0656
v  -17.9243 140.2687 -5.9649
v  -22.2885 143.2775 -3.9625
v  -21.3996 139.8087 -5.5857
v  -13.2512 139.8047 6.3343
v  -13.7412 135.2539 6.0326
v  -18.5545 136.8254 2.4050
v  -15.8576 134.9761 2.8476
v  -18.9761 136.6239 -3.1218
v  -16.0959 135.5112 -2.6593
v  -11.3574 136.9729 9.2335
v  -11.4788 141.7821 6.6962
v  -11.7800 145.1828 4.6767
v  -7.2127 144.5546 7.3359
v  -3.8478 145.7112 6.6602
v  -6.7339 149.2191 -2.2899
v  -11.4976 146.6230 1.4696
v  -7.1976 148.6999 1.8275
v  -8.4296 144.7495 -7.8559
v  -9.3423 139.1551 -9.8129
v  -13.2038 131.3762 -6.2368
v  -20.0426 145.6796 0.6334
v  -22.7456 144.7942 0.1938
v  -13.4362 146.0382 1.2408
v  -16.4729 146.2939 0.9729
v  -14.7120 135.8961 -5.5081
v  -18.3170 137.9751 -5.3719
v  -24.8005 136.1842 1.6022
v  -34.7483 136.1408 1.9442
v  0.0089 145.3261 -9.0762
v  -0.0049 149.9162 -5.9293
v  -14.4958 132.2128 2.9902
v  -14.8685 132.5193 -2.1750
v  -34.9879 138.2965 4.1536
v  -35.2958 142.4197 4.8025
v  -34.7544 138.5121 4.7405
v  -6.4193 146.8468 4.8515
v  -7.0545 136.4823 11.8955
v  -19.2868 97.2436 -2.3557
v  -20.7297 90.7573 -4.1267
v  -19.3494 96.5645 5.4181
v  -14.6751 97.9223 -9.9485
v  -12.6867 105.5254 -7.2076
v  -7.0982 97.8437 -12.9476
v  -5.5852 106.2905 -9.4902
v  0.0040 105.3126 -10.1336
v  0.0063 108.3271 -10.0128
v  5.5935 106.2894 -9.4924
v  5.6684 108.7906 -9.0362
v  11.2870 110.8346 -3.1663
v  4.9206 110.3012 -5.4672
v  5.5874 112.3194 -6.2568
v  0.1058 112.6401 -7.2014
v  0.0070 113.8760 -6.2017
v  -5.5731 112.3187 -6.2561
v  -6.5851 113.9943 -5.2164
v  -11.2705 110.8365 -3.1611
v  -9.1950 114.4108 -2.2922
v  -11.5469 114.2318 2.5133
v  -9.4877 117.5821 -2.8612
v  -11.4170 117.6920 2.3817
v  -12.4737 124.4095 -4.6548
v  -13.5268 124.3828 0.4810
v  7.1291 97.8424 -12.9503
v  14.7071 97.9195 -9.9542
v  12.7367 105.8548 -7.2092
v  19.3215 97.2399 -2.3631
v  17.1400 104.3905 -0.4632
v  19.3584 96.5608 5.4107
v  16.7641 103.6178 6.4863
v  12.9718 102.7188 10.7438
v  10.0894 109.5808 11.1004
v  7.1464 108.1042 13.4619
v  8.5004 112.1674 11.1778
v  2.7639 114.3473 14.7452
v  7.7858 115.7629 12.0808
v  18.9305 96.6252 5.0265
v  15.2458 88.7458 11.5098
v  14.2163 95.8969 10.9230
v  7.5572 88.2713 14.7905
v  6.5453 101.3092 13.5454
v  0.0074 87.8764 16.3707
v  0.0076 100.9591 14.2697
v  -6.5290 101.3104 13.5479
v  -7.3415 107.9432 12.8039
v  -12.8794 102.6526 10.2572
v  12.8951 102.6501 10.2522
v  7.3570 107.9419 12.8027
v  0.0079 105.6103 13.5134
v  0.1071 112.4093 14.4229
v  -3.8642 112.6400 13.9244
v  0.0088 121.0349 14.5005
v  4.0783 112.6393 13.7667
v  10.6184 117.1339 7.5815
v  10.8562 113.7444 7.6930
v  13.4009 110.2127 7.3674
v  11.5618 114.2298 2.5115
v  14.1036 110.1153 1.1359
v  -5.4922 108.8125 -9.0354
v  -14.0892 110.1176 1.1379
v  -17.1281 104.3938 -0.4566
v  -16.7497 103.6210 6.4927
v  -12.9560 102.7213 10.7487
v  -15.6475 91.1889 -11.1796
v  0.0026 97.7649 -13.4112
v  3.7754 125.0806 13.5598
v  7.3535 124.5905 12.4445
v  10.3284 125.2042 9.6920
v  12.6157 126.9724 5.6545
v  13.5424 124.3802 0.4784
v  -13.3856 110.2148 7.3693
v  -10.0346 109.5825 11.1018
v  -7.1308 108.1054 13.4630
v  9.0524 114.2360 -2.9109
v  6.5987 113.9932 -5.2174
v  9.7257 117.5803 -2.8631
v  11.4317 117.6898 2.3795
v  12.4883 124.4071 -4.6572
v  0.0064 117.1383 -6.6217
v  -6.7027 117.3812 -5.5825
v  -10.6029 117.1359 7.5836
v  -12.5988 126.9748 5.6569
v  -10.3109 125.2062 9.6940
v  -7.7696 115.7644 12.0823
v  -7.3356 124.5919 12.4459
v  -2.7473 114.3478 14.7457
v  -8.4655 112.1688 11.1791
v  -10.8406 113.7462 7.6947
v  -4.9071 110.3020 -5.7920
v  0.0067 110.0363 -6.3304
v  -9.4623 127.4949 -9.0000
v  6.7157 117.3799 -5.5838
v  0.0069 125.8157 -10.3744
v  -7.5428 88.2728 14.7934
v  -14.2018 95.8996 10.9285
v  -18.8250 96.6288 5.0338
v  -20.3909 90.6267 -4.1892
v  9.4766 127.4931 -9.0018
v  -3.7572 125.0814 13.5605
v  -15.2326 88.7487 11.5156
v  -20.5132 89.7076 4.5295
v  -5.4218 150.2932 2.0270
v  -3.7038 149.0489 4.8996
v  0.0074 147.6744 6.6504
v  0.0104 145.0720 7.2130
v  3.8687 145.7105 6.6594
v  0.0104 144.1068 8.6603
v  7.2193 144.5819 7.3305
v  7.1036 136.5079 11.8884
v  11.5054 141.7826 6.6955
v  11.4149 137.0193 9.2222
v  13.1860 141.4211 5.7941
v  13.2706 139.8051 6.3333
v  -4.5959 132.1019 16.2186
v  0.0100 136.3953 12.0943
v  -8.3692 132.5080 15.1273
v  -11.7134 132.8185 12.1927
v  -13.5342 132.0480 6.0548
v  -14.4630 129.2853 -0.0814
v  8.3891 132.5064 15.1257
v  4.6160 132.1010 16.2177
v  0.0098 131.8403 14.5950
v  -4.4555 129.1755 16.4679
v  -8.3513 129.2994 15.5609
v  -4.1803 126.8559 15.6015
v  -7.7213 126.6229 14.7211
v  13.7599 135.2513 6.0300
v  11.7328 132.8162 11.9592
v  11.7014 129.8521 12.7389
v  8.3707 129.2978 15.5593
v  11.0149 127.1794 11.9915
v  7.7400 126.6205 14.7191
v  15.9918 144.8884 -3.8544
v  14.1668 140.9963 -6.2147
v  13.2534 145.2863 -4.2756
v  19.5309 144.0522 -4.0686
v  20.0616 145.6804 0.6303
v  22.7642 144.7942 0.1882
v  22.2979 143.1044 3.7307
v  27.2046 142.3380 3.2153
v  26.1553 138.7147 4.2257
v  35.4531 141.9602 4.1502
v  35.0072 138.2976 4.1475
v  21.5511 139.0945 4.3168
v  18.5733 136.8246 2.4017
v  24.8193 136.1846 1.5987
v  17.5821 139.7221 5.3872
v  19.2247 143.8046 4.3347
v  16.0720 144.3085 4.3313
v  16.4604 146.3025 0.9602
v  13.4314 146.0986 1.2289
v  16.1132 135.5088 -2.6623
v  14.5068 132.2756 2.9874
v  14.8851 132.5165 -2.1778
v  15.8759 134.9738 2.8447
v  18.9939 136.6227 -3.1252
v  24.5079 136.2684 -3.4445
v  34.8349 136.2406 -3.5249
v  34.7672 136.1413 1.9388
v  14.7298 135.8967 -5.5094
v  18.3349 137.9755 -5.3743
v  26.4192 139.5302 -5.4148
v  35.1744 138.8912 -5.1774
v  35.6261 142.6537 -4.5598
v  17.9421 140.2691 -5.9674
v  21.4170 139.8070 -5.5896
v  27.2692 142.5619 -3.5336
v  35.8157 144.5809 -0.1368
v  4.4750 129.1747 16.4670
v  0.0096 129.0625 14.6041
v  4.1993 126.8543 15.6004
v  13.5523 132.0455 6.0522
v  14.4794 129.3174 -0.0842
v  42.8152 142.2509 -4.9683
v  35.4634 142.8170 -5.0355
v  43.3535 144.3128 -0.7790
v  34.9825 138.8186 -5.6072
v  42.2637 139.3283 -4.6219
v  34.5816 135.6897 -3.6383
v  41.9082 136.4367 -2.5060
v  34.5059 135.5042 1.5861
v  13.4344 144.7100 4.0965
v  22.3063 143.2762 -3.9676
v  26.7876 144.2661 -0.1371
v  41.2389 142.3266 3.5372
v  34.7738 138.5134 4.7344
v  40.5058 138.5186 3.4482
v  35.3153 142.4210 4.7951
v  35.6973 145.1396 -0.2285
v  8.4221 144.4865 -7.9317
v  9.3587 139.1533 -9.8147
v  13.2194 131.3737 -6.2393
v  11.4862 146.9124 1.4597
v  6.9425 149.2178 -2.2912
v  12.9196 128.7002 7.5941
v  11.7994 145.1831 4.6740
v  6.4126 146.8708 4.8474
v  3.6962 149.0482 4.8989
v  7.3053 148.6985 1.8261
v  5.4135 150.2921 2.0260
v  -11.6821 129.8543 12.7411
v  41.5648 136.1832 1.0645
v  5.0729 150.5404 -1.5771
v  0.0078 136.6643 -11.4095
v  -5.0818 150.5414 -1.5761
v  -12.9104 128.6956 7.5965
v  -10.9965 127.1815 11.9823
v  0.0092 126.5147 13.5016
v  -5.1121 153.7581 2.5862
v  -3.6551 155.9255 4.5120
v  -2.8827 151.3905 5.8776
v  0.0075 150.3986 7.2863
v  3.6703 155.9247 4.5118
v  5.1204 153.7571 2.5855
v  2.8844 151.3899 5.8773
v  2.1423 154.5354 6.1556
v  0.0074 153.8502 7.0548
v  -2.1453 154.5359 6.1557
v  -5.4774 167.0695 14.1177
v  -7.2621 167.4838 12.1734
v  -5.3765 168.0405 14.2808
v  -3.3412 166.6375 15.1310
v  -3.3374 167.6791 15.3332
v  -2.1885 155.6740 -2.9825
v  0.0044 155.8793 -3.8333
v  -4.6431 153.7214 -1.2453
v  -7.4025 168.2323 12.1402
v  2.1972 155.6735 -2.9825
v  4.6511 153.7205 -1.2459
v  0.0118 156.8638 13.5738
v  0.0118 157.0199 14.3717
v  1.5461 153.8053 8.3573
v  0.0067 153.5244 8.6632
v  -1.5327 153.8057 8.3570
v  0.0064 153.0779 11.5265
v  -1.1939 153.3282 11.3164
v  0.0064 153.7034 12.9683
v  -1.1284 153.9068 12.7411
v  -1.4143 154.9920 12.7661
v  -3.0328 155.7565 12.1104
v  -2.3025 156.0865 12.5890
v  -1.8805 157.1215 12.7155
v  -2.0262 157.0495 13.0226
v  -2.1405 156.5917 12.8509
v  -0.9887 156.1772 13.8407
v  -1.1549 155.8154 13.1507
v  0.0109 155.5302 13.2960
v  0.0065 154.7254 13.0658
v  1.4274 154.9916 12.7650
v  1.1412 153.9065 12.7412
v  2.9880 155.7570 12.1134
v  1.1768 155.8151 13.1509
v  2.1618 156.5912 12.8515
v  1.0106 156.1769 13.8408
v  2.0475 157.0490 13.0232
v  1.0257 156.9850 13.7827
v  1.9028 157.1211 12.7157
v  0.7894 157.0470 13.3517
v  -3.5904 155.3705 10.2613
v  1.2068 153.3279 11.3165
v  3.6041 155.3696 10.2618
v  0.0109 155.9980 14.1049
v  0.0110 156.8336 14.0433
v  0.0111 156.9513 13.5331
v  2.3195 156.0859 12.5889
v  -0.7738 157.0515 13.3518
v  -1.0036 156.9852 13.7826
v  -7.9075 139.9582 12.3787
v  -10.1736 132.0336 13.6552
v  -9.8716 138.9805 10.6059
v  -8.2356 132.7876 15.3548
v  -9.5757 140.4150 13.7143
v  -9.8641 133.3529 16.6275
v  -11.1648 139.7934 11.8949
v  -11.4156 132.5836 14.8938
v  -9.6271 146.8122 6.2367
v  -10.8022 147.0746 7.5852
v  -9.3098 147.4414 9.4726
v  -7.7005 147.1717 8.0870
v  -11.5467 125.2700 16.1116
v  -10.2905 125.2699 14.7378
v  -9.9777 125.2697 17.7565
v  -8.3305 125.2695 16.6228
v  -7.7085 152.3907 6.7335
v  -9.4244 151.8043 4.8214
v  -9.1103 152.6991 8.0364
v  -10.5238 152.4067 6.1761
v  -8.0726 152.1275 6.7946
v  -9.1040 152.5371 7.8372
v  -10.1621 152.2550 6.2944
v  -10.0332 120.6086 16.0891
v  -9.4297 151.5493 5.1632
v  -6.9650 -0.0028 18.3810
v  -9.8073 3.2224 18.9309
v  -9.8400 -0.0029 19.8801
v  -7.7450 3.2080 17.8196
v  -6.4310 3.0796 12.5381
v  -10.0700 4.4480 13.4171
v  -6.7801 7.0208 4.1884
v  -10.0921 8.2211 5.8505
v  -10.5601 12.8774 4.6684
v  -13.5045 11.8167 2.5529
v  -15.0792 44.7609 4.8019
v  -16.4950 33.9256 0.0048
v  -15.9223 43.5623 0.7373
v  -14.5335 42.7287 -3.5624
v  13.1723 -0.0049 18.6559
v  9.8069 3.2205 18.9272
v  9.8394 -0.0048 19.8763
v  12.6349 3.2083 18.0456
v  14.6823 -0.0040 13.1720
v  14.2261 3.3066 13.3416
v  15.5641 -0.0031 8.2128
v  13.4055 7.0732 3.7830
v  14.7353 3.2146 0.6075
v  12.5465 9.3003 -1.8326
v  13.6151 3.8959 -3.1272
v  9.8402 4.0159 -5.1513
v  9.7380 0.0001 -5.4624
v  6.1130 0.0000 -3.0472
v  -13.1734 -0.0023 18.6610
v  -12.6356 3.2107 18.0504
v  -14.2286 3.3094 13.3470
v  -13.4110 7.0758 3.7882
v  -15.5692 -0.0001 8.2187
v  -14.7428 3.2175 0.6131
v  -14.5606 0.0010 2.3102
v  -13.5202 0.0020 -3.5486
v  -7.0999 11.8108 2.9250
v  -5.9292 44.7346 5.2482
v  -10.7775 45.8491 7.3939
v  -7.0798 17.4820 -1.8418
v  -7.4047 9.2925 -1.7765
v  -10.0664 8.7774 -3.7948
v  -9.8498 4.0178 -5.1476
v  -12.5537 9.3027 -1.8278
v  -13.6239 3.8986 -3.1220
v  6.9638 -0.0042 18.3784
v  7.7442 3.2065 17.8167
v  10.0677 4.4460 13.4133
v  6.4281 3.0784 12.5357
v  6.7748 7.0194 4.1858
v  4.8856 -0.0021 8.2676
v  5.7162 3.2155 0.6092
v  6.1318 -0.0013 3.7311
v  -5.7237 3.2166 0.6114
v  -6.3664 3.8979 -3.1234
v  -6.1225 0.0012 -3.0449
v  -9.7484 0.0020 -5.4587
v  13.4994 11.8141 2.5475
v  13.7772 17.4919 -1.9093
v  10.2377 17.6985 -3.7126
v  10.1433 31.4839 -6.6011
v  5.7444 32.2125 -4.5480
v  6.6692 42.7147 -3.5021
v  5.3939 43.3162 0.0432
v  10.0877 8.2192 5.8467
v  10.5561 12.8753 4.6643
v  15.0813 44.7584 4.7929
v  10.7809 45.8475 7.3865
v  -4.7501 32.6632 0.2555
v  -5.3939 43.3173 0.0453
v  -5.7483 32.2161 -4.3022
v  -10.2440 17.7005 -3.7086
v  7.2369 11.8094 2.9223
v  7.3975 9.2910 -1.7793
v  7.0742 17.4806 -1.8445
v  9.8044 9.1096 -3.7904
v  -6.6707 42.7160 -3.4995
v  -10.1482 31.4859 -6.5972
v  -13.7829 17.4946 -1.9040
v  10.3450 42.4982 -5.5358
v  15.1539 32.2252 -4.6239
v  14.5320 42.7258 -3.5680
v  16.4932 33.9224 -0.0015
v  15.9226 43.5593 0.7311
v  6.3576 3.8966 -3.1258
v  -10.3473 42.5027 -5.2879
v  -15.1578 32.2306 -4.3744
v  4.7481 32.6622 0.2537
v  5.9314 44.7339 5.2427
v  14.5532 -0.0018 2.3046
v  -6.1386 -0.0001 3.7334
v  -4.8907 -0.0011 8.2694
v  -14.6855 -0.0011 13.1776
v  -5.6709 -0.0019 12.8963
v  5.6676 -0.0030 12.8942
v  13.5106 -0.0006 -3.5538
v  67.9594 142.1828 2.7909
v  52.2340 137.7336 3.4743
v  67.7884 138.7408 2.7904
v  52.6502 142.6635 3.4195
v  68.0489 143.0774 -0.0027
v  54.1324 144.2352 -0.8952
v  53.7854 142.9039 -4.6588
v  48.8145 144.0793 -1.0205
v  49.0119 142.4168 -4.9118
v  45.8265 143.9892 -0.9054
v  45.6949 142.0825 -5.5813
v  43.9272 142.3588 -5.4433
v  43.4937 139.1420 -5.0922
v  47.5249 138.3290 3.0659
v  44.2255 136.3938 0.1208
v  44.4570 136.8758 -2.7944
v  48.4413 136.7691 -0.3222
v  48.7443 137.9041 -4.6146
v  52.7641 136.3328 -0.1033
v  52.9346 137.6871 -4.3985
v  67.8786 139.0311 -3.3758
v  68.0139 142.1010 -3.0995
v  71.8215 140.3690 2.9506
v  71.6689 138.7771 2.8012
v  72.0371 142.0321 2.5519
v  72.0129 142.9581 -0.0695
v  72.0413 142.0863 -3.0126
v  71.8496 140.3001 -3.4870
v  74.0408 139.9635 -3.6377
v  75.8841 138.1523 -3.2812
v  67.8223 138.1185 -0.0032
v  71.7078 138.0012 -0.0705
v  71.9025 138.8041 -2.9971
v  74.7626 142.0165 -3.0696
v  81.2914 141.7638 -4.0258
v  82.0598 142.3061 -2.5329
v  75.1575 142.9576 -0.0517
v  82.3283 142.3576 -0.3622
v  82.2622 142.2167 1.7369
v  45.2205 139.3145 -5.3176
v  73.7272 139.2675 3.6921
v  74.6482 141.9890 2.6945
v  75.7599 138.1899 4.7493
v  77.9277 139.4963 4.3926
v  47.6240 142.4092 2.8641
v  81.6753 141.8371 3.6342
v  2.1775 119.1029 -14.3733
v  1.7262 108.1821 -16.5975
v  3.2294 119.1799 -16.3182
v  1.0821 108.0069 -15.2662
v  0.0119 119.5906 -13.4237
v  -1.2802 108.0072 -15.2662
v  -2.2647 119.1035 -14.3735
v  -1.8604 108.1825 -16.5976
v  -3.3164 119.1807 -16.3185
v  -2.3459 119.8905 -18.6372
v  1.2961 103.0482 -17.5608
v  1.0636 108.3575 -17.9288
v  -1.2196 108.3577 -17.9289
v  -1.4953 103.0486 -17.5608
v  -1.4184 102.8263 -15.6652
v  -2.8352 131.3246 -18.2303
v  0.0098 136.0702 -19.3186
v  0.0093 131.5648 -19.1092
v  -5.1692 135.6245 -18.0250
v  -3.8727 130.6521 -15.3428
v  -4.7102 133.8820 -11.5934
v  -2.6788 130.2338 -13.2029
v  0.0092 130.2554 -12.5711
v  0.0124 120.1105 -19.0765
v  2.2593 119.8899 -18.6369
v  2.8537 131.3239 -18.2303
v  3.8911 130.6511 -15.3428
v  4.7313 133.8813 -11.5924
v  5.1919 135.6236 -18.0239
v  2.6971 130.2332 -13.2030
v  2.0787 102.0463 -18.1432
v  1.2973 100.5909 -15.6792
v  1.3788 100.8838 -17.7312
v  1.9586 101.6148 -15.1202
v  1.2192 102.8260 -15.6652
v  -2.2781 102.0468 -18.1433
v  -1.5785 100.8841 -17.7312
v  -2.1581 101.6153 -15.1202
v  -1.4971 100.5912 -15.6792
v  0.0106 134.2010 -11.1803
v  -0.1004 95.9888 -16.9638
v  -24.8953 68.8983 -2.8776
v  -27.5625 53.4715 -2.1777
v  -33.1490 28.8259 -2.2932
v  -40.1723 0.0041 -2.9352
v  -34.9479 28.7921 -0.5187
v  -42.2491 0.0042 -0.4311
v  -28.4032 53.4585 -1.3630
v  -22.1444 79.2798 -4.9989
v  -14.3774 79.9927 -12.5175
v  -15.1468 84.8253 -10.7115
v  -15.6944 84.1623 -11.8065
v  -39.8848 0.0023 11.0735
v  -32.3475 -0.0004 22.2192
v  -29.1003 -0.0008 23.0711
v  16.3691 78.4178 12.4705
v  7.9001 78.3031 16.1166
v  -27.9005 -0.0015 26.5113
v  82.6903 139.7781 1.6282
v  83.2307 142.1104 1.6849
v  86.4761 141.6250 1.3751
v  86.0645 139.4878 1.4044
v  86.9479 141.3039 1.3395
v  87.9525 138.7330 1.2756
v  88.9312 140.0924 1.2123
v  89.2997 137.6580 1.1691
v  90.6148 138.2605 1.2142
v  90.4251 137.6130 0.5982
v  90.5100 138.3315 0.0227
v  89.2306 137.7429 0.1301
v  87.9029 138.8137 0.0252
v  83.3122 142.2082 -0.2502
v  86.4110 141.6140 -0.0929
v  86.8762 141.3170 -0.0620
v  86.0344 139.5641 -0.0574
v  88.8926 140.1396 0.0016
v  82.6832 139.9928 -0.3250
v  83.2683 142.1666 -0.4674
v  85.3354 139.6437 -0.5301
v  85.8260 141.4127 -0.6143
v  86.3053 141.0300 -0.5981
v  86.3022 140.8582 -2.0629
v  87.9796 139.8493 -1.8980
v  85.3094 139.4766 -1.8945
v  86.9387 138.7588 -1.8097
v  82.3634 139.7885 -2.1088
v  83.0353 142.0835 -2.4095
v  82.8450 141.9507 -2.6532
v  84.1739 139.5775 -2.2497
v  84.8104 140.7617 -2.6666
v  86.5736 139.6357 -2.5144
v  84.7869 140.2711 -3.7670
v  86.4153 139.1465 -3.5357
v  84.0754 139.1300 -3.6567
v  85.3416 138.4739 -3.2174
v  75.6408 136.2805 4.2716
v  73.3571 137.4364 3.1199
v  78.2600 137.6381 5.5719
v  79.5084 138.5614 5.0137
v  80.2301 139.1428 4.0319
v  80.7863 138.5202 3.4470
v  82.1075 139.2876 3.3282
v  86.9423 138.8824 -0.5742
v  88.0141 139.9306 -0.6315
v  88.0079 137.8008 -0.6397
v  89.3589 138.3768 -0.6367
v  89.1129 137.6046 -1.2206
v  89.4000 138.2489 -1.7282
v  88.0268 137.7208 -1.7255
v  85.3790 139.1764 3.1897
v  82.0610 140.4334 3.7557
v  85.7722 140.8616 3.4771
v  86.2301 140.5620 3.4295
v  86.4417 140.7760 1.8293
v  88.0385 139.7403 1.8632
v  85.4235 139.3884 1.5855
v  87.0293 138.6282 1.6639
v  85.8097 141.2191 -2.1049
v  89.5533 138.0289 1.8933
v  89.1803 137.0870 2.2983
v  88.0951 137.5476 1.7766
v  89.5145 137.8681 2.9574
v  88.0331 139.4990 3.1700
v  73.6539 137.6029 -0.0139
v  77.3353 136.5305 1.4907
v  79.8007 138.7387 0.3580
v  79.4907 137.0734 2.5500
v  80.6660 137.3595 3.6468
v  86.3152 137.4834 -2.9690
v  87.4655 137.6159 -3.1511
v  87.6481 137.8267 -2.1887
v  87.3229 137.2101 -2.5860
v  86.4112 137.7106 -2.0100
v  81.5301 139.4795 -3.6799
v  82.4751 141.7336 3.6562
v  83.0156 142.0886 1.8519
v  85.9638 141.1482 1.8194
v  81.4895 137.6307 5.3579
v  81.2977 136.1215 5.9872
v  78.1518 136.3288 5.3783
v  82.1478 141.4734 -3.9631
v  82.9075 137.3484 5.2529
v  83.5988 136.6217 4.2722
v  81.7469 136.9633 4.0314
v  84.2031 137.0105 5.2493
v  84.1256 135.9495 5.6734
v  84.4462 136.2466 4.8521
v  82.7824 135.9876 5.7548
v  81.7511 135.6516 4.5130
v  83.4788 135.5975 4.4873
v  17.4260 68.7518 13.3356
v  79.0465 135.6903 3.8739
v  85.4387 138.8113 -2.1871
v  88.1147 137.3867 2.7249
v  87.0170 138.4417 2.9402
v  3.6730 139.8662 11.0914
v  3.6881 137.2442 11.9610
v  6.4931 138.3688 11.0898
v  2.1211 136.8342 12.5899
v  1.8055 138.4354 12.2072
v  0.0102 137.0469 13.1864
v  0.0104 140.3424 11.5763
v  -1.7850 138.4357 12.2075
v  -2.7771 142.0526 10.0539
v  -3.6524 139.8669 11.0921
v  -4.0513 141.7988 10.0723
v  -5.8754 140.0377 10.7057
v  -5.2343 142.3622 9.4312
v  -9.2674 142.2562 8.2762
v  3.1394 105.0932 15.3514
v  6.9290 108.4297 13.1381
v  0.0080 106.3663 15.1682
v  3.4076 101.1990 15.7490
v  0.0077 101.2634 16.0355
v  0.0072 95.4685 15.8744
v  -3.3922 101.1995 15.7494
v  -4.0976 98.0513 15.0466
v  -6.3942 100.5920 14.2555
v  -9.2901 105.6992 12.2252
v  -6.9120 108.4307 13.1390
v  -3.1235 105.0937 15.3518
v  -2.7248 142.4551 9.7645
v  -1.7940 143.2781 9.0227
v  0.0105 143.3638 9.6067
v  0.0105 143.8759 9.0573
v  1.8148 143.2778 9.0223
v  -9.3002 78.4367 17.0269
v  0.0077 87.8309 17.7766
v  -9.2361 94.0959 14.6027
v  0.0072 78.3615 19.7163
v  0.0065 68.4671 21.6283
v  9.3135 78.4350 17.0234
v  9.7036 68.2533 18.7883
v  4.7905 95.4504 15.0786
v  9.0497 98.1065 14.5590
v  6.2522 98.1770 14.4568
v  9.4081 94.8197 15.3739
v  9.1539 93.9143 14.6595
v  12.3141 95.8147 12.2300
v  -12.6250 95.8171 12.2348
v  -9.0394 98.1082 14.5625
v  -10.6080 98.3904 12.9202
v  -9.3981 94.8215 15.3776
v  -9.1445 93.9160 14.6630
v  -4.7805 95.4513 15.0805
v  4.0737 141.8106 10.0778
v  2.7978 142.0521 10.0533
v  5.9066 140.0580 10.7005
v  9.0782 140.9128 9.0900
v  -9.6916 68.2552 18.7920
v  0.0055 50.6440 25.2463
v  -10.1463 49.9879 22.3985
v  -10.7589 30.8191 26.7592
v  2.7456 142.4546 9.7639
v  1.9265 136.1044 13.1274
v  0.0100 132.6577 14.9691
v  -1.9063 136.1048 12.9351
v  -7.5443 104.8260 13.3058
v  -6.2419 98.1782 14.4592
v  7.6313 104.8249 13.3048
v  10.6176 98.3884 12.9161
v  4.1123 98.0507 15.0461
v  6.4093 100.5910 14.2547
v  9.3461 105.7604 12.2691
v  2.7128 123.5005 14.4233
v  -2.6950 120.8957 14.6152
v  2.7126 120.8951 14.6147
v  -2.6948 123.5010 14.4238
v  9.2857 142.2929 8.2681
v  5.2533 142.3797 9.4272
v  -7.7323 107.7280 12.9242
v  -7.6721 106.4558 12.9161
v  -7.0220 107.0058 13.1961
v  -8.4024 107.1380 12.5943
v  7.7453 107.7220 12.9203
v  7.6848 106.4557 12.9110
v  8.4179 107.1316 12.5957
v  7.0419 107.0015 13.1978
v  8.2546 140.9235 9.8158
v  8.7476 139.0143 11.1422
v  9.8121 138.9501 9.8711
v  7.0817 138.7822 10.8032
v  -9.0526 140.8773 9.0981
v  -6.4536 138.3459 11.0959
v  10.1561 49.9860 22.3947
v  10.7668 30.8170 26.7551
v  0.0034 14.4501 32.0619
v  9.2514 94.0941 14.5992
v  -3.6678 137.5645 11.9617
v  -2.1009 136.8346 12.5903
v  -8.2287 140.8919 9.8231
v  -8.6878 138.9801 11.1516
v  -7.0469 138.7565 10.8096
v  -9.7793 138.9112 9.8802
v  2.2289 158.4306 10.7525
v  2.3491 157.7768 10.6728
v  0.9006 158.4282 13.0473
v  2.8124 157.6910 11.1136
v  2.8125 158.5809 11.4302
v  1.4389 156.9420 12.6510
v  1.4390 158.3345 13.4881
v  0.0108 156.6779 13.3487
v  0.0100 158.2495 13.9070
v  -1.4189 156.9396 12.6502
v  -1.4188 158.3059 13.2087
v  -2.7920 157.7150 11.0841
v  -2.7919 158.5816 11.1505
v  -2.3285 157.7774 10.6724
v  -2.2082 158.4312 10.7521
v  -1.1508 157.0516 12.3382
v  -0.8803 158.3994 12.8246
v  0.0108 156.7664 13.0207
v  0.0101 158.4364 13.2469
v  1.1709 157.0513 12.3384
v  -9.2233 173.0802 11.6470
v  -7.9129 177.9004 13.3852
v  -9.6453 175.6379 10.7528
v  -7.1335 173.9641 14.4380
v  -6.7149 172.1213 14.6703
v  -5.2999 175.1426 15.5839
v  -2.5572 173.0637 16.7709
v  -3.6994 175.9433 16.2494
v  -2.6696 175.5170 16.6556
v  2.5805 173.0630 16.7713
v  3.7236 175.9423 16.2501
v  2.6936 175.5164 16.6561
v  5.3240 175.1413 15.5849
v  6.7384 172.1195 14.6715
v  7.1575 173.9623 14.4393
v  9.2476 173.0778 11.6487
v  7.9381 177.8984 13.3866
v  9.6704 175.6354 10.7546
v  10.5565 147.1024 -3.2005
v  13.8635 145.6066 -3.8473
v  11.6885 145.5524 -5.1655
v  15.2096 145.8903 0.2569
v  10.0977 147.8690 1.2689
v  15.2106 144.8261 3.4363
v  10.2977 146.4882 4.5665
v  10.8890 144.1278 6.2698
v  -6.6617 179.6284 -6.3962
v  -5.2010 174.5428 -9.5012
v  -7.0957 176.2345 -7.7385
v  -3.3240 178.0557 -9.1302
v  -0.8693 180.2137 -9.2314
v  0.0135 175.7142 -11.4495
v  0.0145 179.8128 -9.7085
v  0.8985 180.2135 -9.2313
v  3.3520 178.0549 -9.1295
v  6.6904 179.6268 -6.3950
v  5.2297 174.5414 -9.5002
v  7.1244 176.2327 -7.7372
v  1.2040 182.0126 -7.4577
v  4.4113 181.8264 -5.0322
v  2.9556 182.7312 -4.4243
v  0.0148 182.3509 -7.2820
v  0.0146 183.0932 -4.2897
v  -2.9265 182.7320 -4.4248
v  -7.1651 168.8779 12.8748
v  -5.9349 168.9044 14.1896
v  -8.3303 170.8538 12.2475
v  -9.5428 172.5062 10.2672
v  9.5672 172.5037 10.2690
v  8.3540 170.8517 12.2491
v  7.1881 168.8761 12.8761
v  5.9577 168.9028 14.1907
v  -9.8366 167.9689 6.5867
v  -11.3002 168.4900 3.3893
v  -9.9838 166.9542 4.2527
v  -11.3063 169.8734 5.3848
v  -11.0857 170.7897 6.8667
v  -11.8082 172.2714 4.4515
v  -10.9987 173.7240 6.1922
v  -9.9086 170.5408 7.8794
v  -10.2328 171.4203 8.9145
v  -10.5309 173.1763 8.0916
v  -9.4094 169.7403 9.7269
v  -8.9457 168.9045 8.7242
v  -8.0660 168.0660 10.5971
v  -8.8191 170.7000 10.8523
v  -9.4959 172.3162 10.0701
v  -3.7977 168.7681 15.7809
v  -1.7122 168.2487 16.5535
v  0.0116 172.7792 17.3597
v  9.4332 169.7379 9.7287
v  8.8429 170.6977 10.8539
v  8.0892 168.0639 10.5986
v  10.2572 171.4176 8.9164
v  9.9330 170.5383 7.8812
v  10.5559 173.1736 8.0935
v  2.0119 177.7925 16.6894
v  1.7343 168.2483 16.5538
v  3.8201 168.7671 15.7816
v  11.3225 168.4871 3.3915
v  9.8615 167.9664 6.5894
v  10.0065 166.9517 4.2554
v  11.3307 169.8705 5.3865
v  11.5891 169.5701 2.8001
v  11.8324 172.2684 4.4525
v  -1.2446 181.1619 -8.2814
v  -1.1745 182.0129 -7.4579
v  -4.3823 181.8275 -5.0330
v  14.7654 143.5375 4.8784
v  11.5043 141.8323 6.6874
v  -15.2092 144.7573 3.4501
v  -10.3039 146.4436 4.5752
v  -10.1140 147.8250 1.2772
v  -10.8820 144.0806 6.2794
v  -14.7562 143.4711 4.8919
v  -3.3125 172.8511 -10.0980
v  0.0090 169.4071 -10.6766
v  2.6368 177.3738 16.3386
v  3.3525 176.4352 16.2015
v  3.3705 178.5492 15.9634
v  -10.1986 171.6866 8.0059
v  -9.0450 168.9273 8.4255
v  11.1116 170.7868 6.8683
v  11.0247 173.7211 6.1938
v  -2.6123 177.3745 16.3381
v  -3.3281 176.4361 16.2009
v  -1.9873 177.7930 16.6890
v  0.0108 166.6476 16.8841
v  1.0302 166.9052 16.4816
v  -1.0084 166.9055 16.4814
v  -11.4854 141.7821 6.6962
v  -13.1661 141.4208 5.7950
v  9.5204 172.3138 10.0719
v  8.9695 168.9022 8.7258
v  10.2257 171.6839 8.0082
v  9.0717 168.9249 8.4286
v  -8.7517 170.4245 10.5986
v  1.2740 181.1616 -8.2811
v  3.3348 172.8502 -10.0974
v  8.7755 170.4222 10.6002
v  11.7973 157.8238 3.8310
v  8.5491 162.3795 1.5623
v  9.5032 157.5032 1.6818
v  9.7594 162.9532 4.0830
v  -8.5563 162.3817 1.5566
v  -11.8007 157.8269 3.8326
v  -9.5141 157.5056 1.6783
v  -9.7608 162.9557 4.0800
v  -11.5670 169.5731 2.7986
v  -13.8738 145.5435 -3.8349
v  -10.5734 147.0556 -3.1916
v  -11.6998 145.4998 -5.1553
v  -15.2165 145.8211 0.2706
v  10.3315 110.6393 10.9414
v  12.1519 107.2441 11.5089
v  11.3617 109.6618 10.0967
v  10.2424 109.4607 11.3379
v  -12.1365 107.2461 11.5106
v  -10.3156 110.6410 10.9429
v  -11.3461 109.6636 10.0983
v  -10.2266 109.4623 11.3393
v  1.8395 132.7898 -18.6503
v  6.6289 128.1880 -18.4213
v  3.0279 128.8816 -18.2258
v  5.3592 130.8442 -18.1419
v  -5.4103 133.0420 -18.9964
v  -1.9879 133.3033 -18.7082
v  -7.7917 130.6312 -20.7064
v  -5.3438 130.8423 -18.1406
v  -1.8227 132.7905 -18.6530
v  -6.6111 128.1908 -18.4200
v  -3.0099 128.8823 -18.2258
v  3.8512 130.5417 -19.0963
v  2.0070 133.3028 -18.7082
v  7.8100 130.6294 -20.7064
v  5.4292 133.0407 -18.9964
v  -3.8328 130.5426 -19.0962
v  -3.3456 178.5501 15.9628
v  0.0097 155.3772 12.6589
v  -1.8428 156.9344 11.9185
v  -1.8598 155.4357 11.4202
v  0.0099 156.7403 12.8963
v  1.8784 155.4248 11.2656
v  1.8605 156.9433 11.9716
v  2.6815 155.7778 9.2380
v  2.4878 156.8010 10.6689
v  2.0451 155.8799 9.1202
v  1.8817 156.9555 10.0281
v  1.3170 155.7423 11.3869
v  1.2195 157.1176 11.7215
v  0.0099 155.5887 12.0063
v  0.0100 156.8692 12.4199
v  -1.2974 155.8287 11.5260
v  -1.1987 157.1289 11.7299
v  -2.0252 155.8831 9.1637
v  -1.8653 156.9949 10.0740
v  -2.6642 156.0341 9.3985
v  -2.4654 157.1168 10.5467
v  -13.4848 147.4443 4.9977
v  -16.5696 152.6059 4.4571
v  -15.4941 146.0949 7.5084
v  -15.6414 153.4947 0.6581
v  -12.3211 148.0792 0.8640
v  -12.6622 147.9768 -3.3830
v  -8.2833 141.7175 -3.2665
v  -14.0837 146.6527 -6.4879
v  -8.9732 139.8176 -5.7384
v  -15.4752 145.2849 -7.4510
v  -9.5722 136.9475 -6.6317
v  -14.1752 137.6928 -8.1221
v  -20.7664 145.9027 8.0444
v  -21.4149 143.9937 7.5177
v  -20.9472 142.9725 8.2162
v  -22.6278 145.6933 6.0961
v  -21.1203 146.9333 7.1361
v  -21.3804 149.0852 4.0559
v  -18.9998 150.5175 4.2737
v  -18.7205 151.3623 0.4199
v  -16.6007 152.3498 0.5811
v  -18.2354 151.0048 -3.4260
v  -16.6641 152.0308 -2.8948
v  -17.3511 150.6897 -5.0375
v  19.2283 146.7930 -7.6072
v  20.0005 145.1622 -6.9143
v  19.4647 144.1362 -7.5338
v  21.2081 146.5356 -5.7354
v  19.7893 147.9419 -6.6016
v  20.6407 149.5670 -3.5812
v  18.2533 151.0037 -3.4325
v  18.7391 151.3624 0.4132
v  16.6193 152.3499 0.5744
v  19.0192 150.5186 4.2672
v  17.3671 151.5960 3.9847
v  18.4651 149.9936 5.9795
v  19.6917 148.6691 7.9997
v  19.8603 148.1268 7.4854
v  18.3384 150.7734 6.9329
v  16.5890 152.6071 4.4504
v  15.6600 153.4948 0.6514
v  13.4713 147.4663 4.9846
v  12.3004 148.0953 0.8521
v  9.4652 142.4307 5.4843
v  8.2878 142.8638 1.1466
v  -12.3639 138.7572 9.5412
v  -15.8226 136.1991 10.0658
v  -11.8796 135.3315 9.9582
v  -17.1230 144.2361 8.9814
v  -18.3185 150.7715 6.9393
v  -17.3477 151.5949 3.9912
v  25.2995 139.4629 6.3694
v  20.3775 139.9820 8.5173
v  18.7035 137.8480 9.3905
v  21.4349 143.9958 7.5126
v  26.4046 142.8526 6.0963
v  22.6475 145.6950 6.0903
v  27.5015 145.9394 2.9167
v  23.5492 147.3559 3.3446
v  23.6834 148.0898 0.0772
v  14.1922 137.6904 -8.1240
v  18.8014 141.4858 -7.8300
v  16.6365 138.8525 -8.0057
v  17.0805 143.3615 -8.0810
v  15.4598 145.3158 -7.4659
v  18.1826 149.6236 -7.1704
v  17.0564 151.5854 -5.9555
v  17.3686 150.6881 -5.0438
v  16.6821 152.0298 -2.9014
v  -23.2197 139.5371 -6.9586
v  -18.7984 141.4385 -7.8120
v  -16.6195 138.8548 -8.0029
v  -19.9832 145.1643 -6.9091
v  -25.1556 143.6346 -6.2799
v  -21.1906 146.5374 -5.7296
v  -26.8409 146.2773 -3.3273
v  -22.7244 147.8195 -3.1547
v  -23.6648 148.0899 0.0840
v  -10.9971 141.3952 7.9689
v  -9.4536 142.4282 5.4930
v  -8.2827 142.8674 1.1542
v  22.7424 147.8185 -3.1612
v  21.2527 149.8598 0.2200
v  21.3997 149.0863 4.0493
v  8.2896 141.7135 -3.2741
v  12.6389 147.9942 -3.5881
v  15.8245 153.0913 -3.2353
v  -23.5300 147.3550 3.3512
v  -21.2341 149.8598 0.2268
v  -20.6229 149.5682 -3.5746
v  -19.7720 147.9439 -6.5956
v  -18.1654 149.6257 -7.1643
v  -18.4270 149.0258 -6.7451
v  -17.0390 151.5872 -5.9491
v  -15.8066 153.0923 -3.2286
v  15.8431 136.2019 10.0640
v  12.3974 138.7742 9.5297
v  11.9001 135.3343 9.9573
v  17.1291 144.2763 8.9648
v  19.1226 142.2167 9.0986
v  20.7865 145.9049 8.0388
v  -19.2112 146.7953 -7.6017
v  -20.3573 139.9796 8.5210
v  -25.2798 139.4611 6.3739
v  -26.3849 142.8510 6.1021
v  -29.6613 140.9351 5.1875
v  -32.5082 144.0143 4.2333
v  26.8588 146.2762 -3.3341
v  31.5489 144.1613 -5.4831
v  25.1730 143.6327 -6.2856
v  33.5400 146.0491 -3.1823
v  27.4391 146.8667 -0.2208
v  34.2828 146.6328 -0.8903
v  34.0026 145.7561 1.4686
v  23.2369 139.5350 -6.9628
v  28.4645 141.8255 -6.2144
v  -27.4824 145.9387 2.9236
v  -33.9838 145.7558 1.4766
v  -27.4205 146.8668 -0.2137
v  -34.2644 146.6331 -0.8820
v  -33.5220 146.0501 -3.1742
v  18.4442 149.0238 -6.7511
v  -19.6716 148.6668 8.0059
v  -19.1023 142.2142 9.1028
v  15.4896 146.1270 7.4934
v  11.0162 141.4054 7.9587
v  -18.4454 149.9920 5.9857
v  -19.8404 148.1247 7.4914
v  -17.0635 143.3640 -8.0768
v  21.1402 146.9353 7.1302
v  -36.4711 139.8653 -0.3825
v  -19.4476 144.1384 -7.5291
v  14.0626 146.6769 -6.5016
v  8.9863 139.8169 -5.7465
v  -18.6832 137.8454 9.3933
v  36.4896 139.8651 -0.3893
v  29.6809 140.9365 5.1817
v  32.5276 144.0154 4.2260
v  20.9673 142.9748 8.2115
v  9.5985 136.9497 -6.6403
v  -31.5314 144.1629 -5.4759
v  -28.4472 141.8274 -6.2085
v  5.4895 164.5779 12.7775
v  6.9156 164.1505 10.8835
v  6.9805 165.6926 11.1074
v  5.4633 163.7188 12.5239
v  4.3244 164.4970 13.5312
v  4.2855 163.5729 13.2811
v  3.1078 163.6461 13.6261
v  3.2206 162.2432 13.7673
v  1.9700 163.8053 13.8284
v  3.1594 164.4161 13.8097
v  3.2110 165.1509 13.9549
v  4.3633 165.3136 13.6580
v  4.4410 166.2222 14.1735
v  5.5157 165.4763 12.8859
v  5.5679 166.3738 13.4806
v  7.1503 166.5493 11.2718
v  6.9552 162.7870 10.8926
v  5.5230 162.3447 12.6010
v  4.3718 162.2939 13.1841
v  2.3213 165.6700 14.3779
v  3.3141 166.0706 14.4955
v  -5.4744 164.5793 12.7765
v  -6.9648 165.6944 11.1061
v  -6.9002 164.1523 10.8822
v  -5.5004 165.4777 12.8848
v  -4.3092 164.4960 13.5212
v  -4.3477 165.3104 13.6388
v  -3.1440 164.4126 13.7907
v  -3.1949 165.1430 13.9176
v  -1.9552 163.8058 13.8281
v  -2.3062 165.6706 14.3775
v  -5.4484 163.7202 12.5229
v  -4.2708 163.5741 13.2803
v  -3.0931 163.6469 13.6255
v  -3.2062 162.2440 13.7667
v  -7.1344 166.5484 11.2705
v  -5.5525 166.3752 13.4796
v  -4.4247 166.2146 14.1360
v  -3.2969 166.0539 14.4215
v  -6.9402 162.7888 10.8913
v  -5.5084 162.3461 12.6000
v  -4.3573 162.2951 13.1833
v  -10.7082 165.3900 -3.2224
v  -11.9465 161.1268 0.7295
v  -11.3228 159.3359 -4.5195
v  -8.3542 164.4633 -7.5489
v  -8.5434 158.1250 -9.4145
v  -4.6083 163.9874 -10.5000
v  -4.6627 157.8665 -12.3177
v  0.0094 163.8136 -11.3323
v  0.0078 157.6332 -13.0351
v  14.8012 147.2491 -5.9510
v  10.3173 141.0903 -6.6652
v  13.1771 141.8404 -9.7350
v  10.9670 145.3113 -3.6708
v  13.5732 152.7029 -2.0563
v  9.8613 149.5039 -1.1027
v  8.1001 156.5170 1.5777
v  4.1564 146.6772 -6.6871
v  4.8682 157.0167 0.1744
v  2.2396 153.8299 -2.3393
v  11.9652 161.1359 0.7272
v  10.7241 165.3882 -3.2169
v  11.3388 159.3346 -4.5181
v  12.2595 152.5525 -6.4069
v  9.7485 145.0883 -14.5353
v  8.5591 158.1249 -9.4136
v  4.6272 163.9863 -10.4991
v  8.3728 164.4612 -7.5472
v  4.6770 157.9120 -12.3178
v  8.9021 151.2747 -12.4016
v  4.9029 150.8679 -15.5316
v  5.4324 144.3888 -18.5549
v  0.0050 150.8349 -16.1852
v  0.0125 143.9308 -19.3044
v  -10.0331 144.9396 -14.5339
v  -8.8899 151.2800 -12.2020
v  -5.4042 144.3913 -18.5572
v  -12.2477 152.5479 -6.4085
v  -14.7719 147.2283 -5.1170
v  -13.5588 152.7087 -2.0522
v  -10.9312 145.3097 -3.6719
v  -9.8324 149.5142 -1.1007
v  -4.9463 141.2790 -8.3378
v  5.1484 140.8764 -8.5955
v  0.0132 141.0733 -9.0663
v  0.0128 146.6314 -8.0807
v  -4.1319 146.6821 -6.6867
v  -2.2318 153.8305 -2.3392
v  -4.8668 157.0165 0.1805
v  -8.0886 156.5107 1.1679
v  -4.8936 150.8696 -15.5315
v  -8.0395 163.3946 3.1240
v  -5.4586 158.9346 1.1630
v  -9.6563 141.0831 -6.6471
v  -13.1609 141.8351 -9.7101
v  0.0040 154.0377 -3.2621
v  5.4378 158.9218 1.1523
v  8.0577 163.4127 3.1280
v  -10.9741 169.8516 -2.8452
v  -10.5896 167.3634 -3.0350
v  -8.3915 168.5107 -6.9401
v  -8.7323 174.5166 -7.1124
v  -4.4411 170.9351 -9.5191
v  -4.5257 174.3921 -9.6495
v  0.0110 174.3149 -10.6649
v  0.0112 177.9387 -9.4771
v  4.5548 174.3909 -9.6487
v  4.1867 177.9572 -8.6618
v  8.7537 174.5144 -7.1108
v  7.8892 178.7111 -6.2491
v  11.1845 174.9325 -2.7951
v  9.8588 179.2570 -2.2210
v  11.8426 175.4488 1.2998
v  10.1400 179.5128 1.4258
v  9.5086 179.6462 4.9902
v  7.1353 181.5480 6.1939
v  7.7207 180.3627 8.5682
v  5.0696 181.7462 11.0702
v  8.5372 178.6779 9.7332
v  5.3892 179.2259 13.1888
v  8.6982 175.9477 11.1794
v  5.3109 176.3694 14.6167
v  -11.8226 175.4518 1.2976
v  -11.1638 174.9354 -2.7971
v  -9.8336 179.2635 -2.2264
v  -7.8656 178.7203 -6.2469
v  -7.0578 181.0118 -3.7160
v  -3.9439 181.1284 -6.2264
v  -3.8015 182.9106 -3.4781
v  0.0889 183.4716 -3.4351
v  -0.7163 183.8200 -0.3353
v  0.0885 183.3590 -0.1492
v  -1.2424 182.9385 4.1795
v  0.0880 182.4821 4.2011
v  -1.5476 182.3798 7.8182
v  0.0869 181.8986 7.5033
v  -1.7119 182.4647 10.5485
v  0.0106 181.3951 12.0808
v  -1.8762 181.9850 12.0332
v  6.8455 181.9929 3.2117
v  6.7455 182.1990 -0.9306
v  4.2908 182.1814 7.3420
v  4.6802 182.2461 9.8290
v  1.8095 182.4647 10.5482
v  1.8949 181.9849 12.0330
v  1.7235 179.4447 14.1726
v  0.0089 176.6330 15.3018
v  1.5050 176.6044 15.6297
v  -10.8119 175.7289 6.0673
v  -9.4882 179.6485 4.9885
v  -8.5179 178.6801 9.7316
v  -7.7008 180.3647 8.5668
v  -5.0494 181.7482 11.0683
v  -7.1148 181.5510 6.1927
v  -4.5807 182.2483 9.8271
v  -4.1119 182.1837 7.3402
v  3.8378 183.3714 -0.4931
v  3.9761 182.9113 -3.4753
v  3.8419 182.6064 3.9237
v  1.4185 182.9382 4.1798
v  1.7242 182.3798 7.8176
v  10.6071 167.3598 -3.0276
v  8.4114 168.5085 -6.9384
v  4.4620 170.9339 -9.5183
v  0.0103 168.7798 -10.5967
v  -6.7266 182.1956 -0.9401
v  -3.6580 183.3730 -0.4940
v  -6.8261 181.9962 3.2109
v  -3.6630 182.6080 3.9232
v  0.0891 181.5225 -6.6360
v  4.1196 181.1252 -6.2290
v  7.3146 181.0708 -3.8654
v  -8.6798 175.9499 11.1778
v  -5.3704 179.2273 13.1878
v  -5.2931 176.3707 14.6157
v  -1.7048 179.4452 14.1723
v  -1.4874 176.6048 15.6295
v  10.9937 169.8460 -2.8417
v  5.3124 140.0060 -18.8436
v  -7.6252 158.5329 6.2778
v  -8.9023 159.1147 7.7068
v  -10.6988 159.1025 5.6123
v  -9.3241 158.1114 4.1418
v  10.8312 175.7261 6.0693
v  10.8202 172.4653 5.9337
v  -10.1189 179.5154 1.4239
v  -3.6233 180.5648 12.5918
v  10.7148 159.1012 5.6146
v  9.3401 158.1104 4.1440
v  8.9180 159.1140 7.7088
v  7.6410 158.5323 6.2796
v  -4.1643 177.9593 -8.6620
v  0.0123 139.9995 -19.8650
v  0.8935 183.8198 -0.3351
v  -10.8018 172.4681 5.9317
v  -5.2864 140.0076 -18.8452
v  -23.0499 149.1292 0.1450
v  -22.6800 148.5688 -1.1920
v  -23.3392 148.0251 -0.9831
v  -21.9307 149.1755 -0.8581
v  -22.8081 148.4928 1.4620
v  -22.0322 149.1090 1.2082
v  -23.4541 148.0133 1.1731
v  -23.9558 147.9986 0.0764
v  -21.7131 149.5258 0.2112
v  21.7317 149.5258 0.2044
v  23.0685 149.1291 0.1381
v  21.9491 149.1752 -0.8648
v  22.0510 149.1092 1.2015
v  22.8269 148.4931 1.4553
v  23.4729 148.0136 1.1664
v  22.6983 148.5683 -1.1987
v  23.3576 148.0247 -0.9898
v  23.9744 147.9985 0.0696
v  -8.9420 139.0527 9.9768
v  -9.9955 136.1077 11.9499
v  -9.4091 136.0424 11.7609
v  -9.2633 139.1655 9.9631
v  8.6201 139.0677 10.0397
v  8.8300 135.9984 12.5823
v  9.1362 135.9919 11.7847
v  8.4503 139.1637 10.2383
v  8.1254 139.0574 10.1728
v  8.2514 135.9707 12.0578
v  7.2930 138.8517 10.4840
v  7.5533 136.0694 13.0602
v  7.5533 138.9740 10.6184
v  7.0192 136.0070 12.4086
v  -7.7933 138.8531 10.4854
v  -7.5331 136.0708 13.0617
v  -7.5330 138.9755 10.6199
v  -7.9325 136.0084 12.4100
v  -0.3289 95.9064 15.6461
v  0.0071 92.1712 17.5659
v  0.0073 96.0231 16.0979
v  -0.8414 91.7728 16.5742
v  0.3434 95.9063 15.6460
v  0.8554 91.7727 16.5741
v  7.8136 138.8516 10.4839
v  7.9526 136.0069 12.4085
v  -8.1052 139.0589 10.1744
v  -8.8098 136.0001 12.5840
v  -8.2314 135.9723 12.0594
v  -8.4300 139.1653 10.2399
v  -9.3849 139.1099 9.7092
v  -10.1201 136.1599 11.0524
v  8.9622 139.0509 9.9751
v  10.0155 136.1057 11.9480
v  9.2835 139.1637 9.9613
v  9.4291 136.0406 11.7591
v  9.4050 139.1081 9.7074
v  10.1400 136.1579 11.0505
v  -1.4916 176.7701 17.3405
v  -0.7720 174.0719 16.7555
v  -1.2588 174.3117 17.7224
v  -0.9166 176.5198 16.3914
v  0.9318 176.5196 16.3915
v  1.2733 174.3114 17.7227
v  0.7704 173.9368 16.7623
v  1.5067 176.7698 17.3407
v  -8.5999 139.0693 10.0413
v  -9.1162 135.9936 11.7864
v  -7.2727 138.8531 10.4854
v  -6.9991 136.0083 12.4100
v  0.0148 181.7100 -8.6396
v  7.5532 135.2655 13.0014
v  -7.5331 135.2670 13.0028
v  0.0074 175.9069 18.4647
v  0.0078 178.6165 17.4999
v  0.0070 172.7269 18.4392
v  0.0072 95.8313 15.5463
v  0.0078 90.6270 17.1050
v  -10.0027 135.2991 11.7090
v  10.0225 135.2972 11.7071
v  0.0035 103.0477 16.2423
v  0.7937 103.7405 15.6303
v  0.0035 104.4253 15.5004
v  -0.7867 103.7407 15.6304
v  -0.8630 102.0585 15.8974
v  0.8698 102.0583 15.8973
v  0.0033 101.3405 16.0243
v  8.8173 135.2016 12.4406
v  -8.7973 135.2033 12.4422
# 2136 vertices

vt 0.7584 -0.6928 0.0000
vt 0.5608 -0.9150 0.0000
vt 0.7970 -0.8599 0.0000
vt 0.5537 -0.7162 0.0000
vt 0.5522 -0.5986 0.0000
vt 0.3908 -0.6058 0.0000
vt 0.3901 -0.4789 0.0000
vt 0.2295 -0.6131 0.0000
vt 0.2193 -0.5027 0.0000
vt 0.0326 -0.6788 0.0000
vt 0.0759 -0.3857 0.0000
vt 0.2054 -0.3373 0.0000
vt 0.3865 -0.3153 0.0000
vt 0.5609 -0.4552 0.0000
vt 0.7825 -0.4485 0.0000
vt 0.9297 -0.6646 0.0000
vt 0.7969 -0.8599 0.0000
vt 0.3966 -0.7195 0.0000
vt 0.2303 -0.8855 0.0000
vt 0.2395 -0.7074 0.0000
vt 0.9966 -0.1938 0.0000
vt 0.8063 -0.2991 0.0000
vt 0.5676 -0.2934 0.0000
vt 0.2305 -0.8855 0.0000
vt 0.3968 -0.7195 0.0000
vt 0.5609 -0.9150 0.0000
vt 0.2396 -0.7074 0.0000
vt 0.0328 -0.6788 0.0000
vt 0.3867 -0.3153 0.0000
vt 0.5677 -0.2934 0.0000
vt 0.7585 -0.6928 0.0000
vt 0.7971 -0.8599 0.0000
vt 0.5539 -0.7162 0.0000
vt 0.9968 -0.1938 0.0000
vt 0.9299 -0.6646 0.0000
vt 0.8065 -0.2991 0.0000
vt 0.0761 -0.3857 0.0000
vt 0.2056 -0.3373 0.0000
vt 0.2603 -0.9218 0.0000
vt 0.3113 -0.8842 0.0000
vt 0.3169 -0.9272 0.0000
vt 0.2595 -0.8842 0.0000
vt 0.2288 -0.9153 0.0000
vt 0.2271 -0.8844 0.0000
vt 0.1826 -0.9025 0.0000
vt 0.1839 -0.8516 0.0000
vt 0.1647 -0.8945 0.0000
vt 0.1663 -0.8542 0.0000
vt 0.1526 -0.8799 0.0000
vt 0.1487 -0.8568 0.0000
vt 0.1400 -0.8778 0.0000
vt 0.1292 -0.8758 0.0000
vt 0.1271 -0.8878 0.0000
vt 0.1202 -0.8823 0.0000
vt 0.1195 -0.8947 0.0000
vt 0.1110 -0.8826 0.0000
vt 0.1110 -0.8972 0.0000
vt 0.1205 -0.9000 0.0000
vt 0.1287 -0.8937 0.0000
vt 0.1407 -0.8878 0.0000
vt 0.1279 -0.9108 0.0000
vt 0.1550 -0.9188 0.0000
vt 0.1786 -0.9297 0.0000
vt 0.5216 -0.5566 0.0000
vt 0.5159 -0.5821 0.0000
vt 0.5718 -0.5974 0.0000
vt 0.4634 -0.5555 0.0000
vt 0.4705 -0.5798 0.0000
vt 0.5115 -0.6269 0.0000
vt 0.4599 -0.6172 0.0000
vt 0.4952 -0.6660 0.0000
vt 0.4453 -0.6547 0.0000
vt 0.4827 -0.7060 0.0000
vt 0.4354 -0.6885 0.0000
vt 0.4642 -0.7458 0.0000
vt 0.4214 -0.7255 0.0000
vt 0.4263 -0.7714 0.0000
vt 0.4073 -0.7588 0.0000
vt 0.3984 -0.7878 0.0000
vt 0.3958 -0.7426 0.0000
vt 0.3764 -0.7603 0.0000
vt 0.3872 -0.7119 0.0000
vt 0.3643 -0.7090 0.0000
vt 0.3798 -0.6583 0.0000
vt 0.3688 -0.6470 0.0000
vt 0.4102 -0.6273 0.0000
vt 0.3829 -0.6075 0.0000
vt 0.4215 -0.5967 0.0000
vt 0.4141 -0.5732 0.0000
vt 0.4514 -0.7871 0.0000
vt 0.4131 -0.8046 0.0000
vt 0.4379 -0.8188 0.0000
vt 0.4039 -0.8373 0.0000
vt 0.4253 -0.8533 0.0000
vt 0.4255 -0.8701 0.0000
vt 0.4492 -0.8811 0.0000
vt 0.4641 -0.8342 0.0000
vt 0.4275 -0.7714 0.0000
vt 0.4050 -0.6646 0.0000
vt 0.3536 -0.6550 0.0000
vt 0.3486 -0.7087 0.0000
vt 0.1580 -0.7509 0.0000
vt 0.1678 -0.7566 0.0000
vt 0.1821 -0.7507 0.0000
vt 0.1517 -0.7665 0.0000
vt 0.1398 -0.7593 0.0000
vt 0.1219 -0.7820 0.0000
vt 0.1249 -0.7628 0.0000
vt 0.1088 -0.7830 0.0000
vt 0.1100 -0.7662 0.0000
vt 0.1454 -0.7329 0.0000
vt 0.1586 -0.7905 0.0000
vt 0.7600 -0.5046 0.0000
vt 0.7779 -0.4857 0.0000
vt 0.7557 -0.4852 0.0000
vt 0.7793 -0.4957 0.0000
vt 0.7877 -0.5162 0.0000
vt 0.7961 -0.4818 0.0000
vt 0.8093 -0.4659 0.0000
vt 0.7936 -0.4752 0.0000
vt 0.8028 -0.4601 0.0000
vt 0.7874 -0.4624 0.0000
vt 0.8107 -0.4362 0.0000
vt 0.7870 -0.4432 0.0000
vt 0.8088 -0.4292 0.0000
vt 0.7816 -0.4376 0.0000
vt 0.7801 -0.4345 0.0000
vt 0.7612 -0.4443 0.0000
vt 0.1383 -0.8118 0.0000
vt 0.1438 -0.7862 0.0000
vt 0.1641 -0.8187 0.0000
vt 0.1899 -0.8257 0.0000
vt 0.2256 -0.8478 0.0000
vt 0.3464 -0.8801 0.0000
vt 0.1154 -0.8115 0.0000
vt 0.1199 -0.8394 0.0000
vt 0.1088 -0.8105 0.0000
vt 0.1097 -0.8387 0.0000
vt 0.1199 -0.8693 0.0000
vt 0.1355 -0.8588 0.0000
vt 0.8069 -0.4268 0.0000
vt 0.7632 -0.4516 0.0000
vt 0.7718 -0.4593 0.0000
vt 0.7736 -0.4771 0.0000
vt 0.8183 -0.4965 0.0000
vt 0.5906 -0.6420 0.0000
vt 0.5656 -0.6879 0.0000
vt 0.5500 -0.7299 0.0000
vt 0.5062 -0.7628 0.0000
vt 0.4765 -0.8043 0.0000
vt 0.5079 -0.7983 0.0000
vt 0.8316 -0.4644 0.0000
vt 0.8229 -0.4426 0.0000
vt 0.7872 -0.4528 0.0000
vt 0.1110 -0.8690 0.0000
vt 0.2487 -0.6646 0.0000
vt 0.2498 -0.6740 0.0000
vt 0.2909 -0.6982 0.0000
vt 0.1974 -0.6883 0.0000
vt 0.2049 -0.6655 0.0000
vt 0.1403 -0.6990 0.0000
vt 0.1097 -0.6651 0.0000
vt 0.1100 -0.7004 0.0000
vt 0.1100 -0.7447 0.0000
vt 0.4248 -0.6208 0.0000
vt 0.5951 -0.7458 0.0000
vt 0.2596 -0.7021 0.0000
vt 0.2886 -0.7086 0.0000
vt 0.2804 -0.7279 0.0000
vt 0.3065 -0.7151 0.0000
vt 0.3082 -0.7740 0.0000
vt 0.3870 -0.8116 0.0000
vt 0.3807 -0.8292 0.0000
vt 0.3458 -0.9160 0.0000
vt 0.3036 -0.9588 0.0000
vt 0.3390 -0.8350 0.0000
vt 0.3070 -0.8389 0.0000
vt 0.3341 -0.7929 0.0000
vt 0.3058 -0.8028 0.0000
vt 0.3359 -0.7570 0.0000
vt 0.2246 -0.8237 0.0000
vt 0.2533 -0.8143 0.0000
vt 0.2580 -0.8438 0.0000
vt 0.2748 -0.8015 0.0000
vt 0.9890 -0.2812 0.0000
vt 0.9501 -0.2711 0.0000
vt 0.9553 -0.2812 0.0000
vt 0.9949 -0.2711 0.0000
vt 0.9550 -0.2812 0.0000
vt 0.9497 -0.2711 0.0000
vt 0.9552 -0.2812 0.0000
vt 0.9500 -0.2711 0.0000
vt 0.9891 -0.2812 0.0000
vt 0.9952 -0.2711 0.0000
vt 0.9830 -0.2880 0.0000
vt 0.9606 -0.2880 0.0000
vt 0.9604 -0.2880 0.0000
vt 0.9605 -0.2880 0.0000
vt 0.9831 -0.2880 0.0000
vt 0.2219 -0.7120 0.0000
vt 0.1788 -0.7239 0.0000
vt 0.3626 -0.7701 0.0000
vt 0.3565 -0.7838 0.0000
vt 0.3417 -0.7122 0.0000
vt 0.3831 -0.8116 0.0000
vt 0.2943 -0.5706 0.0000
vt 0.2778 -0.5486 0.0000
vt 0.2783 -0.5692 0.0000
vt 0.2932 -0.5529 0.0000
vt 0.3098 -0.5725 0.0000
vt 0.3098 -0.5572 0.0000
vt 0.3098 -0.5483 0.0000
vt 0.2946 -0.5486 0.0000
vt 0.1104 -0.9140 0.0000
vt 0.1110 -0.9032 0.0000
vt 0.8289 -0.4232 0.0000
vt 0.5510 -0.7687 0.0000
vt 0.8427 -0.4838 0.0000
vt 0.8335 -0.4961 0.0000
vt 0.8464 -0.4554 0.0000
vt 0.8456 -0.4368 0.0000
vt 0.9949 -0.2715 0.0000
vt 0.9497 -0.1995 0.0000
vt 0.9497 -0.2715 0.0000
vt 0.9949 -0.1995 0.0000
vt 0.9501 -0.2715 0.0000
vt 0.9501 -0.1995 0.0000
vt 0.1285 -0.9214 0.0000
vt 0.1536 -0.9256 0.0000
vt 0.1537 -0.9263 0.0000
vt 0.1287 -0.9230 0.0000
vt 0.2691 -0.7824 0.0000
vt 0.2993 -0.5783 0.0000
vt 0.2930 -0.5770 0.0000
vt 0.2785 -0.5757 0.0000
vt 0.3114 -0.5487 0.0000
vt 0.3315 -0.5611 0.0000
vt 0.3298 -0.5496 0.0000
vt 0.3120 -0.5744 0.0000
vt 0.3286 -0.5717 0.0000
vt 0.7606 -0.8890 0.0000
vt 0.7783 -0.8890 0.0000
vt 0.7688 -0.8491 0.0000
vt 0.7911 -0.9240 0.0000
vt 0.7531 -0.9240 0.0000
vt 0.8013 -0.9623 0.0000
vt 0.7523 -0.4641 0.0000
vt 0.9884 -0.3175 0.0000
vt 0.9988 -0.3347 0.0000
vt 0.9779 -0.3347 0.0000
vt 0.9988 -0.3004 0.0000
vt 0.9779 -0.3004 0.0000
vt 0.7905 -0.9974 0.0000
vt 0.8315 -0.9974 0.0000
vt 0.7493 -0.9622 0.0000
vt 0.7479 -0.9974 0.0000
vt 0.3362 -0.5496 0.0000
vt 0.3455 -0.5495 0.0000
vt 0.5972 -0.6993 0.0000
vt 0.5295 -0.7835 0.0000
vt 0.9555 -0.2812 0.0000
vt 0.9504 -0.2711 0.0000
vt 0.9892 -0.2812 0.0000
vt 0.9607 -0.2880 0.0000
vt 0.9832 -0.2880 0.0000
vt 0.7688 -0.8492 0.0000
vt 0.3600 -0.8110 0.0000
vt 0.3629 -0.8808 0.0000
vt 0.9952 -0.2715 0.0000
vt 0.9504 -0.1995 0.0000
vt 0.9504 -0.2715 0.0000
vt 0.9952 -0.1995 0.0000
vt 0.9500 -0.2715 0.0000
vt 0.9500 -0.1995 0.0000
vt 0.7439 -0.8170 0.0000
vt 0.7252 -0.8539 0.0000
vt 0.5846 -0.7675 0.0000
vt 0.5646 -0.7526 0.0000
vt 0.3522 -0.3931 0.0000
vt 0.3558 -0.4412 0.0000
vt 0.3517 -0.4412 0.0000
vt 0.3558 -0.3931 0.0000
vt 0.3530 -0.3771 0.0000
vt 0.3563 -0.3771 0.0000
vt 0.3543 -0.3254 0.0000
vt 0.3585 -0.3771 0.0000
vt 0.3962 -0.3250 0.0000
vt 0.4000 -0.3769 0.0000
vt 0.3148 -0.3931 0.0000
vt 0.3138 -0.3771 0.0000
vt 0.2735 -0.3777 0.0000
vt 0.3119 -0.3350 0.0000
vt 0.2694 -0.3367 0.0000
vt 0.3105 -0.2725 0.0000
vt 0.2694 -0.2725 0.0000
vt 0.3139 -0.4413 0.0000
vt 0.3513 -0.4412 0.0000
vt 0.2745 -0.4092 0.0000
vt 0.2694 -0.3777 0.0000
vt 0.3544 -0.2681 0.0000
vt 0.3989 -0.3928 0.0000
vt 0.3604 -0.3930 0.0000
vt 0.3978 -0.4410 0.0000
vt 0.3627 -0.4411 0.0000
vt 0.2754 -0.4407 0.0000
vt 0.2768 -0.5412 0.0000
vt 0.3137 -0.5417 0.0000
vt 0.2753 -0.4407 0.0000
vt 0.2684 -0.5412 0.0000
vt 0.2684 -0.4407 0.0000
vt 0.3932 -0.2671 0.0000
vt 0.4359 -0.5416 0.0000
vt 0.4302 -0.4409 0.0000
vt 0.4288 -0.5412 0.0000
vt 0.4359 -0.4407 0.0000
vt 0.4437 -0.5416 0.0000
vt 0.4407 -0.4406 0.0000
vt 0.4300 -0.3768 0.0000
vt 0.4298 -0.4409 0.0000
vt 0.4330 -0.3767 0.0000
vt 0.4408 -0.4406 0.0000
vt 0.4364 -0.3766 0.0000
vt 0.4344 -0.3250 0.0000
vt 0.5533 -0.3203 0.0000
vt 0.5955 -0.3760 0.0000
vt 0.5941 -0.3167 0.0000
vt 0.5170 -0.3759 0.0000
vt 0.5104 -0.3232 0.0000
vt 0.5130 -0.3759 0.0000
vt 0.5102 -0.3759 0.0000
vt 0.5043 -0.4396 0.0000
vt 0.5124 -0.4396 0.0000
vt 0.5192 -0.4396 0.0000
vt 0.5919 -0.4396 0.0000
vt 0.4698 -0.3249 0.0000
vt 0.5920 -0.4396 0.0000
vt 0.5209 -0.5418 0.0000
vt 0.5893 -0.5399 0.0000
vt 0.5198 -0.4396 0.0000
vt 0.5126 -0.5412 0.0000
vt 0.5129 -0.4396 0.0000
vt 0.5044 -0.5416 0.0000
vt 0.9429 -0.9467 0.0000
vt 0.9372 -0.9473 0.0000
vt 0.9966 -0.9988 0.0000
vt 0.8736 -0.8972 0.0000
vt 0.8788 -0.8954 0.0000
vt 0.8116 -0.8449 0.0000
vt 0.8193 -0.8442 0.0000
vt 0.5942 -0.3167 0.0000
vt 0.5442 -0.2612 0.0000
vt 0.6016 -0.2866 0.0000
vt 0.5956 -0.3760 0.0000
vt 0.6015 -0.4387 0.0000
vt 0.6014 -0.5365 0.0000
vt 0.9812 -0.9930 0.0000
vt 0.9402 -0.8412 0.0000
vt 0.9975 -0.8409 0.0000
vt 0.8755 -0.8416 0.0000
vt 0.5105 -0.2584 0.0000
vt 0.5441 -0.2612 0.0000
vt 0.4896 -0.2290 0.0000
vt 0.6016 -0.3760 0.0000
vt 0.6016 -0.4387 0.0000
vt 0.6015 -0.3760 0.0000
vt 0.6015 -0.2866 0.0000
vt 0.5212 -0.5418 0.0000
vt 0.5041 -0.5416 0.0000
vt 0.4438 -0.5416 0.0000
vt 0.5131 -0.3759 0.0000
vt 0.5103 -0.3759 0.0000
vt 0.4699 -0.3249 0.0000
vt 0.4365 -0.3766 0.0000
vt 0.5048 -0.4396 0.0000
vt 0.3509 -0.4412 0.0000
vt 0.3517 -0.3931 0.0000
vt 0.3138 -0.4413 0.0000
vt 0.2744 -0.4092 0.0000
vt 0.3118 -0.3350 0.0000
vt 0.3977 -0.4410 0.0000
vt 0.3988 -0.3928 0.0000
vt 0.3652 -0.5412 0.0000
vt 0.4013 -0.5417 0.0000
vt 0.3511 -0.5412 0.0000
vt 0.3558 -0.5412 0.0000
vt 0.3142 -0.5417 0.0000
vt 0.3999 -0.3769 0.0000
vt 0.3961 -0.3250 0.0000
vt 0.4478 -0.2642 0.0000
vt 0.3939 -0.2082 0.0000
vt 0.4443 -0.2010 0.0000
vt 0.3529 -0.3771 0.0000
vt 0.3562 -0.3771 0.0000
vt 0.4300 -0.4409 0.0000
vt 0.6574 -0.8895 0.0000
vt 0.6085 -0.9218 0.0000
vt 0.6481 -0.9240 0.0000
vt 0.6177 -0.8755 0.0000
vt 0.6666 -0.8604 0.0000
vt 0.6024 -0.8450 0.0000
vt 0.6335 -0.8364 0.0000
vt 0.5571 -0.8223 0.0000
vt 0.6025 -0.8016 0.0000
vt 0.5496 -0.7899 0.0000
vt 0.5972 -0.7752 0.0000
vt 0.6651 -0.7840 0.0000
vt 0.6818 -0.7964 0.0000
vt 0.7027 -0.8238 0.0000
vt 0.7020 -0.7976 0.0000
vt 0.7112 -0.8890 0.0000
vt 0.7038 -0.9211 0.0000
vt 0.6994 -0.9626 0.0000
vt 0.6429 -0.9617 0.0000
vt 0.6975 -0.9974 0.0000
vt 0.6409 -0.9974 0.0000
vt 0.6023 -0.9587 0.0000
vt 0.5984 -0.9984 0.0000
vt 0.6024 -0.8451 0.0000
vt 0.6177 -0.8756 0.0000
vt 0.5659 -0.8577 0.0000
vt 0.5807 -0.8934 0.0000
vt 0.6651 -0.7839 0.0000
vt 0.9451 -0.3083 0.0000
vt 0.9211 -0.3074 0.0000
vt 0.9296 -0.2803 0.0000
vt 0.9223 -0.3220 0.0000
vt 0.9524 -0.3344 0.0000
vt 0.5571 -0.8224 0.0000
vt 0.6628 -0.7690 0.0000
vt 0.5984 -0.9983 0.0000
vt 0.9452 -0.3083 0.0000
vt 0.2257 -0.7346 0.0000
vt 0.2038 -0.7456 0.0000
vt 0.2255 -0.7404 0.0000
vt 0.1835 -0.7432 0.0000
vt 0.2250 -0.7202 0.0000
vt 0.1807 -0.7272 0.0000
vt 0.1652 -0.0322 0.0000
vt 0.1879 -0.0035 0.0000
vt 0.1879 -0.0409 0.0000
vt 0.1652 -0.0132 0.0000
vt 0.1489 -0.0322 0.0000
vt 0.1489 -0.0057 0.0000
vt 0.1310 -0.0322 0.0000
vt 0.1405 -0.0116 0.0000
vt 0.2554 -0.7208 0.0000
vt 0.2537 -0.7314 0.0000
vt 0.2539 -0.7367 0.0000
vt 0.1652 -0.0605 0.0000
vt 0.1879 -0.0605 0.0000
vt 0.1489 -0.0605 0.0000
vt 0.1310 -0.0605 0.0000
vt 0.2377 -0.6349 0.0000
vt 0.1926 -0.6273 0.0000
vt 0.1926 -0.6349 0.0000
vt 0.2401 -0.6273 0.0000
vt 0.2798 -0.6349 0.0000
vt 0.2798 -0.6273 0.0000
vt 0.2390 -0.6428 0.0000
vt 0.1944 -0.6428 0.0000
vt 0.2798 -0.6429 0.0000
vt 0.2396 -0.6514 0.0000
vt 0.1938 -0.6514 0.0000
vt 0.2798 -0.6514 0.0000
vt 0.2395 -0.6580 0.0000
vt 0.1921 -0.6580 0.0000
vt 0.2798 -0.6580 0.0000
vt 0.1698 -0.6349 0.0000
vt 0.1135 -0.6273 0.0000
vt 0.1130 -0.6349 0.0000
vt 0.1685 -0.6273 0.0000
vt 0.2336 -0.6349 0.0000
vt 0.2325 -0.6273 0.0000
vt 0.1715 -0.6428 0.0000
vt 0.1115 -0.6428 0.0000
vt 0.2349 -0.6428 0.0000
vt 0.1694 -0.6514 0.0000
vt 0.1130 -0.6514 0.0000
vt 0.2326 -0.6514 0.0000
vt 0.1680 -0.6580 0.0000
vt 0.1129 -0.6580 0.0000
vt 0.2320 -0.6580 0.0000
vt 0.0738 -0.6428 0.0000
vt 0.1130 -0.6288 0.0000
vt 0.1130 -0.6428 0.0000
vt 0.1130 -0.6566 0.0000
vt 0.1099 -0.0605 0.0000
vt 0.1099 -0.0391 0.0000
vt 0.1099 -0.0018 0.0000
vt 0.1131 -0.0076 0.0000
vt 0.1297 -0.3644 0.0000
vt 0.1537 -0.3270 0.0000
vt 0.1278 -0.3270 0.0000
vt 0.1481 -0.3649 0.0000
vt 0.1506 -0.4849 0.0000
vt 0.1810 -0.3693 0.0000
vt 0.1792 -0.4849 0.0000
vt 0.2028 -0.4849 0.0000
vt 0.2021 -0.5163 0.0000
vt 0.2217 -0.5163 0.0000
vt 0.2015 -0.5358 0.0000
vt 0.2254 -0.5329 0.0000
vt 0.2156 -0.5778 0.0000
vt 0.2274 -0.5752 0.0000
vt 0.2276 -0.5795 0.0000
vt 0.2365 -0.5764 0.0000
vt 0.2271 -0.5981 0.0000
vt 0.2327 -0.5980 0.0000
vt 0.2270 -0.6005 0.0000
vt 0.2263 -0.6094 0.0000
vt 0.2206 -0.6107 0.0000
vt 0.2280 -0.6179 0.0000
vt 0.2216 -0.6185 0.0000
vt 0.2253 -0.6168 0.0000
vt 0.2188 -0.6105 0.0000
vt 0.1785 -0.5814 0.0000
vt 0.1760 -0.5807 0.0000
vt 0.1774 -0.5883 0.0000
vt 0.1770 -0.5765 0.0000
vt 0.1824 -0.5818 0.0000
vt 0.1952 -0.5832 0.0000
vt 0.1930 -0.5982 0.0000
vt 0.1962 -0.5952 0.0000
vt 0.1932 -0.6007 0.0000
vt 0.1963 -0.6042 0.0000
vt 0.1936 -0.6103 0.0000
vt 0.1965 -0.6098 0.0000
vt 0.1935 -0.6173 0.0000
vt 0.1906 -0.6158 0.0000
vt 0.1877 -0.6175 0.0000
vt 0.1823 -0.6099 0.0000
vt 0.1816 -0.6042 0.0000
vt 0.0865 -0.5894 0.0000
vt 0.0787 -0.5900 0.0000
vt 0.0834 -0.5952 0.0000
vt 0.0788 -0.5845 0.0000
vt 0.0872 -0.5839 0.0000
vt 0.0789 -0.5753 0.0000
vt 0.0879 -0.5746 0.0000
vt 0.0752 -0.5649 0.0000
vt 0.0880 -0.5599 0.0000
vt 0.0550 -0.5497 0.0000
vt 0.0579 -0.5113 0.0000
vt 0.0457 -0.5347 0.0000
vt 0.0222 -0.5228 0.0000
vt 0.0244 -0.5447 0.0000
vt 0.0153 -0.5396 0.0000
vt 0.0062 -0.5591 0.0000
vt 0.2396 -0.5780 0.0000
vt 0.2460 -0.5676 0.0000
vt 0.2423 -0.5780 0.0000
vt 0.2530 -0.5707 0.0000
vt 0.2458 -0.5808 0.0000
vt 0.2552 -0.5826 0.0000
vt 0.2469 -0.5837 0.0000
vt 0.2562 -0.5901 0.0000
vt 0.2465 -0.5939 0.0000
vt 0.2556 -0.5972 0.0000
vt 0.2542 -0.5985 0.0000
vt 0.2608 -0.5967 0.0000
vt 0.1043 -0.3245 0.0000
vt 0.1251 -0.2729 0.0000
vt 0.1068 -0.2628 0.0000
vt 0.1235 -0.2976 0.0000
vt 0.1437 -0.2977 0.0000
vt 0.1659 -0.3022 0.0000
vt 0.1823 -0.3302 0.0000
vt 0.1859 -0.3031 0.0000
vt 0.2115 -0.3036 0.0000
vt 0.2125 -0.2802 0.0000
vt 0.2428 -0.2664 0.0000
vt 0.0548 -0.6068 0.0000
vt 0.0463 -0.6069 0.0000
vt 0.0506 -0.6136 0.0000
vt 0.0459 -0.5992 0.0000
vt 0.0561 -0.5992 0.0000
vt 0.0455 -0.5878 0.0000
vt 0.0574 -0.5880 0.0000
vt 0.0447 -0.5669 0.0000
vt 0.0607 -0.5668 0.0000
vt 0.1506 -0.5731 0.0000
vt 0.1609 -0.5347 0.0000
vt 0.1506 -0.5281 0.0000
vt 0.1650 -0.5722 0.0000
vt 0.1655 -0.5768 0.0000
vt 0.1745 -0.5925 0.0000
vt 0.1743 -0.6023 0.0000
vt 0.1769 -0.5959 0.0000
vt 0.1770 -0.6011 0.0000
vt 0.2064 -0.3270 0.0000
vt 0.2383 -0.3229 0.0000
vt 0.2646 -0.2628 0.0000
vt 0.2634 -0.5814 0.0000
vt 0.2615 -0.5894 0.0000
vt 0.2554 -0.5551 0.0000
vt 0.2452 -0.5536 0.0000
vt 0.1979 -0.5833 0.0000
vt 0.1988 -0.5781 0.0000
vt 0.1997 -0.5834 0.0000
vt 0.2131 -0.5830 0.0000
vt 0.2118 -0.6016 0.0000
vt 0.2149 -0.5821 0.0000
vt 0.2144 -0.5989 0.0000
vt 0.1989 -0.5991 0.0000
vt 0.2021 -0.6016 0.0000
vt 0.2025 -0.6041 0.0000
vt 0.2116 -0.6041 0.0000
vt 0.2139 -0.6096 0.0000
vt 0.1784 -0.5334 0.0000
vt 0.1807 -0.5163 0.0000
vt 0.2074 -0.6230 0.0000
vt 0.2043 -0.6237 0.0000
vt 0.2014 -0.6166 0.0000
vt 0.2118 -0.6240 0.0000
vt 0.2135 -0.6168 0.0000
vt 0.2112 -0.6152 0.0000
vt 0.0394 -0.6002 0.0000
vt 0.0317 -0.5999 0.0000
vt 0.0346 -0.6063 0.0000
vt 0.0305 -0.5936 0.0000
vt 0.0409 -0.5942 0.0000
vt 0.0293 -0.5836 0.0000
vt 0.0424 -0.5845 0.0000
vt 0.0722 -0.5995 0.0000
vt 0.0634 -0.5994 0.0000
vt 0.0681 -0.6059 0.0000
vt 0.0635 -0.5934 0.0000
vt 0.0729 -0.5933 0.0000
vt 0.0637 -0.5837 0.0000
vt 0.0735 -0.5834 0.0000
vt 0.2493 -0.5397 0.0000
vt 0.2414 -0.5290 0.0000
vt 0.2595 -0.5380 0.0000
vt 0.2563 -0.5253 0.0000
vt 0.2617 -0.3245 0.0000
vt 0.2615 -0.3649 0.0000
vt 0.2404 -0.3696 0.0000
vt 0.2255 -0.4846 0.0000
vt 0.1031 -0.3599 0.0000
vt 0.0915 -0.4844 0.0000
vt 0.1151 -0.4849 0.0000
vt 0.1160 -0.5163 0.0000
vt 0.1506 -0.5163 0.0000
vt 0.1755 -0.6078 0.0000
vt 0.1713 -0.6060 0.0000
vt 0.1678 -0.6068 0.0000
vt 0.1661 -0.6018 0.0000
vt 0.1506 -0.6005 0.0000
vt 0.1506 -0.5953 0.0000
vt 0.1656 -0.5923 0.0000
vt 0.1506 -0.5868 0.0000
vt 0.1810 -0.5950 0.0000
vt 0.1848 -0.5980 0.0000
vt 0.1851 -0.6006 0.0000
vt 0.1404 -0.2748 0.0000
vt 0.1656 -0.2907 0.0000
vt 0.1652 -0.2794 0.0000
vt 0.1868 -0.2807 0.0000
vt 0.2192 -0.5992 0.0000
vt 0.2159 -0.5960 0.0000
vt 0.2195 -0.6017 0.0000
vt 0.2166 -0.5818 0.0000
vt 0.2002 -0.6096 0.0000
vt 0.2037 -0.6152 0.0000
vt 0.0187 -0.5718 0.0000
vt 0.0082 -0.5678 0.0000
vt 0.0089 -0.5757 0.0000
vt 0.0191 -0.5617 0.0000
vt 0.0230 -0.5617 0.0000
vt 0.0286 -0.5557 0.0000
vt 0.1870 -0.2911 0.0000
vt 0.2117 -0.3690 0.0000
vt 0.2342 -0.5163 0.0000
vt 0.2449 -0.5163 0.0000
vt 0.2468 -0.4844 0.0000
vt 0.0298 -0.5555 0.0000
vt 0.0308 -0.5634 0.0000
vt 0.0370 -0.5475 0.0000
vt 0.2308 -0.6133 0.0000
vt 0.2320 -0.6082 0.0000
vt 0.2173 -0.6050 0.0000
vt 0.1857 -0.6100 0.0000
vt 0.0322 -0.5096 0.0000
vt 0.0576 -0.4987 0.0000
vt 0.0804 -0.4998 0.0000
vt 0.1641 -0.5163 0.0000
vt 0.0814 -0.5114 0.0000
vt 0.0156 -0.5776 0.0000
vt 0.0234 -0.5726 0.0000
vt 0.2612 -0.5562 0.0000
vt 0.0361 -0.4998 0.0000
vt 0.0896 -0.5163 0.0000
vt 0.9737 -0.1920 0.0000
vt 0.9984 -0.1082 0.0000
vt 0.9977 -0.1920 0.0000
vt 0.9689 -0.1224 0.0000
vt 0.9468 -0.1920 0.0000
vt 0.9426 -0.1282 0.0000
vt 0.9125 -0.1920 0.0000
vt 0.9120 -0.1226 0.0000
vt 0.8701 -0.1920 0.0000
vt 0.8782 -0.1284 0.0000
vt 0.8415 -0.1198 0.0000
vt 0.8783 -0.0824 0.0000
vt 0.8483 -0.0735 0.0000
vt 0.8782 -0.0529 0.0000
vt 0.8494 -0.0492 0.0000
vt 0.8745 -0.0233 0.0000
vt 0.8597 -0.0100 0.0000
vt 0.8703 -0.0065 0.0000
vt 0.1875 -0.2175 0.0000
vt 0.2155 -0.2175 0.0000
vt 0.1656 -0.2175 0.0000
vt 0.1422 -0.2175 0.0000
vt 0.1240 -0.2175 0.0000
vt 0.9667 -0.0081 0.0000
vt 0.9348 -0.0226 0.0000
vt 0.9370 -0.0027 0.0000
vt 0.9379 -0.0520 0.0000
vt 0.9661 -0.0483 0.0000
vt 0.9390 -0.0817 0.0000
vt 0.9650 -0.0728 0.0000
vt 0.8490 -0.0135 0.0000
vt 0.8193 -0.0201 0.0000
vt 0.8112 -0.0454 0.0000
vt 0.8021 -0.0298 0.0000
vt 0.7717 -0.0510 0.0000
vt 0.7721 -0.0363 0.0000
vt 0.7181 -0.4968 0.0000
vt 0.7410 -0.4828 0.0000
vt 0.7549 -0.5109 0.0000
vt 0.7428 -0.4687 0.0000
vt 0.7200 -0.4721 0.0000
vt 0.7328 -0.4473 0.0000
vt 0.6664 -0.4509 0.0000
vt 0.6505 -0.4402 0.0000
vt 0.9033 -0.4075 0.0000
vt 0.8502 -0.4007 0.0000
vt 0.8987 -0.3842 0.0000
vt 0.8579 -0.4404 0.0000
vt 0.9039 -0.4485 0.0000
vt 0.8535 -0.4855 0.0000
vt 0.8975 -0.4945 0.0000
vt 0.8605 -0.5499 0.0000
vt 0.9063 -0.0554 0.0000
vt 0.9068 -0.0842 0.0000
vt 0.9008 -0.0021 0.0000
vt 0.9043 -0.0209 0.0000
vt 0.9836 -0.0115 0.0000
vt 0.9830 -0.0448 0.0000
vt 0.9984 -0.0507 0.0000
vt 0.8087 -0.1079 0.0000
vt 0.8109 -0.1920 0.0000
vt 0.9971 -0.4495 0.0000
vt 0.9971 -0.4056 0.0000
vt 0.8040 -0.0201 0.0000
vt 0.7720 -0.0276 0.0000
vt 0.7726 -0.1078 0.0000
vt 0.7712 -0.1920 0.0000
vt 0.8368 -0.1920 0.0000
vt 0.9985 -0.0347 0.0000
vt 0.9984 -0.0228 0.0000
vt 0.2434 -0.2175 0.0000
vt 0.2643 -0.2175 0.0000
vt 0.1070 -0.2175 0.0000
vt 0.7445 -0.4546 0.0000
vt 0.7689 -0.4274 0.0000
vt 0.7519 -0.4244 0.0000
vt 0.7086 -0.4152 0.0000
vt 0.6687 -0.4279 0.0000
vt 0.6685 -0.5026 0.0000
vt 0.8401 -0.5139 0.0000
vt 0.8156 -0.5306 0.0000
vt 0.8344 -0.4071 0.0000
vt 0.8109 -0.7947 0.0000
vt 0.7651 -0.8005 0.0000
vt 0.8746 -0.7891 0.0000
vt 0.8783 -0.7554 0.0000
vt 0.9360 -0.7897 0.0000
vt 0.9470 -0.7554 0.0000
vt 0.9971 -0.7589 0.0000
vt 0.9971 -0.7396 0.0000
vt 0.9425 -0.7365 0.0000
vt 0.8832 -0.7203 0.0000
vt 0.9438 -0.7219 0.0000
vt 0.9367 -0.7051 0.0000
vt 0.9971 -0.6995 0.0000
vt 0.9971 -0.6871 0.0000
vt 0.9279 -0.6901 0.0000
vt 0.8831 -0.7203 0.0000
vt 0.8884 -0.6877 0.0000
vt 0.8072 -0.6796 0.0000
vt 0.8815 -0.6528 0.0000
vt 0.8097 -0.6510 0.0000
vt 0.8431 -0.6041 0.0000
vt 0.8058 -0.5974 0.0000
vt 0.8110 -0.7947 0.0000
vt 0.8046 -0.7534 0.0000
vt 0.7518 -0.7573 0.0000
vt 0.7107 -0.7664 0.0000
vt 0.6925 -0.7168 0.0000
vt 0.6677 -0.7284 0.0000
vt 0.6823 -0.6982 0.0000
vt 0.6225 -0.6791 0.0000
vt 0.6737 -0.6689 0.0000
vt 0.3970 -0.1688 0.0000
vt 0.3553 -0.2137 0.0000
vt 0.3530 -0.1687 0.0000
vt 0.3107 -0.2166 0.0000
vt 0.3059 -0.1405 0.0000
vt 0.2690 -0.2164 0.0000
vt 0.2697 -0.1423 0.0000
vt 0.3060 -0.1405 0.0000
vt 0.3059 -0.0853 0.0000
vt 0.3425 -0.1330 0.0000
vt 0.3058 -0.0853 0.0000
vt 0.2688 -0.1081 0.0000
vt 0.2697 -0.0603 0.0000
vt 0.2877 -0.0514 0.0000
vt 0.2695 -0.0075 0.0000
vt 0.6171 -0.6797 0.0000
vt 0.6069 -0.6218 0.0000
vt 0.6676 -0.7284 0.0000
vt 0.6642 -0.7315 0.0000
vt 0.7082 -0.7734 0.0000
vt 0.7563 -0.8040 0.0000
vt 0.7230 -0.6571 0.0000
vt 0.7336 -0.6835 0.0000
vt 0.7403 -0.7126 0.0000
vt 0.8073 -0.6796 0.0000
vt 0.8032 -0.7119 0.0000
vt 0.7106 -0.7664 0.0000
vt 0.9971 -0.7903 0.0000
vt 0.6360 -0.5923 0.0000
vt 0.6683 -0.5969 0.0000
vt 0.7089 -0.5914 0.0000
vt 0.7497 -0.5783 0.0000
vt 0.7402 -0.7126 0.0000
vt 0.8885 -0.6877 0.0000
vt 0.9280 -0.6901 0.0000
vt 0.8098 -0.6510 0.0000
vt 0.9971 -0.6546 0.0000
vt 0.9272 -0.6541 0.0000
vt 0.7229 -0.6571 0.0000
vt 0.7496 -0.5783 0.0000
vt 0.6682 -0.5969 0.0000
vt 0.6822 -0.6982 0.0000
vt 0.9971 -0.7195 0.0000
vt 0.8963 -0.5770 0.0000
vt 0.9273 -0.6541 0.0000
vt 0.9971 -0.5876 0.0000
vt 0.4444 -0.2010 0.0000
vt 0.6887 -0.3983 0.0000
vt 0.6424 -0.4217 0.0000
vt 0.6122 -0.4341 0.0000
vt 0.6124 -0.4434 0.0000
vt 0.6506 -0.4402 0.0000
vt 0.6116 -0.4566 0.0000
vt 0.7182 -0.4968 0.0000
vt 0.7411 -0.4828 0.0000
vt 0.6411 -0.5398 0.0000
vt 0.6098 -0.5017 0.0000
vt 0.6754 -0.5369 0.0000
vt 0.7108 -0.5284 0.0000
vt 0.7518 -0.5439 0.0000
vt 0.7855 -0.5300 0.0000
vt 0.8024 -0.5659 0.0000
vt 0.6082 -0.5397 0.0000
vt 0.6400 -0.5673 0.0000
vt 0.6746 -0.5656 0.0000
vt 0.6381 -0.5797 0.0000
vt 0.6733 -0.5826 0.0000
vt 0.7550 -0.5109 0.0000
vt 0.7120 -0.5580 0.0000
vt 0.6747 -0.5656 0.0000
vt 0.7109 -0.5756 0.0000
vt 0.9350 -0.0226 0.0000
vt 0.9370 -0.0028 0.0000
vt 0.9380 -0.0520 0.0000
vt 0.9067 -0.0842 0.0000
vt 0.8781 -0.0825 0.0000
vt 0.8780 -0.1284 0.0000
vt 0.8416 -0.1198 0.0000
vt 0.8484 -0.0735 0.0000
vt 0.8113 -0.0454 0.0000
vt 0.8088 -0.1079 0.0000
vt 0.8495 -0.0492 0.0000
vt 0.8780 -0.0529 0.0000
vt 0.8743 -0.0233 0.0000
vt 0.9042 -0.0209 0.0000
vt 0.7719 -0.0363 0.0000
vt 0.8041 -0.0201 0.0000
vt 0.7719 -0.0276 0.0000
vt 0.8022 -0.0298 0.0000
vt 0.7724 -0.1078 0.0000
vt 0.7710 -0.1920 0.0000
vt 0.9984 -0.0347 0.0000
vt 0.9983 -0.0228 0.0000
vt 0.9983 -0.1082 0.0000
vt 0.9688 -0.1224 0.0000
vt 0.9736 -0.1920 0.0000
vt 0.9470 -0.1920 0.0000
vt 0.9427 -0.1282 0.0000
vt 0.6085 -0.5648 0.0000
vt 0.6382 -0.5797 0.0000
vt 0.7519 -0.5439 0.0000
vt 0.8196 -0.0201 0.0000
vt 0.9393 -0.0817 0.0000
vt 0.8345 -0.4071 0.0000
vt 0.9027 -0.4078 0.0000
vt 0.7376 -0.5638 0.0000
vt 0.7329 -0.4473 0.0000
vt 0.6425 -0.4217 0.0000
vt 0.7690 -0.4274 0.0000
vt 0.9426 -0.3881 0.0000
vt 0.9971 -0.4996 0.0000
vt 0.9185 -0.3792 0.0000
vt 0.7375 -0.5638 0.0000
vt 0.6085 -0.5831 0.0000
vt 0.8402 -0.5139 0.0000
vt 0.9975 -0.1920 0.0000
vt 0.6749 -0.3732 0.0000
vt 0.6519 -0.3513 0.0000
vt 0.6730 -0.3374 0.0000
vt 0.6354 -0.3938 0.0000
vt 0.6122 -0.4072 0.0000
vt 0.6324 -0.3643 0.0000
vt 0.6111 -0.3730 0.0000
vt 0.9745 -0.3439 0.0000
vt 0.9971 -0.3422 0.0000
vt 0.9517 -0.3587 0.0000
vt 0.9239 -0.3527 0.0000
vt 0.9518 -0.3587 0.0000
vt 0.1104 -0.9265 0.0000
vt 0.1104 -0.9257 0.0000
vt 0.3762 -0.9126 0.0000
vt 0.3785 -0.9468 0.0000
vt 0.3098 -0.5797 0.0000
vt 0.3865 -0.9741 0.0000
vt 0.2560 -0.9882 0.0000
vt 0.3878 -0.9901 0.0000
vt 0.2208 -0.9950 0.0000
vt 0.1110 -0.9964 0.0000
vt 0.1677 -0.9901 0.0000
vt 0.1110 -0.9859 0.0000
vt 0.1477 -0.9811 0.0000
vt 0.1615 -0.9562 0.0000
vt 0.2213 -0.9427 0.0000
vt 0.1700 -0.9430 0.0000
vt 0.1530 -0.9249 0.0000
vt 0.1720 -0.9275 0.0000
vt 0.1563 -0.9298 0.0000
vt 0.1611 -0.9356 0.0000
vt 0.1332 -0.9393 0.0000
vt 0.1420 -0.9485 0.0000
vt 0.1104 -0.9525 0.0000
vt 0.1110 -0.9641 0.0000
vt 0.1308 -0.9266 0.0000
vt 0.1309 -0.9221 0.0000
vt 0.2565 -0.9503 0.0000
vt 0.1104 -0.9406 0.0000
vt 0.1104 -0.9290 0.0000
vt 0.3213 -0.5784 0.0000
vt 0.3405 -0.5709 0.0000
vt 0.3120 -0.5786 0.0000
vt 0.1689 -0.2068 0.0000
vt 0.1604 -0.1894 0.0000
vt 0.1604 -0.2065 0.0000
vt 0.1705 -0.1897 0.0000
vt 0.1793 -0.1887 0.0000
vt 0.1707 -0.1819 0.0000
vt 0.2066 -0.1774 0.0000
vt 0.1971 -0.1661 0.0000
vt 0.2094 -0.1504 0.0000
vt 0.2209 -0.1511 0.0000
vt 0.2164 -0.0164 0.0000
vt 0.2292 -0.0591 0.0000
vt 0.2316 -0.0183 0.0000
vt 0.2442 -0.0213 0.0000
vt 0.1606 -0.1893 0.0000
vt 0.1600 -0.2066 0.0000
vt 0.1902 -0.2067 0.0000
vt 0.1791 -0.1893 0.0000
vt 0.1989 -0.2070 0.0000
vt 0.2052 -0.1775 0.0000
vt 0.2178 -0.1938 0.0000
vt 0.2335 -0.1623 0.0000
vt 0.2345 -0.1919 0.0000
vt 0.2519 -0.1910 0.0000
vt 0.2518 -0.2068 0.0000
vt 0.2361 -0.2070 0.0000
vt 0.2128 -0.2070 0.0000
vt 0.1986 -0.0119 0.0000
vt 0.2363 -0.1284 0.0000
vt 0.2504 -0.1618 0.0000
vt 0.2092 -0.2071 0.0000
vt 0.2366 -0.1283 0.0000
vt 0.2491 -0.1272 0.0000
vt 0.2590 -0.0736 0.0000
vt 0.2439 -0.0678 0.0000
vt 0.2440 -0.0214 0.0000
vt 0.2292 -0.0621 0.0000
vt 0.2563 -0.0221 0.0000
vt 0.2443 -0.0677 0.0000
vt 0.2106 -0.1961 0.0000
vt 0.2061 -0.1955 0.0000
vt 0.2061 -0.1987 0.0000
vt 0.2054 -0.1934 0.0000
vt 0.2112 -0.1933 0.0000
vt 0.2111 -0.1911 0.0000
vt 0.2101 -0.1989 0.0000
vt 0.2081 -0.1998 0.0000
vt 0.2054 -0.1909 0.0000
vt 0.2061 -0.1885 0.0000
vt 0.2101 -0.1884 0.0000
vt 0.2082 -0.1878 0.0000
vt 0.0924 -0.8846 0.0000
vt 0.1025 -0.9787 0.0000
vt 0.1025 -0.8777 0.0000
vt 0.0924 -0.9838 0.0000
vt 0.0787 -0.8909 0.0000
vt 0.0646 -0.9844 0.0000
vt 0.0646 -0.8937 0.0000
vt 0.0542 -0.9849 0.0000
vt 0.0542 -0.8857 0.0000
vt 0.0456 -0.8760 0.0000
vt 0.7853 -0.2244 0.0000
vt 0.7370 -0.2276 0.0000
vt 0.7370 -0.2326 0.0000
vt 0.7370 -0.2137 0.0000
vt 0.7853 -0.2155 0.0000
vt 0.7370 -0.2073 0.0000
vt 0.4895 -0.9666 0.0000
vt 0.5496 -0.9984 0.0000
vt 0.4931 -0.9984 0.0000
vt 0.5455 -0.9571 0.0000
vt 0.4862 -0.9319 0.0000
vt 0.5342 -0.8981 0.0000
vt 0.4826 -0.8929 0.0000
vt 0.4810 -0.8580 0.0000
vt 0.0307 -0.8739 0.0000
vt 0.0132 -0.9880 0.0000
vt 0.0456 -0.9828 0.0000
vt 0.0132 -0.8811 0.0000
vt 0.0137 -0.7849 0.0000
vt 0.0015 -0.8928 0.0000
vt 0.0020 -0.7953 0.0000
vt 0.5455 -0.9570 0.0000
vt 0.5496 -0.9983 0.0000
vt 0.4931 -0.9983 0.0000
vt 0.7946 -0.2282 0.0000
vt 0.8027 -0.2300 0.0000
vt 0.8027 -0.2259 0.0000
vt 0.7946 -0.2374 0.0000
vt 0.7849 -0.2254 0.0000
vt 0.0325 -0.7722 0.0000
vt 0.7946 -0.2117 0.0000
vt 0.8027 -0.2140 0.0000
vt 0.7849 -0.2145 0.0000
vt 0.0536 -0.7916 0.0000
vt 0.0456 -0.7837 0.0000
vt 0.0646 -0.7994 0.0000
vt 0.7946 -0.2025 0.0000
vt 0.8027 -0.2098 0.0000
vt 0.5274 -0.8221 0.0000
vt 0.7945 -0.2030 0.0000
vt 0.0782 -0.8050 0.0000
vt 0.0924 -0.7947 0.0000
vt 0.1030 -0.7802 0.0000
vt 0.0015 -0.9938 0.0000
vt 0.8287 -0.2200 0.0000
vt 0.4331 -0.3767 0.0000
vt 0.4286 -0.5412 0.0000
vt 0.4301 -0.3768 0.0000
vt 0.5106 -0.2584 0.0000
vt 0.4897 -0.2290 0.0000
vt 0.4008 -0.5417 0.0000
vt 0.3543 -0.2681 0.0000
vt 0.3104 -0.2725 0.0000
vt 0.5792 -0.2317 0.0000
vt 0.5787 -0.2659 0.0000
vt 0.5212 -0.2363 0.0000
vt 0.6127 -0.2808 0.0000
vt 0.6182 -0.2562 0.0000
vt 0.6545 -0.2770 0.0000
vt 0.6550 -0.2217 0.0000
vt 0.6021 -0.1917 0.0000
vt 0.5793 -0.2317 0.0000
vt 0.5677 -0.1890 0.0000
vt 0.5318 -0.2134 0.0000
vt 0.5406 -0.1706 0.0000
vt 0.4564 -0.1686 0.0000
vt 0.1406 -0.0950 0.0000
vt 0.1782 -0.0670 0.0000
vt 0.1102 -0.0786 0.0000
vt 0.1393 -0.1400 0.0000
vt 0.1080 -0.1389 0.0000
vt 0.1046 -0.2054 0.0000
vt 0.1415 -0.1719 0.0000
vt 0.1641 -0.1401 0.0000
vt 0.1959 -0.0873 0.0000
vt 0.6019 -0.1844 0.0000
vt 0.6223 -0.1675 0.0000
vt 0.6550 -0.1647 0.0000
vt 0.6550 -0.1555 0.0000
vt 0.6222 -0.1675 0.0000
vt 0.0963 -0.1117 0.0000
vt 0.0071 -0.0548 0.0000
vt 0.0963 -0.0076 0.0000
vt 0.0064 -0.1124 0.0000
vt 0.0087 -0.1827 0.0000
vt 0.0955 -0.1836 0.0000
vt 0.2908 -0.0296 0.0000
vt 0.3816 -0.0620 0.0000
vt 0.3314 -0.0709 0.0000
vt 0.3782 -0.0104 0.0000
vt 0.3781 -0.0021 0.0000
vt 0.2909 -0.0296 0.0000
vt 0.3817 -0.0620 0.0000
vt 0.3315 -0.0709 0.0000
vt 0.3783 -0.0104 0.0000
vt 0.3782 -0.0021 0.0000
vt 0.6021 -0.1926 0.0000
vt 0.5317 -0.2134 0.0000
vt 0.4617 -0.2000 0.0000
vt 0.0087 -0.2941 0.0000
vt 0.0963 -0.2977 0.0000
vt 0.0966 -0.4066 0.0000
vt 0.6017 -0.1844 0.0000
vt 0.6249 -0.2940 0.0000
vt 0.6530 -0.3264 0.0000
vt 0.3855 -0.1514 0.0000
vt 0.3854 -0.1514 0.0000
vt 0.1416 -0.1719 0.0000
vt 0.1642 -0.1401 0.0000
vt 0.1342 -0.5354 0.0000
vt 0.1048 -0.6014 0.0000
vt 0.1038 -0.5354 0.0000
vt 0.1332 -0.6014 0.0000
vt 0.4563 -0.1686 0.0000
vt 0.6114 -0.3078 0.0000
vt 0.6228 -0.3480 0.0000
vt 0.6114 -0.3480 0.0000
vt 0.6228 -0.3078 0.0000
vt 0.5536 -0.0193 0.0000
vt 0.5331 -0.0193 0.0000
vt 0.5334 -0.0350 0.0000
vt 0.5334 -0.0020 0.0000
vt 0.5213 -0.2363 0.0000
vt 0.0113 -0.4885 0.0000
vt 0.5788 -0.2659 0.0000
vt 0.6129 -0.2808 0.0000
vt 0.3463 -0.6047 0.0000
vt 0.3448 -0.6202 0.0000
vt 0.3037 -0.6077 0.0000
vt 0.3427 -0.6168 0.0000
vt 0.3432 -0.5914 0.0000
vt 0.3027 -0.6184 0.0000
vt 0.3032 -0.5950 0.0000
vt 0.2806 -0.6195 0.0000
vt 0.2805 -0.5949 0.0000
vt 0.3038 -0.6196 0.0000
vt 0.2814 -0.6200 0.0000
vt 0.2812 -0.6074 0.0000
vt 0.5791 -0.0956 0.0000
vt 0.5461 -0.1586 0.0000
vt 0.5866 -0.1199 0.0000
vt 0.5242 -0.1075 0.0000
vt 0.5161 -0.0838 0.0000
vt 0.4844 -0.1135 0.0000
vt 0.4378 -0.0857 0.0000
vt 0.4552 -0.1284 0.0000
vt 0.4338 -0.1178 0.0000
vt 0.0117 -0.6465 0.0000
vt 0.0590 -0.6279 0.0000
vt 0.0247 -0.6147 0.0000
vt 0.0726 -0.6732 0.0000
vt 0.0044 -0.6722 0.0000
vt 0.0712 -0.7204 0.0000
vt 0.0024 -0.7091 0.0000
vt 0.0129 -0.7404 0.0000
vt 0.8583 -0.9993 0.0000
vt 0.8203 -0.9382 0.0000
vt 0.8267 -0.9716 0.0000
vt 0.8594 -0.9481 0.0000
vt 0.8937 -0.9402 0.0000
vt 0.8586 -0.8972 0.0000
vt 0.8937 -0.9285 0.0000
vt 0.9103 -0.9623 0.0000
vt 0.9002 -0.9968 0.0000
vt 0.9171 -0.9956 0.0000
vt 0.9253 -0.9556 0.0000
vt 0.9503 -0.9775 0.0000
vt 0.5548 -0.0375 0.0000
vt 0.5126 -0.0398 0.0000
vt 0.5683 -0.0684 0.0000
vt 0.5936 -0.0900 0.0000
vt 0.6227 -0.0228 0.0000
vt 0.6595 -0.0403 0.0000
vt 0.6553 -0.0148 0.0000
vt 0.6310 -0.0530 0.0000
vt 0.6099 -0.0608 0.0000
vt 0.6360 -0.0816 0.0000
vt 0.6038 -0.0956 0.0000
vt 0.5804 -0.0956 0.0000
vt 0.5696 -0.0684 0.0000
vt 0.5884 -0.0615 0.0000
vt 0.5389 -0.0673 0.0000
vt 0.5517 -0.1024 0.0000
vt 0.4609 -0.0388 0.0000
vt 0.4250 -0.0380 0.0000
vt 0.3911 -0.0745 0.0000
vt 0.4119 -0.1631 0.0000
vt 0.6627 -0.0522 0.0000
vt 0.8981 -0.9536 0.0000
vt 0.0620 -0.7380 0.0000
vt 0.0273 -0.7640 0.0000
vt 0.0474 -0.7649 0.0000
vt 0.8235 -0.9113 0.0000
vt 0.8226 -0.8651 0.0000
vt 0.4297 -0.1525 0.0000
vt 0.4426 -0.1413 0.0000
vt 0.4406 -0.1777 0.0000
vt 0.5870 -0.0643 0.0000
vt 0.5817 -0.0328 0.0000
vt 0.3911 -0.0009 0.0000
vt 0.4122 -0.0042 0.0000
vt 0.5893 -0.0624 0.0000
vt 0.9095 -0.2640 0.0000
vt 0.9445 -0.1964 0.0000
vt 0.9445 -0.2640 0.0000
vt 0.9095 -0.1964 0.0000
vt 0.6135 -0.1238 0.0000
vt 0.5725 -0.1611 0.0000
vt 0.5926 -0.1293 0.0000
vt 0.6062 -0.1448 0.0000
vt 0.5729 -0.1611 0.0000
vt 0.6141 -0.1243 0.0000
vt 0.4780 -0.9835 0.0000
vt 0.3879 -0.8762 0.0000
vt 0.4021 -0.9577 0.0000
vt 0.4673 -0.9019 0.0000
vt 0.3879 -0.8761 0.0000
vt 0.4021 -0.9578 0.0000
vt 0.4780 -0.9836 0.0000
vt 0.4673 -0.9020 0.0000
vt 0.2805 -0.5904 0.0000
vt 0.3070 -0.6171 0.0000
vt 0.3072 -0.5906 0.0000
vt 0.2819 -0.6176 0.0000
vt 0.3459 -0.5919 0.0000
vt 0.3456 -0.6188 0.0000
vt 0.3444 -0.6010 0.0000
vt 0.3436 -0.6187 0.0000
vt 0.3051 -0.5995 0.0000
vt 0.3055 -0.6187 0.0000
vt 0.2793 -0.5989 0.0000
vt 0.2805 -0.6185 0.0000
vt 0.3443 -0.6010 0.0000
vt 0.7630 -0.3241 0.0000
vt 0.7655 -0.3919 0.0000
vt 0.7374 -0.3215 0.0000
vt 0.7900 -0.3933 0.0000
vt 0.7900 -0.3224 0.0000
vt 0.8146 -0.3241 0.0000
vt 0.8162 -0.2509 0.0000
vt 0.8402 -0.3247 0.0000
vt 0.8387 -0.2392 0.0000
vt 0.8610 -0.3230 0.0000
vt 0.8619 -0.2181 0.0000
vt 0.9012 -0.2579 0.0000
vt 0.6793 -0.1482 0.0000
vt 0.6781 -0.1272 0.0000
vt 0.6690 -0.1300 0.0000
vt 0.6938 -0.1193 0.0000
vt 0.6940 -0.1425 0.0000
vt 0.7225 -0.1364 0.0000
vt 0.7203 -0.1689 0.0000
vt 0.7648 -0.1685 0.0000
vt 0.7648 -0.1926 0.0000
vt 0.7217 -0.1876 0.0000
vt 0.7019 -0.1762 0.0000
vt 0.6707 -0.1533 0.0000
vt 0.6822 -0.1248 0.0000
vt 0.6564 -0.1434 0.0000
vt 0.6890 -0.1249 0.0000
vt 0.6848 -0.1479 0.0000
vt 0.7408 -0.3994 0.0000
vt 0.7179 -0.3810 0.0000
vt 0.7244 -0.3900 0.0000
vt 0.7396 -0.3869 0.0000
vt 0.7661 -0.4044 0.0000
vt 0.7615 -0.2526 0.0000
vt 0.7901 -0.2534 0.0000
vt 0.7191 -0.2443 0.0000
vt 0.6786 -0.2562 0.0000
vt 0.6979 -0.2120 0.0000
vt 0.7142 -0.3190 0.0000
vt 0.7900 -0.4059 0.0000
vt 0.8116 -0.4044 0.0000
vt 0.6469 -0.0969 0.0000
vt 0.6411 -0.1465 0.0000
vt 0.6217 -0.1552 0.0000
vt 0.6781 -0.1276 0.0000
vt 0.6829 -0.0833 0.0000
vt 0.7284 -0.0638 0.0000
vt 0.7283 -0.1071 0.0000
vt 0.7656 -0.1020 0.0000
vt 0.9142 -0.3094 0.0000
vt 0.9150 -0.2853 0.0000
vt 0.8866 -0.3178 0.0000
vt 0.8607 -0.3802 0.0000
vt 0.8381 -0.3905 0.0000
vt 0.8369 -0.3994 0.0000
vt 0.6822 -0.1241 0.0000
vt 0.6873 -0.0807 0.0000
vt 0.6890 -0.1227 0.0000
vt 0.7300 -0.1071 0.0000
vt 0.7434 -0.2520 0.0000
vt 0.7648 -0.1355 0.0000
vt 0.8121 -0.3926 0.0000
vt 0.8527 -0.3900 0.0000
vt 0.6896 -0.3156 0.0000
vt 0.6926 -0.3639 0.0000
vt 0.6906 -0.1662 0.0000
vt 0.6735 -0.0497 0.0000
vt 0.7008 -0.0223 0.0000
vt 0.7366 -0.0020 0.0000
vt 0.7656 -0.0576 0.0000
vt 0.7648 -0.0005 0.0000
vt 0.9010 -0.3433 0.0000
vt 0.8830 -0.3642 0.0000
vt 0.6783 -0.3361 0.0000
vt 0.0710 -0.4431 0.0000
vt 0.0657 -0.4865 0.0000
vt 0.0777 -0.4866 0.0000
vt 0.6688 -0.2816 0.0000
vt 0.6689 -0.3121 0.0000
vt 0.7141 -0.4992 0.0000
vt 0.9899 -0.6192 0.0000
vt 0.9899 -0.3237 0.0000
vt 0.7241 -0.6677 0.0000
vt 0.4962 -0.5232 0.0000
vt 0.4980 -0.6924 0.0000
vt 0.2721 -0.7018 0.0000
vt 0.2714 -0.9440 0.0000
vt 0.0109 -0.6870 0.0000
vt 0.2783 -0.5472 0.0000
vt 0.2844 -0.3911 0.0000
vt 0.4992 -0.3602 0.0000
vt 0.4916 -0.1669 0.0000
vt 0.7140 -0.3294 0.0000
vt 0.6976 -0.1313 0.0000
vt 0.9899 -0.0929 0.0000
vt 0.9899 -0.8908 0.0000
vt 0.7403 -0.9204 0.0000
vt 0.5058 -0.9323 0.0000
vt 0.0860 -0.3235 0.0000
vt 0.2856 -0.2025 0.0000
vt 0.7667 -0.2428 0.0000
vt 0.6811 -0.1618 0.0000
vt 0.7896 -0.1635 0.0000
vt 0.6423 -0.2428 0.0000
vt 0.7589 -0.3124 0.0000
vt 0.6570 -0.3173 0.0000
vt 0.7480 -0.3882 0.0000
vt 0.6620 -0.3892 0.0000
vt 0.7441 -0.4583 0.0000
vt 0.6042 -0.4583 0.0000
vt 0.3824 -0.2160 0.0000
vt 0.2386 -0.1805 0.0000
vt 0.2799 -0.2514 0.0000
vt 0.3400 -0.1553 0.0000
vt 0.5414 -0.1820 0.0000
vt 0.4264 -0.1381 0.0000
vt 0.6187 -0.1131 0.0000
vt 0.3403 -0.0689 0.0000
vt 0.5607 -0.0585 0.0000
vt 0.5143 -0.0338 0.0000
vt 0.6811 -0.1703 0.0000
vt 0.5208 -0.2401 0.0000
vt 0.3846 -0.3076 0.0000
vt 0.7480 -0.3881 0.0000
vt 0.6618 -0.3890 0.0000
vt 0.5021 -0.3231 0.0000
vt 0.5035 -0.3872 0.0000
vt 0.3656 -0.3759 0.0000
vt 0.4468 -0.4583 0.0000
vt 0.3290 -0.4600 0.0000
vt 0.3654 -0.3760 0.0000
vt 0.3554 -0.1914 0.0000
vt 0.5185 -0.1752 0.0000
vt 0.3400 -0.1554 0.0000
vt 0.4264 -0.1382 0.0000
vt 0.2141 -0.1103 0.0000
vt 0.2141 -0.1102 0.0000
vt 0.1931 -0.0457 0.0000
vt 0.3256 -0.0165 0.0000
vt 0.3403 -0.0690 0.0000
vt 0.5143 -0.0339 0.0000
vt 0.5607 -0.0586 0.0000
vt 0.3290 -0.4601 0.0000
vt 0.5051 -0.3873 0.0000
vt 0.7333 -0.0995 0.0000
vt 0.6167 -0.0610 0.0000
vt 0.2386 -0.1806 0.0000
vt 0.2799 -0.2322 0.0000
vt 0.5078 -0.0042 0.0000
vt 0.7333 -0.0994 0.0000
vt 0.5720 -0.9195 0.0000
vt 0.5391 -0.9809 0.0000
vt 0.4095 -0.9749 0.0000
vt 0.6994 -0.9703 0.0000
vt 0.7435 -0.8244 0.0000
vt 0.8243 -0.9354 0.0000
vt 0.8683 -0.8397 0.0000
vt 0.9393 -0.8666 0.0000
vt 0.9440 -0.7255 0.0000
vt 0.8762 -0.7247 0.0000
vt 0.7720 -0.7008 0.0000
vt 0.6349 -0.7897 0.0000
vt 0.6681 -0.6759 0.0000
vt 0.5239 -0.7538 0.0000
vt 0.5709 -0.6570 0.0000
vt 0.4584 -0.6413 0.0000
vt 0.4106 -0.5906 0.0000
vt 0.3563 -0.6140 0.0000
vt 0.2905 -0.5811 0.0000
vt 0.3389 -0.6481 0.0000
vt 0.2508 -0.6174 0.0000
vt 0.3112 -0.7045 0.0000
vt 0.2302 -0.6694 0.0000
vt 0.2842 -0.7468 0.0000
vt 0.1667 -0.7156 0.0000
vt 0.4553 -0.8832 0.0000
vt 0.3849 -0.9119 0.0000
vt 0.5239 -0.7536 0.0000
vt 0.6349 -0.7831 0.0000
vt 0.7306 -0.6372 0.0000
vt 0.8303 -0.6420 0.0000
vt 0.7759 -0.5832 0.0000
vt 0.8323 -0.5373 0.0000
vt 0.6599 -0.5116 0.0000
vt 0.6605 -0.4786 0.0000
vt 0.4937 -0.4895 0.0000
vt 0.4810 -0.4719 0.0000
vt 0.3800 -0.5267 0.0000
vt 0.3371 -0.4858 0.0000
vt 0.2841 -0.5371 0.0000
vt 0.2211 -0.5311 0.0000
vt 0.2361 -0.5738 0.0000
vt 0.4861 -0.5803 0.0000
vt 0.6532 -0.6073 0.0000
vt 0.3848 -0.5494 0.0000
vt 0.3238 -0.5652 0.0000
vt 0.3028 -0.5318 0.0000
vt 0.2607 -0.5500 0.0000
vt 0.2319 -0.5346 0.0000
vt 0.1837 -0.5833 0.0000
vt 0.0853 -0.6168 0.0000
vt 0.1312 -0.6400 0.0000
vt 0.0679 -0.6855 0.0000
vt 0.4131 -0.7228 0.0000
vt 0.4712 -0.6337 0.0000
vt 0.3388 -0.6592 0.0000
vt 0.3711 -0.6180 0.0000
vt 0.2905 -0.5902 0.0000
vt 0.4028 -0.5828 0.0000
vt 0.3097 -0.5702 0.0000
vt 0.6650 -0.5634 0.0000
vt 0.7661 -0.5861 0.0000
vt 0.5186 -0.5258 0.0000
vt 0.5518 -0.4893 0.0000
vt 0.3822 -0.5143 0.0000
vt 0.5518 -0.4675 0.0000
vt 0.3831 -0.4758 0.0000
vt 0.8160 -0.2428 0.0000
vt 0.8497 -0.3124 0.0000
vt 0.8813 -0.3884 0.0000
vt 0.8628 -0.4583 0.0000
vt 0.6414 -0.6061 0.0000
vt 0.6569 -0.5634 0.0000
vt 0.4763 -0.5817 0.0000
vt 0.5016 -0.5278 0.0000
vt 0.8877 -0.6143 0.0000
vt 0.3073 -0.7173 0.0000
vt 0.2508 -0.6356 0.0000
vt 0.2180 -0.7000 0.0000
vt 0.1668 -0.6161 0.0000
vt 0.1415 -0.6795 0.0000
vt 0.0720 -0.6500 0.0000
vt 0.0941 -0.7100 0.0000
vt 0.3470 -0.8879 0.0000
vt 0.3433 -0.9279 0.0000
vt 0.2551 -0.3796 0.0000
vt 0.1820 -0.3780 0.0000
vt 0.1506 -0.2607 0.0000
vt 0.1249 -0.8275 0.0000
vt 0.0711 -0.9071 0.0000
vt 0.0997 -0.8451 0.0000
vt 0.1249 -0.9071 0.0000
vt 0.1740 -0.8499 0.0000
vt 0.1740 -0.9071 0.0000
vt 0.2422 -0.8210 0.0000
vt 0.2422 -0.9332 0.0000
vt 0.4131 -0.7219 0.0000
vt 0.3841 -0.8006 0.0000
vt 0.3177 -0.8542 0.0000
vt 0.5742 -0.6552 0.0000
vt 0.2435 -0.6004 0.0000
vt 0.2319 -0.5567 0.0000
vt 0.0711 -0.9923 0.0000
vt 0.1249 -0.9923 0.0000
vt 0.1740 -0.9923 0.0000
vt 0.2422 -0.9923 0.0000
vt 0.9122 -0.6165 0.0000
vt 0.2610 -0.4600 0.0000
vt 0.1931 -0.4600 0.0000
vt 0.1317 -0.1099 0.0000
vt 0.1506 -0.2608 0.0000
vt 0.7200 -0.4957 0.0000
vt 0.7158 -0.5354 0.0000
vt 0.0078 -0.8156 0.0000
vt 0.0174 -0.8333 0.0000
vt 0.0078 -0.9279 0.0000
vt 0.0078 -0.9923 0.0000
vt 0.2737 -0.3798 0.0000
vt 0.1820 -0.3781 0.0000
vt 0.1931 -0.4601 0.0000
vt 0.2610 -0.4601 0.0000
vt 0.3077 -0.8161 0.0000
vt 0.8813 -0.3885 0.0000
vt 0.9689 -0.4583 0.0000
vt 0.2842 -0.7437 0.0000
vt 0.4131 -0.7197 0.0000
vt 0.2036 -0.7308 0.0000
vt 0.1317 -0.1097 0.0000
vt 0.4794 -0.1450 0.0000
vt 0.4570 -0.1460 0.0000
vt 0.4628 -0.1586 0.0000
vt 0.4630 -0.1342 0.0000
vt 0.4816 -0.1446 0.0000
vt 0.4993 -0.1373 0.0000
vt 0.4929 -0.1321 0.0000
vt 0.5037 -0.1442 0.0000
vt 0.4796 -0.1614 0.0000
vt 0.4807 -0.1454 0.0000
vt 0.4694 -0.1602 0.0000
vt 0.4898 -0.1602 0.0000
vt 0.4806 -0.1442 0.0000
vt 0.4795 -0.1285 0.0000
vt 0.4658 -0.1332 0.0000
vt 0.4913 -0.1315 0.0000
vt 0.4664 -0.0245 0.0000
vt 0.4482 -0.0143 0.0000
vt 0.4379 -0.0230 0.0000
vt 0.4833 -0.0140 0.0000
vt 0.4719 -0.0053 0.0000
vt 0.4454 -0.0132 0.0000
vt 0.4385 -0.0035 0.0000
vt 0.4817 -0.0131 0.0000
vt 0.4671 -0.1487 0.0000
vt 0.4719 -0.1501 0.0000
vt 0.4716 -0.1492 0.0000
vt 0.4675 -0.1498 0.0000
vt 0.4675 -0.1536 0.0000
vt 0.4716 -0.1543 0.0000
vt 0.4720 -0.1533 0.0000
vt 0.4671 -0.1547 0.0000
vt 0.4792 -0.1611 0.0000
vt 0.4825 -0.1481 0.0000
vt 0.4679 -0.1600 0.0000
vt 0.4909 -0.1624 0.0000
vt 0.4814 -0.1441 0.0000
vt 0.4803 -0.1297 0.0000
vt 0.4688 -0.1309 0.0000
vt 0.4913 -0.1293 0.0000
vt 0.4449 -0.0146 0.0000
vt 0.4365 -0.0217 0.0000
vt 0.4280 -0.0147 0.0000
vt 0.4382 -0.0061 0.0000
vt 0.4843 -0.1470 0.0000
vt 0.4930 -0.1629 0.0000
vt 0.5101 -0.1466 0.0000
vt 0.4655 -0.1331 0.0000
vt 0.4554 -0.1450 0.0000
vt 0.4799 -0.1456 0.0000
vt 0.4811 -0.1481 0.0000
vt 0.4544 -0.1476 0.0000
vt 0.4663 -0.1594 0.0000
vt 0.5076 -0.1466 0.0000
vt 0.4822 -0.1430 0.0000
vt 0.4902 -0.1294 0.0000
vt 0.4713 -0.1310 0.0000
vt 0.4862 -0.1478 0.0000
vt 0.4970 -0.1555 0.0000
vt 0.4941 -0.1500 0.0000
vt 0.4935 -0.1291 0.0000
vt 0.4849 -0.1454 0.0000
vt 0.5065 -0.1451 0.0000
vt 0.4935 -0.1292 0.0000
vt 0.4850 -0.1454 0.0000
vt 0.5067 -0.1453 0.0000
vt 0.4960 -0.1552 0.0000
vt 0.4941 -0.1498 0.0000
vt 0.4709 -0.1486 0.0000
vt 0.4711 -0.1562 0.0000
vt 0.4802 -0.1486 0.0000
vt 0.4935 -0.1293 0.0000
vt 0.5065 -0.1453 0.0000
vt 0.4828 -0.1452 0.0000
vt 0.3864 -0.5707 0.0000
vt 0.3820 -0.5673 0.0000
vt 0.3839 -0.5724 0.0000
vt 0.3820 -0.5674 0.0000
vt 0.5090 -0.1451 0.0000
# 1616 texture coords

g zelda
usemtl SC_eye_L_v
s 1
f 1/1 2/2 3/3 
s 2
f 2/2 1/1 4/4 
s 3
f 5/5 4/4 1/1 
s 4
f 4/4 5/5 6/6 
s 5
f 7/7 6/6 5/5 
s 6
f 6/6 7/7 8/8 
s 7
f 9/9 8/8 7/7 
s 8
f 8/8 9/9 10/10 
s 9
f 11/11 10/10 9/9 
s 10
f 9/9 12/12 11/11 
s 11
f 12/12 9/9 13/13 
s 12
f 7/7 13/13 9/9 
s 13
f 13/13 7/7 14/14 
s 14
f 5/5 14/14 7/7 
s 15
f 14/14 5/5 15/15 
s 16
f 1/1 15/15 5/5 
s 17
f 15/15 1/1 16/16 
s 18
f 3/17 16/16 1/1 
s 19
f 17/18 2/2 4/4 
s 20
f 2/2 17/18 18/19 
s 21
f 19/20 18/19 17/18 
s 22
f 18/19 19/20 10/10 
s 23
f 8/8 10/10 19/20 
s 24
f 6/6 17/18 4/4 
s 25
f 17/18 6/6 19/20 
s 26
f 8/8 19/20 6/6 
s 27
f 20/21 15/15 16/16 
s 28
f 15/15 20/21 21/22 
s 29
f 21/22 14/14 15/15 
s 30
f 14/14 21/22 22/23 
s 31
f 13/13 14/14 22/23 
usemtl SC_eye_R_v
s 32
f 23/24 24/25 25/26 
s 33
f 24/25 23/24 26/27 
s 34
f 27/28 26/27 23/24 
s 35
f 26/27 27/28 28/8 
s 36
f 29/9 28/8 27/28 
s 37
f 28/8 29/9 30/7 
s 38
f 31/29 30/7 29/9 
s 39
f 30/7 31/29 32/30 
s 40
f 25/26 33/31 34/32 
s 41
f 33/31 25/26 35/33 
s 42
f 24/25 35/33 25/26 
s 43
f 35/33 24/25 36/5 
s 44
f 37/6 36/5 24/25 
s 45
f 36/5 37/6 38/14 
s 46
f 30/7 38/14 37/6 
s 47
f 39/15 40/34 41/35 
s 48
f 40/34 39/15 42/36 
s 49
f 38/14 42/36 39/15 
s 50
f 42/36 38/14 32/30 
s 51
f 30/7 32/30 38/14 
s 52
f 39/15 36/5 38/14 
s 53
f 36/5 39/15 33/31 
s 54
f 41/35 33/31 39/15 
s 55
f 33/31 41/35 34/32 
s 56
f 43/37 29/9 27/28 
s 57
f 29/9 43/37 44/38 
s 58
f 26/27 37/6 24/25 
s 59
f 37/6 26/27 28/8 
s 60
f 29/9 44/38 31/29 
s 61
f 36/5 33/31 35/33 
s 62
f 30/7 37/6 28/8 
usemtl zelda_body_m_v
s 63
f 45/39 46/40 47/41 
s 64
f 46/40 45/39 48/42 
s 65
f 49/43 48/42 45/39 
s 66
f 48/42 49/43 50/44 
s 67
f 51/45 50/44 49/43 
s 68
f 50/44 51/45 52/46 
s 69
f 53/47 52/46 51/45 
s 70
f 52/46 53/47 54/48 
s 71
f 55/49 54/48 53/47 
s 72
f 54/48 55/49 56/50 
s 73
f 57/51 56/50 55/49 
s 74
f 56/50 57/51 58/52 
s 75
f 59/53 58/52 57/51 
s 76
f 58/52 59/53 60/54 
s 77
f 61/55 60/54 59/53 
s 78
f 60/54 61/55 62/56 
s 79
f 63/57 62/56 61/55 
s 80
f 62/56 63/57 64/55 
s 81
f 65/58 64/55 63/57 
s 82
f 64/55 65/58 66/53 
s 83
f 67/59 66/53 65/58 
s 84
f 66/53 67/59 68/60 
s 85
f 69/61 68/60 67/59 
s 86
f 68/60 69/61 70/47 
s 87
f 71/62 70/47 69/61 
s 88
f 70/47 71/62 72/45 
s 89
f 73/63 72/45 71/62 
s 90
f 72/45 73/63 74/43 
s 91
f 75/64 76/65 77/66 
s 92
f 76/65 75/64 78/67 
s 93
f 79/65 78/67 75/64 
s 94
f 78/67 79/65 80/68 
s 95
f 81/69 80/68 79/65 
s 96
f 80/68 81/69 82/70 
s 97
f 83/71 82/70 81/69 
s 98
f 82/70 83/71 84/72 
s 99
f 85/73 84/72 83/71 
s 100
f 84/72 85/73 86/74 
s 101
f 87/75 86/74 85/73 
s 102
f 86/74 87/75 88/76 
s 103
f 89/77 88/76 87/75 
s 104
f 88/76 89/77 90/78 
s 105
f 91/79 90/78 89/77 
s 106
f 90/78 91/79 92/80 
s 107
f 93/81 92/80 91/79 
s 108
f 92/80 93/81 94/82 
s 109
f 95/83 94/82 93/81 
s 110
f 94/82 95/83 96/84 
s 111
f 97/85 96/84 95/83 
s 112
f 96/84 97/85 98/86 
s 113
f 99/87 98/86 97/85 
s 114
f 98/86 99/87 100/88 
s 115
f 101/89 100/88 99/87 
s 116
f 100/88 101/89 80/68 
s 117
f 78/67 80/68 101/89 
s 118
f 102/90 89/77 87/75 
s 119
f 89/77 102/90 103/91 
s 120
f 104/92 103/91 102/90 
s 121
f 103/91 104/92 105/93 
s 122
f 106/94 105/93 104/92 
s 123
f 105/93 106/94 107/95 
s 124
f 108/96 107/95 106/94 
s 125
f 107/95 108/96 109/94 
s 126
f 110/97 109/94 108/96 
s 127
f 109/94 110/97 111/92 
s 128
f 112/90 111/92 110/97 
s 129
f 111/92 112/90 113/98 
s 130
f 114/75 113/98 112/90 
s 131
f 113/98 114/75 115/76 
s 132
f 116/74 115/76 114/75 
s 133
f 115/76 116/74 117/82 
s 134
f 118/99 117/82 116/74 
s 135
f 117/82 118/99 119/84 
s 136
f 120/86 119/84 118/99 
s 137
f 119/84 120/86 121/85 
s 138
f 99/87 121/85 120/86 
s 139
f 121/85 99/87 122/100 
s 140
f 97/85 122/100 99/87 
s 141
f 122/100 97/85 123/101 
s 142
f 95/83 123/101 97/85 
s 143
f 123/101 95/83 93/81 
s 144
f 124/102 11/103 12/104 
s 145
f 11/103 124/102 125/105 
s 146
f 126/106 125/105 124/102 
s 147
f 125/105 126/106 127/107 
s 148
f 128/108 127/107 126/106 
s 149
f 127/107 128/108 129/109 
s 150
f 130/110 129/109 128/108 
s 151
f 129/109 130/110 131/108 
s 152
f 132/111 131/108 130/110 
s 153
f 131/108 132/111 133/106 
s 154
f 134/102 133/106 132/111 
s 155
f 133/106 134/102 135/105 
s 156
f 43/103 135/105 134/102 
s 157
f 135/105 43/103 27/112 
s 158
f 136/113 137/114 138/115 
s 159
f 137/114 136/113 139/116 
s 160
f 140/117 139/116 136/113 
s 161
f 139/116 140/117 141/118 
s 162
f 142/119 141/118 140/117 
s 163
f 141/118 142/119 143/120 
s 164
f 144/121 143/120 142/119 
s 165
f 143/120 144/121 145/122 
s 166
f 146/123 145/122 144/121 
s 167
f 145/122 146/123 147/124 
s 168
f 148/125 147/124 146/123 
s 169
f 147/124 148/125 149/126 
s 170
f 150/127 149/126 148/125 
s 171
f 149/126 150/127 151/128 
s 172
f 152/129 10/112 153/130 
s 173
f 10/112 152/129 154/131 
s 174
f 155/48 154/131 152/129 
s 175
f 154/131 155/48 18/132 
s 176
f 156/46 18/132 155/48 
s 177
f 18/132 156/46 157/133 
s 178
f 72/45 157/133 156/46 
s 179
f 157/133 72/45 158/44 
s 180
f 74/43 158/44 72/45 
s 181
f 158/44 74/43 159/42 
s 182
f 160/39 159/42 74/43 
s 183
f 159/42 160/39 161/40 
s 184
f 162/41 161/40 160/39 
s 185
f 161/40 162/41 163/134 
s 186
f 125/105 10/112 11/103 
s 187
f 10/112 125/105 153/130 
s 188
f 127/107 153/130 125/105 
s 189
f 153/130 127/107 152/129 
s 190
f 164/135 152/129 127/107 
s 191
f 152/129 164/135 165/136 
s 192
f 166/137 165/136 164/135 
s 193
f 165/136 166/137 167/138 
s 194
f 168/136 167/138 166/137 
s 195
f 167/138 168/136 169/139 
s 196
f 170/140 169/139 168/136 
s 197
f 169/139 170/140 58/52 
s 198
f 56/50 58/52 170/140 
s 199
f 171/125 172/127 173/141 
s 200
f 172/127 171/125 174/126 
s 201
f 175/124 174/126 171/125 
s 202
f 174/126 175/124 176/142 
s 203
f 177/143 176/142 175/124 
s 204
f 176/142 177/143 178/115 
s 205
f 179/144 178/115 177/143 
s 206
f 178/115 179/144 180/114 
s 207
f 181/120 180/114 179/144 
s 208
f 180/114 181/120 182/118 
s 209
f 183/119 182/118 181/120 
s 210
f 182/118 183/119 184/117 
s 211
f 185/145 184/117 183/119 
s 212
f 186/66 79/65 75/64 
s 213
f 79/65 186/66 81/69 
s 214
f 187/146 81/69 186/66 
s 215
f 81/69 187/146 83/71 
s 216
f 188/147 83/71 187/146 
s 217
f 83/71 188/147 85/73 
s 218
f 189/148 85/73 188/147 
s 219
f 85/73 189/148 87/75 
s 220
f 190/149 87/75 189/148 
s 221
f 87/75 190/149 191/150 
s 222
f 192/151 191/150 190/149 
s 223
f 183/119 193/152 185/145 
s 224
f 193/152 183/119 194/153 
s 225
f 195/121 194/153 183/119 
s 226
f 194/153 195/121 196/123 
s 227
f 197/122 196/123 195/121 
s 228
f 196/123 197/122 175/124 
s 229
f 198/154 175/124 197/122 
s 230
f 175/124 198/154 177/143 
s 231
f 197/122 177/143 198/154 
s 232
f 177/143 197/122 179/144 
s 233
f 181/120 179/144 197/122 
s 234
f 199/155 167/138 169/139 
s 235
f 167/138 199/155 200/139 
s 236
f 201/54 200/139 199/155 
s 237
f 200/139 201/54 202/52 
s 238
f 66/53 202/52 201/54 
s 239
f 202/52 66/53 203/51 
s 240
f 68/60 203/51 66/53 
s 241
f 203/51 68/60 204/49 
s 242
f 70/47 204/49 68/60 
s 243
f 204/49 70/47 155/48 
s 244
f 205/156 206/157 207/158 
s 245
f 206/157 205/156 208/159 
s 246
f 110/160 208/159 205/156 
s 247
f 208/159 110/160 209/161 
s 248
f 108/162 209/161 110/160 
s 249
f 209/161 108/162 210/163 
s 250
f 211/161 210/163 108/162 
s 251
f 210/163 211/161 212/164 
s 252
f 132/111 212/164 211/161 
s 253
f 212/164 132/111 130/110 
s 254
f 120/86 101/89 99/87 
s 255
f 101/89 120/86 213/88 
s 256
f 214/165 213/88 120/86 
s 257
f 213/88 214/165 215/70 
s 258
f 216/72 215/70 214/165 
s 259
f 215/70 216/72 217/71 
s 260
f 218/73 217/71 216/72 
s 261
f 217/71 218/73 219/147 
s 262
f 220/148 219/147 218/73 
s 263
f 219/147 220/148 221/166 
s 264
f 222/160 211/161 108/162 
s 265
f 211/161 222/160 223/159 
s 266
f 191/156 223/159 222/160 
s 267
f 223/159 191/156 224/157 
s 268
f 192/158 224/157 191/156 
s 269
f 224/157 192/158 225/167 
s 270
f 226/168 225/167 192/158 
s 271
f 225/167 226/168 40/169 
s 272
f 227/170 40/169 226/168 
s 273
f 40/169 227/170 228/171 
s 274
f 103/91 91/79 89/77 
s 275
f 91/79 103/91 229/172 
s 276
f 105/93 229/172 103/91 
s 277
f 229/172 105/93 230/173 
s 278
f 107/95 230/173 105/93 
s 279
f 230/173 107/95 231/93 
s 280
f 109/94 231/93 107/95 
s 281
f 231/93 109/94 232/91 
s 282
f 111/92 232/91 109/94 
s 283
f 232/91 111/92 113/98 
s 284
f 59/53 233/58 61/55 
s 285
f 233/58 59/53 234/59 
s 286
f 235/60 234/59 59/53 
s 287
f 234/59 235/60 236/61 
s 288
f 53/47 236/61 235/60 
s 289
f 236/61 53/47 237/62 
s 290
f 51/45 237/62 53/47 
s 291
f 237/62 51/45 238/63 
s 292
f 49/43 238/63 51/45 
s 293
f 47/41 239/174 240/175 
s 294
f 239/174 47/41 241/134 
s 295
f 46/40 241/134 47/41 
s 296
f 241/134 46/40 242/176 
s 297
f 243/177 242/176 46/40 
s 298
f 242/176 243/177 178/178 
s 299
f 244/179 178/178 243/177 
s 300
f 178/178 244/179 245/180 
s 301
f 228/171 245/180 244/179 
s 302
f 157/133 2/181 18/132 
s 303
f 2/181 157/133 3/182 
s 304
f 246/183 3/182 157/133 
s 305
f 3/182 246/183 247/184 
s 306
f 248/177 247/184 246/183 
s 307
f 247/184 248/177 249/179 
s 308
f 138/178 249/179 248/177 
s 309
f 249/179 138/178 250/180 
s 310
f 251/185 252/186 253/187 
s 311
f 252/186 251/185 254/188 
s 312
f 255/189 254/188 251/185 
s 313
f 254/188 255/189 256/190 
s 314
f 257/191 256/190 255/189 
s 315
f 256/190 257/191 258/192 
s 316
f 259/193 258/192 257/191 
s 317
f 258/192 259/193 260/194 
s 318
f 261/192 262/193 263/194 
s 319
f 262/193 261/192 264/191 
s 320
f 265/190 264/191 261/192 
s 321
f 264/191 265/190 266/189 
s 322
f 267/188 266/189 265/190 
s 323
f 266/189 267/188 268/185 
s 324
f 269/186 268/185 267/188 
s 325
f 268/185 269/186 270/187 
s 326
f 260/195 270/187 252/196 
s 327
f 270/187 260/195 268/185 
s 328
f 258/197 268/185 260/195 
s 329
f 268/185 258/197 266/189 
s 330
f 256/198 266/189 258/197 
s 331
f 266/189 256/198 264/191 
s 332
f 254/199 264/191 256/198 
s 333
f 264/191 254/199 262/193 
s 334
f 271/200 208/159 272/201 
s 335
f 208/159 271/200 206/157 
s 336
f 273/167 206/157 271/200 
s 337
f 206/157 273/167 207/158 
s 338
f 274/168 207/158 273/167 
s 339
f 207/158 274/168 275/170 
s 340
f 20/169 275/170 274/168 
s 341
f 230/173 276/202 229/172 
s 342
f 276/202 230/173 277/203 
s 343
f 278/202 277/203 230/173 
s 344
f 277/203 278/202 279/204 
s 345
f 280/101 279/204 278/202 
s 346
f 279/204 280/101 122/100 
s 347
f 121/85 122/100 280/101 
s 348
f 281/205 230/173 231/93 
s 349
f 230/173 281/205 278/202 
s 350
f 282/79 278/202 281/205 
s 351
f 278/202 282/79 283/81 
s 352
f 284/80 283/81 282/79 
s 353
f 283/81 284/80 117/82 
s 354
f 115/76 117/82 284/80 
s 355
f 285/206 286/207 287/208 
s 356
f 286/207 285/206 288/209 
s 357
f 289/210 288/209 285/206 
s 358
f 288/209 289/210 290/211 
s 359
f 291/209 290/211 289/210 
s 360
f 290/211 291/209 292/212 
s 361
f 293/213 292/212 291/209 
s 362
f 200/139 165/136 167/138 
s 363
f 165/136 200/139 294/140 
s 364
f 202/52 294/140 200/139 
s 365
f 294/140 202/52 295/50 
s 366
f 203/51 295/50 202/52 
s 367
f 295/50 203/51 204/49 
s 368
f 168/136 296/129 170/140 
s 369
f 296/129 168/136 297/135 
s 370
f 166/137 297/135 168/136 
s 371
f 297/135 166/137 298/107 
s 372
f 129/109 298/107 166/137 
s 373
f 298/107 129/109 131/108 
s 374
f 60/54 169/139 58/52 
s 375
f 169/139 60/54 199/155 
s 376
f 62/56 199/155 60/54 
s 377
f 199/155 62/56 201/54 
s 378
f 64/55 201/54 62/56 
s 379
f 201/54 64/55 66/53 
s 380
f 218/73 114/75 220/148 
s 381
f 114/75 218/73 116/74 
s 382
f 216/72 116/74 218/73 
s 383
f 116/74 216/72 118/99 
s 384
f 214/165 118/99 216/72 
s 385
f 118/99 214/165 120/86 
s 386
f 65/58 69/61 67/59 
s 387
f 69/61 65/58 299/214 
s 388
f 300/215 299/214 65/58 
s 389
f 299/214 300/215 233/58 
s 390
f 63/57 233/58 300/215 
s 391
f 233/58 63/57 61/55 
s 392
f 148/125 301/141 150/127 
s 393
f 301/141 148/125 302/216 
s 394
f 146/123 302/216 148/125 
s 395
f 302/216 146/123 303/153 
s 396
f 144/121 303/153 146/123 
s 397
f 303/153 144/121 142/119 
s 398
f 205/150 112/90 110/97 
s 399
f 112/90 205/150 114/75 
s 400
f 304/149 114/75 205/150 
s 401
f 114/75 304/149 220/148 
s 402
f 305/217 220/148 304/149 
s 403
f 185/145 172/218 306/219 
s 404
f 172/218 185/145 173/220 
s 405
f 193/152 173/220 185/145 
s 406
f 173/220 193/152 307/221 
s 407
f 194/153 307/221 193/152 
s 408
f 308/200 224/157 225/167 
s 409
f 224/157 308/200 223/159 
s 410
f 309/201 223/159 308/200 
s 411
f 223/159 309/201 211/161 
s 412
f 132/111 211/161 309/201 
s 413
f 260/222 265/223 258/224 
s 414
f 265/223 260/222 267/225 
s 415
f 252/226 267/225 260/222 
s 416
f 267/225 252/226 269/227 
s 417
f 310/99 84/72 86/74 
s 418
f 84/72 310/99 311/165 
s 419
f 98/86 311/165 310/99 
s 420
f 311/165 98/86 100/88 
s 421
f 237/62 312/228 236/61 
s 422
f 312/228 237/62 313/229 
s 423
f 238/63 313/229 237/62 
s 424
f 313/229 238/63 314/230 
s 425
f 94/82 86/74 88/76 
s 426
f 86/74 94/82 310/99 
s 427
f 96/84 310/99 94/82 
s 428
f 310/99 96/84 98/86 
s 429
f 315/228 71/62 69/61 
s 430
f 71/62 315/228 316/229 
s 431
f 317/231 316/229 315/228 
s 432
f 316/229 317/231 318/230 
s 433
f 228/171 41/232 40/169 
s 434
f 41/232 228/171 319/184 
s 435
f 244/179 319/184 228/171 
s 436
f 319/184 244/179 243/177 
s 437
f 320/146 217/71 219/147 
s 438
f 217/71 320/146 321/69 
s 439
f 77/66 321/69 320/146 
s 440
f 321/69 77/66 76/65 
s 441
f 291/209 322/207 293/213 
s 442
f 322/207 291/209 323/206 
s 443
f 289/210 323/206 291/209 
s 444
f 323/206 289/210 324/233 
s 445
f 321/69 215/70 217/71 
s 446
f 215/70 321/69 325/68 
s 447
f 76/65 325/68 321/69 
s 448
f 325/68 76/65 78/67 
s 449
f 318/234 287/208 73/235 
s 450
f 287/208 318/234 285/206 
s 451
f 317/233 285/206 318/234 
s 452
f 285/206 317/233 289/210 
s 453
f 180/114 242/113 178/115 
s 454
f 242/113 180/114 326/116 
s 455
f 182/118 326/116 180/114 
s 456
f 326/116 182/118 184/117 
s 457
f 113/98 282/79 232/91 
s 458
f 282/79 113/98 327/78 
s 459
f 115/76 327/78 113/98 
s 460
f 327/78 115/76 284/80 
s 461
f 292/236 328/237 329/238 
s 462
f 328/237 292/236 330/239 
s 463
f 331/237 330/239 292/236 
s 464
f 330/239 331/237 332/240 
s 465
f 283/81 280/101 278/202 
s 466
f 280/101 283/81 333/83 
s 467
f 117/82 333/83 283/81 
s 468
f 333/83 117/82 119/84 
s 469
f 221/145 142/119 140/117 
s 470
f 142/119 221/145 334/152 
s 471
f 301/220 334/152 221/145 
s 472
f 334/152 301/220 302/221 
s 473
f 298/107 296/129 297/135 
s 474
f 296/129 298/107 335/130 
s 475
f 135/105 335/130 298/107 
s 476
f 335/130 135/105 27/112 
s 477
f 247/184 16/232 3/182 
s 478
f 16/232 247/184 336/171 
s 479
f 249/179 336/171 247/184 
s 480
f 336/171 249/179 250/180 
s 481
f 337/133 25/181 34/182 
s 482
f 25/181 337/133 23/132 
s 483
f 52/46 23/132 337/133 
s 484
f 23/132 52/46 54/48 
s 485
f 338/241 339/242 340/243 
s 486
f 339/242 338/241 320/244 
s 487
f 341/245 320/244 338/241 
s 488
f 320/244 341/245 77/246 
s 489
f 342/131 27/112 23/132 
s 490
f 27/112 342/131 296/129 
s 491
f 56/50 296/129 342/131 
s 492
f 296/129 56/50 170/140 
s 493
f 343/143 145/122 147/124 
s 494
f 145/122 343/143 344/144 
s 495
f 138/115 344/144 343/143 
s 496
f 344/144 138/115 137/114 
s 497
f 319/184 34/182 41/232 
s 498
f 34/182 319/184 345/183 
s 499
f 243/177 345/183 319/184 
s 500
f 345/183 243/177 46/40 
s 501
f 346/142 151/128 250/247 
s 502
f 151/128 346/142 149/126 
s 503
f 147/124 149/126 346/142 
s 504
f 246/183 161/40 248/177 
s 505
f 161/40 246/183 159/42 
s 506
f 158/44 159/42 246/183 
s 507
f 196/123 307/216 194/153 
s 508
f 307/216 196/123 171/125 
s 509
f 175/124 171/125 196/123 
s 510
f 82/70 100/88 80/68 
s 511
f 100/88 82/70 311/165 
s 512
f 84/72 311/165 82/70 
s 513
f 347/248 348/249 349/250 
s 514
f 348/249 347/248 350/251 
s 515
f 351/252 350/251 347/248 
s 516
f 352/111 126/106 124/102 
s 517
f 126/106 352/111 128/108 
s 518
f 130/110 128/108 352/111 
s 519
f 353/248 256/249 258/251 
s 520
f 256/249 353/248 261/250 
s 521
f 265/252 261/250 353/248 
s 522
f 354/253 186/246 75/254 
s 523
f 186/246 354/253 355/255 
s 524
f 356/256 355/255 354/253 
s 525
f 136/176 161/40 163/134 
s 526
f 161/40 136/176 248/177 
s 527
f 138/178 248/177 136/176 
s 528
f 279/204 276/202 277/203 
s 529
f 276/202 279/204 123/101 
s 530
f 122/100 123/101 279/204 
s 531
f 325/68 213/88 215/70 
s 532
f 213/88 325/68 101/89 
s 533
f 78/67 101/89 325/68 
s 534
f 212/164 209/161 210/163 
s 535
f 209/161 212/164 352/111 
s 536
f 130/110 352/111 212/164 
s 537
f 276/202 91/79 229/172 
s 538
f 91/79 276/202 93/81 
s 539
f 123/101 93/81 276/202 
s 540
f 331/237 322/257 357/258 
s 541
f 322/257 331/237 293/238 
s 542
f 292/236 293/238 331/237 
s 543
f 77/246 354/253 75/254 
s 544
f 354/253 77/246 358/255 
s 545
f 341/245 358/255 77/246 
s 546
f 359/245 186/246 355/255 
s 547
f 186/246 359/245 187/244 
s 548
f 360/241 187/244 359/245 
s 549
f 92/80 88/76 90/78 
s 550
f 88/76 92/80 94/82 
s 551
f 48/42 345/183 46/40 
s 552
f 345/183 48/42 50/44 
s 553
f 345/183 337/133 34/182 
s 554
f 337/133 345/183 50/44 
s 555
f 138/115 346/142 250/247 
s 556
f 346/142 138/115 343/143 
s 557
f 195/121 181/120 197/122 
s 558
f 181/120 195/121 183/119 
s 559
f 306/128 174/126 176/142 
s 560
f 174/126 306/128 172/127 
s 561
f 245/247 176/142 178/115 
s 562
f 176/142 245/247 306/128 
s 563
f 143/120 344/144 137/114 
s 564
f 344/144 143/120 145/122 
s 565
f 141/118 137/114 139/116 
s 566
f 137/114 141/118 143/120 
s 567
f 303/153 334/152 302/221 
s 568
f 334/152 303/153 142/119 
s 569
f 54/48 342/131 23/132 
s 570
f 342/131 54/48 56/50 
s 571
f 133/106 298/107 131/108 
s 572
f 298/107 133/106 135/105 
s 573
f 333/83 121/85 280/101 
s 574
f 121/85 333/83 119/84 
s 575
f 231/93 282/79 281/205 
s 576
f 282/79 231/93 232/91 
s 577
f 339/259 219/147 221/166 
s 578
f 219/147 339/259 320/146 
s 579
f 207/151 304/149 205/150 
s 580
f 304/149 207/151 275/260 
s 581
f 191/150 102/90 87/75 
s 582
f 102/90 191/150 222/97 
s 583
f 106/94 222/97 108/96 
s 584
f 222/97 106/94 104/92 
s 585
f 361/259 188/147 187/146 
s 586
f 188/147 361/259 185/166 
s 587
f 362/217 190/149 189/148 
s 588
f 190/149 362/217 227/260 
s 589
f 348/198 363/189 364/191 
s 590
f 363/189 348/198 350/197 
s 591
f 365/199 364/191 366/193 
s 592
f 364/191 365/199 348/198 
s 593
f 323/206 357/208 322/207 
s 594
f 357/208 323/206 238/235 
s 595
f 314/234 323/206 324/233 
s 596
f 323/206 314/234 238/235 
s 597
f 316/229 73/63 71/62 
s 598
f 73/63 316/229 318/230 
s 599
f 292/212 288/209 290/211 
s 600
f 288/209 292/212 329/213 
s 601
f 367/174 162/41 368/175 
s 602
f 162/41 367/174 163/134 
s 603
f 369/261 370/194 371/262 
s 604
f 370/194 369/261 372/263 
s 605
f 372/193 350/192 370/194 
s 606
f 350/192 372/193 373/191 
s 607
f 286/257 328/237 287/258 
s 608
f 328/237 286/257 329/238 
s 609
f 348/190 373/191 374/189 
s 610
f 373/191 348/190 350/192 
s 611
f 365/188 374/189 375/185 
s 612
f 374/189 365/188 348/190 
s 613
f 152/129 294/140 295/50 
s 614
f 294/140 152/129 165/136 
s 615
f 155/48 295/50 204/49 
s 616
f 295/50 155/48 152/129 
s 617
f 252/264 262/263 254/265 
s 618
f 262/263 252/264 270/261 
s 619
f 371/186 375/185 369/187 
s 620
f 375/185 371/186 365/188 
s 621
f 313/229 324/231 312/228 
s 622
f 324/231 313/229 314/230 
s 623
f 253/261 260/194 259/263 
s 624
f 260/194 253/261 252/262 
s 625
f 150/218 221/145 151/219 
s 626
f 221/145 150/218 301/220 
s 627
f 156/46 70/47 72/45 
s 628
f 70/47 156/46 155/48 
s 629
f 361/242 360/241 376/266 
s 630
f 360/241 361/242 187/244 
s 631
f 241/134 184/267 377/268 
s 632
f 184/267 241/134 242/176 
s 633
f 336/171 20/169 16/232 
s 634
f 20/169 336/171 275/170 
s 635
f 272/201 209/161 352/111 
s 636
f 209/161 272/201 208/159 
s 637
f 140/267 163/134 378/268 
s 638
f 163/134 140/267 136/176 
s 639
f 370/195 379/187 380/185 
s 640
f 379/187 370/195 371/196 
s 641
f 371/264 366/263 379/261 
s 642
f 366/263 371/264 365/265 
s 643
f 127/107 166/137 164/135 
s 644
f 166/137 127/107 129/109 
s 645
f 270/261 263/194 262/263 
s 646
f 263/194 270/261 269/262 
s 647
f 254/269 269/270 252/271 
s 648
f 269/270 254/269 263/272 
s 649
f 363/189 381/188 351/190 
s 650
f 381/188 363/189 380/185 
s 651
f 364/191 351/190 349/192 
s 652
f 351/190 364/191 363/189 
s 653
f 366/193 349/192 382/194 
s 654
f 349/192 366/193 364/191 
s 655
f 379/261 382/194 383/262 
s 656
f 382/194 379/261 366/263 
s 657
f 383/186 380/185 379/187 
s 658
f 380/185 383/186 381/188 
s 659
f 236/61 233/58 234/59 
s 660
f 233/58 236/61 299/214 
s 661
f 256/273 263/272 254/269 
s 662
f 263/272 256/273 261/274 
s 663
f 57/51 235/60 59/53 
s 664
f 235/60 57/51 55/49 
s 665
f 348/273 382/272 349/274 
s 666
f 382/272 348/273 365/269 
s 667
f 370/222 351/223 381/225 
s 668
f 351/223 370/222 350/224 
s 669
f 371/226 381/225 383/227 
s 670
f 381/225 371/226 370/222 
s 671
f 365/269 383/270 382/272 
s 672
f 383/270 365/269 371/271 
s 673
f 350/197 380/185 363/189 
s 674
f 380/185 350/197 370/195 
s 675
f 147/124 346/142 343/143 
s 676
f 18/132 10/112 154/131 
s 677
f 384/275 385/276 340/243 
s 678
f 326/116 184/117 242/113 
s 679
f 386/275 376/266 387/276 
s 680
f 330/239 388/240 328/237 
s 681
f 134/102 44/104 43/103 
s 682
f 173/141 307/216 171/125 
s 683
f 250/277 221/166 151/278 
s 684
f 226/168 192/158 227/170 
s 685
f 274/168 273/167 20/169 
s 686
f 52/46 337/133 50/44 
s 687
f 65/58 63/57 300/215 
s 688
f 192/151 190/149 227/260 
s 689
f 185/166 189/148 188/147 
s 690
f 304/149 275/260 305/217 
s 691
f 222/97 104/92 102/90 
s 692
f 286/207 288/209 329/213 
s 693
f 358/255 356/256 354/253 
s 694
f 327/78 284/80 282/79 
s 695
f 335/130 27/112 296/129 
s 696
f 55/49 53/47 235/60 
s 697
f 353/248 258/251 265/252 
s 698
f 245/277 306/278 185/166 
s 699
f 349/250 351/252 347/248 
s 700
f 246/183 157/133 158/44 
s 701
f 389/279 390/280 391/281 
s 702
f 390/280 389/279 392/282 
s 703
f 393/283 392/282 389/279 
s 704
f 392/282 393/283 394/284 
s 705
f 395/285 394/284 393/283 
s 706
f 394/284 395/285 396/286 
s 707
f 397/287 396/286 395/285 
s 708
f 396/286 397/287 398/288 
s 709
f 399/289 393/283 389/279 
s 710
f 393/283 399/289 400/290 
s 711
f 401/291 400/290 399/289 
s 712
f 400/290 401/291 402/292 
s 713
f 403/293 402/292 401/291 
s 714
f 402/292 403/293 404/294 
s 715
f 405/295 404/294 403/293 
s 716
f 406/296 389/279 391/297 
s 717
f 389/279 406/296 399/289 
s 718
f 407/298 399/289 406/296 
s 719
f 399/289 407/298 401/291 
s 720
f 408/299 401/291 407/298 
s 721
f 401/291 408/299 403/293 
s 722
f 402/292 393/283 400/290 
s 723
f 393/283 402/292 395/285 
s 724
f 404/294 395/285 402/292 
s 725
f 395/285 404/294 409/300 
s 726
f 410/301 396/286 398/288 
s 727
f 396/286 410/301 411/302 
s 728
f 412/303 411/302 410/301 
s 729
f 411/302 412/303 413/304 
s 730
f 392/282 413/304 390/280 
s 731
f 413/304 392/282 411/302 
s 732
f 394/284 411/302 392/282 
s 733
f 411/302 394/284 396/286 
s 734
f 406/296 414/305 407/298 
s 735
f 414/305 406/296 415/306 
s 736
f 416/307 415/306 406/296 
s 737
f 414/308 417/309 418/310 
s 738
f 417/309 414/308 415/306 
s 739
f 408/299 414/305 418/310 
s 740
f 414/305 408/299 407/298 
s 741
f 419/311 395/285 409/300 
s 742
f 395/285 419/311 397/287 
s 743
f 420/312 421/313 422/314 
s 744
f 421/313 420/312 423/315 
s 745
f 424/316 423/315 420/312 
s 746
f 423/315 424/316 425/317 
s 747
f 423/315 426/318 421/319 
s 748
f 426/318 423/315 427/320 
s 749
f 425/321 427/320 423/315 
s 750
f 427/320 425/321 428/322 
s 751
f 427/320 429/323 426/318 
s 752
f 429/323 427/320 428/322 
s 753
f 430/324 431/325 432/326 
s 754
f 431/325 430/324 433/327 
s 755
f 434/328 433/327 430/324 
s 756
f 433/327 434/328 435/329 
s 757
f 436/330 435/329 434/328 
s 758
f 435/329 436/330 437/331 
s 759
f 425/321 437/331 436/330 
s 760
f 438/332 435/329 437/331 
s 761
f 435/329 438/332 433/327 
s 762
f 439/333 433/327 438/332 
s 763
f 433/327 439/333 431/325 
s 764
f 440/334 431/325 439/333 
s 765
f 441/335 436/330 434/328 
s 766
f 436/330 441/335 428/322 
s 767
f 429/323 428/322 441/335 
s 768
f 440/336 442/337 443/338 
s 769
f 442/337 440/336 439/339 
s 770
f 439/339 444/340 442/337 
s 771
f 444/340 439/339 438/341 
s 772
f 438/341 445/342 444/340 
s 773
f 445/342 438/341 437/331 
s 774
f 437/331 424/316 445/342 
s 775
f 424/316 437/331 425/317 
s 776
f 436/330 428/322 425/321 
s 777
f 446/343 447/344 448/345 
s 778
f 447/344 446/343 449/346 
s 779
f 450/347 449/346 446/343 
s 780
f 449/346 450/347 451/348 
s 781
f 452/349 451/348 450/347 
s 782
f 432/350 453/351 454/352 
s 783
f 453/351 432/350 455/324 
s 784
f 456/353 455/324 432/350 
s 785
f 457/354 458/338 459/336 
s 786
f 458/338 457/354 460/355 
s 787
f 443/338 460/355 457/354 
s 788
f 448/345 453/344 461/343 
s 789
f 453/344 448/345 454/356 
s 790
f 447/344 454/356 448/345 
s 791
f 462/357 448/345 463/358 
s 792
f 448/345 462/357 446/343 
s 793
f 464/359 446/343 462/357 
s 794
f 450/347 464/359 452/349 
s 795
f 464/359 450/347 446/343 
s 796
f 465/360 447/361 449/362 
s 797
f 447/361 465/360 434/328 
s 798
f 430/324 447/361 434/328 
s 799
f 447/361 430/324 432/326 
s 800
f 466/363 456/353 432/350 
s 801
f 456/353 466/363 457/364 
s 802
f 431/325 466/365 432/326 
s 803
f 466/365 431/325 440/334 
s 804
f 467/357 448/345 461/343 
s 805
f 448/345 467/357 463/358 
s 806
f 447/361 432/326 454/366 
s 807
f 456/353 457/364 459/336 
s 808
f 466/365 440/334 457/354 
s 809
f 457/354 440/336 443/338 
s 810
f 468/367 459/336 458/338 
s 811
f 459/336 468/367 469/339 
s 812
f 470/340 469/339 468/367 
s 813
f 469/339 470/340 471/341 
s 814
f 472/368 471/341 470/340 
s 815
f 471/341 472/368 473/331 
s 816
f 474/369 473/331 472/368 
s 817
f 473/331 474/369 475/317 
s 818
f 469/339 456/353 459/336 
s 819
f 456/353 469/339 476/327 
s 820
f 477/370 476/327 469/339 
s 821
f 476/327 477/370 478/328 
s 822
f 479/371 478/328 477/370 
s 823
f 478/328 479/371 480/372 
s 824
f 481/373 480/372 479/371 
s 825
f 471/341 477/370 469/339 
s 826
f 477/370 471/341 479/371 
s 827
f 473/374 479/371 471/341 
s 828
f 479/371 473/374 475/317 
s 829
f 455/324 476/327 478/328 
s 830
f 476/327 455/324 456/353 
s 831
f 479/371 475/317 481/373 
s 832
f 482/282 483/280 484/302 
s 833
f 483/280 482/282 485/375 
s 834
f 486/376 485/375 482/282 
s 835
f 485/375 486/376 487/377 
s 836
f 488/289 487/377 486/376 
s 837
f 487/377 488/289 489/308 
s 838
f 490/378 489/308 488/289 
s 839
f 489/308 490/378 408/299 
s 840
f 491/291 408/299 490/378 
s 841
f 408/299 491/291 403/293 
s 842
f 492/379 403/293 491/291 
s 843
f 484/302 493/380 494/381 
s 844
f 493/380 484/302 495/304 
s 845
f 483/280 495/304 484/302 
s 846
f 493/380 496/382 497/383 
s 847
f 496/382 493/380 495/304 
s 848
f 483/280 498/384 499/385 
s 849
f 498/384 483/280 485/375 
s 850
f 499/385 495/304 483/280 
s 851
f 495/304 499/385 496/382 
s 852
f 485/375 500/386 498/384 
s 853
f 500/386 485/375 487/377 
s 854
f 487/377 501/306 500/386 
s 855
f 501/306 487/377 489/308 
s 856
f 418/310 489/308 408/299 
s 857
f 489/308 418/310 417/309 
s 858
f 491/291 502/290 492/379 
s 859
f 502/290 491/291 490/378 
s 860
f 417/309 501/306 489/308 
s 861
f 502/290 490/378 488/289 
s 862
f 494/381 503/286 484/302 
s 863
f 503/286 494/381 504/387 
s 864
f 426/318 504/387 494/381 
s 865
f 504/387 426/318 505/388 
s 866
f 429/323 505/388 426/318 
s 867
f 505/388 429/323 506/311 
s 868
f 507/389 506/311 429/323 
s 869
f 506/311 507/389 508/390 
s 870
f 451/391 508/390 507/389 
s 871
f 507/389 449/362 451/391 
s 872
f 449/362 507/389 465/360 
s 873
f 434/328 465/360 507/389 
s 874
f 488/289 509/392 502/290 
s 875
f 509/392 488/289 486/376 
s 876
f 486/376 510/393 509/392 
s 877
f 510/393 486/376 482/282 
s 878
f 482/282 503/286 510/393 
s 879
f 503/286 482/282 484/302 
s 880
f 441/335 507/389 429/323 
s 881
f 507/389 441/335 434/328 
s 882
f 494/381 421/394 426/318 
s 883
f 421/394 494/381 493/380 
s 884
f 493/380 422/314 421/394 
s 885
f 422/314 493/380 497/383 
s 886
f 511/395 512/396 513/397 
s 887
f 512/396 511/395 514/398 
s 888
f 515/399 514/398 511/395 
s 889
f 514/398 515/399 516/400 
s 890
f 517/401 516/400 515/399 
s 891
f 516/400 517/401 518/402 
s 892
f 519/403 518/402 517/401 
s 893
f 518/402 519/403 520/404 
s 894
f 521/405 520/404 519/403 
s 895
f 520/404 521/405 522/403 
s 896
f 523/406 522/403 521/405 
s 897
f 522/403 523/406 524/407 
s 898
f 525/408 384/275 526/409 
s 899
f 384/275 525/408 385/276 
s 900
f 515/399 385/276 525/408 
s 901
f 385/276 515/399 527/410 
s 902
f 511/395 527/410 515/399 
s 903
f 527/410 511/395 528/411 
s 904
f 513/397 528/411 511/395 
s 905
f 528/411 513/397 529/412 
s 906
f 530/413 529/412 513/397 
s 907
f 529/412 530/413 531/414 
s 908
f 532/415 531/414 530/413 
s 909
f 533/416 532/415 534/417 
s 910
f 532/415 533/416 535/413 
s 911
f 536/396 535/413 533/416 
s 912
f 535/413 536/396 537/397 
s 913
f 538/395 537/397 536/396 
s 914
f 537/397 538/395 539/411 
s 915
f 540/410 539/411 538/395 
s 916
f 539/411 540/410 359/245 
s 917
f 360/241 359/245 540/410 
s 918
f 541/408 522/403 524/407 
s 919
f 522/403 541/408 542/401 
s 920
f 543/399 542/401 541/408 
s 921
f 542/401 543/399 544/418 
s 922
f 545/419 544/418 543/399 
s 923
f 544/418 545/419 546/420 
s 924
f 547/421 546/420 545/419 
s 925
f 545/419 536/396 547/421 
s 926
f 536/396 545/419 538/395 
s 927
f 543/399 538/395 545/419 
s 928
f 538/395 543/399 540/410 
s 929
f 387/276 540/410 543/399 
s 930
f 540/410 387/276 360/241 
s 931
f 376/266 360/241 387/276 
s 932
f 548/412 356/256 531/414 
s 933
f 356/256 548/412 355/255 
s 934
f 539/411 355/255 548/412 
s 935
f 355/255 539/411 359/245 
s 936
f 549/420 516/400 518/402 
s 937
f 516/400 549/420 514/398 
s 938
f 550/421 514/398 549/420 
s 939
f 514/398 550/421 512/396 
s 940
f 525/408 517/401 515/399 
s 941
f 517/401 525/408 519/403 
s 942
f 551/407 519/403 525/408 
s 943
f 519/403 551/407 552/422 
s 944
f 535/413 531/414 532/415 
s 945
f 531/414 535/413 548/412 
s 946
f 537/397 548/412 535/413 
s 947
f 548/412 537/397 539/411 
s 948
f 553/423 377/424 184/425 
s 949
f 377/424 553/423 554/426 
s 950
f 555/427 554/426 553/423 
s 951
f 556/428 544/418 546/420 
s 952
f 544/418 556/428 542/401 
s 953
f 522/403 542/401 556/428 
s 954
f 358/255 528/411 529/412 
s 955
f 528/411 358/255 341/245 
s 956
f 527/410 341/245 338/241 
s 957
f 341/245 527/410 528/411 
s 958
f 356/256 529/412 531/414 
s 959
f 529/412 356/256 358/255 
s 960
f 385/276 338/241 340/243 
s 961
f 338/241 385/276 527/410 
s 962
f 552/422 521/405 519/403 
s 963
f 521/405 552/422 557/429 
s 964
f 530/413 512/396 558/416 
s 965
f 512/396 530/413 513/397 
s 966
f 532/415 558/416 534/430 
s 967
f 558/416 532/415 530/413 
s 968
f 386/275 541/408 559/409 
s 969
f 541/408 386/275 387/276 
s 970
f 378/424 560/431 140/425 
s 971
f 560/431 378/424 561/426 
s 972
f 387/276 543/399 541/408 
s 973
f 523/406 521/405 557/429 
s 974
f 522/403 556/428 520/404 
s 975
f 560/431 561/426 562/427 
s 976
f 563/432 13/433 22/434 
s 977
f 13/433 563/432 564/435 
s 978
f 565/436 564/435 563/432 
s 979
f 564/435 565/436 566/437 
s 980
f 272/201 566/437 565/436 
s 981
f 566/437 272/201 352/111 
s 982
f 567/438 568/439 569/440 
s 983
f 568/439 567/438 570/441 
s 984
f 571/442 570/441 567/438 
s 985
f 570/441 571/442 572/443 
s 986
f 573/444 572/443 571/442 
s 987
f 572/443 573/444 574/445 
s 988
f 575/446 20/169 273/167 
s 989
f 20/169 575/446 576/447 
s 990
f 563/432 576/447 575/446 
s 991
f 576/447 563/432 21/448 
s 992
f 22/434 21/448 563/432 
s 993
f 577/438 578/439 579/441 
s 994
f 578/439 577/438 580/440 
s 995
f 581/449 580/440 577/438 
s 996
f 580/440 581/449 582/450 
s 997
f 583/442 579/441 584/443 
s 998
f 579/441 583/442 577/438 
s 999
f 585/451 577/438 583/442 
s 1000
f 577/438 585/451 581/449 
s 1001
f 586/444 584/443 587/445 
s 1002
f 584/443 586/444 583/442 
s 1003
f 588/452 583/442 586/444 
s 1004
f 583/442 588/452 585/451 
s 1005
f 589/453 590/454 591/455 
s 1006
f 590/454 589/453 592/456 
s 1007
f 593/457 592/456 589/453 
s 1008
f 592/456 593/457 594/458 
s 1009
f 595/459 591/455 596/460 
s 1010
f 591/455 595/459 589/453 
s 1011
f 597/461 589/453 595/459 
s 1012
f 589/453 597/461 593/457 
s 1013
f 598/462 596/460 599/463 
s 1014
f 596/460 598/462 595/459 
s 1015
f 600/464 595/459 598/462 
s 1016
f 595/459 600/464 597/461 
s 1017
f 592/465 599/463 590/466 
s 1018
f 599/463 592/465 598/462 
s 1019
f 594/467 598/462 592/465 
s 1020
f 598/462 594/467 600/464 
s 1021
f 601/468 602/469 603/470 
s 1022
f 602/469 601/468 604/471 
s 1023
f 591/472 604/471 601/468 
s 1024
f 604/471 591/472 590/473 
s 1025
f 605/474 603/470 606/475 
s 1026
f 603/470 605/474 601/468 
s 1027
f 596/476 601/468 605/474 
s 1028
f 601/468 596/476 591/472 
s 1029
f 607/477 606/475 608/478 
s 1030
f 606/475 607/477 605/474 
s 1031
f 599/479 605/474 607/477 
s 1032
f 605/474 599/479 596/476 
s 1033
f 604/480 608/478 602/481 
s 1034
f 608/478 604/480 607/477 
s 1035
f 590/482 607/477 604/480 
s 1036
f 607/477 590/482 599/479 
s 1037
f 271/200 575/446 273/167 
s 1038
f 575/446 271/200 565/436 
s 1039
f 272/201 565/436 271/200 
s 1040
f 609/483 603/484 602/485 
s 1041
f 603/484 609/483 606/485 
s 1042
f 608/486 606/485 609/483 
s 1043
f 12/104 564/435 124/102 
s 1044
f 564/435 12/104 13/433 
s 1045
f 352/111 564/435 566/437 
s 1046
f 564/435 352/111 124/102 
s 1047
f 586/444 582/487 588/452 
s 1048
f 582/487 586/444 580/488 
s 1049
f 578/489 586/444 587/490 
s 1050
f 586/444 578/489 580/488 
s 1051
f 568/489 573/444 569/488 
s 1052
f 573/444 568/489 574/490 
s 1053
f 21/448 20/169 576/447 
s 1054
f 575/446 565/436 563/432 
s 1055
f 602/485 608/486 609/483 
s 1056
f 610/491 611/492 612/493 
s 1057
f 611/492 610/491 613/494 
s 1058
f 614/495 613/494 610/491 
s 1059
f 613/494 614/495 615/496 
s 1060
f 616/497 615/496 614/495 
s 1061
f 615/496 616/497 617/498 
s 1062
f 618/499 617/498 616/497 
s 1063
f 617/498 618/499 619/500 
s 1064
f 620/501 619/500 618/499 
s 1065
f 619/500 620/501 621/502 
s 1066
f 622/503 621/502 620/501 
s 1067
f 621/502 622/503 623/504 
s 1068
f 624/505 623/504 622/503 
s 1069
f 623/504 624/505 625/506 
s 1070
f 626/507 625/506 624/505 
s 1071
f 625/506 626/507 627/508 
s 1072
f 628/509 627/508 626/507 
s 1073
f 627/508 628/509 629/510 
s 1074
f 630/511 629/510 628/509 
s 1075
f 629/510 630/511 631/512 
s 1076
f 632/513 631/512 630/511 
s 1077
f 631/512 632/513 633/514 
s 1078
f 634/515 633/514 632/513 
s 1079
f 635/516 636/517 637/518 
s 1080
f 636/517 635/516 638/519 
s 1081
f 639/520 638/519 635/516 
s 1082
f 638/519 639/520 640/521 
s 1083
f 641/522 640/521 639/520 
s 1084
f 640/521 641/522 642/523 
s 1085
f 643/524 642/523 641/522 
s 1086
f 642/523 643/524 644/525 
s 1087
f 645/526 644/525 643/524 
s 1088
f 644/525 645/526 646/527 
s 1089
f 647/528 646/527 645/526 
s 1090
f 646/527 647/528 648/529 
s 1091
f 649/530 648/529 647/528 
s 1092
f 648/529 649/530 650/531 
s 1093
f 651/532 650/531 649/530 
s 1094
f 652/533 653/534 654/535 
s 1095
f 653/534 652/533 655/536 
s 1096
f 656/537 655/536 652/533 
s 1097
f 655/536 656/537 637/538 
s 1098
f 657/539 637/538 656/537 
s 1099
f 637/538 657/539 635/540 
s 1100
f 658/541 635/540 657/539 
s 1101
f 635/540 658/541 659/542 
s 1102
f 660/543 659/542 658/541 
s 1103
f 659/542 660/543 661/544 
s 1104
f 662/545 661/544 660/543 
s 1105
f 661/544 662/545 663/546 
s 1106
f 664/547 663/546 662/545 
s 1107
f 663/546 664/547 665/548 
s 1108
f 666/549 625/506 627/508 
s 1109
f 625/506 666/549 667/550 
s 1110
f 668/551 667/550 666/549 
s 1111
f 667/550 668/551 669/552 
s 1112
f 670/553 669/552 668/551 
s 1113
f 669/552 670/553 671/554 
s 1114
f 672/555 671/554 670/553 
s 1115
f 671/554 672/555 673/556 
s 1116
f 674/557 673/556 672/555 
s 1117
f 673/556 674/557 675/558 
s 1118
f 676/559 675/558 674/557 
s 1119
f 675/558 676/559 677/560 
s 1120
f 678/561 679/562 680/563 
s 1121
f 679/562 678/561 681/564 
s 1122
f 612/493 681/564 678/561 
s 1123
f 681/564 612/493 682/565 
s 1124
f 611/492 682/565 612/493 
s 1125
f 682/565 611/492 683/566 
s 1126
f 684/567 683/566 611/492 
s 1127
f 683/566 684/567 685/568 
s 1128
f 686/569 685/568 684/567 
s 1129
f 685/568 686/569 687/570 
s 1130
f 688/571 687/570 686/569 
s 1131
f 689/572 690/573 691/574 
s 1132
f 690/573 689/572 692/575 
s 1133
f 693/576 692/575 689/572 
s 1134
f 692/575 693/576 694/577 
s 1135
f 695/578 694/577 693/576 
s 1136
f 694/577 695/578 696/579 
s 1137
f 697/580 696/579 695/578 
s 1138
f 696/579 697/580 659/542 
s 1139
f 635/540 659/542 697/580 
s 1140
f 658/581 698/582 699/583 
s 1141
f 698/582 658/581 700/584 
s 1142
f 701/585 700/584 658/581 
s 1143
f 700/584 701/585 636/517 
s 1144
f 702/586 636/517 701/585 
s 1145
f 636/517 702/586 637/518 
s 1146
f 703/587 637/518 702/586 
s 1147
f 637/518 703/587 655/588 
s 1148
f 653/589 655/588 703/587 
s 1149
f 615/496 611/492 613/494 
s 1150
f 611/492 615/496 684/567 
s 1151
f 704/590 684/567 615/496 
s 1152
f 684/567 704/590 686/569 
s 1153
f 705/591 686/569 704/590 
s 1154
f 686/569 705/591 688/571 
s 1155
f 680/592 688/571 705/591 
s 1156
f 665/593 673/556 706/594 
s 1157
f 673/556 665/593 671/554 
s 1158
f 707/595 671/554 665/593 
s 1159
f 671/554 707/595 669/552 
s 1160
f 708/596 669/552 707/595 
s 1161
f 669/552 708/596 667/550 
s 1162
f 625/506 667/550 708/596 
s 1163
f 697/597 640/521 642/523 
s 1164
f 640/521 697/597 709/598 
s 1165
f 710/599 709/598 697/597 
s 1166
f 709/598 710/599 711/600 
s 1167
f 712/601 711/600 710/599 
s 1168
f 711/600 712/601 696/602 
s 1169
f 694/603 696/602 712/601 
s 1170
f 695/604 710/599 697/597 
s 1171
f 710/599 695/604 713/605 
s 1172
f 714/606 713/605 695/604 
s 1173
f 713/605 714/606 712/601 
s 1174
f 715/607 712/601 714/606 
s 1175
f 712/601 715/607 694/603 
s 1176
f 692/608 694/603 715/607 
s 1177
f 638/519 700/584 636/517 
s 1178
f 700/584 638/519 716/609 
s 1179
f 620/501 716/609 638/519 
s 1180
f 716/609 620/501 717/610 
s 1181
f 618/499 717/610 620/501 
s 1182
f 717/610 618/499 616/497 
s 1183
f 691/611 718/612 689/613 
s 1184
f 718/612 691/611 719/614 
s 1185
f 690/615 719/614 691/611 
s 1186
f 719/614 690/615 720/616 
s 1187
f 692/608 720/616 690/615 
s 1188
f 720/616 692/608 715/607 
s 1189
f 634/617 721/618 633/619 
s 1190
f 721/618 634/617 722/620 
s 1191
f 723/621 722/620 634/617 
s 1192
f 722/620 723/621 627/622 
s 1193
f 724/623 627/622 723/621 
s 1194
f 627/622 724/623 696/579 
s 1195
f 650/624 646/625 648/626 
s 1196
f 646/625 650/624 644/627 
s 1197
f 651/628 644/627 650/624 
s 1198
f 644/627 651/628 642/629 
s 1199
f 725/630 642/629 651/628 
s 1200
f 642/629 725/630 635/540 
s 1201
f 708/596 623/504 625/506 
s 1202
f 623/504 708/596 621/502 
s 1203
f 726/631 621/502 708/596 
s 1204
f 621/502 726/631 727/632 
s 1205
f 662/633 727/632 726/631 
s 1206
f 727/632 662/633 728/634 
s 1207
f 705/591 678/635 680/592 
s 1208
f 678/635 705/591 729/636 
s 1209
f 730/637 729/636 705/591 
s 1210
f 729/636 730/637 731/638 
s 1211
f 617/498 731/638 730/637 
s 1212
f 731/638 617/498 619/500 
s 1213
f 729/639 612/493 678/561 
s 1214
f 612/493 729/639 610/491 
s 1215
f 732/640 610/491 729/639 
s 1216
f 610/491 732/640 733/641 
s 1217
f 734/642 733/641 732/640 
s 1218
f 733/641 734/642 735/643 
s 1219
f 736/644 654/645 653/589 
s 1220
f 654/645 736/644 737/646 
s 1221
f 738/647 737/646 736/644 
s 1222
f 737/646 738/647 652/648 
s 1223
f 656/649 652/648 738/647 
s 1224
f 703/587 736/644 653/589 
s 1225
f 736/644 703/587 738/647 
s 1226
f 739/650 738/647 703/587 
s 1227
f 738/647 739/650 657/651 
s 1228
f 658/581 657/651 739/650 
s 1229
f 725/652 639/520 635/516 
s 1230
f 639/520 725/652 740/653 
s 1231
f 741/654 740/653 725/652 
s 1232
f 740/653 741/654 641/522 
s 1233
f 643/524 641/522 741/654 
s 1234
f 682/565 679/562 681/564 
s 1235
f 679/562 682/565 742/655 
s 1236
f 743/656 742/655 682/565 
s 1237
f 742/655 743/656 744/657 
s 1238
f 745/658 744/657 743/656 
s 1239
f 746/659 724/660 747/661 
s 1240
f 724/660 746/659 748/662 
s 1241
f 626/507 748/662 746/659 
s 1242
f 748/662 626/507 624/505 
s 1243
f 718/612 693/663 689/613 
s 1244
f 693/663 718/612 749/664 
s 1245
f 719/614 749/664 718/612 
s 1246
f 749/664 719/614 720/616 
s 1247
f 750/665 706/666 677/667 
s 1248
f 706/666 750/665 751/668 
s 1249
f 672/669 751/668 750/665 
s 1250
f 751/668 672/669 670/670 
s 1251
f 683/566 743/656 682/565 
s 1252
f 743/656 683/566 752/671 
s 1253
f 685/568 752/671 683/566 
s 1254
f 752/671 685/568 687/570 
s 1255
f 704/590 730/637 705/591 
s 1256
f 730/637 704/590 753/672 
s 1257
f 615/496 753/672 704/590 
s 1258
f 753/672 615/496 617/498 
s 1259
f 727/632 619/500 621/502 
s 1260
f 619/500 727/632 754/673 
s 1261
f 755/674 754/673 727/632 
s 1262
f 754/673 755/674 732/675 
s 1263
f 659/542 668/676 666/677 
s 1264
f 668/676 659/542 756/678 
s 1265
f 661/544 756/678 659/542 
s 1266
f 756/678 661/544 663/546 
s 1267
f 721/679 631/512 633/514 
s 1268
f 631/512 721/679 629/510 
s 1269
f 722/680 629/510 721/679 
s 1270
f 629/510 722/680 627/508 
s 1271
f 630/511 724/660 723/681 
s 1272
f 724/660 630/511 747/661 
s 1273
f 628/509 747/661 630/511 
s 1274
f 747/661 628/509 626/507 
s 1275
f 757/682 645/526 643/524 
s 1276
f 645/526 757/682 647/528 
s 1277
f 649/530 647/528 757/682 
s 1278
f 709/598 638/519 640/521 
s 1279
f 638/519 709/598 620/501 
s 1280
f 622/503 620/501 709/598 
s 1281
f 660/543 728/683 662/545 
s 1282
f 728/683 660/543 734/684 
s 1283
f 735/685 734/684 660/543 
s 1284
f 739/650 701/585 658/581 
s 1285
f 701/585 739/650 702/586 
s 1286
f 703/587 702/586 739/650 
s 1287
f 748/662 696/602 724/660 
s 1288
f 696/602 748/662 622/503 
s 1289
f 624/505 622/503 748/662 
s 1290
f 751/668 665/548 706/666 
s 1291
f 665/548 751/668 663/546 
s 1292
f 670/670 663/546 751/668 
s 1293
f 758/686 717/610 616/497 
s 1294
f 717/610 758/686 698/582 
s 1295
f 699/583 698/582 758/686 
s 1296
f 696/579 666/677 627/622 
s 1297
f 666/677 696/579 659/542 
s 1298
f 716/609 698/582 700/584 
s 1299
f 698/582 716/609 717/610 
s 1300
f 711/600 622/503 709/598 
s 1301
f 622/503 711/600 696/602 
s 1302
f 614/495 758/686 616/497 
s 1303
f 758/686 614/495 735/643 
s 1304
f 699/687 660/543 658/541 
s 1305
f 660/543 699/687 735/685 
s 1306
f 715/607 749/664 720/616 
s 1307
f 749/664 715/607 714/606 
s 1308
f 749/664 695/604 693/663 
s 1309
f 695/604 749/664 714/606 
s 1310
f 741/654 757/682 643/524 
s 1311
f 757/682 741/654 725/652 
s 1312
f 757/682 651/532 649/530 
s 1313
f 651/532 757/682 725/652 
s 1314
f 754/673 731/638 619/500 
s 1315
f 731/638 754/673 732/675 
s 1316
f 756/678 670/670 668/676 
s 1317
f 670/670 756/678 663/546 
s 1318
f 632/513 723/681 634/515 
s 1319
f 723/681 632/513 630/511 
s 1320
f 707/595 726/631 708/596 
s 1321
f 726/631 707/595 662/633 
s 1322
f 676/688 750/665 677/667 
s 1323
f 750/665 676/688 674/689 
s 1324
f 733/641 614/495 610/491 
s 1325
f 614/495 733/641 735/643 
s 1326
f 664/690 707/595 665/593 
s 1327
f 707/595 664/690 662/633 
s 1328
f 677/560 673/556 675/558 
s 1329
f 673/556 677/560 706/594 
s 1330
f 745/658 752/671 687/570 
s 1331
f 752/671 745/658 743/656 
s 1332
f 729/636 731/638 732/675 
s 1333
f 730/637 753/672 617/498 
s 1334
f 727/632 728/634 755/674 
s 1335
f 738/647 657/651 656/649 
s 1336
f 728/683 734/684 755/691 
s 1337
f 654/645 737/646 652/648 
s 1338
f 734/642 732/640 755/692 
s 1339
f 747/661 626/507 746/659 
s 1340
f 635/540 697/580 642/629 
s 1341
f 699/583 758/686 735/643 
s 1342
f 750/665 674/689 672/669 
s 1343
f 641/522 639/520 740/653 
s 1344
f 710/599 713/605 712/601 
s 1345
f 759/693 760/694 761/695 
s 1346
f 760/694 759/693 762/696 
s 1347
f 763/697 762/696 759/693 
s 1348
f 762/696 763/697 764/698 
s 1349
f 765/699 764/698 763/697 
s 1350
f 764/698 765/699 766/700 
s 1351
f 767/701 766/700 765/699 
s 1352
f 766/700 767/701 768/702 
s 1353
f 769/703 768/702 767/701 
s 1354
f 768/702 769/703 770/704 
s 1355
f 771/705 770/704 769/703 
s 1356
f 770/704 771/705 772/706 
s 1357
f 773/707 772/706 771/705 
s 1358
f 772/706 773/707 774/708 
s 1359
f 775/709 774/708 773/707 
s 1360
f 774/708 775/709 776/710 
s 1361
f 777/711 687/570 778/712 
s 1362
f 687/570 777/711 745/658 
s 1363
f 779/713 745/658 777/711 
s 1364
f 745/658 779/713 744/657 
s 1365
f 780/714 744/657 779/713 
s 1366
f 744/657 780/714 742/655 
s 1367
f 781/715 742/655 780/714 
s 1368
f 742/655 781/715 679/562 
s 1369
f 782/716 783/717 784/718 
s 1370
f 783/717 782/716 785/719 
s 1371
f 786/720 785/719 782/716 
s 1372
f 785/719 786/720 787/721 
s 1373
f 788/722 787/721 786/720 
s 1374
f 787/721 788/722 764/698 
s 1375
f 762/696 764/698 788/722 
s 1376
f 773/707 789/723 775/709 
s 1377
f 789/723 773/707 790/724 
s 1378
f 791/725 790/724 773/707 
s 1379
f 790/724 791/725 792/726 
s 1380
f 793/727 792/726 791/725 
s 1381
f 792/726 793/727 794/728 
s 1382
f 795/729 789/730 790/731 
s 1383
f 789/730 795/729 775/732 
s 1384
f 796/733 775/732 795/729 
s 1385
f 775/732 796/733 797/734 
s 1386
f 798/735 797/734 796/733 
s 1387
f 797/734 798/735 799/736 
s 1388
f 800/737 801/738 802/739 
s 1389
f 801/738 800/737 784/740 
s 1390
f 803/741 784/740 800/737 
s 1391
f 784/740 803/741 782/742 
s 1392
f 804/743 782/742 803/741 
s 1393
f 782/742 804/743 805/744 
s 1394
f 785/719 806/745 783/717 
s 1395
f 806/745 785/719 807/746 
s 1396
f 787/721 807/746 785/719 
s 1397
f 807/746 787/721 766/700 
s 1398
f 764/698 766/700 787/721 
s 1399
f 783/717 808/747 784/718 
s 1400
f 808/747 783/717 809/748 
s 1401
f 806/745 809/748 783/717 
s 1402
f 809/748 806/745 774/708 
s 1403
f 772/706 774/708 806/745 
s 1404
f 810/749 786/720 782/716 
s 1405
f 786/720 810/749 811/750 
s 1406
f 793/751 811/750 810/749 
s 1407
f 811/750 793/751 760/694 
s 1408
f 771/705 791/725 773/707 
s 1409
f 791/725 771/705 812/752 
s 1410
f 769/703 812/752 771/705 
s 1411
f 812/752 769/703 813/753 
s 1412
f 803/741 814/754 804/743 
s 1413
f 814/754 803/741 815/755 
s 1414
f 800/737 815/755 803/741 
s 1415
f 792/726 816/756 790/724 
s 1416
f 816/756 792/726 817/757 
s 1417
f 794/728 817/757 792/726 
s 1418
f 807/746 768/702 770/704 
s 1419
f 768/702 807/746 766/700 
s 1420
f 806/745 770/704 772/706 
s 1421
f 770/704 806/745 807/746 
s 1422
f 776/710 809/748 774/708 
s 1423
f 809/748 776/710 808/747 
s 1424
f 811/750 788/722 786/720 
s 1425
f 788/722 811/750 760/694 
s 1426
f 793/727 812/752 760/758 
s 1427
f 812/752 793/727 791/725 
s 1428
f 761/759 812/752 813/753 
s 1429
f 812/752 761/759 760/758 
s 1430
f 818/760 769/703 767/701 
s 1431
f 769/703 818/760 813/753 
s 1432
f 794/761 810/749 817/762 
s 1433
f 810/749 794/761 793/751 
s 1434
f 819/763 687/570 688/571 
s 1435
f 687/570 819/763 778/712 
s 1436
f 820/764 688/571 680/592 
s 1437
f 688/571 820/764 819/763 
s 1438
f 680/563 781/715 820/765 
s 1439
f 781/715 680/563 679/562 
s 1440
f 776/766 797/734 808/767 
s 1441
f 797/734 776/766 775/732 
s 1442
f 801/768 797/734 802/769 
s 1443
f 797/734 801/768 808/767 
s 1444
f 821/770 797/734 799/736 
s 1445
f 797/734 821/770 802/769 
s 1446
f 796/733 822/771 798/735 
s 1447
f 822/771 796/733 795/729 
s 1448
f 810/772 805/744 817/773 
s 1449
f 805/744 810/772 782/742 
s 1450
f 808/774 801/738 784/740 
s 1451
f 788/722 760/694 762/696 
s 1452
f 823/775 824/349 825/776 
s 1453
f 824/349 823/775 826/777 
s 1454
f 827/778 826/777 823/775 
s 1455
f 826/777 827/778 828/779 
s 1456
f 829/780 828/779 827/778 
s 1457
f 828/779 829/780 830/781 
s 1458
f 831/782 830/781 829/780 
s 1459
f 830/781 831/782 832/780 
s 1460
f 833/783 832/780 831/782 
s 1461
f 832/780 833/783 834/784 
s 1462
f 835/785 834/784 833/783 
s 1463
f 834/784 835/785 836/786 
s 1464
f 837/787 836/786 835/785 
s 1465
f 836/786 837/787 838/788 
s 1466
f 839/786 838/788 837/787 
s 1467
f 838/788 839/786 840/789 
s 1468
f 841/790 840/789 839/786 
s 1469
f 840/789 841/790 842/791 
s 1470
f 843/792 842/791 841/790 
s 1471
f 842/791 843/792 844/793 
s 1472
f 845/794 844/793 843/792 
s 1473
f 844/793 845/794 846/795 
s 1474
f 847/796 846/795 845/794 
s 1475
f 848/779 462/357 463/358 
s 1476
f 462/357 848/779 849/777 
s 1477
f 850/778 849/777 848/779 
s 1478
f 849/777 850/778 851/797 
s 1479
f 852/798 851/797 850/778 
s 1480
f 851/797 852/798 853/776 
s 1481
f 854/799 853/776 852/798 
s 1482
f 853/776 854/799 855/800 
s 1483
f 856/801 855/800 854/799 
s 1484
f 855/800 856/801 857/802 
s 1485
f 858/803 857/802 856/801 
s 1486
f 857/802 858/803 859/804 
s 1487
f 860/805 859/804 858/803 
s 1488
f 861/806 508/390 451/391 
s 1489
f 508/390 861/806 862/807 
s 1490
f 863/808 862/807 861/806 
s 1491
f 862/807 863/808 864/809 
s 1492
f 865/810 864/809 863/808 
s 1493
f 864/809 865/810 866/811 
s 1494
f 867/812 866/811 865/810 
s 1495
f 866/811 867/812 868/813 
s 1496
f 869/814 868/813 867/812 
s 1497
f 868/813 869/814 870/815 
s 1498
f 871/815 863/808 861/806 
s 1499
f 863/808 871/815 865/810 
s 1500
f 872/816 865/810 871/815 
s 1501
f 865/810 872/816 867/812 
s 1502
f 873/817 867/812 872/816 
s 1503
f 867/812 873/817 869/814 
s 1504
f 874/818 869/814 873/817 
s 1505
f 869/814 874/818 875/819 
s 1506
f 876/820 875/819 874/818 
s 1507
f 877/821 859/804 876/822 
s 1508
f 859/804 877/821 857/823 
s 1509
f 872/824 857/823 877/821 
s 1510
f 857/823 872/824 855/800 
s 1511
f 871/825 855/800 872/824 
s 1512
f 855/800 871/825 853/776 
s 1513
f 861/826 853/776 871/825 
s 1514
f 853/776 861/826 452/349 
s 1515
f 451/348 452/349 861/826 
s 1516
f 858/803 878/827 860/805 
s 1517
f 878/827 858/803 879/828 
s 1518
f 880/829 879/828 858/803 
s 1519
f 879/828 880/829 881/830 
s 1520
f 882/831 881/830 880/829 
s 1521
f 881/830 882/831 834/784 
s 1522
f 850/778 834/784 882/831 
s 1523
f 834/784 850/778 832/780 
s 1524
f 848/779 832/780 850/778 
s 1525
f 829/780 883/783 831/782 
s 1526
f 883/783 829/780 841/790 
s 1527
f 827/778 841/790 829/780 
s 1528
f 841/790 827/778 884/831 
s 1529
f 885/798 884/831 827/778 
s 1530
f 884/831 885/798 886/799 
s 1531
f 825/776 886/799 885/798 
s 1532
f 886/799 825/776 887/832 
s 1533
f 826/777 888/359 824/349 
s 1534
f 888/359 826/777 467/357 
s 1535
f 828/779 467/357 826/777 
s 1536
f 467/357 828/779 463/358 
s 1537
f 889/833 463/358 828/779 
s 1538
f 463/358 889/833 848/779 
s 1539
f 830/781 848/779 889/833 
s 1540
f 848/779 830/781 832/780 
s 1541
f 859/804 890/834 876/822 
s 1542
f 890/834 859/804 891/835 
s 1543
f 860/805 891/835 859/804 
s 1544
f 891/835 860/805 892/836 
s 1545
f 878/827 892/836 860/805 
s 1546
f 892/836 878/827 893/837 
s 1547
f 894/796 893/837 878/827 
s 1548
f 884/831 843/792 841/790 
s 1549
f 843/792 884/831 895/838 
s 1550
f 886/799 895/838 884/831 
s 1551
f 895/838 886/799 896/801 
s 1552
f 887/832 896/801 886/799 
s 1553
f 896/801 887/832 897/823 
s 1554
f 898/839 834/784 899/840 
s 1555
f 834/784 898/839 881/830 
s 1556
f 900/793 881/830 898/839 
s 1557
f 881/830 900/793 901/841 
s 1558
f 902/795 901/841 900/793 
s 1559
f 901/841 902/795 894/796 
s 1560
f 903/842 840/789 904/843 
s 1561
f 840/789 903/842 838/788 
s 1562
f 899/840 838/788 903/842 
s 1563
f 838/788 899/840 836/786 
s 1564
f 834/784 836/786 899/840 
s 1565
f 905/844 906/845 847/796 
s 1566
f 906/845 905/844 907/836 
s 1567
f 908/805 907/836 905/844 
s 1568
f 907/836 908/805 909/846 
s 1569
f 910/804 909/846 908/805 
s 1570
f 911/847 895/838 896/801 
s 1571
f 895/838 911/847 912/828 
s 1572
f 905/844 912/828 911/847 
s 1573
f 912/828 905/844 845/794 
s 1574
f 847/796 845/794 905/844 
s 1575
f 913/785 841/790 839/786 
s 1576
f 841/790 913/785 883/783 
s 1577
f 914/848 883/783 913/785 
s 1578
f 883/783 914/848 831/782 
s 1579
f 833/783 831/782 914/848 
s 1580
f 452/349 851/797 853/776 
s 1581
f 851/797 452/349 849/777 
s 1582
f 464/359 849/777 452/349 
s 1583
f 849/777 464/359 462/357 
s 1584
f 914/848 835/785 833/783 
s 1585
f 835/785 914/848 837/787 
s 1586
f 913/785 837/787 914/848 
s 1587
f 837/787 913/785 839/786 
s 1588
f 844/793 840/789 842/791 
s 1589
f 840/789 844/793 904/843 
s 1590
f 846/795 904/843 844/793 
s 1591
f 904/843 846/795 915/849 
s 1592
f 899/840 900/793 898/839 
s 1593
f 900/793 899/840 916/850 
s 1594
f 903/842 916/850 899/840 
s 1595
f 916/850 903/842 917/851 
s 1596
f 868/813 918/809 866/811 
s 1597
f 918/809 868/813 919/808 
s 1598
f 870/815 919/808 868/813 
s 1599
f 919/808 870/815 920/806 
s 1600
f 920/826 824/349 921/348 
s 1601
f 824/349 920/826 825/776 
s 1602
f 870/825 825/776 920/826 
s 1603
f 874/818 877/819 876/820 
s 1604
f 877/819 874/818 872/816 
s 1605
f 873/817 872/816 874/818 
s 1606
f 916/850 902/795 900/793 
s 1607
f 902/795 916/850 922/849 
s 1608
f 917/851 922/849 916/850 
s 1609
f 897/823 911/847 896/801 
s 1610
f 911/847 897/823 910/804 
s 1611
f 911/847 908/805 905/844 
s 1612
f 908/805 911/847 910/804 
s 1613
f 843/792 912/828 845/794 
s 1614
f 912/828 843/792 895/838 
s 1615
f 878/827 901/841 894/796 
s 1616
f 901/841 878/827 879/828 
s 1617
f 885/798 823/775 825/776 
s 1618
f 823/775 885/798 827/778 
s 1619
f 854/799 882/831 880/829 
s 1620
f 882/831 854/799 852/798 
s 1621
f 856/801 880/829 858/803 
s 1622
f 880/829 856/801 854/799 
s 1623
f 917/851 904/843 915/849 
s 1624
f 904/843 917/851 903/842 
s 1625
f 887/800 870/825 869/824 
s 1626
f 870/825 887/800 825/776 
s 1627
f 897/823 869/824 875/821 
s 1628
f 869/824 897/823 887/800 
s 1629
f 910/804 875/821 876/822 
s 1630
f 875/821 910/804 897/823 
s 1631
f 923/834 910/804 876/822 
s 1632
f 910/804 923/834 909/846 
s 1633
f 919/808 924/807 918/809 
s 1634
f 924/807 919/808 920/806 
s 1635
f 925/390 920/806 921/852 
s 1636
f 920/806 925/390 924/807 
s 1637
f 850/778 882/831 852/798 
s 1638
f 828/779 830/781 889/833 
s 1639
f 879/828 881/830 901/841 
s 1640
f 821/770 926/853 802/769 
s 1641
f 926/853 821/770 927/854 
s 1642
f 799/736 927/854 821/770 
s 1643
f 927/854 799/736 928/855 
s 1644
f 929/856 928/855 799/736 
s 1645
f 928/855 929/856 930/857 
s 1646
f 931/858 930/857 929/856 
s 1647
f 930/857 931/858 932/735 
s 1648
f 933/771 932/735 931/858 
s 1649
f 932/735 933/771 934/733 
s 1650
f 935/859 934/733 933/771 
s 1651
f 934/733 935/859 936/732 
s 1652
f 937/860 936/732 935/859 
s 1653
f 822/771 938/861 939/862 
s 1654
f 938/861 822/771 940/863 
s 1655
f 795/729 940/863 822/771 
s 1656
f 940/863 795/729 941/864 
s 1657
f 790/731 941/864 795/729 
s 1658
f 941/864 790/731 942/865 
s 1659
f 816/866 942/865 790/731 
s 1660
f 942/865 816/866 906/845 
s 1661
f 943/867 906/845 816/866 
s 1662
f 906/845 943/867 847/796 
s 1663
f 846/795 847/796 943/867 
s 1664
f 933/771 944/863 935/859 
s 1665
f 944/863 933/771 945/861 
s 1666
f 939/862 945/861 933/771 
s 1667
f 945/861 939/862 946/868 
s 1668
f 938/861 946/868 939/862 
s 1669
f 946/868 938/861 947/869 
s 1670
f 948/870 947/869 938/861 
s 1671
f 947/869 948/870 949/871 
s 1672
f 950/872 949/871 948/870 
s 1673
f 949/871 950/872 923/834 
s 1674
f 909/846 923/834 950/872 
s 1675
f 935/859 951/873 937/860 
s 1676
f 951/873 935/859 952/864 
s 1677
f 944/863 952/864 935/859 
s 1678
f 952/864 944/863 953/874 
s 1679
f 954/875 953/874 944/863 
s 1680
f 953/874 954/875 955/876 
s 1681
f 956/872 955/876 954/875 
s 1682
f 955/876 956/872 891/835 
s 1683
f 890/834 891/835 956/872 
s 1684
f 957/877 958/716 959/878 
s 1685
f 958/716 957/877 960/879 
s 1686
f 961/745 960/879 957/877 
s 1687
f 960/879 961/745 962/880 
s 1688
f 963/881 962/880 961/745 
s 1689
f 962/880 963/881 964/882 
s 1690
f 965/883 964/882 963/881 
s 1691
f 964/882 965/883 966/701 
s 1692
f 967/760 966/701 965/883 
s 1693
f 968/884 969/885 970/886 
s 1694
f 969/885 968/884 971/887 
s 1695
f 972/888 971/887 968/884 
s 1696
f 971/887 972/888 973/889 
s 1697
f 961/745 973/889 972/888 
s 1698
f 973/889 961/745 974/890 
s 1699
f 957/877 974/890 961/745 
s 1700
f 974/890 957/877 975/747 
s 1701
f 959/878 975/747 957/877 
s 1702
f 976/891 977/892 978/893 
s 1703
f 977/892 976/891 979/894 
s 1704
f 980/727 979/894 976/891 
s 1705
f 979/894 980/727 969/885 
s 1706
f 981/895 969/885 980/727 
s 1707
f 969/885 981/895 970/886 
s 1708
f 982/896 970/886 981/895 
s 1709
f 970/886 982/896 983/753 
s 1710
f 984/749 976/897 978/898 
s 1711
f 976/897 984/749 980/751 
s 1712
f 985/750 980/751 984/749 
s 1713
f 980/751 985/750 981/899 
s 1714
f 986/900 981/899 985/750 
s 1715
f 981/899 986/900 987/901 
s 1716
f 988/902 987/901 986/900 
s 1717
f 989/720 984/749 958/716 
s 1718
f 984/749 989/720 985/750 
s 1719
f 990/722 985/750 989/720 
s 1720
f 985/750 990/722 986/900 
s 1721
f 991/903 986/900 990/722 
s 1722
f 986/900 991/903 988/902 
s 1723
f 992/699 988/902 991/903 
s 1724
f 945/861 954/875 944/863 
s 1725
f 954/875 945/861 993/869 
s 1726
f 994/904 993/869 945/861 
s 1727
f 993/869 994/904 995/905 
s 1728
f 890/834 995/905 994/904 
s 1729
f 995/905 890/834 956/872 
s 1730
f 996/906 951/873 952/864 
s 1731
f 951/873 996/906 977/866 
s 1732
f 893/837 977/866 996/906 
s 1733
f 977/866 893/837 997/867 
s 1734
f 894/796 997/867 893/837 
s 1735
f 997/867 894/796 902/795 
s 1736
f 998/658 999/711 1000/570 
s 1737
f 999/711 998/658 1001/713 
s 1738
f 1002/657 1001/713 998/658 
s 1739
f 1001/713 1002/657 1003/714 
s 1740
f 1004/655 1003/714 1002/657 
s 1741
f 1003/714 1004/655 1005/715 
s 1742
f 1006/710 974/890 975/747 
s 1743
f 974/890 1006/710 973/889 
s 1744
f 936/709 973/889 1006/710 
s 1745
f 973/889 936/709 971/887 
s 1746
f 937/723 971/887 936/709 
s 1747
f 971/887 937/723 951/907 
s 1748
f 960/879 989/720 958/716 
s 1749
f 989/720 960/879 1007/908 
s 1750
f 962/880 1007/908 960/879 
s 1751
f 1007/908 962/880 1008/700 
s 1752
f 964/882 1008/700 962/880 
s 1753
f 1008/700 964/882 966/701 
s 1754
f 1009/571 1010/764 1011/592 
s 1755
f 1010/764 1009/571 1012/763 
s 1756
f 1000/570 1012/763 1009/571 
s 1757
f 1012/763 1000/570 1013/712 
s 1758
f 999/711 1013/712 1000/570 
s 1759
f 958/742 1014/741 959/740 
s 1760
f 1014/741 958/742 1015/743 
s 1761
f 1016/744 1015/743 958/742 
s 1762
f 1015/743 1016/744 922/849 
s 1763
f 902/795 922/849 1016/744 
s 1764
f 959/740 1017/738 975/909 
s 1765
f 1017/738 959/740 1018/910 
s 1766
f 1014/741 1018/910 959/740 
s 1767
f 1018/910 1014/741 815/755 
s 1768
f 814/754 815/755 1014/741 
s 1769
f 1007/908 990/722 989/720 
s 1770
f 990/722 1007/908 991/903 
s 1771
f 1008/700 991/903 1007/908 
s 1772
f 991/903 1008/700 992/699 
s 1773
f 966/701 992/699 1008/700 
s 1774
f 953/874 996/906 952/864 
s 1775
f 996/906 953/874 1019/911 
s 1776
f 955/876 1019/911 953/874 
s 1777
f 1019/911 955/876 893/837 
s 1778
f 1020/912 932/735 934/733 
s 1779
f 932/735 1020/912 930/857 
s 1780
f 1021/770 930/857 1020/912 
s 1781
f 930/857 1021/770 1022/913 
s 1782
f 1023/769 1020/912 1017/768 
s 1783
f 1020/912 1023/769 1021/770 
s 1784
f 1024/853 1021/770 1023/769 
s 1785
f 1021/770 1024/853 1022/913 
s 1786
f 1006/766 934/733 936/732 
s 1787
f 934/733 1006/766 1020/912 
s 1788
f 975/914 1020/912 1006/766 
s 1789
f 1020/912 975/914 1017/768 
s 1790
f 805/744 846/795 943/867 
s 1791
f 846/795 805/744 915/849 
s 1792
f 804/743 915/849 805/744 
s 1793
f 915/849 804/743 917/851 
s 1794
f 940/863 948/870 938/861 
s 1795
f 948/870 940/863 1025/874 
s 1796
f 941/864 1025/874 940/863 
s 1797
f 1025/874 941/864 942/865 
s 1798
f 1005/715 1011/563 1010/765 
s 1799
f 1011/563 1005/715 1026/562 
s 1800
f 1004/655 1026/562 1005/715 
s 1801
f 1018/910 1023/739 1017/738 
s 1802
f 1023/739 1018/910 1027/915 
s 1803
f 815/755 1027/915 1018/910 
s 1804
f 1015/743 814/754 1014/741 
s 1805
f 814/754 1015/743 1028/916 
s 1806
f 917/851 1028/916 1015/743 
s 1807
f 1029/915 802/739 926/917 
s 1808
f 802/739 1029/915 800/737 
s 1809
f 815/755 800/737 1029/915 
s 1810
f 1030/918 906/845 1031/876 
s 1811
f 906/845 1030/918 942/865 
s 1812
f 1025/874 942/865 1030/918 
s 1813
f 1031/876 909/846 950/872 
s 1814
f 909/846 1031/876 907/836 
s 1815
f 906/845 907/836 1031/876 
s 1816
f 1032/919 994/904 923/834 
s 1817
f 994/904 1032/919 890/834 
s 1818
f 876/822 890/834 1032/919 
s 1819
f 931/858 939/862 933/771 
s 1820
f 939/862 931/858 822/771 
s 1821
f 798/735 822/771 931/858 
s 1822
f 817/773 943/867 816/866 
s 1823
f 943/867 817/773 805/744 
s 1824
f 984/920 1016/744 958/742 
s 1825
f 1016/744 984/920 978/773 
s 1826
f 931/858 799/736 798/735 
s 1827
f 799/736 931/858 929/856 
s 1828
f 965/883 983/753 967/760 
s 1829
f 983/753 965/883 970/886 
s 1830
f 968/884 965/883 963/881 
s 1831
f 965/883 968/884 970/886 
s 1832
f 972/888 963/881 961/745 
s 1833
f 963/881 972/888 968/884 
s 1834
f 954/875 995/905 956/872 
s 1835
f 995/905 954/875 993/869 
s 1836
f 1028/916 804/743 814/754 
s 1837
f 804/743 1028/916 917/851 
s 1838
f 1016/744 997/867 902/795 
s 1839
f 997/867 1016/744 978/773 
s 1840
f 979/894 951/907 977/892 
s 1841
f 951/907 979/894 969/885 
s 1842
f 892/836 955/876 891/835 
s 1843
f 955/876 892/836 893/837 
s 1844
f 948/870 1031/876 950/872 
s 1845
f 1031/876 948/870 1025/874 
s 1846
f 946/868 994/904 945/861 
s 1847
f 994/904 946/868 947/869 
s 1848
f 949/871 994/904 947/869 
s 1849
f 994/904 949/871 923/834 
s 1850
f 1025/874 1030/918 1031/876 
s 1851
f 1019/911 893/837 996/906 
s 1852
f 997/867 978/773 977/866 
s 1853
f 1023/739 1027/915 1024/917 
s 1854
f 951/907 969/885 971/887 
s 1855
f 1015/743 922/849 917/851 
s 1856
f 876/822 1032/919 923/834 
s 1857
f 981/899 987/901 982/921 
s 1858
f 930/857 1022/913 928/855 
s 1859
f 1033/922 1034/923 554/924 
s 1860
f 1034/923 1033/922 1035/925 
s 1861
f 927/854 1035/925 1033/922 
s 1862
f 1035/925 927/854 1036/926 
s 1863
f 928/855 1036/926 927/854 
s 1864
f 1036/926 928/855 1022/913 
s 1865
f 1037/923 1038/922 561/924 
s 1866
f 1038/922 1037/923 1039/925 
s 1867
f 1040/927 1039/925 1037/923 
s 1868
f 1039/925 1040/927 1036/926 
s 1869
f 1041/928 1036/926 1040/927 
s 1870
f 1036/926 1041/928 1042/927 
s 1871
f 1043/432 1044/447 42/448 
s 1872
f 1044/447 1043/432 1045/436 
s 1873
f 1046/435 1045/436 1043/432 
s 1874
f 1045/436 1046/435 1047/437 
s 1875
f 132/111 1047/437 1046/435 
s 1876
f 1047/437 132/111 309/201 
s 1877
f 815/755 1048/929 1049/930 
s 1878
f 1048/929 815/755 555/427 
s 1879
f 1050/931 555/427 815/755 
s 1880
f 555/427 1050/931 1033/932 
s 1881
f 926/917 1033/932 1050/931 
s 1882
f 1044/447 40/169 42/448 
s 1883
f 40/169 1044/447 1051/446 
s 1884
f 1045/436 1051/446 1044/447 
s 1885
f 1051/446 1045/436 308/200 
s 1886
f 309/201 308/200 1045/436 
s 1887
f 1052/929 815/755 1049/930 
s 1888
f 815/755 1052/929 1053/933 
s 1889
f 562/427 1053/933 1052/929 
s 1890
f 1053/933 562/427 1038/932 
s 1891
f 561/426 1038/932 562/427 
s 1892
f 315/228 1054/934 317/231 
s 1893
f 1054/934 315/228 1055/935 
s 1894
f 69/61 1055/935 315/228 
s 1895
f 1055/935 69/61 299/214 
s 1896
f 239/174 554/936 1034/937 
s 1897
f 554/936 239/174 377/268 
s 1898
f 241/134 377/268 239/174 
s 1899
f 367/174 378/268 163/134 
s 1900
f 378/268 367/174 561/936 
s 1901
f 1037/937 561/936 367/174 
s 1902
f 1053/933 1027/915 815/755 
s 1903
f 1027/915 1053/933 1024/917 
s 1904
f 1038/932 1024/917 1053/933 
s 1905
f 1051/446 225/167 40/169 
s 1906
f 225/167 1051/446 308/200 
s 1907
f 312/228 1054/934 1055/935 
s 1908
f 1054/934 312/228 324/231 
s 1909
f 236/61 1055/935 299/214 
s 1910
f 1055/935 236/61 312/228 
s 1911
f 1042/927 1035/925 1036/926 
s 1912
f 1035/925 1042/927 1034/923 
s 1913
f 289/210 1054/938 324/233 
s 1914
f 1054/938 289/210 317/233 
s 1915
f 32/434 1043/432 42/448 
s 1916
f 1043/432 32/434 31/433 
s 1917
f 31/433 1046/435 1043/432 
s 1918
f 1046/435 31/433 44/104 
s 1919
f 134/102 1046/435 44/104 
s 1920
f 1046/435 134/102 132/111 
s 1921
f 1038/922 1022/913 1024/853 
s 1922
f 1022/913 1038/922 1039/925 
s 1923
f 1029/915 1050/931 815/755 
s 1924
f 1050/931 1029/915 926/917 
s 1925
f 1045/436 1047/437 309/201 
s 1926
f 1033/932 554/426 555/427 
s 1927
f 526/409 551/407 525/408 
s 1928
f 559/409 541/408 524/407 
s 1929
f 1039/925 1036/926 1022/913 
s 1930
f 927/854 1033/922 926/853 
s 1931
f 368/175 1037/937 367/174 
s 1932
f 1037/937 368/175 1040/939 
s 1933
f 1056/940 1040/939 368/175 
s 1934
f 1040/939 1056/940 1041/941 
s 1935
f 1057/942 1041/941 1056/940 
s 1936
f 1041/941 1057/942 1058/940 
s 1937
f 1059/943 1058/940 1057/942 
s 1938
f 1058/940 1059/943 1060/944 
s 1939
f 1061/945 1060/944 1059/943 
s 1940
f 1060/944 1061/945 1062/946 
s 1941
f 1063/947 1062/946 1061/945 
s 1942
f 1062/946 1063/947 1064/948 
s 1943
f 1065/949 1064/948 1063/947 
s 1944
f 1064/948 1065/949 49/43 
s 1945
f 238/63 49/43 1065/949 
s 1946
f 238/63 1066/950 357/951 
s 1947
f 1066/950 238/63 1067/952 
s 1948
f 1068/953 1067/952 238/63 
s 1949
f 1067/952 1068/953 1069/954 
s 1950
f 1070/955 1069/954 1068/953 
s 1951
f 1069/954 1070/955 1071/956 
s 1952
f 1063/947 1071/956 1070/955 
s 1953
f 1071/956 1063/947 1072/957 
s 1954
f 1061/945 1072/957 1063/947 
s 1955
f 1072/957 1061/945 1073/947 
s 1956
f 1074/946 1073/947 1061/945 
s 1957
f 1073/947 1074/946 1075/948 
s 1958
f 1073/947 1071/956 1072/957 
s 1959
f 1071/956 1073/947 1076/955 
s 1960
f 1077/953 1076/955 1073/947 
s 1961
f 1076/955 1077/953 1078/954 
s 1962
f 1079/952 1078/954 1077/953 
s 1963
f 1078/954 1079/952 1080/958 
s 1964
f 1081/950 1080/958 1079/952 
s 1965
f 1080/958 1081/950 1082/959 
s 1966
f 1083/960 1062/946 1064/948 
s 1967
f 1062/946 1083/960 1060/944 
s 1968
f 240/175 1060/944 1083/960 
s 1969
f 1060/944 240/175 1058/940 
s 1970
f 1042/939 1058/940 240/175 
s 1971
f 1058/940 1042/939 1041/941 
s 1972
f 1056/940 1059/943 1057/942 
s 1973
f 1059/943 1056/940 1084/944 
s 1974
f 368/175 1084/944 1056/940 
s 1975
f 1084/944 368/175 1085/960 
s 1976
f 162/41 1085/960 368/175 
s 1977
f 1085/960 162/41 160/39 
s 1978
f 1084/944 1061/945 1059/943 
s 1979
f 1061/945 1084/944 1074/946 
s 1980
f 1085/960 1074/946 1084/944 
s 1981
f 1074/946 1085/960 1075/948 
s 1982
f 160/39 1075/948 1085/960 
s 1983
f 1075/948 160/39 74/43 
s 1984
f 1078/954 1071/956 1076/955 
s 1985
f 1071/956 1078/954 1086/961 
s 1986
f 1080/958 1086/961 1078/954 
s 1987
f 1086/961 1080/958 1087/962 
s 1988
f 1082/959 1087/962 1080/958 
s 1989
f 1087/962 1082/959 1088/934 
s 1990
f 1077/953 73/63 1079/952 
s 1991
f 73/63 1077/953 1089/949 
s 1992
f 1073/947 1089/949 1077/953 
s 1993
f 1089/949 1073/947 1075/948 
s 1994
f 388/240 1082/963 1081/964 
s 1995
f 1082/963 388/240 1088/965 
s 1996
f 330/239 1088/965 388/240 
s 1997
f 1088/965 330/239 332/240 
s 1998
f 332/240 1090/963 1088/965 
s 1999
f 1090/963 332/240 1066/964 
s 2000
f 331/237 1066/964 332/240 
s 2001
f 1066/964 331/237 357/258 
s 2002
f 45/39 1064/948 49/43 
s 2003
f 1064/948 45/39 1083/960 
s 2004
f 47/41 1083/960 45/39 
s 2005
f 1083/960 47/41 240/175 
s 2006
f 1090/959 1087/962 1088/934 
s 2007
f 1087/962 1090/959 1091/958 
s 2008
f 1066/950 1091/958 1090/959 
s 2009
f 1091/958 1066/950 1067/952 
s 2010
f 1069/954 1091/958 1067/952 
s 2011
f 1091/958 1069/954 1086/961 
s 2012
f 1071/956 1086/961 1069/954 
s 2013
f 74/43 1089/949 1075/948 
s 2014
f 1089/949 74/43 73/63 
s 2015
f 1081/950 73/63 287/951 
s 2016
f 73/63 1081/950 1079/952 
s 2017
f 1065/949 1068/953 238/63 
s 2018
f 1068/953 1065/949 1063/947 
s 2019
f 328/237 1081/964 287/258 
s 2020
f 1081/964 328/237 388/240 
s 2021
f 1034/937 240/175 239/174 
s 2022
f 240/175 1034/937 1042/939 
s 2023
f 1063/947 1070/955 1068/953 
s 2024
f 1086/961 1087/962 1091/958 
s 2025
f 1092/472 1093/471 1094/473 
s 2026
f 1093/471 1092/472 1095/468 
s 2027
f 1096/476 1095/468 1092/472 
s 2028
f 1095/468 1096/476 1097/474 
s 2029
f 1098/479 1097/474 1096/476 
s 2030
f 1097/474 1098/479 1099/477 
s 2031
f 1094/482 1099/477 1098/479 
s 2032
f 1099/477 1094/482 1093/480 
s 2033
f 1098/463 1100/465 1094/466 
s 2034
f 1100/465 1098/463 1101/462 
s 2035
f 1096/460 1101/462 1098/463 
s 2036
f 1101/462 1096/460 1102/459 
s 2037
f 1092/455 1102/459 1096/460 
s 2038
f 1102/459 1092/455 1103/453 
s 2039
f 1094/454 1103/453 1092/455 
s 2040
f 1103/453 1094/454 1100/456 
s 2041
f 1104/478 1093/480 1105/481 
s 2042
f 1093/480 1104/478 1099/477 
s 2043
f 1106/475 1099/477 1104/478 
s 2044
f 1099/477 1106/475 1097/474 
s 2045
f 1107/470 1097/474 1106/475 
s 2046
f 1097/474 1107/470 1095/468 
s 2047
f 1105/469 1095/468 1107/470 
s 2048
f 1095/468 1105/469 1093/471 
s 2049
f 1108/457 1100/456 1109/458 
s 2050
f 1100/456 1108/457 1103/453 
s 2051
f 1110/461 1103/453 1108/457 
s 2052
f 1103/453 1110/461 1102/459 
s 2053
f 1111/464 1102/459 1110/461 
s 2054
f 1102/459 1111/464 1101/462 
s 2055
f 1100/465 1101/462 1111/464 
s 2056
f 571/442 1112/452 573/444 
s 2057
f 1112/452 571/442 1113/451 
s 2058
f 567/438 1113/451 571/442 
s 2059
f 1113/451 567/438 1114/449 
s 2060
f 1115/483 1107/484 1106/485 
s 2061
f 1107/484 1115/483 1105/485 
s 2062
f 1104/486 1105/485 1115/483 
s 2063
f 1116/450 567/438 569/440 
s 2064
f 567/438 1116/450 1114/449 
s 2065
f 569/488 1112/452 1116/487 
s 2066
f 1112/452 569/488 573/444 
s 2067
f 1111/464 1109/467 1100/465 
s 2068
f 1106/485 1104/486 1115/483 
s 2069
f 1117/966 1118/967 1119/968 
s 2070
f 1118/967 1117/966 1120/969 
s 2071
f 1121/970 1120/969 1117/966 
s 2072
f 1120/969 1121/970 1122/971 
s 2073
f 1123/972 1122/971 1121/970 
s 2074
f 1122/971 1123/972 1124/973 
s 2075
f 1125/974 1124/973 1123/972 
s 2076
f 1124/973 1125/974 1126/975 
s 2077
f 1127/976 1126/975 1125/974 
s 2078
f 1126/975 1127/976 1128/977 
s 2079
f 1129/978 1128/977 1127/976 
s 2080
f 1128/977 1129/978 1130/979 
s 2081
f 1131/966 1132/980 1133/981 
s 2082
f 1132/980 1131/966 1134/969 
s 2083
f 1135/982 1134/969 1131/966 
s 2084
f 1134/969 1135/982 1136/983 
s 2085
f 1137/984 1136/983 1135/982 
s 2086
f 1136/983 1137/984 1138/985 
s 2087
f 1139/986 1138/985 1137/984 
s 2088
f 1138/985 1139/986 1140/987 
s 2089
f 1141/988 1140/987 1139/986 
s 2090
f 1140/987 1141/988 1142/989 
s 2091
f 1143/990 1142/989 1141/988 
s 2092
f 1142/989 1143/990 1144/991 
s 2093
f 1118/980 1145/966 1119/981 
s 2094
f 1145/966 1118/980 1146/969 
s 2095
f 1122/971 1146/969 1118/980 
s 2096
f 1146/969 1122/971 1147/983 
s 2097
f 1148/985 1147/983 1122/971 
s 2098
f 1147/983 1148/985 1149/984 
s 2099
f 1150/986 1149/984 1148/985 
s 2100
f 1149/984 1150/986 1151/992 
s 2101
f 1152/991 1151/992 1150/986 
s 2102
f 1153/975 1154/976 1155/993 
s 2103
f 1154/976 1153/975 1156/994 
s 2104
f 1157/987 1156/994 1153/975 
s 2105
f 1156/994 1157/987 1158/995 
s 2106
f 1159/989 1158/995 1157/987 
s 2107
f 1158/995 1159/989 1160/987 
s 2108
f 1161/988 1160/987 1159/989 
s 2109
f 1160/987 1161/988 1150/986 
s 2110
f 1152/991 1150/986 1161/988 
s 2111
f 1132/967 1162/966 1133/968 
s 2112
f 1162/966 1132/967 1163/969 
s 2113
f 1164/971 1163/969 1132/967 
s 2114
f 1163/969 1164/971 1165/970 
s 2115
f 1166/972 1165/970 1164/971 
s 2116
f 1165/970 1166/972 1167/984 
s 2117
f 1168/986 1167/984 1166/972 
s 2118
f 1167/984 1168/986 1169/996 
s 2119
f 1144/991 1169/996 1168/986 
s 2120
f 1170/986 1157/987 1153/975 
s 2121
f 1157/987 1170/986 1171/988 
s 2122
f 1172/991 1171/988 1170/986 
s 2123
f 1171/988 1172/991 1159/989 
s 2124
f 1173/990 1159/989 1172/991 
s 2125
f 1159/989 1173/990 1161/988 
s 2126
f 1152/991 1161/988 1173/990 
s 2127
f 1140/987 1174/975 1138/985 
s 2128
f 1174/975 1140/987 1175/997 
s 2129
f 1176/998 1175/997 1140/987 
s 2130
f 1175/997 1176/998 1177/999 
s 2131
f 1178/1000 1177/999 1176/998 
s 2132
f 1177/999 1178/1000 1179/1001 
s 2133
f 1180/978 1179/1001 1178/1000 
s 2134
f 1138/985 1164/971 1136/983 
s 2135
f 1164/971 1138/985 1181/973 
s 2136
f 1174/975 1181/973 1138/985 
s 2137
f 1181/973 1174/975 1182/974 
s 2138
f 1183/976 1182/974 1174/975 
s 2139
f 1182/974 1183/976 1184/993 
s 2140
f 1185/1002 1186/978 1154/976 
s 2141
f 1186/978 1185/1002 1187/1000 
s 2142
f 1156/994 1187/1000 1185/1002 
s 2143
f 1187/1000 1156/994 1188/998 
s 2144
f 1158/995 1188/998 1156/994 
s 2145
f 1188/998 1158/995 1160/987 
s 2146
f 1189/975 1168/986 1166/972 
s 2147
f 1168/986 1189/975 1190/987 
s 2148
f 1191/994 1190/987 1189/975 
s 2149
f 1190/987 1191/994 1192/995 
s 2150
f 1176/998 1192/995 1191/994 
s 2151
f 1192/995 1176/998 1140/987 
s 2152
f 1187/1000 1193/1001 1186/978 
s 2153
f 1193/1001 1187/1000 1194/999 
s 2154
f 1188/998 1194/999 1187/1000 
s 2155
f 1194/999 1188/998 1195/997 
s 2156
f 1160/987 1195/997 1188/998 
s 2157
f 1195/997 1160/987 1126/975 
s 2158
f 1196/1003 1177/999 1179/1001 
s 2159
f 1177/999 1196/1003 1197/1004 
s 2160
f 1198/979 1197/1004 1196/1003 
s 2161
f 1197/1004 1198/979 1199/977 
s 2162
f 1200/978 1199/977 1198/979 
s 2163
f 1199/977 1200/978 1183/976 
s 2164
f 1142/989 1192/995 1140/987 
s 2165
f 1192/995 1142/989 1190/987 
s 2166
f 1201/988 1190/987 1142/989 
s 2167
f 1190/987 1201/988 1168/986 
s 2168
f 1144/991 1168/986 1201/988 
s 2169
f 1194/999 1202/1003 1193/1001 
s 2170
f 1202/1003 1194/999 1203/1004 
s 2171
f 1195/997 1203/1004 1194/999 
s 2172
f 1203/1004 1195/997 1128/977 
s 2173
f 1126/975 1128/977 1195/997 
s 2174
f 1191/994 1178/1000 1176/998 
s 2175
f 1178/1000 1191/994 1204/1002 
s 2176
f 1205/976 1204/1002 1191/994 
s 2177
f 1204/1002 1205/976 1180/978 
s 2178
f 1206/1005 1169/1006 1144/1007 
s 2179
f 1169/1006 1206/1005 1167/1008 
s 2180
f 1137/1009 1167/1008 1206/1005 
s 2181
f 1167/1008 1137/1009 1135/1010 
s 2182
f 1172/1007 1152/1011 1173/1012 
s 2183
f 1152/1011 1172/1007 1151/1005 
s 2184
f 1207/1006 1151/1005 1172/1007 
s 2185
f 1151/1005 1207/1006 1208/1008 
s 2186
f 1125/974 1155/993 1127/976 
s 2187
f 1155/993 1125/974 1153/975 
s 2188
f 1123/972 1153/975 1125/974 
s 2189
f 1153/975 1123/972 1170/986 
s 2190
f 1209/1010 1210/1013 1117/1014 
s 2191
f 1210/1013 1209/1010 1208/1008 
s 2192
f 1149/1009 1208/1008 1209/1010 
s 2193
f 1208/1008 1149/1009 1151/1005 
s 2194
f 1208/984 1123/972 1121/970 
s 2195
f 1123/972 1208/984 1170/986 
s 2196
f 1207/996 1170/986 1208/984 
s 2197
f 1170/986 1207/996 1172/991 
s 2198
f 1162/1014 1131/1015 1133/1016 
s 2199
f 1131/1015 1162/1014 1135/1010 
s 2200
f 1211/1013 1135/1010 1162/1014 
s 2201
f 1135/1010 1211/1013 1167/1008 
s 2202
f 1209/982 1147/983 1149/984 
s 2203
f 1147/983 1209/982 1146/969 
s 2204
f 1145/966 1146/969 1209/982 
s 2205
f 1203/1004 1130/979 1202/1003 
s 2206
f 1130/979 1203/1004 1128/977 
s 2207
f 1212/1011 1144/1007 1143/1012 
s 2208
f 1144/1007 1212/1011 1206/1005 
s 2209
f 1145/1015 1117/1014 1119/1016 
s 2210
f 1117/1014 1145/1015 1209/1010 
s 2211
f 1134/969 1164/971 1132/980 
s 2212
f 1164/971 1134/969 1136/983 
s 2213
f 1205/976 1189/975 1184/993 
s 2214
f 1189/975 1205/976 1191/994 
s 2215
f 1206/992 1139/986 1137/984 
s 2216
f 1139/986 1206/992 1212/991 
s 2217
f 1182/974 1189/975 1166/972 
s 2218
f 1189/975 1182/974 1184/993 
s 2219
f 1212/991 1141/988 1139/986 
s 2220
f 1141/988 1212/991 1143/990 
s 2221
f 1181/973 1166/972 1164/971 
s 2222
f 1166/972 1181/973 1182/974 
s 2223
f 1199/977 1174/975 1175/997 
s 2224
f 1174/975 1199/977 1183/976 
s 2225
f 1148/985 1160/987 1150/986 
s 2226
f 1160/987 1148/985 1126/975 
s 2227
f 1211/982 1165/970 1167/984 
s 2228
f 1165/970 1211/982 1162/966 
s 2229
f 1197/1004 1175/997 1177/999 
s 2230
f 1175/997 1197/1004 1199/977 
s 2231
f 1124/973 1148/985 1122/971 
s 2232
f 1148/985 1124/973 1126/975 
s 2233
f 1210/982 1121/970 1117/966 
s 2234
f 1121/970 1210/982 1208/984 
s 2235
f 1159/989 1157/987 1171/988 
s 2236
f 1142/989 1144/991 1201/988 
s 2237
f 1178/1000 1204/1002 1180/978 
s 2238
f 1165/970 1162/966 1163/969 
s 2239
f 1122/971 1118/967 1120/969 
s 2240
f 1156/994 1185/1002 1154/976 
s 2241
f 1213/638 1214/636 1215/675 
s 2242
f 1214/636 1213/638 1216/637 
s 2243
f 1217/498 1216/637 1213/638 
s 2244
f 1216/637 1217/498 1218/672 
s 2245
f 1219/496 1218/672 1217/498 
s 2246
f 1218/672 1219/496 1220/590 
s 2247
f 1221/567 1220/590 1219/496 
s 2248
f 1220/590 1221/567 1222/569 
s 2249
f 1223/568 1222/569 1221/567 
s 2250
f 1222/569 1223/568 1000/570 
s 2251
f 1224/671 1000/570 1223/568 
s 2252
f 1000/570 1224/671 998/658 
s 2253
f 1225/656 998/658 1224/671 
s 2254
f 1026/562 1226/561 1011/563 
s 2255
f 1226/561 1026/562 1227/564 
s 2256
f 1228/565 1227/564 1026/562 
s 2257
f 1227/564 1228/565 1229/493 
s 2258
f 1230/492 1229/493 1228/565 
s 2259
f 1229/493 1230/492 1231/491 
s 2260
f 1232/494 1231/491 1230/492 
s 2261
f 1231/491 1232/494 1233/495 
s 2262
f 1219/496 1233/495 1232/494 
s 2263
f 1233/495 1219/496 1234/497 
s 2264
f 1217/498 1234/497 1219/496 
s 2265
f 1235/673 1215/675 1236/674 
s 2266
f 1215/675 1235/673 1213/638 
s 2267
f 1237/500 1213/638 1235/673 
s 2268
f 1213/638 1237/500 1217/498 
s 2269
f 1238/499 1217/498 1237/500 
s 2270
f 1217/498 1238/499 1234/497 
s 2271
f 1239/610 1234/497 1238/499 
s 2272
f 1234/497 1239/610 1240/686 
s 2273
f 1241/582 1240/686 1239/610 
s 2274
f 1240/686 1241/582 1242/583 
s 2275
f 1229/493 1226/561 1227/564 
s 2276
f 1226/561 1229/493 1214/639 
s 2277
f 1231/491 1214/639 1229/493 
s 2278
f 1214/639 1231/491 1215/640 
s 2279
f 1243/641 1215/640 1231/491 
s 2280
f 1215/640 1243/641 1244/642 
s 2281
f 1245/643 1244/642 1243/641 
s 2282
f 1246/609 1247/584 1241/582 
s 2283
f 1247/584 1246/609 1248/519 
s 2284
f 1249/501 1248/519 1246/609 
s 2285
f 1248/519 1249/501 1250/598 
s 2286
f 1251/503 1250/598 1249/501 
s 2287
f 1230/492 1219/496 1232/494 
s 2288
f 1219/496 1230/492 1221/567 
s 2289
f 1252/566 1221/567 1230/492 
s 2290
f 1221/567 1252/566 1223/568 
s 2291
f 1224/671 1223/568 1252/566 
s 2292
f 1253/632 1237/500 1235/673 
s 2293
f 1237/500 1253/632 1254/502 
s 2294
f 1255/631 1254/502 1253/632 
s 2295
f 1254/502 1255/631 1256/596 
s 2296
f 1004/655 1228/565 1026/562 
s 2297
f 1228/565 1004/655 1225/656 
s 2298
f 1002/657 1225/656 1004/655 
s 2299
f 1225/656 1002/657 998/658 
s 2300
f 1009/571 1222/569 1000/570 
s 2301
f 1222/569 1009/571 1257/591 
s 2302
f 1011/592 1257/591 1009/571 
s 2303
f 1257/591 1011/592 1226/635 
s 2304
f 1249/501 1254/502 1251/503 
s 2305
f 1254/502 1249/501 1237/500 
s 2306
f 1238/499 1237/500 1249/501 
s 2307
f 1257/591 1220/590 1222/569 
s 2308
f 1220/590 1257/591 1216/637 
s 2309
f 1214/636 1216/637 1257/591 
s 2310
f 1240/686 1233/495 1234/497 
s 2311
f 1233/495 1240/686 1245/643 
s 2312
f 1242/583 1245/643 1240/686 
s 2313
f 1233/495 1243/641 1231/491 
s 2314
f 1243/641 1233/495 1245/643 
s 2315
f 1228/565 1252/566 1230/492 
s 2316
f 1252/566 1228/565 1225/656 
s 2317
f 1258/504 1254/502 1256/596 
s 2318
f 1254/502 1258/504 1251/503 
s 2319
f 1249/501 1239/610 1238/499 
s 2320
f 1239/610 1249/501 1246/609 
s 2321
f 1214/636 1257/591 1226/635 
s 2322
f 1220/590 1216/637 1218/672 
s 2323
f 1252/566 1225/656 1224/671 
s 2324
f 1244/642 1236/692 1215/640 
s 2325
f 1246/609 1241/582 1239/610 
s 2326
f 1259/1017 1260/1018 1261/1019 
s 2327
f 1260/1018 1259/1017 1262/1020 
s 2328
f 1263/1021 1262/1020 1259/1017 
s 2329
f 1262/1020 1263/1021 1264/1022 
s 2330
f 1265/1023 1264/1022 1263/1021 
s 2331
f 1264/1022 1265/1023 1266/1024 
s 2332
f 1267/1025 1266/1024 1265/1023 
s 2333
f 1266/1024 1267/1025 1268/1026 
s 2334
f 1269/1027 1270/1028 1260/1029 
s 2335
f 1270/1028 1269/1027 1271/1030 
s 2336
f 1272/1031 1271/1030 1269/1027 
s 2337
f 1271/1030 1272/1031 1266/1032 
s 2338
f 1273/1031 1266/1032 1272/1031 
s 2339
f 1266/1032 1273/1031 1264/1030 
s 2340
f 1262/1028 1264/1030 1273/1031 
s 2341
f 1274/1033 1275/1034 1276/1035 
s 2342
f 1275/1034 1274/1033 1277/1036 
s 2343
f 1278/1037 1277/1036 1274/1033 
s 2344
f 1277/1036 1278/1037 1279/1038 
s 2345
f 1280/1039 1279/1038 1278/1037 
s 2346
f 1279/1038 1280/1039 1281/1040 
s 2347
f 1282/1041 1270/1042 1271/1043 
s 2348
f 1270/1042 1282/1041 1283/1044 
s 2349
f 1284/1045 1283/1044 1282/1041 
s 2350
f 1283/1044 1284/1045 1261/1046 
s 2351
f 1285/1047 1261/1046 1284/1045 
s 2352
f 1286/1038 549/420 518/402 
s 2353
f 549/420 1286/1038 550/421 
s 2354
f 1287/1048 550/421 1286/1038 
s 2355
f 550/421 1287/1048 512/396 
s 2356
f 558/416 512/396 1287/1048 
s 2357
f 1285/1037 1286/1038 1288/1039 
s 2358
f 1286/1038 1285/1037 1287/1048 
s 2359
f 1284/1033 1287/1048 1285/1037 
s 2360
f 1287/1048 1284/1033 1275/1049 
s 2361
f 1276/1050 1275/1049 1284/1033 
s 2362
f 1289/1051 1290/1052 1291/1053 
s 2363
f 1290/1052 1289/1051 1292/1054 
s 2364
f 1269/1055 1292/1054 1289/1051 
s 2365
f 1292/1054 1269/1055 1293/1055 
s 2366
f 1268/1026 1271/1043 1266/1024 
s 2367
f 1271/1043 1268/1026 1282/1041 
s 2368
f 1276/1056 1282/1041 1268/1026 
s 2369
f 1282/1041 1276/1056 1284/1045 
s 2370
f 1294/1057 1291/1053 1295/1058 
s 2371
f 1291/1053 1294/1057 1289/1051 
s 2372
f 1272/1059 1289/1051 1294/1057 
s 2373
f 1289/1051 1272/1059 1269/1055 
s 2374
f 1267/1025 1278/1060 1274/1061 
s 2375
f 1278/1060 1267/1025 1280/1062 
s 2376
f 1265/1023 1280/1062 1267/1025 
s 2377
f 1280/1062 1265/1023 1263/1021 
s 2378
f 1296/1063 1295/1058 1297/1064 
s 2379
f 1295/1058 1296/1063 1294/1057 
s 2380
f 1273/1059 1294/1057 1296/1063 
s 2381
f 1294/1057 1273/1059 1272/1059 
s 2382
f 556/428 1298/1065 520/404 
s 2383
f 1298/1065 556/428 1279/1038 
s 2384
f 546/420 1279/1038 556/428 
s 2385
f 1279/1038 546/420 547/421 
s 2386
f 1298/1065 518/402 520/404 
s 2387
f 518/402 1298/1065 1286/1038 
s 2388
f 1281/1040 1286/1038 1298/1065 
s 2389
f 1286/1038 1281/1040 1288/1039 
s 2390
f 1292/1066 1297/1064 1290/1064 
s 2391
f 1297/1064 1292/1066 1296/1066 
s 2392
f 1293/1059 1296/1066 1292/1066 
s 2393
f 1296/1066 1293/1059 1273/1059 
s 2394
f 1281/1067 1259/1017 1288/1068 
s 2395
f 1259/1017 1281/1067 1263/1021 
s 2396
f 1280/1062 1263/1021 1281/1067 
s 2397
f 1287/1048 534/430 558/416 
s 2398
f 534/430 1287/1048 1275/1049 
s 2399
f 1260/1029 1293/1027 1269/1027 
s 2400
f 1293/1027 1260/1029 1262/1028 
s 2401
f 533/416 1277/1036 536/396 
s 2402
f 1277/1036 533/416 534/417 
s 2403
f 547/421 1277/1036 1279/1038 
s 2404
f 1277/1036 547/421 536/396 
s 2405
f 1285/1069 1259/1017 1261/1019 
s 2406
f 1259/1017 1285/1069 1288/1068 
s 2407
f 1268/1026 1274/1061 1276/1056 
s 2408
f 1274/1061 1268/1026 1267/1025 
s 2409
f 1260/1070 1283/1044 1261/1046 
s 2410
f 1283/1044 1260/1070 1270/1042 
s 2411
f 1291/1053 1299/1071 1295/1058 
s 2412
f 1299/1071 1291/1053 1290/1052 
s 2413
f 1297/1064 1299/1071 1290/1064 
s 2414
f 1299/1071 1297/1064 1295/1058 
s 2415
f 534/417 1275/1034 1277/1036 
s 2416
f 1279/1038 1281/1040 1298/1065 
s 2417
f 1262/1028 1273/1031 1293/1027 
s 2418
f 481/373 1300/323 480/372 
s 2419
f 1300/323 481/373 1301/1072 
s 2420
f 475/317 1301/1072 481/373 
s 2421
f 1301/1072 475/317 1302/315 
s 2422
f 474/369 1302/315 475/317 
s 2423
f 1302/315 474/369 1303/312 
s 2424
f 1304/313 1303/312 1305/1073 
s 2425
f 1303/312 1304/313 1302/315 
s 2426
f 1306/1074 1302/315 1304/313 
s 2427
f 1301/1072 1306/1074 1300/323 
s 2428
f 1306/1074 1301/1072 1302/315 
s 2429
f 1307/389 925/390 921/852 
s 2430
f 925/390 1307/389 419/311 
s 2431
f 1300/323 419/311 1307/389 
s 2432
f 419/311 1300/323 397/287 
s 2433
f 1306/1074 397/287 1300/323 
s 2434
f 397/287 1306/1074 398/288 
s 2435
f 410/301 398/288 1306/1074 
s 2436
f 478/328 453/351 455/324 
s 2437
f 453/351 478/328 1308/1075 
s 2438
f 1307/389 1308/1075 478/328 
s 2439
f 1308/1075 1307/389 1309/1076 
s 2440
f 921/852 1309/1076 1307/389 
s 2441
f 404/294 924/807 409/300 
s 2442
f 924/807 404/294 918/809 
s 2443
f 405/295 918/809 404/294 
s 2444
f 918/809 405/295 866/811 
s 2445
f 864/809 866/811 405/295 
s 2446
f 1309/346 461/343 453/344 
s 2447
f 461/343 1309/346 1310/347 
s 2448
f 921/348 1310/347 1309/346 
s 2449
f 1310/347 921/348 824/349 
s 2450
f 1304/313 410/301 1306/1074 
s 2451
f 410/301 1304/313 412/303 
s 2452
f 1305/1073 412/303 1304/313 
s 2453
f 412/303 1305/1073 1311/1077 
s 2454
f 1312/382 412/303 1311/1077 
s 2455
f 412/303 1312/382 413/304 
s 2456
f 1313/385 413/304 1312/382 
s 2457
f 413/304 1313/385 390/280 
s 2458
f 888/359 1310/347 824/349 
s 2459
f 1310/347 888/359 461/343 
s 2460
f 467/357 461/343 888/359 
s 2461
f 862/807 506/311 508/390 
s 2462
f 506/311 862/807 1314/1078 
s 2463
f 1315/1079 1314/1078 862/807 
s 2464
f 1307/389 480/372 1300/323 
s 2465
f 480/372 1307/389 478/328 
s 2466
f 419/311 924/807 925/390 
s 2467
f 924/807 419/311 409/300 
s 2468
f 864/809 1315/1079 862/807 
s 2469
f 1315/1079 864/809 405/295 
s 2470
f 403/293 1315/1079 405/295 
s 2471
f 1315/1079 403/293 492/379 
s 2472
f 416/307 391/297 1316/384 
s 2473
f 391/297 416/307 406/296 
s 2474
f 1316/384 390/280 1313/385 
s 2475
f 390/280 1316/384 391/375 
s 2476
f 453/351 1308/1075 1309/1076 
s 2477
f 1317/602 1318/600 1251/503 
s 2478
f 1318/600 1317/602 1319/601 
s 2479
f 1320/603 1319/601 1317/602 
s 2480
f 1319/601 1320/603 1321/607 
s 2481
f 1322/608 1321/607 1320/603 
s 2482
f 1321/607 1322/608 1323/616 
s 2483
f 1324/615 1323/616 1322/608 
s 2484
f 1323/616 1324/615 1325/614 
s 2485
f 1326/611 1325/614 1324/615 
s 2486
f 1325/614 1326/611 1327/612 
s 2487
f 1328/613 1327/612 1326/611 
s 2488
f 1327/612 1328/613 1329/663 
s 2489
f 1318/600 1250/598 1251/503 
s 2490
f 1250/598 1318/600 1330/599 
s 2491
f 1319/601 1330/599 1318/600 
s 2492
f 1330/599 1319/601 1331/605 
s 2493
f 1332/606 1331/605 1319/601 
s 2494
f 1331/605 1332/606 1333/604 
s 2495
f 1334/664 1333/604 1332/606 
s 2496
f 1333/604 1334/664 1329/663 
s 2497
f 1327/612 1329/663 1334/664 
s 2498
f 1335/597 1250/598 1330/599 
s 2499
f 1250/598 1335/597 1336/521 
s 2500
f 1337/523 1336/521 1335/597 
s 2501
f 1336/521 1337/523 1338/522 
s 2502
f 1339/524 1338/522 1337/523 
s 2503
f 1338/522 1339/524 1340/654 
s 2504
f 1341/682 1340/654 1339/524 
s 2505
f 1340/654 1341/682 1342/652 
s 2506
f 1343/532 1342/652 1341/682 
s 2507
f 1344/516 1248/519 1345/520 
s 2508
f 1248/519 1344/516 1346/517 
s 2509
f 1347/518 1346/517 1344/516 
s 2510
f 1346/517 1347/518 1348/586 
s 2511
f 1349/587 1348/586 1347/518 
s 2512
f 1348/586 1349/587 1350/650 
s 2513
f 1351/647 1350/650 1349/587 
s 2514
f 1350/650 1351/647 1352/651 
s 2515
f 1353/649 1352/651 1351/647 
s 2516
f 1354/633 1253/632 1355/634 
s 2517
f 1253/632 1354/633 1255/631 
s 2518
f 1356/595 1255/631 1354/633 
s 2519
f 1255/631 1356/595 1256/596 
s 2520
f 1357/552 1256/596 1356/595 
s 2521
f 1256/596 1357/552 1358/550 
s 2522
f 1359/551 1358/550 1357/552 
s 2523
f 1358/550 1359/551 1360/549 
s 2524
f 1361/525 1339/524 1337/523 
s 2525
f 1339/524 1361/525 1362/526 
s 2526
f 1363/527 1362/526 1361/525 
s 2527
f 1362/526 1363/527 1364/528 
s 2528
f 1365/529 1364/528 1363/527 
s 2529
f 1364/528 1365/529 1366/530 
s 2530
f 1367/531 1366/530 1365/529 
s 2531
f 1366/530 1367/531 1343/532 
s 2532
f 1368/508 1369/506 1360/549 
s 2533
f 1369/506 1368/508 1370/507 
s 2534
f 1371/509 1370/507 1368/508 
s 2535
f 1370/507 1371/509 1372/661 
s 2536
f 1373/511 1372/661 1371/509 
s 2537
f 1372/661 1373/511 1374/660 
s 2538
f 1375/681 1374/660 1373/511 
s 2539
f 1336/521 1248/519 1250/598 
s 2540
f 1248/519 1336/521 1345/520 
s 2541
f 1338/522 1345/520 1336/521 
s 2542
f 1345/520 1338/522 1376/653 
s 2543
f 1340/654 1376/653 1338/522 
s 2544
f 1376/653 1340/654 1342/652 
s 2545
f 1377/513 1378/514 1379/515 
s 2546
f 1378/514 1377/513 1380/512 
s 2547
f 1373/511 1380/512 1377/513 
s 2548
f 1380/512 1373/511 1381/510 
s 2549
f 1371/509 1381/510 1373/511 
s 2550
f 1381/510 1371/509 1368/508 
s 2551
f 1382/543 1354/545 1355/683 
s 2552
f 1354/545 1382/543 1383/544 
s 2553
f 1384/542 1383/544 1382/543 
s 2554
f 1383/544 1384/542 1385/678 
s 2555
f 1359/676 1385/678 1384/542 
s 2556
f 1385/678 1359/676 1386/670 
s 2557
f 1351/647 1387/648 1353/649 
s 2558
f 1387/648 1351/647 1388/646 
s 2559
f 1389/644 1388/646 1351/647 
s 2560
f 1388/646 1389/644 1390/645 
s 2561
f 1391/589 1390/645 1389/644 
s 2562
f 1392/541 1382/543 1242/687 
s 2563
f 1382/543 1392/541 1384/542 
s 2564
f 1344/540 1384/542 1392/541 
s 2565
f 1384/542 1344/540 1335/580 
s 2566
f 1337/629 1335/580 1344/540 
s 2567
f 1370/507 1393/505 1369/506 
s 2568
f 1393/505 1370/507 1394/662 
s 2569
f 1395/659 1394/662 1370/507 
s 2570
f 1394/662 1395/659 1374/660 
s 2571
f 1372/661 1374/660 1395/659 
s 2572
f 1393/505 1258/504 1369/506 
s 2573
f 1258/504 1393/505 1251/503 
s 2574
f 1394/662 1251/503 1393/505 
s 2575
f 1251/503 1394/662 1317/602 
s 2576
f 1374/660 1317/602 1394/662 
s 2577
f 1357/552 1386/553 1359/551 
s 2578
f 1386/553 1357/552 1396/554 
s 2579
f 1356/595 1396/554 1357/552 
s 2580
f 1396/554 1356/595 1397/593 
s 2581
f 1398/690 1397/593 1356/595 
s 2582
f 1346/517 1247/584 1248/519 
s 2583
f 1247/584 1346/517 1399/585 
s 2584
f 1348/586 1399/585 1346/517 
s 2585
f 1399/585 1348/586 1350/650 
s 2586
f 1400/556 1401/557 1402/555 
s 2587
f 1401/557 1400/556 1403/558 
s 2588
f 1404/560 1403/558 1400/556 
s 2589
f 1403/558 1404/560 1405/559 
s 2590
f 1396/554 1402/555 1386/553 
s 2591
f 1402/555 1396/554 1400/556 
s 2592
f 1397/593 1400/556 1396/554 
s 2593
f 1400/556 1397/593 1406/594 
s 2594
f 1407/668 1406/666 1397/548 
s 2595
f 1406/666 1407/668 1408/665 
s 2596
f 1402/669 1408/665 1407/668 
s 2597
f 1408/665 1402/669 1401/689 
s 2598
f 1244/684 1355/683 1236/691 
s 2599
f 1355/683 1244/684 1382/543 
s 2600
f 1245/685 1382/543 1244/684 
s 2601
f 1382/543 1245/685 1242/687 
s 2602
f 505/388 503/286 504/387 
s 2603
f 503/286 505/388 1409/285 
s 2604
f 506/311 1409/285 505/388 
s 2605
f 1409/285 506/311 1314/1078 
s 2606
f 1384/542 1360/677 1359/676 
s 2607
f 1360/677 1384/542 1317/579 
s 2608
f 1335/580 1317/579 1384/542 
s 2609
f 1317/579 1335/580 1333/578 
s 2610
f 509/392 492/379 502/290 
s 2611
f 492/379 509/392 1409/285 
s 2612
f 510/393 1409/285 509/392 
s 2613
f 1409/285 510/393 503/286 
s 2614
f 1368/622 1374/623 1375/621 
s 2615
f 1374/623 1368/622 1317/579 
s 2616
f 1360/677 1317/579 1368/622 
s 2617
f 1408/665 1404/667 1406/666 
s 2618
f 1404/667 1408/665 1405/688 
s 2619
f 1401/689 1405/688 1408/665 
s 2620
f 1410/546 1354/545 1383/544 
s 2621
f 1354/545 1410/546 1398/547 
s 2622
f 1397/548 1398/547 1410/546 
s 2623
f 1334/664 1325/614 1327/612 
s 2624
f 1325/614 1334/664 1323/616 
s 2625
f 1321/607 1323/616 1334/664 
s 2626
f 1369/506 1358/550 1360/549 
s 2627
f 1358/550 1369/506 1256/596 
s 2628
f 1258/504 1256/596 1369/506 
s 2629
f 1349/587 1389/644 1351/647 
s 2630
f 1389/644 1349/587 1391/589 
s 2631
f 1411/588 1391/589 1349/587 
s 2632
f 1366/530 1341/682 1364/528 
s 2633
f 1341/682 1366/530 1343/532 
s 2634
f 1324/573 1328/572 1326/574 
s 2635
f 1328/572 1324/573 1322/575 
s 2636
f 1342/652 1345/520 1376/653 
s 2637
f 1345/520 1342/652 1344/516 
s 2638
f 1363/625 1367/624 1365/626 
s 2639
f 1367/624 1363/625 1361/627 
s 2640
f 1391/534 1387/533 1390/535 
s 2641
f 1387/533 1391/534 1411/536 
s 2642
f 1241/582 1392/581 1242/583 
s 2643
f 1392/581 1241/582 1247/584 
s 2644
f 1399/585 1392/581 1247/584 
s 2645
f 1392/581 1399/585 1350/650 
s 2646
f 1380/512 1412/679 1378/514 
s 2647
f 1412/679 1380/512 1381/510 
s 2648
f 1381/510 1413/680 1412/679 
s 2649
f 1413/680 1381/510 1368/508 
s 2650
f 1377/513 1375/681 1373/511 
s 2651
f 1375/681 1377/513 1379/515 
s 2652
f 1385/678 1410/546 1383/544 
s 2653
f 1410/546 1385/678 1386/670 
s 2654
f 1410/546 1407/668 1397/548 
s 2655
f 1407/668 1410/546 1386/670 
s 2656
f 1362/526 1341/682 1339/524 
s 2657
f 1341/682 1362/526 1364/528 
s 2658
f 1412/618 1379/617 1378/619 
s 2659
f 1379/617 1412/618 1413/620 
s 2660
f 1333/604 1330/599 1331/605 
s 2661
f 1330/599 1333/604 1335/597 
s 2662
f 1332/606 1321/607 1334/664 
s 2663
f 1321/607 1332/606 1319/601 
s 2664
f 1409/285 1315/1079 492/379 
s 2665
f 1315/1079 1409/285 1314/1078 
s 2666
f 1236/674 1253/632 1235/673 
s 2667
f 1253/632 1236/674 1355/634 
s 2668
f 1411/536 1353/537 1387/533 
s 2669
f 1353/537 1411/536 1347/538 
s 2670
f 1361/627 1343/628 1367/624 
s 2671
f 1343/628 1361/627 1337/629 
s 2672
f 1322/575 1329/576 1328/572 
s 2673
f 1329/576 1322/575 1320/577 
s 2674
f 1320/577 1333/578 1329/576 
s 2675
f 1333/578 1320/577 1317/579 
s 2676
f 1337/629 1342/630 1343/628 
s 2677
f 1342/630 1337/629 1344/540 
s 2678
f 1413/620 1375/621 1379/617 
s 2679
f 1375/621 1413/620 1368/622 
s 2680
f 1347/538 1352/539 1353/537 
s 2681
f 1352/539 1347/538 1344/540 
s 2682
f 1386/670 1402/669 1407/668 
s 2683
f 1405/559 1401/557 1403/558 
s 2684
f 1400/556 1406/594 1404/560 
s 2685
f 1344/540 1392/541 1352/539 
s 2686
f 1354/633 1398/690 1356/595 
s 2687
f 1392/581 1350/650 1352/651 
s 2688
f 1347/518 1411/588 1349/587 
s 2689
f 1390/645 1387/648 1388/646 
s 2690
f 1372/661 1395/659 1370/507 
usemtl zelda_doubleside_m_v
s 2691
f 1414/1080 1415/1081 1416/1082 
s 2692
f 1415/1081 1414/1080 1417/1083 
s 2693
f 1418/1084 1417/1083 1414/1080 
s 2694
f 1417/1083 1418/1084 1419/1085 
s 2695
f 1420/1086 1419/1085 1418/1084 
s 2696
f 1419/1085 1420/1086 1421/1084 
s 2697
f 1422/1087 1421/1084 1420/1086 
s 2698
f 1421/1084 1422/1087 1423/1088 
s 2699
f 1424/1089 1423/1088 1422/1087 
s 2700
f 1423/1088 1424/1089 1425/1090 
s 2701
f 1426/1091 1425/1090 1424/1089 
s 2702
f 1425/1090 1426/1091 1427/1092 
s 2703
f 1428/1093 1429/1094 1430/1095 
s 2704
f 1429/1094 1428/1093 1431/1096 
s 2705
f 1432/1097 1431/1096 1428/1093 
s 2706
f 1431/1096 1432/1097 1433/1098 
s 2707
f 1434/1096 1433/1098 1432/1097 
s 2708
f 1433/1098 1434/1096 1435/1099 
s 2709
f 1436/1100 1435/1099 1434/1096 
s 2710
f 1434/1096 1437/1101 1436/1100 
s 2711
f 1437/1101 1434/1096 1438/1094 
s 2712
f 1439/1093 1438/1094 1434/1096 
s 2713
f 1438/1094 1439/1093 1430/1095 
s 2714
f 1432/1097 1430/1095 1439/1093 
s 2715
f 1430/1095 1432/1097 1428/1093 
s 2716
f 1422/1087 1440/1102 1424/1089 
s 2717
f 1440/1102 1422/1087 1441/1103 
s 2718
f 1442/1104 1441/1103 1422/1087 
s 2719
f 1441/1103 1442/1104 1443/1105 
s 2720
f 1444/1106 1443/1105 1442/1104 
s 2721
f 1445/1107 1446/1108 1447/1109 
s 2722
f 1446/1108 1445/1107 1448/1110 
s 2723
f 1449/1111 1448/1110 1445/1107 
s 2724
f 1448/1110 1449/1111 1450/1107 
s 2725
f 1451/1112 1450/1107 1449/1111 
s 2726
f 1452/1113 1453/1114 1454/1115 
s 2727
f 1453/1114 1452/1113 1455/1116 
s 2728
f 1456/1117 1455/1116 1452/1113 
s 2729
f 1455/1116 1456/1117 1457/1113 
s 2730
f 1458/1118 1459/1119 1460/1120 
s 2731
f 1459/1119 1458/1118 1461/1121 
s 2732
f 1462/1122 1461/1121 1458/1118 
s 2733
f 1461/1121 1462/1122 1463/1113 
s 2734
f 1414/1080 1464/1089 1465/1123 
s 2735
f 1464/1089 1414/1080 1466/1124 
s 2736
f 1416/1082 1466/1124 1414/1080 
s 2737
f 1466/1124 1416/1082 1467/1125 
s 2738
f 1468/1112 1449/1111 1445/1107 
s 2739
f 1449/1111 1468/1112 1469/1126 
s 2740
f 1470/1127 1469/1126 1468/1112 
s 2741
f 1469/1126 1470/1127 1471/1128 
s 2742
f 1420/1086 1442/1104 1422/1087 
s 2743
f 1442/1104 1420/1086 1465/1123 
s 2744
f 1418/1084 1465/1123 1420/1086 
s 2745
f 1465/1123 1418/1084 1414/1080 
s 2746
f 1465/1123 1444/1106 1442/1104 
s 2747
f 1444/1106 1465/1123 1472/1129 
s 2748
f 1464/1089 1472/1129 1465/1123 
s 2749
f 1419/1085 1473/1130 1417/1083 
s 2750
f 1473/1130 1419/1085 1474/1131 
s 2751
f 1475/1130 1474/1131 1419/1085 
s 2752
f 1459/1119 1476/1132 1460/1120 
s 2753
f 1476/1132 1459/1119 1477/1115 
s 2754
f 1463/1113 1477/1115 1459/1119 
s 2755
f 1453/1114 1478/1133 1454/1115 
s 2756
f 1478/1133 1453/1114 1479/1115 
s 2757
f 1457/1113 1479/1115 1453/1114 
s 2758
f 1480/1134 1431/1096 1433/1098 
s 2759
f 1431/1096 1480/1134 1481/1135 
s 2760
f 1482/1101 1431/1096 1481/1135 
s 2761
f 1431/1096 1482/1101 1429/1094 
s 2762
f 1483/1136 1484/1137 1485/1138 
s 2763
f 1484/1137 1483/1136 1486/1139 
s 2764
f 1487/1140 1466/1124 1467/1125 
s 2765
f 1466/1124 1487/1140 1488/1091 
s 2766
f 1489/1141 1490/1142 1491/1143 
s 2767
f 1490/1142 1489/1141 1492/1144 
s 2768
f 1493/1141 1494/1142 1495/1144 
s 2769
f 1494/1142 1493/1141 1496/1143 
s 2770
f 1497/1145 1498/1146 1499/1147 
s 2771
f 1498/1146 1497/1145 1500/1148 
s 2772
f 1501/1125 1425/1090 1427/1092 
s 2773
f 1425/1090 1501/1125 1502/1149 
s 2774
f 1503/1127 1469/1126 1504/1128 
s 2775
f 1469/1126 1503/1127 1451/1112 
s 2776
f 1505/1150 1469/1126 1471/1128 
s 2777
f 1469/1126 1505/1150 1504/1128 
s 2778
f 1446/1108 1450/1107 1506/1109 
s 2779
f 1450/1107 1446/1108 1448/1110 
s 2780
f 1507/1151 1423/1088 1502/1149 
s 2781
f 1423/1088 1507/1151 1508/1152 
s 2782
f 1419/1085 1508/1152 1475/1130 
s 2783
f 1508/1152 1419/1085 1421/1084 
s 2784
f 1509/1145 1510/1146 1511/1147 
s 2785
f 1510/1146 1509/1145 1512/1148 
s 2786
f 1455/1116 1457/1113 1453/1114 
s 2787
f 1461/1121 1463/1113 1459/1119 
s 2788
f 1502/1149 1423/1088 1425/1090 
s 2789
f 1432/1097 1439/1093 1434/1096 
s 2790
f 1508/1152 1421/1084 1423/1088 
s 2791
f 1488/1091 1464/1089 1466/1124 
s 2792
f 1469/1126 1451/1112 1449/1111 
s 2793
f 1513/1153 1514/1154 1515/1155 
s 2794
f 1514/1154 1513/1153 1516/1156 
s 2795
f 1517/1157 1516/1156 1513/1153 
s 2796
f 1516/1156 1517/1157 1518/1158 
s 2797
f 1519/1159 1518/1158 1517/1157 
s 2798
f 1518/1158 1519/1159 1520/1160 
s 2799
f 1521/1161 1520/1160 1519/1159 
s 2800
f 1520/1160 1521/1161 1522/1158 
s 2801
f 1523/1159 1522/1158 1521/1161 
s 2802
f 1522/1158 1523/1159 1524/1156 
s 2803
f 1525/1157 1524/1156 1523/1159 
s 2804
f 1524/1156 1525/1157 1526/1154 
s 2805
f 1527/1153 1526/1154 1525/1157 
s 2806
f 1526/1154 1527/1153 1528/1162 
s 2807
f 1529/1155 1528/1162 1527/1153 
s 2808
f 1528/1162 1529/1155 1530/1163 
s 2809
f 1531/1164 1530/1163 1529/1155 
s 2810
f 1530/1163 1531/1164 1532/1162 
s 2811
f 1515/1155 1532/1162 1531/1164 
s 2812
f 1532/1162 1515/1155 1514/1154 
s 2813
f 1533/1165 1534/1166 1535/1167 
s 2814
f 1534/1166 1533/1165 1536/1168 
s 2815
f 1537/1169 1536/1168 1533/1165 
s 2816
f 1536/1168 1537/1169 1538/1170 
s 2817
f 1539/1171 1538/1170 1537/1169 
s 2818
f 1538/1170 1539/1171 1540/1172 
s 2819
f 1541/1173 1540/1172 1539/1171 
s 2820
f 1542/1171 1543/1172 1544/1173 
s 2821
f 1543/1172 1542/1171 1545/1170 
s 2822
f 1546/1169 1545/1170 1542/1171 
s 2823
f 1545/1170 1546/1169 1547/1168 
s 2824
f 1548/1165 1547/1168 1546/1169 
s 2825
f 1547/1168 1548/1165 1549/1166 
s 2826
f 1550/1167 1549/1166 1548/1165 
s 2827
f 1551/1174 1552/1175 1553/1176 
s 2828
f 1552/1175 1551/1174 1554/1177 
s 2829
f 1555/1178 1554/1177 1551/1174 
s 2830
f 1554/1177 1555/1178 1556/1179 
s 2831
f 1557/1180 1556/1179 1555/1178 
s 2832
f 1556/1179 1557/1180 1558/1181 
s 2833
f 1518/1158 1514/1154 1516/1156 
s 2834
f 1514/1154 1518/1158 1532/1162 
s 2835
f 1520/1160 1532/1162 1518/1158 
s 2836
f 1532/1162 1520/1160 1530/1163 
s 2837
f 1528/1162 1530/1163 1520/1160 
s 2838
f 1559/1182 1560/1183 1561/1184 
s 2839
f 1560/1183 1559/1182 1562/1185 
s 2840
f 1563/1186 1562/1185 1559/1182 
s 2841
f 1562/1185 1563/1186 1564/1187 
s 2842
f 1565/1188 1564/1187 1563/1186 
s 2843
f 1566/1186 1564/1187 1565/1188 
s 2844
f 1564/1187 1566/1186 1567/1185 
s 2845
f 1568/1182 1567/1185 1566/1186 
s 2846
f 1567/1185 1568/1182 1569/1183 
s 2847
f 1570/1184 1569/1183 1568/1182 
s 2848
f 1571/1189 1572/1190 1568/1182 
s 2849
f 1572/1190 1571/1189 1573/1191 
s 2850
f 1574/1192 1573/1191 1571/1189 
s 2851
f 1573/1191 1574/1192 1575/1193 
s 2852
f 1576/1191 1575/1193 1574/1192 
s 2853
f 1537/1169 1577/1194 1578/1195 
s 2854
f 1577/1194 1537/1169 1579/1196 
s 2855
f 1533/1165 1579/1196 1537/1169 
s 2856
f 1579/1196 1533/1165 1580/1197 
s 2857
f 1535/1167 1580/1197 1533/1165 
s 2858
f 1548/1165 1581/1197 1550/1167 
s 2859
f 1581/1197 1548/1165 1582/1196 
s 2860
f 1546/1169 1582/1196 1548/1165 
s 2861
f 1582/1196 1546/1169 1583/1194 
s 2862
f 1584/1195 1583/1194 1546/1169 
s 2863
f 1585/1198 1586/1199 1587/1200 
s 2864
f 1586/1199 1585/1198 1588/1201 
s 2865
f 1589/1202 1588/1201 1585/1198 
s 2866
f 1588/1201 1589/1202 1590/1203 
s 2867
f 1591/1204 1590/1203 1589/1202 
s 2868
f 1592/1197 1593/1205 1594/1167 
s 2869
f 1593/1205 1592/1197 1595/1206 
s 2870
f 1596/1207 1595/1206 1592/1197 
s 2871
f 1595/1206 1596/1207 1597/1194 
s 2872
f 1598/1208 1595/1206 1597/1194 
s 2873
f 1595/1206 1598/1208 1593/1205 
s 2874
f 1599/1209 1593/1205 1598/1208 
s 2875
f 1593/1205 1599/1209 1594/1167 
s 2876
f 1600/1210 1537/1169 1578/1195 
s 2877
f 1537/1169 1600/1210 1539/1171 
s 2878
f 1601/1211 1539/1171 1600/1210 
s 2879
f 1539/1171 1601/1211 1602/1212 
s 2880
f 1603/1206 1604/1208 1605/1194 
s 2881
f 1604/1208 1603/1206 1606/1205 
s 2882
f 1607/1197 1606/1205 1603/1206 
s 2883
f 1606/1205 1607/1197 1608/1167 
s 2884
f 1602/1212 1544/1173 1609/1213 
s 2885
f 1544/1173 1602/1212 1542/1171 
s 2886
f 1610/1211 1542/1171 1602/1212 
s 2887
f 1542/1171 1610/1211 1611/1210 
s 2888
f 1612/1199 1613/1198 1614/1200 
s 2889
f 1613/1198 1612/1199 1615/1201 
s 2890
f 1616/1214 1615/1201 1612/1199 
s 2891
f 1615/1201 1616/1214 1617/1203 
s 2892
f 1559/1182 1618/1215 1563/1186 
s 2893
f 1618/1215 1559/1182 1619/1189 
s 2894
f 1620/1190 1619/1189 1559/1182 
s 2895
f 1619/1189 1620/1190 1576/1191 
s 2896
f 1621/1216 1622/1217 936/1218 
s 2897
f 1622/1217 1621/1216 1558/1181 
s 2898
f 1556/1179 1558/1181 1621/1216 
s 2899
f 1623/1179 1624/1180 1625/1178 
s 2900
f 1624/1180 1623/1179 1626/1181 
s 2901
f 1627/1216 1626/1181 1623/1179 
s 2902
f 1564/1187 1560/1183 1562/1185 
s 2903
f 1560/1183 1564/1187 1628/1219 
s 2904
f 1629/1220 1628/1219 1564/1187 
s 2905
f 1630/1221 1544/1173 1631/1222 
s 2906
f 1544/1173 1630/1221 1609/1213 
s 2907
f 1632/1223 1609/1213 1630/1221 
s 2908
f 1589/1202 1633/1224 1591/1204 
s 2909
f 1633/1224 1589/1202 1634/1225 
s 2910
f 1585/1198 1634/1225 1589/1202 
s 2911
f 1635/1202 1617/1203 1636/1204 
s 2912
f 1617/1203 1635/1202 1615/1201 
s 2913
f 1613/1198 1615/1201 1635/1202 
s 2914
f 1541/1173 1637/1221 1638/1222 
s 2915
f 1637/1221 1541/1173 1639/1213 
s 2916
f 1602/1212 1639/1213 1541/1173 
s 2917
f 1546/1169 1611/1210 1584/1195 
s 2918
f 1611/1210 1546/1169 1542/1171 
s 2919
f 1610/1211 1640/1226 1641/1227 
s 2920
f 1640/1226 1610/1211 1602/1212 
s 2921
f 1640/1226 1601/1211 1642/1227 
s 2922
f 1601/1211 1640/1226 1602/1212 
s 2923
f 1643/1217 1627/1216 1644/1218 
s 2924
f 1627/1216 1643/1217 1626/1181 
s 2925
f 1645/1209 1606/1205 1608/1167 
s 2926
f 1606/1205 1645/1209 1604/1208 
s 2927
f 1646/1207 1603/1206 1605/1194 
s 2928
f 1603/1206 1646/1207 1607/1197 
s 2929
f 1647/1224 1635/1202 1636/1204 
s 2930
f 1635/1202 1647/1224 1648/1225 
s 2931
f 1579/1196 1649/1228 1577/1194 
s 2932
f 1649/1228 1579/1196 1580/1197 
s 2933
f 1650/1215 1568/1182 1566/1186 
s 2934
f 1568/1182 1650/1215 1571/1189 
s 2935
f 1569/1183 1564/1187 1567/1185 
s 2936
f 1564/1187 1569/1183 1651/1219 
s 2937
f 1526/1154 1522/1158 1524/1156 
s 2938
f 1522/1158 1526/1154 1528/1162 
s 2939
f 1652/1228 1582/1196 1583/1194 
s 2940
f 1582/1196 1652/1228 1581/1197 
s 2941
f 1653/1229 1654/1230 1655/1231 
s 2942
f 1654/1230 1653/1229 1656/1232 
s 2943
f 1657/1230 1658/1229 1659/1231 
s 2944
f 1658/1229 1657/1230 1660/1232 
s 2945
f 1661/1214 1588/1201 1590/1203 
s 2946
f 1588/1201 1661/1214 1586/1199 
s 2947
f 1662/1175 1663/1174 1664/1176 
s 2948
f 1663/1174 1662/1175 1665/1177 
s 2949
f 1665/1177 1625/1178 1663/1174 
s 2950
f 1625/1178 1665/1177 1623/1179 
s 2951
f 1666/1233 1667/1234 1668/1235 
s 2952
f 1667/1234 1666/1233 1669/1236 
s 2953
f 1670/1237 1671/1238 1672/1235 
s 2954
f 1671/1238 1670/1237 1673/1236 
s 2955
f 1674/1239 1675/1240 1676/1241 
s 2956
f 1675/1240 1674/1239 1677/1242 
s 2957
f 1528/1162 1520/1160 1522/1158 
s 2958
f 1678/1242 1679/1239 1680/1243 
s 2959
f 1681/1242 1682/1239 1683/1240 
s 2960
f 1541/1173 1539/1171 1602/1212 
s 2961
f 1651/1219 1629/1220 1564/1187 
s 2962
f 1534/1166 1536/1168 1538/1170 
s 2963
f 1684/1241 1683/1240 1682/1239 
s 2964
f 1619/1189 1576/1191 1574/1192 
s 2965
f 1648/1225 1613/1198 1635/1202 
s 2966
f 1685/1244 1686/1245 1687/1240 
s 2967
f 1688/1246 1687/1240 1686/1245 
s 2968
f 1689/1241 1680/1243 1679/1239 
s 2969
f 1639/1213 1690/1223 1637/1221 
s 2970
f 1549/1166 1545/1170 1547/1168 
s 2971
f 1691/1247 1692/1248 1693/1249 
s 2972
f 1692/1248 1691/1247 1694/1250 
s 2973
f 1695/1249 1694/1250 1691/1247 
s 2974
f 1694/1250 1695/1249 1696/1248 
s 2975
f 1697/1251 1696/1248 1695/1249 
s 2976
f 1696/1248 1697/1251 1698/1252 
s 2977
f 1699/1253 1698/1252 1697/1251 
s 2978
f 1698/1252 1699/1253 1700/1254 
s 2979
f 1701/1255 1700/1254 1699/1253 
s 2980
f 1700/1254 1701/1255 1702/1256 
s 2981
f 1703/1257 1702/1256 1701/1255 
s 2982
f 1702/1256 1703/1257 1704/1258 
s 2983
f 1705/1255 1704/1258 1703/1257 
s 2984
f 1704/1258 1705/1255 1706/1256 
s 2985
f 1707/1259 1706/1256 1705/1255 
s 2986
f 1706/1256 1707/1259 1708/1254 
s 2987
f 1709/1251 1708/1254 1707/1259 
s 2988
f 1708/1254 1709/1251 1710/1252 
s 2989
f 1693/1249 1710/1252 1709/1251 
s 2990
f 1710/1252 1693/1249 1692/1248 
s 2991
f 1711/1260 1712/1261 1713/1262 
s 2992
f 1712/1261 1711/1260 1714/1263 
s 2993
f 1715/1264 1714/1263 1711/1260 
s 2994
f 1714/1263 1715/1264 1716/1265 
s 2995
f 1717/1266 1716/1265 1715/1264 
s 2996
f 1716/1265 1717/1266 1718/1267 
s 2997
f 1719/1268 1718/1267 1717/1266 
s 2998
f 1718/1267 1719/1268 1720/1269 
s 2999
f 1721/1270 1720/1269 1719/1268 
s 3000
f 1720/1269 1721/1270 1722/1271 
s 3001
f 1723/1272 1724/1273 1725/1274 
s 3002
f 1724/1273 1723/1272 1726/1275 
s 3003
f 1727/1276 1726/1275 1723/1272 
s 3004
f 1726/1275 1727/1276 1728/1277 
s 3005
f 1729/1278 1728/1277 1727/1276 
s 3006
f 1728/1277 1729/1278 1730/1279 
s 3007
f 1731/1280 1730/1279 1729/1278 
s 3008
f 1730/1279 1731/1280 1732/1278 
s 3009
f 1733/1281 1732/1278 1731/1280 
s 3010
f 1732/1278 1733/1281 1734/1282 
s 3011
f 1735/1283 1736/1284 1737/1285 
s 3012
f 1736/1284 1735/1283 1738/1286 
s 3013
f 1739/1287 1738/1286 1735/1283 
s 3014
f 1738/1286 1739/1287 1740/1277 
s 3015
f 1741/1278 1740/1277 1739/1287 
s 3016
f 1740/1277 1741/1278 1742/1279 
s 3017
f 1743/1280 1742/1279 1741/1278 
s 3018
f 1742/1279 1743/1280 1744/1278 
s 3019
f 1745/1281 1744/1278 1743/1280 
s 3020
f 1744/1278 1745/1281 1746/1282 
s 3021
f 1746/1288 1747/1289 1748/1290 
s 3022
f 1747/1289 1746/1288 1749/1291 
s 3023
f 1745/1292 1749/1291 1746/1288 
s 3024
f 1749/1291 1745/1292 1750/1261 
s 3025
f 1751/1263 1750/1261 1745/1292 
s 3026
f 1750/1261 1751/1263 1752/1260 
s 3027
f 1753/1264 1752/1260 1751/1263 
s 3028
f 1752/1260 1753/1264 1754/1293 
s 3029
f 1755/1294 1754/1293 1753/1264 
s 3030
f 1756/1295 1757/1296 1758/1297 
s 3031
f 1757/1296 1756/1295 1759/1298 
s 3032
f 1713/1262 1759/1298 1756/1295 
s 3033
f 1759/1298 1713/1262 1760/1291 
s 3034
f 1712/1261 1760/1291 1713/1262 
s 3035
f 1760/1291 1712/1261 1761/1292 
s 3036
f 1714/1263 1761/1292 1712/1261 
s 3037
f 1761/1292 1714/1263 1731/1299 
s 3038
f 1733/1300 1731/1299 1714/1263 
s 3039
f 1762/1301 1763/1302 1764/1303 
s 3040
f 1763/1302 1762/1301 1765/1304 
s 3041
f 1766/1305 1765/1304 1762/1301 
s 3042
f 1765/1304 1766/1305 1767/1275 
s 3043
f 1768/1306 1767/1275 1766/1305 
s 3044
f 1767/1275 1768/1306 1769/1307 
s 3045
f 1770/1308 1769/1307 1768/1306 
s 3046
f 1771/1271 1772/1309 1773/1310 
s 3047
f 1772/1309 1771/1271 1774/1311 
s 3048
f 1775/1269 1774/1311 1771/1271 
s 3049
f 1774/1311 1775/1269 1776/1312 
s 3050
f 1777/1313 1776/1312 1775/1269 
s 3051
f 1776/1312 1777/1313 1778/1314 
s 3052
f 1779/1300 1778/1314 1777/1313 
s 3053
f 1780/1301 1781/1302 1782/1303 
s 3054
f 1781/1302 1780/1301 1783/1315 
s 3055
f 1784/1316 1783/1315 1780/1301 
s 3056
f 1783/1315 1784/1316 1785/1317 
s 3057
f 1786/1306 1785/1317 1784/1316 
s 3058
f 1785/1317 1786/1306 1787/1318 
s 3059
f 1788/1308 1787/1318 1786/1306 
s 3060
f 1789/1319 1713/1262 1756/1295 
s 3061
f 1713/1262 1789/1319 1711/1260 
s 3062
f 1790/1293 1711/1260 1789/1319 
s 3063
f 1711/1260 1790/1293 1715/1264 
s 3064
f 1791/1294 1715/1264 1790/1293 
s 3065
f 1715/1264 1791/1294 1717/1266 
s 3066
f 1740/1277 1792/1318 1738/1286 
s 3067
f 1792/1318 1740/1277 1770/1308 
s 3068
f 1793/1320 1770/1308 1740/1277 
s 3069
f 1770/1308 1793/1320 1794/1277 
s 3070
f 1742/1279 1794/1277 1793/1320 
s 3071
f 1794/1277 1742/1279 1744/1278 
s 3072
f 1753/1264 1795/1266 1755/1294 
s 3073
f 1795/1266 1753/1264 1796/1265 
s 3074
f 1751/1263 1796/1265 1753/1264 
s 3075
f 1796/1265 1751/1263 1797/1321 
s 3076
f 1779/1300 1797/1321 1751/1263 
s 3077
f 1797/1321 1779/1300 1777/1313 
s 3078
f 1728/1277 1798/1307 1726/1275 
s 3079
f 1798/1307 1728/1277 1799/1320 
s 3080
f 1730/1279 1799/1320 1728/1277 
s 3081
f 1799/1320 1730/1279 1800/1277 
s 3082
f 1732/1278 1800/1277 1730/1279 
s 3083
f 1800/1277 1732/1278 1801/1287 
s 3084
f 1734/1314 1802/1312 1803/1322 
s 3085
f 1802/1312 1734/1314 1804/1313 
s 3086
f 1733/1300 1804/1313 1734/1314 
s 3087
f 1804/1313 1733/1300 1805/1321 
s 3088
f 1714/1263 1805/1321 1733/1300 
s 3089
f 1805/1321 1714/1263 1716/1265 
s 3090
f 1806/1296 1807/1295 1808/1297 
s 3091
f 1807/1295 1806/1296 1809/1298 
s 3092
f 1810/1323 1809/1298 1806/1296 
s 3093
f 1809/1298 1810/1323 1747/1289 
s 3094
f 1811/1324 1747/1289 1810/1323 
s 3095
f 1747/1289 1811/1324 1748/1290 
s 3096
f 1803/1325 1732/1278 1734/1282 
s 3097
f 1732/1278 1803/1325 1801/1287 
s 3098
f 1812/1283 1801/1287 1803/1325 
s 3099
f 1801/1287 1812/1283 1785/1317 
s 3100
f 1783/1315 1785/1317 1812/1283 
s 3101
f 1724/1273 1813/1302 1725/1274 
s 3102
f 1813/1302 1724/1273 1814/1301 
s 3103
f 1815/1305 1814/1301 1724/1273 
s 3104
f 1814/1301 1815/1305 1816/1326 
s 3105
f 1817/1327 1816/1326 1815/1305 
s 3106
f 1818/1306 1819/1327 1820/1316 
s 3107
f 1819/1327 1818/1306 1821/1328 
s 3108
f 1822/1329 1821/1328 1818/1306 
s 3109
f 1821/1328 1822/1329 1823/1330 
s 3110
f 1824/1328 1823/1330 1822/1329 
s 3111
f 1736/1284 1772/1302 1737/1285 
s 3112
f 1772/1302 1736/1284 1825/1301 
s 3113
f 1820/1316 1825/1301 1736/1284 
s 3114
f 1825/1301 1820/1316 1826/1326 
s 3115
f 1819/1327 1826/1326 1820/1316 
s 3116
f 1799/1320 1788/1308 1798/1307 
s 3117
f 1788/1308 1799/1320 1787/1318 
s 3118
f 1800/1277 1787/1318 1799/1320 
s 3119
f 1787/1318 1800/1277 1785/1317 
s 3120
f 1801/1287 1785/1317 1800/1277 
s 3121
f 1827/1306 1817/1327 1815/1305 
s 3122
f 1817/1327 1827/1306 1828/1328 
s 3123
f 1829/1329 1828/1328 1827/1306 
s 3124
f 1828/1328 1829/1329 1830/1330 
s 3125
f 1831/1328 1830/1330 1829/1329 
s 3126
f 1774/1311 1737/1331 1772/1309 
s 3127
f 1737/1331 1774/1311 1735/1332 
s 3128
f 1776/1312 1735/1332 1774/1311 
s 3129
f 1735/1332 1776/1312 1832/1322 
s 3130
f 1778/1314 1832/1322 1776/1312 
s 3131
f 1833/1289 1759/1298 1760/1291 
s 3132
f 1759/1298 1833/1289 1834/1323 
s 3133
f 1723/1324 1834/1323 1833/1289 
s 3134
f 1834/1323 1723/1324 1725/1333 
s 3135
f 1749/1291 1809/1298 1747/1289 
s 3136
f 1809/1298 1749/1291 1835/1262 
s 3137
f 1750/1261 1835/1262 1749/1291 
s 3138
f 1835/1262 1750/1261 1752/1260 
s 3139
f 1835/1262 1807/1295 1809/1298 
s 3140
f 1807/1295 1835/1262 1836/1319 
s 3141
f 1752/1260 1836/1319 1835/1262 
s 3142
f 1836/1319 1752/1260 1754/1293 
s 3143
f 1726/1275 1815/1305 1724/1273 
s 3144
f 1815/1305 1726/1275 1827/1306 
s 3145
f 1798/1307 1827/1306 1726/1275 
s 3146
f 1827/1306 1798/1307 1788/1308 
s 3147
f 1837/1288 1760/1291 1761/1292 
s 3148
f 1760/1291 1837/1288 1833/1289 
s 3149
f 1838/1290 1833/1289 1837/1288 
s 3150
f 1833/1289 1838/1290 1723/1324 
s 3151
f 1738/1286 1820/1316 1736/1284 
s 3152
f 1820/1316 1738/1286 1818/1306 
s 3153
f 1792/1318 1818/1306 1738/1286 
s 3154
f 1818/1306 1792/1318 1770/1308 
s 3155
f 1802/1312 1812/1332 1803/1322 
s 3156
f 1812/1332 1802/1312 1839/1311 
s 3157
f 1720/1269 1839/1311 1802/1312 
s 3158
f 1839/1311 1720/1269 1722/1271 
s 3159
f 1748/1325 1744/1278 1746/1282 
s 3160
f 1744/1278 1748/1325 1840/1276 
s 3161
f 1811/1272 1840/1276 1748/1325 
s 3162
f 1840/1276 1811/1272 1767/1275 
s 3163
f 1804/1313 1720/1269 1802/1312 
s 3164
f 1720/1269 1804/1313 1718/1267 
s 3165
f 1805/1321 1718/1267 1804/1313 
s 3166
f 1718/1267 1805/1321 1716/1265 
s 3167
f 1832/1325 1739/1287 1735/1283 
s 3168
f 1739/1287 1832/1325 1741/1278 
s 3169
f 1778/1282 1741/1278 1832/1325 
s 3170
f 1741/1278 1778/1282 1779/1281 
s 3171
f 1838/1325 1727/1276 1723/1272 
s 3172
f 1727/1276 1838/1325 1729/1278 
s 3173
f 1837/1282 1729/1278 1838/1325 
s 3174
f 1729/1278 1837/1282 1761/1281 
s 3175
f 1841/1334 779/1335 777/1336 
s 3176
f 779/1335 1841/1334 780/1336 
s 3177
f 781/1336 780/1336 1841/1334 
s 3178
f 1841/1334 819/1336 820/1335 
s 3179
f 819/1336 1841/1334 778/1335 
s 3180
f 777/1336 778/1335 1841/1334 
s 3181
f 1839/1311 1842/1331 1812/1332 
s 3182
f 1842/1331 1839/1311 1781/1309 
s 3183
f 1782/1310 1781/1309 1839/1311 
s 3184
f 1706/1256 1692/1248 1694/1250 
s 3185
f 1692/1248 1706/1256 1710/1252 
s 3186
f 1708/1254 1710/1252 1706/1256 
s 3187
f 1843/1267 1795/1266 1796/1265 
s 3188
f 1795/1266 1843/1267 1844/1268 
s 3189
f 1775/1269 1844/1268 1843/1267 
s 3190
f 1834/1323 1757/1296 1759/1298 
s 3191
f 1757/1296 1834/1323 1845/1337 
s 3192
f 1813/1338 1845/1337 1834/1323 
s 3193
f 1843/1267 1777/1313 1775/1269 
s 3194
f 1777/1313 1843/1267 1797/1321 
s 3195
f 1796/1265 1797/1321 1843/1267 
s 3196
f 1846/1334 999/1336 1001/1335 
s 3197
f 999/1336 1846/1334 1013/1335 
s 3198
f 1012/1336 1013/1335 1846/1334 
s 3199
f 1702/1256 1698/1252 1700/1254 
s 3200
f 1698/1252 1702/1256 1696/1248 
s 3201
f 1694/1250 1696/1248 1702/1256 
s 3202
f 1794/1277 1769/1307 1770/1308 
s 3203
f 1769/1307 1794/1277 1767/1275 
s 3204
f 1840/1276 1767/1275 1794/1277 
s 3205
f 1822/1329 1768/1306 1824/1328 
s 3206
f 1768/1306 1822/1329 1770/1308 
s 3207
f 1818/1306 1770/1308 1822/1329 
s 3208
f 1829/1329 1786/1306 1831/1328 
s 3209
f 1786/1306 1829/1329 1788/1308 
s 3210
f 1827/1306 1788/1308 1829/1329 
s 3211
f 1764/1337 1810/1323 1806/1296 
s 3212
f 1810/1323 1764/1337 1763/1338 
s 3213
f 1847/1326 1766/1305 1762/1301 
s 3214
f 1766/1305 1847/1326 1848/1327 
s 3215
f 1765/1304 1811/1272 1849/1274 
s 3216
f 1811/1272 1765/1304 1767/1275 
s 3217
f 1003/1336 1846/1334 1001/1335 
s 3218
f 1846/1334 1003/1336 1005/1336 
s 3219
f 1846/1334 1010/1335 1012/1336 
s 3220
f 1010/1335 1846/1334 1005/1336 
s 3221
f 1850/1270 1775/1269 1771/1271 
s 3222
f 1775/1269 1850/1270 1844/1268 
s 3223
f 1851/1327 1786/1306 1784/1316 
s 3224
f 1786/1306 1851/1327 1831/1328 
s 3225
f 1848/1327 1768/1306 1766/1305 
s 3226
f 1768/1306 1848/1327 1824/1328 
s 3227
f 1810/1323 1849/1333 1811/1324 
s 3228
f 1849/1333 1810/1323 1763/1338 
s 3229
f 1704/1258 1694/1250 1702/1256 
s 3230
f 1694/1250 1704/1258 1706/1256 
s 3231
f 1743/1299 1751/1263 1745/1292 
s 3232
f 1751/1263 1743/1299 1779/1300 
s 3233
f 1852/1326 1784/1316 1780/1301 
s 3234
f 1784/1316 1852/1326 1851/1327 
s 3235
f 1842/1285 1783/1315 1812/1283 
s 3236
f 1781/1302 1783/1315 1842/1285 
s 3237
f 1845/1303 1813/1302 1814/1301 
s 3238
f 1839/1311 1722/1271 1782/1310 
s 3239
f 1763/1302 1765/1304 1849/1274 
s 3240
f 1773/1303 1772/1302 1825/1301 
s 3241
f 820/1335 781/1336 1841/1334 
s 3242
f 1729/1278 1761/1281 1731/1280 
s 3243
f 1741/1278 1779/1281 1743/1280 
s 3244
f 1740/1277 1742/1279 1793/1320 
s 3245
f 1834/1323 1725/1333 1813/1338 
s 3246
f 1840/1276 1794/1277 1744/1278 
usemtl zelda_eyeball_L_v
s 3247
f 1853/1339 1854/1340 1855/1341 
s 3248
f 1854/1340 1853/1339 1856/1342 
s 3249
f 1857/1343 1856/1342 1853/1339 
s 3250
f 1856/1342 1857/1343 1858/1344 
s 3251
f 1859/1345 1858/1344 1857/1343 
s 3252
f 1858/1344 1859/1345 1860/1346 
s 3253
f 1861/1347 1860/1346 1859/1345 
s 3254
f 1862/1348 1861/1347 1859/1345 
s 3255
f 1861/1347 1862/1348 1863/1349 
s 3256
f 1864/1350 1863/1349 1862/1348 
s 3257
f 1863/1349 1864/1350 1865/1351 
s 3258
f 1866/1352 1865/1351 1864/1350 
s 3259
f 1865/1351 1866/1352 1867/1353 
s 3260
f 1868/1354 1867/1353 1866/1352 
s 3261
f 1857/1343 1862/1348 1859/1345 
s 3262
f 1862/1348 1857/1343 1864/1350 
s 3263
f 1853/1339 1864/1350 1857/1343 
s 3264
f 1864/1350 1853/1339 1866/1352 
s 3265
f 1855/1341 1866/1352 1853/1339 
s 3266
f 1866/1352 1855/1341 1868/1354 
s 3267
f 1856/1342 1869/1355 1854/1340 
s 3268
f 1869/1355 1856/1342 1870/1356 
s 3269
f 1858/1344 1870/1356 1856/1342 
s 3270
f 1870/1356 1858/1344 1871/1357 
s 3271
f 1860/1346 1871/1357 1858/1344 
s 3272
f 1863/1349 1872/1358 1861/1347 
s 3273
f 1872/1358 1863/1349 1873/1359 
s 3274
f 1865/1351 1873/1359 1863/1349 
usemtl zelda_eyeball_R_v
s 3275
f 1874/1339 1875/1341 1876/1340 
s 3276
f 1875/1341 1874/1339 1877/1352 
s 3277
f 1878/1343 1877/1352 1874/1339 
s 3278
f 1877/1352 1878/1343 1879/1350 
s 3279
f 1880/1348 1879/1350 1878/1343 
s 3280
f 1879/1350 1880/1348 1881/1349 
s 3281
f 1882/1347 1881/1349 1880/1348 
s 3282
f 1881/1349 1882/1347 1883/1358 
s 3283
f 1884/1342 1874/1339 1876/1340 
s 3284
f 1874/1339 1884/1342 1878/1343 
s 3285
f 1885/1344 1878/1343 1884/1342 
s 3286
f 1878/1343 1885/1344 1886/1345 
s 3287
f 1887/1346 1886/1345 1885/1344 
s 3288
f 1886/1345 1887/1346 1882/1347 
s 3289
f 1877/1352 1888/1354 1875/1341 
s 3290
f 1888/1354 1877/1352 1889/1353 
s 3291
f 1879/1350 1889/1353 1877/1352 
s 3292
f 1889/1353 1879/1350 1890/1351 
s 3293
f 1881/1349 1890/1351 1879/1350 
s 3294
f 1891/1359 1881/1349 1883/1358 
s 3295
f 1881/1349 1891/1359 1890/1351 
s 3296
f 1880/1348 1886/1345 1882/1347 
s 3297
f 1886/1345 1880/1348 1878/1343 
s 3298
f 1892/1355 1884/1342 1876/1340 
s 3299
f 1884/1342 1892/1355 1893/1356 
s 3300
f 1893/1356 1885/1344 1884/1342 
s 3301
f 1885/1344 1893/1356 1894/1357 
s 3302
f 1885/1344 1894/1357 1887/1346 
usemtl zelda_hair_m_v
s 3303
f 1895/1360 1896/1361 185/1362 
s 3304
f 1896/1361 1895/1360 1897/1363 
s 3305
f 1898/1364 1897/1363 1895/1360 
s 3306
f 1897/1363 1898/1364 1899/1365 
s 3307
f 1900/1366 1899/1365 1898/1364 
s 3308
f 1899/1365 1900/1366 1901/1367 
s 3309
f 1902/1368 1901/1367 1900/1366 
s 3310
f 1901/1367 1902/1368 1903/1369 
s 3311
f 1904/1370 1905/1371 1906/1372 
s 3312
f 1905/1371 1904/1370 1907/1373 
s 3313
f 1908/1374 1907/1373 1904/1370 
s 3314
f 1907/1373 1908/1374 1909/1375 
s 3315
f 1910/1376 1909/1375 1908/1374 
s 3316
f 1909/1375 1910/1376 1911/1377 
s 3317
f 1912/1378 1911/1377 1910/1376 
s 3318
f 1911/1377 1912/1378 1913/1379 
s 3319
f 1914/1380 1915/1360 221/1362 
s 3320
f 1915/1360 1914/1380 1916/1363 
s 3321
f 1908/1374 1916/1363 1914/1380 
s 3322
f 1916/1363 1908/1374 1917/1381 
s 3323
f 1904/1370 1917/1381 1908/1374 
s 3324
f 1917/1381 1904/1370 1918/1382 
s 3325
f 1906/1372 1918/1382 1904/1370 
s 3326
f 1919/1365 1920/1383 1921/1364 
s 3327
f 1920/1383 1919/1365 1922/1384 
s 3328
f 1923/1385 1922/1384 1919/1365 
s 3329
f 1922/1384 1923/1385 1924/1386 
s 3330
f 1925/1387 1924/1386 1923/1385 
s 3331
f 1924/1386 1925/1387 1926/1388 
s 3332
f 1927/1389 1926/1388 1925/1387 
s 3333
f 1928/1382 1929/1385 1930/1390 
s 3334
f 1929/1385 1928/1382 1931/1381 
s 3335
f 1932/1391 1931/1381 1928/1382 
s 3336
f 1931/1381 1932/1391 1933/1392 
s 3337
f 1934/1393 1933/1392 1932/1391 
s 3338
f 1933/1392 1934/1393 1935/1394 
s 3339
f 1936/1395 1935/1394 1934/1393 
s 3340
f 1911/1377 1937/1396 1909/1375 
s 3341
f 1937/1396 1911/1377 1938/1397 
s 3342
f 1939/1398 1938/1397 1911/1377 
s 3343
f 1938/1397 1939/1398 1940/1399 
s 3344
f 1941/1400 1940/1399 1939/1398 
s 3345
f 1940/1399 1941/1400 1942/1401 
s 3346
f 1916/1363 1921/1364 1915/1360 
s 3347
f 1921/1364 1916/1363 1919/1365 
s 3348
f 1917/1381 1919/1365 1916/1363 
s 3349
f 1919/1365 1917/1381 1923/1385 
s 3350
f 1918/1382 1923/1385 1917/1381 
s 3351
f 1923/1385 1918/1382 1925/1387 
s 3352
f 1940/1399 1936/1395 1938/1397 
s 3353
f 1936/1395 1940/1399 1935/1394 
s 3354
f 1943/1376 1935/1394 1940/1399 
s 3355
f 1935/1394 1943/1376 1933/1392 
s 3356
f 1896/1361 1933/1392 1943/1376 
s 3357
f 1933/1392 1896/1361 1897/1363 
s 3358
f 1930/1390 1926/1388 1927/1402 
s 3359
f 1926/1388 1930/1390 1944/1403 
s 3360
f 1929/1385 1944/1403 1930/1390 
s 3361
f 1944/1403 1929/1385 1901/1367 
s 3362
f 1899/1365 1901/1367 1929/1385 
s 3363
f 1922/1384 1902/1368 1920/1383 
s 3364
f 1902/1368 1922/1384 1903/1369 
s 3365
f 1924/1386 1903/1369 1922/1384 
s 3366
f 1903/1369 1924/1386 1926/1388 
s 3367
f 1931/1381 1899/1365 1929/1385 
s 3368
f 1899/1365 1931/1381 1897/1363 
s 3369
f 1933/1392 1897/1363 1931/1381 
s 3370
f 1943/1376 1945/1404 1896/1361 
s 3371
f 1945/1404 1943/1376 1946/1405 
s 3372
f 1942/1401 1946/1405 1943/1376 
s 3373
f 1944/1403 1903/1369 1926/1388 
s 3374
f 1903/1369 1944/1403 1901/1367 
s 3375
f 1934/1393 1947/1406 1936/1395 
s 3376
f 1947/1406 1934/1393 1932/1391 
s 3377
f 1948/1407 1932/1391 1928/1382 
s 3378
f 1932/1391 1948/1407 1947/1406 
s 3379
f 1913/1379 1939/1398 1911/1377 
s 3380
f 1939/1398 1913/1379 1949/1408 
s 3381
f 1950/1405 1910/1376 1951/1409 
s 3382
f 1910/1376 1950/1405 1912/1378 
s 3383
f 1914/1380 1910/1376 1908/1374 
s 3384
f 1910/1376 1914/1380 1951/1409 
s 3385
f 1907/1373 1937/1396 1905/1371 
s 3386
f 1937/1396 1907/1373 1909/1375 
s 3387
f 1941/1400 1939/1398 1949/1408 
s 3388
f 1943/1376 1940/1399 1942/1401 
s 3389
f 1952/1410 1953/1411 185/1412 
s 3390
f 1953/1411 1952/1410 1954/1413 
s 3391
f 1955/1414 1954/1413 1952/1410 
s 3392
f 1954/1413 1955/1414 1956/1415 
s 3393
f 1957/1416 1956/1415 1955/1414 
s 3394
f 1956/1415 1957/1416 1958/1417 
s 3395
f 1959/1418 1958/1417 1957/1416 
s 3396
f 1958/1417 1959/1418 1960/1416 
s 3397
f 1961/1419 1960/1416 1959/1418 
s 3398
f 1960/1416 1961/1419 1962/1414 
s 3399
f 1963/1420 1962/1414 1961/1419 
s 3400
f 1962/1414 1963/1420 1964/1421 
s 3401
f 1965/1422 1964/1421 1963/1420 
s 3402
f 1964/1421 1965/1422 1966/1423 
s 3403
f 1967/1424 1966/1423 1965/1422 
s 3404
f 1966/1423 1967/1424 1968/1425 
s 3405
f 1969/1426 1968/1425 1967/1424 
s 3406
f 1968/1425 1969/1426 1970/1427 
s 3407
f 1971/1428 1970/1427 1969/1426 
s 3408
f 1970/1427 1971/1428 1972/1429 
s 3409
f 1973/1430 1972/1429 1971/1428 
s 3410
f 1972/1429 1973/1430 1974/1431 
s 3411
f 1975/1432 1974/1431 1973/1430 
s 3412
f 1974/1431 1975/1432 205/1433 
s 3413
f 110/1434 205/1433 1975/1432 
s 3414
f 189/1435 185/1412 306/1436 
s 3415
f 185/1412 189/1435 1952/1410 
s 3416
f 1976/1437 1952/1410 189/1435 
s 3417
f 1952/1410 1976/1437 1977/1438 
s 3418
f 1978/1422 1977/1438 1976/1437 
s 3419
f 1977/1438 1978/1422 1979/1420 
s 3420
f 1980/1439 1979/1420 1978/1422 
s 3421
f 1979/1420 1980/1439 1981/1440 
s 3422
f 1982/1441 1981/1440 1980/1439 
s 3423
f 1981/1440 1982/1441 1983/1442 
s 3424
f 1984/1443 1983/1442 1982/1441 
s 3425
f 1983/1442 1984/1443 1985/1444 
s 3426
f 1986/1445 1985/1444 1984/1443 
s 3427
f 1985/1444 1986/1445 1987/1446 
s 3428
f 1988/1447 1987/1446 1986/1445 
s 3429
f 1987/1446 1988/1447 1989/1448 
s 3430
f 1990/1449 1989/1448 1988/1447 
s 3431
f 1989/1448 1990/1449 1991/1450 
s 3432
f 1992/1451 1991/1450 1990/1449 
s 3433
f 1993/1452 1967/1424 1994/1453 
s 3434
f 1967/1424 1993/1452 1969/1426 
s 3435
f 1995/1454 1969/1426 1993/1452 
s 3436
f 1969/1426 1995/1454 1996/1455 
s 3437
f 1997/1456 1996/1455 1995/1454 
s 3438
f 1996/1455 1997/1456 1998/1457 
s 3439
f 1991/1458 1998/1457 1997/1456 
s 3440
f 1998/1457 1991/1458 1999/1459 
s 3441
f 2000/1460 1999/1459 1991/1458 
s 3442
f 1999/1459 2000/1460 2001/1461 
s 3443
f 108/1462 2001/1461 2000/1460 
s 3444
f 2001/1461 108/1462 110/1434 
s 3445
f 2002/1463 1976/1437 189/1435 
s 3446
f 1976/1437 2002/1463 2003/1464 
s 3447
f 2004/1465 2003/1464 2002/1463 
s 3448
f 2003/1464 2004/1465 2005/1466 
s 3449
f 2006/1467 2005/1466 2004/1465 
s 3450
f 2005/1466 2006/1467 2007/1468 
s 3451
f 2008/1469 2007/1468 2006/1467 
s 3452
f 2007/1468 2008/1469 2009/1454 
s 3453
f 1990/1449 2009/1454 2008/1469 
s 3454
f 2010/1470 1994/1453 2011/1471 
s 3455
f 1994/1453 2010/1470 1993/1452 
s 3456
f 2012/1472 1993/1452 2010/1470 
s 3457
f 1993/1452 2012/1472 1995/1454 
s 3458
f 2013/1473 1995/1454 2012/1472 
s 3459
f 1995/1454 2013/1473 2014/1474 
s 3460
f 1987/1475 2014/1474 2013/1473 
s 3461
f 2014/1474 1987/1475 1989/1476 
s 3462
f 1915/1360 2015/1477 221/1362 
s 3463
f 2015/1477 1915/1360 2016/1478 
s 3464
f 1921/1364 2016/1478 1915/1360 
s 3465
f 2016/1478 1921/1364 2017/1479 
s 3466
f 1920/1383 2017/1479 1921/1364 
s 3467
f 2017/1479 1920/1383 2018/1480 
s 3468
f 1902/1368 2018/1480 1920/1383 
s 3469
f 2019/1481 1982/1441 1980/1439 
s 3470
f 1982/1441 2019/1481 2020/1482 
s 3471
f 2021/1483 2020/1482 2019/1481 
s 3472
f 2020/1482 2021/1483 2022/1484 
s 3473
f 2009/1454 2022/1484 2021/1483 
s 3474
f 2022/1484 2009/1454 1986/1445 
s 3475
f 1988/1447 1986/1445 2009/1454 
s 3476
f 2023/1485 1961/1419 1959/1418 
s 3477
f 1961/1419 2023/1485 2024/1440 
s 3478
f 2011/1471 2024/1440 2023/1485 
s 3479
f 2024/1440 2011/1471 2025/1439 
s 3480
f 1994/1453 2025/1439 2011/1471 
s 3481
f 2025/1439 1994/1453 1965/1422 
s 3482
f 1967/1424 1965/1422 1994/1453 
s 3483
f 2026/1486 2004/1465 2002/1463 
s 3484
f 2004/1465 2026/1486 2027/1487 
s 3485
f 2028/1488 2027/1487 2026/1486 
s 3486
f 2027/1487 2028/1488 2029/1489 
s 3487
f 2030/1490 2029/1489 2028/1488 
s 3488
f 2029/1489 2030/1490 2000/1491 
s 3489
f 108/1492 2000/1491 2030/1490 
s 3490
f 151/1436 305/1493 250/1494 
s 3491
f 305/1493 151/1436 220/1435 
s 3492
f 221/1412 220/1435 151/1436 
s 3493
f 220/1435 221/1412 2031/1410 
s 3494
f 2015/1411 2031/1410 221/1412 
s 3495
f 2031/1410 2015/1411 2016/1413 
s 3496
f 1918/1382 2032/1495 1925/1387 
s 3497
f 2032/1495 1918/1382 1287/1496 
s 3498
f 1906/1372 1287/1496 1918/1382 
s 3499
f 1287/1496 1906/1372 1286/1497 
s 3500
f 1905/1371 1286/1497 1906/1372 
s 3501
f 1286/1497 1905/1371 1937/1396 
s 3502
f 227/1498 2033/1499 228/1500 
s 3503
f 2033/1499 227/1498 2034/1501 
s 3504
f 362/1502 2034/1501 227/1498 
s 3505
f 2034/1501 362/1502 2035/1503 
s 3506
f 245/1504 2035/1503 362/1502 
s 3507
f 2035/1503 245/1504 2036/1505 
s 3508
f 2037/1506 1966/1423 1968/1425 
s 3509
f 1966/1423 2037/1506 220/1435 
s 3510
f 2038/1507 220/1435 2037/1506 
s 3511
f 220/1435 2038/1507 305/1493 
s 3512
f 275/1508 305/1493 2038/1507 
s 3513
f 2021/1483 2007/1468 2009/1454 
s 3514
f 2007/1468 2021/1483 2039/1509 
s 3515
f 2019/1481 2039/1509 2021/1483 
s 3516
f 2039/1509 2019/1481 1978/1422 
s 3517
f 1980/1439 1978/1422 2019/1481 
s 3518
f 2027/1487 2006/1467 2004/1465 
s 3519
f 2006/1467 2027/1487 2040/1510 
s 3520
f 2029/1489 2040/1510 2027/1487 
s 3521
f 2040/1510 2029/1489 1992/1451 
s 3522
f 1991/1511 1992/1451 2029/1489 
s 3523
f 2034/1501 1108/1512 2033/1499 
s 3524
f 1108/1512 2034/1501 1110/1513 
s 3525
f 2035/1503 1110/1513 2034/1501 
s 3526
f 1110/1513 2035/1503 1111/1514 
s 3527
f 2041/1503 250/1504 305/1502 
s 3528
f 250/1504 2041/1503 2042/1505 
s 3529
f 600/1514 2042/1505 2041/1503 
s 3530
f 2042/1505 600/1514 594/1515 
s 3531
f 2043/1501 305/1502 275/1498 
s 3532
f 305/1502 2043/1501 2041/1503 
s 3533
f 597/1513 2041/1503 2043/1501 
s 3534
f 2041/1503 597/1513 600/1514 
s 3535
f 2044/1499 275/1498 336/1500 
s 3536
f 275/1498 2044/1499 2043/1501 
s 3537
f 593/1512 2043/1501 2044/1499 
s 3538
f 2043/1501 593/1512 597/1513 
s 3539
f 1962/1414 2016/1413 2017/1415 
s 3540
f 2016/1413 1962/1414 2031/1410 
s 3541
f 1964/1421 2031/1410 1962/1414 
s 3542
f 2031/1410 1964/1421 1966/1423 
s 3543
f 2023/1516 1981/1440 1983/1442 
s 3544
f 1981/1440 2023/1516 2045/1419 
s 3545
f 1959/1418 2045/1419 2023/1516 
s 3546
f 2045/1419 1959/1418 1957/1416 
s 3547
f 1972/1429 1968/1425 1970/1427 
s 3548
f 1968/1425 1972/1429 2037/1506 
s 3549
f 1974/1431 2037/1506 1972/1429 
s 3550
f 2037/1506 1974/1431 205/1433 
s 3551
f 2046/1517 1287/1496 1275/1518 
s 3552
f 1287/1496 2046/1517 2032/1495 
s 3553
f 1927/1389 2032/1495 2046/1517 
s 3554
f 2032/1495 1927/1389 1925/1387 
s 3555
f 1936/1395 1298/1519 1938/1397 
s 3556
f 1298/1519 1936/1395 1279/1520 
s 3557
f 1947/1406 1279/1520 1936/1395 
s 3558
f 1279/1520 1947/1406 1948/1407 
s 3559
f 2013/1473 1985/1521 1987/1475 
s 3560
f 1985/1521 2013/1473 2047/1522 
s 3561
f 2010/1470 2047/1522 2013/1473 
s 3562
f 2047/1522 2010/1470 1983/1442 
s 3563
f 2033/1499 245/1523 228/1524 
s 3564
f 245/1523 2033/1499 2036/1525 
s 3565
f 1108/1512 2036/1525 2033/1499 
s 3566
f 2036/1525 1108/1512 1109/1526 
s 3567
f 362/1493 306/1436 245/1494 
s 3568
f 306/1436 362/1493 189/1435 
s 3569
f 2048/1507 189/1435 362/1493 
s 3570
f 189/1435 2048/1507 2002/1463 
s 3571
f 1963/1420 2025/1439 1965/1422 
s 3572
f 2025/1439 1963/1420 2024/1440 
s 3573
f 1961/1419 2024/1440 1963/1420 
s 3574
f 1997/1456 1989/1476 1991/1458 
s 3575
f 1989/1476 1997/1456 2014/1474 
s 3576
f 1995/1454 2014/1474 1997/1456 
s 3577
f 1999/1459 1971/1428 1998/1457 
s 3578
f 1971/1428 1999/1459 1973/1430 
s 3579
f 1975/1432 1973/1430 1999/1459 
s 3580
f 2045/1419 1979/1420 1981/1440 
s 3581
f 1979/1420 2045/1419 1955/1414 
s 3582
f 1957/1416 1955/1414 2045/1419 
s 3583
f 2049/1527 1928/1382 1930/1390 
s 3584
f 1928/1382 2049/1527 1277/1528 
s 3585
f 1275/1529 1277/1528 2049/1527 
s 3586
f 2049/1527 2046/1530 1275/1529 
s 3587
f 2046/1530 2049/1527 1927/1402 
s 3588
f 1930/1390 1927/1402 2049/1527 
s 3589
f 2038/1507 207/1531 275/1508 
s 3590
f 207/1531 2038/1507 205/1433 
s 3591
f 2037/1506 205/1433 2038/1507 
s 3592
f 2018/1480 1956/1532 1958/1533 
s 3593
f 1956/1532 2018/1480 1900/1366 
s 3594
f 1902/1368 1900/1366 2018/1480 
s 3595
f 2048/1507 191/1534 2002/1535 
s 3596
f 191/1534 2048/1507 192/1531 
s 3597
f 227/1508 192/1531 2048/1507 
s 3598
f 250/1523 2044/1499 336/1524 
s 3599
f 2044/1499 250/1523 2042/1525 
s 3600
f 2020/1482 1984/1443 1982/1441 
s 3601
f 1984/1443 2020/1482 2022/1484 
s 3602
f 1976/1437 2039/1509 1978/1422 
s 3603
f 2039/1509 1976/1437 2003/1464 
s 3604
f 2001/1461 1975/1432 1999/1459 
s 3605
f 1975/1432 2001/1461 110/1434 
s 3606
f 2008/1469 1992/1451 1990/1449 
s 3607
f 1992/1451 2008/1469 2006/1467 
s 3608
f 1996/1455 1971/1428 1969/1426 
s 3609
f 1971/1428 1996/1455 1998/1457 
s 3610
f 2003/1464 2007/1468 2039/1509 
s 3611
f 2007/1468 2003/1464 2005/1466 
s 3612
f 2030/1490 222/1536 108/1492 
s 3613
f 222/1536 2030/1490 2028/1488 
s 3614
f 1983/1442 2011/1471 2023/1485 
s 3615
f 2011/1471 1983/1442 2010/1470 
s 3616
f 1298/1537 1937/1396 1938/1397 
s 3617
f 1937/1396 1298/1537 1286/1497 
s 3618
f 1948/1407 1277/1528 1279/1520 
s 3619
f 1277/1528 1948/1407 1928/1382 
s 3620
f 1977/1438 1955/1414 1952/1410 
s 3621
f 1955/1414 1977/1438 1979/1420 
s 3622
f 1960/1416 2017/1415 1958/1417 
s 3623
f 2017/1415 1960/1416 1962/1414 
s 3624
f 2026/1486 222/1536 2028/1488 
s 3625
f 222/1536 2026/1486 191/1433 
s 3626
f 1954/1478 1898/1364 1895/1360 
s 3627
f 1898/1364 1954/1478 1956/1532 
s 3628
f 1109/1515 2035/1503 2036/1505 
s 3629
f 2035/1503 1109/1515 1111/1514 
s 3630
f 1953/1477 1895/1360 185/1362 
s 3631
f 1895/1360 1953/1477 1954/1478 
s 3632
f 2044/1499 594/1526 593/1512 
s 3633
f 594/1526 2044/1499 2042/1525 
s 3634
f 1983/1442 1985/1521 2047/1522 
s 3635
f 2031/1410 1966/1423 220/1435 
s 3636
f 1945/1404 185/1362 1896/1361 
s 3637
f 2000/1491 1991/1511 2029/1489 
s 3638
f 2010/1470 2013/1473 2012/1472 
s 3639
f 362/1493 227/1508 2048/1507 
s 3640
f 1984/1443 2022/1484 1986/1445 
s 3641
f 1898/1364 1956/1532 1900/1366 
s 3642
f 1951/1409 1914/1380 221/1362 
s 3643
f 2018/1480 1958/1533 2017/1479 
s 3644
f 1988/1447 2009/1454 1990/1449 
s 3645
f 1992/1451 2006/1467 2040/1510 
usemtl zelda_jewel_m_v
s 3646
f 2050/1538 2051/1539 2052/1540 
s 3647
f 2051/1539 2050/1538 2053/1541 
s 3648
f 2050/1542 2054/1543 2055/1544 
s 3649
f 2054/1543 2050/1542 2056/1545 
s 3650
f 2057/1546 2050/1547 2052/1548 
s 3651
f 2050/1547 2057/1546 2056/1549 
s 3652
f 2050/1550 2058/1551 2053/1552 
s 3653
f 2058/1551 2050/1550 2055/1553 
s 3654
f 2059/1551 2060/1550 2061/1552 
s 3655
f 2060/1550 2059/1551 2062/1553 
s 3656
f 2060/1542 2063/1543 2064/1545 
s 3657
f 2063/1543 2060/1542 2062/1544 
s 3658
f 2060/1538 2065/1539 2061/1541 
s 3659
f 2065/1539 2060/1538 2066/1540 
s 3660
f 2067/1546 2060/1547 2064/1549 
s 3661
f 2060/1547 2067/1546 2066/1548 
s 3662
f 2068/1554 2069/1555 2070/1556 
s 3663
f 2069/1555 2068/1554 2071/1557 
s 3664
f 2072/1558 2073/1559 2074/1560 
s 3665
f 2073/1559 2072/1558 2075/1561 
s 3666
f 2076/1554 2073/1555 2075/1557 
s 3667
f 2073/1555 2076/1554 2077/1556 
s 3668
f 2078/1554 2079/1555 2080/1557 
s 3669
f 2079/1555 2078/1554 2081/1556 
s 3670
f 2082/1558 2083/1559 2084/1561 
s 3671
f 2083/1559 2082/1558 2085/1560 
s 3672
f 2086/1558 2087/1559 2088/1561 
s 3673
f 2087/1559 2086/1558 2089/1560 
s 3674
f 2090/1554 2087/1555 2091/1556 
s 3675
f 2087/1555 2090/1554 2088/1557 
s 3676
f 2092/1558 2079/1559 2093/1560 
s 3677
f 2079/1559 2092/1558 2080/1561 
s 3678
f 2094/1554 2095/1555 2096/1556 
s 3679
f 2095/1555 2094/1554 2097/1557 
s 3680
f 2098/1558 2069/1559 2071/1561 
s 3681
f 2069/1559 2098/1558 2099/1560 
s 3682
f 2100/1554 2101/1555 2102/1557 
s 3683
f 2101/1555 2100/1554 2103/1556 
s 3684
f 2104/1558 2101/1559 2105/1560 
s 3685
f 2101/1559 2104/1558 2102/1561 
s 3686
f 2106/1562 2107/1563 2108/1564 
s 3687
f 2107/1563 2106/1562 2109/1565 
s 3688
f 2110/1566 2111/1567 2112/1568 
s 3689
f 2111/1567 2110/1566 2113/1569 
s 3690
f 2112/1568 2109/1565 2110/1566 
s 3691
f 2109/1565 2112/1568 2107/1563 
s 3692
f 2114/1558 2095/1559 2097/1561 
s 3693
f 2095/1559 2114/1558 2115/1560 
s 3694
f 2116/1554 2083/1555 2117/1556 
s 3695
f 2083/1555 2116/1554 2084/1557 
s 3696
f 1618/1570 2118/1571 1563/1572 
s 3697
f 2118/1571 1618/1570 1619/1573 
s 3698
f 2118/1574 1650/1575 1566/1576 
s 3699
f 1650/1575 2118/1574 1571/1577 
s 3700
f 2079/1578 2081/1579 2119/1580 
s 3701
f 2083/1578 2085/1581 2120/1580 
s 3702
f 2083/1578 2120/1580 2117/1579 
s 3703
f 2118/1582 1619/1583 1574/1584 
s 3704
f 1566/1585 1565/1586 2118/1587 
s 3705
f 2118/1588 1565/1589 1563/1590 
s 3706
f 2121/1582 2113/1583 2122/1591 
s 3707
f 2122/1592 2110/1593 2109/1594 
s 3708
f 2123/1595 2112/1596 2111/1597 
s 3709
f 2106/1598 2122/1599 2109/1600 
s 3710
f 2106/1601 2121/1602 2122/1603 
s 3711
f 2107/1604 2123/1595 2108/1605 
s 3712
f 2107/1606 2112/1607 2123/1608 
s 3713
f 2122/1599 2113/1609 2110/1610 
s 3714
f 2108/1576 2121/1611 2106/1577 
s 3715
f 2121/1571 2111/1572 2113/1573 
s 3716
f 2108/1585 2123/1586 2121/1587 
s 3717
f 2123/1589 2111/1590 2121/1588 
s 3718
f 2088/1612 2090/1613 2124/1614 
s 3719
f 2087/1578 2125/1580 2091/1579 
s 3720
f 2087/1578 2089/1581 2125/1580 
s 3721
f 2069/1578 2126/1580 2070/1579 
s 3722
f 2069/1578 2099/1581 2126/1580 
s 3723
f 2101/1578 2103/1579 2127/1580 
s 3724
f 2101/1578 2127/1580 2105/1581 
s 3725
f 2088/1612 2124/1614 2086/1615 
s 3726
f 2128/1582 2129/1583 2130/1591 
s 3727
f 2131/1601 2128/1602 2130/1603 
s 3728
f 2132/1576 2128/1611 2131/1577 
s 3729
f 2128/1571 2133/1572 2129/1573 
s 3730
f 2132/1585 2134/1586 2128/1587 
s 3731
f 2134/1589 2133/1590 2128/1588 
s 3732
f 2118/1602 1574/1616 1571/1598 
s 3733
f 2073/1578 2135/1580 2074/1581 
s 3734
f 2073/1578 2077/1579 2135/1580 
s 3735
f 2095/1578 2115/1581 2136/1580 
s 3736
f 2095/1578 2136/1580 2096/1579 
s 3737
f 2079/1578 2119/1580 2093/1581 
# 0 polygons - 3737 triangles

