# File generated by ImageToStl.com - Free Image and 3D model conversion tools

mtllib Dragonite.mtl

# Dragonite_0
o obj1
v 19.30920029 184.28201294 23.43849182
v 20.49170113 180.30700684 19.26569939
v 21.42130089 183.54499817 15.61929321
v 19.56369972 178.76699829 23.02729797
v 19.56819916 189.94799805 22.519104
v 18.2262001 179.98599243 30.67100525
v 16.16469955 190.96600342 28.24249268
v 15.75209999 186.20500183 30.19709778
v 21.35169983 189.852005 15.63180542
v 18.46649933 175.29100037 27.96839905
v 11.83080006 192.18200684 32.18530273
v 15.97089958 195.30700684 27.03120422
v 11.53419971 196.45700073 30.4559021
v 19.19669914 194.88900757 21.98750305
v 20.80929947 195.16799927 15.71470642
v 15.75899982 183.81199646 34.86000061
v 11.69489956 188.10400391 33.95620728
v 11.23349953 200.5710144 28.64369202
v 17.9598999 199.82800293 21.62449646
v 19.2493 200.37600708 15.92160034
v 11.88440037 186.86599731 38.3999939
v 15.27260017 199.61099243 25.92579651
v 15.79020023 203.59500122 21.66169739
v 16.80400085 204.62600708 16.49099731
v 11.18239975 203.88900757 26.25300598
v 14.50759983 202.32400513 24.9967041
v 12.46500015 208.33200073 17.32910156
v 11.63619995 206.64599609 22.42210388
v -19.30920029 184.28201294 23.43849182
v -20.49170113 180.30700684 19.26569939
v -19.56369972 178.76699829 23.02729797
v -21.42130089 183.54499817 15.61929321
v -18.2262001 179.98599243 30.67100525
v -19.56819916 189.94799805 22.519104
v -15.75209999 186.20500183 30.19709778
v -16.16469955 190.96600342 28.24249268
v -18.46649933 175.29100037 27.96839905
v -21.35169983 189.852005 15.63180542
v -11.83080006 192.18200684 32.18530273
v -15.75899982 183.81199646 34.86000061
v -11.69489956 188.10400391 33.95620728
v -19.19669914 194.88900757 21.98750305
v -15.97089958 195.30700684 27.03120422
v -11.53419971 196.45700073 30.4559021
v -11.88440037 186.86599731 38.3999939
v -20.80929947 195.16799927 15.71470642
v -11.23349953 200.5710144 28.64369202
v -17.9598999 199.82800293 21.62449646
v -15.27260017 199.61099243 25.92579651
v -19.2493 200.37600708 15.92160034
v -11.18239975 203.88900757 26.25300598
v -15.79020023 203.59500122 21.66169739
v -14.50759983 202.32400513 24.9967041
v -16.80400085 204.62600708 16.49099731
v -11.63619995 206.64599609 22.42210388
v -12.46500015 208.33200073 17.32910156
v 26.73870087 11.29220009 -1.54295003
v 28.8730011 12.24269962 4.17034101
v 25.73460388 13.57520008 -1.45213997
v 28.03580093 14.16010094 4.436481
v 32.69390106 13.93770027 8.12816143
v 24.75330162 16.05340004 -1.07699001
v 32.19609833 15.46839905 8.96741009
v 27.07660103 16.47470093 5.00260115
v 23.61400223 18.63999748 -0.880059
v 37.13650131 15.29310131 10.18980026
v 25.99880219 19.16649818 5.67508984
v 41.59810257 16.03319931 10.75800133
v 36.59880066 16.7730999 11.39659977
v 22.57139969 21.14649582 -0.63029802
v 31.41970253 17.67939949 10.04650021
v 41.67750168 17.90149879 12.23490047
v 24.97380066 21.84869766 6.11765003
v 21.56080055 23.41599655 -0.38364899
v 30.5862999 20.57689857 11.26129913
v 45.8042984 16.03000069 9.38081074
v 36.34799957 19.22719955 13.09669876
v 23.96040154 25.01359749 6.58009005
v 20.8477993 24.98940086 -0.62914097
v 46.87030029 18.65320015 11.11219978
v 35.82350159 22.47279739 15.09439754
v 23.24419975 27.60239983 6.35386992
v 29.35620117 23.8382988 12.29220009
v 50.97280502 19.13969994 7.65216112
v 42.38050079 20.92669868 14.79289913
v 28.28700066 27.81619835 13.46729946
v 49.02570343 15.01640129 6.37828112
v 42.71870422 25.20339775 17.93959999
v 48.56520081 22.68939972 14.01499939
v 27.26690102 32.09909821 14.33990097
v 34.69950104 26.34729767 17.08459854
v 53.50150299 19.46590042 2.1616199
v 49.99490356 28.47669792 17.72419739
v 33.48450089 31.51879883 19.09900093
v 50.83390045 13.48349953 1.55997097
v 53.7154007 24.59469986 10.2519989
v 42.17969894 30.44979858 21.21689987
v 32.1072998 39.54599762 20.5442009
v 54.13620377 19.20159912 -4.50229883
v 56.75040054 32.22009659 13.37030029
v 41.26010132 36.94059753 23.68860054
v 50.41170502 12.23750019 -4.2779789
v 57.41770554 26.12120056 3.71655011
v 51.3062973 35.99549484 21.9937973
v 39.53979874 43.79859924 25.14760208
v 36.86399841 49.38140106 24.52440453
v 52.11940002 18.70350075 -11.14760017
v 57.9393959 27.19249725 -4.36900902
v 60.71060181 35.70249557 5.70243979
v 50.04240036 44.63819885 24.39100075
v 38.64379883 48.63710022 25.2738018
v 49.16830444 11.18669987 -10.22109985
v 55.10369873 27.00489807 -11.98149872
v 57.98989868 41.95379639 16.62329865
v 42.18170547 56.74490356 24.59959984
v 46.48689651 52.21139908 24.75400162
v 48.4733963 17.85359764 -16.55069733
v 61.27059937 37.25179672 -4.12549019
v 52.21429825 33.72879791 -19.68779755
v 57.99089813 36.50869751 -13.36449814
v 56.33879852 51.88209915 18.81520081
v 39.61920166 57.82289886 24.08340073
v 46.07080078 10.28209972 -15.38150024
v 50.22870255 25.39969635 -17.80829811
v 61.98939896 46.10279465 7.59060001
v 53.87720108 43.15359497 -21.55999756
v 59.54309845 46.82919312 -14.16269875
v 52.31439972 60.52899551 19.31080055
v 46.00040054 67.17520142 18.71359825
v 42.12609863 70.0727005 18.13640022
v 43.24200058 17.36859894 -19.67599869
v 44.97290039 30.58779716 -22.87849998
v 59.74649811 57.52629471 8.42477989
v 53.2419014 51.83989716 -22.48259926
v 62.33129883 48.17899323 -3.67182994
v 49.10290146 75.47239685 8.89404964
v 42.35639954 11.54969978 -18.67070007
v 44.10969925 23.71089745 -21.18169785
v 45.78879929 37.75519562 -24.22099876
v 55.87030029 66.88689423 9.01365852
v 50.07460022 59.85659409 -22.51359749
v 58.3946991 56.81480026 -14.56309986
v 43.44319534 79.52940369 8.3719902
v 37.34400177 16.74410057 -20.23220062
v 37.86819839 27.30929947 -22.60649872
v 45.46170044 44.8178978 -25.02079773
v 60.72900391 59.57830048 -3.46176004
v 54.44539642 66.53410339 -14.80609894
v 48.78330231 78.25959778 -2.85668993
v 37.50569916 11.9222002 -19.16360092
v 37.49110031 21.92539978 -21.44719887
v 38.05730057 32.84369659 -23.59629822
v 44.28910065 51.45359802 -25.14369965
v 56.45810318 69.00859833 -3.40014005
v 43.87760162 82.14990234 -3.4688201
v 31.8309021 15.79689789 -18.33090019
v 31.48300171 24.24489784 -19.4552002
v 37.89210129 38.32619476 -24.3852005
v 41.41870117 56.76279831 -24.98690033
v 44.76350403 67.60350037 -21.7935009
v 47.3404007 75.59229279 -13.97119904
v 32.45980072 11.92010021 -18.22979927
v 31.60640335 19.96829987 -18.8878994
v 30.99250031 28.42089844 -19.94009781
v 37.98680115 43.93969727 -25.00579834
v 35.78440094 58.31089783 -24.94739914
v 42.09199905 79.29160309 -13.89089966
v 27.51950264 14.71269989 -13.94809914
v 26.68030167 21.56079865 -14.28609753
v 30.45509911 32.07939911 -20.70840073
v 38.23329926 49.10329819 -25.25670052
v 39.02529907 71.04811096 -21.48819923
v 27.59090042 11.31029987 -14.45999908
v 27.12829971 18.17549896 -14.03449917
v 26.13080025 24.74239731 -14.48490047
v 29.27280045 36.35209656 -21.87779808
v 33.52949905 46.95740128 -24.88559723
v 25.53100014 13.76499939 -7.70547915
v 23.78910065 19.51849747 -7.95678902
v 25.05830193 27.28249741 -14.92630005
v 23.77370071 28.51739883 -14.85439873
v 26.42810059 10.88609982 -7.48277903
v 24.6697998 16.68489838 -7.87230921
v 22.81000137 22.05220032 -7.93715
v 21.04839897 25.28919792 -7.94344902
v 25.73460388 13.57520008 -1.45213997
v 23.61400223 18.63999748 -0.880059
v 21.7799015 24.12220001 -7.95972013
v 26.73870087 11.29220009 -1.54295003
v 24.75330162 16.05340004 -1.07699001
v 22.57139969 21.14649582 -0.63029802
v 20.8477993 24.98940086 -0.62914097
v 21.56080055 23.41599655 -0.38364899
v -26.73869896 11.29219913 -1.54295003
v -25.73460007 13.57520008 -1.45213997
v -28.87299728 12.24269867 4.17034101
v -28.03580093 14.16009998 4.436481
v -24.75329971 16.05339813 -1.07699001
v -32.69389725 13.93769932 8.12816143
v -23.61400223 18.63999748 -0.880059
v -27.07659912 16.47470093 5.00260019
v -32.19609833 15.46839905 8.96741009
v -25.99880028 19.16649818 5.67508984
v -37.1364975 15.29310036 10.18980026
v -22.57139969 21.14649582 -0.63029802
v -31.41970253 17.67939949 10.04650021
v -36.59880066 16.77309799 11.39659977
v -41.59809875 16.03319931 10.75800133
v -21.56080055 23.41599655 -0.38364899
v -24.97380066 21.84869766 6.11764908
v -41.67750168 17.90149879 12.23490047
v -30.5862999 20.57689857 11.26129913
v -20.8477993 24.98940086 -0.62914097
v -23.96040154 25.01359749 6.58009005
v -45.80429459 16.02999878 9.38081074
v -36.34799957 19.22719955 13.09669876
v -23.24419975 27.60239983 6.35386992
v -29.35620117 23.8382988 12.29219818
v -46.87030029 18.65319824 11.11219978
v -35.82350159 22.47279739 15.09439754
v -27.26690102 32.09909821 14.33990097
v -28.28700256 27.81619835 13.46730042
v -50.97280502 19.13969803 7.65216017
v -42.38050079 20.92669868 14.79289913
v -32.1072998 39.54599762 20.5442009
v -33.4845047 31.51879883 19.09900093
v -34.69950104 26.34729767 17.08459854
v -49.02569962 15.01639938 6.37828112
v -42.71870422 25.20339775 17.93959999
v -48.56520081 22.68939972 14.01499939
v -36.86399841 49.38140106 24.52440453
v -39.53979874 43.79859924 25.14760017
v -41.26010513 36.94059753 23.68860054
v -53.50149918 19.46590042 2.1616199
v -42.17969894 30.44979858 21.21689796
v -49.99490356 28.47669792 17.72419739
v -38.64380264 48.63710022 25.2737999
v -50.83390045 13.48349857 1.55997002
v -53.71540451 24.59469986 10.2519989
v -50.04240417 44.63819885 24.39099884
v -51.30630493 35.99549484 21.9937973
v -39.61920166 57.82289886 24.08340263
v -42.18170547 56.74490356 24.59959984
v -54.13619995 19.20159912 -4.50229883
v -56.75040436 32.22009659 13.37029934
v -46.48690033 52.21139908 24.7539978
v -42.12609863 70.0727005 18.13640213
v -46.00040436 67.17520142 18.71360016
v -50.41169739 12.23749924 -4.27797985
v -57.41770172 26.12120056 3.71655011
v -57.98989868 41.95379639 16.62329865
v -52.31440353 60.52899551 19.31080055
v -56.33880234 51.88209915 18.81520081
v -43.44319534 79.52940369 8.3719902
v -49.10290527 75.47239685 8.89404964
v -57.93939972 27.19249725 -4.36900997
v -52.11939621 18.70349884 -11.14760113
v -60.71060562 35.70249557 5.70243883
v -59.74650574 57.52629471 8.42477894
v -43.87760162 82.14990234 -3.4688201
v -48.78330231 78.25959778 -2.85668993
v -55.87030411 66.88689423 9.01365852
v -49.16829681 11.18669891 -10.22109985
v -55.10369873 27.00489616 -11.98149872
v -61.98940277 46.10279465 7.59060001
v -42.09200287 79.29160309 -13.89089966
v -47.3404007 75.59229279 -13.97119904
v -56.45810318 69.00859833 -3.40014005
v -48.4733963 17.85359764 -16.55069733
v -61.27060318 37.25179672 -4.12549019
v -57.99089813 36.50869751 -13.36449909
v -52.21430206 33.72879791 -19.68779945
v -60.72900772 59.57830048 -3.46176004
v -39.02530289 71.04811096 -21.48819733
v -46.07079697 10.28209877 -15.38150024
v -50.22870255 25.39969635 -17.80829811
v -62.33130264 48.17899323 -3.67182994
v -59.54309845 46.82919312 -14.16269875
v -53.8772049 43.15359497 -21.55999756
v -54.44540024 66.53410339 -14.80609894
v -44.76350403 67.60350037 -21.7935009
v -43.24199677 17.36859894 -19.67599869
v -44.97290039 30.58779716 -22.87849998
v -53.24190521 51.83989716 -22.48259926
v -58.39470673 56.81480026 -14.56309986
v -35.78440094 58.31089783 -24.94739723
v -42.35639572 11.54969788 -18.67070007
v -44.10969925 23.71089745 -21.18169785
v -45.7888031 37.75519562 -24.22100067
v -50.07460785 59.85659409 -22.51359749
v -41.41870117 56.76279831 -24.98690033
v -37.34400177 16.74409866 -20.23220062
v -37.86820221 27.30929947 -22.60650063
v -45.46170044 44.8178978 -25.02079964
v -33.52949905 46.95740128 -24.88559723
v -38.23329926 49.10329819 -25.25670052
v -44.28910065 51.45359802 -25.14370155
v -37.50569534 11.92219925 -19.16360092
v -37.49110031 21.92539978 -21.44720078
v -38.05730057 32.84369659 -23.59629822
v -29.27280235 36.35209656 -21.87779999
v -37.98680115 43.93969727 -25.00579834
v -31.83089828 15.79689789 -18.33090019
v -31.48300171 24.24489784 -19.4552002
v -37.8921051 38.32619476 -24.3852005
v -32.45980072 11.92009926 -18.22979927
v -31.60639954 19.96829987 -18.8878994
v -30.99250221 28.42089844 -19.94009781
v -23.77370262 28.51739883 -14.85439873
v -30.45510101 32.07939911 -20.70840073
v -27.51949883 14.71269894 -13.94809914
v -26.68029785 21.56079865 -14.28609943
v -25.05830193 27.28249741 -14.926301
v -27.59090042 11.31029892 -14.45999908
v -27.12830162 18.17549896 -14.03449917
v -26.13080215 24.74239731 -14.48490047
v -21.04840088 25.28919792 -7.94344902
v -25.53099823 13.76499939 -7.70547915
v -23.78910065 19.51849747 -7.95678902
v -21.7798996 24.12220001 -7.95972013
v -26.42809677 10.88609886 -7.48277903
v -24.6697998 16.68489838 -7.87230921
v -22.81000137 22.05220032 -7.93715
v -20.8477993 24.98940086 -0.62914097
v -25.73460007 13.57520008 -1.45213997
v -23.61400223 18.63999748 -0.880059
v -21.56080055 23.41599655 -0.38364899
v -26.73869896 11.29219913 -1.54295003
v -24.75329971 16.05339813 -1.07699001
v -22.57139969 21.14649582 -0.63029802
v -86.43270874 127.91999817 3.98310995
v -84.81491089 129.01300049 8.52514553
v -86.76810455 128.97000122 5.967834
v -82.70530701 126.75900269 8.65338039
v -88.04029846 131.23599243 3.66306996
v -81.89390564 124.69600677 4.09566116
v -87.6065979 129.60499573 -0.73976701
v -84.28380585 125.93299866 2.46605992
v -86.75180054 128.02801514 -0.74337399
v -82.20380402 131.18701172 11.1711998
v -83.9947052 131.99499512 9.92709446
v -87.74401093 131.55799866 4.56535292
v -81.6964035 124.1210022 -0.63294899
v -77.74030304 123.02101135 5.25676012
v -77.62329865 122.55799866 -0.65955502
v -86.21219635 127.94499969 -5.4850502
v -88.46139526 131.18199158 -0.73615998
v -87.96259308 131.08998108 -5.14464998
v -78.5246048 130.75500488 12.68230057
v -87.07640839 134.63200378 5.67240906
v -84.43470001 125.75999451 -0.70042801
v -72.77330017 121.37999725 -0.72412199
v -81.94020844 124.69400787 -5.4079299
v -77.82479858 123.17298889 -6.66997004
v -86.65319824 128.98098755 -7.51310682
v -84.33559418 125.96601105 -3.85593009
v -82.90100098 126.97499084 -9.81468964
v -88.38529205 132.7789917 2.93441796
v -88.39079285 132.7789917 -4.40493822
v -78.20639801 125.352005 10.73990059
v -87.45459747 135.84399414 4.46472883
v -72.93579865 122.06400299 -7.82512999
v -72.86029816 122.00700378 6.18440008
v -66.61039734 121.46499634 -7.60098982
v -66.61039734 121.46499634 6.12856007
v -66.59100342 120.76300049 -0.736332
v -84.89260101 129.03497314 -10.08119965
v -87.50389862 131.5619812 -6.01693678
v -87.36470032 135.83297729 -5.93740892
v -87.8598938 137.04898071 -4.71935987
v -73.06500244 130.39300537 13.3682003
v -87.83269501 137.05497742 3.25705004
v -78.16120148 125.51300812 -11.92790127
v -59.68200302 121.48500061 -7.26003981
v -66.61630249 124.00700378 -12.53880119
v -59.69240189 124.20899963 -11.62849998
v -66.61250305 123.95899963 11.12190056
v -59.68200302 121.48500061 5.78748989
v -59.69240189 124.20899963 10.15590096
v -82.1578064 131.147995 -12.71610069
v -83.74310303 131.99497986 -11.37760162
v -86.86959839 134.61798096 -7.1554718
v -72.96769714 124.4489975 11.55119991
v -72.93759918 124.43399811 -12.92529964
v -52.63560104 124.10099792 -11.06499863
v -59.66260529 120.72899628 -0.73638999
v -52.60829926 121.31500244 -6.94891977
v -59.68220139 130.15800476 12.31110001
v -52.63560104 124.10099792 9.57903004
v -52.46530151 129.92399597 11.75039959
v -78.48429871 130.75900269 -14.01089954
v -66.61630249 130.23899841 12.9921999
v -66.61630249 130.32600403 -14.46210003
v -59.68220139 130.22999573 -13.78359985
v -44.96419907 123.30998993 -10.66720104
v -52.45800018 129.96800232 -13.31599998
v -44.54779816 129.56100464 -13.00990009
v -52.60829926 121.31500244 5.47006989
v -52.59109879 120.272995 -0.73942298
v -44.54779816 129.56100464 11.53730011
v -73.05979919 130.4980011 -14.73509979
v -36.55110168 128.6000061 -13.29780006
v -45.14929962 120.66499329 -6.68951988
v -37.58539963 121.77700043 -10.94809914
v -44.96420288 123.30999756 9.19470978
v -45.14930344 120.66500092 5.21697998
v -30.03700066 121.10400391 -12.73119926
v -28.01420021 127.22200012 -14.41059875
v -45.21560287 119.18900299 -0.736274
v -37.95080566 118.65100098 -6.83206987
v -36.55110168 128.6000061 11.82530022
v -37.43590164 122.08000183 9.02966881
v -32.92409897 115.93301392 -8.35459137
v -37.95080566 118.65100098 5.35952997
v -38.19350052 116.68600464 -0.73626697
v -30.3491993 120.94100189 10.79139996
v -27.85359955 127.12001038 12.87870026
v -34.52090073 113.79299164 -0.84350097
v -33.37789917 115.51300812 6.85495996
v 27.85359955 127.12001038 12.87870026
v 30.3491993 120.94100189 10.79139996
v 36.55110168 128.6000061 11.82530022
v 37.43590164 122.08000183 9.02966881
v 33.37789917 115.51300812 6.85495996
v 44.96420288 123.30999756 9.19470978
v 44.54779816 129.56100464 11.53730011
v 37.95080566 118.65100098 5.35952997
v 34.52090073 113.79299164 -0.84350097
v 52.63560104 124.10099792 9.57903004
v 45.14930344 120.66500092 5.21697998
v 52.60829926 121.31500244 5.47006989
v 38.19350052 116.68600464 -0.73626697
v 37.95080566 118.65100098 -6.83206987
v 32.92409897 115.93301392 -8.35459137
v 52.46530151 129.92399597 11.75039959
v 52.59109879 120.272995 -0.73942298
v 59.68200302 121.48500061 5.78748989
v 59.66260529 120.72899628 -0.73638999
v 45.21560287 119.18900299 -0.736274
v 37.58539963 121.77700043 -10.94809914
v 30.03700066 121.10400391 -12.73119926
v 59.69240189 124.20899963 10.15590096
v 59.68220139 130.15800476 12.31110001
v 52.60829926 121.31500244 -6.94891977
v 66.59100342 120.76300049 -0.736332
v 59.68200302 121.48500061 -7.26003981
v 45.14929962 120.66499329 -6.68951988
v 36.55110168 128.6000061 -13.29780006
v 28.01420021 127.22200012 -14.41059875
v 66.61250305 123.95899963 11.12190056
v 66.61630249 130.23899841 12.9921999
v 66.61039734 121.46499634 6.12856007
v 52.63560104 124.10099792 -11.06499863
v 66.61039734 121.46499634 -7.60098982
v 59.69240189 124.20899963 -11.62849998
v 44.96419907 123.30998993 -10.66720104
v 72.96769714 124.4489975 11.55119991
v 73.06500244 130.39300537 13.3682003
v 72.77330017 121.37999725 -0.72412199
v 72.86029816 122.00700378 6.18440008
v 52.45800018 129.96800232 -13.31599998
v 66.61630249 124.00700378 -12.53880119
v 59.68220139 130.22999573 -13.78359985
v 44.54779816 129.56100464 -13.00990009
v 78.20639801 125.352005 10.73990059
v 78.5246048 130.75500488 12.68230057
v 72.93579865 122.06400299 -7.82512999
v 77.74030304 123.02101135 5.25676012
v 77.82479858 123.17298889 -6.66997004
v 77.62329865 122.55799866 -0.65955502
v 66.61630249 130.32600403 -14.46210003
v 82.70529938 126.75900269 8.65337753
v 82.20380402 131.18701172 11.17119789
v 81.94020844 124.69400787 -5.4079299
v 78.16120148 125.51300812 -11.92790127
v 82.90100098 126.97499847 -9.81468773
v 72.93759918 124.43399811 -12.92529964
v 73.05979919 130.4980011 -14.73509979
v 84.81490326 129.01300049 8.52514553
v 83.99469757 131.99499512 9.92709446
v 81.89390564 124.69600677 4.09566021
v 86.21220398 127.94500732 -5.48504877
v 81.6964035 124.1210022 -0.63294899
v 84.33559418 125.96601105 -3.85593009
v 78.48429871 130.75900269 -14.01089954
v 86.43270874 127.91999817 3.98310804
v 86.76809692 128.97000122 5.96781921
v 86.65319061 128.98101807 -7.51310682
v 82.15779877 131.14801025 -12.71609783
v 84.89259338 129.03500366 -10.08119202
v 84.43470001 125.75999451 -0.70042801
v 86.75180817 128.02801514 -0.74337399
v 88.04030609 131.23599243 3.66306806
v 87.7440033 131.55799866 4.56535292
v 84.28380585 125.93299866 2.46605992
v 87.96260834 131.08999634 -5.14464903
v 87.50389099 131.56201172 -6.01693678
v 83.7430954 131.99501038 -11.37759399
v 87.07640076 134.63200378 5.6723938
v 87.60660553 129.60499573 -0.73976701
v 87.4546051 135.84399414 4.46472502
v 88.46141052 131.18199158 -0.73615998
v 88.38530731 132.7789917 2.93441796
v 86.86959076 134.61801147 -7.15546417
v 87.83271027 137.05497742 3.25705004
v 88.39080811 132.7789917 -4.40493822
v 87.36470032 135.83299255 -5.93740702
v 87.85990906 137.04898071 -4.71935987
v 8.46362019 163.4710083 32.24519348
v 9.89951992 163.81600952 34.79649353
v 5.47694016 162.66299438 34.1362915
v 6.43989992 162.72799683 36.96220398
v 11.80720043 166.26800537 39.6394043
v 2.85215998 162.05400085 35.54119873
v 8.10251045 164.52999878 42.04899597
v 12.46039963 169.82000732 43.63420105
v 3.22528005 162.07499695 38.30540466
v 0 161.90400696 35.87150574
v 8.75117016 167.58000183 46.11700439
v 8.47893047 171.46200562 49.2388916
v 11.65429974 174.00799561 47.05149841
v 0 161.94500732 38.70410156
v -3.22528005 162.07499695 38.30540466
v -2.85215998 162.05400085 35.54119873
v 4.17309999 163.58700562 43.53729248
v 7.46412992 174.57699585 50.77230835
v 9.28452015 177.60501099 49.35069275
v -6.43989992 162.72799683 36.96220398
v -4.17309999 163.58700562 43.53729248
v -8.10251045 164.52999878 42.04899597
v 4.66867018 166.56700134 47.66220093
v 5.13331985 179.40600586 50.90820313
v -5.47694016 162.66299438 34.1362915
v 0 163.33200073 44.11929321
v -11.80720043 166.26800537 39.6394043
v -8.75117016 167.58000183 46.11700439
v -12.46039963 169.82000732 43.63420105
v 4.56338978 170.54200745 50.63220215
v 4.44002008 174.95899963 51.85810852
v 0 175.3480072 52.56300354
v 0 180.30599976 51.56770325
v -9.89951992 163.81600952 34.79649353
v -8.46362019 163.4710083 32.24519348
v -4.66867018 166.56700134 47.66220093
v 0 166.4980011 48.30099487
v -8.47893047 171.46200562 49.2388916
v -11.65429974 174.00799561 47.05149841
v -5.13331985 179.40600586 50.90820313
v 0 170.6499939 51.3815918
v -7.46412992 174.57699585 50.77230835
v -9.28452015 177.60501099 49.35069275
v -4.56338978 170.54200745 50.63220215
v -4.44002008 174.95899963 51.85810852
v 20.49170113 180.30700684 19.26569939
v 19.56369972 178.76699829 23.02729797
v 19.34410095 176.91099548 20.19639969
v 18.78750038 175.56100464 21.79130554
v 18.46649933 175.29100037 27.96839905
v 18.83040047 175.88299561 20.24779892
v 17.51479912 171.02400208 25.46279907
v 16.88260078 171.86999512 32.39059448
v 17.14049911 176.34899902 35.86199951
v 18.2262001 179.98599243 30.67100525
v 18.20210075 174.62399292 20.77009773
v 14.73519993 168.83700562 36.31129456
v 15.25209999 167.79699707 29.02720642
v 13.12069988 165.59300232 31.99679565
v 15.75899982 183.81199646 34.86000061
v 16.06599998 170.13400269 24.23629761
v 9.89951992 163.81600952 34.79649353
v 15.26350021 172.95199585 40.13850403
v 11.80720043 166.26800537 39.6394043
v 15.51790047 180.91999817 39.43229675
v 11.88440037 186.86599731 38.3999939
v 13.64009953 166.9730072 27.42759705
v 11.4442997 165.1499939 29.62860107
v 8.46362019 163.4710083 32.24519348
v 12.46039963 169.82000732 43.63420105
v 11.84130001 184.647995 42.48460388
v 6.38065004 188.99200439 40.02110291
v 6.24190998 189.72799683 36.12719727
v 11.69489956 188.10400391 33.95620728
v 14.09259987 177.46699524 43.6822052
v 0 190.38998413 36.66880798
v 6.3172102 187.00700378 44.22889709
v 0 189.4940033 40.65739441
v 11.83080006 192.18200684 32.18530273
v 11.65429974 174.00799561 47.05149841
v 10.94559956 181.32400513 46.44549561
v -6.38065004 188.99200439 40.02110291
v 6.07322979 193.57499695 34.23269653
v -6.24190998 189.72799683 36.12719727
v 0 193.98999023 34.9058075
v -6.07322979 193.57499695 34.23269653
v 6.00708008 183.61599731 48.16870117
v 0 187.54800415 44.42190552
v 0 184.49000549 48.3177948
v 9.28452015 177.60501099 49.35069275
v -11.88440037 186.86599731 38.3999939
v -6.3172102 187.00700378 44.22889709
v -11.84130001 184.647995 42.48460388
v -5.88422012 197.30200195 32.31109619
v 5.88422012 197.30200195 32.31109619
v 0 197.61599731 32.93009949
v 11.53419971 196.45700073 30.4559021
v 5.13331985 179.40600586 50.90820313
v 0 180.30599976 51.56770325
v -11.69489956 188.10400391 33.95620728
v -11.83080006 192.18200684 32.18530273
v -10.94559956 181.32400513 46.44549561
v -15.51790047 180.91999817 39.43229675
v -14.09259987 177.46699524 43.6822052
v -5.77308989 201.38000488 30.06509399
v -11.53419971 196.45700073 30.4559021
v -11.23349953 200.5710144 28.64369202
v 11.23349953 200.5710144 28.64369202
v -6.00708008 183.61599731 48.16870117
v -15.75899982 183.81199646 34.86000061
v -11.65429974 174.00799561 47.05149841
v -15.26350021 172.95199585 40.13850403
v -12.46039963 169.82000732 43.63420105
v 0 201.6499939 30.57170105
v 5.77308989 201.38000488 30.06509399
v -5.9302702 204.82600403 27.35740662
v -11.18239975 203.88900757 26.25300598
v -5.13331985 179.40600586 50.90820313
v -17.14049911 176.34899902 35.86199951
v -18.2262001 179.98599243 30.67100525
v -9.28452015 177.60501099 49.35069275
v -11.80720043 166.26800537 39.6394043
v 0 205.21099854 27.74389648
v 5.9302702 204.82600403 27.35740662
v 11.18239975 203.88900757 26.25300598
v -6.33649015 208.25100708 23.39929199
v -11.63619995 206.64599609 22.42210388
v -18.46649933 175.29100037 27.96839905
v -14.73519993 168.83700562 36.31129456
v 6.33649015 208.25100708 23.39929199
v 11.63619995 206.64599609 22.42210388
v 0 208.74899292 23.88749695
v -7.09920979 210.65899658 18.52850342
v -12.46500015 208.33200073 17.32910156
v -16.88260078 171.86999512 32.39059448
v -17.51479912 171.02400208 25.46279907
v -18.78750038 175.56100464 21.79130554
v -19.56369972 178.76699829 23.02729797
v -9.89951992 163.81600952 34.79649353
v 7.09920979 210.65899658 18.52850342
v 12.46500015 208.33200073 17.32910156
v 0 211.22399902 19.47669983
v -7.61408997 212.09599304 12.70770264
v -12.79349995 209.24499512 11.43609619
v -16.80400085 204.62600708 16.49099731
v -18.20210075 174.62399292 20.77009773
v -15.25209999 167.79699707 29.02720642
v -16.06599998 170.13400269 24.23629761
v -19.34410095 176.91099548 20.19639969
v -20.49170113 180.30700684 19.26569939
v -13.12069988 165.59300232 31.99679565
v 7.61408997 212.09599304 12.70770264
v 12.79349995 209.24499512 11.43609619
v 16.80400085 204.62600708 16.49099731
v 0 212.65299988 15.19610596
v -16.92989922 205.30000305 10.39419556
v -9.18445969 210.9960022 5.37509203
v -12.59589958 209.11000061 5.08226013
v -18.83040047 175.88299561 20.24779892
v -13.64009953 166.9730072 27.42759705
v -8.46362019 163.4710083 32.24519348
v 16.92989922 205.30000305 10.39419556
v 19.2493 200.37600708 15.92160034
v 5.26733017 212.84500122 10.70359802
v 9.18445969 210.9960022 5.37509203
v 7.17398024 211.86099243 6.00195313
v -19.2493 200.37600708 15.92160034
v -7.17398024 211.86099243 6.00195313
v -5.26733017 212.84500122 10.70359802
v -15.96280003 205.46000671 4.065979
v -11.4442997 165.1499939 29.62860107
v 19.42180061 200.86000061 9.64698792
v 20.80929947 195.16799927 15.71470642
v 12.59589958 209.11000061 5.08226013
v 0 213.52799988 12.91360474
v -19.42180061 200.86000061 9.64698792
v -20.80929947 195.16799927 15.71470642
v 21.07959938 195.57400513 8.98457336
v 21.73649979 190.36399841 8.53083801
v 21.35169983 189.852005 15.63180542
v 15.96280003 205.46000671 4.065979
v -21.07959938 195.57400513 8.98457336
v -21.73649979 190.36399841 8.53083801
v -21.35169983 189.852005 15.63180542
v -18.18810081 201.18800354 3.24261498
v 19.72970009 196.00100708 2.3583529
v 18.18810081 201.18800354 3.24261498
v 21.82640076 184.85499573 7.95554113
v 21.42130089 183.54499817 15.61929321
v -21.82640076 184.85499573 7.95554113
v -19.72970009 196.00100708 2.3583529
v -20.58130074 185.73500061 1.06253004
v -20.38579941 190.98800659 1.661057
v 20.38579941 190.98800659 1.661057
v 20.8784008 177.26400757 11.80839539
v 20.49170113 180.30700684 19.26569939
v -21.42130089 183.54499817 15.61929321
v -21.37479973 178.56399536 6.66640997
v -20.31719971 179.41801453 0.450515
v 20.58130074 185.73500061 1.06253004
v 20.05400085 175.25900269 15.05039787
v 19.3253994 175.67199707 18.46049881
v 19.34410095 176.91099548 20.19639969
v -20.8784008 177.26400757 11.80839539
v -20.49170113 180.30700684 19.26569939
v -20.09810066 173.42300415 0.31059
v 21.37479973 178.56399536 6.66640997
v 18.20679855 172.21401978 16.82679749
v 19.11450005 172.48899841 11.95969868
v 18.66329956 175.24401855 19.80859756
v 18.83040047 175.88299561 20.24779892
v -20.05400085 175.25900269 15.05039787
v -19.3253994 175.67199707 18.46049881
v -19.34410095 176.91099548 20.19639969
v -20.43449974 172.91600037 6.70078993
v -19.85149956 168.0619812 0.79497802
v 20.31719971 179.41801453 0.450515
v 20.43449974 172.91600037 6.70078993
v 18.38979721 173.42300415 19.28539658
v 16.19280052 168.67901611 13.47059822
v 15.92779922 169.0920105 19.33989525
v 18.20210075 174.62399292 20.77009773
v -18.20679855 172.21401978 16.82679749
v -19.11450005 172.48899841 11.95969868
v -18.66329956 175.24401855 19.80859756
v -18.83040047 175.88299561 20.24779892
v -18.92679977 167.63598633 8.11725044
v 20.09810066 173.42300415 0.31059
v 18.92679977 167.63598633 8.11725044
v 16.36329842 170.35899353 21.45629501
v 12.76409912 166.07000732 15.42529774
v 12.35539913 165.99801636 22.51329422
v 17.94549942 174.51000977 20.33339691
v -18.38979721 173.42300415 19.28539658
v -16.19280052 168.67901611 13.47059822
v -15.92779922 169.0920105 19.33989525
v -18.20210075 174.62399292 20.77009773
v 19.85149956 168.0619812 0.79497802
v 12.6507988 166.73701477 25.00169373
v 15.53269863 171.64300537 22.08919525
v 12.26599884 168.24002075 25.20449448
v 9.33094883 163.77801514 18.05259705
v -12.76409912 166.07000732 15.42529774
v -16.36329842 170.35899353 21.45629501
v -12.35539913 165.99801636 22.51329422
v -17.94549942 174.51000977 20.33339691
v 8.7523489 165.22502136 28.39428711
v 8.42397022 162.98001099 24.86789703
v 8.5519886 163.50701904 28.70799255
v -9.33094883 163.77801514 18.05259705
v -15.53269863 171.64300537 22.08919525
v -12.6507988 166.73701477 25.00169373
v -12.26599884 168.24002075 25.20449448
v 4.02048016 163.08702087 31.36228943
v 4.29469013 162.42700195 20.08919525
v 4.24800014 161.13002014 26.70669365
v -8.42397022 162.98001099 24.86789703
v -4.29469013 162.42700195 20.08919525
v -8.7523489 165.22502136 28.39428711
v 3.84770012 161.54301453 31.54969788
v 0 162.4710083 32.08659363
v 0 161.88201904 20.79869843
v -4.24800014 161.13002014 26.70669365
v 0 161.88201904 20.79869843
v -8.5519886 163.50701904 28.70799255
v 0 160.93202209 32.15969849
v 0 160.49301147 27.43409538
v 0 160.49301147 27.43409538
v -4.02048016 163.08702087 31.36228943
v -3.84770012 161.54301453 31.54969788
v 0 160.93202209 32.15969849
v 0 162.4710083 32.08659363
v 0 178.54501343 10.14319611
v 3.86806011 178.38000488 10.31779671
v 0 179.15600586 17.31599426
v 3.63927007 178.93899536 17.39509583
v 7.74576998 177.41702271 11.85369682
v 0 177.47999573 21.55569458
v 7.1614399 178.02600098 17.65910339
v 10.79759884 176.59100342 13.85549736
v 3.38646007 177.2749939 21.56350708
v 3.1126399 174.88000488 25.06300354
v 0 175.04299927 25.09779358
v 10.44159985 176.97999573 18.22000122
v 14.90349865 176.53999329 16.3286972
v 2.89610004 171.93899536 27.83000183
v 6.61544991 176.50799561 21.59579468
v 5.66070986 171.74298096 27.58210754
v 6.08965015 174.39300537 24.95129395
v 14.02070045 175.79499817 19.45439911
v 17.94549942 174.51000977 20.33339691
v 0 171.95799255 27.9355011
v 8.17218018 171.3500061 27.30690002
v 9.6285696 175.53700256 21.81509399
v 8.84335041 173.61401367 24.83589172
v 18.20210075 174.62399292 20.77009773
v 2.79856992 168.94400024 30.43910217
v 5.44640017 169.01499939 29.89070129
v 10.29500008 170.65100098 27.06970215
v 7.79570007 169.03900146 29.17680359
v 9.49425983 169.12200928 28.5269928
v 12.47169971 174.51000977 22.29109192
v 14.77729988 173.59700012 22.71400452
v 16.06599998 170.13400269 24.23629761
v 0 168.75100708 30.70570374
v 12.00529957 169.20100403 27.21240234
v 11.34150028 172.63999939 24.85899353
v 13.59539986 171.44900513 24.8513031
v 8.02159023 166.54499817 30.70399475
v 10.28170013 167.54400635 29.10879517
v 2.78934002 165.75300598 32.91740417
v 5.46100998 166.0619812 32.01200867
v 13.64009953 166.9730072 27.42759705
v 0 165.5980072 33.2019043
v 8.46362019 163.4710083 32.24519348
v 11.4442997 165.1499939 29.62860107
v 2.85215998 162.05400085 35.54119873
v 5.47694016 162.66299438 34.1362915
v 0 161.90400696 35.87150574
v 0 178.54501343 10.14319611
v 0 179.15600586 17.31599426
v -3.86806011 178.38000488 10.31779671
v -3.63927007 178.93899536 17.39509583
v 0 177.47999573 21.55569458
v -7.74576998 177.41702271 11.85369682
v -3.38646007 177.2749939 21.56350708
v -3.1126399 174.88000488 25.06300354
v 0 175.04299927 25.09779358
v -7.1614399 178.02600098 17.65910339
v -10.79759884 176.59100342 13.85549736
v -2.89610004 171.93899536 27.83000183
v 0 171.95799255 27.9355011
v -10.44159985 176.97999573 18.22000122
v -14.90349865 176.53999329 16.3286972
v -6.61544991 176.50799561 21.59579468
v -2.79856992 168.94400024 30.43910217
v 0 168.75100708 30.70570374
v -14.02070045 175.79499817 19.45439911
v -17.94549942 174.51000977 20.33339691
v -6.08965015 174.39300537 24.95129395
v -5.66070986 171.74298096 27.58210754
v -2.78934002 165.75300598 32.91740417
v 0 165.5980072 33.2019043
v -9.6285696 175.53700256 21.81509399
v -18.20210075 174.62399292 20.77009773
v -5.44640017 169.01499939 29.89070129
v -2.85215998 162.05400085 35.54119873
v 0 161.90400696 35.87150574
v -8.84335041 173.61401367 24.83589172
v -8.17218018 171.3500061 27.30690002
v -14.77729988 173.59700012 22.71400452
v -12.47169971 174.51000977 22.29109192
v -5.46100998 166.0619812 32.01200867
v -5.47694016 162.66299438 34.1362915
v -7.79570007 169.03900146 29.17680359
v -16.06599998 170.13400269 24.23629761
v -11.34150028 172.63999939 24.85899353
v -10.29500008 170.65100098 27.06970215
v -8.46362019 163.4710083 32.24519348
v -8.02159023 166.54499817 30.70399475
v -13.59539986 171.44900513 24.8513031
v -9.49425983 169.12200928 28.5269928
v -11.4442997 165.1499939 29.62860107
v -12.00529957 169.20100403 27.21240234
v -13.64009953 166.9730072 27.42759705
v -10.28170013 167.54400635 29.10879517
v 28.01420021 127.22200012 -14.41059875
v 35.39590073 136.38299561 -11.72900009
v 36.55110168 128.6000061 -13.29780006
v 26.06950188 135.65100098 -12.57600021
v 44.10890198 136.23199463 -11.3655014
v 44.54779816 129.56100464 -13.00990009
v 34.50619888 141.23899841 -7.08554983
v 24.97719955 141.83000183 -7.57644987
v 52.39419556 136.28500366 -11.56110001
v 43.81600189 141.17599487 -6.87306023
v 52.35109711 141.42901611 -7.18675995
v 34.19850159 143.32800293 -0.73887402
v 24.99959946 144.19500732 -0.72192597
v 52.45800018 129.96800232 -13.31599998
v 52.3553009 143.14102173 -0.73943001
v 59.62620163 141.93699646 -7.55487013
v 59.65690231 143.63299561 -0.73627299
v 43.69839859 142.96400452 -0.73627597
v 25.18790054 141.87799072 5.90065002
v 59.68220139 130.22999573 -13.78359985
v 66.60350037 144.34399414 -0.73621398
v 52.35109711 141.42901611 5.70790005
v 59.62620163 141.93699646 6.08233976
v 34.50619888 141.23899841 5.60780001
v 43.81599808 141.17599487 5.40051985
v 59.68479919 136.42199707 -11.97470093
v 66.60939789 142.59100342 6.51713991
v 66.60949707 142.59100342 -7.98955011
v 73.10440063 144.37600708 -0.73374599
v 44.10889435 136.23199463 9.89295006
v 35.40729904 136.05999756 10.42799854
v 25.62450027 135.24499512 10.97859859
v 66.61630249 130.32600403 -14.46210003
v 66.60569763 136.79899597 10.85239983
v 52.395401 136.31100464 10.06949997
v 59.68920135 136.54699707 10.43859959
v 66.61260223 136.80900574 -12.23659897
v 73.10449982 142.74299622 6.73858976
v 73.10449982 142.74299622 -8.20608044
v 78.51270294 142.01402283 6.16658115
v 78.50499725 142.23098755 -7.43969107
v 78.540802 143.7749939 -0.733845
v 27.85359955 127.12001038 12.87870026
v 59.68220139 130.15800476 12.31110001
v 73.06719971 137.24299622 10.88930035
v 66.61630249 130.23899841 12.9921999
v 73.06500244 130.39300537 13.3682003
v 36.55110168 128.6000061 11.82530022
v 44.54779816 129.56100464 11.53730011
v 73.05979919 130.4980011 -14.73509979
v 73.06719971 137.2460022 -12.35680008
v 82.86328888 140.48199463 -6.58615017
v 83.09929657 140.57400513 4.94999886
v 82.94140625 142.47999573 -0.73866999
v 78.5246048 130.75500488 12.68230057
v 52.46530151 129.92399597 11.75039959
v 78.48429871 130.75900269 -14.01089954
v 78.56189728 137.16999817 -11.93900013
v 78.57051086 137.16799927 10.47869968
v 85.62970734 139.35800171 -5.52353001
v 85.57080841 139.3500061 4.016819
v 85.85520172 141.03599548 -0.73614699
v 82.15779877 131.14801025 -12.71609783
v 82.20380402 131.18701172 11.17119789
v 85.52459717 136.647995 -7.50512791
v 82.63259888 136.29699707 -10.32529831
v 85.6155014 136.59100342 6.09281588
v 83.06510162 136.21000671 9.16649818
v 87.11090088 140.19598389 -0.73650903
v 85.02719116 134.9400177 -10.00099182
v 86.69259644 136.93099976 -5.99703789
v 86.86959076 134.61801147 -7.15546417
v 87.36470032 135.83299255 -5.93740702
v 83.7430954 131.99501038 -11.37759399
v 85.29679871 134.92500305 8.55151367
v 86.73200989 136.92100525 4.53412724
v 87.07640076 134.63200378 5.6723938
v 87.4546051 135.84399414 4.46472502
v 83.99469757 131.99499512 9.92709446
v 86.74479675 138.20298767 -5.12143898
v 86.70180511 138.20198059 3.63692999
v 88.36660767 139.35598755 -0.73687702
v 87.85990906 137.04898071 -4.71935987
v 87.83271027 137.05497742 3.25705004
v -28.01420021 127.22200012 -14.41059875
v -35.39590073 136.38299561 -11.72900009
v -26.06950188 135.65100098 -12.57600021
v -36.55110168 128.6000061 -13.29780006
v -34.50619888 141.23899841 -7.08554983
v -24.97719955 141.83000183 -7.57644987
v -44.10890198 136.23199463 -11.3655014
v -44.54779816 129.56100464 -13.00990009
v -34.19850159 143.32800293 -0.73887402
v -43.81600189 141.17599487 -6.87306023
v -43.69839859 142.96400452 -0.73627597
v -52.39419556 136.28500366 -11.56110001
v -52.45800018 129.96800232 -13.31599998
v -24.99959755 144.19500732 -0.72192597
v -52.3553009 143.14102173 -0.73943001
v -34.50619888 141.23899841 5.60780001
v -43.81599808 141.17599487 5.40051985
v -52.35109711 141.42901611 -7.18675995
v -59.68220139 130.22999573 -13.78359985
v -25.18790054 141.87799072 5.90065002
v -52.35109711 141.42901611 5.70790005
v -35.40729904 136.05999756 10.42799854
v -44.10889435 136.23199463 9.89295006
v -59.62620163 141.93699646 -7.55487013
v -59.65690231 143.63299561 -0.73627299
v -59.68479919 136.42199707 -11.97470093
v -66.61630249 130.32600403 -14.46210003
v -25.62450027 135.24499512 10.97859859
v -52.395401 136.31100464 10.06949997
v -36.55110168 128.6000061 11.82530022
v -44.54779816 129.56100464 11.53730011
v -66.60350037 144.34399414 -0.73621398
v -59.62620163 141.93699646 6.08233976
v -66.61260223 136.80900574 -12.23659897
v -73.05979919 130.4980011 -14.73509979
v -27.85359955 127.12001038 12.87870026
v -52.46530151 129.92399597 11.75039959
v -66.60939789 142.59100342 6.51713991
v -66.60949707 142.59100342 -7.98955011
v -73.10440063 144.37600708 -0.73374599
v -73.06719971 137.2460022 -12.35680008
v -78.48429871 130.75900269 -14.01089954
v -59.68220139 130.15800476 12.31110001
v -59.68920135 136.54699707 10.43859959
v -73.10449982 142.74299622 6.73858976
v -66.60569763 136.79899597 10.85239983
v -73.06719971 137.24299622 10.88930035
v -78.56189728 137.16999817 -11.93900013
v -82.1578064 131.147995 -12.71610069
v -73.10449982 142.74299622 -8.20608044
v -78.51270294 142.01402283 6.16658115
v -66.61630249 130.23899841 12.9921999
v -82.63260651 136.29699707 -10.32529926
v -83.74310303 131.99497986 -11.37760162
v -78.50499725 142.23098755 -7.43969107
v -78.57051086 137.16799927 10.47870064
v -73.06500244 130.39300537 13.3682003
v -78.5246048 130.75500488 12.68230057
v -85.02719879 134.93998718 -10.00099945
v -78.540802 143.7749939 -0.733845
v -82.86328888 140.48199463 -6.58615017
v -82.20380402 131.18701172 11.1711998
v -83.09929657 140.57400513 4.94999981
v -83.06510162 136.21000671 9.16650009
v -85.52459717 136.64797974 -7.50512886
v -86.86959839 134.61798096 -7.1554718
v -83.9947052 131.99499512 9.92709446
v -82.94139862 142.47999573 -0.73866999
v -87.36470032 135.83297729 -5.93740892
v -85.29680634 134.92500305 8.55151367
v -85.61550903 136.59100342 6.09282017
v -85.62969971 139.35800171 -5.52353001
v -86.69259644 136.9309845 -5.99703884
v -87.8598938 137.04898071 -4.71935987
v -85.57080841 139.3500061 4.01681995
v -87.07640839 134.63200378 5.67240906
v -86.74479675 138.20298767 -5.12143898
v -88.36659241 139.35598755 -0.73687702
v -85.85519409 141.03599548 -0.73614699
v -87.45459747 135.84399414 4.46472883
v -86.73200226 136.92100525 4.5341301
v -87.11089325 140.19598389 -0.73650903
v -86.70178986 138.20198059 3.63692999
v -87.83269501 137.05497742 3.25705004
v -87.8598938 137.04898071 -4.71935987
v -88.39079285 132.7789917 -4.40493822
v -91.38109589 136.21798706 -3.49609399
v -88.36659241 139.35598755 -0.73687702
v -91.15148926 133.14698792 -3.49093604
v -88.46139526 131.18199158 -0.73615998
v -91.4930954 137.74697876 -0.736862
v -91.38109589 136.21798706 2.02238488
v -87.83269501 137.05497742 3.25705004
v -91.09199524 132.14398193 -0.73684698
v -96.31339264 134.29898071 -0.73684698
v -88.38529205 132.7789917 2.93441796
v -91.15148926 133.14698792 2.01722693
v -91.09199524 132.14398193 -0.73684698
v -88.46139526 131.18199158 -0.73615998
v -85.29680634 134.92500305 8.55151367
v -88.43560791 133.13000488 9.47680664
v -83.9947052 131.99499512 9.92709446
v -87.07640839 134.63200378 5.67240906
v -87.57270813 131.23800659 10.3742981
v -84.81491089 129.01300049 8.52514553
v -89.45440674 133.03599548 7.51132202
v -87.74401093 131.55799866 4.56535292
v -87.71840668 129.21299744 9.42384338
v -91.90270996 130.21299744 10.00900269
v -89.61090851 131.04899597 6.44146681
v -86.76810455 128.97000122 5.967834
v -86.76810455 128.97000122 5.967834
v -88.74750519 129.15499878 7.33885193
v -88.74750519 129.15499878 7.33885193
v 85.02719116 134.9400177 -10.00099182
v 88.18639374 133.13002014 -10.94989014
v 83.7430954 131.99501038 -11.37759399
v 86.86959076 134.61801147 -7.15546417
v 87.31859589 131.23802185 -11.84299469
v 84.89259338 129.03500366 -10.08119202
v 89.21578979 133.03601074 -8.98961639
v 87.50389099 131.56201172 -6.01693678
v 87.46958923 129.2130127 -10.89329529
v 91.65048981 130.2130127 -11.49969482
v 89.37818909 131.04901123 -7.92054701
v 86.65319061 128.98101807 -7.51310682
v 86.65319061 128.98101807 -7.51310682
v 88.50999451 129.15501404 -8.81356812
v 88.50999451 129.15501404 -8.81356812
v 87.85990906 137.04898071 -4.71935987
v 91.38111115 136.21798706 -3.49609399
v 88.39080811 132.7789917 -4.40493822
v 88.36660767 139.35598755 -0.73687702
v 91.15150452 133.14698792 -3.49093604
v 88.46141052 131.18199158 -0.73615998
v 91.49311066 137.74697876 -0.736862
v 91.38111115 136.21798706 2.02238488
v 87.83271027 137.05497742 3.25705004
v 91.0920105 132.14398193 -0.73684698
v 96.3134079 134.29898071 -0.73684698
v 88.38530731 132.7789917 2.93441796
v 91.15150452 133.14698792 2.01722693
v 91.0920105 132.14398193 -0.73684698
v 88.46141052 131.18199158 -0.73615998
v 85.29679871 134.92500305 8.55151367
v 83.99469757 131.99499512 9.92709446
v 88.43560028 133.13000488 9.47680664
v 87.07640076 134.63200378 5.6723938
v 87.5727005 131.23800659 10.3742981
v 84.81490326 129.01300049 8.52514553
v 89.45439911 133.03599548 7.51132202
v 87.7440033 131.55799866 4.56535292
v 87.71839905 129.21299744 9.42382813
v 86.76809692 128.97000122 5.96781921
v 91.90270233 130.21299744 10.00898743
v 89.61090088 131.04899597 6.44146681
v 86.76809692 128.97000122 5.96781921
v 88.74749756 129.15499878 7.33885193
v 88.74749756 129.15499878 7.33885193
v -85.02719879 134.93998718 -10.00099945
v -83.74310303 131.99497986 -11.37760162
v -88.18640137 133.12998962 -10.94989777
v -86.86959839 134.61798096 -7.1554718
v -87.31860352 131.23799133 -11.84300232
v -84.89260101 129.03497314 -10.08119965
v -89.21579742 133.03598022 -8.98961639
v -87.50389862 131.5619812 -6.01693678
v -87.46959686 129.21298218 -10.89329529
v -86.65319824 128.98098755 -7.51310682
v -91.65049744 130.21298218 -11.49969482
v -89.37819672 131.04898071 -7.92054701
v -86.65319824 128.98098755 -7.51310682
v -88.51000214 129.15498352 -8.81356812
v -88.51000214 129.15498352 -8.81356812
v 0 162.4710083 32.08659363
v 4.02048016 163.08702087 31.36228943
v 0 162.70001221 31.29849243
v -4.02048016 163.08702087 31.36228943
v 3.86432004 163.42601013 30.80039978
v 7.96229887 165.25801086 28.25740051
v 8.7523489 165.22502136 28.39428711
v -3.86432004 163.42601013 30.80039978
v -7.96229887 165.25801086 28.25740051
v -8.7523489 165.22502136 28.39428711
v 3.24064994 166.55801392 28.56369019
v 0 166.07701111 29.39718628
v 10.10299873 167.40301514 25.56509399
v 12.26599884 168.24002075 25.20449448
v -10.10299873 167.40301514 25.56509399
v -3.24064994 166.55801392 28.56369019
v -6.34464884 168.93501282 25.68778992
v -5.65153885 167.0880127 27.52598572
v 5.65153885 167.0880127 27.52598572
v 0 169.33599854 26.62689209
v 3.28871012 169.23400879 26.37950134
v 11.05069923 169.78800964 22.83999634
v 12.25989914 169.99502563 22.93349648
v 15.53269863 171.64300537 22.08919525
v -12.26599884 168.24002075 25.20449448
v -3.28871012 169.23400879 26.37950134
v 6.34464884 168.93501282 25.68778992
v 13.40199947 172.23899841 20.34789467
v 6.81812 171.22201538 23.3618927
v 11.42669868 173.2480011 18.9189949
v 7.02261019 173.65402222 20.70069504
v -11.05069923 169.78800964 22.83999634
v -6.81812 171.22201538 23.3618927
v 0 171.8440094 24.14579773
v 6.8620801 175.99499512 18.19869423
v 14.90349865 176.53999329 16.3286972
v 10.79759884 176.59100342 13.85549736
v 3.43583989 171.70800781 23.96789551
v 3.50763988 173.9690094 21.35959435
v 17.94549942 174.51000977 20.33339691
v -12.25989914 169.99502563 22.93349648
v -15.53269863 171.64300537 22.08919525
v -3.43583989 171.70800781 23.96789551
v 5.99196005 177.69302368 16.17929649
v 3.43638992 176.03800964 18.60099411
v 0 173.97503662 21.58849335
v -13.40199947 172.23899841 20.34789467
v -7.02261019 173.65402222 20.70069504
v -11.42669868 173.2480011 18.9189949
v 7.74576998 177.41702271 11.85369682
v 0 176.05401611 18.69249344
v 3.33133006 177.71699524 16.2457943
v -3.50763988 173.9690094 21.35959435
v -14.90349865 176.53999329 16.3286972
v -6.8620801 175.99499512 18.19869423
v -10.79759884 176.59100342 13.85549736
v -17.94549942 174.51000977 20.33339691
v 3.86806011 178.38000488 10.31779671
v -3.43638992 176.03800964 18.60099411
v 0 177.73400879 16.28719711
v -3.33133006 177.71699524 16.2457943
v -5.99196005 177.69302368 16.17929649
v -7.74576998 177.41702271 11.85369682
v 0 178.54501343 10.14319611
v -3.86806011 178.38000488 10.31779671
v 0 211.00100708 -0.95451403
v 3.57658005 213.98800659 1.85029602
v 5.02982998 211.24000549 1.14152503
v 0 213.68400574 0.397522
v 5.07015991 214.72999573 5.31778002
v 7.17398024 211.86099243 6.00195313
v 2.02134991 217.28500366 2.619766
v 0 217.08399963 1.80699205
v 5.26733017 212.84500122 10.70359802
v 2.85860991 217.77000427 4.58194017
v 3.62388992 215.54499817 8.75361633
v 0.25738499 221.10299683 3.50593591
v 0 221.07800293 3.41572595
v 0 213.52799988 12.91360474
v 0.351138 221.16200256 3.75657701
v 2.02135992 218.2559967 6.54411316
v 0.25742999 221.227005 4.00566101
v 0 221.15699768 3.73747301
v 0 215.93699646 10.22900391
v 0 221.2460022 4.0974431
v 0 218.45700073 7.35682678
v 0 211.00100708 -0.95451403
v -5.02982998 211.24000549 1.14152503
v -3.57658005 213.98800659 1.85029602
v 0 213.68400574 0.397522
v -5.07015991 214.72999573 5.31778002
v -7.17398024 211.86099243 6.00195313
v -2.02134991 217.28500366 2.619766
v 0 217.08399963 1.80699205
v -5.26733017 212.84500122 10.70359802
v -2.85860991 217.77000427 4.58194017
v -0.25738499 221.10299683 3.50593591
v 0 221.07800293 3.41572595
v -3.62388992 215.54499817 8.75361633
v 0 213.52799988 12.91360474
v -0.351138 221.16200256 3.75657701
v 0 221.15699768 3.73747301
v 0 215.93699646 10.22900391
v -0.25742999 221.227005 4.00566101
v -2.02135992 218.2559967 6.54411316
v 0 218.45700073 7.35682678
v 0 221.2460022 4.0974431
v -26.74309731 219.3809967 15.06360245
v -27.55549622 218.37298584 16.52140427
v -22.96539688 218.52099609 18.87560463
v -31.61479568 218.03599548 13.52490234
v -21.83869743 219.47798157 17.57670403
v -30.59789848 219.04498291 12.23360062
v -21.66529655 218.36097717 16.19230461
v -29.7471981 217.88900757 11.1478014
v -25.80549812 218.17100525 14.08640194
v -23.18399811 216.80297852 18.52240372
v -31.19540024 216.19699097 13.41290092
v -27.12890053 216.54400635 16.520504
v -16.64999771 217.43899536 18.42210388
v -17.87319565 217.53100586 21.18500328
v -16.78149796 218.43200684 19.87260437
v -34.501297 219.21801758 7.89426899
v -34.95320129 220.18499756 9.32905865
v -22.32269859 216.70198059 16.90420341
v -29.96609879 216.07699585 12.0272007
v -26.05109787 216.41400146 15.0361042
v -26.05109787 216.41400146 15.0361042
v -18.43079567 215.96000671 20.62180328
v -22.32269859 216.70198059 16.90420341
v -35.86669922 217.39199829 10.09599876
v -29.96609879 216.07699585 12.0272007
v -34.50289917 217.20899963 8.77642918
v -12.95309734 214.75997925 19.80190086
v -17.67819595 215.9079895 18.90760422
v -14.41309643 213.57501221 20.14690208
v -38.02639771 221.65899658 5.64521694
v -34.50289917 217.20899963 8.77642918
v -39.12479782 220.14500427 5.65424681
v -17.67819595 215.9079895 18.90760422
v -13.89849567 214.64300537 22.73050117
v -15.06289577 213.54101562 21.93230247
v -36.21549988 219.26100159 10.40519905
v -39.12479782 220.14500427 5.65424681
v -11.70569706 210.59700012 21.16560173
v -12.52009487 215.32899475 21.4844017
v -10.04859638 211.56100464 20.79730225
v -43.55719757 225.71101379 2.899055
v -38.44479752 222.6289978 7.1787672
v -42.2613945 226.83999634 3.15141511
v -14.41309643 213.57501221 20.14690208
v -40.25519562 220.21200562 7.145298
v -9.83962631 207.772995 21.84340096
v -11.01289654 211.39997864 23.79360199
v -12.31689644 210.50102234 23.01550293
v -43.12189484 227.28001404 3.24386501
v -43.93429565 226.61001587 3.07142496
v -39.8422966 221.74499512 8.09658718
v -42.49399567 227.57901001 4.71071482
v -43.93559647 226.90899658 5.42241478
v -11.70569706 210.59700012 21.16560173
v -43.55719757 225.71101379 2.899055
v -7.94872713 208.38000488 21.46570206
v -9.64504623 212.059021 22.4634037
v -43.99559784 227.28601074 3.73937511
v -43.25299454 227.72001648 4.20609522
v -44.59329605 225.75300598 4.30097485
v -44.14809799 227.32301331 4.6322751
v -44.57079697 226.63500977 3.92972493
v -9.83962631 207.772995 21.84340096
v -9.17415047 203.63900757 22.42959595
v -8.79537582 208.00900269 24.57160187
v -10.38359642 207.55499268 23.770401
v -43.99559784 227.28601074 3.73937511
v -43.93429565 226.61001587 3.07142496
v -7.06936979 203.602005 22.01460266
v -7.33948708 208.51899719 23.18320084
v -9.17415047 203.63900757 22.42959595
v -6.56822014 203.6190033 23.83700562
v -9.93488979 203.68699646 24.3973999
v -8.3268404 203.66200256 25.2335968
v 26.74310112 219.38096619 15.06360054
v 21.83869934 219.47796631 17.57670212
v 22.96539879 218.52096558 18.87560272
v 21.66529846 218.36096191 16.1923008
v 27.55550003 218.37297058 16.52140045
v 25.80550003 218.17097473 14.08640099
v 31.61479568 218.03596497 13.52489853
v 29.7471981 217.88899231 11.14779854
v 30.59789848 219.04498291 12.23359871
v 17.87319946 217.53097534 21.18500328
v 16.64999771 217.43896484 18.42210388
v 16.78149986 218.43197632 19.87260437
v 31.19540024 216.19699097 13.41289902
v 23.18400192 216.80296326 18.52240181
v 27.12890053 216.54400635 16.52050018
v 29.96609879 216.07696533 12.02719879
v 22.3227005 216.70196533 16.90420151
v 26.05109978 216.41398621 15.03610134
v 34.95319748 220.18499756 9.32905769
v 34.501297 219.21801758 7.89426804
v 13.89849758 214.64297485 22.73050117
v 18.43079948 215.95999146 20.62180328
v 15.06289768 213.54096985 21.93230247
v 17.67819786 215.9079895 18.90760422
v 12.95309734 214.75997925 19.80190277
v 14.41309834 213.57498169 20.14690399
v 29.96609879 216.07696533 12.02719879
v 35.8666954 217.39199829 10.09599781
v 34.50289536 217.20899963 8.77642822
v 34.50289536 217.20899963 8.77642822
v 36.21549606 219.26100159 10.4051981
v 38.02639771 221.65899658 5.64521599
v 38.4447937 222.6289978 7.1787672
v 12.31689644 210.50099182 23.01550293
v 12.52009678 215.32896423 21.4844017
v 11.01289654 211.39997864 23.7936039
v 22.3227005 216.70196533 16.90420151
v 17.67819786 215.9079895 18.90760422
v 11.70569706 210.5969696 21.16560364
v 26.05109978 216.41398621 15.03610134
v 39.12479401 220.14500427 5.65424681
v 39.12479401 220.14500427 5.65424681
v 39.84229279 221.74499512 8.09658718
v 42.26139069 226.83999634 3.15141606
v 43.93559265 226.90899658 5.42241621
v 42.49399185 227.57901001 4.71071577
v 10.38359642 207.55497742 23.77040291
v 11.70569706 210.5969696 21.16560364
v 9.83962631 207.77297974 21.84340286
v 10.04859734 211.56098938 20.79730415
v 9.64504814 212.05899048 22.4634037
v 14.41309834 213.57498169 20.14690399
v 40.2551918 220.21200562 7.14529705
v 43.55719376 225.71101379 2.89905596
v 43.55719376 225.71101379 2.89905596
v 43.25299072 227.72001648 4.20609617
v 44.59329224 225.75300598 4.3009758
v 44.14809418 227.32301331 4.63227606
v 44.57079315 226.63499451 3.92972589
v 9.17415047 203.63900757 22.42959595
v 8.79537582 208.00897217 24.57160378
v 9.93488979 203.68699646 24.3973999
v 9.83962631 207.77297974 21.84340286
v 43.12189102 227.28001404 3.24386597
v 43.99559402 227.28601074 3.73937607
v 43.93429184 226.61001587 3.07142591
v 8.3268404 203.66200256 25.2335968
v 7.94872713 208.37997437 21.46570206
v 7.33948708 208.51896667 23.18320465
v 43.93429184 226.61001587 3.07142591
v 43.99559402 227.28601074 3.73937607
v 6.56822014 203.6190033 23.83700562
v 9.17415047 203.63900757 22.42959595
v 7.06936979 203.602005 22.01460266
v 5.73315001 205.27099609 -7.730896
v 5.47117996 208.44599915 -4.6829071
v 9.09171963 207.75900269 -3.78538489
v 0 208.73899841 -5.20561218
v 10.42380047 205.04299927 -5.52119398
v 0 205.45300293 -8.46435547
v 11.35610008 201.36399841 -6.99235487
v 0 201.647995 -10.63299561
v 6.12179995 201.52600098 -9.70448303
v 6.51192999 210.31199646 -0.696518
v 0 209.79400635 -3.4550631
v 15.45059967 201.33399963 -2.519943
v 13.70769978 205.3480072 -1.38940406
v 6.40372992 196.90299988 -11.45539856
v 12.14900017 196.66400146 -8.42687988
v 0 211.00100708 -0.95451403
v 10.82439995 208.625 -0.37866199
v 16.68619919 196.38299561 -3.67222595
v 18.18810081 201.18800354 3.24261498
v 19.72970009 196.00100708 2.3583529
v 0 196.96699524 -12.49380493
v 5.02982998 211.24000549 1.14152503
v 15.96280003 205.46000671 4.065979
v 9.18445969 210.9960022 5.37509203
v 12.59589958 209.11000061 5.08226013
v 20.38579941 190.98800659 1.661057
v 12.57069969 191.96600342 -9.41485596
v 17.25760078 191.52000427 -4.47894287
v 6.63448 192.30000305 -12.65400696
v 0 192.39300537 -13.74029541
v 7.17398024 211.86099243 6.00195313
v -5.73315001 205.27099609 -7.730896
v -9.09171963 207.75900269 -3.78538489
v -5.47117996 208.44599915 -4.6829071
v -10.42380047 205.04299927 -5.52119398
v 0 208.73899841 -5.20561218
v -11.35610008 201.36399841 -6.99235487
v 0 205.45300293 -8.46435547
v -6.12179995 201.52600098 -9.70448303
v 0 201.647995 -10.63299561
v -6.51192999 210.31199646 -0.696518
v -13.70769978 205.3480072 -1.38940406
v -10.82439995 208.625 -0.37866199
v 0 209.79400635 -3.4550631
v -12.14900017 196.66400146 -8.42687988
v -15.45059967 201.33399963 -2.519943
v -16.68619919 196.38299561 -3.67222595
v -6.40372992 196.90299988 -11.45539856
v 0 196.96699524 -12.49380493
v -9.18445969 210.9960022 5.37509203
v -15.96280003 205.46000671 4.065979
v -12.59589958 209.11000061 5.08226013
v 0 211.00100708 -0.95451403
v -19.72970009 196.00100708 2.3583529
v -17.25760078 191.52000427 -4.47894287
v -20.38579941 190.98800659 1.661057
v -6.63448 192.30000305 -12.65400696
v 0 192.39300537 -13.74029541
v -18.18810081 201.18800354 3.24261498
v -5.02982998 211.24000549 1.14152503
v -7.17398024 211.86099243 6.00195313
v -12.57069969 191.96600342 -9.41485596
v 36.85979843 0.002344 -16.99850082
v 28.72870064 0.002344 -16.12649918
v 28.9211998 0.002398 -19.29050064
v 37.2322998 0.002344 -13.31320095
v 30.79199982 0.002398 -21.42180252
v 44.92879868 0.002398 -14.22260094
v 33.47930145 0.002342 -22.80780029
v 44.50009918 0.002398 -17.9538002
v 36.11619949 0.002342 -23.68740082
v 43.35639954 0.002398 -20.68889999
v 38.75350189 0.002342 -23.41260147
v 41.4510994 0.002398 -22.63349915
v 28.91559982 0.002398 -12.39860058
v 37.67070007 0.002343 -8.83763981
v 45.90650177 0.002398 -9.67844009
v 38.18130112 0.002342 -2.94109011
v 47.12599945 0.004025 -4.0107789
v 28.79999924 0.002398 -8.00800991
v 38.9211998 0.002344 1.64780104
v 48.65930557 0.002343 0.45594999
v 28.77429962 0.002342 -1.88090897
v 39.75579834 0.002344 7.02784204
v 50.36780548 0.002343 5.75875092
v 28.68110085 0.002343 2.81003094
v 41.83330536 0.002344 18.20950317
v 55.37750244 0.002397 16.58980179
v 28.69079971 0.002344 8.28543186
v 42.73160172 0.002344 25.9831028
v 58.13720322 0.002344 24.14070129
v 27.14350128 0.002344 19.88450241
v 51.55960083 0.002343 29.32169914
v 59.28800201 0.002343 29.31539917
v 26.1074028 0.002397 27.87860107
v 54.48799896 0.002343 33.99950027
v 59.55840302 0.002397 33.39310074
v 35.25580215 0.002343 31.08749771
v 47.92749786 0.002343 32.34130096
v 43.37350464 0.002343 30.20830154
v 59.18270111 0.002342 34.83580017
v 26.15379906 0.002343 33.18579865
v 49.56539917 0.002343 34.58810043
v 39.17520523 0.002343 33.35939789
v 46.79959869 0.002343 32.76160049
v 40.1908989 0.002343 33.46110153
v 43.54059982 0.002343 31.46840096
v 54.51390076 0.002343 35.54570007
v 33.46239471 0.002343 36.4980011
v 27.41399574 0.002343 37.1581955
v 48.68099976 0.002343 34.69390106
v 39.32979965 0.002343 35.81219864
v 38.42099762 0.002343 35.92089844
v 45.93659592 0.002343 33.39660263
v 41.3022995 0.002343 33.85480118
v 43.70769501 0.002343 32.72850037
v 50.56380081 0.002396 37.33200073
v 28.19859695 0.002343 38.76339722
v 47.79660034 0.002343 34.79970169
v 49.88430023 0.002397 37.56069946
v 49.1180954 0.002396 37.45620346
v 38.80879593 0.002342 38.88529968
v 40.23849869 0.002343 35.70349884
v 39.53099442 0.002342 38.68610382
v 44.04189682 0.002343 35.248703
v 33.84319687 0.002343 38.07519531
v 44.27279663 0.002343 37.17990494
v 38.31149673 0.002342 38.79729462
v -50.56380081 0.002396 37.33199692
v -49.88430023 0.002397 37.56069946
v -50.31819916 1.293221 37.75479507
v -49.99659729 1.27016997 37.81439972
v -49.55310059 1.24700904 37.75730515
v -49.11809921 0.002396 37.45620346
v -50.44419861 3.58356905 37.2776947
v -49.98929977 3.87689996 37.35029984
v -49.4598999 3.99991989 37.56580353
v -49.58069992 6.94891119 34.58629608
v -47.88729858 6.66582108 37.14890289
v -51.85860062 5.93732977 36.54599762
v -43.87400055 9.67346096 34.89360428
v -44.18209839 8.48384953 36.85600281
v -55.22990036 7.98296022 33.93399811
v -55.02460098 7.24707985 35.19119644
v -40.43479919 6.66577005 38.04020309
v -49.31409454 10.74940014 30.52889824
v -58.02370071 5.74013996 34.75379562
v -38.25920105 6.93941021 35.94020081
v -39.18280029 3.99996901 38.79480362
v -55.27079773 9.24567986 29.83749962
v -43.42760468 11.38899899 31.10670471
v -54.52429581 10.35099888 24.46530151
v -48.49119949 12.37380028 25.03620338
v -58.52279663 6.28950024 33.78539658
v -60.09980011 3.07842994 33.37249756
v -59.54520035 2.79788995 34.6146965
v -38.6955986 3.87696004 38.74399948
v -39.14390182 1.24700904 39.00210571
v -37.52589798 10.62090015 31.95109749
v -58.18320084 7.28455019 24.10640335
v -58.56349945 6.80249023 29.43989944
v -42.69049835 12.94729996 25.71360207
v -51.91029739 11.29179859 17.81710243
v -47.06850052 13.30370045 19.06510162
v -59.99750519 0.96264201 33.34059525
v -59.707901 0.83399999 34.62269592
v -38.76699829 1.27011001 39.15730286
v -38.80879974 0.002342 38.8853035
v -39.53099823 0.002342 38.68610382
v -33.04959869 8.04930878 36.623703
v -36.62419891 5.93732786 38.06489944
v -59.48529434 3.37779999 23.85560036
v -55.84769821 7.90303898 16.68420219
v -57.36979675 3.38741899 16.312603
v -36.84379959 12.13239956 26.34469986
v -45.74769974 14.02169895 13.57390118
v -41.83119965 13.94850063 19.93630219
v -41.23189545 14.65989971 14.68770218
v -60.01229858 1.03298998 29.22880173
v -60.10440063 3.29934001 29.21780014
v -59.55840302 0.002397 33.39309692
v -59.18270111 0.002342 34.83579636
v -38.47100067 1.29328203 39.17160034
v -38.19380188 3.58356905 38.74269867
v -31.3456974 9.3513298 32.73130035
v -33.08150101 7.24707985 37.68360138
v -28.35650063 6.07317019 37.15100098
v -29.63230133 5.5424099 38.17160416
v -51.51619339 8.09660912 8.29126167
v -59.16269684 1.10282004 23.88619995
v -52.70560074 3.77573895 6.02684212
v -56.88270187 1.10308897 16.39530182
v -36.53229904 13.07330036 20.26810455
v -59.2879982 0.002342 29.31539917
v -38.31150055 0.002342 38.79729843
v -30.45189857 10.42700005 27.27320099
v -28.18420029 2.79788995 38.67419815
v -49.5112915 11.87099838 11.18100071
v -52.30170059 1.10308897 5.52747202
v -50.46889877 9.46424866 2.54412103
v -50.92449951 4.06521893 0.42343399
v -58.13719559 0.002342 24.14070129
v -36.56389999 13.73319817 14.54090214
v -31.02599716 11.43780041 20.28790283
v -26.62870026 6.80249023 33.16400146
v -25.53370094 7.11822987 27.91230202
v -26.96590042 3.02856994 37.2071991
v -26.95089912 0.97153902 37.20880508
v -27.9810009 0.85530698 38.78829956
v -48.43719482 12.85229874 7.44636106
v -50.61179733 1.10308897 0.14517801
v -55.37749481 0.002396 16.58980179
v -50.36779785 0.002341 5.75875092
v -40.8021965 15.08520031 10.96269989
v -25.96369553 7.58250904 20.49350166
v -31.88009644 11.98799896 12.89400291
v -27.41399956 0.002343 37.15819931
v -28.19860077 0.002343 38.76340103
v -25.30130005 3.29944992 33.27890015
v -25.50239563 1.03301001 33.25690079
v -50.83390045 13.48349857 1.55997002
v -49.78479767 8.41937923 -3.94583893
v -50.41169739 12.23749924 -4.27797985
v -44.83449554 14.18500042 9.7165308
v -48.65929794 0.002341 0.45594999
v -49.53919601 4.54057884 -4.33545017
v -49.09009552 1.11494899 -4.25540018
v -36.56290054 14.3555994 10.55510139
v -24.52319717 3.387429 20.13160515
v -27.41029549 8.35131931 10.72350121
v -26.15379906 0.002343 33.18579865
v -24.12739754 3.36848998 27.9702034
v -24.66189766 1.10309005 27.9023037
v -49.02569962 15.01639938 6.37828112
v -49.16829681 11.18669891 -10.22109985
v -41.59809875 16.03319931 10.75800133
v -45.80429459 16.02999878 9.38081074
v -47.12599564 0.004023 -4.0107789
v -48.67599487 8.005229 -9.67844009
v -48.29299927 4.42261887 -9.67844009
v -32.18969727 12.77729797 9.5746212
v -37.1364975 15.29310036 10.18980026
v -32.69389725 13.93769932 8.12816143
v -26.10739899 0.002396 27.87860298
v -25.82829857 3.76868892 9.15162182
v -25.28519821 1.10308897 20.08240128
v -47.71979523 1.10308897 -9.67844009
v -45.90649796 0.002396 -9.67844009
v -47.46769714 7.52814007 -14.81050014
v -46.07079697 10.28209877 -15.38150024
v -28.87299728 12.24269867 4.17034101
v -27.88459778 9.01371002 5.25408077
v -27.14349556 0.002342 19.88450241
v -46.60049438 1.10308897 -14.27840137
v -44.92879486 0.002396 -14.22260094
v -46.25069809 6.57688904 -18.72080231
v -44.72359467 8.65295887 -19.88410187
v -42.35639572 11.54969788 -18.67070007
v -47.32109451 4.21989918 -14.38630104
v -25.8945961 4.10188007 3.39966106
v -26.39079857 1.10308897 8.53652191
v -26.35399628 8.45250893 -1.43548906
v -26.73869896 11.29219913 -1.54295003
v -45.8279953 1.10308802 -17.95730209
v -44.50009537 0.002396 -17.9538002
v -41.06959534 9.68754864 -21.0230999
v -37.50569534 11.92219925 -19.16360092
v -46.44019699 3.93724895 -18.2405014
v -45.48490143 5.81673002 -21.3423996
v -28.6907959 0.002342 8.28543186
v -26.42809677 10.88609886 -7.48277903
v -26.55659676 1.10308897 2.934021
v -25.90409851 4.46726894 -1.51266003
v -43.35639572 0.002396 -20.68889999
v -36.67329788 10.05869865 -21.47080231
v -43.65459442 6.60526896 -22.58740234
v -45.41459656 3.70806909 -21.76620293
v -25.92629623 7.82351923 -7.20225
v -25.97239685 7.30337906 -12.64669991
v -27.59090042 11.31029892 -14.45999908
v -28.68109703 0.002341 2.81003094
v -44.85869598 1.10308802 -21.64699936
v -42.09729767 1.10771894 -23.56240082
v -41.45109558 0.002396 -22.63349915
v -40.29369736 7.37846899 -23.67639923
v -36.23429489 7.71915913 -23.86860085
v -26.19959641 6.69818878 -16.74110031
v -25.75429726 4.19037914 -12.082201
v -25.88249588 3.900599 -16.10350037
v -26.85309601 1.10308897 -1.67117906
v -25.78939819 4.29232883 -7.19729996
v -38.96199799 1.10307896 -24.61370468
v -42.96349716 4.002069 -23.93470001
v -39.67739487 4.38166904 -25.11670113
v -28.24409676 9.10731888 -18.50910187
v -32.45980072 11.92009926 -18.22979927
v -27.02129555 1.10905898 -15.56800079
v -26.42949677 5.92457914 -19.51800156
v -27.25429535 1.10308802 -19.62110138
v -26.3449955 3.73552895 -19.83909988
v -26.79729652 1.10308897 -7.53645992
v -28.77429581 0.002339 -1.88090897
v -38.75349808 0.00234 -23.41260147
v -35.93229294 4.57110786 -25.31700134
v -32.12989807 9.76643944 -20.50970078
v -36.67329788 10.05869865 -21.47080231
v -37.50569534 11.92219925 -19.16360092
v -28.72869682 0.002342 -16.12649918
v -26.91789627 1.11948895 -12.06980133
v -28.91559601 0.002396 -12.39860058
v -28.3667984 6.97676897 -21.34100151
v -28.65729713 4.0648489 -22.47840118
v -28.79999542 0.002396 -8.00800991
v -36.11619568 0.00234 -23.68740082
v -35.88249588 1.10308802 -24.90080261
v -31.9577961 7.49845886 -22.9442997
v -36.23429489 7.71915913 -23.86860085
v -28.92119598 0.002396 -19.29050064
v -32.07999802 4.38581896 -24.41370201
v -35.93229294 4.57110786 -25.31700134
v -30.01169586 1.10308802 -22.47520065
v -30.791996 0.002396 -21.42180252
v -32.90589523 1.10308802 -23.98810196
v -35.88249588 1.10308802 -24.90080261
v -33.47929764 0.00234 -22.80780029
v -36.11619568 0.00234 -23.68740082
v -28.19860077 0.002343 38.76340103
v -31.07959938 0.002396 43.40390015
v -33.84320068 0.002343 38.07519913
v -34.55179977 0.002342 43.06689835
v -34.64749908 0.305107 48.21419907
v -38.31150055 0.002342 38.79729843
v -35.49860001 0.28835699 48.0970993
v -35.7242012 0.51865399 48.75320053
v -37.54320145 0.002342 42.69350052
v -36.31060028 0.30474499 47.98410034
v -38.31150055 0.002342 38.79729843
v -37.54320145 0.002342 42.69350052
v -38.47100067 1.29328203 39.17160034
v -37.78030014 1.12707901 42.66479874
v -36.61449814 0.62734997 47.81439972
v -36.31060028 0.30474499 47.98410034
v -37.51620102 2.56691003 42.7256012
v -38.19380188 3.58356905 38.74269867
v -35.7242012 0.51865399 48.75320053
v -36.47470093 1.07915902 47.82820129
v -36.71239853 4.22515917 42.74840164
v -36.62419891 5.93732786 38.06489944
v -36.17369843 1.59019899 47.84579849
v -35.48839951 2.13165998 47.8409996
v -34.51779938 1.61014199 48.02339935
v -34.2594986 0.94084901 48.1006012
v -34.22000122 0.52308702 48.12590027
v -34.64749908 0.305107 48.21419907
v -34.19800186 5.31919909 42.95069885
v -33.08150101 7.24707985 37.68360138
v -30.7147007 2.1716311 43.29869843
v -31.71419907 3.80870104 43.16199875
v -31.07959938 0.002396 43.40390015
v -29.63230133 5.5424099 38.17160416
v -30.55520058 0.81470501 43.33050156
v -28.18420029 2.79788995 38.67419815
v -28.19860077 0.002343 38.76340103
v -27.9810009 0.85530698 38.78829956
v -49.11809921 0.002396 37.45620346
v -48.64789963 0.030849 42.6333046
v -49.55310059 1.24700904 37.75730515
v -49.00880051 0.96242499 42.6095047
v -47.00510025 0.454685 48.85310364
v -46.73099899 0.188591 48.90390396
v -48.86780167 2.93959808 42.64560699
v -49.4598999 3.99991989 37.56580353
v -45.8390007 0.47639501 50.19720459
v -46.94879913 1.13027203 48.84970093
v -47.56140137 4.58946991 42.80690384
v -47.88729858 6.66582108 37.14890289
v -46.61640167 1.647331 48.87830353
v -45.68479919 2.1830411 48.97070312
v -44.75759888 1.647331 49.10070419
v -44.42779922 1.13021898 49.15120316
v -44.5379982 0.48894101 49.0232048
v -44.79320145 0.209187 49.0796051
v -44.98680115 5.73823214 43.14280319
v -44.18209839 8.48384953 36.85600281
v -41.09659958 2.93961 43.57500458
v -42.40399933 4.58955002 43.42370224
v -41.41799927 0.032291 43.4940033
v -40.43479919 6.66577005 38.04020309
v -40.96239853 0.96477503 43.56300354
v -39.18280029 3.99996901 38.79480362
v -39.53099823 0.002342 38.68610382
v -39.14390182 1.24700904 39.00210571
v -39.53099823 0.002342 38.68610382
v -41.41799927 0.032291 43.4940033
v -44.27280045 0.002343 37.17990494
v -44.97710037 0.029568 43.06800461
v -44.79320145 0.209187 49.0796051
v -49.11809921 0.002396 37.45620346
v -45.68740082 0.169388 48.9926033
v -45.8390007 0.47639501 50.19720459
v -48.64789963 0.030849 42.6333046
v -46.73099899 0.188591 48.90390396
v -50.56380081 0.002396 37.33199692
v -50.31819916 1.293221 37.75479507
v -51.94079971 0.002342 40.97289658
v -51.63819885 1.13156104 40.95349503
v -51.97510147 2.74670005 40.94439697
v -50.44419861 3.58356905 37.2776947
v -54.32139969 0.62813902 45.70029449
v -54.64770126 0.30295601 45.79229736
v -52.91690063 4.22515917 40.80549622
v -51.85860062 5.93732977 36.54599762
v -54.44580078 1.07714105 45.68199539
v -55.31259918 0.51844001 46.41139603
v -55.25120163 5.27711916 40.46589661
v -55.02460098 7.24707985 35.19119644
v -54.71099854 1.59746897 45.62469482
v -58.02370071 5.74013996 34.75379562
v -55.36610031 2.12708998 45.48929596
v -57.35620117 4.00167084 40.19559479
v -59.54520035 2.79788995 34.6146965
v -56.17229843 1.60921896 45.43819809
v -56.39440155 0.94142199 45.46039581
v -56.43190002 0.520275 45.47619629
v -56.02619934 0.303673 45.66109467
v -58.3227005 2.14446998 40.12149429
v -59.707901 0.83399999 34.62269592
v -58.03820038 0.002342 40.24839783
v -58.55369949 0.81129497 40.10769653
v -59.18270111 0.002342 34.83579636
v -59.18270111 0.002342 34.83579636
v -54.51390076 0.002343 35.54569626
v -58.03820038 0.002342 40.24839783
v -54.9382019 0.002342 40.64639664
v -50.56380081 0.002396 37.33199692
v -56.02619934 0.303673 45.66109467
v -51.94079971 0.002342 40.97289658
v -55.36169815 0.28670499 45.72179794
v -55.31259918 0.51844001 46.41139603
v -54.64770126 0.30295601 45.79229736
v 50.56380081 0.002396 37.33200073
v 50.31819916 1.293221 37.75479889
v 49.88430023 0.002397 37.56069946
v 49.9966011 1.27016997 37.81440353
v 50.44419861 3.58356905 37.27769852
v 49.55309677 1.24700904 37.75730515
v 49.1180954 0.002396 37.45620346
v 49.98929596 3.87689996 37.35029984
v 51.85860062 5.93732977 36.54600143
v 49.58069992 6.94891119 34.5862999
v 55.22990036 7.98296118 33.93399811
v 55.02460098 7.24707985 35.19120026
v 49.45989609 3.99991989 37.56580353
v 58.02370071 5.74013996 34.75379944
v 47.88729477 6.66582108 37.14890289
v 49.31409454 10.74940109 30.52889633
v 43.87400055 9.67346096 34.89360428
v 58.52279663 6.28950024 33.78540039
v 60.09980011 3.07842994 33.37250137
v 59.54520035 2.79788995 34.61470032
v 44.18209457 8.48384953 36.85600281
v 55.27080154 9.24567986 29.83749962
v 43.42760086 11.38900089 31.1067028
v 54.52430344 10.35099983 24.46530151
v 48.49120712 12.37380123 25.03620148
v 58.56349945 6.80249119 29.43989944
v 59.99750519 0.96264201 33.34059906
v 59.707901 0.83399999 34.62269974
v 40.43479538 6.66577005 38.04020309
v 42.69049835 12.94730091 25.71360207
v 37.52589798 10.62090111 31.95109749
v 36.84380341 12.13240147 26.34469986
v 58.18320847 7.2845521 24.10640335
v 51.91030884 11.29179955 17.81710243
v 55.84770203 7.90303993 16.68420219
v 60.0123024 1.03299105 29.22880173
v 60.10440826 3.29934096 29.21780014
v 59.55840302 0.002397 33.39310074
v 59.18270111 0.002342 34.83580017
v 38.25920105 6.93941116 35.94020081
v 39.18279648 3.99996901 38.79480362
v 36.53230286 13.07330132 20.26810455
v 47.06850433 13.30370235 19.06510162
v 41.83120346 13.94850159 19.93630219
v 57.36980438 3.38742089 16.312603
v 49.51129913 11.87100029 11.18100071
v 51.51620102 8.09661102 8.29126167
v 59.48530197 3.37780094 23.85560036
v 59.28800201 0.002343 29.31539917
v 59.16270447 1.10282099 23.88619995
v 58.13720322 0.002344 24.14070129
v 38.69559479 3.87696004 38.74399567
v 39.14389801 1.24700904 39.00210571
v 30.45190239 10.427001 27.27320099
v 33.04959869 8.04931068 36.62369537
v 31.34569931 9.35133076 32.73129654
v 41.23190308 14.65990067 14.68770218
v 31.02600288 11.43780136 20.28790283
v 36.56389999 13.73320007 14.54090214
v 45.74769974 14.02169991 13.57390118
v 52.70560837 3.7757411 6.02684212
v 48.43720245 12.85230064 7.44636106
v 50.46889877 9.46425056 2.54412103
v 56.88270569 1.103091 16.39530182
v 55.37750244 0.002397 16.58980179
v 38.76699829 1.27011001 39.15729904
v 36.6241951 5.93732786 38.06489563
v 38.19379807 3.58356905 38.74269485
v 25.53370285 7.11823082 27.91230202
v 28.35649681 6.07317019 37.15099716
v 26.62870216 6.80249119 33.16400146
v 31.88010025 11.98800087 12.89400291
v 40.80220032 15.08520126 10.96269989
v 36.56290054 14.35560131 10.55510139
v 44.83449936 14.18500042 9.7165308
v 50.92450333 4.06522083 0.42343399
v 50.83390045 13.48349953 1.55997097
v 49.78480148 8.41938019 -3.94583893
v 50.41170502 12.23750019 -4.2779789
v 52.30170822 1.103091 5.52747202
v 50.36780548 0.002343 5.75875092
v 38.80879593 0.002342 38.88529968
v 39.53099442 0.002342 38.68610382
v 33.08149719 7.24707985 37.68359756
v 25.96369934 7.58251095 20.49350166
v 26.96589661 3.02856994 37.20719528
v 25.30130005 3.29944992 33.27890015
v 41.59810257 16.03319931 10.75800133
v 45.8042984 16.03000069 9.38081074
v 49.02570343 15.01640129 6.37828112
v 49.16830444 11.18669987 -10.22109985
v 49.53920364 4.54058123 -4.33545017
v 48.6760025 8.00522995 -9.67844009
v 50.61180496 1.103091 0.14517801
v 38.47099686 1.29328203 39.17159653
v 29.63229752 5.5424099 38.17160034
v 27.4102993 8.35132122 10.72350121
v 32.18970108 12.77729988 9.5746212
v 25.50239944 1.03301096 33.25689697
v 24.66190147 1.103091 27.90230179
v 24.12740135 3.36849093 27.97020149
v 47.46770096 7.52814102 -14.81050014
v 46.07080078 10.28209972 -15.38150024
v 48.65930557 0.002343 0.45594999
v 48.29300308 4.42262077 -9.67844009
v 49.09010315 1.11495101 -4.25540018
v 38.31149673 0.002342 38.79729462
v 28.18419647 2.79788995 38.67419434
v 24.52319908 3.38743091 20.13160515
v 32.69390106 13.93770027 8.12816143
v 37.13650131 15.29310131 10.18980026
v 26.95089531 0.97153902 37.20880127
v 26.1074028 0.002397 27.87860107
v 26.15379906 0.002343 33.18579865
v 46.2507019 6.57688999 -18.72080231
v 44.72359848 8.65296078 -19.88410187
v 42.35639954 11.54969978 -18.67070007
v 47.12599945 0.004025 -4.0107789
v 47.32109833 4.21990108 -14.38630104
v 47.71979904 1.103091 -9.67844009
v 25.82830238 3.76869106 9.15162182
v 27.88460159 9.01371098 5.25408077
v 28.8730011 12.24269962 4.17034101
v 25.28520203 1.103091 20.08240128
v 27.41399574 0.002343 37.1581955
v 27.98099709 0.85530698 38.78829575
v 41.06959915 9.68754959 -21.0230999
v 45.48490524 5.81673098 -21.3423996
v 43.65459824 6.60527086 -22.58740234
v 45.90650177 0.002398 -9.67844009
v 46.44020081 3.93725109 -18.2405014
v 46.6004982 1.103091 -14.27840137
v 26.35400009 8.45250988 -1.43548906
v 26.73870087 11.29220009 -1.54295003
v 27.14350128 0.002344 19.88450241
v 25.89459991 4.10188103 3.39966106
v 26.39080238 1.103091 8.53652191
v 28.19859695 0.002343 38.76339722
v 37.50569916 11.9222002 -19.16360092
v 45.41460037 3.70807099 -21.76620293
v 40.29370117 7.3784709 -23.67639923
v 42.96350098 4.0020709 -23.93470001
v 44.92879868 0.002398 -14.22260094
v 26.42810059 10.88609982 -7.48277903
v 28.69079971 0.002344 8.28543186
v 26.55660057 1.103091 2.934021
v 36.6733017 10.05869961 -21.47080231
v 44.8586998 1.10309005 -21.64699936
v 39.67739868 4.38167095 -25.11670113
v 42.09730148 1.10772097 -23.56240082
v 45.82799911 1.10309005 -17.95730209
v 25.92630005 7.82352114 -7.20225
v 25.97240067 7.30338097 -12.64669991
v 27.59090042 11.31029987 -14.45999908
v 25.90410233 4.46727085 -1.51266003
v 28.68110085 0.002343 2.81003094
v 36.23429489 7.71916103 -23.86860085
v 43.35639954 0.002398 -20.68889999
v 38.9620018 1.10308099 -24.61370468
v 41.4510994 0.002398 -22.63349915
v 44.50009918 0.002398 -17.9538002
v 26.19960022 6.69819117 -16.74110031
v 28.24410057 9.10732079 -18.50910187
v 32.45980072 11.92010021 -18.22979927
v 25.78940201 4.29233122 -7.19729996
v 25.75430107 4.19038105 -12.082201
v 26.85309982 1.103091 -1.67117906
v 35.93229675 4.57110977 -25.31700134
v 38.75350189 0.002342 -23.41260147
v 26.42950058 5.92458105 -19.51800156
v 25.88249969 3.90060091 -16.10350037
v 32.12990189 9.76644135 -20.50970078
v 36.6733017 10.05869961 -21.47080231
v 37.50569916 11.9222002 -19.16360092
v 28.77429962 0.002342 -1.88090897
v 26.79730034 1.103091 -7.53645992
v 35.88249969 1.10309005 -24.90080261
v 36.11619949 0.002342 -23.68740082
v 26.34499931 3.73553109 -19.83909988
v 28.36680222 6.97677088 -21.34100151
v 31.95779991 7.49845982 -22.9442997
v 36.23429489 7.71916103 -23.86860085
v 26.91790009 1.11949098 -12.06980133
v 27.02129936 1.109061 -15.56800079
v 28.79999924 0.002398 -8.00800991
v 28.65730095 4.06485081 -22.47840118
v 27.25429916 1.10309005 -19.62110138
v 32.08000183 4.38581991 -24.41370201
v 35.93229675 4.57110977 -25.31700134
v 28.91559982 0.002398 -12.39860058
v 30.01169968 1.10309005 -22.47520065
v 28.72870064 0.002344 -16.12649918
v 28.9211998 0.002398 -19.29050064
v 32.90589905 1.10309005 -23.98810196
v 35.88249969 1.10309005 -24.90080261
v 30.79199982 0.002398 -21.42180252
v 33.47930145 0.002342 -22.80780029
v 36.11619949 0.002342 -23.68740082
v 50.56380081 0.002396 37.33200073
v 51.94079971 0.002342 40.97290039
v 50.31819916 1.293221 37.75479889
v 51.63819885 1.13156104 40.95349884
v 54.32139969 0.62813902 45.70029831
v 54.64770126 0.30295601 45.79230118
v 51.97510147 2.74670005 40.94440079
v 50.44419861 3.58356905 37.27769852
v 55.31259918 0.51844001 46.41139984
v 54.44580078 1.07714105 45.68199921
v 52.91690063 4.22515917 40.80550003
v 51.85860062 5.93732977 36.54600143
v 54.71099854 1.59746897 45.62469864
v 55.36610031 2.12708998 45.48929977
v 56.17229843 1.60921896 45.4382019
v 56.39440155 0.94142199 45.46039963
v 56.43190002 0.520275 45.4762001
v 56.02619934 0.303673 45.66109848
v 55.25120163 5.27711916 40.46590042
v 55.02460098 7.24707985 35.19120026
v 58.3227005 2.14446998 40.12149811
v 57.35620117 4.00167084 40.1955986
v 58.03820038 0.002342 40.24840164
v 58.02370071 5.74013996 34.75379944
v 58.55369949 0.81129497 40.10770035
v 59.54520035 2.79788995 34.61470032
v 59.18270111 0.002342 34.83580017
v 59.707901 0.83399999 34.62269974
v 59.18270111 0.002342 34.83580017
v 58.03820038 0.002342 40.24840164
v 54.51390076 0.002343 35.54570007
v 54.9382019 0.002342 40.64640045
v 56.02619934 0.303673 45.66109848
v 50.56380081 0.002396 37.33200073
v 55.36169815 0.28670499 45.72180176
v 55.31259918 0.51844001 46.41139984
v 51.94079971 0.002342 40.97290039
v 54.64770126 0.30295601 45.79230118
v 28.19859695 0.002343 38.76339722
v 33.84319687 0.002343 38.07519531
v 31.07959557 0.002396 43.40389633
v 34.55179596 0.002342 43.06689453
v 38.31149673 0.002342 38.79729462
v 34.64749527 0.305107 48.21419525
v 37.54319763 0.002342 42.6934967
v 35.49859619 0.28835699 48.09709549
v 35.72419739 0.51865399 48.75319672
v 36.31059647 0.30474499 47.98409653
v 38.31149673 0.002342 38.79729462
v 38.47099686 1.29328203 39.17159653
v 37.54319763 0.002342 42.6934967
v 37.78029633 1.12707901 42.66479492
v 37.5161972 2.56691003 42.72559738
v 38.19379807 3.58356905 38.74269485
v 36.61449432 0.62734997 47.8143959
v 36.31059647 0.30474499 47.98409653
v 36.71239471 4.22515917 42.74839783
v 36.6241951 5.93732786 38.06489563
v 36.47469711 1.07915902 47.82819748
v 35.72419739 0.51865399 48.75319672
v 34.19799805 5.31919909 42.95069504
v 33.08149719 7.24707985 37.68359756
v 36.17369461 1.59019899 47.84579468
v 29.63229752 5.5424099 38.17160034
v 35.48839569 2.13165998 47.84099579
v 31.71419525 3.80870104 43.16199493
v 28.18419647 2.79788995 38.67419434
v 34.51779556 1.61014199 48.02339554
v 34.25949478 0.94084901 48.10059738
v 34.21999741 0.52308702 48.12589645
v 34.64749527 0.305107 48.21419525
v 30.71469688 2.1716311 43.29869461
v 27.98099709 0.85530698 38.78829575
v 31.07959557 0.002396 43.40389633
v 30.55519676 0.81470501 43.33049774
v 28.19859695 0.002343 38.76339722
v 49.1180954 0.002396 37.45620346
v 49.55309677 1.24700904 37.75730515
v 48.64789581 0.030849 42.6333046
v 49.00879669 0.96242499 42.6095047
v 48.86779785 2.93959808 42.64560699
v 49.45989609 3.99991989 37.56580353
v 47.00509644 0.454685 48.85310364
v 46.73099518 0.188591 48.90390396
v 47.56139755 4.58946991 42.80690384
v 47.88729477 6.66582108 37.14890289
v 46.94879532 1.13027203 48.84970093
v 45.83899689 0.47639501 50.19720459
v 44.98679733 5.73823214 43.14280319
v 44.18209457 8.48384953 36.85600281
v 46.61639786 1.647331 48.87830353
v 40.43479538 6.66577005 38.04020309
v 45.68479538 2.1830411 48.97070312
v 42.40399551 4.58955002 43.42370224
v 39.18279648 3.99996901 38.79480362
v 44.75759506 1.647331 49.10070419
v 44.42779541 1.13021898 49.15120316
v 44.53799438 0.48894101 49.0232048
v 44.79319763 0.209187 49.0796051
v 41.09659576 2.93961 43.57500458
v 39.14389801 1.24700904 39.00210571
v 41.41799545 0.032291 43.4940033
v 40.96239471 0.96477503 43.56300354
v 39.53099442 0.002342 38.68610382
v 39.53099442 0.002342 38.68610382
v 44.27279663 0.002343 37.17990494
v 41.41799545 0.032291 43.4940033
v 44.97709656 0.029568 43.06800461
v 49.1180954 0.002396 37.45620346
v 44.79319763 0.209187 49.0796051
v 48.64789581 0.030849 42.6333046
v 45.687397 0.169388 48.9926033
v 45.83899689 0.47639501 50.19720459
v 46.73099518 0.188591 48.90390396
v -50.56380081 0.002396 37.33199692
v -49.56539917 0.002343 34.58810043
v -49.88430023 0.002397 37.56069946
v -54.51390076 0.002343 35.54569626
v -48.68099976 0.002343 34.69390106
v -49.11809921 0.002396 37.45620346
v -54.48799896 0.002343 33.99949646
v -59.18270111 0.002342 34.83579636
v -47.79660034 0.002343 34.79970169
v -47.92750168 0.002343 32.34130096
v -46.79959869 0.002343 32.76160431
v -59.55840302 0.002397 33.39309692
v -44.27280045 0.002343 37.17990494
v -51.55960083 0.002343 29.32170105
v -45.93659973 0.002343 33.39660263
v -43.37350082 0.002343 30.20830154
v -43.54059982 0.002343 31.46840096
v -59.2879982 0.002342 29.31539917
v -44.04190063 0.002343 35.248703
v -40.2385025 0.002343 35.70350266
v -39.53099823 0.002342 38.68610382
v -42.73160172 0.002343 25.9831028
v -43.70769501 0.002343 32.72850037
v -40.1908989 0.002343 33.46110535
v -41.3022995 0.002343 33.85480118
v -58.13719559 0.002342 24.14070129
v -39.32979965 0.002343 35.81220245
v -38.80879974 0.002342 38.8853035
v -35.25579834 0.002343 31.08749962
v -39.17520142 0.002343 33.3594017
v -55.37749481 0.002396 16.58980179
v -38.42100143 0.002343 35.92090225
v -38.31150055 0.002342 38.79729843
v -41.83329773 0.002342 18.20950317
v -50.36779785 0.002341 5.75875092
v -33.84320068 0.002343 38.07519913
v -26.10739899 0.002396 27.87860298
v -33.46239853 0.002343 36.4980011
v -26.15379906 0.002343 33.18579865
v -39.75579453 0.002342 7.02784204
v -48.65929794 0.002341 0.45594999
v -27.14349556 0.002342 19.88450241
v -27.41399956 0.002343 37.15819931
v -28.19860077 0.002343 38.76340103
v -38.92119598 0.002342 1.64780104
v -47.12599564 0.004023 -4.0107789
v -28.6907959 0.002342 8.28543186
v -38.1812973 0.00234 -2.94109011
v -45.90649796 0.002396 -9.67844009
v -28.68109703 0.002341 2.81003094
v -37.67069626 0.002341 -8.83763981
v -44.92879486 0.002396 -14.22260094
v -28.77429581 0.002339 -1.88090897
v -37.23229599 0.002341 -13.31320095
v -36.85979462 0.002342 -16.99850082
v -44.50009537 0.002396 -17.9538002
v -28.79999542 0.002396 -8.00800991
v -28.72869682 0.002342 -16.12649918
v -28.91559601 0.002396 -12.39860058
v -43.35639572 0.002396 -20.68889999
v -28.92119598 0.002396 -19.29050064
v -41.45109558 0.002396 -22.63349915
v -30.791996 0.002396 -21.42180252
v -38.75349808 0.00234 -23.41260147
v -33.47929764 0.00234 -22.80780029
v -36.11619568 0.00234 -23.68740082
v 1E-06 18.34670258 -12.32059956
v 1E-06 18.01930046 -24.57319832
v 9.24657059 19.50119972 -11.99049854
v 10.29049969 19.70269966 -24.21449852
v 17.07760048 22.60980034 -10.61529922
v 10.7779007 19.99480247 -38.42999649
v 0 18.13640213 -38.50319672
v 0 18.91370201 -52.3647995
v 19.74729919 25.00150108 -21.98889923
v 19.9346981 25.2813015 -37.51309586
v 11.22749996 21.04460144 -52.44110107
v 0 20.18290138 -67.70110321
v 23.77370071 28.51739883 -14.85439873
v 21.04839897 25.28919792 -7.94344902
v 27.05060005 33.76789856 -27.72820091
v 29.27280045 36.35209656 -21.87779808
v 20.8470993 27.63430405 -51.32780075
v 26.00040054 32.29470444 -38.23950195
v 30.94400215 44.90309906 -34.01060104
v 27.45980072 38.8288002 -48.5481987
v 33.52949905 46.95740128 -24.88559723
v 11.15550041 22.3506012 -67.76200104
v 0 22.16200256 -85.35059357
v 20.44799995 29.02990341 -67.76849365
v 25.94829941 39.19469833 -67.60639954
v 26.98949814 54.06409836 -52.13249969
v 30.00190163 60.6012001 -33.77249908
v 35.78440094 58.31089783 -24.94739914
v 21.32729912 69.74880981 -42.72100449
v 10.48980045 24.19519997 -85.33010101
v 19.01440048 29.94710159 -85.32949066
v 9.6676302 26.30920029 -101.45599365
v 0 24.46350098 -101.45799255
v 0 27.06389999 -118.58399963
v 24.36599922 38.97570419 -85.33759308
v 18.00219917 31.56750107 -101.45500183
v 9.00870037 28.77440071 -118.58399963
v 0 29.95610237 -135.98197937
v 20.48620033 63.9559021 -55.77740479
v 11.09210014 74.92619324 -47.40729904
v 25.82929993 51.47620392 -68.25930023
v 24.56010056 49.31100082 -85.33300018
v 22.9239006 39.36050415 -101.45599365
v 23.22240067 48.17060089 -101.45700073
v 16.94309998 33.56520081 -118.58399963
v 21.34560204 40.48749924 -118.58399963
v 15.06550026 35.68030167 -135.98197937
v 8.01877975 31.46220016 -135.98197937
v 0 33.37580109 -153.3809967
v 6.97364998 34.65420151 -153.3809967
v 0 37.21299744 -170.77999878
v 10.7276001 69.47530365 -58.53450394
v 0 76.60860443 -49.07500076
v 0 71.30979919 -59.54840088
v 20.00159836 61.04779816 -68.95120239
v 10.48289967 66.59140015 -69.43659973
v 0 68.50360107 -69.61249542
v 0 65.17259216 -85.32318878
v 10.1086998 63.33779907 -85.31799316
v 0 63.01660156 -101.45799255
v 19.12129974 57.91770554 -85.33148956
v 9.69843006 61.10860062 -101.45799255
v 18.26100159 55.76060486 -101.45799255
v 21.34429932 48.17009735 -118.58399963
v 16.93950081 55.09150314 -118.58399963
v 9.00358963 59.88079834 -118.58399963
v 0 61.58940125 -118.58399963
v 18.97550011 41.77500153 -135.98197937
v 18.97439957 48.53910065 -135.98197937
v 15.06239986 54.63309479 -135.98197937
v 8.01424026 58.84980011 -135.98197937
v 0 60.35419846 -135.98197937
v 13.08270073 38.23500061 -153.3809967
v 16.47240067 43.40879822 -153.3809967
v 10.59889984 41.12879944 -170.77999878
v 16.47139931 49.15090179 -153.3809967
v 13.33810043 45.2981987 -170.77999878
v 13.07999897 54.3239975 -153.3809967
v 13.71510029 49.92559814 -170.77999878
v 6.96969986 57.9036026 -153.3809967
v 10.59669971 54.0943985 -170.77999878
v 0 59.18069839 -153.3809967
v 5.65910006 56.97909927 -170.77999878
v 0 58.0082016 -170.77999878
v 7.92381001 44.43209839 -188.17799377
v 9.96268082 47.52389908 -188.17799377
v 10.23250008 50.95530319 -188.17799377
v 7.92218018 54.04670334 -188.17799377
v 4.24696112 56.18579865 -188.17799377
v 0 56.94889832 -188.17799377
v 5.6622901 38.24330139 -170.77999878
v 0 41.52830505 -188.17799377
v 4.24934006 42.29230118 -188.17799377
v 0 46.30590057 -205.57699585
v 2.81046009 46.78300095 -205.57699585
v 5.19962978 48.11930084 -205.57699585
v 6.52531004 50.05009842 -205.57699585
v 2.29977012 51.79368591 -222.09199524
v 1.33331001 51.39720154 -222.09199524
v 0 51.24650574 -222.09197998
v 6.52493 52.19309998 -205.57699585
v 2.6817801 52.55979919 -222.09199524
v 1.92093003 52.08988953 -223.04100037
v 1.12559998 51.86891174 -223.24000549
v 2.11439991 52.72160339 -223.20899963
v 2.68161011 53.53739929 -222.09199524
v 5.19856024 54.12369919 -205.57699585
v 2.80890989 55.45949936 -205.57699585
v 2.29939008 54.29460144 -222.09199524
v 0 55.93610001 -205.57699585
v 1.33282006 54.69850159 -222.09199524
v 0 54.84510803 -222.09197998
v 1.92063999 54.14311218 -223.04100037
v 1.12529004 54.40098572 -223.24000549
v 2.11425996 53.54490662 -223.20898438
v 1.07679999 52.77600098 -223.98300171
v 1.07676995 53.57351685 -223.98300171
v 0 54.48948669 -223.34700012
v 0 53.60411072 -224.25300598
v 0 52.77790833 -224.25299072
v 0 51.79249573 -223.34700012
v 1E-06 18.34670258 -12.32059956
v -9.24656868 19.50119972 -11.99049854
v 1E-06 18.01930046 -24.57319832
v -17.07760048 22.60980034 -10.61530018
v -10.29049873 19.70269966 -24.21449852
v -10.77789974 19.99480247 -38.42999649
v 0 18.13640213 -38.50319672
v 0 18.91370201 -52.3647995
v -19.74729919 25.00150108 -21.98889923
v -19.9346981 25.2813015 -37.51309586
v -11.22749901 21.04460144 -52.44110107
v 0 20.18290138 -67.70110321
v -23.77370262 28.51739883 -14.85439873
v -21.04840088 25.28919792 -7.94344902
v -27.05060005 33.76789856 -27.72820091
v -29.27280235 36.35209656 -21.87779999
v -20.8470993 27.63430405 -51.32780075
v -26.00040054 32.29470444 -38.23950195
v -30.94400215 44.90309906 -34.01060104
v -27.45980072 38.8288002 -48.5481987
v -33.52949905 46.95740128 -24.88559723
v -11.15550041 22.3506012 -67.76200104
v 0 22.16200256 -85.35059357
v -20.44799995 29.02990341 -67.76849365
v -25.94829941 39.19469833 -67.60639954
v -26.98949814 54.06409836 -52.13249969
v -30.00190163 60.6012001 -33.77249908
v -35.78440094 58.31089783 -24.94739723
v -21.32729912 69.74880981 -42.72100449
v -10.48980045 24.19519997 -85.33010101
v -19.01440048 29.94710159 -85.32949066
v -9.6676302 26.30920029 -101.45599365
v 0 24.46350098 -101.45799255
v 0 27.06389999 -118.58399963
v -24.36599922 38.97570419 -85.33759308
v -18.00219917 31.56750107 -101.45500183
v -9.00870037 28.77440071 -118.58399963
v 0 29.95610237 -135.98197937
v -20.48620033 63.9559021 -55.77740479
v -11.09210014 74.92619324 -47.40729904
v -25.82929993 51.47620392 -68.25930023
v -24.56010056 49.31100082 -85.33300018
v -22.9239006 39.36050415 -101.45599365
v -23.22240067 48.17060089 -101.45700073
v -16.94309998 33.56520081 -118.58399963
v -21.34560204 40.48749924 -118.58399963
v -15.06550026 35.68030167 -135.98197937
v -8.01877975 31.46220016 -135.98197937
v 0 33.37580109 -153.3809967
v -6.97364998 34.65420151 -153.3809967
v 0 37.21299744 -170.77999878
v -10.7276001 69.47530365 -58.53450394
v 0 76.60860443 -49.07500076
v 0 71.30979919 -59.54840088
v -20.00159836 61.04779816 -68.95120239
v -10.48289871 66.59140015 -69.43659973
v 0 68.50360107 -69.61249542
v 0 65.17259216 -85.32318878
v -10.1086998 63.33779907 -85.31799316
v 0 63.01660156 -101.45799255
v -19.12129974 57.91770554 -85.33148956
v -9.69843006 61.10860062 -101.45799255
v -18.26100159 55.76060486 -101.45799255
v -21.34429932 48.17009735 -118.58399963
v -16.93950081 55.09150314 -118.58399963
v -9.00358963 59.88079834 -118.58399963
v 0 61.58940125 -118.58399963
v -18.97550011 41.77500153 -135.98197937
v -18.97439957 48.53910065 -135.98197937
v -15.06239986 54.63309479 -135.98197937
v -8.01424026 58.84980011 -135.98197937
v 0 60.35419846 -135.98197937
v -13.08270073 38.23500061 -153.3809967
v -16.47240067 43.40879822 -153.3809967
v -10.59889984 41.12879944 -170.77999878
v -16.47139931 49.15090179 -153.3809967
v -13.33810043 45.2981987 -170.77999878
v -13.07999897 54.3239975 -153.3809967
v -13.71510029 49.92559814 -170.77999878
v -6.96969986 57.9036026 -153.3809967
v -10.59669971 54.0943985 -170.77999878
v 0 59.18069839 -153.3809967
v -5.65910006 56.97909927 -170.77999878
v 0 58.0082016 -170.77999878
v -7.92381001 44.43209839 -188.17799377
v -9.96268082 47.52389908 -188.17799377
v -10.23250008 50.95530319 -188.17799377
v -7.92218018 54.04670334 -188.17799377
v -4.24696112 56.18579865 -188.17799377
v 0 56.94889832 -188.17799377
v -5.6622901 38.24330139 -170.77999878
v 0 41.52830505 -188.17799377
v -4.24934006 42.29230118 -188.17799377
v 0 46.30590057 -205.57699585
v -2.81046009 46.78300095 -205.57699585
v -5.19962978 48.11930084 -205.57699585
v -6.52531004 50.05009842 -205.57699585
v -2.29977012 51.79368591 -222.09199524
v -1.33331001 51.39720154 -222.09199524
v 0 51.24650574 -222.09197998
v -6.52493 52.19309998 -205.57699585
v -2.6817801 52.55979919 -222.09199524
v -1.92093003 52.08988953 -223.04100037
v -1.12559998 51.86891174 -223.24000549
v -2.11439991 52.72160339 -223.20899963
v -2.68161011 53.53739929 -222.09199524
v -5.19856024 54.12369919 -205.57699585
v -2.80890989 55.45949936 -205.57699585
v -2.29939008 54.29460144 -222.09199524
v 0 55.93610001 -205.57699585
v -1.33282006 54.69850159 -222.09199524
v 0 54.84510803 -222.09197998
v -1.92063999 54.14311218 -223.04100037
v -1.12529004 54.40098572 -223.24000549
v -2.11425996 53.54490662 -223.20898438
v -1.07679999 52.77600098 -223.98300171
v -1.07676995 53.57351685 -223.98300171
v 0 54.48948669 -223.34700012
v 0 53.60411072 -224.25300598
v 0 52.77790833 -224.25299072
v 0 51.79249573 -223.34700012
v 0 76.60860443 -49.07500076
v 0 83.90720367 -41.05120087
v 11.09210014 74.92619324 -47.40729904
v 11.54650021 82.32929993 -38.69340134
v 0 92.07689667 -37.14799881
v 21.32729912 69.74880981 -42.72100449
v 11.87170124 91.26900482 -34.50740051
v 22.88740158 78.56929779 -33.70629883
v 30.00190163 60.6012001 -33.77249908
v 23.33989716 89.13480377 -28.5877018
v 32.82649994 73.75579834 -26.43870163
v 35.78440094 58.31089783 -24.94739914
v 39.02529907 71.04811096 -21.48819923
v 35.74470139 86.14160156 -18.8166008
v 42.09199905 79.29160309 -13.89089966
v 11.58430004 100.86101532 -31.89920425
v 0 101.28300476 -34.82479858
v 22.76029968 100.27301025 -26.18110275
v 33.35179901 99.87360382 -16.91930008
v 42.33069992 88.94300079 -3.48468995
v 43.87760162 82.14990234 -3.4688201
v 38.99919891 99.51720428 -3.57867098
v 35.98149872 108.97899628 -3.20609999
v 30.93359756 111.43000031 -15.14859962
v 21.35630035 110.76499939 -24.61420059
v 10.96159935 110.23001099 -30.54780006
v 0 110.1269989 -33.10499954
v 26.30200195 120.5980072 -18.34539986
v 18.45269966 120.94001007 -24.52539825
v 9.58537102 118.70600891 -29.68390083
v 0 118.09100342 -31.55190277
v 32.92409897 115.93301392 -8.35459137
v 34.52090073 113.79299164 -0.84350097
v 30.03700066 121.10400391 -12.73119926
v 28.01420021 127.22200012 -14.41059875
v 19.73940086 129.03997803 -22.1201973
v 24.84630203 128.43699646 -18.11260033
v 26.06950188 135.65100098 -12.57600021
v 13.84860039 125.03300476 -25.03689766
v 7.64893007 124.95700073 -28.7553978
v 15.21410084 129.88598633 -23.9762001
v 15.25830078 136.25799561 -22.30629921
v 19.45479965 136.36798096 -19.78599739
v 15.25269985 141.78997803 -20.87960052
v 23.63360214 136.36000061 -15.62410069
v 18.30150223 143.28500366 -17.45639801
v 22.60569954 144.13299561 -10.41380024
v 24.97719955 141.83000183 -7.57644987
v 15.88570023 145.86999512 -20.03649902
v 16.08069992 150.32800293 -17.08479881
v 12.91230011 148.43200684 -21.17849731
v 12.0340004 131.01599121 -25.85209846
v 0 124.53299713 -29.98099899
v 6.54513979 130.96398926 -28.05859756
v 0 130.70599365 -28.79680061
v 0 136.68200684 -27.51889801
v 11.51879978 137.06500244 -25.47789764
v 6.10419989 136.97000122 -27.09519958
v 0 142.51199341 -26.09179878
v 6.08318996 142.88000488 -25.69309998
v 0 148.10998535 -24.63659859
v 11.33780003 143.10598755 -23.72639465
v 6.61737013 148.55499268 -24.07909775
v 11.44659996 147.20397949 -22.75799561
v 10.48579979 151.82299805 -21.47919846
v 4.88614988 152.9369812 -22.77860069
v 0 152.94998169 -23.10370064
v 0 157.93899536 -21.44210052
v 7.83655977 156.87197876 -20.50569916
v 14.72859955 157.11999512 -15.26710129
v 7.53517008 163.33297729 -18.25880051
v 0 163.49798584 -19.60109901
v 0 168.96798706 -18.21439743
v 20.42790222 151.3710022 -9.30107975
v 7.26635981 169.07199097 -16.76040077
v 0 174.92797852 -17.01519966
v 14.07059956 163.18400574 -13.83910084
v 19.1583004 157.35299683 -7.92807007
v 23.60429955 146.48699951 -0.18776301
v 24.99959946 144.19500732 -0.72192597
v 21.7399025 151.8730011 0.011655
v 20.3397007 157.2519989 0.64330798
v 18.38439941 163.06500244 -6.97954988
v 19.48200035 162.79100037 1.19160998
v 19.85149956 168.0619812 0.79497802
v 13.56280136 168.5920105 -12.66840172
v 17.94519997 168.48199463 -6.47825098
v 13.06710052 174.44799805 -11.78919983
v 6.99945021 174.89300537 -15.64999962
v 0 181.18600464 -15.8723011
v 20.09810066 173.42300415 0.31059
v 17.58289909 174.04898071 -6.18323994
v 20.31719971 179.41801453 0.450515
v 17.4022007 180.09399414 -5.72977114
v 12.8842001 180.67999268 -11.03859901
v 6.79899979 181.1269989 -14.75279999
v 12.79279995 186.91999817 -10.21749973
v 17.41340065 186.38400269 -5.10748005
v 20.58130074 185.73500061 1.06253004
v 0 187.45599365 -14.81410027
v 6.74747992 187.37199402 -13.78429985
v 0 76.60860443 -49.07500076
v -11.09210014 74.92619324 -47.40729904
v 0 83.90720367 -41.05120087
v -11.54650021 82.32929993 -38.69340134
v -21.32729912 69.74880981 -42.72100449
v 0 92.07689667 -37.14799881
v -22.88740158 78.56929779 -33.70629883
v -30.00190163 60.6012001 -33.77249908
v -11.87170124 91.26900482 -34.50740051
v -32.82649994 73.75579834 -26.43870163
v -35.78440094 58.31089783 -24.94739723
v -39.02530289 71.04811096 -21.48819733
v -23.33989716 89.13480377 -28.5877018
v -35.74470139 86.14160156 -18.8166008
v -42.09200287 79.29160309 -13.89089966
v -11.58430004 100.86101532 -31.89920425
v 0 101.28300476 -34.82479858
v -22.76029968 100.27301025 -26.18110275
v -33.35179901 99.87360382 -16.91930008
v -42.33069992 88.94300079 -3.48468995
v -43.87760162 82.14990234 -3.4688201
v -38.99919891 99.51720428 -3.57867098
v -35.98149872 108.97899628 -3.20609999
v -30.93359756 111.43000031 -15.14859962
v -21.35630035 110.76499939 -24.61420059
v -10.96159935 110.23001099 -30.54780006
v 0 110.1269989 -33.10499954
v -26.30200195 120.5980072 -18.34539986
v -18.45269966 120.94001007 -24.52539825
v -9.58537102 118.70600891 -29.68390083
v 0 118.09100342 -31.55190277
v -32.92409897 115.93301392 -8.35459137
v -30.03700066 121.10400391 -12.73119926
v -28.01420021 127.22200012 -14.41059875
v -34.52090073 113.79299164 -0.84350097
v -19.73940086 129.03997803 -22.1201973
v -24.84630203 128.43699646 -18.11260033
v -26.06950188 135.65100098 -12.57600021
v -13.84860039 125.03300476 -25.03689766
v -7.64893007 124.95700073 -28.7553978
v -15.21410084 129.88598633 -23.9762001
v -15.25830078 136.25799561 -22.30629921
v -19.45479965 136.36798096 -19.78599739
v -15.25269985 141.78997803 -20.87960052
v -23.63360214 136.36000061 -15.62410069
v -18.30150223 143.28500366 -17.45639801
v -22.60569954 144.13299561 -10.41380024
v -24.97719955 141.83000183 -7.57644987
v -15.88570023 145.86999512 -20.03649902
v -16.08069992 150.32800293 -17.08479881
v -12.91230011 148.43200684 -21.17849731
v -12.0340004 131.01599121 -25.85209846
v 0 124.53299713 -29.98099899
v -6.54513979 130.96398926 -28.05859756
v 0 130.70599365 -28.79680061
v 0 136.68200684 -27.51889801
v -11.51879978 137.06500244 -25.47789764
v -6.10419989 136.97000122 -27.09519958
v 0 142.51199341 -26.09179878
v -6.08318996 142.88000488 -25.69309998
v 0 148.10998535 -24.63659859
v -11.33780003 143.10598755 -23.72639465
v -6.61737013 148.55499268 -24.07909775
v -11.44659996 147.20397949 -22.75799561
v -10.48579979 151.82299805 -21.47919846
v -4.88614988 152.9369812 -22.77860069
v 0 152.94998169 -23.10370064
v 0 157.93899536 -21.44210052
v -7.83655977 156.87197876 -20.50569916
v -14.72859955 157.11999512 -15.26710129
v -7.53517008 163.33297729 -18.25880051
v 0 163.49798584 -19.60109901
v 0 168.96798706 -18.21439743
v -20.42790031 151.3710022 -9.3010807
v -14.07059956 163.18400574 -13.83910084
v -7.26635981 169.07199097 -16.76040077
v -19.1583004 157.35299683 -7.92807007
v 0 174.92797852 -17.01519966
v -23.60429764 146.48699951 -0.18776301
v -21.73989868 151.87298584 0.011655
v -20.3397007 157.2519989 0.64330798
v -18.38439941 163.06500244 -6.97954988
v -19.48200035 162.79100037 1.19160998
v -19.85149956 168.0619812 0.79497802
v -13.56280136 168.5920105 -12.66840172
v -17.94519997 168.48199463 -6.47825098
v -13.06710052 174.44799805 -11.78919983
v -6.99945021 174.89300537 -15.64999962
v 0 181.18600464 -15.8723011
v -20.09810066 173.42300415 0.31059
v -17.58289909 174.04898071 -6.18323994
v -20.31719971 179.41801453 0.450515
v -17.4022007 180.09399414 -5.72977114
v -12.8842001 180.67999268 -11.03859901
v -6.79899979 181.1269989 -14.75279999
v -12.79279995 186.91999817 -10.21749973
v -17.41340065 186.38400269 -5.10748005
v -20.58130074 185.73500061 1.06253004
v 0 187.45599365 -14.81410027
v -6.74747992 187.37199402 -13.78429985
v -24.99959755 144.19500732 -0.72192597
v 43.87760162 82.14990234 -3.4688201
v 42.33069992 88.94300079 -3.48468995
v 43.44319534 79.52940369 8.3719902
v 41.13260269 85.70050049 13.28110027
v 42.12609863 70.0727005 18.13640022
v 40.11500549 73.04930115 23.4946022
v 39.61920166 57.82289886 24.08340073
v 34.68629837 88.09000397 27.61600113
v 38.00239944 59.45490265 28.61390114
v 34.1617012 74.32319641 33.05820084
v 37.94609833 99.51990509 10.32019997
v 38.99919891 99.51720428 -3.57867098
v 32.4858017 101.64000702 22.74889755
v 34.98139954 110.03701019 8.06672859
v 35.98149872 108.97899628 -3.20609999
v 34.52090073 113.79299164 -0.84350097
v 33.37789917 115.51300812 6.85495996
v 29.03730011 114.89000702 17.79870033
v 30.3491993 120.94100189 10.79139996
v 34.94979858 49.41899872 27.9654026
v 36.86399841 49.38140106 24.52440453
v 32.28409576 60.59880447 35.15909958
v 24.31990051 102.90201569 33.78970337
v 25.19140244 89.1503067 37.92070389
v 24.86950111 74.78141022 41.14240646
v 22.37870026 115.53900909 29.13850021
v 24.70510101 126.03400421 18.35029793
v 27.85359955 127.12001038 12.87870026
v 30.31200027 39.53900146 23.48889923
v 32.1072998 39.54599762 20.5442009
v 29.91690254 48.64369965 32.91550064
v 23.80690002 60.65980148 40.9233017
v 13.28909969 89.62930298 44.89889908
v 12.99380112 74.82839966 46.36980057
v 12.91100121 103.49401855 40.95170212
v 12.31330013 116.03100586 36.34149933
v 24.81739998 31.22069931 16.13150215
v 27.26690102 32.09909821 14.33990097
v 23.24419975 27.60239983 6.35386992
v 26.00979996 38.74140167 26.47460175
v 22.29750061 47.7057991 36.55470276
v 12.51799965 60.47259903 44.88809967
v 0 103.60900879 43.3382988
v 0 89.57780457 46.6516037
v 0 74.87091064 48.17310333
v 0 116.06001282 38.81100464
v 19.50979996 126.61199951 25.7493
v 10.65639973 126.70301056 31.79739952
v 0 126.49299622 33.60509491
v 19.45540047 26.07320023 7.57815123
v 20.8477993 24.98940086 -0.62914097
v 20.54290199 29.95079994 17.62620163
v 19.56740189 37.4557991 28.99200439
v 11.8519001 46.77560425 39.1996994
v -13.28909969 89.62930298 44.89889908
v -12.91100121 103.49401855 40.95170212
v -12.31330013 116.03100586 36.34149933
v -12.99380112 74.82839966 46.36980057
v 16.96920013 135.31698608 21.95859718
v 9.2553997 135.45898438 27.08839798
v 0 135.24499512 28.78519821
v -10.65639973 126.70301056 31.79739952
v 16.80629921 23.1473999 -1.07083905
v 21.04839897 25.28919792 -7.94344902
v 17.07760048 22.60980034 -10.61529922
v 14.96260071 24.65060043 8.60036087
v 11.06490135 21.29719925 -0.99431503
v 9.24657059 19.50119972 -11.99049854
v 15.29370022 28.77470016 19.24130249
v 9.33623981 23.41209793 9.60414124
v 11.02820015 35.93370056 30.59340286
v 8.58159065 27.84370232 20.49610329
v -25.19140244 89.1503067 37.92070389
v -24.86950111 74.78141022 41.14240646
v -24.31990242 102.90201569 33.78970337
v -22.37870026 115.53900909 29.13850021
v 8.27182007 142.8079834 23.12579727
v 0 142.28598022 24.78420067
v -9.2553997 135.45898438 27.08839798
v -19.50979996 126.61199951 25.7493
v 4.44879198 19.30809975 -6.24305916
v 1E-06 18.34670258 -12.32059956
v 5.9064312 20.22470093 -0.91410798
v 0 46.56980515 40.31010056
v 0 35.25960159 31.30950165
v -34.1617012 74.32319641 33.05820084
v -34.68629837 88.09000397 27.61600113
v -32.4858017 101.64000702 22.74889755
v 0 148.05999756 21.41309929
v -8.27182007 142.8079834 23.12579727
v -16.96920013 135.31698608 21.95859718
v -24.70510101 126.03400421 18.35029793
v -29.03730011 114.89000702 17.79870033
v 4.69512987 22.79840088 9.93298244
v 0 27.33250046 21.13930321
v 3.1598711 21.13979912 4.98337078
v 1E-06 22.58070183 10.12830257
v 1E-06 19.73019981 -0.91042203
v 1E-06 20.93140221 4.66580105
v -3.15986991 21.13979912 4.98337078
v -4.69512892 22.79840088 9.93298054
v -8.58158875 27.84370041 20.49610329
v -9.33623886 23.41209793 9.60414124
v -5.90642881 20.22470093 -0.91410798
v -40.11500549 73.04930115 23.4946022
v -41.13260269 85.70050049 13.28110123
v -7.23272991 148.82000732 20.06439972
v -15.65440083 143.25997925 18.2424984
v -22.44140053 135.21398926 15.53549862
v -11.02820015 35.93370056 30.59340286
v -15.29369926 28.77470016 19.24130249
v 1E-06 18.8642025 -6.59622002
v -4.44879007 19.30809975 -6.24305916
v -9.24656868 19.50119972 -11.99049854
v -11.06489944 21.29719925 -0.99431503
v -17.07760048 22.60980034 -10.61530018
v -14.9625988 24.65060043 8.60036087
v -16.80629921 23.1473999 -1.07083905
v -21.04840088 25.28919792 -7.94344902
v -20.8477993 24.98940086 -0.62914097
v -19.45540047 26.07320023 7.57815123
v -23.24419975 27.60239983 6.35386992
v -20.54290199 29.95079994 17.62620163
v -24.81740189 31.22069931 16.13150215
v -27.26690102 32.09909821 14.33990097
v -32.1072998 39.54599762 20.5442009
v -19.56740189 37.4557991 28.99200439
v -26.00979996 38.74140167 26.47460175
v -30.31200027 39.53900146 23.48889923
v -36.86399841 49.38140106 24.52440453
v -11.8519001 46.77560425 39.1996994
v -22.29750061 47.7057991 36.55470276
v -12.51799965 60.47259903 44.88809967
v -29.91690254 48.64369965 32.91550064
v -23.80690002 60.65980148 40.9233017
v -34.94979858 49.41899872 27.9654026
v -32.28409576 60.59880447 35.15909958
v -39.61920166 57.82289886 24.08340263
v -38.00239944 59.45490265 28.61390114
v -42.12609863 70.0727005 18.13640213
v -43.44319534 79.52940369 8.3719902
v 0 60.26900482 46.21300125
v -42.33069992 88.94300079 -3.48468995
v -43.87760162 82.14990234 -3.4688201
v -37.94609833 99.51990509 10.32019997
v -38.99919891 99.51720428 -3.57867098
v -34.98139954 110.03701019 8.06672859
v -35.98149872 108.97899628 -3.20609999
v -34.52090073 113.79299164 -0.84350097
v -33.37789917 115.51300812 6.85495996
v -30.3491993 120.94100189 10.79139996
v -27.85359955 127.12001038 12.87870026
v -25.62450027 135.24499512 10.97859859
v -21.5279026 143.78102112 9.96484947
v -25.18790054 141.87799072 5.90065002
v -23.60429764 146.48699951 -0.18776301
v -24.99959755 144.19500732 -0.72192597
v -14.0284996 149.71299744 15.95419884
v -19.31819916 150.69598389 9.01269913
v -21.73989868 151.87298584 0.011655
v -20.3397007 157.2519989 0.64330798
v -6.35152006 154.03100586 18.47079849
v -12.44379997 155.10099792 14.89019966
v -17.81920052 156.56399536 8.93855
v -19.48200035 162.79100037 1.19160998
v -16.31760025 162.56700134 10.06749916
v -10.93449974 159.95799255 15.3908987
v -18.92679977 167.63598633 8.11725044
v -19.85149956 168.0619812 0.79497802
v -16.19280052 168.67901611 13.47059822
v -12.76409912 166.07000732 15.42529774
v -9.33094883 163.77801514 18.05259705
v -5.40088987 158.42300415 18.06209946
v -4.29469013 162.42700195 20.08919525
v 0 157.79200745 19.19790077
v 0 161.88201904 20.79869843
v 4.29469013 162.42700195 20.08919525
v 0 153.29200745 19.62929916
v 5.40088987 158.42300415 18.06209946
v 9.33094883 163.77801514 18.05259705
v 6.35152006 154.03100586 18.47079849
v 10.93449974 159.95799255 15.3908987
v 12.76409912 166.07000732 15.42529774
v 7.23272991 148.82000732 20.06439972
v 16.31760025 162.56700134 10.06749916
v 16.19280052 168.67901611 13.47059822
v 18.92679977 167.63598633 8.11725044
v 12.44379997 155.10099792 14.89019966
v 14.0284996 149.71299744 15.95419884
v 15.65440083 143.25997925 18.2424984
v 19.48200035 162.79100037 1.19160998
v 19.85149956 168.0619812 0.79497802
v 17.81920052 156.56399536 8.93855
v 20.3397007 157.2519989 0.64330798
v 19.31819916 150.69598389 9.01269913
v 21.7399025 151.8730011 0.011655
v 23.60429955 146.48699951 -0.18776301
v 21.5279007 143.78100586 9.96484947
v 22.44140053 135.21398926 15.53549862
v 25.62450027 135.24499512 10.97859859
v 25.18790054 141.87799072 5.90065002
v 24.99959946 144.19500732 -0.72192597
v 12.91230011 148.43200684 -21.17849731
v 15.88570023 145.86999512 -20.03649902
v 16.62349892 148.21499634 -23.65679741
v 15.25269985 141.78997803 -20.87960052
v 18.26309776 145.91099548 -22.30849838
v 18.09479904 137.03900146 -25.36919785
v 18.25559807 142.85598755 -23.80939865
v 22.96759415 145.30200195 -27.19819641
v 22.05959892 149.80599976 -26.71609688
v 22.73209763 137.10800171 -28.52229881
v 23.63329697 147.37399292 -25.47919655
v 30.46149445 151.33700562 -29.01229668
v 15.25830078 136.25799561 -22.30629921
v 21.6201992 130.93400574 -28.9633007
v 28.86599731 134.78599548 -32.41459656
v 30.53099632 149.56199646 -31.53979874
v 36.14640045 153.90600586 -33.8973999
v 29.13129425 153.83998108 -30.15169525
v 15.21410084 129.88598633 -23.9762001
v 17.25899887 131.33798218 -26.17119598
v 26.89789963 129.01899719 -31.99119759
v 35.91469955 155.7250061 -31.44709778
v 30.66519928 141.33898926 -32.6896019
v 13.84860039 125.03300476 -25.03689766
v 15.9776001 126.4280014 -26.44789886
v 20.35840034 126.74099731 -29.12289619
v 35.54910278 131.59300232 -35.62450027
v 41.72489929 160.65301514 -35.45420074
v 34.70370102 157.86798096 -32.62020111
v 36.98670197 138.08198547 -35.95410156
v 34.31750107 147.09199524 -34.1935997
v 25.86539841 125.8970108 -32.46279526
v 41.5060997 162.82699585 -33.2223053
v 34.31780243 125.84799194 -35.37730026
v 40.89530182 157.09700012 -36.10369873
v 43.16410446 134.65098572 -37.80830383
v 37.98089981 152.38499451 -35.47199631
v 40.11230087 164.61500549 -34.56790161
v 33.164505 122.2460022 -35.57460022
v 43.22900391 158.10600281 -36.92129898
v 38.94070435 144.70799255 -36.58160019
v 42.53110504 127.5269928 -37.6344986
v 46.23970032 167.59100342 -36.40420532
v 45.95000076 169.71200562 -33.99459839
v 41.62680435 120.69199371 -37.28269958
v 40.99959946 151.30999756 -36.95230103
v 43.80470276 142.34597778 -37.9940033
v 48.84310913 171.07199097 -36.24079895
v 44.19150162 172.08900452 -35.3269043
v 40.89490509 116.43199158 -37.3812027
v 49.71081161 122.37099457 -38.15209961
v 47.58430481 160.65098572 -37.33670044
v 44.98470306 156.21298218 -37.53510284
v 49.65080643 130.77998352 -38.34060287
v 44.42490387 149.76300049 -37.95069885
v 48.81090927 173.7829895 -34.02259827
v 49.5892067 114.19198608 -37.74420547
v 50.42861176 163.52497864 -37.22810364
v 48.92661285 140.20198059 -38.42570114
v 48.38271332 148.63497925 -38.24190521
v 45.22720337 177.60098267 -35.52880478
v 48.83130646 108.17498779 -37.26340485
v 52.86141205 128.4989624 -38.19570923
v 51.80251312 148.11698914 -38.09010315
v 49.47531128 171.4960022 -36.35210419
v 47.08400345 178.33398438 -35.97370148
v 51.47461319 105.33898926 -36.72110748
v 52.21461105 112.19200134 -37.53960419
v 52.71351242 120.18000031 -38.00460052
v 52.29870987 138.60598755 -38.22550201
v 53.42131042 161.4079895 -39.56310272
v 50.02031326 171.2849884 -36.64610291
v 50.00191116 174.17700195 -34.58600235
v 53.61801147 107.86598969 -38.66900635
v 54.48151016 122.1969986 -39.67259979
v 54.53141022 140.18199158 -40.49290466
v 54.10560989 149.14596558 -40.3684082
v 54.00461197 169.29698181 -39.29589844
v 51.19301224 174.57098389 -35.1493988
v 48.94091034 179.065979 -36.41859436
v 54.01621246 113.84199524 -39.16000366
v 54.87681198 130.30497742 -40.09660339
v 55.91351318 157.92897034 -41.16939926
v 57.28861237 161.40298462 -41.33370209
v 60.82941055 164.28398132 -42.40409851
v 55.00751114 172.01599121 -37.27510071
v 54.39891052 174.97097778 -39.01890564
v 61.11131287 114.00698853 -44.28820419
v 60.63091278 125.89899445 -44.05009842
v 58.55940628 142.30198669 -43.23220062
v 62.52031326 166.04098511 -40.76890564
v 57.13551712 150.57598877 -42.33690262
v 60.46350861 152.89199829 -43.62609863
v 63.28660965 167.86598206 -42.92670441
v 60.95201111 118.64498138 -44.01800156
v 59.68391037 133.6579895 -43.67829895
v 60.29821014 161.07998657 -42.51539993
v 63.36620712 144.74897766 -45.25360107
v 69.97290039 159.25900269 -43.74219513
v 70.6473999 161.36099243 -45.62039185
v 69.40800476 117.1619873 -47.93349838
v 68.00921631 128.40498352 -47.34799957
v 64.45720673 154.75798035 -44.62680054
v 65.93820953 136.40898132 -46.47180176
v 67.84130096 157.82099915 -45.23590088
v 78.30210114 152.92900085 -47.85489655
v 69.42910767 121.37799072 -47.83409882
v 68.98920441 147.35998535 -46.58269501
v 75.04299927 150.55099487 -47.52220154
v 77.03410339 151.12199402 -45.97309875
v 77.38710022 117.04597473 -50.59909058
v 76.50509644 129.85998535 -49.39809799
v 73.06010437 138.75 -48.26490021
v 81.0358963 141.23800659 -49.27739716
v 83.35019684 141.32202148 -47.76309204
v 85.13410187 142.602005 -49.61830139
v 79.7888031 121.20697784 -50.32159424
v 85.58750153 130.9619751 -50.03349304
v 87.52339935 131.16996765 -48.42049408
v 84.70861053 113.51898193 -50.64409637
v 89.84140015 131.76696777 -50.46319199
v 87.49459839 122.09597778 -50.41069412
v 89.25800323 107.35697937 -50.11159515
v 88.75149536 113.98497772 -50.50559235
v 89.52270508 122.06897736 -48.78999329
v 91.86090088 122.5599823 -50.61959076
v 86.46650696 115.21997833 -50.58849716
v 92.01039886 97.09277344 -48.79099274
v 91.28900146 107.93697357 -49.10949707
v 92.94550323 114.47697449 -50.5424881
v 91.57510376 97.07388306 -49.18899155
v 90.68930054 114.12897491 -49.00179291
v 92.46320343 97.12167358 -49.19189072
v 93.45330048 107.81997681 -50.42419052
v 12.91230011 148.43200684 -21.17849731
v 16.62349892 148.21499634 -23.65679741
v 11.44659996 147.20397949 -22.75799561
v 22.05959892 149.80599976 -26.71609688
v 16.32439613 146.9960022 -25.20939827
v 22.16419601 148.25300598 -28.61399651
v 11.33780003 143.10598755 -23.72639465
v 29.13129425 153.83998108 -30.15169525
v 16.10979652 143.52200317 -26.10069656
v 28.83939362 152.50598145 -32.21589661
v 22.72959518 144.83000183 -29.79589653
v 11.51879978 137.06500244 -25.47789764
v 34.45959854 156.80999756 -34.62039948
v 30.06859589 149.79602051 -33.74769592
v 21.84289932 137.25500488 -30.71789932
v 16.39559937 137.35098267 -27.58529854
v 34.70370102 157.86798096 -32.62020111
v 35.4457016 154.62800598 -35.88100433
v 20.97120094 131.37199402 -30.51649857
v 16.28409767 131.55099487 -27.69949722
v 29.8714962 141.39599609 -34.7477951
v 39.95529938 163.33700562 -36.40779877
v 39.79610062 159.51499939 -37.3371048
v 20.35840034 126.74099731 -29.12289619
v 15.9776001 126.4280014 -26.44789886
v 12.0340004 131.01599121 -25.85209846
v 33.56140137 146.96600342 -36.14089966
v 28.00519753 135.26699829 -34.40929794
v 40.11230087 164.61500549 -34.56790161
v 44.27429962 164.18600464 -39.24150085
v 25.86539841 125.8970108 -32.46279526
v 13.84860039 125.03300476 -25.03689766
v 39.52080154 155.90100098 -37.80059814
v 37.02700424 151.9980011 -37.19859695
v 35.60660553 138.44299316 -37.86719894
v 44.6867981 170.06500244 -37.52410889
v 26.6758976 129.88198853 -33.96559525
v 39.6801033 150.44000244 -38.85139847
v 41.70310211 156.19500732 -38.96549988
v 37.58190536 144.565979 -38.47430038
v 44.19150162 172.08900452 -35.3269043
v 33.35390472 126.84999084 -36.94139862
v 34.23660278 132.3710022 -37.39120102
v 48.55731201 173.01498413 -39.6986084
v 45.60110474 157.50299072 -40.94470215
v 43.29550552 154.23300171 -40.12609863
v 42.57150269 148.85899353 -40.59400558
v 45.22720337 177.60098267 -35.52880478
v 47.73420334 175.10198975 -38.32530212
v 33.164505 122.2460022 -35.57460022
v 41.70909882 142.33198547 -40.76589966
v 40.89710236 135.42698669 -40.53130341
v 49.02120972 162.77998352 -42.03310394
v 45.78170776 148.065979 -42.47689819
v 47.08400345 178.33398438 -35.97370148
v 40.19710541 122.54499817 -39.54230499
v 40.24420929 128.85699463 -40.03279877
v 53.39111328 173.07598877 -40.85710144
v 54.61201096 165.36398315 -42.80290222
v 53.21391296 157.88598633 -43.72410583
v 49.32331085 148.17797852 -45.20890808
v 45.94360352 140.44499207 -43.22829819
v 48.94091034 179.065979 -36.41859436
v 48.686306 175.80198669 -38.46690369
v 40.89490509 116.43199158 -37.3812027
v 46.12480927 132.10697937 -43.16400146
v 46.57460403 124.50498962 -42.72730255
v 49.47080994 175.68199158 -38.96960449
v 61.29030991 166.71398926 -44.22770691
v 60.2571106 161.74598694 -44.91370392
v 53.32991028 148.06999207 -45.40080261
v 47.13960266 117.19199371 -41.57139969
v 49.52061081 138.71398926 -46.0388031
v 54.39891052 174.97097778 -39.01890564
v 57.71000671 156.70698547 -44.9803009
v 53.67891312 140.1869812 -46.20740509
v 48.83130646 108.17498779 -37.26340485
v 50.54001236 121.82899475 -44.56500244
v 50.14791107 128.85498047 -45.7190094
v 63.28660965 167.86598206 -42.92670441
v 60.3868103 156.7809906 -45.68700409
v 55.89111328 154.46098328 -44.88970566
v 53.97431183 131.49298096 -46.32870483
v 50.83891296 114.20599365 -42.53500366
v 69.2039032 159.73098755 -47.3210907
v 70.6473999 161.36099243 -45.62039185
v 59.93270874 150.1519928 -46.47480392
v 56.75011063 148.78599548 -45.92930222
v 57.89290619 141.53198242 -46.85800171
v 54.23181152 123.61299133 -45.666008
v 51.47461319 105.33898926 -36.72110748
v 65.94110107 155.32299805 -47.17419434
v 78.30210114 152.92900085 -47.85489655
v 63.16930389 151.8710022 -47.06479645
v 58.96041107 133.8139801 -47.40250015
v 62.0837059 143.18399048 -47.80820084
v 54.01560974 116.09899139 -43.9309082
v 53.61801147 107.86598969 -38.66900635
v 76.34010315 151.78500366 -49.54419708
v 66.48400879 145.19299316 -48.62329483
v 59.60750961 126.20998383 -47.40300369
v 64.10450745 135.78898621 -48.8850975
v 60.52430725 119.47098541 -46.50640488
v 61.11131287 114.00698853 -44.28820419
v 82.68049622 141.83700562 -51.32779694
v 71.10089874 147.9960022 -49.1384964
v 65.9411087 128.48397827 -49.36999893
v 69.67780304 137.64900208 -49.99459839
v 69.40800476 117.1619873 -47.93349838
v 85.13410187 142.602005 -49.61830139
v 75.70220184 139.5980072 -50.76559448
v 67.72740936 121.93998718 -49.07749557
v 87.39199829 131.14097595 -51.97139359
v 79.45999908 130.81497192 -51.81879425
v 72.54800415 129.95597839 -50.9101944
v 75.30909729 122.82298279 -51.16209793
v 89.84140015 131.76696777 -50.46319199
v 77.38710022 117.04597473 -50.59909058
v 82.23079681 122.38897705 -52.12479401
v 91.86090088 122.5599823 -50.61959076
v 89.41480255 122.44997406 -52.10519409
v 84.70861053 113.51898193 -50.64409637
v 90.71889496 114.16597748 -52.03268814
v 92.94550323 114.47697449 -50.5424881
v 89.25800323 107.35697937 -50.11159515
v 93.45330048 107.81997681 -50.42419052
v 91.35480499 107.78297424 -51.418293
v 92.24220276 97.11428833 -49.58349228
v 92.46320343 97.12167358 -49.19189072
v 91.57510376 97.07388306 -49.18899155
v 92.01039886 97.09277344 -48.79099274
v -12.91230011 148.43200684 -21.17849731
v -16.62350082 148.21499634 -23.65679741
v -15.88570023 145.86999512 -20.03649902
v -22.05960083 149.80601501 -26.71609879
v -18.26309967 145.91099548 -22.30849838
v -29.13129807 153.83999634 -30.15169716
v -30.46149826 151.33702087 -29.01229858
v -22.96759796 145.30201721 -27.19819641
v -18.25559998 142.85601807 -23.80939865
v -15.25269985 141.78997803 -20.87960052
v -23.63330078 147.37400818 -25.47919846
v -34.70368958 157.86798096 -32.62020874
v -35.91468811 155.7250061 -31.44710541
v -30.53100014 149.56201172 -31.53980064
v -22.73209763 137.10801697 -28.52230263
v -18.09479904 137.03901672 -25.36919785
v -40.11228943 164.61500549 -34.56791687
v -41.50608826 162.82699585 -33.2223053
v -36.14638901 153.90600586 -33.8973999
v -21.6201973 130.93400574 -28.9633007
v -15.25830078 136.25799561 -22.30629921
v -30.66519737 141.33900452 -32.68959808
v -44.19149017 172.08900452 -35.3269043
v -45.94998932 169.71200562 -33.99459839
v -41.72488785 160.65301514 -35.45420837
v -28.86599731 134.78601074 -32.41459656
v -17.25899887 131.33798218 -26.17119789
v -34.31749725 147.0920105 -34.1935997
v -48.81089783 173.78300476 -34.02260208
v -46.23968887 167.59100342 -36.40420532
v -26.89789963 129.01899719 -31.99119568
v -20.35839844 126.74101257 -29.1228981
v -15.21410084 129.88598633 -23.9762001
v -40.89529419 157.09700012 -36.10370255
v -37.980896 152.38500977 -35.47199631
v -36.98669815 138.08201599 -35.95410156
v -45.22719574 177.60099792 -35.52880478
v -48.84309387 171.07200623 -36.24080276
v -35.54909515 131.59301758 -35.62449646
v -25.86539841 125.89701843 -32.46279526
v -15.9776001 126.4280014 -26.44789886
v -40.99959564 151.31001282 -36.95230103
v -43.22899246 158.10600281 -36.92129898
v -38.94069672 144.70800781 -36.58159637
v -47.08399582 178.33399963 -35.97370148
v -50.4285965 163.5249939 -37.22810364
v -34.3177948 125.8480072 -35.37729645
v -13.84860039 125.03300476 -25.03689766
v -47.58429718 160.65100098 -37.33670044
v -44.98469543 156.21299744 -37.53510284
v -44.42489624 149.76300049 -37.95069885
v -43.16410065 134.65100098 -37.80830002
v -48.94089508 179.06599426 -36.41859436
v -50.0018959 174.17700195 -34.58599854
v -49.47529602 171.4960022 -36.35210037
v -42.53110123 127.52700806 -37.6344986
v -33.16449738 122.2460022 -35.57459641
v -48.38269424 148.63499451 -38.2419014
v -43.80469513 142.34599304 -37.99399567
v -54.39889526 174.97099304 -39.01890564
v -51.19299698 174.57099915 -35.1493988
v -51.80249786 148.11700439 -38.09010315
v -50.020298 171.28500366 -36.64610291
v -41.62680054 120.69200134 -37.28269958
v -49.6507988 130.77999878 -38.34059906
v -48.92659378 140.20199585 -38.42569733
v -55.00749588 172.01600647 -37.27510071
v -53.42129517 161.40800476 -39.56309509
v -49.71080017 122.37099457 -38.15209579
v -40.89490509 116.43200684 -37.38119888
v -52.29869843 138.60600281 -38.22549438
v -63.28659439 167.86599731 -42.92669678
v -54.00459671 169.29699707 -39.29589844
v -52.8614006 128.49899292 -38.1957016
v -49.58919907 114.19200134 -37.74420166
v -54.10559464 149.14599609 -40.36840057
v -62.520298 166.04100037 -40.76890564
v -54.53139496 140.18200684 -40.49290466
v -52.71350098 120.18000031 -38.00460052
v -48.83129501 108.17500305 -37.26340103
v -57.28859711 161.40299988 -41.33369446
v -70.64739227 161.36099243 -45.62039185
v -54.87680054 130.30499268 -40.09660339
v -55.91349411 157.9289856 -41.16939545
v -54.48149872 122.1969986 -39.67259979
v -52.21459961 112.19200134 -37.53959656
v -60.82939529 164.28399658 -42.40409851
v -69.97289276 159.25900269 -43.7421875
v -58.55939484 142.30200195 -43.23219681
v -60.46349716 152.89199829 -43.62609863
v -60.63089752 125.89900208 -44.0500946
v -54.01620102 113.84199524 -39.15999603
v -51.47460175 105.33898926 -36.72109985
v -78.30209351 152.92900085 -47.85488892
v -60.29819107 161.08000183 -42.51539612
v -59.68389893 133.65800476 -43.67829514
v -57.13549805 150.57600403 -42.33690262
v -60.95199966 118.64498901 -44.01800537
v -53.61800003 107.86600494 -38.66899872
v -77.03409576 151.12199402 -45.97309113
v -67.84129333 157.82099915 -45.23589325
v -68.00920105 128.40499878 -47.34800339
v -64.45719147 154.75799561 -44.62679672
v -63.36619186 144.74899292 -45.25359726
v -69.42909241 121.37799072 -47.83409882
v -61.11129761 114.00700378 -44.28820038
v -85.13409424 142.602005 -49.61829376
v -75.04299164 150.55099487 -47.52219391
v -65.93819427 136.40899658 -46.47180176
v -68.98918915 147.36000061 -46.58269501
v -76.50509644 129.85998535 -49.39810181
v -79.7888031 121.20698547 -50.32160187
v -69.4079895 117.16200256 -47.9335022
v -89.84140015 131.76698303 -50.46320343
v -87.52339935 131.16998291 -48.42050552
v -83.35018921 141.32202148 -47.76309204
v -81.03588867 141.23800659 -49.27738953
v -73.06009674 138.75001526 -48.26490021
v -77.38710022 117.04598999 -50.59909821
v -89.52269745 122.06898499 -48.79000473
v -85.58750153 130.96199036 -50.03350449
v -84.70860291 113.51898956 -50.644104
v -91.86090088 122.55998993 -50.6196022
v -87.49459839 122.09598541 -50.41070557
v -86.46649933 115.21998596 -50.58850098
v -88.75149536 113.98498535 -50.50559998
v -92.94550323 114.47698212 -50.54249954
v -89.25800323 107.356987 -50.1116066
v -91.28900146 107.9369812 -49.10950851
v -90.68930054 114.12898254 -49.00180435
v -92.01039886 97.0927887 -48.79100418
v -91.57510376 97.07388306 -49.18900299
v -93.45330048 107.81998444 -50.42420197
v -92.46320343 97.12168884 -49.19190216
v -12.91230011 148.43200684 -21.17849731
v -11.44659996 147.20397949 -22.75799561
v -16.62350082 148.21499634 -23.65679741
v -16.32439804 146.9960022 -25.20939827
v -11.33780003 143.10598755 -23.72639465
v -22.05960083 149.80601501 -26.71609879
v -16.10979843 143.52200317 -26.10069847
v -22.16419983 148.25302124 -28.61399841
v -11.51879978 137.06500244 -25.47789764
v -29.13129807 153.83999634 -30.15169716
v -16.39559937 137.35099792 -27.58529854
v -22.729599 144.83001709 -29.79589653
v -28.83939743 152.5059967 -32.21589661
v -16.28409958 131.55099487 -27.69949722
v -21.84289932 137.25502014 -30.71789932
v -34.4595871 156.80999756 -34.62039948
v -34.70368958 157.86798096 -32.62020874
v -30.0685997 149.79603577 -33.74769592
v -12.0340004 131.01599121 -25.85209846
v -20.97119904 131.37199402 -30.51650047
v -39.95528793 163.33700562 -36.4078064
v -40.11228943 164.61500549 -34.56791687
v -35.44569016 154.62800598 -35.88100433
v -29.87149429 141.39601135 -34.7477951
v -13.84860039 125.03300476 -25.03689766
v -15.9776001 126.4280014 -26.44789886
v -25.86539841 125.89701843 -32.46279526
v -26.6758976 129.88200378 -33.96559525
v -44.68678665 170.06500244 -37.52410889
v -44.19149017 172.08900452 -35.3269043
v -39.79608917 159.51501465 -37.3371048
v -33.56139755 146.96601868 -36.14089966
v -28.00519943 135.26701355 -34.40929794
v -20.35839844 126.74101257 -29.1228981
v -47.73419952 175.102005 -38.32530212
v -45.22719574 177.60099792 -35.52880478
v -44.27428818 164.18600464 -39.24150848
v -39.52079391 155.90101624 -37.80060196
v -37.58189774 144.56600952 -38.47429657
v -39.68009567 150.44000244 -38.85139847
v -35.6065979 138.44299316 -37.86719513
v -33.16449738 122.2460022 -35.57459641
v -33.35390091 126.8500061 -36.94139481
v -47.08399582 178.33399963 -35.97370148
v -48.55729675 173.01498413 -39.69859314
v -37.02699661 151.99801636 -37.19859695
v -41.70309067 156.19500732 -38.96549988
v -34.23659897 132.3710022 -37.3911972
v -40.89490509 116.43200684 -37.38119888
v -40.19710159 122.54499817 -39.54230118
v -48.68629456 175.80200195 -38.46689987
v -48.94089508 179.06599426 -36.41859436
v -54.6119957 165.36399841 -42.80290222
v -53.39109802 173.07600403 -40.85710144
v -41.709095 142.33200073 -40.76589966
v -42.57149506 148.85900879 -40.59400177
v -45.60109711 157.50300598 -40.94469452
v -40.89709854 135.42700195 -40.53129959
v -48.83129501 108.17500305 -37.26340103
v -47.13959885 117.19200134 -41.57139587
v -40.24420166 128.85699463 -40.03279877
v -49.47079468 175.68200684 -38.96960449
v -49.02119446 162.77999878 -42.03309631
v -43.29549789 154.23300171 -40.12610245
v -45.9435997 140.44500732 -43.22829819
v -50.83890152 114.20599365 -42.53499603
v -46.57460022 124.50499725 -42.72729492
v -54.39889526 174.97099304 -39.01890564
v -53.21389771 157.88601685 -43.72409821
v -45.78169632 148.06599426 -42.47689819
v -46.12480545 132.10699463 -43.16399765
v -51.47460175 105.33898926 -36.72109985
v -50.54000092 121.82899475 -44.56499481
v -61.29029465 166.71401978 -44.22769928
v -63.28659439 167.86599731 -42.92669678
v -49.32329559 148.17800903 -45.20890045
v -50.14789963 128.85501099 -45.71900177
v -53.61800003 107.86600494 -38.66899872
v -60.25709534 161.7460022 -44.91369629
v -70.64739227 161.36099243 -45.62039185
v -53.32989502 148.07000732 -45.40080261
v -49.52059937 138.71400452 -46.0388031
v -54.0155983 116.09900665 -43.93090057
v -54.23180008 123.61299133 -45.66600037
v -57.70999527 156.70700073 -44.98029709
v -69.20389557 159.73098755 -47.3210907
v -53.67889786 140.18699646 -46.20739746
v -61.11129761 114.00700378 -44.28820038
v -53.97430038 131.49299622 -46.32870483
v -55.89109802 154.46099854 -44.88970184
v -60.38679123 156.78100586 -45.68699646
v -65.94109344 155.32299805 -47.17419052
v -76.34009552 151.78500366 -49.54418945
v -78.30209351 152.92900085 -47.85488892
v -60.52429962 119.47099304 -46.50640106
v -57.89289474 141.53199768 -46.85800171
v -58.96039581 133.81399536 -47.40249634
v -56.75009918 148.78601074 -45.9292984
v -59.93269348 150.1519928 -46.47480011
v -71.10089111 147.9960022 -49.13849258
v -82.68048859 141.83700562 -51.32778931
v -85.13409424 142.602005 -49.61829376
v -69.4079895 117.16200256 -47.9335022
v -59.60749435 126.21000671 -47.40299606
v -62.08369064 143.18400574 -47.80819702
v -63.16928864 151.8710022 -47.06479645
v -87.39199829 131.14099121 -51.97140503
v -75.70220184 139.5980072 -50.76559448
v -77.38710022 117.04598999 -50.59909821
v -75.30909729 122.82299042 -51.16210175
v -64.10449219 135.78898621 -48.8850975
v -67.72740173 121.94000244 -49.07749939
v -66.48399353 145.19299316 -48.62329483
v -89.84140015 131.76698303 -50.46320343
v -79.45999146 130.81498718 -51.81880188
v -84.70860291 113.51898956 -50.644104
v -82.23078918 122.38898468 -52.12480164
v -65.94110107 128.48397827 -49.37000275
v -69.67779541 137.64900208 -49.99459839
v -89.41480255 122.44998169 -52.10520554
v -91.86090088 122.55998993 -50.6196022
v -72.54798889 129.95599365 -50.9101944
v -90.71889496 114.16598511 -52.03269958
v -92.94550323 114.47698212 -50.54249954
v -89.25800323 107.356987 -50.1116066
v -91.35480499 107.78298187 -51.41830444
v -93.45330048 107.81998444 -50.42420197
v -92.24220276 97.11428833 -49.58350372
v -92.46320343 97.12168884 -49.19190216
v -92.01039886 97.0927887 -48.79100418
v -91.57510376 97.07388306 -49.18900299
v -19.59460068 184.30400085 23.52859497
v -20.78170013 180.31300354 19.3421936
v -19.8572998 178.76800537 23.08869934
v -21.7112999 183.54699707 15.69599915
v -18.51070023 180.04699707 30.7434082
v -19.8458004 189.97200012 22.6302948
v -16.00189972 186.30700684 30.32769775
v -16.40130043 191.02000427 28.41889954
v -18.76199913 175.28999329 28.020401
v -21.64150047 189.86700439 15.70779419
v -12.03579998 192.25900269 32.39039612
v -15.99009991 183.98399353 34.94309998
v -11.91079998 188.25997925 34.0940094
v -19.46859932 194.94599915 22.10110474
v -16.19549942 195.38201904 27.21559143
v -11.72439957 196.54699707 30.66970825
v -12.08619976 187.07400513 38.47819519
v -21.09490013 195.22099304 15.78919983
v -11.40639973 200.68800354 28.85910034
v -18.21780014 199.93400574 21.73579407
v -15.48239994 199.71899414 26.11099243
v -19.51889992 200.48500061 15.99580383
v -11.34710026 204.05999756 26.436203
v -16.00530052 203.76899719 21.77670288
v -14.69680023 202.47999573 25.1690979
v -17.03070068 204.80400085 16.57420349
v -11.81400013 206.85499573 22.54350281
v -12.65340042 208.54699707 17.41990662
v 19.59460068 184.30400085 23.52859497
v 20.78170013 180.31300354 19.3421936
v 21.7112999 183.54699707 15.69599915
v 19.8572998 178.76800537 23.08869934
v 19.8458004 189.97200012 22.6302948
v 18.51070023 180.04699707 30.7434082
v 16.40130043 191.02000427 28.41889954
v 16.00189972 186.30700684 30.32769775
v 21.64150047 189.86700439 15.70779419
v 18.76199913 175.28999329 28.020401
v 12.03579998 192.25900269 32.39039612
v 16.19549942 195.38201904 27.21559143
v 11.72439957 196.54699707 30.66970825
v 19.46859932 194.94599915 22.10110474
v 21.09490013 195.22099304 15.78919983
v 15.99009991 183.98399353 34.94309998
v 11.91079998 188.25997925 34.0940094
v 11.40639973 200.68800354 28.85910034
v 18.21780014 199.93400574 21.73579407
v 19.51889992 200.48500061 15.99580383
v 12.08619976 187.07400513 38.47819519
v 15.48239994 199.71899414 26.11099243
v 16.00530052 203.76899719 21.77670288
v 17.03070068 204.80400085 16.57420349
v 11.34710026 204.05999756 26.436203
v 14.69680023 202.47999573 25.1690979
v 12.65340042 208.54699707 17.41990662
v 11.81400013 206.85499573 22.54350281
vn 0.94772 -0.30991 0.07606
vn 0.97351 -0.19574 -0.11814
vn 0.98919 -0.13816 -0.04916
vn 0.98185 -0.1465 -0.12046
vn 0.92233 -0.38012 0.0694
vn 0.95848 -0.24565 0.14485
vn 0.78828 -0.58728 0.1836
vn 0.82923 -0.43831 0.3468
vn 0.98661 -0.15414 0.05339
vn 0.97601 -0.13007 -0.1746
vn 0.56372 -0.75802 0.32806
vn 0.74279 -0.62447 0.24145
vn 0.50783 -0.78114 0.36322
vn 0.90456 -0.387 0.17888
vn 0.97045 -0.15046 0.18862
vn 0.83826 -0.28306 0.46604
vn 0.61526 -0.51564 0.59629
vn 0.44296 -0.76853 0.46168
vn 0.85909 -0.37065 0.35297
vn 0.91318 -0.14851 0.37954
vn 0.58827 -0.301 0.75056
vn 0.69151 -0.63555 0.34336
vn 0.72041 -0.37025 0.58645
vn 0.77762 -0.18122 0.60206
vn 0.40378 -0.67031 0.62261
vn 0.61675 -0.60477 0.50386
vn 0.55365 -0.25123 0.79395
vn 0.46679 -0.45838 0.7563
vn -0.94772 -0.30991 0.07606
vn -0.97351 -0.19574 -0.11814
vn -0.98185 -0.1465 -0.12046
vn -0.98919 -0.13816 -0.04916
vn -0.95848 -0.24565 0.14485
vn -0.92233 -0.38012 0.0694
vn -0.82923 -0.43831 0.3468
vn -0.78828 -0.58728 0.1836
vn -0.97601 -0.13007 -0.1746
vn -0.98661 -0.15414 0.05339
vn -0.56372 -0.75802 0.32806
vn -0.83826 -0.28306 0.46604
vn -0.61526 -0.51564 0.59629
vn -0.90456 -0.387 0.17888
vn -0.74279 -0.62447 0.24145
vn -0.50783 -0.78114 0.36322
vn -0.58827 -0.301 0.75056
vn -0.97045 -0.15046 0.18862
vn -0.44296 -0.76853 0.46168
vn -0.85909 -0.37065 0.35297
vn -0.69151 -0.63555 0.34336
vn -0.91318 -0.14851 0.37954
vn -0.40378 -0.67031 0.62261
vn -0.72041 -0.37025 0.58645
vn -0.61675 -0.60477 0.50386
vn -0.77762 -0.18122 0.60206
vn -0.46679 -0.45838 0.7563
vn -0.55365 -0.25123 0.79395
vn -0.96709 -0.21774 -0.13163
vn -0.878 -0.4785 0.01233
vn -0.89966 -0.20287 -0.3866
vn -0.7336 -0.53421 -0.42005
vn -0.62793 -0.76489 0.14367
vn -0.90081 -0.18212 -0.39418
vn -0.41762 -0.73883 -0.5289
vn -0.74248 -0.51033 -0.43392
vn -0.90661 -0.14814 -0.3951
vn -0.22361 -0.96721 -0.1204
vn -0.76221 -0.50433 -0.40582
vn 0.16221 -0.93079 -0.32759
vn -0.1395 -0.78499 -0.6036
vn -0.90528 -0.13693 -0.40214
vn -0.47903 -0.73064 -0.48651
vn 0.11272 -0.76714 -0.63149
vn -0.78654 -0.49783 -0.36541
vn -0.90293 -0.16585 -0.3965
vn -0.52456 -0.7243 -0.44746
vn 0.45979 -0.81899 -0.3433
vn -0.19419 -0.80816 -0.55603
vn -0.8231 -0.49856 -0.27192
vn -0.31291 -0.17672 -0.9332
vn 0.41043 -0.65859 -0.63072
vn -0.26115 -0.81322 -0.52007
vn -0.29231 -0.52299 -0.80065
vn -0.58916 -0.6976 -0.40773
vn 0.69083 -0.47034 -0.54912
vn 0.09956 -0.78016 -0.61761
vn -0.65725 -0.6748 -0.33565
vn 0.79854 -0.55211 -0.23981
vn 0.06983 -0.82887 -0.55506
vn 0.44853 -0.67072 -0.59072
vn -0.08841 -0.69175 -0.71671
vn -0.34766 -0.81703 -0.46
vn 0.85478 -0.21256 -0.47347
vn 0.46056 -0.71956 -0.51972
vn -0.44263 -0.83475 -0.32752
vn 0.94638 -0.19992 -0.25376
vn 0.71879 -0.45688 -0.52403
vn -0.012 -0.89264 -0.45061
vn 0.1321 -0.81974 -0.55729
vn 0.89794 0.08701 -0.43142
vn 0.79628 -0.47116 -0.37939
vn -0.10664 -0.95153 -0.28847
vn 0.94746 0.09925 -0.30408
vn 0.87885 -0.16327 -0.44829
vn 0.46697 -0.82224 -0.32538
vn -0.18513 -0.9719 -0.14538
vn 0.29339 -0.92456 -0.24313
vn 0.85554 0.36611 -0.36608
vn 0.91488 0.1452 -0.37672
vn 0.95229 -0.17524 -0.24986
vn 0.39525 -0.91722 -0.04988
vn -0.20028 -0.97946 0.02336
vn 0.92768 0.28555 -0.24057
vn 0.83599 0.43189 -0.33851
vn 0.83229 -0.54099 -0.12093
vn 0.07485 -0.95701 0.28022
vn 0.27261 -0.94962 0.15461
vn 0.68463 0.66261 -0.30368
vn 0.9688 0.13878 -0.20532
vn 0.63316 0.72205 -0.27884
vn 0.86109 0.44497 -0.24601
vn 0.75569 -0.63383 0.16489
vn 0.55859 -0.82435 0.0918
vn 0.81437 0.56928 0.1128
vn 0.65921 0.69089 -0.29684
vn 0.9765 -0.21518 0.01183
vn 0.62696 0.76769 -0.13254
vn 0.90331 0.42799 -0.02936
vn 0.58908 -0.70679 0.39171
vn 0.3759 -0.77202 0.51252
vn 0.72883 -0.59227 0.34354
vn 0.33082 0.91088 -0.24669
vn 0.28005 0.92992 -0.23838
vn 0.92389 -0.27604 0.26502
vn 0.58124 0.80894 0.08816
vn 0.99451 0.09769 0.03745
vn 0.61259 -0.41401 0.6733
vn 0.43414 0.85894 0.27158
vn 0.31464 0.91378 -0.25694
vn 0.2389 0.95647 -0.16764
vn 0.79999 -0.35148 0.48629
vn 0.47106 0.83966 0.27031
vn 0.8685 0.44545 0.21745
vn 0.82567 -0.29446 0.48121
vn -0.10552 0.97207 -0.20965
vn -0.15258 0.96982 -0.19018
vn 0.18132 0.98186 -0.0554
vn 0.95709 0.06652 0.28206
vn 0.74758 0.48167 0.45729
vn 0.68958 0.03603 0.72331
vn -0.03077 0.9382 0.34472
vn -0.13045 0.96947 -0.20762
vn -0.15744 0.97321 -0.16756
vn 0.15019 0.98737 0.05033
vn 0.84305 0.06562 0.53382
vn 0.85902 0.07047 0.50706
vn -0.50672 0.85138 -0.13558
vn -0.53288 0.83289 -0.14945
vn -0.13385 0.98156 -0.13645
vn 0.0975 0.98436 0.14676
vn 0.32433 0.851 0.41305
vn 0.57698 0.50186 0.64438
vn -0.41237 0.82193 0.39292
vn -0.53012 0.83563 -0.14383
vn -0.49863 0.84098 -0.21004
vn -0.0718 0.99216 -0.10226
vn 0.48279 0.87385 0.05741
vn 0.68463 0.51638 0.51443
vn -0.83313 0.55037 -0.05474
vn -0.78222 0.60052 -0.16584
vn -0.40976 0.86529 -0.28874
vn -0.02018 0.99971 -0.01305
vn 0.49717 0.80923 0.31299
vn -0.86105 0.42512 0.27906
vn -0.81008 0.56927 -0.14036
vn -0.71827 0.63656 -0.28085
vn 0.42129 0.71387 -0.55939
vn 0.52367 0.83026 -0.19088
vn -0.95173 0.13236 -0.27693
vn -0.91236 0.26653 -0.31073
vn -0.59449 0.67187 -0.44178
vn 0.1502 0.48254 -0.8629
vn -0.99774 0.04001 -0.05404
vn -0.93488 0.21188 -0.2848
vn -0.87798 0.29952 -0.37341
vn -0.11381 0.23227 -0.96597
vn -0.83088 0.31144 -0.46113
vn 0.96709 -0.21774 -0.13163
vn 0.89966 -0.20287 -0.3866
vn 0.878 -0.4785 0.01233
vn 0.7336 -0.53421 -0.42005
vn 0.90081 -0.18212 -0.39418
vn 0.62793 -0.76489 0.14367
vn 0.90661 -0.14814 -0.3951
vn 0.74248 -0.51033 -0.43392
vn 0.41762 -0.73883 -0.5289
vn 0.76221 -0.50433 -0.40582
vn 0.22361 -0.96721 -0.1204
vn 0.90528 -0.13693 -0.40214
vn 0.47903 -0.73064 -0.48651
vn 0.1395 -0.78499 -0.6036
vn -0.16221 -0.93079 -0.32759
vn 0.90293 -0.16585 -0.3965
vn 0.78654 -0.49783 -0.36541
vn -0.11272 -0.76714 -0.6315
vn 0.52456 -0.7243 -0.44746
vn 0.31291 -0.17672 -0.9332
vn 0.8231 -0.49856 -0.27192
vn -0.45979 -0.81899 -0.3433
vn 0.19419 -0.80816 -0.55603
vn 0.29231 -0.52299 -0.80065
vn 0.58916 -0.6976 -0.40773
vn -0.41043 -0.65859 -0.63072
vn 0.26115 -0.81322 -0.52007
vn 0.08841 -0.69175 -0.71671
vn 0.65725 -0.6748 -0.33565
vn -0.69083 -0.47034 -0.54913
vn -0.09956 -0.78016 -0.61761
vn -0.1321 -0.81974 -0.55729
vn 0.44263 -0.83475 -0.32752
vn 0.34766 -0.81703 -0.46
vn -0.79854 -0.55211 -0.23981
vn -0.06983 -0.82887 -0.55506
vn -0.44853 -0.67072 -0.59072
vn -0.29339 -0.92456 -0.24313
vn 0.18513 -0.9719 -0.14538
vn 0.10664 -0.95153 -0.28847
vn -0.85478 -0.21256 -0.47347
vn 0.012 -0.89264 -0.45061
vn -0.46056 -0.71956 -0.51972
vn 0.20028 -0.97946 0.02336
vn -0.94638 -0.19992 -0.25376
vn -0.71879 -0.45688 -0.52403
vn -0.39525 -0.91722 -0.04988
vn -0.46697 -0.82224 -0.32538
vn -0.55859 -0.82435 0.0918
vn -0.07485 -0.95701 0.28022
vn -0.89794 0.08701 -0.43142
vn -0.79628 -0.47116 -0.37939
vn -0.27261 -0.94962 0.15461
vn -0.72883 -0.59227 0.34354
vn -0.3759 -0.77202 0.51252
vn -0.94746 0.09925 -0.30408
vn -0.87885 -0.16327 -0.44829
vn -0.83229 -0.54099 -0.12093
vn -0.58908 -0.70679 0.39171
vn -0.75569 -0.63383 0.16489
vn -0.82567 -0.29446 0.48121
vn -0.61259 -0.41401 0.6733
vn -0.91488 0.1452 -0.37672
vn -0.85554 0.36611 -0.36608
vn -0.95229 -0.17524 -0.24986
vn -0.92389 -0.27604 0.26502
vn -0.85902 0.07047 0.50706
vn -0.68958 0.03603 0.72331
vn -0.79999 -0.35148 0.48629
vn -0.92768 0.28555 -0.24057
vn -0.83599 0.43189 -0.33851
vn -0.9765 -0.21518 0.01183
vn -0.68463 0.51638 0.51443
vn -0.57698 0.50186 0.64438
vn -0.84305 0.06562 0.53382
vn -0.68463 0.66261 -0.30368
vn -0.9688 0.13878 -0.20532
vn -0.86109 0.44497 -0.24601
vn -0.63316 0.72205 -0.27884
vn -0.95709 0.06652 0.28206
vn -0.49717 0.80923 0.31299
vn -0.81437 0.56928 0.1128
vn -0.65921 0.69089 -0.29684
vn -0.99451 0.09769 0.03745
vn -0.90331 0.42799 -0.02936
vn -0.62696 0.76769 -0.13254
vn -0.74758 0.48167 0.45729
vn -0.32433 0.851 0.41305
vn -0.33082 0.91088 -0.24669
vn -0.28005 0.92992 -0.23838
vn -0.58124 0.80894 0.08816
vn -0.8685 0.44545 0.21745
vn -0.48279 0.87385 0.05741
vn -0.43414 0.85894 0.27158
vn -0.31464 0.91378 -0.25694
vn -0.2389 0.95647 -0.16764
vn -0.47106 0.83966 0.27031
vn -0.0975 0.98436 0.14676
vn 0.10552 0.97207 -0.20965
vn 0.15258 0.96982 -0.19018
vn -0.18132 0.98186 -0.0554
vn -0.52367 0.83026 -0.19088
vn 0.02018 0.99971 -0.01305
vn -0.15019 0.98737 0.05033
vn 0.03077 0.9382 0.34472
vn 0.13045 0.96947 -0.20762
vn 0.15744 0.97321 -0.16756
vn -0.42129 0.71387 -0.55939
vn 0.0718 0.99216 -0.10226
vn 0.50672 0.85138 -0.13558
vn 0.53288 0.83289 -0.14945
vn 0.13385 0.98156 -0.13645
vn 0.41237 0.82193 0.39292
vn 0.53012 0.83563 -0.14383
vn 0.49863 0.84098 -0.21004
vn -0.1502 0.48254 -0.8629
vn 0.40976 0.86529 -0.28874
vn 0.83313 0.55037 -0.05474
vn 0.78222 0.60052 -0.16584
vn 0.59449 0.67187 -0.44178
vn 0.86105 0.42512 0.27906
vn 0.81008 0.56927 -0.14036
vn 0.71827 0.63656 -0.28085
vn 0.11381 0.23227 -0.96597
vn 0.95173 0.13236 -0.27693
vn 0.91236 0.26653 -0.31073
vn 0.83088 0.31143 -0.46113
vn 0.99774 0.04001 -0.05404
vn 0.93488 0.21188 -0.2848
vn 0.87798 0.29952 -0.37341
vn -0.74845 -0.1598 -0.64366
vn -0.34933 -0.6537 -0.67129
vn -0.56338 -0.0157 -0.82605
vn -0.52883 -0.54984 -0.64654
vn -0.95381 -0.21582 -0.20895
vn -0.46976 -0.18866 -0.8624
vn -0.88193 0.01027 -0.47126
vn -0.58772 -0.11965 -0.80017
vn -0.799 0.01565 -0.60113
vn -0.45061 -0.8907 -0.06002
vn -0.31032 -0.94856 0.06267
vn -0.99452 0.10181 -0.02381
vn -0.43119 -0.00256 -0.90226
vn -0.32306 -0.20971 -0.92285
vn -0.3008 0.00649 -0.95367
vn -0.73862 0.15653 -0.6557
vn -0.71833 0.00046 -0.69571
vn -0.93584 0.26883 -0.22788
vn -0.26271 -0.96456 -0.02487
vn -0.84069 -0.24515 0.48284
vn -0.61045 -0.00054 -0.79206
vn -0.16275 0.00377 -0.98666
vn -0.46773 0.20474 -0.85983
vn -0.32932 0.22676 -0.91659
vn -0.6112 -0.00126 -0.79147
vn -0.60136 0.13586 -0.78734
vn -0.50709 0.52724 -0.68182
vn -0.78918 -0.5671 -0.23577
vn -0.76813 0.59119 -0.24591
vn -0.34281 -0.68616 -0.64161
vn -0.82597 -0.50695 0.24652
vn -0.16616 0.26838 -0.94888
vn -0.15033 -0.25766 -0.95447
vn -0.02305 0.29094 -0.95646
vn -0.02221 -0.2873 -0.95758
vn -0.04861 6E-05 -0.99882
vn -0.30157 0.67005 -0.6783
vn -0.99965 0.02214 -0.0147
vn -0.80659 0.54858 0.22017
vn -0.64047 0.64272 0.42036
vn -0.04474 -0.99896 0.0092
vn -0.64342 -0.62953 0.43555
vn -0.34038 0.67805 -0.65145
vn 0.00805 0.3323 -0.94314
vn 0.04728 0.75744 -0.65119
vn 0.07234 0.76855 -0.63568
vn 0.05021 -0.75374 -0.65525
vn 0.0083 -0.33243 -0.94309
vn 0.07843 -0.76706 -0.63677
vn -0.46662 0.88369 -0.03674
vn -0.33394 0.93289 0.13494
vn -0.83808 0.28076 0.46776
vn -0.10734 -0.75391 -0.64815
vn -0.12944 0.75485 -0.643
vn 0.01226 0.78378 -0.62091
vn -0.02244 -2E-05 -0.99975
vn -0.04453 0.36577 -0.92964
vn 0.08726 -0.99596 -0.02142
vn 0.0113 -0.78619 -0.61788
vn 0.05178 -0.99749 -0.04837
vn -0.22917 0.97265 -0.03782
vn 0.077 -0.99697 0.0107
vn 0.06477 0.99783 0.01156
vn 0.08521 0.99609 -0.02323
vn -0.08393 0.78769 -0.61033
vn 0.05279 0.99762 -0.0444
vn -0.00752 0.99876 -0.04919
vn -0.04461 -0.36597 -0.92955
vn -0.08691 5E-05 -0.99622
vn -0.01045 -0.99875 -0.04895
vn -0.05845 0.99825 0.00848
vn -0.10826 0.99349 -0.0354
vn -0.16307 0.40115 -0.90138
vn -0.24867 0.8123 -0.52757
vn -0.0595 -0.78237 -0.61997
vn -0.15042 -0.41109 -0.8991
vn -0.6283 0.77421 -0.07647
vn -0.53216 0.83627 0.13214
vn -0.22627 -3E-05 -0.97407
vn -0.41396 0.43842 -0.79776
vn -0.10458 -0.99234 -0.06574
vn -0.24313 -0.82112 -0.51639
vn -0.82834 0.50699 -0.23838
vn -0.44615 -0.46935 -0.76202
vn -0.49442 -0.00248 -0.86922
vn -0.6675 -0.74359 -0.03903
vn -0.55665 -0.81487 0.16165
vn -0.97265 0.01347 -0.23187
vn -0.88295 -0.45369 -0.12073
vn 0.55665 -0.81487 0.16165
vn 0.6675 -0.74359 -0.03903
vn 0.10458 -0.99234 -0.06574
vn 0.24313 -0.82112 -0.51639
vn 0.88295 -0.45369 -0.12073
vn 0.0595 -0.78237 -0.61997
vn 0.01045 -0.99875 -0.04895
vn 0.44615 -0.46935 -0.76202
vn 0.97265 0.01347 -0.23187
vn -0.0113 -0.78619 -0.61788
vn 0.15042 -0.41109 -0.8991
vn 0.04461 -0.36597 -0.92955
vn 0.49442 -0.00248 -0.86922
vn 0.41396 0.43842 -0.79776
vn 0.82834 0.50699 -0.23838
vn -0.05178 -0.99749 -0.04837
vn 0.08691 5E-05 -0.99622
vn -0.0083 -0.33243 -0.94309
vn 0.02244 -2E-05 -0.99975
vn 0.22627 -3E-05 -0.97407
vn 0.24867 0.8123 -0.52757
vn 0.6283 0.77421 -0.07647
vn -0.07843 -0.76706 -0.63677
vn -0.08726 -0.99596 -0.02142
vn 0.04453 0.36577 -0.92964
vn 0.04861 6E-05 -0.99882
vn -0.00805 0.3323 -0.94314
vn 0.16307 0.40115 -0.90138
vn 0.10826 0.99349 -0.0354
vn 0.53216 0.83627 0.13214
vn -0.05021 -0.75374 -0.65525
vn -0.077 -0.99697 0.0107
vn 0.02221 -0.2873 -0.95758
vn -0.01226 0.78378 -0.62091
vn 0.02305 0.29094 -0.95646
vn -0.07234 0.76855 -0.63568
vn 0.08393 0.78769 -0.61033
vn 0.10734 -0.75391 -0.64815
vn 0.04474 -0.99896 0.0092
vn 0.16275 0.00377 -0.98666
vn 0.15033 -0.25766 -0.95447
vn -0.05279 0.99762 -0.0444
vn -0.04728 0.75744 -0.65119
vn -0.08521 0.99609 -0.02323
vn 0.00752 0.99876 -0.04919
vn 0.34281 -0.68616 -0.64161
vn 0.26271 -0.96455 -0.02487
vn 0.16616 0.26838 -0.94888
vn 0.32306 -0.20971 -0.92285
vn 0.32932 0.22676 -0.91659
vn 0.3008 0.00649 -0.95367
vn -0.06477 0.99783 0.01156
vn 0.52883 -0.54984 -0.64654
vn 0.45062 -0.8907 -0.06002
vn 0.46773 0.20474 -0.85983
vn 0.34038 0.67805 -0.65145
vn 0.50709 0.52724 -0.68182
vn 0.12944 0.75485 -0.643
vn 0.05845 0.99825 0.00848
vn 0.34933 -0.6537 -0.67129
vn 0.31032 -0.94856 0.06267
vn 0.46976 -0.18866 -0.8624
vn 0.73862 0.15653 -0.6557
vn 0.43119 -0.00256 -0.90226
vn 0.60136 0.13586 -0.78734
vn 0.22917 0.97265 -0.03782
vn 0.74845 -0.1598 -0.64366
vn 0.56338 -0.0157 -0.82605
vn 0.6112 -0.00125 -0.79147
vn 0.46662 0.88369 -0.03674
vn 0.30157 0.67005 -0.67829
vn 0.61045 -0.00054 -0.79206
vn 0.799 0.01565 -0.60113
vn 0.95381 -0.21583 -0.20895
vn 0.99452 0.1018 -0.02381
vn 0.58772 -0.11965 -0.80017
vn 0.93584 0.26884 -0.22788
vn 0.99965 0.02215 -0.0147
vn 0.33394 0.93289 0.13494
vn 0.84069 -0.24516 0.48284
vn 0.88193 0.01027 -0.47126
vn 0.82597 -0.50696 0.24652
vn 0.71832 0.00046 -0.69571
vn 0.78918 -0.5671 -0.23578
vn 0.83808 0.28076 0.46776
vn 0.64342 -0.62954 0.43555
vn 0.76813 0.59119 -0.24591
vn 0.80659 0.54858 0.22017
vn 0.64047 0.64273 0.42037
vn -0.00305 0.49623 -0.86819
vn 0.46248 -0.08577 -0.88247
vn -0.03252 0.48003 -0.87665
vn 0.31079 -0.09468 -0.94575
vn 0.6759 -0.27768 -0.68268
vn 0.00629 0.41229 -0.91103
vn 0.46466 -0.34033 -0.81748
vn 0.77782 -0.45576 -0.43276
vn 0.15437 -0.13184 -0.97918
vn 0 0.41816 -0.90837
vn 0.54193 -0.56819 -0.61925
vn 0.54653 -0.75177 -0.36898
vn 0.7723 -0.6212 -0.13291
vn -0 -0.14646 -0.98922
vn -0.15437 -0.13184 -0.97918
vn -0.00629 0.41229 -0.91103
vn 0.23157 -0.40298 -0.88543
vn 0.46751 -0.8808 -0.07503
vn 0.60285 -0.77625 0.18443
vn -0.31079 -0.09468 -0.94575
vn -0.23157 -0.40298 -0.88543
vn -0.46466 -0.34033 -0.81748
vn 0.261 -0.67168 -0.69335
vn 0.30642 -0.89282 0.33012
vn 0.03252 0.48003 -0.87665
vn 0 -0.43665 -0.89963
vn -0.6759 -0.27768 -0.68268
vn -0.54193 -0.56819 -0.61925
vn -0.77782 -0.45576 -0.43276
vn 0.25272 -0.86376 -0.43595
vn 0.23876 -0.97019 -0.04161
vn -0 -0.99989 -0.01512
vn 0 -0.91422 0.40522
vn -0.46248 -0.08577 -0.88247
vn 0.00305 0.49623 -0.86819
vn -0.261 -0.67168 -0.69335
vn -0 -0.71568 -0.69843
vn -0.54653 -0.75177 -0.36898
vn -0.7723 -0.6212 -0.13291
vn -0.30642 -0.89282 0.33012
vn -0 -0.90617 -0.42291
vn -0.46751 -0.8808 -0.07503
vn -0.60285 -0.77625 0.18443
vn -0.25272 -0.86376 -0.43595
vn -0.23876 -0.97019 -0.04161
vn 0.9356 -0.14037 -0.32396
vn 0.94033 0.02228 -0.33954
vn 0.89398 -0.11014 -0.43435
vn 0.85353 0.10878 -0.50957
vn 0.92014 -0.18668 -0.34422
vn 0.95987 -0.2768 -0.04512
vn 0.58277 0.23508 -0.7779
vn 0.83791 -0.21804 -0.50037
vn 0.74996 0.01871 -0.66122
vn 0.64102 -0.03321 -0.76681
vn 0.17268 0.66396 -0.72755
vn 0.90678 -0.3515 -0.23279
vn 0.88888 -0.36355 0.27879
vn 0.10318 0.6122 -0.78394
vn 0.03816 0.58985 -0.80661
vn 0.64845 -0.47818 0.59233
vn 0.27402 -0.30511 0.91204
vn 0.30107 -0.56794 0.76603
vn 0.86174 -0.50189 0.07427
vn -0 -0.61221 0.79069
vn 0.29613 -0.5328 0.79273
vn 0 -0.34029 0.94032
vn 0.65425 -0.64507 0.39477
vn -0.27402 -0.30511 0.91204
vn 0.2534 -0.86309 0.43687
vn -0.30107 -0.56794 0.76603
vn -0 -0.88978 0.4564
vn -0.2534 -0.86309 0.43687
vn 0.32104 -0.72874 0.60488
vn 0 -0.53969 0.84186
vn 0 -0.7127 0.70147
vn -0.29613 -0.5328 0.79273
vn -0.64845 -0.47818 0.59233
vn -0.2228 -0.85929 0.46041
vn 0.2228 -0.85929 0.46041
vn -0 -0.87321 0.48734
vn -0.65425 -0.64507 0.39477
vn -0.88888 -0.36355 0.27879
vn -0.86174 -0.50189 0.07427
vn -0.19226 -0.81704 0.54358
vn -0.32104 -0.72874 0.60488
vn -0.90678 -0.3515 -0.23279
vn -0 -0.82556 0.56431
vn 0.19226 -0.81704 0.54358
vn -0.18286 -0.7223 0.66696
vn -0.95987 -0.2768 -0.04512
vn -0 -0.7329 0.68033
vn 0.18286 -0.7223 0.66696
vn -0.21318 -0.55454 0.80439
vn -0.83791 -0.21804 -0.50037
vn 0.21318 -0.55454 0.80439
vn 0 -0.58375 0.81194
vn -0.27464 -0.34876 0.89607
vn -0.92014 -0.18668 -0.34422
vn -0.85353 0.10878 -0.50957
vn -0.94033 0.02228 -0.33954
vn 0.27464 -0.34876 0.89607
vn 0 -0.40254 0.9154
vn -0.34033 -0.12635 0.93178
vn -0.59171 -0.05166 0.80449
vn -0.58277 0.23508 -0.7779
vn -0.74996 0.01871 -0.66122
vn -0.17268 0.66396 -0.72755
vn -0.9356 -0.14037 -0.32396
vn -0.64102 -0.03321 -0.76681
vn 0.34033 -0.12635 0.93178
vn 0.59171 -0.05166 0.80449
vn -0 -0.29867 0.95436
vn -0.79384 0.00599 0.6081
vn -0.40788 0.14979 0.90066
vn -0.59313 0.14847 0.7913
vn -0.89398 -0.11014 -0.43435
vn -0.10318 0.6122 -0.78394
vn 0.79384 0.00599 0.6081
vn 0.40724 -0.23494 0.88259
vn 0.40788 0.14979 0.90066
vn 0.55477 0.13037 0.82172
vn -0.55477 0.13037 0.82172
vn -0.40724 -0.23494 0.88259
vn -0.77668 0.21554 0.59187
vn -0.03816 0.58985 -0.80661
vn 0.91707 0.04571 0.39611
vn 0.59313 0.14847 0.7913
vn -0 -0.49766 0.86737
vn -0.91707 0.04571 0.39611
vn 0.97409 0.06482 0.21667
vn 0.99495 0.06349 0.07768
vn 0.77668 0.21554 0.59187
vn -0.97409 0.06482 0.21667
vn -0.99495 0.06349 0.07768
vn -0.87718 0.26787 0.3985
vn 0.92348 0.30086 0.23804
vn 0.87718 0.26787 0.3985
vn 0.99802 0.05902 -0.02193
vn -0.99802 0.05902 -0.02193
vn -0.92348 0.30086 0.23804
vn -0.94748 0.31859 0.02778
vn -0.94181 0.31462 0.11836
vn 0.94181 0.31462 0.11836
vn 0.97553 -0.08897 -0.20106
vn -0.99459 0.04772 -0.09223
vn -0.95443 0.29841 -0.00482
vn 0.94748 0.31859 0.02778
vn 0.93341 -0.14226 -0.3294
vn 0.91488 -0.23946 -0.32505
vn -0.97553 -0.08897 -0.20106
vn -0.97544 0.21567 -0.04465
vn 0.99459 0.04772 -0.09223
vn 0.86462 -0.14188 -0.48198
vn 0.89401 -0.21153 -0.39497
vn 0.87411 -0.31015 -0.37382
vn -0.93341 -0.14226 -0.3294
vn -0.91488 -0.23946 -0.32505
vn -0.97722 -0.07415 -0.19883
vn -0.9946 0.0751 -0.0717
vn 0.95443 0.29841 -0.00482
vn 0.97722 -0.07415 -0.19883
vn 0.87417 -0.34633 -0.34042
vn 0.7858 -0.35285 -0.50795
vn 0.7677 -0.11941 -0.62959
vn -0.86462 -0.14188 -0.48198
vn -0.89401 -0.21153 -0.39497
vn -0.87411 -0.31015 -0.37382
vn -0.91614 -0.2974 -0.26878
vn 0.97544 0.21567 -0.04465
vn 0.91614 -0.2974 -0.26878
vn 0.82282 -0.48573 -0.29503
vn 0.72183 -0.40623 -0.56031
vn 0.66727 -0.07716 -0.74081
vn 0.33616 -0.70076 -0.62923
vn -0.87417 -0.34633 -0.34042
vn -0.7858 -0.35285 -0.50795
vn -0.7677 -0.11941 -0.62959
vn 0.9946 0.0751 -0.0717
vn 0.77631 -0.50052 -0.38316
vn 0.24961 -0.84554 0.47198
vn 0.27788 -0.81829 0.50318
vn 0.59938 -0.43548 -0.67164
vn -0.72183 -0.40623 -0.56031
vn -0.82282 -0.48573 -0.29503
vn -0.66727 -0.07716 -0.74081
vn -0.33616 -0.70076 -0.62923
vn 0.32906 -0.80465 0.49422
vn 0.492 -0.00142 -0.87059
vn 0.65964 -0.57528 -0.48366
vn -0.59938 -0.43548 -0.67164
vn -0.24961 -0.84554 0.47198
vn -0.77631 -0.50052 -0.38316
vn -0.27788 -0.81829 0.50318
vn 0.20035 -0.84932 0.48839
vn 0.31724 -0.44015 -0.84002
vn 0.27168 0.03322 -0.96181
vn -0.492 -0.00142 -0.87059
vn -0.31724 -0.44015 -0.84002
vn -0.32906 -0.80465 0.49422
vn 0.37581 -0.72042 -0.58289
vn 0 -0.82976 0.55812
vn 0 -0.44588 -0.89509
vn -0.27168 0.03322 -0.96181
vn -0.65964 -0.57528 -0.48366
vn -0 -0.75093 -0.66038
vn -0 0.03861 -0.99925
vn -0.20035 -0.84932 0.48839
vn -0.37581 -0.72042 -0.58289
vn 0 -0.99909 -0.04258
vn -0.20183 -0.97826 -0.0476
vn -0 0.14371 -0.98962
vn -0.14814 0.14733 -0.97793
vn -0.56335 -0.81564 0.1318
vn -0 0.47012 -0.8826
vn -0.256 0.15066 -0.95487
vn -0.13698 -0.98476 -0.10721
vn -0.1253 0.4714 -0.87297
vn -0.09785 0.64548 -0.75748
vn 0 0.65215 -0.75809
vn -0.2115 0.19694 -0.95733
vn -0.68664 -0.61432 -0.38877
vn -0.07596 0.74391 -0.66394
vn -0.21204 0.46824 -0.85778
vn -0.15449 0.74219 -0.65214
vn -0.18476 0.63038 -0.75398
vn -0.19653 0.38243 -0.90284
vn 0 0.74589 -0.66607
vn -0.23638 0.73503 -0.6355
vn -0.21793 0.4923 -0.8427
vn -0.24457 0.64085 -0.72766
vn -0.0923 0.77384 -0.62661
vn -0.19197 0.77948 -0.59629
vn -0.32483 0.74054 -0.5883
vn -0.25755 0.79202 -0.55351
vn -0.32209 0.79243 -0.518
vn -0.2283 0.57863 -0.78299
vn -0.2312 0.70506 -0.67041
vn 0 0.77353 -0.63376
vn -0.42653 0.77164 -0.47185
vn -0.30309 0.67881 -0.66884
vn -0.38068 0.73578 -0.56009
vn -0.34537 0.80337 -0.4851
vn -0.40102 0.80416 -0.43877
vn -0.13498 0.80102 -0.58322
vn -0.26194 0.80202 -0.53681
vn 0 0.80003 -0.59996
vn 0.20183 -0.97826 -0.0476
vn 0.14814 0.14733 -0.97793
vn 0.56335 -0.81564 0.1318
vn 0.1253 0.4714 -0.87297
vn 0.09785 0.64548 -0.75748
vn 0.256 0.15066 -0.95487
vn 0.13698 -0.98476 -0.10721
vn 0.07596 0.74391 -0.66394
vn 0.2115 0.19694 -0.95733
vn 0.68664 -0.61432 -0.38877
vn 0.21204 0.46824 -0.85778
vn 0.0923 0.77384 -0.62661
vn 0.19653 0.38243 -0.90284
vn 0.18476 0.63038 -0.75398
vn 0.15449 0.74219 -0.65214
vn 0.13498 0.80102 -0.58322
vn 0.21793 0.4923 -0.8427
vn 0.19197 0.77948 -0.59629
vn 0.24457 0.64085 -0.72766
vn 0.23638 0.73503 -0.6355
vn 0.2312 0.70506 -0.67041
vn 0.2283 0.57863 -0.78299
vn 0.26194 0.80202 -0.53681
vn 0.25755 0.79202 -0.55351
vn 0.30309 0.67881 -0.66884
vn 0.32483 0.74054 -0.5883
vn 0.34537 0.80337 -0.4851
vn 0.38068 0.73578 -0.56009
vn 0.32209 0.79243 -0.518
vn 0.42653 0.77164 -0.47185
vn 0.40102 0.80416 -0.43877
vn 0.04338 0.87852 0.47573
vn 0.49548 0.74184 0.45187
vn 0.00171 0.88613 0.46344
vn 0.04285 0.53638 0.84289
vn 0.54922 0.43601 0.71292
vn -0.05062 0.88483 0.46316
vn -0.0069 0.5229 0.85237
vn -0.05952 0.52898 0.84654
vn 0.06251 5E-05 0.99804
vn 0.57576 0.02525 0.81723
vn -0.04958 7E-05 0.99877
vn -0.08888 0.53849 0.83793
vn -0.08872 -3E-05 0.99606
vn 0.00159 -6E-05 1
vn 0.47697 -0.49809 0.72416
vn -0.05462 3E-05 0.99851
vn -0.05968 -0.52851 0.84682
vn -0.09017 -0.53654 0.83904
vn 0.037 -0.54627 0.83679
vn -0.00842 -0.52423 0.85154
vn -0.06522 0.88369 0.46351
vn -0.07183 -0.54436 0.83577
vn -0.07289 0.54709 0.8339
vn 0.05264 -0.00335 0.99861
vn 0.00098 -0.88526 0.46509
vn 0.03291 -0.88573 0.46304
vn 0.47942 -0.74934 0.45678
vn -0.06586 -0.88439 0.46208
vn -0.05052 -0.88636 0.46024
vn -0.06479 -0.88412 0.46274
vn -0.06012 0.88192 0.46755
vn 0.06412 -0.54132 0.83837
vn 0.04587 0.53658 0.8426
vn 0.25211 -0.51049 0.8221
vn 0.27235 0.47976 0.83406
vn 0.21596 -0.00585 0.97638
vn 0.03008 -0.87411 0.48479
vn 0.01791 0.88295 0.46913
vn 0.44241 0.50373 0.74198
vn 0.44783 -0.47651 0.75656
vn 0.36747 0.00559 0.93002
vn 0.23923 0.84369 0.48058
vn 0.20896 -0.84023 0.50035
vn 0.58183 0.4964 0.64425
vn 0.59478 -0.47874 0.6458
vn 0.49676 -0.00453 0.86788
vn 0.6358 0.59967 0.48595
vn 0.43556 0.75316 0.49298
vn 0.65625 -0.55823 0.50766
vn 0.43098 -0.76174 0.48374
vn 0.58147 -0.00408 0.81356
vn 0.38932 0.69829 0.60069
vn 0.67409 0.62174 0.3988
vn 0.43476 -0.67658 0.59432
vn 0.67452 -0.59784 0.43315
vn 0.69162 0.51064 0.51079
vn 0.685 -0.50092 0.52902
vn 0.53373 -0.00166 0.84565
vn -0.04338 0.87852 0.47573
vn -0.49548 0.74184 0.45187
vn -0.04285 0.53638 0.84289
vn -0.54922 0.43601 0.71292
vn -0.00171 0.88613 0.46344
vn -0.06251 5E-05 0.99804
vn 0.0069 0.5229 0.85237
vn -0.00159 -6E-05 1
vn 0.05062 0.88483 0.46316
vn -0.57576 0.02525 0.81723
vn 0.04958 7E-05 0.99877
vn -0.037 -0.54627 0.83679
vn 0.00842 -0.52423 0.85154
vn 0.05952 0.52898 0.84654
vn -0.47698 -0.49809 0.72416
vn 0.05968 -0.52851 0.84682
vn -0.03291 -0.88573 0.46304
vn -0.00098 -0.88526 0.46509
vn 0.08888 0.53849 0.83793
vn 0.08872 -3E-05 0.99606
vn 0.06522 0.88369 0.46351
vn -0.47942 -0.74934 0.45678
vn 0.05052 -0.88636 0.46024
vn 0.05462 3E-05 0.99851
vn 0.09017 -0.53654 0.83904
vn 0.06012 0.88192 0.46755
vn 0.07183 -0.54436 0.83577
vn 0.07289 0.54709 0.8339
vn -0.05264 -0.00335 0.99861
vn -0.01791 0.88295 0.46913
vn 0.06479 -0.88412 0.46274
vn -0.06412 -0.54132 0.83837
vn 0.06586 -0.88439 0.46208
vn -0.03008 -0.87411 0.48479
vn -0.23923 0.84369 0.48058
vn -0.04587 0.53658 0.8426
vn -0.25211 -0.51049 0.8221
vn -0.43556 0.75316 0.49298
vn -0.27235 0.47976 0.83406
vn -0.20896 -0.84023 0.50035
vn -0.38932 0.69829 0.60068
vn -0.21596 -0.00585 0.97638
vn -0.44241 0.50373 0.74198
vn -0.44783 -0.47651 0.75656
vn -0.43098 -0.76174 0.48374
vn -0.6358 0.59967 0.48595
vn -0.36747 0.00559 0.93002
vn -0.43476 -0.67658 0.59432
vn -0.65625 -0.55823 0.50766
vn -0.58183 0.49641 0.64425
vn -0.67409 0.62174 0.3988
vn -0.59478 -0.47873 0.64579
vn -0.69162 0.51064 0.51079
vn -0.53373 -0.00167 0.84565
vn -0.49676 -0.00453 0.86788
vn -0.67452 -0.59783 0.43315
vn -0.58147 -0.00408 0.81356
vn -0.685 -0.50091 0.52902
vn -0.46917 0.77757 0.41864
vn -0.40891 0.742 -0.53124
vn -0.51245 0 0.85872
vn -0.46932 -0.77746 0.41867
vn -0.36083 3E-05 -0.93263
vn -0.99518 -0 -0.09809
vn -0.40905 -0.74191 -0.53128
vn -0.3218 -0.63986 0.69787
vn 0.04348 -0.99894 -0.0152
vn -0.72129 0.177 0.66964
vn 0.01539 -0.57324 -0.81924
vn -0.87573 -0.4271 -0.22514
vn -0.75314 0.64882 -0.10867
vn -0.3928 0.29625 -0.8706
vn 0.31854 0.64158 0.69778
vn -0.04818 0.99873 -0.01506
vn 0.72226 -0.17314 0.6696
vn -0.0183 0.57313 -0.81926
vn 0.87349 0.43165 -0.22516
vn 0.7566 -0.6448 -0.10863
vn 0.39431 -0.29417 -0.87062
vn 0.46917 0.77757 0.41864
vn 0.40891 0.742 -0.53124
vn 0.51245 0 0.85872
vn 0.46932 -0.77746 0.41867
vn 0.36083 3E-05 -0.93263
vn 0.99518 -0 -0.09809
vn 0.40905 -0.74191 -0.53128
vn 0.3218 -0.63986 0.69787
vn -0.04348 -0.99894 -0.01521
vn 0.72129 0.177 0.66964
vn -0.01539 -0.57323 -0.81925
vn 0.87573 -0.4271 -0.22514
vn 0.75314 0.64882 -0.10867
vn 0.3928 0.29625 -0.8706
vn -0.31854 0.64158 0.69778
vn 0.04818 0.99873 -0.01506
vn -0.72226 -0.17314 0.66959
vn 0.0183 0.57313 -0.81926
vn -0.87349 0.43165 -0.22516
vn -0.7566 -0.6448 -0.10863
vn -0.39431 -0.29417 -0.87062
vn 0 -0.59261 0.80549
vn 0.0158 -0.6701 0.7421
vn 0.07794 -0.6525 0.75377
vn -0.0158 -0.6701 0.7421
vn -0.07794 -0.6525 0.75377
vn 0.15079 -0.77689 0.61131
vn 0 -0.80838 0.58867
vn 0.01698 -0.64589 0.76325
vn -0.01698 -0.64589 0.76325
vn -0.15079 -0.77689 0.61131
vn -0.25507 -0.71509 0.65084
vn -0.22769 -0.75602 0.61367
vn 0.22769 -0.75602 0.61367
vn -0 -0.74113 0.67137
vn 0.14515 -0.73696 0.66017
vn 0.0606 -0.65716 0.75131
vn -0.20576 -0.59487 0.77704
vn -0.14515 -0.73696 0.66017
vn 0.25507 -0.71509 0.65084
vn -0.21517 -0.64104 0.73673
vn 0.26127 -0.67721 0.68784
vn 0.07767 -0.64232 0.76249
vn 0.24429 -0.64928 0.72025
vn -0.0606 -0.65716 0.75131
vn -0.26127 -0.67721 0.68784
vn -0 -0.6785 0.7346
vn 0.24768 -0.59191 0.767
vn 0.14152 -0.68107 0.71841
vn 0.11643 -0.62558 0.77143
vn 0.20576 -0.59487 0.77704
vn -0.14152 -0.68107 0.71841
vn 0.1586 -0.3064 0.9386
vn 0.05803 -0.6045 0.79449
vn -0 -0.61713 0.78686
vn 0.21517 -0.64104 0.73673
vn -0.24429 -0.64928 0.72025
vn -0.07767 -0.64232 0.76249
vn -0 -0.58377 0.81192
vn 0.0381 -0.34273 0.93866
vn -0.11643 -0.62558 0.77143
vn -0.24768 -0.59191 0.767
vn -0.05803 -0.6045 0.79449
vn -0 -0.36341 0.93163
vn -0.0381 -0.34273 0.93866
vn -0.1586 -0.3064 0.9386
vn 0 0.64889 0.76088
vn 0.56938 0.68212 0.45883
vn 0.3877 0.47201 0.79177
vn 0 0.90733 0.42043
vn 0.81266 0.12514 0.56915
vn 0.5735 0.6959 0.43222
vn 0 0.92585 0.3779
vn 0.8142 0.13718 0.56414
vn 0.58432 -0.43336 0.68612
vn 0.38431 0.56725 0.72838
vn -0 0.71695 0.69713
vn 0.53401 0.20822 0.81944
vn 0.57787 -0.4244 0.6971
vn 0.37752 -0.16472 0.91123
vn -0 0.23976 0.97083
vn -0 -0.66539 0.7465
vn 0 -0.31312 0.94971
vn -0 -0.65642 0.7544
vn -0.3877 0.47201 0.79177
vn -0.56938 0.68212 0.45883
vn -0.81266 0.12514 0.56915
vn -0.5735 0.6959 0.43222
vn -0.8142 0.13718 0.56414
vn -0.38431 0.56725 0.72838
vn -0.58432 -0.43336 0.68612
vn -0.53401 0.20822 0.81944
vn -0.37752 -0.16472 0.91123
vn -0.57787 -0.4244 0.6971
vn -0.004 0.07949 0.99683
vn -0.49918 -0.75417 0.42666
vn -0.35772 -0.81335 0.45879
vn -0.52271 -0.77326 0.35895
vn 0.11162 0.02907 0.99333
vn 0.11148 0.01975 0.99357
vn 0.42957 0.8769 0.21568
vn 0.58128 0.7973 0.16253
vn 0.51718 0.83674 0.17998
vn -0.33618 -0.62708 -0.70267
vn -0.41918 -0.47963 -0.77087
vn -0.33556 -0.62733 -0.70275
vn 0.47034 0.83714 0.27924
vn -0.18854 -0.88357 0.42867
vn 0.36969 -0.11264 0.9223
vn 0.59849 0.77734 0.19379
vn 0.32251 -0.17002 0.93117
vn 0.17365 0.46681 -0.86714
vn 0.25281 0.42655 -0.86842
vn 0.29116 0.35924 -0.88666
vn -0.51169 -0.5479 -0.6618
vn -0.56674 -0.33246 -0.75384
vn 0.07243 0.58246 -0.80962
vn 0.4914 0.84379 0.21574
vn -0.07042 0.62408 -0.77818
vn -0.30607 0.70189 -0.64317
vn 0.64577 0.73277 0.21456
vn -0.11766 0.74296 -0.65891
vn -0.06878 -0.94228 0.32768
vn -0.68786 -0.44137 -0.57623
vn -0.43618 -0.85428 0.28275
vn -0.43055 0.72335 -0.5398
vn 0.62291 -0.20056 0.75614
vn 0.50478 0.84669 0.16823
vn -0.30548 0.89866 -0.31479
vn 0.51803 -0.34439 0.78297
vn 0.51743 0.74002 0.42969
vn -0.72968 -0.18448 -0.65843
vn -0.53543 0.76515 -0.35759
vn 0.01098 -0.96173 0.27379
vn -0.77429 -0.42009 -0.47328
vn 0.04088 0.71684 0.69604
vn -0.50464 0.83821 0.20673
vn -0.39496 -0.89624 0.20187
vn 0.40204 -0.28501 0.87014
vn -0.50157 -0.76326 0.40726
vn 0.55247 0.82699 0.10418
vn 0.74587 -0.22967 0.62525
vn -0.54613 0.40047 0.73577
vn -0.04596 0.04394 0.99798
vn -0.94191 -0.02599 -0.33486
vn -0.65032 -0.27337 0.70877
vn -0.95398 0.22097 0.20272
vn -0.62411 0.75915 -0.18488
vn 0.14826 -0.96223 0.22831
vn -0.86893 -0.43898 -0.22859
vn 0.59619 0.80285 -0.00046
vn 0.89493 -0.23352 0.38022
vn 0.93119 -0.31607 0.18163
vn -0.90338 -0.42713 -0.03828
vn 0.13236 -0.97768 0.16316
vn 0.004 0.0795 0.99683
vn -0.11162 0.02907 0.99333
vn 0.35772 -0.81335 0.45879
vn -0.42957 0.8769 0.21568
vn 0.49918 -0.75417 0.42666
vn -0.51718 0.83674 0.17997
vn 0.52271 -0.77326 0.35895
vn -0.58128 0.7973 0.16253
vn -0.11148 0.01974 0.99357
vn 0.18854 -0.88357 0.42867
vn -0.47033 0.83714 0.27924
vn -0.36969 -0.11264 0.9223
vn 0.41918 -0.47964 -0.77086
vn 0.33618 -0.62708 -0.70267
vn 0.33556 -0.62733 -0.70275
vn -0.2528 0.42654 -0.86842
vn -0.17366 0.46681 -0.86714
vn -0.29116 0.35924 -0.88667
vn -0.32251 -0.17002 0.93117
vn -0.59849 0.77734 0.19379
vn 0.06879 -0.94228 0.32768
vn 0.51169 -0.54789 -0.6618
vn 0.68786 -0.44137 -0.57623
vn 0.07042 0.62409 -0.77818
vn -0.4914 0.84379 0.21575
vn 0.30607 0.7019 -0.64317
vn 0.56674 -0.33246 -0.75384
vn -0.07243 0.58246 -0.80962
vn 0.43618 -0.85428 0.28275
vn -0.64577 0.73277 0.21456
vn -0.51803 -0.34439 0.78297
vn 0.77429 -0.4201 -0.47328
vn -0.62291 -0.20056 0.75614
vn -0.01098 -0.96173 0.27379
vn 0.43055 0.72335 -0.5398
vn 0.11766 0.74296 -0.65891
vn 0.39496 -0.89624 0.20187
vn -0.51743 0.74002 0.42969
vn 0.50158 -0.76326 0.40726
vn -0.40204 -0.28501 0.87014
vn 0.86893 -0.43898 -0.2286
vn 0.53543 0.76515 -0.35759
vn -0.50479 0.84669 0.16823
vn -0.74587 -0.22966 0.62525
vn 0.72968 -0.18448 -0.65843
vn 0.30548 0.89866 -0.31479
vn 0.04596 0.04394 0.99798
vn 0.94191 -0.02599 -0.33486
vn 0.65032 -0.27337 0.70877
vn 0.95398 0.22097 0.20271
vn 0.62411 0.75915 -0.18488
vn -0.14826 -0.96223 0.22831
vn 0.90338 -0.42713 -0.03828
vn -0.04088 0.71684 0.69604
vn 0.54614 0.40047 0.73577
vn 0.50464 0.83821 0.20673
vn -0.13236 -0.97768 0.16316
vn -0.55247 0.82699 0.10418
vn -0.89493 -0.23352 0.38022
vn -0.93119 -0.31607 0.18163
vn -0.59619 0.80285 -0.00046
vn 0.2481 0.7815 0.57246
vn 0.19105 0.58886 0.78533
vn 0.41876 0.54404 0.72709
vn -0 0.622 0.78301
vn 0.52221 0.67204 0.52503
vn 0 0.79887 0.6015
vn 0.56491 0.73318 0.37858
vn 0 0.9045 0.42647
vn 0.29315 0.86412 0.40909
vn 0.25071 0.36257 0.8976
vn -0 0.47125 0.882
vn 0.77118 0.50631 0.38591
vn 0.70181 0.43145 0.56685
vn 0.31007 0.90163 0.30154
vn 0.58918 0.76149 0.2702
vn 0.5174 0.34527 0.783
vn 0.79891 0.54617 0.2519
vn -0 0.94922 0.3146
vn 0.60901 0.77215 0.18136
vn 0.8138 0.56358 0.14184
vn 0.32879 0.91573 0.23095
vn 0 0.97068 0.24038
vn -0.2481 0.7815 0.57246
vn -0.41876 0.54404 0.72709
vn -0.19105 0.58886 0.78533
vn -0.52221 0.67204 0.52503
vn -0.56491 0.73318 0.37858
vn -0.29315 0.86412 0.40909
vn -0.25071 0.36257 0.8976
vn -0.70181 0.43145 0.56685
vn -0.5174 0.34527 0.783
vn -0.58918 0.76149 0.2702
vn -0.77118 0.50631 0.38591
vn -0.79891 0.54617 0.2519
vn -0.31007 0.90163 0.30154
vn -0.8138 0.56358 0.14184
vn -0.32879 0.91573 0.23095
vn -0.60901 0.77215 0.18136
vn 0 0 -1
vn -0.2932 0.00379 -0.95604
vn -0.313 0.15594 -0.93686
vn 0 -0 -1
vn -0.23341 0.29573 -0.92632
vn 0.28369 0.05576 -0.95729
vn -0.13589 0.33264 -0.93321
vn 0.36065 0.10154 -0.92716
vn -0.04119 0.39424 -0.91808
vn 0.27049 0.18894 -0.944
vn 0.07237 0.36945 -0.92643
vn 0.22082 0.36173 -0.90576
vn -0.25213 0.00264 -0.96769
vn 0 0 -1
vn 0.27017 0.06121 -0.96086
vn 7E-05 -1E-05 -1
vn 0.23924 0.06869 -0.96853
vn -0.25174 0.00493 -0.96778
vn 3E-05 3E-05 -1
vn 0.24266 0.0818 -0.96666
vn -0.25512 0.00151 -0.96691
vn -0 -0 -1
vn 0.23436 0.08854 -0.96811
vn -0.24162 0.00629 -0.97035
vn 0 -0 -1
vn 0.29734 0.11859 -0.94738
vn -0.21574 0.01538 -0.97633
vn 0 0 -1
vn 0.3935 0.09619 -0.91428
vn -0.26373 0.02978 -0.96414
vn -0 0 -1
vn 0.4797 0.05709 -0.87557
vn -0.33914 -0.00498 -0.94072
vn 0 0 -1
vn 0.56933 -0.04448 -0.8209
vn -0 0 -1
vn -0 0 -1
vn 0 0 -1
vn 0.48756 -0.11154 -0.86593
vn -0.51122 -0.09129 -0.85459
vn 0 -1E-05 -1
vn 0 0 -1
vn -0 -0 -1
vn -0.5186 -0.23477 -0.82215
vn 0 -1E-05 -1
vn -0 0 -1
vn -0 0 -1
vn -0.14176 -0.29125 -0.94609
vn -0.55336 -0.29377 -0.77941
vn 0 -1E-05 -1
vn 0.0515 -0.67367 -0.73724
vn 0.19553 -0.2284 -0.95373
vn 0.0537 -0.674 -0.73677
vn 0 0 -1
vn -0.16603 -0.29104 -0.94219
vn -0 -0 -1
vn 0.00016 -0.00218 -1
vn 0.18492 -0.28325 -0.94105
vn 0.14176 -0.29125 -0.94609
vn -0.0515 -0.67367 -0.73724
vn 0.47356 -0.87937 -0.0494
vn -0.03506 -0.99934 -0.00967
vn -0.60307 -0.78724 -0.12864
vn -0.19553 -0.2284 -0.95373
vn 0.28323 -0.89953 0.33261
vn -0.25328 -0.9073 0.33564
vn -0.74296 -0.52992 0.4089
vn -0.18493 -0.62406 0.75917
vn -0.56905 -0.38512 0.72655
vn 0.31671 -0.54902 0.77348
vn -0.05826 -0.51603 0.85459
vn -0.06928 -0.4649 0.88265
vn -0.26991 -0.43572 0.85866
vn -0.13182 -0.44517 0.88569
vn 0.47027 -0.52011 0.71297
vn -0.20714 -0.39089 0.89682
vn -0.65398 -0.45576 0.60381
vn 0.03458 -0.65211 0.75733
vn 0.58853 -0.70451 0.3966
vn -0.45087 -0.18389 0.87344
vn -0.02857 -0.33844 0.94055
vn -0.49075 -0.02843 0.87084
vn -0.23505 -0.15714 0.9592
vn -0.68903 -0.34924 0.63504
vn -0.95504 -0.22776 0.18979
vn -0.91736 -0.32594 0.2285
vn 0.0728 -0.93858 0.33731
vn 0.37212 -0.91927 -0.12837
vn 0.0958 -0.42012 0.9024
vn -0.82027 0.09999 0.56317
vn -0.7774 -0.04455 0.62743
vn -0.0051 -0.21554 0.97648
vn -0.50785 0.07092 0.85852
vn -0.26768 -0.0806 0.96013
vn -0.9707 -0.10497 -0.21617
vn -0.95439 -0.21604 -0.20607
vn -0.20724 -0.97817 -0.01516
vn -0.0537 -0.674 -0.73677
vn 0.16603 -0.29104 -0.94219
vn 0.06443 -0.53759 0.84074
vn -0.41038 -0.48181 0.77424
vn -0.97821 0.18092 0.10186
vn -0.78691 0.27567 0.55207
vn -0.93346 0.35224 0.06771
vn 0.17254 -0.21261 0.96178
vn -0.31108 -0.0059 0.95037
vn 0.00523 -0.15355 0.98813
vn 0.01477 -0.11673 0.99305
vn -0.9418 0.08752 -0.32457
vn -0.98164 0.05875 0.18148
vn -0.56933 -0.04448 -0.8209
vn -0.48756 -0.11154 -0.86593
vn -0.66191 -0.74951 -0.0102
vn -0.45267 -0.81422 0.3635
vn 0.30368 -0.29646 0.90548
vn 0.05145 -0.5088 0.85935
vn 0.54665 -0.56973 0.61366
vn 0.45198 -0.61867 0.64262
vn -0.85158 0.22056 0.47557
vn -0.88256 0.19315 -0.4287
vn -0.94122 0.31478 0.12253
vn -0.79507 0.30378 -0.52496
vn 0.21867 -0.14426 0.96508
vn -0.4797 0.05709 -0.87557
vn -0.18492 -0.28325 -0.94105
vn 0.40086 -0.1627 0.90158
vn 0.774 -0.57741 0.25985
vn -0.61595 0.12194 0.77829
vn -0.79189 0.296 -0.53413
vn -0.98906 0.01861 0.14634
vn -0.96464 0.26263 0.02223
vn -0.3935 0.09619 -0.91428
vn 0.27423 -0.11159 0.95517
vn 0.45348 -0.06678 0.88876
vn 0.7083 -0.28885 0.64411
vn 0.78068 -0.1021 0.61654
vn 0.83868 -0.51581 0.17481
vn 0.87828 -0.43682 -0.19446
vn 0.86337 -0.49866 -0.07698
vn -0.84661 -0.32892 0.41841
vn -0.80229 0.25797 -0.53831
vn -0.29734 0.11859 -0.94738
vn -0.23436 0.08854 -0.96811
vn 0.02203 -0.64407 0.76465
vn 0.80858 0.03116 0.58755
vn 0.51269 -0.0713 0.85561
vn 0.5186 -0.23477 -0.82215
vn 0.55336 -0.29377 -0.77941
vn 0.94789 -0.29315 0.12475
vn 0.91985 -0.2163 -0.32724
vn -0.9834 0.16333 -0.07897
vn -0.496 -0.60873 0.61922
vn -0.24266 0.0818 -0.96666
vn -0.96399 0.25233 -0.08394
vn -0.79055 0.23266 -0.56649
vn 0.36109 -0.46891 0.80606
vn 0.99584 0.09012 0.01323
vn 0.82055 0.02902 0.57084
vn 0.51122 -0.09129 -0.85459
vn 0.99456 -0.08358 0.06212
vn 0.84726 -0.04706 -0.52909
vn -0.23924 0.06869 -0.96853
vn -0.96961 0.20264 -0.1371
vn -0.96786 0.21617 -0.12851
vn 0.56725 -0.2675 0.7789
vn 0.33914 -0.00498 -0.94072
vn 0.99508 0.05976 0.07905
vn 0.78384 0.08282 -0.61541
vn -0.804 0.18699 -0.56447
vn -0.27017 0.06121 -0.96086
vn -0.93734 0.33571 0.09322
vn 0.89066 -0.15439 0.42765
vn 0.26373 0.02978 -0.96414
vn -0.80025 0.1785 -0.57248
vn -0.28369 0.05576 -0.95729
vn -0.9224 0.32818 0.20367
vn -0.63899 0.52788 0.55949
vn -0.96636 0.21931 -0.13438
vn 0.9987 -0.02824 0.04245
vn 0.7874 0.05077 -0.61435
vn 0.97783 -0.12017 0.17148
vn -0.82208 0.19551 -0.53476
vn -0.36065 0.10154 -0.92716
vn -0.24888 0.67329 0.69623
vn -0.96478 0.24236 -0.10232
vn -0.80633 0.5449 0.23004
vn 0.21574 0.01538 -0.97633
vn 0.79064 0.02634 -0.61171
vn 0.99706 -0.00939 -0.07599
vn -0.27049 0.18894 -0.944
vn 0.02723 0.66435 0.74692
vn -0.50538 0.745 0.43539
vn -0.83541 0.54701 -0.05352
vn 0.99373 -0.01672 0.11051
vn 0.97965 0.0696 0.18824
vn 0.24162 0.00629 -0.97035
vn -0.6912 0.4741 -0.54541
vn -0.3989 0.76822 -0.50071
vn -0.22082 0.36173 -0.90576
vn -0.2301 0.80453 0.54752
vn 0.06173 0.81355 0.5782
vn 0.9457 0.16536 0.27983
vn 0.98941 0.01714 -0.1441
vn 0.98658 0.06189 -0.15108
vn 0.78139 0.01343 -0.6239
vn 0.99123 -0.01366 -0.13147
vn -0.16437 0.86724 -0.46997
vn -0.4901 0.87096 0.03505
vn -0.20182 0.9736 0.10668
vn 0.62404 0.45879 0.63253
vn 0.7677 0.01824 -0.64055
vn 0.87693 0.39379 0.27555
vn 0.73799 0.32898 -0.58919
vn 0.90109 0.41781 -0.11607
vn 0.77187 0.00204 -0.63578
vn 0.25512 0.00151 -0.96691
vn -0.07237 0.36945 -0.92643
vn 0.09135 0.98449 0.14981
vn 0.29952 0.62983 0.71666
vn 0.2932 0.00379 -0.95604
vn 0.75787 0.02093 -0.65207
vn 0.25213 0.00264 -0.96769
vn 0.58238 0.67044 0.45972
vn 0.61977 0.78478 -0.00297
vn 0.25174 0.00493 -0.96778
vn 0.04119 0.39424 -0.91808
vn 0.09805 0.8895 -0.4463
vn 0.31747 0.77175 0.55102
vn 0.313 0.15594 -0.93686
vn 0.36353 0.92614 0.10058
vn 0.49911 0.68749 -0.52749
vn 0.23341 0.29573 -0.92632
vn 0.31344 0.81025 -0.49523
vn 0.13589 0.33264 -0.93321
vn 0.43794 -0.31328 -0.84265
vn 0 -0 -1
vn -0.0033 -0.02944 -0.99956
vn 0.2489 -0.53475 -0.80752
vn -0.02546 -0.18806 -0.98183
vn -0.19875 -0.93531 -0.29275
vn -0.61643 -0.13769 -0.77528
vn -0.47288 -0.37507 -0.79731
vn -0.97791 -0.20871 -0.01132
vn -0.89067 -0.43138 -0.14357
vn -0.92136 -0.25338 0.29477
vn -0.804 -0.49422 0.33066
vn -0.65903 -0.33304 0.67436
vn -0.63127 -0.56705 0.52911
vn -0.13617 -0.67001 0.72976
vn 0.4149 -0.75282 0.511
vn 0.58881 -0.78261 0.20206
vn 0.61001 -0.72448 -0.32097
vn 0.01573 -0.46131 0.8871
vn 0.78188 -0.54736 0.29843
vn 0.57245 -0.52831 0.62705
vn 0.82365 -0.54411 -0.15982
vn -0.57923 -0.11998 -0.80629
vn -0.97025 -0.19495 -0.14353
vn -0.84319 -0.45044 -0.29349
vn -0.3979 -0.30025 -0.8669
vn -0.90686 -0.26146 0.33052
vn -0.09036 -0.95333 -0.28808
vn -0.81897 -0.51281 0.25752
vn -0.61184 -0.34838 0.71013
vn -0.59861 -0.56498 0.56787
vn -0.07798 -0.65275 0.75355
vn 0.44778 -0.69139 0.56698
vn 0.7083 -0.69648 0.11501
vn 0.72134 -0.57663 -0.38362
vn 0.39299 -0.40265 -0.8267
vn -0.05837 -0.45645 0.88783
vn 0.81411 -0.48004 0.32678
vn 0.50752 -0.49411 0.70589
vn 0.49215 -0.25791 -0.83143
vn 0.88007 -0.43621 -0.18762
vn -0.00016 -0.00218 -1
vn -0.00101 -0.01631 -0.99987
vn 0.00054 -0.13547 -0.99078
vn 0.56492 -0.28049 -0.77601
vn 0.90056 -0.43433 -0.01874
vn 0.81197 -0.46941 0.34692
vn 0.75751 -0.63634 -0.14579
vn 0.37306 -0.45779 -0.807
vn 0.53539 -0.48396 0.6922
vn 0.67057 -0.67608 0.30537
vn -0.03135 -0.95614 -0.29122
vn -0.11775 -0.44612 0.88719
vn 0.49234 -0.70124 0.51562
vn -0.05099 -0.68903 0.72294
vn -0.70214 -0.35318 0.61827
vn -0.6338 -0.61161 0.47353
vn -0.79049 -0.58411 0.18424
vn -0.77859 -0.52112 -0.34962
vn -0.35376 -0.40077 -0.84513
vn -0.9075 -0.30034 0.29367
vn -0.49349 -0.15994 -0.85492
vn -0.94723 -0.27192 -0.16973
vn 0 -0 -1
vn -0.00345 -0.02932 -0.99956
vn -0.02032 -0.18903 -0.98176
vn -0.47356 -0.87937 -0.0494
vn 0.03506 -0.99934 -0.00967
vn -0.28323 -0.89953 0.33261
vn 0.60307 -0.78725 -0.12864
vn 0.25328 -0.9073 0.33564
vn -0.31671 -0.54902 0.77348
vn 0.18493 -0.62406 0.75917
vn 0.26991 -0.43572 0.85866
vn 0.13182 -0.44517 0.88569
vn 0.74296 -0.52992 0.4089
vn 0.65398 -0.45576 0.60381
vn 0.56905 -0.38512 0.72655
vn 0.20714 -0.39089 0.89682
vn 0.05826 -0.51603 0.85459
vn 0.68903 -0.34924 0.63504
vn 0.95504 -0.22776 0.18979
vn 0.91736 -0.32594 0.2285
vn 0.06928 -0.4649 0.88265
vn 0.45087 -0.18389 0.87344
vn 0.02857 -0.33844 0.94055
vn 0.49075 -0.02843 0.87084
vn 0.23505 -0.15714 0.9592
vn 0.7774 -0.04455 0.62743
vn 0.9707 -0.10497 -0.21617
vn 0.95439 -0.21604 -0.20607
vn -0.47027 -0.52011 0.71297
vn 0.0051 -0.21554 0.97648
vn -0.0958 -0.42012 0.9024
vn -0.17254 -0.21261 0.96178
vn 0.82027 0.09999 0.56317
vn 0.50785 0.07093 0.85852
vn 0.78691 0.27567 0.55207
vn 0.9418 0.08752 -0.32457
vn 0.98164 0.05875 0.18148
vn -0.03458 -0.65211 0.75733
vn -0.58853 -0.70451 0.3966
vn -0.21867 -0.14426 0.96508
vn 0.26768 -0.0806 0.96013
vn -0.00523 -0.15355 0.98813
vn 0.93346 0.35224 0.06771
vn 0.61595 0.12194 0.77829
vn 0.85158 0.22056 0.47557
vn 0.97821 0.18091 0.10186
vn 0.88256 0.19315 -0.4287
vn -0.0728 -0.93858 0.33731
vn -0.37212 -0.91926 -0.12837
vn -0.40086 -0.1627 0.90158
vn -0.06443 -0.53759 0.84074
vn -0.30368 -0.29646 0.90548
vn -0.01477 -0.11673 0.99305
vn -0.45348 -0.06678 0.88876
vn -0.27423 -0.11159 0.95517
vn 0.31108 -0.0059 0.95037
vn 0.94122 0.31478 0.12253
vn 0.84661 -0.32892 0.41841
vn 0.98906 0.01861 0.14634
vn 0.79507 0.30378 -0.52496
vn 0.20724 -0.97817 -0.01516
vn 0.41038 -0.48181 0.77424
vn 0.45267 -0.81422 0.3635
vn -0.78068 -0.1021 0.61654
vn -0.54665 -0.56973 0.61366
vn -0.7083 -0.28885 0.64411
vn -0.51269 -0.0713 0.85561
vn -0.02203 -0.64407 0.76465
vn -0.36109 -0.46891 0.80606
vn 0.496 -0.60873 0.61922
vn 0.96464 0.26263 0.02223
vn 0.98341 0.16333 -0.07897
vn 0.79189 0.296 -0.53413
vn -0.05145 -0.5088 0.85935
vn -0.80858 0.03116 0.58756
vn -0.83868 -0.51581 0.17481
vn -0.94789 -0.29315 0.12475
vn 0.96399 0.25233 -0.08394
vn 0.96961 0.20264 -0.1371
vn 0.80229 0.25797 -0.53831
vn 0.66191 -0.74951 -0.0102
vn -0.45198 -0.61867 0.64262
vn -0.82055 0.02902 0.57084
vn -0.56725 -0.2675 0.7789
vn -0.91985 -0.2163 -0.32724
vn -0.84726 -0.04706 -0.52909
vn -0.99456 -0.08358 0.06212
vn 0.93734 0.33571 0.09322
vn 0.96786 0.21617 -0.12852
vn 0.79055 0.23266 -0.56649
vn -0.774 -0.57741 0.25985
vn -0.99584 0.09012 0.01323
vn -0.87828 -0.43682 -0.19446
vn 0.9224 0.32818 0.20367
vn 0.639 0.52788 0.55949
vn 0.96636 0.21931 -0.13438
vn 0.804 0.18699 -0.56447
vn -0.99508 0.05976 0.07905
vn -0.89066 -0.15439 0.42765
vn -0.78384 0.08282 -0.61541
vn -0.86337 -0.49866 -0.07698
vn 0.24888 0.67329 0.69623
vn 0.80633 0.5449 0.23004
vn 0.50538 0.745 0.43539
vn 0.96478 0.24236 -0.10232
vn 0.80025 0.1785 -0.57248
vn -0.97783 -0.12017 0.17148
vn -0.9987 -0.02824 0.04245
vn -0.7874 0.05077 -0.61435
vn 0.83541 0.54701 -0.05352
vn 0.2301 0.80453 0.54752
vn 0.4901 0.87096 0.03505
vn -0.79064 0.02634 -0.61171
vn -0.02723 0.66435 0.74692
vn 0.6912 0.4741 -0.54541
vn 0.20182 0.9736 0.10668
vn 0.3989 0.76822 -0.50071
vn 0.82208 0.19551 -0.53476
vn -0.99373 -0.01672 0.11051
vn -0.97965 0.0696 0.18824
vn -0.99706 -0.00939 -0.07599
vn -0.06173 0.81355 0.5782
vn 0.16437 0.86724 -0.46997
vn -0.9457 0.16536 0.27983
vn -0.62404 0.45879 0.63253
vn -0.99123 -0.01366 -0.13147
vn -0.98941 0.01714 -0.1441
vn -0.78139 0.01343 -0.6239
vn -0.09135 0.98449 0.14981
vn -0.87693 0.39379 0.27555
vn -0.98658 0.06189 -0.15108
vn -0.29952 0.62983 0.71666
vn -0.77187 0.00204 -0.63578
vn -0.09805 0.8895 -0.4463
vn -0.90109 0.41781 -0.11607
vn -0.58238 0.67044 0.45972
vn -0.31747 0.77175 0.55102
vn -0.75787 0.02093 -0.65207
vn -0.7677 0.01824 -0.64055
vn -0.61977 0.78478 -0.00297
vn -0.73799 0.32898 -0.58919
vn -0.36353 0.92614 0.10058
vn -0.49911 0.68749 -0.52749
vn -0.31344 0.81025 -0.49523
vn -0.56492 -0.28049 -0.77601
vn -0.90056 -0.43433 -0.01874
vn -0.75751 -0.63634 -0.14579
vn -0.37306 -0.45779 -0.807
vn -0.81197 -0.46941 0.34692
vn 0.03135 -0.95614 -0.29122
vn -0.67057 -0.67608 0.30537
vn -0.53539 -0.48396 0.6922
vn -0.49234 -0.70124 0.51562
vn 0.05099 -0.68903 0.72294
vn 0.6338 -0.61161 0.47353
vn 0.79049 -0.58411 0.18424
vn 0.77859 -0.52112 -0.34962
vn 0.35376 -0.40077 -0.84513
vn 0.11775 -0.44612 0.88719
vn 0.9075 -0.30034 0.29367
vn 0.70214 -0.35318 0.61827
vn 0.49349 -0.15994 -0.85492
vn 0.94723 -0.27192 -0.16973
vn 0.00345 -0.02932 -0.99956
vn 0.02032 -0.18903 -0.98176
vn -0.43794 -0.31328 -0.84265
vn 0.0033 -0.02944 -0.99956
vn -0.2489 -0.53475 -0.80752
vn 0.61643 -0.13769 -0.77528
vn 0.02546 -0.18806 -0.98183
vn 0.19875 -0.93531 -0.29275
vn 0.47288 -0.37507 -0.79731
vn 0.97791 -0.20871 -0.01132
vn 0.92136 -0.25338 0.29477
vn 0.89067 -0.43138 -0.14357
vn 0.65903 -0.33304 0.67436
vn 0.804 -0.49422 0.33066
vn -0.01573 -0.46131 0.8871
vn 0.63127 -0.56705 0.52911
vn 0.13617 -0.67001 0.72976
vn -0.57245 -0.52831 0.62705
vn -0.4149 -0.75282 0.511
vn -0.58881 -0.78261 0.20206
vn -0.61001 -0.72448 -0.32097
vn -0.78188 -0.54736 0.29843
vn -0.82365 -0.54411 -0.15982
vn 0.57923 -0.11998 -0.80629
vn 0.97025 -0.19495 -0.14353
vn 0.90686 -0.26146 0.33052
vn 0.84319 -0.45044 -0.29349
vn 0.3979 -0.30025 -0.8669
vn 0.61184 -0.34838 0.71013
vn 0.81897 -0.51281 0.25752
vn 0.09036 -0.95333 -0.28808
vn 0.05837 -0.45645 0.88783
vn 0.59861 -0.56498 0.56787
vn 0.07798 -0.65275 0.75355
vn -0.50752 -0.49411 0.70589
vn -0.44778 -0.69139 0.56698
vn -0.7083 -0.69648 0.11501
vn -0.72134 -0.57663 -0.38362
vn -0.39299 -0.40265 -0.8267
vn -0.81411 -0.48004 0.32678
vn -0.49215 -0.25791 -0.83143
vn -0.88007 -0.43621 -0.18762
vn 0.00101 -0.01631 -0.99987
vn -0.00054 -0.13547 -0.99078
vn -0 -1E-05 -1
vn -0 -1E-05 -1
vn -0 0 -1
vn -0 -1E-05 -1
vn 0 -0 -1
vn -0 0 -1
vn -0 0 -1
vn 0 0 -1
vn 0 0 -1
vn 0 0 -1
vn -0 -0 -1
vn 0 -0 -1
vn -3E-05 3E-05 -1
vn -7E-05 -1E-05 -1
vn -0 0 -1
vn -0 -0 -1
vn -0 0 -1
vn 0 -0.05139 -0.99868
vn 0 0.00151 -1
vn 0.24678 -0.05377 -0.96758
vn 0.32416 0.01373 -0.9459
vn 0.48502 -0.00846 -0.87446
vn 0.34127 0.03121 -0.93945
vn -0 0.03222 -0.99948
vn 0 0.07278 -0.99735
vn 0.62862 0.03763 -0.7768
vn 0.63953 0.03167 -0.76811
vn 0.38242 0.07878 -0.92062
vn 0 0.09776 -0.99521
vn 0.8453 0.06364 -0.53049
vn 0.7306 0.09773 -0.67578
vn 0.85606 0.06155 -0.5132
vn 0.97048 0.18011 -0.16041
vn 0.95623 0.13429 -0.25996
vn 0.39375 0.09223 -0.91458
vn 0 0.12572 -0.99207
vn 0.74835 0.07889 -0.6586
vn 0.96713 0.07644 -0.24254
vn 0.95096 0.18478 0.24805
vn 0.882 0.43655 0.17747
vn 0.71127 0.44215 0.54645
vn 0.37977 0.12482 -0.91662
vn 0.72092 0.11061 -0.68414
vn 0.36537 0.14005 -0.92027
vn 0 0.14571 -0.98933
vn -0 0.15673 -0.98764
vn 0.95709 0.09285 -0.27453
vn 0.70236 0.11869 -0.70186
vn 0.35513 0.15226 -0.92233
vn -0 0.17778 -0.98407
vn 0.718 0.25313 0.64838
vn 0.39549 0.51375 0.76135
vn 0.95776 0.1107 0.26541
vn 0.95823 0.10583 0.26571
vn 0.95 0.09974 -0.2959
vn 0.95919 0.10036 0.26435
vn 0.69355 0.1422 -0.70624
vn 0.95127 0.13119 -0.27906
vn 0.68522 0.17146 -0.70786
vn 0.34853 0.17597 -0.92063
vn 0 0.20313 -0.97915
vn 0.34204 0.20091 -0.91796
vn 0 0.22755 -0.97377
vn 0.36813 0.32984 0.8693
vn -0 0.56302 0.82644
vn -0 0.35793 0.93375
vn 0.70085 0.177 0.691
vn 0.34607 0.22362 0.91117
vn -0 0.23864 0.97111
vn -0 0.16989 0.98546
vn 0.34987 0.16623 0.92193
vn 0 0.10991 0.99394
vn 0.69687 0.14671 0.70203
vn 0.36471 0.10969 0.92464
vn 0.70151 0.10626 0.70469
vn 0.95422 0.11308 0.27689
vn 0.69811 0.08908 0.71043
vn 0.35735 0.07872 0.93065
vn -0 0.07665 0.99706
vn 0.94737 0.15668 -0.27919
vn 0.95219 0.12591 0.27836
vn 0.69307 0.09237 0.71493
vn 0.35332 0.07313 0.93264
vn 0 0.0684 0.99766
vn 0.67677 0.19661 -0.70946
vn 0.94264 0.18054 -0.28078
vn 0.67051 0.22498 -0.70696
vn 0.95014 0.13809 0.27959
vn 0.9269 0.20459 -0.31465
vn 0.68532 0.09591 0.7219
vn 0.94962 0.16075 0.26903
vn 0.34808 0.07412 0.93453
vn 0.66268 0.10436 0.7416
vn -0 0.06709 0.99775
vn 0.34634 0.07333 0.93524
vn -0 0.06381 0.99796
vn 0.66557 0.24508 -0.70495
vn 0.92145 0.22439 -0.31713
vn 0.94515 0.17487 0.27587
vn 0.66247 0.10367 0.74188
vn 0.34411 0.0686 0.93642
vn -0 0.05874 0.99827
vn 0.33783 0.22671 -0.9135
vn 0 0.25218 -0.96768
vn 0.33393 0.25027 -0.90877
vn 0 0.27257 -0.96214
vn 0.32004 0.26872 -0.90849
vn 0.65155 0.26155 -0.71209
vn 0.92654 0.24322 -0.28701
vn 0.64046 0.36339 -0.67658
vn 0.23548 0.34299 -0.90935
vn -0 0.34126 -0.93997
vn 0.93795 0.18436 0.29369
vn 0.91243 0.3534 -0.20636
vn 0.52356 0.63493 -0.56811
vn 0.25073 0.60959 -0.75202
vn 0.72137 0.66009 -0.20952
vn 0.92314 0.31179 0.22494
vn 0.67141 0.10899 0.73303
vn 0.3311 0.06852 0.94111
vn 0.66317 0.23804 0.70961
vn -0 0.05974 0.99821
vn 0.24763 0.17629 0.95268
vn 0 0.168 0.98579
vn 0.54264 0.5813 0.60632
vn 0.26599 0.53728 0.80036
vn 0.73179 0.64442 0.22183
vn 0.38262 0.87038 -0.3099
vn 0.38962 0.85991 0.32976
vn 0 0.52206 0.85291
vn 0 0.92764 0.37347
vn 0 0.93855 -0.34514
vn -0 0.59714 -0.80214
vn -0.24678 -0.05377 -0.96758
vn -0.48502 -0.00846 -0.87446
vn -0.32416 0.01373 -0.9459
vn -0.34127 0.03121 -0.93945
vn -0.62862 0.03763 -0.7768
vn -0.63953 0.03167 -0.76811
vn -0.38242 0.07878 -0.92062
vn -0.8453 0.06364 -0.53049
vn -0.7306 0.09773 -0.67578
vn -0.85606 0.06155 -0.5132
vn -0.97048 0.18011 -0.16041
vn -0.95623 0.13429 -0.25996
vn -0.39375 0.09223 -0.91458
vn -0.74835 0.07889 -0.6586
vn -0.96713 0.07644 -0.24254
vn -0.95096 0.18478 0.24805
vn -0.882 0.43655 0.17747
vn -0.71127 0.44215 0.54645
vn -0.37977 0.12482 -0.91662
vn -0.72092 0.11061 -0.68414
vn -0.36537 0.14005 -0.92027
vn -0.95709 0.09285 -0.27453
vn -0.70236 0.11869 -0.70186
vn -0.35513 0.15226 -0.92233
vn -0.718 0.25313 0.64838
vn -0.39549 0.51375 0.76135
vn -0.95776 0.1107 0.26541
vn -0.95823 0.10583 0.26571
vn -0.95 0.09974 -0.2959
vn -0.95919 0.10036 0.26435
vn -0.69355 0.1422 -0.70624
vn -0.95127 0.13119 -0.27906
vn -0.68522 0.17146 -0.70786
vn -0.34853 0.17597 -0.92063
vn -0.34204 0.20091 -0.91796
vn -0.36813 0.32984 0.8693
vn -0.70085 0.177 0.691
vn -0.34607 0.22362 0.91117
vn -0.34987 0.16623 0.92193
vn -0.69687 0.14671 0.70203
vn -0.36471 0.10969 0.92464
vn -0.70151 0.10626 0.70469
vn -0.95422 0.11308 0.27689
vn -0.69811 0.08908 0.71043
vn -0.35735 0.07872 0.93065
vn -0.94737 0.15668 -0.27919
vn -0.95219 0.12591 0.27836
vn -0.69307 0.09237 0.71493
vn -0.35332 0.07313 0.93264
vn -0.67677 0.19661 -0.70946
vn -0.94264 0.18054 -0.28078
vn -0.67051 0.22498 -0.70696
vn -0.95014 0.13809 0.27959
vn -0.9269 0.20459 -0.31465
vn -0.68532 0.09591 0.7219
vn -0.94962 0.16075 0.26903
vn -0.34808 0.07412 0.93453
vn -0.66268 0.10436 0.7416
vn -0.34634 0.07333 0.93524
vn -0.66557 0.24508 -0.70495
vn -0.92145 0.22439 -0.31713
vn -0.94515 0.17487 0.27587
vn -0.66247 0.10367 0.74188
vn -0.34411 0.0686 0.93642
vn -0.33783 0.22671 -0.9135
vn -0.33393 0.25027 -0.90877
vn -0.32004 0.26872 -0.90849
vn -0.65155 0.26155 -0.71209
vn -0.92654 0.24322 -0.28701
vn -0.64046 0.36339 -0.67658
vn -0.23548 0.34299 -0.90935
vn -0.93795 0.18436 0.29369
vn -0.91243 0.3534 -0.20636
vn -0.52356 0.63493 -0.56811
vn -0.25073 0.60959 -0.75202
vn -0.72137 0.66009 -0.20952
vn -0.92314 0.31179 0.22494
vn -0.67141 0.10899 0.73303
vn -0.3311 0.06852 0.94111
vn -0.66317 0.23804 0.70961
vn -0.24763 0.17629 0.95268
vn -0.54264 0.5813 0.60632
vn -0.26599 0.53728 0.80036
vn -0.73179 0.64442 0.22183
vn -0.38262 0.87038 -0.3099
vn -0.38962 0.85991 0.32976
vn 0 0.7978 0.60293
vn 0.3814 0.75186 0.53782
vn -0 0.93961 0.34224
vn 0.3566 0.87859 0.31767
vn 0.60997 0.69293 0.38443
vn 0.57091 0.7752 0.27044
vn 0.67736 0.70131 0.22215
vn 0.74544 0.60477 0.28031
vn 0.3565 0.91073 0.2085
vn -0 0.97743 0.21127
vn 0.56679 0.79703 0.20853
vn 0.78704 0.56697 0.24312
vn 0.95201 0.13224 0.27604
vn 0.94156 0.15636 0.29837
vn 0.95021 0.13649 0.28012
vn 0.81986 0.5383 0.19511
vn 0.58229 0.79559 0.16725
vn 0.36222 0.91907 0.15526
vn -0 0.98378 0.17939
vn 0.71885 0.67841 0.15172
vn 0.49943 0.84274 0.20089
vn 0.33553 0.91902 0.20691
vn -0 0.97872 0.20521
vn 0.5163 0.83244 0.20117
vn 0.70309 0.67493 0.22389
vn 0.41881 0.90382 0.08785
vn 0.3113 0.93225 0.18438
vn 0.96649 0.25039 -0.05653
vn 0.98457 0.16679 0.05292
vn 0.59419 0.74797 0.29576
vn 0.99783 0.06486 -0.01113
vn 0.7286 0.5835 0.3587
vn 0.74836 0.59516 0.29281
vn 0.83542 0.37469 0.4021
vn 0.92671 0.06074 0.37084
vn 0.73994 0.58787 0.32695
vn 0.46566 0.56922 0.67761
vn 0.03792 0.99925 0.00775
vn -0 0.97901 0.2038
vn 0.22358 0.96094 0.16312
vn 0 0.98013 0.19837
vn 0 0.97737 0.21153
vn -0.04821 0.98445 0.16893
vn 0.16535 0.96592 0.19915
vn 0 0.97013 0.2426
vn 0.18225 0.95205 0.24574
vn 0 0.95982 0.28061
vn -0.05699 0.9643 0.25862
vn 0.2059 0.93335 0.29404
vn 0.09189 0.90106 0.42386
vn 0.46318 0.80933 0.36118
vn 0.15908 0.92592 0.34259
vn -0 0.9511 0.30889
vn -0 0.9401 0.3409
vn 0.35709 0.86216 0.3594
vn 0.71138 0.64022 0.28992
vn 0.37401 0.88491 0.27758
vn -0 0.95975 0.28086
vn 0 0.97418 0.22578
vn 0.89332 0.33645 0.29798
vn 0.3742 0.90125 0.21846
vn -0 0.9821 0.18834
vn 0.70421 0.67389 0.22354
vn 0.91634 0.32857 0.22885
vn 0.89909 -0.04813 0.43511
vn 0.95743 -0.0667 0.28085
vn 0.97697 -0.08535 0.19556
vn 0.92428 0.35604 0.13763
vn 0.99702 -0.07626 0.01173
vn 0.69517 0.69545 0.1819
vn 0.89413 0.43882 0.08929
vn 0.671 0.73033 0.12798
vn 0.36491 0.91564 0.16868
vn 0 0.98619 0.16564
vn 0.86057 0.50532 0.06378
vn 0.84062 0.53758 0.06601
vn 0.65282 0.7493 0.1113
vn 0.34456 0.92747 0.14519
vn 0.6349 0.76127 0.13182
vn 0.82433 0.56138 0.07298
vn 0 0.98246 0.18646
vn 0.33744 0.92381 0.18083
vn -0.3814 0.75186 0.53782
vn -0.60997 0.69293 0.38443
vn -0.3566 0.87859 0.31767
vn -0.67736 0.70131 0.22215
vn -0.57091 0.7752 0.27044
vn -0.74544 0.60477 0.28031
vn -0.3565 0.91073 0.2085
vn -0.56679 0.79703 0.20853
vn -0.78704 0.56697 0.24312
vn -0.95201 0.13224 0.27604
vn -0.94156 0.15636 0.29837
vn -0.95021 0.13649 0.28012
vn -0.81986 0.5383 0.19511
vn -0.58229 0.79559 0.16725
vn -0.36222 0.91907 0.15526
vn -0.71885 0.67841 0.15172
vn -0.49943 0.84274 0.20089
vn -0.33553 0.91902 0.20691
vn -0.5163 0.83244 0.20117
vn -0.70309 0.67493 0.22389
vn -0.41881 0.90382 0.08785
vn -0.3113 0.93225 0.18438
vn -0.96649 0.25039 -0.05653
vn -0.98457 0.16679 0.05292
vn -0.59419 0.74797 0.29576
vn -0.99783 0.06486 -0.01113
vn -0.7286 0.5835 0.3587
vn -0.74836 0.59516 0.29281
vn -0.83542 0.37469 0.4021
vn -0.92671 0.06074 0.37084
vn -0.73994 0.58787 0.32695
vn -0.46566 0.56922 0.67761
vn -0.03792 0.99925 0.00775
vn -0.22358 0.96094 0.16312
vn 0.04821 0.98445 0.16893
vn -0.16535 0.96592 0.19915
vn -0.18225 0.95205 0.24574
vn 0.05699 0.9643 0.25862
vn -0.2059 0.93335 0.29404
vn -0.09189 0.90106 0.42386
vn -0.46318 0.80933 0.36118
vn -0.15908 0.92592 0.34259
vn -0.35709 0.86216 0.3594
vn -0.71138 0.64022 0.28992
vn -0.37401 0.88491 0.27758
vn -0.89332 0.33645 0.29798
vn -0.70421 0.67389 0.22354
vn -0.3742 0.90125 0.21846
vn -0.91634 0.32857 0.22885
vn -0.89909 -0.04813 0.43511
vn -0.95743 -0.0667 0.28085
vn -0.97697 -0.08535 0.19556
vn -0.92428 0.35604 0.13763
vn -0.99702 -0.07626 0.01173
vn -0.69517 0.69545 0.1819
vn -0.89413 0.43882 0.08929
vn -0.671 0.73033 0.12798
vn -0.36491 0.91564 0.16868
vn -0.86057 0.50532 0.06378
vn -0.84062 0.53758 0.06601
vn -0.65282 0.7493 0.1113
vn -0.34456 0.92747 0.14519
vn -0.6349 0.76127 0.13182
vn -0.82433 0.56138 0.07298
vn -0.33744 0.92381 0.18083
vn 0.93918 -0.25292 0.23233
vn 0.90866 -0.4034 0.10776
vn 0.82592 -0.50669 0.2472
vn 0.84157 -0.52544 -0.12518
vn 0.75915 -0.64175 0.1089
vn 0.93246 -0.21531 0.29011
vn 0.84126 -0.43398 0.32239
vn 0.92457 -0.21216 0.31647
vn 0.84845 -0.41522 0.32821
vn 0.7411 -0.54052 -0.39825
vn 0.65656 -0.7429 -0.13049
vn 0.65723 -0.68807 0.30758
vn 0.61457 -0.75725 0.22111
vn 0.53529 -0.84268 0.05798
vn 0.68935 -0.62779 0.36149
vn 0.79513 -0.50677 0.3331
vn 0.59979 -0.48081 -0.63959
vn 0.55605 -0.70725 -0.43658
vn 0.43998 -0.87778 -0.18954
vn 0.31365 -0.93125 0.18547
vn 0.26221 -0.96501 0.00083
vn 0.35085 -0.88591 0.30342
vn 0.369 -0.84651 0.38374
vn 0.4584 -0.37582 -0.80538
vn 0.43924 -0.58748 -0.67966
vn 0.34703 -0.80314 -0.48429
vn 0.21229 -0.94606 -0.24477
vn 0 -0.95473 0.29749
vn -0 -0.98648 0.1639
vn -0 -0.99997 -0.00784
vn 0 -0.91861 0.39516
vn 0.64736 -0.63995 0.414
vn 0.33736 -0.83033 0.44355
vn 0 -0.89069 0.45462
vn 0.38072 -0.24144 -0.89261
vn 0.35636 -0.42374 -0.83273
vn 0.31313 -0.64762 -0.69465
vn 0.17176 -0.8444 -0.50743
vn -0.31365 -0.93125 0.18547
vn -0.35085 -0.88591 0.30342
vn -0.369 -0.84651 0.38374
vn -0.26221 -0.96501 0.00083
vn 0.60854 -0.666 0.43142
vn 0.32634 -0.81155 0.48466
vn 0 -0.87157 0.49026
vn -0.33736 -0.83033 0.44355
vn 0.36552 -0.11274 -0.92395
vn 0.29729 -0.2722 -0.91516
vn 0.25928 -0.15612 -0.9531
vn 0.26759 -0.46415 -0.84437
vn 0.20059 -0.30558 -0.9308
vn 0.16929 -0.68632 -0.70732
vn 0.14699 -0.49963 -0.85368
vn -0.61457 -0.75725 0.22111
vn -0.53529 -0.84268 0.05798
vn -0.65723 -0.68807 0.30758
vn -0.68935 -0.62779 0.36149
vn 0.31439 -0.82053 0.47738
vn -0 -0.86748 0.49748
vn -0.32634 -0.81154 0.48467
vn -0.64736 -0.63995 0.414
vn 0.13166 -0.11469 -0.98464
vn 0.15347 -0.16992 -0.97343
vn 0 -0.86013 -0.51008
vn 0 -0.70298 -0.71121
vn -0.75915 -0.64175 0.1089
vn -0.82592 -0.50669 0.2472
vn -0.84126 -0.43398 0.32239
vn -0 -0.90905 0.4167
vn -0.31439 -0.82053 0.47738
vn -0.60854 -0.666 0.43142
vn -0.79513 -0.50677 0.3331
vn -0.84845 -0.41522 0.32821
vn 0.10453 -0.3393 -0.93485
vn 0 -0.51511 -0.85712
vn 0.09796 -0.24652 -0.96417
vn -0 -0.34803 -0.93749
vn -0 -0.17268 -0.98498
vn 0 -0.24719 -0.96897
vn -0.09796 -0.24652 -0.96417
vn -0.10453 -0.3393 -0.93485
vn -0.14699 -0.49963 -0.85368
vn -0.20059 -0.30558 -0.9308
vn -0.15347 -0.16992 -0.97343
vn -0.90866 -0.4034 0.10776
vn -0.93918 -0.25292 0.23233
vn -0.29941 -0.86803 0.39607
vn -0.60922 -0.67197 0.42108
vn -0.73625 -0.55801 0.38284
vn -0.16929 -0.68632 -0.70732
vn -0.26759 -0.46415 -0.84437
vn 0 -0.11863 -0.99294
vn -0.13166 -0.11469 -0.98464
vn -0.25928 -0.15612 -0.9531
vn -0.29729 -0.2722 -0.91516
vn -0.36552 -0.11274 -0.92395
vn -0.38072 -0.24144 -0.89261
vn -0.35636 -0.42374 -0.83273
vn -0.4584 -0.37582 -0.80538
vn -0.31313 -0.64762 -0.69465
vn -0.43924 -0.58748 -0.67966
vn -0.59979 -0.48081 -0.63959
vn -0.17176 -0.8444 -0.50743
vn -0.34703 -0.80314 -0.48429
vn -0.21229 -0.94606 -0.24477
vn -0.55605 -0.70725 -0.43658
vn -0.43998 -0.87778 -0.18954
vn -0.7411 -0.54052 -0.39825
vn -0.65656 -0.7429 -0.13049
vn -0.84157 -0.52544 -0.12518
vn 0 -0.96402 -0.26584
vn -0.93246 -0.21531 0.29011
vn -0.92458 -0.21216 0.31647
vn -0.77869 -0.46568 0.42045
vn -0.60496 -0.71229 0.3559
vn -0.84007 -0.46136 0.28536
vn -0.31134 -0.9234 0.22448
vn -0.60623 -0.77171 0.19221
vn -0.85066 -0.49916 0.16498
vn -0.83728 -0.53546 -0.11063
vn -0.60942 -0.78919 -0.07607
vn -0.33629 -0.9366 -0.09841
vn -0 -0.99199 -0.12628
vn 0 -0.97566 0.21931
vn 0.33629 -0.9366 -0.09841
vn 0.31134 -0.9234 0.22448
vn 0.60942 -0.78919 -0.07607
vn 0.29941 -0.86803 0.39607
vn 0.83728 -0.53546 -0.11063
vn 0.60623 -0.77171 0.19221
vn 0.60496 -0.71229 0.3559
vn 0.60922 -0.67197 0.42108
vn 0.85066 -0.49916 0.16498
vn 0.84007 -0.46136 0.28536
vn 0.77869 -0.46568 0.42045
vn 0.73625 -0.55801 0.38284
vn -0.00094 -0.08015 0.99678
vn 0.61988 -0.77094 0.14628
vn 0.64188 -0.7409 -0.19764
vn 0.67317 -0.69569 -0.25073
vn 0.59923 -0.71302 -0.36405
vn -0.26292 -0.1989 0.94409
vn 0.53743 -0.82887 -0.15536
vn 0.52382 -0.84641 -0.09592
vn 0.49619 -0.85863 -0.12861
vn 0.49978 -0.84884 -0.17228
vn 0.45208 -0.88747 -0.08955
vn 0.60509 -0.69956 -0.3801
vn 0.63002 -0.68148 -0.37236
vn -0.40412 -0.38091 0.83162
vn 0.64859 -0.73554 -0.19573
vn 0.40211 -0.90036 -0.16631
vn 0.46181 -0.88195 -0.09429
vn 0.48372 -0.87028 -0.09284
vn 0.36711 0.30214 -0.87974
vn -0.03081 -0.01578 -0.9994
vn 0.34162 -0.93932 -0.03126
vn 0.62732 -0.69862 -0.3441
vn -0.55412 -0.4192 0.71918
vn 0.35892 -0.9329 -0.02952
vn 0.47449 -0.87437 -0.10169
vn -0.31202 -0.09686 -0.94513
vn 0.33366 -0.94185 -0.03985
vn 0.29369 -0.95253 -0.08018
vn 0.4619 -0.86206 -0.20857
vn 0.18703 -0.98234 0.00596
vn 0.47537 -0.86728 -0.1478
vn -0.73766 -0.3425 0.58185
vn -0.51569 -0.21685 -0.82888
vn 0.3134 -0.93582 -0.16129
vn 0.35446 -0.93438 -0.03604
vn 0.18025 -0.98352 0.01414
vn 0.47414 -0.81966 -0.32148
vn 0.24025 -0.96062 -0.13963
vn 0.14489 -0.9894 -0.00928
vn 0.33151 -0.94 -0.08062
vn 0.1802 -0.98361 -0.00563
vn 0.44715 -0.82482 -0.34601
vn -0.86317 -0.28874 0.41421
vn -0.6645 -0.29931 -0.68473
vn 0.03421 -0.99881 0.03462
vn 0.08159 -0.99265 -0.08937
vn 0.14784 -0.98469 -0.09238
vn 0.02279 -0.99966 0.01292
vn 0.16007 -0.98597 -0.04726
vn 0.23863 -0.97061 -0.03114
vn 0.02018 -0.99809 0.05835
vn 0.34214 -0.93705 -0.0698
vn 0.01261 -0.99992 -0.00323
vn 0.00587 -0.99894 -0.04555
vn -0.73017 -0.19839 0.65383
vn -0.71337 -0.34247 -0.61141
vn 0.3568 -0.93402 0.01725
vn 0.35801 -0.93355 -0.01759
vn 0.3664 -0.84031 -0.39954
vn -0.32258 -0.14674 0.9351
vn 0.03271 -0.35765 -0.93328
vn 0.34654 -0.93663 0.05131
vn 0.362 -0.93181 0.02605
vn 0.34702 -0.93762 0.02098
vn 0.53197 -0.84563 -0.04387
vn 0.37103 -0.8759 -0.30846
vn 0.42007 -0.90549 -0.06024
vn 0.70305 0.09046 -0.70537
vn 0.62744 -0.77856 0.01289
vn 0.63034 -0.77564 0.03247
vn 0.62709 -0.77895 -0.00262
vn 0.2678 -0.89108 -0.36641
vn 0.50991 -0.85376 0.10529
vn 0.0615 -0.08203 0.99473
vn 0.62386 -0.78145 0.01161
vn 0.62593 -0.77922 0.03201
vn 0.44884 -0.89056 -0.07383
vn 0.37988 -0.91979 -0.09839
vn 0.09399 -0.92375 -0.37127
vn 0.47272 -0.88013 -0.04369
vn 0.55679 0.12639 0.82098
vn 0.56355 0.09387 -0.82073
vn 0.48947 -0.8718 0.01953
vn 0.4765 -0.87917 0.0014
vn 0.34028 -0.93696 -0.07943
vn 0.47608 -0.8786 -0.0376
vn 0.34481 -0.93467 -0.08656
vn 0.60912 0.14448 0.77981
vn 0.4949 -0.86895 -0.00226
vn 0.49133 -0.87067 0.02298
vn 0.3288 -0.93878 -0.10285
vn 0.32941 -0.94285 -0.05033
vn 0.27426 -0.9587 -0.07533
vn 0.67903 0.10118 0.72711
vn 0.35639 -0.00307 -0.93433
vn 0.32314 -0.94631 -0.00829
vn 0.27824 -0.95447 -0.10751
vn 0.33079 -0.94336 -0.02526
vn 0.02301 -0.9401 -0.34012
vn 0.78446 0.06462 0.61681
vn 0.33156 -0.94315 -0.02328
vn 0.23639 -0.96775 -0.08702
vn -0.14166 -0.9313 -0.33557
vn 0.14295 -0.98408 -0.10561
vn -0.1896 0.03963 -0.98106
vn 0.16555 -0.98528 -0.04274
vn 0.20607 -0.97639 -0.06481
vn -0.2078 -0.94586 -0.24934
vn 0.10328 -0.99271 -0.06205
vn 0.87994 0.07086 0.46978
vn 0.09594 -0.99302 -0.0686
vn -0.30939 -0.93763 -0.15853
vn 0.04793 -0.99837 -0.03083
vn -0.69129 -0.0915 -0.71676
vn 0.94865 0.08829 0.30376
vn -0.32873 -0.93996 -0.09169
vn -0.97857 -0.04658 -0.20058
vn -0.33561 -0.94148 -0.03134
vn 0.00183 -0.99981 -0.01954
vn 0.98272 0.05558 0.17656
vn -0.02087 -0.99961 -0.01842
vn 0.04505 -0.80771 -0.58786
vn 0.04151 -0.99873 0.02867
vn 0.99719 0.01415 0.07351
vn -0.74325 0.05067 -0.66709
vn -0.02072 -0.99949 -0.02442
vn 0.79268 -0.18142 -0.58201
vn 0.9974 0.07201 -0.00089
vn -0.45912 0.72943 0.50709
vn -0.5635 0.71396 0.41561
vn -0.47295 0.8539 0.21718
vn -0.62827 0.62438 0.46414
vn -0.52202 0.83581 0.17005
vn -0.65561 0.59988 0.4586
vn -0.52128 0.83706 0.1661
vn -0.50028 0.85963 0.10374
vn -0.45168 0.88504 0.11266
vn -0.49829 0.84595 0.18993
vn -0.51756 0.85315 -0.06533
vn -0.4553 0.88694 -0.07778
vn -0.48002 0.87121 0.10281
vn -0.70658 0.58432 0.39914
vn -0.51455 0.83811 0.18113
vn -0.47228 0.8745 0.11043
vn -0.46257 0.88455 0.06005
vn -0.5198 0.83159 0.19561
vn -0.46947 0.86995 0.15091
vn -0.46568 0.8724 0.14854
vn -0.4433 0.89513 0.04707
vn -0.69829 0.6364 0.32771
vn -0.48853 0.86868 -0.08202
vn -0.46133 0.87742 0.13158
vn -0.48085 0.86593 0.13767
vn -0.46009 0.88425 0.08017
vn -0.44115 0.88894 -0.1232
vn -0.41834 0.90827 0.00555
vn -0.41327 0.86972 0.26979
vn -0.50584 0.85118 0.14003
vn -0.47574 0.86934 0.13385
vn -0.4698 0.87526 0.1149
vn -0.5516 0.76175 0.33981
vn -0.46765 0.88201 0.05792
vn -0.44937 0.89335 -0.0007
vn -0.34412 0.9227 0.17381
vn -0.5483 0.83047 0.0984
vn -0.44102 0.8734 -0.20657
vn -0.4226 0.90508 -0.04735
vn -0.04442 0.88586 0.46181
vn -0.23321 0.95479 0.18434
vn -0.1855 0.96692 0.17509
vn -0.34049 0.93233 0.12174
vn -0.547 0.83653 0.03178
vn -0.4285 0.77091 0.47127
vn -0.51889 0.85336 -0.05027
vn -0.47377 0.87083 -0.13114
vn -0.19595 0.84091 0.50445
vn -0.0265 0.91251 0.40819
vn -0.23873 0.95789 0.15956
vn -0.11264 0.98539 0.12775
vn -0.46957 0.82415 -0.31666
vn -0.35152 0.93602 0.01759
vn -0.24288 0.95923 0.14449
vn -0.12021 0.99107 0.05775
vn -0.34818 0.91597 -0.1994
vn -0.35037 0.93177 -0.09513
vn -0.24006 0.96065 0.13973
vn -0.21828 0.96412 0.15106
vn -0.16532 0.98556 -0.0367
vn -0.31092 0.84621 -0.43273
vn 0.05188 0.92754 0.3701
vn -0.23083 0.96487 0.12547
vn -0.20244 0.97147 0.12356
vn -0.21627 0.97381 0.07012
vn -0.21677 0.96301 -0.16006
vn -0.20539 0.96993 0.1306
vn -0.22072 0.967 0.12729
vn -0.24337 0.96993 0.00397
vn -0.23463 0.96786 0.09056
vn -0.198 0.90956 -0.36536
vn 0.13926 0.93571 0.32413
vn -0.20248 0.97328 0.10828
vn -0.25881 0.96114 -0.09605
vn -0.24201 0.96968 0.03383
vn -0.23857 0.93251 -0.27112
vn 0.20631 0.95045 0.23256
vn -0.17102 0.978 0.11941
vn -0.24211 0.96898 -0.04956
vn -0.18622 0.98018 0.06759
vn -0.13239 0.98746 0.08601
vn -0.23925 0.95021 -0.19964
vn 0.2544 0.9589 0.12567
vn -0.08547 0.99579 0.03312
vn -0.18495 0.98275 -0.00133
vn -0.2049 0.97223 -0.11309
vn -0.06424 0.99464 -0.08096
vn 0.2506 0.9678 0.02392
vn 0.17284 0.98335 -0.05616
vn -0.02785 0.99263 -0.11793
vn 0.22342 0.72953 -0.64643
vn 0.00094 -0.08015 0.99678
vn 0.26292 -0.19891 0.94409
vn -0.61988 -0.77094 0.14628
vn 0.40412 -0.38091 0.83162
vn -0.49619 -0.85863 -0.12861
vn -0.59923 -0.71302 -0.36405
vn -0.67317 -0.69569 -0.25073
vn -0.52382 -0.84641 -0.09591
vn 0.55412 -0.4192 0.71918
vn -0.46181 -0.88195 -0.09429
vn -0.60509 -0.69956 -0.3801
vn -0.53743 -0.82887 -0.15536
vn -0.64188 -0.7409 -0.19764
vn 0.73766 -0.34249 0.58185
vn -0.33366 -0.94185 -0.03984
vn -0.63002 -0.68148 -0.37236
vn -0.49978 -0.84884 -0.17228
vn -0.48372 -0.87028 -0.09284
vn 0.86317 -0.28874 0.41421
vn -0.24025 -0.96062 -0.13963
vn -0.62732 -0.69862 -0.3441
vn -0.45208 -0.88747 -0.08955
vn -0.64859 -0.73554 -0.19573
vn -0.47449 -0.87437 -0.10169
vn -0.23862 -0.97061 -0.03114
vn -0.47414 -0.81966 -0.32148
vn -0.40211 -0.90036 -0.16631
vn 0.03081 -0.01578 -0.9994
vn -0.4619 -0.86206 -0.20857
vn -0.47537 -0.86728 -0.1478
vn -0.35892 -0.9329 -0.02952
vn 0.73017 -0.19839 0.65383
vn -0.44715 -0.82482 -0.34601
vn -0.34162 -0.93932 -0.03126
vn 0.31202 -0.09686 -0.94513
vn -0.36711 0.30214 -0.87974
vn -0.33151 -0.94 -0.08062
vn -0.3134 -0.93582 -0.16129
vn -0.35446 -0.93438 -0.03604
vn 0.32258 -0.14675 0.9351
vn -0.34214 -0.93705 -0.0698
vn -0.29369 -0.95253 -0.08018
vn -0.08159 -0.99265 -0.08937
vn -0.14784 -0.98469 -0.09238
vn -0.16007 -0.98597 -0.04726
vn -0.18703 -0.98234 0.00596
vn -0.0615 -0.08203 0.99473
vn -0.42007 -0.90549 -0.06025
vn -0.3664 -0.84031 -0.39954
vn -0.18024 -0.98352 0.01414
vn 0.51569 -0.21686 -0.82888
vn -0.00587 -0.99894 -0.04555
vn -0.1802 -0.98361 -0.00563
vn -0.55679 0.12639 0.82098
vn -0.50991 -0.85376 0.10529
vn -0.35801 -0.93355 -0.01759
vn -0.37103 -0.87589 -0.30846
vn -0.14489 -0.9894 -0.00928
vn -0.02279 -0.99966 0.01292
vn -0.01261 -0.99992 -0.00323
vn -0.47272 -0.88013 -0.04369
vn -0.53197 -0.84563 -0.04387
vn -0.03421 -0.99881 0.03462
vn 0.6645 -0.29931 -0.68473
vn -0.34702 -0.93762 0.02098
vn -0.60912 0.14447 0.77981
vn -0.2678 -0.89108 -0.36641
vn -0.3568 -0.93402 0.01725
vn -0.02018 -0.99809 0.05835
vn -0.62709 -0.77895 -0.00262
vn -0.34028 -0.93696 -0.07943
vn -0.63034 -0.77564 0.03247
vn -0.362 -0.93181 0.02605
vn 0.71337 -0.34247 -0.6114
vn -0.37988 -0.91979 -0.09839
vn -0.67903 0.10118 0.72711
vn -0.62593 -0.77922 0.03201
vn -0.44884 -0.89056 -0.07383
vn -0.62744 -0.77856 0.01289
vn -0.34654 -0.93663 0.05131
vn -0.09399 -0.92375 -0.37127
vn -0.27426 -0.9587 -0.07533
vn -0.4765 -0.87917 0.0014
vn -0.3448 -0.93468 -0.08656
vn -0.48947 -0.8718 0.01953
vn -0.62386 -0.78145 0.01161
vn -0.03271 -0.35765 -0.93328
vn -0.78446 0.06462 0.61681
vn -0.3288 -0.93878 -0.10285
vn -0.49133 -0.87067 0.02298
vn -0.47608 -0.8786 -0.0376
vn -0.4949 -0.86895 -0.00226
vn -0.70305 0.09046 -0.70536
vn -0.14295 -0.98408 -0.10561
vn -0.02301 -0.9401 -0.34012
vn -0.32314 -0.94631 -0.00829
vn -0.27824 -0.95447 -0.10751
vn -0.32941 -0.94284 -0.05033
vn -0.33156 -0.94315 -0.02328
vn -0.56355 0.09387 -0.82073
vn -0.87994 0.07086 0.46978
vn 0.14166 -0.9313 -0.33557
vn -0.33079 -0.94336 -0.02526
vn -0.23639 -0.96775 -0.08703
vn -0.16555 -0.98528 -0.04274
vn -0.09594 -0.99302 -0.0686
vn -0.35639 -0.00307 -0.93433
vn -0.94865 0.08829 0.30376
vn -0.04793 -0.99837 -0.03083
vn -0.10328 -0.99271 -0.06206
vn 0.2078 -0.94586 -0.24934
vn -0.20607 -0.97639 -0.06481
vn 0.1896 0.03963 -0.98106
vn -0.00183 -0.99981 -0.01954
vn 0.30939 -0.93763 -0.15853
vn 0.69129 -0.0915 -0.71676
vn -0.98272 0.05558 0.17656
vn 0.32873 -0.93996 -0.09169
vn 0.02087 -0.99961 -0.01842
vn 0.33561 -0.94148 -0.03134
vn -0.99719 0.01415 0.07351
vn 0.97857 -0.04658 -0.20058
vn -0.04151 -0.99873 0.02867
vn 0.02072 -0.99949 -0.02442
vn -0.04505 -0.80772 -0.58785
vn 0.74325 0.05067 -0.6671
vn -0.9974 0.07201 -0.00089
vn -0.79269 -0.18143 -0.582
vn 0.45912 0.72943 0.50709
vn 0.47295 0.8539 0.21718
vn 0.5635 0.71396 0.41561
vn 0.45168 0.88504 0.11266
vn 0.52202 0.83581 0.17005
vn 0.62827 0.62438 0.46414
vn 0.4553 0.88694 -0.07778
vn 0.50028 0.85963 0.10374
vn 0.65561 0.59988 0.4586
vn 0.52128 0.83706 0.1661
vn 0.51756 0.85315 -0.06533
vn 0.70658 0.58432 0.39914
vn 0.49829 0.84595 0.18993
vn 0.48002 0.87121 0.10281
vn 0.48853 0.86868 -0.08202
vn 0.69829 0.6364 0.32771
vn 0.51455 0.83811 0.18113
vn 0.47228 0.8745 0.11043
vn 0.46257 0.88455 0.06005
vn 0.5516 0.76175 0.33981
vn 0.5198 0.83159 0.19561
vn 0.46947 0.86995 0.15091
vn 0.46009 0.88425 0.08017
vn 0.46133 0.87742 0.13158
vn 0.4433 0.89513 0.04707
vn 0.44115 0.88894 -0.1232
vn 0.41327 0.86972 0.26979
vn 0.46568 0.8724 0.14853
vn 0.48085 0.86593 0.13767
vn 0.41834 0.90827 0.00555
vn 0.44102 0.8734 -0.20657
vn 0.4285 0.7709 0.47127
vn 0.23321 0.95479 0.18434
vn 0.04442 0.88586 0.46181
vn 0.46765 0.88201 0.05792
vn 0.4698 0.87526 0.1149
vn 0.50584 0.85118 0.14003
vn 0.44937 0.89335 -0.0007
vn 0.46957 0.82415 -0.31666
vn 0.4226 0.90508 -0.04735
vn 0.19595 0.84091 0.50445
vn 0.34412 0.9227 0.17381
vn 0.47574 0.86934 0.13385
vn 0.547 0.83653 0.03178
vn 0.31092 0.84621 -0.43273
vn 0.47377 0.87083 -0.13114
vn 0.1855 0.96692 0.17509
vn 0.5483 0.83047 0.0984
vn 0.51889 0.85336 -0.05027
vn 0.34818 0.91597 -0.1994
vn 0.0265 0.91251 0.40819
vn 0.34049 0.93233 0.12174
vn 0.35037 0.93177 -0.09513
vn 0.23873 0.95789 0.15956
vn 0.11264 0.98539 0.12775
vn 0.35152 0.93602 0.01759
vn 0.198 0.90956 -0.36536
vn 0.21677 0.96301 -0.16006
vn 0.24288 0.95923 0.14449
vn -0.05188 0.92754 0.3701
vn 0.12021 0.99107 0.05775
vn 0.16532 0.98556 -0.0367
vn 0.21828 0.96412 0.15106
vn 0.24006 0.96065 0.13973
vn 0.20539 0.96993 0.1306
vn -0.13926 0.93571 0.32413
vn 0.23857 0.93251 -0.27112
vn 0.21627 0.97381 0.07012
vn 0.24337 0.96993 0.00397
vn 0.20244 0.97147 0.12356
vn 0.23083 0.96487 0.12547
vn 0.17102 0.978 0.11941
vn -0.20631 0.95045 0.23256
vn 0.25881 0.96114 -0.09605
vn 0.23463 0.96786 0.09056
vn 0.22072 0.967 0.12729
vn -0.2544 0.9589 0.12567
vn 0.13239 0.98746 0.08601
vn 0.2049 0.97223 -0.11309
vn 0.24201 0.96968 0.03383
vn 0.23925 0.95021 -0.19964
vn 0.20248 0.97328 0.10828
vn 0.08547 0.99579 0.03312
vn 0.06425 0.99464 -0.08096
vn 0.24211 0.96898 -0.04956
vn 0.18622 0.98018 0.06759
vn -0.2506 0.9678 0.02392
vn 0.18495 0.98275 -0.00133
vn -0.17284 0.98335 -0.05616
vn 0.02785 0.99263 -0.11793
vn -0.22343 0.72952 -0.64643
vn -0.94781 -0.30963 0.07613
vn -0.9666 -0.25556 0.01944
vn -0.97928 -0.20221 0.0112
vn -0.96643 -0.25678 0.00866
vn -0.95025 -0.23822 0.20069
vn -0.92221 -0.38041 0.06938
vn -0.83019 -0.4372 0.3459
vn -0.78837 -0.58735 0.18301
vn -0.98203 -0.18144 -0.05198
vn -0.96656 -0.25103 0.05242
vn -0.69669 -0.66247 0.27523
vn -0.77957 -0.24387 0.57689
vn -0.7284 -0.43686 0.52781
vn -0.90445 -0.38719 0.17905
vn -0.74299 -0.62422 0.24148
vn -0.64701 -0.69351 0.31691
vn -0.69798 -0.16084 0.69782
vn -0.95213 -0.24911 0.17717
vn -0.59034 -0.69826 0.40488
vn -0.85888 -0.37086 0.35325
vn -0.69174 -0.63513 0.34367
vn -0.89782 -0.24449 0.36626
vn -0.53335 -0.62532 0.56966
vn -0.7205 -0.3705 0.58619
vn -0.61679 -0.60459 0.50401
vn -0.76973 -0.26706 0.57982
vn -0.57526 -0.42297 0.70012
vn -0.62734 -0.30374 0.71706
vn 0.94781 -0.30963 0.07613
vn 0.9666 -0.25556 0.01944
vn 0.96643 -0.25678 0.00866
vn 0.97928 -0.20221 0.0112
vn 0.92221 -0.38041 0.06938
vn 0.95025 -0.23822 0.20069
vn 0.78837 -0.58735 0.18301
vn 0.83019 -0.4372 0.3459
vn 0.96656 -0.25103 0.05242
vn 0.98203 -0.18144 -0.05198
vn 0.69669 -0.66247 0.27523
vn 0.74299 -0.62422 0.24148
vn 0.64701 -0.69351 0.31691
vn 0.90445 -0.38719 0.17905
vn 0.95213 -0.24911 0.17717
vn 0.77957 -0.24387 0.57689
vn 0.7284 -0.43686 0.52781
vn 0.59034 -0.69826 0.40488
vn 0.85888 -0.37086 0.35325
vn 0.89782 -0.24449 0.36626
vn 0.69798 -0.16084 0.69782
vn 0.69174 -0.63513 0.34367
vn 0.7205 -0.3705 0.58619
vn 0.76973 -0.26706 0.57982
vn 0.53335 -0.62532 0.56966
vn 0.61679 -0.60459 0.50401
vn 0.62734 -0.30374 0.71706
vn 0.57526 -0.42297 0.70012
vt 0.3887 2.81801
vt 0.41962 2.79368
vt 0.44314 2.81676
vt 0.39489 2.78157
vt 0.39337 2.85594
vt 0.34317 2.78479
vt 0.34921 2.86146
vt 0.33663 2.82911
vt 0.4404 2.8585
vt 0.36362 2.75821
vt 0.3111 2.87183
vt 0.35509 2.89059
vt 0.31898 2.90125
vt 0.39413 2.88847
vt 0.43634 2.89406
vt 0.30967 2.80672
vt 0.3006 2.84464
vt 0.32785 2.92997
vt 0.39138 2.92145
vt 0.429 2.92987
vt 0.27561 2.82736
vt 0.3586 2.91943
vt 0.38341 2.94818
vt 0.41641 2.96096
vt 0.34091 2.95435
vt 0.36089 2.93862
vt 0.39619 2.99179
vt 0.36421 2.97642
vt 0.1113 2.81801
vt 0.08038 2.79368
vt 0.10511 2.78157
vt 0.05686 2.81676
vt 0.15683 2.78479
vt 0.10663 2.85594
vt 0.16338 2.82911
vt 0.15078 2.86146
vt 0.13638 2.75821
vt 0.0596 2.8585
vt 0.1889 2.87183
vt 0.19033 2.80672
vt 0.1994 2.84464
vt 0.10587 2.88847
vt 0.14491 2.89059
vt 0.18102 2.90125
vt 0.22439 2.82736
vt 0.06366 2.89406
vt 0.17215 2.92997
vt 0.10862 2.92145
vt 0.14141 2.91943
vt 0.071 2.92987
vt 0.15909 2.95435
vt 0.11659 2.94818
vt 0.13911 2.93862
vt 0.08359 2.96096
vt 0.13579 2.97642
vt 0.10381 2.99179
vt 0.70312 1.00391
vt 0.71872 1.00391
vt 0.70312 1.01837
vt 0.71915 1.01571
vt 0.73625 1.00391
vt 0.70312 1.03273
vt 0.73772 1.01552
vt 0.71987 1.0295
vt 0.70312 1.04678
vt 0.75527 1.00391
vt 0.72045 1.04447
vt 0.77516 1.00391
vt 0.75548 1.01883
vt 0.70312 1.0594
vt 0.73874 1.03111
vt 0.77513 1.02427
vt 0.72039 1.05801
vt 0.70312 1.06998
vt 0.73937 1.04915
vt 0.79628 1.00391
vt 0.75687 1.03869
vt 0.72043 1.07211
vt 0.70312 1.07722
vt 0.79539 1.03242
vt 0.75689 1.06139
vt 0.71953 1.08218
vt 0.73836 1.06731
vt 0.81418 1.0399
vt 0.77631 1.05229
vt 0.7374 1.08651
vt 0.81623 1.00391
vt 0.77556 1.08262
vt 0.79454 1.06721
vt 0.73567 1.10445
vt 0.75489 1.0843
vt 0.83289 1.04642
vt 0.79258 1.10386
vt 0.75216 1.11003
vt 0.83522 1.00391
vt 0.81216 1.07983
vt 0.77269 1.11218
vt 0.7469 1.14477
vt 0.85156 1.04973
vt 0.81096 1.12228
vt 0.76918 1.14233
vt 0.85156 1.00391
vt 0.83153 1.08964
vt 0.79055 1.14168
vt 0.76453 1.17235
vt 0.757 1.19736
vt 0.87153 1.04941
vt 0.85156 1.09563
vt 0.83018 1.13676
vt 0.78664 1.17693
vt 0.76192 1.19397
vt 0.87316 1.00391
vt 0.87113 1.09487
vt 0.80829 1.16462
vt 0.77247 1.23359
vt 0.78046 1.20939
vt 0.89001 1.04607
vt 0.85156 1.14325
vt 0.89049 1.12884
vt 0.87193 1.14072
vt 0.80433 1.20397
vt 0.76679 1.24264
vt 0.8914 1.00391
vt 0.89 1.08695
vt 0.82845 1.17959
vt 0.89077 1.17109
vt 0.87219 1.18399
vt 0.8001 1.24186
vt 0.79327 1.28197
vt 0.78828 1.30549
vt 0.90747 1.04086
vt 0.90853 1.11298
vt 0.82691 1.22534
vt 0.89222 1.20699
vt 0.85156 1.18781
vt 0.82164 1.31687
vt 0.90695 1.00391
vt 0.90799 1.07715
vt 0.90855 1.14739
vt 0.82448 1.26689
vt 0.89555 1.24264
vt 0.87326 1.22398
vt 0.81864 1.35356
vt 0.92515 1.03498
vt 0.92538 1.09421
vt 0.91005 1.17962
vt 0.85156 1.23323
vt 0.87574 1.26695
vt 0.85156 1.33224
vt 0.92397 1.00391
vt 0.9255 1.06523
vt 0.92581 1.12223
vt 0.912 1.21007
vt 0.85156 1.2759
vt 0.85156 1.36641
vt 0.94275 1.02807
vt 0.94303 1.07542
vt 0.92696 1.149
vt 0.91693 1.23712
vt 0.90088 1.28513
vt 0.87886 1.32027
vt 0.94136 1.00391
vt 0.94284 1.05221
vt 0.94436 1.09702
vt 0.92736 1.17632
vt 0.93027 1.25123
vt 0.8836 1.35363
vt 0.96083 1.02297
vt 0.96107 1.05999
vt 0.9455 1.11556
vt 0.92647 1.2012
vt 0.91063 1.31432
vt 0.96016 1.00391
vt 0.96095 1.04205
vt 0.96167 1.0761
vt 0.94788 1.1368
vt 0.93866 1.19126
vt 0.97898 1.01981
vt 0.9788 1.05059
vt 0.96282 1.08909
vt 0.96514 1.09556
vt 0.9795 1.00391
vt 0.9787 1.03567
vt 0.97938 1.06359
vt 0.98064 1.07989
vt 0.99609 1.01837
vt 0.99609 1.04678
vt 0.98004 1.07403
vt 0.99609 1.00391
vt 0.99609 1.03273
vt 0.99609 1.0594
vt 0.99609 1.07722
vt 0.99609 1.06998
vt 0.29688 1.00391
vt 0.29688 1.01837
vt 0.28128 1.00391
vt 0.28085 1.01571
vt 0.29688 1.03273
vt 0.26375 1.00391
vt 0.29688 1.04678
vt 0.28013 1.0295
vt 0.26228 1.01552
vt 0.27955 1.04447
vt 0.24473 1.00391
vt 0.29688 1.0594
vt 0.26126 1.03111
vt 0.24452 1.01883
vt 0.22484 1.00391
vt 0.29688 1.06998
vt 0.27961 1.05801
vt 0.22487 1.02427
vt 0.26063 1.04915
vt 0.29688 1.07722
vt 0.27957 1.07211
vt 0.20372 1.00391
vt 0.24313 1.03869
vt 0.28047 1.08218
vt 0.26164 1.06731
vt 0.20461 1.03242
vt 0.24311 1.06139
vt 0.26432 1.10445
vt 0.2626 1.08651
vt 0.18582 1.0399
vt 0.22368 1.05229
vt 0.2531 1.14477
vt 0.24784 1.11003
vt 0.24511 1.0843
vt 0.18377 1.00391
vt 0.22444 1.08262
vt 0.20546 1.06721
vt 0.243 1.19736
vt 0.23547 1.17235
vt 0.23082 1.14233
vt 0.16711 1.04642
vt 0.22731 1.11218
vt 0.20742 1.10386
vt 0.23808 1.19397
vt 0.16478 1.00391
vt 0.18784 1.07983
vt 0.21336 1.17693
vt 0.20945 1.14168
vt 0.23321 1.24264
vt 0.22753 1.23359
vt 0.14844 1.04973
vt 0.18904 1.12228
vt 0.21954 1.20939
vt 0.21172 1.30549
vt 0.20673 1.28197
vt 0.14844 1.00391
vt 0.16848 1.08964
vt 0.19171 1.16462
vt 0.1999 1.24186
vt 0.19567 1.20397
vt 0.18136 1.35356
vt 0.17836 1.31687
vt 0.14844 1.09563
vt 0.12847 1.04941
vt 0.16982 1.13676
vt 0.1731 1.22534
vt 0.14844 1.36641
vt 0.14844 1.33224
vt 0.17552 1.26689
vt 0.12684 1.00391
vt 0.12887 1.09487
vt 0.17155 1.17959
vt 0.1164 1.35363
vt 0.12114 1.32027
vt 0.14844 1.2759
vt 0.10999 1.04607
vt 0.14844 1.14325
vt 0.12807 1.14072
vt 0.10951 1.12884
vt 0.14844 1.23323
vt 0.08937 1.31432
vt 0.1086 1.00391
vt 0.11 1.08695
vt 0.14844 1.18781
vt 0.12781 1.18399
vt 0.10923 1.17109
vt 0.12426 1.26695
vt 0.09912 1.28513
vt 0.09253 1.04086
vt 0.09147 1.11298
vt 0.10778 1.20699
vt 0.12674 1.22398
vt 0.06973 1.25123
vt 0.09305 1.00391
vt 0.09201 1.07715
vt 0.09145 1.14739
vt 0.10445 1.24264
vt 0.08307 1.23712
vt 0.07485 1.03498
vt 0.07462 1.09421
vt 0.08995 1.17962
vt 0.06134 1.19126
vt 0.07353 1.2012
vt 0.088 1.21007
vt 0.07603 1.00391
vt 0.0745 1.06523
vt 0.07419 1.12223
vt 0.05212 1.1368
vt 0.07264 1.17632
vt 0.05725 1.02807
vt 0.05697 1.07542
vt 0.07304 1.149
vt 0.05864 1.00391
vt 0.05716 1.05221
vt 0.05564 1.09702
vt 0.03486 1.09556
vt 0.0545 1.11556
vt 0.03917 1.02297
vt 0.03893 1.05999
vt 0.03718 1.08909
vt 0.03984 1.00391
vt 0.03905 1.04205
vt 0.03833 1.0761
vt 0.01936 1.07989
vt 0.02102 1.01981
vt 0.0212 1.05059
vt 0.01996 1.07403
vt 0.0205 1.00391
vt 0.0213 1.03567
vt 0.02062 1.06359
vt 0.00391 1.07722
vt 0.00391 1.01837
vt 0.00391 1.04678
vt 0.00391 1.06998
vt 0.00391 1.00391
vt 0.00391 1.03273
vt 0.00391 1.0594
vt 0.34047 1.13972
vt 0.34518 1.17048
vt 0.3381 1.15401
vt 0.35458 1.16518
vt 0.32754 1.1397
vt 0.35783 1.13662
vt 0.33258 1.10938
vt 0.34931 1.12847
vt 0.33862 1.10938
vt 0.35141 1.19516
vt 0.34417 1.19198
vt 0.32683 1.14671
vt 0.3585 1.10938
vt 0.37073 1.14105
vt 0.37094 1.10938
vt 0.34084 1.07886
vt 0.32632 1.10938
vt 0.32819 1.07917
vt 0.36365 1.20348
vt 0.31584 1.15752
vt 0.34894 1.10938
vt 0.38456 1.10938
vt 0.35761 1.08286
vt 0.37037 1.07765
vt 0.33824 1.06422
vt 0.34906 1.09071
vt 0.35346 1.05439
vt 0.32174 1.13522
vt 0.32189 1.08357
vt 0.36892 1.17237
vt 0.31113 1.14933
vt 0.38409 1.07294
vt 0.38427 1.14485
vt 0.40095 1.07412
vt 0.40095 1.14459
vt 0.40118 1.10938
vt 0.34492 1.04748
vt 0.327 1.07183
vt 0.31168 1.06885
vt 0.30705 1.07697
vt 0.38116 1.20861
vt 0.30651 1.14122
vt 0.36884 1.04685
vt 0.41959 1.07498
vt 0.40044 1.04586
vt 0.41924 1.04804
vt 0.40044 1.17301
vt 0.4196 1.14373
vt 0.41927 1.1707
vt 0.35179 1.02345
vt 0.34482 1.02584
vt 0.31642 1.06062
vt 0.38341 1.17479
vt 0.38357 1.04451
vt 0.43824 1.05016
vt 0.41989 1.10938
vt 0.43888 1.07597
vt 0.42004 1.20365
vt 0.43827 1.16845
vt 0.43864 1.19918
vt 0.36388 1.01578
vt 0.40065 1.20797
vt 0.40052 1.01067
vt 0.41992 1.01473
vt 0.45826 1.05192
vt 0.43861 1.01907
vt 0.45722 1.02022
vt 0.43891 1.14267
vt 0.43941 1.10938
vt 0.45723 1.19864
vt 0.38117 1.01028
vt 0.47546 1.01694
vt 0.45932 1.0766
vt 0.47763 1.05058
vt 0.45827 1.16684
vt 0.45941 1.14215
vt 0.49541 1.03909
vt 0.49514 1.00936
vt 0.46039 1.10938
vt 0.47911 1.07638
vt 0.47581 1.20172
vt 0.47804 1.16825
vt 0.49347 1.07192
vt 0.47947 1.14258
vt 0.48043 1.10938
vt 0.49539 1.17799
vt 0.49609 1.20939
vt 0.49216 1.10938
vt 0.49376 1.14519
vt 0.50391 1.20939
vt 0.50461 1.17799
vt 0.52419 1.20172
vt 0.52196 1.16825
vt 0.50624 1.14519
vt 0.54173 1.16684
vt 0.54277 1.19864
vt 0.52052 1.14258
vt 0.50784 1.10938
vt 0.56173 1.16845
vt 0.54059 1.14215
vt 0.56109 1.14267
vt 0.51957 1.10938
vt 0.52089 1.07638
vt 0.50653 1.07192
vt 0.56136 1.19918
vt 0.56059 1.10938
vt 0.5804 1.14373
vt 0.58011 1.10938
vt 0.53961 1.10938
vt 0.52237 1.05058
vt 0.50459 1.03909
vt 0.58073 1.1707
vt 0.57996 1.20365
vt 0.56112 1.07597
vt 0.59882 1.10938
vt 0.58041 1.07498
vt 0.54068 1.0766
vt 0.52454 1.01694
vt 0.50486 1.00936
vt 0.59956 1.17301
vt 0.59935 1.20797
vt 0.59905 1.14459
vt 0.56176 1.05016
vt 0.59905 1.07412
vt 0.58076 1.04804
vt 0.54174 1.05192
vt 0.61659 1.17479
vt 0.61883 1.20861
vt 0.61544 1.10938
vt 0.61573 1.14485
vt 0.56139 1.01907
vt 0.59956 1.04586
vt 0.58008 1.01473
vt 0.54277 1.02022
vt 0.63108 1.17237
vt 0.63635 1.20348
vt 0.61591 1.07294
vt 0.62927 1.14105
vt 0.62963 1.07765
vt 0.62906 1.10938
vt 0.59948 1.01067
vt 0.64542 1.16518
vt 0.64859 1.19516
vt 0.64239 1.08286
vt 0.63116 1.04685
vt 0.64654 1.05439
vt 0.61643 1.04451
vt 0.61883 1.01028
vt 0.65482 1.17048
vt 0.65583 1.19198
vt 0.64217 1.13662
vt 0.65916 1.07886
vt 0.6415 1.10938
vt 0.65094 1.09071
vt 0.63612 1.01578
vt 0.65953 1.13972
vt 0.6619 1.15401
vt 0.66176 1.06422
vt 0.64821 1.02345
vt 0.65508 1.04748
vt 0.65106 1.10938
vt 0.66138 1.10938
vt 0.67247 1.1397
vt 0.67317 1.14671
vt 0.65069 1.12847
vt 0.67181 1.07917
vt 0.673 1.07183
vt 0.65518 1.02584
vt 0.68416 1.15752
vt 0.66742 1.10938
vt 0.68887 1.14933
vt 0.67368 1.10938
vt 0.67826 1.13522
vt 0.68358 1.06062
vt 0.69349 1.14122
vt 0.67811 1.08357
vt 0.68832 1.06885
vt 0.69295 1.07697
vt 0.53415 1.2119
vt 0.53795 1.2331
vt 0.52122 1.22189
vt 0.52322 1.24361
vt 0.54381 1.27479
vt 0.51028 1.23051
vt 0.5272 1.28211
vt 0.54641 1.31581
vt 0.51108 1.24986
vt 0.5 1.23406
vt 0.52861 1.31681
vt 0.52775 1.35067
vt 0.54395 1.35791
vt 0.5 1.25141
vt 0.48893 1.24986
vt 0.48972 1.23051
vt 0.51323 1.28577
vt 0.52493 1.37457
vt 0.53524 1.39277
vt 0.47678 1.24361
vt 0.48677 1.28577
vt 0.4728 1.28211
vt 0.51436 1.31874
vt 0.51878 1.41096
vt 0.47877 1.22189
vt 0.5 1.28597
vt 0.45619 1.27479
vt 0.47139 1.31681
vt 0.45358 1.31581
vt 0.51414 1.35105
vt 0.51451 1.38061
vt 0.5 1.3859
vt 0.5 1.41696
vt 0.46205 1.2331
vt 0.46585 1.2119
vt 0.48564 1.31874
vt 0.5 1.32031
vt 0.47225 1.35067
vt 0.45605 1.35791
vt 0.48122 1.41096
vt 0.5 1.35576
vt 0.47507 1.37457
vt 0.46476 1.39277
vt 0.48586 1.35105
vt 0.48549 1.38061
vt 0.60021 1.72589
vt 0.59263 1.70858
vt 0.60188 1.70572
vt 0.59949 1.69475
vt 0.58428 1.67904
vt 0.60304 1.69983
vt 0.5955 1.66317
vt 0.57787 1.65012
vt 0.56405 1.6625
vt 0.57137 1.6942
vt 0.60335 1.69158
vt 0.57209 1.62362
vt 0.59095 1.63601
vt 0.58653 1.61484
vt 0.55438 1.69949
vt 0.6007 1.65839
vt 0.58249 1.59092
vt 0.55812 1.63435
vt 0.56694 1.59775
vt 0.54893 1.67213
vt 0.53723 1.70303
vt 0.59706 1.63072
vt 0.59433 1.61107
vt 0.59063 1.58808
vt 0.55277 1.6069
vt 0.53337 1.67825
vt 0.51903 1.70804
vt 0.52129 1.73267
vt 0.54166 1.73118
vt 0.5437 1.64452
vt 0.5 1.73458
vt 0.5169 1.6825
vt 0.5 1.70886
vt 0.54162 1.7608
vt 0.53864 1.61748
vt 0.52957 1.65208
vt 0.48097 1.70804
vt 0.52045 1.76161
vt 0.47871 1.73267
vt 0.5 1.7615
vt 0.47955 1.76161
vt 0.51519 1.65586
vt 0.5 1.68499
vt 0.5 1.65906
vt 0.52596 1.62671
vt 0.46277 1.70303
vt 0.4831 1.6825
vt 0.46663 1.67825
vt 0.48048 1.78955
vt 0.51952 1.78955
vt 0.5 1.78879
vt 0.53975 1.79204
vt 0.51309 1.63001
vt 0.5 1.63214
vt 0.45834 1.73118
vt 0.45838 1.7608
vt 0.47043 1.65208
vt 0.45107 1.67213
vt 0.4563 1.64452
vt 0.48137 1.82001
vt 0.46025 1.79204
vt 0.46249 1.82249
vt 0.53751 1.82249
vt 0.48481 1.65586
vt 0.44562 1.69949
vt 0.46136 1.61748
vt 0.44188 1.63435
vt 0.44723 1.6069
vt 0.5 1.81901
vt 0.51863 1.82001
vt 0.48128 1.84807
vt 0.4636 1.85002
vt 0.48691 1.63001
vt 0.43595 1.6625
vt 0.42863 1.6942
vt 0.47404 1.62671
vt 0.43306 1.59775
vt 0.5 1.84766
vt 0.51872 1.84807
vt 0.5364 1.85002
vt 0.48042 1.88084
vt 0.4626 1.8812
vt 0.41572 1.67904
vt 0.42791 1.62362
vt 0.51958 1.88084
vt 0.5374 1.8812
vt 0.5 1.87992
vt 0.47811 1.91415
vt 0.45957 1.91557
vt 0.42213 1.65012
vt 0.4045 1.66317
vt 0.40051 1.69475
vt 0.40738 1.70858
vt 0.41751 1.59092
vt 0.52189 1.91415
vt 0.54043 1.91557
vt 0.5 1.91076
vt 0.47572 1.95053
vt 0.45737 1.95194
vt 0.44182 1.91516
vt 0.39665 1.69158
vt 0.40905 1.63601
vt 0.3993 1.65839
vt 0.39812 1.70572
vt 0.39979 1.72589
vt 0.41347 1.61484
vt 0.52428 1.95053
vt 0.54263 1.95194
vt 0.55818 1.91516
vt 0.5 1.93871
vt 0.44002 1.95188
vt 0.4661 1.99285
vt 0.45403 1.99005
vt 0.39696 1.69983
vt 0.40294 1.63072
vt 0.40937 1.58808
vt 0.55998 1.95188
vt 0.57311 1.91378
vt 0.51758 1.96493
vt 0.5339 1.99285
vt 0.52684 1.99151
vt 0.42689 1.91378
vt 0.47316 1.99151
vt 0.48242 1.96493
vt 0.43853 1.99014
vt 0.40567 1.61107
vt 0.57509 1.95089
vt 0.58922 1.91004
vt 0.54597 1.99005
vt 0.5 1.95419
vt 0.42491 1.95089
vt 0.41078 1.91004
vt 0.5913 1.94932
vt 0.60647 1.9472
vt 0.6048 1.90598
vt 0.56147 1.99014
vt 0.4087 1.94932
vt 0.39353 1.9472
vt 0.3952 1.90598
vt 0.42379 1.98949
vt 0.59253 1.9889
vt 0.57621 1.98949
vt 0.62235 1.94574
vt 0.62295 1.90101
vt 0.37765 1.94574
vt 0.40747 1.9889
vt 0.37706 1.98642
vt 0.39246 1.98796
vt 0.60754 1.98796
vt 0.64233 1.91752
vt 0.63098 1.8777
vt 0.37705 1.90101
vt 0.3593 1.94771
vt 0.35877 1.98416
vt 0.62294 1.98642
vt 0.64682 1.89743
vt 0.64475 1.87818
vt 0.64064 1.86936
vt 0.35767 1.91752
vt 0.36902 1.8777
vt 0.34173 1.97926
vt 0.6407 1.94771
vt 0.65545 1.88376
vt 0.65657 1.91148
vt 0.64585 1.86967
vt 0.6438 1.86789
vt 0.35318 1.89743
vt 0.35525 1.87818
vt 0.35936 1.86936
vt 0.34318 1.94264
vt 0.32684 1.97172
vt 0.64123 1.98416
vt 0.65682 1.94264
vt 0.65108 1.87155
vt 0.6684 1.89612
vt 0.66404 1.86615
vt 0.64719 1.86338
vt 0.34455 1.88376
vt 0.34343 1.91148
vt 0.35415 1.86967
vt 0.3562 1.86789
vt 0.32841 1.92975
vt 0.65827 1.97926
vt 0.67159 1.92975
vt 0.65959 1.8567
vt 0.67777 1.87957
vt 0.6736 1.84423
vt 0.64818 1.86533
vt 0.34892 1.87155
vt 0.3316 1.89612
vt 0.33596 1.86615
vt 0.35281 1.86338
vt 0.67316 1.97172
vt 0.67027 1.83289
vt 0.6565 1.85071
vt 0.66667 1.82968
vt 0.68589 1.86039
vt 0.32223 1.87957
vt 0.34041 1.8567
vt 0.3264 1.84423
vt 0.35182 1.86533
vt 0.6762 1.80905
vt 0.6837 1.82662
vt 0.68037 1.80966
vt 0.31411 1.86039
vt 0.3435 1.85071
vt 0.32973 1.83289
vt 0.33334 1.82968
vt 0.68611 1.78765
vt 0.69678 1.84298
vt 0.69254 1.81167
vt 0.3163 1.82662
vt 0.30322 1.84298
vt 0.3238 1.80905
vt 0.68938 1.79049
vt 0.69419 1.77489
vt 0.70636 1.83324
vt 0.30746 1.81167
vt 0.29364 1.83324
vt 0.31963 1.80966
vt 0.69694 1.78035
vt 0.70157 1.80153
vt 0.29843 1.80153
vt 0.31389 1.78765
vt 0.31062 1.79049
vt 0.30306 1.78035
vt 0.30581 1.77489
vt 1 1.37557
vt 0.98706 1.37406
vt 1 1.32903
vt 0.98857 1.32811
vt 0.97374 1.36302
vt 1 1.3008
vt 0.97706 1.32493
vt 0.96347 1.34828
vt 0.98938 1.3002
vt 0.99017 1.2737
vt 1 1.27409
vt 0.966 1.3192
vt 0.95063 1.32927
vt 0.99069 1.24813
vt 0.97892 1.29782
vt 0.98175 1.24862
vt 0.98061 1.27253
vt 0.95399 1.30787
vt 0.9404 1.29907
vt 1 1.24764
vt 0.9735 1.24841
vt 0.96888 1.29353
vt 0.97149 1.27018
vt 0.94009 1.29579
vt 0.99086 1.22254
vt 0.98217 1.2255
vt 0.96628 1.24651
vt 0.97436 1.22903
vt 0.96868 1.23255
vt 0.95932 1.28715
vt 0.95149 1.28136
vt 0.94579 1.25732
vt 1 1.22035
vt 0.95998 1.23902
vt 0.96302 1.2661
vt 0.95507 1.2609
vt 0.97304 1.20992
vt 0.96551 1.22219
vt 0.99073 1.19604
vt 0.98175 1.20164
vt 0.95316 1.22683
vt 1 1.19397
vt 0.97061 1.18731
vt 0.96034 1.20751
vt 0.99037 1.16571
vt 0.98116 1.17485
vt 1 1.16349
vt 0 1.37557
vt 0 1.32903
vt 0.01294 1.37406
vt 0.01143 1.32811
vt 0 1.3008
vt 0.02626 1.36302
vt 0.01062 1.3002
vt 0.00983 1.2737
vt 0 1.27409
vt 0.02294 1.32493
vt 0.03653 1.34828
vt 0.00931 1.24813
vt 0 1.24764
vt 0.034 1.3192
vt 0.04937 1.32927
vt 0.02108 1.29782
vt 0.00914 1.22254
vt 0 1.22035
vt 0.04601 1.30787
vt 0.0596 1.29907
vt 0.01939 1.27253
vt 0.01825 1.24862
vt 0.00927 1.19604
vt 0 1.19397
vt 0.03112 1.29353
vt 0.05991 1.29579
vt 0.01783 1.2255
vt 0.00963 1.16571
vt 0 1.16349
vt 0.02851 1.27018
vt 0.0265 1.24841
vt 0.04851 1.28136
vt 0.04068 1.28715
vt 0.01825 1.20164
vt 0.01884 1.17485
vt 0.02564 1.22903
vt 0.05421 1.25732
vt 0.03698 1.2661
vt 0.03372 1.24651
vt 0.02939 1.18731
vt 0.02696 1.20992
vt 0.04493 1.2609
vt 0.03131 1.23255
vt 0.03966 1.20751
vt 0.04002 1.23902
vt 0.04684 1.22683
vt 0.03449 1.22219
vt 0.82126 1.58285
vt 0.83833 1.53933
vt 0.84095 1.57518
vt 0.81628 1.54432
vt 0.85955 1.54006
vt 0.85918 1.57187
vt 0.83626 1.50818
vt 0.81372 1.50886
vt 0.87973 1.54302
vt 0.85929 1.50796
vt 0.88074 1.50981
vt 0.83545 1.47656
vt 0.81371 1.47656
vt 0.87779 1.57468
vt 0.88096 1.47656
vt 0.89939 1.51128
vt 0.89962 1.47656
vt 0.85898 1.47656
vt 0.81412 1.44597
vt 0.89649 1.57952
vt 0.91704 1.47656
vt 0.88072 1.44376
vt 0.89937 1.44217
vt 0.8362 1.44556
vt 0.85925 1.44569
vt 0.89843 1.54656
vt 0.91713 1.44137
vt 0.91715 1.51198
vt 0.93274 1.47656
vt 0.85951 1.41351
vt 0.83821 1.41275
vt 0.81501 1.40848
vt 0.91589 1.58428
vt 0.91679 1.4055
vt 0.87971 1.41063
vt 0.89843 1.40755
vt 0.91684 1.54752
vt 0.93309 1.44154
vt 0.9331 1.51171
vt 0.94635 1.44387
vt 0.94621 1.50806
vt 0.94576 1.47656
vt 0.82031 1.37079
vt 0.89636 1.37355
vt 0.93425 1.40795
vt 0.91576 1.36845
vt 0.93524 1.36737
vt 0.84059 1.37824
vt 0.85918 1.38151
vt 0.93524 1.58491
vt 0.93424 1.54523
vt 0.95798 1.50594
vt 0.95846 1.4483
vt 0.95677 1.47656
vt 0.95276 1.37352
vt 0.87776 1.37874
vt 0.95253 1.57927
vt 0.94915 1.5408
vt 0.94927 1.41229
vt 0.96564 1.50167
vt 0.96558 1.45159
vt 0.96476 1.47656
vt 0.96462 1.56993
vt 0.965 1.38386
vt 0.96873 1.51779
vt 0.96151 1.53434
vt 0.96907 1.43518
vt 0.96257 1.41804
vt 0.96863 1.47656
vt 0.96977 1.53398
vt 0.97152 1.50911
vt 0.97452 1.52025
vt 0.97484 1.51147
vt 0.97158 1.55807
vt 0.97037 1.41951
vt 0.97167 1.44414
vt 0.97496 1.43344
vt 0.97506 1.442
vt 0.97224 1.39562
vt 0.96991 1.50152
vt 0.96988 1.45169
vt 0.97268 1.47656
vt 0.97442 1.50127
vt 0.9744 1.45191
vt 0.17874 1.58285
vt 0.16167 1.53933
vt 0.18372 1.54432
vt 0.15905 1.57518
vt 0.16374 1.50818
vt 0.18628 1.50886
vt 0.14045 1.54006
vt 0.14082 1.57187
vt 0.16455 1.47656
vt 0.14071 1.50796
vt 0.14102 1.47656
vt 0.12027 1.54302
vt 0.1222 1.57468
vt 0.18629 1.47656
vt 0.11904 1.47656
vt 0.1638 1.44556
vt 0.14075 1.44569
vt 0.11926 1.50981
vt 0.10351 1.57952
vt 0.18588 1.44597
vt 0.11928 1.44376
vt 0.16179 1.41275
vt 0.14049 1.41351
vt 0.10061 1.51128
vt 0.10038 1.47656
vt 0.10157 1.54656
vt 0.08411 1.58428
vt 0.18499 1.40848
vt 0.12029 1.41063
vt 0.15941 1.37824
vt 0.14082 1.38151
vt 0.08296 1.47656
vt 0.10063 1.44217
vt 0.08316 1.54752
vt 0.06476 1.58491
vt 0.17969 1.37079
vt 0.12224 1.37874
vt 0.08287 1.44137
vt 0.08285 1.51198
vt 0.06726 1.47656
vt 0.06576 1.54523
vt 0.04747 1.57927
vt 0.10364 1.37355
vt 0.10157 1.40755
vt 0.06691 1.44154
vt 0.08321 1.4055
vt 0.06575 1.40795
vt 0.05085 1.5408
vt 0.03538 1.56993
vt 0.0669 1.51171
vt 0.05364 1.44387
vt 0.08424 1.36845
vt 0.03849 1.53434
vt 0.02842 1.55807
vt 0.05379 1.50806
vt 0.05073 1.41229
vt 0.06476 1.36737
vt 0.04724 1.37352
vt 0.03023 1.53398
vt 0.05424 1.47656
vt 0.04202 1.50594
vt 0.035 1.38386
vt 0.04154 1.4483
vt 0.03743 1.41804
vt 0.03127 1.51779
vt 0.02548 1.52025
vt 0.02776 1.39562
vt 0.04323 1.47656
vt 0.02516 1.51147
vt 0.02963 1.41951
vt 0.03093 1.43518
vt 0.03436 1.50167
vt 0.02848 1.50911
vt 0.02558 1.50127
vt 0.03442 1.45159
vt 0.02504 1.43344
vt 0.03009 1.50152
vt 0.02732 1.47656
vt 0.03524 1.47656
vt 0.02494 1.442
vt 0.02833 1.44414
vt 0.03137 1.47656
vt 0.03012 1.45169
vt 0.0256 1.45191
vt 0.22379 1.88243
vt 0.23875 1.8608
vt 0.2372 1.89817
vt 0.21979 1.92181
vt 0.24537 1.88079
vt 0.25514 1.85174
vt 0.23417 1.92185
vt 0.23718 1.94554
vt 0.22364 1.96136
vt 0.25687 1.87531
vt 0.25781 1.92188
vt 0.23868 1.98298
vt 0.24534 1.96295
vt 0.25684 1.96846
vt 0.25509 1.99205
vt 0.01148 1.9375
vt 0.02583 1.9375
vt 0.01514 1.96585
vt 0.01602 1.91058
vt 0.02795 1.95319
vt 0.02599 1.98368
vt 0.02786 1.92208
vt 0.02689 1.89369
vt 0.03347 1.9651
vt 0.04297 1.9375
vt 0.03351 1.91016
vt 0.03877 1.88467
vt 0.03878 1.99086
vt 0.04162 1.90367
vt 0.0418 1.97174
vt 0.7308 1.91406
vt 0.71633 1.91406
vt 0.72706 1.88576
vt 0.72603 1.94086
vt 0.71421 1.89834
vt 0.7153 1.86977
vt 0.71431 1.92947
vt 0.71535 1.95797
vt 0.70869 1.88643
vt 0.69922 1.91406
vt 0.70866 1.94138
vt 0.70324 1.96577
vt 0.70304 1.86184
vt 0.70056 1.94785
vt 0.70033 1.87993
vt 0.77621 1.88243
vt 0.7628 1.89817
vt 0.76125 1.8608
vt 0.78021 1.92181
vt 0.75463 1.88079
vt 0.74486 1.85174
vt 0.76583 1.92185
vt 0.76282 1.94554
vt 0.77636 1.96136
vt 0.74313 1.87531
vt 0.74219 1.92188
vt 0.76132 1.98298
vt 0.75466 1.96295
vt 0.74316 1.96846
vt 0.74491 1.99205
vt 0.98852 1.9375
vt 0.98486 1.96585
vt 0.97417 1.9375
vt 0.98398 1.91058
vt 0.97205 1.95319
vt 0.97401 1.98368
vt 0.97214 1.92208
vt 0.97311 1.89369
vt 0.96653 1.9651
vt 0.96122 1.99086
vt 0.95703 1.9375
vt 0.96649 1.91016
vt 0.96123 1.88467
vt 0.9582 1.97174
vt 0.95838 1.90367
vt 0.2692 1.91406
vt 0.27294 1.88576
vt 0.28367 1.91406
vt 0.27397 1.94086
vt 0.28579 1.89834
vt 0.28469 1.86977
vt 0.28569 1.92947
vt 0.28465 1.95797
vt 0.29131 1.88643
vt 0.29696 1.86184
vt 0.30078 1.91406
vt 0.29134 1.94138
vt 0.29676 1.96577
vt 0.29967 1.87993
vt 0.29944 1.94785
vt 0.5 1.43266
vt 0.51346 1.43963
vt 0.5 1.43813
vt 0.48654 1.43963
vt 0.51292 1.44404
vt 0.52674 1.46486
vt 0.52939 1.46398
vt 0.48708 1.44404
vt 0.47326 1.46486
vt 0.47061 1.46398
vt 0.51065 1.46956
vt 0.5 1.46363
vt 0.53374 1.48783
vt 0.54102 1.49333
vt 0.46626 1.48783
vt 0.48935 1.46956
vt 0.47918 1.49397
vt 0.48132 1.47686
vt 0.51868 1.47686
vt 0.5 1.49134
vt 0.51065 1.49204
vt 0.53672 1.51167
vt 0.54072 1.51219
vt 0.55149 1.52378
vt 0.45898 1.49333
vt 0.48935 1.49204
vt 0.52082 1.49397
vt 0.54422 1.53464
vt 0.52219 1.51517
vt 0.5378 1.54604
vt 0.52271 1.5384
vt 0.46328 1.51167
vt 0.47781 1.51517
vt 0.5 1.51394
vt 0.52199 1.56012
vt 0.54937 1.57169
vt 0.53653 1.58594
vt 0.51103 1.51425
vt 0.51123 1.53629
vt 0.5596 1.54427
vt 0.45928 1.51219
vt 0.44851 1.52378
vt 0.48897 1.51425
vt 0.51911 1.57642
vt 0.51101 1.55824
vt 0.5 1.53516
vt 0.45578 1.53464
vt 0.47728 1.5384
vt 0.4622 1.54604
vt 0.52626 1.6034
vt 0.5 1.55788
vt 0.51069 1.57672
vt 0.48877 1.53629
vt 0.45063 1.57169
vt 0.47801 1.56012
vt 0.46347 1.58594
vt 0.4404 1.54427
vt 0.51294 1.61574
vt 0.48899 1.55824
vt 0.5 1.57668
vt 0.48931 1.57672
vt 0.48089 1.57642
vt 0.47374 1.6034
vt 0.5 1.61733
vt 0.48706 1.61574
vt 0.60178 1.86893
vt 0.5923 1.83476
vt 0.60353 1.82996
vt 0.5915 1.8625
vt 0.58692 1.80921
vt 0.59738 1.79335
vt 0.5792 1.83994
vt 0.57887 1.8554
vt 0.58332 1.76826
vt 0.57602 1.82583
vt 0.57638 1.79159
vt 0.56445 1.84578
vt 0.56441 1.84775
vt 0.5625 1.75867
vt 0.56407 1.84403
vt 0.57004 1.81602
vt 0.56338 1.84279
vt 0.5625 1.84571
vt 0.5625 1.78512
vt 0.5625 1.84239
vt 0.5625 1.8125
vt 0.39822 1.86893
vt 0.39647 1.82996
vt 0.4077 1.83476
vt 0.4085 1.8625
vt 0.41308 1.80921
vt 0.40262 1.79335
vt 0.42081 1.83994
vt 0.42113 1.8554
vt 0.41668 1.76826
vt 0.42398 1.82583
vt 0.43555 1.84578
vt 0.4356 1.84775
vt 0.42362 1.79159
vt 0.4375 1.75867
vt 0.43593 1.84403
vt 0.4375 1.84571
vt 0.4375 1.78512
vt 0.43662 1.84279
vt 0.42996 1.81602
vt 0.4375 1.8125
vt 0.4375 1.84239
vt 0.75575 1.83264
vt 0.76056 1.81351
vt 0.76747 1.83162
vt 0.76091 1.7915
vt 0.76966 1.81487
vt 0.77424 1.76398
vt 0.77234 1.79661
vt 0.78842 1.80916
vt 0.78413 1.8403
vt 0.78944 1.76387
vt 0.78693 1.82409
vt 0.80803 1.84576
vt 0.76287 1.76115
vt 0.78725 1.7301
vt 0.80897 1.75068
vt 0.8125 1.83141
vt 0.82939 1.85501
vt 0.80554 1.86165
vt 0.76493 1.7259
vt 0.7733 1.73256
vt 0.80357 1.71956
vt 0.82482 1.86929
vt 0.8139 1.78624
vt 0.76377 1.69809
vt 0.77074 1.70563
vt 0.78443 1.70727
vt 0.82881 1.73289
vt 0.84604 1.89144
vt 0.82213 1.88329
vt 0.83301 1.76787
vt 0.8249 1.8172
vt 0.8015 1.70229
vt 0.84222 1.90709
vt 0.82529 1.70205
vt 0.84429 1.87121
vt 0.85028 1.74875
vt 0.83577 1.84578
vt 0.83834 1.91949
vt 0.82238 1.6827
vt 0.85113 1.87628
vt 0.83886 1.8036
vt 0.84818 1.7104
vt 0.85989 1.92786
vt 0.85609 1.94388
vt 0.84525 1.67382
vt 0.84484 1.83931
vt 0.85245 1.7903
vt 0.86689 1.94658
vt 0.85128 1.95926
vt 0.84306 1.65117
vt 0.86716 1.68174
vt 0.86334 1.88967
vt 0.85607 1.86561
vt 0.8676 1.72711
vt 0.85443 1.83046
vt 0.86474 1.96455
vt 0.86609 1.63771
vt 0.87124 1.90522
vt 0.86623 1.77817
vt 0.86515 1.82399
vt 0.85654 1.98892
vt 0.86336 1.60555
vt 0.87608 1.71432
vt 0.87446 1.82095
vt 0.86867 1.94883
vt 0.86206 1.99235
vt 0.87004 1.58938
vt 0.87295 1.62632
vt 0.87507 1.66942
vt 0.8753 1.76913
vt 0.88145 1.89306
vt 0.87035 1.94762
vt 0.86822 1.96639
vt 0.87778 1.60301
vt 0.8817 1.6801
vt 0.88398 1.77746
vt 0.88336 1.82615
vt 0.88293 1.93575
vt 0.87178 1.96815
vt 0.86765 1.99546
vt 0.87954 1.63509
vt 0.88362 1.72388
vt 0.8893 1.87372
vt 0.8931 1.89268
vt 0.90329 1.90834
vt 0.88408 1.955
vt 0.88535 1.97444
vt 0.90296 1.63528
vt 0.90222 1.69929
vt 0.8973 1.78834
vt 0.90748 1.92228
vt 0.89328 1.83344
vt 0.90312 1.84566
vt 0.91273 1.93485
vt 0.90248 1.66017
vt 0.9 1.74136
vt 0.90194 1.89071
vt 0.91159 1.80089
vt 0.92992 1.88384
vt 0.9344 1.89743
vt 0.92729 1.65085
vt 0.92417 1.71159
vt 0.91443 1.85562
vt 0.9187 1.75523
vt 0.92396 1.87232
vt 0.95646 1.84918
vt 0.92764 1.67346
vt 0.92742 1.81449
vt 0.94429 1.83137
vt 0.95063 1.83793
vt 0.94968 1.64818
vt 0.9479 1.71803
vt 0.93875 1.7669
vt 0.96079 1.77958
vt 0.96833 1.78217
vt 0.97535 1.78999
vt 0.95634 1.67046
vt 0.97271 1.7228
vt 0.97954 1.72511
vt 0.96902 1.62804
vt 0.98809 1.72879
vt 0.97736 1.67412
vt 0.98066 1.59364
vt 0.97999 1.62971
vt 0.98449 1.67435
vt 0.99275 1.67679
vt 0.97392 1.63691
vt 0.98621 1.53582
vt 0.98699 1.59581
vt 0.99425 1.63132
vt 0.9846 1.536
vt 0.98667 1.63019
vt 0.98787 1.53579
vt 0.99395 1.59422
vt 0.79633 1.56276
vt 0.78628 1.55681
vt 0.79889 1.55114
vt 0.77233 1.56365
vt 0.78542 1.54719
vt 0.76915 1.55319
vt 0.79967 1.52895
vt 0.75414 1.58928
vt 0.78562 1.52856
vt 0.75065 1.57817
vt 0.76656 1.53482
vt 0.79894 1.49347
vt 0.73536 1.60555
vt 0.74573 1.56341
vt 0.76803 1.49317
vt 0.78429 1.49403
vt 0.7392 1.61573
vt 0.73115 1.59306
vt 0.77045 1.46121
vt 0.78467 1.46131
vt 0.74517 1.51634
vt 0.72016 1.64558
vt 0.71913 1.6227
vt 0.77324 1.4366
vt 0.78602 1.43216
vt 0.79759 1.45769
vt 0.73503 1.5483
vt 0.75015 1.48221
vt 0.72365 1.65655
vt 0.70569 1.64986
vt 0.75823 1.43265
vt 0.79259 1.42238
vt 0.7192 1.60149
vt 0.72583 1.57822
vt 0.72893 1.49972
vt 0.70622 1.68592
vt 0.7541 1.4533
vt 0.71789 1.56945
vt 0.71272 1.60329
vt 0.72341 1.53499
vt 0.71088 1.70126
vt 0.73639 1.4348
vt 0.73308 1.46537
vt 0.69298 1.7007
vt 0.70109 1.61053
vt 0.70779 1.59176
vt 0.70944 1.56024
vt 0.70487 1.73299
vt 0.69603 1.71432
vt 0.73962 1.40913
vt 0.71163 1.52216
vt 0.71408 1.48227
vt 0.69103 1.64046
vt 0.70009 1.55534
vt 0.69915 1.73662
vt 0.71749 1.40832
vt 0.71646 1.44459
vt 0.67942 1.70019
vt 0.67577 1.65552
vt 0.67947 1.61255
vt 0.68877 1.55505
vt 0.69937 1.51116
vt 0.69345 1.73993
vt 0.69323 1.71803
vt 0.71882 1.37001
vt 0.69917 1.46319
vt 0.6984 1.41961
vt 0.69077 1.7165
vt 0.65723 1.66239
vt 0.6601 1.63431
vt 0.67856 1.55534
vt 0.69766 1.3775
vt 0.68799 1.50109
vt 0.67685 1.7151
vt 0.66722 1.60581
vt 0.6774 1.50972
vt 0.69588 1.31921
vt 0.68659 1.40517
vt 0.68677 1.44515
vt 0.65177 1.6721
vt 0.6598 1.60599
vt 0.67213 1.59284
vt 0.67668 1.45981
vt 0.68682 1.36172
vt 0.63511 1.6214
vt 0.63078 1.63426
vt 0.66099 1.56764
vt 0.66958 1.55976
vt 0.66629 1.51751
vt 0.67646 1.41502
vt 0.68831 1.30265
vt 0.64433 1.5968
vt 0.60863 1.58468
vt 0.65204 1.57727
vt 0.66331 1.4729
vt 0.65483 1.52685
vt 0.67787 1.37251
vt 0.68133 1.31928
vt 0.61502 1.57491
vt 0.64266 1.53808
vt 0.66163 1.42966
vt 0.64904 1.48392
vt 0.65973 1.39183
vt 0.65933 1.36011
vt 0.59724 1.5168
vt 0.6298 1.55377
vt 0.64405 1.44225
vt 0.63363 1.49411
vt 0.63639 1.37828
vt 0.58909 1.52338
vt 0.61687 1.5047
vt 0.63973 1.40551
vt 0.58422 1.45487
vt 0.60652 1.45394
vt 0.62572 1.44991
vt 0.61858 1.40941
vt 0.57609 1.45927
vt 0.61392 1.37639
vt 0.59935 1.40562
vt 0.57075 1.40498
vt 0.579 1.40428
vt 0.59378 1.35313
vt 0.57588 1.35585
vt 0.56813 1.35723
vt 0.58133 1.31482
vt 0.56752 1.31772
vt 0.57425 1.31837
vt 0.57188 1.25547
vt 0.57093 1.25447
vt 0.57371 1.25428
vt 0.57232 1.25226
vt 0.24425 1.83264
vt 0.23253 1.83162
vt 0.23944 1.81351
vt 0.21587 1.8403
vt 0.23034 1.81487
vt 0.19446 1.86165
vt 0.19197 1.84576
vt 0.21158 1.80916
vt 0.22766 1.79661
vt 0.23909 1.7915
vt 0.21307 1.82409
vt 0.17787 1.88329
vt 0.17518 1.86929
vt 0.1875 1.83141
vt 0.21057 1.76387
vt 0.22576 1.76398
vt 0.16166 1.91949
vt 0.15778 1.90709
vt 0.17061 1.85501
vt 0.21274 1.7301
vt 0.23713 1.76115
vt 0.1861 1.78624
vt 0.14873 1.95926
vt 0.14391 1.94388
vt 0.15396 1.89144
vt 0.19103 1.75068
vt 0.2267 1.73256
vt 0.1751 1.8172
vt 0.13526 1.96455
vt 0.14011 1.92786
vt 0.19644 1.71956
vt 0.21557 1.70727
vt 0.23507 1.7259
vt 0.15571 1.87121
vt 0.16423 1.84578
vt 0.16699 1.76787
vt 0.14346 1.98892
vt 0.13311 1.94658
vt 0.17119 1.73289
vt 0.1985 1.70229
vt 0.22926 1.70563
vt 0.15516 1.83931
vt 0.14887 1.87628
vt 0.16114 1.8036
vt 0.13794 1.99235
vt 0.12876 1.90522
vt 0.17471 1.70205
vt 0.23623 1.69809
vt 0.13666 1.88967
vt 0.14393 1.86561
vt 0.14558 1.83046
vt 0.14972 1.74875
vt 0.13235 1.99546
vt 0.13178 1.96639
vt 0.13133 1.94883
vt 0.15182 1.7104
vt 0.17762 1.6827
vt 0.13485 1.82399
vt 0.14755 1.7903
vt 0.11465 1.97444
vt 0.12822 1.96815
vt 0.12553 1.82095
vt 0.12965 1.94762
vt 0.15475 1.67382
vt 0.1324 1.72711
vt 0.13377 1.77817
vt 0.11592 1.955
vt 0.11855 1.89306
vt 0.13284 1.68174
vt 0.15694 1.65117
vt 0.1247 1.76913
vt 0.08727 1.93485
vt 0.11707 1.93575
vt 0.12392 1.71432
vt 0.13391 1.63771
vt 0.11664 1.82615
vt 0.09252 1.92228
vt 0.11602 1.77746
vt 0.12494 1.66942
vt 0.13664 1.60555
vt 0.1069 1.89268
vt 0.0656 1.89743
vt 0.11638 1.72388
vt 0.1107 1.87372
vt 0.1183 1.6801
vt 0.12705 1.62632
vt 0.09671 1.90834
vt 0.07008 1.88384
vt 0.1027 1.78834
vt 0.09688 1.84566
vt 0.09778 1.69929
vt 0.12047 1.63509
vt 0.12996 1.58938
vt 0.04354 1.84918
vt 0.09805 1.89071
vt 0.10001 1.74136
vt 0.10672 1.83344
vt 0.09752 1.66017
vt 0.12222 1.60301
vt 0.04938 1.83793
vt 0.07604 1.87232
vt 0.07583 1.71159
vt 0.08557 1.85562
vt 0.08841 1.80089
vt 0.07236 1.67346
vt 0.09704 1.63528
vt 0.02465 1.78999
vt 0.05571 1.83137
vt 0.0813 1.75523
vt 0.07258 1.81449
vt 0.0521 1.71803
vt 0.04366 1.67046
vt 0.07271 1.65085
vt 0.01191 1.72879
vt 0.02046 1.72511
vt 0.03167 1.78217
vt 0.0392 1.77958
vt 0.06125 1.7669
vt 0.05032 1.64818
vt 0.01551 1.67435
vt 0.02729 1.7228
vt 0.03098 1.62804
vt 0.00725 1.67679
vt 0.02264 1.67412
vt 0.02607 1.63691
vt 0.02001 1.62971
vt 0.00575 1.63132
vt 0.01934 1.59364
vt 0.01301 1.59581
vt 0.01333 1.63019
vt 0.01379 1.53582
vt 0.0154 1.536
vt 0.00605 1.59422
vt 0.01213 1.53579
vt 0.20367 1.56276
vt 0.20111 1.55114
vt 0.21372 1.55681
vt 0.21458 1.54719
vt 0.20033 1.52895
vt 0.22767 1.56365
vt 0.21439 1.52856
vt 0.23085 1.55319
vt 0.20106 1.49347
vt 0.24586 1.58928
vt 0.21572 1.49403
vt 0.23344 1.53482
vt 0.24935 1.57817
vt 0.21533 1.46131
vt 0.23197 1.49317
vt 0.26465 1.60555
vt 0.2608 1.61573
vt 0.25427 1.56341
vt 0.20241 1.45769
vt 0.22955 1.46121
vt 0.27984 1.64558
vt 0.27635 1.65655
vt 0.26886 1.59306
vt 0.25483 1.51634
vt 0.20741 1.42238
vt 0.21398 1.43216
vt 0.24178 1.43265
vt 0.2459 1.4533
vt 0.29379 1.68592
vt 0.28912 1.70126
vt 0.28087 1.6227
vt 0.26497 1.5483
vt 0.24985 1.48221
vt 0.22675 1.4366
vt 0.30397 1.71432
vt 0.29513 1.73299
vt 0.29432 1.64986
vt 0.2808 1.60149
vt 0.27659 1.53499
vt 0.28211 1.56945
vt 0.27107 1.49972
vt 0.26038 1.40913
vt 0.26361 1.4348
vt 0.30085 1.73662
vt 0.30702 1.7007
vt 0.27417 1.57822
vt 0.28728 1.60329
vt 0.26693 1.46537
vt 0.28118 1.37001
vt 0.28251 1.40832
vt 0.30677 1.71803
vt 0.30656 1.73993
vt 0.32423 1.65552
vt 0.32058 1.70019
vt 0.28837 1.52216
vt 0.29056 1.56024
vt 0.2989 1.61053
vt 0.28591 1.48227
vt 0.30412 1.31921
vt 0.30234 1.3775
vt 0.28354 1.44459
vt 0.30923 1.7165
vt 0.30897 1.64046
vt 0.29221 1.59176
vt 0.30063 1.51116
vt 0.31317 1.36172
vt 0.3016 1.41961
vt 0.32315 1.7151
vt 0.32053 1.61255
vt 0.29991 1.55534
vt 0.30083 1.46319
vt 0.31169 1.30265
vt 0.31341 1.40517
vt 0.34277 1.66239
vt 0.34823 1.6721
vt 0.31123 1.55505
vt 0.31323 1.44515
vt 0.31867 1.31928
vt 0.3399 1.63431
vt 0.36922 1.63426
vt 0.32144 1.55534
vt 0.31201 1.50109
vt 0.32214 1.37251
vt 0.32355 1.41502
vt 0.33278 1.60581
vt 0.36489 1.6214
vt 0.3226 1.50972
vt 0.34067 1.36011
vt 0.32331 1.45981
vt 0.32787 1.59284
vt 0.3402 1.60599
vt 0.35567 1.5968
vt 0.38498 1.57491
vt 0.39137 1.58468
vt 0.34027 1.39183
vt 0.33371 1.51751
vt 0.33669 1.4729
vt 0.33042 1.55976
vt 0.33901 1.56764
vt 0.3702 1.55377
vt 0.40276 1.5168
vt 0.41091 1.52338
vt 0.36361 1.37828
vt 0.33837 1.42966
vt 0.34517 1.52685
vt 0.34796 1.57727
vt 0.41578 1.45487
vt 0.38313 1.5047
vt 0.38609 1.37639
vt 0.38142 1.40941
vt 0.35096 1.48392
vt 0.36027 1.40551
vt 0.35734 1.53808
vt 0.42391 1.45927
vt 0.39348 1.45394
vt 0.40622 1.35313
vt 0.40065 1.40562
vt 0.35595 1.44225
vt 0.36637 1.49411
vt 0.421 1.40428
vt 0.42925 1.40498
vt 0.37428 1.44991
vt 0.42412 1.35585
vt 0.43187 1.35723
vt 0.41867 1.31482
vt 0.42575 1.31837
vt 0.43249 1.31772
vt 0.42812 1.25547
vt 0.42907 1.25447
vt 0.42768 1.25226
vt 0.42629 1.25428
vt 0.31499 0.22439
vt 0.31514 0.21173
vt 0.33048 0.21248
vt 0.2998 0.21127
vt 0.33156 0.22507
vt 0.29976 0.22488
vt 0.33053 0.2366
vt 0.30034 0.23731
vt 0.31575 0.2365
vt 0.3298 0.20061
vt 0.30114 0.19916
vt 0.31604 0.19979
vt 0.34762 0.23654
vt 0.34736 0.21327
vt 0.34771 0.22535
vt 0.2818 0.23781
vt 0.28193 0.22495
vt 0.33009 0.25
vt 0.30175 0.25
vt 0.31639 0.25
vt 0.31639 0.1875
vt 0.347 0.20139
vt 0.33009 0.1875
vt 0.28407 0.19941
vt 0.30175 0.1875
vt 0.28532 0.1875
vt 0.36191 0.23695
vt 0.34714 0.25
vt 0.36118 0.25
vt 0.26637 0.23775
vt 0.28532 0.25
vt 0.26717 0.25
vt 0.34714 0.1875
vt 0.36249 0.21296
vt 0.36135 0.20108
vt 0.28166 0.2112
vt 0.26717 0.1875
vt 0.37468 0.25
vt 0.36309 0.22551
vt 0.37521 0.23697
vt 0.24178 0.25
vt 0.26555 0.22471
vt 0.24272 0.23628
vt 0.36118 0.1875
vt 0.26664 0.19943
vt 0.38605 0.25
vt 0.37582 0.21294
vt 0.37509 0.2012
vt 0.23959 0.23423
vt 0.23755 0.2432
vt 0.26566 0.21141
vt 0.24268 0.22381
vt 0.24273 0.21216
vt 0.37468 0.1875
vt 0.24178 0.1875
vt 0.38623 0.23677
vt 0.37577 0.22572
vt 0.23515 0.2326
vt 0.23899 0.22272
vt 0.24247 0.20076
vt 0.24021 0.21189
vt 0.23983 0.2035
vt 0.38605 0.1875
vt 0.39838 0.25
vt 0.38776 0.21394
vt 0.38701 0.20176
vt 0.23654 0.20857
vt 0.23758 0.19533
vt 0.39973 0.23728
vt 0.3872 0.22624
vt 0.39838 0.1875
vt 0.4007 0.22587
vt 0.399 0.20089
vt 0.40028 0.21199
vt 0.68501 0.22439
vt 0.66844 0.22507
vt 0.66952 0.21248
vt 0.66947 0.2366
vt 0.68486 0.21173
vt 0.68425 0.2365
vt 0.7002 0.21127
vt 0.69966 0.23731
vt 0.70024 0.22488
vt 0.65264 0.21327
vt 0.65238 0.23654
vt 0.65229 0.22535
vt 0.69886 0.19916
vt 0.6702 0.20061
vt 0.68396 0.19979
vt 0.69825 0.25
vt 0.66991 0.25
vt 0.68361 0.25
vt 0.71807 0.22495
vt 0.7182 0.23781
vt 0.63751 0.21296
vt 0.653 0.20139
vt 0.63865 0.20108
vt 0.65286 0.25
vt 0.63809 0.23695
vt 0.63882 0.25
vt 0.69825 0.1875
vt 0.71593 0.19941
vt 0.71468 0.1875
vt 0.71468 0.25
vt 0.71834 0.2112
vt 0.73363 0.23775
vt 0.73445 0.22471
vt 0.62491 0.2012
vt 0.63691 0.22551
vt 0.62419 0.21294
vt 0.66991 0.1875
vt 0.65286 0.1875
vt 0.62532 0.25
vt 0.68361 0.1875
vt 0.73283 0.1875
vt 0.73283 0.25
vt 0.73434 0.21141
vt 0.75728 0.23628
vt 0.75727 0.21216
vt 0.75732 0.22381
vt 0.61299 0.20176
vt 0.62532 0.1875
vt 0.61395 0.1875
vt 0.62479 0.23697
vt 0.62423 0.22572
vt 0.63882 0.1875
vt 0.73336 0.19943
vt 0.75822 0.1875
vt 0.75822 0.25
vt 0.76101 0.22272
vt 0.75753 0.20076
vt 0.75979 0.21189
vt 0.76017 0.2035
vt 0.60162 0.1875
vt 0.61224 0.21394
vt 0.601 0.20089
vt 0.61395 0.25
vt 0.76041 0.23423
vt 0.76346 0.20857
vt 0.76242 0.19533
vt 0.59972 0.21199
vt 0.61377 0.23677
vt 0.6128 0.22624
vt 0.76244 0.2432
vt 0.76485 0.2326
vt 0.5993 0.22587
vt 0.60162 0.25
vt 0.60027 0.23728
vt 0.98852 0.6435
vt 0.98818 0.66138
vt 0.98031 0.65983
vt 1 0.66236
vt 0.97836 0.6462
vt 1 0.64319
vt 0.97664 0.6304
vt 1 0.62611
vt 0.98804 0.62697
vt 0.98387 0.67985
vt 1 0.67163
vt 0.96482 0.63755
vt 0.96844 0.6552
vt 0.98753 0.60788
vt 0.97495 0.61102
vt 1 0.68518
vt 0.97411 0.67108
vt 0.96195 0.61654
vt 0.95169 0.6479
vt 0.94779 0.6241
vt 1 0.60677
vt 0.98596 0.69148
vt 0.95686 0.66856
vt 0.97163 0.70098
vt 0.96395 0.68868
vt 0.9455 0.60183
vt 0.97362 0.59213
vt 0.95997 0.59645
vt 0.9869 0.58944
vt 1 0.58848
vt 0.97564 0.70927
vt 0.01148 0.6435
vt 0.01969 0.65983
vt 0.01182 0.66138
vt 0.02164 0.6462
vt 0 0.66236
vt 0.02335 0.6304
vt 0 0.64319
vt 0.01196 0.62697
vt 0 0.62611
vt 0.01613 0.67985
vt 0.03156 0.6552
vt 0.02589 0.67108
vt 0 0.67163
vt 0.02505 0.61102
vt 0.03518 0.63755
vt 0.03805 0.61654
vt 0.01247 0.60788
vt 0 0.60677
vt 0.02837 0.70098
vt 0.04314 0.66856
vt 0.03605 0.68868
vt 0 0.68518
vt 0.05221 0.6241
vt 0.04003 0.59645
vt 0.0545 0.60183
vt 0.01309 0.58944
vt 0 0.58848
vt 0.04831 0.6479
vt 0.01404 0.69148
vt 0.02436 0.70927
vt 0.02638 0.59213
vt 0.62115 0.08594
vt 0.62127 0.12653
vt 0.61345 0.12405
vt 0.63043 0.08594
vt 0.60861 0.11372
vt 0.6302 0.0466
vt 0.60581 0.09962
vt 0.62071 0.04695
vt 0.60427 0.08594
vt 0.61357 0.05135
vt 0.60563 0.07299
vt 0.60824 0.05991
vt 0.63054 0.12734
vt 0.64169 0.08594
vt 0.64198 0.04394
vt 0.65647 0.08594
vt 0.65682 0.04111
vt 0.64125 0.12994
vt 0.66807 0.08594
vt 0.66875 0.03693
vt 0.65602 0.13335
vt 0.68164 0.08594
vt 0.68266 0.03303
vt 0.66722 0.13713
vt 0.70995 0.08594
vt 0.71109 0.01746
vt 0.68047 0.14151
vt 0.72944 0.08594
vt 0.73047 0.00933
vt 0.70845 0.15885
vt 0.74078 0.04509
vt 0.74347 0.00736
vt 0.72795 0.16999
vt 0.75321 0.03402
vt 0.7535 0.00889
vt 0.73935 0.12684
vt 0.74692 0.06496
vt 0.74009 0.08594
vt 0.75688 0.01173
vt 0.74119 0.17376
vt 0.75297 0.05843
vt 0.74642 0.10895
vt 0.74757 0.07077
vt 0.74703 0.10396
vt 0.74326 0.08594
vt 0.75698 0.03495
vt 0.75219 0.13977
vt 0.75157 0.17045
vt 0.75293 0.06281
vt 0.7526 0.1099
vt 0.75255 0.11453
vt 0.74884 0.07543
vt 0.7484 0.09869
vt 0.74643 0.08594
vt 0.75998 0.05536
vt 0.75587 0.16774
vt 0.7529 0.06721
vt 0.76032 0.0588
vt 0.75981 0.06244
vt 0.76014 0.11468
vt 0.75265 0.10527
vt 0.7599 0.11087
vt 0.75279 0.08594
vt 0.75627 0.13904
vt 0.75766 0.08594
vt 0.75974 0.11713
vt 0.23606 0.90545
vt 0.23585 0.90159
vt 0.23954 0.9027
vt 0.23932 0.90099
vt 0.23905 0.89864
vt 0.23544 0.89749
vt 0.24587 0.90115
vt 0.24651 0.8984
vt 0.24634 0.89514
vt 0.25852 0.89476
vt 0.25221 0.88192
vt 0.25275 0.90912
vt 0.2633 0.85938
vt 0.25656 0.85938
vt 0.26292 0.92693
vt 0.25866 0.92678
vt 0.2524 0.83494
vt 0.27445 0.89251
vt 0.25923 0.94756
vt 0.259 0.82292
vt 0.24667 0.82156
vt 0.27472 0.92623
vt 0.27513 0.85938
vt 0.28909 0.9236
vt 0.29012 0.89052
vt 0.26272 0.94782
vt 0.26289 0.96815
vt 0.25874 0.96814
vt 0.24685 0.81872
vt 0.23936 0.81664
vt 0.27472 0.82592
vt 0.28828 0.94752
vt 0.27457 0.94799
vt 0.29046 0.85938
vt 0.30727 0.91546
vt 0.30647 0.88728
vt 0.26253 0.98072
vt 0.25833 0.98107
vt 0.23972 0.81452
vt 0.23622 0.8131
vt 0.23563 0.8171
vt 0.26371 0.79322
vt 0.25405 0.80931
vt 0.2883 0.96805
vt 0.30765 0.94262
vt 0.30782 0.96653
vt 0.2905 0.82802
vt 0.32176 0.88435
vt 0.30614 0.85938
vt 0.32031 0.85938
vt 0.27433 0.98047
vt 0.2744 0.96829
vt 0.26227 0.98828
vt 0.25722 0.98828
vt 0.24002 0.813
vt 0.24642 0.81557
vt 0.27583 0.7915
vt 0.26008 0.79058
vt 0.26562 0.76469
vt 0.26085 0.76715
vt 0.33242 0.93665
vt 0.28854 0.97959
vt 0.33696 0.96215
vt 0.30829 0.97816
vt 0.30654 0.83089
vt 0.27435 0.98828
vt 0.23649 0.81036
vt 0.2902 0.79367
vt 0.25968 0.74688
vt 0.32638 0.91046
vt 0.33859 0.97623
vt 0.34863 0.9332
vt 0.35208 0.96204
vt 0.28866 0.98828
vt 0.32152 0.83408
vt 0.30755 0.80136
vt 0.27707 0.7642
vt 0.28998 0.7648
vt 0.2656 0.74577
vt 0.26516 0.73345
vt 0.25896 0.73331
vt 0.33789 0.90601
vt 0.35265 0.97657
vt 0.30934 0.98828
vt 0.3399 0.98828
vt 0.3305 0.85938
vt 0.30752 0.76971
vt 0.32649 0.80761
vt 0.26472 0.72656
vt 0.25858 0.72656
vt 0.2772 0.74535
vt 0.27714 0.73345
vt 0.35372 0.91537
vt 0.36402 0.94409
vt 0.36627 0.92703
vt 0.33277 0.88192
vt 0.35334 0.98828
vt 0.36389 0.96197
vt 0.36345 0.97752
vt 0.33188 0.83667
vt 0.30873 0.74843
vt 0.332 0.77714
vt 0.27702 0.72656
vt 0.29034 0.74622
vt 0.29067 0.73544
vt 0.34351 0.89976
vt 0.37877 0.93677
vt 0.33301 0.85938
vt 0.33843 0.88099
vt 0.364 0.98828
vt 0.37661 0.94988
vt 0.37576 0.96487
vt 0.33549 0.81142
vt 0.33353 0.84162
vt 0.33973 0.81725
vt 0.2909 0.72656
vt 0.33578 0.75232
vt 0.30926 0.73696
vt 0.37547 0.97881
vt 0.37618 0.98828
vt 0.38706 0.95535
vt 0.39054 0.94497
vt 0.35045 0.79594
vt 0.34631 0.77995
vt 0.31033 0.72656
vt 0.38482 0.97999
vt 0.38523 0.98828
vt 0.394 0.96221
vt 0.39789 0.9562
vt 0.40084 0.9422
vt 0.38529 0.96785
vt 0.35002 0.75293
vt 0.33742 0.73889
vt 0.3626 0.77083
vt 0.36413 0.78373
vt 0.39177 0.98102
vt 0.39235 0.98828
vt 0.40438 0.95304
vt 0.41322 0.94143
vt 0.39233 0.9709
vt 0.39787 0.96663
vt 0.33849 0.72656
vt 0.3767 0.7762
vt 0.35083 0.73813
vt 0.36164 0.75256
vt 0.39791 0.98828
vt 0.41322 0.95355
vt 0.40119 0.96524
vt 0.39798 0.97284
vt 0.37481 0.76384
vt 0.38504 0.75802
vt 0.3905 0.77188
vt 0.35115 0.72656
vt 0.39796 0.98065
vt 0.40291 0.98211
vt 0.40295 0.98828
vt 0.40637 0.96397
vt 0.41322 0.96388
vt 0.39182 0.75298
vt 0.38312 0.74696
vt 0.39 0.74416
vt 0.36148 0.73674
vt 0.37378 0.74952
vt 0.40784 0.98247
vt 0.40253 0.9733
vt 0.40731 0.97317
vt 0.39655 0.76042
vt 0.40202 0.77513
vt 0.38887 0.73406
vt 0.39568 0.74875
vt 0.39563 0.73393
vt 0.39569 0.74244
vt 0.37396 0.73596
vt 0.36191 0.72656
vt 0.4077 0.98828
vt 0.41322 0.97324
vt 0.40378 0.76382
vt 0.41322 0.76678
vt 0.41322 0.77925
vt 0.38994 0.72656
vt 0.38262 0.73501
vt 0.38314 0.72656
vt 0.39956 0.75119
vt 0.40069 0.74241
vt 0.37486 0.72656
vt 0.41322 0.98828
vt 0.41322 0.98252
vt 0.40542 0.75319
vt 0.41322 0.75472
vt 0.39614 0.72656
vt 0.40648 0.74291
vt 0.41322 0.74366
vt 0.40197 0.73274
vt 0.40181 0.72656
vt 0.40729 0.73251
vt 0.41322 0.73254
vt 0.40735 0.72656
vt 0.41322 0.72656
vt 0.27544 0.47957
vt 0.25691 0.46344
vt 0.27494 0.4375
vt 0.25605 0.4375
vt 0.23719 0.44377
vt 0.26974 0.40491
vt 0.237 0.4375
vt 0.23438 0.4375
vt 0.25561 0.415
vt 0.2368 0.43138
vt 0.30439 0.57702
vt 0.29382 0.55595
vt 0.30698 0.56827
vt 0.29704 0.55073
vt 0.28372 0.52508
vt 0.28204 0.52517
vt 0.30046 0.54303
vt 0.31401 0.55742
vt 0.28125 0.51562
vt 0.2849 0.52294
vt 0.30428 0.5331
vt 0.32199 0.54199
vt 0.28622 0.52014
vt 0.28785 0.51562
vt 0.28698 0.50907
vt 0.28551 0.50558
vt 0.28447 0.50374
vt 0.28277 0.50432
vt 0.30711 0.51562
vt 0.32838 0.51562
vt 0.30322 0.48398
vt 0.30591 0.49605
vt 0.29727 0.47297
vt 0.32613 0.48638
vt 0.30034 0.4763
vt 0.32035 0.46557
vt 0.31377 0.44875
vt 0.316 0.45366
vt 0.26877 0.70702
vt 0.25335 0.68173
vt 0.2712 0.69785
vt 0.25605 0.67675
vt 0.23794 0.64628
vt 0.23658 0.64712
vt 0.26051 0.66577
vt 0.27819 0.68184
vt 0.23438 0.63281
vt 0.23973 0.64308
vt 0.26362 0.65236
vt 0.28556 0.66267
vt 0.2409 0.63959
vt 0.24206 0.63281
vt 0.2409 0.62604
vt 0.23973 0.62256
vt 0.23802 0.61934
vt 0.23661 0.61884
vt 0.26544 0.63281
vt 0.2916 0.63281
vt 0.26057 0.59971
vt 0.26369 0.61319
vt 0.25313 0.58383
vt 0.28572 0.60124
vt 0.25608 0.58874
vt 0.2783 0.58292
vt 0.26838 0.55841
vt 0.27118 0.56706
vt 0.34276 0.70858
vt 0.32399 0.6988
vt 0.34626 0.67187
vt 0.32399 0.67188
vt 0.30164 0.67863
vt 0.34307 0.63598
vt 0.30158 0.67188
vt 0.29688 0.67188
vt 0.32397 0.64411
vt 0.30143 0.66401
vt 0.33577 0.31264
vt 0.33858 0.32158
vt 0.32525 0.33378
vt 0.32873 0.33876
vt 0.33257 0.34764
vt 0.34577 0.33261
vt 0.31472 0.36569
vt 0.31302 0.36562
vt 0.33588 0.35794
vt 0.35299 0.34938
vt 0.3159 0.36781
vt 0.3125 0.375
vt 0.3384 0.375
vt 0.35984 0.375
vt 0.31724 0.37052
vt 0.35802 0.40147
vt 0.31867 0.375
vt 0.33701 0.39174
vt 0.35252 0.42476
vt 0.31781 0.38061
vt 0.31629 0.38388
vt 0.31522 0.38573
vt 0.31346 0.38528
vt 0.33365 0.40479
vt 0.34818 0.43728
vt 0.32783 0.41662
vt 0.33082 0.4127
vt 0.34503 0.44185
vt 0.29247 0.31214
vt 0.29127 0.34766
vt 0.2725 0.32414
vt 0.27198 0.34766
vt 0.2858 0.37847
vt 0.25281 0.34263
vt 0.27169 0.37041
vt 0.25275 0.34766
vt 0.25 0.34766
vt 0.25266 0.35306
vt 0.76394 0.90545
vt 0.76046 0.9027
vt 0.76415 0.90159
vt 0.76068 0.90099
vt 0.75413 0.90115
vt 0.76095 0.89864
vt 0.76456 0.89749
vt 0.75349 0.8984
vt 0.74725 0.90912
vt 0.74148 0.89476
vt 0.73708 0.92693
vt 0.74134 0.92678
vt 0.75366 0.89514
vt 0.74077 0.94756
vt 0.74779 0.88192
vt 0.72555 0.89251
vt 0.7367 0.85938
vt 0.73728 0.94782
vt 0.73711 0.96815
vt 0.74126 0.96814
vt 0.74344 0.85938
vt 0.72528 0.92623
vt 0.72487 0.85938
vt 0.71091 0.9236
vt 0.70988 0.89052
vt 0.72543 0.94799
vt 0.73747 0.98072
vt 0.74167 0.98107
vt 0.7476 0.83494
vt 0.70954 0.85938
vt 0.72528 0.82592
vt 0.7095 0.82802
vt 0.71172 0.94752
vt 0.69273 0.91546
vt 0.69235 0.94262
vt 0.72567 0.98047
vt 0.7256 0.96829
vt 0.73773 0.98828
vt 0.74278 0.98828
vt 0.741 0.82292
vt 0.75333 0.82156
vt 0.69346 0.83089
vt 0.69353 0.88728
vt 0.69386 0.85938
vt 0.69218 0.96653
vt 0.67362 0.91046
vt 0.66758 0.93665
vt 0.7117 0.96805
vt 0.72565 0.98828
vt 0.71146 0.97959
vt 0.71134 0.98828
vt 0.75315 0.81872
vt 0.76064 0.81664
vt 0.7098 0.79367
vt 0.73629 0.79322
vt 0.72417 0.7915
vt 0.67969 0.85938
vt 0.69244 0.80136
vt 0.67848 0.83408
vt 0.67824 0.88435
vt 0.66304 0.96215
vt 0.66211 0.90601
vt 0.65137 0.9332
vt 0.69171 0.97816
vt 0.69066 0.98828
vt 0.76028 0.81452
vt 0.74595 0.80931
vt 0.75358 0.81557
vt 0.71002 0.7648
vt 0.73438 0.76469
vt 0.72293 0.7642
vt 0.67351 0.80761
vt 0.6695 0.85938
vt 0.66812 0.83667
vt 0.66723 0.88192
vt 0.64792 0.96204
vt 0.64628 0.91537
vt 0.63599 0.94409
vt 0.63373 0.92703
vt 0.66141 0.97623
vt 0.66009 0.98828
vt 0.76378 0.8131
vt 0.76437 0.8171
vt 0.73992 0.79058
vt 0.69248 0.76971
vt 0.7344 0.74577
vt 0.7228 0.74535
vt 0.66699 0.85938
vt 0.66157 0.88099
vt 0.65649 0.89976
vt 0.62123 0.93677
vt 0.63611 0.96197
vt 0.62339 0.94988
vt 0.64735 0.97657
vt 0.75999 0.813
vt 0.73915 0.76715
vt 0.668 0.77714
vt 0.66451 0.81142
vt 0.72286 0.73345
vt 0.70933 0.73544
vt 0.70966 0.74622
vt 0.61294 0.95535
vt 0.60946 0.94497
vt 0.64666 0.98828
vt 0.62424 0.96487
vt 0.63655 0.97752
vt 0.76351 0.81036
vt 0.74032 0.74688
vt 0.69127 0.74843
vt 0.66027 0.81725
vt 0.66647 0.84162
vt 0.73484 0.73345
vt 0.7091 0.72656
vt 0.72298 0.72656
vt 0.606 0.96221
vt 0.60211 0.9562
vt 0.59916 0.9422
vt 0.636 0.98828
vt 0.61471 0.96785
vt 0.62453 0.97881
vt 0.66422 0.75232
vt 0.65369 0.77995
vt 0.64955 0.79594
vt 0.69074 0.73696
vt 0.73528 0.72656
vt 0.74104 0.73331
vt 0.59562 0.95304
vt 0.60213 0.96663
vt 0.59881 0.96524
vt 0.62382 0.98828
vt 0.60767 0.9709
vt 0.61518 0.97999
vt 0.6374 0.77083
vt 0.63587 0.78373
vt 0.68967 0.72656
vt 0.64998 0.75293
vt 0.66258 0.73889
vt 0.74142 0.72656
vt 0.58678 0.94143
vt 0.60202 0.97284
vt 0.59363 0.96397
vt 0.59747 0.9733
vt 0.61477 0.98828
vt 0.6233 0.7762
vt 0.66151 0.72656
vt 0.64917 0.73813
vt 0.58678 0.95355
vt 0.60204 0.98065
vt 0.59269 0.97317
vt 0.59709 0.98211
vt 0.60823 0.98102
vt 0.62519 0.76384
vt 0.61496 0.75802
vt 0.6095 0.77188
vt 0.63836 0.75256
vt 0.64885 0.72656
vt 0.58678 0.96388
vt 0.60209 0.98828
vt 0.59216 0.98247
vt 0.59705 0.98828
vt 0.60765 0.98828
vt 0.60818 0.75298
vt 0.60345 0.76042
vt 0.59798 0.77513
vt 0.62622 0.74952
vt 0.61688 0.74696
vt 0.63852 0.73674
vt 0.58678 0.97324
vt 0.5923 0.98828
vt 0.60432 0.74875
vt 0.61 0.74416
vt 0.59622 0.76382
vt 0.58678 0.76678
vt 0.58678 0.77925
vt 0.63809 0.72656
vt 0.62604 0.73596
vt 0.58678 0.98252
vt 0.58678 0.98828
vt 0.60431 0.74244
vt 0.60044 0.75119
vt 0.59458 0.75319
vt 0.58678 0.75472
vt 0.61738 0.73501
vt 0.61113 0.73406
vt 0.62514 0.72656
vt 0.5993 0.74241
vt 0.60437 0.73393
vt 0.59352 0.74291
vt 0.58678 0.74366
vt 0.61686 0.72656
vt 0.59803 0.73274
vt 0.61006 0.72656
vt 0.60386 0.72656
vt 0.59271 0.73251
vt 0.58678 0.73254
vt 0.59819 0.72656
vt 0.59265 0.72656
vt 0.58678 0.72656
vt 0.66423 0.31264
vt 0.67475 0.33378
vt 0.66141 0.32158
vt 0.67127 0.33876
vt 0.68528 0.36569
vt 0.68698 0.36562
vt 0.66743 0.34764
vt 0.65423 0.33261
vt 0.6875 0.375
vt 0.6841 0.36781
vt 0.66412 0.35794
vt 0.64701 0.34938
vt 0.68276 0.37052
vt 0.68133 0.375
vt 0.68219 0.38061
vt 0.68371 0.38388
vt 0.68478 0.38573
vt 0.68654 0.38528
vt 0.6616 0.375
vt 0.64016 0.375
vt 0.66635 0.40479
vt 0.66299 0.39174
vt 0.67217 0.41662
vt 0.64198 0.40147
vt 0.66918 0.4127
vt 0.64748 0.42476
vt 0.65497 0.44185
vt 0.65182 0.43728
vt 0.70753 0.31214
vt 0.7275 0.32414
vt 0.70873 0.34766
vt 0.72802 0.34766
vt 0.74719 0.34263
vt 0.7142 0.37847
vt 0.74725 0.34766
vt 0.75 0.34766
vt 0.72831 0.37041
vt 0.74734 0.35306
vt 0.72456 0.47957
vt 0.72506 0.4375
vt 0.74309 0.46344
vt 0.74395 0.4375
vt 0.73026 0.40491
vt 0.76281 0.44377
vt 0.74439 0.415
vt 0.763 0.4375
vt 0.76562 0.4375
vt 0.7632 0.43138
vt 0.69561 0.57702
vt 0.69302 0.56827
vt 0.70618 0.55595
vt 0.70296 0.55073
vt 0.69954 0.54303
vt 0.68599 0.55742
vt 0.71627 0.52508
vt 0.71796 0.52517
vt 0.69572 0.5331
vt 0.67801 0.54199
vt 0.7151 0.52294
vt 0.71875 0.51562
vt 0.69289 0.51562
vt 0.67162 0.51562
vt 0.71377 0.52014
vt 0.67387 0.48638
vt 0.71215 0.51562
vt 0.69409 0.49605
vt 0.67965 0.46557
vt 0.71302 0.50907
vt 0.71449 0.50558
vt 0.71553 0.50374
vt 0.71723 0.50432
vt 0.69678 0.48398
vt 0.684 0.45366
vt 0.70273 0.47297
vt 0.69966 0.4763
vt 0.68623 0.44875
vt 0.73123 0.70702
vt 0.7288 0.69785
vt 0.74665 0.68173
vt 0.74395 0.67675
vt 0.73949 0.66577
vt 0.7218 0.68184
vt 0.76206 0.64628
vt 0.76342 0.64712
vt 0.73638 0.65236
vt 0.71444 0.66267
vt 0.76027 0.64308
vt 0.76562 0.63281
vt 0.73457 0.63281
vt 0.7084 0.63281
vt 0.7591 0.63959
vt 0.71429 0.60124
vt 0.75793 0.63281
vt 0.73631 0.61319
vt 0.7217 0.58292
vt 0.7591 0.62604
vt 0.76027 0.62256
vt 0.76198 0.61934
vt 0.7634 0.61884
vt 0.73943 0.59971
vt 0.72882 0.56706
vt 0.74687 0.58383
vt 0.74392 0.58874
vt 0.73162 0.55841
vt 0.65724 0.70858
vt 0.65374 0.67187
vt 0.67601 0.6988
vt 0.67601 0.67188
vt 0.65693 0.63598
vt 0.69836 0.67863
vt 0.67603 0.64411
vt 0.69842 0.67188
vt 0.70312 0.67188
vt 0.69857 0.66401
vt 0.24002 0.05536
vt 0.24703 0.05843
vt 0.23968 0.0588
vt 0.24302 0.03495
vt 0.24707 0.06281
vt 0.24019 0.06244
vt 0.24679 0.03402
vt 0.24312 0.01173
vt 0.2471 0.06721
vt 0.25308 0.06496
vt 0.25243 0.07077
vt 0.2465 0.00889
vt 0.24234 0.08594
vt 0.25922 0.04509
vt 0.25116 0.07543
vt 0.25991 0.08594
vt 0.25674 0.08594
vt 0.25653 0.00736
vt 0.24721 0.08594
vt 0.24735 0.10527
vt 0.2401 0.11087
vt 0.27056 0.08594
vt 0.25357 0.08594
vt 0.25297 0.10396
vt 0.2516 0.09869
vt 0.26953 0.00933
vt 0.2474 0.1099
vt 0.23986 0.11468
vt 0.26065 0.12684
vt 0.25358 0.10895
vt 0.28891 0.01746
vt 0.24745 0.11453
vt 0.24026 0.11713
vt 0.29005 0.08594
vt 0.31734 0.03303
vt 0.24373 0.13904
vt 0.27205 0.16999
vt 0.24781 0.13977
vt 0.25881 0.17376
vt 0.31836 0.08594
vt 0.33125 0.03693
vt 0.29155 0.15885
vt 0.24843 0.17045
vt 0.24413 0.16774
vt 0.33193 0.08594
vt 0.34318 0.04111
vt 0.31953 0.14151
vt 0.34353 0.08594
vt 0.35802 0.04394
vt 0.33278 0.13713
vt 0.35831 0.08594
vt 0.36981 0.0466
vt 0.34398 0.13335
vt 0.36957 0.08594
vt 0.37885 0.08594
vt 0.37929 0.04695
vt 0.35875 0.12994
vt 0.37873 0.12653
vt 0.36946 0.12734
vt 0.38642 0.05135
vt 0.38655 0.12405
vt 0.39176 0.05991
vt 0.3914 0.11372
vt 0.39437 0.07299
vt 0.39419 0.09962
vt 0.39573 0.08594
vt 0.77344 0.97785
vt 0.77344 0.92811
vt 0.79225 0.97909
vt 0.79451 0.92999
vt 0.8092 0.98487
vt 0.7956 0.87295
vt 0.77344 0.87229
vt 0.77344 0.81678
vt 0.8165 0.93925
vt 0.81713 0.87662
vt 0.79699 0.81637
vt 0.77344 0.7545
vt 0.82718 0.96816
vt 0.81875 0.99575
vt 0.8399 0.91627
vt 0.84664 0.94034
vt 0.82132 0.81994
vt 0.8361 0.87336
vt 0.86448 0.89008
vt 0.84921 0.82921
vt 0.87016 0.92869
vt 0.79719 0.75348
vt 0.77344 0.6812
vt 0.82128 0.75124
vt 0.84597 0.74819
vt 0.88163 0.80846
vt 0.89761 0.88638
vt 0.8943 0.93055
vt 0.92 0.83929
vt 0.79612 0.68008
vt 0.81805 0.67729
vt 0.79471 0.61112
vt 0.77344 0.61242
vt 0.77344 0.5375
vt 0.84063 0.67276
vt 0.81605 0.60805
vt 0.79353 0.53628
vt 0.77344 0.45966
vt 0.90628 0.78431
vt 0.94062 0.80746
vt 0.8724 0.73947
vt 0.86308 0.6666
vt 0.83606 0.60339
vt 0.8553 0.59711
vt 0.81384 0.53324
vt 0.83179 0.52855
vt 0.81008 0.45566
vt 0.79169 0.4586
vt 0.77344 0.37956
vt 0.78974 0.37862
vt 0.77344 0.29668
vt 0.92881 0.75994
vt 0.96131 0.78329
vt 0.95013 0.73929
vt 0.89653 0.72818
vt 0.91986 0.71388
vt 0.94182 0.69834
vt 0.93002 0.63284
vt 0.90816 0.64639
vt 0.91898 0.56392
vt 0.88533 0.65806
vt 0.89737 0.57662
vt 0.87518 0.5883
vt 0.84859 0.52198
vt 0.86657 0.51283
vt 0.88705 0.50103
vt 0.9075 0.48855
vt 0.8263 0.45088
vt 0.8414 0.44402
vt 0.85754 0.43461
vt 0.87599 0.4226
vt 0.89458 0.40998
vt 0.80601 0.37579
vt 0.82016 0.37106
vt 0.80079 0.2931
vt 0.83318 0.36415
vt 0.81258 0.28859
vt 0.84714 0.35473
vt 0.82341 0.28229
vt 0.86322 0.34261
vt 0.83529 0.27268
vt 0.8796 0.32976
vt 0.84842 0.26108
vt 0.8618 0.24876
vt 0.79476 0.20671
vt 0.80385 0.20266
vt 0.81213 0.19712
vt 0.82107 0.18869
vt 0.83089 0.17858
vt 0.8409 0.16781
vt 0.78716 0.29579
vt 0.77344 0.21004
vt 0.78419 0.20919
vt 0.77344 0.11919
vt 0.78077 0.11851
vt 0.78777 0.11663
vt 0.79365 0.11364
vt 0.77937 0.02908
vt 0.7768 0.02967
vt 0.77344 0.02988
vt 0.79881 0.1094
vt 0.78137 0.02768
vt 0.77875 0.02431
vt 0.77666 0.02295
vt 0.78011 0.02228
vt 0.78356 0.02545
vt 0.80421 0.10353
vt 0.81042 0.09601
vt 0.78536 0.02303
vt 0.81689 0.08781
vt 0.78752 0.01952
vt 0.79045 0.01475
vt 0.78368 0.01903
vt 0.78427 0.01441
vt 0.782 0.02025
vt 0.77771 0.01613
vt 0.78015 0.01341
vt 0.78562 0.00608
vt 0.77838 0.00425
vt 0.77344 0.00965
vt 0.77344 0.02164
vt 0.22656 0.97785
vt 0.20775 0.97909
vt 0.22656 0.92811
vt 0.1908 0.98487
vt 0.20549 0.92999
vt 0.2044 0.87295
vt 0.22656 0.87229
vt 0.22656 0.81678
vt 0.1835 0.93925
vt 0.18287 0.87662
vt 0.20301 0.81637
vt 0.22656 0.7545
vt 0.17282 0.96816
vt 0.18125 0.99575
vt 0.1601 0.91627
vt 0.15336 0.94034
vt 0.17868 0.81994
vt 0.1639 0.87336
vt 0.13552 0.89008
vt 0.15079 0.82921
vt 0.12984 0.92869
vt 0.20281 0.75348
vt 0.22656 0.6812
vt 0.17872 0.75124
vt 0.15403 0.74819
vt 0.11837 0.80846
vt 0.10239 0.88638
vt 0.1057 0.93055
vt 0.08 0.83929
vt 0.20388 0.68008
vt 0.18194 0.67729
vt 0.20529 0.61112
vt 0.22656 0.61242
vt 0.22656 0.5375
vt 0.15937 0.67276
vt 0.18395 0.60805
vt 0.20647 0.53628
vt 0.22656 0.45966
vt 0.09372 0.78431
vt 0.05938 0.80746
vt 0.1276 0.73947
vt 0.13691 0.6666
vt 0.16394 0.60339
vt 0.1447 0.59711
vt 0.18616 0.53324
vt 0.16821 0.52855
vt 0.18992 0.45566
vt 0.20831 0.4586
vt 0.22656 0.37956
vt 0.21026 0.37862
vt 0.22656 0.29668
vt 0.07119 0.75994
vt 0.03869 0.78329
vt 0.04987 0.73929
vt 0.10347 0.72818
vt 0.08014 0.71388
vt 0.05818 0.69834
vt 0.06998 0.63284
vt 0.09184 0.64639
vt 0.08102 0.56392
vt 0.11467 0.65806
vt 0.10263 0.57662
vt 0.12482 0.5883
vt 0.15141 0.52198
vt 0.13343 0.51283
vt 0.11295 0.50103
vt 0.0925 0.48855
vt 0.1737 0.45088
vt 0.1586 0.44402
vt 0.14246 0.43461
vt 0.12401 0.4226
vt 0.10542 0.40998
vt 0.19399 0.37579
vt 0.17984 0.37106
vt 0.19921 0.2931
vt 0.16682 0.36415
vt 0.18742 0.28859
vt 0.15286 0.35473
vt 0.17659 0.28229
vt 0.13678 0.34261
vt 0.16471 0.27268
vt 0.1204 0.32976
vt 0.15158 0.26108
vt 0.1382 0.24876
vt 0.20524 0.20671
vt 0.19615 0.20266
vt 0.18787 0.19712
vt 0.17893 0.18869
vt 0.16911 0.17858
vt 0.1591 0.16781
vt 0.21283 0.29579
vt 0.22656 0.21004
vt 0.21581 0.20919
vt 0.22656 0.11919
vt 0.21923 0.11851
vt 0.21223 0.11663
vt 0.20636 0.11364
vt 0.22063 0.02908
vt 0.2232 0.02967
vt 0.22656 0.02988
vt 0.20119 0.1094
vt 0.21863 0.02768
vt 0.22125 0.02431
vt 0.22334 0.02295
vt 0.21989 0.02228
vt 0.21644 0.02545
vt 0.19579 0.10353
vt 0.18958 0.09601
vt 0.21464 0.02303
vt 0.18311 0.08781
vt 0.21248 0.01952
vt 0.20956 0.01475
vt 0.21632 0.01903
vt 0.21573 0.01441
vt 0.218 0.02025
vt 0.22229 0.01613
vt 0.21985 0.01341
vt 0.21438 0.00608
vt 0.22162 0.00425
vt 0.22656 0.00965
vt 0.22656 0.02164
vt 1 0.03065
vt 1 0.08566
vt 0.9723 0.02893
vt 0.96865 0.08504
vt 1 0.13349
vt 0.94353 0.0222
vt 0.96844 0.13554
vt 0.93607 0.08127
vt 0.90842 0.00746
vt 0.93585 0.1391
vt 0.90428 0.07867
vt 0.88404 0.01701
vt 0.88481 0.07937
vt 0.89763 0.14732
vt 0.87512 0.12851
vt 0.97044 0.185
vt 1 0.18195
vt 0.9404 0.19337
vt 0.90842 0.20912
vt 0.86481 0.18951
vt 0.85686 0.1622
vt 0.87754 0.23308
vt 0.88781 0.27295
vt 0.91707 0.261
vt 0.94641 0.24201
vt 0.97356 0.23003
vt 1 0.22567
vt 0.93458 0.29409
vt 0.95617 0.28575
vt 0.97802 0.26865
vt 1 0.26332
vt 0.9061 0.29175
vt 0.8885 0.29781
vt 0.92083 0.30512
vt 0.93005 0.32711
vt 0.9545 0.32289
vt 0.94068 0.32632
vt 0.93488 0.3629
vt 0.96714 0.30156
vt 0.98276 0.29676
vt 0.96517 0.32354
vt 0.96549 0.35205
vt 0.95517 0.35573
vt 0.96561 0.37656
vt 0.94306 0.36127
vt 0.95674 0.38701
vt 0.94059 0.40011
vt 0.93205 0.39494
vt 0.96522 0.39417
vt 0.96262 0.41573
vt 0.97209 0.40326
vt 0.9729 0.32594
vt 1 0.29332
vt 0.98564 0.32326
vt 1 0.32117
vt 1 0.34766
vt 0.97479 0.35192
vt 0.98689 0.34951
vt 1 0.37324
vt 0.98714 0.37534
vt 1 0.39757
vt 0.97539 0.37888
vt 0.98619 0.40004
vt 0.97564 0.3965
vt 0.97767 0.41614
vt 0.98972 0.41913
vt 1 0.41887
vt 1 0.44118
vt 0.9831 0.43784
vt 0.9651 0.44546
vt 0.98346 0.46716
vt 1 0.46632
vt 1 0.49065
vt 0.94536 0.43033
vt 0.98409 0.4927
vt 1 0.51657
vt 0.96672 0.47191
vt 0.9478 0.45597
vt 0.92347 0.42581
vt 0.9218 0.41541
vt 0.92807 0.44658
vt 0.93128 0.46766
vt 0.95009 0.47992
vt 0.93405 0.48902
vt 0.93761 0.50849
vt 0.96806 0.4954
vt 0.95247 0.50212
vt 0.9698 0.52029
vt 0.98495 0.51792
vt 1 0.54304
vt 0.94085 0.52868
vt 0.95492 0.52474
vt 0.94282 0.55265
vt 0.95689 0.54946
vt 0.97123 0.54626
vt 0.98587 0.54409
vt 0.97244 0.57179
vt 0.95846 0.57534
vt 0.94398 0.57914
vt 1 0.56867
vt 0.98647 0.56955
vt 0 0.03065
vt 0.0277 0.02893
vt 0 0.08566
vt 0.03135 0.08504
vt 0.05647 0.0222
vt 0 0.13349
vt 0.06393 0.08127
vt 0.09158 0.00746
vt 0.03156 0.13554
vt 0.09572 0.07867
vt 0.11596 0.01701
vt 0.11519 0.07937
vt 0.06415 0.1391
vt 0.10237 0.14732
vt 0.12488 0.12851
vt 0.02956 0.185
vt 0 0.18195
vt 0.0596 0.19337
vt 0.09157 0.20912
vt 0.13519 0.18951
vt 0.14314 0.1622
vt 0.12246 0.23308
vt 0.11219 0.27295
vt 0.08293 0.261
vt 0.05359 0.24201
vt 0.02644 0.23003
vt 0 0.22567
vt 0.06542 0.29409
vt 0.04383 0.28575
vt 0.02198 0.26865
vt 0 0.26332
vt 0.0939 0.29175
vt 0.07917 0.30512
vt 0.06995 0.32711
vt 0.1115 0.29781
vt 0.0455 0.32289
vt 0.05932 0.32632
vt 0.06512 0.3629
vt 0.03286 0.30156
vt 0.01724 0.29676
vt 0.03483 0.32354
vt 0.03451 0.35205
vt 0.04483 0.35573
vt 0.03439 0.37656
vt 0.05694 0.36127
vt 0.04326 0.38701
vt 0.05942 0.40011
vt 0.06795 0.39494
vt 0.03478 0.39417
vt 0.03738 0.41573
vt 0.02791 0.40326
vt 0.0271 0.32594
vt 0 0.29332
vt 0.01436 0.32326
vt 0 0.32117
vt 0 0.34766
vt 0.02521 0.35192
vt 0.01311 0.34951
vt 0 0.37324
vt 0.01286 0.37534
vt 0 0.39757
vt 0.02461 0.37888
vt 0.01381 0.40004
vt 0.02436 0.3965
vt 0.02233 0.41614
vt 0.01028 0.41913
vt 0 0.41887
vt 0 0.44118
vt 0.0169 0.43784
vt 0.0349 0.44546
vt 0.01654 0.46716
vt 0 0.46632
vt 0 0.49065
vt 0.05464 0.43033
vt 0.03328 0.47191
vt 0.01591 0.4927
vt 0.0522 0.45597
vt 0 0.51657
vt 0.07654 0.42581
vt 0.07193 0.44658
vt 0.06872 0.46766
vt 0.04991 0.47992
vt 0.06595 0.48902
vt 0.06239 0.50849
vt 0.03194 0.4954
vt 0.04753 0.50212
vt 0.0302 0.52029
vt 0.01505 0.51792
vt 0 0.54304
vt 0.05915 0.52868
vt 0.04508 0.52474
vt 0.05718 0.55265
vt 0.04311 0.54946
vt 0.02877 0.54626
vt 0.01413 0.54409
vt 0.02756 0.57179
vt 0.04154 0.57534
vt 0.05602 0.57914
vt 0 0.56867
vt 0.01353 0.56955
vt 0.0782 0.41541
vt 0.66095 0.54199
vt 0.6546 0.57288
vt 0.6369 0.5093
vt 0.6203 0.53033
vt 0.62016 0.45076
vt 0.60496 0.46001
vt 0.60734 0.38282
vt 0.58435 0.52337
vt 0.59474 0.39132
vt 0.57886 0.45934
vt 0.61416 0.59645
vt 0.64428 0.62152
vt 0.58349 0.58755
vt 0.6082 0.6468
vt 0.63361 0.66361
vt 0.62345 0.68058
vt 0.60481 0.6733
vt 0.5799 0.6521
vt 0.58966 0.68993
vt 0.5893 0.33773
vt 0.60021 0.33234
vt 0.57391 0.39727
vt 0.55413 0.57907
vt 0.55445 0.51898
vt 0.55248 0.45812
vt 0.55193 0.63686
vt 0.56562 0.6979
vt 0.5781 0.71214
vt 0.58172 0.27336
vt 0.59095 0.26412
vt 0.57104 0.33943
vt 0.55117 0.39858
vt 0.52649 0.51624
vt 0.52605 0.45715
vt 0.52643 0.57408
vt 0.52598 0.62909
vt 0.57055 0.20388
vt 0.58015 0.19996
vt 0.57106 0.13826
vt 0.567 0.27635
vt 0.55087 0.33776
vt 0.52592 0.39871
vt 0.5 0.57234
vt 0.5 0.51512
vt 0.5 0.45703
vt 0.5 0.62615
vt 0.54622 0.68748
vt 0.5233 0.67854
vt 0.5 0.67528
vt 0.55766 0.1397
vt 0.56467 0.0891
vt 0.55671 0.20373
vt 0.54855 0.27525
vt 0.52638 0.33536
vt 0.47351 0.51624
vt 0.47357 0.57408
vt 0.47402 0.62909
vt 0.47395 0.45715
vt 0.54224 0.73077
vt 0.52142 0.72294
vt 0.5 0.71955
vt 0.4767 0.67854
vt 0.55106 0.08267
vt 0.56781 0.04334
vt 0.55368 0.02395
vt 0.54319 0.14035
vt 0.53286 0.07935
vt 0.52809 0.01177
vt 0.541 0.20469
vt 0.52631 0.14149
vt 0.52669 0.27114
vt 0.52248 0.2052
vt 0.44555 0.51898
vt 0.44752 0.45812
vt 0.44587 0.57907
vt 0.44807 0.63686
vt 0.52024 0.76227
vt 0.5 0.75745
vt 0.47858 0.72294
vt 0.45378 0.68748
vt 0.51322 0.04548
vt 0.5 0.00843
vt 0.51733 0.07759
vt 0.5 0.33537
vt 0.5 0.26942
vt 0.42114 0.45934
vt 0.41565 0.52337
vt 0.41651 0.58755
vt 0.5 0.7906
vt 0.47976 0.76227
vt 0.45776 0.73077
vt 0.43438 0.6979
vt 0.4201 0.6521
vt 0.51307 0.1411
vt 0.5 0.20546
vt 0.50895 0.11152
vt 0.5 0.14132
vt 0.5 0.07663
vt 0.5 0.10936
vt 0.49105 0.11152
vt 0.48693 0.1411
vt 0.47752 0.2052
vt 0.47369 0.14149
vt 0.48267 0.07759
vt 0.39504 0.46001
vt 0.3797 0.53033
vt 0.48123 0.79585
vt 0.45913 0.77204
vt 0.43935 0.74117
vt 0.47331 0.27114
vt 0.459 0.20469
vt 0.5 0.04287
vt 0.48678 0.04548
vt 0.47191 0.01177
vt 0.46714 0.07935
vt 0.44632 0.02395
vt 0.45681 0.14035
vt 0.44894 0.08267
vt 0.43219 0.04334
vt 0.43534 0.0891
vt 0.44234 0.1397
vt 0.42894 0.13826
vt 0.44329 0.20373
vt 0.42945 0.20388
vt 0.41985 0.19996
vt 0.40905 0.26412
vt 0.45145 0.27525
vt 0.433 0.27635
vt 0.41828 0.27336
vt 0.39979 0.33234
vt 0.47362 0.33536
vt 0.44913 0.33776
vt 0.47408 0.39871
vt 0.42896 0.33943
vt 0.44883 0.39858
vt 0.4107 0.33773
vt 0.42609 0.39727
vt 0.39266 0.38282
vt 0.40527 0.39132
vt 0.37984 0.45076
vt 0.3631 0.5093
vt 0.5 0.39819
vt 0.34539 0.57288
vt 0.33905 0.54199
vt 0.38584 0.59645
vt 0.35572 0.62152
vt 0.3918 0.6468
vt 0.36639 0.66361
vt 0.37655 0.68058
vt 0.39519 0.6733
vt 0.41034 0.68993
vt 0.42189 0.71214
vt 0.42761 0.74886
vt 0.4367 0.78761
vt 0.42385 0.78443
vt 0.41736 0.81587
vt 0.41344 0.80688
vt 0.46184 0.80549
vt 0.44208 0.8198
vt 0.42296 0.83804
vt 0.42854 0.85959
vt 0.48293 0.82395
vt 0.46532 0.8328
vt 0.44696 0.84645
vt 0.43303 0.88214
vt 0.45349 0.87268
vt 0.47023 0.85567
vt 0.44933 0.89806
vt 0.43385 0.90478
vt 0.46196 0.89853
vt 0.46865 0.88407
vt 0.47703 0.87325
vt 0.48526 0.84667
vt 0.489 0.86778
vt 0.5 0.84349
vt 0.5 0.86603
vt 0.511 0.86778
vt 0.5 0.81938
vt 0.51474 0.84667
vt 0.52297 0.87325
vt 0.51707 0.82395
vt 0.52977 0.85567
vt 0.53136 0.88407
vt 0.51877 0.79585
vt 0.54651 0.87268
vt 0.53804 0.89853
vt 0.55067 0.89806
vt 0.53468 0.8328
vt 0.53816 0.80549
vt 0.54087 0.77204
vt 0.56697 0.88214
vt 0.56615 0.90478
vt 0.55304 0.84645
vt 0.57147 0.85959
vt 0.55792 0.8198
vt 0.57704 0.83804
vt 0.58264 0.81587
vt 0.5633 0.78761
vt 0.56065 0.74117
vt 0.57239 0.74886
vt 0.57615 0.78443
vt 0.58656 0.80688
vt 0.44518 3.27204
vt 0.32153 3.17472
vt 0.42046 3.12628
vt 0.22744 3.26704
vt 0.62731 3.13916
vt 0.42651 3.42376
vt 0.6535 3.31644
vt 0.60314 3.44584
vt 0.5455 3.03284
vt 0.2384 3.434
vt 0.75562 3.48732
vt 0.76132 3.22688
vt 0.79762 3.37856
vt 0.42349 3.55388
vt 0.57964 3.56236
vt 0.7241 3.605
vt 0.89756 3.30944
vt 0.25465 3.57624
vt 0.68859 3.71988
vt 0.4345 3.6858
vt 0.56562 3.67772
vt 0.284 3.71948
vt 0.63634 3.8174
vt 0.46634 3.79272
vt 0.55644 3.75448
vt 0.33435 3.84384
vt 0.54318 3.90568
vt 0.41523 3.96716
vt 0.4452 3.27204
vt 0.32152 3.17472
vt 0.22744 3.26704
vt 0.42044 3.12628
vt 0.42652 3.42376
vt 0.62732 3.13916
vt 0.60316 3.44584
vt 0.65348 3.31644
vt 0.2384 3.434
vt 0.54552 3.03284
vt 0.7556 3.48732
vt 0.57964 3.56236
vt 0.72408 3.605
vt 0.42348 3.55388
vt 0.25464 3.57624
vt 0.76132 3.22688
vt 0.7976 3.37856
vt 0.6886 3.71988
vt 0.43448 3.6858
vt 0.284 3.71948
vt 0.89756 3.30944
vt 0.5656 3.67772
vt 0.46636 3.79272
vt 0.33436 3.84384
vt 0.63636 3.8174
vt 0.55644 3.75448
vt 0.41524 3.96716
vt 0.54316 3.90568
usemtl mat0
f 1/1/1 2/2/2 3/3/3
f 1/1/1 4/4/4 2/2/2
f 1/1/1 3/3/3 5/5/5
f 1/1/1 6/6/6 4/4/4
f 1/1/1 5/5/5 7/7/7
f 1/1/1 8/8/8 6/6/6
f 1/1/1 7/7/7 8/8/8
f 3/3/3 9/9/9 5/5/5
f 4/4/4 6/6/6 10/10/10
f 7/7/7 11/11/11 8/8/8
f 7/7/7 5/5/5 12/12/12
f 7/7/7 13/13/13 11/11/11
f 7/7/7 12/12/12 13/13/13
f 9/9/9 14/14/14 5/5/5
f 9/9/9 15/15/15 14/14/14
f 5/5/5 14/14/14 12/12/12
f 6/6/6 8/8/8 16/16/16
f 11/11/11 17/17/17 8/8/8
f 8/8/8 17/17/17 16/16/16
f 13/13/13 12/12/12 18/18/18
f 15/15/15 19/19/19 14/14/14
f 15/15/15 20/20/20 19/19/19
f 17/17/17 21/21/21 16/16/16
f 12/12/12 22/22/22 18/18/18
f 12/12/12 14/14/14 22/22/22
f 14/14/14 19/19/19 22/22/22
f 20/20/20 23/23/23 19/19/19
f 20/20/20 24/24/24 23/23/23
f 18/18/18 22/22/22 25/25/25
f 19/19/19 23/23/23 26/26/26
f 19/19/19 26/26/26 22/22/22
f 22/22/22 26/26/26 25/25/25
f 24/24/24 27/27/27 23/23/23
f 26/26/26 28/28/28 25/25/25
f 26/26/26 23/23/23 28/28/28
f 28/28/28 23/23/23 27/27/27
f 29/29/29 30/30/30 31/31/31
f 29/29/29 32/32/32 30/30/30
f 29/29/29 31/31/31 33/33/33
f 29/29/29 34/34/34 32/32/32
f 29/29/29 33/33/33 35/35/35
f 29/29/29 36/36/36 34/34/34
f 29/29/29 35/35/35 36/36/36
f 31/31/31 37/37/37 33/33/33
f 32/32/32 34/34/34 38/38/38
f 35/35/35 39/39/39 36/36/36
f 35/35/35 33/33/33 40/40/40
f 35/35/35 41/41/41 39/39/39
f 35/35/35 40/40/40 41/41/41
f 34/34/34 42/42/42 38/38/38
f 34/34/34 36/36/36 43/43/43
f 34/34/34 43/43/43 42/42/42
f 39/39/39 44/44/44 36/36/36
f 36/36/36 44/44/44 43/43/43
f 40/40/40 45/45/45 41/41/41
f 38/38/38 42/42/42 46/46/46
f 44/44/44 47/47/47 43/43/43
f 42/42/42 48/48/48 46/46/46
f 42/42/42 43/43/43 49/49/49
f 42/42/42 49/49/49 48/48/48
f 43/43/43 47/47/47 49/49/49
f 46/46/46 48/48/48 50/50/50
f 47/47/47 51/51/51 49/49/49
f 48/48/48 52/52/52 50/50/50
f 48/48/48 49/49/49 53/53/53
f 48/48/48 53/53/53 52/52/52
f 49/49/49 51/51/51 53/53/53
f 50/50/50 52/52/52 54/54/54
f 51/51/51 55/55/55 53/53/53
f 53/53/53 55/55/55 52/52/52
f 54/54/54 52/52/52 56/56/56
f 56/56/56 52/52/52 55/55/55
usemtl mat1
f 57/57/57 58/58/58 59/59/59
f 58/58/58 60/60/60 59/59/59
f 58/58/58 61/61/61 60/60/60
f 59/59/59 60/60/60 62/62/62
f 61/61/61 63/63/63 60/60/60
f 62/62/62 64/64/64 65/65/65
f 60/60/60 63/63/63 64/64/64
f 60/60/60 64/64/64 62/62/62
f 61/61/61 66/66/66 63/63/63
f 65/65/65 64/64/64 67/67/67
f 66/66/66 68/68/68 69/69/69
f 66/66/66 69/69/69 63/63/63
f 65/65/65 67/67/67 70/70/70
f 64/64/64 71/71/71 67/67/67
f 63/63/63 69/69/69 71/71/71
f 63/63/63 71/71/71 64/64/64
f 68/68/68 72/72/72 69/69/69
f 70/70/70 73/73/73 74/74/74
f 70/70/70 67/67/67 73/73/73
f 71/71/71 75/75/75 67/67/67
f 67/67/67 75/75/75 73/73/73
f 68/68/68 76/76/76 72/72/72
f 69/69/69 77/77/77 71/71/71
f 71/71/71 77/77/77 75/75/75
f 69/69/69 72/72/72 77/77/77
f 74/74/74 78/78/78 79/79/79
f 74/74/74 73/73/73 78/78/78
f 76/76/76 80/80/80 72/72/72
f 75/75/75 77/77/77 81/81/81
f 79/79/79 78/78/78 82/82/82
f 73/73/73 83/83/83 78/78/78
f 75/75/75 83/83/83 73/73/73
f 75/75/75 81/81/81 83/83/83
f 76/76/76 84/84/84 80/80/80
f 72/72/72 85/85/85 77/77/77
f 77/77/77 85/85/85 81/81/81
f 72/72/72 80/80/80 85/85/85
f 82/82/82 78/78/78 86/86/86
f 78/78/78 83/83/83 86/86/86
f 76/76/76 87/87/87 84/84/84
f 81/81/81 85/85/85 88/88/88
f 80/80/80 89/89/89 85/85/85
f 85/85/85 89/89/89 88/88/88
f 80/80/80 84/84/84 89/89/89
f 82/82/82 86/86/86 90/90/90
f 83/83/83 91/91/91 86/86/86
f 81/81/81 91/91/91 83/83/83
f 81/81/81 88/88/88 91/91/91
f 87/87/87 92/92/92 84/84/84
f 89/89/89 93/93/93 88/88/88
f 90/90/90 86/86/86 94/94/94
f 86/86/86 91/91/91 94/94/94
f 87/87/87 95/95/95 92/92/92
f 84/84/84 96/96/96 89/89/89
f 89/89/89 96/96/96 93/93/93
f 84/84/84 92/92/92 96/96/96
f 88/88/88 97/97/97 91/91/91
f 91/91/91 97/97/97 94/94/94
f 88/88/88 93/93/93 97/97/97
f 90/90/90 94/94/94 98/98/98
f 95/95/95 99/99/99 92/92/92
f 96/96/96 100/100/100 93/93/93
f 97/97/97 101/101/101 94/94/94
f 94/94/94 101/101/101 98/98/98
f 95/95/95 102/102/102 99/99/99
f 92/92/92 103/103/103 96/96/96
f 96/96/96 103/103/103 100/100/100
f 93/93/93 104/104/104 97/97/97
f 97/97/97 104/104/104 101/101/101
f 93/93/93 100/100/100 104/104/104
f 98/98/98 105/105/105 106/106/106
f 98/98/98 101/101/101 105/105/105
f 102/102/102 107/107/107 99/99/99
f 92/92/92 108/108/108 103/103/103
f 92/92/92 99/99/99 108/108/108
f 100/100/100 103/103/103 109/109/109
f 103/103/103 108/108/108 109/109/109
f 104/104/104 110/110/110 101/101/101
f 101/101/101 110/110/110 105/105/105
f 106/106/106 105/105/105 111/111/111
f 102/102/102 112/112/112 107/107/107
f 99/99/99 113/113/113 108/108/108
f 99/99/99 107/107/107 113/113/113
f 100/100/100 114/114/114 104/104/104
f 104/104/104 114/114/114 110/110/110
f 100/100/100 109/109/109 114/114/114
f 106/106/106 111/111/111 115/115/115
f 105/105/105 110/110/110 116/116/116
f 111/111/111 105/105/105 116/116/116
f 111/111/111 116/116/116 115/115/115
f 112/112/112 117/117/117 107/107/107
f 108/108/108 118/118/118 109/109/109
f 113/113/113 119/119/119 120/120/120
f 108/108/108 120/120/120 118/118/118
f 108/108/108 113/113/113 120/120/120
f 114/114/114 121/121/121 110/110/110
f 110/110/110 121/121/121 116/116/116
f 106/106/106 115/115/115 122/122/122
f 112/112/112 123/123/123 117/117/117
f 107/107/107 124/124/124 113/113/113
f 113/113/113 124/124/124 119/119/119
f 107/107/107 117/117/117 124/124/124
f 109/109/109 125/125/125 114/114/114
f 114/114/114 125/125/125 121/121/121
f 109/109/109 118/118/118 125/125/125
f 120/120/120 126/126/126 127/127/127
f 120/120/120 119/119/119 126/126/126
f 120/120/120 127/127/127 118/118/118
f 116/116/116 121/121/121 128/128/128
f 116/116/116 128/128/128 115/115/115
f 122/122/122 129/129/129 130/130/130
f 115/115/115 128/128/128 129/129/129
f 115/115/115 129/129/129 122/122/122
f 123/123/123 131/131/131 117/117/117
f 124/124/124 132/132/132 119/119/119
f 125/125/125 133/133/133 121/121/121
f 121/121/121 133/133/133 128/128/128
f 126/126/126 134/134/134 127/127/127
f 118/118/118 135/135/135 125/125/125
f 125/125/125 135/135/135 133/133/133
f 118/118/118 127/127/127 135/135/135
f 130/130/130 129/129/129 136/136/136
f 123/123/123 137/137/137 131/131/131
f 117/117/117 138/138/138 124/124/124
f 124/124/124 138/138/138 132/132/132
f 117/117/117 131/131/131 138/138/138
f 119/119/119 139/139/139 126/126/126
f 119/119/119 132/132/132 139/139/139
f 128/128/128 133/133/133 140/140/140
f 129/129/129 128/128/128 140/140/140
f 129/129/129 140/140/140 136/136/136
f 134/134/134 141/141/141 142/142/142
f 127/127/127 134/134/134 142/142/142
f 127/127/127 142/142/142 135/135/135
f 130/130/130 136/136/136 143/143/143
f 137/137/137 144/144/144 131/131/131
f 138/138/138 145/145/145 132/132/132
f 126/126/126 146/146/146 134/134/134
f 126/126/126 139/139/139 146/146/146
f 133/133/133 147/147/147 140/140/140
f 135/135/135 142/142/142 147/147/147
f 135/135/135 147/147/147 133/133/133
f 141/141/141 148/148/148 142/142/142
f 142/142/142 148/148/148 147/147/147
f 136/136/136 149/149/149 143/143/143
f 137/137/137 150/150/150 144/144/144
f 131/131/131 151/151/151 138/138/138
f 138/138/138 151/151/151 145/145/145
f 131/131/131 144/144/144 151/151/151
f 132/132/132 152/152/152 139/139/139
f 132/132/132 145/145/145 152/152/152
f 134/134/134 153/153/153 141/141/141
f 134/134/134 146/146/146 153/153/153
f 140/140/140 147/147/147 154/154/154
f 136/136/136 140/140/140 154/154/154
f 136/136/136 154/154/154 149/149/149
f 147/147/147 148/148/148 154/154/154
f 143/143/143 149/149/149 155/155/155
f 150/150/150 156/156/156 144/144/144
f 151/151/151 157/157/157 145/145/145
f 139/139/139 158/158/158 146/146/146
f 139/139/139 152/152/152 158/158/158
f 141/141/141 159/159/159 160/160/160
f 141/141/141 153/153/153 159/159/159
f 141/141/141 160/160/160 148/148/148
f 154/154/154 161/161/161 149/149/149
f 148/148/148 160/160/160 161/161/161
f 148/148/148 161/161/161 154/154/154
f 149/149/149 161/161/161 155/155/155
f 150/150/150 162/162/162 156/156/156
f 144/144/144 163/163/163 151/151/151
f 151/151/151 163/163/163 157/157/157
f 144/144/144 156/156/156 163/163/163
f 145/145/145 164/164/164 152/152/152
f 145/145/145 157/157/157 164/164/164
f 146/146/146 165/165/165 153/153/153
f 146/146/146 158/158/158 165/165/165
f 159/159/159 166/166/166 160/160/160
f 161/161/161 167/167/167 155/155/155
f 162/162/162 168/168/168 156/156/156
f 163/163/163 169/169/169 157/157/157
f 152/152/152 170/170/170 158/158/158
f 152/152/152 164/164/164 170/170/170
f 153/153/153 171/171/171 159/159/159
f 159/159/159 171/171/171 166/166/166
f 153/153/153 165/165/165 171/171/171
f 160/160/160 172/172/172 161/161/161
f 172/172/172 167/167/167 161/161/161
f 172/172/172 160/160/160 166/166/166
f 162/162/162 173/173/173 168/168/168
f 156/156/156 174/174/174 163/163/163
f 163/163/163 174/174/174 169/169/169
f 156/156/156 168/168/168 174/174/174
f 157/157/157 175/175/175 164/164/164
f 157/157/157 169/169/169 175/175/175
f 158/158/158 176/176/176 165/165/165
f 158/158/158 170/170/170 176/176/176
f 171/171/171 165/165/165 177/177/177
f 177/177/177 166/166/166 171/171/171
f 177/177/177 165/165/165 176/176/176
f 173/173/173 178/178/178 168/168/168
f 174/174/174 179/179/179 169/169/169
f 164/164/164 180/180/180 170/170/170
f 164/164/164 175/175/175 180/180/180
f 176/176/176 170/170/170 181/181/181
f 170/170/170 180/180/180 181/181/181
f 173/173/173 182/182/182 178/178/178
f 168/168/168 183/183/183 174/174/174
f 174/174/174 183/183/183 179/179/179
f 168/168/168 178/178/178 183/183/183
f 169/169/169 184/184/184 175/175/175
f 169/169/169 179/179/179 184/184/184
f 180/180/180 185/185/185 181/181/181
f 182/182/182 186/186/59 178/178/178
f 183/183/183 187/187/65 179/179/179
f 175/175/175 188/188/186 180/180/180
f 180/180/180 188/188/186 185/185/185
f 175/175/175 184/184/184 188/188/186
f 182/182/182 189/189/57 186/186/59
f 178/178/178 190/190/62 183/183/183
f 190/190/62 187/187/65 183/183/183
f 190/190/62 178/178/178 186/186/59
f 179/179/179 191/191/70 184/184/184
f 179/179/179 187/187/65 191/191/70
f 185/185/185 188/188/186 192/192/79
f 184/184/184 193/193/74 188/188/186
f 193/193/74 184/184/184 191/191/70
f 193/193/74 192/192/79 188/188/186
f 194/194/187 195/195/188 196/196/189
f 195/195/188 197/197/190 196/196/189
f 195/195/188 198/198/191 197/197/190
f 196/196/189 197/197/190 199/199/192
f 198/198/191 200/200/193 201/201/194
f 198/198/191 201/201/194 197/197/190
f 199/199/192 197/197/190 202/202/195
f 197/197/190 201/201/194 202/202/195
f 200/200/193 203/203/196 201/201/194
f 199/199/192 202/202/195 204/204/197
f 200/200/193 205/205/198 203/203/196
f 201/201/194 203/203/196 206/206/199
f 201/201/194 206/206/199 202/202/195
f 204/204/197 207/207/200 208/208/201
f 202/202/195 206/206/199 207/207/200
f 202/202/195 207/207/200 204/204/197
f 205/205/198 209/209/202 210/210/203
f 205/205/198 210/210/203 203/203/196
f 208/208/201 207/207/200 211/211/204
f 206/206/199 203/203/196 212/212/205
f 203/203/196 210/210/203 212/212/205
f 209/209/202 213/213/206 214/214/207
f 209/209/202 214/214/207 210/210/203
f 208/208/201 211/211/204 215/215/208
f 207/207/200 206/206/199 216/216/209
f 206/206/199 212/212/205 216/216/209
f 207/207/200 216/216/209 211/211/204
f 213/213/206 217/217/210 214/214/207
f 210/210/203 214/214/207 218/218/211
f 210/210/203 218/218/211 212/212/205
f 215/215/208 211/211/204 219/219/212
f 216/216/209 212/212/205 220/220/213
f 212/212/205 218/218/211 220/220/213
f 217/217/210 221/221/214 222/222/215
f 214/214/207 217/217/210 222/222/215
f 214/214/207 222/222/215 218/218/211
f 215/215/208 219/219/212 223/223/216
f 211/211/204 216/216/209 224/224/217
f 216/216/209 220/220/213 224/224/217
f 211/211/204 224/224/217 219/219/212
f 221/221/214 225/225/218 226/226/219
f 221/221/214 226/226/219 222/222/215
f 218/218/211 222/222/215 227/227/220
f 222/222/215 226/226/219 227/227/220
f 218/218/211 227/227/220 220/220/213
f 215/215/208 223/223/216 228/228/221
f 224/224/217 220/220/213 229/229/222
f 220/220/213 227/227/220 229/229/222
f 219/219/212 224/224/217 230/230/223
f 224/224/217 229/229/222 230/230/223
f 219/219/212 230/230/223 223/223/216
f 225/225/218 231/231/224 232/232/225
f 226/226/219 225/225/218 233/233/226
f 225/225/218 232/232/225 233/233/226
f 228/228/221 223/223/216 234/234/227
f 227/227/220 226/226/219 235/235/228
f 226/226/219 233/233/226 235/235/228
f 227/227/220 235/235/228 229/229/222
f 230/230/223 229/229/222 236/236/229
f 229/229/222 235/235/228 236/236/229
f 231/231/224 237/237/230 232/232/225
f 228/228/221 234/234/227 238/238/231
f 223/223/216 230/230/223 239/239/232
f 230/230/223 236/236/229 239/239/232
f 223/223/216 239/239/232 234/234/227
f 233/233/226 232/232/225 240/240/233
f 235/235/228 233/233/226 241/241/234
f 233/233/226 240/240/233 241/241/234
f 235/235/228 241/241/234 236/236/229
f 231/231/224 242/242/235 243/243/236
f 231/231/224 243/243/236 237/237/230
f 238/238/231 234/234/227 244/244/237
f 239/239/232 236/236/229 245/245/238
f 236/236/229 241/241/234 245/245/238
f 232/232/225 246/246/239 240/240/233
f 237/237/230 243/243/236 246/246/239
f 237/237/230 246/246/239 232/232/225
f 242/242/235 247/247/240 248/248/241
f 242/242/235 248/248/241 243/243/236
f 238/238/231 244/244/237 249/249/242
f 234/234/227 239/239/232 250/250/243
f 239/239/232 245/245/238 250/250/243
f 241/241/234 240/240/233 251/251/244
f 241/241/234 251/251/244 245/245/238
f 246/246/239 252/252/245 253/253/246
f 246/246/239 243/243/236 252/252/245
f 240/240/233 246/246/239 253/253/246
f 240/240/233 253/253/246 251/251/244
f 243/243/236 248/248/241 252/252/245
f 247/247/240 254/254/247 255/255/248
f 247/247/240 255/255/248 248/248/241
f 244/244/237 234/234/227 256/256/249
f 234/234/227 250/250/243 256/256/249
f 249/249/242 244/244/237 257/257/250
f 245/245/238 258/258/251 250/250/243
f 250/250/243 258/258/251 256/256/249
f 245/245/238 251/251/244 258/258/251
f 253/253/246 252/252/245 259/259/252
f 254/254/247 260/260/253 261/261/254
f 254/254/247 261/261/254 255/255/248
f 248/248/241 255/255/248 262/262/255
f 252/252/245 262/262/255 259/259/252
f 252/252/245 248/248/241 262/262/255
f 249/249/242 257/257/250 263/263/256
f 244/244/237 256/256/249 264/264/257
f 244/244/237 264/264/257 257/257/250
f 251/251/244 253/253/246 265/265/258
f 253/253/246 259/259/252 265/265/258
f 251/251/244 265/265/258 258/258/251
f 260/260/253 266/266/259 267/267/260
f 260/260/253 267/267/260 261/261/254
f 255/255/248 261/261/254 268/268/261
f 261/261/254 267/267/260 268/268/261
f 255/255/248 268/268/261 262/262/255
f 263/263/256 257/257/250 269/269/262
f 256/256/249 258/258/251 270/270/263
f 258/258/251 265/265/258 270/270/263
f 264/264/257 271/271/264 272/272/265
f 256/256/249 270/270/263 271/271/264
f 256/256/249 271/271/264 264/264/257
f 259/259/252 262/262/255 273/273/266
f 262/262/255 268/268/261 273/273/266
f 266/266/259 274/274/267 267/267/260
f 263/263/256 269/269/262 275/275/268
f 257/257/250 264/264/257 276/276/269
f 264/264/257 272/272/265 276/276/269
f 257/257/250 276/276/269 269/269/262
f 265/265/258 259/259/252 277/277/270
f 259/259/252 273/273/266 277/277/270
f 265/265/258 277/277/270 270/270/263
f 271/271/264 278/278/271 279/279/272
f 271/271/264 279/279/272 272/272/265
f 270/270/263 277/277/270 278/278/271
f 270/270/263 278/278/271 271/271/264
f 268/268/261 280/280/273 273/273/266
f 268/268/261 267/267/260 280/280/273
f 274/274/267 281/281/274 267/267/260
f 267/267/260 281/281/274 280/280/273
f 275/275/268 269/269/262 282/282/275
f 276/276/269 272/272/265 283/283/276
f 279/279/272 278/278/271 284/284/277
f 277/277/270 273/273/266 285/285/278
f 278/278/271 285/285/278 284/284/277
f 278/278/271 277/277/270 285/285/278
f 273/273/266 280/280/273 285/285/278
f 274/274/267 286/286/279 281/281/274
f 275/275/268 282/282/275 287/287/280
f 269/269/262 276/276/269 288/288/281
f 276/276/269 283/283/276 288/288/281
f 269/269/262 288/288/281 282/282/275
f 272/272/265 279/279/272 289/289/282
f 272/272/265 289/289/282 283/283/276
f 284/284/277 285/285/278 290/290/283
f 280/280/273 290/290/283 285/285/278
f 280/280/273 281/281/274 290/290/283
f 286/286/279 291/291/284 281/281/274
f 281/281/274 291/291/284 290/290/283
f 287/287/280 282/282/275 292/292/285
f 288/288/281 283/283/276 293/293/286
f 279/279/272 284/284/277 294/294/287
f 279/279/272 294/294/287 289/289/282
f 286/286/279 295/295/288 296/296/289
f 286/286/279 296/296/289 291/291/284
f 290/290/283 297/297/290 284/284/277
f 291/291/284 296/296/289 297/297/290
f 291/291/284 297/297/290 290/290/283
f 284/284/277 297/297/290 294/294/287
f 287/287/280 292/292/285 298/298/291
f 282/282/275 288/288/281 299/299/292
f 288/288/281 293/293/286 299/299/292
f 282/282/275 299/299/292 292/292/285
f 283/283/276 289/289/282 300/300/293
f 283/283/276 300/300/293 293/293/286
f 295/295/288 301/301/294 302/302/295
f 297/297/290 296/296/289 302/302/295
f 296/296/289 295/295/288 302/302/295
f 297/297/290 302/302/295 294/294/287
f 298/298/291 292/292/285 303/303/296
f 299/299/292 293/293/286 304/304/297
f 289/289/282 294/294/287 305/305/298
f 302/302/295 301/301/294 305/305/298
f 302/302/295 305/305/298 294/294/287
f 289/289/282 305/305/298 300/300/293
f 298/298/291 303/303/296 306/306/299
f 292/292/285 299/299/292 307/307/300
f 299/299/292 304/304/297 307/307/300
f 292/292/285 307/307/300 303/303/296
f 293/293/286 300/300/293 308/308/301
f 293/293/286 308/308/301 304/304/297
f 301/301/294 309/309/302 310/310/303
f 300/300/293 305/305/298 310/310/303
f 305/305/298 301/301/294 310/310/303
f 300/300/293 310/310/303 308/308/301
f 306/306/299 303/303/296 311/311/304
f 307/307/300 304/304/297 312/312/305
f 309/309/302 313/313/306 310/310/303
f 310/310/303 313/313/306 308/308/301
f 306/306/299 311/311/304 314/314/307
f 303/303/296 307/307/300 315/315/308
f 307/307/300 312/312/305 315/315/308
f 303/303/296 315/315/308 311/311/304
f 304/304/297 308/308/301 316/316/309
f 308/308/301 313/313/306 316/316/309
f 304/304/297 316/316/309 312/312/305
f 309/309/302 317/317/310 313/313/306
f 314/314/307 311/311/304 318/318/311
f 315/315/308 312/312/305 319/319/312
f 316/316/309 313/313/306 320/320/313
f 313/313/306 317/317/310 320/320/313
f 314/314/307 318/318/311 321/321/314
f 311/311/304 315/315/308 322/322/315
f 315/315/308 319/319/312 322/322/315
f 311/311/304 322/322/315 318/318/311
f 312/312/305 316/316/309 323/323/316
f 316/316/309 320/320/313 323/323/316
f 312/312/305 323/323/316 319/319/312
f 317/317/310 324/324/206 320/320/313
f 321/321/314 318/318/311 325/325/188
f 322/322/315 319/319/312 326/326/193
f 323/323/316 320/320/313 327/327/202
f 320/320/313 324/324/206 327/327/202
f 321/321/314 325/325/188 328/328/187
f 318/318/311 322/322/315 329/329/191
f 329/329/191 322/322/315 326/326/193
f 329/329/191 325/325/188 318/318/311
f 319/319/312 323/323/316 330/330/198
f 330/330/198 323/323/316 327/327/202
f 330/330/198 326/326/193 319/319/312
f 331/331/317 332/332/318 333/333/319
f 331/331/317 334/334/320 332/332/318
f 331/331/317 333/333/319 335/335/321
f 331/331/317 336/336/322 334/334/320
f 331/331/317 335/335/321 337/337/323
f 331/331/317 338/338/324 336/336/322
f 331/331/317 337/337/323 339/339/325
f 331/331/317 339/339/325 338/338/324
f 332/332/318 334/334/320 340/340/326
f 332/332/318 340/340/326 341/341/327
f 333/333/319 342/342/328 335/335/321
f 336/336/322 338/338/324 343/343/329
f 336/336/322 344/344/330 334/334/320
f 336/336/322 343/343/329 345/345/331
f 336/336/322 345/345/331 344/344/330
f 337/337/323 346/346/332 339/339/325
f 337/337/323 335/335/321 347/347/333
f 337/337/323 348/348/334 346/346/332
f 337/337/323 347/347/333 348/348/334
f 340/340/326 334/334/320 349/349/335
f 342/342/328 350/350/336 335/335/321
f 338/338/324 351/351/337 343/343/329
f 338/338/324 339/339/325 351/351/337
f 345/345/331 352/352/338 344/344/330
f 345/345/331 343/343/329 353/353/339
f 345/345/331 354/354/340 352/352/338
f 345/345/331 353/353/339 354/354/340
f 346/346/332 348/348/334 355/355/341
f 346/346/332 356/356/342 339/339/325
f 346/346/332 353/353/339 356/356/342
f 346/346/332 355/355/341 357/357/343
f 346/346/332 357/357/343 353/353/339
f 356/356/342 343/343/329 351/351/337
f 356/356/342 351/351/337 339/339/325
f 356/356/342 353/353/339 343/343/329
f 353/353/339 357/357/343 354/354/340
f 347/347/333 335/335/321 358/358/344
f 347/347/333 359/359/345 348/348/334
f 334/334/320 360/360/346 349/349/335
f 334/334/320 344/344/330 360/360/346
f 350/350/336 361/361/347 335/335/321
f 335/335/321 361/361/347 358/358/344
f 352/352/338 354/354/340 362/362/348
f 352/352/338 363/363/349 344/344/330
f 352/352/338 362/362/348 364/364/350
f 352/352/338 365/365/351 363/363/349
f 352/352/338 364/364/350 366/366/352
f 352/352/338 366/366/352 365/365/351
f 344/344/330 363/363/349 360/360/346
f 355/355/341 367/367/353 357/357/343
f 355/355/341 348/348/334 368/368/354
f 359/359/345 369/369/355 348/348/334
f 359/359/345 370/370/356 369/369/355
f 349/349/335 360/360/346 371/371/357
f 361/361/347 372/372/358 358/358/344
f 354/354/340 373/373/359 362/362/348
f 354/354/340 357/357/343 373/373/359
f 364/364/350 374/374/360 366/366/352
f 364/364/350 362/362/348 375/375/361
f 364/364/350 376/376/362 374/374/360
f 364/364/350 375/375/361 376/376/362
f 365/365/351 377/377/363 363/363/349
f 365/365/351 366/366/352 378/378/364
f 365/365/351 379/379/365 377/377/363
f 365/365/351 378/378/364 379/379/365
f 367/367/353 380/380/366 357/357/343
f 367/367/353 381/381/367 380/380/366
f 357/357/343 380/380/366 373/373/359
f 368/368/354 348/348/334 382/382/368
f 382/382/368 348/348/334 369/369/355
f 360/360/346 383/383/369 371/371/357
f 360/360/346 363/363/349 383/383/369
f 363/363/349 377/377/363 383/383/369
f 362/362/348 384/384/370 375/375/361
f 362/362/348 373/373/359 384/384/370
f 374/374/360 376/376/362 385/385/371
f 374/374/360 386/386/372 366/366/352
f 374/374/360 385/385/371 387/387/373
f 374/374/360 387/387/373 386/386/372
f 366/366/352 386/386/372 378/378/364
f 379/379/365 388/388/374 377/377/363
f 379/379/365 378/378/364 389/389/375
f 379/379/365 390/390/376 388/388/374
f 379/379/365 389/389/375 390/390/376
f 380/380/366 391/391/377 373/373/359
f 371/371/357 383/383/369 392/392/378
f 392/392/378 377/377/363 388/388/374
f 392/392/378 383/383/369 377/377/363
f 375/375/361 384/384/370 393/393/379
f 375/375/361 394/394/380 376/376/362
f 375/375/361 393/393/379 394/394/380
f 385/385/371 395/395/381 387/387/373
f 385/385/371 376/376/362 396/396/382
f 385/385/371 397/397/383 395/395/381
f 385/385/371 396/396/382 397/397/383
f 396/396/382 376/376/362 394/394/380
f 386/386/372 398/398/384 378/378/364
f 386/386/372 387/387/373 399/399/385
f 386/386/372 399/399/385 398/398/384
f 378/378/364 398/398/384 389/389/375
f 390/390/376 389/389/375 400/400/386
f 391/391/377 401/401/387 373/373/359
f 401/401/387 384/384/370 373/373/359
f 401/401/387 393/393/379 384/384/370
f 395/395/381 397/397/383 402/402/388
f 395/395/381 403/403/389 387/387/373
f 395/395/381 402/402/388 404/404/390
f 395/395/381 404/404/390 403/403/389
f 387/387/373 403/403/389 399/399/385
f 398/398/384 405/405/391 389/389/375
f 398/398/384 399/399/385 406/406/392
f 398/398/384 406/406/392 405/405/391
f 389/389/375 405/405/391 400/400/386
f 402/402/388 407/407/393 404/404/390
f 402/402/388 408/408/394 407/407/393
f 403/403/389 409/409/395 399/399/385
f 403/403/389 404/404/390 410/410/396
f 403/403/389 410/410/396 409/409/395
f 399/399/385 409/409/395 406/406/392
f 405/405/391 411/411/397 400/400/386
f 405/405/391 406/406/392 412/412/398
f 405/405/391 412/412/398 411/411/397
f 407/407/393 413/413/399 404/404/390
f 404/404/390 413/413/399 410/410/396
f 409/409/395 414/414/400 406/406/392
f 409/409/395 410/410/396 415/415/401
f 409/409/395 415/415/401 414/414/400
f 406/406/392 414/414/400 412/412/398
f 411/411/397 412/412/398 416/416/402
f 411/411/397 416/416/402 417/417/403
f 413/413/399 418/418/404 410/410/396
f 415/415/401 418/418/404 414/414/400
f 415/415/401 410/410/396 418/418/404
f 412/412/398 419/419/405 416/416/402
f 412/412/398 414/414/400 419/419/405
f 419/419/405 414/414/400 418/418/404
f 420/420/406 421/421/407 422/422/408
f 421/421/407 423/423/409 422/422/408
f 421/421/407 424/424/410 423/423/409
f 422/422/408 423/423/409 425/425/411
f 422/422/408 425/425/411 426/426/412
f 424/424/410 427/427/413 423/423/409
f 424/424/410 428/428/414 427/427/413
f 425/425/411 429/429/415 426/426/412
f 425/425/411 423/423/409 430/430/416
f 425/425/411 431/431/417 429/429/415
f 425/425/411 430/430/416 431/431/417
f 423/423/409 427/427/413 430/430/416
f 428/428/414 432/432/418 427/427/413
f 428/428/414 433/433/419 432/432/418
f 428/428/414 434/434/420 433/433/419
f 426/426/412 429/429/415 435/435/421
f 431/431/417 430/430/416 436/436/422
f 431/431/417 437/437/423 429/429/415
f 431/431/417 436/436/422 438/438/424
f 431/431/417 438/438/424 437/437/423
f 427/427/413 432/432/418 439/439/425
f 427/427/413 439/439/425 430/430/416
f 430/430/416 439/439/425 436/436/422
f 432/432/418 433/433/419 439/439/425
f 434/434/420 440/440/426 433/433/419
f 434/434/420 441/441/427 440/440/426
f 435/435/421 429/429/415 442/442/428
f 435/435/421 442/442/428 443/443/429
f 429/429/415 437/437/423 442/442/428
f 438/438/424 436/436/422 444/444/430
f 438/438/424 445/445/431 437/437/423
f 438/438/424 444/444/430 446/446/432
f 438/438/424 446/446/432 445/445/431
f 439/439/425 433/433/419 447/447/433
f 439/439/425 447/447/433 436/436/422
f 436/436/422 447/447/433 444/444/430
f 433/433/419 440/440/426 447/447/433
f 441/441/427 448/448/434 440/440/426
f 441/441/427 449/449/435 448/448/434
f 443/443/429 442/442/428 450/450/436
f 443/443/429 450/450/436 451/451/437
f 437/437/423 445/445/431 452/452/438
f 437/437/423 452/452/438 442/442/428
f 442/442/428 452/452/438 450/450/436
f 446/446/432 444/444/430 453/453/439
f 446/446/432 454/454/440 445/445/431
f 446/446/432 453/453/439 455/455/441
f 446/446/432 455/455/441 454/454/440
f 447/447/433 440/440/426 456/456/442
f 447/447/433 456/456/442 444/444/430
f 444/444/430 456/456/442 453/453/439
f 440/440/426 448/448/434 456/456/442
f 451/451/437 450/450/436 457/457/443
f 451/451/437 457/457/443 458/458/444
f 452/452/438 445/445/431 459/459/445
f 452/452/438 460/460/446 450/450/436
f 452/452/438 459/459/445 460/460/446
f 450/450/436 460/460/446 457/457/443
f 445/445/431 454/454/440 459/459/445
f 455/455/441 453/453/439 461/461/447
f 455/455/441 462/462/448 454/454/440
f 455/455/441 461/461/447 463/463/449
f 455/455/441 463/463/449 462/462/448
f 448/448/434 464/464/450 456/456/442
f 464/464/450 461/461/447 453/453/439
f 464/464/450 453/453/439 456/456/442
f 458/458/444 457/457/443 465/465/451
f 458/458/444 465/465/451 466/466/452
f 457/457/443 460/460/446 465/465/451
f 459/459/445 454/454/440 467/467/453
f 459/459/445 468/468/454 460/460/446
f 459/459/445 467/467/453 469/469/455
f 459/459/445 470/470/456 468/468/454
f 459/459/445 469/469/455 470/470/456
f 460/460/446 468/468/454 465/465/451
f 454/454/440 462/462/448 467/467/453
f 463/463/449 471/471/457 462/462/448
f 466/466/452 465/465/451 472/472/458
f 466/466/452 472/472/458 473/473/459
f 465/465/451 468/468/454 472/472/458
f 469/469/455 474/474/460 470/470/456
f 469/469/455 467/467/453 475/475/461
f 469/469/455 476/476/462 474/474/460
f 469/469/455 475/475/461 476/476/462
f 471/471/457 477/477/463 462/462/448
f 471/471/457 478/478/464 477/477/463
f 477/477/463 475/475/461 467/467/453
f 477/477/463 467/467/453 462/462/448
f 477/477/463 478/478/464 475/475/461
f 473/473/459 472/472/458 479/479/465
f 473/473/459 479/479/465 480/480/466
f 468/468/454 470/470/456 481/481/467
f 468/468/454 481/481/467 472/472/458
f 474/474/460 476/476/462 482/482/468
f 474/474/460 483/483/469 470/470/456
f 474/474/460 482/482/468 484/484/470
f 474/474/460 484/484/470 483/483/469
f 470/470/456 483/483/469 481/481/467
f 478/478/464 485/485/471 475/475/461
f 479/479/465 472/472/458 486/486/472
f 479/479/465 486/486/472 487/487/473
f 472/472/458 481/481/467 486/486/472
f 476/476/462 488/488/474 482/482/468
f 476/476/462 475/475/461 489/489/475
f 476/476/462 490/490/476 488/488/474
f 476/476/462 489/489/475 490/490/476
f 475/475/461 485/485/471 489/489/475
f 484/484/470 491/491/477 483/483/469
f 484/484/470 482/482/468 492/492/478
f 484/484/470 492/492/478 491/491/477
f 487/487/473 486/486/472 493/493/479
f 487/487/473 493/493/479 494/494/480
f 481/481/467 483/483/469 495/495/481
f 481/481/467 495/495/481 486/486/472
f 495/495/481 491/491/477 492/492/478
f 495/495/481 483/483/469 491/491/477
f 495/495/481 492/492/478 486/486/472
f 488/488/474 496/496/482 482/482/468
f 488/488/474 497/497/483 496/496/482
f 490/490/476 489/489/475 498/498/484
f 493/493/479 499/499/485 494/494/480
f 493/493/479 486/486/472 500/500/486
f 493/493/479 501/501/487 499/499/485
f 493/493/479 500/500/486 502/502/488
f 493/493/479 503/503/489 501/501/487
f 493/493/479 502/502/488 503/503/489
f 500/500/486 486/486/472 492/492/478
f 500/500/486 492/492/478 482/482/468
f 500/500/486 496/496/482 502/502/488
f 500/500/486 482/482/468 496/496/482
f 497/497/483 504/504/490 496/496/482
f 501/501/487 503/503/489 505/505/491
f 502/502/488 496/496/482 506/506/492
f 504/504/490 507/507/493 496/496/482
f 496/496/482 507/507/493 506/506/492
f 507/507/493 508/508/494 506/506/492
f 509/509/495 510/510/496 511/511/497
f 510/510/496 512/512/498 511/511/497
f 510/510/496 513/513/499 512/512/498
f 511/511/497 512/512/498 514/514/500
f 513/513/499 515/515/501 512/512/498
f 513/513/499 516/516/502 515/515/501
f 514/514/500 512/512/498 517/517/503
f 514/514/500 517/517/503 518/518/504
f 512/512/498 515/515/501 517/517/503
f 516/516/502 519/519/505 515/515/501
f 516/516/502 520/520/506 519/519/505
f 516/516/502 521/521/507 520/520/506
f 518/518/504 517/517/503 522/522/508
f 518/518/504 522/522/508 523/523/509
f 518/518/504 523/523/509 524/524/510
f 515/515/501 519/519/505 525/525/511
f 515/515/501 525/525/511 517/517/503
f 517/517/503 525/525/511 522/522/508
f 521/521/507 526/526/512 520/520/506
f 521/521/507 527/527/513 526/526/512
f 523/523/509 528/528/514 524/524/510
f 523/523/509 522/522/508 529/529/515
f 523/523/509 530/530/516 528/528/514
f 523/523/509 529/529/515 530/530/516
f 519/519/505 531/531/517 525/525/511
f 519/519/505 520/520/506 531/531/517
f 527/527/513 532/532/518 526/526/512
f 524/524/510 528/528/514 533/533/519
f 522/522/508 534/534/520 529/529/515
f 522/522/508 525/525/511 534/534/520
f 525/525/511 531/531/517 534/534/520
f 530/530/516 535/535/521 528/528/514
f 530/530/516 529/529/515 536/536/522
f 530/530/516 537/537/523 535/535/521
f 530/530/516 536/536/522 537/537/523
f 520/520/506 526/526/512 538/538/524
f 520/520/506 538/538/524 531/531/517
f 532/532/518 539/539/525 526/526/512
f 532/532/518 540/540/526 539/539/525
f 532/532/518 541/541/527 540/540/526
f 526/526/512 539/539/525 538/538/524
f 533/533/519 528/528/514 542/542/528
f 533/533/519 542/542/528 543/543/529
f 542/542/528 528/528/514 535/535/521
f 534/534/520 544/544/530 529/529/515
f 534/534/520 531/531/517 545/545/531
f 534/534/520 545/545/531 544/544/530
f 531/531/517 538/538/524 545/545/531
f 529/529/515 544/544/530 536/536/522
f 537/537/523 536/536/522 546/546/532
f 537/537/523 546/546/532 547/547/533
f 536/536/522 544/544/530 546/546/532
f 541/541/527 548/548/534 540/540/526
f 539/539/525 549/549/535 538/538/524
f 539/539/525 540/540/526 549/549/535
f 538/538/524 549/549/535 545/545/531
f 547/547/533 546/546/532 550/550/536
f 547/547/533 550/550/536 551/551/537
f 551/551/537 550/550/536 548/548/534
f 544/544/530 545/545/531 552/552/538
f 544/544/530 552/552/538 546/546/532
f 546/546/532 552/552/538 550/550/536
f 545/545/531 549/549/535 552/552/538
f 540/540/526 548/548/534 553/553/539
f 540/540/526 553/553/539 549/549/535
f 553/553/539 548/548/534 550/550/536
f 553/553/539 550/550/536 552/552/538
f 553/553/539 552/552/538 549/549/535
f 554/554/2 555/555/4 556/556/540
f 555/555/4 557/557/541 556/556/540
f 555/555/4 558/558/10 557/557/541
f 556/556/540 557/557/541 559/559/542
f 558/558/10 560/560/543 557/557/541
f 558/558/10 561/561/544 560/560/543
f 558/558/10 562/562/545 561/561/544
f 558/558/10 563/563/6 562/562/545
f 559/559/542 557/557/541 564/564/546
f 557/557/541 560/560/543 564/564/546
f 561/561/544 562/562/545 565/565/547
f 561/561/544 566/566/548 560/560/543
f 561/561/544 565/565/547 567/567/549
f 561/561/544 567/567/549 566/566/548
f 563/563/6 568/568/16 562/562/545
f 564/564/546 560/560/543 569/569/550
f 560/560/543 566/566/548 569/569/550
f 565/565/547 570/570/496 567/567/549
f 565/565/547 562/562/545 571/571/551
f 565/565/547 572/572/499 570/570/496
f 565/565/547 571/571/551 572/572/499
f 568/568/16 573/573/552 562/562/545
f 568/568/16 574/574/21 573/573/552
f 562/562/545 573/573/552 571/571/551
f 566/566/548 575/575/553 569/569/550
f 566/566/548 567/567/549 576/576/554
f 566/566/548 576/576/554 575/575/553
f 570/570/496 577/577/495 567/567/549
f 567/567/549 577/577/495 576/576/554
f 572/572/499 571/571/551 578/578/502
f 574/574/21 579/579/555 573/573/552
f 574/574/21 580/580/556 579/579/555
f 574/574/21 581/581/557 580/580/556
f 574/574/21 582/582/17 581/581/557
f 571/571/551 583/583/558 578/578/502
f 571/571/551 573/573/552 583/583/558
f 573/573/552 579/579/555 583/583/558
f 580/580/556 581/581/557 584/584/559
f 580/580/556 585/585/560 579/579/555
f 580/580/556 584/584/559 586/586/561
f 580/580/556 586/586/561 585/585/560
f 582/582/17 587/587/11 581/581/557
f 578/578/502 583/583/558 588/588/507
f 579/579/555 585/585/560 589/589/562
f 579/579/555 589/589/562 583/583/558
f 583/583/558 589/589/562 588/588/507
f 584/584/559 590/590/563 586/586/561
f 584/584/559 581/581/557 591/591/564
f 584/584/559 592/592/565 590/590/563
f 584/584/559 591/591/564 593/593/566
f 584/584/559 594/594/567 592/592/565
f 584/584/559 593/593/566 594/594/567
f 581/581/557 587/587/11 591/591/564
f 585/585/560 595/595/568 589/589/562
f 585/585/560 586/586/561 596/596/569
f 585/585/560 597/597/570 595/595/568
f 585/585/560 596/596/569 597/597/570
f 588/588/507 589/589/562 598/598/513
f 589/589/562 595/595/568 598/598/513
f 590/590/563 592/592/565 599/599/45
f 590/590/563 600/600/571 586/586/561
f 590/590/563 599/599/45 601/601/572
f 590/590/563 601/601/572 600/600/571
f 596/596/569 600/600/571 597/597/570
f 596/596/569 586/586/561 600/600/571
f 593/593/566 602/602/573 594/594/567
f 593/593/566 591/591/564 603/603/574
f 593/593/566 604/604/575 602/602/573
f 593/593/566 603/603/574 604/604/575
f 587/587/11 605/605/13 591/591/564
f 591/591/564 605/605/13 603/603/574
f 595/595/568 606/606/518 598/598/513
f 595/595/568 597/597/570 607/607/527
f 595/595/568 607/607/527 606/606/518
f 592/592/565 608/608/41 599/599/45
f 592/592/565 594/594/567 609/609/39
f 592/592/565 609/609/39 608/608/41
f 601/601/572 610/610/576 600/600/571
f 601/601/572 599/599/45 611/611/577
f 601/601/572 612/612/578 610/610/576
f 601/601/572 611/611/577 612/612/578
f 602/602/573 604/604/575 613/613/579
f 602/602/573 614/614/44 594/594/567
f 602/602/573 613/613/579 615/615/47
f 602/602/573 615/615/47 614/614/44
f 614/614/44 609/609/39 594/594/567
f 605/605/13 616/616/18 603/603/574
f 597/597/570 617/617/580 607/607/527
f 597/597/570 600/600/571 617/617/580
f 600/600/571 610/610/576 617/617/580
f 599/599/45 618/618/40 611/611/577
f 612/612/578 619/619/533 610/610/576
f 612/612/578 611/611/577 620/620/581
f 612/612/578 621/621/523 619/619/533
f 612/612/578 620/620/581 621/621/523
f 604/604/575 622/622/582 613/613/579
f 604/604/575 603/603/574 623/623/583
f 604/604/575 623/623/583 622/622/582
f 603/603/574 616/616/18 623/623/583
f 615/615/47 613/613/579 624/624/584
f 615/615/47 624/624/584 625/625/51
f 607/607/527 617/617/580 626/626/534
f 618/618/40 627/627/585 611/611/577
f 618/618/40 628/628/33 627/627/585
f 611/611/577 627/627/585 620/620/581
f 610/610/576 619/619/533 629/629/537
f 610/610/576 629/629/537 617/617/580
f 617/617/580 629/629/537 626/626/534
f 621/621/523 620/620/581 630/630/521
f 622/622/582 623/623/583 631/631/586
f 622/622/582 631/631/586 613/613/579
f 613/613/579 631/631/586 624/624/584
f 616/616/18 632/632/587 623/623/583
f 616/616/18 633/633/25 632/632/587
f 623/623/583 632/632/587 631/631/586
f 625/625/51 624/624/584 634/634/588
f 625/625/51 634/634/588 635/635/55
f 628/628/33 636/636/37 627/627/585
f 620/620/581 637/637/589 630/630/521
f 620/620/581 627/627/585 637/637/589
f 633/633/25 638/638/590 632/632/587
f 633/633/25 639/639/28 638/638/590
f 631/631/586 640/640/591 624/624/584
f 631/631/586 632/632/587 640/640/591
f 632/632/587 638/638/590 640/640/591
f 624/624/584 640/640/591 634/634/588
f 635/635/55 634/634/588 641/641/592
f 635/635/55 641/641/592 642/642/56
f 636/636/37 643/643/593 627/627/585
f 636/636/37 644/644/594 643/643/593
f 636/636/37 645/645/595 644/644/594
f 636/636/37 646/646/31 645/645/595
f 627/627/585 643/643/593 637/637/589
f 630/630/521 637/637/589 647/647/528
f 639/639/28 648/648/596 638/638/590
f 639/639/28 649/649/27 648/648/596
f 640/640/591 650/650/597 634/634/588
f 640/640/591 638/638/590 650/650/597
f 638/638/590 648/648/596 650/650/597
f 634/634/588 650/650/597 641/641/592
f 642/642/56 641/641/592 651/651/598
f 642/642/56 651/651/598 652/652/599
f 642/642/56 652/652/599 653/653/54
f 644/644/594 645/645/595 654/654/600
f 644/644/594 655/655/601 643/643/593
f 644/644/594 654/654/600 656/656/602
f 644/644/594 656/656/602 655/655/601
f 646/646/31 657/657/603 645/645/595
f 646/646/31 658/658/30 657/657/603
f 637/637/589 659/659/604 647/647/528
f 637/637/589 643/643/593 659/659/604
f 643/643/593 655/655/601 659/659/604
f 649/649/27 660/660/605 648/648/596
f 649/649/27 661/661/606 660/660/605
f 649/649/27 662/662/24 661/661/606
f 650/650/597 663/663/607 641/641/592
f 650/650/597 648/648/596 663/663/607
f 648/648/596 660/660/605 663/663/607
f 641/641/592 663/663/607 651/651/598
f 652/652/599 664/664/608 653/653/54
f 652/652/599 651/651/598 665/665/609
f 652/652/599 666/666/610 664/664/608
f 652/652/599 665/665/609 666/666/610
f 654/654/600 645/645/595 667/667/611
f 667/667/611 645/645/595 657/657/603
f 656/656/602 668/668/612 655/655/601
f 647/647/528 659/659/604 669/669/529
f 662/662/24 670/670/613 661/661/606
f 662/662/24 671/671/20 670/670/613
f 660/660/605 672/672/614 663/663/607
f 660/660/605 661/661/606 673/673/615
f 660/660/605 674/674/616 672/672/614
f 660/660/605 673/673/615 674/674/616
f 653/653/54 664/664/608 675/675/50
f 651/651/598 676/676/617 665/665/609
f 651/651/598 663/663/607 677/677/618
f 651/651/598 677/677/618 676/676/617
f 666/666/610 678/678/619 664/664/608
f 668/668/612 679/679/620 655/655/601
f 679/679/620 659/659/604 655/655/601
f 679/679/620 669/669/529 659/659/604
f 671/671/20 680/680/621 670/670/613
f 671/671/20 681/681/15 680/680/621
f 661/661/606 682/682/622 673/673/615
f 661/661/606 670/670/613 682/682/622
f 672/672/614 683/683/623 663/663/607
f 663/663/607 683/683/623 677/677/618
f 675/675/50 664/664/608 684/684/624
f 675/675/50 684/684/624 685/685/46
f 664/664/608 678/678/619 684/684/624
f 681/681/15 686/686/625 680/680/621
f 681/681/15 687/687/626 686/686/625
f 681/681/15 688/688/9 687/687/626
f 670/670/613 689/689/627 682/682/622
f 670/670/613 680/680/621 689/689/627
f 685/685/46 684/684/624 690/690/628
f 685/685/46 690/690/628 691/691/629
f 685/685/46 691/691/629 692/692/38
f 678/678/619 693/693/630 684/684/624
f 684/684/624 693/693/630 690/690/628
f 686/686/625 687/687/626 694/694/631
f 686/686/625 695/695/632 680/680/621
f 686/686/625 694/694/631 695/695/632
f 695/695/632 689/689/627 680/680/621
f 688/688/9 696/696/633 687/687/626
f 688/688/9 697/697/3 696/696/633
f 691/691/629 698/698/634 692/692/38
f 691/691/629 690/690/628 699/699/635
f 691/691/629 700/700/636 698/698/634
f 691/691/629 699/699/635 701/701/637
f 691/691/629 701/701/637 700/700/636
f 699/699/635 690/690/628 693/693/630
f 694/694/631 687/687/626 702/702/638
f 697/697/3 703/703/639 696/696/633
f 697/697/3 704/704/2 703/703/639
f 692/692/38 698/698/634 705/705/32
f 700/700/636 706/706/640 698/698/634
f 700/700/636 707/707/641 706/706/640
f 687/687/626 708/708/642 702/702/638
f 687/687/626 696/696/633 708/708/642
f 704/704/2 709/709/643 703/703/639
f 704/704/2 710/710/644 709/709/643
f 704/704/2 711/711/540 710/710/644
f 705/705/32 698/698/634 712/712/645
f 705/705/32 712/712/645 713/713/30
f 698/698/634 706/706/640 712/712/645
f 707/707/641 714/714/646 706/706/640
f 696/696/633 715/715/647 708/708/642
f 696/696/633 703/703/639 715/715/647
f 709/709/643 710/710/644 716/716/648
f 709/709/643 717/717/649 703/703/639
f 709/709/643 716/716/648 717/717/649
f 711/711/540 718/718/650 710/710/644
f 711/711/540 719/719/542 718/718/650
f 713/713/30 712/712/645 720/720/651
f 713/713/30 720/720/651 721/721/652
f 713/713/30 721/721/652 722/722/603
f 714/714/646 723/723/653 706/706/640
f 714/714/646 724/724/654 723/723/653
f 706/706/640 723/723/653 712/712/645
f 708/708/642 715/715/647 725/725/655
f 703/703/639 717/717/649 726/726/656
f 703/703/639 726/726/656 715/715/647
f 716/716/648 710/710/644 727/727/657
f 716/716/648 728/728/658 717/717/649
f 716/716/648 727/727/657 729/729/659
f 716/716/648 729/729/659 728/728/658
f 710/710/644 718/718/650 727/727/657
f 719/719/542 730/730/546 718/718/650
f 720/720/651 731/731/660 721/721/652
f 720/720/651 712/712/645 732/732/661
f 720/720/651 732/732/661 731/731/660
f 712/712/645 723/723/653 732/732/661
f 722/722/603 721/721/652 733/733/662
f 722/722/603 733/733/662 734/734/611
f 724/724/654 735/735/663 723/723/653
f 723/723/653 735/735/663 732/732/661
f 725/725/655 715/715/647 736/736/664
f 715/715/647 726/726/656 736/736/664
f 717/717/649 728/728/658 737/737/665
f 717/717/649 737/737/665 726/726/656
f 729/729/659 727/727/657 738/738/666
f 729/729/659 739/739/667 728/728/658
f 729/729/659 738/738/666 740/740/668
f 729/729/659 740/740/668 739/739/667
f 730/730/546 741/741/669 718/718/650
f 718/718/650 741/741/669 727/727/657
f 731/731/660 742/742/670 721/721/652
f 731/731/660 732/732/661 743/743/671
f 731/731/660 744/744/672 742/742/670
f 731/731/660 743/743/671 744/744/672
f 732/732/661 735/735/663 743/743/671
f 721/721/652 742/742/670 733/733/662
f 734/734/611 733/733/662 745/745/600
f 736/736/664 726/726/656 746/746/673
f 746/746/673 726/726/656 737/737/665
f 738/738/666 747/747/674 740/740/668
f 738/738/666 727/727/657 748/748/675
f 738/738/666 749/749/676 747/747/674
f 738/738/666 748/748/675 749/749/676
f 748/748/675 727/727/657 741/741/669
f 739/739/667 740/740/668 750/750/677
f 744/744/672 743/743/671 751/751/678
f 744/744/672 752/752/679 742/742/670
f 744/744/672 751/751/678 753/753/680
f 744/744/672 753/753/680 752/752/679
f 733/733/662 754/754/681 745/745/600
f 733/733/662 742/742/670 754/754/681
f 747/747/674 749/749/676 755/755/682
f 747/747/674 756/756/683 740/740/668
f 747/747/674 755/755/682 757/757/684
f 747/747/674 757/757/684 756/756/683
f 740/740/668 756/756/683 750/750/677
f 751/751/678 758/758/685 753/753/680
f 752/752/679 759/759/686 742/742/670
f 752/752/679 753/753/680 760/760/687
f 752/752/679 761/761/688 759/759/686
f 752/752/679 760/760/687 761/761/688
f 759/759/686 754/754/681 742/742/670
f 755/755/682 762/762/689 757/757/684
f 756/756/683 763/763/690 750/750/677
f 756/756/683 757/757/684 764/764/691
f 756/756/683 764/764/691 763/763/690
f 758/758/685 765/765/692 753/753/680
f 758/758/685 766/766/693 765/765/692
f 753/753/680 765/765/692 760/760/687
f 761/761/688 760/760/687 767/767/694
f 762/762/689 768/768/695 757/757/684
f 762/762/689 769/769/696 768/768/695
f 757/757/684 768/768/695 764/764/691
f 763/763/690 764/764/691 770/770/697
f 766/766/693 771/771/698 765/765/692
f 766/766/693 772/772/697 771/771/698
f 760/760/687 773/773/699 767/767/694
f 760/760/687 765/765/692 773/773/699
f 765/765/692 771/771/698 773/773/699
f 769/769/696 774/774/700 768/768/695
f 764/764/691 775/775/701 770/770/697
f 764/764/691 768/768/695 775/775/701
f 775/775/701 768/768/695 774/774/700
f 772/772/697 776/776/701 771/771/698
f 767/767/694 773/773/699 777/777/702
f 776/776/701 778/778/703 771/771/698
f 776/776/701 779/779/700 778/778/703
f 773/773/699 778/778/703 777/777/702
f 773/773/699 771/771/698 778/778/703
f 779/779/700 780/780/696 778/778/703
f 778/778/703 780/780/696 777/777/702
f 781/781/704 782/782/705 783/783/706
f 782/782/705 784/784/707 783/783/706
f 782/782/705 785/785/708 784/784/707
f 783/783/706 784/784/707 786/786/709
f 785/785/708 787/787/710 784/784/707
f 785/785/708 788/788/711 787/787/710
f 786/786/709 784/784/707 789/789/712
f 786/786/709 789/789/712 790/790/713
f 786/786/709 790/790/713 791/791/714
f 784/784/707 787/787/710 789/789/712
f 788/788/711 792/792/715 787/787/710
f 788/788/711 793/793/716 792/792/715
f 790/790/713 794/794/717 791/791/714
f 790/790/713 789/789/712 795/795/718
f 790/790/713 796/796/719 794/794/717
f 790/790/713 795/795/718 797/797/720
f 790/790/713 797/797/720 796/796/719
f 787/787/710 792/792/715 795/795/718
f 787/787/710 795/795/718 789/789/712
f 793/793/716 798/798/721 792/792/715
f 793/793/716 799/799/669 798/798/721
f 791/791/714 794/794/717 800/800/722
f 797/797/720 801/801/723 796/796/719
f 797/797/720 795/795/718 802/802/724
f 797/797/720 803/803/725 801/801/723
f 797/797/720 802/802/724 803/803/725
f 792/792/715 798/798/721 802/802/724
f 792/792/715 802/802/724 795/795/718
f 799/799/669 804/804/546 798/798/721
f 794/794/717 805/805/726 800/800/722
f 794/794/717 796/796/719 806/806/727
f 794/794/717 806/806/727 805/805/726
f 801/801/723 803/803/725 807/807/728
f 801/801/723 808/808/729 796/796/719
f 801/801/723 807/807/728 809/809/730
f 801/801/723 809/809/730 808/808/729
f 796/796/719 808/808/729 806/806/727
f 802/802/724 798/798/721 810/810/731
f 802/802/724 810/810/731 803/803/725
f 804/804/546 811/811/732 798/798/721
f 804/804/546 812/812/550 811/811/732
f 798/798/721 811/811/732 810/810/731
f 800/800/722 805/805/726 813/813/733
f 807/807/728 814/814/734 809/809/730
f 807/807/728 803/803/725 815/815/735
f 807/807/728 816/816/736 814/814/734
f 807/807/728 815/815/735 816/816/736
f 816/816/736 811/811/732 812/812/550
f 816/816/736 810/810/731 811/811/732
f 816/816/736 812/812/550 814/814/734
f 816/816/736 815/815/735 810/810/731
f 810/810/731 815/815/735 803/803/725
f 808/808/729 817/817/737 806/806/727
f 808/808/729 809/809/730 818/818/738
f 808/808/729 818/818/738 817/817/737
f 809/809/730 814/814/734 818/818/738
f 805/805/726 819/819/739 813/813/733
f 805/805/726 806/806/727 820/820/740
f 805/805/726 820/820/740 819/819/739
f 806/806/727 817/817/737 820/820/740
f 812/812/550 821/821/553 814/814/734
f 814/814/734 821/821/553 818/818/738
f 813/813/733 819/819/739 822/822/741
f 817/817/737 823/823/495 820/820/740
f 817/817/737 818/818/738 824/824/554
f 817/817/737 824/824/554 823/823/495
f 824/824/554 818/818/738 821/821/553
f 819/819/739 825/825/500 822/822/741
f 819/819/739 820/820/740 826/826/497
f 819/819/739 826/826/497 825/825/500
f 826/826/497 820/820/740 823/823/495
f 822/822/741 825/825/500 827/827/504
f 828/828/704 829/829/706 830/830/742
f 829/829/706 831/831/743 830/830/742
f 829/829/706 832/832/709 831/831/743
f 830/830/742 831/831/743 833/833/744
f 832/832/709 834/834/745 831/831/743
f 832/832/709 835/835/746 834/834/745
f 832/832/709 836/836/714 835/835/746
f 833/833/744 831/831/743 837/837/747
f 833/833/744 837/837/747 838/838/748
f 831/831/743 834/834/745 837/837/747
f 836/836/714 839/839/749 835/835/746
f 836/836/714 840/840/722 839/839/749
f 838/838/748 837/837/747 841/841/750
f 838/838/748 841/841/750 842/842/751
f 834/834/745 835/835/746 843/843/752
f 834/834/745 843/843/752 837/837/747
f 837/837/747 843/843/752 841/841/750
f 840/840/722 844/844/753 839/839/749
f 840/840/722 845/845/733 844/844/753
f 842/842/751 841/841/750 846/846/754
f 842/842/751 846/846/754 847/847/681
f 835/835/746 848/848/755 843/843/752
f 835/835/746 839/839/749 849/849/756
f 835/835/746 849/849/756 848/848/755
f 845/845/733 850/850/757 844/844/753
f 845/845/733 851/851/741 850/850/757
f 841/841/750 852/852/758 846/846/754
f 841/841/750 843/843/752 852/852/758
f 843/843/752 848/848/755 852/852/758
f 847/847/681 846/846/754 853/853/600
f 839/839/749 854/854/759 849/849/756
f 839/839/749 844/844/753 854/854/759
f 851/851/741 855/855/510 850/850/757
f 851/851/741 856/856/504 855/855/510
f 848/848/755 857/857/760 852/852/758
f 848/848/755 849/849/756 858/858/761
f 848/848/755 858/858/761 857/857/760
f 846/846/754 859/859/762 853/853/600
f 846/846/754 852/852/758 860/860/763
f 846/846/754 860/860/763 859/859/762
f 852/852/758 857/857/760 860/860/763
f 844/844/753 861/861/764 854/854/759
f 844/844/753 850/850/757 861/861/764
f 855/855/510 862/862/519 850/850/757
f 850/850/757 862/862/519 861/861/764
f 849/849/756 863/863/765 858/858/761
f 849/849/756 854/854/759 863/863/765
f 853/853/600 859/859/762 864/864/602
f 857/857/760 865/865/766 860/860/763
f 857/857/760 858/858/761 866/866/767
f 857/857/760 866/866/767 865/865/766
f 862/862/519 867/867/529 861/861/764
f 854/854/759 868/868/768 863/863/765
f 854/854/759 861/861/764 868/868/768
f 861/861/764 867/867/529 868/868/768
f 859/859/762 869/869/769 864/864/602
f 859/859/762 860/860/763 869/869/769
f 865/865/766 866/866/767 869/869/769
f 865/865/766 869/869/769 860/860/763
f 858/858/761 863/863/765 870/870/770
f 858/858/761 870/870/770 866/866/767
f 867/867/529 871/871/620 868/868/768
f 864/864/602 869/869/769 872/872/771
f 864/864/602 872/872/771 873/873/612
f 866/866/767 870/870/770 872/872/771
f 866/866/767 872/872/771 869/869/769
f 863/863/765 868/868/768 874/874/772
f 863/863/765 874/874/772 870/870/770
f 874/874/772 871/871/620 873/873/612
f 874/874/772 873/873/612 872/872/771
f 874/874/772 868/868/768 871/871/620
f 874/874/772 872/872/771 870/870/770
f 875/875/435 876/876/773 877/877/434
f 875/875/435 878/878/774 876/876/773
f 877/877/434 876/876/773 879/879/775
f 877/877/434 879/879/775 880/880/450
f 878/878/774 881/881/776 876/876/773
f 878/878/774 882/882/777 881/881/776
f 879/879/775 883/883/778 880/880/450
f 879/879/775 876/876/773 884/884/779
f 879/879/775 885/885/780 883/883/778
f 879/879/775 884/884/779 885/885/780
f 876/876/773 881/881/776 884/884/779
f 882/882/777 886/886/781 881/881/776
f 882/882/777 887/887/782 886/886/781
f 880/880/450 883/883/778 888/888/447
f 885/885/780 884/884/779 889/889/783
f 885/885/780 890/890/784 883/883/778
f 885/885/780 889/889/783 891/891/785
f 885/885/780 891/891/785 890/890/784
f 881/881/776 886/886/781 892/892/786
f 881/881/776 892/892/786 884/884/779
f 884/884/779 892/892/786 889/889/783
f 887/887/782 893/893/787 886/886/781
f 888/888/447 883/883/778 894/894/449
f 891/891/785 895/895/788 890/890/784
f 891/891/785 889/889/783 896/896/789
f 891/891/785 897/897/790 895/895/788
f 891/891/785 896/896/789 897/897/790
f 892/892/786 886/886/781 898/898/791
f 892/892/786 899/899/792 889/889/783
f 892/892/786 898/898/791 899/899/792
f 889/889/783 899/899/792 896/896/789
f 886/886/781 893/893/787 898/898/791
f 883/883/778 900/900/793 894/894/449
f 883/883/778 890/890/784 900/900/793
f 895/895/788 897/897/790 901/901/794
f 895/895/788 902/902/795 890/890/784
f 895/895/788 901/901/794 903/903/796
f 895/895/788 903/903/796 902/902/795
f 899/899/792 904/904/797 896/896/789
f 899/899/792 898/898/791 905/905/798
f 899/899/792 905/905/798 904/904/797
f 893/893/787 906/906/799 898/898/791
f 898/898/791 906/906/799 905/905/798
f 894/894/449 900/900/793 907/907/457
f 897/897/790 908/908/800 901/901/794
f 897/897/790 896/896/789 909/909/801
f 897/897/790 910/910/802 908/908/800
f 897/897/790 909/909/801 910/910/802
f 896/896/789 904/904/797 909/909/801
f 890/890/784 902/902/795 911/911/803
f 890/890/784 911/911/803 900/900/793
f 900/900/793 911/911/803 907/907/457
f 903/903/796 901/901/794 912/912/804
f 903/903/796 913/913/805 902/902/795
f 903/903/796 912/912/804 914/914/806
f 903/903/796 915/915/807 913/913/805
f 903/903/796 914/914/806 916/916/808
f 903/903/796 916/916/808 915/915/807
f 906/906/799 917/917/406 905/905/798
f 908/908/800 910/910/802 918/918/429
f 908/908/800 919/919/809 901/901/794
f 908/908/800 918/918/429 920/920/437
f 908/908/800 921/921/444 919/919/809
f 908/908/800 920/920/437 921/921/444
f 912/912/804 919/919/809 914/914/806
f 912/912/804 901/901/794 919/919/809
f 910/910/802 909/909/801 918/918/429
f 904/904/797 905/905/798 922/922/408
f 904/904/797 923/923/412 909/909/801
f 904/904/797 922/922/408 923/923/412
f 922/922/408 905/905/798 917/917/406
f 911/911/803 924/924/464 907/907/457
f 911/911/803 902/902/795 925/925/810
f 911/911/803 925/925/810 924/924/464
f 902/902/795 913/913/805 925/925/810
f 916/916/808 926/926/811 915/915/807
f 916/916/808 914/914/806 927/927/812
f 916/916/808 928/928/813 926/926/811
f 916/916/808 927/927/812 928/928/813
f 921/921/444 929/929/452 919/919/809
f 918/918/429 909/909/801 930/930/421
f 930/930/421 909/909/801 923/923/412
f 924/924/464 925/925/810 931/931/471
f 913/913/805 915/915/807 932/932/814
f 913/913/805 932/932/814 925/925/810
f 925/925/810 932/932/814 931/931/471
f 915/915/807 926/926/811 932/932/814
f 914/914/806 933/933/815 927/927/812
f 914/914/806 919/919/809 933/933/815
f 919/919/809 929/929/452 933/933/815
f 928/928/813 934/934/816 926/926/811
f 928/928/813 927/927/812 935/935/817
f 928/928/813 936/936/818 934/934/816
f 928/928/813 935/935/817 936/936/818
f 931/931/471 932/932/814 937/937/475
f 929/929/452 938/938/459 933/933/815
f 926/926/811 934/934/816 939/939/819
f 926/926/811 940/940/820 932/932/814
f 926/926/811 939/939/819 940/940/820
f 932/932/814 940/940/820 937/937/475
f 927/927/812 941/941/821 935/935/817
f 927/927/812 933/933/815 942/942/822
f 927/927/812 942/942/822 941/941/821
f 933/933/815 938/938/459 942/942/822
f 936/936/818 943/943/823 934/934/816
f 936/936/818 935/935/817 943/943/823
f 939/939/819 944/944/824 940/940/820
f 939/939/819 934/934/816 945/945/825
f 939/939/819 946/946/490 944/944/824
f 939/939/819 945/945/825 947/947/493
f 939/939/819 947/947/493 946/946/490
f 937/937/475 940/940/820 948/948/484
f 948/948/484 940/940/820 944/944/824
f 941/941/821 942/942/822 949/949/826
f 941/941/821 950/950/827 935/935/817
f 941/941/821 949/949/826 951/951/485
f 941/941/821 952/952/487 950/950/827
f 941/941/821 951/951/485 952/952/487
f 938/938/459 953/953/466 942/942/822
f 942/942/822 953/953/466 949/949/826
f 943/943/823 954/954/828 934/934/816
f 943/943/823 935/935/817 955/955/829
f 943/943/823 956/956/830 954/954/828
f 943/943/823 955/955/829 956/956/830
f 935/935/817 950/950/827 955/955/829
f 934/934/816 954/954/828 945/945/825
f 947/947/493 945/945/825 957/957/494
f 957/957/494 954/954/828 956/956/830
f 957/957/494 945/945/825 954/954/828
f 952/952/487 958/958/491 950/950/827
f 958/958/491 955/955/829 950/950/827
f 958/958/491 956/956/830 955/955/829
f 959/959/394 960/960/831 961/961/832
f 959/959/394 962/962/388 960/960/831
f 961/961/832 960/960/831 963/963/833
f 961/961/832 963/963/833 964/964/834
f 962/962/388 965/965/835 960/960/831
f 962/962/388 966/966/383 965/965/835
f 963/963/833 967/967/836 964/964/834
f 963/963/833 960/960/831 968/968/837
f 963/963/833 969/969/838 967/967/836
f 963/963/833 968/968/837 969/969/838
f 960/960/831 965/965/835 968/968/837
f 966/966/383 970/970/839 965/965/835
f 966/966/383 971/971/382 970/970/839
f 964/964/834 967/967/836 972/972/840
f 969/969/838 968/968/837 973/973/841
f 969/969/838 974/974/842 967/967/836
f 969/969/838 973/973/841 975/975/843
f 969/969/838 975/975/843 974/974/842
f 965/965/835 970/970/839 976/976/844
f 965/965/835 976/976/844 968/968/837
f 968/968/837 976/976/844 973/973/841
f 971/971/382 977/977/380 970/970/839
f 972/972/840 967/967/836 978/978/845
f 967/967/836 974/974/842 978/978/845
f 975/975/843 973/973/841 979/979/846
f 975/975/843 980/980/847 974/974/842
f 975/975/843 979/979/846 981/981/848
f 975/975/843 981/981/848 980/980/847
f 976/976/844 970/970/839 982/982/849
f 976/976/844 983/983/850 973/973/841
f 976/976/844 982/982/849 983/983/850
f 973/973/841 983/983/850 979/979/846
f 977/977/380 984/984/851 970/970/839
f 977/977/380 985/985/379 984/984/851
f 970/970/839 984/984/851 982/982/849
f 978/978/845 974/974/842 986/986/852
f 974/974/842 980/980/847 986/986/852
f 981/981/848 979/979/846 987/987/853
f 981/981/848 988/988/397 980/980/847
f 981/981/848 987/987/853 989/989/386
f 981/981/848 989/989/386 988/988/397
f 983/983/850 982/982/849 990/990/854
f 983/983/850 991/991/855 979/979/846
f 983/983/850 990/990/854 991/991/855
f 979/979/846 991/991/855 987/987/853
f 985/985/379 992/992/856 984/984/851
f 985/985/379 993/993/387 992/992/856
f 984/984/851 992/992/856 982/982/849
f 986/986/852 980/980/847 994/994/403
f 994/994/403 980/980/847 988/988/397
f 989/989/386 987/987/853 995/995/376
f 990/990/854 996/996/857 991/991/855
f 990/990/854 982/982/849 997/997/858
f 990/990/854 998/998/859 996/996/857
f 990/990/854 997/997/858 998/998/859
f 982/982/849 992/992/856 997/997/858
f 993/993/387 999/999/860 992/992/856
f 993/993/387 1000/1000/377 999/999/860
f 992/992/856 999/999/860 997/997/858
f 987/987/853 1001/1001/374 995/995/376
f 987/987/853 991/991/855 1002/1002/861
f 987/987/853 1002/1002/861 1001/1001/374
f 996/996/857 998/998/859 1003/1003/862
f 996/996/857 1004/1004/863 991/991/855
f 996/996/857 1003/1003/862 1005/1005/864
f 996/996/857 1005/1005/864 1004/1004/863
f 1002/1002/861 1004/1004/863 1001/1001/374
f 1002/1002/861 991/991/855 1004/1004/863
f 1000/1000/377 1006/1006/865 999/999/860
f 1000/1000/377 1007/1007/366 1006/1006/865
f 997/997/858 1008/1008/866 998/998/859
f 997/997/858 999/999/860 1008/1008/866
f 999/999/860 1006/1006/865 1008/1008/866
f 1003/1003/862 1009/1009/867 1005/1005/864
f 1003/1003/862 998/998/859 1009/1009/867
f 1001/1001/374 1004/1004/863 1010/1010/378
f 1007/1007/366 1011/1011/868 1006/1006/865
f 1007/1007/366 1012/1012/367 1011/1011/868
f 1008/1008/866 1013/1013/869 998/998/859
f 1008/1008/866 1006/1006/865 1013/1013/869
f 1005/1005/864 1009/1009/867 1014/1014/870
f 1005/1005/864 1015/1015/357 1004/1004/863
f 1005/1005/864 1014/1014/870 1016/1016/335
f 1005/1005/864 1016/1016/335 1015/1015/357
f 1015/1015/357 1010/1010/378 1004/1004/863
f 1012/1012/367 1017/1017/871 1011/1011/868
f 998/998/859 1013/1013/869 1018/1018/872
f 998/998/859 1018/1018/872 1009/1009/867
f 1006/1006/865 1011/1011/868 1019/1019/873
f 1006/1006/865 1019/1019/873 1013/1013/869
f 1013/1013/869 1019/1019/873 1018/1018/872
f 1014/1014/870 1020/1020/326 1016/1016/335
f 1014/1014/870 1009/1009/867 1021/1021/874
f 1014/1014/870 1022/1022/875 1020/1020/326
f 1014/1014/870 1021/1021/874 1022/1022/875
f 1009/1009/867 1018/1018/872 1021/1021/874
f 1017/1017/871 1023/1023/876 1011/1011/868
f 1017/1017/871 1024/1024/368 1023/1023/876
f 1011/1011/868 1023/1023/876 1019/1019/873
f 1020/1020/326 1022/1022/875 1025/1025/327
f 1018/1018/872 1026/1026/877 1021/1021/874
f 1018/1018/872 1019/1019/873 1026/1026/877
f 1024/1024/368 1027/1027/355 1023/1023/876
f 1022/1022/875 1028/1028/878 1025/1025/327
f 1022/1022/875 1021/1021/874 1029/1029/879
f 1022/1022/875 1029/1029/879 1028/1028/878
f 1019/1019/873 1030/1030/880 1026/1026/877
f 1019/1019/873 1023/1023/876 1030/1030/880
f 1027/1027/355 1031/1031/881 1023/1023/876
f 1027/1027/355 1032/1032/356 1031/1031/881
f 1023/1023/876 1031/1031/881 1030/1030/880
f 1021/1021/874 1033/1033/882 1029/1029/879
f 1021/1021/874 1026/1026/877 1033/1033/882
f 1028/1028/878 1029/1029/879 1034/1034/336
f 1032/1032/356 1035/1035/883 1031/1031/881
f 1032/1032/356 1036/1036/884 1035/1035/883
f 1031/1031/881 1035/1035/883 1030/1030/880
f 1026/1026/877 1037/1037/885 1033/1033/882
f 1026/1026/877 1030/1030/880 1037/1037/885
f 1029/1029/879 1038/1038/347 1034/1034/336
f 1029/1029/879 1033/1033/882 1039/1039/886
f 1029/1029/879 1039/1039/886 1038/1038/347
f 1036/1036/884 1040/1040/887 1035/1035/883
f 1036/1036/884 1041/1041/888 1040/1040/887
f 1036/1036/884 1042/1042/358 1041/1041/888
f 1040/1040/887 1030/1030/880 1035/1035/883
f 1040/1040/887 1033/1033/882 1037/1037/885
f 1040/1040/887 1041/1041/888 1033/1033/882
f 1040/1040/887 1037/1037/885 1030/1030/880
f 1039/1039/886 1042/1042/358 1038/1038/347
f 1039/1039/886 1041/1041/888 1042/1042/358
f 1039/1039/886 1033/1033/882 1041/1041/888
f 1043/1043/356 1044/1044/345 1045/1045/889
f 1043/1043/356 1045/1045/889 1046/1046/884
f 1044/1044/345 1047/1047/890 1045/1045/889
f 1044/1044/345 1048/1048/333 1047/1047/890
f 1046/1046/884 1045/1045/889 1049/1049/891
f 1046/1046/884 1049/1049/891 1050/1050/892
f 1046/1046/884 1050/1050/892 1051/1051/358
f 1048/1048/333 1052/1052/893 1047/1047/890
f 1045/1045/889 1053/1053/894 1049/1049/891
f 1045/1045/889 1047/1047/890 1053/1053/894
f 1047/1047/890 1052/1052/893 1053/1053/894
f 1049/1049/891 1053/1053/894 1050/1050/892
f 1051/1051/358 1050/1050/892 1054/1054/344
f 1053/1053/894 1055/1055/895 1050/1050/892
f 1053/1053/894 1056/1056/893 1055/1055/895
f 1050/1050/892 1055/1055/895 1054/1054/344
f 1056/1056/893 1057/1057/333 1055/1055/895
f 1055/1055/895 1057/1057/333 1054/1054/344
f 1058/1058/878 1059/1059/896 1060/1060/327
f 1058/1058/878 1061/1061/336 1059/1059/896
f 1060/1060/327 1059/1059/896 1062/1062/897
f 1060/1060/327 1062/1062/897 1063/1063/318
f 1061/1061/336 1064/1064/898 1059/1059/896
f 1061/1061/336 1065/1065/328 1064/1064/898
f 1062/1062/897 1066/1066/899 1063/1063/318
f 1062/1062/897 1059/1059/896 1067/1067/900
f 1062/1062/897 1067/1067/900 1066/1066/899
f 1059/1059/896 1064/1064/898 1067/1067/900
f 1065/1065/328 1068/1068/901 1064/1064/898
f 1065/1065/328 1069/1069/319 1068/1068/901
f 1064/1064/898 1068/1068/901 1067/1067/900
f 1063/1063/318 1066/1066/899 1070/1070/319
f 1069/1069/319 1071/1071/902 1068/1068/901
f 1068/1068/901 1071/1071/902 1067/1067/900
f 1066/1066/899 1072/1072/902 1070/1070/319
f 1066/1066/899 1067/1067/900 1072/1072/902
f 1073/1073/824 1074/1074/903 1075/1075/484
f 1073/1073/824 1076/1076/490 1074/1074/903
f 1075/1075/484 1074/1074/903 1077/1077/904
f 1075/1075/484 1077/1077/904 1078/1078/476
f 1076/1076/490 1079/1079/905 1074/1074/903
f 1076/1076/490 1080/1080/483 1079/1079/905
f 1077/1077/904 1081/1081/906 1078/1078/476
f 1077/1077/904 1074/1074/903 1082/1082/907
f 1077/1077/904 1082/1082/907 1081/1081/906
f 1074/1074/903 1079/1079/905 1082/1082/907
f 1080/1080/483 1083/1083/908 1079/1079/905
f 1080/1080/483 1084/1084/474 1083/1083/908
f 1079/1079/905 1083/1083/908 1082/1082/907
f 1078/1078/476 1081/1081/906 1085/1085/474
f 1084/1084/474 1086/1086/909 1083/1083/908
f 1083/1083/908 1086/1086/909 1082/1082/907
f 1081/1081/906 1087/1087/909 1085/1085/474
f 1081/1081/906 1082/1082/907 1087/1087/909
f 1088/1088/494 1089/1089/910 1090/1090/492
f 1088/1088/494 1091/1091/830 1089/1089/910
f 1090/1090/492 1089/1089/910 1092/1092/911
f 1090/1090/492 1092/1092/911 1093/1093/488
f 1091/1091/830 1094/1094/912 1089/1089/910
f 1091/1091/830 1095/1095/913 1094/1094/912
f 1091/1091/830 1096/1096/491 1095/1095/913
f 1092/1092/911 1097/1097/914 1093/1093/488
f 1092/1092/911 1089/1089/910 1098/1098/915
f 1092/1092/911 1098/1098/915 1097/1097/914
f 1094/1094/912 1095/1095/913 1098/1098/915
f 1094/1094/912 1098/1098/915 1089/1089/910
f 1096/1096/491 1099/1099/489 1095/1095/913
f 1098/1098/915 1095/1095/913 1100/1100/916
f 1098/1098/915 1100/1100/916 1101/1101/914
f 1095/1095/913 1099/1099/489 1100/1100/916
f 1101/1101/914 1100/1100/916 1102/1102/488
f 1102/1102/488 1100/1100/916 1099/1099/489
f 1103/1103/826 1104/1104/466 1105/1105/917
f 1103/1103/826 1105/1105/917 1106/1106/485
f 1104/1104/466 1107/1107/918 1105/1105/917
f 1104/1104/466 1108/1108/465 1107/1107/918
f 1106/1106/485 1105/1105/917 1109/1109/919
f 1106/1106/485 1109/1109/919 1110/1110/480
f 1108/1108/465 1111/1111/920 1107/1107/918
f 1108/1108/465 1112/1112/473 1111/1111/920
f 1105/1105/917 1113/1113/921 1109/1109/919
f 1105/1105/917 1107/1107/918 1113/1113/921
f 1107/1107/918 1111/1111/920 1113/1113/921
f 1110/1110/480 1109/1109/919 1114/1114/922
f 1110/1110/480 1114/1114/922 1115/1115/473
f 1109/1109/919 1113/1113/921 1114/1114/922
f 1112/1112/473 1116/1116/923 1111/1111/920
f 1111/1111/920 1116/1116/923 1113/1113/921
f 1115/1115/473 1114/1114/922 1117/1117/923
f 1117/1117/923 1114/1114/922 1113/1113/921
f 1118/1118/871 1119/1119/367 1120/1120/924
f 1118/1118/871 1120/1120/924 1121/1121/368
f 1119/1119/367 1122/1122/925 1120/1120/924
f 1119/1119/367 1123/1123/353 1122/1122/925
f 1121/1121/368 1120/1120/924 1124/1124/926
f 1121/1121/368 1124/1124/926 1125/1125/354
f 1123/1123/353 1126/1126/927 1122/1122/925
f 1123/1123/353 1127/1127/341 1126/1126/927
f 1120/1120/924 1128/1128/928 1124/1124/926
f 1120/1120/924 1122/1122/925 1128/1128/928
f 1122/1122/925 1126/1126/927 1128/1128/928
f 1125/1125/354 1124/1124/926 1129/1129/929
f 1125/1125/354 1129/1129/929 1130/1130/341
f 1124/1124/926 1128/1128/928 1129/1129/929
f 1127/1127/341 1131/1131/930 1126/1126/927
f 1126/1126/927 1131/1131/930 1128/1128/928
f 1130/1130/341 1129/1129/929 1132/1132/930
f 1132/1132/930 1129/1129/929 1128/1128/928
f 1133/1133/696 1134/1134/689 1135/1135/931
f 1133/1133/696 1135/1135/931 1136/1136/702
f 1134/1134/689 1137/1137/932 1135/1135/931
f 1134/1134/689 1138/1138/933 1137/1137/932
f 1134/1134/689 1139/1139/682 1138/1138/933
f 1136/1136/702 1135/1135/931 1140/1140/934
f 1136/1136/702 1140/1140/934 1141/1141/935
f 1136/1136/702 1141/1141/935 1142/1142/694
f 1137/1137/932 1138/1138/933 1143/1143/936
f 1137/1137/932 1144/1144/937 1135/1135/931
f 1137/1137/932 1143/1143/936 1144/1144/937
f 1135/1135/931 1144/1144/937 1140/1140/934
f 1139/1139/682 1145/1145/938 1138/1138/933
f 1139/1139/682 1146/1146/676 1145/1145/938
f 1141/1141/935 1147/1147/939 1142/1142/694
f 1141/1141/935 1140/1140/934 1148/1148/940
f 1141/1141/935 1149/1149/941 1147/1147/939
f 1141/1141/935 1148/1148/940 1150/1150/942
f 1141/1141/935 1150/1150/942 1149/1149/941
f 1140/1140/934 1144/1144/937 1148/1148/940
f 1143/1143/936 1138/1138/933 1151/1151/943
f 1143/1143/936 1152/1152/944 1144/1144/937
f 1143/1143/936 1151/1151/943 1153/1153/945
f 1143/1143/936 1153/1153/945 1152/1152/944
f 1144/1144/937 1152/1152/944 1148/1148/940
f 1146/1146/676 1154/1154/946 1145/1145/938
f 1146/1146/676 1155/1155/947 1154/1154/946
f 1146/1146/676 1156/1156/675 1155/1155/947
f 1142/1142/694 1147/1147/939 1157/1157/688
f 1150/1150/942 1158/1158/948 1149/1149/941
f 1150/1150/942 1148/1148/940 1158/1158/948
f 1148/1148/940 1152/1152/944 1158/1158/948
f 1138/1138/933 1159/1159/949 1151/1151/943
f 1138/1138/933 1145/1145/938 1159/1159/949
f 1151/1151/943 1159/1159/949 1153/1153/945
f 1154/1154/946 1155/1155/947 1160/1160/950
f 1154/1154/946 1161/1161/951 1145/1145/938
f 1154/1154/946 1160/1160/950 1162/1162/952
f 1154/1154/946 1163/1163/953 1161/1161/951
f 1154/1154/946 1162/1162/952 1163/1163/953
f 1145/1145/938 1161/1161/951 1159/1159/949
f 1155/1155/947 1156/1156/675 1160/1160/950
f 1147/1147/939 1164/1164/954 1157/1157/688
f 1147/1147/939 1149/1149/941 1165/1165/955
f 1147/1147/939 1165/1165/955 1164/1164/954
f 1152/1152/944 1166/1166/956 1158/1158/948
f 1152/1152/944 1153/1153/945 1166/1166/956
f 1162/1162/952 1167/1167/957 1163/1163/953
f 1162/1162/952 1160/1160/950 1168/1168/716
f 1162/1162/952 1169/1169/711 1167/1167/957
f 1162/1162/952 1168/1168/716 1169/1169/711
f 1161/1161/951 1170/1170/958 1159/1159/949
f 1161/1161/951 1163/1163/953 1171/1171/959
f 1161/1161/951 1171/1171/959 1170/1170/958
f 1153/1153/945 1170/1170/958 1166/1166/956
f 1153/1153/945 1159/1159/949 1170/1170/958
f 1156/1156/675 1172/1172/669 1160/1160/950
f 1160/1160/950 1172/1172/669 1168/1168/716
f 1157/1157/688 1164/1164/954 1173/1173/960
f 1157/1157/688 1173/1173/960 1174/1174/686
f 1149/1149/941 1175/1175/961 1165/1165/955
f 1149/1149/941 1158/1158/948 1175/1175/961
f 1158/1158/948 1166/1166/956 1175/1175/961
f 1167/1167/957 1169/1169/711 1176/1176/962
f 1167/1167/957 1177/1177/963 1163/1163/953
f 1167/1167/957 1176/1176/962 1177/1177/963
f 1163/1163/953 1177/1177/963 1171/1171/959
f 1170/1170/958 1178/1178/964 1166/1166/956
f 1170/1170/958 1171/1171/959 1178/1178/964
f 1166/1166/956 1178/1178/964 1175/1175/961
f 1164/1164/954 1179/1179/965 1173/1173/960
f 1164/1164/954 1165/1165/955 1180/1180/966
f 1164/1164/954 1181/1181/967 1179/1179/965
f 1164/1164/954 1180/1180/966 1181/1181/967
f 1173/1173/960 1179/1179/965 1174/1174/686
f 1169/1169/711 1182/1182/708 1176/1176/962
f 1177/1177/963 1183/1183/968 1171/1171/959
f 1177/1177/963 1176/1176/962 1184/1184/969
f 1177/1177/963 1184/1184/969 1183/1183/968
f 1176/1176/962 1182/1182/708 1184/1184/969
f 1171/1171/959 1183/1183/968 1178/1178/964
f 1175/1175/961 1185/1185/970 1165/1165/955
f 1175/1175/961 1178/1178/964 1185/1185/970
f 1178/1178/964 1183/1183/968 1185/1185/970
f 1165/1165/955 1185/1185/970 1180/1180/966
f 1181/1181/967 1186/1186/751 1179/1179/965
f 1181/1181/967 1180/1180/966 1187/1187/971
f 1181/1181/967 1188/1188/748 1186/1186/751
f 1181/1181/967 1187/1187/971 1188/1188/748
f 1174/1174/686 1179/1179/965 1189/1189/681
f 1189/1189/681 1179/1179/965 1186/1186/751
f 1182/1182/708 1190/1190/705 1184/1184/969
f 1183/1183/968 1191/1191/972 1185/1185/970
f 1183/1183/968 1184/1184/969 1192/1192/973
f 1183/1183/968 1193/1193/974 1191/1191/972
f 1183/1183/968 1192/1192/973 1193/1193/974
f 1180/1180/966 1191/1191/972 1187/1187/971
f 1180/1180/966 1185/1185/970 1191/1191/972
f 1188/1188/748 1187/1187/971 1194/1194/975
f 1188/1188/748 1194/1194/975 1195/1195/744
f 1194/1194/975 1191/1191/972 1193/1193/974
f 1194/1194/975 1187/1187/971 1191/1191/972
f 1194/1194/975 1193/1193/974 1195/1195/744
f 1190/1190/705 1196/1196/704 1184/1184/969
f 1192/1192/973 1196/1196/704 1193/1193/974
f 1192/1192/973 1184/1184/969 1196/1196/704
f 1195/1195/744 1193/1193/974 1197/1197/742
f 1197/1197/742 1193/1193/974 1196/1196/704
f 1198/1198/976 1199/1199/977 1200/1200/978
f 1198/1198/976 1201/1201/979 1199/1199/977
f 1200/1200/978 1199/1199/977 1202/1202/980
f 1200/1200/978 1202/1202/980 1203/1203/616
f 1201/1201/979 1204/1204/981 1199/1199/977
f 1201/1201/979 1205/1205/982 1204/1204/981
f 1202/1202/980 1206/1206/614 1203/1203/616
f 1202/1202/980 1199/1199/977 1207/1207/983
f 1202/1202/980 1208/1208/984 1206/1206/614
f 1202/1202/980 1207/1207/983 1208/1208/984
f 1199/1199/977 1204/1204/981 1207/1207/983
f 1205/1205/982 1209/1209/985 1204/1204/981
f 1205/1205/982 1210/1210/986 1209/1209/985
f 1206/1206/614 1208/1208/984 1211/1211/623
f 1207/1207/983 1204/1204/981 1212/1212/987
f 1207/1207/983 1213/1213/988 1208/1208/984
f 1207/1207/983 1212/1212/987 1214/1214/989
f 1207/1207/983 1214/1214/989 1213/1213/988
f 1204/1204/981 1209/1209/985 1212/1212/987
f 1210/1210/986 1215/1215/990 1209/1209/985
f 1212/1212/987 1215/1215/990 1214/1214/989
f 1212/1212/987 1209/1209/985 1215/1215/990
f 1211/1211/623 1208/1208/984 1216/1216/991
f 1208/1208/984 1213/1213/988 1216/1216/991
f 1214/1214/989 1215/1215/990 1217/1217/992
f 1214/1214/989 1218/1218/993 1213/1213/988
f 1214/1214/989 1217/1217/992 1218/1218/993
f 1218/1218/993 1216/1216/991 1213/1213/988
f 1219/1219/976 1220/1220/994 1221/1221/995
f 1219/1219/976 1221/1221/995 1222/1222/979
f 1220/1220/994 1223/1223/996 1221/1221/995
f 1220/1220/994 1224/1224/617 1223/1223/996
f 1222/1222/979 1221/1221/995 1225/1225/997
f 1222/1222/979 1225/1225/997 1226/1226/982
f 1224/1224/617 1227/1227/618 1223/1223/996
f 1221/1221/995 1228/1228/998 1225/1225/997
f 1221/1221/995 1223/1223/996 1228/1228/998
f 1226/1226/982 1225/1225/997 1229/1229/999
f 1226/1226/982 1229/1229/999 1230/1230/986
f 1227/1227/618 1231/1231/1000 1223/1223/996
f 1227/1227/618 1232/1232/623 1231/1231/1000
f 1223/1223/996 1231/1231/1000 1228/1228/998
f 1225/1225/997 1233/1233/1001 1229/1229/999
f 1225/1225/997 1228/1228/998 1233/1233/1001
f 1230/1230/986 1229/1229/999 1234/1234/990
f 1229/1229/999 1233/1233/1001 1234/1234/990
f 1232/1232/623 1235/1235/991 1231/1231/1000
f 1228/1228/998 1236/1236/1002 1233/1233/1001
f 1228/1228/998 1231/1231/1000 1237/1237/1003
f 1228/1228/998 1237/1237/1003 1236/1236/1002
f 1231/1231/1000 1235/1235/991 1237/1237/1003
f 1233/1233/1001 1236/1236/1002 1234/1234/990
f 1235/1235/991 1238/1238/993 1237/1237/1003
f 1237/1237/1003 1238/1238/993 1236/1236/1002
f 1234/1234/990 1236/1236/1002 1239/1239/992
f 1239/1239/992 1236/1236/1002 1238/1238/993
f 2852/1240/1923 2853/1241/1921 2854/1242/2170
f 2853/1241/1921 2855/1243/1917 2856/1244/2171
f 2853/1241/1921 2856/1244/2171 2854/1242/2170
f 2855/1243/1917 2857/1245/2172 2858/1246/2173
f 2856/1244/2171 2858/1246/2173 2859/1247/2174
f 2854/1242/2170 2856/1244/2171 2860/1248/2175
f 2855/1243/1917 2858/1246/2173 2856/1244/2171
f 2857/1245/2172 2861/1249/2176 2858/1246/2173
f 2858/1246/2173 2861/1249/2176 2859/1247/2174
f 2860/1248/2175 2862/1250/2177 2863/1251/2178
f 2856/1244/2171 2859/1247/2174 2862/1250/2177
f 2856/1244/2171 2862/1250/2177 2860/1248/2175
f 2855/1243/1917 2864/1252/1915 2857/1245/2172
f 2861/1249/2176 2865/1253/2179 2866/1254/2180
f 2863/1251/2178 2867/1255/2181 2868/1256/2182
f 2862/1250/2177 2859/1247/2174 2867/1255/2181
f 2862/1250/2177 2867/1255/2181 2863/1251/2178
f 2860/1248/2175 2863/1251/2178 2869/1257/2183
f 2864/1252/1915 2870/1258/1914 2871/1259/2184
f 2857/1245/2172 2871/1259/2184 2865/1253/2179
f 2857/1245/2172 2865/1253/2179 2861/1249/2176
f 2857/1245/2172 2864/1252/1915 2871/1259/2184
f 2866/1254/2180 2865/1253/2179 2872/1260/2185
f 2868/1256/2182 2873/1261/2186 2863/1251/2178
f 2863/1251/2178 2873/1261/2186 2869/1257/2183
f 2859/1247/2174 2861/1249/2176 2874/1262/2187
f 2861/1249/2176 2866/1254/2180 2874/1262/2187
f 2859/1247/2174 2874/1262/2187 2867/1255/2181
f 2870/1258/1914 2875/1263/1912 2876/1264/2188
f 2870/1258/1914 2876/1264/2188 2871/1259/2184
f 2865/1253/2179 2871/1259/2184 2877/1265/2189
f 2871/1259/2184 2876/1264/2188 2877/1265/2189
f 2872/1260/2185 2878/1266/2190 2866/1254/2180
f 2868/1256/2182 2879/1267/2191 2873/1261/2186
f 2869/1257/2183 2873/1261/2186 2880/1268/2192
f 2874/1262/2187 2866/1254/2180 2881/1269/2193
f 2866/1254/2180 2878/1266/2190 2881/1269/2193
f 2867/1255/2181 2882/1270/2194 2868/1256/2182
f 2874/1262/2187 2882/1270/2194 2867/1255/2181
f 2874/1262/2187 2881/1269/2193 2882/1270/2194
f 2865/1253/2179 2883/1271/2195 2872/1260/2185
f 2865/1253/2179 2877/1265/2189 2883/1271/2195
f 2879/1267/2191 2884/1272/2196 2873/1261/2186
f 2873/1261/2186 2884/1272/2196 2880/1268/2192
f 2878/1266/2190 2872/1260/2185 2885/1273/2197
f 2872/1260/2185 2883/1271/2195 2885/1273/2197
f 2868/1256/2182 2886/1274/2198 2879/1267/2191
f 2881/1269/2193 2878/1266/2190 2887/1275/2199
f 2882/1270/2194 2888/1276/2200 2868/1256/2182
f 2868/1256/2182 2888/1276/2200 2886/1274/2198
f 2884/1272/2196 2889/1277/2201 2880/1268/2192
f 2883/1271/2195 2890/1278/2202 2885/1273/2197
f 2879/1267/2191 2886/1274/2198 2891/1279/2203
f 2881/1269/2193 2892/1280/2204 2882/1270/2194
f 2882/1270/2194 2892/1280/2204 2888/1276/2200
f 2878/1266/2190 2885/1273/2197 2893/1281/2205
f 2878/1266/2190 2893/1281/2205 2887/1275/2199
f 2884/1272/2196 2894/1282/2206 2895/1283/2207
f 2884/1272/2196 2895/1283/2207 2889/1277/2201
f 2879/1267/2191 2891/1279/2203 2894/1282/2206
f 2879/1267/2191 2894/1282/2206 2884/1272/2196
f 2890/1278/2202 2896/1284/2208 2885/1273/2197
f 2885/1273/2197 2896/1284/2208 2893/1281/2205
f 2886/1274/2198 2897/1285/2209 2891/1279/2203
f 2888/1276/2200 2892/1280/2204 2897/1285/2209
f 2888/1276/2200 2897/1285/2209 2886/1274/2198
f 2881/1269/2193 2887/1275/2199 2898/1286/2210
f 2881/1269/2193 2898/1286/2210 2892/1280/2204
f 2895/1283/2207 2894/1282/2206 2899/1287/2211
f 2889/1277/2201 2895/1283/2207 2900/1288/2212
f 2890/1278/2202 2901/1289/2213 2896/1284/2208
f 2893/1281/2205 2896/1284/2208 2902/1290/2214
f 2891/1279/2203 2903/1291/2215 2894/1282/2206
f 2897/1285/2209 2904/1292/2216 2891/1279/2203
f 2891/1279/2203 2904/1292/2216 2903/1291/2215
f 2887/1275/2199 2893/1281/2205 2905/1293/2217
f 2893/1281/2205 2902/1290/2214 2905/1293/2217
f 2898/1286/2210 2906/1294/2218 2892/1280/2204
f 2897/1285/2209 2906/1294/2218 2904/1292/2216
f 2897/1285/2209 2892/1280/2204 2906/1294/2218
f 2899/1287/2211 2907/1295/2219 2895/1283/2207
f 2895/1283/2207 2907/1295/2219 2900/1288/2212
f 2901/1289/2213 2908/1296/2220 2896/1284/2208
f 2896/1284/2208 2908/1296/2220 2902/1290/2214
f 2894/1282/2206 2903/1291/2215 2909/1297/2221
f 2894/1282/2206 2909/1297/2221 2899/1287/2211
f 2887/1275/2199 2905/1293/2217 2910/1298/2222
f 2887/1275/2199 2910/1298/2222 2898/1286/2210
f 2904/1292/2216 2911/1299/2223 2903/1291/2215
f 2898/1286/2210 2911/1299/2223 2906/1294/2218
f 2906/1294/2218 2911/1299/2223 2904/1292/2216
f 2898/1286/2210 2910/1298/2222 2911/1299/2223
f 2907/1295/2219 2912/1300/2224 2900/1288/2212
f 2901/1289/2213 2913/1301/2225 2908/1296/2220
f 2902/1290/2214 2914/1302/2226 2905/1293/2217
f 2909/1297/2221 2903/1291/2215 2915/1303/2227
f 2911/1299/2223 2910/1298/2222 2915/1303/2227
f 2911/1299/2223 2915/1303/2227 2903/1291/2215
f 2899/1287/2211 2909/1297/2221 2916/1304/2228
f 2899/1287/2211 2916/1304/2228 2907/1295/2219
f 2912/1300/2224 2907/1295/2219 2917/1305/2229
f 2913/1301/2225 2918/1306/2230 2919/1307/2231
f 2913/1301/2225 2919/1307/2231 2908/1296/2220
f 2902/1290/2214 2920/1308/2232 2914/1302/2226
f 2908/1296/2220 2919/1307/2231 2920/1308/2232
f 2908/1296/2220 2920/1308/2232 2902/1290/2214
f 2905/1293/2217 2914/1302/2226 2921/1309/2233
f 2910/1298/2222 2921/1309/2233 2915/1303/2227
f 2910/1298/2222 2905/1293/2217 2921/1309/2233
f 2909/1297/2221 2915/1303/2227 2922/1310/2234
f 2916/1304/2228 2909/1297/2221 2923/1311/2235
f 2907/1295/2219 2916/1304/2228 2924/1312/2236
f 2916/1304/2228 2923/1311/2235 2924/1312/2236
f 2907/1295/2219 2924/1312/2236 2917/1305/2229
f 2918/1306/2230 2925/1313/2237 2919/1307/2231
f 2920/1308/2232 2926/1314/2238 2914/1302/2226
f 2921/1309/2233 2927/1315/2239 2915/1303/2227
f 2922/1310/2234 2915/1303/2227 2928/1316/2240
f 2915/1303/2227 2927/1315/2239 2928/1316/2240
f 2909/1297/2221 2929/1317/2241 2923/1311/2235
f 2909/1297/2221 2922/1310/2234 2929/1317/2241
f 2924/1312/2236 2923/1311/2235 2930/1318/2242
f 2917/1305/2229 2924/1312/2236 2931/1319/2243
f 2924/1312/2236 2930/1318/2242 2931/1319/2243
f 2925/1313/2237 2932/1320/2244 2919/1307/2231
f 2920/1308/2232 2932/1320/2244 2926/1314/2238
f 2920/1308/2232 2919/1307/2231 2932/1320/2244
f 2914/1302/2226 2926/1314/2238 2933/1321/2245
f 2921/1309/2233 2914/1302/2226 2933/1321/2245
f 2921/1309/2233 2933/1321/2245 2927/1315/2239
f 2928/1316/2240 2934/1322/2246 2922/1310/2234
f 2929/1317/2241 2935/1323/2247 2936/1324/2248
f 2922/1310/2234 2934/1322/2246 2935/1323/2247
f 2922/1310/2234 2935/1323/2247 2929/1317/2241
f 2923/1311/2235 2929/1317/2241 2937/1325/2249
f 2923/1311/2235 2937/1325/2249 2930/1318/2242
f 2931/1319/2243 2930/1318/2242 2938/1326/2250
f 2930/1318/2242 2937/1325/2249 2938/1326/2250
f 2925/1313/2237 2939/1327/2251 2932/1320/2244
f 2926/1314/2238 2940/1328/2252 2933/1321/2245
f 2927/1315/2239 2941/1329/2253 2928/1316/2240
f 2936/1324/2248 2942/1330/2254 2929/1317/2241
f 2929/1317/2241 2942/1330/2254 2937/1325/2249
f 2934/1322/2246 2943/1331/2255 2944/1332/2256
f 2934/1322/2246 2944/1332/2256 2935/1323/2247
f 2928/1316/2240 2941/1329/2253 2943/1331/2255
f 2928/1316/2240 2943/1331/2255 2934/1322/2246
f 2938/1326/2250 2937/1325/2249 2945/1333/2257
f 2937/1325/2249 2942/1330/2254 2945/1333/2257
f 2939/1327/2251 2946/1334/2258 2932/1320/2244
f 2926/1314/2238 2946/1334/2258 2940/1328/2252
f 2926/1314/2238 2932/1320/2244 2946/1334/2258
f 2933/1321/2245 2940/1328/2252 2947/1335/2259
f 2927/1315/2239 2947/1335/2259 2941/1329/2253
f 2927/1315/2239 2933/1321/2245 2947/1335/2259
f 2936/1324/2248 2935/1323/2247 2948/1336/2260
f 2935/1323/2247 2944/1332/2256 2948/1336/2260
f 2943/1331/2255 2949/1337/2261 2944/1332/2256
f 2943/1331/2255 2941/1329/2253 2949/1337/2261
f 2942/1330/2254 2936/1324/2248 2950/1338/2262
f 2945/1333/2257 2942/1330/2254 2951/1339/2263
f 2942/1330/2254 2950/1338/2262 2951/1339/2263
f 2939/1327/2251 2952/1340/2264 2946/1334/2258
f 2940/1328/2252 2953/1341/2265 2947/1335/2259
f 2948/1336/2260 2944/1332/2256 2954/1342/2266
f 2944/1332/2256 2949/1337/2261 2954/1342/2266
f 2941/1329/2253 2955/1343/2267 2949/1337/2261
f 2947/1335/2259 2953/1341/2265 2955/1343/2267
f 2947/1335/2259 2955/1343/2267 2941/1329/2253
f 2936/1324/2248 2956/1344/2268 2950/1338/2262
f 2948/1336/2260 2954/1342/2266 2956/1344/2268
f 2948/1336/2260 2956/1344/2268 2936/1324/2248
f 2951/1339/2263 2950/1338/2262 2957/1345/2269
f 2952/1340/2264 2958/1346/2270 2946/1334/2258
f 2940/1328/2252 2958/1346/2270 2953/1341/2265
f 2940/1328/2252 2946/1334/2258 2958/1346/2270
f 2949/1337/2261 2959/1347/2271 2954/1342/2266
f 2954/1342/2266 2959/1347/2271 2956/1344/2268
f 2949/1337/2261 2955/1343/2267 2959/1347/2271
f 2950/1338/2262 2960/1348/2272 2961/1349/2273
f 2950/1338/2262 2961/1349/2273 2957/1345/2269
f 2956/1344/2268 2959/1347/2271 2960/1348/2272
f 2956/1344/2268 2960/1348/2272 2950/1338/2262
f 2952/1340/2264 2962/1350/2274 2958/1346/2270
f 2953/1341/2265 2963/1351/2275 2964/1352/2276
f 2953/1341/2265 2964/1352/2276 2955/1343/2267
f 2959/1347/2271 2955/1343/2267 2964/1352/2276
f 2959/1347/2271 2964/1352/2276 2960/1348/2272
f 2953/1341/2265 2958/1346/2270 2963/1351/2275
f 2961/1349/2273 2965/1353/2277 2966/1354/2278
f 2960/1348/2272 2964/1352/2276 2965/1353/2277
f 2964/1352/2276 2963/1351/2275 2965/1353/2277
f 2960/1348/2272 2965/1353/2277 2961/1349/2273
f 2957/1345/2269 2961/1349/2273 2967/1355/2279
f 2961/1349/2273 2966/1354/2278 2967/1355/2279
f 2962/1350/2274 2968/1356/2280 2958/1346/2270
f 2958/1346/2270 2968/1356/2280 2963/1351/2275
f 2965/1353/2277 2969/1357/2281 2966/1354/2278
f 2963/1351/2275 2968/1356/2280 2969/1357/2281
f 2963/1351/2275 2969/1357/2281 2965/1353/2277
f 2967/1355/2279 2966/1354/2278 2970/1358/2282
f 2966/1354/2278 2969/1357/2281 2970/1358/2282
f 2962/1350/2274 2971/1359/2283 2968/1356/2280
f 2967/1355/2279 2970/1358/2282 2972/1360/2284
f 2969/1357/2281 2973/1361/2285 2970/1358/2282
f 2969/1357/2281 2968/1356/2280 2973/1361/2285
f 2971/1359/2283 2974/1362/2286 2975/1363/2287
f 2972/1360/2284 2976/1364/2288 2977/1365/2289
f 2970/1358/2282 2973/1361/2285 2976/1364/2288
f 2970/1358/2282 2976/1364/2288 2972/1360/2284
f 2968/1356/2280 2978/1366/2290 2973/1361/2285
f 2978/1366/2290 2971/1359/2283 2975/1363/2287
f 2978/1366/2290 2968/1356/2280 2971/1359/2283
f 2973/1361/2285 2975/1363/2287 2976/1364/2288
f 2973/1361/2285 2978/1366/2290 2975/1363/2287
f 2974/1362/2286 2979/1367/2291 2980/1368/2292
f 2977/1365/2289 2976/1364/2288 2981/1369/2293
f 2975/1363/2287 2974/1362/2286 2980/1368/2292
f 2979/1367/2291 2974/1362/2286 2982/1370/2294
f 2976/1364/2288 2975/1363/2287 2983/1371/2295
f 2983/1371/2295 2980/1368/2292 2981/1369/2293
f 2983/1371/2295 2981/1369/2293 2976/1364/2288
f 2983/1371/2295 2975/1363/2287 2980/1368/2292
f 2979/1367/2291 2984/1372/2296 2980/1368/2292
f 2981/1369/2293 2980/1368/2292 2985/1373/2297
f 2985/1373/2297 2980/1368/2292 2984/1372/2296
f 2986/1374/1923 2987/1375/2170 2988/1376/1936
f 2987/1375/2170 2989/1377/2175 2990/1378/2298
f 2987/1375/2170 2990/1378/2298 2988/1376/1936
f 2989/1377/2175 2991/1379/2299 2990/1378/2298
f 2988/1376/1936 2990/1378/2298 2992/1380/1934
f 2989/1377/2175 2993/1381/2183 2991/1379/2299
f 2990/1378/2298 2991/1379/2299 2994/1382/2300
f 2990/1378/2298 2994/1382/2300 2992/1380/1934
f 2993/1381/2183 2995/1383/2301 2991/1379/2299
f 2994/1382/2300 2991/1379/2299 2996/1384/2302
f 2992/1380/1934 2994/1382/2300 2997/1385/1929
f 2993/1381/2183 2998/1386/2303 2995/1383/2301
f 2991/1379/2299 2995/1383/2301 2999/1387/2304
f 2991/1379/2299 2999/1387/2304 2996/1384/2302
f 2994/1382/2300 3000/1388/2305 3001/1389/2306
f 2994/1382/2300 3001/1389/2306 2997/1385/1929
f 2994/1382/2300 2996/1384/2302 3000/1388/2305
f 2993/1381/2183 3002/1390/2192 2998/1386/2303
f 2995/1383/2301 2998/1386/2303 3003/1391/2307
f 2995/1383/2301 3003/1391/2307 2999/1387/2304
f 3001/1389/2306 3004/1392/2308 3005/1393/2309
f 3001/1389/2306 3005/1393/2309 2997/1385/1929
f 3001/1389/2306 3000/1388/2305 3004/1392/2308
f 2996/1384/2302 2999/1387/2304 3006/1394/2310
f 2996/1384/2302 3006/1394/2310 3000/1388/2305
f 3002/1390/2192 3007/1395/2311 2998/1386/2303
f 3003/1391/2307 2998/1386/2303 3008/1396/2312
f 2998/1386/2303 3007/1395/2311 3008/1396/2312
f 3005/1393/2309 3009/1397/2189 3010/1398/2188
f 2997/1385/1929 3005/1393/2309 3011/1399/1924
f 3005/1393/2309 3004/1392/2308 3009/1397/2189
f 3005/1393/2309 3010/1398/2188 3011/1399/1924
f 2999/1387/2304 3003/1391/2307 3012/1400/2313
f 2999/1387/2304 3012/1400/2313 3006/1394/2310
f 3000/1388/2305 3013/1401/2314 3004/1392/2308
f 3000/1388/2305 3006/1394/2310 3013/1401/2314
f 3002/1390/2192 3014/1402/2201 3007/1395/2311
f 3008/1396/2312 3007/1395/2311 3015/1403/2315
f 3009/1397/2189 3004/1392/2308 3016/1404/2195
f 3010/1398/2188 3017/1405/1912 3011/1399/1924
f 3003/1391/2307 3018/1406/2316 3019/1407/2317
f 3003/1391/2307 3019/1407/2317 3012/1400/2313
f 3003/1391/2307 3008/1396/2312 3018/1406/2316
f 3006/1394/2310 3012/1400/2313 3020/1408/2318
f 3006/1394/2310 3020/1408/2318 3013/1401/2314
f 3014/1402/2201 3021/1409/2319 3007/1395/2311
f 3007/1395/2311 3021/1409/2319 3015/1403/2315
f 3004/1392/2308 3022/1410/2320 3016/1404/2195
f 3004/1392/2308 3013/1401/2314 3022/1410/2320
f 3019/1407/2317 3018/1406/2316 3023/1411/2321
f 3019/1407/2317 3023/1411/2321 3012/1400/2313
f 3008/1396/2312 3015/1403/2315 3024/1412/2322
f 3018/1406/2316 3008/1396/2312 3024/1412/2322
f 3018/1406/2316 3024/1412/2322 3023/1411/2321
f 3020/1408/2318 3012/1400/2313 3025/1413/2323
f 3012/1400/2313 3023/1411/2321 3025/1413/2323
f 3014/1402/2201 3026/1414/2212 3021/1409/2319
f 3016/1404/2195 3022/1410/2320 3027/1415/2324
f 3013/1401/2314 3020/1408/2318 3028/1416/2325
f 3022/1410/2320 3013/1401/2314 3028/1416/2325
f 3022/1410/2320 3028/1416/2325 3027/1415/2324
f 3015/1403/2315 3021/1409/2319 3029/1417/2326
f 3024/1412/2322 3015/1403/2315 3030/1418/2327
f 3023/1411/2321 3031/1419/2328 3032/1420/2329
f 3023/1411/2321 3032/1420/2329 3025/1413/2323
f 3024/1412/2322 3030/1418/2327 3031/1419/2328
f 3024/1412/2322 3031/1419/2328 3023/1411/2321
f 3026/1414/2212 3033/1421/2224 3034/1422/2330
f 3021/1409/2319 3034/1422/2330 3029/1417/2326
f 3021/1409/2319 3026/1414/2212 3034/1422/2330
f 3016/1404/2195 3027/1415/2324 3035/1423/2202
f 3020/1408/2318 3036/1424/2331 3037/1425/2332
f 3020/1408/2318 3037/1425/2332 3028/1416/2325
f 3025/1413/2323 3032/1420/2329 3036/1424/2331
f 3025/1413/2323 3036/1424/2331 3020/1408/2318
f 3015/1403/2315 3038/1426/2333 3030/1418/2327
f 3015/1403/2315 3029/1417/2326 3038/1426/2333
f 3031/1419/2328 3030/1418/2327 3039/1427/2334
f 3032/1420/2329 3039/1427/2334 3036/1424/2331
f 3032/1420/2329 3031/1419/2328 3039/1427/2334
f 3033/1421/2224 3040/1428/2229 3034/1422/2330
f 3027/1415/2324 3041/1429/2335 3035/1423/2202
f 3037/1425/2332 3042/1430/2336 3028/1416/2325
f 3027/1415/2324 3028/1416/2325 3042/1430/2336
f 3027/1415/2324 3042/1430/2336 3041/1429/2335
f 3029/1417/2326 3043/1431/2337 3044/1432/2338
f 3038/1426/2333 3044/1432/2338 3045/1433/2339
f 3030/1418/2327 3038/1426/2333 3046/1434/2340
f 3038/1426/2333 3029/1417/2326 3044/1432/2338
f 3038/1426/2333 3045/1433/2339 3046/1434/2340
f 3030/1418/2327 3046/1434/2340 3039/1427/2334
f 3036/1424/2331 3047/1435/2341 3037/1425/2332
f 3039/1427/2334 3046/1434/2340 3047/1435/2341
f 3039/1427/2334 3047/1435/2341 3036/1424/2331
f 3040/1428/2229 3048/1436/2243 3049/1437/2342
f 3040/1428/2229 3049/1437/2342 3034/1422/2330
f 3035/1423/2202 3041/1429/2335 3050/1438/2213
f 3042/1430/2336 3051/1439/2343 3052/1440/2344
f 3042/1430/2336 3037/1425/2332 3051/1439/2343
f 3037/1425/2332 3047/1435/2341 3051/1439/2343
f 3042/1430/2336 3052/1440/2344 3041/1429/2335
f 3043/1431/2337 3029/1417/2326 3053/1441/2345
f 3034/1422/2330 3049/1437/2342 3053/1441/2345
f 3049/1437/2342 3048/1436/2243 3053/1441/2345
f 3034/1422/2330 3053/1441/2345 3029/1417/2326
f 3044/1432/2338 3054/1442/2346 3055/1443/2347
f 3045/1433/2339 3056/1444/2348 3046/1434/2340
f 3050/1438/2213 3041/1429/2335 3057/1445/2349
f 3041/1429/2335 3052/1440/2344 3057/1445/2349
f 3047/1435/2341 3058/1446/2350 3051/1439/2343
f 3047/1435/2341 3046/1434/2340 3058/1446/2350
f 3043/1431/2337 3054/1442/2346 3044/1432/2338
f 3048/1436/2243 3059/1447/2250 3053/1441/2345
f 3053/1441/2345 3059/1447/2250 3043/1431/2337
f 3055/1443/2347 3060/1448/2351 3044/1432/2338
f 3044/1432/2338 3060/1448/2351 3045/1433/2339
f 3056/1444/2348 3061/1449/2352 3046/1434/2340
f 3046/1434/2340 3061/1449/2352 3058/1446/2350
f 3050/1438/2213 3057/1445/2349 3062/1450/2225
f 3052/1440/2344 3063/1451/2353 3057/1445/2349
f 3051/1439/2343 3064/1452/2354 3052/1440/2344
f 3052/1440/2344 3064/1452/2354 3063/1451/2353
f 3051/1439/2343 3058/1446/2350 3064/1452/2354
f 3054/1442/2346 3043/1431/2337 3065/1453/2257
f 3043/1431/2337 3059/1447/2250 3065/1453/2257
f 3055/1443/2347 3066/1454/2355 3060/1448/2351
f 3045/1433/2339 3060/1448/2351 3067/1455/2356
f 3045/1433/2339 3067/1455/2356 3056/1444/2348
f 3061/1449/2352 3068/1456/2357 3058/1446/2350
f 3058/1446/2350 3068/1456/2357 3064/1452/2354
f 3062/1450/2225 3057/1445/2349 3069/1457/2358
f 3057/1445/2349 3063/1451/2353 3069/1457/2358
f 3054/1442/2346 3070/1458/2359 3055/1443/2347
f 3065/1453/2257 3071/1459/2263 3054/1442/2346
f 3054/1442/2346 3071/1459/2263 3070/1458/2359
f 3066/1454/2355 3072/1460/2360 3060/1448/2351
f 3060/1448/2351 3072/1460/2360 3067/1455/2356
f 3056/1444/2348 3067/1455/2356 3073/1461/2361
f 3067/1455/2356 3072/1460/2360 3073/1461/2361
f 3061/1449/2352 3056/1444/2348 3074/1462/2362
f 3056/1444/2348 3073/1461/2361 3074/1462/2362
f 3068/1456/2357 3075/1463/2363 3064/1452/2354
f 3064/1452/2354 3075/1463/2363 3063/1451/2353
f 3062/1450/2225 3069/1457/2358 3076/1464/2230
f 3055/1443/2347 3070/1458/2359 3077/1465/2364
f 3055/1443/2347 3077/1465/2364 3066/1454/2355
f 3071/1459/2263 3078/1466/2269 3070/1458/2359
f 3072/1460/2360 3066/1454/2355 3079/1467/2365
f 3066/1454/2355 3077/1465/2364 3079/1467/2365
f 3061/1449/2352 3080/1468/2366 3068/1456/2357
f 3061/1449/2352 3074/1462/2362 3080/1468/2366
f 3073/1461/2361 3081/1469/2367 3074/1462/2362
f 3073/1461/2361 3072/1460/2360 3081/1469/2367
f 3075/1463/2363 3082/1470/2368 3063/1451/2353
f 3063/1451/2353 3082/1470/2368 3069/1457/2358
f 3076/1464/2230 3069/1457/2358 3083/1471/2237
f 3069/1457/2358 3082/1470/2368 3083/1471/2237
f 3078/1466/2269 3084/1472/2369 3070/1458/2359
f 3070/1458/2359 3084/1472/2369 3077/1465/2364
f 3079/1467/2365 3085/1473/2370 3072/1460/2360
f 3072/1460/2360 3085/1473/2370 3081/1469/2367
f 3068/1456/2357 3086/1474/2371 3075/1463/2363
f 3068/1456/2357 3080/1468/2366 3086/1474/2371
f 3074/1462/2362 3087/1475/2372 3080/1468/2366
f 3074/1462/2362 3081/1469/2367 3087/1475/2372
f 3082/1470/2368 3088/1476/2373 3089/1477/2251
f 3082/1470/2368 3089/1477/2251 3083/1471/2237
f 3075/1463/2363 3088/1476/2373 3082/1470/2368
f 3075/1463/2363 3086/1474/2371 3088/1476/2373
f 3078/1466/2269 3090/1478/2374 3084/1472/2369
f 3077/1465/2364 3084/1472/2369 3091/1479/2375
f 3079/1467/2365 3091/1479/2375 3085/1473/2370
f 3079/1467/2365 3077/1465/2364 3091/1479/2375
f 3080/1468/2366 3092/1480/2376 3086/1474/2371
f 3080/1468/2366 3087/1475/2372 3092/1480/2376
f 3081/1469/2367 3093/1481/2377 3087/1475/2372
f 3085/1473/2370 3093/1481/2377 3081/1469/2367
f 3085/1473/2370 3091/1479/2375 3093/1481/2377
f 3087/1475/2372 3093/1481/2377 3092/1480/2376
f 3089/1477/2251 3088/1476/2373 3094/1482/2264
f 3078/1466/2269 3095/1483/2279 3090/1478/2374
f 3084/1472/2369 3090/1478/2374 3096/1484/2378
f 3091/1479/2375 3084/1472/2369 3096/1484/2378
f 3091/1479/2375 3096/1484/2378 3093/1481/2377
f 3086/1474/2371 3097/1485/2379 3088/1476/2373
f 3088/1476/2373 3097/1485/2379 3094/1482/2264
f 3086/1474/2371 3092/1480/2376 3097/1485/2379
f 3095/1483/2279 3098/1486/2380 3090/1478/2374
f 3096/1484/2378 3099/1487/2381 3100/1488/2382
f 3096/1484/2378 3100/1488/2382 3093/1481/2377
f 3090/1478/2374 3098/1486/2380 3099/1487/2381
f 3092/1480/2376 3093/1481/2377 3100/1488/2382
f 3092/1480/2376 3100/1488/2382 3097/1485/2379
f 3090/1478/2374 3099/1487/2381 3096/1484/2378
f 3094/1482/2264 3097/1485/2379 3101/1489/2383
f 3100/1488/2382 3101/1489/2383 3097/1485/2379
f 3100/1488/2382 3099/1487/2381 3101/1489/2383
f 3095/1483/2279 3102/1490/2284 3098/1486/2380
f 3094/1482/2264 3101/1489/2383 3103/1491/2274
f 3099/1487/2381 3104/1492/2384 3101/1489/2383
f 3101/1489/2383 3104/1492/2384 3103/1491/2274
f 3099/1487/2381 3098/1486/2380 3104/1492/2384
f 3102/1490/2284 3105/1493/2289 3106/1494/2385
f 3098/1486/2380 3102/1490/2284 3106/1494/2385
f 3098/1486/2380 3106/1494/2385 3104/1492/2384
f 3103/1491/2274 3104/1492/2384 3107/1495/2283
f 3104/1492/2384 3106/1494/2385 3107/1495/2283
f 3105/1493/2289 3108/1496/2386 3106/1494/2385
f 3106/1494/2385 3108/1496/2386 3107/1495/2283
f 3105/1493/2289 3109/1497/2293 3108/1496/2386
f 3107/1495/2283 3108/1496/2386 3110/1498/2286
f 3109/1497/2293 3111/1499/2297 3112/1500/2387
f 3108/1496/2386 3109/1497/2293 3112/1500/2387
f 3108/1496/2386 3112/1500/2387 3110/1498/2286
f 3111/1499/2297 3113/1501/2388 3112/1500/2387
f 3112/1500/2387 3113/1501/2388 3110/1498/2286
f 3111/1499/2297 3114/1502/2296 3113/1501/2388
f 3110/1498/2286 3113/1501/2388 3115/1503/2294
f 3114/1502/2296 3116/1504/2291 3113/1501/2388
f 3113/1501/2388 3116/1504/2291 3115/1503/2294
f 3117/1505/2000 3118/1506/2389 3119/1507/1998
f 3118/1506/2389 3120/1508/2390 3121/1509/2391
f 3118/1506/2389 3121/1509/2391 3119/1507/1998
f 3120/1508/2390 3122/1510/2392 3123/1511/2393
f 3121/1509/2391 3124/1512/2394 3125/1513/2395
f 3119/1507/1998 3121/1509/2391 3126/1514/1994
f 3120/1508/2390 3123/1511/2393 3127/1515/2396
f 3121/1509/2391 3127/1515/2396 3124/1512/2394
f 3121/1509/2391 3125/1513/2395 3126/1514/1994
f 3121/1509/2391 3120/1508/2390 3127/1515/2396
f 3122/1510/2392 3128/1516/2397 3129/1517/2398
f 3122/1510/2392 3129/1517/2398 3123/1511/2393
f 3124/1512/2394 3127/1515/2396 3130/1518/2399
f 3127/1515/2396 3123/1511/2393 3130/1518/2399
f 3125/1513/2395 3131/1519/2400 3132/1520/2401
f 3125/1513/2395 3132/1520/2401 3126/1514/1994
f 3125/1513/2395 3124/1512/2394 3131/1519/2400
f 3128/1516/2397 3133/1521/2402 3134/1522/2403
f 3128/1516/2397 3134/1522/2403 3129/1517/2398
f 3123/1511/2393 3129/1517/2398 3135/1523/2404
f 3123/1511/2393 3135/1523/2404 3130/1518/2399
f 3132/1520/2401 3131/1519/2400 3136/1524/2405
f 3126/1514/1994 3132/1520/2401 3137/1525/1992
f 3124/1512/2394 3138/1526/2406 3131/1519/2400
f 3124/1512/2394 3130/1518/2399 3138/1526/2406
f 3133/1521/2402 3139/1527/2407 3140/1528/2408
f 3133/1521/2402 3140/1528/2408 3134/1522/2403
f 3129/1517/2398 3134/1522/2403 3141/1529/2409
f 3129/1517/2398 3141/1529/2409 3135/1523/2404
f 3136/1524/2405 3131/1519/2400 3142/1530/2410
f 3131/1519/2400 3138/1526/2406 3142/1530/2410
f 3132/1520/2401 3136/1524/2405 3143/1531/2411
f 3132/1520/2401 3143/1531/2411 3137/1525/1992
f 3130/1518/2399 3135/1523/2404 3144/1532/2412
f 3130/1518/2399 3144/1532/2412 3138/1526/2406
f 3139/1527/2407 3145/1533/2413 3140/1528/2408
f 3134/1522/2403 3140/1528/2408 3146/1534/2414
f 3134/1522/2403 3146/1534/2414 3141/1529/2409
f 3142/1530/2410 3147/1535/2415 3136/1524/2405
f 3143/1531/2411 3136/1524/2405 3148/1536/2416
f 3137/1525/1992 3143/1531/2411 3149/1537/1991
f 3135/1523/2404 3150/1538/2417 3151/1539/2418
f 3135/1523/2404 3151/1539/2418 3144/1532/2412
f 3135/1523/2404 3141/1529/2409 3150/1538/2417
f 3138/1526/2406 3152/1540/2419 3142/1530/2410
f 3138/1526/2406 3144/1532/2412 3152/1540/2419
f 3139/1527/2407 3153/1541/2420 3145/1533/2413
f 3140/1528/2408 3154/1542/2421 3146/1534/2414
f 3140/1528/2408 3145/1533/2413 3154/1542/2421
f 3147/1535/2415 3142/1530/2410 3155/1543/2422
f 3142/1530/2410 3152/1540/2419 3155/1543/2422
f 3136/1524/2405 3147/1535/2415 3156/1544/2423
f 3136/1524/2405 3156/1544/2423 3148/1536/2416
f 3143/1531/2411 3148/1536/2416 3157/1545/2424
f 3143/1531/2411 3157/1545/2424 3149/1537/1991
f 3151/1539/2418 3150/1538/2417 3158/1546/2425
f 3141/1529/2409 3146/1534/2414 3159/1547/2426
f 3150/1538/2417 3141/1529/2409 3159/1547/2426
f 3150/1538/2417 3159/1547/2426 3158/1546/2425
f 3144/1532/2412 3151/1539/2418 3160/1548/2427
f 3151/1539/2418 3158/1546/2425 3160/1548/2427
f 3144/1532/2412 3160/1548/2427 3152/1540/2419
f 3153/1541/2420 3161/1549/2428 3145/1533/2413
f 3154/1542/2421 3162/1550/2429 3146/1534/2414
f 3155/1543/2422 3163/1551/2430 3147/1535/2415
f 3147/1535/2415 3163/1551/2430 3156/1544/2423
f 3157/1545/2424 3164/1552/1989 3149/1537/1991
f 3159/1547/2426 3146/1534/2414 3165/1553/2431
f 3146/1534/2414 3162/1550/2429 3165/1553/2431
f 3158/1546/2425 3166/1554/2432 3167/1555/2433
f 3158/1546/2425 3167/1555/2433 3160/1548/2427
f 3159/1547/2426 3165/1553/2431 3166/1554/2432
f 3159/1547/2426 3166/1554/2432 3158/1546/2425
f 3152/1540/2419 3168/1556/2434 3155/1543/2422
f 3161/1549/2428 3169/1557/2435 3170/1558/2436
f 3161/1549/2428 3170/1558/2436 3145/1533/2413
f 3154/1542/2421 3171/1559/2437 3162/1550/2429
f 3145/1533/2413 3170/1558/2436 3171/1559/2437
f 3145/1533/2413 3171/1559/2437 3154/1542/2421
f 3163/1551/2430 3155/1543/2422 3172/1560/2438
f 3155/1543/2422 3168/1556/2434 3172/1560/2438
f 3156/1544/2423 3163/1551/2430 3173/1561/2439
f 3167/1555/2433 3166/1554/2432 3174/1562/2440
f 3166/1554/2432 3165/1553/2431 3174/1562/2440
f 3160/1548/2427 3167/1555/2433 3175/1563/2441
f 3152/1540/2419 3175/1563/2441 3168/1556/2434
f 3152/1540/2419 3160/1548/2427 3175/1563/2441
f 3167/1555/2433 3174/1562/2440 3175/1563/2441
f 3169/1557/2435 3176/1564/2442 3177/1565/2443
f 3169/1557/2435 3177/1565/2443 3170/1558/2436
f 3162/1550/2429 3178/1566/2444 3165/1553/2431
f 3165/1553/2431 3178/1566/2444 3174/1562/2440
f 3171/1559/2437 3179/1567/2445 3162/1550/2429
f 3170/1558/2436 3177/1565/2443 3179/1567/2445
f 3170/1558/2436 3179/1567/2445 3171/1559/2437
f 3172/1560/2438 3180/1568/2446 3163/1551/2430
f 3163/1551/2430 3180/1568/2446 3173/1561/2439
f 3168/1556/2434 3181/1569/2447 3172/1560/2438
f 3175/1563/2441 3174/1562/2440 3182/1570/2448
f 3168/1556/2434 3182/1570/2448 3181/1569/2447
f 3168/1556/2434 3175/1563/2441 3182/1570/2448
f 3174/1562/2440 3178/1566/2444 3182/1570/2448
f 3176/1564/2442 3183/1571/2449 3177/1565/2443
f 3177/1565/2443 3183/1571/2449 3179/1567/2445
f 3162/1550/2429 3184/1572/2450 3178/1566/2444
f 3180/1568/2446 3172/1560/2438 3185/1573/2451
f 3172/1560/2438 3181/1569/2447 3185/1573/2451
f 3173/1561/2439 3180/1568/2446 3186/1574/2452
f 3182/1570/2448 3178/1566/2444 3187/1575/2453
f 3182/1570/2448 3187/1575/2453 3181/1569/2447
f 3176/1564/2442 3188/1576/2454 3183/1571/2449
f 3179/1567/2445 3183/1571/2449 3189/1577/2455
f 3162/1550/2429 3189/1577/2455 3184/1572/2450
f 3162/1550/2429 3179/1567/2445 3189/1577/2455
f 3185/1573/2451 3181/1569/2447 3190/1578/2456
f 3181/1569/2447 3187/1575/2453 3190/1578/2456
f 3180/1568/2446 3185/1573/2451 3191/1579/2457
f 3180/1568/2446 3191/1579/2457 3186/1574/2452
f 3178/1566/2444 3184/1572/2450 3192/1580/2458
f 3188/1576/2454 3193/1581/2459 3183/1571/2449
f 3183/1571/2449 3193/1581/2459 3189/1577/2455
f 3187/1575/2453 3178/1566/2444 3194/1582/2460
f 3178/1566/2444 3192/1580/2458 3194/1582/2460
f 3190/1578/2456 3195/1583/2461 3185/1573/2451
f 3185/1573/2451 3195/1583/2461 3191/1579/2457
f 3186/1574/2452 3191/1579/2457 3196/1584/2462
f 3184/1572/2450 3189/1577/2455 3197/1585/2463
f 3188/1576/2454 3198/1586/2464 3193/1581/2459
f 3187/1575/2453 3199/1587/2465 3190/1578/2456
f 3187/1575/2453 3194/1582/2460 3199/1587/2465
f 3192/1580/2458 3184/1572/2450 3200/1588/2466
f 3184/1572/2450 3197/1585/2463 3200/1588/2466
f 3195/1583/2461 3190/1578/2456 3201/1589/2467
f 3190/1578/2456 3199/1587/2465 3201/1589/2467
f 3191/1579/2457 3195/1583/2461 3202/1590/2468
f 3191/1579/2457 3202/1590/2468 3196/1584/2462
f 3189/1577/2455 3203/1591/2469 3197/1585/2463
f 3189/1577/2455 3193/1581/2459 3203/1591/2469
f 3198/1586/2464 3204/1592/2470 3193/1581/2459
f 3193/1581/2459 3204/1592/2470 3203/1591/2469
f 3194/1582/2460 3192/1580/2458 3205/1593/2471
f 3200/1588/2466 3197/1585/2463 3206/1594/2472
f 3199/1587/2465 3207/1595/2473 3201/1589/2467
f 3195/1583/2461 3208/1596/2474 3202/1590/2468
f 3195/1583/2461 3201/1589/2467 3208/1596/2474
f 3196/1584/2462 3202/1590/2468 3209/1597/2475
f 3198/1586/2464 3210/1598/2476 3204/1592/2470
f 3203/1591/2469 3211/1599/2477 3197/1585/2463
f 3197/1585/2463 3211/1599/2477 3206/1594/2472
f 3194/1582/2460 3212/1600/2478 3199/1587/2465
f 3199/1587/2465 3212/1600/2478 3207/1595/2473
f 3194/1582/2460 3205/1593/2471 3212/1600/2478
f 3192/1580/2458 3200/1588/2466 3213/1601/2479
f 3200/1588/2466 3206/1594/2472 3213/1601/2479
f 3192/1580/2458 3213/1601/2479 3205/1593/2471
f 3201/1589/2467 3207/1595/2473 3214/1602/2480
f 3201/1589/2467 3214/1602/2480 3208/1596/2474
f 3202/1590/2468 3215/1603/2481 3209/1597/2475
f 3202/1590/2468 3208/1596/2474 3215/1603/2481
f 3210/1598/2476 3216/1604/2482 3204/1592/2470
f 3203/1591/2469 3204/1592/2470 3217/1605/2483
f 3203/1591/2469 3217/1605/2483 3211/1599/2477
f 3212/1600/2478 3218/1606/2484 3207/1595/2473
f 3206/1594/2472 3211/1599/2477 3219/1607/2485
f 3211/1599/2477 3217/1605/2483 3219/1607/2485
f 3213/1601/2479 3220/1608/2486 3205/1593/2471
f 3206/1594/2472 3220/1608/2486 3213/1601/2479
f 3206/1594/2472 3219/1607/2485 3220/1608/2486
f 3214/1602/2480 3207/1595/2473 3221/1609/2487
f 3207/1595/2473 3218/1606/2484 3221/1609/2487
f 3208/1596/2474 3214/1602/2480 3222/1610/2488
f 3208/1596/2474 3222/1610/2488 3215/1603/2481
f 3210/1598/2476 3223/1611/2489 3216/1604/2482
f 3204/1592/2470 3216/1604/2482 3224/1612/2490
f 3204/1592/2470 3224/1612/2490 3217/1605/2483
f 3212/1600/2478 3225/1613/2491 3218/1606/2484
f 3205/1593/2471 3225/1613/2491 3212/1600/2478
f 3205/1593/2471 3220/1608/2486 3225/1613/2491
f 3219/1607/2485 3226/1614/2492 3220/1608/2486
f 3217/1605/2483 3224/1612/2490 3226/1614/2492
f 3217/1605/2483 3226/1614/2492 3219/1607/2485
f 3220/1608/2486 3226/1614/2492 3225/1613/2491
f 3221/1609/2487 3227/1615/2493 3228/1616/2494
f 3214/1602/2480 3221/1609/2487 3229/1617/2495
f 3214/1602/2480 3229/1617/2495 3222/1610/2488
f 3223/1611/2489 3230/1618/2496 3231/1619/2497
f 3216/1604/2482 3232/1620/2498 3233/1621/2499
f 3216/1604/2482 3233/1621/2499 3224/1612/2490
f 3223/1611/2489 3231/1619/2497 3232/1620/2498
f 3223/1611/2489 3232/1620/2498 3216/1604/2482
f 3218/1606/2484 3234/1622/2500 3227/1615/2493
f 3234/1622/2500 3225/1613/2491 3226/1614/2492
f 3234/1622/2500 3233/1621/2499 3227/1615/2493
f 3234/1622/2500 3224/1612/2490 3233/1621/2499
f 3234/1622/2500 3218/1606/2484 3225/1613/2491
f 3218/1606/2484 3227/1615/2493 3221/1609/2487
f 3234/1622/2500 3226/1614/2492 3224/1612/2490
f 3228/1616/2494 3235/1623/2501 3221/1609/2487
f 3221/1609/2487 3235/1623/2501 3229/1617/2495
f 3230/1618/2496 3236/1624/2502 3231/1619/2497
f 3232/1620/2498 3231/1619/2497 3237/1625/2503
f 3227/1615/2493 3233/1621/2499 3237/1625/2503
f 3233/1621/2499 3232/1620/2498 3237/1625/2503
f 3227/1615/2493 3237/1625/2503 3228/1616/2494
f 3235/1623/2501 3228/1616/2494 3238/1626/2504
f 3230/1618/2496 3239/1627/2505 3236/1624/2502
f 3231/1619/2497 3240/1628/2506 3237/1625/2503
f 3237/1625/2503 3240/1628/2506 3228/1616/2494
f 3231/1619/2497 3236/1624/2502 3240/1628/2506
f 3238/1626/2504 3241/1629/2507 3242/1630/2508
f 3241/1629/2507 3228/1616/2494 3240/1628/2506
f 3240/1628/2506 3236/1624/2502 3242/1630/2508
f 3241/1629/2507 3238/1626/2504 3228/1616/2494
f 3241/1629/2507 3240/1628/2506 3242/1630/2508
f 3239/1627/2505 3243/1631/2509 3236/1624/2502
f 3238/1626/2504 3242/1630/2508 3244/1632/2510
f 3243/1631/2509 3245/1633/2511 3246/1634/2512
f 3246/1634/2512 3242/1630/2508 3236/1624/2502
f 3242/1630/2508 3245/1633/2511 3244/1632/2510
f 3246/1634/2512 3236/1624/2502 3243/1631/2509
f 3246/1634/2512 3245/1633/2511 3242/1630/2508
f 3244/1632/2510 3247/1635/2513 3248/1636/2514
f 3244/1632/2510 3245/1633/2511 3247/1635/2513
f 3243/1631/2509 3249/1637/2515 3245/1633/2511
f 3247/1635/2513 3245/1633/2511 3250/1638/2516
f 3250/1638/2516 3245/1633/2511 3249/1637/2515
f 3251/1639/2000 3252/1640/2008 3253/1641/2389
f 3252/1640/2008 3254/1642/2517 3253/1641/2389
f 3252/1640/2008 3255/1643/2006 3254/1642/2517
f 3253/1641/2389 3254/1642/2517 3256/1644/2390
f 3255/1643/2006 3257/1645/2518 3254/1642/2517
f 3256/1644/2390 3254/1642/2517 3258/1646/2519
f 3254/1642/2517 3257/1645/2518 3258/1646/2519
f 3255/1643/2006 3259/1647/2003 3257/1645/2518
f 3256/1644/2390 3258/1646/2519 3260/1648/2392
f 3259/1647/2003 3261/1649/2520 3257/1645/2518
f 3258/1646/2519 3257/1645/2518 3262/1650/2521
f 3260/1648/2392 3258/1646/2519 3263/1651/2522
f 3259/1647/2003 3264/1652/2523 3261/1649/2520
f 3257/1645/2518 3265/1653/2524 3262/1650/2521
f 3257/1645/2518 3261/1649/2520 3265/1653/2524
f 3260/1648/2392 3266/1654/2525 3267/1655/2397
f 3260/1648/2392 3263/1651/2522 3266/1654/2525
f 3258/1646/2519 3268/1656/2526 3263/1651/2522
f 3258/1646/2519 3262/1650/2521 3268/1656/2526
f 3259/1647/2003 3269/1657/2001 3264/1652/2523
f 3261/1649/2520 3264/1652/2523 3270/1658/2527
f 3261/1649/2520 3270/1658/2527 3265/1653/2524
f 3267/1655/2397 3271/1659/2528 3272/1660/2402
f 3267/1655/2397 3266/1654/2525 3271/1659/2528
f 3263/1651/2522 3273/1661/2529 3266/1654/2525
f 3263/1651/2522 3268/1656/2526 3273/1661/2529
f 3262/1650/2521 3274/1662/2530 3268/1656/2526
f 3262/1650/2521 3265/1653/2524 3274/1662/2530
f 3269/1657/2001 3275/1663/1989 3276/1664/2424
f 3269/1657/2001 3276/1664/2424 3264/1652/2523
f 3270/1658/2527 3277/1665/2423 3278/1666/2531
f 3272/1660/2402 3279/1667/2532 3280/1668/2407
f 3272/1660/2402 3271/1659/2528 3279/1667/2532
f 3266/1654/2525 3281/1669/2533 3271/1659/2528
f 3266/1654/2525 3273/1661/2529 3281/1669/2533
f 3268/1656/2526 3282/1670/2534 3273/1661/2529
f 3268/1656/2526 3274/1662/2530 3282/1670/2534
f 3265/1653/2524 3270/1658/2527 3283/1671/2535
f 3265/1653/2524 3283/1671/2535 3274/1662/2530
f 3276/1664/2424 3284/1672/2416 3264/1652/2523
f 3270/1658/2527 3284/1672/2416 3277/1665/2423
f 3270/1658/2527 3278/1666/2531 3283/1671/2535
f 3270/1658/2527 3264/1652/2523 3284/1672/2416
f 3280/1668/2407 3285/1673/2536 3286/1674/2420
f 3280/1668/2407 3279/1667/2532 3285/1673/2536
f 3271/1659/2528 3287/1675/2537 3279/1667/2532
f 3271/1659/2528 3281/1669/2533 3287/1675/2537
f 3273/1661/2529 3288/1676/2538 3281/1669/2533
f 3282/1670/2534 3289/1677/2539 3290/1678/2540
f 3274/1662/2530 3291/1679/2541 3282/1670/2534
f 3274/1662/2530 3283/1671/2535 3291/1679/2541
f 3277/1665/2423 3292/1680/2439 3293/1681/2542
f 3277/1665/2423 3293/1681/2542 3278/1666/2531
f 3286/1674/2420 3285/1673/2536 3294/1682/2428
f 3279/1667/2532 3287/1675/2537 3295/1683/2543
f 3279/1667/2532 3295/1683/2543 3285/1673/2536
f 3273/1661/2529 3296/1684/2544 3288/1676/2538
f 3296/1684/2544 3290/1678/2540 3288/1676/2538
f 3282/1670/2534 3291/1679/2541 3289/1677/2539
f 3282/1670/2534 3296/1684/2544 3273/1661/2529
f 3296/1684/2544 3282/1670/2534 3290/1678/2540
f 3281/1669/2533 3288/1676/2538 3297/1685/2545
f 3288/1676/2538 3290/1678/2540 3297/1685/2545
f 3281/1669/2533 3297/1685/2545 3287/1675/2537
f 3283/1671/2535 3298/1686/2546 3291/1679/2541
f 3278/1666/2531 3293/1681/2542 3298/1686/2546
f 3278/1666/2531 3298/1686/2546 3283/1671/2535
f 3292/1680/2439 3299/1687/2452 3300/1688/2547
f 3292/1680/2439 3300/1688/2547 3293/1681/2542
f 3294/1682/2428 3301/1689/2548 3302/1690/2435
f 3294/1682/2428 3285/1673/2536 3301/1689/2548
f 3295/1683/2543 3303/1691/2549 3304/1692/2550
f 3289/1677/2539 3305/1693/2551 3306/1694/2552
f 3289/1677/2539 3306/1694/2552 3290/1678/2540
f 3289/1677/2539 3291/1679/2541 3305/1693/2551
f 3297/1685/2545 3307/1695/2553 3287/1675/2537
f 3298/1686/2546 3308/1696/2554 3291/1679/2541
f 3291/1679/2541 3308/1696/2554 3305/1693/2551
f 3299/1687/2452 3309/1697/2462 3310/1698/2555
f 3299/1687/2452 3310/1698/2555 3300/1688/2547
f 3293/1681/2542 3300/1688/2547 3311/1699/2556
f 3298/1686/2546 3311/1699/2556 3308/1696/2554
f 3298/1686/2546 3293/1681/2542 3311/1699/2556
f 3302/1690/2435 3301/1689/2548 3312/1700/2557
f 3285/1673/2536 3312/1700/2557 3301/1689/2548
f 3285/1673/2536 3295/1683/2543 3312/1700/2557
f 3303/1691/2549 3295/1683/2543 3313/1701/2558
f 3295/1683/2543 3304/1692/2550 3312/1700/2557
f 3287/1675/2537 3307/1695/2553 3313/1701/2558
f 3287/1675/2537 3313/1701/2558 3295/1683/2543
f 3306/1694/2552 3314/1702/2559 3290/1678/2540
f 3297/1685/2545 3314/1702/2559 3307/1695/2553
f 3297/1685/2545 3290/1678/2540 3314/1702/2559
f 3305/1693/2551 3308/1696/2554 3315/1703/2560
f 3309/1697/2462 3316/1704/2561 3310/1698/2555
f 3300/1688/2547 3310/1698/2555 3317/1705/2562
f 3300/1688/2547 3317/1705/2562 3311/1699/2556
f 3302/1690/2435 3312/1700/2557 3318/1706/2442
f 3312/1700/2557 3304/1692/2550 3318/1706/2442
f 3303/1691/2549 3313/1701/2558 3319/1707/2563
f 3306/1694/2552 3305/1693/2551 3320/1708/2564
f 3314/1702/2559 3320/1708/2564 3307/1695/2553
f 3314/1702/2559 3306/1694/2552 3320/1708/2564
f 3305/1693/2551 3315/1703/2560 3320/1708/2564
f 3308/1696/2554 3311/1699/2556 3321/1709/2565
f 3311/1699/2556 3317/1705/2562 3321/1709/2565
f 3308/1696/2554 3321/1709/2565 3315/1703/2560
f 3309/1697/2462 3322/1710/2475 3316/1704/2561
f 3310/1698/2555 3323/1711/2566 3317/1705/2562
f 3310/1698/2555 3316/1704/2561 3323/1711/2566
f 3304/1692/2550 3303/1691/2549 3324/1712/2567
f 3318/1706/2442 3304/1692/2550 3325/1713/2454
f 3304/1692/2550 3324/1712/2567 3325/1713/2454
f 3313/1701/2558 3326/1714/2568 3319/1707/2563
f 3320/1708/2564 3326/1714/2568 3307/1695/2553
f 3307/1695/2553 3326/1714/2568 3313/1701/2558
f 3320/1708/2564 3315/1703/2560 3326/1714/2568
f 3321/1709/2565 3317/1705/2562 3327/1715/2569
f 3317/1705/2562 3323/1711/2566 3327/1715/2569
f 3322/1710/2475 3328/1716/2481 3316/1704/2561
f 3303/1691/2549 3329/1717/2570 3324/1712/2567
f 3325/1713/2454 3324/1712/2567 3330/1718/2464
f 3319/1707/2563 3326/1714/2568 3331/1719/2571
f 3315/1703/2560 3321/1709/2565 3332/1720/2572
f 3321/1709/2565 3327/1715/2569 3332/1720/2572
f 3315/1703/2560 3332/1720/2572 3326/1714/2568
f 3323/1711/2566 3333/1721/2573 3334/1722/2574
f 3323/1711/2566 3316/1704/2561 3333/1721/2573
f 3316/1704/2561 3328/1716/2481 3333/1721/2573
f 3323/1711/2566 3334/1722/2574 3327/1715/2569
f 3303/1691/2549 3335/1723/2575 3329/1717/2570
f 3303/1691/2549 3319/1707/2563 3335/1723/2575
f 3324/1712/2567 3329/1717/2570 3336/1724/2576
f 3324/1712/2567 3336/1724/2576 3330/1718/2464
f 3331/1719/2571 3326/1714/2568 3337/1725/2577
f 3326/1714/2568 3332/1720/2572 3337/1725/2577
f 3328/1716/2481 3338/1726/2488 3333/1721/2573
f 3334/1722/2574 3339/1727/2578 3327/1715/2569
f 3332/1720/2572 3339/1727/2578 3337/1725/2577
f 3332/1720/2572 3327/1715/2569 3339/1727/2578
f 3319/1707/2563 3340/1728/2579 3335/1723/2575
f 3319/1707/2563 3331/1719/2571 3340/1728/2579
f 3329/1717/2570 3335/1723/2575 3341/1729/2580
f 3336/1724/2576 3342/1730/2581 3343/1731/2582
f 3329/1717/2570 3342/1730/2581 3336/1724/2576
f 3329/1717/2570 3341/1729/2580 3342/1730/2581
f 3330/1718/2464 3336/1724/2576 3344/1732/2476
f 3336/1724/2576 3343/1731/2582 3344/1732/2476
f 3338/1726/2488 3345/1733/2583 3333/1721/2573
f 3333/1721/2573 3345/1733/2583 3334/1722/2574
f 3337/1725/2577 3346/1734/2584 3331/1719/2571
f 3339/1727/2578 3347/1735/2585 3337/1725/2577
f 3337/1725/2577 3347/1735/2585 3346/1734/2584
f 3340/1728/2579 3348/1736/2586 3349/1737/2587
f 3340/1728/2579 3349/1737/2587 3335/1723/2575
f 3331/1719/2571 3348/1736/2586 3340/1728/2579
f 3331/1719/2571 3346/1734/2584 3348/1736/2586
f 3335/1723/2575 3349/1737/2587 3341/1729/2580
f 3342/1730/2581 3350/1738/2588 3343/1731/2582
f 3344/1732/2476 3351/1739/2589 3352/1740/2489
f 3344/1732/2476 3343/1731/2582 3351/1739/2589
f 3338/1726/2488 3353/1741/2495 3345/1733/2583
f 3334/1722/2574 3354/1742/2590 3339/1727/2578
f 3339/1727/2578 3354/1742/2590 3347/1735/2585
f 3334/1722/2574 3345/1733/2583 3354/1742/2590
f 3346/1734/2584 3355/1743/2591 3348/1736/2586
f 3348/1736/2586 3355/1743/2591 3349/1737/2587
f 3341/1729/2580 3349/1737/2587 3356/1744/2592
f 3342/1730/2581 3356/1744/2592 3350/1738/2588
f 3342/1730/2581 3341/1729/2580 3356/1744/2592
f 3352/1740/2489 3351/1739/2589 3357/1745/2593
f 3343/1731/2582 3358/1746/2594 3351/1739/2589
f 3343/1731/2582 3350/1738/2588 3358/1746/2594
f 3353/1741/2495 3359/1747/2501 3360/1748/2595
f 3347/1735/2585 3361/1749/2596 3346/1734/2584
f 3346/1734/2584 3361/1749/2596 3355/1743/2591
f 3345/1733/2583 3353/1741/2495 3362/1750/2597
f 3353/1741/2495 3360/1748/2595 3362/1750/2597
f 3345/1733/2583 3362/1750/2597 3354/1742/2590
f 3349/1737/2587 3363/1751/2598 3356/1744/2592
f 3356/1744/2592 3363/1751/2598 3350/1738/2588
f 3349/1737/2587 3355/1743/2591 3363/1751/2598
f 3352/1740/2489 3357/1745/2593 3364/1752/2496
f 3351/1739/2589 3358/1746/2594 3365/1753/2599
f 3351/1739/2589 3365/1753/2599 3357/1745/2593
f 3359/1747/2501 3366/1754/2504 3367/1755/2600
f 3359/1747/2501 3367/1755/2600 3360/1748/2595
f 3347/1735/2585 3368/1756/2601 3361/1749/2596
f 3354/1742/2590 3362/1750/2597 3368/1756/2601
f 3354/1742/2590 3368/1756/2601 3347/1735/2585
f 3350/1738/2588 3369/1757/2602 3358/1746/2594
f 3361/1749/2596 3369/1757/2602 3355/1743/2591
f 3363/1751/2598 3355/1743/2591 3369/1757/2602
f 3363/1751/2598 3369/1757/2602 3350/1738/2588
f 3361/1749/2596 3368/1756/2601 3369/1757/2602
f 3364/1752/2496 3370/1758/2603 3371/1759/2505
f 3367/1755/2600 3365/1753/2599 3360/1748/2595
f 3367/1755/2600 3357/1745/2593 3365/1753/2599
f 3357/1745/2593 3370/1758/2603 3364/1752/2496
f 3367/1755/2600 3366/1754/2504 3370/1758/2603
f 3367/1755/2600 3370/1758/2603 3357/1745/2593
f 3362/1750/2597 3360/1748/2595 3372/1760/2604
f 3372/1760/2604 3365/1753/2599 3358/1746/2594
f 3372/1760/2604 3369/1757/2602 3368/1756/2601
f 3372/1760/2604 3368/1756/2601 3362/1750/2597
f 3372/1760/2604 3360/1748/2595 3365/1753/2599
f 3372/1760/2604 3358/1746/2594 3369/1757/2602
f 3371/1759/2505 3370/1758/2603 3373/1761/2605
f 3370/1758/2603 3366/1754/2504 3373/1761/2605
f 3371/1759/2505 3373/1761/2605 3374/1762/2509
f 3366/1754/2504 3375/1763/2510 3373/1761/2605
f 3374/1762/2509 3376/1764/2606 3377/1765/2515
f 3373/1761/2605 3375/1763/2510 3376/1764/2606
f 3373/1761/2605 3376/1764/2606 3374/1762/2509
f 3377/1765/2515 3378/1766/2607 3379/1767/2516
f 3376/1764/2606 3375/1763/2510 3378/1766/2607
f 3376/1764/2606 3378/1766/2607 3377/1765/2515
f 3379/1767/2516 3378/1766/2607 3380/1768/2513
f 3375/1763/2510 3381/1769/2514 3378/1766/2607
f 3378/1766/2607 3381/1769/2514 3380/1768/2513
usemtl mat2
f 1240/1770/1004 1241/1771/1005 1242/1772/1006
f 1240/1770/1004 1243/1773/1007 1241/1771/1005
f 1240/1770/1004 1242/1772/1006 1244/1774/1008
f 1240/1770/1004 1245/1775/1009 1243/1773/1007
f 1240/1770/1004 1244/1774/1008 1246/1776/1010
f 1240/1770/1004 1247/1777/1011 1245/1775/1009
f 1240/1770/1004 1246/1776/1010 1248/1778/1012
f 1240/1770/1004 1248/1778/1012 1247/1777/1011
f 1241/1771/1005 1249/1779/1013 1242/1772/1006
f 1241/1771/1005 1243/1773/1007 1250/1780/1014
f 1241/1771/1005 1251/1781/1015 1249/1779/1013
f 1241/1771/1005 1250/1780/1014 1251/1781/1015
f 1244/1774/1008 1252/1782/1016 1246/1776/1010
f 1244/1774/1008 1242/1772/1006 1253/1783/1017
f 1244/1774/1008 1254/1784/1018 1252/1782/1016
f 1244/1774/1008 1253/1783/1017 1254/1784/1018
f 1245/1775/1009 1247/1777/1011 1255/1785/1019
f 1245/1775/1009 1256/1786/1020 1243/1773/1007
f 1245/1775/1009 1255/1785/1019 1256/1786/1020
f 1248/1778/1012 1246/1776/1010 1257/1787/1021
f 1248/1778/1012 1258/1788/1022 1247/1777/1011
f 1248/1778/1012 1257/1787/1021 1259/1789/1023
f 1248/1778/1012 1259/1789/1023 1258/1788/1022
f 1249/1779/1013 1251/1781/1015 1260/1790/1023
f 1249/1779/1013 1261/1791/1024 1242/1772/1006
f 1249/1779/1013 1260/1790/1023 1262/1792/1021
f 1249/1779/1013 1262/1792/1021 1261/1791/1024
f 1242/1772/1006 1261/1791/1024 1253/1783/1017
f 1250/1780/1014 1243/1773/1007 1263/1793/1025
f 1250/1780/1014 1264/1794/1022 1251/1781/1015
f 1250/1780/1014 1263/1793/1025 1265/1795/1026
f 1250/1780/1014 1265/1795/1026 1264/1794/1022
f 1264/1794/1022 1260/1790/1023 1251/1781/1015
f 1252/1782/1016 1254/1784/1018 1266/1796/1027
f 1252/1782/1016 1267/1797/1028 1246/1776/1010
f 1252/1782/1016 1266/1796/1027 1268/1798/1029
f 1252/1782/1016 1268/1798/1029 1267/1797/1028
f 1267/1797/1028 1257/1787/1021 1246/1776/1010
f 1255/1785/1019 1269/1799/1030 1256/1786/1020
f 1255/1785/1019 1247/1777/1011 1270/1800/1026
f 1255/1785/1019 1271/1801/1031 1269/1799/1030
f 1255/1785/1019 1270/1800/1026 1271/1801/1031
f 1270/1800/1026 1247/1777/1011 1258/1788/1022
f 1262/1792/1021 1272/1802/1028 1261/1791/1024
f 1253/1783/1017 1273/1803/1032 1254/1784/1018
f 1253/1783/1017 1261/1791/1024 1274/1804/1033
f 1253/1783/1017 1274/1804/1033 1273/1803/1032
f 1261/1791/1024 1272/1802/1028 1274/1804/1033
f 1243/1773/1007 1275/1805/1034 1263/1793/1025
f 1243/1773/1007 1256/1786/1020 1275/1805/1034
f 1265/1795/1026 1263/1793/1025 1276/1806/1031
f 1266/1796/1027 1277/1807/1035 1268/1798/1029
f 1266/1796/1027 1254/1784/1018 1278/1808/1036
f 1266/1796/1027 1279/1809/1037 1277/1807/1035
f 1266/1796/1027 1278/1808/1036 1279/1809/1037
f 1254/1784/1018 1273/1803/1032 1278/1808/1036
f 1269/1799/1030 1271/1801/1031 1280/1810/1038
f 1269/1799/1030 1281/1811/1039 1256/1786/1020
f 1269/1799/1030 1280/1810/1038 1282/1812/1040
f 1269/1799/1030 1282/1812/1040 1281/1811/1039
f 1256/1786/1020 1281/1811/1039 1275/1805/1034
f 1272/1802/1028 1283/1813/1029 1274/1804/1033
f 1263/1793/1025 1284/1814/1041 1276/1806/1031
f 1263/1793/1025 1275/1805/1034 1284/1814/1041
f 1277/1807/1035 1279/1809/1037 1285/1815/1042
f 1273/1803/1032 1286/1816/1043 1278/1808/1036
f 1273/1803/1032 1274/1804/1033 1287/1817/1044
f 1273/1803/1032 1287/1817/1044 1286/1816/1043
f 1280/1810/1038 1288/1818/1045 1282/1812/1040
f 1280/1810/1038 1289/1819/1046 1288/1818/1045
f 1281/1811/1039 1290/1820/1047 1275/1805/1034
f 1281/1811/1039 1282/1812/1040 1291/1821/1048
f 1281/1811/1039 1292/1822/1049 1290/1820/1047
f 1281/1811/1039 1291/1821/1048 1292/1822/1049
f 1282/1812/1040 1288/1818/1045 1291/1821/1048
f 1275/1805/1034 1290/1820/1047 1284/1814/1041
f 1283/1813/1029 1293/1823/1035 1274/1804/1033
f 1274/1804/1033 1293/1823/1035 1287/1817/1044
f 1276/1806/1031 1284/1814/1041 1294/1824/1038
f 1279/1809/1037 1295/1825/1050 1285/1815/1042
f 1279/1809/1037 1278/1808/1036 1296/1826/1051
f 1279/1809/1037 1296/1826/1051 1295/1825/1050
f 1278/1808/1036 1286/1816/1043 1296/1826/1051
f 1289/1819/1046 1297/1827/1052 1288/1818/1045
f 1292/1822/1049 1291/1821/1048 1298/1828/1053
f 1292/1822/1049 1299/1829/1054 1290/1820/1047
f 1292/1822/1049 1298/1828/1053 1300/1830/1055
f 1292/1822/1049 1301/1831/1056 1299/1829/1054
f 1292/1822/1049 1300/1830/1055 1301/1831/1056
f 1288/1818/1045 1297/1827/1052 1298/1828/1053
f 1288/1818/1045 1298/1828/1053 1291/1821/1048
f 1284/1814/1041 1299/1829/1054 1294/1824/1038
f 1284/1814/1041 1290/1820/1047 1299/1829/1054
f 1293/1823/1035 1302/1832/1042 1287/1817/1044
f 1285/1815/1042 1295/1825/1050 1303/1833/1057
f 1286/1816/1043 1304/1834/1058 1296/1826/1051
f 1286/1816/1043 1287/1817/1044 1305/1835/1059
f 1286/1816/1043 1305/1835/1059 1304/1834/1058
f 1287/1817/1044 1302/1832/1042 1305/1835/1059
f 1300/1830/1055 1306/1836/1052 1301/1831/1056
f 1300/1830/1055 1298/1828/1053 1306/1836/1052
f 1294/1824/1038 1299/1829/1054 1307/1837/1046
f 1307/1837/1046 1301/1831/1056 1306/1836/1052
f 1307/1837/1046 1299/1829/1054 1301/1831/1056
f 1295/1825/1050 1308/1838/1060 1303/1833/1057
f 1295/1825/1050 1296/1826/1051 1309/1839/1061
f 1295/1825/1050 1309/1839/1061 1308/1838/1060
f 1296/1826/1051 1304/1834/1058 1309/1839/1061
f 1302/1832/1042 1310/1840/1057 1305/1835/1059
f 1308/1838/1060 1309/1839/1061 1311/1841/1062
f 1309/1839/1061 1304/1834/1058 1311/1841/1062
f 1310/1840/1057 1312/1842/1063 1305/1835/1059
f 1305/1835/1059 1312/1842/1063 1304/1834/1058
f 1311/1841/1062 1304/1834/1058 1313/1843/1064
f 1313/1843/1064 1304/1834/1058 1312/1842/1063
f 1314/1844/1065 1315/1845/1066 1316/1846/1067
f 1314/1844/1065 1317/1847/1068 1315/1845/1066
f 1314/1844/1065 1316/1846/1067 1318/1848/1069
f 1314/1844/1065 1319/1849/1070 1317/1847/1068
f 1314/1844/1065 1318/1848/1069 1320/1850/1071
f 1314/1844/1065 1321/1851/1072 1319/1849/1070
f 1314/1844/1065 1320/1850/1071 1322/1852/1073
f 1314/1844/1065 1322/1852/1073 1321/1851/1072
f 1315/1845/1066 1323/1853/1074 1316/1846/1067
f 1315/1845/1066 1317/1847/1068 1324/1854/1075
f 1315/1845/1066 1325/1855/1076 1323/1853/1074
f 1315/1845/1066 1324/1854/1075 1325/1855/1076
f 1318/1848/1069 1326/1856/1077 1320/1850/1071
f 1318/1848/1069 1316/1846/1067 1327/1857/1078
f 1318/1848/1069 1328/1858/1079 1326/1856/1077
f 1318/1848/1069 1327/1857/1078 1328/1858/1079
f 1319/1849/1070 1321/1851/1072 1329/1859/1080
f 1319/1849/1070 1330/1860/1081 1317/1847/1068
f 1319/1849/1070 1329/1859/1080 1331/1861/1082
f 1319/1849/1070 1331/1861/1082 1330/1860/1081
f 1322/1852/1073 1320/1850/1071 1332/1862/1083
f 1322/1852/1073 1333/1863/1084 1321/1851/1072
f 1322/1852/1073 1332/1862/1083 1333/1863/1084
f 1323/1853/1074 1325/1855/1076 1334/1864/1085
f 1323/1853/1074 1335/1865/1086 1316/1846/1067
f 1323/1853/1074 1334/1864/1085 1336/1866/1087
f 1323/1853/1074 1336/1866/1087 1335/1865/1086
f 1316/1846/1067 1335/1865/1086 1327/1857/1078
f 1324/1854/1075 1317/1847/1068 1337/1867/1088
f 1324/1854/1075 1338/1868/1089 1325/1855/1076
f 1324/1854/1075 1337/1867/1088 1339/1869/1090
f 1324/1854/1075 1339/1869/1090 1338/1868/1089
f 1337/1867/1088 1317/1847/1068 1330/1860/1081
f 1326/1856/1077 1328/1858/1079 1340/1870/1080
f 1326/1856/1077 1341/1871/1091 1320/1850/1071
f 1326/1856/1077 1340/1870/1080 1342/1872/1092
f 1326/1856/1077 1342/1872/1092 1341/1871/1091
f 1329/1859/1080 1321/1851/1072 1343/1873/1092
f 1321/1851/1072 1333/1863/1084 1343/1873/1092
f 1332/1862/1083 1320/1850/1071 1344/1874/1093
f 1332/1862/1083 1345/1875/1094 1333/1863/1084
f 1332/1862/1083 1344/1874/1093 1346/1876/1095
f 1332/1862/1083 1346/1876/1095 1345/1875/1094
f 1320/1850/1071 1341/1871/1091 1344/1874/1093
f 1334/1864/1085 1347/1877/1096 1336/1866/1087
f 1334/1864/1085 1325/1855/1076 1348/1878/1097
f 1334/1864/1085 1349/1879/1098 1347/1877/1096
f 1334/1864/1085 1348/1878/1097 1349/1879/1098
f 1325/1855/1076 1338/1868/1089 1348/1878/1097
f 1335/1865/1086 1350/1880/1081 1327/1857/1078
f 1335/1865/1086 1336/1866/1087 1351/1881/1088
f 1335/1865/1086 1351/1881/1088 1350/1880/1081
f 1339/1869/1090 1352/1882/1099 1338/1868/1089
f 1328/1858/1079 1353/1883/1082 1340/1870/1080
f 1328/1858/1079 1327/1857/1078 1353/1883/1082
f 1353/1883/1082 1327/1857/1078 1350/1880/1081
f 1342/1872/1092 1354/1884/1100 1341/1871/1091
f 1343/1873/1092 1333/1863/1084 1355/1885/1100
f 1333/1863/1084 1345/1875/1094 1355/1885/1100
f 1346/1876/1095 1344/1874/1093 1356/1886/1101
f 1346/1876/1095 1357/1887/1102 1345/1875/1094
f 1346/1876/1095 1356/1886/1101 1358/1888/1103
f 1346/1876/1095 1359/1889/1104 1357/1887/1102
f 1346/1876/1095 1358/1888/1103 1359/1889/1104
f 1347/1877/1096 1349/1879/1098 1360/1890/1105
f 1347/1877/1096 1361/1891/1099 1336/1866/1087
f 1347/1877/1096 1360/1890/1105 1362/1892/1106
f 1347/1877/1096 1362/1892/1106 1361/1891/1099
f 1348/1878/1097 1338/1868/1089 1363/1893/1107
f 1348/1878/1097 1364/1894/1108 1349/1879/1098
f 1348/1878/1097 1363/1893/1107 1364/1894/1108
f 1338/1868/1089 1352/1882/1099 1363/1893/1107
f 1351/1881/1088 1336/1866/1087 1365/1895/1090
f 1365/1895/1090 1336/1866/1087 1361/1891/1099
f 1354/1884/1100 1366/1896/1109 1341/1871/1091
f 1354/1884/1100 1367/1897/1110 1366/1896/1109
f 1344/1874/1093 1366/1896/1109 1356/1886/1101
f 1344/1874/1093 1341/1871/1091 1366/1896/1109
f 1355/1885/1100 1345/1875/1094 1368/1898/1110
f 1345/1875/1094 1357/1887/1102 1368/1898/1110
f 1358/1888/1103 1369/1899/1111 1359/1889/1104
f 1358/1888/1103 1356/1886/1101 1370/1900/1112
f 1358/1888/1103 1371/1901/1113 1369/1899/1111
f 1358/1888/1103 1370/1900/1112 1372/1902/1114
f 1358/1888/1103 1372/1902/1114 1371/1901/1113
f 1366/1896/1109 1367/1897/1110 1370/1900/1112
f 1366/1896/1109 1370/1900/1112 1356/1886/1101
f 1360/1890/1105 1373/1903/1115 1362/1892/1106
f 1360/1890/1105 1349/1879/1098 1374/1904/1116
f 1360/1890/1105 1375/1905/1117 1373/1903/1115
f 1360/1890/1105 1374/1904/1116 1375/1905/1117
f 1349/1879/1098 1364/1894/1108 1374/1904/1116
f 1352/1882/1099 1376/1906/1106 1363/1893/1107
f 1357/1887/1102 1377/1907/1118 1368/1898/1110
f 1357/1887/1102 1359/1889/1104 1377/1907/1118
f 1359/1889/1104 1369/1899/1111 1377/1907/1118
f 1372/1902/1114 1378/1908/1119 1371/1901/1113
f 1372/1902/1114 1370/1900/1112 1379/1909/1120
f 1372/1902/1114 1379/1909/1120 1378/1908/1119
f 1378/1908/1119 1369/1899/1111 1371/1901/1113
f 1379/1909/1120 1370/1900/1112 1367/1897/1110
f 1375/1905/1117 1374/1904/1116 1380/1910/1121
f 1364/1894/1108 1363/1893/1107 1381/1911/1122
f 1364/1894/1108 1382/1912/1123 1374/1904/1116
f 1364/1894/1108 1381/1911/1122 1382/1912/1123
f 1363/1893/1107 1376/1906/1106 1381/1911/1122
f 1368/1898/1110 1377/1907/1118 1383/1913/1120
f 1369/1899/1111 1384/1914/1119 1377/1907/1118
f 1377/1907/1118 1384/1914/1119 1383/1913/1120
f 1380/1910/1121 1374/1904/1116 1385/1915/1124
f 1374/1904/1116 1382/1912/1123 1385/1915/1124
f 1376/1906/1106 1386/1916/1115 1381/1911/1122
f 1382/1912/1123 1387/1917/1125 1385/1915/1124
f 1382/1912/1123 1381/1911/1122 1387/1917/1125
f 1387/1917/1125 1381/1911/1122 1386/1916/1115
f 1388/1918/1126 1389/1919/1127 1390/1920/1128
f 1388/1918/1126 1391/1921/1129 1389/1919/1127
f 1388/1918/1126 1390/1920/1128 1392/1922/1130
f 1388/1918/1126 1393/1923/1131 1391/1921/1129
f 1388/1918/1126 1392/1922/1130 1394/1924/1132
f 1388/1918/1126 1395/1925/1133 1393/1923/1131
f 1388/1918/1126 1394/1924/1132 1396/1926/1134
f 1388/1918/1126 1396/1926/1134 1395/1925/1133
f 1389/1919/1127 1397/1927/1135 1390/1920/1128
f 1389/1919/1127 1391/1921/1129 1398/1928/1136
f 1389/1919/1127 1398/1928/1136 1397/1927/1135
f 1392/1922/1130 1399/1929/1137 1394/1924/1132
f 1392/1922/1130 1390/1920/1128 1400/1930/1138
f 1392/1922/1130 1400/1930/1138 1399/1929/1137
f 1396/1926/1134 1401/1931/1139 1395/1925/1133
f 1396/1926/1134 1394/1924/1132 1402/1932/1140
f 1396/1926/1134 1402/1932/1140 1401/1931/1139
f 1398/1928/1136 1403/1933/976 1397/1927/1135
f 1390/1920/1128 1404/1934/1141 1400/1930/1138
f 1390/1920/1128 1397/1927/1135 1404/1934/1141
f 1399/1929/1137 1405/1935/1142 1394/1924/1132
f 1399/1929/1137 1400/1930/1138 1406/1936/632
f 1399/1929/1137 1407/1937/631 1405/1935/1142
f 1399/1929/1137 1406/1936/632 1407/1937/631
f 1394/1924/1132 1405/1935/1142 1402/1932/1140
f 1395/1925/1133 1401/1931/1139 1408/1938/1143
f 1403/1933/976 1409/1939/978 1397/1927/1135
f 1404/1934/1141 1410/1940/627 1400/1930/1138
f 1404/1934/1141 1397/1927/1135 1411/1941/615
f 1404/1934/1141 1412/1942/622 1410/1940/627
f 1404/1934/1141 1411/1941/615 1412/1942/622
f 1410/1940/627 1406/1936/632 1400/1930/1138
f 1397/1927/1135 1409/1939/978 1411/1941/615
f 1407/1937/631 1413/1943/638 1405/1935/1142
f 1402/1932/1140 1414/1944/1144 1401/1931/1139
f 1402/1932/1140 1405/1935/1142 1415/1945/1145
f 1402/1932/1140 1415/1945/1145 1414/1944/1144
f 1415/1945/1145 1405/1935/1142 1413/1943/638
f 1408/1938/1143 1401/1931/1139 1416/1946/1146
f 1408/1938/1143 1416/1946/1146 1417/1947/1147
f 1416/1946/1146 1401/1931/1139 1414/1944/1144
f 1409/1939/978 1418/1948/616 1411/1941/615
f 1419/1949/1148 1420/1950/1149 1421/1951/1150
f 1419/1949/1148 1422/1952/1151 1420/1950/1149
f 1419/1949/1148 1421/1951/1150 1423/1953/1129
f 1419/1949/1148 1424/1954/1152 1422/1952/1151
f 1419/1949/1148 1423/1953/1129 1425/1955/1131
f 1419/1949/1148 1426/1956/1153 1424/1954/1152
f 1419/1949/1148 1425/1955/1131 1427/1957/1133
f 1419/1949/1148 1427/1957/1133 1426/1956/1153
f 1420/1950/1149 1428/1958/1154 1421/1951/1150
f 1420/1950/1149 1422/1952/1151 1429/1959/1155
f 1420/1950/1149 1430/1960/1156 1428/1958/1154
f 1420/1950/1149 1429/1959/1155 1430/1960/1156
f 1423/1953/1129 1421/1951/1150 1431/1961/1136
f 1421/1951/1150 1428/1958/1154 1431/1961/1136
f 1424/1954/1152 1426/1956/1153 1432/1962/1157
f 1424/1954/1152 1433/1963/1158 1422/1952/1151
f 1424/1954/1152 1432/1962/1157 1434/1964/1159
f 1424/1954/1152 1434/1964/1159 1433/1963/1158
f 1422/1952/1151 1433/1963/1158 1429/1959/1155
f 1427/1957/1133 1435/1965/1160 1426/1956/1153
f 1427/1957/1133 1436/1966/1143 1435/1965/1160
f 1426/1956/1153 1435/1965/1160 1432/1962/1157
f 1430/1960/1156 1437/1967/609 1428/1958/1154
f 1430/1960/1156 1429/1959/1155 1438/1968/619
f 1430/1960/1156 1439/1969/610 1437/1967/609
f 1430/1960/1156 1438/1968/619 1439/1969/610
f 1431/1961/1136 1428/1958/1154 1440/1970/976
f 1434/1964/1159 1441/1971/635 1433/1963/1158
f 1434/1964/1159 1432/1962/1157 1442/1972/1161
f 1434/1964/1159 1443/1973/637 1441/1971/635
f 1434/1964/1159 1442/1972/1161 1443/1973/637
f 1436/1966/1143 1444/1974/1162 1435/1965/1160
f 1436/1966/1143 1445/1975/1147 1444/1974/1162
f 1429/1959/1155 1446/1976/630 1438/1968/619
f 1429/1959/1155 1433/1963/1158 1446/1976/630
f 1446/1976/630 1433/1963/1158 1441/1971/635
f 1437/1967/609 1447/1977/994 1428/1958/1154
f 1437/1967/609 1448/1978/617 1447/1977/994
f 1447/1977/994 1440/1970/976 1428/1958/1154
f 1432/1962/1157 1449/1979/1163 1442/1972/1161
f 1432/1962/1157 1435/1965/1160 1449/1979/1163
f 1449/1979/1163 1435/1965/1160 1444/1974/1162
f 1450/1980/1164 1451/1981/1165 1452/1982/1166
f 1450/1980/1164 1453/1983/1167 1451/1981/1165
f 1450/1980/1164 1452/1982/1166 1454/1984/1168
f 1450/1980/1164 1455/1985/1169 1453/1983/1167
f 1450/1980/1164 1454/1984/1168 1456/1986/1170
f 1450/1980/1164 1457/1987/1171 1455/1985/1169
f 1450/1980/1164 1456/1986/1170 1458/1988/1172
f 1450/1980/1164 1459/1989/1173 1457/1987/1171
f 1450/1980/1164 1458/1988/1172 1460/1990/1174
f 1450/1980/1164 1461/1991/1175 1459/1989/1173
f 1450/1980/1164 1460/1990/1174 1461/1991/1175
f 1451/1981/1165 1453/1983/1167 1462/1992/1176
f 1455/1985/1169 1463/1993/1177 1453/1983/1167
f 1455/1985/1169 1464/1994/1178 1463/1993/1177
f 1453/1983/1167 1463/1993/1177 1462/1992/1176
f 1464/1994/1178 1465/1995/1179 1463/1993/1177
f 1464/1994/1178 1466/1996/1180 1465/1995/1179
f 1462/1992/1176 1463/1993/1177 1467/1997/1181
f 1463/1993/1177 1465/1995/1179 1467/1997/1181
f 1466/1996/1180 1468/1998/1182 1465/1995/1179
f 1466/1996/1180 1469/1999/1183 1468/1998/1182
f 1467/1997/1181 1465/1995/1179 1470/2000/1184
f 1465/1995/1179 1468/1998/1182 1470/2000/1184
f 1469/1999/1183 1471/2001/1185 1468/1998/1182
f 1469/1999/1183 1472/2002/1186 1471/2001/1185
f 1470/2000/1184 1468/1998/1182 1473/2003/1187
f 1468/1998/1182 1471/2001/1185 1473/2003/1187
f 1472/2002/1186 1474/2004/1188 1471/2001/1185
f 1472/2002/1186 1475/2005/1189 1474/2004/1188
f 1473/2003/1187 1471/2001/1185 1476/2006/1190
f 1471/2001/1185 1474/2004/1188 1476/2006/1190
f 1475/2005/1189 1477/2007/1191 1474/2004/1188
f 1475/2005/1189 1478/2008/1192 1477/2007/1191
f 1476/2006/1190 1474/2004/1188 1479/2009/1193
f 1474/2004/1188 1477/2007/1191 1479/2009/1193
f 1478/2008/1192 1480/2010/1194 1477/2007/1191
f 1478/2008/1192 1481/2011/1195 1480/2010/1194
f 1479/2009/1193 1477/2007/1191 1482/2012/1196
f 1481/2011/1195 1483/2013/1197 1480/2010/1194
f 1481/2011/1195 1484/2014/1198 1483/2013/1197
f 1477/2007/1191 1485/2015/1199 1482/2012/1196
f 1477/2007/1191 1480/2010/1194 1486/2016/1200
f 1477/2007/1191 1487/2017/1201 1485/2015/1199
f 1477/2007/1191 1486/2016/1200 1487/2017/1201
f 1484/2014/1198 1488/2018/1202 1483/2013/1197
f 1482/2012/1196 1485/2015/1199 1489/2019/1203
f 1480/2010/1194 1490/2020/1204 1486/2016/1200
f 1480/2010/1194 1483/2013/1197 1490/2020/1204
f 1487/2017/1201 1491/2021/1205 1485/2015/1199
f 1487/2017/1201 1486/2016/1200 1492/2022/1205
f 1487/2017/1201 1493/2023/1205 1491/2021/1205
f 1487/2017/1201 1492/2022/1205 1494/2024/1205
f 1487/2017/1201 1494/2024/1205 1493/2023/1205
f 1488/2018/1202 1495/2025/1206 1483/2013/1197
f 1483/2013/1197 1495/2025/1206 1490/2020/1204
f 1489/2019/1203 1485/2015/1199 1496/2026/1205
f 1489/2019/1203 1496/2026/1205 1497/2027/1207
f 1486/2016/1200 1498/2028/1208 1492/2022/1205
f 1486/2016/1200 1490/2020/1204 1498/2028/1208
f 1491/2021/1205 1493/2023/1205 1499/2029/1209
f 1491/2021/1205 1500/2030/1210 1485/2015/1199
f 1491/2021/1205 1499/2029/1209 1500/2030/1210
f 1485/2015/1199 1500/2030/1210 1496/2026/1205
f 1494/2024/1205 1492/2022/1205 1501/2031/1205
f 1494/2024/1205 1502/2032/1205 1493/2023/1205
f 1494/2024/1205 1501/2031/1205 1503/2033/1205
f 1494/2024/1205 1503/2033/1205 1502/2032/1205
f 1495/2025/1206 1504/2034/1211 1490/2020/1204
f 1497/2027/1207 1496/2026/1205 1505/2035/1212
f 1498/2028/1208 1506/2036/1213 1492/2022/1205
f 1498/2028/1208 1490/2020/1204 1507/2037/1214
f 1498/2028/1208 1508/2038/1215 1506/2036/1213
f 1498/2028/1208 1507/2037/1214 1508/2038/1215
f 1507/2037/1214 1490/2020/1204 1504/2034/1211
f 1492/2022/1205 1506/2036/1213 1501/2031/1205
f 1499/2029/1209 1509/2039/1216 1500/2030/1210
f 1499/2029/1209 1493/2023/1205 1510/2040/1217
f 1499/2029/1209 1511/2041/1218 1509/2039/1216
f 1499/2029/1209 1510/2040/1217 1511/2041/1218
f 1493/2023/1205 1502/2032/1205 1510/2040/1217
f 1503/2033/1205 1501/2031/1205 1512/2042/1205
f 1503/2033/1205 1512/2042/1205 1502/2032/1205
f 1502/2032/1205 1512/2042/1205 1510/2040/1217
f 1501/2031/1205 1506/2036/1213 1512/2042/1205
f 1496/2026/1205 1513/2043/1219 1505/2035/1212
f 1496/2026/1205 1500/2030/1210 1513/2043/1219
f 1508/2038/1215 1514/2044/1220 1506/2036/1213
f 1514/2044/1220 1511/2041/1218 1510/2040/1217
f 1514/2044/1220 1512/2042/1205 1506/2036/1213
f 1514/2044/1220 1510/2040/1217 1512/2042/1205
f 1509/2039/1216 1515/2045/1221 1500/2030/1210
f 1500/2030/1210 1515/2045/1221 1513/2043/1219
f 1516/2046/1222 1517/2047/1223 1518/2048/1224
f 1517/2047/1223 1519/2049/1225 1518/2048/1224
f 1517/2047/1223 1520/2050/1226 1519/2049/1225
f 1517/2047/1223 1521/2051/1227 1520/2050/1226
f 1518/2048/1224 1519/2049/1225 1522/2052/1228
f 1520/2050/1226 1523/2053/1229 1519/2049/1225
f 1520/2050/1226 1524/2054/1230 1523/2053/1229
f 1519/2049/1225 1523/2053/1229 1522/2052/1228
f 1524/2054/1230 1525/2055/1231 1523/2053/1229
f 1524/2054/1230 1526/2056/1232 1525/2055/1231
f 1522/2052/1228 1523/2053/1229 1527/2057/1233
f 1523/2053/1229 1525/2055/1231 1527/2057/1233
f 1526/2056/1232 1528/2058/1234 1525/2055/1231
f 1526/2056/1232 1529/2059/1235 1528/2058/1234
f 1527/2057/1233 1525/2055/1231 1530/2060/1236
f 1527/2057/1233 1530/2060/1236 1531/2061/1237
f 1529/2059/1235 1532/2062/1238 1528/2058/1234
f 1525/2055/1231 1533/2063/1239 1530/2060/1236
f 1525/2055/1231 1528/2058/1234 1533/2063/1239
f 1531/2061/1237 1530/2060/1236 1534/2064/1240
f 1532/2062/1238 1535/2065/1241 1528/2058/1234
f 1532/2062/1238 1536/2066/1242 1535/2065/1241
f 1533/2063/1239 1537/2067/1243 1530/2060/1236
f 1533/2063/1239 1528/2058/1234 1538/2068/1244
f 1533/2063/1239 1539/2069/1245 1537/2067/1243
f 1533/2063/1239 1538/2068/1244 1540/2070/1246
f 1533/2063/1239 1540/2070/1246 1539/2069/1245
f 1534/2064/1240 1530/2060/1236 1541/2071/1247
f 1534/2064/1240 1541/2071/1247 1542/2072/1248
f 1534/2064/1240 1542/2072/1248 1543/2073/1249
f 1536/2066/1242 1544/2074/1250 1535/2065/1241
f 1536/2066/1242 1545/2075/1251 1544/2074/1250
f 1528/2058/1234 1546/2076/1252 1538/2068/1244
f 1528/2058/1234 1535/2065/1241 1546/2076/1252
f 1537/2067/1243 1539/2069/1245 1547/2077/1253
f 1537/2067/1243 1548/2078/1254 1530/2060/1236
f 1537/2067/1243 1547/2077/1253 1548/2078/1254
f 1541/2071/1247 1548/2078/1254 1542/2072/1248
f 1541/2071/1247 1530/2060/1236 1548/2078/1254
f 1540/2070/1246 1538/2068/1244 1549/2079/1255
f 1540/2070/1246 1550/2080/1256 1539/2069/1245
f 1540/2070/1246 1549/2079/1255 1551/2081/1257
f 1540/2070/1246 1551/2081/1257 1550/2080/1256
f 1543/2073/1249 1542/2072/1248 1552/2082/1258
f 1543/2073/1249 1552/2082/1258 1553/2083/1259
f 1545/2075/1251 1554/2084/1260 1544/2074/1250
f 1545/2075/1251 1555/2085/1261 1554/2084/1260
f 1545/2075/1251 1556/2086/1262 1555/2085/1261
f 1535/2065/1241 1557/2087/1263 1546/2076/1252
f 1535/2065/1241 1544/2074/1250 1558/2088/1264
f 1535/2065/1241 1558/2088/1264 1557/2087/1263
f 1547/2077/1253 1559/2089/1265 1548/2078/1254
f 1547/2077/1253 1539/2069/1245 1560/2090/1266
f 1547/2077/1253 1561/2091/1267 1559/2089/1265
f 1547/2077/1253 1560/2090/1266 1561/2091/1267
f 1539/2069/1245 1550/2080/1256 1560/2090/1266
f 1538/2068/1244 1562/2092/1268 1549/2079/1255
f 1538/2068/1244 1546/2076/1252 1562/2092/1268
f 1551/2081/1257 1563/2093/1269 1550/2080/1256
f 1551/2081/1257 1549/2079/1255 1564/2094/1270
f 1551/2081/1257 1565/2095/1271 1563/2093/1269
f 1551/2081/1257 1564/2094/1270 1565/2095/1271
f 1542/2072/1248 1566/2096/1272 1552/2082/1258
f 1542/2072/1248 1548/2078/1254 1567/2097/1273
f 1542/2072/1248 1567/2097/1273 1566/2096/1272
f 1548/2078/1254 1559/2089/1265 1567/2097/1273
f 1553/2083/1259 1552/2082/1258 1568/2098/1274
f 1553/2083/1259 1568/2098/1274 1569/2099/1275
f 1554/2084/1260 1555/2085/1261 1570/2100/1276
f 1554/2084/1260 1571/2101/1277 1544/2074/1250
f 1554/2084/1260 1570/2100/1276 1571/2101/1277
f 1571/2101/1277 1558/2088/1264 1544/2074/1250
f 1557/2087/1263 1572/2102/1278 1546/2076/1252
f 1557/2087/1263 1558/2088/1264 1573/2103/1279
f 1557/2087/1263 1574/2104/1280 1572/2102/1278
f 1557/2087/1263 1573/2103/1279 1575/2105/1281
f 1557/2087/1263 1575/2105/1281 1574/2104/1280
f 1561/2091/1267 1560/2090/1266 1576/2106/1282
f 1561/2091/1267 1577/2107/1283 1559/2089/1265
f 1561/2091/1267 1576/2106/1282 1578/2108/1284
f 1561/2091/1267 1579/2109/1285 1577/2107/1283
f 1561/2091/1267 1578/2108/1284 1579/2109/1285
f 1567/2097/1273 1577/2107/1283 1566/2096/1272
f 1567/2097/1273 1559/2089/1265 1577/2107/1283
f 1549/2079/1255 1580/2110/1286 1564/2094/1270
f 1549/2079/1255 1562/2092/1268 1580/2110/1286
f 1564/2094/1270 1580/2110/1286 1565/2095/1271
f 1552/2082/1258 1581/2111/1287 1568/2098/1274
f 1552/2082/1258 1566/2096/1272 1581/2111/1287
f 1555/2085/1261 1582/2112/1288 1570/2100/1276
f 1546/2076/1252 1572/2102/1278 1583/2113/1289
f 1546/2076/1252 1583/2113/1289 1562/2092/1268
f 1575/2105/1281 1584/2114/1290 1574/2104/1280
f 1560/2090/1266 1585/2115/1291 1576/2106/1282
f 1560/2090/1266 1550/2080/1256 1585/2115/1291
f 1578/2108/1284 1586/2116/1292 1579/2109/1285
f 1578/2108/1284 1576/2106/1282 1587/2117/1293
f 1578/2108/1284 1588/2118/1294 1586/2116/1292
f 1578/2108/1284 1587/2117/1293 1588/2118/1294
f 1577/2107/1283 1589/2119/1295 1566/2096/1272
f 1577/2107/1283 1579/2109/1285 1589/2119/1295
f 1566/2096/1272 1589/2119/1295 1581/2111/1287
f 1580/2110/1286 1590/2120/1296 1565/2095/1271
f 1580/2110/1286 1562/2092/1268 1591/2121/1297
f 1580/2110/1286 1591/2121/1297 1590/2120/1296
f 1562/2092/1268 1583/2113/1289 1591/2121/1297
f 1572/2102/1278 1574/2104/1280 1592/2122/1298
f 1572/2102/1278 1593/2123/1299 1583/2113/1289
f 1572/2102/1278 1592/2122/1298 1593/2123/1299
f 1584/2114/1290 1594/2124/1300 1574/2104/1280
f 1584/2114/1290 1595/2125/1301 1594/2124/1300
f 1584/2114/1290 1596/2126/1302 1595/2125/1301
f 1574/2104/1280 1594/2124/1300 1592/2122/1298
f 1550/2080/1256 1563/2093/1269 1585/2115/1291
f 1576/2106/1282 1597/2127/1303 1587/2117/1293
f 1576/2106/1282 1585/2115/1291 1597/2127/1303
f 1586/2116/1292 1588/2118/1294 1598/2128/1304
f 1586/2116/1292 1599/2129/1305 1579/2109/1285
f 1586/2116/1292 1598/2128/1304 1600/2130/1306
f 1586/2116/1292 1600/2130/1306 1599/2129/1305
f 1599/2129/1305 1589/2119/1295 1579/2109/1285
f 1565/2095/1271 1590/2120/1296 1601/2131/1307
f 1565/2095/1271 1601/2131/1307 1563/2093/1269
f 1591/2121/1297 1583/2113/1289 1602/2132/1308
f 1591/2121/1297 1603/2133/1309 1590/2120/1296
f 1591/2121/1297 1602/2132/1308 1603/2133/1309
f 1583/2113/1289 1593/2123/1299 1602/2132/1308
f 1596/2126/1302 1604/2134/1310 1595/2125/1301
f 1596/2126/1302 1605/2135/1311 1604/2134/1310
f 1594/2124/1300 1606/2136/1312 1592/2122/1298
f 1594/2124/1300 1595/2125/1301 1607/2137/1313
f 1594/2124/1300 1607/2137/1313 1606/2136/1312
f 1592/2122/1298 1606/2136/1312 1593/2123/1299
f 1587/2117/1293 1597/2127/1303 1608/2138/231
f 1587/2117/1293 1609/2139/1314 1588/2118/1294
f 1587/2117/1293 1608/2138/231 1610/2140/242
f 1587/2117/1293 1610/2140/242 1609/2139/1314
f 1585/2115/1291 1563/2093/1269 1611/2141/1315
f 1585/2115/1291 1611/2141/1315 1597/2127/1303
f 1563/2093/1269 1601/2131/1307 1611/2141/1315
f 1598/2128/1304 1612/2142/1316 1600/2130/1306
f 1598/2128/1304 1588/2118/1294 1613/2143/1317
f 1598/2128/1304 1614/2144/1318 1612/2142/1316
f 1598/2128/1304 1613/2143/1317 1614/2144/1318
f 1588/2118/1294 1609/2139/1314 1613/2143/1317
f 1590/2120/1296 1603/2133/1309 1615/2145/1319
f 1590/2120/1296 1615/2145/1319 1601/2131/1307
f 1602/2132/1308 1593/2123/1299 1616/2146/1320
f 1602/2132/1308 1617/2147/1321 1603/2133/1309
f 1602/2132/1308 1616/2146/1320 1617/2147/1321
f 1604/2134/1310 1618/2148/1322 1595/2125/1301
f 1595/2125/1301 1618/2148/1322 1607/2137/1313
f 1606/2136/1312 1619/2149/1323 1593/2123/1299
f 1606/2136/1312 1607/2137/1313 1620/2150/1324
f 1606/2136/1312 1620/2150/1324 1619/2149/1323
f 1619/2149/1323 1616/2146/1320 1593/2123/1299
f 1619/2149/1323 1620/2150/1324 1616/2146/1320
f 1608/2138/231 1597/2127/1303 1621/2151/221
f 1610/2140/242 1622/2152/256 1609/2139/1314
f 1611/2141/1315 1601/2131/1307 1623/2153/201
f 1611/2141/1315 1624/2154/208 1597/2127/1303
f 1611/2141/1315 1623/2153/201 1624/2154/208
f 1624/2154/208 1621/2151/221 1597/2127/1303
f 1612/2142/1316 1614/2144/1318 1625/2155/1325
f 1613/2143/1317 1609/2139/1314 1626/2156/1326
f 1613/2143/1317 1627/2157/1327 1614/2144/1318
f 1613/2143/1317 1626/2156/1326 1627/2157/1327
f 1609/2139/1314 1622/2152/256 1626/2156/1326
f 1615/2145/1319 1603/2133/1309 1628/2158/1328
f 1615/2145/1319 1629/2159/197 1601/2131/1307
f 1615/2145/1319 1628/2158/1328 1630/2160/192
f 1615/2145/1319 1630/2160/192 1629/2159/197
f 1629/2159/197 1623/2153/201 1601/2131/1307
f 1603/2133/1309 1617/2147/1321 1628/2158/1328
f 1618/2148/1322 1631/2161/1329 1607/2137/1313
f 1607/2137/1313 1631/2161/1329 1620/2150/1324
f 1616/2146/1320 1632/2162/1330 1617/2147/1321
f 1616/2146/1320 1620/2150/1324 1633/2163/1331
f 1616/2146/1320 1633/2163/1331 1632/2162/1330
f 1620/2150/1324 1631/2161/1329 1633/2163/1331
f 1625/2155/1325 1614/2144/1318 1634/2164/1332
f 1625/2155/1325 1634/2164/1332 1635/2165/1333
f 1614/2144/1318 1627/2157/1327 1634/2164/1332
f 1622/2152/256 1636/2166/1334 1626/2156/1326
f 1622/2152/256 1637/2167/268 1636/2166/1334
f 1626/2156/1326 1636/2166/1334 1627/2157/1327
f 1630/2160/192 1628/2158/1328 1638/2168/189
f 1617/2147/1321 1632/2162/1330 1639/2169/1335
f 1617/2147/1321 1639/2169/1335 1628/2158/1328
f 1628/2158/1328 1639/2169/1335 1638/2168/189
f 1631/2161/1329 1640/2170/1336 1633/2163/1331
f 1635/2165/1333 1634/2164/1332 1641/2171/1337
f 1635/2165/1333 1641/2171/1337 1642/2172/1338
f 1637/2167/268 1643/2173/1339 1636/2166/1334
f 1637/2167/268 1644/2174/1340 1643/2173/1339
f 1637/2167/268 1645/2175/280 1644/2174/1340
f 1627/2157/1327 1646/2176/1341 1634/2164/1332
f 1627/2157/1327 1636/2166/1334 1646/2176/1341
f 1636/2166/1334 1643/2173/1339 1646/2176/1341
f 1634/2164/1332 1646/2176/1341 1641/2171/1337
f 1632/2162/1330 1647/2177/1342 1639/2169/1335
f 1632/2162/1330 1633/2163/1331 1648/2178/1343
f 1632/2162/1330 1648/2178/1343 1647/2177/1342
f 1633/2163/1331 1640/2170/1336 1648/2178/1343
f 1638/2168/189 1639/2169/1335 1649/2179/1344
f 1638/2168/189 1649/2179/1344 1650/2180/187
f 1639/2169/1335 1647/2177/1342 1649/2179/1344
f 1642/2172/1338 1641/2171/1337 1651/2181/1345
f 1642/2172/1338 1651/2181/1345 1652/2182/1346
f 1645/2175/280 1653/2183/1347 1644/2174/1340
f 1645/2175/280 1654/2184/291 1653/2183/1347
f 1643/2173/1339 1655/2185/1348 1646/2176/1341
f 1643/2173/1339 1644/2174/1340 1656/2186/1349
f 1643/2173/1339 1656/2186/1349 1655/2185/1348
f 1641/2171/1337 1655/2185/1348 1651/2181/1345
f 1641/2171/1337 1646/2176/1341 1655/2185/1348
f 1640/2170/1336 1657/2187/1350 1648/2178/1343
f 1650/2180/187 1649/2179/1344 1658/2188/314
f 1647/2177/1342 1648/2178/1343 1659/2189/1351
f 1647/2177/1342 1660/2190/1352 1649/2179/1344
f 1647/2177/1342 1659/2189/1351 1660/2190/1352
f 1648/2178/1343 1657/2187/1350 1659/2189/1351
f 1652/2182/1346 1651/2181/1345 1661/2191/1353
f 1654/2184/291 1662/2192/1354 1653/2183/1347
f 1644/2174/1340 1663/2193/1355 1656/2186/1349
f 1644/2174/1340 1653/2183/1347 1663/2193/1355
f 1655/2185/1348 1664/2194/1356 1651/2181/1345
f 1655/2185/1348 1656/2186/1349 1664/2194/1356
f 1656/2186/1349 1663/2193/1355 1664/2194/1356
f 1658/2188/314 1649/2179/1344 1665/2195/1357
f 1658/2188/314 1665/2195/1357 1666/2196/1358
f 1658/2188/314 1666/2196/1358 1667/2197/307
f 1649/2179/1344 1660/2190/1352 1665/2195/1357
f 1657/2187/1350 1668/2198/1359 1659/2189/1351
f 1661/2191/1353 1651/2181/1345 1669/2199/1360
f 1661/2191/1353 1669/2199/1360 1670/2200/1361
f 1661/2191/1353 1670/2200/1361 1671/2201/1362
f 1651/2181/1345 1664/2194/1356 1669/2199/1360
f 1662/2192/1354 1672/2202/1363 1653/2183/1347
f 1662/2192/1354 1673/2203/1364 1672/2202/1363
f 1653/2183/1347 1672/2202/1363 1663/2193/1355
f 1666/2196/1358 1674/2204/1365 1667/2197/307
f 1666/2196/1358 1665/2195/1357 1675/2205/1366
f 1666/2196/1358 1676/2206/1367 1674/2204/1365
f 1666/2196/1358 1675/2205/1366 1676/2206/1367
f 1660/2190/1352 1659/2189/1351 1677/2207/1368
f 1660/2190/1352 1678/2208/1369 1665/2195/1357
f 1660/2190/1352 1677/2207/1368 1678/2208/1369
f 1665/2195/1357 1678/2208/1369 1675/2205/1366
f 1659/2189/1351 1668/2198/1359 1677/2207/1368
f 1670/2200/1361 1679/2209/1370 1671/2201/1362
f 1670/2200/1361 1669/2199/1360 1680/2210/1371
f 1670/2200/1361 1681/2211/1372 1679/2209/1370
f 1670/2200/1361 1680/2210/1371 1681/2211/1372
f 1680/2210/1371 1669/2199/1360 1664/2194/1356
f 1680/2210/1371 1663/2193/1355 1672/2202/1363
f 1680/2210/1371 1672/2202/1363 1681/2211/1372
f 1680/2210/1371 1664/2194/1356 1663/2193/1355
f 1672/2202/1363 1673/2203/1364 1681/2211/1372
f 1667/2197/307 1674/2204/1365 1682/2212/1373
f 1667/2197/307 1682/2212/1373 1683/2213/299
f 1676/2206/1367 1675/2205/1366 1684/2214/1374
f 1676/2206/1367 1685/2215/1375 1674/2204/1365
f 1676/2206/1367 1684/2214/1374 1686/2216/1376
f 1676/2206/1367 1687/2217/1377 1685/2215/1375
f 1676/2206/1367 1686/2216/1376 1687/2217/1377
f 1674/2204/1365 1685/2215/1375 1682/2212/1373
f 1678/2208/1369 1677/2207/1368 1688/2218/1378
f 1678/2208/1369 1688/2218/1378 1675/2205/1366
f 1668/2198/1359 1689/2219/1379 1677/2207/1368
f 1677/2207/1368 1689/2219/1379 1688/2218/1378
f 1671/2201/1362 1679/2209/1370 1690/2220/1380
f 1673/2203/1364 1691/2221/1381 1681/2211/1372
f 1681/2211/1372 1691/2221/1381 1679/2209/1370
f 1683/2213/299 1682/2212/1373 1692/2222/1382
f 1683/2213/299 1692/2222/1382 1693/2223/1354
f 1683/2213/299 1693/2223/1354 1694/2224/291
f 1684/2214/1374 1695/2225/1383 1686/2216/1376
f 1684/2214/1374 1675/2205/1366 1696/2226/1384
f 1684/2214/1374 1697/2227/1385 1695/2225/1383
f 1684/2214/1374 1696/2226/1384 1697/2227/1385
f 1675/2205/1366 1688/2218/1378 1696/2226/1384
f 1687/2217/1377 1698/2228/1386 1685/2215/1375
f 1687/2217/1377 1686/2216/1376 1699/2229/1387
f 1687/2217/1377 1699/2229/1387 1698/2228/1386
f 1682/2212/1373 1698/2228/1386 1692/2222/1382
f 1682/2212/1373 1685/2215/1375 1698/2228/1386
f 1689/2219/1379 1700/2230/1388 1688/2218/1378
f 1700/2230/1388 1697/2227/1385 1696/2226/1384
f 1700/2230/1388 1696/2226/1384 1688/2218/1378
f 1690/2220/1380 1679/2209/1370 1701/2231/1389
f 1691/2221/1381 1702/2232/1390 1679/2209/1370
f 1679/2209/1370 1702/2232/1390 1701/2231/1389
f 1693/2223/1354 1692/2222/1382 1703/2233/1391
f 1693/2223/1354 1703/2233/1391 1704/2234/1364
f 1698/2228/1386 1699/2229/1387 1703/2233/1391
f 1698/2228/1386 1703/2233/1391 1692/2222/1382
f 1695/2225/1383 1705/2235/1392 1686/2216/1376
f 1704/2234/1364 1703/2233/1391 1706/2236/1393
f 1704/2234/1364 1706/2236/1393 1707/2237/1381
f 1703/2233/1391 1699/2229/1387 1706/2236/1393
f 1705/2235/1392 1708/2238/1394 1686/2216/1376
f 1705/2235/1392 1709/2239/1395 1708/2238/1394
f 1699/2229/1387 1708/2238/1394 1706/2236/1393
f 1699/2229/1387 1686/2216/1376 1708/2238/1394
f 1707/2237/1381 1706/2236/1393 1710/2240/1396
f 1707/2237/1381 1710/2240/1396 1711/2241/1390
f 1708/2238/1394 1709/2239/1395 1710/2240/1396
f 1708/2238/1394 1710/2240/1396 1706/2236/1393
f 1711/2241/1390 1710/2240/1396 1712/2242/1397
f 1711/2241/1390 1712/2242/1397 1713/2243/1389
f 1712/2242/1397 1710/2240/1396 1709/2239/1395
f 1714/2244/1311 1715/2245/1398 1716/2246/1399
f 1715/2245/1398 1717/2247/1400 1716/2246/1399
f 1715/2245/1398 1718/2248/1401 1717/2247/1400
f 1716/2246/1399 1717/2247/1400 1719/2249/1288
f 1718/2248/1401 1720/2250/1402 1717/2247/1400
f 1718/2248/1401 1721/2251/1403 1720/2250/1402
f 1719/2249/1288 1717/2247/1400 1722/2252/1404
f 1721/2251/1403 1723/2253/1405 1720/2250/1402
f 1723/2253/1405 1722/2252/1404 1717/2247/1400
f 1723/2253/1405 1717/2247/1400 1720/2250/1402
f 1724/2254/1288 1725/2255/1404 1726/2256/1276
f 1725/2255/1404 1727/2257/1406 1726/2256/1276
f 1725/2255/1404 1728/2258/1407 1727/2257/1406
f 1725/2255/1404 1729/2259/1405 1728/2258/1407
f 1726/2256/1276 1727/2257/1406 1730/2260/1408
f 1726/2256/1276 1730/2260/1408 1731/2261/1277
f 1729/2259/1405 1732/2262/1403 1728/2258/1407
f 1727/2257/1406 1733/2263/1409 1730/2260/1408
f 1727/2257/1406 1728/2258/1407 1733/2263/1409
f 1728/2258/1407 1732/2262/1403 1733/2263/1409
f 1731/2261/1277 1730/2260/1408 1734/2264/1410
f 1731/2261/1277 1734/2264/1410 1735/2265/1264
f 1732/2262/1403 1736/2266/1411 1733/2263/1409
f 1732/2262/1403 1737/2267/1412 1736/2266/1411
f 1732/2262/1403 1738/2268/1413 1737/2267/1412
f 1732/2262/1403 1739/2269/1414 1738/2268/1413
f 1732/2262/1403 1740/2270/1415 1739/2269/1414
f 1732/2262/1403 1741/2271/1401 1740/2270/1415
f 1736/2266/1411 1734/2264/1410 1730/2260/1408
f 1736/2266/1411 1730/2260/1408 1733/2263/1409
f 1736/2266/1411 1737/2267/1412 1734/2264/1410
f 1735/2265/1264 1734/2264/1410 1742/2272/1416
f 1735/2265/1264 1742/2272/1416 1743/2273/1279
f 1734/2264/1410 1737/2267/1412 1742/2272/1416
f 1738/2268/1413 1739/2269/1414 1744/2274/1417
f 1738/2268/1413 1745/2275/1418 1737/2267/1412
f 1738/2268/1413 1744/2274/1417 1745/2275/1418
f 1737/2267/1412 1745/2275/1418 1742/2272/1416
f 1741/2271/1401 1746/2276/1398 1740/2270/1415
f 1743/2273/1279 1742/2272/1416 1747/2277/1281
f 1742/2272/1416 1745/2275/1418 1747/2277/1281
f 1739/2269/1414 1748/2278/1419 1744/2274/1417
f 1739/2269/1414 1740/2270/1415 1748/2278/1419
f 1740/2270/1415 1746/2276/1398 1748/2278/1419
f 1745/2275/1418 1749/2279/1290 1747/2277/1281
f 1745/2275/1418 1744/2274/1417 1749/2279/1290
f 1746/2276/1398 1750/2280/1311 1748/2278/1419
f 1744/2274/1417 1751/2281/1302 1749/2279/1290
f 1744/2274/1417 1748/2278/1419 1751/2281/1302
f 1751/2281/1302 1748/2278/1419 1750/2280/1311
f 1752/2282/1227 1753/2283/1420 1754/2284/1226
f 1753/2283/1420 1755/2285/1421 1754/2284/1226
f 1753/2283/1420 1756/2286/1422 1755/2285/1421
f 1753/2283/1420 1757/2287/1423 1756/2286/1422
f 1754/2284/1226 1755/2285/1421 1758/2288/1424
f 1754/2284/1226 1758/2288/1424 1759/2289/1230
f 1757/2287/1423 1760/2290/1425 1756/2286/1422
f 1755/2285/1421 1761/2291/1426 1758/2288/1424
f 1755/2285/1421 1756/2286/1422 1761/2291/1426
f 1756/2286/1422 1760/2290/1425 1761/2291/1426
f 1759/2289/1230 1758/2288/1424 1762/2292/1427
f 1759/2289/1230 1762/2292/1427 1763/2293/1232
f 1760/2290/1425 1764/2294/1428 1761/2291/1426
f 1760/2290/1425 1765/2295/1429 1764/2294/1428
f 1760/2290/1425 1766/2296/1430 1765/2295/1429
f 1760/2290/1425 1767/2297/1431 1766/2296/1430
f 1760/2290/1425 1768/2298/1432 1767/2297/1431
f 1760/2290/1425 1769/2299/1433 1768/2298/1432
f 1764/2294/1428 1762/2292/1427 1758/2288/1424
f 1764/2294/1428 1758/2288/1424 1761/2291/1426
f 1764/2294/1428 1765/2295/1429 1762/2292/1427
f 1763/2293/1232 1762/2292/1427 1770/2300/1434
f 1763/2293/1232 1770/2300/1434 1771/2301/1235
f 1762/2292/1427 1765/2295/1429 1770/2300/1434
f 1766/2296/1430 1767/2297/1431 1772/2302/1435
f 1766/2296/1430 1773/2303/1436 1765/2295/1429
f 1766/2296/1430 1772/2302/1435 1773/2303/1436
f 1765/2295/1429 1773/2303/1436 1770/2300/1434
f 1769/2299/1433 1774/2304/1437 1768/2298/1432
f 1771/2301/1235 1770/2300/1434 1775/2305/1238
f 1770/2300/1434 1773/2303/1436 1775/2305/1238
f 1767/2297/1431 1776/2306/1438 1772/2302/1435
f 1767/2297/1431 1768/2298/1432 1776/2306/1438
f 1768/2298/1432 1774/2304/1437 1776/2306/1438
f 1773/2303/1436 1777/2307/1242 1775/2305/1238
f 1773/2303/1436 1772/2302/1435 1777/2307/1242
f 1774/2304/1437 1778/2308/1262 1776/2306/1438
f 1772/2302/1435 1779/2309/1251 1777/2307/1242
f 1772/2302/1435 1776/2306/1438 1779/2309/1251
f 1779/2309/1251 1776/2306/1438 1778/2308/1262
f 1780/2310/1262 1781/2311/1437 1782/2312/1439
f 1781/2311/1437 1783/2313/1440 1782/2312/1439
f 1781/2311/1437 1784/2314/1433 1783/2313/1440
f 1782/2312/1439 1783/2313/1440 1785/2315/1227
f 1784/2314/1433 1786/2316/1441 1783/2313/1440
f 1784/2314/1433 1787/2317/1425 1786/2316/1441
f 1785/2315/1227 1783/2313/1440 1788/2318/1420
f 1787/2317/1425 1789/2319/1423 1786/2316/1441
f 1789/2319/1423 1788/2318/1420 1783/2313/1440
f 1789/2319/1423 1783/2313/1440 1786/2316/1441
f 1790/2320/1222 1791/2321/1224 1792/2322/1442
f 1791/2321/1224 1793/2323/1443 1792/2322/1442
f 1791/2321/1224 1794/2324/1444 1793/2323/1443
f 1791/2321/1224 1795/2325/1228 1794/2324/1444
f 1792/2322/1442 1793/2323/1443 1796/2326/1445
f 1792/2322/1442 1796/2326/1445 1797/2327/1446
f 1795/2325/1228 1798/2328/1447 1794/2324/1444
f 1795/2325/1228 1799/2329/1233 1798/2328/1447
f 1793/2323/1443 1800/2330/1448 1796/2326/1445
f 1793/2323/1443 1794/2324/1444 1800/2330/1448
f 1797/2327/1446 1796/2326/1445 1801/2331/1449
f 1796/2326/1445 1800/2330/1448 1801/2331/1449
f 1799/2329/1233 1802/2332/1450 1798/2328/1447
f 1799/2329/1233 1803/2333/1237 1802/2332/1450
f 1794/2324/1444 1804/2334/1451 1800/2330/1448
f 1794/2324/1444 1798/2328/1447 1804/2334/1451
f 1800/2330/1448 1804/2334/1451 1801/2331/1449
f 1803/2333/1237 1805/2335/1240 1802/2332/1450
f 1798/2328/1447 1806/2336/1452 1804/2334/1451
f 1798/2328/1447 1802/2332/1450 1806/2336/1452
f 1804/2334/1451 1806/2336/1452 1801/2331/1449
f 1805/2335/1240 1807/2337/1453 1802/2332/1450
f 1805/2335/1240 1808/2338/1249 1807/2337/1453
f 1802/2332/1450 1807/2337/1453 1806/2336/1452
f 1801/2331/1449 1806/2336/1452 1809/2339/1454
f 1801/2331/1449 1809/2339/1454 1810/2340/1455
f 1801/2331/1449 1810/2340/1455 1811/2341/1456
f 1801/2331/1449 1811/2341/1456 1812/2342/1457
f 1806/2336/1452 1807/2337/1453 1809/2339/1454
f 1808/2338/1249 1813/2343/1458 1807/2337/1453
f 1808/2338/1249 1814/2344/1259 1813/2343/1458
f 1809/2339/1454 1813/2343/1458 1810/2340/1455
f 1809/2339/1454 1807/2337/1453 1813/2343/1458
f 1811/2341/1456 1815/2345/1459 1812/2342/1457
f 1811/2341/1456 1810/2340/1455 1816/2346/1460
f 1811/2341/1456 1816/2346/1460 1815/2345/1459
f 1813/2343/1458 1814/2344/1259 1816/2346/1460
f 1813/2343/1458 1816/2346/1460 1810/2340/1455
f 1815/2345/1459 1816/2346/1460 1817/2347/1275
f 1817/2347/1275 1816/2346/1460 1814/2344/1259
f 1818/2348/1275 1819/2349/1461 1820/2350/1459
f 1819/2349/1461 1821/2351/1462 1820/2350/1459
f 1819/2349/1461 1822/2352/1222 1821/2351/1462
f 1820/2350/1459 1821/2351/1462 1823/2353/1457
f 1822/2352/1222 1824/2354/1442 1821/2351/1462
f 1823/2353/1457 1821/2351/1462 1825/2355/1463
f 1823/2353/1457 1825/2355/1463 1826/2356/1449
f 1824/2354/1442 1827/2357/1446 1821/2351/1462
f 1827/2357/1446 1825/2355/1463 1821/2351/1462
f 1827/2357/1446 1826/2356/1449 1825/2355/1463
f 1828/2358/1211 1829/2359/1464 1830/2360/1214
f 1829/2359/1464 1831/2361/1465 1830/2360/1214
f 1829/2359/1464 1832/2362/1466 1831/2361/1465
f 1830/2360/1214 1831/2361/1465 1833/2363/1467
f 1830/2360/1214 1833/2363/1467 1834/2364/1215
f 1832/2362/1466 1835/2365/1468 1831/2361/1465
f 1832/2362/1466 1836/2366/1469 1835/2365/1468
f 1831/2361/1465 1835/2365/1468 1833/2363/1467
f 1836/2366/1469 1837/2367/1470 1835/2365/1468
f 1836/2366/1469 1838/2368/1471 1837/2367/1470
f 1836/2366/1469 1839/2369/1472 1838/2368/1471
f 1833/2363/1467 1835/2365/1468 1840/2370/1473
f 1835/2365/1468 1837/2367/1470 1840/2370/1473
f 1839/2369/1472 1841/2371/1474 1838/2368/1471
f 1837/2367/1470 1842/2372/1475 1840/2370/1473
f 1837/2367/1470 1838/2368/1471 1843/2373/1476
f 1837/2367/1470 1844/2374/1477 1842/2372/1475
f 1837/2367/1470 1843/2373/1476 1844/2374/1477
f 1841/2371/1474 1845/2375/1478 1838/2368/1471
f 1841/2371/1474 1846/2376/1479 1845/2375/1478
f 1841/2371/1474 1847/2377/1480 1846/2376/1479
f 1842/2372/1475 1844/2374/1477 1848/2378/1481
f 1843/2373/1476 1838/2368/1471 1849/2379/1482
f 1843/2373/1476 1850/2380/1483 1844/2374/1477
f 1843/2373/1476 1849/2379/1482 1851/2381/1484
f 1843/2373/1476 1852/2382/1485 1850/2380/1483
f 1843/2373/1476 1851/2381/1484 1852/2382/1485
f 1845/2375/1478 1846/2376/1479 1853/2383/1486
f 1845/2375/1478 1853/2383/1486 1838/2368/1471
f 1838/2368/1471 1853/2383/1486 1849/2379/1482
f 1847/2377/1480 1854/2384/1487 1846/2376/1479
f 1847/2377/1480 1855/2385/1488 1854/2384/1487
f 1848/2378/1481 1844/2374/1477 1856/2386/1489
f 1850/2380/1483 1852/2382/1485 1857/2387/1490
f 1850/2380/1483 1858/2388/1491 1844/2374/1477
f 1850/2380/1483 1857/2387/1490 1859/2389/1492
f 1850/2380/1483 1859/2389/1492 1858/2388/1491
f 1851/2381/1484 1849/2379/1482 1860/2390/1493
f 1851/2381/1484 1861/2391/1494 1852/2382/1485
f 1851/2381/1484 1860/2390/1493 1862/2392/1495
f 1851/2381/1484 1862/2392/1495 1861/2391/1494
f 1849/2379/1482 1853/2383/1486 1860/2390/1493
f 1846/2376/1479 1854/2384/1487 1863/2393/1496
f 1846/2376/1479 1864/2394/1497 1853/2383/1486
f 1846/2376/1479 1863/2393/1496 1864/2394/1497
f 1855/2385/1488 1865/2395/1198 1854/2384/1487
f 1855/2385/1488 1866/2396/1202 1865/2395/1198
f 1856/2386/1489 1844/2374/1477 1867/2397/1498
f 1856/2386/1489 1867/2397/1498 1868/2398/1499
f 1844/2374/1477 1858/2388/1491 1867/2397/1498
f 1857/2387/1490 1869/2399/1500 1859/2389/1492
f 1857/2387/1490 1852/2382/1485 1870/2400/1501
f 1857/2387/1490 1871/2401/1502 1869/2399/1500
f 1857/2387/1490 1870/2400/1501 1871/2401/1502
f 1852/2382/1485 1861/2391/1494 1870/2400/1501
f 1862/2392/1495 1860/2390/1493 1872/2402/1503
f 1862/2392/1495 1873/2403/1504 1861/2391/1494
f 1862/2392/1495 1872/2402/1503 1874/2404/1505
f 1862/2392/1495 1874/2404/1505 1873/2403/1504
f 1853/2383/1486 1864/2394/1497 1875/2405/1506
f 1853/2383/1486 1875/2405/1506 1860/2390/1493
f 1860/2390/1493 1875/2405/1506 1872/2402/1503
f 1863/2393/1496 1854/2384/1487 1876/2406/1195
f 1863/2393/1496 1877/2407/1507 1864/2394/1497
f 1863/2393/1496 1876/2406/1195 1878/2408/1192
f 1863/2393/1496 1878/2408/1192 1877/2407/1507
f 1875/2405/1506 1877/2407/1507 1872/2402/1503
f 1875/2405/1506 1864/2394/1497 1877/2407/1507
f 1876/2406/1195 1854/2384/1487 1865/2395/1198
f 1868/2398/1499 1867/2397/1498 1879/2409/1508
f 1868/2398/1499 1879/2409/1508 1880/2410/1509
f 1858/2388/1491 1859/2389/1492 1881/2411/1510
f 1858/2388/1491 1882/2412/1511 1867/2397/1498
f 1858/2388/1491 1881/2411/1510 1883/2413/1512
f 1858/2388/1491 1883/2413/1512 1882/2412/1511
f 1869/2399/1500 1871/2401/1502 1884/2414/1513
f 1869/2399/1500 1885/2415/1514 1859/2389/1492
f 1869/2399/1500 1884/2414/1513 1886/2416/1515
f 1869/2399/1500 1886/2416/1515 1885/2415/1514
f 1859/2389/1492 1885/2415/1514 1881/2411/1510
f 1871/2401/1502 1870/2400/1501 1884/2414/1513
f 1861/2391/1494 1873/2403/1504 1887/2417/1516
f 1861/2391/1494 1887/2417/1516 1870/2400/1501
f 1870/2400/1501 1887/2417/1516 1884/2414/1513
f 1874/2404/1505 1872/2402/1503 1888/2418/1517
f 1874/2404/1505 1889/2419/1518 1873/2403/1504
f 1874/2404/1505 1888/2418/1517 1890/2420/1519
f 1874/2404/1505 1890/2420/1519 1889/2419/1518
f 1878/2408/1192 1891/2421/1520 1877/2407/1507
f 1878/2408/1192 1892/2422/1189 1891/2421/1520
f 1872/2402/1503 1891/2421/1520 1888/2418/1517
f 1872/2402/1503 1877/2407/1507 1891/2421/1520
f 1879/2409/1508 1893/2423/1521 1880/2410/1509
f 1879/2409/1508 1867/2397/1498 1894/2424/1522
f 1879/2409/1508 1895/2425/1523 1893/2423/1521
f 1879/2409/1508 1894/2424/1522 1895/2425/1523
f 1867/2397/1498 1882/2412/1511 1894/2424/1522
f 1883/2413/1512 1881/2411/1510 1896/2426/1524
f 1883/2413/1512 1897/2427/1525 1882/2412/1511
f 1883/2413/1512 1896/2426/1524 1898/2428/1526
f 1883/2413/1512 1898/2428/1526 1897/2427/1525
f 1886/2416/1515 1899/2429/1527 1885/2415/1514
f 1886/2416/1515 1884/2414/1513 1900/2430/1528
f 1886/2416/1515 1901/2431/1529 1899/2429/1527
f 1886/2416/1515 1900/2430/1528 1901/2431/1529
f 1884/2414/1513 1887/2417/1516 1900/2430/1528
f 1873/2403/1504 1889/2419/1518 1902/2432/1530
f 1873/2403/1504 1902/2432/1530 1887/2417/1516
f 1887/2417/1516 1902/2432/1530 1900/2430/1528
f 1890/2420/1519 1888/2418/1517 1903/2433/1531
f 1890/2420/1519 1904/2434/95 1889/2419/1518
f 1890/2420/1519 1903/2433/1531 1905/2435/1532
f 1890/2420/1519 1906/2436/102 1904/2434/95
f 1890/2420/1519 1905/2435/1532 1906/2436/102
f 1892/2422/1189 1907/2437/1533 1891/2421/1520
f 1892/2422/1189 1908/2438/1186 1907/2437/1533
f 1888/2418/1517 1907/2437/1533 1903/2433/1531
f 1888/2418/1517 1891/2421/1520 1907/2437/1533
f 1880/2410/1509 1893/2423/1521 1909/2439/1216
f 1880/2410/1509 1909/2439/1216 1910/2440/1218
f 1894/2424/1522 1882/2412/1511 1911/2441/1534
f 1881/2411/1510 1912/2442/1535 1896/2426/1524
f 1881/2411/1510 1885/2415/1514 1912/2442/1535
f 1885/2415/1514 1899/2429/1527 1912/2442/1535
f 1898/2428/1526 1913/2443/1536 1897/2427/1525
f 1898/2428/1526 1896/2426/1524 1914/2444/1537
f 1898/2428/1526 1914/2444/1537 1913/2443/1536
f 1902/2432/1530 1915/2445/68 1900/2430/1528
f 1902/2432/1530 1889/2419/1518 1916/2446/76
f 1902/2432/1530 1916/2446/76 1915/2445/68
f 1904/2434/95 1917/2447/87 1889/2419/1518
f 1889/2419/1518 1917/2447/87 1916/2446/76
f 1905/2435/1532 1918/2448/112 1906/2436/102
f 1905/2435/1532 1903/2433/1531 1919/2449/1538
f 1905/2435/1532 1920/2450/1539 1918/2448/112
f 1905/2435/1532 1919/2449/1538 1920/2450/1539
f 1907/2437/1533 1921/2451/1540 1903/2433/1531
f 1907/2437/1533 1908/2438/1186 1921/2451/1540
f 1903/2433/1531 1921/2451/1540 1919/2449/1538
f 1893/2423/1521 1922/2452/1541 1909/2439/1216
f 1893/2423/1521 1895/2425/1523 1922/2452/1541
f 1882/2412/1511 1923/2453/1542 1911/2441/1534
f 1882/2412/1511 1897/2427/1525 1923/2453/1542
f 1899/2429/1527 1924/2454/1543 1912/2442/1535
f 1899/2429/1527 1925/2455/1544 1924/2454/1543
f 1899/2429/1527 1901/2431/1529 1925/2455/1544
f 1914/2444/1537 1926/2456/1545 1913/2443/1536
f 1914/2444/1537 1927/2457/1546 1926/2456/1545
f 1914/2444/1537 1928/2458/1547 1927/2457/1546
f 1914/2444/1537 1896/2426/1524 1928/2458/1547
f 1918/2448/112 1920/2450/1539 1929/2459/1548
f 1918/2448/112 1929/2459/1548 1930/2460/123
f 1908/2438/1186 1931/2461/1183 1921/2451/1540
f 1919/2449/1538 1932/2462/1549 1920/2450/1539
f 1919/2449/1538 1921/2451/1540 1933/2463/1550
f 1919/2449/1538 1933/2463/1550 1932/2462/1549
f 1921/2451/1540 1931/2461/1183 1933/2463/1550
f 1920/2450/1539 1932/2462/1549 1929/2459/1548
f 1909/2439/1216 1922/2452/1541 1934/2464/1221
f 1897/2427/1525 1935/2465/1551 1923/2453/1542
f 1897/2427/1525 1913/2443/1536 1935/2465/1551
f 1912/2442/1535 1924/2454/1543 1936/2466/1552
f 1912/2442/1535 1936/2466/1552 1896/2426/1524
f 1928/2458/1547 1936/2466/1552 1927/2457/1546
f 1928/2458/1547 1896/2426/1524 1936/2466/1552
f 1901/2431/1529 1937/2467/61 1925/2455/1544
f 1901/2431/1529 1938/2468/66 1937/2467/61
f 1901/2431/1529 1900/2430/1528 1938/2468/66
f 1926/2456/1545 1939/2469/1553 1913/2443/1536
f 1926/2456/1545 1927/2457/1546 1940/2470/1196
f 1926/2456/1545 1941/2471/1203 1939/2469/1553
f 1926/2456/1545 1940/2470/1196 1941/2471/1203
f 1913/2443/1536 1939/2469/1553 1935/2465/1551
f 1930/2460/123 1929/2459/1548 1942/2472/1554
f 1930/2460/123 1942/2472/1554 1943/2473/1555
f 1930/2460/123 1943/2473/1555 1944/2474/137
f 1931/2461/1183 1945/2475/1180 1933/2463/1550
f 1932/2462/1549 1946/2476/1556 1929/2459/1548
f 1932/2462/1549 1933/2463/1550 1947/2477/1557
f 1932/2462/1549 1947/2477/1557 1946/2476/1556
f 1933/2463/1550 1945/2475/1180 1947/2477/1557
f 1929/2459/1548 1946/2476/1556 1942/2472/1554
f 1924/2454/1543 1948/2478/1558 1936/2466/1552
f 1924/2454/1543 1925/2455/1544 1949/2479/1559
f 1924/2454/1543 1949/2479/1559 1948/2478/1558
f 1937/2467/61 1950/2480/58 1925/2455/1544
f 1925/2455/1544 1950/2480/58 1949/2479/1559
f 1900/2430/1528 1915/2445/68 1938/2468/66
f 1927/2457/1546 1951/2481/1560 1940/2470/1196
f 1927/2457/1546 1936/2466/1552 1951/2481/1560
f 1936/2466/1552 1948/2478/1558 1951/2481/1560
f 1941/2471/1203 1952/2482/1207 1939/2469/1553
f 1935/2465/1551 1939/2469/1553 1953/2483/1561
f 1939/2469/1553 1952/2482/1207 1953/2483/1561
f 1943/2473/1555 1954/2484/1562 1944/2474/137
f 1943/2473/1555 1942/2472/1554 1955/2485/1563
f 1943/2473/1555 1956/2486/1564 1954/2484/1562
f 1943/2473/1555 1955/2485/1563 1956/2486/1564
f 1945/2475/1180 1957/2487/1178 1947/2477/1557
f 1946/2476/1556 1958/2488/1565 1942/2472/1554
f 1946/2476/1556 1947/2477/1557 1959/2489/1566
f 1946/2476/1556 1959/2489/1566 1958/2488/1565
f 1947/2477/1557 1957/2487/1178 1959/2489/1566
f 1942/2472/1554 1958/2488/1565 1955/2485/1563
f 1950/2480/58 1960/2490/1567 1949/2479/1559
f 1950/2480/58 1961/2491/57 1960/2490/1567
f 1940/2470/1196 1951/2481/1560 1962/2492/1193
f 1948/2478/1558 1949/2479/1559 1963/2493/1568
f 1948/2478/1558 1964/2494/1569 1951/2481/1560
f 1948/2478/1558 1963/2493/1568 1964/2494/1569
f 1951/2481/1560 1964/2494/1569 1962/2492/1193
f 1949/2479/1559 1960/2490/1567 1963/2493/1568
f 1952/2482/1207 1965/2495/1212 1953/2483/1561
f 1944/2474/137 1954/2484/1562 1966/2496/150
f 1956/2486/1564 1955/2485/1563 1967/2497/1570
f 1956/2486/1564 1968/2498/1571 1954/2484/1562
f 1956/2486/1564 1967/2497/1570 1969/2499/1572
f 1956/2486/1564 1969/2499/1572 1968/2498/1571
f 1955/2485/1563 1958/2488/1565 1967/2497/1570
f 1957/2487/1178 1970/2500/1169 1959/2489/1566
f 1961/2491/57 1971/2501/182 1960/2490/1567
f 1964/2494/1569 1972/2502/1190 1962/2492/1193
f 1964/2494/1569 1963/2493/1568 1973/2503/1573
f 1964/2494/1569 1973/2503/1573 1972/2502/1190
f 1966/2496/150 1954/2484/1562 1974/2504/1574
f 1954/2484/1562 1968/2498/1571 1974/2504/1574
f 1969/2499/1572 1967/2497/1570 1975/2505/1575
f 1969/2499/1572 1976/2506/1576 1968/2498/1571
f 1969/2499/1572 1975/2505/1575 1977/2507/1577
f 1969/2499/1572 1977/2507/1577 1976/2506/1576
f 1958/2488/1565 1959/2489/1566 1978/2508/1578
f 1958/2488/1565 1978/2508/1578 1967/2497/1570
f 1967/2497/1570 1978/2508/1578 1975/2505/1575
f 1959/2489/1566 1970/2500/1169 1978/2508/1578
f 1971/2501/182 1979/2509/1579 1960/2490/1567
f 1971/2501/182 1980/2510/1580 1979/2509/1579
f 1971/2501/182 1981/2511/173 1980/2510/1580
f 1963/2493/1568 1982/2512/1581 1973/2503/1573
f 1963/2493/1568 1960/2490/1567 1982/2512/1581
f 1960/2490/1567 1979/2509/1579 1982/2512/1581
f 1972/2502/1190 1973/2503/1573 1983/2513/1187
f 1974/2504/1574 1968/2498/1571 1984/2514/1582
f 1968/2498/1571 1976/2506/1576 1984/2514/1582
f 1977/2507/1577 1975/2505/1575 1985/2515/1173
f 1977/2507/1577 1986/2516/1583 1976/2506/1576
f 1977/2507/1577 1985/2515/1173 1987/2517/1175
f 1977/2507/1577 1987/2517/1175 1986/2516/1583
f 1975/2505/1575 1978/2508/1578 1985/2515/1173
f 1970/2500/1169 1988/2518/1171 1978/2508/1578
f 1978/2508/1578 1988/2518/1171 1985/2515/1173
f 1981/2511/173 1989/2519/1584 1980/2510/1580
f 1981/2511/173 1990/2520/1585 1989/2519/1584
f 1981/2511/173 1991/2521/162 1990/2520/1585
f 1979/2509/1579 1992/2522/1586 1982/2512/1581
f 1979/2509/1579 1980/2510/1580 1993/2523/1587
f 1979/2509/1579 1993/2523/1587 1992/2522/1586
f 1973/2503/1573 1994/2524/1588 1983/2513/1187
f 1973/2503/1573 1982/2512/1581 1994/2524/1588
f 1982/2512/1581 1992/2522/1586 1994/2524/1588
f 1984/2514/1582 1976/2506/1576 1995/2525/1589
f 1976/2506/1576 1986/2516/1583 1995/2525/1589
f 1987/2517/1175 1996/2526/1174 1986/2516/1583
f 1989/2519/1584 1990/2520/1585 1997/2527/1590
f 1989/2519/1584 1998/2528/1591 1980/2510/1580
f 1989/2519/1584 1997/2527/1590 1998/2528/1591
f 1980/2510/1580 1998/2528/1591 1993/2523/1587
f 1991/2521/162 1999/2529/1592 1990/2520/1585
f 1991/2521/162 2000/2530/1574 1999/2529/1592
f 1991/2521/162 2001/2531/150 2000/2530/1574
f 1983/2513/1187 1994/2524/1588 2002/2532/1184
f 1992/2522/1586 1993/2523/1587 2003/2533/1593
f 1992/2522/1586 2003/2533/1593 1994/2524/1588
f 1994/2524/1588 2003/2533/1593 2002/2532/1184
f 1995/2525/1589 1986/2516/1583 2004/2534/1594
f 1996/2526/1174 2005/2535/1172 1986/2516/1583
f 1986/2516/1583 2005/2535/1172 2004/2534/1594
f 1997/2527/1590 2006/2536/1595 1998/2528/1591
f 1997/2527/1590 1990/2520/1585 2007/2537/1596
f 1997/2527/1590 2007/2537/1596 2006/2536/1595
f 1990/2520/1585 1999/2529/1592 2007/2537/1596
f 2000/2530/1574 2008/2538/1597 1999/2529/1592
f 2000/2530/1574 2009/2539/1582 2008/2538/1597
f 1999/2529/1592 2008/2538/1597 2007/2537/1596
f 1993/2523/1587 2010/2540/1598 2003/2533/1593
f 1993/2523/1587 1998/2528/1591 2011/2541/1599
f 1993/2523/1587 2011/2541/1599 2010/2540/1598
f 2002/2532/1184 2003/2533/1593 2012/2542/1181
f 2003/2533/1593 2010/2540/1598 2012/2542/1181
f 2006/2536/1595 2007/2537/1596 2013/2543/1600
f 2006/2536/1595 2014/2544/1601 1998/2528/1591
f 2006/2536/1595 2013/2543/1600 2014/2544/1601
f 1998/2528/1591 2014/2544/1601 2011/2541/1599
f 2007/2537/1596 2008/2538/1597 2013/2543/1600
f 2009/2539/1582 2015/2545/1602 2008/2538/1597
f 2009/2539/1582 2016/2546/1589 2015/2545/1602
f 2008/2538/1597 2015/2545/1602 2013/2543/1600
f 2010/2540/1598 2017/2547/1176 2012/2542/1181
f 2010/2540/1598 2011/2541/1599 2017/2547/1176
f 2014/2544/1601 2013/2543/1600 2018/2548/1603
f 2014/2544/1601 2019/2549/1165 2011/2541/1599
f 2014/2544/1601 2018/2548/1603 2020/2550/1166
f 2014/2544/1601 2020/2550/1166 2019/2549/1165
f 2019/2549/1165 2017/2547/1176 2011/2541/1599
f 2013/2543/1600 2015/2545/1602 2018/2548/1603
f 2016/2546/1589 2021/2551/1604 2015/2545/1602
f 2016/2546/1589 2022/2552/1594 2021/2551/1604
f 2015/2545/1602 2021/2551/1604 2018/2548/1603
f 2020/2550/1166 2018/2548/1603 2023/2553/1168
f 2018/2548/1603 2021/2551/1604 2023/2553/1168
f 2022/2552/1594 2024/2554/1170 2021/2551/1604
f 2022/2552/1594 2025/2555/1172 2024/2554/1170
f 2024/2554/1170 2023/2553/1168 2021/2551/1604
f 2026/2556/1211 2027/2557/1605 2028/2558/1464
f 2027/2557/1605 2029/2559/1606 2028/2558/1464
f 2027/2557/1605 2030/2560/1607 2029/2559/1606
f 2027/2557/1605 2031/2561/1608 2030/2560/1607
f 2028/2558/1464 2029/2559/1606 2032/2562/1609
f 2028/2558/1464 2032/2562/1609 2033/2563/1466
f 2031/2561/1608 2034/2564/1610 2030/2560/1607
f 2029/2559/1606 2035/2565/1611 2032/2562/1609
f 2029/2559/1606 2030/2560/1607 2035/2565/1611
f 2030/2560/1607 2034/2564/1610 2035/2565/1611
f 2033/2563/1466 2032/2562/1609 2036/2566/1612
f 2033/2563/1466 2036/2566/1612 2037/2567/1469
f 2034/2564/1610 2038/2568/1613 2035/2565/1611
f 2034/2564/1610 2039/2569/1614 2038/2568/1613
f 2034/2564/1610 2040/2570/1615 2039/2569/1614
f 2034/2564/1610 2041/2571/1616 2040/2570/1615
f 2034/2564/1610 2042/2572/1617 2041/2571/1616
f 2034/2564/1610 2043/2573/1618 2042/2572/1617
f 2038/2568/1613 2032/2562/1609 2035/2565/1611
f 2038/2568/1613 2039/2569/1614 2036/2566/1612
f 2038/2568/1613 2036/2566/1612 2032/2562/1609
f 2037/2567/1469 2036/2566/1612 2044/2574/1619
f 2037/2567/1469 2044/2574/1619 2045/2575/1472
f 2036/2566/1612 2039/2569/1614 2044/2574/1619
f 2040/2570/1615 2041/2571/1616 2046/2576/1620
f 2040/2570/1615 2047/2577/1621 2039/2569/1614
f 2040/2570/1615 2046/2576/1620 2047/2577/1621
f 2039/2569/1614 2047/2577/1621 2044/2574/1619
f 2043/2573/1618 2048/2578/1622 2042/2572/1617
f 2045/2575/1472 2044/2574/1619 2049/2579/1474
f 2044/2574/1619 2047/2577/1621 2049/2579/1474
f 2041/2571/1616 2050/2580/1623 2046/2576/1620
f 2041/2571/1616 2042/2572/1617 2050/2580/1623
f 2042/2572/1617 2048/2578/1622 2050/2580/1623
f 2047/2577/1621 2051/2581/1480 2049/2579/1474
f 2047/2577/1621 2046/2576/1620 2051/2581/1480
f 2048/2578/1622 2052/2582/1202 2050/2580/1623
f 2046/2576/1620 2053/2583/1488 2051/2581/1480
f 2046/2576/1620 2050/2580/1623 2053/2583/1488
f 2053/2583/1488 2050/2580/1623 2052/2582/1202
f 2054/2584/1202 2055/2585/1622 2056/2586/1206
f 2055/2585/1622 2057/2587/1624 2056/2586/1206
f 2055/2585/1622 2058/2588/1618 2057/2587/1624
f 2056/2586/1206 2057/2587/1624 2059/2589/1211
f 2058/2588/1618 2060/2590/1625 2057/2587/1624
f 2058/2588/1618 2061/2591/1610 2060/2590/1625
f 2059/2589/1211 2057/2587/1624 2062/2592/1605
f 2061/2591/1610 2063/2593/1608 2060/2590/1625
f 2063/2593/1608 2057/2587/1624 2060/2590/1625
f 2063/2593/1608 2062/2592/1605 2057/2587/1624
f 2064/2594/1212 2065/2595/1219 2066/2596/1626
f 2065/2595/1219 2067/2597/1627 2066/2596/1626
f 2065/2595/1219 2068/2598/1221 2067/2597/1627
f 2066/2596/1626 2067/2597/1627 2069/2599/1628
f 2068/2598/1221 2070/2600/1629 2067/2597/1627
f 2069/2599/1628 2067/2597/1627 2071/2601/1630
f 2069/2599/1628 2071/2601/1630 2072/2602/1631
f 2070/2600/1629 2073/2603/1632 2067/2597/1627
f 2073/2603/1632 2071/2601/1630 2067/2597/1627
f 2073/2603/1632 2072/2602/1631 2071/2601/1630
f 2074/2604/1221 2075/2605/1541 2076/2606/1629
f 2075/2605/1541 2077/2607/1633 2076/2606/1629
f 2075/2605/1541 2078/2608/1634 2077/2607/1633
f 2075/2605/1541 2079/2609/1523 2078/2608/1634
f 2076/2606/1629 2077/2607/1633 2080/2610/1635
f 2076/2606/1629 2080/2610/1635 2081/2611/1632
f 2079/2609/1523 2082/2612/1636 2078/2608/1634
f 2079/2609/1523 2083/2613/1522 2082/2612/1636
f 2077/2607/1633 2084/2614/1637 2080/2610/1635
f 2077/2607/1633 2078/2608/1634 2084/2614/1637
f 2081/2611/1632 2080/2610/1635 2085/2615/1631
f 2080/2610/1635 2084/2614/1637 2085/2615/1631
f 2083/2613/1522 2086/2616/1638 2082/2612/1636
f 2083/2613/1522 2087/2617/1534 2086/2616/1638
f 2078/2608/1634 2088/2618/1639 2084/2614/1637
f 2078/2608/1634 2082/2612/1636 2088/2618/1639
f 2084/2614/1637 2088/2618/1639 2085/2615/1631
f 2087/2617/1534 2089/2619/1542 2086/2616/1638
f 2082/2612/1636 2090/2620/1640 2088/2618/1639
f 2082/2612/1636 2086/2616/1638 2090/2620/1640
f 2088/2618/1639 2090/2620/1640 2085/2615/1631
f 2089/2619/1542 2091/2621/1641 2086/2616/1638
f 2089/2619/1542 2092/2622/1551 2091/2621/1641
f 2086/2616/1638 2091/2621/1641 2090/2620/1640
f 2085/2615/1631 2090/2620/1640 2093/2623/1642
f 2085/2615/1631 2093/2623/1642 2094/2624/1643
f 2085/2615/1631 2094/2624/1643 2095/2625/1644
f 2085/2615/1631 2095/2625/1644 2096/2626/1628
f 2090/2620/1640 2091/2621/1641 2093/2623/1642
f 2092/2622/1551 2097/2627/1645 2091/2621/1641
f 2092/2622/1551 2098/2628/1561 2097/2627/1645
f 2093/2623/1642 2097/2627/1645 2094/2624/1643
f 2093/2623/1642 2091/2621/1641 2097/2627/1645
f 2095/2625/1644 2099/2629/1626 2096/2626/1628
f 2095/2625/1644 2094/2624/1643 2100/2630/1646
f 2095/2625/1644 2100/2630/1646 2099/2629/1626
f 2097/2627/1645 2098/2628/1561 2100/2630/1646
f 2097/2627/1645 2100/2630/1646 2094/2624/1643
f 2099/2629/1626 2100/2630/1646 2101/2631/1212
f 2101/2631/1212 2100/2630/1646 2098/2628/1561
f 2102/2632/1215 2103/2633/1467 2104/2634/1647
f 2103/2633/1467 2105/2635/1648 2104/2634/1647
f 2103/2633/1467 2106/2636/1649 2105/2635/1648
f 2103/2633/1467 2107/2637/1473 2106/2636/1649
f 2104/2634/1647 2105/2635/1648 2108/2638/1650
f 2104/2634/1647 2108/2638/1650 2109/2639/1651
f 2107/2637/1473 2110/2640/1652 2106/2636/1649
f 2107/2637/1473 2111/2641/1475 2110/2640/1652
f 2105/2635/1648 2112/2642/1653 2108/2638/1650
f 2105/2635/1648 2106/2636/1649 2112/2642/1653
f 2109/2639/1651 2108/2638/1650 2113/2643/1654
f 2108/2638/1650 2112/2642/1653 2113/2643/1654
f 2111/2641/1475 2114/2644/1655 2110/2640/1652
f 2111/2641/1475 2115/2645/1481 2114/2644/1655
f 2106/2636/1649 2116/2646/1656 2112/2642/1653
f 2106/2636/1649 2110/2640/1652 2116/2646/1656
f 2112/2642/1653 2116/2646/1656 2113/2643/1654
f 2115/2645/1481 2117/2647/1489 2114/2644/1655
f 2110/2640/1652 2118/2648/1657 2116/2646/1656
f 2110/2640/1652 2114/2644/1655 2118/2648/1657
f 2116/2646/1656 2118/2648/1657 2113/2643/1654
f 2117/2647/1489 2119/2649/1658 2114/2644/1655
f 2117/2647/1489 2120/2650/1499 2119/2649/1658
f 2114/2644/1655 2119/2649/1658 2118/2648/1657
f 2113/2643/1654 2118/2648/1657 2121/2651/1659
f 2113/2643/1654 2121/2651/1659 2122/2652/1660
f 2113/2643/1654 2122/2652/1660 2123/2653/1661
f 2113/2643/1654 2123/2653/1661 2124/2654/1662
f 2118/2648/1657 2119/2649/1658 2121/2651/1659
f 2120/2650/1499 2125/2655/1663 2119/2649/1658
f 2120/2650/1499 2126/2656/1509 2125/2655/1663
f 2121/2651/1659 2125/2655/1663 2122/2652/1660
f 2121/2651/1659 2119/2649/1658 2125/2655/1663
f 2123/2653/1661 2127/2657/1664 2124/2654/1662
f 2123/2653/1661 2122/2652/1660 2128/2658/1665
f 2123/2653/1661 2128/2658/1665 2127/2657/1664
f 2125/2655/1663 2126/2656/1509 2128/2658/1665
f 2125/2655/1663 2128/2658/1665 2122/2652/1660
f 2127/2657/1664 2128/2658/1665 2129/2659/1218
f 2129/2659/1218 2128/2658/1665 2126/2656/1509
f 2130/2660/1218 2131/2661/1220 2132/2662/1664
f 2131/2661/1220 2133/2663/1666 2132/2662/1664
f 2131/2661/1220 2134/2664/1215 2133/2663/1666
f 2132/2662/1664 2133/2663/1666 2135/2665/1662
f 2134/2664/1215 2136/2666/1647 2133/2663/1666
f 2135/2665/1662 2133/2663/1666 2137/2667/1667
f 2135/2665/1662 2137/2667/1667 2138/2668/1654
f 2136/2666/1647 2139/2669/1651 2133/2663/1666
f 2139/2669/1651 2137/2667/1667 2133/2663/1666
f 2139/2669/1651 2138/2668/1654 2137/2667/1667
f 2140/2670/1222 2141/2671/1668 2142/2672/1223
f 2140/2670/1222 2143/2673/1461 2141/2671/1668
f 2142/2672/1223 2141/2671/1668 2144/2674/1669
f 2142/2672/1223 2144/2674/1669 2145/2675/1227
f 2143/2673/1461 2146/2676/1670 2141/2671/1668
f 2143/2673/1461 2147/2677/1275 2146/2676/1670
f 2144/2674/1669 2148/2678/1671 2145/2675/1227
f 2144/2674/1669 2141/2671/1668 2149/2679/1205
f 2144/2674/1669 2150/2680/1205 2148/2678/1671
f 2144/2674/1669 2149/2679/1205 2150/2680/1205
f 2147/2677/1275 2151/2681/1274 2146/2676/1670
f 2145/2675/1227 2148/2678/1671 2152/2682/1439
f 2141/2671/1668 2153/2683/1672 2149/2679/1205
f 2141/2671/1668 2146/2676/1670 2153/2683/1672
f 2150/2680/1205 2154/2684/1205 2148/2678/1671
f 2150/2680/1205 2149/2679/1205 2155/2685/1205
f 2150/2680/1205 2156/2686/1205 2154/2684/1205
f 2150/2680/1205 2155/2685/1205 2156/2686/1205
f 2151/2681/1274 2157/2687/1287 2146/2676/1670
f 2146/2676/1670 2157/2687/1287 2153/2683/1672
f 2152/2682/1439 2148/2678/1671 2158/2688/1205
f 2152/2682/1439 2158/2688/1205 2159/2689/1673
f 2152/2682/1439 2159/2689/1673 2160/2690/1262
f 2148/2678/1671 2154/2684/1205 2158/2688/1205
f 2149/2679/1205 2161/2691/1674 2155/2685/1205
f 2149/2679/1205 2153/2683/1672 2161/2691/1674
f 2156/2686/1205 2162/2692/1205 2154/2684/1205
f 2156/2686/1205 2155/2685/1205 2163/2693/1205
f 2156/2686/1205 2164/2694/1205 2162/2692/1205
f 2156/2686/1205 2163/2693/1205 2164/2694/1205
f 2164/2694/1205 2159/2689/1673 2158/2688/1205
f 2164/2694/1205 2158/2688/1205 2162/2692/1205
f 2164/2694/1205 2163/2693/1205 2159/2689/1673
f 2162/2692/1205 2158/2688/1205 2154/2684/1205
f 2157/2687/1287 2165/2695/1295 2153/2683/1672
f 2153/2683/1672 2165/2695/1295 2161/2691/1674
f 2160/2690/1262 2159/2689/1673 2166/2696/1675
f 2160/2690/1262 2166/2696/1675 2167/2697/1261
f 2159/2689/1673 2163/2693/1205 2166/2696/1675
f 2155/2685/1205 2161/2691/1674 2168/2698/1676
f 2155/2685/1205 2169/2699/1205 2163/2693/1205
f 2155/2685/1205 2168/2698/1676 2169/2699/1205
f 2163/2693/1205 2169/2699/1205 2166/2696/1675
f 2165/2695/1295 2170/2700/1305 2161/2691/1674
f 2167/2697/1261 2166/2696/1675 2171/2701/1677
f 2167/2697/1261 2171/2701/1677 2172/2702/1288
f 2169/2699/1205 2168/2698/1676 2171/2701/1677
f 2169/2699/1205 2171/2701/1677 2166/2696/1675
f 2170/2700/1305 2173/2703/1678 2161/2691/1674
f 2170/2700/1305 2174/2704/1306 2173/2703/1678
f 2172/2702/1288 2171/2701/1677 2175/2705/1399
f 2168/2698/1676 2161/2691/1674 2176/2706/1329
f 2168/2698/1676 2177/2707/1205 2171/2701/1677
f 2168/2698/1676 2176/2706/1329 2178/2708/1322
f 2168/2698/1676 2178/2708/1322 2177/2707/1205
f 2171/2701/1677 2177/2707/1205 2175/2705/1399
f 2174/2704/1306 2179/2709/1679 2173/2703/1678
f 2174/2704/1306 2180/2710/1316 2179/2709/1679
f 2161/2691/1674 2181/2711/1336 2176/2706/1329
f 2161/2691/1674 2173/2703/1678 2181/2711/1336
f 2178/2708/1322 2182/2712/1310 2177/2707/1205
f 2175/2705/1399 2177/2707/1205 2183/2713/1311
f 2183/2713/1311 2177/2707/1205 2182/2712/1310
f 2180/2710/1316 2184/2714/1680 2179/2709/1679
f 2180/2710/1316 2185/2715/1325 2184/2714/1680
f 2173/2703/1678 2186/2716/1350 2181/2711/1336
f 2173/2703/1678 2179/2709/1679 2186/2716/1350
f 2185/2715/1325 2187/2717/1681 2184/2714/1680
f 2185/2715/1325 2188/2718/1333 2187/2717/1681
f 2179/2709/1679 2189/2719/1359 2186/2716/1350
f 2179/2709/1679 2184/2714/1680 2189/2719/1359
f 2188/2718/1333 2190/2720/1682 2187/2717/1681
f 2188/2718/1333 2191/2721/1338 2190/2720/1682
f 2184/2714/1680 2192/2722/1379 2189/2719/1359
f 2184/2714/1680 2187/2717/1681 2192/2722/1379
f 2191/2721/1338 2193/2723/1683 2190/2720/1682
f 2191/2721/1338 2194/2724/1684 2193/2723/1683
f 2191/2721/1338 2195/2725/1346 2194/2724/1684
f 2187/2717/1681 2196/2726/1388 2192/2722/1379
f 2187/2717/1681 2190/2720/1682 2196/2726/1388
f 2193/2723/1683 2194/2724/1684 2197/2727/1383
f 2193/2723/1683 2198/2728/1385 2190/2720/1682
f 2193/2723/1683 2197/2727/1383 2198/2728/1385
f 2198/2728/1385 2196/2726/1388 2190/2720/1682
f 2195/2725/1346 2199/2729/1353 2194/2724/1684
f 2197/2727/1383 2194/2724/1684 2200/2730/1392
f 2199/2729/1353 2201/2731/1362 2194/2724/1684
f 2200/2730/1392 2194/2724/1684 2202/2732/1395
f 2201/2731/1362 2203/2733/1380 2194/2724/1684
f 2202/2732/1395 2194/2724/1684 2204/2734/1397
f 2203/2733/1380 2205/2735/1389 2194/2724/1684
f 2194/2724/1684 2205/2735/1389 2204/2734/1397
f 2206/2736/1685 2207/2737/1686 2208/2738/1687
f 2208/2738/1687 2207/2737/1686 2209/2739/1688
f 2208/2738/1687 2209/2739/1688 2210/2740/1689
f 2209/2739/1688 2207/2737/1686 2211/2741/1690
f 2207/2737/1686 2212/2742/1691 2211/2741/1690
f 2212/2742/1691 2213/2743/1692 2211/2741/1690
f 2209/2739/1688 2214/2744/1693 2210/2740/1689
f 2209/2739/1688 2211/2741/1690 2215/2745/1694
f 2209/2739/1688 2215/2745/1694 2214/2744/1693
f 2211/2741/1690 2213/2743/1692 2216/2746/1695
f 2211/2741/1690 2216/2746/1695 2215/2745/1694
f 2213/2743/1692 2217/2747/1696 2216/2746/1695
f 2214/2744/1693 2218/2748/181 2210/2740/1689
f 2210/2740/1689 2218/2748/181 2219/2749/185
f 2214/2744/1693 2215/2745/1694 2220/2750/1697
f 2214/2744/1693 2220/2750/1697 2218/2748/181
f 2218/2748/181 2220/2750/1697 2221/2751/176
f 2215/2745/1694 2216/2746/1695 2222/2752/1698
f 2215/2745/1694 2223/2753/1699 2220/2750/1697
f 2215/2745/1694 2222/2752/1698 2223/2753/1699
f 2220/2750/1697 2224/2754/1700 2221/2751/176
f 2220/2750/1697 2223/2753/1699 2224/2754/1700
f 2223/2753/1699 2222/2752/1698 2225/2755/1701
f 2223/2753/1699 2225/2755/1701 2224/2754/1700
f 2221/2751/176 2224/2754/1700 2226/2756/177
f 2216/2746/1695 2217/2747/1696 2227/2757/1702
f 2217/2747/1696 2228/2758/1703 2227/2757/1702
f 2216/2746/1695 2229/2759/1704 2222/2752/1698
f 2216/2746/1695 2227/2757/1702 2229/2759/1704
f 2222/2752/1698 2230/2760/1705 2225/2755/1701
f 2222/2752/1698 2229/2759/1704 2230/2760/1705
f 2225/2755/1701 2231/2761/1706 2224/2754/1700
f 2225/2755/1701 2230/2760/1705 2231/2761/1706
f 2224/2754/1700 2232/2762/1707 2226/2756/177
f 2224/2754/1700 2231/2761/1706 2232/2762/1707
f 2232/2762/1707 2233/2763/166 2226/2756/177
f 2232/2762/1707 2231/2761/1706 2234/2764/1708
f 2227/2757/1702 2228/2758/1703 2235/2765/1709
f 2227/2757/1702 2236/2766/1710 2229/2759/1704
f 2227/2757/1702 2235/2765/1709 2236/2766/1710
f 2235/2765/1709 2228/2758/1703 2237/2767/1711
f 2235/2765/1709 2237/2767/1711 2236/2766/1710
f 2228/2758/1703 2238/2768/1712 2237/2767/1711
f 2238/2768/1712 2239/2769/1713 2237/2767/1711
f 2229/2759/1704 2240/2770/1714 2230/2760/1705
f 2229/2759/1704 2236/2766/1710 2240/2770/1714
f 2236/2766/1710 2237/2767/1711 2241/2771/1715
f 2236/2766/1710 2241/2771/1715 2240/2770/1714
f 2237/2767/1711 2239/2769/1713 2242/2772/1716
f 2237/2767/1711 2242/2772/1716 2241/2771/1715
f 2239/2769/1713 2243/2773/1717 2242/2772/1716
f 2231/2761/1706 2244/2774/1718 2234/2764/1708
f 2234/2764/1708 2244/2774/1718 2245/2775/1719
f 2231/2761/1706 2230/2760/1705 2246/2776/1720
f 2231/2761/1706 2246/2776/1720 2244/2774/1718
f 2230/2760/1705 2240/2770/1714 2247/2777/1721
f 2230/2760/1705 2247/2777/1721 2246/2776/1720
f 2241/2771/1715 2248/2778/1722 2240/2770/1714
f 2240/2770/1714 2249/2779/1723 2247/2777/1721
f 2240/2770/1714 2248/2778/1722 2249/2779/1723
f 2241/2771/1715 2242/2772/1716 2250/2780/1724
f 2241/2771/1715 2250/2780/1724 2248/2778/1722
f 2248/2778/1722 2251/2781/1725 2249/2779/1723
f 2248/2778/1722 2250/2780/1724 2251/2781/1725
f 2250/2780/1724 2242/2772/1716 2252/2782/1726
f 2250/2780/1724 2252/2782/1726 2251/2781/1725
f 2242/2772/1716 2243/2773/1717 2253/2783/1727
f 2242/2772/1716 2253/2783/1727 2252/2782/1726
f 2243/2773/1717 2254/2784/1728 2253/2783/1727
f 2253/2783/1727 2255/2785/1729 2252/2782/1726
f 2253/2783/1727 2254/2784/1728 2255/2785/1729
f 2254/2784/1728 2256/2786/1730 2255/2785/1729
f 2244/2774/1718 2257/2787/1731 2245/2775/1719
f 2245/2775/1719 2257/2787/1731 2258/2788/1732
f 2258/2788/1732 2257/2787/1731 2259/2789/1733
f 2244/2774/1718 2246/2776/1720 2260/2790/1734
f 2244/2774/1718 2260/2790/1734 2257/2787/1731
f 2257/2787/1731 2261/2791/1735 2259/2789/1733
f 2257/2787/1731 2260/2790/1734 2261/2791/1735
f 2259/2789/1733 2261/2791/1735 2262/2792/1736
f 2262/2792/1736 2261/2791/1735 2263/2793/1737
f 2261/2791/1735 2260/2790/1734 2264/2794/1738
f 2261/2791/1735 2264/2794/1738 2263/2793/1737
f 2263/2793/1737 2264/2794/1738 2265/2795/1739
f 2260/2790/1734 2246/2776/1720 2266/2796/1740
f 2246/2776/1720 2247/2777/1721 2266/2796/1740
f 2260/2790/1734 2266/2796/1740 2264/2794/1738
f 2264/2794/1738 2267/2797/1741 2265/2795/1739
f 2264/2794/1738 2266/2796/1740 2267/2797/1741
f 2266/2796/1740 2247/2777/1721 2268/2798/1742
f 2247/2777/1721 2249/2779/1723 2268/2798/1742
f 2266/2796/1740 2268/2798/1742 2267/2797/1741
f 2249/2779/1723 2251/2781/1725 2269/2799/1743
f 2249/2779/1723 2269/2799/1743 2268/2798/1742
f 2268/2798/1742 2270/2800/1744 2267/2797/1741
f 2268/2798/1742 2269/2799/1743 2270/2800/1744
f 2267/2797/1741 2271/2801/1745 2265/2795/1739
f 2267/2797/1741 2270/2800/1744 2271/2801/1745
f 2265/2795/1739 2271/2801/1745 2272/2802/1746
f 2251/2781/1725 2252/2782/1726 2273/2803/1747
f 2251/2781/1725 2273/2803/1747 2269/2799/1743
f 2269/2799/1743 2274/2804/1748 2270/2800/1744
f 2269/2799/1743 2273/2803/1747 2274/2804/1748
f 2270/2800/1744 2275/2805/1749 2271/2801/1745
f 2270/2800/1744 2274/2804/1748 2275/2805/1749
f 2271/2801/1745 2276/2806/1750 2272/2802/1746
f 2271/2801/1745 2275/2805/1749 2276/2806/1750
f 2272/2802/1746 2276/2806/1750 2277/2807/1751
f 2252/2782/1726 2255/2785/1729 2278/2808/1752
f 2252/2782/1726 2278/2808/1752 2273/2803/1747
f 2273/2803/1747 2279/2809/1753 2274/2804/1748
f 2273/2803/1747 2278/2808/1752 2279/2809/1753
f 2278/2808/1752 2255/2785/1729 2280/2810/1754
f 2278/2808/1752 2280/2810/1754 2279/2809/1753
f 2274/2804/1748 2281/2811/1755 2275/2805/1749
f 2274/2804/1748 2279/2809/1753 2281/2811/1755
f 2279/2809/1753 2280/2810/1754 2282/2812/1756
f 2279/2809/1753 2282/2812/1756 2281/2811/1755
f 2275/2805/1749 2283/2813/1757 2276/2806/1750
f 2275/2805/1749 2281/2811/1755 2283/2813/1757
f 2281/2811/1755 2282/2812/1756 2284/2814/1758
f 2281/2811/1755 2284/2814/1758 2283/2813/1757
f 2276/2806/1750 2285/2815/1759 2277/2807/1751
f 2276/2806/1750 2283/2813/1757 2285/2815/1759
f 2283/2813/1757 2284/2814/1758 2286/2816/1760
f 2283/2813/1757 2286/2816/1760 2285/2815/1759
f 2277/2807/1751 2285/2815/1759 2287/2817/1761
f 2285/2815/1759 2286/2816/1760 2288/2818/1762
f 2285/2815/1759 2288/2818/1762 2287/2817/1761
f 2287/2817/1761 2288/2818/1762 2289/2819/1763
f 2282/2812/1756 2280/2810/1754 2290/2820/1764
f 2282/2812/1756 2291/2821/1765 2284/2814/1758
f 2282/2812/1756 2290/2820/1764 2291/2821/1765
f 2284/2814/1758 2292/2822/1766 2286/2816/1760
f 2284/2814/1758 2291/2821/1765 2292/2822/1766
f 2286/2816/1760 2293/2823/1767 2288/2818/1762
f 2286/2816/1760 2292/2822/1766 2293/2823/1767
f 2288/2818/1762 2294/2824/1768 2289/2819/1763
f 2288/2818/1762 2293/2823/1767 2294/2824/1768
f 2289/2819/1763 2294/2824/1768 2295/2825/1769
f 2280/2810/1754 2255/2785/1729 2296/2826/1770
f 2255/2785/1729 2256/2786/1730 2296/2826/1770
f 2256/2786/1730 2297/2827/1771 2296/2826/1770
f 2296/2826/1770 2298/2828/1772 2280/2810/1754
f 2280/2810/1754 2298/2828/1772 2290/2820/1764
f 2296/2826/1770 2297/2827/1771 2298/2828/1772
f 2297/2827/1771 2299/2829/1773 2298/2828/1772
f 2298/2828/1772 2300/2830/1774 2290/2820/1764
f 2298/2828/1772 2299/2829/1773 2300/2830/1774
f 2290/2820/1764 2301/2831/1775 2291/2821/1765
f 2290/2820/1764 2300/2830/1774 2301/2831/1775
f 2291/2821/1765 2302/2832/1776 2292/2822/1766
f 2291/2821/1765 2301/2831/1775 2302/2832/1776
f 2301/2831/1775 2300/2830/1774 2303/2833/1777
f 2301/2831/1775 2303/2833/1777 2302/2832/1776
f 2300/2830/1774 2299/2829/1773 2304/2834/1778
f 2300/2830/1774 2304/2834/1778 2303/2833/1777
f 2299/2829/1773 2305/2835/1779 2304/2834/1778
f 2292/2822/1766 2306/2836/1780 2293/2823/1767
f 2292/2822/1766 2302/2832/1776 2306/2836/1780
f 2302/2832/1776 2303/2833/1777 2307/2837/1781
f 2302/2832/1776 2307/2837/1781 2306/2836/1780
f 2303/2833/1777 2304/2834/1778 2308/2838/1782
f 2303/2833/1777 2308/2838/1782 2307/2837/1781
f 2304/2834/1778 2305/2835/1779 2309/2839/1783
f 2304/2834/1778 2309/2839/1783 2308/2838/1782
f 2308/2838/1782 2310/2840/1784 2307/2837/1781
f 2308/2838/1782 2309/2839/1783 2310/2840/1784
f 2307/2837/1781 2311/2841/1785 2306/2836/1780
f 2307/2837/1781 2310/2840/1784 2311/2841/1785
f 2306/2836/1780 2312/2842/1786 2293/2823/1767
f 2293/2823/1767 2312/2842/1786 2294/2824/1768
f 2306/2836/1780 2311/2841/1785 2312/2842/1786
f 2294/2824/1768 2313/2843/1787 2295/2825/1769
f 2294/2824/1768 2312/2842/1786 2313/2843/1787
f 2312/2842/1786 2311/2841/1785 2314/2844/1788
f 2312/2842/1786 2314/2844/1788 2313/2843/1787
f 2295/2825/1769 2313/2843/1787 2315/2845/1789
f 2313/2843/1787 2314/2844/1788 2316/2846/1790
f 2313/2843/1787 2316/2846/1790 2315/2845/1789
f 2315/2845/1789 2316/2846/1790 2317/2847/1791
f 2314/2844/1788 2311/2841/1785 2318/2848/1792
f 2314/2844/1788 2318/2848/1792 2316/2846/1790
f 2316/2846/1790 2319/2849/1793 2317/2847/1791
f 2316/2846/1790 2318/2848/1792 2319/2849/1793
f 2318/2848/1792 2311/2841/1785 2320/2850/1794
f 2311/2841/1785 2310/2840/1784 2320/2850/1794
f 2318/2848/1792 2320/2850/1794 2319/2849/1793
f 2310/2840/1784 2309/2839/1783 2321/2851/1795
f 2310/2840/1784 2321/2851/1795 2320/2850/1794
f 2320/2850/1794 2322/2852/1796 2319/2849/1793
f 2320/2850/1794 2321/2851/1795 2322/2852/1796
f 2319/2849/1793 2323/2853/1797 2317/2847/1791
f 2319/2849/1793 2322/2852/1796 2323/2853/1797
f 2323/2853/1797 2322/2852/1796 2324/2854/1798
f 2324/2854/1798 2322/2852/1796 2325/2855/1799
f 2322/2852/1796 2321/2851/1795 2325/2855/1799
f 2325/2855/1799 2321/2851/1795 2326/2856/1800
f 2326/2856/1800 2309/2839/1783 2305/2835/1779
f 2309/2839/1783 2326/2856/1800 2321/2851/1795
f 2327/2857/1685 2328/2858/1801 2329/2859/1686
f 2328/2858/1801 2330/2860/1802 2331/2861/1803
f 2328/2858/1801 2331/2861/1803 2329/2859/1686
f 2329/2859/1686 2331/2861/1803 2332/2862/1804
f 2329/2859/1686 2332/2862/1804 2333/2863/1691
f 2333/2863/1691 2332/2862/1804 2334/2864/1692
f 2331/2861/1803 2330/2860/1802 2335/2865/1805
f 2331/2861/1803 2336/2866/1806 2332/2862/1804
f 2331/2861/1803 2335/2865/1805 2336/2866/1806
f 2332/2862/1804 2337/2867/1807 2334/2864/1692
f 2332/2862/1804 2336/2866/1806 2337/2867/1807
f 2334/2864/1692 2337/2867/1807 2338/2868/1696
f 2335/2865/1805 2330/2860/1802 2339/2869/302
f 2330/2860/1802 2340/2870/310 2339/2869/302
f 2335/2865/1805 2341/2871/1808 2336/2866/1806
f 2335/2865/1805 2339/2869/302 2341/2871/1808
f 2339/2869/302 2342/2872/294 2341/2871/1808
f 2336/2866/1806 2343/2873/1809 2337/2867/1807
f 2336/2866/1806 2341/2871/1808 2344/2874/1810
f 2336/2866/1806 2344/2874/1810 2343/2873/1809
f 2341/2871/1808 2342/2872/294 2345/2875/1811
f 2341/2871/1808 2345/2875/1811 2344/2874/1810
f 2344/2874/1810 2346/2876/1812 2343/2873/1809
f 2344/2874/1810 2345/2875/1811 2346/2876/1812
f 2342/2872/294 2347/2877/288 2345/2875/1811
f 2337/2867/1807 2348/2878/1813 2338/2868/1696
f 2338/2868/1696 2348/2878/1813 2349/2879/1703
f 2337/2867/1807 2343/2873/1809 2350/2880/1814
f 2337/2867/1807 2350/2880/1814 2348/2878/1813
f 2343/2873/1809 2346/2876/1812 2351/2881/1815
f 2343/2873/1809 2351/2881/1815 2350/2880/1814
f 2346/2876/1812 2345/2875/1811 2352/2882/1816
f 2346/2876/1812 2352/2882/1816 2351/2881/1815
f 2345/2875/1811 2347/2877/288 2353/2883/1817
f 2345/2875/1811 2353/2883/1817 2352/2882/1816
f 2353/2883/1817 2347/2877/288 2354/2884/279
f 2353/2883/1817 2355/2885/1818 2352/2882/1816
f 2348/2878/1813 2356/2886/1819 2349/2879/1703
f 2348/2878/1813 2350/2880/1814 2357/2887/1820
f 2348/2878/1813 2357/2887/1820 2356/2886/1819
f 2356/2886/1819 2358/2888/1821 2349/2879/1703
f 2356/2886/1819 2357/2887/1820 2358/2888/1821
f 2349/2879/1703 2358/2888/1821 2359/2889/1712
f 2359/2889/1712 2358/2888/1821 2360/2890/1713
f 2350/2880/1814 2351/2881/1815 2361/2891/1822
f 2350/2880/1814 2361/2891/1822 2357/2887/1820
f 2357/2887/1820 2362/2892/1823 2358/2888/1821
f 2357/2887/1820 2361/2891/1822 2362/2892/1823
f 2358/2888/1821 2363/2893/1824 2360/2890/1713
f 2358/2888/1821 2362/2892/1823 2363/2893/1824
f 2360/2890/1713 2363/2893/1824 2364/2894/1717
f 2352/2882/1816 2355/2885/1818 2365/2895/1825
f 2355/2885/1818 2366/2896/1826 2365/2895/1825
f 2352/2882/1816 2367/2897/1827 2351/2881/1815
f 2352/2882/1816 2365/2895/1825 2367/2897/1827
f 2351/2881/1815 2368/2898/1828 2361/2891/1822
f 2351/2881/1815 2367/2897/1827 2368/2898/1828
f 2362/2892/1823 2361/2891/1822 2369/2899/1829
f 2361/2891/1822 2368/2898/1828 2370/2900/1830
f 2361/2891/1822 2370/2900/1830 2369/2899/1829
f 2362/2892/1823 2371/2901/1831 2363/2893/1824
f 2362/2892/1823 2369/2899/1829 2371/2901/1831
f 2369/2899/1829 2370/2900/1830 2372/2902/1832
f 2369/2899/1829 2372/2902/1832 2371/2901/1831
f 2371/2901/1831 2373/2903/1833 2363/2893/1824
f 2371/2901/1831 2372/2902/1832 2373/2903/1833
f 2363/2893/1824 2374/2904/1834 2364/2894/1717
f 2363/2893/1824 2373/2903/1833 2374/2904/1834
f 2364/2894/1717 2374/2904/1834 2375/2905/1728
f 2374/2904/1834 2373/2903/1833 2376/2906/1835
f 2374/2904/1834 2376/2906/1835 2375/2905/1728
f 2375/2905/1728 2376/2906/1835 2377/2907/1730
f 2365/2895/1825 2366/2896/1826 2378/2908/1836
f 2366/2896/1826 2379/2909/1732 2378/2908/1836
f 2379/2909/1732 2380/2910/1733 2378/2908/1836
f 2365/2895/1825 2381/2911/1837 2367/2897/1827
f 2365/2895/1825 2378/2908/1836 2381/2911/1837
f 2378/2908/1836 2380/2910/1733 2382/2912/1838
f 2378/2908/1836 2382/2912/1838 2381/2911/1837
f 2380/2910/1733 2383/2913/1736 2382/2912/1838
f 2383/2913/1736 2384/2914/1737 2382/2912/1838
f 2382/2912/1838 2385/2915/1839 2381/2911/1837
f 2382/2912/1838 2384/2914/1737 2385/2915/1839
f 2384/2914/1737 2386/2916/1739 2385/2915/1839
f 2381/2911/1837 2387/2917/1840 2367/2897/1827
f 2367/2897/1827 2387/2917/1840 2368/2898/1828
f 2381/2911/1837 2385/2915/1839 2387/2917/1840
f 2385/2915/1839 2386/2916/1739 2388/2918/1841
f 2385/2915/1839 2388/2918/1841 2387/2917/1840
f 2387/2917/1840 2389/2919/1842 2368/2898/1828
f 2368/2898/1828 2389/2919/1842 2370/2900/1830
f 2387/2917/1840 2388/2918/1841 2389/2919/1842
f 2370/2900/1830 2390/2920/1843 2372/2902/1832
f 2370/2900/1830 2389/2919/1842 2390/2920/1843
f 2389/2919/1842 2388/2918/1841 2391/2921/1844
f 2389/2919/1842 2391/2921/1844 2390/2920/1843
f 2388/2918/1841 2386/2916/1739 2392/2922/1845
f 2388/2918/1841 2392/2922/1845 2391/2921/1844
f 2386/2916/1739 2393/2923/1746 2392/2922/1845
f 2372/2902/1832 2394/2924/1846 2373/2903/1833
f 2372/2902/1832 2390/2920/1843 2394/2924/1846
f 2390/2920/1843 2391/2921/1844 2395/2925/1847
f 2390/2920/1843 2395/2925/1847 2394/2924/1846
f 2391/2921/1844 2392/2922/1845 2396/2926/1848
f 2391/2921/1844 2396/2926/1848 2395/2925/1847
f 2392/2922/1845 2393/2923/1746 2397/2927/1849
f 2392/2922/1845 2397/2927/1849 2396/2926/1848
f 2393/2923/1746 2398/2928/1751 2397/2927/1849
f 2373/2903/1833 2399/2929/1850 2376/2906/1835
f 2373/2903/1833 2394/2924/1846 2399/2929/1850
f 2394/2924/1846 2395/2925/1847 2400/2930/1851
f 2394/2924/1846 2400/2930/1851 2399/2929/1850
f 2399/2929/1850 2401/2931/1852 2376/2906/1835
f 2399/2929/1850 2400/2930/1851 2401/2931/1852
f 2395/2925/1847 2396/2926/1848 2402/2932/1853
f 2395/2925/1847 2402/2932/1853 2400/2930/1851
f 2400/2930/1851 2403/2933/1854 2401/2931/1852
f 2400/2930/1851 2402/2932/1853 2403/2933/1854
f 2396/2926/1848 2397/2927/1849 2404/2934/1855
f 2396/2926/1848 2404/2934/1855 2402/2932/1853
f 2402/2932/1853 2405/2935/1856 2403/2933/1854
f 2402/2932/1853 2404/2934/1855 2405/2935/1856
f 2397/2927/1849 2398/2928/1751 2406/2936/1857
f 2397/2927/1849 2406/2936/1857 2404/2934/1855
f 2404/2934/1855 2407/2937/1858 2405/2935/1856
f 2404/2934/1855 2406/2936/1857 2407/2937/1858
f 2398/2928/1751 2408/2938/1761 2406/2936/1857
f 2406/2936/1857 2409/2939/1859 2407/2937/1858
f 2406/2936/1857 2408/2938/1761 2409/2939/1859
f 2408/2938/1761 2410/2940/1763 2409/2939/1859
f 2403/2933/1854 2411/2941/1860 2401/2931/1852
f 2403/2933/1854 2405/2935/1856 2412/2942/1861
f 2403/2933/1854 2412/2942/1861 2411/2941/1860
f 2405/2935/1856 2407/2937/1858 2413/2943/1862
f 2405/2935/1856 2413/2943/1862 2412/2942/1861
f 2407/2937/1858 2409/2939/1859 2414/2944/1863
f 2407/2937/1858 2414/2944/1863 2413/2943/1862
f 2409/2939/1859 2410/2940/1763 2415/2945/1864
f 2409/2939/1859 2415/2945/1864 2414/2944/1863
f 2410/2940/1763 2416/2946/1769 2415/2945/1864
f 2401/2931/1852 2417/2947/1865 2376/2906/1835
f 2376/2906/1835 2417/2947/1865 2377/2907/1730
f 2377/2907/1730 2417/2947/1865 2418/2948/1771
f 2417/2947/1865 2401/2931/1852 2419/2949/1866
f 2401/2931/1852 2411/2941/1860 2419/2949/1866
f 2417/2947/1865 2419/2949/1866 2418/2948/1771
f 2418/2948/1771 2419/2949/1866 2420/2950/1773
f 2419/2949/1866 2411/2941/1860 2421/2951/1867
f 2419/2949/1866 2421/2951/1867 2420/2950/1773
f 2411/2941/1860 2412/2942/1861 2422/2952/1868
f 2411/2941/1860 2422/2952/1868 2421/2951/1867
f 2412/2942/1861 2413/2943/1862 2423/2953/1869
f 2412/2942/1861 2423/2953/1869 2422/2952/1868
f 2422/2952/1868 2424/2954/1870 2421/2951/1867
f 2422/2952/1868 2423/2953/1869 2424/2954/1870
f 2421/2951/1867 2425/2955/1871 2420/2950/1773
f 2421/2951/1867 2424/2954/1870 2425/2955/1871
f 2420/2950/1773 2425/2955/1871 2426/2956/1779
f 2413/2943/1862 2414/2944/1863 2427/2957/1872
f 2413/2943/1862 2427/2957/1872 2423/2953/1869
f 2423/2953/1869 2428/2958/1873 2424/2954/1870
f 2423/2953/1869 2427/2957/1872 2428/2958/1873
f 2424/2954/1870 2429/2959/1874 2425/2955/1871
f 2424/2954/1870 2428/2958/1873 2429/2959/1874
f 2425/2955/1871 2430/2960/1875 2426/2956/1779
f 2425/2955/1871 2429/2959/1874 2430/2960/1875
f 2429/2959/1874 2428/2958/1873 2431/2961/1876
f 2429/2959/1874 2431/2961/1876 2430/2960/1875
f 2428/2958/1873 2427/2957/1872 2432/2962/1877
f 2428/2958/1873 2432/2962/1877 2431/2961/1876
f 2427/2957/1872 2414/2944/1863 2433/2963/1878
f 2414/2944/1863 2415/2945/1864 2433/2963/1878
f 2427/2957/1872 2433/2963/1878 2432/2962/1877
f 2415/2945/1864 2416/2946/1769 2434/2964/1879
f 2415/2945/1864 2434/2964/1879 2433/2963/1878
f 2433/2963/1878 2435/2965/1880 2432/2962/1877
f 2433/2963/1878 2434/2964/1879 2435/2965/1880
f 2416/2946/1769 2436/2966/1789 2434/2964/1879
f 2434/2964/1879 2437/2967/1881 2435/2965/1880
f 2434/2964/1879 2436/2966/1789 2437/2967/1881
f 2436/2966/1789 2438/2968/1791 2437/2967/1881
f 2435/2965/1880 2439/2969/1882 2432/2962/1877
f 2435/2965/1880 2437/2967/1881 2439/2969/1882
f 2437/2967/1881 2438/2968/1791 2440/2970/1883
f 2437/2967/1881 2440/2970/1883 2439/2969/1882
f 2439/2969/1882 2441/2971/1884 2432/2962/1877
f 2432/2962/1877 2441/2971/1884 2431/2961/1876
f 2439/2969/1882 2440/2970/1883 2441/2971/1884
f 2431/2961/1876 2442/2972/1885 2430/2960/1875
f 2431/2961/1876 2441/2971/1884 2442/2972/1885
f 2441/2971/1884 2440/2970/1883 2443/2973/1886
f 2441/2971/1884 2443/2973/1886 2442/2972/1885
f 2440/2970/1883 2438/2968/1791 2444/2974/1797
f 2440/2970/1883 2444/2974/1797 2443/2973/1886
f 2444/2974/1797 2445/2975/1798 2443/2973/1886
f 2443/2973/1886 2446/2976/1799 2442/2972/1885
f 2443/2973/1886 2445/2975/1798 2446/2976/1799
f 2446/2976/1799 2447/2977/1800 2442/2972/1885
f 2447/2977/1800 2426/2956/1779 2430/2960/1875
f 2430/2960/1875 2442/2972/1885 2447/2977/1800
f 2448/2978/1732 2449/2979/1887 2450/2980/1719
f 2450/2980/1719 2449/2979/1887 2451/2981/1888
f 2449/2979/1887 2452/2982/1889 2451/2981/1888
f 2450/2980/1719 2451/2981/1888 2453/2983/1708
f 2451/2981/1888 2452/2982/1889 2454/2984/1890
f 2451/2981/1888 2455/2985/1891 2453/2983/1708
f 2451/2981/1888 2454/2984/1890 2455/2985/1891
f 2453/2983/1708 2455/2985/1891 2456/2986/1707
f 2455/2985/1891 2454/2984/1890 2457/2987/1892
f 2455/2985/1891 2458/2988/1893 2456/2986/1707
f 2455/2985/1891 2457/2987/1892 2458/2988/1893
f 2456/2986/1707 2458/2988/1893 2459/2989/166
f 2459/2989/166 2458/2988/1893 2460/2990/172
f 2458/2988/1893 2457/2987/1892 2461/2991/1894
f 2458/2988/1893 2461/2991/1894 2460/2990/172
f 2460/2990/172 2461/2991/1894 2462/2992/167
f 2454/2984/1890 2452/2982/1889 2463/2993/1895
f 2452/2982/1889 2464/2994/1896 2463/2993/1895
f 2454/2984/1890 2465/2995/1897 2457/2987/1892
f 2454/2984/1890 2463/2993/1895 2465/2995/1897
f 2457/2987/1892 2466/2996/1898 2461/2991/1894
f 2457/2987/1892 2465/2995/1897 2466/2996/1898
f 2461/2991/1894 2467/2997/1899 2462/2992/167
f 2461/2991/1894 2466/2996/1898 2467/2997/1899
f 2467/2997/1899 2468/2998/155 2462/2992/167
f 2467/2997/1899 2466/2996/1898 2469/2999/1900
f 2469/2999/1900 2466/2996/1898 2470/3000/1901
f 2466/2996/1898 2465/2995/1897 2471/3001/1902
f 2466/2996/1898 2471/3001/1902 2470/3000/1901
f 2465/2995/1897 2463/2993/1895 2472/3002/1903
f 2465/2995/1897 2472/3002/1903 2471/3001/1902
f 2463/2993/1895 2464/2994/1896 2473/3003/1904
f 2463/2993/1895 2473/3003/1904 2472/3002/1903
f 2464/2994/1896 2474/3004/1905 2473/3003/1904
f 2472/3002/1903 2475/3005/1906 2471/3001/1902
f 2472/3002/1903 2473/3003/1904 2476/3006/1907
f 2472/3002/1903 2476/3006/1907 2475/3005/1906
f 2473/3003/1904 2474/3004/1905 2477/3007/1908
f 2473/3003/1904 2477/3007/1908 2476/3006/1907
f 2474/3004/1905 2478/3008/1909 2477/3007/1908
f 2471/3001/1902 2479/3009/420 2470/3000/1901
f 2470/3000/1901 2479/3009/420 2480/3010/414
f 2479/3009/420 2471/3001/1902 2481/3011/427
f 2471/3001/1902 2475/3005/1906 2481/3011/427
f 2481/3011/427 2475/3005/1906 2482/3012/435
f 2476/3006/1907 2483/3013/1910 2475/3005/1906
f 2475/3005/1906 2484/3014/1911 2482/3012/435
f 2475/3005/1906 2483/3013/1910 2484/3014/1911
f 2482/3012/435 2484/3014/1911 2485/3015/774
f 2476/3006/1907 2477/3007/1908 2486/3016/1912
f 2476/3006/1907 2486/3016/1912 2483/3013/1910
f 2477/3007/1908 2478/3008/1909 2487/3017/1913
f 2477/3007/1908 2487/3017/1913 2486/3016/1912
f 2486/3016/1912 2488/3018/1914 2483/3013/1910
f 2488/3018/1914 2489/3019/1915 2483/3013/1910
f 2483/3013/1910 2490/3020/1916 2484/3014/1911
f 2483/3013/1910 2489/3019/1915 2490/3020/1916
f 2489/3019/1915 2491/3021/1917 2490/3020/1916
f 2484/3014/1911 2492/3022/1918 2485/3015/774
f 2484/3014/1911 2490/3020/1916 2492/3022/1918
f 2490/3020/1916 2491/3021/1917 2493/3023/1919
f 2490/3020/1916 2493/3023/1919 2492/3022/1918
f 2492/3022/1918 2494/3024/1920 2485/3015/774
f 2492/3022/1918 2493/3023/1919 2494/3024/1920
f 2485/3015/774 2494/3024/1920 2495/3025/777
f 2491/3021/1917 2496/3026/1921 2493/3023/1919
f 2493/3023/1919 2497/3027/1922 2494/3024/1920
f 2493/3023/1919 2496/3026/1921 2497/3027/1922
f 2496/3026/1921 2498/3028/1923 2497/3027/1922
f 2486/3016/1912 2487/3017/1913 2499/3029/1924
f 2478/3008/1909 2500/3030/1925 2487/3017/1913
f 2487/3017/1913 2501/3031/1926 2499/3029/1924
f 2487/3017/1913 2500/3030/1925 2501/3031/1926
f 2500/3030/1925 2502/3032/1927 2501/3031/1926
f 2502/3032/1927 2503/3033/1928 2501/3031/1926
f 2499/3029/1924 2501/3031/1926 2504/3034/1929
f 2501/3031/1926 2503/3033/1928 2505/3035/1930
f 2501/3031/1926 2505/3035/1930 2504/3034/1929
f 2503/3033/1928 2506/3036/1931 2505/3035/1930
f 2505/3035/1930 2507/3037/1932 2504/3034/1929
f 2505/3035/1930 2506/3036/1931 2507/3037/1932
f 2506/3036/1931 2508/3038/1933 2507/3037/1932
f 2504/3034/1929 2507/3037/1932 2509/3039/1934
f 2507/3037/1932 2508/3038/1933 2510/3040/1935
f 2507/3037/1932 2510/3040/1935 2509/3039/1934
f 2509/3039/1934 2510/3040/1935 2511/3041/1936
f 2511/3041/1936 2512/3042/1937 2498/3028/1923
f 2498/3028/1923 2512/3042/1937 2497/3027/1922
f 2511/3041/1936 2510/3040/1935 2512/3042/1937
f 2510/3040/1935 2508/3038/1933 2513/3043/1938
f 2510/3040/1935 2513/3043/1938 2512/3042/1937
f 2508/3038/1933 2514/3044/1939 2513/3043/1938
f 2514/3044/1939 2515/3045/1940 2513/3043/1938
f 2513/3043/1938 2516/3046/1941 2512/3042/1937
f 2513/3043/1938 2515/3045/1940 2516/3046/1941
f 2512/3042/1937 2517/3047/1942 2497/3027/1922
f 2512/3042/1937 2516/3046/1941 2517/3047/1942
f 2516/3046/1941 2515/3045/1940 2518/3048/1943
f 2516/3046/1941 2518/3048/1943 2517/3047/1942
f 2515/3045/1940 2519/3049/1944 2518/3048/1943
f 2519/3049/1944 2520/3050/1945 2518/3048/1943
f 2497/3027/1922 2521/3051/1946 2494/3024/1920
f 2497/3027/1922 2517/3047/1942 2521/3051/1946
f 2518/3048/1943 2520/3050/1945 2522/3052/1947
f 2520/3050/1945 2523/3053/1948 2522/3052/1947
f 2518/3048/1943 2524/3054/1949 2517/3047/1942
f 2518/3048/1943 2522/3052/1947 2524/3054/1949
f 2517/3047/1942 2525/3055/1950 2521/3051/1946
f 2517/3047/1942 2524/3054/1949 2525/3055/1950
f 2521/3051/1946 2526/3056/1951 2494/3024/1920
f 2494/3024/1920 2526/3056/1951 2495/3025/777
f 2495/3025/777 2526/3056/1951 2527/3057/782
f 2526/3056/1951 2521/3051/1946 2528/3058/1952
f 2521/3051/1946 2525/3055/1950 2528/3058/1952
f 2528/3058/1952 2525/3055/1950 2529/3059/1953
f 2525/3055/1950 2524/3054/1949 2530/3060/1954
f 2525/3055/1950 2530/3060/1954 2529/3059/1953
f 2529/3059/1953 2530/3060/1954 2531/3061/1955
f 2531/3061/1955 2530/3060/1954 2532/3062/673
f 2524/3054/1949 2522/3052/1947 2533/3063/1956
f 2524/3054/1949 2533/3063/1956 2530/3060/1954
f 2530/3060/1954 2534/3064/1957 2532/3062/673
f 2530/3060/1954 2533/3063/1956 2534/3064/1957
f 2533/3063/1956 2522/3052/1947 2535/3065/1958
f 2533/3063/1956 2535/3065/1958 2534/3064/1957
f 2522/3052/1947 2523/3053/1948 2536/3066/1959
f 2522/3052/1947 2536/3066/1959 2535/3065/1958
f 2523/3053/1948 2537/3067/1960 2536/3066/1959
f 2532/3062/673 2534/3064/1957 2538/3068/664
f 2534/3064/1957 2535/3065/1958 2539/3069/1961
f 2534/3064/1957 2539/3069/1961 2538/3068/664
f 2538/3068/664 2539/3069/1961 2540/3070/655
f 2539/3069/1961 2535/3065/1958 2541/3071/1962
f 2539/3069/1961 2541/3071/1962 2540/3070/655
f 2535/3065/1958 2536/3066/1959 2542/3072/1963
f 2535/3065/1958 2542/3072/1963 2541/3071/1962
f 2536/3066/1959 2537/3067/1960 2543/3073/1964
f 2536/3066/1959 2543/3073/1964 2542/3072/1963
f 2542/3072/1963 2544/3074/1965 2541/3071/1962
f 2542/3072/1963 2543/3073/1964 2544/3074/1965
f 2541/3071/1962 2545/3075/1966 2540/3070/655
f 2541/3071/1962 2544/3074/1965 2545/3075/1966
f 2540/3070/655 2545/3075/1966 2546/3076/642
f 2537/3067/1960 2547/3077/1967 2543/3073/1964
f 2543/3073/1964 2548/3078/1968 2544/3074/1965
f 2543/3073/1964 2547/3077/1967 2548/3078/1968
f 2547/3077/1967 1417/1947/1147 2548/3078/1968
f 2548/3078/1968 1416/1946/1146 2544/3074/1965
f 2548/3078/1968 1417/1947/1147 1416/1946/1146
f 1416/1946/1146 1414/1944/1144 2544/3074/1965
f 2544/3074/1965 1414/1944/1144 2545/3075/1966
f 2545/3075/1966 1415/1945/1145 2546/3076/642
f 2545/3075/1966 1414/1944/1144 1415/1945/1145
f 1415/1945/1145 1413/1943/638 2546/3076/642
f 2549/3079/1732 2550/3080/1826 2551/3081/1887
f 2551/3081/1887 2550/3080/1826 2552/3082/1969
f 2550/3080/1826 2553/3083/1818 2552/3082/1969
f 2551/3081/1887 2552/3082/1969 2554/3084/1889
f 2552/3082/1969 2553/3083/1818 2555/3085/1970
f 2553/3083/1818 2556/3086/1817 2555/3085/1970
f 2552/3082/1969 2557/3087/1971 2554/3084/1889
f 2552/3082/1969 2555/3085/1970 2557/3087/1971
f 2555/3085/1970 2556/3086/1817 2558/3088/1972
f 2556/3086/1817 2559/3089/279 2558/3088/1972
f 2559/3089/279 2560/3090/267 2558/3088/1972
f 2555/3085/1970 2561/3091/1973 2557/3087/1971
f 2555/3085/1970 2558/3088/1972 2561/3091/1973
f 2558/3088/1972 2560/3090/267 2562/3092/1974
f 2558/3088/1972 2562/3092/1974 2561/3091/1973
f 2560/3090/267 2563/3093/259 2562/3092/1974
f 2557/3087/1971 2564/3094/1975 2554/3084/1889
f 2554/3084/1889 2564/3094/1975 2565/3095/1896
f 2557/3087/1971 2561/3091/1973 2566/3096/1976
f 2557/3087/1971 2566/3096/1976 2564/3094/1975
f 2561/3091/1973 2562/3092/1974 2567/3097/1977
f 2561/3091/1973 2567/3097/1977 2566/3096/1976
f 2562/3092/1974 2563/3093/259 2568/3098/1978
f 2562/3092/1974 2568/3098/1978 2567/3097/1977
f 2568/3098/1978 2563/3093/259 2569/3099/253
f 2568/3098/1978 2570/3100/1979 2567/3097/1977
f 2570/3100/1979 2571/3101/1980 2567/3097/1977
f 2567/3097/1977 2572/3102/1981 2566/3096/1976
f 2567/3097/1977 2571/3101/1980 2572/3102/1981
f 2566/3096/1976 2573/3103/1982 2564/3094/1975
f 2566/3096/1976 2572/3102/1981 2573/3103/1982
f 2564/3094/1975 2574/3104/1983 2565/3095/1896
f 2564/3094/1975 2573/3103/1982 2574/3104/1983
f 2565/3095/1896 2574/3104/1983 2575/3105/1905
f 2573/3103/1982 2572/3102/1981 2576/3106/1984
f 2573/3103/1982 2577/3107/1985 2574/3104/1983
f 2573/3103/1982 2576/3106/1984 2577/3107/1985
f 2574/3104/1983 2578/3108/1986 2575/3105/1905
f 2574/3104/1983 2577/3107/1985 2578/3108/1986
f 2575/3105/1905 2578/3108/1986 2579/3109/1909
f 2572/3102/1981 2571/3101/1980 2580/3110/399
f 2580/3110/399 2581/3111/393 2572/3102/1981
f 2572/3102/1981 2581/3111/393 2576/3106/1984
f 2581/3111/393 2582/3112/394 2576/3106/1984
f 2580/3110/399 2571/3101/1980 2583/3113/404
f 2577/3107/1985 2576/3106/1984 2584/3114/1987
f 2576/3106/1984 2582/3112/394 2585/3115/1988
f 2576/3106/1984 2585/3115/1988 2584/3114/1987
f 2582/3112/394 2586/3116/832 2585/3115/1988
f 2577/3107/1985 2587/3117/1989 2578/3108/1986
f 2577/3107/1985 2584/3114/1987 2587/3117/1989
f 2578/3108/1986 2588/3118/1990 2579/3109/1909
f 2578/3108/1986 2587/3117/1989 2588/3118/1990
f 2587/3117/1989 2584/3114/1987 2589/3119/1991
f 2589/3119/1991 2584/3114/1987 2590/3120/1992
f 2584/3114/1987 2585/3115/1988 2591/3121/1993
f 2584/3114/1987 2591/3121/1993 2590/3120/1992
f 2590/3120/1992 2591/3121/1993 2592/3122/1994
f 2585/3115/1988 2586/3116/832 2593/3123/1995
f 2585/3115/1988 2593/3123/1995 2591/3121/1993
f 2591/3121/1993 2594/3124/1996 2592/3122/1994
f 2591/3121/1993 2593/3123/1995 2594/3124/1996
f 2593/3123/1995 2586/3116/832 2595/3125/1997
f 2593/3123/1995 2595/3125/1997 2594/3124/1996
f 2586/3116/832 2596/3126/834 2595/3125/1997
f 2592/3122/1994 2594/3124/1996 2597/3127/1998
f 2594/3124/1996 2595/3125/1997 2598/3128/1999
f 2594/3124/1996 2598/3128/1999 2597/3127/1998
f 2597/3127/1998 2598/3128/1999 2599/3129/2000
f 2587/3117/1989 2600/3130/2001 2588/3118/1990
f 2579/3109/1909 2588/3118/1990 2601/3131/1925
f 2588/3118/1990 2600/3130/2001 2602/3132/2002
f 2588/3118/1990 2602/3132/2002 2601/3131/1925
f 2601/3131/1925 2602/3132/2002 2603/3133/1927
f 2603/3133/1927 2602/3132/2002 2604/3134/1928
f 2600/3130/2001 2605/3135/2003 2602/3132/2002
f 2602/3132/2002 2606/3136/2004 2604/3134/1928
f 2602/3132/2002 2605/3135/2003 2606/3136/2004
f 2604/3134/1928 2606/3136/2004 2607/3137/1931
f 2606/3136/2004 2605/3135/2003 2608/3138/2005
f 2606/3136/2004 2608/3138/2005 2607/3137/1931
f 2607/3137/1931 2608/3138/2005 2609/3139/1933
f 2605/3135/2003 2610/3140/2006 2608/3138/2005
f 2608/3138/2005 2611/3141/2007 2609/3139/1933
f 2608/3138/2005 2610/3140/2006 2611/3141/2007
f 2610/3140/2006 2612/3142/2008 2611/3141/2007
f 2612/3142/2008 2599/3129/2000 2613/3143/2009
f 2599/3129/2000 2598/3128/1999 2613/3143/2009
f 2612/3142/2008 2613/3143/2009 2611/3141/2007
f 2611/3141/2007 2614/3144/2010 2609/3139/1933
f 2611/3141/2007 2613/3143/2009 2614/3144/2010
f 2609/3139/1933 2614/3144/2010 2615/3145/1939
f 2615/3145/1939 2614/3144/2010 2616/3146/1940
f 2614/3144/2010 2613/3143/2009 2617/3147/2011
f 2614/3144/2010 2617/3147/2011 2616/3146/1940
f 2613/3143/2009 2598/3128/1999 2618/3148/2012
f 2613/3143/2009 2618/3148/2012 2617/3147/2011
f 2617/3147/2011 2619/3149/2013 2616/3146/1940
f 2617/3147/2011 2618/3148/2012 2619/3149/2013
f 2616/3146/1940 2619/3149/2013 2620/3150/1944
f 2620/3150/1944 2619/3149/2013 2621/3151/1945
f 2598/3128/1999 2595/3125/1997 2622/3152/2014
f 2598/3128/1999 2622/3152/2014 2618/3148/2012
f 2619/3149/2013 2623/3153/2015 2624/3154/2016
f 2619/3149/2013 2624/3154/2016 2621/3151/1945
f 2619/3149/2013 2618/3148/2012 2623/3153/2015
f 2618/3148/2012 2622/3152/2014 2625/3155/2017
f 2618/3148/2012 2625/3155/2017 2623/3153/2015
f 2621/3151/1945 2624/3154/2016 2626/3156/1948
f 2622/3152/2014 2595/3125/1997 2627/3157/2018
f 2595/3125/1997 2596/3126/834 2627/3157/2018
f 2627/3157/2018 2628/3158/2019 2622/3152/2014
f 2622/3152/2014 2628/3158/2019 2625/3155/2017
f 2628/3158/2019 2629/3159/2020 2625/3155/2017
f 2625/3155/2017 2630/3160/2021 2623/3153/2015
f 2625/3155/2017 2629/3159/2020 2630/3160/2021
f 2629/3159/2020 2631/3161/2022 2630/3160/2021
f 2631/3161/2022 2632/3162/654 2630/3160/2021
f 2623/3153/2015 2633/3163/2023 2624/3154/2016
f 2623/3153/2015 2630/3160/2021 2633/3163/2023
f 2630/3160/2021 2632/3162/654 2634/3164/2024
f 2630/3160/2021 2634/3164/2024 2633/3163/2023
f 2633/3163/2023 2635/3165/2025 2624/3154/2016
f 2633/3163/2023 2634/3164/2024 2635/3165/2025
f 2624/3154/2016 2636/3166/2026 2626/3156/1948
f 2624/3154/2016 2635/3165/2025 2636/3166/2026
f 2626/3156/1948 2636/3166/2026 2637/3167/1960
f 2632/3162/654 2638/3168/646 2634/3164/2024
f 2634/3164/2024 2639/3169/2027 2635/3165/2025
f 2634/3164/2024 2638/3168/646 2639/3169/2027
f 2638/3168/646 2640/3170/641 2639/3169/2027
f 2639/3169/2027 2641/3171/2028 2635/3165/2025
f 2639/3169/2027 2640/3170/641 2641/3171/2028
f 2635/3165/2025 2642/3172/2029 2636/3166/2026
f 2635/3165/2025 2641/3171/2028 2642/3172/2029
f 2636/3166/2026 2643/3173/2030 2637/3167/1960
f 2636/3166/2026 2642/3172/2029 2643/3173/2030
f 2642/3172/2029 2641/3171/2028 2644/3174/2031
f 2642/3172/2029 2644/3174/2031 2643/3173/2030
f 2641/3171/2028 2640/3170/641 2645/3175/2032
f 2641/3171/2028 2645/3175/2032 2644/3174/2031
f 2640/3170/641 2646/3176/636 2645/3175/2032
f 2637/3167/1960 2643/3173/2030 2647/3177/1967
f 2643/3173/2030 2644/3174/2031 2648/3178/2033
f 2643/3173/2030 2648/3178/2033 2647/3177/1967
f 2647/3177/1967 2648/3178/2033 1445/1975/1147
f 1445/1975/1147 2648/3178/2033 1444/1974/1162
f 2648/3178/2033 2644/3174/2031 1444/1974/1162
f 1444/1974/1162 2644/3174/2031 1449/1979/1163
f 2644/3174/2031 2645/3175/2032 1449/1979/1163
f 1449/1979/1163 2645/3175/2032 1442/1972/1161
f 2645/3175/2032 2646/3176/636 1442/1972/1161
f 1442/1972/1161 2646/3176/636 1443/1973/637
f 2627/3157/2018 2596/3126/834 2649/3179/840
f 2650/3180/155 2651/3181/1899 2652/3182/143
f 2652/3182/143 2651/3181/1899 2653/3183/2034
f 2652/3182/143 2653/3183/2034 2654/3184/130
f 2654/3184/130 2653/3183/2034 2655/3185/2035
f 2654/3184/130 2655/3185/2035 2656/3186/122
f 2655/3185/2035 2653/3183/2034 2657/3187/2036
f 2655/3185/2035 2658/3188/2037 2656/3186/122
f 2655/3185/2035 2657/3187/2036 2659/3189/2038
f 2655/3185/2035 2659/3189/2038 2658/3188/2037
f 2653/3183/2034 2651/3181/1899 2660/3190/2039
f 2651/3181/1899 2661/3191/1900 2660/3190/2039
f 2653/3183/2034 2662/3192/2040 2657/3187/2036
f 2653/3183/2034 2660/3190/2039 2662/3192/2040
f 2660/3190/2039 2661/3191/1900 2663/3193/2041
f 2660/3190/2039 2663/3193/2041 2662/3192/2040
f 2661/3191/1900 2664/3194/1901 2663/3193/2041
f 2664/3194/1901 2665/3195/414 2663/3193/2041
f 2665/3195/414 2666/3196/410 2663/3193/2041
f 2663/3193/2041 2667/3197/2042 2662/3192/2040
f 2663/3193/2041 2666/3196/410 2667/3197/2042
f 2666/3196/410 2668/3198/407 2667/3197/2042
f 2658/3188/2037 2669/3199/2043 2656/3186/122
f 2656/3186/122 2669/3199/2043 2670/3200/106
f 2658/3188/2037 2659/3189/2038 2671/3201/2044
f 2658/3188/2037 2671/3201/2044 2669/3199/2043
f 2657/3187/2036 2672/3202/2045 2673/3203/2046
f 2657/3187/2036 2662/3192/2040 2672/3202/2045
f 2657/3187/2036 2673/3203/2046 2659/3189/2038
f 2659/3189/2038 2674/3204/2047 2671/3201/2044
f 2659/3189/2038 2673/3203/2046 2674/3204/2047
f 2662/3192/2040 2667/3197/2042 2675/3205/2048
f 2662/3192/2040 2675/3205/2048 2672/3202/2045
f 2667/3197/2042 2668/3198/407 2676/3206/2049
f 2667/3197/2042 2676/3206/2049 2675/3205/2048
f 2668/3198/407 2677/3207/406 2676/3206/2049
f 2669/3199/2043 2678/3208/2050 2670/3200/106
f 2670/3200/106 2678/3208/2050 2679/3209/98
f 2669/3199/2043 2671/3201/2044 2680/3210/2051
f 2669/3199/2043 2680/3210/2051 2678/3208/2050
f 2671/3201/2044 2674/3204/2047 2681/3211/2052
f 2671/3201/2044 2681/3211/2052 2680/3210/2051
f 2673/3203/2046 2682/3212/2053 2674/3204/2047
f 2674/3204/2047 2683/3213/2054 2681/3211/2052
f 2674/3204/2047 2682/3212/2053 2683/3213/2054
f 2673/3203/2046 2672/3202/2045 2684/3214/2055
f 2673/3203/2046 2684/3214/2055 2682/3212/2053
f 2672/3202/2045 2675/3205/2048 2685/3215/2056
f 2672/3202/2045 2685/3215/2056 2684/3214/2055
f 2678/3208/2050 2686/3216/2057 2679/3209/98
f 2679/3209/98 2686/3216/2057 2687/3217/90
f 2687/3217/90 2686/3216/2057 2688/3218/82
f 2678/3208/2050 2680/3210/2051 2689/3219/2058
f 2678/3208/2050 2689/3219/2058 2686/3216/2057
f 2680/3210/2051 2681/3211/2052 2690/3220/2059
f 2680/3210/2051 2690/3220/2059 2689/3219/2058
f 2681/3211/2052 2683/3213/2054 2691/3221/2060
f 2681/3211/2052 2691/3221/2060 2690/3220/2059
f 2682/3212/2053 2692/3222/2061 2693/3223/2062
f 2682/3212/2053 2684/3214/2055 2692/3222/2061
f 2682/3212/2053 2693/3223/2062 2683/3213/2054
f 2683/3213/2054 2694/3224/2063 2691/3221/2060
f 2683/3213/2054 2693/3223/2062 2694/3224/2063
f 2684/3214/2055 2685/3215/2056 2695/3225/2064
f 2684/3214/2055 2695/3225/2064 2692/3222/2061
f 2675/3205/2048 2676/3206/2049 2696/3226/2065
f 2675/3205/2048 2697/3227/2066 2685/3215/2056
f 2675/3205/2048 2696/3226/2065 2697/3227/2066
f 2685/3215/2056 2698/3228/2067 2695/3225/2064
f 2685/3215/2056 2697/3227/2066 2698/3228/2067
f 2686/3216/2057 2699/3229/2068 2688/3218/82
f 2688/3218/82 2699/3229/2068 2700/3230/79
f 2686/3216/2057 2689/3219/2058 2701/3231/2069
f 2686/3216/2057 2701/3231/2069 2699/3229/2068
f 2689/3219/2058 2690/3220/2059 2702/3232/2070
f 2689/3219/2058 2702/3232/2070 2701/3231/2069
f 2690/3220/2059 2691/3221/2060 2703/3233/2071
f 2690/3220/2059 2703/3233/2071 2702/3232/2070
f 2693/3223/2062 2692/3222/2061 2704/3234/2072
f 2692/3222/2061 2695/3225/2064 2705/3235/2073
f 2692/3222/2061 2705/3235/2073 2704/3234/2072
f 2695/3225/2064 2698/3228/2067 2706/3236/2074
f 2695/3225/2064 2706/3236/2074 2705/3235/2073
f 2693/3223/2062 2707/3237/2075 2694/3224/2063
f 2693/3223/2062 2704/3234/2072 2707/3237/2075
f 2696/3226/2065 2676/3206/2049 2708/3238/2076
f 2696/3226/2065 2709/3239/2077 2697/3227/2066
f 2696/3226/2065 2708/3238/2076 2709/3239/2077
f 2697/3227/2066 2710/3240/2078 2698/3228/2067
f 2697/3227/2066 2709/3239/2077 2710/3240/2078
f 2698/3228/2067 2711/3241/2079 2706/3236/2074
f 2698/3228/2067 2710/3240/2078 2711/3241/2079
f 2699/3229/2068 2712/3242/2080 2700/3230/79
f 2700/3230/79 2712/3242/2080 2713/3243/185
f 2713/3243/185 2712/3242/2080 2714/3244/1689
f 2699/3229/2068 2701/3231/2069 2715/3245/2081
f 2699/3229/2068 2715/3245/2081 2712/3242/2080
f 2712/3242/2080 2716/3246/2082 2714/3244/1689
f 2712/3242/2080 2715/3245/2081 2716/3246/2082
f 2714/3244/1689 2716/3246/2082 2717/3247/1687
f 2701/3231/2069 2702/3232/2070 2718/3248/2083
f 2701/3231/2069 2718/3248/2083 2715/3245/2081
f 2715/3245/2081 2719/3249/2084 2716/3246/2082
f 2715/3245/2081 2718/3248/2083 2719/3249/2084
f 2702/3232/2070 2703/3233/2071 2720/3250/2085
f 2702/3232/2070 2720/3250/2085 2718/3248/2083
f 2718/3248/2083 2721/3251/2086 2719/3249/2084
f 2718/3248/2083 2720/3250/2085 2721/3251/2086
f 2705/3235/2073 2722/3252/2087 2704/3234/2072
f 2704/3234/2072 2723/3253/2088 2707/3237/2075
f 2704/3234/2072 2722/3252/2087 2723/3253/2088
f 2705/3235/2073 2706/3236/2074 2724/3254/2089
f 2705/3235/2073 2724/3254/2089 2722/3252/2087
f 2706/3236/2074 2711/3241/2079 2725/3255/2090
f 2706/3236/2074 2725/3255/2090 2724/3254/2089
f 2709/3239/2077 2708/3238/2076 2726/3256/2091
f 2709/3239/2077 2727/3257/2092 2710/3240/2078
f 2709/3239/2077 2726/3256/2091 2727/3257/2092
f 2710/3240/2078 2728/3258/2093 2711/3241/2079
f 2710/3240/2078 2727/3257/2092 2728/3258/2093
f 2711/3241/2079 2729/3259/2094 2725/3255/2090
f 2711/3241/2079 2728/3258/2093 2729/3259/2094
f 2716/3246/2082 2730/3260/2095 2717/3247/1687
f 2717/3247/1687 2730/3260/2095 2731/3261/1685
f 2716/3246/2082 2719/3249/2084 2732/3262/2096
f 2716/3246/2082 2732/3262/2096 2730/3260/2095
f 2720/3250/2085 2703/3233/2071 2733/3263/2097
f 2703/3233/2071 2691/3221/2060 2733/3263/2097
f 2720/3250/2085 2734/3264/2098 2721/3251/2086
f 2720/3250/2085 2733/3263/2097 2734/3264/2098
f 2722/3252/2087 2735/3265/2099 2723/3253/2088
f 2722/3252/2087 2724/3254/2089 2736/3266/2100
f 2722/3252/2087 2736/3266/2100 2735/3265/2099
f 2724/3254/2089 2725/3255/2090 2737/3267/2101
f 2724/3254/2089 2737/3267/2101 2736/3266/2100
f 2727/3257/2092 2726/3256/2091 2738/3268/2102
f 2727/3257/2092 2739/3269/2103 2728/3258/2093
f 2727/3257/2092 2738/3268/2102 2739/3269/2103
f 2728/3258/2093 2740/3270/2104 2729/3259/2094
f 2728/3258/2093 2739/3269/2103 2740/3270/2104
f 2729/3259/2094 2741/3271/2105 2725/3255/2090
f 2729/3259/2094 2740/3270/2104 2741/3271/2105
f 2725/3255/2090 2742/3272/2106 2737/3267/2101
f 2725/3255/2090 2741/3271/2105 2742/3272/2106
f 2719/3249/2084 2721/3251/2086 2743/3273/2107
f 2721/3251/2086 2734/3264/2098 2744/3274/2108
f 2721/3251/2086 2744/3274/2108 2743/3273/2107
f 2719/3249/2084 2745/3275/2109 2732/3262/2096
f 2719/3249/2084 2743/3273/2107 2745/3275/2109
f 2743/3273/2107 2744/3274/2108 2746/3276/2110
f 2743/3273/2107 2746/3276/2110 2745/3275/2109
f 2732/3262/2096 2747/3277/2111 2730/3260/2095
f 2732/3262/2096 2745/3275/2109 2747/3277/2111
f 2745/3275/2109 2746/3276/2110 2748/3278/2112
f 2745/3275/2109 2748/3278/2112 2747/3277/2111
f 2748/3278/2112 2746/3276/2110 2749/3279/2113
f 2748/3278/2112 2749/3279/2113 2747/3277/2111
f 2746/3276/2110 2744/3274/2108 2750/3280/2114
f 2746/3276/2110 2750/3280/2114 2749/3279/2113
f 2744/3274/2108 2734/3264/2098 2751/3281/2115
f 2744/3274/2108 2751/3281/2115 2750/3280/2114
f 2750/3280/2114 2752/3282/2116 2749/3279/2113
f 2750/3280/2114 2751/3281/2115 2752/3282/2116
f 2749/3279/2113 2753/3283/2117 2747/3277/2111
f 2749/3279/2113 2752/3282/2116 2753/3283/2117
f 2736/3266/2100 2754/3284/2118 2735/3265/2099
f 2736/3266/2100 2737/3267/2101 2755/3285/2119
f 2736/3266/2100 2755/3285/2119 2754/3284/2118
f 2739/3269/2103 2738/3268/2102 2756/3286/2120
f 2739/3269/2103 2757/3287/2121 2740/3270/2104
f 2739/3269/2103 2756/3286/2120 2757/3287/2121
f 2740/3270/2104 2758/3288/2122 2741/3271/2105
f 2740/3270/2104 2757/3287/2121 2758/3288/2122
f 2751/3281/2115 2734/3264/2098 2759/3289/2123
f 2734/3264/2098 2733/3263/2097 2759/3289/2123
f 2751/3281/2115 2760/3290/2124 2752/3282/2116
f 2751/3281/2115 2759/3289/2123 2760/3290/2124
f 2747/3277/2111 2761/3291/2125 2730/3260/2095
f 2730/3260/2095 2761/3291/2125 2731/3261/1685
f 2761/3291/2125 2747/3277/2111 2762/3292/2126
f 2747/3277/2111 2753/3283/2117 2762/3292/2126
f 2761/3291/2125 2762/3292/2126 2731/3261/1685
f 2731/3261/1685 2762/3292/2126 2763/3293/1801
f 2762/3292/2126 2753/3283/2117 2764/3294/2127
f 2753/3283/2117 2752/3282/2116 2764/3294/2127
f 2762/3292/2126 2764/3294/2127 2763/3293/1801
f 2763/3293/1801 2764/3294/2127 2765/3295/1802
f 2752/3282/2116 2760/3290/2124 2766/3296/2128
f 2752/3282/2116 2766/3296/2128 2764/3294/2127
f 2764/3294/2127 2767/3297/2129 2765/3295/1802
f 2764/3294/2127 2766/3296/2128 2767/3297/2129
f 2765/3295/1802 2767/3297/2129 2768/3298/310
f 2768/3298/310 2767/3297/2129 2769/3299/206
f 2767/3297/2129 2766/3296/2128 2770/3300/2130
f 2767/3297/2129 2770/3300/2130 2769/3299/206
f 2769/3299/206 2770/3300/2130 2771/3301/210
f 2766/3296/2128 2760/3290/2124 2772/3302/2131
f 2766/3296/2128 2772/3302/2131 2770/3300/2130
f 2770/3300/2130 2773/3303/2132 2771/3301/210
f 2770/3300/2130 2772/3302/2131 2773/3303/2132
f 2771/3301/210 2773/3303/2132 2774/3304/214
f 2774/3304/214 2773/3303/2132 2775/3305/218
f 2760/3290/2124 2759/3289/2123 2776/3306/2133
f 2760/3290/2124 2776/3306/2133 2772/3302/2131
f 2772/3302/2131 2777/3307/2134 2773/3303/2132
f 2772/3302/2131 2776/3306/2133 2777/3307/2134
f 2773/3303/2132 2778/3308/2135 2775/3305/218
f 2773/3303/2132 2777/3307/2134 2778/3308/2135
f 2775/3305/218 2778/3308/2135 2779/3309/224
f 2759/3289/2123 2733/3263/2097 2780/3310/2136
f 2759/3289/2123 2780/3310/2136 2776/3306/2133
f 2776/3306/2133 2781/3311/2137 2777/3307/2134
f 2776/3306/2133 2780/3310/2136 2781/3311/2137
f 2780/3310/2136 2733/3263/2097 2782/3312/2138
f 2780/3310/2136 2782/3312/2138 2781/3311/2137
f 2777/3307/2134 2783/3313/2139 2778/3308/2135
f 2777/3307/2134 2781/3311/2137 2783/3313/2139
f 2781/3311/2137 2782/3312/2138 2784/3314/2140
f 2781/3311/2137 2784/3314/2140 2783/3313/2139
f 2778/3308/2135 2785/3315/2141 2779/3309/224
f 2778/3308/2135 2783/3313/2139 2785/3315/2141
f 2783/3313/2139 2784/3314/2140 2786/3316/2142
f 2783/3313/2139 2786/3316/2142 2785/3315/2141
f 2779/3309/224 2785/3315/2141 2787/3317/235
f 2785/3315/2141 2786/3316/2142 2788/3318/2143
f 2785/3315/2141 2788/3318/2143 2787/3317/235
f 2784/3314/2140 2782/3312/2138 2707/3237/2075
f 2707/3237/2075 2723/3253/2088 2784/3314/2140
f 2784/3314/2140 2723/3253/2088 2786/3316/2142
f 2786/3316/2142 2735/3265/2099 2788/3318/2143
f 2786/3316/2142 2723/3253/2088 2735/3265/2099
f 2735/3265/2099 2754/3284/2118 2788/3318/2143
f 2788/3318/2143 2754/3284/2118 2787/3317/235
f 2787/3317/235 2754/3284/2118 2789/3319/240
f 2754/3284/2118 2755/3285/2119 2789/3319/240
f 2789/3319/240 2755/3285/2119 2790/3320/247
f 2707/3237/2075 2782/3312/2138 2694/3224/2063
f 2782/3312/2138 2733/3263/2097 2791/3321/2144
f 2782/3312/2138 2791/3321/2144 2694/3224/2063
f 2694/3224/2063 2791/3321/2144 2691/3221/2060
f 2691/3221/2060 2791/3321/2144 2733/3263/2097
f 2790/3320/247 2755/3285/2119 2792/3322/1978
f 2790/3320/247 2792/3322/1978 2793/3323/253
f 2792/3322/1978 2755/3285/2119 2794/3324/2145
f 2755/3285/2119 2737/3267/2101 2794/3324/2145
f 2792/3322/1978 2794/3324/2145 2795/3325/1979
f 2794/3324/2145 2737/3267/2101 2796/3326/2146
f 2794/3324/2145 2796/3326/2146 2795/3325/1979
f 2795/3325/1979 2796/3326/2146 2797/3327/1980
f 2797/3327/1980 2796/3326/2146 2798/3328/404
f 2798/3328/404 2796/3326/2146 2799/3329/405
f 2796/3326/2146 2737/3267/2101 2742/3272/2106
f 2796/3326/2146 2742/3272/2106 2799/3329/405
f 2799/3329/405 2742/3272/2106 2800/3330/402
f 2742/3272/2106 2741/3271/2105 2800/3330/402
f 2800/3330/402 2741/3271/2105 2801/3331/403
f 2741/3271/2105 2758/3288/2122 2801/3331/403
f 2801/3331/403 2758/3288/2122 2802/3332/852
f 2802/3332/852 2758/3288/2122 2803/3333/2147
f 2758/3288/2122 2757/3287/2121 2803/3333/2147
f 2802/3332/852 2803/3333/2147 2804/3334/845
f 2804/3334/845 2803/3333/2147 2805/3335/2018
f 2804/3334/845 2805/3335/2018 2806/3336/840
f 2803/3333/2147 2757/3287/2121 2807/3337/2148
f 2757/3287/2121 2756/3286/2120 2807/3337/2148
f 2803/3333/2147 2808/3338/2149 2805/3335/2018
f 2803/3333/2147 2807/3337/2148 2808/3338/2149
f 2805/3335/2018 2808/3338/2149 2809/3339/2019
f 2809/3339/2019 2808/3338/2149 2810/3340/2020
f 2807/3337/2148 2756/3286/2120 2811/3341/2150
f 2807/3337/2148 2812/3342/2151 2808/3338/2149
f 2807/3337/2148 2811/3341/2150 2812/3342/2151
f 2808/3338/2149 2813/3343/2152 2810/3340/2020
f 2808/3338/2149 2812/3342/2151 2813/3343/2152
f 2810/3340/2020 2813/3343/2152 2814/3344/2022
f 2813/3343/2152 2812/3342/2151 2815/3345/2153
f 2813/3343/2152 2815/3345/2153 2814/3344/2022
f 2812/3342/2151 2811/3341/2150 2816/3346/2154
f 2812/3342/2151 2816/3346/2154 2815/3345/2153
f 2815/3345/2153 2817/3347/663 2814/3344/2022
f 2814/3344/2022 2817/3347/663 2818/3348/654
f 2817/3347/663 2815/3345/2153 2819/3349/671
f 2819/3349/671 2815/3345/2153 2820/3350/678
f 2815/3345/2153 2816/3346/2154 2820/3350/678
f 2820/3350/678 2816/3346/2154 2821/3351/685
f 2816/3346/2154 2811/3341/2150 2822/3352/2155
f 2816/3346/2154 2822/3352/2155 2821/3351/685
f 2821/3351/685 2822/3352/2155 2823/3353/693
f 2822/3352/2155 2811/3341/2150 2824/3354/2156
f 2822/3352/2155 2824/3354/2156 2823/3353/693
f 2823/3353/693 2824/3354/2156 2825/3355/697
f 2825/3355/697 2824/3354/2156 2826/3356/690
f 2811/3341/2150 2756/3286/2120 2827/3357/2157
f 2811/3341/2150 2827/3357/2157 2824/3354/2156
f 2756/3286/2120 2738/3268/2102 2827/3357/2157
f 2824/3354/2156 2828/3358/2158 2826/3356/690
f 2826/3356/690 2828/3358/2158 2829/3359/677
f 2824/3354/2156 2827/3357/2157 2830/3360/2159
f 2824/3354/2156 2830/3360/2159 2828/3358/2158
f 2828/3358/2158 2831/3361/2160 2829/3359/677
f 2828/3358/2158 2830/3360/2159 2831/3361/2160
f 2829/3359/677 2831/3361/2160 2832/3362/667
f 2827/3357/2157 2738/3268/2102 2833/3363/2161
f 2827/3357/2157 2833/3363/2161 2830/3360/2159
f 2738/3268/2102 2726/3256/2091 2833/3363/2161
f 2831/3361/2160 2834/3364/2162 2832/3362/667
f 2832/3362/667 2834/3364/2162 2835/3365/658
f 2835/3365/658 2834/3364/2162 2836/3366/665
f 2831/3361/2160 2830/3360/2159 2837/3367/2163
f 2831/3361/2160 2837/3367/2163 2834/3364/2162
f 2830/3360/2159 2833/3363/2161 2838/3368/2164
f 2830/3360/2159 2838/3368/2164 2837/3367/2163
f 2833/3363/2161 2726/3256/2091 2839/3369/2165
f 2833/3363/2161 2839/3369/2165 2838/3368/2164
f 2726/3256/2091 2708/3238/2076 2839/3369/2165
f 2834/3364/2162 2840/3370/1955 2836/3366/665
f 2836/3366/665 2840/3370/1955 2841/3371/673
f 2834/3364/2162 2837/3367/2163 2842/3372/2166
f 2834/3364/2162 2842/3372/2166 2840/3370/1955
f 2840/3370/1955 2842/3372/2166 2843/3373/1953
f 2842/3372/2166 2837/3367/2163 2844/3374/2167
f 2837/3367/2163 2838/3368/2164 2844/3374/2167
f 2842/3372/2166 2844/3374/2167 2843/3373/1953
f 2843/3373/1953 2844/3374/2167 2845/3375/1952
f 2845/3375/1952 2844/3374/2167 2846/3376/1951
f 2844/3374/2167 2838/3368/2164 2847/3377/2168
f 2838/3368/2164 2839/3369/2165 2847/3377/2168
f 2844/3374/2167 2847/3377/2168 2846/3376/1951
f 2839/3369/2165 2708/3238/2076 2848/3378/2169
f 2839/3369/2165 2848/3378/2169 2847/3377/2168
f 2708/3238/2076 2676/3206/2049 2848/3378/2169
f 2676/3206/2049 2677/3207/406 2848/3378/2169
f 2848/3378/2169 2849/3379/799 2847/3377/2168
f 2848/3378/2169 2677/3207/406 2849/3379/799
f 2849/3379/799 2850/3380/787 2847/3377/2168
f 2847/3377/2168 2850/3380/787 2846/3376/1951
f 2846/3376/1951 2850/3380/787 2851/3381/782
usemtl mat3
f 3382/3382/2608 3383/3383/2609 3384/3384/2610
f 3382/3382/2608 3385/3385/2611 3383/3383/2609
f 3382/3382/2608 3384/3384/2610 3386/3386/2612
f 3382/3382/2608 3387/3387/2613 3385/3385/2611
f 3382/3382/2608 3386/3386/2612 3388/3388/2614
f 3382/3382/2608 3389/3389/2615 3387/3387/2613
f 3382/3382/2608 3388/3388/2614 3389/3389/2615
f 3384/3384/2610 3390/3390/2616 3386/3386/2612
f 3385/3385/2611 3387/3387/2613 3391/3391/2617
f 3388/3388/2614 3392/3392/2618 3389/3389/2615
f 3388/3388/2614 3386/3386/2612 3393/3393/2619
f 3388/3388/2614 3394/3394/2620 3392/3392/2618
f 3388/3388/2614 3393/3393/2619 3394/3394/2620
f 3387/3387/2613 3395/3395/2621 3391/3391/2617
f 3387/3387/2613 3389/3389/2615 3396/3396/2622
f 3387/3387/2613 3396/3396/2622 3395/3395/2621
f 3392/3392/2618 3397/3397/2623 3389/3389/2615
f 3389/3389/2615 3397/3397/2623 3396/3396/2622
f 3393/3393/2619 3398/3398/2624 3394/3394/2620
f 3391/3391/2617 3395/3395/2621 3399/3399/2625
f 3397/3397/2623 3400/3400/2626 3396/3396/2622
f 3395/3395/2621 3401/3401/2627 3399/3399/2625
f 3395/3395/2621 3396/3396/2622 3402/3402/2628
f 3395/3395/2621 3402/3402/2628 3401/3401/2627
f 3396/3396/2622 3400/3400/2626 3402/3402/2628
f 3399/3399/2625 3401/3401/2627 3403/3403/2629
f 3400/3400/2626 3404/3404/2630 3402/3402/2628
f 3401/3401/2627 3405/3405/2631 3403/3403/2629
f 3401/3401/2627 3402/3402/2628 3406/3406/2632
f 3401/3401/2627 3406/3406/2632 3405/3405/2631
f 3402/3402/2628 3404/3404/2630 3406/3406/2632
f 3403/3403/2629 3405/3405/2631 3407/3407/2633
f 3404/3404/2630 3408/3408/2634 3406/3406/2632
f 3406/3406/2632 3408/3408/2634 3405/3405/2631
f 3407/3407/2633 3405/3405/2631 3409/3409/2635
f 3409/3409/2635 3405/3405/2631 3408/3408/2634
f 3410/3410/2636 3411/3411/2637 3412/3412/2638
f 3410/3410/2636 3413/3413/2639 3411/3411/2637
f 3410/3410/2636 3412/3412/2638 3414/3414/2640
f 3410/3410/2636 3415/3415/2641 3413/3413/2639
f 3410/3410/2636 3414/3414/2640 3416/3416/2642
f 3410/3410/2636 3417/3417/2643 3415/3415/2641
f 3410/3410/2636 3416/3416/2642 3417/3417/2643
f 3412/3412/2638 3418/3418/2644 3414/3414/2640
f 3413/3413/2639 3415/3415/2641 3419/3419/2645
f 3416/3416/2642 3420/3420/2646 3417/3417/2643
f 3416/3416/2642 3414/3414/2640 3421/3421/2647
f 3416/3416/2642 3422/3422/2648 3420/3420/2646
f 3416/3416/2642 3421/3421/2647 3422/3422/2648
f 3418/3418/2644 3423/3423/2649 3414/3414/2640
f 3418/3418/2644 3424/3424/2650 3423/3423/2649
f 3414/3414/2640 3423/3423/2649 3421/3421/2647
f 3415/3415/2641 3417/3417/2643 3425/3425/2651
f 3420/3420/2646 3426/3426/2652 3417/3417/2643
f 3417/3417/2643 3426/3426/2652 3425/3425/2651
f 3422/3422/2648 3421/3421/2647 3427/3427/2653
f 3424/3424/2650 3428/3428/2654 3423/3423/2649
f 3424/3424/2650 3429/3429/2655 3428/3428/2654
f 3426/3426/2652 3430/3430/2656 3425/3425/2651
f 3421/3421/2647 3431/3431/2657 3427/3427/2653
f 3421/3421/2647 3423/3423/2649 3431/3431/2657
f 3423/3423/2649 3428/3428/2654 3431/3431/2657
f 3429/3429/2655 3432/3432/2658 3428/3428/2654
f 3429/3429/2655 3433/3433/2659 3432/3432/2658
f 3427/3427/2653 3431/3431/2657 3434/3434/2660
f 3428/3428/2654 3432/3432/2658 3435/3435/2661
f 3428/3428/2654 3435/3435/2661 3431/3431/2657
f 3431/3431/2657 3435/3435/2661 3434/3434/2660
f 3433/3433/2659 3436/3436/2662 3432/3432/2658
f 3435/3435/2661 3437/3437/2663 3434/3434/2660
f 3435/3435/2661 3432/3432/2658 3437/3437/2663
f 3437/3437/2663 3432/3432/2658 3436/3436/2662
# Vertices: 3437, normals: 2663, texture coordinates: 3437, faces: 5306

