# File generated by ImageToStl.com - Free Image and 3D model conversion tools

mtllib pokedex 3d pro eevee.mtl

# Object_3_0
o obj1
v 3.49889994 1.99560075 9.73269999
v 3.49889994 2.43010068 9.12629944
v 2.46649999 2.30040059 8.95640013
v 2.78299991 1.9327007 9.61659983
v 3.49889994 1.27470077 10.20940011
v 2.86810007 1.27420073 10.11809995
v 2.78299991 0.42850071 9.61039957
v 2.67199986 0.42850073 9.96090021
v 2.67199986 7.4E-07 9.75020006
v 2.78479997 7.3E-07 9.67850015
v 2.83359997 7.4E-07 9.82809961
v 2.86810007 0.42850074 10.07860002
v 3.49889994 7.5E-07 9.93219987
v 3.49889994 0.42850075 10.17410007
v 2.05959994 7.2E-07 9.5050998
v 1.99389998 0.42850071 9.72120014
v 1.64160002 0.45560066 9.10350006
v 1.74950007 6.8E-07 9.06559974
v 1.4916 0.56170064 8.22499986
v 1.59690008 6.2E-07 8.23139995
v 1.78759992 1.45330071 9.25829996
v 2.05789991 1.24270077 9.7382999
v 2.67199986 1.24680075 9.97650018
v 1.57570001 1.78050071 8.39110003
v 1.48050003 0.92300054 7.21170001
v 1.82130001 0.00410051 6.77589998
v 1.53789995 1.1198005 6.58439985
v 2.27450002 0.87080046 5.79329983
v 1.73550006 2.22200033 6.04019968
v 2.41069999 2.06400027 5.11499963
v 1.72690004 2.4307005 7.20089954
v 2.34650001 2.5788006 8.18729977
v 3.49889994 2.61420058 8.62299929
v 4.12960015 0.42850074 10.07860002
v 4.1641999 7.4E-07 9.82809961
v 4.21480015 0.42850071 9.61039957
v 4.21299972 7.3E-07 9.67850015
v 4.32580002 7.4E-07 9.75020006
v 4.32580002 0.42850073 9.96090021
v 4.93820012 7.2E-07 9.5050998
v 5.00379987 0.42850071 9.72120014
v 5.35609983 0.45560066 9.10350006
v 5.24829999 6.8E-07 9.06559974
v 5.50619997 0.56170064 8.22499986
v 5.40079996 6.2E-07 8.23139995
v 5.21010011 1.45330071 9.25829996
v 4.93989997 1.24270077 9.7382999
v 4.21480015 1.9327007 9.61659983
v 4.32580002 1.24680075 9.97650018
v 4.12960015 1.27420073 10.11809995
v 4.53130007 2.30040059 8.95640013
v 5.42210005 1.78050071 8.39110003
v 5.51729985 0.92300054 7.21170001
v 5.17649986 0.00410051 6.77589998
v 5.45989983 1.1198005 6.58439985
v 4.72330004 0.87080046 5.79329983
v 3.49889994 0.7717004 5.47379995
v 3.49889994 4.7E-07 6.21909983
v 1.82130001 0.00410051 6.77589998
v 2.27450002 0.87080046 5.79329983
v 2.41069999 2.06400027 5.11499963
v 3.49889994 2.0007003 4.86790001
v 4.58710007 2.06400027 5.11499963
v 5.36440015 2.22200033 6.04019968
v 5.37299998 2.4307005 7.20089954
v 4.65129986 2.5788006 8.18729977
v 5.40059991 3.44050047 5.5808996
v 4.68540005 3.3030003 4.53999949
v 5.51079996 4.81590033 5.03299945
v 4.83050011 4.67400022 3.91859973
v 3.48140001 4.5842002 3.55639982
v 3.49709988 3.24600035 4.21699969
v 2.39690002 3.29350044 4.53129982
v 2.31369995 4.61760044 3.90239956
v 5.48599996 4.92230031 6.35189973
v 5.4037001 3.61210047 6.80819946
v 4.77220006 5.02680036 7.28279985
v 4.70490009 3.7196005 7.71949934
v 3.44180018 5.09750044 7.67209938
v 3.49709988 3.74560045 8.16169949
v 2.22229995 5.00410068 7.25419931
v 2.28409991 3.68810056 7.71860005
v 1.60470009 4.89250059 6.32059984
v 1.70619991 3.59640061 6.83680001
v 1.56549998 4.7464002 5.09959945
v 1.69190001 3.44340024 5.5831996
v 2.31369995 4.61760044 3.90239956
v 2.39690002 3.29350044 4.53129982
v 5.52310012 5.78520046 6.10079945
v 5.55219986 5.67170045 4.77809938
v 4.92619984 5.50420013 3.56929968
v 5.71050011 7.21580046 4.33459935
v 5.68579994 7.28080019 5.82299923
v 4.83990014 7.34120064 7.03219939
v 4.81280014 5.82140067 7.06429959
v 3.35600004 7.31630084 7.52699916
v 3.4283001 5.81380074 7.55319924
v 2.04739999 7.1682004 7.0258992
v 2.18209997 5.77430033 7.0499997
v 1.49450004 5.69540048 6.1218995
v 1.26430001 6.92770079 5.89939937
v 1.18180001 6.60220046 4.47609934
v 1.44020002 5.59400021 4.80509954
v 2.19080001 5.45240034 3.56509942
v 2.01929994 6.8316 3.00939944
v 5.06250001 7.0602002 2.97149944
v 3.63579988 6.89490008 2.32269954
v 3.53449993 5.39740012 3.12819962
v 2.19080001 5.45240034 3.56509942
v 2.01929994 6.8316 3.00939944
v 2.67199986 7.4E-07 9.75020006
v 2.05959994 7.2E-07 9.5050998
v 1.74950007 6.8E-07 9.06559974
v 2.78479997 7.3E-07 9.67850015
v 1.59690008 6.2E-07 8.23139995
v 3.49889994 6.3E-07 8.27940032
v 1.82130001 0.00410051 6.77589998
v 3.49889994 4.7E-07 6.21909983
v 3.49889994 7.3E-07 9.6721001
v 2.83359997 7.4E-07 9.82809961
v 3.49889994 7.5E-07 9.93219987
v 4.1641999 7.4E-07 9.82809961
v 4.21299972 7.3E-07 9.67850015
v 5.17649986 0.00410051 6.77589998
v 5.40079996 6.2E-07 8.23139995
v 5.24829999 6.8E-07 9.06559974
v 4.32580002 7.4E-07 9.75020006
v 4.93820012 7.2E-07 9.5050998
v 5.69560006 9.07480003 4.17619912
v 5.63240014 9.05610068 5.70249936
v 5.68579994 7.28080019 5.82299923
v 5.71050011 7.21580046 4.33459935
v 5.06250001 7.0602002 2.97149944
v 5.16109988 8.73390007 2.32229931
v 3.71909998 7.6489003 1.92969942
v 3.63579988 6.89490008 2.32269954
v 4.81059998 8.85020027 7.10019924
v 4.83990014 7.34120064 7.03219939
v 3.24640013 8.54140058 7.81629915
v 3.35600004 7.31630084 7.52699916
v 2.01929994 6.8316 3.00939944
v 2.04739999 7.1682004 7.0258992
v 2.01880001 7.6895004 7.26349966
v 1.26430001 6.92770079 5.89939937
v 4.55899984 8.73899918 -8.45110035
v 4.50120009 9.85259946 -8.48630071
v 5.37069999 10.06759944 -7.53050075
v 5.44600002 8.84089935 -7.46040038
v 5.90530001 10.21199925 -6.16340081
v 5.98179996 8.84669973 -6.13610066
v 6.03340007 10.19949952 -4.68820075
v 6.03629984 8.71169979 -4.65230076
v 5.69659993 9.9041996 -3.22370082
v 5.53140007 8.35419943 -3.24660044
v 5.00839986 9.37549977 -2.14840077
v 4.66630012 7.92379958 -2.35000052
v 3.37850004 7.63279999 -2.63810048
v 3.47130001 8.54949958 -8.89940028
v 3.47899981 9.60179947 -8.98470057
v 2.4606999 9.59559908 -9.10080073
v 2.17209999 8.44219931 -8.83190025
v 1.2108 8.42859902 -8.8736004
v 0.95509999 7.41879957 -7.62730073
v 1.56640001 9.60639944 -9.18340085
v 4.94729988 11.51849942 -7.67790092
v 4.22610007 11.06589968 -8.56170067
v 5.43880016 11.81029927 -6.37580096
v 5.58229983 11.84719987 -4.94900063
v 5.44289984 11.71189967 -3.49170095
v 5.12039997 11.41550003 -2.14330081
v 4.90459986 9.16870001 -1.54730067
v 4.98580001 11.16089959 -1.41520082
v 3.61529998 7.59199993 -1.84580052
v 4.89259996 8.97770001 -0.21970067
v 5.0423 10.99430024 -0.04330083
v 3.68559994 7.5919002 -0.40750058
v 2.45960001 6.61719959 -0.55110048
v 2.24140007 6.61730005 -2.20190057
v 1.10459998 6.15479979 -0.59620044
v 1.09050004 6.23609964 -2.38150051
v 0 5.99079984 -0.59020043
v 0 6.07029964 -2.39380048
v 0.87749995 6.3428995 -3.99660032
v 0 6.28669977 -3.99690057
v 0.45790002 6.68919936 -5.93950054
v 0 6.68919936 -5.94440041
v 1.58089995 6.63229942 -4.02840053
v 0.90009999 6.74519941 -5.91960041
v 4.53829989 13.3623 -5.27090084
v 4.3722 13.24289987 -6.65150087
v 3.08010001 14.19959912 -6.7146014
v 3.98069993 12.8193 -7.82440104
v 2.77180001 13.60409945 -7.93240099
v 2.36599986 12.58549922 -8.77820125
v 3.38350013 11.98079967 -8.70040075
v 1.57200005 14.68519965 -6.71310089
v 1.38229998 13.99839907 -7.97620074
v 0 14.78359947 -6.71310089
v 0 14.10279959 -7.97620075
v 1.20869996 12.93829911 -8.80870097
v 1.93830002 11.07059945 -9.26930094
v 0.98179998 11.21819917 -9.34180106
v 3.19299996 14.39159919 -5.37560095
v 1.6787 14.95320011 -5.38900086
v 0 15.0845002 -5.39430121
v 0 13.04839932 -8.82070089
v 0 11.26429889 -9.37730084
v 2.81509999 10.90149959 -9.15510066
v 3.52169983 10.76869897 -8.992301
v 4.51590009 13.29459966 -3.79270118
v 3.24480012 14.39110011 -3.93080112
v 4.34670001 13.05579973 -2.28020107
v 3.18549983 14.24700003 -2.46710103
v 4.29259986 12.88139959 -1.32250101
v 3.14080007 14.07729973 -1.31640103
v 3.17220017 13.9091 0.08039895
v 1.64400004 14.52559978 0.0504989
v 1.6454 14.68269964 -1.35140111
v 0 14.71180022 0.04169889
v 0 14.8664995 -1.36690112
v 4.36780006 12.6798004 0.05449904
v 1.6720999 14.86330013 -2.51350105
v 0 15.03159981 -2.53840109
v 1.71489995 15.00959962 -3.98620108
v 0 15.15789896 -4.0006012
v -1.6454 14.68269964 -1.35140111
v -1.64400004 14.52559978 0.0504989
v -3.14080007 14.07729973 -1.31640103
v -3.17220017 13.9091 0.08039895
v -4.29259986 12.88139959 -1.32250101
v -4.36780006 12.6798004 0.05449904
v -3.18549983 14.24700003 -2.46710103
v -4.34670001 13.05579973 -2.28020107
v -1.6720999 14.86330013 -2.51350105
v -3.24480012 14.39110011 -3.93080112
v -4.51590009 13.29459966 -3.79270118
v -1.71489995 15.00959962 -3.98620108
v -3.19299996 14.39159919 -5.37560095
v -4.53829989 13.3623 -5.27090084
v -3.08010001 14.19959912 -6.7146014
v -4.3722 13.24289987 -6.65150087
v -3.98069993 12.8193 -7.82440104
v -2.77180001 13.60409945 -7.93240099
v -2.36599986 12.58549922 -8.77820125
v -3.38350013 11.98079967 -8.70040075
v -1.57200005 14.68519965 -6.71310089
v -1.38229998 13.99839907 -7.97620074
v -1.20869996 12.93829911 -8.80870097
v -1.93830002 11.07059945 -9.26930094
v -0.98179998 11.21819917 -9.34180106
v -1.6787 14.95320011 -5.38900086
v -2.81509999 10.90149959 -9.15510066
v -3.52169983 10.76869897 -8.992301
v -4.22610007 11.06589968 -8.56170067
v -4.50120009 9.85259946 -8.48630071
v -4.94729988 11.51849942 -7.67790092
v -5.37069999 10.06759944 -7.53050075
v -4.55899984 8.73899918 -8.45110035
v -5.44600002 8.84089935 -7.46040038
v -5.90530001 10.21199925 -6.16340081
v -5.98179996 8.84669973 -6.13610066
v -6.03340007 10.19949952 -4.68820075
v -6.03629984 8.71169979 -4.65230076
v -5.69659993 9.9041996 -3.22370082
v -5.53140007 8.35419943 -3.24660044
v -5.00839986 9.37549977 -2.14840077
v -4.66630012 7.92379958 -2.35000052
v -3.37850004 7.63279999 -2.63810048
v -3.47130001 8.54949958 -8.89940028
v -3.47899981 9.60179947 -8.98470057
v -2.4606999 9.59559908 -9.10080073
v -2.17209999 8.44219931 -8.83190025
v -1.2108 8.42859902 -8.8736004
v -0.95509999 7.41879957 -7.62730073
v -1.56640001 9.60639944 -9.18340085
v -5.43880016 11.81029927 -6.37580096
v -5.58229983 11.84719987 -4.94900063
v -5.44289984 11.71189967 -3.49170095
v -5.12039997 11.41550003 -2.14330081
v -4.90459986 9.16870001 -1.54730067
v -4.98580001 11.16089959 -1.41520082
v -3.61529998 7.59199993 -1.84580052
v -4.89259996 8.97770001 -0.21970067
v -5.0423 10.99430024 -0.04330083
v -3.68559994 7.5919002 -0.40750058
v -2.45960001 6.61719959 -0.55110048
v -2.24140007 6.61730005 -2.20190057
v -1.10459998 6.15479979 -0.59620044
v -1.09050004 6.23609964 -2.38150051
v 0 5.99079984 -0.59020043
v 0 6.07029964 -2.39380048
v -0.87749995 6.3428995 -3.99660032
v 0 6.28669977 -3.99690057
v -0.45790002 6.68919936 -5.93950054
v 0 6.68919936 -5.94440041
v -1.58089995 6.63229942 -4.02840053
v -0.90009999 6.74519941 -5.91960041
v 5.23790009 5.92509935 -7.62810007
v 5.5342 5.52629966 -6.4389002
v 5.49019985 4.95069945 -6.69380017
v 5.21610007 5.30309951 -8.08150063
v 4.50569987 5.49429924 -8.81350007
v 4.52869982 6.23319941 -8.56040018
v 3.52879986 6.35079898 -8.91060058
v 3.54699977 5.58659924 -9.19270036
v 2.43199989 5.46769918 -8.77440017
v 2.35699993 6.17079931 -8.51620035
v 5.35839982 5.13699946 -5.33600041
v 5.31410016 4.7057997 -5.57230039
v 4.84110005 4.85869947 -4.52380031
v 4.75809984 4.53089961 -4.77500033
v 3.64620015 4.44119949 -4.39330038
v 1.71949994 5.04709964 -5.2907005
v 1.7647 4.7006994 -5.57210034
v 2.43939999 4.50629966 -4.72420041
v 1.47869997 5.41719933 -6.34260069
v 1.58619992 4.92589945 -6.64500035
v 1.66499987 5.86509945 -7.60350048
v 1.92959998 5.05099944 -8.05220046
v 2.35699993 6.17079931 -8.51620035
v 2.43199989 5.46769918 -8.77440017
v 3.49889994 1.99559981 -2.73190007
v 3.49889994 2.43009974 -3.33830025
v 2.57130004 2.33179975 -3.49240023
v 2.78299991 1.93269976 -2.84800004
v 3.49889994 1.31359987 -2.27730005
v 2.86810007 1.31299981 -2.36870004
v 3.49889994 2.61419964 -3.84160002
v 2.4118999 2.57879967 -4.19490022
v 1.81750003 2.5174996 -4.84690015
v 1.63090006 1.89359978 -3.9378
v 1.78759992 1.59019971 -3.19060025
v 2.05789991 1.28149975 -2.74850009
v 2.67199986 1.28569984 -2.51020017
v 3.52480002 3.26539955 -4.09870023
v 2.41780002 3.2288995 -4.44390016
v 1.8646 3.18589954 -5.11420021
v 1.6911 3.1309995 -6.02800013
v 1.64739992 2.39689959 -5.76160009
v 1.56420004 1.84179955 -4.86189998
v 1.62480008 1.78999951 -5.66770001
v 1.90539993 3.08849943 -7.30130025
v 1.90750007 2.24919956 -6.90990033
v 2.65270006 2.12969947 -7.49790014
v 2.67830007 1.43149944 -7.12110038
v 1.92339998 1.59169945 -6.58670005
v 1.90469995 0.74089953 -6.04970014
v 1.55389998 1.08619961 -5.57320014
v 2.5804 3.03069946 -7.87070044
v 1.48599995 0.42849961 -4.86189987
v 1.63540002 0.00209963 -4.86189984
v 1.939 0.00409957 -5.68859987
v 1.4463 1.13519962 -4.86189992
v 4.59519997 2.57879967 -4.19490022
v 4.42649983 2.33179975 -3.49240023
v 5.18030003 2.5174996 -4.84690015
v 5.36689982 1.89359978 -3.9378
v 4.21480015 1.93269976 -2.84800004
v 4.12960015 1.31299981 -2.36870004
v 5.21010011 1.59019971 -3.19060025
v 4.93989997 1.28149975 -2.74850009
v 4.32580002 1.28569984 -2.51020017
v 4.61880006 3.23109966 -4.44180021
v 5.16219996 3.19329946 -5.11760028
v 5.33259995 3.14939945 -6.04470023
v 5.35040013 2.39689959 -5.76160009
v 5.43360002 1.84179955 -4.86189998
v 5.37299998 1.78999951 -5.66770001
v 5.09029999 2.24919956 -6.90990033
v 5.07440008 1.59169945 -6.58670005
v 4.31949981 1.43149944 -7.12110038
v 4.34499979 2.12969947 -7.49790014
v 5.10450006 3.09229941 -7.30640017
v 4.42479998 3.04969937 -7.88569995
v 5.09309992 0.74089953 -6.04970014
v 5.44390008 1.08619961 -5.57320014
v 5.51169999 0.42849961 -4.86189987
v 5.36240004 0.00209963 -4.86189984
v 5.05880006 0.00409957 -5.68859987
v 4.26909998 0.00049963 -4.86189984
v 4.29710001 0.00209954 -6.08649999
v 5.55149987 1.13519962 -4.86189992
v 5.50619997 0.42849967 -4.10070013
v 5.54260015 1.16109967 -4.01920014
v 5.35439998 0.99369971 -3.27610008
v 5.35609983 0.42849973 -3.34590006
v 5.24829999 -2.6E-07 -3.38389985
v 4.93820012 -2.2E-07 -2.97609996
v 5.00379987 0.38179979 -2.7434001
v 4.32580002 0.38179981 -2.5036
v 4.32580002 -2.1E-07 -2.73099989
v 4.21480015 0.38179978 -2.85410008
v 4.21299972 -2.1E-07 -2.80269999
v 4.1641999 -2E-07 -2.65309997
v 4.12960015 0.38179982 -2.38600004
v 3.49889994 -1.9E-07 -2.5489999
v 3.49889994 0.38179982 -2.29049998
v 2.86810007 0.38179982 -2.38600004
v 2.83359997 -2E-07 -2.65309997
v 2.78299991 0.38179978 -2.85410008
v 2.78479997 -2.1E-07 -2.80269999
v 2.67199986 -2.1E-07 -2.73099989
v 2.67199986 0.38179981 -2.5036
v 2.05959994 -2.2E-07 -2.97609996
v 1.99389998 0.38179979 -2.7434001
v 1.64160002 0.42849973 -3.34590006
v 1.74950007 -2.6E-07 -3.38389985
v 1.4916 0.42849967 -4.10070013
v 1.59690008 -3.1E-07 -4.09430005
v 1.64340008 0.99369971 -3.27610008
v 1.96710005 0.83559983 -2.67880006
v 2.67199986 0.82859984 -2.43979997
v 2.78299991 0.83559982 -2.78240002
v 2.86810007 0.84229979 -2.3102001
v 3.49889994 0.84259987 -2.21669997
v 1.4552 1.16109967 -4.01920014
v 3.49889994 -2.1E-07 -2.80910004
v 2.75580008 -3.1E-07 -4.05829996
v 3.49889994 -3.1E-07 -4.04630005
v 4.12960015 0.84229979 -2.3102001
v 4.21480015 0.83559982 -2.78240002
v 4.32580002 0.82859984 -2.43979997
v 5.03069982 0.83559983 -2.67880006
v 4.24199998 -3.1E-07 -4.05829996
v 5.40079996 -3.1E-07 -4.09430005
v 2.72870008 0.00049963 -4.86189984
v 3.49889994 -3.7E-07 -4.86189984
v 4.26909998 0.00049963 -4.86189984
v 2.72870008 0.00049963 -4.86189984
v 2.70070005 0.00209954 -6.08649999
v 2.68890001 0.6016995 -6.55660038
v 2.70070005 0.00209954 -6.08649999
v 3.49889994 -4.7E-07 -6.24549985
v 3.49889994 -3.7E-07 -4.86189984
v 2.72870008 0.00049963 -4.86189984
v 3.49889994 0.52649947 -6.7456
v 4.30889986 0.6016995 -6.55660038
v 2.68890001 0.6016995 -6.55660038
v 0.90009999 6.74519941 -5.91960041
v 0.45790002 6.68919936 -5.93950054
v 0.47559999 7.34869929 -7.62730073
v 0.6025 8.420799 -8.89550064
v 0 6.68919936 -5.94440041
v 0 7.34869929 -7.62680079
v 0 8.41969929 -8.91220037
v 0.77530001 9.61719905 -9.25340055
v 0 9.62439929 -9.28600056
v -0.47559999 7.34869929 -7.62730073
v -0.45790002 6.68919936 -5.93950054
v -0.90009999 6.74519941 -5.91960041
v -0.6025 8.420799 -8.89550064
v -0.77530001 9.61719905 -9.25340055
v -3.49889994 1.33399945 -7.33900006
v -2.67830007 1.43149944 -7.12110038
v -2.68890001 0.6016995 -6.55660038
v -3.49889994 0.52649947 -6.7456
v -2.65270006 2.12969947 -7.49790014
v -3.49889994 2.03909946 -7.73540006
v -3.5112001 3.02129941 -8.18090015
v -2.5804 3.03069946 -7.87070044
v -4.34499979 2.12969947 -7.49790014
v -4.31949981 1.43149944 -7.12110038
v -4.42479998 3.04969937 -7.88569995
v -4.30889986 0.6016995 -6.55660038
v -4.49489988 4.70959926 -8.61380061
v -5.19730002 4.6126993 -7.92620068
v -5.21610007 5.30309951 -8.08150063
v -5.49019985 4.95069945 -6.69380017
v -5.45319989 4.37709938 -6.5078001
v -4.50569987 5.49429924 -8.81350007
v -3.54820006 4.76119935 -8.9622002
v -3.54699977 5.58659924 -9.19270036
v -2.4885999 4.68549924 -8.58180037
v -2.43199989 5.46769918 -8.77440017
v -5.31410016 4.7057997 -5.57230039
v -5.2827999 4.22899943 -5.45020024
v -4.70359996 4.12529969 -4.70950039
v -4.75809984 4.53089961 -4.77500033
v -3.64620015 4.44119949 -4.39330038
v -3.59049998 4.07649954 -4.3455004
v -2.43939999 4.50629966 -4.72420041
v -2.43110005 4.11379972 -4.70740044
v -1.7647 4.7006994 -5.57210034
v -1.80450007 4.22319952 -5.44910016
v -1.58619992 4.92589945 -6.64500035
v -1.62719991 4.35439933 -6.46839994
v -1.92959998 5.05099944 -8.05220046
v -1.80869997 4.59659934 -7.90400018
v -2.43199989 5.46769918 -8.77440017
v -2.4885999 4.68549924 -8.58180037
v -5.33259995 3.14939945 -6.04470023
v -5.10450006 3.09229941 -7.30640017
v -1.90539993 3.08849943 -7.30130025
v -2.5804 3.03069946 -7.87070044
v -1.6911 3.1309995 -6.02800013
v -1.8646 3.18589954 -5.11420021
v -2.41780002 3.2288995 -4.44390016
v -3.52480002 3.26539955 -4.09870023
v -4.61880006 3.23109966 -4.44180021
v -5.16219996 3.19329946 -5.11760028
v -2.48009991 4.80019975 -4.52330037
v -3.70029993 4.69119965 -4.09660039
v -2.60799993 5.36069951 -4.04470045
v -3.93720008 5.42309966 -3.46680026
v -1.68629996 5.46259954 -4.96120047
v -1.71949994 5.04709964 -5.2907005
v -1.34610003 5.91309956 -6.14630029
v -1.47869997 5.41719933 -6.34260069
v -1.49010001 6.44939932 -7.54950021
v -1.66499987 5.86509945 -7.60350048
v -2.26920005 6.94129924 -8.51570048
v -2.35699993 6.17079931 -8.51620035
v -5.06759994 5.76919957 -4.05040054
v -4.84110005 4.85869947 -4.52380031
v -5.54969981 6.16369954 -5.07040033
v -5.35839982 5.13699946 -5.33600041
v -5.5342 5.52629966 -6.4389002
v -5.7004001 6.55419928 -6.26800035
v -5.23790009 5.92509935 -7.62810007
v -5.30119985 6.90489951 -7.50050075
v -4.52869982 6.23319941 -8.56040018
v -4.5545999 7.10589971 -8.48220044
v -3.52879986 6.35079898 -8.91060058
v -3.4883 7.14509942 -8.81860087
v -2.26920005 6.94129924 -8.51570048
v -2.35699993 6.17079931 -8.51620035
v -5.81529997 7.40379953 -4.81730048
v -5.86789995 7.68439947 -6.1726006
v -6.03629984 8.71169979 -4.65230076
v -5.53140007 8.35419943 -3.24660044
v -5.31399995 7.02069971 -3.54740039
v -4.66630012 7.92379958 -2.35000052
v -4.31209989 6.60479942 -2.78060058
v -3.37850004 7.63279999 -2.63810048
v -2.86890008 6.28109995 -3.45100026
v -1.58089995 6.63229942 -4.02840053
v -1.60990003 6.1547995 -4.41930042
v -0.90009999 6.74519941 -5.91960041
v -1.07869999 6.53389945 -5.98180045
v -0.95509999 7.41879957 -7.62730073
v -1.15940003 7.09469932 -7.5796006
v -2.17209999 8.44219931 -8.83190025
v -2.20550001 7.68199945 -8.56890066
v -5.98179996 8.84669973 -6.13610066
v -5.40160015 7.8777993 -7.47230038
v -5.44600002 8.84089935 -7.46040038
v -4.56499979 7.91869919 -8.48020077
v -4.55899984 8.73899918 -8.45110035
v -3.46530005 7.85479926 -8.81630093
v -3.47130001 8.54949958 -8.89940028
v -2.20550001 7.68199945 -8.56890066
v -2.17209999 8.44219931 -8.83190025
v -2.46649999 2.30040059 8.95640013
v -3.49889994 2.43010068 9.12629944
v -3.49889994 1.99560075 9.73269999
v -2.78299991 1.9327007 9.61659983
v -3.49889994 1.27470077 10.20940011
v -2.86810007 1.27420073 10.11809995
v -2.78299991 0.42850071 9.61039957
v -2.67199986 0.42850073 9.96090021
v -2.67199986 7.4E-07 9.75020006
v -2.78479997 7.3E-07 9.67850015
v -2.83359997 7.4E-07 9.82809961
v -2.86810007 0.42850074 10.07860002
v -3.49889994 7.5E-07 9.93219987
v -3.49889994 0.42850075 10.17410007
v -2.05959994 7.2E-07 9.5050998
v -1.99389998 0.42850071 9.72120014
v -1.64160002 0.45560066 9.10350006
v -1.74950007 6.8E-07 9.06559974
v -1.4916 0.56170064 8.22499986
v -1.59690008 6.2E-07 8.23139995
v -1.78759992 1.45330071 9.25829996
v -2.05789991 1.24270077 9.7382999
v -2.67199986 1.24680075 9.97650018
v -1.57570001 1.78050071 8.39110003
v -1.48050003 0.92300054 7.21170001
v -1.82130001 0.00410051 6.77589998
v -1.53789995 1.1198005 6.58439985
v -2.27450002 0.87080046 5.79329983
v -1.73550006 2.22200033 6.04019968
v -2.41069999 2.06400027 5.11499963
v -1.72690004 2.4307005 7.20089954
v -2.34650001 2.5788006 8.18729977
v -3.49889994 2.61420058 8.62299929
v -4.12960015 0.42850074 10.07860002
v -4.1641999 7.4E-07 9.82809961
v -4.21480015 0.42850071 9.61039957
v -4.21299972 7.3E-07 9.67850015
v -4.32580002 7.4E-07 9.75020006
v -4.32580002 0.42850073 9.96090021
v -4.93820012 7.2E-07 9.5050998
v -5.00379987 0.42850071 9.72120014
v -5.35609983 0.45560066 9.10350006
v -5.24829999 6.8E-07 9.06559974
v -5.50619997 0.56170064 8.22499986
v -5.40079996 6.2E-07 8.23139995
v -5.21010011 1.45330071 9.25829996
v -4.93989997 1.24270077 9.7382999
v -4.21480015 1.9327007 9.61659983
v -4.32580002 1.24680075 9.97650018
v -4.12960015 1.27420073 10.11809995
v -4.53130007 2.30040059 8.95640013
v -5.42210005 1.78050071 8.39110003
v -5.51729985 0.92300054 7.21170001
v -5.17649986 0.00410051 6.77589998
v -5.45989983 1.1198005 6.58439985
v -4.72330004 0.87080046 5.79329983
v -3.49889994 0.7717004 5.47379995
v -3.49889994 4.7E-07 6.21909983
v -1.82130001 0.00410051 6.77589998
v -2.27450002 0.87080046 5.79329983
v -2.41069999 2.06400027 5.11499963
v -3.49889994 2.0007003 4.86790001
v -4.58710007 2.06400027 5.11499963
v -5.36440015 2.22200033 6.04019968
v -5.37299998 2.4307005 7.20089954
v -4.65129986 2.5788006 8.18729977
v -5.40059991 3.44050047 5.5808996
v -4.68540005 3.3030003 4.53999949
v -5.51079996 4.81590033 5.03299945
v -4.83050011 4.67400022 3.91859973
v -3.48140001 4.5842002 3.55639982
v -3.49709988 3.24600035 4.21699969
v -2.39690002 3.29350044 4.53129982
v -2.31369995 4.61760044 3.90239956
v -5.48599996 4.92230031 6.35189973
v -5.4037001 3.61210047 6.80819946
v -4.77220006 5.02680036 7.28279985
v -4.70490009 3.7196005 7.71949934
v -3.44180018 5.09750044 7.67209938
v -3.49709988 3.74560045 8.16169949
v -2.22229995 5.00410068 7.25419931
v -2.28409991 3.68810056 7.71860005
v -1.60470009 4.89250059 6.32059984
v -1.70619991 3.59640061 6.83680001
v -1.56549998 4.7464002 5.09959945
v -1.69190001 3.44340024 5.5831996
v -2.31369995 4.61760044 3.90239956
v -2.39690002 3.29350044 4.53129982
v -5.52310012 5.78520046 6.10079945
v -5.55219986 5.67170045 4.77809938
v -4.92619984 5.50420013 3.56929968
v -5.71050011 7.21580046 4.33459935
v -5.68579994 7.28080019 5.82299923
v -4.83990014 7.34120064 7.03219939
v -4.81280014 5.82140067 7.06429959
v -3.35600004 7.31630084 7.52699916
v -3.4283001 5.81380074 7.55319924
v -2.04739999 7.1682004 7.0258992
v -2.18209997 5.77430033 7.0499997
v -1.49450004 5.69540048 6.1218995
v -1.26430001 6.92770079 5.89939937
v -1.18180001 6.60220046 4.47609934
v -1.44020002 5.59400021 4.80509954
v -2.19080001 5.45240034 3.56509942
v -2.01929994 6.8316 3.00939944
v -5.06250001 7.0602002 2.97149944
v -3.63579988 6.89490008 2.32269954
v -3.53449993 5.39740012 3.12819962
v -2.19080001 5.45240034 3.56509942
v -2.01929994 6.8316 3.00939944
v -1.74950007 6.8E-07 9.06559974
v -2.05959994 7.2E-07 9.5050998
v -2.67199986 7.4E-07 9.75020006
v -2.78479997 7.3E-07 9.67850015
v -1.59690008 6.2E-07 8.23139995
v -3.49889994 6.3E-07 8.27940032
v -1.82130001 0.00410051 6.77589998
v -3.49889994 4.7E-07 6.21909983
v -3.49889994 7.3E-07 9.6721001
v -2.83359997 7.4E-07 9.82809961
v -3.49889994 7.5E-07 9.93219987
v -4.1641999 7.4E-07 9.82809961
v -4.21299972 7.3E-07 9.67850015
v -5.40079996 6.2E-07 8.23139995
v -5.17649986 0.00410051 6.77589998
v -5.24829999 6.8E-07 9.06559974
v -4.32580002 7.4E-07 9.75020006
v -4.93820012 7.2E-07 9.5050998
v -2.57130004 2.33179975 -3.49240023
v -3.49889994 2.43009974 -3.33830025
v -3.49889994 1.99559981 -2.73190007
v -2.78299991 1.93269976 -2.84800004
v -3.49889994 1.31359987 -2.27730005
v -2.86810007 1.31299981 -2.36870004
v -3.49889994 2.61419964 -3.84160002
v -2.4118999 2.57879967 -4.19490022
v -1.81750003 2.5174996 -4.84690015
v -1.63090006 1.89359978 -3.9378
v -1.78759992 1.59019971 -3.19060025
v -2.05789991 1.28149975 -2.74850009
v -2.67199986 1.28569984 -2.51020017
v -1.64739992 2.39689959 -5.76160009
v -1.56420004 1.84179955 -4.86189998
v -1.62480008 1.78999951 -5.66770001
v -1.90750007 2.24919956 -6.90990033
v -2.65270006 2.12969947 -7.49790014
v -2.67830007 1.43149944 -7.12110038
v -1.92339998 1.59169945 -6.58670005
v -1.90469995 0.74089953 -6.04970014
v -1.55389998 1.08619961 -5.57320014
v -1.48599995 0.42849961 -4.86189987
v -1.63540002 0.00209963 -4.86189984
v -1.939 0.00409957 -5.68859987
v -1.4463 1.13519962 -4.86189992
v -4.59519997 2.57879967 -4.19490022
v -4.42649983 2.33179975 -3.49240023
v -5.18030003 2.5174996 -4.84690015
v -5.36689982 1.89359978 -3.9378
v -4.21480015 1.93269976 -2.84800004
v -4.12960015 1.31299981 -2.36870004
v -5.21010011 1.59019971 -3.19060025
v -4.93989997 1.28149975 -2.74850009
v -4.32580002 1.28569984 -2.51020017
v -5.35040013 2.39689959 -5.76160009
v -5.43360002 1.84179955 -4.86189998
v -5.37299998 1.78999951 -5.66770001
v -5.09029999 2.24919956 -6.90990033
v -5.07440008 1.59169945 -6.58670005
v -5.09309992 0.74089953 -6.04970014
v -5.44390008 1.08619961 -5.57320014
v -5.51169999 0.42849961 -4.86189987
v -5.36240004 0.00209963 -4.86189984
v -5.05880006 0.00409957 -5.68859987
v -4.26909998 0.00049963 -4.86189984
v -4.29710001 0.00209954 -6.08649999
v -5.55149987 1.13519962 -4.86189992
v -5.50619997 0.42849967 -4.10070013
v -5.54260015 1.16109967 -4.01920014
v -5.35439998 0.99369971 -3.27610008
v -5.35609983 0.42849973 -3.34590006
v -5.24829999 -2.6E-07 -3.38389985
v -4.93820012 -2.2E-07 -2.97609996
v -5.00379987 0.38179979 -2.7434001
v -4.32580002 0.38179981 -2.5036
v -4.32580002 -2.1E-07 -2.73099989
v -4.21480015 0.38179978 -2.85410008
v -4.21299972 -2.1E-07 -2.80269999
v -4.1641999 -2E-07 -2.65309997
v -4.12960015 0.38179982 -2.38600004
v -3.49889994 -1.9E-07 -2.5489999
v -3.49889994 0.38179982 -2.29049998
v -2.86810007 0.38179982 -2.38600004
v -2.83359997 -2E-07 -2.65309997
v -2.78299991 0.38179978 -2.85410008
v -2.78479997 -2.1E-07 -2.80269999
v -2.67199986 -2.1E-07 -2.73099989
v -2.67199986 0.38179981 -2.5036
v -2.05959994 -2.2E-07 -2.97609996
v -1.99389998 0.38179979 -2.7434001
v -1.64160002 0.42849973 -3.34590006
v -1.74950007 -2.6E-07 -3.38389985
v -1.4916 0.42849967 -4.10070013
v -1.59690008 -3.1E-07 -4.09430005
v -1.64340008 0.99369971 -3.27610008
v -1.96710005 0.83559983 -2.67880006
v -2.67199986 0.82859984 -2.43979997
v -2.78299991 0.83559982 -2.78240002
v -2.86810007 0.84229979 -2.3102001
v -3.49889994 0.84259987 -2.21669997
v -1.4552 1.16109967 -4.01920014
v -3.49889994 -2.1E-07 -2.80910004
v -2.75580008 -3.1E-07 -4.05829996
v -3.49889994 -3.1E-07 -4.04630005
v -4.12960015 0.84229979 -2.3102001
v -4.21480015 0.83559982 -2.78240002
v -4.32580002 0.82859984 -2.43979997
v -5.03069982 0.83559983 -2.67880006
v -4.24199998 -3.1E-07 -4.05829996
v -5.40079996 -3.1E-07 -4.09430005
v -2.72870008 0.00049963 -4.86189984
v -3.49889994 -3.7E-07 -4.86189984
v -4.26909998 0.00049963 -4.86189984
v -2.72870008 0.00049963 -4.86189984
v -2.70070005 0.00209954 -6.08649999
v -2.68890001 0.6016995 -6.55660038
v -3.49889994 -3.7E-07 -4.86189984
v -3.49889994 -4.7E-07 -6.24549985
v -2.70070005 0.00209954 -6.08649999
v -2.72870008 0.00049963 -4.86189984
v 4.18159999 11.35639926 -9.20810115
v 3.21180001 9.86569901 -9.20810103
v 4.08079997 9.18889932 -10.93550096
v 5.25199994 11.02889917 -10.9355011
v 1.78689994 11.26439958 -8.02240084
v 2.50209998 12.023499 -8.0224009
v 4.54550013 13.28839888 -9.20810129
v 5.69540001 13.28929878 -10.93550127
v 4.18159999 15.08589913 -9.20810143
v 5.25199994 15.5021987 -10.93550143
v 2.83419993 13.27419965 -8.02240099
v 2.60899998 14.40439909 -8.02240108
v 3.21180001 16.62129988 -9.20810154
v 4.08079997 17.44249977 -10.93550158
v 2.00670008 15.35459994 -8.02240115
v 1.81789994 17.79519995 -9.20810163
v 2.20689997 18.82449902 -10.93550169
v 0 18.16269984 -9.20810166
v 0 19.41469974 -10.93550173
v 1.16450004 16.10899954 -8.02240121
v 0 16.30049883 -8.02240122
v 1.07079996 10.83389907 -8.02240081
v 1.81789994 8.89209961 -9.20810096
v 0 10.51539942 -8.02240079
v 0 8.42779954 -9.20810093
v 0 7.3470994 -10.93550082
v 2.20689997 7.91969887 -10.93550086
v 5.89630008 15.74309965 -13.17140132
v 4.54190001 17.8568994 -13.17140148
v 5.89630008 15.74309947 -15.49700021
v 4.54190001 17.85689922 -15.49700037
v 6.34389967 13.28839858 -13.17140113
v 6.34389967 13.28839841 -15.49700003
v 5.89630008 10.83809914 -15.49699984
v 5.89630008 10.83809932 -13.17140095
v 4.54190001 8.81819924 -13.1714008
v 4.54190001 8.81819906 -15.49699969
v 2.48579998 19.38519808 -15.49700049
v 2.48579998 19.38519825 -13.17140159
v 0 19.9701983 -15.49700053
v 0 19.97019847 -13.17140164
v 2.48579998 7.33209898 -13.17140068
v 2.48579998 7.3320988 -15.49699958
v 0 6.75099897 -15.49699954
v 0 6.75099914 -13.17140064
v 2.26600002 18.91799881 -17.89320105
v 0 19.44249882 -17.89320109
v 1.93169992 17.98559871 -20.19970106
v 3.6084 16.86269786 -20.20090052
v 1.47329997 17.12489854 -22.31260071
v 0 18.41979768 -20.1992019
v 0 17.46899764 -22.30590118
v 0 16.69009742 -24.14520062
v 1.11199999 16.43349793 -24.15550177
v 2.1980999 15.84099796 -24.17870135
v 2.88699996 16.23339782 -22.33000073
v 4.73410003 15.22359845 -20.20270045
v 3.78240012 14.96339868 -22.35480064
v 4.17690016 13.4450985 -22.38640142
v 5.17619997 13.28719851 -20.20500105
v 4.73410003 11.37939837 -20.20730015
v 3.81209999 11.77679802 -22.41930156
v 3.6084 9.48849838 -20.20940107
v 2.89290007 10.12889797 -22.4486001
v 3.22530009 13.70519812 -24.27170082
v 2.91559994 12.28179822 -24.33030102
v 2.24929992 10.91419796 -24.38450091
v 2.91079991 14.86609842 -24.21810143
v 1.48820002 9.06009802 -22.46940055
v 1.93169992 8.25089809 -20.21090004
v 0 7.78449845 -20.21140068
v 0 8.67189819 -22.47700012
v 0 9.72969795 -24.43299963
v 1.23640001 10.04879812 -24.41990004
v 4.24650013 9.01389881 -17.8932003
v 2.26600002 7.64469891 -17.8932002
v 0 7.12479888 -17.89320016
v 5.55649996 11.07599824 -17.89320046
v 5.55649996 15.61199888 -17.8932008
v 6.01799972 13.28849806 -17.89320063
v 4.24650013 17.56149842 -17.89320095
v 0.93350001 11.24369826 -26.12119998
v 1.6903 11.87689778 -26.06210202
v 0.69880001 12.69669771 -27.61229969
v 0 10.99449795 -26.14339971
v 0 12.53739834 -27.65760218
v 0.434 13.93009803 -28.8327019
v 0 13.84079834 -28.9226006
v 0 15.06349815 -29.80990226
v 0.27439999 15.162497 -29.72460206
v 0 16.52069756 -30.49080199
v 1.25630004 13.10119719 -27.512301
v 2.1497 12.91899783 -25.96780159
v 1.46840001 13.76289816 -27.39990159
v 1.61169991 14.50939718 -27.27890124
v 2.35450007 14.03769804 -25.87069975
v 2.17540003 14.89349856 -25.78510158
v 1.45490002 15.19599799 -27.19920094
v 1.15769999 15.62659834 -27.14659988
v 1.65940002 15.6528975 -25.7286024
v 0.90110004 15.42009796 -28.24650225
v 0.72690002 15.71519758 -28.18000137
v 0.99839997 15.00779772 -28.33080107
v 0.95699998 14.54369807 -28.50329986
v 0 15.73889779 -29.37740206
v 0.28329999 15.59569762 -29.43690239
v 0.28049999 15.92019724 -29.2584014
v 0 16.66419728 -29.83650095
v 0.75679999 14.21239756 -28.65360188
v 0.41339998 15.3343983 -29.60350033
v 0.39169998 15.49009756 -29.49639974
v 0.55570002 15.96029792 -27.10940064
v 0.80420002 16.06879785 -25.69270255
v 0 16.23699769 -25.67480031
v 0 16.07459728 -27.09249975
v 0.38640001 15.9429976 -28.13070239
v 0 16.02729794 -28.11220111
v 0 16.16219807 -29.13729968
v 0.1734 16.07229787 -29.18160083
v -0.55570002 15.96029792 -27.10940064
v -0.80420002 16.06879785 -25.69270255
v -0.1734 16.07229787 -29.18160083
v -0.38640001 15.9429976 -28.13070239
v -1.65940002 15.6528975 -25.7286024
v -1.15769999 15.62659834 -27.14659988
v -2.17540003 14.89349856 -25.78510158
v -1.45490002 15.19599799 -27.19920094
v -1.61169991 14.50939718 -27.27890124
v -2.35450007 14.03769804 -25.87069975
v -2.1497 12.91899783 -25.96780159
v -1.46840001 13.76289816 -27.39990159
v -1.25630004 13.10119719 -27.512301
v -1.6903 11.87689778 -26.06210202
v -0.90110004 15.42009796 -28.24650225
v -0.72690002 15.71519758 -28.18000137
v -0.99839997 15.00779772 -28.33080107
v -0.95699998 14.54369807 -28.50329986
v 0 15.73889779 -29.37740206
v -0.28049999 15.92019724 -29.2584014
v -0.75679999 14.21239756 -28.65360188
v -0.41339998 15.3343983 -29.60350033
v -0.39169998 15.49009756 -29.49639974
v 0 16.52069756 -30.49080199
v -0.28329999 15.59569762 -29.43690239
v -0.69880001 12.69669771 -27.61229969
v -0.93350001 11.24369826 -26.12119998
v 0 10.99449795 -26.14339971
v 0 12.53739834 -27.65760218
v -0.434 13.93009803 -28.8327019
v 0 13.84079834 -28.9226006
v 0 15.06349815 -29.80990226
v -0.27439999 15.162497 -29.72460206
v -2.24929992 10.91419796 -24.38450091
v -2.91559994 12.28179822 -24.33030102
v -2.89290007 10.12889797 -22.4486001
v -3.81209999 11.77679802 -22.41930156
v -3.6084 9.48849838 -20.20940107
v -4.73410003 11.37939837 -20.20730015
v -4.17690016 13.4450985 -22.38640142
v -5.17619997 13.28719851 -20.20500105
v -3.22530009 13.70519812 -24.27170082
v -4.73410003 15.22359845 -20.20270045
v -3.78240012 14.96339868 -22.35480064
v -2.88699996 16.23339782 -22.33000073
v -3.6084 16.86269786 -20.20090052
v -2.1980999 15.84099796 -24.17870135
v -2.91079991 14.86609842 -24.21810143
v -1.47329997 17.12489854 -22.31260071
v -1.11199999 16.43349793 -24.15550177
v -1.93169992 17.98559871 -20.19970106
v -1.48820002 9.06009802 -22.46940055
v -1.93169992 8.25089809 -20.21090004
v 0 7.78449845 -20.21140068
v 0 8.67189819 -22.47700012
v 0 9.72969795 -24.43299963
v -1.23640001 10.04879812 -24.41990004
v -4.24650013 9.01389881 -17.8932003
v -2.26600002 7.64469891 -17.8932002
v 0 7.12479888 -17.89320016
v -5.55649996 11.07599824 -17.89320046
v -6.01799972 13.28849806 -17.89320063
v -5.55649996 15.61199888 -17.8932008
v -4.24650013 17.56149842 -17.89320095
v -2.26600002 18.91799881 -17.89320105
v -2.48579998 19.38519808 -15.49700049
v -2.48579998 19.38519825 -13.17140159
v -4.54190001 17.8568994 -13.17140148
v -4.54190001 17.85689922 -15.49700037
v -5.89630008 15.74309947 -15.49700021
v -5.89630008 15.74309965 -13.17140132
v -6.34389967 13.28839858 -13.17140113
v -6.34389967 13.28839841 -15.49700003
v -5.89630008 10.83809914 -15.49699984
v -5.89630008 10.83809932 -13.17140095
v -4.54190001 8.81819924 -13.1714008
v -4.54190001 8.81819906 -15.49699969
v -2.48579998 7.33209898 -13.17140068
v -2.48579998 7.3320988 -15.49699958
v 0 6.75099897 -15.49699954
v 0 6.75099914 -13.17140064
v -4.08079997 17.44249977 -10.93550158
v -5.25199994 15.5021987 -10.93550143
v -3.21180001 16.62129988 -9.20810154
v -4.18159999 15.08589913 -9.20810143
v -5.69540001 13.28929878 -10.93550127
v -4.54550013 13.28839888 -9.20810129
v -2.83419993 13.27419965 -8.02240099
v -2.60899998 14.40439909 -8.02240108
v -5.25199994 11.02889917 -10.9355011
v -4.18159999 11.35639926 -9.20810115
v -4.08079997 9.18889932 -10.93550096
v -3.21180001 9.86569901 -9.20810103
v -1.78689994 11.26439958 -8.02240084
v -2.50209998 12.023499 -8.0224009
v -2.00670008 15.35459994 -8.02240115
v -1.81789994 17.79519995 -9.20810163
v -2.20689997 18.82449902 -10.93550169
v -1.16450004 16.10899954 -8.02240121
v -1.07079996 10.83389907 -8.02240081
v -1.81789994 8.89209961 -9.20810096
v 0 10.51539942 -8.02240079
v 0 8.42779954 -9.20810093
v 0 7.3470994 -10.93550082
v -2.20689997 7.91969887 -10.93550086
v 0 13.28839903 -7.29550075
v 0 13.28839903 -7.29550075
vn 0.0592 0.63557 0.76977
vn -0.06691 0.89321 0.44463
vn -0.34162 0.82851 0.4437
vn -0.53636 0.38537 0.75087
vn -0.07522 0.4156 0.90643
vn -0.74795 0.186 0.63716
vn -0.86393 -0.05129 0.50099
vn 0.54101 -0.07615 0.83756
vn -0.22422 -0.65691 0.71986
vn -0.46972 -0.76183 0.44607
vn -0.46973 -0.76183 0.44607
vn -0.86393 -0.05128 0.501
vn -0.05915 -0.7137 0.69795
vn 0.07498 -0.27238 0.95926
vn -0.53081 -0.69596 0.48361
vn -0.75166 -0.15348 0.64145
vn -0.91091 -0.08991 0.4027
vn -0.39474 -0.91839 0.02736
vn -0.99504 -0.07414 0.06634
vn -0.33232 -0.94219 -0.04296
vn -0.88153 0.3095 0.35652
vn -0.68163 0.30338 0.66584
vn -0.25768 0.44005 0.86021
vn -0.92297 0.34956 0.16104
vn -0.98291 -0.09007 -0.16053
vn -0.46898 -0.82555 -0.3139
vn -0.85253 -0.19076 -0.48662
vn -0.59527 -0.40075 -0.69646
vn -0.96944 -0.0039 -0.2453
vn -0.61408 -0.33248 -0.7158
vn -0.91991 0.33274 0.20748
vn -0.55557 0.6186 0.55558
vn -0.07515 0.73982 0.6686
vn 0.36198 -0.09944 0.92687
vn 0.22314 -0.66941 0.70859
vn 0.86191 -0.05166 0.50443
vn 0.45566 -0.76469 0.45565
vn -0.09802 -0.82742 0.55296
vn -0.5503 -0.07632 0.83147
vn 0.4136 -0.59478 0.68932
vn 0.46948 -0.21593 0.85613
vn 0.90958 -0.09056 0.40555
vn 0.36525 -0.93083 0.01177
vn 0.99239 -0.08303 0.09094
vn 0.31829 -0.94701 -0.04325
vn 0.89906 0.28914 0.32876
vn 0.49415 0.4309 0.75508
vn 0.52899 0.39379 0.75173
vn -0.29989 0.26787 0.91559
vn 0.3051 0.39227 0.86778
vn 0.34386 0.82602 0.44661
vn 0.93898 0.2892 0.18621
vn 0.97354 -0.16159 -0.16159
vn 0.38817 -0.84297 -0.37246
vn 0.94371 -0.1303 -0.30403
vn 0.4338 -0.48069 -0.76207
vn -0.06656 -0.55977 -0.82597
vn -0.03528 -0.95269 -0.3019
vn -0.59579 -0.72819 -0.33879
vn -0.59712 -0.39421 -0.6986
vn -0.62053 -0.32392 -0.71416
vn -0.06641 -0.45713 -0.88692
vn 0.44184 -0.40276 -0.8016
vn 0.89488 -0.14586 -0.42179
vn 0.91388 0.32046 0.24925
vn 0.4553 0.63743 0.6216
vn 0.91773 -0.20087 -0.34267
vn 0.48269 -0.39637 -0.78096
vn 0.93689 -0.17641 -0.30184
vn 0.50498 -0.38757 -0.77122
vn -0.07444 -0.43498 -0.89736
vn -0.0664 -0.44153 -0.89479
vn -0.661 -0.34027 -0.6688
vn -0.66702 -0.34716 -0.65922
vn 0.97433 0.01183 0.22482
vn 0.97421 0.01971 0.22479
vn 0.61517 0.18654 0.76601
vn 0.62133 0.23348 0.74795
vn -0.08288 0.24078 0.96703
vn -0.07525 0.33664 0.93862
vn -0.64821 0.16893 0.74249
vn -0.64752 0.23155 0.72602
vn -0.97068 -0.03508 0.23782
vn -0.97639 0.01178 0.21568
vn -0.96283 -0.19101 -0.191
vn -0.96629 -0.15258 -0.20736
vn -0.66703 -0.34716 -0.65921
vn -0.66099 -0.34026 -0.66881
vn 0.97226 -0.02756 0.23226
vn 0.94549 -0.1687 -0.27855
vn 0.54975 -0.36261 -0.75252
vn 0.9638 -0.09834 -0.24783
vn 0.97438 -0.00395 0.22486
vn 0.66658 0.00394 0.74542
vn 0.63524 0.06708 0.7694
vn -0.05133 -0.12242 0.99115
vn 0.05904 0.06693 0.99601
vn -0.61877 -0.22463 0.75277
vn -0.65419 0.0196 0.75608
vn -0.95917 -0.10569 0.26232
vn -0.78398 -0.47978 0.39393
vn -0.74879 -0.65567 -0.09701
vn -0.95352 -0.24519 -0.17515
vn -0.667 -0.34716 -0.65923
vn -0.29275 -0.80796 -0.51137
vn 0.64007 -0.31022 -0.7029
vn -0.02737 -0.48878 -0.87198
vn -0.08224 -0.4347 -0.89681
vn -0.66518 -0.35399 -0.65744
vn -0.24601 -0.80828 -0.53494
vn -0.03524 -0.76293 0.64552
vn -0.47887 -0.7358 0.47884
vn -0.35562 -0.93397 0.03517
vn -0.13755 -0.97856 0.15327
vn -0.30877 -0.94978 -0.05081
vn -0.00393 -0.99998 -0.00393
vn -0.4488 -0.82338 -0.34731
vn -0.00391 -0.96107 -0.27628
vn -0.0039 -0.99998 -0.0039
vn -0.37517 -0.72268 0.58051
vn -0.01179 -0.82774 0.56099
vn 0.35773 -0.72727 0.58576
vn 0.12192 -0.97936 0.16124
vn 0.43498 -0.82682 -0.3566
vn 0.29236 -0.95497 -0.05068
vn 0.34184 -0.93909 0.03537
vn 0.0197 -0.76709 0.64123
vn 0.47121 -0.74052 0.47916
vn 0.99152 0.04344 -0.12246
vn 0.95237 0.0988 0.28848
vn 0.95766 0.0118 0.28768
vn 0.98319 -0.06713 -0.16979
vn 0.77282 -0.24715 -0.58452
vn 0.84359 -0.27858 -0.45908
vn 0.33457 -0.70456 -0.62582
vn 0.13669 -0.45703 -0.87889
vn 0.70311 0.01178 0.71098
vn 0.66656 0.00395 0.74544
vn 0.24728 -0.27085 0.93032
vn 0.09082 -0.09868 0.99097
vn -0.29472 -0.60124 -0.74273
vn -0.5075 -0.20066 0.83796
vn 0.12929 -0.77163 0.62279
vn -0.15402 -0.86483 0.47786
vn 0.59809 -0.00391 -0.80142
vn 0.6011 0.05108 -0.79754
vn 0.8615 0.09049 -0.49962
vn 0.87557 -0.01176 -0.48296
vn 0.97203 0.12199 -0.2007
vn 0.97548 -0.03555 -0.21721
vn 0.98942 0.09855 0.10643
vn 0.98461 -0.10676 0.13839
vn 0.92319 -0.00398 0.38432
vn 0.8288 -0.20034 0.52245
vn 0.82432 -0.43782 0.35891
vn 0.36745 -0.32004 0.87324
vn 0.53464 -0.78814 0.30496
vn 0.0585 -0.15209 -0.98663
vn 0.28477 -0.07414 -0.95572
vn 0.08249 -0.14532 -0.98594
vn -0.08987 -0.55875 -0.82446
vn 0.00388 -0.61179 -0.79101
vn -0.07428 -0.80937 -0.58259
vn 0.07451 -0.16078 -0.98417
vn 0.80709 0.28741 -0.51576
vn 0.61807 0.1693 -0.76768
vn 0.90286 0.35092 -0.24839
vn 0.92982 0.368 -0.00394
vn 0.92722 0.28013 0.24858
vn 0.94894 0.12992 0.28745
vn 0.90951 -0.41341 -0.0433
vn 0.99441 0.07467 0.07467
vn 0.69642 -0.7043 -0.13771
vn 0.91153 -0.40295 -0.08215
vn 0.99644 0.06698 -0.05119
vn 0.68678 -0.72601 -0.03532
vn 0.50753 -0.86163 0.00393
vn 0.52113 -0.84239 -0.13714
vn 0.23057 -0.97305 0.00389
vn 0.22241 -0.9715 -0.08193
vn 0.00394 -0.99998 -0.00394
vn 0.00389 -0.99595 -0.08984
vn 0.21531 -0.96688 -0.13703
vn 0.00393 -0.98563 -0.16885
vn 0.11367 -0.96029 -0.25478
vn -0.00391 -0.96311 -0.26907
vn 0.41341 -0.90951 -0.0433
vn -0.22305 -0.95877 -0.17608
vn 0.7637 0.64497 -0.0277
vn 0.72976 0.62719 -0.27218
vn 0.49373 0.82586 -0.27236
vn 0.60199 0.51543 -0.60987
vn 0.39661 0.6872 -0.60865
vn 0.25507 0.42771 -0.86718
vn 0.39551 0.34854 -0.84976
vn 0.21592 0.91473 -0.34155
vn 0.17657 0.74148 -0.64733
vn -0.02749 0.93054 -0.36516
vn -0.02754 0.76696 -0.6411
vn 0.1136 0.42699 -0.89709
vn 0.11324 0.10543 -0.98796
vn 0.06641 0.13672 -0.98838
vn 0.52702 0.84406 -0.09906
vn 0.25498 0.96113 -0.10593
vn -0.02764 0.99109 -0.1303
vn -0.01965 0.43608 -0.89969
vn -0.01171 0.15997 -0.98705
vn 0.19108 0.07411 -0.97877
vn 0.37193 0.02739 -0.92786
vn 0.78304 0.60989 0.12198
vn 0.55871 0.82821 0.04359
vn 0.83253 0.52476 0.17756
vn 0.59928 0.78975 0.13097
vn 0.86354 0.49292 0.10646
vn 0.61047 0.78376 0.11422
vn 0.61437 0.78877 0.01982
vn 0.28744 0.95682 0.0433
vn 0.28021 0.95107 0.13023
vn 0.0355 0.99805 0.0513
vn -0.03526 0.99196 0.12154
vn 0.86831 0.49563 -0.01981
vn 0.28017 0.95108 0.13022
vn -0.03529 0.99196 0.12155
vn 0.27299 0.96136 0.03561
vn -0.03555 0.99917 0.01975
vn -0.28746 0.94894 0.12994
vn -0.29465 0.95463 0.0432
vn -0.61538 0.77999 0.11367
vn -0.61926 0.78494 0.01973
vn -0.86222 0.49546 0.10534
vn -0.87024 0.49223 -0.01968
vn -0.60056 0.78902 0.12954
vn -0.83492 0.52135 0.17638
vn -0.28745 0.94894 0.12994
vn -0.56417 0.82452 0.04339
vn -0.78606 0.60614 0.12123
vn -0.28029 0.95926 0.03553
vn -0.5292 0.84282 -0.098
vn -0.76697 0.64109 -0.02753
vn -0.50564 0.81925 -0.27047
vn -0.7334 0.62361 -0.27062
vn -0.61477 0.51296 -0.59911
vn -0.4032 0.68504 -0.60675
vn -0.26236 0.42684 -0.86543
vn -0.33372 0.34942 -0.87552
vn -0.22338 0.91315 -0.34096
vn -0.17653 0.74151 -0.6473
vn -0.12133 0.42659 -0.89627
vn -0.12096 0.10533 -0.98705
vn -0.0742 0.13668 -0.98783
vn -0.26427 0.95855 -0.10651
vn -0.19108 0.07411 -0.97877
vn -0.37193 0.02739 -0.92786
vn -0.5427 0.19912 -0.81598
vn -0.67028 0.04311 -0.74086
vn -0.74671 0.34795 -0.56688
vn -0.81007 0.11348 -0.57525
vn -0.54288 -0.01172 -0.83973
vn -0.85125 0.00387 -0.52474
vn -0.95282 0.17643 -0.24701
vn -0.96706 -0.00393 -0.25451
vn -0.98213 0.17606 0.06652
vn -0.99038 -0.06656 0.12135
vn -0.93454 0.0743 0.34802
vn -0.87289 -0.1683 0.45798
vn -0.91405 -0.27066 0.30208
vn -0.24054 -0.33517 0.91093
vn -0.54363 -0.78173 0.30555
vn -0.17535 -0.11299 -0.978
vn -0.21482 -0.08983 -0.97251
vn -0.08229 -0.16066 -0.98357
vn 0.21528 -0.3875 -0.89638
vn -0.0117 -0.61172 -0.79099
vn 0.3799 -0.65408 -0.65411
vn -0.08229 -0.16069 -0.98357
vn -0.90431 0.34843 -0.24663
vn -0.89171 0.45176 -0.02752
vn -0.90348 0.37938 0.19948
vn -0.94323 0.23875 0.23092
vn -0.96108 -0.27624 -0.0039
vn -0.99449 0.07411 0.0741
vn -0.70042 -0.70047 -0.13695
vn -0.95989 -0.27032 -0.07445
vn -0.9965 0.06646 -0.05079
vn -0.687 -0.72582 -0.03493
vn -0.47036 -0.8824 0.01165
vn -0.52677 -0.83897 -0.13657
vn -0.26179 -0.96512 0.00389
vn -0.24632 -0.9657 -0.08212
vn -0.01961 -0.9998 -0.00392
vn -0.01952 -0.99577 -0.08982
vn -0.21457 -0.96352 -0.15994
vn -0.01954 -0.98929 -0.14467
vn -0.08178 -0.9619 -0.2609
vn -0.0117 -0.96306 -0.26904
vn -0.40268 -0.91091 -0.08991
vn 0.08236 -0.97633 -0.19997
vn 0.92434 0.00394 -0.38154
vn 0.98136 -0.09064 -0.16948
vn 0.99276 -0.0356 -0.11469
vn 0.94008 0.06686 -0.33433
vn 0.63842 0.14494 -0.75592
vn 0.67971 0.09823 -0.72687
vn 0.0195 0.15996 -0.98693
vn 0.01171 0.15994 -0.98706
vn -0.62125 0.09769 -0.7775
vn -0.58921 0.0195 -0.80774
vn 0.93042 -0.26302 0.2552
vn 0.91956 -0.21706 0.32757
vn 0.68045 -0.46016 0.5703
vn 0.61946 -0.41427 0.66682
vn -0.02761 -0.51663 0.85576
vn -0.8422 -0.34864 0.41128
vn -0.88115 -0.24672 0.40336
vn -0.57667 -0.32558 0.74929
vn -0.97299 -0.23056 -0.01172
vn -0.97991 -0.15227 -0.12882
vn -0.92542 -0.16791 -0.33971
vn -0.94288 -0.07433 -0.32473
vn -0.63743 0.01174 -0.77042
vn -0.64377 0.08192 -0.76082
vn -0.05943 0.73304 0.67758
vn -0.04331 0.88638 0.46093
vn -0.33538 0.81673 0.46955
vn -0.35241 0.63756 0.68507
vn -0.08271 0.30331 0.94929
vn -0.86152 0.09046 0.4996
vn -0.0433 0.65762 0.7521
vn -0.46947 0.58783 0.65883
vn -0.83004 0.42093 0.36585
vn -0.8701 0.42125 0.2559
vn -0.69781 0.54801 0.46125
vn -0.5563 0.43794 0.70621
vn -0.28176 0.49595 0.82137
vn -0.04343 0.30407 0.95166
vn -0.54623 0.25541 0.79775
vn -0.8798 0.12903 0.4575
vn -0.99943 -0.02742 0.01959
vn -0.99269 0.00391 -0.12067
vn -0.97937 0.19899 -0.03514
vn -0.98291 0.09004 -0.16056
vn -0.93006 -0.17512 -0.323
vn -0.90736 -0.16748 -0.38555
vn -0.50199 -0.38523 -0.77434
vn -0.47961 -0.46401 -0.74476
vn -0.86149 -0.20659 -0.46385
vn -0.78328 -0.33124 -0.52607
vn -0.94259 -0.1056 -0.31681
vn -0.51053 -0.35464 -0.78332
vn -0.96353 -0.15993 -0.21456
vn -0.24692 -0.96808 -0.04312
vn -0.42647 -0.84115 -0.33255
vn -0.99425 0.0195 -0.10525
vn 0.47132 0.57431 0.66934
vn 0.32712 0.81583 0.47687
vn 0.83035 0.41322 0.37385
vn 0.86521 0.43065 0.2568
vn 0.34187 0.6405 0.68766
vn 0.24136 0.49463 0.83492
vn 0.58893 0.62052 0.51779
vn 0.42357 0.5107 0.74818
vn -0.52523 0.14835 0.83793
vn 0.55779 0.20965 0.80307
vn 0.89582 0.07497 0.43806
vn 0.99718 -0.07489 0.00394
vn 0.99845 0.04305 -0.03523
vn 0.97905 0.20053 -0.0354
vn 0.98264 0.09077 -0.16179
vn 0.90202 -0.18514 -0.38997
vn 0.85945 -0.20799 -0.467
vn 0.48133 -0.45786 -0.74745
vn 0.51388 -0.38835 -0.76493
vn 0.91269 -0.19978 -0.35648
vn 0.52257 -0.35754 -0.77401
vn 0.78023 -0.33327 -0.52931
vn 0.96488 -0.05908 -0.25597
vn 0.9406 -0.24008 -0.24009
vn 0.2467 -0.96731 -0.05877
vn 0.39658 -0.85207 -0.34161
vn -0.00392 -0.99992 -0.01177
vn 0.08193 -0.96383 -0.25362
vn 0.99416 0.01965 -0.10609
vn 0.99312 -0.09027 0.07457
vn 0.99023 0.09863 0.09863
vn 0.89238 0.09916 0.44026
vn 0.90131 -0.1299 0.41324
vn 0.20802 -0.97717 0.04315
vn 0.30627 -0.83918 0.44941
vn 0.47785 -0.2251 0.84911
vn -0.60238 -0.13962 0.7859
vn -0.14652 -0.78803 0.59795
vn -0.60239 -0.13961 0.7859
vn 0.01176 -0.99772 0.06652
vn 0.17089 -0.91007 0.37757
vn 0.2568 -0.43067 0.8652
vn -0.05123 -0.6657 0.74445
vn -0.08268 -0.27948 0.95659
vn -0.87597 -0.08248 0.47527
vn -0.51892 -0.68528 0.51099
vn 0.59415 -0.13162 0.79351
vn -0.02739 -0.99741 0.06649
vn -0.20124 -0.59589 0.77744
vn -0.18585 -0.39946 0.89772
vn -0.61588 -0.56098 0.55316
vn -0.75852 -0.18475 0.62491
vn -0.9531 -0.09807 0.28634
vn -0.30156 -0.95163 0.05876
vn -0.99323 -0.08957 0.074
vn -0.47359 -0.88067 0.01176
vn -0.94008 0.09832 0.32648
vn -0.74571 0.09862 0.65893
vn -0.16948 0.0907 0.98135
vn 0.59911 0.0282 0.80017
vn -0.88716 0.0118 0.46131
vn -0.09105 0.06731 0.99357
vn -0.99038 0.09787 0.09785
vn -0.01178 -0.99992 -0.00393
vn -0.00391 -0.99998 -0.00391
vn -0.00391 -0.99998 -0.00391
vn 0.3769 0.05953 0.92434
vn -0.60939 0.01986 0.79262
vn -0.6094 0.0199 0.79261
vn 0.46851 0.09842 0.87796
vn 0.00391 -0.99998 -0.00391
vn 0.46133 -0.88715 0.01183
vn -0.00393 -0.99992 -0.01178
vn -0.00392 -0.99998 -0.00392
vn 0.00393 -0.99992 -0.01178
vn -0.01178 -0.99986 -0.01178
vn -0.08984 -0.96506 -0.24613
vn -0.4322 -0.51005 -0.74367
vn -0.16774 -0.87783 -0.44865
vn 0.0039 -0.97646 -0.21567
vn -0.00391 -0.99998 -0.00391
vn -0.00394 -0.99998 -0.00393
vn 0.01948 -0.61168 -0.79087
vn 0.41842 -0.52791 -0.73908
vn -0.40955 -0.52657 -0.74498
vn -0.19192 -0.95188 -0.23893
vn 0.07412 -0.95573 -0.28474
vn 0.05081 -0.84801 -0.52754
vn 0.03515 -0.62858 -0.77695
vn -0.0117 -0.95613 -0.29271
vn -0.0039 -0.84557 -0.53384
vn -0.01172 -0.62892 -0.77738
vn 0.05856 -0.14444 -0.98778
vn -0.01172 -0.19912 -0.97991
vn -0.04282 -0.8448 -0.53336
vn -0.11356 -0.95152 -0.28584
vn 0.23916 -0.94491 -0.22349
vn -0.03515 -0.62858 -0.77695
vn -0.06634 -0.14437 -0.9873
vn -0.03514 -0.54259 -0.83926
vn 0.448 -0.47138 -0.75967
vn 0.40067 -0.52516 -0.75078
vn -0.03507 -0.6114 -0.79055
vn 0.47516 -0.38878 -0.78935
vn -0.03508 -0.43285 -0.90078
vn -0.04316 -0.40394 -0.91377
vn 0.47347 -0.3639 -0.80213
vn -0.51963 -0.38677 -0.76183
vn -0.49017 -0.45879 -0.74111
vn -0.52824 -0.35607 -0.77083
vn -0.44103 -0.51126 -0.73764
vn -0.55828 -0.26938 -0.7847
vn -0.92161 -0.15943 -0.35386
vn -0.94098 0.06637 -0.33188
vn -0.99288 -0.03532 -0.1138
vn -0.98796 -0.10543 -0.11324
vn -0.64301 0.14419 -0.75216
vn -0.02734 -0.3161 -0.94833
vn -0.0195 0.15993 -0.98694
vn 0.49869 -0.27881 -0.82071
vn 0.6164 0.09815 -0.78129
vn -0.92076 -0.2155 0.3252
vn -0.91152 0.01955 0.41078
vn -0.58834 0.10659 0.80155
vn -0.62429 -0.41229 0.66354
vn 0.01974 -0.51672 0.85592
vn 0.02764 0.17778 0.98368
vn 0.56606 -0.32855 0.75606
vn 0.54722 0.15354 0.82278
vn 0.87938 -0.24843 0.40616
vn 0.88523 0.06688 0.46031
vn 0.9796 -0.15343 -0.12982
vn 0.99434 -0.06682 -0.08256
vn 0.942 -0.07488 -0.32714
vn 0.94701 -0.08251 -0.31044
vn 0.63915 0.08235 -0.76466
vn 0.52149 -0.28623 -0.80382
vn -0.98959 -0.10561 -0.09778
vn -0.91399 -0.19837 -0.35393
vn 0.92901 -0.17637 -0.32533
vn 0.49886 -0.35745 -0.78954
vn 0.99496 -0.06685 -0.07473
vn 0.87802 0.12994 0.46064
vn 0.54068 0.25654 0.80115
vn 0.03556 0.30415 0.95196
vn -0.56321 0.20872 0.79952
vn -0.89736 0.07445 0.43497
vn 0.53641 -0.4816 0.69306
vn -0.00393 -0.63278 0.77432
vn 0.50766 -0.42109 0.75164
vn -0.05913 -0.54002 0.83957
vn 0.79932 -0.3662 0.47643
vn 0.83988 -0.35094 0.41405
vn 0.94008 -0.32647 -0.09833
vn 0.97058 -0.21613 -0.10609
vn 0.8681 -0.31817 -0.381
vn 0.92429 -0.16914 -0.34217
vn 0.55508 -0.12205 -0.8228
vn 0.63278 0.01179 -0.77424
vn -0.77971 -0.38006 0.4976
vn -0.68766 -0.45976 0.56191
vn -0.94712 -0.24555 0.20657
vn -0.93147 -0.26113 0.25331
vn -0.98164 -0.08995 -0.16818
vn -0.96933 -0.12068 -0.2141
vn -0.92548 0.00391 -0.37879
vn -0.90238 -0.06641 -0.42579
vn -0.68392 0.09768 -0.72299
vn -0.66266 0.00393 -0.74891
vn -0.0273 0.1599 -0.98676
vn -0.05091 0.02739 -0.99833
vn 0.51392 -0.10591 -0.85128
vn 0.58408 0.0196 -0.81146
vn -0.96259 -0.20655 0.17536
vn -0.96617 -0.09779 -0.23864
vn -0.98478 -0.08241 0.15301
vn -0.8972 -0.16064 0.41138
vn -0.84281 -0.29401 0.45082
vn -0.31858 -0.31856 0.89276
vn -0.12952 -0.43559 0.89078
vn -0.12216 -0.68182 0.72125
vn 0.44444 -0.37365 0.81416
vn -0.17645 -0.96837 0.17642
vn 0.72754 -0.38147 0.57023
vn 0.33339 -0.91395 -0.23142
vn 0.91075 -0.40611 -0.07491
vn 0.26147 -0.8235 -0.50347
vn 0.81255 -0.41217 -0.41216
vn 0.11348 -0.52836 -0.8414
vn 0.45925 -0.22375 -0.85967
vn -0.96505 -0.0117 -0.26179
vn -0.89211 -0.05844 -0.44802
vn -0.88567 -0.00391 -0.46431
vn -0.6459 -0.01174 -0.76333
vn -0.65048 -0.0039 -0.75951
vn -0.09805 -0.07452 -0.99239
vn -0.19952 -0.10566 -0.97418
vn 0.41865 -0.22301 -0.88034
vn 0.06618 -0.46328 -0.88374
vn 0.33651 0.74033 0.58196
vn -0.05926 0.81761 0.57272
vn 0.04347 0.81826 0.5732
vn 0.33651 0.74031 0.58199
vn 0.07491 0.12223 0.98967
vn 0.85635 0.05175 0.5138
vn 0.87694 -0.01979 0.48019
vn 0.13106 -0.06754 0.98907
vn 0.20785 -0.60001 0.77252
vn 0.56073 -0.65615 0.50502
vn 0.56071 -0.65616 0.50503
vn 0.87697 -0.01983 0.48014
vn 0.04331 -0.6576 0.75212
vn 0.06714 -0.1145 0.99115
vn 0.57318 -0.62852 0.52576
vn 0.77471 -0.02781 0.6317
vn 0.92031 0.01184 0.39102
vn 0.58097 -0.7865 0.20949
vn 0.99515 0.00392 0.09834
vn 0.41327 -0.90917 -0.05118
vn 0.81098 0.45494 0.36789
vn 0.77223 0.1307 0.62176
vn 0.16986 0.13826 0.97572
vn 0.93963 0.30526 0.15461
vn 0.98291 -0.11354 -0.14488
vn 0.53873 -0.75895 -0.36573
vn 0.86927 -0.21633 -0.44448
vn 0.59405 -0.42882 -0.6806
vn 0.9668 -0.05918 -0.2486
vn 0.61408 -0.33248 -0.7158
vn 0.94317 0.20126 0.26443
vn 0.59604 0.42237 0.68289
vn 0.07493 0.5246 0.84804
vn -0.37573 -0.09885 0.92144
vn -0.22335 -0.61512 0.75614
vn -0.87879 -0.01969 0.47681
vn -0.5744 -0.64571 0.50311
vn 0.14739 -0.75294 0.64137
vn 0.60435 -0.02004 0.79647
vn -0.42011 -0.59283 0.68707
vn -0.50052 -0.067 0.86313
vn -0.92155 0.00394 0.38824
vn -0.58619 -0.78289 0.20848
vn -0.99257 0.00391 0.12161
vn -0.42633 -0.90354 -0.04304
vn -0.85165 0.40423 0.33361
vn -0.48602 0.12249 0.86532
vn -0.35248 0.73268 0.58218
vn 0.57421 0.0763 0.81514
vn -0.35184 0.11461 0.92902
vn -0.35247 0.73269 0.58217
vn -0.93991 0.28707 0.18484
vn -0.97394 -0.16038 -0.16039
vn -0.37019 -0.83778 -0.40135
vn -0.9507 -0.15258 -0.26997
vn -0.44175 -0.47302 -0.76231
vn 0.05083 -0.60609 -0.79377
vn 0.01946 -0.9379 -0.34635
vn 0.59074 -0.73156 -0.34036
vn 0.60931 -0.4206 -0.67218
vn 0.6141 -0.33245 -0.71579
vn 0.051 -0.45133 -0.8909
vn -0.46473 -0.39442 -0.79275
vn -0.90156 -0.16 -0.40198
vn -0.92951 0.20001 0.30984
vn -0.48416 0.46055 0.74396
vn -0.91539 -0.19087 -0.35445
vn -0.49463 -0.39334 -0.775
vn -0.92724 -0.19952 -0.31689
vn -0.50499 -0.38756 -0.77122
vn 0.05101 -0.43561 -0.89869
vn 0.05083 -0.44194 -0.8956
vn 0.65028 -0.33499 -0.68184
vn 0.65476 -0.34894 -0.67047
vn -0.9746 0.01956 0.22308
vn -0.97216 0.04295 0.23037
vn -0.61986 0.21714 0.75407
vn -0.63091 0.23119 0.74061
vn 0.06687 0.31078 0.94813
vn -0.07499 0.36695 0.92721
vn 0.63684 0.21756 0.73966
vn 0.64416 0.24898 0.72323
vn 0.97438 -0.00394 0.22488
vn 0.97548 0.03554 0.21722
vn 0.96201 -0.1767 -0.20811
vn 0.96577 -0.15374 -0.20893
vn 0.66444 -0.34205 -0.66447
vn 0.64222 -0.3349 -0.68949
vn -0.97299 -0.01172 0.23053
vn -0.9434 -0.16833 -0.28576
vn -0.53399 -0.37031 -0.76008
vn -0.96277 -0.11304 -0.24556
vn -0.97299 -0.01172 0.23055
vn -0.66267 0.00392 0.74891
vn -0.63993 0.06674 0.76553
vn 0.05117 -0.07478 0.99589
vn 0.06709 0.12231 0.99022
vn 0.62657 -0.13006 0.76843
vn 0.64342 0.075 0.76183
vn 0.95855 -0.10651 0.26428
vn 0.83057 -0.40542 0.38182
vn 0.79847 -0.59396 -0.09832
vn 0.95676 -0.22442 -0.18505
vn 0.66264 -0.34896 -0.66267
vn 0.41894 -0.70864 -0.56773
vn -0.62872 -0.32414 -0.70685
vn 0.03508 -0.46401 -0.88514
vn 0.05883 -0.43542 -0.8983
vn 0.6582 -0.3508 -0.66612
vn 0.32494 -0.77899 -0.53627
vn 0.34184 -0.93909 0.03535
vn 0.46671 -0.74126 0.48241
vn 0.02742 -0.76311 0.64568
vn 0.12114 -0.98087 0.15239
vn 0.28518 -0.95713 -0.05077
vn -0.00393 -0.99998 -0.00393
vn 0.43337 -0.83156 -0.34743
vn -0.0039 -0.99998 -0.0039
vn 0.35773 -0.72727 0.58576
vn -0.37517 -0.72268 0.58051
vn -0.13737 -0.97736 0.16091
vn -0.30877 -0.94978 -0.05081
vn -0.45376 -0.81827 -0.3529
vn -0.36241 -0.93136 0.03506
vn -0.03539 -0.76679 0.64093
vn -0.48342 -0.73495 0.47556
vn 0.32835 0.81889 0.47076
vn 0.0276 0.88688 0.46117
vn 0.05926 0.64411 0.76264
vn 0.21095 0.51341 0.83181
vn 0.05931 0.5101 0.85807
vn 0.24878 0.49368 0.8333
vn 0.02757 0.65798 0.75253
vn 0.46328 0.58999 0.66128
vn 0.82238 0.4289 0.37381
vn 0.86522 0.43064 0.2568
vn 0.77924 0.45488 0.43113
vn 0.41458 0.50934 0.75412
vn 0.27261 0.49382 0.82573
vn 0.99257 0.00393 -0.12161
vn 0.97905 0.20052 -0.03539
vn 0.96848 0.00395 -0.24904
vn 0.90598 -0.16866 -0.38828
vn 0.49612 -0.38673 -0.77737
vn 0.47357 -0.46574 -0.74754
vn 0.85738 -0.2094 -0.47016
vn 0.82141 -0.30264 -0.48343
vn 0.93261 -0.15348 -0.32661
vn 0.96296 -0.16116 -0.21617
vn 0.49973 -0.85386 -0.14558
vn 0.59512 -0.65816 -0.46114
vn 0.99416 0.01965 -0.10608
vn -0.47745 0.57216 0.66684
vn -0.33413 0.81369 0.47566
vn -0.83544 0.40398 0.37261
vn -0.87009 0.42126 0.25591
vn -0.22607 0.51164 0.82893
vn -0.68846 0.2905 0.66455
vn -0.64363 0.52515 0.55674
vn -0.5594 0.44037 0.70224
vn 0.13274 0.36602 0.92109
vn -0.99251 -0.01176 -0.12161
vn -0.97937 0.19899 -0.03514
vn -0.96897 0.00393 -0.24716
vn -0.90349 -0.18381 -0.3872
vn -0.86149 -0.20658 -0.46386
vn -0.82704 -0.30179 -0.47426
vn -0.93363 -0.15236 -0.32421
vn -0.96353 -0.15996 -0.21454
vn -0.50561 -0.85049 -0.14501
vn -0.603 -0.64968 -0.46293
vn -0.01178 -0.99986 -0.01178
vn -0.08968 -0.96317 -0.2535
vn -0.98616 -0.06627 -0.152
vn -0.99323 -0.08959 0.07401
vn -0.99589 0.01172 0.08983
vn -0.90732 -0.01178 0.42028
vn -0.90276 -0.12896 0.41035
vn -0.52796 -0.81732 0.23075
vn -0.39868 -0.85657 0.32762
vn -0.75853 -0.18471 0.62491
vn 0.58833 -0.14007 0.7964
vn 0.13874 -0.78892 0.59863
vn 0.5883 -0.14008 0.79642
vn -0.01957 -0.99759 0.06652
vn -0.52173 -0.68104 0.51379
vn -0.87595 -0.08252 0.47529
vn 0.02764 -0.93581 0.35143
vn 0.07483 -0.27967 0.95718
vn 0.34393 -0.24909 0.90535
vn 0.16965 -0.91142 0.37487
vn -0.60303 -0.13176 0.78676
vn 0.01957 -0.99759 0.06652
vn 0.13842 -0.85816 0.49437
vn 0.15438 -0.22564 0.9619
vn 0.30424 -0.8415 0.44644
vn 0.48717 -0.22578 0.84362
vn 0.95238 -0.09879 0.28848
vn 0.62183 -0.76441 0.17031
vn 0.99312 -0.0903 0.07458
vn 0.21568 -0.97639 0.01176
vn 0.95256 0.00394 0.30432
vn 0.48548 -0.05921 0.87224
vn 0.15436 -0.06734 0.98572
vn -0.62652 -0.04393 0.77816
vn 0.35959 -0.09087 0.92867
vn 0.0751 -0.09881 0.99227
vn 0.9957 0.01969 0.09053
vn 0.00392 -0.9998 0.0196
vn -0.00392 -0.99992 -0.01176
vn 0.00391 -0.99998 -0.00391
vn -0.88667 -0.03545 0.46105
vn 0.59924 0.02017 0.80032
vn 0.59923 0.02012 0.80033
vn -0.7768 -0.05913 0.62697
vn -0.00391 -0.99998 -0.00391
vn -0.47358 -0.88067 0.01175
vn 0.00393 -0.99992 -0.01178
vn -0.00393 -0.99992 -0.01178
vn -0.00393 -0.99992 -0.01178
vn -0.00392 -0.99992 -0.01177
vn 0.0821 -0.9657 -0.24633
vn 0.41938 -0.51347 -0.74865
vn -0.00394 -0.99998 -0.00393
vn -0.01173 -0.91868 -0.39482
vn 0.1759 -0.87171 -0.45736
vn 0.00394 -0.99998 -0.00393
vn 0.58807 -0.24865 0.76964
vn 0.42356 -0.44731 0.78773
vn 0.67997 -0.66424 0.31052
vn 0.87122 -0.35873 0.33509
vn 0.31037 -0.34966 0.88397
vn 0.43173 -0.21784 0.8753
vn 0.64978 -0.01182 0.76003
vn 0.94212 -0.01182 0.33506
vn 0.60301 0.24042 0.76064
vn 0.88021 0.3276 0.34339
vn 0.49226 -0.01182 0.87037
vn 0.46051 0.17711 0.8698
vn 0.48685 0.42352 0.76394
vn 0.68361 0.652 0.32799
vn 0.3752 0.31201 0.87286
vn 0.27267 0.5967 0.75472
vn 0.40632 0.85603 0.31955
vn -0.01184 0.67476 0.73794
vn -0.01966 0.94771 0.31853
vn 0.20952 0.42299 0.88158
vn -0.00394 0.41379 0.91036
vn 0.18538 -0.42203 0.88743
vn 0.24714 -0.58453 0.77282
vn -0.00395 -0.42031 0.90737
vn -0.00391 -0.67091 0.74153
vn -0.00389 -0.951 0.30918
vn 0.38771 -0.86548 0.31722
vn 0.91498 0.34459 0.20994
vn 0.72835 0.65748 0.19293
vn 0.92291 0.36524 -0.12177
vn 0.72363 0.67617 -0.1384
vn 0.97802 -0.01178 0.20818
vn 0.99349 -0.00393 -0.11389
vn 0.91631 -0.38147 -0.1219
vn 0.90473 -0.37532 0.20151
vn 0.70277 -0.68707 0.1845
vn 0.72124 -0.68183 -0.12218
vn 0.40484 0.90008 -0.16112
vn 0.41488 0.88904 0.1936
vn -0.01967 0.98673 -0.16119
vn -0.01975 0.98387 0.17781
vn 0.40544 -0.89354 0.1929
vn 0.4176 -0.90155 -0.11321
vn -0.00392 -0.99359 -0.11299
vn -0.00393 -0.98291 0.18405
vn 0.38936 0.8849 -0.25565
vn -0.01968 0.96439 -0.26375
vn 0.36585 0.83786 -0.40515
vn 0.64434 0.65224 -0.39925
vn 0.34267 0.85471 -0.38994
vn 0.00396 0.91624 -0.40062
vn 0.00392 0.92155 -0.38825
vn 0.00391 0.94305 -0.33263
vn 0.34252 0.8779 -0.33462
vn 0.6026 0.72074 -0.34266
vn 0.62211 0.67757 -0.39228
vn 0.84069 0.37492 -0.39072
vn 0.83303 0.37508 -0.40665
vn 0.90275 0.0197 -0.42971
vn 0.92155 0.00393 -0.38823
vn 0.85003 -0.35645 -0.3878
vn 0.83817 -0.32662 -0.43679
vn 0.69625 -0.61758 -0.36583
vn 0.68707 -0.59283 -0.42011
vn 0.89205 -0.00393 -0.45192
vn 0.83328 -0.28559 -0.47337
vn 0.69012 -0.54198 -0.47958
vn 0.8282 0.40023 -0.3923
vn 0.40303 -0.81779 -0.41084
vn 0.39393 -0.85421 -0.33933
vn -0.00389 -0.94632 -0.32322
vn 0.00388 -0.91009 -0.41439
vn -0.00391 -0.84909 -0.52824
vn 0.39656 -0.76564 -0.5065
vn 0.70174 -0.68605 -0.1921
vn 0.39383 -0.90072 -0.18329
vn -0.00392 -0.98291 -0.18405
vn 0.90058 -0.38147 -0.20842
vn 0.90592 0.3679 -0.20964
vn 0.98117 0.00393 -0.1931
vn 0.69938 0.67566 -0.23311
vn 0.38139 -0.68808 -0.61732
vn 0.70226 -0.46686 -0.53748
vn 0.37935 -0.61397 -0.6922
vn -0.00392 -0.76339 -0.64593
vn -0.00391 -0.69924 -0.71488
vn 0.43408 -0.56705 -0.70002
vn 0.0039 -0.67518 -0.73764
vn 0.05093 -0.49759 -0.86592
vn 0.63692 -0.32429 -0.69941
vn 0.83598 0.519 0.17827
vn 0.70494 -0.37415 -0.60255
vn 0.83708 -0.22402 -0.49911
vn 0.86114 -0.12976 -0.49152
vn 0.89155 0.09033 -0.44382
vn 0.8901 0.02766 -0.45493
vn 0.84542 0.38928 -0.36568
vn 0.85498 0.38217 -0.35066
vn 0.64821 0.73464 -0.20034
vn 0.62008 0.73856 -0.26463
vn 0.83817 0.38957 -0.3817
vn 0.67382 0.71323 -0.19307
vn 0.88414 0.14537 -0.44403
vn 0.86745 -0.08244 -0.49064
vn 0.5976 0.36098 -0.71594
vn 0.70566 0.68987 0.16162
vn 0.89054 -0.08312 -0.44724
vn 0.02026 -0.31615 -0.94849
vn 0.71923 -0.33408 -0.60918
vn 0.95345 0.13962 -0.26728
vn 0.7621 0.62645 0.16358
vn 0.35946 0.92874 -0.09077
vn 0.3281 0.92112 -0.20951
vn 0.00392 0.97966 -0.20064
vn 0.00391 0.99827 -0.05874
vn 0.37443 0.92624 -0.04336
vn 0.00392 0.99998 0.00393
vn 0.09096 0.89772 0.43108
vn 0.74014 0.65214 0.16403
vn -0.35698 0.92974 -0.09024
vn -0.33278 0.92786 -0.16834
vn -0.71701 0.66949 0.19409
vn -0.42978 0.90293 -0.00394
vn -0.62974 0.73926 -0.2386
vn -0.64087 0.74308 -0.19267
vn -0.85724 0.37185 -0.35619
vn -0.85472 0.37857 -0.35516
vn -0.89066 0.08168 -0.44727
vn -0.89332 0.02729 -0.4486
vn -0.8445 -0.20625 -0.49426
vn -0.85984 -0.1284 -0.49415
vn -0.7068 -0.37878 -0.59746
vn -0.68929 -0.46342 -0.55688
vn -0.82522 0.37934 -0.41847
vn -0.76534 0.60052 -0.23158
vn -0.87294 0.28574 -0.39538
vn -0.8824 -0.01167 -0.47036
vn -0.61757 0.35879 -0.69991
vn -0.88844 -0.09002 -0.45008
vn -0.75133 -0.28418 -0.59561
vn -0.95315 0.13052 -0.27289
vn -0.77244 0.61398 0.16239
vn -0.84172 0.50979 0.17779
vn -0.7134 0.68187 0.16161
vn -0.386 -0.61215 -0.69013
vn -0.37123 -0.66821 -0.64473
vn -0.01169 -0.74499 -0.66697
vn -0.01171 -0.6992 -0.71483
vn -0.48826 -0.51166 -0.70697
vn -0.04296 -0.62839 -0.77671
vn -0.06655 -0.49713 -0.86512
vn -0.64336 -0.33141 -0.69012
vn -0.71617 -0.5127 -0.47355
vn -0.83565 -0.28373 -0.4703
vn -0.70551 -0.57298 -0.41707
vn -0.84049 -0.32447 -0.43393
vn -0.70026 -0.61422 -0.36383
vn -0.85217 -0.35413 -0.38524
vn -0.90431 0.01174 -0.42671
vn -0.92272 -0.00388 -0.38545
vn -0.89308 0.0351 -0.44852
vn -0.84523 0.37003 -0.38558
vn -0.83778 0.37018 -0.40136
vn -0.62693 0.67423 -0.39035
vn -0.65096 0.65094 -0.39055
vn -0.6159 0.71005 -0.3413
vn -0.83307 0.39504 -0.38721
vn -0.3496 0.85239 -0.38885
vn -0.34945 0.87551 -0.33371
vn -0.38051 0.83559 -0.39623
vn -0.41214 -0.81256 -0.41217
vn -0.40049 -0.85157 -0.33828
vn -0.01168 -0.94626 -0.32321
vn -0.0116 -0.91004 -0.41436
vn -0.01175 -0.84903 -0.52821
vn -0.40315 -0.76324 -0.50492
vn -0.70461 -0.68126 -0.19852
vn -0.4032 -0.89643 -0.18397
vn -0.01175 -0.98285 -0.18403
vn -0.90205 -0.37878 -0.20697
vn -0.98146 0.00391 -0.19161
vn -0.90732 0.36528 -0.20818
vn -0.70338 0.67194 -0.23183
vn -0.396 0.88218 -0.25483
vn -0.41429 0.89565 -0.16178
vn -0.42139 0.88611 0.19295
vn -0.72835 0.65748 0.19293
vn -0.72736 0.67232 -0.13759
vn -0.92491 0.36294 -0.11318
vn -0.91377 0.34904 0.20784
vn -0.97835 -0.01169 0.20661
vn -0.99359 -0.0039 -0.11302
vn -0.91756 -0.37873 -0.12103
vn -0.90615 -0.37266 0.20004
vn -0.70671 -0.68328 0.18353
vn -0.70582 -0.69801 -0.12087
vn -0.41847 -0.88779 0.19162
vn -0.40172 -0.90875 -0.11312
vn -0.00391 -0.99359 -0.113
vn -0.01176 -0.98285 0.18403
vn -0.70455 0.62583 0.33458
vn -0.87969 0.33232 0.34017
vn -0.49288 0.4219 0.76097
vn -0.60799 0.23927 0.75703
vn -0.943 -0.01173 0.33259
vn -0.65817 -0.01182 0.75278
vn -0.50752 -0.0118 0.86156
vn -0.47048 0.17 0.86588
vn -0.8731 -0.35629 0.33278
vn -0.59826 -0.24634 0.7625
vn -0.68416 -0.6607 0.30886
vn -0.43643 -0.44428 0.7824
vn -0.32445 -0.34791 0.8796
vn -0.44446 -0.21634 0.86928
vn -0.38196 0.31109 0.87025
vn -0.27919 0.57801 0.76678
vn -0.41287 0.85328 0.31851
vn -0.21632 0.42872 0.87716
vn -0.19298 -0.4214 0.8861
vn -0.25449 -0.58339 0.77129
vn -0.0118 -0.42027 0.90732
vn -0.01178 -0.67087 0.74148
vn -0.01173 -0.95094 0.30915
vn -0.40359 -0.85812 0.3174
vn -0.16885 0.00391 0.98563
vn 0.15355 -0.00394 0.98813
vt 0.75733 0.62158
vt 0.75782 0.61719
vt 0.76905 0.61719
vt 0.76905 0.62158
vt 0.75782 0.6289
vt 0.76563 0.6289
vt 0.76905 0.6372
vt 0.77295 0.6372
vt 0.77344 0.65283
vt 0.76905 0.65283
vt 0.76563 0.65283
vt 0.76563 0.6372
vt 0.75782 0.65283
vt 0.75733 0.6372
vt 0.78125 0.65283
vt 0.78125 0.6372
vt 0.78858 0.6372
vt 0.78907 0.65283
vt 0.8003 0.6372
vt 0.8003 0.65283
vt 0.78907 0.62158
vt 0.78125 0.6289
vt 0.77344 0.6289
vt 0.79688 0.61719
vt 0.81251 0.63281
vt 0.83155 0.65283
vt 0.82032 0.625
vt 0.83155 0.625
vt 0.81592 0.60595
vt 0.83155 0.60595
vt 0.8003 0.60595
vt 0.77344 0.60595
vt 0.75782 0.60595
vt 0.75 0.63672
vt 0.75 0.65283
vt 0.7461 0.6372
vt 0.7461 0.65283
vt 0.74219 0.65283
vt 0.74219 0.6372
vt 0.73438 0.65234
vt 0.73438 0.6372
vt 0.72657 0.6372
vt 0.72608 0.65283
vt 0.71875 0.6372
vt 0.71875 0.65283
vt 0.72608 0.62158
vt 0.73438 0.6289
vt 0.7461 0.62158
vt 0.74219 0.6289
vt 0.75 0.6289
vt 0.7461 0.61719
vt 0.72217 0.61767
vt 0.70655 0.6333
vt 0.69092 0.65283
vt 0.70313 0.625
vt 0.69092 0.625
vt 0.6753 0.625
vt 0.6753 0.65283
vt 0.65967 0.65234
vt 0.65967 0.625
vt 0.65967 0.60595
vt 0.6753 0.60595
vt 0.69092 0.60595
vt 0.70655 0.60595
vt 0.71875 0.60595
vt 0.74219 0.60595
vt 0.70655 0.59375
vt 0.69092 0.59375
vt 0.70655 0.58593
vt 0.69092 0.58593
vt 0.6753 0.58593
vt 0.6753 0.59375
vt 0.65967 0.59375
vt 0.65967 0.58593
vt 0.72217 0.58593
vt 0.72217 0.59375
vt 0.7378 0.58593
vt 0.7378 0.59375
vt 0.75782 0.58593
vt 0.75782 0.59375
vt 0.77735 0.58593
vt 0.77735 0.59375
vt 0.79688 0.58593
vt 0.79688 0.59375
vt 0.81592 0.58593
vt 0.81592 0.59375
vt 0.83155 0.58593
vt 0.83155 0.59375
vt 0.72217 0.57812
vt 0.70655 0.57812
vt 0.69092 0.57812
vt 0.70655 0.55078
vt 0.72217 0.55078
vt 0.7378 0.55078
vt 0.7378 0.57812
vt 0.75782 0.55078
vt 0.75733 0.57812
vt 0.77735 0.55078
vt 0.77735 0.57812
vt 0.79688 0.57812
vt 0.79688 0.55078
vt 0.81592 0.55078
vt 0.81592 0.57812
vt 0.83155 0.57812
vt 0.83155 0.55078
vt 0.69092 0.55078
vt 0.6753 0.55078
vt 0.6753 0.57812
vt 0.65967 0.57812
vt 0.65967 0.55078
vt 0.04981 0.16796
vt 0.00342 0.16796
vt 0.00342 0.15136
vt 0.05469 0.15136
vt 0.00342 0.08935
vt 0.08545 0.08935
vt 0.00342 0.00439
vt 0.08545 0.00439
vt 0.08545 0.15136
vt 0.05664 0.16796
vt 0.08545 0.16796
vt 0.11475 0.16796
vt 0.1167 0.15136
vt 0.16797 0.00439
vt 0.16797 0.08935
vt 0.16797 0.15136
vt 0.12158 0.16796
vt 0.16797 0.16796
vt 0.93751 0.52783
vt 0.97217 0.52783
vt 0.95313 0.54687
vt 0.93751 0.54687
vt 0.92188 0.54687
vt 0.90235 0.52783
vt 0.90235 0.5625
vt 0.92188 0.5625
vt 0.97217 0.5625
vt 0.95313 0.5625
vt 0.97217 0.58203
vt 0.95313 0.58203
vt 0.92188 0.57812
vt 0.95313 0.60156
vt 0.96485 0.60205
vt 0.95313 0.62158
vt 0.75342 0.54345
vt 0.78125 0.52343
vt 0.79542 0.52783
vt 0.77735 0.54345
vt 0.81055 0.52783
vt 0.8003 0.54345
vt 0.82569 0.52783
vt 0.82178 0.54345
vt 0.84131 0.52783
vt 0.83985 0.54345
vt 0.86719 0.52783
vt 0.83985 0.5625
vt 0.86719 0.5625
vt 0.75342 0.51953
vt 0.77295 0.5122
vt 0.76856 0.50049
vt 0.75342 0.5039
vt 0.75342 0.48877
vt 0.73438 0.5039
vt 0.76661 0.48877
vt 0.80274 0.51611
vt 0.792 0.51611
vt 0.81495 0.51611
vt 0.82764 0.51611
vt 0.8418 0.51611
vt 0.8667 0.51611
vt 0.87842 0.52783
vt 0.87842 0.51611
vt 0.87842 0.5625
vt 0.88672 0.52783
vt 0.88672 0.51611
vt 0.88672 0.5625
vt 0.88672 0.57812
vt 0.87842 0.57812
vt 0.88672 0.62158
vt 0.87842 0.62158
vt 0.88672 0.65283
vt 0.87842 0.65283
vt 0.86719 0.625
vt 0.8667 0.65283
vt 0.83985 0.63281
vt 0.83985 0.65283
vt 0.86719 0.57812
vt 0.83985 0.61328
vt 0.82911 0.50049
vt 0.81788 0.50049
vt 0.82032 0.48877
vt 0.80713 0.50049
vt 0.80958 0.48877
vt 0.79786 0.48877
vt 0.7959 0.50049
vt 0.82178 0.47705
vt 0.81006 0.47705
vt 0.82227 0.46484
vt 0.81055 0.46484
vt 0.79883 0.47705
vt 0.78272 0.48877
vt 0.78223 0.47705
vt 0.83106 0.48877
vt 0.83301 0.47705
vt 0.8335 0.46484
vt 0.79834 0.46484
vt 0.78125 0.46484
vt 0.7837 0.50049
vt 0.78467 0.5083
vt 0.8418 0.50049
vt 0.84327 0.48877
vt 0.86719 0.50049
vt 0.86719 0.48877
vt 0.87842 0.50049
vt 0.87842 0.48877
vt 0.88672 0.48877
vt 0.88672 0.47705
vt 0.87842 0.47705
vt 0.88672 0.46533
vt 0.87842 0.46484
vt 0.88672 0.50049
vt 0.86719 0.47705
vt 0.86719 0.46484
vt 0.84473 0.47705
vt 0.84571 0.46484
vt 0.87842 0.45312
vt 0.88672 0.45312
vt 0.87842 0.4414
vt 0.88672 0.4414
vt 0.87842 0.42968
vt 0.88672 0.42968
vt 0.8667 0.4414
vt 0.86719 0.42968
vt 0.86719 0.45312
vt 0.84327 0.4414
vt 0.8418 0.42968
vt 0.84473 0.45312
vt 0.83106 0.4414
vt 0.82911 0.42968
vt 0.82032 0.4414
vt 0.81788 0.42968
vt 0.80713 0.42968
vt 0.80958 0.4414
vt 0.79786 0.4414
vt 0.7959 0.43017
vt 0.82178 0.45312
vt 0.81006 0.45312
vt 0.79883 0.45312
vt 0.78272 0.4414
vt 0.78223 0.45312
vt 0.83301 0.45312
vt 0.7837 0.42968
vt 0.78467 0.42187
vt 0.792 0.41455
vt 0.78125 0.40625
vt 0.80274 0.41455
vt 0.79542 0.40283
vt 0.75342 0.3872
vt 0.77735 0.3872
vt 0.81055 0.40283
vt 0.8003 0.3872
vt 0.82569 0.40283
vt 0.82178 0.3872
vt 0.84131 0.40283
vt 0.83985 0.3872
vt 0.86719 0.40283
vt 0.83985 0.36718
vt 0.86719 0.36767
vt 0.75342 0.41015
vt 0.77295 0.41845
vt 0.76856 0.43017
vt 0.75342 0.42578
vt 0.75342 0.4414
vt 0.73438 0.42578
vt 0.76661 0.4414
vt 0.81495 0.41406
vt 0.82764 0.41455
vt 0.8418 0.41455
vt 0.86719 0.41455
vt 0.87842 0.40283
vt 0.87842 0.41406
vt 0.87842 0.36767
vt 0.88672 0.40283
vt 0.88672 0.41406
vt 0.88672 0.36767
vt 0.88672 0.35156
vt 0.87842 0.35205
vt 0.88672 0.30908
vt 0.87842 0.30908
vt 0.88672 0.27783
vt 0.87842 0.27783
vt 0.8667 0.30517
vt 0.86719 0.27783
vt 0.83985 0.29687
vt 0.83985 0.27783
vt 0.86719 0.35156
vt 0.83985 0.3164
vt 0.46485 0.44531
vt 0.47608 0.44531
vt 0.47608 0.45312
vt 0.46485 0.45312
vt 0.45313 0.45312
vt 0.45313 0.44531
vt 0.41797 0.44531
vt 0.41797 0.45312
vt 0.37842 0.45312
vt 0.37842 0.44531
vt 0.4961 0.44531
vt 0.4961 0.45312
vt 0.51905 0.44531
vt 0.51905 0.45312
vt 0.54688 0.45312
vt 0.59717 0.44531
vt 0.59717 0.45312
vt 0.57422 0.45312
vt 0.6167 0.44531
vt 0.61719 0.45312
vt 0.62842 0.44531
vt 0.62842 0.45312
vt 0.64405 0.44531
vt 0.64405 0.45312
vt 0.54688 0.5664
vt 0.54688 0.54883
vt 0.56592 0.54883
vt 0.5586 0.5664
vt 0.54688 0.5747
vt 0.55469 0.5747
vt 0.54688 0.50781
vt 0.57422 0.50781
vt 0.59717 0.50781
vt 0.58985 0.55273
vt 0.57813 0.5664
vt 0.57032 0.57422
vt 0.5625 0.57422
vt 0.54688 0.46875
vt 0.57422 0.46875
vt 0.59717 0.46875
vt 0.6167 0.46875
vt 0.61719 0.50781
vt 0.60547 0.55273
vt 0.6167 0.55273
vt 0.62842 0.46875
vt 0.62842 0.50781
vt 0.64405 0.50781
vt 0.64405 0.55273
vt 0.62842 0.55273
vt 0.62842 0.59033
vt 0.61719 0.58203
vt 0.64405 0.46875
vt 0.60547 0.58984
vt 0.60547 0.60595
vt 0.62842 0.60205
vt 0.60547 0.58203
vt 0.51905 0.50781
vt 0.52735 0.54883
vt 0.4961 0.50781
vt 0.50342 0.55273
vt 0.53467 0.5664
vt 0.53907 0.57422
vt 0.51563 0.5664
vt 0.52344 0.57422
vt 0.53125 0.5747
vt 0.51905 0.46875
vt 0.4961 0.46875
vt 0.47657 0.46875
vt 0.47657 0.50781
vt 0.4878 0.55273
vt 0.47657 0.55273
vt 0.46485 0.50781
vt 0.46485 0.55273
vt 0.45313 0.55273
vt 0.45313 0.50781
vt 0.46485 0.46875
vt 0.45313 0.46875
vt 0.46485 0.59033
vt 0.47657 0.58203
vt 0.4878 0.59033
vt 0.4878 0.60595
vt 0.46485 0.60205
vt 0.46485 0.62158
vt 0.45313 0.60595
vt 0.4878 0.58203
vt 0.50342 0.58984
vt 0.50342 0.58203
vt 0.51563 0.58203
vt 0.51563 0.58984
vt 0.51563 0.60205
vt 0.52344 0.59814
vt 0.52344 0.58984
vt 0.53125 0.58984
vt 0.53125 0.59814
vt 0.53467 0.58984
vt 0.53467 0.60595
vt 0.53907 0.59814
vt 0.53907 0.59033
vt 0.54688 0.59765
vt 0.54688 0.58984
vt 0.55469 0.58984
vt 0.55469 0.59814
vt 0.5586 0.58984
vt 0.5586 0.60595
vt 0.5625 0.59765
vt 0.5625 0.59033
vt 0.57032 0.59765
vt 0.57032 0.58984
vt 0.57813 0.58984
vt 0.57813 0.60205
vt 0.58985 0.58984
vt 0.58985 0.60547
vt 0.57813 0.58203
vt 0.57032 0.58203
vt 0.5625 0.58203
vt 0.5586 0.58203
vt 0.55469 0.58203
vt 0.54688 0.58203
vt 0.58985 0.58203
vt 0.54688 0.60595
vt 0.57813 0.62158
vt 0.54688 0.62158
vt 0.53907 0.58203
vt 0.53467 0.58203
vt 0.53125 0.58203
vt 0.52344 0.58203
vt 0.51905 0.62109
vt 0.50342 0.60547
vt 0.57813 0.6372
vt 0.54688 0.6372
vt 0.51905 0.6372
vt 0.64405 0.62158
vt 0.64405 0.60595
vt 0.64405 0.58984
vt 0.37891 0.60547
vt 0.41797 0.60595
vt 0.41797 0.62158
vt 0.37842 0.62158
vt 0.41797 0.58984
vt 0.45313 0.59033
vt 0.37842 0.58984
vt 0.71485 0.5039
vt 0.71485 0.48437
vt 0.73438 0.48095
vt 0.75342 0.47705
vt 0.71485 0.46484
vt 0.73438 0.46484
vt 0.75342 0.46484
vt 0.76563 0.47705
vt 0.76465 0.46484
vt 0.73438 0.4497
vt 0.71485 0.44531
vt 0.71485 0.42578
vt 0.75342 0.45312
vt 0.76563 0.45312
vt 0.65772 0.95703
vt 0.65772 0.99658
vt 0.6211 0.99658
vt 0.6211 0.95703
vt 0.70313 0.99658
vt 0.70313 0.95703
vt 0.74219 0.95703
vt 0.74219 0.99658
vt 0.70313 0.92187
vt 0.65772 0.92187
vt 0.74219 0.92187
vt 0.6211 0.92187
vt 0.75 0.92187
vt 0.75 0.91016
vt 0.75782 0.91016
vt 0.75782 0.89893
vt 0.75 0.89893
vt 0.75782 0.92187
vt 0.75 0.95703
vt 0.75782 0.95703
vt 0.75 0.99658
vt 0.75782 0.99658
vt 0.75782 0.87891
vt 0.75 0.87891
vt 0.75 0.85596
vt 0.75782 0.85596
vt 0.75782 0.82812
vt 0.75 0.82812
vt 0.75782 0.80078
vt 0.75 0.80078
vt 0.75782 0.77783
vt 0.75 0.77783
vt 0.75782 0.75781
vt 0.75 0.75781
vt 0.75782 0.74658
vt 0.75 0.74658
vt 0.75782 0.73096
vt 0.75 0.73096
vt 0.74219 0.89893
vt 0.74219 0.91016
vt 0.74219 0.74658
vt 0.74219 0.73096
vt 0.74219 0.75781
vt 0.74219 0.77783
vt 0.74219 0.80078
vt 0.74219 0.82812
vt 0.74219 0.85596
vt 0.74219 0.87891
vt 0.76563 0.80078
vt 0.76563 0.82812
vt 0.77344 0.80078
vt 0.77344 0.82812
vt 0.77344 0.77783
vt 0.76563 0.77783
vt 0.77344 0.75781
vt 0.76563 0.75781
vt 0.77344 0.74658
vt 0.76563 0.74658
vt 0.77344 0.73096
vt 0.76563 0.73096
vt 0.77344 0.85596
vt 0.76563 0.85596
vt 0.77344 0.87891
vt 0.76563 0.87891
vt 0.76563 0.89893
vt 0.77344 0.89893
vt 0.76563 0.91016
vt 0.77344 0.91016
vt 0.76563 0.92187
vt 0.77344 0.92187
vt 0.76563 0.95703
vt 0.77344 0.95703
vt 0.77344 0.99658
vt 0.76563 0.99658
vt 0.78516 0.87891
vt 0.78516 0.89893
vt 0.81641 0.87891
vt 0.81641 0.85596
vt 0.78516 0.85596
vt 0.81641 0.82812
vt 0.78516 0.82812
vt 0.81641 0.80078
vt 0.78516 0.80078
vt 0.81641 0.77783
vt 0.78516 0.77783
vt 0.81641 0.75781
vt 0.78467 0.75781
vt 0.81641 0.74658
vt 0.78516 0.74658
vt 0.81641 0.73096
vt 0.78516 0.73096
vt 0.81641 0.89893
vt 0.78516 0.91016
vt 0.81641 0.91016
vt 0.78516 0.92187
vt 0.81641 0.92187
vt 0.78516 0.95703
vt 0.81641 0.95703
vt 0.78516 0.99658
vt 0.81641 0.99658
vt 0.76905 0.3125
vt 0.75733 0.3125
vt 0.75782 0.30908
vt 0.76905 0.30908
vt 0.75782 0.30078
vt 0.76563 0.30078
vt 0.76905 0.29345
vt 0.77344 0.29345
vt 0.77344 0.27783
vt 0.76905 0.27783
vt 0.76563 0.27783
vt 0.76563 0.29345
vt 0.75782 0.27783
vt 0.75782 0.29345
vt 0.78125 0.27783
vt 0.78125 0.29345
vt 0.78858 0.29345
vt 0.78858 0.27783
vt 0.8003 0.29345
vt 0.8003 0.27783
vt 0.78907 0.30908
vt 0.78125 0.30078
vt 0.77344 0.30078
vt 0.79688 0.3125
vt 0.81251 0.29687
vt 0.83155 0.27783
vt 0.82032 0.30468
vt 0.83155 0.30468
vt 0.81592 0.3247
vt 0.83155 0.3247
vt 0.8003 0.3247
vt 0.77344 0.3247
vt 0.75782 0.3247
vt 0.75 0.29345
vt 0.75 0.27783
vt 0.7461 0.29345
vt 0.7461 0.27783
vt 0.74219 0.27783
vt 0.74219 0.29345
vt 0.73438 0.27783
vt 0.73438 0.29345
vt 0.72657 0.29345
vt 0.72657 0.27783
vt 0.71875 0.29345
vt 0.71875 0.27783
vt 0.72608 0.30908
vt 0.73438 0.30078
vt 0.7461 0.30908
vt 0.74219 0.30078
vt 0.75 0.30078
vt 0.7461 0.3125
vt 0.72217 0.3125
vt 0.70655 0.29687
vt 0.69092 0.27783
vt 0.70313 0.30468
vt 0.69092 0.30517
vt 0.6753 0.30468
vt 0.6753 0.27783
vt 0.65967 0.27783
vt 0.65967 0.30468
vt 0.65967 0.3247
vt 0.6753 0.3247
vt 0.69092 0.3247
vt 0.70655 0.3247
vt 0.71875 0.3247
vt 0.74219 0.3247
vt 0.70655 0.33593
vt 0.69092 0.33642
vt 0.70655 0.34375
vt 0.69092 0.34375
vt 0.6753 0.34375
vt 0.6753 0.33642
vt 0.65967 0.33593
vt 0.65967 0.34375
vt 0.72217 0.34375
vt 0.72217 0.33593
vt 0.7378 0.34375
vt 0.7378 0.33642
vt 0.75782 0.34375
vt 0.75733 0.33593
vt 0.77735 0.34375
vt 0.77735 0.33593
vt 0.79688 0.34375
vt 0.79688 0.33593
vt 0.81592 0.34375
vt 0.81592 0.33642
vt 0.83155 0.34375
vt 0.83155 0.33593
vt 0.72217 0.35156
vt 0.70655 0.35156
vt 0.69092 0.35156
vt 0.70655 0.3789
vt 0.72217 0.3789
vt 0.7378 0.3789
vt 0.7378 0.35205
vt 0.75782 0.3789
vt 0.75782 0.35156
vt 0.77735 0.3789
vt 0.77735 0.35156
vt 0.79688 0.35205
vt 0.79688 0.3789
vt 0.81592 0.3789
vt 0.81592 0.35156
vt 0.83155 0.35205
vt 0.83155 0.3789
vt 0.69092 0.3789
vt 0.6753 0.3789
vt 0.6753 0.35156
vt 0.65967 0.35156
vt 0.65967 0.3789
vt 0.16797 0.32324
vt 0.16797 0.33984
vt 0.12158 0.33984
vt 0.1167 0.32324
vt 0.16797 0.26123
vt 0.08545 0.26123
vt 0.16797 0.17626
vt 0.08545 0.17626
vt 0.08545 0.32324
vt 0.11475 0.33984
vt 0.08545 0.33984
vt 0.05664 0.33984
vt 0.05469 0.32324
vt 0.00342 0.26123
vt 0.00342 0.17626
vt 0.00342 0.32324
vt 0.04981 0.33984
vt 0.00342 0.33984
vt 0.66211 0.80908
vt 0.66211 0.82812
vt 0.64405 0.82812
vt 0.64405 0.81641
vt 0.63672 0.82812
vt 0.63672 0.8208
vt 0.70313 0.82812
vt 0.70313 0.80078
vt 0.70313 0.77783
vt 0.65772 0.78515
vt 0.64405 0.79687
vt 0.63672 0.80517
vt 0.63672 0.8125
vt 0.70313 0.75781
vt 0.65772 0.76953
vt 0.65772 0.75781
vt 0.70313 0.74658
vt 0.70313 0.73096
vt 0.65772 0.73096
vt 0.65772 0.74658
vt 0.6211 0.74658
vt 0.62842 0.75781
vt 0.6211 0.76953
vt 0.60547 0.76953
vt 0.60938 0.74658
vt 0.62891 0.76953
vt 0.70313 0.85596
vt 0.66211 0.84766
vt 0.70313 0.87891
vt 0.65772 0.87158
vt 0.64405 0.84033
vt 0.63672 0.83642
vt 0.64405 0.85937
vt 0.63672 0.85205
vt 0.63672 0.84375
vt 0.70313 0.89893
vt 0.65772 0.88721
vt 0.65772 0.89893
vt 0.70313 0.91016
vt 0.65772 0.91016
vt 0.6211 0.91016
vt 0.62842 0.89893
vt 0.6211 0.88721
vt 0.60547 0.88721
vt 0.60938 0.91016
vt 0.58985 0.91016
vt 0.60498 0.92187
vt 0.62842 0.88721
vt 0.6211 0.87158
vt 0.62842 0.87158
vt 0.62842 0.85937
vt 0.6211 0.85937
vt 0.60938 0.85937
vt 0.6128 0.85205
vt 0.6211 0.85205
vt 0.6211 0.84375
vt 0.6128 0.84375
vt 0.6211 0.84033
vt 0.60498 0.84033
vt 0.6128 0.83642
vt 0.6211 0.83642
vt 0.6128 0.82812
vt 0.6211 0.82812
vt 0.6211 0.8208
vt 0.6128 0.8208
vt 0.6211 0.81641
vt 0.60498 0.81641
vt 0.6128 0.8125
vt 0.6211 0.8125
vt 0.6128 0.80517
vt 0.6211 0.80517
vt 0.6211 0.79687
vt 0.60938 0.79687
vt 0.6211 0.78515
vt 0.60498 0.78515
vt 0.62842 0.79687
vt 0.62842 0.80517
vt 0.62842 0.8125
vt 0.62842 0.81641
vt 0.62842 0.8208
vt 0.62842 0.82812
vt 0.62842 0.78515
vt 0.60547 0.82812
vt 0.58936 0.79687
vt 0.58936 0.82812
vt 0.62842 0.83642
vt 0.62891 0.84033
vt 0.62891 0.84375
vt 0.62842 0.85205
vt 0.58936 0.85596
vt 0.60547 0.87158
vt 0.57373 0.79687
vt 0.57373 0.82812
vt 0.57373 0.85596
vt 0.58936 0.73096
vt 0.60498 0.73096
vt 0.6211 0.73096
vt 0.58936 0.95703
vt 0.60547 0.95703
vt 0.60547 0.99658
vt 0.58936 0.99658
vt 0.32471 0.24658
vt 0.27637 0.24658
vt 0.27832 0.23828
vt 0.32666 0.23828
vt 0.28028 0.2539
vt 0.32373 0.2539
vt 0.37793 0.24658
vt 0.37793 0.23828
vt 0.42823 0.24658
vt 0.42871 0.23828
vt 0.37598 0.2539
vt 0.42188 0.2539
vt 0.4795 0.24658
vt 0.48047 0.23828
vt 0.46924 0.2539
vt 0.53174 0.24658
vt 0.53369 0.23828
vt 0.58643 0.24658
vt 0.58643 0.23828
vt 0.52442 0.2539
vt 0.58643 0.26953
vt 0.24072 0.2539
vt 0.22949 0.24658
vt 0.17529 0.26953
vt 0.17529 0.24658
vt 0.17529 0.23828
vt 0.22705 0.23828
vt 0.42823 0.23095
vt 0.47998 0.23095
vt 0.42774 0.22265
vt 0.47998 0.22265
vt 0.37744 0.23095
vt 0.37647 0.22265
vt 0.32617 0.22265
vt 0.32715 0.23095
vt 0.27832 0.23095
vt 0.27735 0.22265
vt 0.53321 0.22265
vt 0.53321 0.23095
vt 0.58594 0.22265
vt 0.58594 0.23095
vt 0.22705 0.23095
vt 0.22656 0.22265
vt 0.17529 0.22265
vt 0.17529 0.23095
vt 0.53321 0.21533
vt 0.58594 0.21533
vt 0.53077 0.20703
vt 0.47559 0.20703
vt 0.53125 0.1914
vt 0.58545 0.20703
vt 0.58545 0.1914
vt 0.58545 0.10595
vt 0.53028 0.10595
vt 0.47266 0.10595
vt 0.47315 0.1914
vt 0.42285 0.20703
vt 0.4209 0.1914
vt 0.3711 0.1914
vt 0.37256 0.20703
vt 0.32373 0.20703
vt 0.31934 0.1914
vt 0.27051 0.20703
vt 0.26514 0.1914
vt 0.37061 0.10595
vt 0.31446 0.10595
vt 0.26123 0.10595
vt 0.41992 0.10595
vt 0.2168 0.1914
vt 0.22119 0.20703
vt 0.17529 0.20703
vt 0.17529 0.1914
vt 0.17529 0.10595
vt 0.2168 0.10595
vt 0.27442 0.21533
vt 0.22412 0.21533
vt 0.17529 0.21533
vt 0.32666 0.21533
vt 0.42676 0.21533
vt 0.375 0.21533
vt 0.47901 0.21533
vt 0.21631 0.04345
vt 0.25928 0.04345
vt 0.22119 0.03515
vt 0.17529 0.04345
vt 0.17529 0.03515
vt 0.2207 0.02783
vt 0.17529 0.02783
vt 0.17529 0.01562
vt 0.22998 0.01562
vt 0.17529 0.0039
vt 0.2666 0.03515
vt 0.31104 0.04345
vt 0.3125 0.03515
vt 0.36817 0.03515
vt 0.36865 0.04345
vt 0.41651 0.04345
vt 0.42383 0.03515
vt 0.46826 0.03515
vt 0.47071 0.04345
vt 0.42285 0.02783
vt 0.47022 0.02783
vt 0.36963 0.02783
vt 0.31299 0.02783
vt 0.39063 0.0039
vt 0.33692 0.01562
vt 0.47022 0.01562
vt 0.58496 0.0039
vt 0.26807 0.02783
vt 0.27539 0.01562
vt 0.30957 0.01562
vt 0.53077 0.03515
vt 0.53077 0.04345
vt 0.58545 0.04345
vt 0.58496 0.03515
vt 0.52784 0.02783
vt 0.58496 0.02783
vt 0.58545 0.01562
vt 0.52637 0.01562
vt 0.63965 0.03515
vt 0.63965 0.04296
vt 0.64405 0.01562
vt 0.64258 0.02734
vt 0.69971 0.04296
vt 0.70215 0.03515
vt 0.75391 0.04296
vt 0.74659 0.03515
vt 0.80225 0.03515
vt 0.80225 0.04296
vt 0.85987 0.04296
vt 0.85792 0.03515
vt 0.9043 0.03515
vt 0.91163 0.04296
vt 0.74708 0.02734
vt 0.7002 0.02734
vt 0.80079 0.02734
vt 0.85792 0.02734
vt 0.77979 0.0039
vt 0.7002 0.01562
vt 0.90284 0.02734
vt 0.89551 0.01562
vt 0.86133 0.01562
vt 0.9961 0.0039
vt 0.83399 0.01562
vt 0.94971 0.03515
vt 0.9546 0.04296
vt 0.9961 0.04296
vt 0.9961 0.03515
vt 0.95069 0.02734
vt 0.99561 0.02734
vt 0.9961 0.01562
vt 0.94141 0.01562
vt 0.90967 0.10595
vt 0.85596 0.10595
vt 0.90577 0.1914
vt 0.85157 0.1914
vt 0.90088 0.20703
vt 0.84766 0.20703
vt 0.79981 0.1914
vt 0.79883 0.20703
vt 0.8003 0.10595
vt 0.74805 0.20703
vt 0.75 0.1914
vt 0.69825 0.1914
vt 0.69581 0.20703
vt 0.69825 0.10595
vt 0.75098 0.10595
vt 0.63965 0.1914
vt 0.64063 0.10595
vt 0.64063 0.20703
vt 0.9546 0.1914
vt 0.94971 0.20703
vt 0.9961 0.20703
vt 0.9961 0.1914
vt 0.9961 0.10595
vt 0.95411 0.10595
vt 0.89698 0.21533
vt 0.94727 0.21533
vt 0.9961 0.21533
vt 0.84473 0.21533
vt 0.79639 0.21533
vt 0.74463 0.21533
vt 0.69288 0.21533
vt 0.63868 0.21533
vt 0.63868 0.22265
vt 0.63868 0.23095
vt 0.6919 0.23095
vt 0.6919 0.22265
vt 0.74415 0.22265
vt 0.74366 0.23095
vt 0.79444 0.23095
vt 0.79493 0.22265
vt 0.84522 0.22265
vt 0.84473 0.23095
vt 0.89356 0.23095
vt 0.89454 0.22265
vt 0.94483 0.23095
vt 0.94532 0.22265
vt 0.9961 0.22265
vt 0.9961 0.23095
vt 0.6919 0.23828
vt 0.74317 0.23828
vt 0.69288 0.24658
vt 0.74415 0.24658
vt 0.79395 0.23828
vt 0.79395 0.24658
vt 0.7959 0.2539
vt 0.75049 0.2539
vt 0.84522 0.23828
vt 0.84717 0.24658
vt 0.89356 0.23828
vt 0.89503 0.24658
vt 0.89161 0.2539
vt 0.84766 0.2539
vt 0.70313 0.2539
vt 0.64112 0.24658
vt 0.63868 0.23828
vt 0.64795 0.2539
vt 0.93116 0.2539
vt 0.94239 0.24658
vt 0.9961 0.26953
vt 0.9961 0.24658
vt 0.9961 0.23828
vt 0.94434 0.23828
vt 0.7959 0.26953
vt 0.37598 0.26953
usemtl mat0
f 1/1/1 2/2/2 3/3/3
f 4/4/4 1/1/1 3/3/3
f 1/1/1 4/4/4 5/5/5
f 4/4/4 6/6/6 5/5/5
f 6/6/6 4/4/4 7/7/7
f 7/7/7 4/4/4 8/8/8
f 7/7/7 8/8/8 9/9/9
f 10/10/10 7/7/7 9/9/9
f 10/10/10 11/11/11 7/7/7
f 11/11/11 12/12/12 7/7/7
f 12/12/12 6/6/6 7/7/7
f 5/5/5 6/6/6 12/12/12
f 11/11/11 13/13/13 12/12/12
f 13/13/13 14/14/14 12/12/12
f 14/14/14 5/5/5 12/12/12
f 15/15/15 9/9/9 8/8/8
f 16/16/16 15/15/15 8/8/8
f 15/15/15 16/16/16 17/17/17
f 18/18/18 15/15/15 17/17/17
f 18/18/18 17/17/17 19/19/19
f 20/20/20 18/18/18 19/19/19
f 17/17/17 16/16/16 21/21/21
f 17/17/17 21/21/21 19/19/19
f 21/21/21 4/4/4 3/3/3
f 21/21/21 22/22/22 4/4/4
f 16/16/16 22/22/22 21/21/21
f 22/22/22 23/23/23 4/4/4
f 16/16/16 8/8/8 23/23/23
f 22/22/22 16/16/16 23/23/23
f 4/4/4 23/23/23 8/8/8
f 21/21/21 24/24/24 19/19/19
f 24/24/24 21/21/21 3/3/3
f 20/20/20 19/19/19 25/25/25
f 26/26/26 20/20/20 25/25/25
f 26/26/26 25/25/25 27/27/27
f 28/28/28 26/26/26 27/27/27
f 28/28/28 27/27/27 29/29/29
f 30/30/30 28/28/28 29/29/29
f 27/27/27 25/25/25 31/31/31
f 29/29/29 27/27/27 31/31/31
f 19/19/19 24/24/24 31/31/31
f 25/25/25 19/19/19 31/31/31
f 24/24/24 3/3/3 31/31/31
f 3/3/3 32/32/32 31/31/31
f 32/32/32 3/3/3 33/33/33
f 3/3/3 2/2/2 33/33/33
f 14/14/14 34/34/34 5/5/5
f 34/34/34 14/14/14 13/13/13
f 35/35/35 34/34/34 13/13/13
f 36/36/36 34/34/34 35/35/35
f 37/37/37 36/36/36 35/35/35
f 37/37/37 38/38/38 36/36/36
f 38/38/38 39/39/39 36/36/36
f 39/39/39 38/38/38 40/40/40
f 41/41/41 39/39/39 40/40/40
f 42/42/42 41/41/41 40/40/40
f 43/43/43 42/42/42 40/40/40
f 44/44/44 42/42/42 43/43/43
f 45/45/45 44/44/44 43/43/43
f 42/42/42 46/46/46 41/41/41
f 42/42/42 44/44/44 46/46/46
f 46/46/46 47/47/47 41/41/41
f 46/46/46 48/48/48 47/47/47
f 36/36/36 39/39/39 48/48/48
f 48/48/48 49/49/49 47/47/47
f 49/49/49 39/39/39 41/41/41
f 47/47/47 49/49/49 41/41/41
f 39/39/39 49/49/49 48/48/48
f 5/5/5 50/50/50 48/48/48
f 36/36/36 48/48/48 50/50/50
f 34/34/34 36/36/36 50/50/50
f 34/34/34 50/50/50 5/5/5
f 1/1/1 5/5/5 48/48/48
f 51/51/51 2/2/2 1/1/1
f 48/48/48 51/51/51 1/1/1
f 33/33/33 2/2/2 51/51/51
f 51/51/51 48/48/48 46/46/46
f 44/44/44 52/52/52 46/46/46
f 52/52/52 51/51/51 46/46/46
f 53/53/53 44/44/44 45/45/45
f 54/54/54 53/53/53 45/45/45
f 55/55/55 53/53/53 54/54/54
f 56/56/56 55/55/55 54/54/54
f 57/57/57 56/56/56 54/54/54
f 58/58/58 57/57/57 54/54/54
f 58/58/58 59/59/59 57/57/57
f 59/59/59 60/60/60 57/57/57
f 60/60/60 61/61/61 57/57/57
f 61/61/61 62/62/62 57/57/57
f 57/57/57 62/62/62 63/63/63
f 56/56/56 57/57/57 63/63/63
f 64/64/64 55/55/55 56/56/56
f 63/63/63 64/64/64 56/56/56
f 65/65/65 53/53/53 55/55/55
f 64/64/64 65/65/65 55/55/55
f 65/65/65 52/52/52 44/44/44
f 53/53/53 65/65/65 44/44/44
f 52/52/52 65/65/65 51/51/51
f 65/65/65 66/66/66 51/51/51
f 66/66/66 33/33/33 51/51/51
f 67/67/67 64/64/64 63/63/63
f 64/64/64 67/67/67 65/65/65
f 68/68/68 67/67/67 63/63/63
f 69/69/69 67/67/67 68/68/68
f 70/70/70 69/69/69 68/68/68
f 71/71/71 70/70/70 68/68/68
f 72/72/72 71/71/71 68/68/68
f 72/72/72 68/68/68 63/63/63
f 62/62/62 72/72/72 63/63/63
f 62/62/62 61/61/61 72/72/72
f 72/72/72 73/73/73 71/71/71
f 61/61/61 73/73/73 72/72/72
f 73/73/73 74/74/74 71/71/71
f 67/67/67 69/69/69 75/75/75
f 76/76/76 67/67/67 75/75/75
f 67/67/67 76/76/76 65/65/65
f 75/75/75 77/77/77 76/76/76
f 77/77/77 78/78/78 76/76/76
f 78/78/78 66/66/66 65/65/65
f 76/76/76 78/78/78 65/65/65
f 77/77/77 79/79/79 78/78/78
f 79/79/79 80/80/80 78/78/78
f 80/80/80 33/33/33 66/66/66
f 78/78/78 80/80/80 66/66/66
f 79/79/79 81/81/81 80/80/80
f 81/81/81 82/82/82 80/80/80
f 80/80/80 82/82/82 33/33/33
f 81/81/81 83/83/83 82/82/82
f 83/83/83 84/84/84 82/82/82
f 84/84/84 83/83/83 85/85/85
f 86/86/86 84/84/84 85/85/85
f 85/85/85 87/87/87 86/86/86
f 87/87/87 88/88/88 86/86/86
f 75/75/75 69/69/69 89/89/89
f 69/69/69 90/90/90 89/89/89
f 90/90/90 69/69/69 70/70/70
f 91/91/91 90/90/90 70/70/70
f 92/92/92 90/90/90 91/91/91
f 90/90/90 92/92/92 93/93/93
f 89/89/89 90/90/90 93/93/93
f 93/93/93 94/94/94 89/89/89
f 94/94/94 95/95/95 89/89/89
f 95/95/95 77/77/77 75/75/75
f 89/89/89 95/95/95 75/75/75
f 94/94/94 96/96/96 95/95/95
f 96/96/96 97/97/97 95/95/95
f 97/97/97 79/79/79 77/77/77
f 95/95/95 97/97/97 77/77/77
f 96/96/96 98/98/98 97/97/97
f 98/98/98 99/99/99 97/97/97
f 99/99/99 81/81/81 79/79/79
f 97/97/97 99/99/99 79/79/79
f 100/100/100 99/99/99 98/98/98
f 100/100/100 83/83/83 81/81/81
f 99/99/99 100/100/100 81/81/81
f 101/101/101 100/100/100 98/98/98
f 100/100/100 101/101/101 102/102/102
f 103/103/103 100/100/100 102/102/102
f 83/83/83 100/100/100 103/103/103
f 85/85/85 83/83/83 103/103/103
f 104/104/104 103/103/103 102/102/102
f 104/104/104 87/87/87 85/85/85
f 103/103/103 104/104/104 85/85/85
f 105/105/105 104/104/104 102/102/102
f 106/106/106 92/92/92 91/91/91
f 107/107/107 106/106/106 91/91/91
f 108/108/108 107/107/107 91/91/91
f 108/108/108 109/109/109 107/107/107
f 109/109/109 110/110/110 107/107/107
f 108/108/108 91/91/91 70/70/70
f 71/71/71 108/108/108 70/70/70
f 74/74/74 109/109/109 108/108/108
f 71/71/71 74/74/74 108/108/108
f 111/111/111 112/112/112 113/113/113
f 114/114/114 111/111/111 113/113/113
f 114/114/114 113/113/113 115/115/115
f 114/114/114 115/115/115 116/116/116
f 115/115/115 117/117/117 116/116/116
f 117/117/117 118/118/118 116/116/116
f 116/116/116 119/119/119 114/114/114
f 114/114/114 119/119/119 120/120/120
f 119/119/119 121/121/121 120/120/120
f 122/122/122 121/121/121 119/119/119
f 123/123/123 122/122/122 119/119/119
f 116/116/116 123/123/123 119/119/119
f 116/116/116 118/118/118 124/124/124
f 125/125/125 116/116/116 124/124/124
f 123/123/123 116/116/116 125/125/125
f 123/123/123 125/125/125 126/126/126
f 123/123/123 126/126/126 127/127/127
f 126/126/126 128/128/128 127/127/127
f 129/129/129 130/130/130 131/131/131
f 132/132/132 129/129/129 131/131/131
f 129/129/129 132/132/132 133/133/133
f 134/134/134 129/129/129 133/133/133
f 135/135/135 134/134/134 133/133/133
f 136/136/136 135/135/135 133/133/133
f 130/130/130 137/137/137 131/131/131
f 137/137/137 138/138/138 131/131/131
f 137/137/137 139/139/139 138/138/138
f 139/139/139 140/140/140 138/138/138
f 136/136/136 141/141/141 135/135/135
f 142/142/142 140/140/140 139/139/139
f 143/143/143 142/142/142 139/139/139
f 144/144/144 142/142/142 143/143/143
f 88/88/88 30/30/30 29/29/29
f 86/86/86 88/88/88 29/29/29
f 29/29/29 31/31/31 86/86/86
f 31/31/31 84/84/84 86/86/86
f 84/84/84 31/31/31 32/32/32
f 82/82/82 84/84/84 32/32/32
f 82/82/82 32/32/32 33/33/33
f 145/145/145 146/146/146 147/147/147
f 148/148/148 145/145/145 147/147/147
f 148/148/148 147/147/147 149/149/149
f 150/150/150 148/148/148 149/149/149
f 150/150/150 149/149/149 151/151/151
f 152/152/152 150/150/150 151/151/151
f 152/152/152 151/151/151 153/153/153
f 154/154/154 152/152/152 153/153/153
f 154/154/154 153/153/153 155/155/155
f 156/156/156 154/154/154 155/155/155
f 157/157/157 156/156/156 155/155/155
f 145/145/145 158/158/158 146/146/146
f 158/158/158 159/159/159 146/146/146
f 160/160/160 159/159/159 158/158/158
f 161/161/161 160/160/160 158/158/158
f 161/161/161 162/162/162 160/160/160
f 163/163/163 162/162/162 161/161/161
f 162/162/162 164/164/164 160/160/160
f 147/147/147 146/146/146 165/165/165
f 146/146/146 166/166/166 165/165/165
f 147/147/147 165/165/165 167/167/167
f 149/149/149 147/147/147 167/167/167
f 149/149/149 167/167/167 168/168/168
f 151/151/151 149/149/149 168/168/168
f 169/169/169 153/153/153 151/151/151
f 168/168/168 169/169/169 151/151/151
f 153/153/153 169/169/169 155/155/155
f 169/169/169 170/170/170 155/155/155
f 171/171/171 155/155/155 170/170/170
f 172/172/172 171/171/171 170/170/170
f 173/173/173 157/157/157 155/155/155
f 171/171/171 173/173/173 155/155/155
f 174/174/174 171/171/171 172/172/172
f 175/175/175 174/174/174 172/172/172
f 176/176/176 173/173/173 171/171/171
f 174/174/174 176/176/176 171/171/171
f 173/173/173 176/176/176 177/177/177
f 178/178/178 173/173/173 177/177/177
f 177/177/177 179/179/179 178/178/178
f 179/179/179 180/180/180 178/178/178
f 180/180/180 179/179/179 181/181/181
f 182/182/182 180/180/180 181/181/181
f 183/183/183 180/180/180 182/182/182
f 184/184/184 183/183/183 182/182/182
f 185/185/185 183/183/183 184/184/184
f 186/186/186 185/185/185 184/184/184
f 187/187/187 178/178/178 180/180/180
f 183/183/183 187/187/187 180/180/180
f 187/187/187 183/183/183 185/185/185
f 173/173/173 178/178/178 187/187/187
f 157/157/157 173/173/173 187/187/187
f 188/188/188 187/187/187 185/185/185
f 189/189/189 168/168/168 167/167/167
f 169/169/169 168/168/168 189/189/189
f 190/190/190 189/189/189 167/167/167
f 189/189/189 190/190/190 191/191/191
f 190/190/190 192/192/192 191/191/191
f 192/192/192 193/193/193 191/191/191
f 193/193/193 192/192/192 194/194/194
f 192/192/192 195/195/195 194/194/194
f 191/191/191 193/193/193 196/196/196
f 193/193/193 197/197/197 196/196/196
f 196/196/196 197/197/197 198/198/198
f 197/197/197 199/199/199 198/198/198
f 200/200/200 197/197/197 193/193/193
f 194/194/194 200/200/200 193/193/193
f 197/197/197 200/200/200 199/199/199
f 194/194/194 201/201/201 200/200/200
f 201/201/201 202/202/202 200/200/200
f 203/203/203 189/189/189 191/191/191
f 203/203/203 191/191/191 196/196/196
f 204/204/204 203/203/203 196/196/196
f 204/204/204 196/196/196 198/198/198
f 205/205/205 204/204/204 198/198/198
f 200/200/200 202/202/202 206/206/206
f 200/200/200 206/206/206 199/199/199
f 202/202/202 207/207/207 206/206/206
f 208/208/208 201/201/201 194/194/194
f 195/195/195 208/208/208 194/194/194
f 209/209/209 208/208/208 195/195/195
f 166/166/166 209/209/209 195/195/195
f 195/195/195 192/192/192 166/166/166
f 209/209/209 166/166/166 146/146/146
f 159/159/159 209/209/209 146/146/146
f 210/210/210 189/189/189 203/203/203
f 210/210/210 169/169/169 189/189/189
f 211/211/211 210/210/210 203/203/203
f 211/211/211 203/203/203 204/204/204
f 212/212/212 210/210/210 211/211/211
f 213/213/213 212/212/212 211/211/211
f 214/214/214 212/212/212 213/213/213
f 215/215/215 214/214/214 213/213/213
f 214/214/214 215/215/215 216/216/216
f 216/216/216 215/215/215 217/217/217
f 215/215/215 218/218/218 217/217/217
f 217/217/217 218/218/218 219/219/219
f 218/218/218 220/220/220 219/219/219
f 221/221/221 214/214/214 216/216/216
f 215/215/215 213/213/213 222/222/222
f 218/218/218 215/215/215 222/222/222
f 218/218/218 222/222/222 223/223/223
f 220/220/220 218/218/218 223/223/223
f 213/213/213 211/211/211 224/224/224
f 222/222/222 213/213/213 224/224/224
f 224/224/224 211/211/211 204/204/204
f 222/222/222 224/224/224 225/225/225
f 223/223/223 222/222/222 225/225/225
f 224/224/224 204/204/204 205/205/205
f 225/225/225 224/224/224 205/205/205
f 192/192/192 165/165/165 166/166/166
f 165/165/165 192/192/192 190/190/190
f 167/167/167 165/165/165 190/190/190
f 170/170/170 169/169/169 210/210/210
f 212/212/212 170/170/170 210/210/210
f 170/170/170 212/212/212 214/214/214
f 172/172/172 170/170/170 214/214/214
f 172/172/172 214/214/214 221/221/221
f 175/175/175 172/172/172 221/221/221
f 219/219/219 220/220/220 226/226/226
f 220/220/220 223/223/223 226/226/226
f 227/227/227 219/219/219 226/226/226
f 227/227/227 226/226/226 228/228/228
f 229/229/229 227/227/227 228/228/228
f 229/229/229 228/228/228 230/230/230
f 231/231/231 229/229/229 230/230/230
f 228/228/228 232/232/232 230/230/230
f 232/232/232 233/233/233 230/230/230
f 234/234/234 232/232/232 228/228/228
f 226/226/226 234/234/234 228/228/228
f 223/223/223 234/234/234 226/226/226
f 223/223/223 225/225/225 234/234/234
f 232/232/232 235/235/235 233/233/233
f 235/235/235 236/236/236 233/233/233
f 237/237/237 235/235/235 232/232/232
f 234/234/234 237/237/237 232/232/232
f 225/225/225 237/237/237 234/234/234
f 235/235/235 238/238/238 236/236/236
f 238/238/238 239/239/239 236/236/236
f 238/238/238 240/240/240 239/239/239
f 240/240/240 241/241/241 239/239/239
f 241/241/241 240/240/240 242/242/242
f 240/240/240 243/243/243 242/242/242
f 243/243/243 244/244/244 242/242/242
f 244/244/244 245/245/245 242/242/242
f 240/240/240 246/246/246 243/243/243
f 246/246/246 240/240/240 238/238/238
f 246/246/246 247/247/247 243/243/243
f 246/246/246 198/198/198 247/247/247
f 198/198/198 199/199/199 247/247/247
f 243/243/243 247/247/247 248/248/248
f 244/244/244 243/243/243 248/248/248
f 247/247/247 199/199/199 248/248/248
f 244/244/244 248/248/248 249/249/249
f 248/248/248 250/250/250 249/249/249
f 251/251/251 246/246/246 238/238/238
f 198/198/198 246/246/246 251/251/251
f 251/251/251 238/238/238 235/235/235
f 237/237/237 251/251/251 235/235/235
f 205/205/205 198/198/198 251/251/251
f 205/205/205 251/251/251 237/237/237
f 225/225/225 205/205/205 237/237/237
f 248/248/248 206/206/206 250/250/250
f 199/199/199 206/206/206 248/248/248
f 206/206/206 207/207/207 250/250/250
f 244/244/244 249/249/249 252/252/252
f 245/245/245 244/244/244 252/252/252
f 245/245/245 252/252/252 253/253/253
f 254/254/254 245/245/245 253/253/253
f 245/245/245 254/254/254 242/242/242
f 255/255/255 254/254/254 253/253/253
f 256/256/256 254/254/254 255/255/255
f 254/254/254 256/256/256 242/242/242
f 241/241/241 242/242/242 256/256/256
f 257/257/257 256/256/256 255/255/255
f 257/257/257 255/255/255 258/258/258
f 259/259/259 257/257/257 258/258/258
f 260/260/260 257/257/257 259/259/259
f 261/261/261 260/260/260 259/259/259
f 262/262/262 260/260/260 261/261/261
f 263/263/263 262/262/262 261/261/261
f 264/264/264 262/262/262 263/263/263
f 265/265/265 264/264/264 263/263/263
f 266/266/266 264/264/264 265/265/265
f 267/267/267 266/266/266 265/265/265
f 268/268/268 266/266/266 267/267/267
f 258/258/258 255/255/255 269/269/269
f 255/255/255 270/270/270 269/269/269
f 270/270/270 255/255/255 253/253/253
f 269/269/269 270/270/270 271/271/271
f 271/271/271 270/270/270 253/253/253
f 252/252/252 271/271/271 253/253/253
f 272/272/272 269/269/269 271/271/271
f 272/272/272 271/271/271 273/273/273
f 274/274/274 272/272/272 273/273/273
f 271/271/271 275/275/275 273/273/273
f 271/271/271 252/252/252 275/275/275
f 276/276/276 256/256/256 257/257/257
f 260/260/260 276/276/276 257/257/257
f 276/276/276 241/241/241 256/256/256
f 277/277/277 276/276/276 260/260/260
f 262/262/262 277/277/277 260/260/260
f 262/262/262 264/264/264 278/278/278
f 277/277/277 262/262/262 278/278/278
f 264/264/264 266/266/266 278/278/278
f 266/266/266 279/279/279 278/278/278
f 279/279/279 266/266/266 280/280/280
f 281/281/281 279/279/279 280/280/280
f 266/266/266 268/268/268 282/282/282
f 280/280/280 266/266/266 282/282/282
f 281/281/281 280/280/280 283/283/283
f 284/284/284 281/281/281 283/283/283
f 280/280/280 282/282/282 285/285/285
f 283/283/283 280/280/280 285/285/285
f 286/286/286 285/285/285 282/282/282
f 287/287/287 286/286/286 282/282/282
f 286/286/286 287/287/287 288/288/288
f 287/287/287 289/289/289 288/288/288
f 290/290/290 288/288/288 289/289/289
f 291/291/291 290/290/290 289/289/289
f 291/291/291 289/289/289 292/292/292
f 293/293/293 291/291/291 292/292/292
f 293/293/293 292/292/292 294/294/294
f 295/295/295 293/293/293 294/294/294
f 289/289/289 287/287/287 296/296/296
f 292/292/292 289/289/289 296/296/296
f 294/294/294 292/292/292 296/296/296
f 296/296/296 287/287/287 282/282/282
f 268/268/268 296/296/296 282/282/282
f 297/297/297 294/294/294 296/296/296
f 276/276/276 277/277/277 239/239/239
f 239/239/239 277/277/277 278/278/278
f 241/241/241 276/276/276 239/239/239
f 236/236/236 239/239/239 278/278/278
f 236/236/236 278/278/278 279/279/279
f 233/233/233 236/236/236 279/279/279
f 230/230/230 233/233/233 279/279/279
f 281/281/281 230/230/230 279/279/279
f 231/231/231 230/230/230 281/281/281
f 284/284/284 231/231/231 281/281/281
f 298/298/298 299/299/299 300/300/300
f 301/301/301 298/298/298 300/300/300
f 298/298/298 301/301/301 302/302/302
f 303/303/303 298/298/298 302/302/302
f 304/304/304 303/303/303 302/302/302
f 305/305/305 304/304/304 302/302/302
f 304/304/304 305/305/305 306/306/306
f 307/307/307 304/304/304 306/306/306
f 299/299/299 308/308/308 300/300/300
f 308/308/308 309/309/309 300/300/300
f 309/309/309 308/308/308 310/310/310
f 311/311/311 309/309/309 310/310/310
f 311/311/311 310/310/310 312/312/312
f 313/313/313 314/314/314 315/315/315
f 313/313/313 316/316/316 314/314/314
f 316/316/316 317/317/317 314/314/314
f 316/316/316 318/318/318 317/317/317
f 318/318/318 319/319/319 317/317/317
f 318/318/318 320/320/320 319/319/319
f 320/320/320 321/321/321 319/319/319
f 322/322/322 323/323/323 324/324/324
f 325/325/325 322/322/322 324/324/324
f 322/322/322 325/325/325 326/326/326
f 325/325/325 327/327/327 326/326/326
f 324/324/324 323/323/323 328/328/328
f 329/329/329 324/324/324 328/328/328
f 324/324/324 329/329/329 330/330/330
f 331/331/331 324/324/324 330/330/330
f 332/332/332 325/325/325 324/324/324
f 331/331/331 332/332/332 324/324/324
f 332/332/332 333/333/333 325/325/325
f 333/333/333 334/334/334 325/325/325
f 329/329/329 328/328/328 335/335/335
f 336/336/336 329/329/329 335/335/335
f 330/330/330 329/329/329 336/336/336
f 337/337/337 330/330/330 336/336/336
f 330/330/330 337/337/337 338/338/338
f 339/339/339 330/330/330 338/338/338
f 340/340/340 330/330/330 339/339/339
f 330/330/330 340/340/340 331/331/331
f 341/341/341 340/340/340 339/339/339
f 339/339/339 338/338/338 342/342/342
f 343/343/343 339/339/339 342/342/342
f 341/341/341 339/339/339 343/343/343
f 344/344/344 343/343/343 342/342/342
f 344/344/344 345/345/345 343/343/343
f 345/345/345 346/346/346 343/343/343
f 346/346/346 341/341/341 343/343/343
f 346/346/346 347/347/347 341/341/341
f 347/347/347 348/348/348 341/341/341
f 349/349/349 344/344/344 342/342/342
f 347/347/347 350/350/350 348/348/348
f 351/351/351 350/350/350 347/347/347
f 352/352/352 351/351/351 347/347/347
f 350/350/350 353/353/353 348/348/348
f 340/340/340 353/353/353 331/331/331
f 353/353/353 340/340/340 341/341/341
f 348/348/348 353/353/353 341/341/341
f 335/335/335 328/328/328 354/354/354
f 354/354/354 328/328/328 355/355/355
f 356/356/356 354/354/354 355/355/355
f 357/357/357 356/356/356 355/355/355
f 328/328/328 323/323/323 355/355/355
f 355/355/355 323/323/323 322/322/322
f 358/358/358 355/355/355 322/322/322
f 322/322/322 326/326/326 358/358/358
f 326/326/326 359/359/359 358/358/358
f 355/355/355 358/358/358 360/360/360
f 357/357/357 355/355/355 360/360/360
f 360/360/360 358/358/358 361/361/361
f 358/358/358 362/362/362 361/361/361
f 363/363/363 335/335/335 354/354/354
f 363/363/363 354/354/354 356/356/356
f 364/364/364 363/363/363 356/356/356
f 365/365/365 364/364/364 356/356/356
f 366/366/366 365/365/365 356/356/356
f 366/366/366 356/356/356 367/367/367
f 367/367/367 356/356/356 357/357/357
f 368/368/368 366/366/366 367/367/367
f 369/369/369 366/366/366 368/368/368
f 370/370/370 369/369/369 368/368/368
f 369/369/369 370/370/370 371/371/371
f 372/372/372 369/369/369 371/371/371
f 373/373/373 369/369/369 372/372/372
f 373/373/373 365/365/365 366/366/366
f 369/369/369 373/373/373 366/366/366
f 374/374/374 373/373/373 372/372/372
f 370/370/370 368/368/368 375/375/375
f 368/368/368 376/376/376 375/375/375
f 375/375/375 376/376/376 377/377/377
f 375/375/375 377/377/377 378/378/378
f 379/379/379 375/375/375 378/378/378
f 378/378/378 380/380/380 379/379/379
f 380/380/380 381/381/381 379/379/379
f 375/375/375 379/379/379 381/381/381
f 376/376/376 382/382/382 377/377/377
f 368/368/368 367/367/367 382/382/382
f 376/376/376 368/368/368 382/382/382
f 382/382/382 367/367/367 357/357/357
f 377/377/377 382/382/382 383/383/383
f 382/382/382 384/384/384 383/383/383
f 384/384/384 382/382/382 357/357/357
f 383/383/383 384/384/384 385/385/385
f 386/386/386 383/383/383 385/385/385
f 383/383/383 386/386/386 387/387/387
f 387/387/387 386/386/386 388/388/388
f 386/386/386 389/389/389 388/388/388
f 386/386/386 385/385/385 389/389/389
f 389/389/389 390/390/390 388/388/388
f 390/390/390 391/391/391 388/388/388
f 387/387/387 388/388/388 391/391/391
f 391/391/391 390/390/390 392/392/392
f 393/393/393 391/391/391 392/392/392
f 393/393/393 387/387/387 391/391/391
f 393/393/393 392/392/392 394/394/394
f 392/392/392 395/395/395 394/394/394
f 394/394/394 395/395/395 396/396/396
f 395/395/395 397/397/397 396/396/396
f 396/396/396 397/397/397 398/398/398
f 399/399/399 396/396/396 398/398/398
f 399/399/399 398/398/398 400/400/400
f 401/401/401 399/399/399 400/400/400
f 401/401/401 400/400/400 402/402/402
f 400/400/400 403/403/403 402/402/402
f 404/404/404 402/402/402 403/403/403
f 405/405/405 404/404/404 403/403/403
f 404/404/404 405/405/405 406/406/406
f 407/407/407 404/404/404 406/406/406
f 402/402/402 404/404/404 407/407/407
f 401/401/401 402/402/402 407/407/407
f 407/407/407 406/406/406 408/408/408
f 409/409/409 407/407/407 408/408/408
f 406/406/406 405/405/405 410/410/410
f 406/406/406 410/410/410 408/408/408
f 405/405/405 411/411/411 410/410/410
f 405/405/405 403/403/403 412/412/412
f 411/411/411 405/405/405 412/412/412
f 413/413/413 412/412/412 403/403/403
f 400/400/400 413/413/413 403/403/403
f 414/414/414 413/413/413 400/400/400
f 398/398/398 414/414/414 400/400/400
f 415/415/415 414/414/414 398/398/398
f 397/397/397 415/415/415 398/398/398
f 397/397/397 395/395/395 415/415/415
f 410/410/410 416/416/416 408/408/408
f 417/417/417 396/396/396 399/399/399
f 401/401/401 417/417/417 399/399/399
f 394/394/394 396/396/396 417/417/417
f 393/393/393 394/394/394 417/417/417
f 401/401/401 418/418/418 417/417/417
f 407/407/407 409/409/409 418/418/418
f 401/401/401 407/407/407 418/418/418
f 418/418/418 419/419/419 417/417/417
f 395/395/395 420/420/420 415/415/415
f 395/395/395 392/392/392 420/420/420
f 392/392/392 421/421/421 420/420/420
f 392/392/392 390/390/390 421/421/421
f 390/390/390 422/422/422 421/421/421
f 422/422/422 390/390/390 389/389/389
f 423/423/423 422/422/422 389/389/389
f 385/385/385 423/423/423 389/389/389
f 417/417/417 419/419/419 424/424/424
f 393/393/393 417/417/417 424/424/424
f 393/393/393 424/424/424 387/387/387
f 424/424/424 425/425/425 387/387/387
f 425/425/425 383/383/383 387/387/387
f 377/377/377 383/383/383 425/425/425
f 378/378/378 377/377/377 425/425/425
f 425/425/425 424/424/424 378/378/378
f 424/424/424 380/380/380 378/378/378
f 418/418/418 426/426/426 419/419/419
f 426/426/426 427/427/427 419/419/419
f 424/424/424 419/419/419 427/427/427
f 428/428/428 424/424/424 427/427/427
f 409/409/409 351/351/351 418/418/418
f 351/351/351 409/409/409 408/408/408
f 350/350/350 351/351/351 408/408/408
f 350/350/350 408/408/408 416/416/416
f 353/353/353 350/350/350 416/416/416
f 351/351/351 429/429/429 418/418/418
f 351/351/351 352/352/352 429/429/429
f 352/352/352 430/430/430 429/429/429
f 431/431/431 430/430/430 352/352/352
f 347/347/347 431/431/431 352/352/352
f 431/431/431 347/347/347 346/346/346
f 345/345/345 431/431/431 346/346/346
f 353/353/353 416/416/416 331/331/331
f 416/416/416 410/410/410 331/331/331
f 410/410/410 332/332/332 331/331/331
f 410/410/410 411/411/411 332/332/332
f 411/411/411 333/333/333 332/332/332
f 333/333/333 411/411/411 334/334/334
f 411/411/411 412/412/412 334/334/334
f 412/412/412 413/413/413 334/334/334
f 413/413/413 325/325/325 334/334/334
f 413/413/413 414/414/414 325/325/325
f 414/414/414 327/327/327 325/325/325
f 414/414/414 415/415/415 327/327/327
f 415/415/415 326/326/326 327/327/327
f 415/415/415 420/420/420 326/326/326
f 420/420/420 359/359/359 326/326/326
f 420/420/420 421/421/421 359/359/359
f 421/421/421 358/358/358 359/359/359
f 421/421/421 422/422/422 358/358/358
f 422/422/422 362/362/362 358/358/358
f 362/362/362 422/422/422 423/423/423
f 361/361/361 362/362/362 423/423/423
f 423/423/423 385/385/385 361/361/361
f 385/385/385 360/360/360 361/361/361
f 385/385/385 384/384/384 360/360/360
f 384/384/384 357/357/357 360/360/360
f 432/432/432 433/433/433 434/434/434
f 435/435/435 432/432/432 434/434/434
f 380/380/380 434/434/434 433/433/433
f 381/381/381 380/380/380 433/433/433
f 433/433/433 436/436/436 381/381/381
f 433/433/433 432/432/432 436/436/436
f 436/436/436 437/437/437 381/381/381
f 437/437/437 375/375/375 381/381/381
f 370/370/370 375/375/375 437/437/437
f 371/371/371 370/370/370 437/437/437
f 432/432/432 438/438/438 436/436/436
f 163/163/163 439/439/439 440/440/440
f 441/441/441 163/163/163 440/440/440
f 163/163/163 441/441/441 442/442/442
f 162/162/162 163/163/163 442/442/442
f 441/441/441 440/440/440 443/443/443
f 444/444/444 441/441/441 443/443/443
f 441/441/441 444/444/444 445/445/445
f 442/442/442 441/441/441 445/445/445
f 162/162/162 442/442/442 164/164/164
f 442/442/442 446/446/446 164/164/164
f 442/442/442 445/445/445 446/446/446
f 445/445/445 447/447/447 446/446/446
f 164/164/164 446/446/446 201/201/201
f 164/164/164 201/201/201 208/208/208
f 160/160/160 164/164/164 208/208/208
f 446/446/446 202/202/202 201/201/201
f 446/446/446 447/447/447 202/202/202
f 447/447/447 207/207/207 202/202/202
f 208/208/208 209/209/209 160/160/160
f 209/209/209 159/159/159 160/160/160
f 444/444/444 443/443/443 448/448/448
f 445/445/445 444/444/444 448/448/448
f 443/443/443 449/449/449 448/448/448
f 448/448/448 449/449/449 274/274/274
f 449/449/449 450/450/450 274/274/274
f 451/451/451 448/448/448 274/274/274
f 451/451/451 445/445/445 448/448/448
f 273/273/273 451/451/451 274/274/274
f 273/273/273 275/275/275 451/451/451
f 275/275/275 452/452/452 451/451/451
f 452/452/452 447/447/447 445/445/445
f 451/451/451 452/452/452 445/445/445
f 275/275/275 249/249/249 452/452/452
f 252/252/252 249/249/249 275/275/275
f 249/249/249 250/250/250 452/452/452
f 250/250/250 207/207/207 447/447/447
f 452/452/452 250/250/250 447/447/447
f 453/453/453 454/454/454 455/455/455
f 456/456/456 453/453/453 455/455/455
f 454/454/454 453/453/453 457/457/457
f 453/453/453 458/458/458 457/457/457
f 458/458/458 459/459/459 457/457/457
f 459/459/459 460/460/460 457/457/457
f 461/461/461 458/458/458 453/453/453
f 458/458/458 461/461/461 459/459/459
f 462/462/462 461/461/461 453/453/453
f 461/461/461 463/463/463 459/459/459
f 464/464/464 462/462/462 453/453/453
f 456/456/456 464/464/464 453/453/453
f 459/459/459 463/463/463 465/465/465
f 465/465/465 463/463/463 466/466/466
f 465/465/465 466/466/466 467/467/467
f 467/467/467 466/466/466 468/468/468
f 466/466/466 469/469/469 468/468/468
f 470/470/470 465/465/465 467/467/467
f 471/471/471 465/465/465 470/470/470
f 471/471/471 459/459/459 465/465/465
f 460/460/460 459/459/459 471/471/471
f 472/472/472 471/471/471 470/470/470
f 473/473/473 471/471/471 472/472/472
f 473/473/473 460/460/460 471/471/471
f 474/474/474 473/473/473 472/472/472
f 468/468/468 469/469/469 475/475/475
f 469/469/469 476/476/476 475/475/475
f 476/476/476 477/477/477 475/475/475
f 477/477/477 478/478/478 475/475/475
f 478/478/478 477/477/477 479/479/479
f 477/477/477 480/480/480 479/479/479
f 479/479/479 480/480/480 481/481/481
f 480/480/480 482/482/482 481/481/481
f 481/481/481 482/482/482 483/483/483
f 482/482/482 484/484/484 483/483/483
f 483/483/483 484/484/484 485/485/485
f 484/484/484 486/486/486 485/485/485
f 485/485/485 486/486/486 487/487/487
f 486/486/486 488/488/488 487/487/487
f 487/487/487 488/488/488 489/489/489
f 488/488/488 490/490/490 489/489/489
f 469/469/469 491/491/491 476/476/476
f 492/492/492 491/491/491 469/469/469
f 466/466/466 492/492/492 469/469/469
f 463/463/463 492/492/492 466/466/466
f 488/488/488 493/493/493 490/490/490
f 493/493/493 494/494/494 490/490/490
f 495/495/495 493/493/493 488/488/488
f 486/486/486 495/495/495 488/488/488
f 496/496/496 495/495/495 486/486/486
f 484/484/484 496/496/496 486/486/486
f 497/497/497 496/496/496 484/484/484
f 482/482/482 497/497/497 484/484/484
f 498/498/498 497/497/497 482/482/482
f 480/480/480 498/498/498 482/482/482
f 499/499/499 498/498/498 480/480/480
f 477/477/477 499/499/499 480/480/480
f 499/499/499 477/477/477 476/476/476
f 500/500/500 499/499/499 476/476/476
f 491/491/491 500/500/500 476/476/476
f 479/479/479 481/481/481 501/501/501
f 502/502/502 479/479/479 501/501/501
f 501/501/501 503/503/503 502/502/502
f 503/503/503 504/504/504 502/502/502
f 505/505/505 503/503/503 501/501/501
f 506/506/506 505/505/505 501/501/501
f 501/501/501 481/481/481 506/506/506
f 507/507/507 505/505/505 506/506/506
f 508/508/508 507/507/507 506/506/506
f 509/509/509 507/507/507 508/508/508
f 510/510/510 509/509/509 508/508/508
f 511/511/511 509/509/509 510/510/510
f 512/512/512 511/511/511 510/510/510
f 502/502/502 504/504/504 513/513/513
f 514/514/514 502/502/502 513/513/513
f 479/479/479 502/502/502 514/514/514
f 514/514/514 513/513/513 515/515/515
f 516/516/516 514/514/514 515/515/515
f 516/516/516 515/515/515 517/517/517
f 515/515/515 518/518/518 517/517/517
f 517/517/517 518/518/518 519/519/519
f 518/518/518 520/520/520 519/519/519
f 519/519/519 520/520/520 521/521/521
f 520/520/520 522/522/522 521/521/521
f 521/521/521 522/522/522 523/523/523
f 522/522/522 524/524/524 523/523/523
f 523/523/523 524/524/524 525/525/525
f 526/526/526 523/523/523 525/525/525
f 515/515/515 527/527/527 518/518/518
f 527/527/527 528/528/528 518/518/518
f 518/518/518 528/528/528 520/520/520
f 527/527/527 529/529/529 528/528/528
f 530/530/530 529/529/529 527/527/527
f 531/531/531 530/530/530 527/527/527
f 531/531/531 527/527/527 515/515/515
f 513/513/513 531/531/531 515/515/515
f 532/532/532 530/530/530 531/531/531
f 533/533/533 532/532/532 531/531/531
f 533/533/533 531/531/531 513/513/513
f 504/504/504 533/533/533 513/513/513
f 534/534/534 532/532/532 533/533/533
f 535/535/535 534/534/534 533/533/533
f 535/535/535 533/533/533 504/504/504
f 536/536/536 534/534/534 535/535/535
f 537/537/537 536/536/536 535/535/535
f 538/538/538 536/536/536 537/537/537
f 539/539/539 538/538/538 537/537/537
f 540/540/540 538/538/538 539/539/539
f 541/541/541 540/540/540 539/539/539
f 542/542/542 540/540/540 541/541/541
f 543/543/543 542/542/542 541/541/541
f 529/529/529 544/544/544 528/528/528
f 528/528/528 544/544/544 545/545/545
f 528/528/528 545/545/545 520/520/520
f 544/544/544 546/546/546 545/545/545
f 545/545/545 546/546/546 547/547/547
f 546/546/546 548/548/548 547/547/547
f 547/547/547 548/548/548 549/549/549
f 548/548/548 550/550/550 549/549/549
f 549/549/549 550/550/550 551/551/551
f 550/550/550 552/552/552 551/551/551
f 503/503/503 535/535/535 504/504/504
f 537/537/537 535/535/535 503/503/503
f 505/505/505 537/537/537 503/503/503
f 539/539/539 537/537/537 505/505/505
f 507/507/507 539/539/539 505/505/505
f 541/541/541 539/539/539 507/507/507
f 509/509/509 541/541/541 507/507/507
f 543/543/543 541/541/541 509/509/509
f 511/511/511 543/543/543 509/509/509
f 549/549/549 551/551/551 525/525/525
f 524/524/524 549/549/549 525/525/525
f 547/547/547 549/549/549 524/524/524
f 522/522/522 547/547/547 524/524/524
f 545/545/545 547/547/547 522/522/522
f 520/520/520 545/545/545 522/522/522
f 553/553/553 554/554/554 555/555/555
f 556/556/556 553/553/553 555/555/555
f 555/555/555 557/557/557 556/556/556
f 557/557/557 558/558/558 556/556/556
f 559/559/559 556/556/556 558/558/558
f 559/559/559 560/560/560 556/556/556
f 561/561/561 560/560/560 559/559/559
f 562/562/562 561/561/561 559/559/559
f 562/562/562 559/559/559 563/563/563
f 559/559/559 564/564/564 563/563/563
f 564/564/564 559/559/559 558/558/558
f 564/564/564 558/558/558 557/557/557
f 563/563/563 564/564/564 565/565/565
f 564/564/564 566/566/566 565/565/565
f 566/566/566 564/564/564 557/557/557
f 560/560/560 561/561/561 567/567/567
f 568/568/568 560/560/560 567/567/567
f 569/569/569 568/568/568 567/567/567
f 570/570/570 569/569/569 567/567/567
f 571/571/571 569/569/569 570/570/570
f 572/572/572 571/571/571 570/570/570
f 569/569/569 573/573/573 568/568/568
f 569/569/569 571/571/571 573/573/573
f 553/553/553 556/556/556 573/573/573
f 573/573/573 556/556/556 574/574/574
f 573/573/573 574/574/574 568/568/568
f 556/556/556 575/575/575 574/574/574
f 575/575/575 560/560/560 568/568/568
f 574/574/574 575/575/575 568/568/568
f 560/560/560 575/575/575 556/556/556
f 571/571/571 576/576/576 573/573/573
f 576/576/576 553/553/553 573/573/573
f 577/577/577 571/571/571 572/572/572
f 578/578/578 577/577/577 572/572/572
f 579/579/579 577/577/577 578/578/578
f 580/580/580 579/579/579 578/578/578
f 581/581/581 579/579/579 580/580/580
f 582/582/582 581/581/581 580/580/580
f 583/583/583 577/577/577 579/579/579
f 581/581/581 583/583/583 579/579/579
f 583/583/583 576/576/576 571/571/571
f 577/577/577 583/583/583 571/571/571
f 576/576/576 583/583/583 553/553/553
f 583/583/583 584/584/584 553/553/553
f 584/584/584 585/585/585 553/553/553
f 585/585/585 554/554/554 553/553/553
f 566/566/566 557/557/557 586/586/586
f 565/565/565 566/566/566 586/586/586
f 587/587/587 565/565/565 586/586/586
f 587/587/587 586/586/586 588/588/588
f 589/589/589 587/587/587 588/588/588
f 589/589/589 588/588/588 590/590/590
f 588/588/588 591/591/591 590/590/590
f 592/592/592 590/590/590 591/591/591
f 593/593/593 592/592/592 591/591/591
f 592/592/592 593/593/593 594/594/594
f 595/595/595 592/592/592 594/594/594
f 595/595/595 594/594/594 596/596/596
f 597/597/597 595/595/595 596/596/596
f 594/594/594 593/593/593 598/598/598
f 594/594/594 598/598/598 596/596/596
f 593/593/593 599/599/599 598/598/598
f 598/598/598 599/599/599 600/600/600
f 588/588/588 600/600/600 591/591/591
f 599/599/599 601/601/601 600/600/600
f 593/593/593 591/591/591 601/601/601
f 599/599/599 593/593/593 601/601/601
f 600/600/600 601/601/601 591/591/591
f 602/602/602 600/600/600 588/588/588
f 586/586/586 602/602/602 588/588/588
f 600/600/600 602/602/602 557/557/557
f 557/557/557 602/602/602 586/586/586
f 555/555/555 600/600/600 557/557/557
f 555/555/555 554/554/554 603/603/603
f 600/600/600 555/555/555 603/603/603
f 603/603/603 554/554/554 585/585/585
f 598/598/598 600/600/600 603/603/603
f 598/598/598 604/604/604 596/596/596
f 604/604/604 598/598/598 603/603/603
f 597/597/597 596/596/596 605/605/605
f 606/606/606 597/597/597 605/605/605
f 606/606/606 605/605/605 607/607/607
f 608/608/608 606/606/606 607/607/607
f 606/606/606 608/608/608 609/609/609
f 610/610/610 606/606/606 609/609/609
f 610/610/610 609/609/609 611/611/611
f 609/609/609 612/612/612 611/611/611
f 612/612/612 609/609/609 613/613/613
f 609/609/609 614/614/614 613/613/613
f 615/615/615 614/614/614 609/609/609
f 608/608/608 615/615/615 609/609/609
f 608/608/608 607/607/607 616/616/616
f 615/615/615 608/608/608 616/616/616
f 607/607/607 605/605/605 617/617/617
f 616/616/616 607/607/607 617/617/617
f 596/596/596 604/604/604 617/617/617
f 605/605/605 596/596/596 617/617/617
f 604/604/604 603/603/603 617/617/617
f 603/603/603 618/618/618 617/617/617
f 618/618/618 603/603/603 585/585/585
f 615/615/615 616/616/616 619/619/619
f 616/616/616 617/617/617 619/619/619
f 620/620/620 615/615/615 619/619/619
f 620/620/620 619/619/619 621/621/621
f 622/622/622 620/620/620 621/621/621
f 620/620/620 622/622/622 623/623/623
f 624/624/624 620/620/620 623/623/623
f 615/615/615 620/620/620 624/624/624
f 614/614/614 615/615/615 624/624/624
f 614/614/614 624/624/624 613/613/613
f 624/624/624 623/623/623 625/625/625
f 624/624/624 625/625/625 613/613/613
f 623/623/623 626/626/626 625/625/625
f 627/627/627 621/621/621 619/619/619
f 628/628/628 627/627/627 619/619/619
f 617/617/617 628/628/628 619/619/619
f 627/627/627 628/628/628 629/629/629
f 628/628/628 630/630/630 629/629/629
f 617/617/617 618/618/618 630/630/630
f 628/628/628 617/617/617 630/630/630
f 629/629/629 630/630/630 631/631/631
f 630/630/630 632/632/632 631/631/631
f 618/618/618 585/585/585 632/632/632
f 630/630/630 618/618/618 632/632/632
f 631/631/631 632/632/632 633/633/633
f 632/632/632 634/634/634 633/633/633
f 632/632/632 585/585/585 634/634/634
f 633/633/633 634/634/634 635/635/635
f 634/634/634 636/636/636 635/635/635
f 637/637/637 635/635/635 636/636/636
f 638/638/638 637/637/637 636/636/636
f 637/637/637 638/638/638 639/639/639
f 638/638/638 640/640/640 639/639/639
f 627/627/627 641/641/641 621/621/621
f 641/641/641 642/642/642 621/621/621
f 622/622/622 621/621/621 642/642/642
f 643/643/643 622/622/622 642/642/642
f 643/643/643 642/642/642 644/644/644
f 645/645/645 644/644/644 642/642/642
f 641/641/641 645/645/645 642/642/642
f 645/645/645 641/641/641 646/646/646
f 641/641/641 647/647/647 646/646/646
f 627/627/627 629/629/629 647/647/647
f 641/641/641 627/627/627 647/647/647
f 646/646/646 647/647/647 648/648/648
f 647/647/647 649/649/649 648/648/648
f 629/629/629 631/631/631 649/649/649
f 647/647/647 629/629/629 649/649/649
f 648/648/648 649/649/649 650/650/650
f 649/649/649 651/651/651 650/650/650
f 631/631/631 633/633/633 651/651/651
f 649/649/649 631/631/631 651/651/651
f 650/650/650 651/651/651 652/652/652
f 633/633/633 635/635/635 652/652/652
f 651/651/651 633/633/633 652/652/652
f 653/653/653 650/650/650 652/652/652
f 654/654/654 653/653/653 652/652/652
f 655/655/655 654/654/654 652/652/652
f 655/655/655 652/652/652 635/635/635
f 637/637/637 655/655/655 635/635/635
f 654/654/654 655/655/655 656/656/656
f 637/637/637 639/639/639 656/656/656
f 655/655/655 637/637/637 656/656/656
f 657/657/657 654/654/654 656/656/656
f 658/658/658 643/643/643 644/644/644
f 643/643/643 658/658/658 659/659/659
f 660/660/660 643/643/643 659/659/659
f 660/660/660 659/659/659 661/661/661
f 659/659/659 662/662/662 661/661/661
f 622/622/622 643/643/643 660/660/660
f 623/623/623 622/622/622 660/660/660
f 660/660/660 661/661/661 626/626/626
f 623/623/623 660/660/660 626/626/626
f 663/663/663 664/664/664 665/665/665
f 666/666/666 663/663/663 665/665/665
f 666/666/666 667/667/667 663/663/663
f 666/666/666 668/668/668 667/667/667
f 667/667/667 668/668/668 669/669/669
f 668/668/668 670/670/118 669/669/669
f 668/668/668 666/666/666 671/671/670
f 666/666/666 672/672/671 671/671/670
f 672/672/671 673/673/121 671/671/670
f 671/671/670 673/673/121 674/674/672
f 675/675/673 671/671/670 674/674/672
f 668/668/668 671/671/670 675/675/673
f 675/675/673 676/676/674 668/668/668
f 677/677/675 670/670/118 668/668/668
f 676/676/674 677/677/675 668/668/668
f 675/675/673 678/678/676 676/676/674
f 675/675/673 679/679/677 678/678/676
f 679/679/677 680/680/678 678/678/676
f 581/581/581 582/582/582 640/640/640
f 638/638/638 581/581/581 640/640/640
f 581/581/581 638/638/638 583/583/583
f 638/638/638 636/636/636 583/583/583
f 584/584/584 583/583/583 636/636/636
f 634/634/634 584/584/584 636/636/636
f 585/585/585 584/584/584 634/634/634
f 468/468/468 517/517/517 519/519/519
f 467/467/467 468/468/468 519/519/519
f 470/470/470 467/467/467 519/519/519
f 521/521/521 470/470/470 519/519/519
f 470/470/470 521/521/521 523/523/523
f 472/472/472 470/470/470 523/523/523
f 474/474/474 472/472/472 523/523/523
f 526/526/526 474/474/474 523/523/523
f 517/517/517 468/468/468 516/516/516
f 468/468/468 475/475/475 516/516/516
f 514/514/514 516/516/516 475/475/475
f 478/478/478 514/514/514 475/475/475
f 478/478/478 479/479/479 514/514/514
f 481/481/481 483/483/483 506/506/506
f 506/506/506 483/483/483 508/508/508
f 483/483/483 485/485/485 508/508/508
f 508/508/508 485/485/485 510/510/510
f 485/485/485 487/487/487 510/510/510
f 510/510/510 487/487/487 512/512/512
f 487/487/487 489/489/489 512/512/512
f 681/681/679 682/682/680 683/683/681
f 684/684/682 681/681/679 683/683/681
f 683/683/681 685/685/683 684/684/682
f 685/685/683 686/686/684 684/684/682
f 687/687/685 682/682/680 681/681/679
f 688/688/686 687/687/685 681/681/679
f 689/689/687 688/688/686 681/681/679
f 690/690/688 689/689/687 681/681/679
f 681/681/679 684/684/682 691/691/689
f 690/690/688 681/681/679 691/691/689
f 691/691/689 684/684/682 692/692/690
f 684/684/682 693/693/691 692/692/690
f 498/498/498 687/687/685 688/688/686
f 497/497/497 498/498/498 688/688/686
f 497/497/497 688/688/686 689/689/687
f 496/496/496 497/497/497 689/689/687
f 495/495/495 496/496/496 689/689/687
f 694/694/692 495/495/495 689/689/687
f 694/694/692 689/689/687 695/695/693
f 689/689/687 690/690/688 695/695/693
f 696/696/694 694/694/692 695/695/693
f 493/493/493 495/495/495 694/694/692
f 697/697/695 493/493/493 694/694/692
f 697/697/695 694/694/692 696/696/694
f 493/493/493 697/697/695 698/698/696
f 698/698/696 697/697/695 699/699/697
f 697/697/695 700/700/698 699/699/697
f 700/700/698 697/697/695 696/696/694
f 700/700/698 696/696/694 701/701/699
f 696/696/694 702/702/700 701/701/699
f 494/494/494 493/493/493 698/698/696
f 701/701/699 702/702/700 703/703/701
f 701/701/699 703/703/701 704/704/702
f 705/705/703 701/701/699 704/704/702
f 702/702/700 706/706/704 703/703/701
f 695/695/693 690/690/688 706/706/704
f 696/696/694 695/695/693 706/706/704
f 702/702/700 696/696/694 706/706/704
f 707/707/705 687/687/685 498/498/498
f 707/707/705 708/708/706 687/687/685
f 708/708/706 707/707/705 709/709/707
f 710/710/708 708/708/706 709/709/707
f 708/708/706 682/682/680 687/687/685
f 683/683/681 682/682/680 708/708/706
f 711/711/709 683/683/681 708/708/706
f 683/683/681 711/711/709 685/685/683
f 711/711/709 712/712/710 685/685/683
f 713/713/711 711/711/709 708/708/706
f 710/710/708 713/713/711 708/708/706
f 713/713/711 714/714/712 711/711/709
f 714/714/712 715/715/713 711/711/709
f 499/499/499 707/707/705 498/498/498
f 709/709/707 707/707/705 499/499/499
f 500/500/500 709/709/707 499/499/499
f 709/709/707 500/500/500 491/491/491
f 716/716/714 709/709/707 491/491/491
f 717/717/715 709/709/707 716/716/714
f 717/717/715 710/710/708 709/709/707
f 718/718/716 717/717/715 716/716/714
f 718/718/716 716/716/714 719/719/717
f 720/720/718 718/718/716 719/719/717
f 462/462/462 720/720/718 719/719/717
f 461/461/461 462/462/462 719/719/717
f 461/461/461 719/719/717 492/492/492
f 716/716/714 491/491/491 492/492/492
f 719/719/717 716/716/714 492/492/492
f 463/463/463 461/461/461 492/492/492
f 720/720/718 721/721/719 718/718/716
f 721/721/719 722/722/720 718/718/716
f 721/721/719 723/723/721 722/722/720
f 724/724/722 723/723/721 721/721/719
f 725/725/723 724/724/722 721/721/719
f 724/724/722 725/725/723 726/726/724
f 725/725/723 727/727/725 726/726/724
f 727/727/725 725/725/723 721/721/719
f 723/723/721 728/728/726 722/722/720
f 728/728/726 717/717/715 718/718/716
f 722/722/720 728/728/726 718/718/716
f 710/710/708 717/717/715 728/728/726
f 723/723/721 729/729/727 728/728/726
f 729/729/727 730/730/728 728/728/726
f 730/730/728 710/710/708 728/728/726
f 731/731/729 730/730/728 729/729/727
f 732/732/730 731/731/729 729/729/727
f 733/733/731 732/732/730 729/729/727
f 733/733/731 734/734/732 732/732/730
f 734/734/732 735/735/733 732/732/730
f 732/732/730 735/735/733 731/731/729
f 735/735/733 734/734/732 736/736/734
f 734/734/732 737/737/735 736/736/734
f 737/737/735 734/734/732 733/733/731
f 738/738/736 736/736/734 737/737/735
f 739/739/737 738/738/736 737/737/735
f 739/739/737 737/737/735 733/733/731
f 739/739/737 740/740/738 738/738/736
f 740/740/738 741/741/739 738/738/736
f 740/740/738 742/742/740 741/741/739
f 742/742/740 743/743/741 741/741/739
f 744/744/742 743/743/741 742/742/740
f 745/745/743 744/744/742 742/742/740
f 746/746/744 744/744/742 745/745/743
f 747/747/745 746/746/744 745/745/743
f 747/747/745 748/748/746 746/746/744
f 748/748/746 749/749/747 746/746/744
f 749/749/747 748/748/746 750/750/748
f 751/751/749 749/749/747 750/750/748
f 752/752/750 751/751/749 750/750/748
f 753/753/751 752/752/750 750/750/748
f 753/753/751 750/750/748 748/748/746
f 747/747/745 753/753/751 748/748/746
f 754/754/752 752/752/750 753/753/751
f 755/755/753 754/754/752 753/753/751
f 752/752/750 756/756/754 751/751/749
f 752/752/750 754/754/752 756/756/754
f 756/756/754 757/757/755 751/751/749
f 758/758/756 749/749/747 751/751/749
f 757/757/755 758/758/756 751/751/749
f 749/749/747 758/758/756 759/759/757
f 746/746/744 749/749/747 759/759/757
f 746/746/744 759/759/757 760/760/758
f 744/744/742 746/746/744 760/760/758
f 744/744/742 760/760/758 761/761/759
f 743/743/741 744/744/742 761/761/759
f 743/743/741 761/761/759 741/741/739
f 754/754/752 762/762/760 756/756/754
f 745/745/743 742/742/740 763/763/761
f 747/747/745 745/745/743 763/763/761
f 763/763/761 742/742/740 740/740/738
f 739/739/737 763/763/761 740/740/738
f 747/747/745 763/763/761 764/764/762
f 764/764/762 755/755/753 753/753/751
f 747/747/745 764/764/762 753/753/751
f 763/763/761 765/765/763 764/764/762
f 761/761/759 766/766/764 741/741/739
f 741/741/739 766/766/764 738/738/736
f 766/766/764 767/767/765 738/738/736
f 738/738/736 767/767/765 736/736/734
f 767/767/765 768/768/766 736/736/734
f 735/735/733 736/736/734 768/768/766
f 769/769/767 735/735/733 768/768/766
f 735/735/733 769/769/767 731/731/729
f 770/770/768 765/765/763 763/763/761
f 739/739/737 770/770/768 763/763/761
f 739/739/737 733/733/731 770/770/768
f 733/733/731 771/771/769 770/770/768
f 771/771/769 733/733/731 729/729/727
f 771/771/769 729/729/727 723/723/721
f 724/724/722 771/771/769 723/723/721
f 771/771/769 724/724/722 770/770/768
f 724/724/722 726/726/724 770/770/768
f 764/764/762 765/765/763 772/772/770
f 765/765/763 773/773/771 772/772/770
f 773/773/771 765/765/763 770/770/768
f 774/774/772 773/773/771 770/770/768
f 755/755/753 764/764/762 704/704/702
f 754/754/752 755/755/753 704/704/702
f 703/703/701 754/754/752 704/704/702
f 762/762/760 754/754/752 703/703/701
f 706/706/704 762/762/760 703/703/701
f 764/764/762 775/775/773 704/704/702
f 704/704/702 775/775/773 705/705/703
f 775/775/773 776/776/774 705/705/703
f 705/705/703 776/776/774 777/777/775
f 701/701/699 705/705/703 777/777/775
f 700/700/698 701/701/699 777/777/775
f 699/699/697 700/700/698 777/777/775
f 690/690/688 762/762/760 706/706/704
f 762/762/760 690/690/688 756/756/754
f 690/690/688 691/691/689 756/756/754
f 756/756/754 691/691/689 757/757/755
f 691/691/689 692/692/690 757/757/755
f 692/692/690 693/693/691 757/757/755
f 693/693/691 758/758/756 757/757/755
f 758/758/756 693/693/691 759/759/757
f 693/693/691 684/684/682 759/759/757
f 759/759/757 684/684/682 760/760/758
f 684/684/682 686/686/684 760/760/758
f 760/760/758 686/686/684 761/761/759
f 686/686/684 685/685/683 761/761/759
f 761/761/759 685/685/683 766/766/764
f 685/685/683 712/712/710 766/766/764
f 766/766/764 712/712/710 767/767/765
f 712/712/710 711/711/709 767/767/765
f 767/767/765 711/711/709 768/768/766
f 711/711/709 715/715/713 768/768/766
f 769/769/767 768/768/766 715/715/713
f 714/714/712 769/769/767 715/715/713
f 769/769/767 714/714/712 731/731/729
f 714/714/712 713/713/711 731/731/729
f 731/731/729 713/713/711 730/730/728
f 713/713/711 710/710/708 730/730/728
f 778/778/776 779/779/777 780/780/778
f 781/781/779 778/778/776 780/780/778
f 779/779/777 778/778/776 726/726/724
f 727/727/725 779/779/777 726/726/724
f 779/779/777 727/727/725 456/456/456
f 779/779/777 456/456/456 780/780/778
f 727/727/725 464/464/464 456/456/456
f 464/464/464 727/727/725 721/721/719
f 464/464/464 721/721/719 720/720/718
f 462/462/462 464/464/464 720/720/718
f 456/456/456 455/455/455 780/780/778
f 782/782/780 783/783/781 784/784/782
f 785/785/783 782/782/780 784/784/782
f 783/783/781 782/782/780 786/786/784
f 782/782/780 787/787/785 786/786/784
f 788/788/786 782/782/780 785/785/783
f 789/789/787 788/788/786 785/785/783
f 790/790/788 788/788/786 789/789/787
f 791/791/789 790/790/788 789/789/787
f 788/788/786 790/790/788 792/792/790
f 782/782/780 788/788/786 792/792/790
f 787/787/785 782/782/780 792/792/790
f 790/790/788 793/793/791 792/792/790
f 794/794/792 790/790/788 791/791/789
f 795/795/793 794/794/792 791/791/789
f 790/790/788 794/794/792 796/796/794
f 793/793/791 790/790/788 796/796/794
f 797/797/795 794/794/792 795/795/793
f 796/796/794 794/794/792 797/797/795
f 798/798/796 797/797/795 795/795/793
f 799/799/797 797/797/795 798/798/796
f 800/800/798 799/799/797 798/798/796
f 797/797/795 799/799/797 801/801/799
f 801/801/799 796/796/794 797/797/795
f 799/799/797 802/802/800 801/801/799
f 783/783/781 786/786/784 803/803/801
f 804/804/802 783/783/781 803/803/801
f 804/804/802 803/803/801 805/805/803
f 806/806/804 804/804/802 805/805/803
f 804/804/802 806/806/804 807/807/805
f 808/808/806 804/804/802 807/807/805
f 783/783/781 804/804/802 808/808/806
f 784/784/782 783/783/781 808/808/806
f 791/791/789 809/809/807 795/795/793
f 791/791/789 789/789/787 809/809/807
f 809/809/807 810/810/808 795/795/793
f 795/795/793 810/810/808 798/798/796
f 809/809/807 811/811/809 810/810/808
f 811/811/809 812/812/810 810/810/808
f 809/809/807 813/813/811 811/811/809
f 789/789/787 813/813/811 809/809/807
f 813/813/811 814/814/812 811/811/809
f 815/815/813 814/814/812 813/813/811
f 816/816/814 815/815/813 813/813/811
f 816/816/814 813/813/811 789/789/787
f 816/816/814 817/817/815 815/815/813
f 784/784/782 817/817/815 816/816/814
f 817/817/815 784/784/782 808/808/806
f 817/817/815 818/818/816 815/815/813
f 810/810/808 812/812/810 819/819/817
f 820/820/818 810/810/808 819/819/817
f 810/810/808 820/820/818 798/798/796
f 819/819/817 821/821/819 820/820/818
f 821/821/819 822/822/820 820/820/818
f 820/820/818 822/822/820 798/798/796
f 818/818/816 817/817/815 823/823/821
f 823/823/821 817/817/815 808/808/806
f 824/824/822 818/818/816 823/823/821
f 825/825/823 824/824/822 823/823/821
f 826/826/824 825/825/823 823/823/821
f 826/826/824 823/823/821 808/808/806
f 807/807/805 826/826/824 808/808/806
f 819/819/817 827/827/825 821/821/819
f 827/827/825 819/819/817 812/812/810
f 827/827/825 828/828/826 821/821/819
f 827/827/825 829/829/827 828/828/826
f 829/829/827 827/827/825 830/830/828
f 829/829/827 830/830/828 831/831/829
f 832/832/830 829/829/827 831/831/829
f 829/829/827 832/832/830 828/828/826
f 833/833/831 832/832/830 831/831/829
f 834/834/832 833/833/831 831/831/829
f 835/835/833 834/834/832 831/831/829
f 836/836/834 835/835/833 831/831/829
f 837/837/835 836/836/834 831/831/829
f 830/830/828 837/837/835 831/831/829
f 837/837/835 830/830/828 838/838/836
f 839/839/837 837/837/835 838/838/836
f 836/836/834 837/837/835 839/839/837
f 839/839/837 838/838/836 840/840/838
f 838/838/836 841/841/839 840/840/838
f 841/841/839 842/842/840 840/840/838
f 842/842/840 843/843/841 840/840/838
f 842/842/840 844/844/842 843/843/841
f 844/844/842 845/845/843 843/843/841
f 846/846/844 840/840/838 843/843/841
f 840/840/838 846/846/844 839/839/837
f 847/847/845 846/846/844 843/843/841
f 847/847/845 843/843/841 845/845/843
f 848/848/846 847/847/845 845/845/843
f 849/849/847 836/836/834 839/839/837
f 846/846/844 849/849/847 839/839/837
f 845/845/843 844/844/842 850/850/848
f 848/848/846 845/845/843 850/850/848
f 844/844/842 851/851/849 850/850/848
f 851/851/849 852/852/850 850/850/848
f 852/852/850 853/853/851 850/850/848
f 853/853/851 854/854/852 850/850/848
f 854/854/852 855/855/853 850/850/848
f 855/855/853 848/848/846 850/850/848
f 851/851/849 844/844/842 856/856/854
f 857/857/855 851/851/849 856/856/854
f 851/851/849 857/857/855 852/852/850
f 857/857/855 858/858/856 852/852/850
f 844/844/842 842/842/840 859/859/857
f 856/856/854 844/844/842 859/859/857
f 841/841/839 838/838/836 860/860/858
f 861/861/859 841/841/839 860/860/858
f 861/861/859 859/859/857 842/842/840
f 841/841/839 861/861/859 842/842/840
f 838/838/836 830/830/828 862/862/860
f 860/860/858 838/838/836 862/862/860
f 827/827/825 862/862/860 830/830/828
f 862/862/860 827/827/825 812/812/810
f 860/860/858 862/862/860 812/812/810
f 811/811/809 860/860/858 812/812/810
f 861/861/859 860/860/858 811/811/809
f 814/814/812 861/861/859 811/811/809
f 861/861/859 814/814/812 815/815/813
f 859/859/857 861/861/859 815/815/813
f 856/856/854 859/859/857 815/815/813
f 818/818/816 856/856/854 815/815/813
f 857/857/855 856/856/854 818/818/816
f 824/824/822 857/857/855 818/818/816
f 857/857/855 824/824/822 825/825/823
f 858/858/856 857/857/855 825/825/823
f 855/855/853 863/863/861 848/848/846
f 863/863/861 855/855/853 854/854/852
f 863/863/861 864/864/862 848/848/846
f 863/863/861 865/865/863 864/864/862
f 865/865/863 863/863/861 866/866/864
f 866/866/864 863/863/861 854/854/852
f 867/867/865 865/865/863 866/866/864
f 868/868/866 865/865/863 867/867/865
f 869/869/867 868/868/866 867/867/865
f 868/868/866 869/869/867 870/870/868
f 871/871/869 868/868/866 870/870/868
f 872/872/870 871/871/869 870/870/868
f 865/865/863 873/873/871 864/864/862
f 873/873/871 865/865/863 868/868/866
f 864/864/862 873/873/871 874/874/872
f 873/873/871 875/875/873 874/874/872
f 874/874/872 875/875/873 876/876/874
f 877/877/875 874/874/872 876/876/874
f 878/878/876 877/877/875 876/876/874
f 879/879/877 878/878/876 876/876/874
f 878/878/876 879/879/877 880/880/878
f 881/881/879 878/878/876 880/880/878
f 880/880/878 879/879/877 882/882/880
f 883/883/881 880/880/878 882/882/880
f 876/876/874 875/875/873 884/884/882
f 884/884/882 882/882/880 879/879/877
f 876/876/874 884/884/882 879/879/877
f 875/875/873 885/885/883 884/884/882
f 875/875/873 873/873/871 885/885/883
f 882/882/880 886/886/884 883/883/881
f 882/882/880 884/884/882 886/886/884
f 872/872/870 886/886/884 887/887/885
f 884/884/882 887/887/885 886/886/884
f 887/887/885 884/884/882 885/885/883
f 886/886/884 888/888/886 883/883/881
f 886/886/884 889/889/887 888/888/886
f 873/873/871 890/890/888 885/885/883
f 890/890/888 873/873/871 868/868/866
f 890/890/888 868/868/866 871/871/869
f 885/885/883 890/890/888 891/891/889
f 891/891/889 890/890/888 871/871/869
f 872/872/870 891/891/889 871/871/869
f 872/872/870 892/892/890 891/891/889
f 892/892/890 885/885/883 891/891/889
f 892/892/890 887/887/885 885/885/883
f 872/872/870 887/887/885 892/892/890
f 881/881/879 880/880/878 893/893/891
f 893/893/891 880/880/878 883/883/881
f 894/894/892 881/881/879 893/893/891
f 895/895/893 894/894/892 893/893/891
f 896/896/894 895/895/893 893/893/891
f 896/896/894 893/893/891 897/897/895
f 897/897/895 893/893/891 883/883/881
f 897/897/895 883/883/881 888/888/886
f 898/898/896 896/896/894 897/897/895
f 898/898/896 897/897/895 899/899/897
f 889/889/887 899/899/897 900/900/898
f 897/897/895 900/900/898 899/899/897
f 900/900/898 897/897/895 888/888/886
f 889/889/887 900/900/898 888/888/886
f 894/894/892 895/895/893 835/835/833
f 895/895/893 834/834/832 835/835/833
f 836/836/834 881/881/879 894/894/892
f 835/835/833 836/836/834 894/894/892
f 836/836/834 849/849/847 881/881/879
f 849/849/847 878/878/876 881/881/879
f 878/878/876 849/849/847 846/846/844
f 877/877/875 878/878/876 846/846/844
f 846/846/844 847/847/845 877/877/875
f 847/847/845 874/874/872 877/877/875
f 864/864/862 874/874/872 847/847/845
f 848/848/846 864/864/862 847/847/845
f 896/896/894 901/901/899 895/895/893
f 901/901/899 902/902/900 895/895/893
f 889/889/887 903/903/901 899/899/897
f 899/899/897 903/903/901 904/904/902
f 898/898/896 899/899/897 904/904/902
f 904/904/902 901/901/899 896/896/894
f 898/898/896 904/904/902 896/896/894
f 902/902/900 901/901/899 905/905/903
f 901/901/899 906/906/904 905/905/903
f 905/905/903 906/906/904 907/907/905
f 906/906/904 908/908/906 907/907/905
f 908/908/906 909/909/907 907/907/905
f 909/909/907 910/910/908 907/907/905
f 910/910/908 909/909/907 911/911/909
f 909/909/907 912/912/910 911/911/909
f 911/911/909 912/912/910 913/913/911
f 914/914/912 911/911/909 913/913/911
f 915/915/913 908/908/906 906/906/904
f 916/916/914 915/915/913 906/906/904
f 916/916/914 906/906/904 901/901/899
f 904/904/902 916/916/914 901/901/899
f 909/909/907 917/917/915 912/912/910
f 908/908/906 915/915/913 917/917/915
f 909/909/907 908/908/906 917/917/915
f 917/917/915 918/918/916 912/912/910
f 912/912/910 918/918/916 913/913/911
f 915/915/913 916/916/914 919/919/917
f 915/915/913 919/919/917 917/917/915
f 919/919/917 920/920/918 889/889/887
f 916/916/914 920/920/918 919/919/917
f 920/920/918 916/916/914 904/904/902
f 903/903/901 920/920/918 904/904/902
f 889/889/887 920/920/918 903/903/901
f 918/918/916 921/921/919 913/913/911
f 922/922/920 921/921/919 918/918/916
f 923/923/921 922/922/920 918/918/916
f 924/924/922 922/922/920 923/923/921
f 924/924/922 925/925/923 919/919/917
f 919/919/917 925/925/923 917/917/915
f 918/918/916 917/917/915 925/925/923
f 923/923/921 918/918/916 925/925/923
f 924/924/922 923/923/921 925/925/923
f 914/914/912 913/913/911 926/926/924
f 927/927/925 914/914/912 926/926/924
f 928/928/926 927/927/925 926/926/924
f 929/929/927 928/928/926 926/926/924
f 929/929/927 926/926/924 930/930/928
f 930/930/928 926/926/924 913/913/911
f 921/921/919 930/930/928 913/913/911
f 931/931/929 929/929/927 930/930/928
f 932/932/930 931/931/929 930/930/928
f 933/933/931 932/932/930 930/930/928
f 924/924/922 932/932/930 933/933/931
f 933/933/931 930/930/928 921/921/919
f 922/922/920 933/933/931 921/921/919
f 924/924/922 933/933/931 922/922/920
f 934/934/932 914/914/912 927/927/925
f 934/934/932 935/935/933 914/914/912
f 934/934/932 936/936/934 935/935/933
f 936/936/934 937/937/935 935/935/933
f 937/937/935 936/936/934 938/938/936
f 939/939/937 937/937/935 938/938/936
f 940/940/938 937/937/935 939/939/937
f 941/941/939 940/940/938 939/939/937
f 937/937/935 940/940/938 942/942/940
f 935/935/933 937/937/935 942/942/940
f 940/940/938 941/941/939 943/943/941
f 944/944/942 940/940/938 943/943/941
f 940/940/938 944/944/942 942/942/940
f 944/944/942 943/943/941 945/945/943
f 943/943/941 946/946/944 945/945/943
f 944/944/942 945/945/943 947/947/945
f 948/948/946 944/944/942 947/947/945
f 944/944/942 948/948/946 942/942/940
f 945/945/943 949/949/947 947/947/945
f 949/949/947 945/945/943 946/946/944
f 949/949/947 950/950/948 947/947/945
f 950/950/948 949/949/947 834/834/832
f 949/949/947 833/833/831 834/834/832
f 833/833/831 949/949/947 832/832/830
f 949/949/947 951/951/949 832/832/830
f 951/951/949 949/949/947 946/946/944
f 936/936/934 952/952/950 938/938/936
f 952/952/950 936/936/934 934/934/932
f 952/952/950 953/953/951 938/938/936
f 953/953/951 952/952/950 954/954/952
f 952/952/950 955/955/953 954/954/952
f 955/955/953 952/952/950 956/956/954
f 952/952/950 957/957/955 956/956/954
f 957/957/955 952/952/950 934/934/932
f 958/958/956 938/938/936 953/953/951
f 959/959/957 958/958/956 953/953/951
f 953/953/951 954/954/952 959/959/957
f 954/954/952 960/960/958 959/959/957
f 958/958/956 961/961/959 938/938/936
f 961/961/959 939/939/937 938/938/936
f 939/939/937 961/961/959 962/962/960
f 941/941/939 939/939/937 962/962/960
f 962/962/960 963/963/961 941/941/939
f 963/963/961 943/943/941 941/941/939
f 964/964/962 946/946/944 943/943/941
f 963/963/961 964/964/962 943/943/941
f 946/946/944 964/964/962 965/965/963
f 951/951/949 946/946/944 965/965/963
f 828/828/826 832/832/830 951/951/949
f 965/965/963 828/828/826 951/951/949
f 821/821/819 828/828/826 965/965/963
f 966/966/964 821/821/819 965/965/963
f 966/966/964 967/967/965 821/821/819
f 967/967/965 822/822/820 821/821/819
f 967/967/965 966/966/964 968/968/966
f 966/966/964 969/969/967 968/968/966
f 969/969/967 966/966/964 965/965/963
f 964/964/962 969/969/967 965/965/963
f 969/969/967 964/964/962 963/963/961
f 968/968/966 969/969/967 970/970/968
f 970/970/968 969/969/967 963/963/961
f 970/970/968 963/963/961 962/962/960
f 971/971/969 968/968/966 970/970/968
f 971/971/969 970/970/968 972/972/970
f 970/970/968 973/973/971 972/972/970
f 973/973/971 970/970/968 962/962/960
f 972/972/970 973/973/971 974/974/972
f 974/974/972 973/973/971 962/962/960
f 961/961/959 974/974/972 962/962/960
f 974/974/972 961/961/959 958/958/956
f 975/975/973 972/972/970 974/974/972
f 975/975/973 974/974/972 976/976/974
f 974/974/972 977/977/975 976/976/974
f 977/977/975 974/974/972 958/958/956
f 978/978/976 976/976/974 977/977/975
f 979/979/977 978/978/976 977/977/975
f 978/978/976 979/979/977 980/980/978
f 981/981/979 978/978/976 980/980/978
f 977/977/975 958/958/956 959/959/957
f 979/979/977 977/977/975 959/959/957
f 980/980/978 979/979/977 959/959/957
f 960/960/958 980/980/978 959/959/957
f 982/982/980 968/968/966 971/971/969
f 983/983/981 982/982/980 971/971/969
f 982/982/980 983/983/981 984/984/982
f 983/983/981 985/985/983 984/984/982
f 983/983/981 986/986/984 985/985/983
f 971/971/969 972/972/970 986/986/984
f 983/983/981 971/971/969 986/986/984
f 986/986/984 972/972/970 975/975/973
f 986/986/984 987/987/985 985/985/983
f 987/987/985 988/988/986 985/985/983
f 988/988/986 989/989/987 985/985/983
f 986/986/984 990/990/988 987/987/985
f 990/990/988 986/986/984 975/975/973
f 990/990/988 991/991/989 987/987/985
f 988/988/986 987/987/985 991/991/989
f 990/990/988 992/992/990 991/991/989
f 975/975/973 976/976/974 992/992/990
f 990/990/988 975/975/973 992/992/990
f 992/992/990 993/993/991 991/991/989
f 993/993/991 994/994/992 991/991/989
f 994/994/992 995/995/993 991/991/989
f 995/995/993 988/988/986 991/991/989
f 996/996/994 984/984/982 985/985/983
f 989/989/987 996/996/994 985/985/983
f 982/982/980 984/984/982 997/997/995
f 997/997/995 984/984/982 996/996/994
f 998/998/996 982/982/980 997/997/995
f 982/982/980 998/998/996 968/968/966
f 998/998/996 997/997/995 799/799/797
f 800/800/798 998/998/996 799/799/797
f 997/997/995 999/999/997 799/799/797
f 999/999/997 997/997/995 996/996/994
f 999/999/997 802/802/800 799/799/797
f 1000/1000/998 994/994/992 993/993/991
f 1001/1001/999 1000/1000/998 993/993/991
f 1002/1002/1000 1000/1000/998 1001/1001/999
f 1003/1003/1001 1002/1002/1000 1001/1001/999
f 1004/1004/1002 1003/1003/1001 1001/1001/999
f 1005/1005/1003 1004/1004/1002 1001/1001/999
f 1005/1005/1003 1001/1001/999 993/993/991
f 992/992/990 1005/1005/1003 993/993/991
f 1005/1005/1003 992/992/990 976/976/974
f 978/978/976 1005/1005/1003 976/976/974
f 1005/1005/1003 978/978/976 981/981/979
f 1004/1004/1002 1005/1005/1003 981/981/979
f 998/998/996 800/800/798 822/822/820
f 822/822/820 800/800/798 798/798/796
f 967/967/965 998/998/996 822/822/820
f 998/998/996 967/967/965 968/968/966
f 1006/1006/1004 996/996/994 989/989/987
f 1000/1000/998 1006/1006/1004 994/994/992
f 1002/1002/1000 1006/1006/1004 1000/1000/998
f 999/999/997 1006/1006/1004 802/802/800
f 1006/1006/1004 999/999/997 996/996/994
f 988/988/986 1006/1006/1004 989/989/987
f 1006/1006/1004 988/988/986 995/995/993
f 994/994/992 1006/1006/1004 995/995/993
f 801/801/799 802/802/800 1007/1007/1005
f 1007/1007/1005 796/796/794 801/801/799
f 1007/1007/1005 793/793/791 796/796/794
f 792/792/790 793/793/791 1007/1007/1005
f 1007/1007/1005 787/787/785 792/792/790
f 786/786/784 787/787/785 1007/1007/1005
f 803/803/801 786/786/784 1007/1007/1005
f 805/805/803 803/803/801 1007/1007/1005
f 785/785/783 816/816/814 789/789/787
f 785/785/783 784/784/782 816/816/814
f 910/910/908 911/911/909 935/935/933
f 942/942/940 910/910/908 935/935/933
f 935/935/933 911/911/909 914/914/912
f 910/910/908 942/942/940 907/907/905
f 942/942/940 948/948/946 907/907/905
f 905/905/903 907/907/905 948/948/946
f 947/947/945 905/905/903 948/948/946
f 902/902/900 905/905/903 947/947/945
f 950/950/948 902/902/900 947/947/945
f 902/902/900 950/950/948 895/895/893
f 950/950/948 834/834/832 895/895/893
f 957/957/955 934/934/932 927/927/925
f 956/956/954 957/957/955 927/927/925
f 928/928/926 956/956/954 927/927/925
# Vertices: 1007, normals: 1005, texture coordinates: 1007, faces: 1682

# Object_0_1
o obj2
v 1.33769996 16.16460059 16.31569889
v 1.29089998 17.5750015 16.87539832
v 0 17.68520156 17.03159825
v 0 16.20100116 16.51219901
v 0 18.65550111 17.13879862
v 1.29840001 18.5814006 16.97639832
v 2.62000002 18.2704014 16.34539824
v 2.73889992 17.25330177 16.22479875
v 2.69639995 16.064201 15.78379897
v 1.34770004 14.94890119 15.22339917
v 0 14.9211016 15.41939861
v 2.67590005 15.0100004 14.8436982
v 1.30869998 14.16180086 13.45489961
v 0 14.07700135 13.60359831
v 2.64129993 14.36700027 13.32039874
v 3.79180014 14.66250072 13.16849926
v 3.77299972 15.15030076 14.44329952
v 3.81579995 17.89780079 15.59409811
v 3.93529981 16.96930049 15.50269893
v 3.87649983 15.95870073 15.14259903
v 0 18.99790148 17.14669919
v 0.75099999 19.00140176 17.07919842
v 1.22140003 19.25200052 16.68659899
v 0.74939998 19.3865014 16.899398
v 1.13329999 19.82280138 16.21339917
v 2.28840001 19.3813008 15.73379788
v 2.42650006 18.86140081 16.17399759
v 3.61230001 18.51940123 15.44269929
v 3.32310013 18.95960088 15.22039926
v 0.73499996 19.70310188 16.72679782
v 0 20.0348017 16.32289884
v 0 19.8388008 16.70219897
v 0.30999999 19.56990191 16.95989819
v 0 19.64790055 16.94439799
v 0.2909 19.44870183 17.01889785
v 0.20069999 19.28180138 17.07209799
v 0 19.20970063 17.1314985
v -0.73499996 19.70310188 16.72679782
v -1.13329999 19.82280138 16.21339917
v -0.74939998 19.3865014 16.899398
v -1.22140003 19.25200052 16.68659899
v -2.28840001 19.3813008 15.73379788
v -2.42650006 18.86140081 16.17399759
v -3.61230001 18.51940123 15.44269929
v -3.32310013 18.95960088 15.22039926
v -0.75099999 19.00140176 17.07919842
v -1.29840001 18.5814006 16.97639832
v -1.29089998 17.5750015 16.87539832
v -1.33769996 16.16460059 16.31569889
v -2.62000002 18.2704014 16.34539824
v -2.73889992 17.25330177 16.22479875
v -2.69639995 16.064201 15.78379897
v -1.34770004 14.94890119 15.22339917
v -2.67590005 15.0100004 14.8436982
v -1.30869998 14.16180086 13.45489961
v -2.64129993 14.36700027 13.32039874
v -3.79180014 14.66250072 13.16849926
v -3.77299972 15.15030076 14.44329952
v -3.81579995 17.89780079 15.59409811
v -3.93529981 16.96930049 15.50269893
v -3.87649983 15.95870073 15.14259903
v -0.20069999 19.28180138 17.07209799
v -0.2909 19.44870183 17.01889785
v -0.30999999 19.56990191 16.95989819
v 0.2076 19.57320104 17.04599859
v 0 19.63190118 17.07129777
v 0 19.47510074 17.15569796
v 0.2073 19.46320067 17.10439922
v 0 19.3129016 17.17069897
v 0.1359 19.33980117 17.12209883
v -0.2076 19.57320104 17.04599859
v -0.2073 19.46320067 17.10439922
v -0.1359 19.33980117 17.12209883
vn 0.19229 -0.51412 0.83589
vn 0.23219 -0.2479 0.94055
vn -0.01175 -0.25448 0.96701
vn -0.01179 -0.50749 0.86158
vn -0.01179 -0.10613 0.99428
vn 0.37623 0.08317 0.92278
vn 0.50838 0.15369 0.84731
vn 0.41355 -0.20878 0.88622
vn 0.31841 -0.49923 0.80584
vn 0.14538 -0.79758 0.58543
vn -0.00393 -0.79857 0.60189
vn 0.23119 -0.79538 0.56029
vn 0.12897 -0.94972 0.28529
vn -0.00394 -0.95552 0.29489
vn 0.2077 -0.94444 0.25474
vn 0.31707 -0.91986 0.23094
vn 0.34228 -0.77507 0.53114
vn 0.57883 0.16145 0.79931
vn 0.53315 -0.18562 0.82541
vn 0.45232 -0.46808 0.75915
vn -0.01185 -0.00394 0.99992
vn 0.28015 0.21703 0.9351
vn 0.48692 0.51067 0.7086
vn 0.42468 0.45643 0.78187
vn 0.3439 0.39928 0.84989
vn 0.48466 0.27185 0.83139
vn 0.51746 0.52536 0.67545
vn 0.54992 0.47869 0.68442
vn 0.51163 0.22609 0.82893
vn 0.29773 0.79001 0.53595
vn -0.01184 0.41377 0.9103
vn -0.01964 0.88381 0.46743
vn 0.20178 0.70819 0.67657
vn -0.02768 0.81873 0.57351
vn 0.25116 0.24319 0.9369
vn 0.18645 0.22611 0.95609
vn -0.14566 -0.35041 0.9252
vn -0.28738 0.80711 0.51575
vn -0.33564 0.4541 0.82531
vn -0.41327 0.43688 0.79897
vn -0.49291 0.5087 0.70588
vn -0.48677 0.28097 0.82711
vn -0.51746 0.52536 0.67545
vn -0.55413 0.49124 0.67203
vn -0.52226 0.23168 0.82071
vn -0.26397 0.20881 0.94166
vn -0.37375 0.07473 0.92451
vn -0.23961 -0.24747 0.9388
vn -0.19984 -0.51331 0.83461
vn -0.50838 0.15369 0.84731
vn -0.41287 -0.21627 0.88474
vn -0.32545 -0.49797 0.80381
vn -0.15305 -0.79665 0.58474
vn -0.239 -0.7875 0.56809
vn -0.13665 -0.94874 0.28499
vn -0.21518 -0.94289 0.25429
vn -0.30775 -0.92329 0.22986
vn -0.33328 -0.78023 0.52931
vn -0.57807 0.1691 0.79827
vn -0.52971 -0.18441 0.82789
vn -0.44437 -0.47586 0.759
vn -0.54029 -0.16955 0.82422
vn -0.6618 0.21795 0.7173
vn -0.18425 0.7331 0.65469
vn 0.46435 0.40083 0.78976
vn -0.11518 0.4804 0.86945
vn -0.11516 0.4804 0.86946
vn 0.46431 0.40083 0.78978
vn 0.20176 0.70821 0.67655
vn 0.25116 0.24318 0.9369
vn -0.0277 0.81875 0.57349
vn -0.115 0.1071 0.98758
vn 0.48629 -0.01189 0.87372
vn 0.18645 0.22615 0.95608
vn -0.14569 -0.35039 0.9252
vn -0.30427 0.43077 0.84962
vn -0.30428 0.43073 0.84964
vn -0.18424 0.7331 0.65469
vn -0.66181 0.21797 0.71729
vn -0.5403 -0.16958 0.82421
vn -0.32055 0.05145 0.94583
vt 0.69776 2.8047
vt 0.68653 2.87111
vt 0.49951 2.87111
vt 0.49951 2.8047
vt 0.49951 2.94532
vt 0.67969 2.94532
vt 0.92188 2.94532
vt 0.92188 2.87111
vt 0.92188 2.8047
vt 0.70606 2.77735
vt 0.5 2.77735
vt 0.92188 2.77735
vt 0.71094 2.75343
vt 0.5 2.75343
vt 0.92188 2.75343
vt 0.99219 2.75343
vt 0.99219 2.77735
vt 0.99219 2.94532
vt 0.99219 2.87111
vt 0.99219 2.8047
vt 0.49951 2.95314
vt 0.60157 2.95314
vt 0.67969 2.96876
vt 0.60157 2.96876
vt 0.67969 2.99611
vt 0.92188 2.99611
vt 0.92188 2.96876
vt 0.99219 2.96876
vt 0.99219 2.99611
vt 0.60157 2.98439
vt 0.49951 2.99611
vt 0.49951 2.98439
vt 0.53907 2.97657
vt 0.49951 2.97657
vt 0.53907 2.96827
vt 0.53907 2.96095
vt 0.49951 2.96095
vt 0.39844 2.98439
vt 0.32031 2.99611
vt 0.39844 2.96876
vt 0.32031 2.96876
vt 0.07813 2.99611
vt 0.07813 2.96876
vt 0.00781 2.96876
vt 0.00781 2.99611
vt 0.39844 2.95314
vt 0.32031 2.94532
vt 0.31299 2.87111
vt 0.30176 2.8047
vt 0.07813 2.94532
vt 0.07813 2.87111
vt 0.07813 2.8047
vt 0.29346 2.77735
vt 0.07813 2.77735
vt 0.28858 2.75343
vt 0.07813 2.75343
vt 0.00781 2.75343
vt 0.00781 2.77735
vt 0.00781 2.94532
vt 0.00781 2.87111
vt 0.00781 2.8047
vt 0.46094 2.96095
vt 0.46094 2.96876
vt 0.46094 2.97657
vt 0.51563 2.97218
vt 0.49951 2.97218
vt 0.49951 2.96876
vt 0.51563 2.96876
vt 0.49951 2.96486
vt 0.51563 2.96486
vt 0.48438 2.97218
vt 0.48438 2.96876
vt 0.48438 2.96486
usemtl mat1
f 1008/1008/1006 1009/1009/1007 1010/1010/1008
f 1011/1011/1009 1008/1008/1006 1010/1010/1008
f 1010/1010/1008 1009/1009/1007 1012/1012/1010
f 1009/1009/1007 1013/1013/1011 1012/1012/1010
f 1014/1014/1012 1013/1013/1011 1009/1009/1007
f 1015/1015/1013 1014/1014/1012 1009/1009/1007
f 1009/1009/1007 1008/1008/1006 1015/1015/1013
f 1008/1008/1006 1016/1016/1014 1015/1015/1013
f 1017/1017/1015 1008/1008/1006 1011/1011/1009
f 1018/1018/1016 1017/1017/1015 1011/1011/1009
f 1008/1008/1006 1017/1017/1015 1019/1019/1017
f 1016/1016/1014 1008/1008/1006 1019/1019/1017
f 1020/1020/1018 1017/1017/1015 1018/1018/1016
f 1017/1017/1015 1020/1020/1018 1019/1019/1017
f 1021/1021/1019 1020/1020/1018 1018/1018/1016
f 1020/1020/1018 1022/1022/1020 1019/1019/1017
f 1022/1022/1020 1023/1023/1021 1019/1019/1017
f 1023/1023/1021 1024/1024/1022 1019/1019/1017
f 1016/1016/1014 1019/1019/1017 1024/1024/1022
f 1025/1025/1023 1014/1014/1012 1015/1015/1013
f 1026/1026/1024 1025/1025/1023 1015/1015/1013
f 1015/1015/1013 1016/1016/1014 1027/1027/1025
f 1026/1026/1024 1015/1015/1013 1027/1027/1025
f 1027/1027/1025 1016/1016/1014 1024/1024/1022
f 1012/1012/1010 1013/1013/1011 1028/1028/1026
f 1013/1013/1011 1029/1029/1027 1028/1028/1026
f 1013/1013/1011 1030/1030/1028 1029/1029/1027
f 1030/1030/1028 1031/1031/1029 1029/1029/1027
f 1030/1030/1028 1032/1032/1030 1031/1031/1029
f 1033/1033/1031 1032/1032/1030 1030/1030/1028
f 1034/1034/1032 1033/1033/1031 1030/1030/1028
f 1034/1034/1032 1030/1030/1028 1013/1013/1011
f 1014/1014/1012 1034/1034/1032 1013/1013/1011
f 1014/1014/1012 1025/1025/1023 1034/1034/1032
f 1034/1034/1032 1035/1035/1033 1033/1033/1031
f 1025/1025/1023 1035/1035/1033 1034/1034/1032
f 1035/1035/1033 1036/1036/1034 1033/1033/1031
f 1032/1032/1030 1037/1037/1035 1031/1031/1029
f 1032/1032/1030 1038/1038/1036 1037/1037/1035
f 1038/1038/1036 1039/1039/1037 1037/1037/1035
f 1037/1037/1035 1039/1039/1037 1040/1040/1038
f 1039/1039/1037 1041/1041/1039 1040/1040/1038
f 1037/1037/1035 1040/1040/1038 1042/1042/1040
f 1031/1031/1029 1037/1037/1035 1042/1042/1040
f 1031/1031/1029 1042/1042/1040 1043/1043/1041
f 1029/1029/1027 1031/1031/1029 1043/1043/1041
f 1029/1029/1027 1043/1043/1041 1044/1044/1042
f 1028/1028/1026 1029/1029/1027 1044/1044/1042
f 1045/1045/1043 1039/1039/1037 1038/1038/1036
f 1046/1046/1044 1045/1045/1043 1038/1038/1036
f 1047/1047/1045 1045/1045/1043 1046/1046/1044
f 1048/1048/1046 1047/1047/1045 1046/1046/1044
f 1048/1048/1046 1046/1046/1044 1049/1049/1047
f 1050/1050/1048 1048/1048/1046 1049/1049/1047
f 1050/1050/1048 1049/1049/1047 1051/1051/1049
f 1049/1049/1047 1052/1052/1050 1051/1051/1049
f 1053/1053/1051 1047/1047/1045 1048/1048/1046
f 1028/1028/1026 1044/1044/1042 1053/1053/1051
f 1028/1028/1026 1053/1053/1051 1054/1054/1052
f 1054/1054/1052 1053/1053/1051 1048/1048/1046
f 1054/1054/1052 1048/1048/1046 1050/1050/1048
f 1012/1012/1010 1028/1028/1026 1054/1054/1052
f 1012/1012/1010 1054/1054/1052 1055/1055/1053
f 1010/1010/1008 1012/1012/1010 1055/1055/1053
f 1010/1010/1008 1055/1055/1053 1056/1056/1054
f 1011/1011/1009 1010/1010/1008 1056/1056/1054
f 1055/1055/1053 1054/1054/1052 1057/1057/1055
f 1057/1057/1055 1054/1054/1052 1050/1050/1048
f 1058/1058/1056 1055/1055/1053 1057/1057/1055
f 1055/1055/1053 1058/1058/1056 1056/1056/1054
f 1058/1058/1056 1059/1059/1057 1056/1056/1054
f 1011/1011/1009 1056/1056/1054 1060/1060/1058
f 1018/1018/1016 1011/1011/1009 1060/1060/1058
f 1061/1061/1059 1060/1060/1058 1056/1056/1054
f 1059/1059/1057 1061/1061/1059 1056/1056/1054
f 1018/1018/1016 1060/1060/1058 1062/1062/1060
f 1060/1060/1058 1061/1061/1059 1062/1062/1060
f 1021/1021/1019 1018/1018/1016 1062/1062/1060
f 1061/1061/1059 1063/1063/1061 1062/1062/1060
f 1063/1063/1061 1061/1061/1059 1064/1064/1062
f 1061/1061/1059 1065/1065/1063 1064/1064/1062
f 1065/1065/1063 1061/1061/1059 1059/1059/1057
f 1058/1058/1056 1057/1057/1055 1066/1066/1064
f 1050/1050/1048 1051/1051/1049 1066/1066/1064
f 1057/1057/1055 1050/1050/1048 1066/1066/1064
f 1067/1067/1065 1058/1058/1056 1066/1066/1064
f 1068/1068/1066 1059/1059/1057 1058/1058/1056
f 1067/1067/1065 1068/1068/1066 1058/1058/1056
f 1068/1068/1066 1065/1065/1063 1059/1059/1057
f 1053/1053/1051 1069/1069/1067 1047/1047/1045
f 1069/1069/1067 1070/1070/1068 1047/1047/1045
f 1047/1047/1045 1070/1070/1068 1045/1045/1043
f 1070/1070/1068 1071/1071/1069 1045/1045/1043
f 1045/1045/1043 1071/1071/1069 1039/1039/1037
f 1071/1071/1069 1041/1041/1039 1039/1039/1037
f 1044/1044/1042 1069/1069/1067 1053/1053/1051
f 1072/1072/1070 1073/1073/1071 1074/1074/1072
f 1075/1075/1073 1072/1072/1070 1074/1074/1072
f 1040/1040/1074 1072/1072/1070 1075/1075/1073
f 1042/1042/1075 1040/1040/1074 1075/1075/1073
f 1041/1041/1076 1073/1073/1071 1072/1072/1070
f 1040/1040/1074 1041/1041/1076 1072/1072/1070
f 1075/1075/1073 1074/1074/1072 1076/1076/1077
f 1077/1077/1078 1075/1075/1073 1076/1076/1077
f 1042/1042/1075 1075/1075/1073 1077/1077/1078
f 1043/1043/1079 1077/1077/1078 1076/1076/1077
f 1043/1043/1079 1042/1042/1075 1077/1077/1078
f 1044/1044/1080 1043/1043/1079 1076/1076/1077
f 1074/1074/1072 1073/1073/1071 1078/1078/1081
f 1078/1078/1081 1073/1073/1071 1041/1041/1076
f 1079/1079/1082 1074/1074/1072 1078/1078/1081
f 1076/1076/1077 1074/1074/1072 1079/1079/1082
f 1079/1079/1082 1078/1078/1081 1071/1071/1083
f 1071/1071/1083 1078/1078/1081 1041/1041/1076
f 1070/1070/1084 1079/1079/1082 1071/1071/1083
f 1044/1044/1080 1076/1076/1077 1069/1069/1085
f 1076/1076/1077 1080/1080/1086 1069/1069/1085
f 1080/1080/1086 1076/1076/1077 1079/1079/1082
f 1080/1080/1086 1079/1079/1082 1070/1070/1084
f 1069/1069/1085 1080/1080/1086 1070/1070/1084
# Vertices: 73, normals: 81, texture coordinates: 73, faces: 120

# Object_1_2
o obj3
v 2.33440008 23.02770132 15.02019887
v 2.24849992 21.13030074 15.46129872
v 3.35140005 20.96540146 14.86849776
v 3.40479985 22.93890079 14.5033983
v 2.40579993 24.82830098 14.53579775
v 3.44600007 24.74330174 14.0743982
v 3.32310013 18.95960088 15.22039926
v 2.28840001 19.3813008 15.73379788
v 4.53680009 18.73510143 14.54119839
v 4.5775 20.83150106 14.15689877
v 5.87409995 19.00010063 13.60899812
v 5.84100001 20.80720167 13.27789865
v 4.62340005 22.83480123 13.79429824
v 5.81130013 22.80980148 12.89679832
v 4.61070016 24.63940036 13.43639754
v 5.75570017 24.49860071 12.52609753
v 3.39040011 26.18960242 13.26079767
v 2.31829993 26.30800113 13.74129752
v 5.41980006 25.92270166 11.83669818
v 4.47279997 26.05830228 12.59549808
v 1.30249998 24.88640063 14.87879863
v 1.27020003 26.38370203 14.0395979
v 0 24.92650116 15.08119812
v 0 26.42140198 14.22809759
v 0 23.21760176 15.5880985
v 1.20829996 23.16520181 15.41709874
v 1.14160003 21.3312012 15.87389845
v 0 21.45670177 16.03849815
v 1.13329999 19.82280138 16.21339917
v 0 20.0348017 16.32289884
v -1.14160003 21.3312012 15.87389845
v -1.20829996 23.16520181 15.41709874
v -1.27020003 26.38370203 14.0395979
v -1.30249998 24.88640063 14.87879863
v -1.13329999 19.82280138 16.21339917
v -2.31829993 26.30800113 13.74129752
v -2.40579993 24.82830098 14.53579775
v -3.39040011 26.18960242 13.26079767
v -3.44600007 24.74330174 14.0743982
v -3.40479985 22.93890079 14.5033983
v -2.33440008 23.02770132 15.02019887
v -3.35140005 20.96540146 14.86849776
v -2.24849992 21.13030074 15.46129872
v -3.32310013 18.95960088 15.22039926
v -2.28840001 19.3813008 15.73379788
v -4.53680009 18.73510143 14.54119839
v -4.5775 20.83150106 14.15689877
v -5.87409995 19.00010063 13.60899812
v -5.84100001 20.80720167 13.27789865
v -4.62340005 22.83480123 13.79429824
v -5.81130013 22.80980148 12.89679832
v -4.61070016 24.63940036 13.43639754
v -5.75570017 24.49860071 12.52609753
v -5.41980006 25.92270166 11.83669818
v -4.47279997 26.05830228 12.59549808
vn 0.39156 0.20171 0.89777
vn 0.42967 0.1695 0.88693
vn 0.45345 0.14589 0.87926
vn 0.4223 0.21705 0.88009
vn 0.35234 0.35235 0.86701
vn 0.44488 0.33465 0.83072
vn 0.5248 0.28806 0.801
vn 0.48729 0.32091 0.81213
vn 0.54231 0.21773 0.81147
vn 0.57193 0.13805 0.8086
vn 0.70818 0.13847 0.69233
vn 0.70817 0.13846 0.69233
vn 0.6219 0.20203 0.75658
vn 0.72656 0.14531 0.67156
vn 0.54842 0.32748 0.76941
vn 0.71945 0.30272 0.6251
vn 0.4236 0.57407 0.70072
vn 0.32603 0.58527 0.7424
vn 0.65839 0.53221 0.53224
vn 0.51674 0.5562 0.65086
vn 0.22496 0.38284 0.89601
vn 0.19367 0.59684 0.77864
vn -0.02756 0.39757 0.91716
vn -0.02757 0.61043 0.79159
vn -0.02776 0.2657 0.96366
vn 0.2493 0.24139 0.93786
vn 0.27329 0.20994 0.93874
vn -0.02758 0.22478 0.97402
vn 0.39165 0.46287 0.79521
vn -0.03542 0.39748 0.91693
vn -0.25662 0.20924 0.94359
vn -0.23963 0.24746 0.9388
vn -0.19367 0.59684 0.77864
vn -0.21747 0.38353 0.89756
vn -0.3266 0.43679 0.83818
vn -0.33454 0.57855 0.74388
vn -0.35925 0.35135 0.86458
vn -0.43007 0.57211 0.69838
vn -0.45116 0.33346 0.82781
vn -0.42798 0.22383 0.87563
vn -0.3982 0.20107 0.89499
vn -0.45966 0.14536 0.87612
vn -0.43606 0.16894 0.88392
vn -0.53049 0.28685 0.79769
vn -0.49329 0.31965 0.80901
vn -0.54786 0.21679 0.80799
vn -0.5772 0.13743 0.80495
vn -0.69644 0.1377 0.70428
vn -0.69642 0.13771 0.7043
vn -0.62671 0.20103 0.75288
vn -0.71514 0.14458 0.68387
vn -0.55394 0.32607 0.76605
vn -0.71206 0.30293 0.63341
vn -0.65554 0.52206 0.54563
vn -0.51674 0.5562 0.65086
vt 0.64795 1.89014
vt 0.64844 1.8169
vt 0.75245 1.81885
vt 0.74854 1.89161
vt 0.64893 1.96094
vt 0.74903 1.96094
vt 0.76465 1.75342
vt 0.67139 1.75342
vt 0.86182 1.75342
vt 0.8667 1.82081
vt 0.99219 1.75342
vt 0.99219 1.82374
vt 0.86719 1.89307
vt 0.99219 1.89795
vt 0.86475 1.96094
vt 0.99219 1.96094
vt 0.76319 1.9961
vt 0.65186 1.9961
vt 0.99219 1.9961
vt 0.88135 1.9961
vt 0.54688 1.96094
vt 0.54688 1.9961
vt 0.49951 1.96094
vt 0.49951 1.9961
vt 0.49951 1.89063
vt 0.54688 1.89063
vt 0.54688 1.8169
vt 0.49951 1.81836
vt 0.54688 1.75342
vt 0.49951 1.75342
vt 0.45313 1.8169
vt 0.45313 1.89063
vt 0.45313 1.9961
vt 0.45313 1.96094
vt 0.45313 1.75342
vt 0.34766 1.9961
vt 0.35059 1.96094
vt 0.23633 1.9961
vt 0.25049 1.96094
vt 0.25098 1.89161
vt 0.35156 1.89014
vt 0.24707 1.81885
vt 0.35108 1.8169
vt 0.23486 1.75342
vt 0.32813 1.75342
vt 0.1377 1.75342
vt 0.13281 1.82081
vt 0.00781 1.75342
vt 0.00781 1.82374
vt 0.13233 1.89307
vt 0.00781 1.89795
vt 0.13477 1.96094
vt 0.00781 1.96094
vt 0.00781 1.9961
vt 0.11816 1.9961
usemtl mat2
f 1081/1081/1087 1082/1082/1088 1083/1083/1089
f 1084/1084/1090 1081/1081/1087 1083/1083/1089
f 1085/1085/1091 1081/1081/1087 1084/1084/1090
f 1086/1086/1092 1085/1085/1091 1084/1084/1090
f 1083/1083/1089 1082/1082/1088 1087/1087/1093
f 1082/1082/1088 1088/1088/1094 1087/1087/1093
f 1083/1083/1089 1087/1087/1093 1089/1089/1095
f 1090/1090/1096 1083/1083/1089 1089/1089/1095
f 1084/1084/1090 1083/1083/1089 1090/1090/1096
f 1090/1090/1096 1089/1089/1095 1091/1091/1097
f 1092/1092/1098 1090/1090/1096 1091/1091/1097
f 1093/1093/1099 1090/1090/1096 1092/1092/1098
f 1093/1093/1099 1084/1084/1090 1090/1090/1096
f 1086/1086/1092 1084/1084/1090 1093/1093/1099
f 1094/1094/1100 1093/1093/1099 1092/1092/1098
f 1095/1095/1101 1093/1093/1099 1094/1094/1100
f 1095/1095/1101 1086/1086/1092 1093/1093/1099
f 1096/1096/1102 1095/1095/1101 1094/1094/1100
f 1086/1086/1092 1097/1097/1103 1085/1085/1091
f 1097/1097/1103 1098/1098/1104 1085/1085/1091
f 1096/1096/1102 1099/1099/1105 1095/1095/1101
f 1099/1099/1105 1100/1100/1106 1095/1095/1101
f 1100/1100/1106 1097/1097/1103 1086/1086/1092
f 1095/1095/1101 1100/1100/1106 1086/1086/1092
f 1085/1085/1091 1098/1098/1104 1101/1101/1107
f 1098/1098/1104 1102/1102/1108 1101/1101/1107
f 1101/1101/1107 1102/1102/1108 1103/1103/1109
f 1102/1102/1108 1104/1104/1110 1103/1103/1109
f 1103/1103/1109 1105/1105/1111 1101/1101/1107
f 1105/1105/1111 1106/1106/1112 1101/1101/1107
f 1106/1106/1112 1081/1081/1087 1085/1085/1091
f 1101/1101/1107 1106/1106/1112 1085/1085/1091
f 1106/1106/1112 1105/1105/1111 1107/1107/1113
f 1081/1081/1087 1106/1106/1112 1107/1107/1113
f 1082/1082/1088 1081/1081/1087 1107/1107/1113
f 1105/1105/1111 1108/1108/1114 1107/1107/1113
f 1107/1107/1113 1108/1108/1114 1109/1109/1115
f 1082/1082/1088 1107/1107/1113 1109/1109/1115
f 1108/1108/1114 1110/1110/1116 1109/1109/1115
f 1088/1088/1094 1082/1082/1088 1109/1109/1115
f 1111/1111/1117 1108/1108/1114 1105/1105/1111
f 1112/1112/1118 1111/1111/1117 1105/1105/1111
f 1103/1103/1109 1104/1104/1110 1113/1113/1119
f 1114/1114/1120 1103/1103/1109 1113/1113/1119
f 1114/1114/1120 1112/1112/1118 1105/1105/1111
f 1103/1103/1109 1114/1114/1120 1105/1105/1111
f 1115/1115/1121 1110/1110/1116 1108/1108/1114
f 1111/1111/1117 1115/1115/1121 1108/1108/1114
f 1114/1114/1120 1113/1113/1119 1116/1116/1122
f 1117/1117/1123 1114/1114/1120 1116/1116/1122
f 1114/1114/1120 1117/1117/1123 1112/1112/1118
f 1117/1117/1123 1116/1116/1122 1118/1118/1124
f 1119/1119/1125 1117/1117/1123 1118/1118/1124
f 1119/1119/1125 1120/1120/1126 1117/1117/1123
f 1120/1120/1126 1121/1121/1127 1117/1117/1123
f 1117/1117/1123 1121/1121/1127 1112/1112/1118
f 1111/1111/1117 1112/1112/1118 1121/1121/1127
f 1120/1120/1126 1122/1122/1128 1121/1121/1127
f 1122/1122/1128 1123/1123/1129 1121/1121/1127
f 1123/1123/1129 1111/1111/1117 1121/1121/1127
f 1115/1115/1121 1111/1111/1117 1123/1123/1129
f 1122/1122/1128 1124/1124/1130 1123/1123/1129
f 1124/1124/1130 1125/1125/1131 1123/1123/1129
f 1125/1125/1131 1115/1115/1121 1123/1123/1129
f 1126/1126/1132 1124/1124/1130 1122/1122/1128
f 1127/1127/1133 1126/1126/1132 1122/1122/1128
f 1127/1127/1133 1122/1122/1128 1120/1120/1126
f 1128/1128/1134 1126/1126/1132 1127/1127/1133
f 1129/1129/1135 1128/1128/1134 1127/1127/1133
f 1129/1129/1135 1127/1127/1133 1130/1130/1136
f 1130/1130/1136 1127/1127/1133 1120/1120/1126
f 1130/1130/1136 1120/1120/1126 1119/1119/1125
f 1131/1131/1137 1129/1129/1135 1130/1130/1136
f 1131/1131/1137 1130/1130/1136 1132/1132/1138
f 1132/1132/1138 1130/1130/1136 1119/1119/1125
f 1133/1133/1139 1131/1131/1137 1132/1132/1138
f 1133/1133/1139 1132/1132/1138 1134/1134/1140
f 1132/1132/1138 1135/1135/1141 1134/1134/1140
f 1119/1119/1125 1118/1118/1124 1135/1135/1141
f 1132/1132/1138 1119/1119/1125 1135/1135/1141
# Vertices: 55, normals: 55, texture coordinates: 55, faces: 80

# Object_2_3
o obj4
v 4.05629985 27.64110052 11.03599757
v 4.84080017 27.35329946 10.54259779
v 4.92839999 28.02830122 10.84579763
v 4.32489999 27.83089944 9.02909799
v 4.1627001 27.90130154 9.96509803
v 4.02869992 28.12090001 10.67839798
v 3.57059985 28.36999966 9.6160979
v 3.61040011 28.49160213 10.32909759
v 2.80409995 28.53629958 9.43879791
v 2.8523 28.63439995 10.25389813
v 3.90090011 28.63320201 11.73909761
v 4.00159992 28.0456015 11.25339803
v 3.31339985 28.28580228 11.4685976
v 3.11190002 28.77760022 11.76609776
v 2.71509998 28.36659937 11.64799789
v 2.93999985 27.89299873 11.49529753
v 3.61000001 28.13990182 8.69039755
v 3.71150002 27.93929929 7.22649781
v 4.49220017 27.58930086 7.76549816
v 4.2084001 27.35730156 5.92589805
v 2.84099989 27.74829904 5.25569781
v 2.47239992 28.13369978 6.44999754
v 1.38919996 27.98660136 4.81889782
v 1.22330002 28.33400117 6.10119785
v 0 28.4172003 5.92849785
v 0 28.07430064 4.67519772
v 5.35430014 26.86940188 7.17779791
v 5.01930006 27.29429967 8.72679817
v 2.8004 28.22029947 7.73709799
v 2.8221 28.38090126 8.4811979
v 2.07649991 28.64089969 8.37659769
v 2.12099999 28.42270192 7.42509747
v 1.13150002 28.5860991 7.20639758
v 1.09630004 28.79740063 8.32679799
v 0 28.88650063 8.31749743
v 0 28.67370004 7.17069812
v 2.05649994 28.85159921 9.36619794
v 1.0857 29.02050089 9.36619793
v 0 29.10710048 9.36619792
v 2.02599987 29.02970093 10.2249973
v 1.99510008 29.32739937 11.0358976
v 2.36380007 29.16390086 11.09879765
v 1.5075 29.14519984 10.26939753
v 1.62010007 29.39590001 11.09539794
v 1.97870005 29.79890202 12.4187976
v 2.39119995 28.96899969 11.95299779
v 1.06849996 28.96840055 10.38999786
v 0.63740001 29.32449955 10.33929812
v 1.38119999 29.06860203 11.87789742
v 1.09609999 29.4676015 12.07529754
v 0.74629998 29.08029944 11.91439782
v 1.04059996 28.23810072 12.03649799
v 1.94550008 29.01330085 12.08109786
v 1.98849998 28.11070174 11.80739787
v 0.37120001 29.64470174 11.35339737
v 0 29.3865003 10.30349808
v 0 29.71920158 11.24089806
v 0 30.19690012 12.48189802
v 0.4586 29.53040094 11.96779758
v 0.37799999 29.34579941 12.14509757
v 0 28.27430161 12.08819757
v 0 29.37260065 12.2978978
v 1.1411 27.66760089 12.8358984
v 0 27.72290208 12.96279817
v 2.13520005 27.56069993 12.54659832
v 3.16709988 27.39490064 12.11619766
v 4.18090001 27.23270146 11.58939767
v 4.95980009 27.05639982 10.99109818
v 5.18909991 27.17959954 9.73769817
v 5.43880016 26.92970115 10.33279767
v 2.31829993 26.30800113 13.74129752
v 3.39040011 26.18960242 13.26079767
v 0 26.42140198 14.22809759
v 1.27020003 26.38370203 14.0395979
v 5.41980006 25.92270166 11.83669818
v 6.16590008 25.77920042 10.82949816
v 6.55490011 24.35800072 11.3590982
v 5.75570017 24.49860071 12.52609753
v 6.61130026 22.81520157 11.68969846
v 5.81130013 22.80980148 12.89679832
v 6.68440014 20.99240066 12.0153985
v 5.84100001 20.80720167 13.27789865
v 6.7253001 19.55780032 12.23399789
v 5.87409995 19.00010063 13.60899812
v 4.47279997 26.05830228 12.59549808
v 7.10339993 19.80250112 10.73969826
v 7.04339966 21.18510087 10.46269823
v 7.02380016 22.79810087 10.0772982
v 6.87209964 24.32400062 9.79569818
v 6.39230013 25.62320006 9.46569771
v 5.6423001 26.85090079 9.69039819
v 5.59499972 26.82910031 8.73259774
v 6.04370013 26.23490161 8.78329824
v 6.26379997 25.84660113 7.9192984
v 5.7209 26.10430166 5.87289807
v 4.69110012 26.59470177 4.75129806
v 4.95489985 25.20540086 3.63529805
v 5.99579997 24.88469966 5.02459815
v 6.14239983 23.09460077 4.41209835
v 5.02769984 23.23960088 2.95069825
v 6.2819995 21.28220085 4.43319853
v 5.15439995 21.18179969 2.8398984
v 5.21669984 19.22079945 3.27559862
v 6.329 19.55210006 4.75179852
v 6.22429997 25.7436996 6.94379836
v 6.83699995 24.61040074 7.14489781
v 6.63099959 24.65380032 6.4209979
v 7.09360018 22.83989995 7.74789802
v 6.8723999 22.95760111 6.03699809
v 6.95279986 21.34510026 6.05189825
v 7.23629966 21.3615006 7.65009808
v 6.99680001 19.78050071 6.27219826
v 7.30519965 19.93320047 7.80299826
v 7.30070025 19.94560133 9.27709861
v 7.21189976 21.29420111 9.08439818
v 3.66990007 18.96090076 2.08359851
v 3.55059989 21.12129939 1.59899843
v 1.89820006 18.78190051 1.4064986
v 1.74630005 21.11070014 0.87279844
v 1.73579995 23.54180076 1.05929821
v 3.50419991 23.40019955 1.8117982
v 3.46020013 25.53800066 2.55659812
v 1.63809992 25.76999976 1.83539811
v 1.50599992 27.28819873 3.44059783
v 3.28439996 27.01640159 3.94379777
v 0 21.11070012 0.6076984
v 0 18.69740047 1.11009859
v 0 23.63130009 0.80839822
v 0 25.87679935 1.62189799
v 0 27.39099885 3.23919782
v 7.09069967 22.73570069 8.95229853
v 7.09289983 18.69130068 10.9238983
v 6.7553997 18.519401 12.42529834
v 5.89099973 18.19980099 13.69689864
v 4.77579981 18.3029007 14.64239817
v 4.53680009 18.73510143 14.54119839
v 3.61230001 18.51940123 15.44269929
v 3.32310013 18.95960088 15.22039926
v 7.25879967 18.74870133 9.47759829
v 7.26089999 18.66630079 8.07179891
v 6.95860013 18.36080005 6.67379881
v 6.26420006 17.97000061 5.33719858
v 5.13579994 17.50770093 4.06769866
v 3.61730009 17.16550015 2.98599862
v 1.86429992 16.94729942 2.35849863
v 0 16.84640065 2.0577988
v 4.99699973 17.63930134 14.73899798
v 3.81579995 17.89780079 15.59409811
v 3.93529981 16.96930049 15.50269893
v 5.00579998 16.70850179 14.65229862
v 5.97640015 17.44700028 13.67119866
v 5.82920015 16.52970118 13.53559816
v 6.67319968 17.48770122 12.37739863
v 6.39370009 16.5322015 12.22369844
v 5.3638 15.67860048 13.29329939
v 5.82059994 15.62080027 12.0206985
v 4.78399992 15.83110053 14.35849845
v 4.71610017 15.04510144 13.0953986
v 4.48129997 15.26650147 13.99969939
v 4.98269983 14.93030131 11.81909851
v 3.79180014 14.66250072 13.16849926
v 3.92609984 14.45600032 11.73089857
v 2.64129993 14.36700027 13.32039874
v 2.69959997 14.10190105 11.73139928
v 1.36150001 13.87610078 11.80939868
v 1.30869998 14.16180086 13.45489961
v 0 13.78170044 11.99609906
v 0 14.07700135 13.60359831
v 3.77299972 15.15030076 14.44329952
v 3.87649983 15.95870073 15.14259903
v 0 13.66260128 10.12879879
v 1.3917 13.76450137 10.02459869
v 2.80259997 14.00480048 10.01579879
v 4.11969982 14.39780074 10.1553988
v 5.30220009 14.93210126 10.37869862
v 6.1933998 15.69710007 10.63859866
v 6.69870004 16.61620073 10.86809882
v 6.98769987 17.59120011 10.96039878
v 7.12710023 17.65120102 9.61089895
v 6.85219988 16.74360109 9.61459898
v 6.38689995 15.93290042 9.29709851
v 5.55370003 15.17790027 8.87819861
v 4.33260016 14.57140063 8.48529899
v 2.90959999 14.14980056 8.15759865
v 1.41669996 13.87810023 8.05099874
v 0 13.77960057 8.07479888
v 2.98209991 14.55780016 6.14499861
v 1.37959998 14.35250089 5.91899868
v 5.82120009 15.67760017 7.41769851
v 4.57599983 15.08560083 6.74879884
v 1.71889998 15.38240045 3.88909872
v 3.36740017 15.62090102 4.37029892
v 4.88579981 16.07140045 5.28529873
v 6.08979985 16.60800027 6.23859861
v 7.11269975 17.56570105 8.41169895
v 6.91130012 16.84740102 8.7020988
v 6.54660016 16.37350084 8.11479862
v 6.80669993 17.15960111 7.29519893
v 0 14.26300004 5.83999869
v 0 15.29060032 3.46209887
v -1.37959998 14.35250089 5.91899868
v -1.41669996 13.87810023 8.05099874
v -1.3917 13.76450137 10.02459869
v -1.36150001 13.87610078 11.80939868
v -1.30869998 14.16180086 13.45489961
v -2.64129993 14.36700027 13.32039874
v -2.69959997 14.10190105 11.73139928
v -3.92609984 14.45600032 11.73089857
v -3.79180014 14.66250072 13.16849926
v -4.98269983 14.93030131 11.81909851
v -4.71610017 15.04510144 13.0953986
v -5.82059994 15.62080027 12.0206985
v -5.3638 15.67860048 13.29329939
v -6.39370009 16.5322015 12.22369844
v -5.82920015 16.52970118 13.53559816
v -6.67319968 17.48770122 12.37739863
v -5.97640015 17.44700028 13.67119866
v -5.00579998 16.70850179 14.65229862
v -4.78399992 15.83110053 14.35849845
v -4.99699973 17.63930134 14.73899798
v -4.48129997 15.26650147 13.99969939
v -3.77299972 15.15030076 14.44329952
v -3.87649983 15.95870073 15.14259903
v -3.93529981 16.96930049 15.50269893
v -3.81579995 17.89780079 15.59409811
v -2.80259997 14.00480048 10.01579879
v -4.11969982 14.39780074 10.1553988
v -5.30220009 14.93210126 10.37869862
v -6.1933998 15.69710007 10.63859866
v -6.69870004 16.61620073 10.86809882
v -6.98769987 17.59120011 10.96039878
v -7.12710023 17.65120102 9.61089895
v -6.85219988 16.74360109 9.61459898
v -6.38689995 15.93290042 9.29709851
v -5.55370003 15.17790027 8.87819861
v -4.33260016 14.57140063 8.48529899
v -2.90959999 14.14980056 8.15759865
v -2.98209991 14.55780016 6.14499861
v -5.82120009 15.67760017 7.41769851
v -4.57599983 15.08560083 6.74879884
v -1.71889998 15.38240045 3.88909872
v -3.36740017 15.62090102 4.37029892
v -4.88579981 16.07140045 5.28529873
v -6.08979985 16.60800027 6.23859861
v -7.11269975 17.56570105 8.41169895
v -6.91130012 16.84740102 8.7020988
v -6.54660016 16.37350084 8.11479862
v -6.80669993 17.15960111 7.29519893
v -7.09289983 18.69130068 10.9238983
v -6.7553997 18.519401 12.42529834
v -7.10339993 19.80250112 10.73969826
v -6.7253001 19.55780032 12.23399789
v -6.68440014 20.99240066 12.0153985
v -5.84100001 20.80720167 13.27789865
v -5.81130013 22.80980148 12.89679832
v -6.61130026 22.81520157 11.68969846
v -5.75570017 24.49860071 12.52609753
v -6.55490011 24.35800072 11.3590982
v -5.41980006 25.92270166 11.83669818
v -6.16590008 25.77920042 10.82949816
v -5.43880016 26.92970115 10.33279767
v -4.95980009 27.05639982 10.99109818
v -5.18909991 27.17959954 9.73769817
v -4.84080017 27.35329946 10.54259779
v -4.05629985 27.64110052 11.03599757
v -4.92839999 28.02830122 10.84579763
v -4.32489999 27.83089944 9.02909799
v -4.1627001 27.90130154 9.96509803
v -4.02869992 28.12090001 10.67839798
v -3.57059985 28.36999966 9.6160979
v -3.61040011 28.49160213 10.32909759
v -2.80409995 28.53629958 9.43879791
v -2.8523 28.63439995 10.25389813
v -3.90090011 28.63320201 11.73909761
v -4.00159992 28.0456015 11.25339803
v -3.31339985 28.28580228 11.4685976
v -3.11190002 28.77760022 11.76609776
v -2.71509998 28.36659937 11.64799789
v -2.93999985 27.89299873 11.49529753
v -3.61000001 28.13990182 8.69039755
v -3.71150002 27.93929929 7.22649781
v -4.49220017 27.58930086 7.76549816
v -4.2084001 27.35730156 5.92589805
v -2.84099989 27.74829904 5.25569781
v -2.47239992 28.13369978 6.44999754
v -1.38919996 27.98660136 4.81889782
v -1.22330002 28.33400117 6.10119785
v -5.35430014 26.86940188 7.17779791
v -5.01930006 27.29429967 8.72679817
v -2.8004 28.22029947 7.73709799
v -2.8221 28.38090126 8.4811979
v -2.07649991 28.64089969 8.37659769
v -2.12099999 28.42270192 7.42509747
v -1.13150002 28.5860991 7.20639758
v -1.09630004 28.79740063 8.32679799
v -2.05649994 28.85159921 9.36619794
v -1.0857 29.02050089 9.36619793
v -2.02599987 29.02970093 10.2249973
v -1.99510008 29.32739937 11.0358976
v -2.36380007 29.16390086 11.09879765
v -1.5075 29.14519984 10.26939753
v -1.62010007 29.39590001 11.09539794
v -1.97870005 29.79890202 12.4187976
v -2.39119995 28.96899969 11.95299779
v -1.06849996 28.96840055 10.38999786
v -0.63740001 29.32449955 10.33929812
v -1.38119999 29.06860203 11.87789742
v -1.09609999 29.4676015 12.07529754
v -0.74629998 29.08029944 11.91439782
v -1.04059996 28.23810072 12.03649799
v -1.94550008 29.01330085 12.08109786
v -1.98849998 28.11070174 11.80739787
v -0.37120001 29.64470174 11.35339737
v -0.4586 29.53040094 11.96779758
v -0.37799999 29.34579941 12.14509757
v -1.1411 27.66760089 12.8358984
v -2.13520005 27.56069993 12.54659832
v -3.16709988 27.39490064 12.11619766
v -4.18090001 27.23270146 11.58939767
v -2.31829993 26.30800113 13.74129752
v -3.39040011 26.18960242 13.26079767
v -1.27020003 26.38370203 14.0395979
v -4.47279997 26.05830228 12.59549808
v 6.87109977 24.61970058 7.42569827
v 6.38479963 25.70140125 8.09969783
v 7.34520033 26.9030994 7.71239793
v 8.22120011 25.47290078 6.73969792
v 9.72149968 26.34140003 6.30949835
v 8.56209993 27.98520084 7.38059816
v 6.79230019 26.91010005 8.79779776
v 6.18069991 26.00739962 8.75099776
v 8.00670013 28.34529943 8.73329798
v 8.68280008 27.87770099 8.69649811
v 7.37460032 26.40900082 8.80139792
v 9.01769996 27.3738003 8.18819793
v 7.72750005 26.12530056 8.31719812
v 6.55929968 25.44460066 8.90929805
v 6.63219988 25.21770063 8.34749821
v 8.20999965 25.41999878 8.05149781
v 9.67589989 26.32229983 7.76019792
v 10.24269983 25.19159974 8.09549797
v 8.55759978 24.61420062 8.29079785
v 10.458 24.61739991 8.43579807
v 8.66219997 24.17760109 8.62989839
v 8.78940001 23.45110094 8.62989845
v 10.67780033 23.89880035 8.43329845
v 10.3978999 24.78510047 7.23809785
v 8.80199969 24.12030009 7.59059828
v 8.22120011 25.47290078 6.73969792
v 7.06970021 23.38780076 7.99159827
v 6.87109977 24.61970058 7.42569827
v 9.72149968 26.34140003 6.30949835
v 7.07689971 23.11050064 8.79949827
v 7.00870007 23.89150031 8.88529836
v 7.05780014 23.96850053 8.38569818
v 6.89809993 24.5771012 8.31539818
v 6.74630031 24.94600033 8.55059808
v 6.93380013 24.30000221 8.53739793
v 6.86329976 24.67470087 8.83709826
v 7.59890005 25.2404011 8.79709828
v 7.56909996 25.4076994 8.62729805
v 7.47229978 25.5694992 8.80509794
v 6.72629997 24.96230075 9.17399784
v 7.49339983 25.41379996 8.93989833
v 7.82589987 25.55140025 8.77289803
v 7.5172998 24.63880098 8.76449831
v 7.57320002 24.54090034 8.62049797
v 7.72370026 24.59110088 8.73899796
v 7.57009983 24.41150016 8.76409823
v 6.92159981 24.2982007 9.14749841
v 7.51629993 24.50960048 8.89959821
v 6.87209964 24.32400062 9.79569818
v 7.09069967 22.73570069 8.95229853
v 7.09360018 22.83989995 7.74789802
v 6.83699995 24.61040074 7.14489781
v 7.02380016 22.79810087 10.0772982
v 6.39230013 25.62320006 9.46569771
v 6.04370013 26.23490161 8.78329824
v 6.26379997 25.84660113 7.9192984
v 6.83699995 24.61040074 7.14489781
v 17.31439978 31.79709956 5.88819741
v 17.80450046 32.55519912 6.02099724
v 16.17629975 32.01200118 6.57909792
v 16.52459949 31.15899907 6.11939754
v 18.16550046 31.95299849 5.95519748
v 17.01209992 30.44099856 6.44929775
v 18.77450049 32.84570022 5.72959756
v 16.02240056 32.6532995 6.99469722
v 18.13060045 33.3357011 6.2011973
v 15.88310003 33.42779927 6.89609767
v 17.93639958 34.10500036 6.14439737
v 17.97990054 33.47390036 5.29819735
v 19.92910057 34.67440049 5.2816972
v 19.9048996 34.24260057 4.87719739
v 20.02950013 33.85770058 4.67529749
v 18.35699975 32.57679976 4.90869746
v 16.08549953 32.69949897 5.7323975
v 16.73489958 31.29600027 5.13879756
v 20.07029951 33.81660025 5.34629753
v 18.88599992 31.90830096 5.89449761
v 20.67909986 33.23569932 5.10059754
v 19.40799952 31.46379932 5.78559772
v 20.35319954 33.47440101 4.87299719
v 18.90019923 31.821299 5.32259775
v 18.35699975 32.57679976 4.90869746
v 17.46370047 30.17460151 5.71919787
v 16.73489958 31.29600027 5.13879756
v 20.02950013 33.85770058 4.67529749
v 18.02240014 29.56070055 6.51179776
v 17.48559922 29.99520053 6.55719784
v 14.30609971 32.8366017 7.41109749
v 14.50259984 32.06970152 7.47569781
v 13.01440001 31.34720087 7.89899738
v 14.70589936 31.38409906 7.01089786
v 13.30659986 30.60559984 7.40979753
v 11.39310002 30.38550082 8.2652978
v 10.98060012 31.05140093 8.24559767
v 12.72130013 32.07019925 7.87479784
v 11.47539988 30.22899977 6.77289735
v 10.00719965 29.15169948 7.08329756
v 12.6372993 28.23810024 5.6403977
v 11.21869981 27.30329975 5.89209775
v 13.07210028 31.18169952 6.4349978
v 14.08759952 29.2597 5.46819794
v 9.32480022 29.65720063 8.57479795
v 9.84430015 29.01350026 8.54819794
v 11.7689997 29.68800126 7.73969739
v 14.0068993 29.25730101 6.77429813
v 12.57909983 28.24270183 7.11509819
v 14.81280029 28.00239975 7.17889753
v 13.40399981 26.85950157 7.53499812
v 11.84139997 25.92490077 7.83599792
v 11.10669971 27.26070043 7.45389777
v 10.28959975 28.47929955 7.99919748
v 15.28230011 27.42649968 7.33329819
v 13.83209974 26.16870164 7.76179831
v 15.77519923 26.80830117 7.33329824
v 14.23459947 25.47160148 7.76179837
v 15.18920064 27.58570063 6.3106978
v 13.69310021 26.40399983 6.65769825
v 12.6372993 28.23810024 5.6403977
v 14.08759952 29.2597 5.46819794
v 12.09250018 25.52210145 6.95279793
v 11.21869981 27.30329975 5.89209775
v 12.52679974 24.59259989 8.11569803
v 12.18589991 25.26989939 8.12789831
v 16.3556993 28.80319998 6.0100977
v 15.39209932 30.2399997 5.30979778
v 16.9389993 28.16259913 6.91639792
v 16.38620049 28.65560107 6.96679808
v 15.92829973 29.17000107 6.83799762
v 15.28510004 30.17649997 6.46779756
v 21.21780068 34.4603989 4.57849727
v 21.10899985 34.61439942 4.49919737
v 21.55590057 34.9157009 4.52409719
v 21.35089934 34.36400032 4.72239742
v 21.1172998 34.58690084 4.81669753
v 21.55590057 34.9157009 4.52409719
v 21.06650025 34.89590025 4.77909741
v 21.07349932 34.72909962 4.61069754
v 21.55590057 34.9157009 4.52409719
v 21.10899985 34.61439942 4.49919737
v 14.56049979 31.95590125 6.10449743
v 15.39209932 30.2399997 5.30979778
v -5.59499972 26.82910031 8.73259774
v -5.6423001 26.85090079 9.69039819
v -6.04370013 26.23490161 8.78329824
v -6.26379997 25.84660113 7.9192984
v -5.7209 26.10430166 5.87289807
v -4.69110012 26.59470177 4.75129806
v -4.95489985 25.20540086 3.63529805
v -5.99579997 24.88469966 5.02459815
v -6.14239983 23.09460077 4.41209835
v -5.02769984 23.23960088 2.95069825
v -6.2819995 21.28220085 4.43319853
v -5.15439995 21.18179969 2.8398984
v -5.21669984 19.22079945 3.27559862
v -6.329 19.55210006 4.75179852
v -6.22429997 25.7436996 6.94379836
v -6.83699995 24.61040074 7.14489781
v -6.63099959 24.65380032 6.4209979
v -7.09360018 22.83989995 7.74789802
v -6.8723999 22.95760111 6.03699809
v -6.95279986 21.34510026 6.05189825
v -7.23629966 21.3615006 7.65009808
v -6.99680001 19.78050071 6.27219826
v -7.30519965 19.93320047 7.80299826
v -7.30070025 19.94560133 9.27709861
v -7.21189976 21.29420111 9.08439818
v -3.66990007 18.96090076 2.08359851
v -3.55059989 21.12129939 1.59899843
v -1.89820006 18.78190051 1.4064986
v -1.74630005 21.11070014 0.87279844
v -1.73579995 23.54180076 1.05929821
v -3.50419991 23.40019955 1.8117982
v -3.46020013 25.53800066 2.55659812
v -1.63809992 25.76999976 1.83539811
v -1.50599992 27.28819873 3.44059783
v -3.28439996 27.01640159 3.94379777
v -7.09069967 22.73570069 8.95229853
v -7.04339966 21.18510087 10.46269823
v -7.02380016 22.79810087 10.0772982
v -6.87209964 24.32400062 9.79569818
v -6.39230013 25.62320006 9.46569771
v -7.25879967 18.74870133 9.47759829
v -7.26089999 18.66630079 8.07179891
v -6.95860013 18.36080005 6.67379881
v -6.26420006 17.97000061 5.33719858
v -5.13579994 17.50770093 4.06769866
v -3.61730009 17.16550015 2.98599862
v -1.86429992 16.94729942 2.35849863
v -7.34520033 26.9030994 7.71239793
v -6.38479963 25.70140125 8.09969783
v -6.87109977 24.61970058 7.42569827
v -8.22120011 25.47290078 6.73969792
v -9.72149968 26.34140003 6.30949835
v -8.56209993 27.98520084 7.38059816
v -6.79230019 26.91010005 8.79779776
v -6.18069991 26.00739962 8.75099776
v -8.00670013 28.34529943 8.73329798
v -8.68280008 27.87770099 8.69649811
v -7.37460032 26.40900082 8.80139792
v -9.01769996 27.3738003 8.18819793
v -7.72750005 26.12530056 8.31719812
v -6.55929968 25.44460066 8.90929805
v -6.63219988 25.21770063 8.34749821
v -8.20999965 25.41999878 8.05149781
v -9.67589989 26.32229983 7.76019792
v -10.24269983 25.19159974 8.09549797
v -8.55759978 24.61420062 8.29079785
v -10.458 24.61739991 8.43579807
v -8.66219997 24.17760109 8.62989839
v -8.78940001 23.45110094 8.62989845
v -10.67780033 23.89880035 8.43329845
v -10.3978999 24.78510047 7.23809785
v -8.80199969 24.12030009 7.59059828
v -8.22120011 25.47290078 6.73969792
v -7.06970021 23.38780076 7.99159827
v -6.87109977 24.61970058 7.42569827
v -9.72149968 26.34140003 6.30949835
v -7.07689971 23.11050064 8.79949827
v -7.00870007 23.89150031 8.88529836
v -7.05780014 23.96850053 8.38569818
v -6.89809993 24.5771012 8.31539818
v -6.74630031 24.94600033 8.55059808
v -6.93380013 24.30000221 8.53739793
v -6.86329976 24.67470087 8.83709826
v -7.59890005 25.2404011 8.79709828
v -7.56909996 25.4076994 8.62729805
v -7.47229978 25.5694992 8.80509794
v -6.72629997 24.96230075 9.17399784
v -7.49339983 25.41379996 8.93989833
v -7.82589987 25.55140025 8.77289803
v -7.5172998 24.63880098 8.76449831
v -7.57320002 24.54090034 8.62049797
v -7.72370026 24.59110088 8.73899796
v -7.57009983 24.41150016 8.76409823
v -6.92159981 24.2982007 9.14749841
v -7.51629993 24.50960048 8.89959821
v -6.87209964 24.32400062 9.79569818
v -7.09069967 22.73570069 8.95229853
v -7.09360018 22.83989995 7.74789802
v -6.83699995 24.61040074 7.14489781
v -7.02380016 22.79810087 10.0772982
v -6.39230013 25.62320006 9.46569771
v -6.04370013 26.23490161 8.78329824
v -6.26379997 25.84660113 7.9192984
v -6.83699995 24.61040074 7.14489781
v -5.87409995 19.00010063 13.60899812
v -5.89099973 18.19980099 13.69689864
v -4.77579981 18.3029007 14.64239817
v -4.53680009 18.73510143 14.54119839
v -3.61230001 18.51940123 15.44269929
v -3.32310013 18.95960088 15.22039926
v -16.17629975 32.01200118 6.57909792
v -17.80450046 32.55519912 6.02099724
v -17.31439978 31.79709956 5.88819741
v -16.52459949 31.15899907 6.11939754
v -18.16550046 31.95299849 5.95519748
v -17.01209992 30.44099856 6.44929775
v -18.77450049 32.84570022 5.72959756
v -16.02240056 32.6532995 6.99469722
v -18.13060045 33.3357011 6.2011973
v -15.88310003 33.42779927 6.89609767
v -17.93639958 34.10500036 6.14439737
v -17.97990054 33.47390036 5.29819735
v -19.92910057 34.67440049 5.2816972
v -19.9048996 34.24260057 4.87719739
v -20.02950013 33.85770058 4.67529749
v -18.35699975 32.57679976 4.90869746
v -16.08549953 32.69949897 5.7323975
v -16.73489958 31.29600027 5.13879756
v -20.07029951 33.81660025 5.34629753
v -18.88599992 31.90830096 5.89449761
v -20.67909986 33.23569932 5.10059754
v -19.40799952 31.46379932 5.78559772
v -20.35319954 33.47440101 4.87299719
v -18.90019923 31.821299 5.32259775
v -18.35699975 32.57679976 4.90869746
v -17.46370047 30.17460151 5.71919787
v -16.73489958 31.29600027 5.13879756
v -20.02950013 33.85770058 4.67529749
v -18.02240014 29.56070055 6.51179776
v -17.48559922 29.99520053 6.55719784
v -14.30609971 32.8366017 7.41109749
v -14.50259984 32.06970152 7.47569781
v -13.01440001 31.34720087 7.89899738
v -14.70589936 31.38409906 7.01089786
v -13.30659986 30.60559984 7.40979753
v -11.39310002 30.38550082 8.2652978
v -10.98060012 31.05140093 8.24559767
v -12.72130013 32.07019925 7.87479784
v -11.47539988 30.22899977 6.77289735
v -10.00719965 29.15169948 7.08329756
v -12.6372993 28.23810024 5.6403977
v -11.21869981 27.30329975 5.89209775
v -13.07210028 31.18169952 6.4349978
v -14.08759952 29.2597 5.46819794
v -9.32480022 29.65720063 8.57479795
v -9.84430015 29.01350026 8.54819794
v -11.7689997 29.68800126 7.73969739
v -14.0068993 29.25730101 6.77429813
v -12.57909983 28.24270183 7.11509819
v -14.81280029 28.00239975 7.17889753
v -13.40399981 26.85950157 7.53499812
v -11.84139997 25.92490077 7.83599792
v -11.10669971 27.26070043 7.45389777
v -10.28959975 28.47929955 7.99919748
v -15.28230011 27.42649968 7.33329819
v -13.83209974 26.16870164 7.76179831
v -15.77519923 26.80830117 7.33329824
v -14.23459947 25.47160148 7.76179837
v -15.18920064 27.58570063 6.3106978
v -13.69310021 26.40399983 6.65769825
v -12.6372993 28.23810024 5.6403977
v -14.08759952 29.2597 5.46819794
v -12.09250018 25.52210145 6.95279793
v -11.21869981 27.30329975 5.89209775
v -12.52679974 24.59259989 8.11569803
v -12.18589991 25.26989939 8.12789831
v -16.3556993 28.80319998 6.0100977
v -15.39209932 30.2399997 5.30979778
v -16.9389993 28.16259913 6.91639792
v -16.38620049 28.65560107 6.96679808
v -15.92829973 29.17000107 6.83799762
v -15.28510004 30.17649997 6.46779756
v -21.21780068 34.4603989 4.57849727
v -21.55590057 34.9157009 4.52409719
v -21.10899985 34.61439942 4.49919737
v -21.35089934 34.36400032 4.72239742
v -21.1172998 34.58690084 4.81669753
v -21.55590057 34.9157009 4.52409719
v -21.06650025 34.89590025 4.77909741
v -21.07349932 34.72909962 4.61069754
v -21.55590057 34.9157009 4.52409719
v -21.10899985 34.61439942 4.49919737
v -14.56049979 31.95590125 6.10449743
v -15.39209932 30.2399997 5.30979778
v -2.27540005 6.34440119 11.17559922
v -2.80440003 7.11210088 11.92319936
v -3.06679998 6.95030105 11.37009956
v -2.49230005 5.92490066 10.3357996
v -1.67229995 5.01850056 9.15099941
v -2.72119995 6.03760072 10.03809973
v -2.86790002 6.08420072 9.66509982
v -3.38429995 6.93700097 10.85399933
v -3.85859981 7.07630072 10.44409967
v -2.98099983 6.40170049 9.35549986
v -4.44290005 7.33250082 9.95919947
v -4.34180014 7.41700081 9.59329922
v -2.85979994 6.57210044 8.86909912
v -1.84669998 5.71790069 8.84539963
v -1.4122 5.38520065 9.48559974
v -0.86690001 5.7807007 11.27289937
v -0.72999997 5.11820056 9.86359975
v 0 5.0464008 9.87289957
v 0 4.40190051 8.47809952
v 0 5.64280088 11.16879987
v -0.9114 5.31040047 8.5363995
v -1.82409994 5.95170062 8.42009961
v -0.8924 5.48490049 8.15329957
v 0 5.77830059 7.57029981
v 0 4.75520068 8.06859994
v -1.57340001 6.32270039 7.9664993
v -2.68610008 6.80950049 8.39489945
v -4.65970002 7.61070099 9.34779959
v 0 10.41160045 5.68079907
v 0 8.06270065 6.1848992
v 0 5.05440077 8.60749966
v 0.72999997 5.11820056 9.86359975
v 0.86690001 5.7807007 11.27289937
v 1.4122 5.38520065 9.48559974
v 2.27540005 6.34440119 11.17559922
v 2.98099983 6.40170049 9.35549986
v 1.84669998 5.71790069 8.84539963
v 0.9114 5.31040047 8.5363995
v 2.85979994 6.57210044 8.86909912
v 4.34180014 7.41700081 9.59329922
v 4.44290005 7.33250082 9.95919947
v 1.82409994 5.95170062 8.42009961
v 0.8924 5.48490049 8.15329957
v 1.57340001 6.32270039 7.9664993
v 2.68610008 6.80950049 8.39489945
v 4.65970002 7.61070099 9.34779959
v 1.67229995 5.01850056 9.15099941
v 2.86790002 6.08420072 9.66509982
v 2.72119995 6.03760072 10.03809973
v 3.38429995 6.93700097 10.85399933
v 3.85859981 7.07630072 10.44409967
v 2.49230005 5.92490066 10.3357996
v 3.06679998 6.95030105 11.37009956
v 2.80440003 7.11210088 11.92319936
v 0 5.64280088 11.16879987
v 0 6.06460104 12.15859978
v -0.86690001 5.7807007 11.27289937
v 0.86690001 5.7807007 11.27289937
v -5.1913999 8.29880091 10.19939941
v -5.00999987 8.20980077 10.56109903
v -5.40179983 9.18890098 11.03139897
v -5.53900003 9.24410081 10.68799873
v -5.57859987 10.2704012 11.37879935
v -5.72660007 10.32150098 10.97069901
v -4.44290005 7.33250082 9.95919947
v -4.72140014 7.40680097 9.64099932
v -4.13229987 6.89650101 9.58129935
v -4.37069982 6.97590035 9.40019957
v -3.83570008 6.52090083 9.2219996
v -4.36239988 7.11760069 9.21969956
v -4.65970002 7.61070099 9.34779959
v -5.11920005 8.408501 9.83529921
v -5.50310016 9.28350094 10.2902994
v -5.73190004 10.32740107 10.65949943
v -4.78370003 8.11540047 11.20679913
v -4.25809994 7.14760056 10.66739952
v -4.36189994 8.04090067 11.74939959
v -3.90460007 7.05860118 11.18609926
v -3.47950011 6.40280104 10.71759936
v -3.76130007 6.4875007 10.26479925
v -3.42499986 7.03520118 11.62379927
v -3.84179987 8.03300086 12.2742997
v -4.63499986 9.13030076 12.22279897
v -4.08469997 9.104001 12.75759867
v -4.72530015 10.27040129 12.49899861
v -4.09119986 10.27040133 13.04799837
v -3.08069997 6.41740048 11.05059933
v -5.11110015 9.158601 11.64759924
v -5.21969981 10.27040125 11.93529886
v -3.15099992 8.09880069 12.61549978
v -3.36290002 9.08700104 13.21489891
v -2.80440003 7.11210088 11.92319936
v -2.63689999 6.43820103 11.25429969
v -3.84920016 6.70660063 9.77829942
v -3.37550007 10.26360122 13.54669851
v -2.41679996 10.26720138 14.0152998
v -2.46099997 9.05510067 13.751299
v -1.29969995 9.03750094 14.14109996
v -1.19099999 7.85380109 13.65219891
v 0 7.84670069 13.73699844
v 0 9.02910117 14.28129903
v -1.2689 10.27040143 14.34149963
v 0 10.27040144 14.45999813
v 0 6.82470077 12.96530016
v -1.00480001 6.83240094 12.9484991
v -0.85840002 6.01300093 12.18669965
v -2.36389991 7.91880067 13.23239893
v -2.07589995 6.90550079 12.53889896
v -1.73719991 6.05750099 11.8245992
v -2.27540005 6.34440119 11.17559922
v -1.346 5.4403008 11.12589944
v -0.68040001 5.39500055 11.44799922
v -0.1589 5.46130103 11.42669949
v -1.72719993 5.72800084 10.67749964
v -3.20780016 11.34900107 13.62549875
v -3.98630016 11.36480073 13.13649926
v -2.98490003 12.35520122 13.53819873
v -2.10749991 12.32880087 13.92419841
v -2.29000002 11.3433014 14.03989855
v -1.10020004 12.32900056 14.20999821
v -1.21470001 11.36620079 14.35879979
v 0 11.36560102 14.47999839
v 0 12.30580095 14.30179831
v -3.72699983 12.39950085 13.06399907
v -4.62840013 11.38680076 12.59809944
v -4.32760008 12.43600046 12.5504991
v -5.13289981 11.40520068 12.04059932
v -4.80909981 12.46350051 12.01639901
v -5.46449982 11.43900094 11.53089914
v -5.15430011 12.46350048 11.52109931
v -5.65019995 11.48070106 11.0779992
v -5.39069995 12.43020082 11.06199901
v -5.63240014 11.47730059 10.78679922
v -5.33620007 12.43250079 10.75959931
v -2.7423 13.26820056 13.22649915
v -1.94329992 13.21530147 13.60249867
v -2.39699986 13.99940051 12.76829882
v -1.71319991 13.93110106 13.11889931
v -0.99599995 13.16300139 13.86729826
v -0.86979996 13.86450034 13.37939843
v 0 13.13860075 13.9523988
v 0 13.82830096 13.49169955
v 0 17.95640061 9.19699831
v -2.9724 14.07080088 12.30089856
v -3.38019989 14.12850112 11.82869864
v -3.39949988 13.32700051 12.7661993
v -3.93529981 13.3805016 12.2558986
v -3.71100008 14.18260124 11.36859921
v -4.35459986 13.41100126 11.75859916
v -4.66610007 13.4082013 11.29709903
v -3.96529995 14.21780073 10.92989859
v -4.11030017 14.23340073 10.62259865
v -4.11660001 14.24980093 10.41509923
v -4.9013 13.31130051 10.90709914
v -4.87289988 13.30840072 10.63969929
v 4.11030017 14.23340073 10.62259865
v 4.11660001 14.24980093 10.41509923
v 4.9013 13.31130051 10.90709914
v 4.87289988 13.30840072 10.63969929
v 4.66610007 13.4082013 11.29709903
v 3.96529995 14.21780073 10.92989859
v 3.71100008 14.18260124 11.36859921
v 4.35459986 13.41100126 11.75859916
v 3.93529981 13.3805016 12.2558986
v 3.38019989 14.12850112 11.82869864
v 2.9724 14.07080088 12.30089856
v 3.39949988 13.32700051 12.7661993
v 2.39699986 13.99940051 12.76829882
v 1.71319991 13.93110106 13.11889931
v 0.86979996 13.86450034 13.37939843
v 0.99599995 13.16300139 13.86729826
v 1.94329992 13.21530147 13.60249867
v 2.7423 13.26820056 13.22649915
v 1.10020004 12.32900056 14.20999821
v 1.21470001 11.36620079 14.35879979
v 2.29000002 11.3433014 14.03989855
v 2.10749991 12.32880087 13.92419841
v 3.20780016 11.34900107 13.62549875
v 2.98490003 12.35520122 13.53819873
v 3.98630016 11.36480073 13.13649926
v 3.72699983 12.39950085 13.06399907
v 4.62840013 11.38680076 12.59809944
v 4.32760008 12.43600046 12.5504991
v 5.13289981 11.40520068 12.04059932
v 4.80909981 12.46350051 12.01639901
v 5.46449982 11.43900094 11.53089914
v 5.15430011 12.46350048 11.52109931
v 5.65019995 11.48070106 11.0779992
v 5.39069995 12.43020082 11.06199901
v 5.63240014 11.47730059 10.78679922
v 5.33620007 12.43250079 10.75959931
v 5.72660007 10.32150098 10.97069901
v 5.73190004 10.32740107 10.65949943
v 5.53900003 9.24410081 10.68799873
v 5.57859987 10.2704012 11.37879935
v 5.40179983 9.18890098 11.03139897
v 5.1913999 8.29880091 10.19939941
v 5.00999987 8.20980077 10.56109903
v 4.44290005 7.33250082 9.95919947
v 4.72140014 7.40680097 9.64099932
v 4.13229987 6.89650101 9.58129935
v 4.37069982 6.97590035 9.40019957
v 3.83570008 6.52090083 9.2219996
v 4.36239988 7.11760069 9.21969956
v 4.65970002 7.61070099 9.34779959
v 5.11920005 8.408501 9.83529921
v 5.50310016 9.28350094 10.2902994
v 4.78370003 8.11540047 11.20679913
v 4.25809994 7.14760056 10.66739952
v 4.36189994 8.04090067 11.74939959
v 3.90460007 7.05860118 11.18609926
v 3.47950011 6.40280104 10.71759936
v 3.76130007 6.4875007 10.26479925
v 3.42499986 7.03520118 11.62379927
v 3.84179987 8.03300086 12.2742997
v 4.63499986 9.13030076 12.22279897
v 4.08469997 9.104001 12.75759867
v 4.72530015 10.27040129 12.49899861
v 4.09119986 10.27040133 13.04799837
v 3.08069997 6.41740048 11.05059933
v 5.11110015 9.158601 11.64759924
v 5.21969981 10.27040125 11.93529886
v 3.15099992 8.09880069 12.61549978
v 3.36290002 9.08700104 13.21489891
v 2.80440003 7.11210088 11.92319936
v 2.63689999 6.43820103 11.25429969
v 3.84920016 6.70660063 9.77829942
v 3.37550007 10.26360122 13.54669851
v 2.41679996 10.26720138 14.0152998
v 2.46099997 9.05510067 13.751299
v 1.29969995 9.03750094 14.14109996
v 1.19099999 7.85380109 13.65219891
v 1.2689 10.27040143 14.34149963
v 1.00480001 6.83240094 12.9484991
v 0.85840002 6.01300093 12.18669965
v 2.36389991 7.91880067 13.23239893
v 2.07589995 6.90550079 12.53889896
v 1.73719991 6.05750099 11.8245992
v 2.27540005 6.34440119 11.17559922
v 1.346 5.4403008 11.12589944
v 0.68040001 5.39500055 11.44799922
v 0.1589 5.46130103 11.42669949
v 1.72719993 5.72800084 10.67749964
v 0.50989999 4.89200061 10.6217999
v 0.2631 4.93720067 10.58369987
v 0.3633 4.29340077 9.49279932
v 0.91199996 4.89570093 10.42689942
v 1.10139996 5.09130063 10.12889928
v -0.50989999 4.89200061 10.6217999
v -0.91199996 4.89570093 10.42689942
v -0.3633 4.29340077 9.49279932
v -0.2631 4.93720067 10.58369987
v -1.10139996 5.09130063 10.12889928
v 0 10.41160045 5.68079907
v -4.65970002 7.61070099 9.34779959
v -5.11920005 8.408501 9.83529921
v -4.84669991 7.71780071 7.57689939
v -5.58880009 8.19620016 6.29209963
v -5.97760007 8.30060063 5.69959928
v -5.82779981 8.40550029 5.09189937
v -6.08609989 6.73580058 4.94839945
v -5.78159988 8.83230004 4.41919946
v -5.47930002 9.04560034 2.59949925
v -5.31580001 10.39260046 2.11019922
v -5.05050011 11.69959992 1.91759919
v -6.82979971 8.27150003 4.07519949
v -6.17179982 8.80059995 3.05119929
v -5.47930002 9.04560034 2.59949925
v -5.88029996 7.3635 3.93239949
v -7.07160011 8.00870033 6.1837995
v -5.46410009 6.74630078 6.22089939
v -5.63319996 8.04340043 3.10029941
v -6.04129992 7.82240095 8.22709963
v -4.64270003 6.68070074 7.37959916
v -4.81490009 7.54300051 8.92089921
v -5.11920005 8.408501 9.83529921
v -4.14480008 7.04780068 9.39639977
v -4.34180014 7.41700081 9.59329922
v -4.65970002 7.61070099 9.34779959
v -3.85859981 7.07630072 10.44409967
v -3.1978 6.06680064 9.62079941
v -3.38429995 6.93700097 10.85399933
v -2.82930005 6.20880092 10.20319936
v -2.32480001 5.30510057 9.39939951
v -2.4743 5.8739007 10.44799939
v -3.06679998 6.95030105 11.37009956
v -2.99340002 5.84630074 10.16469926
v -3.17099988 5.91630079 9.87779975
v -2.72969995 5.83760072 10.36069945
v -5.26689999 14.69930038 9.90029909
v 0 17.95640061 9.19699831
v -5.6318 14.9357013 9.31629873
v -6.49529994 13.96290135 9.40819873
v -6.0738001 13.73930053 10.02429918
v -5.5071 13.50320061 10.46289923
v -4.74599972 14.44730091 10.2696989
v -4.11660001 14.24980093 10.41509923
v -4.87289988 13.30840072 10.63969929
v -6.81070015 14.12980026 8.69449866
v -5.83369993 15.15419996 8.71829872
v -5.87319992 15.32940032 8.12619883
v -6.90540001 14.30680067 7.92489912
v -5.80319986 15.4880008 7.76949855
v -5.73009998 15.64050074 7.34089867
v -5.61180003 15.76100044 6.96179897
v -5.44799976 15.84390004 6.53729915
v -5.29109985 15.8989002 6.17919891
v -5.10840006 15.92720046 5.84939896
v -4.81869988 15.94160091 5.43769887
v -4.51629981 15.93730041 5.04589892
v -4.12600003 15.91990029 4.67929869
v -3.60310003 15.80110076 4.32349883
v -3.09730005 15.55040063 4.11369869
v -6.08629994 12.52060016 10.56089903
v -5.33620007 12.43250079 10.75959931
v -6.38549998 11.48540085 10.56199881
v -5.63240014 11.47730059 10.78679922
v -7.09080026 11.5306005 9.99669942
v -6.69360012 12.67100052 10.03879884
v -7.62759969 11.61210085 9.20319917
v -7.17599988 12.85070103 9.36159916
v -8.02450031 11.76690076 8.40949923
v -7.54939988 13.01690107 8.59269923
v -7.8501001 13.15130054 7.72429903
v -8.35999995 11.99970079 7.50619902
v -8.53070021 12.25230075 6.79529887
v -7.97630027 13.3715009 7.04519871
v -7.96659961 13.6847009 6.2094991
v -8.60269964 12.56680086 5.88129887
v -7.79450014 13.99990063 5.4178991
v -8.48409981 12.88699993 5.00319913
v -7.48279989 14.2277006 4.91799866
v -8.24949965 13.07709996 4.42759892
v -7.87390023 13.27080011 3.84599876
v -7.11409971 14.4045997 4.41529903
v -6.17880002 15.30019977 5.08219894
v -6.64649978 14.53699946 3.91099865
v -5.78220002 15.38520043 4.62169866
v -6.48190007 15.15840036 5.52479883
v -5.32699972 15.4148999 4.18809871
v -6.08889982 14.61499956 3.45339888
v -4.80119996 15.37909983 3.79999909
v -5.45199998 14.63059955 3.07679885
v -4.21469994 15.23270037 3.48089893
v -4.73610014 14.56870011 2.80259887
v -3.65189984 14.87710054 3.327699
v -4.1079998 14.22349981 2.7692989
v -6.04030006 13.67110033 2.490699
v -6.77289963 13.58950011 2.8674989
v -5.21119982 13.67930042 2.27229902
v -4.52920012 13.40799945 2.28719889
v -7.38790035 13.45939959 3.294699
v -6.66339993 14.94590089 5.96089884
v -3.86810005 13.31720074 2.574999
v 0 10.41160045 5.68079907
v -4.84229997 12.54619971 2.01659909
v -5.57430014 12.64290079 1.89549902
v -5.7723999 11.5613 1.79759903
v -6.38229996 12.57960067 2.11489907
v -6.44690022 11.43559977 1.95749912
v -5.89880012 10.76650038 1.87539917
v -6.31539971 10.71800008 1.98019923
v -6.01649992 9.9184999 2.14929916
v -7.04450011 11.23240013 2.52309916
v -7.06280023 12.41580044 2.57689896
v -5.05050011 11.69959992 1.91759919
v -6.59390017 10.64279991 2.34949918
v -5.55489995 10.80330029 2.00849913
v -7.49230012 11.04649998 2.94509912
v -7.12419972 9.78200012 3.04329917
v -7.87729993 10.81630018 3.45439904
v -7.46949986 9.56770059 3.51699928
v -7.61850029 12.23999955 3.02229916
v -8.04959983 12.00739992 3.56429911
v -7.67529979 9.44130004 4.04929932
v -8.18770006 10.56730033 4.08389936
v -8.40039998 11.78330065 4.13839914
v -6.71740025 8.19460032 3.68539927
v -6.66920021 10.08159986 2.7115993
v -6.16250001 11.64190041 2.28669909
v -6.15740009 10.7383998 2.3410992
v -6.06920011 10.29020043 2.20989917
v -5.88349998 8.90849998 2.62689933
v -5.31580001 10.39260046 2.11019922
v -6.49830028 8.41430004 3.33629932
v -8.41969997 10.31360065 4.63169922
v -8.59170035 11.54240033 4.72979905
v -8.55090022 10.05970057 5.38569911
v -8.68560001 11.2329003 5.60369928
v -8.64799991 10.97260018 6.52329913
v -8.45500007 9.81320041 6.26799912
v -7.99439996 8.81870056 5.2055993
v -7.94140026 8.71560022 5.91659927
v -7.16449991 7.69050011 5.07919954
v -7.89280012 9.05699988 4.56519915
v -7.0758 7.86300038 4.60319944
v -7.15349987 7.69910035 5.53939955
v -7.77050033 8.85210012 6.55469902
v -8.26890022 9.6538005 6.88709916
v -7.53969997 8.47080033 7.3477992
v -7.9967998 9.47150051 7.77309912
v -7.13789985 8.39690031 8.10729947
v -7.57239982 9.36360052 8.589799
v -6.49949983 7.49150049 7.42879975
v -6.82329983 7.55870021 6.82719963
v -6.53449968 8.56570072 8.8432991
v -6.93209991 9.30560078 9.33039938
v -7.79199973 10.4541003 8.95899902
v -7.17379972 10.366901 9.76219919
v -8.51270035 10.79750041 7.17409917
v -8.20449963 10.59260057 8.09419895
v -6.49380013 10.32960046 10.3757992
v -6.29020035 9.21500028 9.95299896
v -5.50310016 9.28350094 10.2902994
v -5.73190004 10.32740107 10.65949943
v -5.92390001 8.3214007 9.40459904
v -5.45939989 7.49200051 8.59699938
v 0 17.5516992 -1.02850136
v -0.84520001 17.46409975 -0.96260134
v -0.86920001 17.7670002 -0.03290134
v 0 17.8620994 -0.09950135
v -0.84899999 17.84770048 0.86839865
v 0 17.94490075 0.79479864
v 0 17.05729947 -1.8763013
v -0.77849999 16.97119908 -1.80790124
v 0 16.36780034 -2.58560118
v -0.68979999 16.31730031 -2.51590118
v -0.52140001 15.5994994 -3.21200123
v 0 15.6866995 -3.223401
v -0.78729996 17.84649951 1.67759857
v 0 17.93240023 1.56729868
v 0 17.95640061 9.19699831
v -0.2725 15.25379986 -3.92840098
v -0.92890002 15.12950039 -3.19500121
v 0 15.27029997 -3.23850106
v -1.2623 16.13749993 -2.38990123
v -1.32989995 15.02279916 -2.8692011
v -1.76890008 15.8674 -2.21350127
v -1.42630003 16.75849991 -1.66160125
v -2.03099996 16.4037003 -1.49290127
v -1.54050002 17.24489921 -0.83140135
v -2.18630005 16.89079995 -0.66610129
v -1.58249997 17.56719948 0.10619868
v -2.22139992 17.23189952 0.2931987
v -1.53869996 17.65940048 1.02529867
v -2.11289991 17.38040009 1.23169868
v -2.70269997 16.91289995 0.46929873
v -2.65319999 16.50799956 -0.52860127
v -3.11919991 16.55019974 0.64919876
v -3.11399996 16.09520015 -0.41580121
v -2.93359999 16.7447002 1.69379864
v -2.55849995 17.09070068 1.44899871
v -3.52459997 15.58430044 -0.27240118
v -2.87970006 15.57299932 -1.33730114
v -3.19299996 14.95749941 -1.23410114
v -3.56950015 16.05139977 0.86749876
v -3.29479985 16.33979991 2.00489878
v -3.92489992 15.05869924 -0.16290113
v -3.62939984 14.56850012 -1.40050108
v -3.83489989 14.15439983 -1.36200101
v -4.2665001 14.38049972 -0.05310109
v -3.9531 15.54609992 1.05879879
v -4.28539999 15.00249962 1.25879886
v -4.1212 13.54639977 -0.07090102
v -3.16630006 14.23690004 -2.29450106
v -3.18260007 14.01149921 -0.98600102
v -3.81059982 13.87470057 -1.21800101
v -3.58249992 15.93520062 2.27059881
v -3.8346 15.51779975 2.50749881
v -2.42389999 15.98879983 -1.30790118
v -2.08180007 15.50250039 -1.91840125
v -2.49099992 15.25930002 -2.05920119
v -1.60910003 14.93529951 -3.22620125
v -2.74269991 14.83249946 -2.11310107
v -2.69569997 14.44779917 -2.08950115
v -1.74410008 14.85960018 -2.40810104
v -3.06240004 16.21740039 3.42349884
v -2.90199984 16.48620093 3.14399885
v -3.19669992 15.9182 3.71149882
v -2.64299996 16.83660021 2.74709876
v -2.29170006 17.17019993 2.38799863
v -1.92399994 17.42780075 2.07839868
v -1.44579997 17.66399904 1.85169873
v -3.98699977 15.17329982 2.71719878
v -4.46880013 14.65580027 1.43729887
v -4.57959995 14.18290002 1.63759892
v -3.99850011 14.77950088 2.90249884
v -4.5322001 13.70000108 1.82289899
v -4.1079998 14.22349981 2.7692989
v -3.22729982 15.73480099 3.89059887
v -3.09730005 15.55040063 4.11369869
v -4.67129983 13.74759974 0.23709895
v -4.59190011 14.04419989 0.13039894
v -4.35069986 13.44749922 -0.70020099
v -4.55969982 13.46399936 0.32839899
v -4.35420014 13.26050018 0.57509898
v -4.4075001 14.2482996 0.02799892
v -4.00279984 13.20859953 1.87609897
v -3.86810005 13.31720074 2.574999
v -3.65189984 14.87710054 3.327699
v 3.06240004 16.21740039 3.42349884
v 3.19669992 15.9182 3.71149882
v 2.90199984 16.48620093 3.14399885
v 2.64299996 16.83660021 2.74709876
v 2.29170006 17.17019993 2.38799863
v 1.92399994 17.42780075 2.07839868
v 1.44579997 17.66399904 1.85169873
v 1.53869996 17.65940048 1.02529867
v 2.11289991 17.38040009 1.23169868
v 2.22139992 17.23189952 0.2931987
v 1.58249997 17.56719948 0.10619868
v 2.18630005 16.89079995 -0.66610129
v 1.54050002 17.24489921 -0.83140135
v 2.70269997 16.91289995 0.46929873
v 2.65319999 16.50799956 -0.52860127
v 3.11919991 16.55019974 0.64919876
v 3.11399996 16.09520015 -0.41580121
v 2.93359999 16.7447002 1.69379864
v 2.55849995 17.09070068 1.44899871
v 3.52459997 15.58430044 -0.27240118
v 2.87970006 15.57299932 -1.33730114
v 3.19299996 14.95749941 -1.23410114
v 3.56950015 16.05139977 0.86749876
v 3.29479985 16.33979991 2.00489878
v 3.92489992 15.05869924 -0.16290113
v 3.62939984 14.56850012 -1.40050108
v 3.83489989 14.15439983 -1.36200101
v 4.2665001 14.38049972 -0.05310109
v 3.9531 15.54609992 1.05879879
v 4.28539999 15.00249962 1.25879886
v 4.1212 13.54639977 -0.07090102
v 3.16630006 14.23690004 -2.29450106
v 3.18260007 14.01149921 -0.98600102
v 3.81059982 13.87470057 -1.21800101
v 3.58249992 15.93520062 2.27059881
v 3.8346 15.51779975 2.50749881
v 2.42389999 15.98879983 -1.30790118
v 2.03099996 16.4037003 -1.49290127
v 1.42630003 16.75849991 -1.66160125
v 1.76890008 15.8674 -2.21350127
v 1.2623 16.13749993 -2.38990123
v 1.32989995 15.02279916 -2.8692011
v 0.92890002 15.12950039 -3.19500121
v 2.08180007 15.50250039 -1.91840125
v 2.49099992 15.25930002 -2.05920119
v 1.60910003 14.93529951 -3.22620125
v 2.74269991 14.83249946 -2.11310107
v 2.69569997 14.44779917 -2.08950115
v 1.74410008 14.85960018 -2.40810104
v 4.46880013 14.65580027 1.43729887
v 3.98699977 15.17329982 2.71719878
v 4.57959995 14.18290002 1.63759892
v 3.99850011 14.77950088 2.90249884
v 4.5322001 13.70000108 1.82289899
v 4.1079998 14.22349981 2.7692989
v 3.22729982 15.73480099 3.89059887
v 3.09730005 15.55040063 4.11369869
v 4.67129983 13.74759974 0.23709895
v 4.59190011 14.04419989 0.13039894
v 4.35069986 13.44749922 -0.70020099
v 4.55969982 13.46399936 0.32839899
v 4.35420014 13.26050018 0.57509898
v 4.4075001 14.2482996 0.02799892
v 4.00279984 13.20859953 1.87609897
v 3.86810005 13.31720074 2.574999
v 3.65189984 14.87710054 3.327699
v 0.78729996 17.84649951 1.67759857
v 0.84899999 17.84770048 0.86839865
v 0.86920001 17.7670002 -0.03290134
v 0.84520001 17.46409975 -0.96260134
v 0.77849999 16.97119908 -1.80790124
v 0.68979999 16.31730031 -2.51590118
v 0.52140001 15.5994994 -3.21200123
v 0.2725 15.25379986 -3.92840098
v 0 14.41390066 -0.12010108
v -3.21470015 13.36089978 1.25679897
v -2.65190005 13.16050008 2.02939895
v -3.86810005 13.31720074 2.574999
v 0 13.28209952 2.10019902
v -0.40890002 14.91709927 -2.6977012
v 0 15.12870023 -2.69770122
v -0.40750001 15.02199894 -3.18750107
v 0.40750001 15.02199894 -3.18750107
v 0.40890002 14.91709927 -2.6977012
v 0 14.41390066 -0.12010108
v 3.21470015 13.36089978 1.25679897
v 2.65190005 13.16050008 2.02939895
v 3.86810005 13.31720074 2.574999
v 0 13.28209952 2.10019902
v -6.34379983 15.4544999 6.35909918
v -6.62700012 15.49790105 6.65539908
v -6.7543 15.37089997 7.0933986
v -6.75560012 15.1916003 7.53739883
v -6.6267997 14.9346 7.94849879
v -6.99299946 15.13759987 6.08259884
v -8.01289976 14.34939994 5.69189902
v -7.2676003 15.14830042 6.42909889
v -8.2024999 14.37670038 6.08639907
v -7.33919963 14.97820072 6.88349864
v -8.10739994 14.11850055 6.5762986
v -7.39779994 14.81799986 7.34479912
v -8.19759965 14.05240052 7.03229873
v -7.21419975 14.55270111 7.79979864
v -8.01459998 13.74210027 7.54659892
v -8.54999945 13.81840003 5.53329892
v -8.66009966 13.81840005 5.87899879
v -9.46760029 13.01250052 5.45439883
v -8.10839981 13.67920081 5.26439891
v -8.44170004 13.33760071 6.37839932
v -8.49680007 13.13290054 7.21929868
v -8.20420012 12.87350114 7.34159924
v -9.00719985 12.1903007 6.21059892
v -8.65859985 13.37550035 6.71849895
v 0 10.41160045 5.68079907
v 5.11920005 8.408501 9.83529921
v 4.65970002 7.61070099 9.34779959
v 4.84669991 7.71780071 7.57689939
v 5.58880009 8.19620016 6.29209963
v 5.97760007 8.30060063 5.69959928
v 5.82779981 8.40550029 5.09189937
v 6.08609989 6.73580058 4.94839945
v 5.78159988 8.83230004 4.41919946
v 5.47930002 9.04560034 2.59949925
v 5.31580001 10.39260046 2.11019922
v 5.05050011 11.69959992 1.91759919
v 6.82979971 8.27150003 4.07519949
v 6.17179982 8.80059995 3.05119929
v 5.47930002 9.04560034 2.59949925
v 5.88029996 7.3635 3.93239949
v 7.07160011 8.00870033 6.1837995
v 5.46410009 6.74630078 6.22089939
v 5.63319996 8.04340043 3.10029941
v 6.04129992 7.82240095 8.22709963
v 4.64270003 6.68070074 7.37959916
v 4.81490009 7.54300051 8.92089921
v 5.11920005 8.408501 9.83529921
v 4.14480008 7.04780068 9.39639977
v 4.34180014 7.41700081 9.59329922
v 4.65970002 7.61070099 9.34779959
v 3.85859981 7.07630072 10.44409967
v 3.1978 6.06680064 9.62079941
v 3.38429995 6.93700097 10.85399933
v 2.82930005 6.20880092 10.20319936
v 2.32480001 5.30510057 9.39939951
v 2.4743 5.8739007 10.44799939
v 3.06679998 6.95030105 11.37009956
v 3.17099988 5.91630079 9.87779975
v 2.99340002 5.84630074 10.16469926
v 2.72969995 5.83760072 10.36069945
v 5.26689999 14.69930038 9.90029909
v 5.6318 14.9357013 9.31629873
v 0 17.95640061 9.19699831
v 6.49529994 13.96290135 9.40819873
v 6.0738001 13.73930053 10.02429918
v 5.5071 13.50320061 10.46289923
v 4.74599972 14.44730091 10.2696989
v 4.11660001 14.24980093 10.41509923
v 4.87289988 13.30840072 10.63969929
v 6.81070015 14.12980026 8.69449866
v 5.83369993 15.15419996 8.71829872
v 5.87319992 15.32940032 8.12619883
v 6.90540001 14.30680067 7.92489912
v 5.80319986 15.4880008 7.76949855
v 5.73009998 15.64050074 7.34089867
v 5.61180003 15.76100044 6.96179897
v 5.44799976 15.84390004 6.53729915
v 5.29109985 15.8989002 6.17919891
v 5.10840006 15.92720046 5.84939896
v 4.81869988 15.94160091 5.43769887
v 4.51629981 15.93730041 5.04589892
v 4.12600003 15.91990029 4.67929869
v 3.60310003 15.80110076 4.32349883
v 3.09730005 15.55040063 4.11369869
v 6.08629994 12.52060016 10.56089903
v 5.33620007 12.43250079 10.75959931
v 6.38549998 11.48540085 10.56199881
v 5.63240014 11.47730059 10.78679922
v 7.09080026 11.5306005 9.99669942
v 6.69360012 12.67100052 10.03879884
v 7.62759969 11.61210085 9.20319917
v 7.17599988 12.85070103 9.36159916
v 8.02450031 11.76690076 8.40949923
v 7.54939988 13.01690107 8.59269923
v 7.8501001 13.15130054 7.72429903
v 8.35999995 11.99970079 7.50619902
v 8.53070021 12.25230075 6.79529887
v 7.97630027 13.3715009 7.04519871
v 7.96659961 13.6847009 6.2094991
v 8.60269964 12.56680086 5.88129887
v 7.79450014 13.99990063 5.4178991
v 8.48409981 12.88699993 5.00319913
v 7.48279989 14.2277006 4.91799866
v 8.24949965 13.07709996 4.42759892
v 7.87390023 13.27080011 3.84599876
v 7.11409971 14.4045997 4.41529903
v 6.17880002 15.30019977 5.08219894
v 6.64649978 14.53699946 3.91099865
v 5.78220002 15.38520043 4.62169866
v 6.48190007 15.15840036 5.52479883
v 5.32699972 15.4148999 4.18809871
v 6.08889982 14.61499956 3.45339888
v 4.80119996 15.37909983 3.79999909
v 5.45199998 14.63059955 3.07679885
v 4.21469994 15.23270037 3.48089893
v 4.73610014 14.56870011 2.80259887
v 3.65189984 14.87710054 3.327699
v 4.1079998 14.22349981 2.7692989
v 6.04030006 13.67110033 2.490699
v 6.77289963 13.58950011 2.8674989
v 5.21119982 13.67930042 2.27229902
v 4.52920012 13.40799945 2.28719889
v 7.38790035 13.45939959 3.294699
v 6.66339993 14.94590089 5.96089884
v 3.86810005 13.31720074 2.574999
v 0 10.41160045 5.68079907
v 4.84229997 12.54619971 2.01659909
v 5.57430014 12.64290079 1.89549902
v 5.7723999 11.5613 1.79759903
v 6.38229996 12.57960067 2.11489907
v 6.44690022 11.43559977 1.95749912
v 5.89880012 10.76650038 1.87539917
v 6.31539971 10.71800008 1.98019923
v 6.01649992 9.9184999 2.14929916
v 7.04450011 11.23240013 2.52309916
v 7.06280023 12.41580044 2.57689896
v 5.05050011 11.69959992 1.91759919
v 6.59390017 10.64279991 2.34949918
v 5.55489995 10.80330029 2.00849913
v 7.49230012 11.04649998 2.94509912
v 7.12419972 9.78200012 3.04329917
v 7.87729993 10.81630018 3.45439904
v 7.46949986 9.56770059 3.51699928
v 7.61850029 12.23999955 3.02229916
v 8.04959983 12.00739992 3.56429911
v 7.67529979 9.44130004 4.04929932
v 8.18770006 10.56730033 4.08389936
v 8.40039998 11.78330065 4.13839914
v 6.71740025 8.19460032 3.68539927
v 6.66920021 10.08159986 2.7115993
v 6.16250001 11.64190041 2.28669909
v 6.15740009 10.7383998 2.3410992
v 6.06920011 10.29020043 2.20989917
v 5.88349998 8.90849998 2.62689933
v 5.31580001 10.39260046 2.11019922
v 6.49830028 8.41430004 3.33629932
v 8.41969997 10.31360065 4.63169922
v 8.59170035 11.54240033 4.72979905
v 8.55090022 10.05970057 5.38569911
v 8.68560001 11.2329003 5.60369928
v 8.64799991 10.97260018 6.52329913
v 8.45500007 9.81320041 6.26799912
v 7.99439996 8.81870056 5.2055993
v 7.94140026 8.71560022 5.91659927
v 7.16449991 7.69050011 5.07919954
v 7.89280012 9.05699988 4.56519915
v 7.0758 7.86300038 4.60319944
v 7.15349987 7.69910035 5.53939955
v 7.77050033 8.85210012 6.55469902
v 8.26890022 9.6538005 6.88709916
v 7.53969997 8.47080033 7.3477992
v 7.9967998 9.47150051 7.77309912
v 7.13789985 8.39690031 8.10729947
v 7.57239982 9.36360052 8.589799
v 6.49949983 7.49150049 7.42879975
v 6.82329983 7.55870021 6.82719963
v 6.53449968 8.56570072 8.8432991
v 6.93209991 9.30560078 9.33039938
v 7.79199973 10.4541003 8.95899902
v 7.17379972 10.366901 9.76219919
v 8.51270035 10.79750041 7.17409917
v 8.20449963 10.59260057 8.09419895
v 6.49380013 10.32960046 10.3757992
v 6.29020035 9.21500028 9.95299896
v 5.50310016 9.28350094 10.2902994
v 5.73190004 10.32740107 10.65949943
v 5.92390001 8.3214007 9.40459904
v 5.45939989 7.49200051 8.59699938
v 6.34379983 15.4544999 6.35909918
v 6.62700012 15.49790105 6.65539908
v 6.7543 15.37089997 7.0933986
v 6.75560012 15.1916003 7.53739883
v 6.6267997 14.9346 7.94849879
v 6.99299946 15.13759987 6.08259884
v 8.01289976 14.34939994 5.69189902
v 7.2676003 15.14830042 6.42909889
v 8.2024999 14.37670038 6.08639907
v 7.33919963 14.97820072 6.88349864
v 8.10739994 14.11850055 6.5762986
v 7.39779994 14.81799986 7.34479912
v 8.19759965 14.05240052 7.03229873
v 7.21419975 14.55270111 7.79979864
v 8.01459998 13.74210027 7.54659892
v 8.54999945 13.81840003 5.53329892
v 8.66009966 13.81840005 5.87899879
v 9.46760029 13.01250052 5.45439883
v 8.10839981 13.67920081 5.26439891
v 8.44170004 13.33760071 6.37839932
v 8.49680007 13.13290054 7.21929868
v 8.20420012 12.87350114 7.34159924
v 9.00719985 12.1903007 6.21059892
v 8.65859985 13.37550035 6.71849895
v 2.68890001 0.6016995 -6.55660038
v 2.67830007 1.43149944 -7.12110038
v 3.49889994 1.33399945 -7.33900006
v 3.49889994 0.52649947 -6.7456
v 2.65270006 2.12969947 -7.49790014
v 3.49889994 2.03909946 -7.73540006
v 3.5112001 3.02129941 -8.18090015
v 2.5804 3.03069946 -7.87070044
v 4.34499979 2.12969947 -7.49790014
v 4.31949981 1.43149944 -7.12110038
v 4.42479998 3.04969937 -7.88569995
v 4.30889986 0.6016995 -6.55660038
v 4.49489988 4.70959926 -8.61380061
v 5.19730002 4.6126993 -7.92620068
v 5.21610007 5.30309951 -8.08150063
v 5.49019985 4.95069945 -6.69380017
v 5.45319989 4.37709938 -6.5078001
v 4.50569987 5.49429924 -8.81350007
v 3.54820006 4.76119935 -8.9622002
v 3.54699977 5.58659924 -9.19270036
v 2.4885999 4.68549924 -8.58180037
v 2.43199989 5.46769918 -8.77440017
v 5.31410016 4.7057997 -5.57230039
v 5.2827999 4.22899943 -5.45020024
v 4.70359996 4.12529969 -4.70950039
v 4.75809984 4.53089961 -4.77500033
v 3.64620015 4.44119949 -4.39330038
v 3.59049998 4.07649954 -4.3455004
v 2.43939999 4.50629966 -4.72420041
v 2.43110005 4.11379972 -4.70740044
v 1.7647 4.7006994 -5.57210034
v 1.80450007 4.22319952 -5.44910016
v 1.58619992 4.92589945 -6.64500035
v 1.62719991 4.35439933 -6.46839994
v 1.92959998 5.05099944 -8.05220046
v 1.80869997 4.59659934 -7.90400018
v 2.43199989 5.46769918 -8.77440017
v 2.4885999 4.68549924 -8.58180037
v 5.33259995 3.14939945 -6.04470023
v 5.10450006 3.09229941 -7.30640017
v 1.90539993 3.08849943 -7.30130025
v 2.5804 3.03069946 -7.87070044
v 1.6911 3.1309995 -6.02800013
v 1.8646 3.18589954 -5.11420021
v 2.41780002 3.2288995 -4.44390016
v 3.52480002 3.26539955 -4.09870023
v 4.61880006 3.23109966 -4.44180021
v 5.16219996 3.19329946 -5.11760028
v 2.48009991 4.80019975 -4.52330037
v 3.70029993 4.69119965 -4.09660039
v 2.60799993 5.36069951 -4.04470045
v 3.93720008 5.42309966 -3.46680026
v 1.68629996 5.46259954 -4.96120047
v 1.71949994 5.04709964 -5.2907005
v 1.34610003 5.91309956 -6.14630029
v 1.47869997 5.41719933 -6.34260069
v 1.49010001 6.44939932 -7.54950021
v 1.66499987 5.86509945 -7.60350048
v 2.26920005 6.94129924 -8.51570048
v 2.35699993 6.17079931 -8.51620035
v 5.06759994 5.76919957 -4.05040054
v 4.84110005 4.85869947 -4.52380031
v 5.54969981 6.16369954 -5.07040033
v 5.35839982 5.13699946 -5.33600041
v 5.5342 5.52629966 -6.4389002
v 5.7004001 6.55419928 -6.26800035
v 5.23790009 5.92509935 -7.62810007
v 5.30119985 6.90489951 -7.50050075
v 4.52869982 6.23319941 -8.56040018
v 4.5545999 7.10589971 -8.48220044
v 3.52879986 6.35079898 -8.91060058
v 3.4883 7.14509942 -8.81860087
v 2.26920005 6.94129924 -8.51570048
v 2.35699993 6.17079931 -8.51620035
v 5.81529997 7.40379953 -4.81730048
v 5.86789995 7.68439947 -6.1726006
v 6.03629984 8.71169979 -4.65230076
v 5.53140007 8.35419943 -3.24660044
v 5.31399995 7.02069971 -3.54740039
v 4.66630012 7.92379958 -2.35000052
v 4.31209989 6.60479942 -2.78060058
v 3.37850004 7.63279999 -2.63810048
v 2.86890008 6.28109995 -3.45100026
v 1.58089995 6.63229942 -4.02840053
v 1.60990003 6.1547995 -4.41930042
v 0.90009999 6.74519941 -5.91960041
v 1.07869999 6.53389945 -5.98180045
v 0.95509999 7.41879957 -7.62730073
v 1.15940003 7.09469932 -7.5796006
v 2.17209999 8.44219931 -8.83190025
v 2.20550001 7.68199945 -8.56890066
v 5.98179996 8.84669973 -6.13610066
v 5.40160015 7.8777993 -7.47230038
v 5.44600002 8.84089935 -7.46040038
v 4.56499979 7.91869919 -8.48020077
v 4.55899984 8.73899918 -8.45110035
v 3.46530005 7.85479926 -8.81630093
v 3.47130001 8.54949958 -8.89940028
v 2.20550001 7.68199945 -8.56890066
v 2.17209999 8.44219931 -8.83190025
v 5.21860011 10.93200042 5.87389908
v 5.63240014 9.05610068 5.70249936
v 5.69560006 9.07480003 4.17619912
v 5.41430004 10.96830026 4.09009933
v 5.2761998 10.89440007 2.52899911
v 5.16109988 8.73390007 2.32229931
v 4.38439995 10.5837008 7.41189936
v 4.81059998 8.85020027 7.10019924
v 3.02189998 10.18060062 8.33559928
v 3.24640013 8.54140058 7.81629915
v 4.97699976 8.8251003 1.11039931
v 3.74910012 7.61540018 0.99909947
v 3.68559994 7.5919002 -0.40750058
v 2.45960001 6.61719959 -0.55110048
v 2.43170001 6.69540025 0.92369947
v 1.10459998 6.15479979 -0.59620044
v 1.07619995 6.17679998 0.92289951
v 0 5.99079984 -0.59020043
v 0 6.03430017 0.92289952
v 0 6.1254 2.05109949
v 1.04059996 6.25109986 2.05109948
v 4.89259996 8.97770001 -0.21970067
v 5.13199978 10.92059994 1.25319922
v 5.0423 10.99430024 -0.04330083
v 2.27760002 6.76350013 2.05109944
v 3.71909998 7.6489003 1.92969942
v 1.41239995 8.31150028 8.31099909
v 2.01880001 7.6895004 7.26349966
v 1.09829996 7.47270044 7.43599925
v 0 7.33440053 7.46519957
v 0 8.22030071 8.39419899
v 0.69010002 6.79960072 5.95409931
v 0 6.73950061 5.95189953
v 0 6.48320054 4.56749934
v 0.65390002 6.53370057 4.57019943
v 0.95170001 6.32530026 2.99949952
v 0 6.21640035 3.04129952
v 1.26430001 6.92770079 5.89939937
v 1.18180001 6.60220046 4.47609934
v 2.01929994 6.8316 3.00939944
v 1.51519999 9.90810089 8.90049934
v 0 9.83170042 9.08779949
v 1.39539996 11.46930079 9.31339922
v 2.66880002 11.7220006 8.72119875
v 2.2739999 13.22910109 9.0372992
v 2.93320008 13.54720061 8.5094993
v 3.70870009 12.20430045 7.76429904
v 4.23449986 12.9355003 6.01429916
v 3.56319994 14.31860084 7.23819923
v 3.10839992 15.1651998 6.04199876
v 3.52540016 13.92000051 4.13889892
v 1.90899987 14.66560093 3.59069892
v 3.32150012 13.85040005 2.58389886
v 4.60379981 12.68319966 4.11529892
v 4.54640016 12.61139979 2.60129904
v 3.23849991 13.84820054 1.33449899
v 4.44759987 12.61329959 1.33479906
v 4.36780006 12.6798004 0.05449904
v 3.17220017 13.9091 0.08039895
v 1.7004 14.48459933 1.26699891
v 1.64400004 14.52559978 0.0504989
v 0 14.71180022 0.04169889
v 0 14.66930071 1.24499883
v 1.85599998 15.77450076 5.21779873
v 1.77229997 14.48380072 2.48179885
v 0 14.98329965 3.5902988
v 0 14.70070053 2.43539885
v 0 16.01410099 5.01239887
v -1.77229997 14.48380072 2.48179885
v -1.90899987 14.66560093 3.59069892
v -3.32150012 13.85040005 2.58389886
v -3.52540016 13.92000051 4.13889892
v -3.10839992 15.1651998 6.04199876
v -1.85599998 15.77450076 5.21779873
v -4.23449986 12.9355003 6.01429916
v -4.60379981 12.68319966 4.11529892
v -3.56319994 14.31860084 7.23819923
v -2.93320008 13.54720061 8.5094993
v -3.70870009 12.20430045 7.76429904
v -4.54640016 12.61139979 2.60129904
v -3.23849991 13.84820054 1.33449899
v -4.44759987 12.61329959 1.33479906
v -4.36780006 12.6798004 0.05449904
v -3.17220017 13.9091 0.08039895
v -1.7004 14.48459933 1.26699891
v -1.64400004 14.52559978 0.0504989
v -2.66880002 11.7220006 8.72119875
v -2.2739999 13.22910109 9.0372992
v -1.39539996 11.46930079 9.31339922
v -1.22699998 12.98350019 9.51529867
v 0 11.43980098 9.51039928
v 0 12.86650075 9.72239874
v -5.0423 10.99430024 -0.04330083
v -5.13199978 10.92059994 1.25319922
v -4.89259996 8.97770001 -0.21970067
v -4.97699976 8.8251003 1.11039931
v -3.68559994 7.5919002 -0.40750058
v -3.74910012 7.61540018 0.99909947
v -2.45960001 6.61719959 -0.55110048
v -2.43170001 6.69540025 0.92369947
v -1.10459998 6.15479979 -0.59620044
v -1.07619995 6.17679998 0.92289951
v 0 5.99079984 -0.59020043
v 0 6.03430017 0.92289952
v 0 6.1254 2.05109949
v -1.04059996 6.25109986 2.05109948
v -2.27760002 6.76350013 2.05109944
v -5.16109988 8.73390007 2.32229931
v -3.71909998 7.6489003 1.92969942
v -5.2761998 10.89440007 2.52899911
v -5.69560006 9.07480003 4.17619912
v -5.41430004 10.96830026 4.09009933
v -5.21860011 10.93200042 5.87389908
v -5.63240014 9.05610068 5.70249936
v -4.38439995 10.5837008 7.41189936
v -4.81059998 8.85020027 7.10019924
v -3.02189998 10.18060062 8.33559928
v -3.24640013 8.54140058 7.81629915
v -1.41239995 8.31150028 8.31099909
v -2.01880001 7.6895004 7.26349966
v -1.09829996 7.47270044 7.43599925
v 0 7.33440053 7.46519957
v 0 8.22030071 8.39419899
v -0.69010002 6.79960072 5.95409931
v 0 6.73950061 5.95189953
v 0 6.48320054 4.56749934
v -0.65390002 6.53370057 4.57019943
v -0.95170001 6.32530026 2.99949952
v 0 6.21640035 3.04129952
v -1.26430001 6.92770079 5.89939937
v -1.18180001 6.60220046 4.47609934
v -2.01929994 6.8316 3.00939944
v -1.51519999 9.90810089 8.90049934
v 0 9.83170042 9.08779949
v -3.63579988 6.89490008 2.32269954
v -5.06250001 7.0602002 2.97149944
v -5.71050011 7.21580046 4.33459935
v -5.68579994 7.28080019 5.82299923
v -4.83990014 7.34120064 7.03219939
v -3.35600004 7.31630084 7.52699916
v -2.04739999 7.1682004 7.0258992
v 1.22699998 12.98350019 9.51529867
v 0 11.43980098 9.51039928
v 0 12.86650075 9.72239874
vn 0.54906 0.39107 0.73865
vn 0.76169 0.57226 0.30389
vn 0.49258 0.79989 0.34284
vn 0.5811 0.81036 -0.07511
vn 0.46107 0.88665 0.03547
vn 0.87466 0.47888 0.0752
vn 0.45214 0.88463 -0.11403
vn 0.57254 0.80945 -0.13031
vn 0.31122 0.93366 -0.17728
vn 0.30288 0.94794 -0.09833
vn 0.52747 0.64644 0.55126
vn 0.71371 -0.05912 0.69794
vn 0.27288 -0.0435 0.96107
vn 0.32212 0.48122 0.81527
vn 0.40685 0.04347 0.91246
vn 0.38217 0.35066 0.85498
vn 0.42275 0.89682 -0.13037
vn 0.39761 0.9094 -0.12205
vn 0.53312 0.84115 -0.09082
vn 0.51106 0.82007 -0.25751
vn 0.32718 0.89488 -0.30355
vn 0.29599 0.93541 -0.1934
vn 0.18435 0.92172 -0.34123
vn 0.18505 0.95676 -0.22442
vn -0.01964 0.97065 -0.23971
vn -0.01969 0.93337 -0.35838
vn 0.70566 0.68987 -0.16163
vn 0.58715 0.80786 -0.05123
vn 0.30408 0.93593 -0.1777
vn 0.31121 0.93366 -0.17727
vn 0.24072 0.95113 -0.19338
vn 0.27213 0.94266 -0.19325
vn 0.15305 0.96933 -0.19229
vn 0.14513 0.96898 -0.20006
vn -0.01967 0.97947 -0.20061
vn -0.01956 0.98273 -0.18403
vn 0.29429 0.93775 -0.18441
vn 0.12983 0.97959 -0.15344
vn -0.03542 0.97203 -0.23219
vn 0.31921 0.92612 -0.201
vn 0.51243 0.83819 -0.1867
vn 0.63524 0.7694 0.06707
vn -0.08229 0.98357 -0.16068
vn -0.24154 0.97019 0.01981
vn 0.5339 0.44558 0.71861
vn 0.64341 0.07501 0.76183
vn 0.03539 0.99453 -0.09827
vn 0.37483 0.91144 -0.16966
vn -0.09888 0.54191 0.8346
vn 0.03559 0.63627 0.77064
vn 0.32256 0.6491 0.68893
vn 0.20936 0.35153 0.91246
vn 0.21671 -0.14578 0.96529
vn 0.26463 0.28833 0.92024
vn 0.52489 0.84852 -0.06708
vn -0.09065 0.95801 -0.27204
vn -0.17777 0.95208 -0.24887
vn -0.17767 0.73048 0.65942
vn 0.67375 0.50634 0.53822
vn 0.48657 0.16221 0.85845
vn -0.0276 0.44547 0.89487
vn -0.14545 -0.07468 0.98654
vn 0.17733 0.7525 0.63427
vn -0.02759 0.75253 0.65798
vn 0.29647 0.73916 0.60477
vn 0.3912 0.70733 0.58876
vn 0.48476 0.68184 0.54781
vn 0.61476 0.65442 0.44023
vn 0.60431 0.79392 0.06714
vn 0.73178 0.621 0.28083
vn 0.32804 0.55728 0.76278
vn 0.42126 0.57088 0.70473
vn -0.02756 0.57876 0.81503
vn 0.20155 0.57304 0.79436
vn 0.65538 0.51411 0.55333
vn 0.83413 0.45461 0.31232
vn 0.90287 0.24839 0.3509
vn 0.70791 0.28869 0.64461
vn 0.91105 0.10647 0.39832
vn 0.7035 0.14542 0.69566
vn 0.90009 0.09913 0.42428
vn 0.72051 0.12994 0.68116
vn 0.89772 0.09096 0.43108
vn 0.72054 0.12993 0.68113
vn 0.51093 0.55846 0.6535
vn 0.97839 0.05108 0.20037
vn 0.97712 0.06725 0.20176
vn 0.98069 0.08269 0.17722
vn 0.95593 0.23996 0.16915
vn 0.88776 0.44586 0.11441
vn 0.75281 0.65823 0.00397
vn 0.66933 0.74059 -0.0594
vn 0.81905 0.57372 0.00395
vn 0.8137 0.57 -0.11399
vn 0.75305 0.57957 -0.31145
vn 0.60545 0.65294 -0.45508
vn 0.66523 0.38182 -0.64163
vn 0.84031 0.31957 -0.4379
vn 0.86446 0.13027 -0.48553
vn 0.70377 0.17692 -0.68804
vn 0.86162 0.00393 -0.50753
vn 0.69883 -0.03512 -0.71442
vn 0.69534 -0.25537 -0.67178
vn 0.84514 -0.16905 -0.5071
vn 0.85615 0.48526 -0.17755
vn 0.94883 0.25591 -0.18502
vn 0.92354 0.27117 -0.27117
vn 0.99545 0.07475 -0.05901
vn 0.95771 0.11428 -0.26406
vn 0.95517 0.02751 -0.29479
vn 0.99343 0.0589 -0.09817
vn 0.94701 -0.08253 -0.31043
vn 0.99398 -0.0275 -0.10608
vn 0.9982 0.01176 0.05873
vn 0.99496 0.07474 0.06687
vn 0.48107 -0.31682 -0.81743
vn 0.47632 -0.05116 -0.87778
vn 0.25396 -0.34775 -0.90254
vn 0.27771 -0.0665 -0.95836
vn 0.27037 0.22337 -0.93649
vn 0.46702 0.20799 -0.85944
vn 0.46746 0.46745 -0.75031
vn 0.26333 0.53058 -0.80569
vn 0.22451 0.78381 -0.57899
vn 0.39044 0.7454 -0.54031
vn -0.02735 -0.07427 -0.99686
vn -0.02738 -0.35571 -0.93419
vn -0.02737 0.22305 -0.97442
vn -0.02739 0.55178 -0.83354
vn -0.02746 0.8113 -0.58399
vn 0.99644 0.06694 0.05121
vn 0.98276 -0.0513 0.1776
vn 0.91326 -0.01187 0.40721
vn 0.76895 0.07491 0.63491
vn 0.61962 0.28811 0.73012
vn 0.54323 0.21014 0.81286
vn 0.56293 0.42953 0.70612
vn 0.52598 0.28079 0.80281
vn 0.99484 -0.08258 0.05898
vn 0.98838 -0.12208 -0.09057
vn 0.92871 -0.21555 -0.30174
vn 0.79857 -0.358 -0.48386
vn 0.6464 -0.48188 -0.59157
vn 0.42814 -0.57737 -0.69523
vn 0.25425 -0.61412 -0.74714
vn -0.03527 -0.61518 -0.7876
vn 0.6737 0.12214 0.72884
vn 0.58285 0.19429 0.78901
vn 0.54784 -0.14583 0.82377
vn 0.69255 -0.20184 0.69255
vn 0.81426 -0.05112 0.57824
vn 0.81582 -0.32713 0.47689
vn 0.92145 -0.14634 0.35987
vn 0.87563 -0.38873 0.28664
vn 0.71295 -0.60267 0.35846
vn 0.72857 -0.64982 0.2166
vn 0.64531 -0.49486 0.58196
vn 0.53726 -0.80397 0.25492
vn 0.53044 -0.72691 0.43616
vn 0.53026 -0.83662 0.13747
vn 0.30172 -0.92088 0.24689
vn 0.33292 -0.93609 0.1136
vn 0.20793 -0.93764 0.27855
vn 0.23121 -0.96796 0.09799
vn 0.12104 -0.98784 0.09761
vn 0.12161 -0.94549 0.3021
vn -0.0118 -0.99508 0.09833
vn -0.01171 -0.94861 0.31623
vn 0.31762 -0.8117 0.49016
vn 0.46023 -0.46024 0.75919
vn -0.01177 -0.99974 -0.01963
vn 0.11385 -0.9933 -0.01964
vn 0.23052 -0.97287 -0.01954
vn 0.35581 -0.93448 -0.01174
vn 0.55193 -0.83381 0.01176
vn 0.77216 -0.63104 0.07447
vn 0.9199 -0.37507 0.1145
vn 0.97353 -0.1616 0.1616
vn 0.98563 -0.161 0.05105
vn 0.93054 -0.36517 0.02749
vn 0.7799 -0.62314 -0.05877
vn 0.60671 -0.78678 -0.11351
vn 0.40249 -0.90265 -0.15242
vn 0.26268 -0.95269 -0.15291
vn 0.11329 -0.98056 -0.16018
vn -0.01951 -0.98693 -0.15995
vn 0.28482 -0.89348 -0.34723
vn 0.13695 -0.92735 -0.34825
vn 0.6624 -0.70161 -0.26261
vn 0.46773 -0.82147 -0.32623
vn 0.20811 -0.76569 -0.60861
vn 0.38861 -0.71836 -0.57701
vn 0.57796 -0.63302 -0.51503
vn 0.73148 -0.51242 -0.44985
vn 0.97694 -0.20009 -0.07454
vn 0.92263 -0.37299 -0.09813
vn 0.8123 -0.5533 -0.18445
vn 0.89432 -0.34277 -0.28759
vn -0.01952 -0.9404 -0.3395
vn -0.03492 -0.78002 -0.62478
vn -0.14463 -0.92632 -0.34787
vn -0.13634 -0.9777 -0.15971
vn -0.12066 -0.9925 -0.01947
vn -0.12872 -0.98687 0.09755
vn -0.12934 -0.94456 0.3018
vn -0.21542 -0.93609 0.2781
vn -0.23121 -0.96796 0.09799
vn -0.33984 -0.93363 0.11331
vn -0.30882 -0.91868 0.24629
vn -0.53585 -0.83314 0.1369
vn -0.54387 -0.80214 0.24652
vn -0.73223 -0.64611 0.21536
vn -0.71678 -0.5993 0.35646
vn -0.88482 -0.38587 0.26115
vn -0.81844 -0.32502 0.47383
vn -0.94144 -0.15235 0.30079
vn -0.81688 -0.0508 0.57456
vn -0.67103 -0.18446 0.71812
vn -0.62337 -0.48224 0.61551
vn -0.65586 0.13746 0.74227
vn -0.54362 -0.6766 0.49668
vn -0.33323 -0.79576 0.5057
vn -0.45016 -0.45017 0.77117
vn -0.53879 -0.14551 0.82978
vn -0.58804 0.19337 0.78538
vn -0.23789 -0.9711 -0.01949
vn -0.36262 -0.93186 -0.01171
vn -0.54841 -0.8362 0.00388
vn -0.77571 -0.6276 0.06627
vn -0.91935 -0.37166 0.1291
vn -0.97771 -0.15969 0.13633
vn -0.98496 -0.16741 0.04282
vn -0.93003 -0.36493 0.04317
vn -0.78256 -0.61904 -0.06619
vn -0.60671 -0.78678 -0.11352
vn -0.40901 -0.8998 -0.15192
vn -0.26268 -0.95269 -0.15291
vn -0.29197 -0.89147 -0.34646
vn -0.65741 -0.70411 -0.2684
vn -0.47082 -0.82099 -0.32297
vn -0.23645 -0.76363 -0.6008
vn -0.39304 -0.71993 -0.57204
vn -0.57509 -0.63769 -0.51247
vn -0.76787 -0.47945 -0.42486
vn -0.9767 -0.19846 -0.08171
vn -0.92306 -0.37001 -0.10514
vn -0.80878 -0.55872 -0.18363
vn -0.89147 -0.34647 -0.29197
vn -0.98663 -0.05851 0.15208
vn -0.94023 -0.0273 0.33944
vn -0.98472 0.04316 0.16871
vn -0.92775 0.08221 0.36403
vn -0.92974 0.09023 0.35699
vn -0.72814 0.12988 0.67301
vn -0.7113 0.14539 0.68769
vn -0.91237 0.10572 0.39549
vn -0.71182 0.28708 0.64102
vn -0.90497 0.25465 0.34086
vn -0.65834 0.52431 0.54007
vn -0.83652 0.45164 0.31025
vn -0.65749 0.72835 0.19291
vn -0.60368 0.69048 0.39851
vn -0.62694 0.77682 0.05914
vn -0.78097 0.53762 0.31787
vn -0.55455 0.38936 0.73544
vn -0.49847 0.79681 0.34149
vn -0.55249 0.82678 -0.10579
vn -0.46092 0.88638 -0.04334
vn -0.82161 0.57004 -0.00394
vn -0.45838 0.88147 -0.1136
vn -0.57783 0.80579 -0.12971
vn -0.34304 0.92665 -0.15378
vn -0.3113 0.94965 -0.03545
vn -0.67808 0.50358 0.53537
vn -0.76369 -0.02769 0.64499
vn -0.29452 -0.05105 0.95428
vn -0.33557 0.56458 0.75408
vn -0.41339 0.04332 0.90952
vn -0.35844 0.20878 0.90991
vn -0.42917 0.89382 -0.12995
vn -0.4042 0.90654 -0.12168
vn -0.48955 0.86554 -0.10575
vn -0.52261 0.81341 -0.25542
vn -0.30295 0.90091 -0.31078
vn -0.27173 0.94118 -0.20084
vn -0.16921 0.92427 -0.34218
vn -0.15294 0.96077 -0.23138
vn -0.61056 0.76809 -0.193
vn -0.61518 0.7876 -0.03527
vn -0.32578 0.93026 -0.16877
vn -0.34218 0.92429 -0.16911
vn -0.24816 0.9493 -0.19301
vn -0.24777 0.94783 -0.20059
vn -0.12992 0.97257 -0.19292
vn -0.12212 0.97354 -0.19313
vn -0.24853 0.95071 -0.18541
vn -0.15293 0.97634 -0.15291
vn -0.20098 0.94965 -0.24038
vn -0.13782 0.95682 -0.25595
vn -0.6399 0.76555 0.06676
vn 0.01192 0.9778 -0.20918
vn 0.19299 0.96506 -0.17726
vn -0.12279 0.73272 0.66936
vn -0.64802 0.0746 0.75796
vn -0.18486 0.97929 -0.0826
vn -0.32531 0.93672 -0.12934
vn 0.09081 0.53313 0.84114
vn -0.11439 0.68245 0.72192
vn -0.15307 0.71046 0.68689
vn -0.20142 0.33568 0.92019
vn -0.01989 0.36103 0.93234
vn -0.29479 0.34198 0.89227
vn -0.45292 0.87822 -0.1536
vn -0.63636 0.54937 0.54152
vn -0.42315 0.02769 0.90564
vn -0.16905 0.73514 0.6565
vn -0.30395 0.73026 0.61183
vn -0.39821 0.69785 0.59535
vn -0.49077 0.67921 0.54573
vn -0.3266 0.56269 0.75942
vn -0.44621 0.54888 0.70684
vn -0.18631 0.57481 0.79679
vn -0.51675 0.5562 0.65086
vn -0.18986 -0.12812 -0.97342
vn -0.57453 0.44945 -0.68404
vn -0.59819 0.4418 -0.66856
vn -0.20655 -0.17535 -0.9626
vn -0.16779 -0.16775 -0.97145
vn -0.56729 0.45771 -0.68461
vn -0.75538 0.6526 0.05932
vn -0.69721 0.70499 0.12995
vn -0.73397 0.67908 0.01176
vn 0.35889 -0.26424 0.8952
vn 0.3667 -0.27996 0.88722
vn 0.31935 -0.23261 0.91864
vn 0.29623 -0.22513 0.92821
vn 0.92945 0.36862 -0.01554
vn 0.70942 -0.16432 0.68536
vn 0.18516 -0.05911 0.98093
vn 0.19282 -0.05115 0.9799
vn -0.02756 0.39757 0.91716
vn -0.0512 0.44504 0.89405
vn 0.05928 0.20942 0.97603
vn 0.0513 0.21709 0.9748
vn 0.23193 -0.95503 -0.18472
vn 0.2386 -0.93507 -0.26214
vn 0.09023 -0.60816 -0.78867
vn 0.08217 -0.62212 -0.7786
vn -0.19103 -0.191 -0.96282
vn 0.2221 -0.58066 -0.78326
vn -0.19146 -0.12895 -0.97299
vn -0.16754 -0.1753 -0.97016
vn 0.4237 -0.82755 0.3683
vn 0.33755 0.47255 0.8141
vn -0.03552 0.69072 0.72225
vn 0.91926 0.25071 0.3035
vn 0.91929 0.25068 0.30344
vn 0.74816 0.43597 0.50019
vn 0.78878 -0.57472 -0.21801
vn 0.61764 -0.7829 -0.07477
vn 0.55849 -0.69321 -0.45556
vn -0.15533 0.84847 -0.50593
vn 0.70707 0.01184 0.70704
vn 0.46427 -0.17063 0.8691
vn 0.76824 -0.32552 -0.55121
vn 0.43338 0.76397 -0.47805
vn 0.28853 -0.3535 -0.88983
vn 0.5669 -0.76516 -0.30521
vn 0.56693 -0.76512 -0.30526
vn 0.82277 -0.00397 0.56837
vn 0.58456 -0.13921 0.79932
vn 0.97475 0.16181 0.1539
vn 0.99741 0.06649 0.02736
vn 0.99059 0.07499 -0.11446
vn 0.94583 0.22557 -0.2335
vn 0.98594 0.08249 0.14532
vn 0.8649 0.49365 0.09084
vn 0.79844 0.60176 -0.01967
vn 0.81577 0.56356 -0.13005
vn 0.85847 0.21163 -0.46717
vn 0.23214 -0.12986 0.96397
vn 0.35121 -0.27229 0.89583
vn 0.41288 -0.31853 0.85327
vn 0.36066 -0.13082 0.92348
vn 0.0827 0.21659 0.97275
vn -0.00395 0.30435 0.95255
vn 0.26451 -0.09869 0.95932
vn 0.38209 -0.2009 0.90202
vn 0.39167 -0.10682 0.91388
vn -0.38883 0.90713 -0.16101
vn -0.32089 0.94691 -0.0198
vn -0.4177 0.5192 -0.74563
vn -0.09914 0.8924 0.44023
vn -0.41971 0.54523 -0.72565
vn -0.09028 -0.14526 -0.98527
vn -0.07409 -0.14429 -0.98676
vn -0.42026 0.49879 -0.75802
vn -0.08204 -0.12892 -0.98826
vn 0.37372 0.07477 0.92452
vn 0.23338 0.14639 0.9613
vn 0.81858 -0.5363 0.20567
vn 0.73968 -0.63682 -0.21755
vn 0.17649 -0.41967 -0.89035
vn 0.21414 -0.43216 -0.876
vn -0.08977 -0.12882 -0.9876
vn 0.23946 -0.43576 -0.86762
vn -0.08996 -0.11342 -0.98947
vn -0.12096 -0.10533 -0.98705
vn 0.66523 -0.64162 -0.38183
vn 0.16192 0.19353 0.96764
vn -0.47429 0.8427 -0.25476
vn 0.36599 -0.23218 0.90119
vn 0.35034 -0.22437 0.90935
vn 0.38286 -0.24928 0.88954
vn 0.37399 -0.24801 0.89366
vn 0.34973 -0.23187 0.90771
vn -0.62361 0.74909 -0.22354
vn -0.49754 0.82677 -0.2625
vn -0.48839 0.46494 -0.73844
vn -0.50588 0.46666 -0.72547
vn -0.09754 -0.12871 -0.98687
vn -0.11354 -0.1449 -0.98291
vn -0.44273 0.48189 -0.75616
vn -0.08995 -0.11339 -0.98947
vn -0.65749 0.72834 -0.19294
vn 0.35846 -0.24028 0.90209
vn 0.34342 -0.225 0.91183
vn 0.28869 -0.09094 0.95309
vn 0.24835 -0.07491 0.96577
vn -0.00394 0.28771 0.95771
vn 0.00394 0.3115 0.95024
vn -0.00395 0.32808 0.94464
vn 0.24169 -0.07465 0.96748
vn 0.33401 -0.22398 0.91557
vn 0.11386 0.17669 0.97766
vn 0.09894 0.18602 0.97755
vn 0.59207 -0.70186 -0.39604
vn 0.39389 -0.81497 -0.42505
vn 0.20668 -0.44844 -0.86959
vn 0.15246 -0.51993 -0.84049
vn -0.09742 -0.13641 -0.98585
vn -0.09004 -0.10567 -0.99032
vn 0.1372 -0.54492 -0.82719
vn -0.11341 -0.15254 -0.98177
vn 0.33257 -0.84892 -0.41077
vn 0.09096 0.19379 0.97682
vn 0.23047 -0.43361 -0.87113
vn -0.08995 -0.11343 -0.98947
vn 0.63167 -0.67093 -0.38839
vn 0.12161 0.1765 0.97676
vn -0.00394 0.28771 0.95771
vn 0.3031 -0.09053 0.94865
vn 0.17652 -0.41967 -0.89035
vn -0.12102 -0.09761 -0.98784
vn 0.76274 0.4991 -0.41126
vn 0.82831 -0.4081 0.38388
vn 0.38246 0.09857 0.9187
vn 0.82292 0.53148 0.20081
vn -0.05229 0.8972 0.43852
vn -0.41977 0.58451 -0.69436
vn 0.75318 0.51405 -0.41045
vn -0.08967 -0.13645 -0.98658
vn -0.44274 0.48189 -0.75615
vn -0.0822 -0.11348 -0.99013
vn -0.64922 0.75937 -0.04328
vn -0.67028 0.74086 0.04311
vn -0.77643 0.62816 -0.0507
vn -0.81994 0.56103 -0.11376
vn -0.74616 0.58991 -0.30863
vn -0.60017 0.65511 -0.45894
vn -0.70364 0.36558 -0.6093
vn -0.83739 0.31847 -0.44424
vn -0.85691 0.13695 -0.49694
vn -0.69216 0.17595 -0.69996
vn -0.88072 0.00392 -0.47362
vn -0.73719 -0.03511 -0.67477
vn -0.72102 -0.23775 -0.65085
vn -0.86358 -0.15239 -0.48064
vn -0.82668 0.5289 -0.19199
vn -0.93557 0.30142 -0.18398
vn -0.92468 0.26924 -0.26922
vn -0.99013 0.08218 -0.11349
vn -0.95637 0.1132 -0.26935
vn -0.95381 0.01947 -0.29979
vn -0.99263 0.05885 -0.10593
vn -0.94551 -0.0817 -0.31516
vn -0.99322 -0.02728 -0.11297
vn -0.99863 0.01176 0.05092
vn -0.99545 0.07477 0.05904
vn -0.48107 -0.31682 -0.81743
vn -0.5184 -0.05066 -0.85364
vn -0.29196 -0.34646 -0.89147
vn -0.27032 -0.07443 -0.95989
vn -0.26116 0.22218 -0.93938
vn -0.51332 0.19984 -0.83461
vn -0.45687 0.47249 -0.75367
vn -0.26333 0.53058 -0.80569
vn -0.22314 0.78681 -0.57545
vn -0.38653 0.74572 -0.54268
vn -0.99741 0.06649 0.02737
vn -0.98345 0.0666 0.16847
vn -0.98478 0.08239 0.15302
vn -0.96689 0.19182 0.16833
vn -0.86687 0.49031 0.09022
vn -0.99492 -0.08191 0.05852
vn -0.98688 -0.12869 -0.09751
vn -0.92491 -0.22246 -0.30831
vn -0.79329 -0.36343 -0.48848
vn -0.64398 -0.48784 -0.58933
vn -0.46388 -0.56524 -0.68215
vn -0.25278 -0.61054 -0.75056
vn 0.57883 0.35044 -0.73631
vn 0.45912 0.45127 -0.76522
vn 0.20041 0.0511 -0.97838
vn 0.30889 -0.04301 -0.95013
vn 0.23793 -0.01168 -0.97121
vn 0.49012 0.40386 -0.77245
vn 0.66289 0.56763 0.48823
vn 0.18151 0.81884 0.54457
vn 0.6549 0.69463 0.29766
vn -0.27854 -0.16869 0.94549
vn -0.27129 -0.16905 0.94754
vn -0.40461 -0.31032 0.86023
vn -0.41847 -0.37936 0.82521
vn -0.65824 0.35078 0.66609
vn -0.55451 -0.38935 0.73547
vn -0.06687 0.14549 0.9871
vn -0.09088 0.1541 0.98387
vn -0.01185 0.30434 0.95249
vn 0.03563 0.34438 0.93815
vn -0.03546 0.31129 0.94965
vn -0.00393 0.43617 0.89986
vn -0.26505 -0.86636 0.42327
vn -0.3508 -0.92624 0.13792
vn -0.13655 -0.64373 -0.75297
vn -0.12154 -0.69399 -0.70965
vn 0.31839 -0.03539 -0.9473
vn -0.4189 -0.646 -0.63813
vn 0.19577 0.05991 -0.97882
vn 0.23795 -0.00392 -0.97127
vn -0.71837 -0.35322 0.59932
vn -0.83372 -0.39449 0.38637
vn 0.00395 0.47691 0.87895
vn -0.16116 0.17685 0.97095
vn -0.20997 0.20998 -0.95489
vn -0.82466 0.32409 -0.46357
vn -0.6566 0.65661 0.37114
vn -0.61323 -0.517 0.5972
vn 0.00395 0.38153 -0.92435
vn -0.01219 0.83509 0.54998
vn -0.64222 0.35066 0.68161
vn -0.04364 0.46419 0.88466
vn -0.01221 0.83512 0.54994
vn -0.08349 0.93452 0.34597
vn -0.0601 0.30842 -0.94935
vn -0.17364 0.83584 0.52079
vn -0.83375 -0.39449 0.38632
vn -0.83795 0.20065 0.50752
vn -0.16259 0.55915 0.81297
vn -0.95707 0.23047 0.17577
vn -0.99595 0.07419 0.05077
vn -0.99559 0.06637 -0.06636
vn -0.92087 0.30174 -0.24687
vn -0.98165 0.08995 0.16816
vn -0.88633 0.44901 0.11323
vn -0.81794 0.5753 -0.00391
vn -0.83982 0.52733 -0.1289
vn -0.9342 0.30099 -0.19152
vn -0.72814 0.12988 0.67301
vn -0.77598 0.07484 0.6263
vn -0.60885 0.31817 0.72669
vn -0.54691 0.22427 0.80659
vn -0.57016 0.43648 0.69599
vn -0.53133 0.30304 0.79111
vn -0.41403 -0.35092 0.8399
vn -0.40476 -0.34972 0.84491
vn -0.05122 0.22459 0.97311
vn -0.14579 0.17733 0.97329
vn 0.01181 0.26375 0.96452
vn 0.00395 0.31151 0.95024
vn -0.20965 0.0356 0.97713
vn -0.35012 -0.09049 0.93232
vn -0.38088 -0.05891 0.92275
vn 0.27329 0.93874 0.20993
vn 0.11562 0.89702 0.4266
vn 0.39062 0.45376 -0.80095
vn -0.0515 0.74838 0.66127
vn 0.39787 0.47664 -0.78391
vn 0.19152 0.02738 -0.98111
vn 0.17647 0.00393 -0.9843
vn 0.40295 0.42642 -0.80981
vn 0.16121 -0.00394 -0.98691
vn -0.33464 0.05118 0.94096
vn -0.16166 0.20112 0.96613
vn -0.69392 -0.2627 0.67042
vn -0.78422 -0.41 0.46572
vn -0.22154 -0.44696 -0.86669
vn -0.27034 -0.46624 -0.84234
vn 0.15227 -0.02733 -0.98796
vn -0.31711 -0.46588 -0.82607
vn 0.15235 -0.01174 -0.98826
vn 0.17647 0.00394 -0.9843
vn -0.79831 -0.5441 0.25817
vn -0.1067 0.22531 0.96843
vn 0.32944 0.93269 0.14685
vn -0.33567 -0.10665 0.93592
vn -0.30176 -0.12933 0.94457
vn -0.40425 -0.33358 0.85165
vn -0.38959 -0.30301 0.86971
vn -0.29462 -0.12963 0.94678
vn 0.52744 0.84468 0.09121
vn 0.47247 0.87739 0.08339
vn 0.42777 0.41208 -0.80449
vn 0.48259 0.41198 -0.7729
vn 0.15997 0.01172 -0.98705
vn 0.21566 -0.00393 -0.97646
vn 0.41345 0.42132 -0.80718
vn 0.15994 0.01953 -0.98693
vn 0.63828 0.73341 0.2339
vn -0.28603 -0.16078 0.94464
vn -0.38029 -0.30186 0.87422
vn -0.12999 0.14572 0.98075
vn -0.12999 0.14574 0.98075
vn -0.01976 0.2804 0.95968
vn -0.02765 0.28034 0.9595
vn -0.01965 0.29486 0.95534
vn -0.10664 0.14614 0.9835
vn -0.39625 -0.3021 0.86702
vn -0.07462 0.23168 0.96993
vn -0.06719 0.24104 0.96819
vn -0.69073 -0.70654 0.15394
vn -0.62298 -0.77373 0.11508
vn -0.24649 -0.52031 -0.81763
vn -0.22285 -0.54346 -0.80931
vn 0.16754 0.01168 -0.9858
vn 0.16119 0.01967 -0.98673
vn -0.15227 -0.62072 -0.7691
vn 0.22315 -0.00391 -0.97478
vn -0.39865 -0.91178 0.09866
vn -0.05117 0.28732 0.95647
vn -0.31598 -0.47199 -0.82303
vn 0.15999 -0.0039 -0.98711
vn -0.78738 -0.57373 0.22552
vn -0.09051 0.21646 0.97209
vn -0.00394 0.29491 0.95552
vn -0.1541 0.15409 0.97597
vn -0.32623 -0.46774 -0.82146
vn -0.15489 0.48973 -0.858
vn 0.18856 0.17247 -0.9668
vn -0.71201 -0.24784 0.65697
vn -0.43003 0.11439 0.89554
vn -0.63047 0.20222 0.74941
vn -0.11505 0.68638 0.71808
vn 0.38971 0.60224 -0.69672
vn -0.17622 0.42208 -0.88927
vn 0.16377 0.12386 -0.97869
vn 0.4043 0.42 -0.81249
vn 0.16757 0.00391 -0.98585
vn -0.42502 -0.84607 0.32175
vn -0.32449 -0.84836 0.41831
vn -0.00394 -0.96254 0.27111
vn -0.48258 -0.77292 0.41197
vn 0.65374 0.66449 -0.36204
vn -0.61288 -0.75343 0.23815
vn -0.60482 -0.79213 0.08197
vn -0.47383 -0.84977 0.23103
vn -0.44153 -0.89478 -0.06641
vn 0.61422 -0.60589 -0.5056
vn -0.40096 -0.87584 -0.26857
vn -0.37672 -0.84277 -0.38447
vn -0.57158 -0.61047 -0.54828
vn -0.55077 -0.83201 -0.06641
vn -0.57454 -0.8169 0.05082
vn -0.42503 -0.84607 0.32173
vn 0.37242 -0.07947 -0.92466
vn -0.2473 -0.891 0.38073
vn 0.01966 -0.90721 0.42022
vn 0.18404 -0.98272 -0.01955
vn 0.00392 -0.92819 0.37208
vn -0.39515 -0.91158 -0.11347
vn -0.51984 -0.55109 -0.65274
vn -0.44905 -0.50373 -0.73798
vn 0.13678 -0.37127 -0.91839
vn 0.11371 -0.58412 -0.80366
vn -0.47339 -0.42646 -0.77074
vn -0.51806 -0.37785 -0.76736
vn -0.47343 -0.43932 -0.76346
vn 0.18513 -0.57119 -0.79967
vn 0.06618 -0.29207 -0.95411
vn 0.65373 0.66454 -0.36198
vn 0.15619 -0.57259 -0.80483
vn 0.2932 -0.8874 0.35574
vn -0.73835 0.20139 -0.64364
vn 0.52045 -0.84913 0.09002
vn 0.28708 -0.93991 0.18482
vn -0.62447 -0.5997 -0.5004
vn 0.53695 -0.83482 -0.12152
vn 0.3322 -0.94184 -0.05082
vn 0.56152 -0.5851 -0.5851
vn 0.41832 -0.84836 -0.32448
vn 0.43359 -0.88676 -0.16017
vn 0.48268 -0.55331 -0.67888
vn 0.43378 -0.48068 -0.76209
vn 0.44231 -0.45797 -0.77112
vn 0.51233 -0.37938 -0.77045
vn 0.3334 -0.7335 -0.5923
vn 0.66651 -0.7454 0.01177
vn 0.65432 -0.75621 -0.00391
vn 0.66653 -0.74539 0.01181
vn 0.61723 -0.76663 0.17691
vn 0.54785 -0.77647 0.31137
vn 0.51559 -0.83834 0.1771
vn 0.44453 -0.79071 0.42092
vn 0.28708 -0.9399 0.18485
vn 0.34342 -0.86446 0.3671
vn 0.34171 -0.83662 0.42814
vn -0.04296 -0.91789 0.3945
vn 0.84633 -0.47184 -0.24718
vn -0.01255 -0.9574 0.28849
vn -0.36757 0.27672 -0.88787
vn -0.92491 -0.37856 -0.03512
vn -0.82673 -0.49758 0.26253
vn -0.88153 -0.3095 0.35653
vn -0.9673 -0.24672 0.05875
vn -0.90321 -0.05082 0.42618
vn -0.98814 -0.01954 0.15232
vn -0.66465 -0.69612 0.27139
vn -0.88039 -0.46563 -0.09
vn -0.59917 -0.7245 0.34072
vn -0.79964 -0.59681 -0.06631
vn -0.71134 -0.64843 -0.27117
vn -0.50146 -0.23695 -0.8321
vn -0.66643 0.04286 -0.74434
vn -0.6238 -0.24717 -0.74147
vn -0.94554 -0.30462 0.11471
vn -0.97919 -0.17187 0.10793
vn -0.79401 -0.48111 0.37159
vn -0.77689 -0.59733 0.19912
vn -0.68563 -0.47407 0.55243
vn -0.6398 -0.61624 0.45924
vn -0.58921 -0.75311 0.29267
vn -0.74877 -0.66254 -0.01959
vn -0.3799 -0.64622 0.66187
vn -0.47544 -0.50688 0.71905
vn -0.71724 -0.27826 0.63885
vn -0.57674 -0.28644 0.76506
vn -0.71755 -0.05882 0.69402
vn -0.59578 -0.05916 0.80096
vn -0.34994 -0.78246 0.51507
vn -0.83087 -0.28746 0.47647
vn -0.8102 -0.05873 0.5832
vn -0.43487 -0.58376 0.68565
vn -0.50757 -0.30298 0.80658
vn -0.37299 -0.67922 0.63209
vn -0.66467 -0.69612 0.27135
vn -0.21079 -0.78345 0.58462
vn -0.73732 -0.66558 -0.11557
vn -0.5159 -0.05909 0.85461
vn -0.3743 -0.0512 0.92589
vn -0.41391 -0.2641 0.87117
vn -0.21641 -0.23218 0.94829
vn -0.22302 -0.44999 0.86474
vn -0.02739 -0.45799 0.88854
vn -0.0276 -0.22479 0.97402
vn -0.2079 -0.05101 0.97682
vn -0.01974 -0.05916 0.99805
vn -0.01183 -0.61935 0.78502
vn -0.2156 -0.60761 0.76441
vn 0.8463 -0.47188 -0.24721
vn -0.16863 -0.75689 0.63141
vn -0.46848 -0.47635 0.74405
vn -0.41861 -0.61421 0.66896
vn -0.43491 -0.58376 0.68562
vn -0.37296 -0.67922 0.63211
vn -0.53748 -0.70225 0.46687
vn -0.2389 -0.92042 0.30942
vn -0.54593 -0.75016 0.37312
vn -0.17673 -0.7972 0.57727
vn 0.94691 0.12432 -0.29648
vn -0.65 -0.73562 0.19071
vn -0.49151 0.12974 0.86115
vn -0.5683 0.13719 0.8113
vn -0.45912 0.34139 0.82016
vn -0.33491 0.31915 0.88655
vn -0.35805 0.12986 0.92463
vn -0.17769 0.32772 0.92792
vn -0.20088 0.11422 0.97293
vn -0.01978 0.11474 0.9932
vn -0.01976 0.328 0.94447
vn -0.53144 0.35822 0.76763
vn -0.70092 0.16839 0.69308
vn -0.64893 0.39722 0.64892
vn -0.78401 0.17731 0.59489
vn -0.71878 0.42029 0.55381
vn -0.86729 0.1923 0.45915
vn -0.83112 0.31119 0.46087
vn -0.96512 0.20709 0.1602
vn -0.89079 0.43558 0.1295
vn -0.97432 0.22484 0.01182
vn -0.90592 0.42329 0.01185
vn -0.4132 0.547 0.72804
vn -0.28867 0.53384 0.79479
vn -0.45342 0.73732 0.50077
vn -0.21694 0.69028 0.69026
vn -0.15347 0.52337 0.83817
vn -0.12218 0.68183 0.72124
vn -0.01981 0.5109 0.85941
vn -0.01178 0.71097 0.70313
vn -0.05127 0.72178 0.69022
vn -0.53133 0.74387 0.4054
vn -0.501 0.72192 0.47733
vn -0.47743 0.57216 0.66685
vn -0.57151 0.61092 0.54787
vn -0.58008 0.74581 0.32753
vn -0.62498 0.625 0.46774
vn -0.69484 0.62416 0.35724
vn -0.60076 0.72642 0.33377
vn -0.68149 0.72876 0.06695
vn -0.6985 0.71429 0.0434
vn -0.78606 0.60615 0.12123
vn -0.81761 0.57272 0.05924
vn 0.66819 0.73935 0.08303
vn 0.70246 0.71039 -0.04365
vn 0.75534 0.6209 0.20961
vn 0.81761 0.57271 -0.05926
vn 0.66859 0.63696 0.38375
vn 0.58966 0.74796 0.30473
vn 0.57481 0.74923 0.32901
vn 0.60329 0.62698 0.49289
vn 0.54799 0.60319 0.57954
vn 0.56485 0.74656 0.35156
vn 0.43099 0.71567 0.54961
vn 0.50336 0.58263 0.6381
vn 0.32065 0.7007 0.63735
vn 0.29701 0.72472 0.62175
vn 0.13845 0.71595 0.68429
vn 0.1222 0.51644 0.84756
vn 0.25599 0.53166 0.80735
vn 0.37531 0.54918 0.74669
vn 0.13839 0.32031 0.93715
vn 0.16142 0.11416 0.98026
vn 0.32804 0.12253 0.93669
vn 0.29713 0.32089 0.8993
vn 0.44499 0.12997 0.88605
vn 0.43096 0.22535 0.87378
vn 0.59424 0.14562 0.791
vn 0.56496 0.36744 0.73879
vn 0.66644 0.15378 0.72952
vn 0.61877 0.39018 0.68182
vn 0.75625 0.17818 0.62956
vn 0.69256 0.41552 0.58966
vn 0.83927 0.19307 0.50829
vn 0.77039 0.43065 0.47014
vn 0.94119 0.20083 0.27172
vn 0.86398 0.43792 0.24854
vn 0.97122 0.22595 -0.07532
vn 0.93838 0.32865 -0.10692
vn 0.97047 -0.02751 0.23965
vn 0.99992 0.00393 -0.01185
vn 0.94877 -0.27162 0.16143
vn 0.87742 -0.05903 0.47609
vn 0.86565 -0.31228 0.39131
vn 0.89018 -0.44314 0.10586
vn 0.80451 -0.55333 0.21585
vn 0.75699 -0.64717 0.09022
vn 0.83631 -0.53791 0.10603
vn 0.56154 -0.75002 0.34949
vn 0.737 -0.65819 0.1537
vn 0.59185 -0.75649 0.27828
vn 0.74957 -0.49839 -0.43561
vn 0.69433 0.05101 -0.71785
vn 0.9207 -0.3754 -0.1067
vn 0.9704 -0.22395 -0.09036
vn 0.76465 -0.48233 0.4274
vn 0.75769 -0.60066 0.25517
vn 0.65941 -0.47778 0.58043
vn 0.5855 -0.63265 0.5069
vn 0.4364 -0.7824 0.4443
vn 0.68779 -0.71923 0.09826
vn 0.45302 -0.64209 0.61846
vn 0.53244 -0.50092 0.68234
vn 0.69203 -0.27286 0.66831
vn 0.61876 -0.27195 0.737
vn 0.68542 -0.06737 0.72503
vn 0.61831 -0.05909 0.78371
vn 0.24789 -0.78298 0.57052
vn 0.78167 -0.28674 0.55387
vn 0.78064 -0.05943 0.62215
vn 0.49961 -0.51534 0.69629
vn 0.48455 -0.29544 0.82336
vn 0.41321 -0.7261 0.54958
vn 0.75698 -0.64718 0.09023
vn -0.73301 0.58397 -0.34882
vn 0.73545 -0.67253 -0.08257
vn 0.46998 -0.05926 0.88069
vn 0.33467 -0.0512 0.94095
vn 0.36648 -0.25614 0.89447
vn 0.16946 -0.23252 0.95771
vn 0.16891 -0.45174 0.87601
vn 0.15328 -0.05896 0.98642
vn 0.1291 -0.6142 0.77852
vn 0.09021 -0.75699 0.64717
vn 0.40599 -0.46904 0.78433
vn 0.48457 -0.6106 0.62638
vn 0.49962 -0.51534 0.69628
vn 0.41318 -0.7261 0.5496
vn 0.45957 -0.75026 0.4753
vn 0.25363 -0.94821 0.19121
vn 0.41295 -0.79052 0.45228
vn 0.05891 -0.79719 0.60084
vn -0.10612 -0.79784 0.59346
vn 0.67046 -0.73318 0.11372
vn -0.06682 -0.86847 0.49122
vn -0.81763 -0.53011 0.22465
vn -0.7558 -0.59875 0.26506
vn 0.62206 -0.76292 0.17606
vn 0.68957 -0.72112 0.06699
vn -0.20054 -0.86906 0.45223
vn -0.48341 -0.82142 0.30263
vn -0.50036 -0.82059 0.27619
vn 0.55004 0.55801 -0.62135
vn -0.6853 -0.72445 0.0744
vn -0.22553 -0.57373 -0.78738
vn -0.348 -0.80935 -0.47313
vn -0.51403 -0.5383 -0.66783
vn 0.67842 -0.713 -0.17716
vn 0.6186 -0.77615 -0.12216
vn 0.39736 -0.75927 0.51538
vn 0.50553 -0.81121 -0.29391
vn -0.59544 -0.76896 0.2327
vn 0.35812 -0.87757 -0.31877
vn 0.45693 -0.37102 -0.80843
vn 0.36402 -0.32489 -0.87289
vn 0.53687 -0.0431 -0.84256
vn -0.55594 -0.77373 -0.30376
vn -0.2417 -0.57179 -0.78399
vn 0.27045 -0.40374 -0.87399
vn 0.71357 0.45744 0.53062
vn -0.62626 -0.71975 0.2996
vn -0.59914 -0.77921 -0.18401
vn 0.46379 0.31061 0.82971
vn -0.37131 -0.84037 0.39485
vn -0.50549 -0.82677 0.24683
vn -0.18952 -0.84267 0.50398
vn -0.38386 -0.66079 0.64499
vn -0.71133 -0.64844 -0.27117
vn 0.76655 0.58571 -0.26335
vn -0.59914 -0.72453 0.34072
vn -0.39433 -0.86284 -0.31626
vn -0.66463 -0.69615 0.27138
vn -0.3549 -0.47177 -0.80715
vn -0.50146 -0.23698 -0.83209
vn -0.66464 -0.69612 0.2714
vn -0.11405 -0.93261 -0.34238
vn -0.73733 -0.66558 -0.11552
vn 0.57212 0.69837 -0.43007
vn -0.29351 -0.9529 0.07637
vn 0.54833 0.72191 -0.42211
vn 0.41245 0.64978 -0.63849
vn 0.69662 0.6409 -0.32245
vn 0.47376 -0.87992 -0.03582
vn -0.37302 -0.6792 0.6321
vn -0.2108 -0.78347 0.58458
vn -0.01257 -0.9574 0.28849
vn 0.5501 0.55799 -0.62132
vn -0.50033 -0.82058 0.27626
vn -0.68529 -0.72446 0.07442
vn 0.9469 0.12435 -0.29651
vn 0.84635 -0.47182 -0.24715
vn -0.23894 -0.92041 0.30945
vn -0.65002 -0.73559 0.19073
vn 0.41249 0.64978 -0.63847
vn -0.57288 -0.79112 0.21433
vn -0.57288 -0.79111 0.21435
vn -0.37937 -0.82521 0.41846
vn 0.69664 0.6409 -0.3224
vn 0.57216 0.69837 -0.43002
vn -0.41442 0.65914 0.62753
vn -0.2937 0.84086 0.45465
vn -0.22513 0.51746 0.82556
vn -0.66731 0.48568 0.56463
vn -0.61044 0.4529 0.6498
vn -0.30356 0.32721 0.89486
vn -0.20055 0.45223 0.86906
vn -0.67553 0.72788 0.11767
vn -0.37608 0.38401 0.84327
vn -0.75267 0.5714 0.3271
vn -0.51647 0.7846 0.34301
vn -0.5243 0.76084 0.3824
vn -0.72115 0.55565 0.41376
vn -0.4204 0.8526 0.31039
vn -0.39052 0.90332 0.17751
vn -0.34199 0.9395 -0.01965
vn -0.27199 0.91052 -0.31141
vn -0.41341 0.90951 -0.04331
vn -0.35151 0.92815 -0.12242
vn -0.20128 0.94317 -0.2644
vn -0.24747 0.9388 -0.23962
vn -0.11364 0.9211 -0.37237
vn 0.10575 0.84215 -0.52878
vn -0.81109 0.55019 0.19854
vn -0.40484 0.16116 0.90007
vn -0.28861 0.1542 0.94495
vn -0.46074 -0.05121 0.88606
vn -0.45193 -0.01999 0.89183
vn -0.7812 0.01178 0.62417
vn -0.72916 0.2562 0.63458
vn -0.83667 0.04321 0.546
vn -0.78168 0.27105 0.5617
vn -0.9206 0.0901 0.37998
vn -0.85645 0.3324 0.39498
vn -0.86023 0.31031 0.40461
vn -0.94936 0.11331 0.29303
vn -0.97299 0.12896 0.19148
vn -0.93209 0.27139 0.2399
vn -0.9619 0.26305 0.07459
vn -0.98472 0.1687 0.04316
vn -0.88201 0.45081 -0.13721
vn -0.95328 0.23932 -0.18436
vn -0.72329 0.64512 -0.2463
vn -0.86548 0.3172 -0.38771
vn -0.82561 0.34042 -0.44998
vn -0.68936 0.65785 -0.30333
vn -0.54027 0.82423 -0.16958
vn -0.54489 0.68601 -0.48217
vn -0.41183 0.85112 -0.32556
vn -0.58509 0.805 -0.09819
vn -0.36435 0.85019 -0.38005
vn -0.48215 0.68602 -0.54489
vn -0.19242 0.82071 -0.53797
vn -0.28576 0.65373 -0.7007
vn 0.08266 0.71252 -0.69677
vn 0.04329 0.53125 -0.84611
vn -0.13274 0.73612 -0.66371
vn 0.08282 0.36671 -0.92664
vn -0.34042 0.44999 -0.82561
vn -0.57485 0.41059 -0.70779
vn 0.04317 0.36494 -0.93003
vn 0.32529 -0.12933 -0.93673
vn -0.65345 0.3952 -0.64562
vn -0.29556 0.72115 -0.62656
vn -0.47314 -0.85627 -0.20723
vn 0.31137 -0.85539 -0.41396
vn 0.55195 0.01173 -0.83379
vn 0.04301 0.18388 -0.98201
vn 0.04308 0.01959 -0.99888
vn -0.41717 0.20664 -0.88503
vn -0.4581 -0.01175 -0.88882
vn 0.15967 -0.22197 -0.96189
vn -0.58963 -0.24601 -0.76929
vn 0.38302 -0.08294 0.92001
vn -0.63323 -0.24475 -0.73424
vn -0.63841 0.14493 -0.75592
vn 0.35776 -0.15676 -0.92056
vn 0.20521 -0.13279 0.96967
vn 0.38092 -0.10823 0.91825
vn -0.65183 -0.17566 -0.73774
vn -0.52793 -0.3402 -0.77817
vn -0.81057 -0.22884 -0.53908
vn -0.76133 -0.41775 -0.49584
vn -0.69866 0.11319 -0.70645
vn -0.84831 0.043 -0.52775
vn -0.75948 -0.44011 -0.47905
vn -0.83085 -0.25353 -0.49539
vn -0.8887 0.01957 -0.45807
vn -0.55592 -0.77374 -0.30376
vn -0.7504 -0.49382 -0.43937
vn 0.71362 0.45738 0.53062
vn -0.47262 -0.33201 -0.81634
vn -0.30883 -0.05077 -0.94976
vn 0.3155 -0.06725 0.94654
vn 0.20519 -0.13278 0.96967
vn 0.38301 -0.08292 0.92002
vn 0.38094 -0.10826 0.91824
vn 0.35777 -0.1568 -0.92055
vn -0.30935 -0.20753 -0.92803
vn -0.24168 -0.57179 -0.78399
vn -0.316 -0.37842 -0.87003
vn 0.27046 -0.40369 -0.87401
vn 0.02751 -0.271 -0.96219
vn 0.46381 0.31055 0.82972
vn -0.46471 -0.39444 -0.79275
vn -0.8848 -0.26116 -0.3859
vn -0.96689 -0.01958 -0.25445
vn -0.95007 -0.30105 -0.08211
vn -0.99888 -0.04308 -0.01959
vn -0.9876 -0.08977 0.12881
vn -0.92228 -0.36968 0.11285
vn -0.84852 -0.52006 -0.09773
vn -0.81718 -0.55132 0.16811
vn -0.77083 -0.62214 -0.13694
vn -0.75007 -0.43137 -0.50132
vn -0.61056 -0.55612 -0.56387
vn -0.62967 -0.73134 0.26202
vn -0.59547 -0.76895 0.23266
vn -0.55595 -0.77372 -0.30377
vn -0.80783 -0.58929 -0.01172
vn -0.89316 -0.4173 0.1677
vn -0.81665 -0.55874 0.14456
vn -0.88002 -0.41066 0.23859
vn -0.57744 -0.66383 0.47528
vn -0.71646 -0.48937 0.4972
vn -0.44121 -0.77699 0.44902
vn -0.66204 -0.74822 -0.04309
vn -0.59911 -0.77924 -0.18401
vn -0.62633 -0.7197 0.29956
vn -0.53728 -0.66278 0.52158
vn -0.66992 -0.52888 0.52106
vn -0.81678 -0.21496 0.53541
vn -0.75768 -0.25517 0.60067
vn -0.96718 -0.12138 0.2232
vn -0.93471 -0.1447 0.32462
vn -0.37134 -0.84039 0.39479
vn -0.48464 -0.27188 0.83139
vn -0.46745 -0.51457 0.71883
vn -0.48421 -0.50781 0.71251
vn -0.34015 -0.26198 0.90314
vn -0.38384 -0.66081 0.64497
vn -0.41137 -0.69342 0.59156
vn -0.53726 -0.66278 0.52161
vn -0.37136 -0.84039 0.39477
vn -0.32649 -0.82994 0.45233
vn -0.50547 -0.82677 0.24686
vn -0.1895 -0.84266 0.50399
vn -0.62634 -0.7197 0.29955
vn -0.04339 0.9195 -0.3907
vn -0.27026 0.88126 -0.38774
vn -0.24037 0.94965 -0.20096
vn -0.04315 0.97718 -0.208
vn -0.21725 0.97572 -0.02766
vn -0.04309 0.99845 -0.03524
vn -0.0509 0.81056 -0.58344
vn -0.28596 0.77173 -0.56803
vn -0.04316 0.69458 -0.71812
vn -0.34101 0.60758 -0.71732
vn -0.45073 0.61532 -0.6467
vn -0.05086 0.75522 -0.6535
vn -0.24715 0.96891 0.01177
vn -0.04346 0.99905 -0.00395
vn -0.03839 0.9344 0.35414
vn -0.32762 -0.83156 -0.44852
vn -0.66099 0.34027 -0.66881
vn 0.52442 -0.61563 -0.5882
vn -0.43493 0.54466 -0.71706
vn -0.71632 0.1683 -0.67717
vn -0.67606 0.29306 -0.67605
vn -0.47408 0.68563 -0.55241
vn -0.59261 0.59263 -0.54552
vn -0.46757 0.79758 -0.3811
vn -0.56698 0.73121 -0.37929
vn -0.43722 0.8784 -0.19301
vn -0.52969 0.8279 -0.18441
vn -0.38148 0.92417 -0.01966
vn -0.47692 0.87894 -0.00394
vn -0.66475 0.72767 -0.16913
vn -0.66323 0.63968 -0.3885
vn -0.74226 0.65586 -0.13745
vn -0.74795 0.55999 -0.35636
vn -0.6972 0.71296 0.07485
vn -0.62382 0.78077 0.03531
vn -0.78808 0.49009 -0.37247
vn -0.71234 0.47621 -0.51556
vn -0.78028 0.35682 -0.51365
vn -0.79049 0.60176 -0.11406
vn -0.74185 0.66334 0.09812
vn -0.84173 0.45806 -0.28579
vn -0.7803 0.35679 -0.51365
vn -0.73844 0.48839 -0.46495
vn -0.94811 -0.03511 -0.31601
vn -0.97579 0.12934 -0.17635
vn -0.85069 0.52142 -0.06666
vn -0.39756 0.8069 -0.43688
vn 0.88089 -0.37363 -0.29058
vn -0.8324 0.06038 -0.55087
vn 0.06267 -0.82325 -0.56421
vn -0.90759 -0.18309 -0.37784
vn -0.79758 0.58544 0.14535
vn -0.8359 0.51409 0.19231
vn -0.54521 0.56877 -0.61584
vn -0.04338 0.84026 -0.54045
vn -0.59295 0.56938 -0.5694
vn 0.33012 -0.93877 -0.09864
vn -0.83901 0.04293 -0.54242
vn -0.81919 -0.1215 -0.5605
vn 0.78531 0.54432 -0.29498
vn 0.0627 -0.82327 -0.56417
vn -0.81663 0.50893 0.27221
vn -0.7644 0.60762 0.2156
vn -0.87407 0.23126 0.42723
vn -0.66483 0.73562 0.12982
vn -0.64821 0.75035 0.12963
vn -0.46074 0.88606 0.05119
vn -0.42936 0.90209 0.04332
vn -0.88007 0.3794 0.28554
vn -0.91136 0.41069 0.02739
vn -0.96867 0.09019 0.23139
vn -0.87509 0.15306 0.45912
vn -0.85049 -0.41939 0.31747
vn -0.55481 0.59495 -0.58157
vn -0.87418 0.2156 0.43513
vn -0.16933 0.90466 -0.39104
vn -0.97907 -0.19894 -0.0429
vn -0.8518 0.42787 -0.30225
vn -0.94883 -0.2559 -0.18503
vn -0.90437 -0.42673 -0.00391
vn 0.45469 -0.87911 -0.14288
vn -0.22802 0.78794 -0.57198
vn 0.88091 -0.37359 -0.29055
vn -0.16895 -0.98493 0.03711
vn -0.49647 -0.81703 -0.29321
vn -0.82157 0.01179 0.56999
vn 0.79646 0.55076 0.24964
vn 0.86991 0.25025 0.425
vn 0.76112 0.61127 0.2169
vn 0.66039 0.7395 0.1305
vn 0.64362 0.75417 0.13031
vn 0.51535 0.85371 0.07475
vn 0.36096 0.93217 0.02777
vn 0.31854 0.9477 -0.01967
vn 0.4708 0.88223 -0.00396
vn 0.524 0.83134 -0.18518
vn 0.36643 0.91019 -0.19307
vn 0.55622 0.7377 -0.38264
vn 0.3976 0.83067 -0.38973
vn 0.62955 0.75625 -0.17817
vn 0.65095 0.65093 -0.39058
vn 0.73869 0.65971 -0.13827
vn 0.74446 0.56328 -0.35845
vn 0.69312 0.71688 0.07525
vn 0.58251 0.81235 0.02774
vn 0.78509 0.49313 -0.37478
vn 0.70843 0.47888 -0.51846
vn 0.77182 0.36437 -0.52109
vn 0.78752 0.60551 -0.11478
vn 0.73827 0.66724 0.09871
vn 0.81567 0.49257 -0.30341
vn 0.77184 0.36435 -0.52107
vn 0.64884 0.5938 -0.47582
vn 0.94936 -0.04333 -0.3112
vn 0.93845 0.26309 -0.22382
vn 0.83223 0.54821 -0.08282
vn 0.96565 0.2562 -0.04335
vn 0.96631 -0.06703 -0.24849
vn -0.23704 0.85055 -0.46945
vn -0.07895 -0.81842 -0.56917
vn 0.9062 -0.18438 -0.38052
vn 0.786 0.60433 0.13034
vn 0.82311 0.53953 0.17721
vn 0.67403 0.43752 -0.5952
vn 0.5875 0.59537 -0.54807
vn 0.4054 0.72031 -0.56286
vn 0.66586 0.30338 -0.68161
vn 0.42854 0.54651 -0.7195
vn 0.67071 0.23923 -0.70208
vn 0.57 0.4835 -0.66433
vn 0.66613 0.35077 -0.6582
vn 0.57731 0.58517 -0.56946
vn -0.33767 -0.93611 -0.09834
vn 0.83693 0.03535 -0.54616
vn 0.8137 -0.11399 -0.56999
vn 0.17214 0.53247 -0.82876
vn -0.07893 -0.81847 -0.5691
vn 0.91002 0.41364 0.02758
vn 0.87828 0.38205 0.2875
vn 0.96969 0.16879 0.17666
vn 0.88611 0.19298 0.42139
vn 0.8483 -0.4222 0.31959
vn 0.53591 0.60378 -0.59013
vn 0.8723 0.21711 0.43813
vn 0.15863 0.91053 -0.38181
vn 0.97518 -0.21713 -0.04342
vn 0.84673 0.43714 -0.30325
vn 0.76874 0.41456 -0.48701
vn 0.90292 -0.4298 -0.00395
vn -0.46154 -0.87562 -0.14239
vn 0.20506 0.79207 -0.57495
vn 0.96632 -0.06709 -0.24844
vn 0.15287 -0.98755 0.03722
vn 0.49056 -0.82019 -0.29436
vn 0.819 0.01188 0.57368
vn 0.20067 0.97965 0.00393
vn 0.20811 0.97772 -0.02748
vn 0.2329 0.95143 -0.20134
vn 0.25564 0.8849 -0.38935
vn 0.27149 0.77512 -0.57052
vn 0.32706 0.61077 -0.7211
vn 0.24755 0.72697 -0.6405
vn -0.63742 0.56144 -0.52771
vn 0.78529 0.54428 -0.29509
vn -0.81917 -0.12157 -0.56053
vn 0.33007 -0.93879 -0.09859
vn 0.0627 -0.82328 -0.56416
vn 0.08206 -0.93397 -0.34779
vn 0.1365 -0.95556 -0.26131
vn -0.04303 -0.96618 -0.25426
vn -0.26997 -0.91953 -0.28563
vn -0.16896 -0.98492 0.03708
vn 0.88092 -0.37361 -0.29051
vn -0.90758 -0.18307 -0.37786
vn -0.83241 0.06036 -0.55087
vn 0.01175 -0.90431 -0.42672
vn 0.4547 -0.8791 -0.14291
vn -0.94885 -0.25585 -0.18502
vn 0.15207 -0.96306 -0.22224
vn -0.7163 0.16834 -0.67718
vn 0.09761 -0.96435 -0.24596
vn 0.05082 -0.97353 -0.22286
vn -0.66097 0.34026 -0.66883
vn -0.3276 -0.83157 -0.44852
vn 0.52438 -0.61559 -0.58828
vn -0.15257 -0.9663 -0.20734
vn -0.63741 0.56143 -0.52774
vn 0.56995 0.48356 -0.66432
vn 0.67068 0.23928 -0.70209
vn -0.18333 -0.95573 -0.23016
vn 0.17217 0.53245 -0.82877
vn -0.09758 -0.93266 -0.3473
vn -0.07893 -0.81842 -0.56918
vn 0.8137 -0.11404 -0.56999
vn -0.33767 -0.93611 -0.09832
vn -0.15175 -0.95341 -0.26072
vn -0.035 -0.93751 -0.3462
vn 0.24804 -0.92514 -0.28739
vn 0.15289 -0.98754 0.0372
vn 0.96632 -0.0671 -0.24846
vn 0.90623 -0.18432 -0.38049
vn -0.23703 0.85054 -0.46946
vn -0.01175 -0.90431 -0.42672
vn -0.46152 -0.87564 -0.14234
vn 0.76871 0.41454 -0.48707
vn -0.04339 0.84025 -0.54046
vn 0.78527 0.54434 -0.29503
vn -0.18383 0.75482 -0.62965
vn -0.44535 0.89466 0.03546
vn -0.49128 0.85286 0.17687
vn -0.51736 0.69902 0.49367
vn -0.51535 0.59407 0.61765
vn -0.21568 0.67057 -0.7098
vn -0.271 0.64022 -0.7188
vn -0.66386 0.74238 0.09035
vn -0.78094 0.53765 0.3179
vn -0.72083 0.66569 0.19301
vn -0.8125 0.4043 0.41999
vn -0.68766 0.56191 0.45976
vn -0.79908 0.42905 0.42117
vn -0.62548 0.42094 0.65695
vn -0.72655 0.2867 0.62444
vn -0.40512 0.60176 -0.6883
vn -0.74348 0.44454 0.49961
vn 0.46461 -0.85503 -0.23035
vn 0.48714 -0.81488 -0.3141
vn 0.45287 -0.8231 -0.34265
vn -0.89553 0.11441 0.43004
vn 0.75326 -0.59847 -0.27282
vn -0.77037 -0.17778 0.61232
vn -0.89553 0.11445 0.43003
vn -0.77034 -0.17783 0.61234
vn 0.45292 -0.82309 -0.34262
vn -0.93211 0.27133 0.23988
vn -0.96189 0.26305 0.07461
vn 0.4646 -0.85504 -0.23034
vn 0.48712 -0.81489 -0.31411
vn 0.75322 -0.59853 -0.27279
vn -0.86026 0.31026 0.40459
vn -0.882 0.45083 -0.1372
vn 0.2066 -0.5718 -0.79395
vn 0.50197 -0.54279 -0.67336
vn 0.33205 -0.81634 -0.47258
vn -0.69174 -0.70034 -0.17613
vn -0.63193 -0.76542 -0.12168
vn -0.40634 -0.75353 0.5168
vn -0.66181 -0.74794 -0.05093
vn 0.59033 -0.77258 0.23374
vn -0.37172 -0.87256 -0.31695
vn -0.4721 -0.37064 -0.79984
vn -0.3775 -0.32301 -0.86785
vn -0.54242 -0.04294 -0.83901
vn 0.53498 -0.78796 -0.30481
vn 0.21777 -0.58282 -0.78288
vn -0.28675 -0.40472 -0.86832
vn -0.52306 0.37876 0.76351
vn 0.61672 -0.72675 0.30248
vn 0.59405 -0.78289 -0.18489
vn -0.42121 0.30209 0.85518
vn 0.35772 -0.84524 0.39699
vn -0.99356 0.10665 0.03838
vn 0.16529 -0.84284 0.51216
vn -0.44686 -0.54527 0.70922
vn 0.59187 -0.75647 0.27827
vn 0.56155 -0.75002 0.34948
vn -0.86553 0.49741 0.05873
vn 0.38506 -0.86743 -0.31511
vn 0.75699 -0.64717 0.0902
vn 0.26849 -0.70409 -0.65739
vn 0.74953 -0.4984 -0.43566
vn 0.757 -0.64716 0.09024
vn 0.73546 -0.67252 -0.08257
vn 0.12174 -0.92293 -0.36521
vn 0.64236 -0.5855 -0.49452
vn 0.29312 -0.9516 0.09238
vn -0.65466 0.68601 -0.31751
vn -0.84184 0.5097 -0.17752
vn -0.1327 -0.84785 0.51336
vn -0.4446 -0.89314 0.06805
vn 0.41321 -0.72609 0.54958
vn -0.73296 0.58401 -0.34887
vn -0.36757 0.27668 -0.88789
vn -0.75579 -0.59877 0.26507
vn -0.81765 -0.53008 0.22463
vn 0.68958 -0.72111 0.06695
vn -0.10607 -0.79785 0.59345
vn 0.84633 -0.47187 -0.24712
vn 0.25361 -0.94823 0.19117
vn 0.67049 -0.73315 0.11371
vn -0.84185 0.50968 -0.17752
vn 0.67909 -0.73404 0.00392
vn 0.36586 -0.83005 0.42091
vn 0.23113 -0.82657 0.51318
vn -0.13264 -0.84788 0.51334
vn 0.64234 -0.5855 -0.49457
vn 0.40785 0.66127 0.62959
vn 0.21007 0.51925 0.8284
vn 0.31786 0.80872 0.4949
vn 0.6629 0.48824 0.56762
vn 0.60232 0.45273 0.65745
vn 0.28914 0.32874 0.89907
vn 0.193 0.45292 0.87041
vn 0.67075 0.73218 0.11836
vn 0.32841 0.3759 0.86652
vn 0.74923 0.5748 0.32903
vn 0.38941 0.72662 0.56602
vn 0.51543 0.76726 0.38164
vn 0.71733 0.55881 0.41614
vn 0.42491 0.82998 0.36137
vn 0.41425 0.88765 0.2012
vn 0.36559 0.92377 0.114
vn 0.25665 0.91205 -0.31984
vn 0.40685 0.91246 -0.04345
vn 0.26327 0.94689 -0.18466
vn 0.28708 0.93991 -0.18482
vn 0.24008 0.9406 -0.24008
vn 0.13732 0.92986 -0.34134
vn -0.05098 0.87449 -0.48235
vn 0.80313 0.56044 0.20221
vn 0.39824 0.16168 0.90292
vn 0.33522 0.16957 0.92676
vn 0.44505 -0.05119 0.89404
vn 0.43269 -0.02779 0.90111
vn 0.77811 0.01184 0.62801
vn 0.72544 0.25768 0.63823
vn 0.83429 0.0435 0.5496
vn 0.77859 0.27273 0.56517
vn 0.91938 0.09077 0.38276
vn 0.85434 0.33464 0.39764
vn 0.85818 0.31243 0.40733
vn 0.91019 0.23248 0.3428
vn 0.93382 0.27189 0.23249
vn 0.93105 0.27338 0.24167
vn 0.9613 0.26506 0.07517
vn 0.98448 0.17003 0.0435
vn 0.88025 0.45395 -0.13816
vn 0.96927 0.2176 -0.11473
vn 0.71954 0.64876 -0.24772
vn 0.8635 0.31936 -0.39035
vn 0.75993 0.53159 -0.37405
vn 0.68162 0.66585 -0.30338
vn 0.53116 0.83021 -0.16919
vn 0.53934 0.68894 -0.48423
vn 0.40529 0.85386 -0.32659
vn 0.5799 0.8087 -0.09861
vn 0.35756 0.85259 -0.38111
vn 0.47612 0.68859 -0.54695
vn 0.233 0.8332 -0.50149
vn 0.32633 0.66445 -0.67232
vn -0.00396 0.76008 -0.64982
vn 0.05871 0.5832 -0.81021
vn 0.11687 0.73759 -0.66506
vn -0.09844 0.36618 -0.92532
vn 0.35894 0.57192 -0.73761
vn 0.52336 0.57846 -0.62568
vn 0.09766 0.4024 -0.91024
vn -0.47945 -0.12082 -0.86921
vn 0.58777 0.57991 -0.56412
vn 0.27948 0.72816 -0.62584
vn 0.45772 -0.86459 -0.20732
vn -0.33249 -0.84893 -0.41082
vn -0.55799 0.01385 -0.82973
vn 0.10594 0.18444 -0.97712
vn 0.04308 -0.02741 -0.9987
vn 0.49909 0.19253 -0.84489
vn 0.5555 0.0197 -0.83129
vn -0.17612 -0.22305 -0.95876
vn 0.5758 -0.24677 -0.77946
vn -0.19243 -0.28665 -0.93851
vn 0.67303 -0.12987 -0.72812
vn 0.63373 0.14566 -0.75972
vn -0.37167 -0.15585 -0.91519
vn 0.66095 -0.32461 -0.67659
vn -0.39457 -0.10759 0.91255
vn 0.66481 -0.12982 -0.73565
vn 0.52877 -0.31725 -0.78725
vn 0.8113 -0.23126 -0.53694
vn 0.76725 -0.38165 -0.51543
vn 0.69077 0.11318 -0.71416
vn 0.84831 0.043 -0.52776
vn 0.75615 -0.44273 -0.4819
vn 0.82841 -0.25519 -0.49862
vn 0.8838 0.01963 -0.46745
vn 0.53492 -0.78799 -0.30485
vn 0.74377 -0.49191 -0.45258
vn -0.52303 0.37875 0.76354
vn 0.46816 -0.30293 -0.8301
vn 0.30171 -0.05089 -0.95204
vn -0.33396 -0.06679 0.94022
vn 0.66091 -0.32459 -0.67664
vn -0.19247 -0.28665 -0.9385
vn -0.37168 -0.15586 -0.91518
vn -0.39468 -0.10768 0.91249
vn 0.30004 -0.20652 -0.93131
vn 0.21778 -0.58276 -0.78292
vn 0.29979 -0.37767 -0.87607
vn -0.2868 -0.40469 -0.86831
vn 0.05084 -0.22285 -0.97353
vn -0.42122 0.30203 0.85519
vn 0.44324 -0.39618 -0.8041
vn 0.93088 -0.21604 -0.2946
vn 0.98099 -0.01971 -0.19304
vn 0.9493 -0.3033 -0.08272
vn 0.99888 -0.04308 -0.01959
vn 0.9874 -0.09048 0.12982
vn 0.92189 -0.37268 0.10592
vn 0.84489 -0.52266 -0.11396
vn 0.79173 -0.58692 0.16938
vn 0.76611 -0.63253 -0.11393
vn 0.81768 -0.41863 -0.39517
vn 0.61513 -0.59165 -0.52111
vn 0.62129 -0.73854 0.26183
vn 0.59033 -0.77257 0.23376
vn 0.53493 -0.78799 -0.30484
vn 0.74568 -0.6352 0.20121
vn 0.91546 -0.35752 0.18467
vn 0.79714 -0.59295 0.11389
vn 0.87823 -0.41353 0.24022
vn 0.56701 -0.66869 0.48099
vn 0.71259 -0.49214 0.50001
vn 0.3428 -0.83139 0.43736
vn 0.6618 -0.74795 -0.05091
vn 0.59403 -0.7829 -0.18491
vn 0.61675 -0.72673 0.30246
vn 0.5003 -0.68935 0.52393
vn 0.66114 -0.53447 0.52653
vn 0.81416 -0.21632 0.53884
vn 0.75072 -0.25548 0.60922
vn 0.95587 -0.12982 0.26357
vn 0.93371 -0.14576 0.32701
vn 0.35774 -0.8452 0.39707
vn 0.46932 -0.27213 0.84005
vn 0.45314 -0.52409 0.72111
vn 0.47813 -0.50975 0.71522
vn 0.33321 -0.26265 0.90553
vn -0.44688 -0.54524 0.70923
vn 0.39822 -0.69785 0.59534
vn 0.50027 -0.68937 0.52393
vn 0.35772 -0.84521 0.39706
vn 0.32544 -0.80381 0.49797
vn -0.99355 0.10667 0.03836
vn 0.16534 -0.84283 0.51216
vn 0.61674 -0.72673 0.30249
vn 0.6661 0.35079 -0.65822
vn 0.17216 0.53247 -0.82876
vn 0.20844 0.84551 -0.4916
vn 0.35077 0.93406 0.06698
vn 0.37533 0.90473 0.20149
vn 0.44768 0.76466 0.46356
vn 0.45728 0.65604 0.60042
vn 0.20819 0.67169 -0.71098
vn 0.25492 0.63925 -0.72552
vn 0.65986 0.74679 0.08298
vn 0.7812 0.53531 0.3212
vn 0.71322 0.67382 0.19308
vn 0.78951 0.52766 0.31343
vn 0.68349 0.56496 0.46224
vn 0.79621 0.43174 0.42385
vn 0.62068 0.423 0.66017
vn 0.72282 0.28835 0.62801
vn 0.60228 0.73164 -0.31931
vn 0.73731 0.45344 0.50077
vn -0.47067 -0.85192 -0.22955
vn -0.49402 -0.81128 -0.31267
vn -0.46654 -0.81934 -0.33321
vn 0.74531 -0.01972 0.66643
vn -0.75673 -0.59487 -0.27109
vn -0.77231 -0.60263 -0.20093
vn 0.89395 0.11527 0.4331
vn -0.7723 -0.60265 -0.2009
vn 0.93107 0.27334 0.24165
vn -0.46653 -0.81933 -0.33324
vn 0.96129 0.26507 0.07519
vn -0.47069 -0.85192 -0.22952
vn -0.49401 -0.81126 -0.31275
vn -0.75672 -0.59487 -0.27112
vn 0.85818 0.31243 0.40733
vn 0.88024 0.45398 -0.13815
vn -0.40955 -0.52657 -0.74498
vn -0.45419 -0.46973 -0.75701
vn 0.01953 -0.54283 -0.83962
vn 0.01948 -0.61166 -0.79088
vn -0.48121 -0.38733 -0.78639
vn 0.01951 -0.43303 -0.90117
vn 0.02746 -0.40417 -0.91427
vn -0.47949 -0.36254 -0.79916
vn 0.51388 -0.38834 -0.76493
vn 0.48132 -0.45786 -0.74746
vn 0.52256 -0.35753 -0.77402
vn 0.41841 -0.52791 -0.73908
vn 0.55288 -0.27054 -0.78812
vn 0.92042 -0.16057 -0.35643
vn 0.94008 0.06684 -0.33435
vn 0.99276 -0.03559 -0.1147
vn 0.98777 -0.10626 -0.1141
vn 0.63842 0.14491 -0.75592
vn 0.01952 -0.31617 -0.9485
vn 0.01171 0.15994 -0.98706
vn -0.50458 -0.2777 -0.81749
vn -0.62124 0.09766 -0.77751
vn 0.91956 -0.21704 0.32757
vn 0.91018 0.01969 0.41373
vn 0.58313 0.10711 0.80528
vn 0.61946 -0.41431 0.6668
vn -0.0276 -0.51661 0.85578
vn -0.04341 0.17768 0.98313
vn -0.57667 -0.3256 0.74929
vn -0.5527 0.15291 0.81923
vn -0.88115 -0.24674 0.40336
vn -0.88692 0.06642 0.45712
vn -0.97991 -0.15225 -0.12883
vn -0.9987 -0.05091 0.00392
vn -0.94288 -0.07435 -0.32472
vn -0.94781 -0.08192 -0.30814
vn -0.64378 0.08192 -0.76082
vn -0.52715 -0.28506 -0.80053
vn 0.99718 -0.07488 0.00393
vn 0.9127 -0.19978 -0.35647
vn -0.93005 -0.17513 -0.32301
vn -0.51053 -0.35464 -0.78332
vn -0.99943 -0.02743 0.01959
vn -0.8798 0.12903 0.45749
vn -0.54623 0.25543 0.79774
vn -0.04345 0.30406 0.95166
vn 0.5578 0.20967 0.80306
vn 0.89582 0.07496 0.43805
vn -0.5364 -0.48161 0.69305
vn -0.01179 -0.63278 0.77425
vn -0.51347 -0.41939 0.74864
vn 0.0434 -0.54045 0.84026
vn -0.80214 -0.36391 0.47344
vn -0.84219 -0.34863 0.4113
vn -0.94868 -0.31622 0.00391
vn -0.97299 -0.23054 -0.01171
vn -0.87001 -0.31602 -0.37842
vn -0.92542 -0.16791 -0.33972
vn -0.56585 -0.12096 -0.81559
vn -0.63745 0.01174 -0.7704
vn 0.77661 -0.38237 0.50066
vn 0.68042 -0.46018 0.57032
vn 0.94631 -0.24737 0.20812
vn 0.93042 -0.26302 0.25521
vn 0.98136 -0.09064 -0.16949
vn 0.9835 -0.14614 -0.10665
vn 0.92434 0.00393 -0.38154
vn 0.9009 -0.06687 -0.42884
vn 0.67971 0.09822 -0.72688
vn 0.65823 0.00394 -0.7528
vn 0.01951 0.15994 -0.98693
vn 0.04308 0.02741 -0.9987
vn -0.51966 -0.10551 -0.84783
vn -0.58923 0.01953 -0.80773
vn 0.96201 -0.20811 0.17672
vn 0.98172 -0.12222 -0.14588
vn 0.98454 -0.08306 0.1542
vn 0.89565 -0.16178 0.41429
vn 0.84053 -0.29595 0.45379
vn 0.31149 -0.31936 0.89498
vn 0.11403 -0.43641 0.89249
vn 0.09877 -0.68361 0.72314
vn -0.44444 -0.37365 0.81416
vn 0.15998 -0.97138 0.17556
vn -0.73122 -0.3793 0.56696
vn -0.34723 -0.90909 -0.23018
vn -0.89887 -0.43194 -0.07393
vn -0.2831 -0.81828 -0.50027
vn -0.8152 -0.40954 -0.40954
vn -0.12888 -0.52734 -0.83983
vn -0.47151 -0.22212 -0.85343
vn 0.96452 -0.01183 -0.26375
vn 0.8905 -0.05885 -0.45115
vn 0.88398 -0.00393 -0.46751
vn 0.64132 -0.0118 -0.76718
vn 0.64593 -0.00391 -0.76339
vn 0.08185 -0.07406 -0.99389
vn 0.19201 -0.10578 -0.97568
vn -0.42506 -0.22229 -0.87745
vn -0.08167 -0.46276 -0.88271
vn 0.88887 0.32 0.3279
vn 0.95238 0.09881 0.28848
vn 0.99152 0.04346 -0.12245
vn 0.97244 0.2323 -0.01967
vn 0.98375 0.11455 -0.13828
vn 0.8436 -0.27857 -0.45907
vn 0.7635 0.14637 0.629
vn 0.70313 0.01178 0.71097
vn 0.51734 -0.10665 0.84911
vn 0.24729 -0.27084 0.93032
vn 0.90456 -0.41475 -0.09876
vn 0.65811 -0.75267 -0.01971
vn 0.68678 -0.72601 -0.03522
vn 0.50753 -0.86162 0.00394
vn 0.4978 -0.86622 0.0431
vn 0.23057 -0.97305 0.00392
vn 0.23786 -0.97092 0.02731
vn 0.00392 -0.99998 -0.00391
vn -0.0039 -0.99962 0.02745
vn -0.0039 -0.99662 0.08208
vn 0.27723 -0.9566 0.0898
vn 0.91152 -0.40297 -0.08214
vn 0.99484 0.05901 -0.08257
vn 0.99644 0.06693 -0.0512
vn 0.4673 -0.87568 0.12172
vn 0.33457 -0.70456 -0.62583
vn 0.20081 -0.61819 0.75995
vn 0.12927 -0.77164 0.62278
vn 0.18431 -0.79606 0.57647
vn -0.00394 -0.80514 0.59307
vn -0.00392 -0.63748 0.77045
vn 0.16887 -0.93587 0.30923
vn -0.00391 -0.951 0.30917
vn -0.00394 -0.98563 0.16885
vn 0.13739 -0.97736 0.16092
vn 0.23061 -0.96547 0.12118
vn -0.00391 -0.99268 0.12068
vn -0.15401 -0.86484 0.47784
vn -0.52823 -0.84909 -0.00389
vn -0.29473 -0.60124 -0.74273
vn 0.2723 -0.25651 0.92739
vn 0.00393 -0.29491 0.95552
vn 0.27899 -0.2004 0.93915
vn 0.55438 -0.06685 0.82958
vn 0.54915 -0.05926 0.83362
vn 0.78406 0.05121 0.61857
vn 0.79174 0.16935 0.58691
vn 0.88302 0.41577 0.21776
vn 0.94388 0.21721 0.24881
vn 0.82539 0.53317 -0.18563
vn 0.75244 0.65002 -0.10637
vn 0.3679 0.85053 -0.37582
vn 0.61728 0.7824 -0.08256
vn 0.86501 0.50162 0.01185
vn 0.85716 0.50955 -0.07505
vn 0.61936 0.78502 -0.01183
vn 0.86766 0.49524 -0.04358
vn 0.86832 0.49561 -0.01983
vn 0.61437 0.78877 0.01982
vn 0.2877 0.95765 0.01182
vn 0.28743 0.95682 0.04331
vn 0.03549 0.99805 0.05127
vn -0.03525 0.99919 0.01958
vn 0.46745 0.7503 -0.46748
vn 0.30285 0.94795 -0.09834
vn -0.05101 0.89869 -0.43561
vn -0.05134 0.99115 -0.12241
vn -0.06682 0.81351 -0.57771
vn -0.30999 0.94567 -0.09809
vn -0.37473 0.84803 -0.37473
vn -0.62592 0.7755 -0.08267
vn -0.75583 0.64617 -0.10574
vn -0.83373 0.52061 -0.18398
vn -0.4824 0.74126 -0.46672
vn -0.88473 0.41287 0.21629
vn -0.86698 0.49821 0.01177
vn -0.94771 0.29493 0.12191
vn -0.78053 0.04312 0.62363
vn -0.76464 0.12939 0.63133
vn -0.80291 0.59143 -0.07442
vn -0.62416 0.78121 -0.01178
vn -0.86961 0.49184 -0.04328
vn -0.87025 0.49222 -0.01969
vn -0.61925 0.78495 0.01972
vn -0.29491 0.95545 0.0118
vn -0.29463 0.95463 0.04321
vn -0.52961 -0.0902 0.84343
vn -0.51565 -0.06694 0.85418
vn -0.28622 -0.19997 0.93707
vn -0.3262 -0.10612 0.93932
vn -0.01969 -0.23228 0.97245
vn -0.03518 -0.14462 0.98886
vn -0.9965 0.06644 -0.0508
vn -0.99492 0.05854 -0.08194
vn -0.95988 -0.27035 -0.07444
vn -0.9559 -0.27701 -0.09755
vn -0.68699 -0.72583 -0.03493
vn -0.63748 -0.77046 -0.0039
vn -0.47035 -0.8824 0.01167
vn -0.46387 -0.88486 0.0429
vn -0.26178 -0.96512 0.00392
vn -0.26888 -0.96253 0.03508
vn -0.0196 -0.9998 -0.00392
vn -0.01961 -0.99943 0.02744
vn -0.02734 -0.99625 0.08204
vn -0.2844 -0.95451 0.08961
vn -0.45481 -0.8824 0.1205
vn -0.9477 -0.1443 -0.28469
vn -0.36571 -0.89266 -0.26345
vn -0.98399 0.11371 -0.1372
vn -0.99178 0.0823 -0.09801
vn -0.951 0.30916 0.00392
vn -0.8905 0.31777 0.32561
vn -0.96035 0.12934 0.24697
vn -0.72688 0.09823 0.6797
vn -0.71097 0.01178 0.70313
vn -0.491 -0.13748 0.86024
vn -0.15349 -0.40533 0.90119
vn -0.20835 -0.61722 0.7587
vn -0.13696 -0.77083 0.62214
vn -0.16859 -0.78807 0.59205
vn -0.02739 -0.7945 0.60664
vn -0.01962 -0.62411 0.78109
vn -0.14507 -0.93706 0.3176
vn -0.01953 -0.94851 0.31615
vn -0.01963 -0.98545 0.16883
vn -0.14506 -0.97628 0.16076
vn -0.24536 -0.96189 0.12072
vn -0.02723 -0.99232 0.12064
vn 0.41004 -0.71258 0.5693
vn 0.70552 -0.70551 -0.06697
vn 0.28754 -0.60264 -0.74441
vn -0.27958 -0.25598 0.92537
vn -0.01964 -0.29486 0.95534
vn 0.03512 -0.46401 -0.88513
vn -0.77595 -0.24565 -0.581
vn -0.98345 -0.06662 -0.16847
vn -0.95829 0.01174 0.28554
vn -0.55557 -0.01182 0.83139
vn 0.03559 -0.11471 0.99276
vn 0.60263 -0.21661 0.76806
vn 0.3049 -0.10691 0.94637
vn -0.00392 -0.23233 0.97263
vn -0.00389 -0.14471 0.98947
vt 0.39795 0.71728
vt 0.40625 0.73291
vt 0.39795 0.729
vt 0.38672 0.74853
vt 0.38281 0.73681
vt 0.38281 0.7251
vt 0.375 0.73681
vt 0.375 0.729
vt 0.3628 0.73681
vt 0.3628 0.729
vt 0.37842 0.71728
vt 0.38672 0.71728
vt 0.37842 0.70947
vt 0.3711 0.71338
vt 0.3667 0.70556
vt 0.38672 0.69775
vt 0.375 0.74853
vt 0.375 0.76806
vt 0.38281 0.76416
vt 0.375 0.77978
vt 0.35547 0.77978
vt 0.35156 0.76806
vt 0.33985 0.77978
vt 0.33985 0.76806
vt 0.31592 0.76806
vt 0.31592 0.77978
vt 0.38672 0.77588
vt 0.39405 0.75635
vt 0.3628 0.75635
vt 0.3628 0.74853
vt 0.35108 0.74853
vt 0.35156 0.75635
vt 0.33985 0.75635
vt 0.33985 0.74853
vt 0.31592 0.74853
vt 0.31592 0.75635
vt 0.35547 0.73681
vt 0.33985 0.73681
vt 0.31592 0.73681
vt 0.35547 0.729
vt 0.35547 0.72119
vt 0.35938 0.72119
vt 0.34717 0.729
vt 0.34717 0.72119
vt 0.35547 0.70556
vt 0.35938 0.70556
vt 0.33985 0.729
vt 0.33155 0.729
vt 0.34717 0.70556
vt 0.33985 0.70556
vt 0.33155 0.70556
vt 0.33985 0.68213
vt 0.35547 0.69775
vt 0.3628 0.68603
vt 0.32422 0.72119
vt 0.31592 0.729
vt 0.31592 0.72119
vt 0.31592 0.70556
vt 0.32422 0.70556
vt 0.32422 0.69775
vt 0.31592 0.68213
vt 0.31592 0.69775
vt 0.33985 0.67187
vt 0.31592 0.67187
vt 0.3667 0.67822
vt 0.39063 0.68994
vt 0.40625 0.70556
vt 0.41797 0.7251
vt 0.40235 0.74463
vt 0.41797 0.74072
vt 0.38281 0.64062
vt 0.40967 0.6626
vt 0.31592 0.64062
vt 0.33985 0.64062
vt 0.44922 0.72119
vt 0.4375 0.74853
vt 0.46387 0.76855
vt 0.48438 0.74072
vt 0.48828 0.79394
vt 0.51563 0.77588
vt 0.4961 0.8291
vt 0.52295 0.82275
vt 0.4961 0.87158
vt 0.52295 0.87158
vt 0.4292 0.68603
vt 0.48047 0.87158
vt 0.48047 0.8335
vt 0.46094 0.80713
vt 0.44092 0.7876
vt 0.41797 0.76806
vt 0.40967 0.75244
vt 0.39795 0.76025
vt 0.40625 0.76806
vt 0.40625 0.77588
vt 0.3877 0.7876
vt 0.37207 0.79004
vt 0.37403 0.80566
vt 0.39063 0.80273
vt 0.39453 0.82178
vt 0.37647 0.82324
vt 0.40137 0.83984
vt 0.38184 0.84082
vt 0.38574 0.87158
vt 0.40528 0.87158
vt 0.40235 0.78369
vt 0.41797 0.7915
vt 0.40625 0.79932
vt 0.4375 0.81494
vt 0.41407 0.81933
vt 0.42041 0.83887
vt 0.43994 0.83789
vt 0.42432 0.87158
vt 0.44385 0.87158
vt 0.46338 0.87158
vt 0.4585 0.83691
vt 0.36573 0.87158
vt 0.36231 0.84131
vt 0.34668 0.87158
vt 0.34375 0.84131
vt 0.34229 0.82422
vt 0.35889 0.82422
vt 0.35742 0.80713
vt 0.34082 0.80762
vt 0.34033 0.79101
vt 0.35694 0.79101
vt 0.31592 0.84131
vt 0.31592 0.87158
vt 0.31592 0.82373
vt 0.31592 0.80762
vt 0.31592 0.7915
vt 0.44922 0.81494
vt 0.48047 0.88721
vt 0.4961 0.88721
vt 0.52295 0.88721
vt 0.5503 0.88721
vt 0.5503 0.87158
vt 0.58155 0.88721
vt 0.58155 0.87158
vt 0.46241 0.88721
vt 0.44239 0.88721
vt 0.42334 0.88721
vt 0.40479 0.88721
vt 0.38428 0.88721
vt 0.3628 0.88721
vt 0.34082 0.88721
vt 0.31592 0.88721
vt 0.5503 0.89844
vt 0.58155 0.89844
vt 0.58155 0.91016
vt 0.5503 0.91016
vt 0.52295 0.89844
vt 0.52295 0.91016
vt 0.4961 0.89844
vt 0.4961 0.91016
vt 0.52295 0.92969
vt 0.48487 0.92969
vt 0.5503 0.92969
vt 0.51172 0.94531
vt 0.5503 0.94531
vt 0.4668 0.94531
vt 0.4878 0.99658
vt 0.44141 0.96875
vt 0.42188 0.99658
vt 0.40235 0.96875
vt 0.3584 0.96875
vt 0.36182 0.99658
vt 0.31592 0.96875
vt 0.31592 0.99658
vt 0.58155 0.99658
vt 0.58155 0.92969
vt 0.31592 0.95312
vt 0.3501 0.95312
vt 0.38428 0.95312
vt 0.41553 0.95312
vt 0.44043 0.94531
vt 0.45899 0.92969
vt 0.47168 0.91016
vt 0.48047 0.89844
vt 0.45899 0.89844
vt 0.45264 0.91016
vt 0.43994 0.92969
vt 0.42237 0.9375
vt 0.39893 0.9375
vt 0.37158 0.9375
vt 0.34326 0.9375
vt 0.31592 0.9375
vt 0.36182 0.92187
vt 0.3374 0.92187
vt 0.41065 0.92187
vt 0.38867 0.92187
vt 0.33887 0.89844
vt 0.36133 0.89844
vt 0.38477 0.89844
vt 0.40576 0.89844
vt 0.44141 0.89844
vt 0.44043 0.91016
vt 0.42823 0.92187
vt 0.42432 0.89844
vt 0.31592 0.92187
vt 0.31592 0.89844
vt 0.29444 0.92187
vt 0.28858 0.9375
vt 0.28174 0.95312
vt 0.27344 0.96875
vt 0.27002 0.99658
vt 0.20996 0.99658
vt 0.22949 0.96875
vt 0.19043 0.96875
vt 0.14404 0.99658
vt 0.16504 0.94531
vt 0.12109 0.94531
vt 0.14746 0.92969
vt 0.10938 0.92969
vt 0.13672 0.91016
vt 0.10938 0.91016
vt 0.13672 0.89844
vt 0.10938 0.89844
vt 0.08154 0.91016
vt 0.08154 0.92969
vt 0.08154 0.89844
vt 0.08154 0.94531
vt 0.05029 0.99658
vt 0.05029 0.92969
vt 0.05029 0.91016
vt 0.05029 0.89844
vt 0.24756 0.95312
vt 0.21631 0.95312
vt 0.19141 0.94531
vt 0.17285 0.92969
vt 0.15967 0.91016
vt 0.15234 0.89844
vt 0.17285 0.89844
vt 0.1792 0.91016
vt 0.19141 0.92969
vt 0.20947 0.9375
vt 0.23291 0.9375
vt 0.26026 0.9375
vt 0.26953 0.92187
vt 0.2207 0.92187
vt 0.24317 0.92187
vt 0.29248 0.89844
vt 0.27002 0.89844
vt 0.24658 0.89844
vt 0.22559 0.89844
vt 0.19043 0.89844
vt 0.19141 0.91016
vt 0.20361 0.92187
vt 0.20703 0.89844
vt 0.15234 0.88721
vt 0.13672 0.88721
vt 0.15234 0.87158
vt 0.13672 0.87158
vt 0.13672 0.8291
vt 0.10938 0.82275
vt 0.1167 0.77588
vt 0.14356 0.79443
vt 0.14795 0.74072
vt 0.16797 0.76904
vt 0.18359 0.72119
vt 0.19483 0.74853
vt 0.21485 0.74072
vt 0.21485 0.7251
vt 0.23047 0.74463
vt 0.22608 0.73291
vt 0.23438 0.71728
vt 0.23438 0.729
vt 0.2461 0.74853
vt 0.25 0.73681
vt 0.25 0.7251
vt 0.25733 0.73681
vt 0.25733 0.729
vt 0.26904 0.73681
vt 0.26904 0.729
vt 0.25342 0.71728
vt 0.2461 0.71728
vt 0.25342 0.70947
vt 0.26172 0.71338
vt 0.26563 0.70556
vt 0.2461 0.69775
vt 0.25733 0.74853
vt 0.25733 0.76806
vt 0.25 0.76416
vt 0.25733 0.77978
vt 0.27735 0.77978
vt 0.28125 0.76806
vt 0.29297 0.77978
vt 0.29297 0.76806
vt 0.2461 0.77588
vt 0.23779 0.75635
vt 0.26904 0.75635
vt 0.26904 0.74853
vt 0.28125 0.74853
vt 0.28125 0.75635
vt 0.29297 0.75635
vt 0.29297 0.74853
vt 0.27735 0.73681
vt 0.29297 0.73681
vt 0.27735 0.729
vt 0.27735 0.72119
vt 0.27295 0.72119
vt 0.28467 0.729
vt 0.28467 0.72119
vt 0.27735 0.70556
vt 0.27295 0.70556
vt 0.29297 0.729
vt 0.30029 0.729
vt 0.28467 0.70556
vt 0.29297 0.70556
vt 0.30029 0.70556
vt 0.29297 0.68213
vt 0.27735 0.69775
vt 0.26904 0.68603
vt 0.3086 0.72119
vt 0.3086 0.70556
vt 0.3086 0.69775
vt 0.29297 0.67187
vt 0.26563 0.67822
vt 0.2417 0.68994
vt 0.22608 0.70556
vt 0.25 0.64062
vt 0.22217 0.6626
vt 0.29297 0.64062
vt 0.20313 0.68603
vt 0.19092 0.30908
vt 0.21485 0.30908
vt 0.21485 0.34033
vt 0.19092 0.34033
vt 0.19092 0.34765
vt 0.21485 0.34765
vt 0.23779 0.34033
vt 0.23779 0.30908
vt 0.23779 0.34765
vt 0.26172 0.34765
vt 0.26172 0.34033
vt 0.27735 0.34765
vt 0.27735 0.34033
vt 0.26172 0.30908
vt 0.27344 0.32812
vt 0.28467 0.34033
vt 0.28467 0.34765
vt 0.29297 0.34765
vt 0.29297 0.34033
vt 0.30469 0.34765
vt 0.30469 0.34033
vt 0.32422 0.34033
vt 0.32422 0.34765
vt 0.34375 0.34765
vt 0.34375 0.34033
vt 0.3628 0.34033
vt 0.34375 0.30908
vt 0.3628 0.30908
vt 0.3628 0.34765
vt 0.32422 0.30908
vt 0.30469 0.30908
vt 0.29688 0.32812
vt 0.28467 0.32812
vt 0.28125 0.3247
vt 0.28906 0.3247
vt 0.28467 0.30908
vt 0.27735 0.30908
vt 0.27735 0.3164
vt 0.26904 0.30908
vt 0.27344 0.29345
vt 0.27344 0.30078
vt 0.27344 0.30908
vt 0.29297 0.30908
vt 0.29297 0.3164
vt 0.29688 0.30908
vt 0.30029 0.30908
vt 0.29688 0.29345
vt 0.29688 0.30078
vt 0.29688 0.27783
vt 0.32813 0.27783
vt 0.34375 0.27783
vt 0.3628 0.27783
vt 0.3125 0.27783
vt 0.25342 0.27783
vt 0.23779 0.27783
vt 0.21485 0.27783
vt 0.19092 0.27783
vt 0.28467 0.39892
vt 0.27735 0.40283
vt 0.27735 0.3872
vt 0.28467 0.3872
vt 0.29297 0.40283
vt 0.29297 0.3872
vt 0.28467 0.41015
vt 0.26172 0.3872
vt 0.26172 0.40283
vt 0.23779 0.3872
vt 0.23779 0.40283
vt 0.21485 0.40283
vt 0.23779 0.43408
vt 0.21485 0.43408
vt 0.19092 0.43408
vt 0.19092 0.40283
vt 0.21485 0.3872
vt 0.19092 0.3872
vt 0.28467 0.43408
vt 0.30469 0.40283
vt 0.32422 0.43408
vt 0.32422 0.40283
vt 0.34375 0.43408
vt 0.34375 0.40283
vt 0.3628 0.40283
vt 0.34375 0.3872
vt 0.3628 0.3872
vt 0.3628 0.43408
vt 0.32422 0.3872
vt 0.30469 0.3872
vt 0.23779 0.3789
vt 0.26172 0.3789
vt 0.26172 0.37158
vt 0.27735 0.3789
vt 0.27735 0.37158
vt 0.26172 0.36328
vt 0.23779 0.36328
vt 0.23779 0.37158
vt 0.21485 0.36328
vt 0.21485 0.35595
vt 0.19092 0.36328
vt 0.19092 0.35595
vt 0.21485 0.37158
vt 0.19092 0.37158
vt 0.23779 0.35595
vt 0.26172 0.35595
vt 0.27735 0.36328
vt 0.28467 0.37158
vt 0.28467 0.36328
vt 0.29297 0.37158
vt 0.29297 0.36328
vt 0.29297 0.35595
vt 0.28467 0.35595
vt 0.27735 0.35595
vt 0.30469 0.37158
vt 0.30469 0.36328
vt 0.32422 0.37158
vt 0.32422 0.36328
vt 0.34375 0.37158
vt 0.34375 0.36328
vt 0.3628 0.36328
vt 0.3628 0.37158
vt 0.34375 0.35595
vt 0.3628 0.35595
vt 0.32422 0.35595
vt 0.30469 0.35595
vt 0.34375 0.3789
vt 0.3628 0.3789
vt 0.32422 0.3789
vt 0.30469 0.3789
vt 0.29297 0.3789
vt 0.28467 0.3789
vt 0.34375 0.4414
vt 0.3628 0.4414
vt 0.3628 0.4497
vt 0.32422 0.4497
vt 0.28467 0.4414
vt 0.28467 0.4497
vt 0.23779 0.4497
vt 0.21485 0.4414
vt 0.19092 0.4497
vt 0.19092 0.4414
vt 0.21485 0.3789
vt 0.19092 0.3789
vt 0.23438 0.76025
vt 0.22217 0.75244
vt 0.22656 0.76806
vt 0.22608 0.77588
vt 0.24317 0.7876
vt 0.25879 0.79004
vt 0.25733 0.80566
vt 0.24024 0.80273
vt 0.23682 0.82178
vt 0.25488 0.82324
vt 0.22998 0.83984
vt 0.24951 0.84082
vt 0.24561 0.87158
vt 0.22559 0.87158
vt 0.23047 0.78369
vt 0.21485 0.7915
vt 0.22608 0.79932
vt 0.19531 0.81494
vt 0.21729 0.81933
vt 0.21094 0.83887
vt 0.19141 0.83789
vt 0.20703 0.87158
vt 0.1875 0.87158
vt 0.16797 0.87158
vt 0.17334 0.83691
vt 0.26563 0.87158
vt 0.26904 0.84131
vt 0.28467 0.87158
vt 0.28711 0.84131
vt 0.28906 0.82422
vt 0.27197 0.82422
vt 0.27393 0.80713
vt 0.29053 0.80762
vt 0.29102 0.7915
vt 0.27442 0.79101
vt 0.18359 0.81494
vt 0.15234 0.8335
vt 0.17188 0.80713
vt 0.19092 0.7876
vt 0.21485 0.76806
vt 0.16943 0.88721
vt 0.18897 0.88721
vt 0.20801 0.88721
vt 0.22705 0.88721
vt 0.24707 0.88721
vt 0.26856 0.88721
vt 0.29053 0.88721
vt 0.33985 0.51953
vt 0.33985 0.48828
vt 0.3628 0.48828
vt 0.3628 0.51953
vt 0.3628 0.52783
vt 0.33985 0.52783
vt 0.31592 0.51953
vt 0.31592 0.48828
vt 0.31592 0.52783
vt 0.29297 0.52783
vt 0.29297 0.51953
vt 0.27735 0.52783
vt 0.27735 0.51953
vt 0.29297 0.48828
vt 0.28125 0.5083
vt 0.26904 0.51953
vt 0.26904 0.52783
vt 0.26172 0.52783
vt 0.26172 0.51953
vt 0.25 0.52783
vt 0.25 0.51953
vt 0.23047 0.51953
vt 0.23047 0.52783
vt 0.21094 0.52783
vt 0.21094 0.51953
vt 0.19092 0.51953
vt 0.21094 0.48828
vt 0.19092 0.48828
vt 0.19092 0.52783
vt 0.23047 0.48828
vt 0.25 0.48828
vt 0.25781 0.5083
vt 0.26904 0.5083
vt 0.27344 0.5039
vt 0.26563 0.5039
vt 0.26904 0.48828
vt 0.27735 0.48828
vt 0.27735 0.49658
vt 0.28467 0.48828
vt 0.28125 0.47265
vt 0.28125 0.48095
vt 0.28125 0.48828
vt 0.26172 0.48828
vt 0.26172 0.49658
vt 0.25781 0.48828
vt 0.25342 0.48828
vt 0.25781 0.47265
vt 0.25781 0.48095
vt 0.25781 0.45703
vt 0.22656 0.45703
vt 0.21094 0.45703
vt 0.19092 0.45703
vt 0.24219 0.45703
vt 0.30029 0.45703
vt 0.31592 0.45703
vt 0.33985 0.45703
vt 0.3628 0.45703
vt 0.10938 0.87158
vt 0.10938 0.88721
vt 0.08154 0.88721
vt 0.08154 0.87158
vt 0.05029 0.88721
vt 0.05029 0.87158
vt 0.27735 0.5664
vt 0.27735 0.58203
vt 0.26904 0.57812
vt 0.26904 0.5664
vt 0.26172 0.58203
vt 0.26172 0.5664
vt 0.26904 0.59033
vt 0.29297 0.5664
vt 0.29297 0.58203
vt 0.31592 0.5664
vt 0.31592 0.58203
vt 0.33985 0.58203
vt 0.31592 0.61328
vt 0.33985 0.61328
vt 0.3628 0.61328
vt 0.3628 0.58203
vt 0.33985 0.5664
vt 0.3628 0.5664
vt 0.26904 0.61328
vt 0.25 0.58203
vt 0.23047 0.61328
vt 0.23047 0.58203
vt 0.21094 0.61328
vt 0.21094 0.58203
vt 0.19092 0.58203
vt 0.21094 0.5664
vt 0.19092 0.5664
vt 0.19092 0.61328
vt 0.23047 0.5664
vt 0.25 0.5664
vt 0.31592 0.55908
vt 0.29297 0.55908
vt 0.29297 0.55078
vt 0.27735 0.55908
vt 0.27735 0.55078
vt 0.29297 0.54345
vt 0.31592 0.54345
vt 0.31592 0.55078
vt 0.33985 0.54345
vt 0.33985 0.53515
vt 0.3628 0.54345
vt 0.3628 0.53515
vt 0.33985 0.55078
vt 0.3628 0.55078
vt 0.31592 0.53515
vt 0.29297 0.53515
vt 0.27735 0.54345
vt 0.26904 0.55078
vt 0.26904 0.54345
vt 0.26172 0.55078
vt 0.26172 0.54345
vt 0.26172 0.53515
vt 0.26904 0.53515
vt 0.27735 0.53515
vt 0.25 0.55078
vt 0.25 0.54345
vt 0.23047 0.55078
vt 0.23047 0.54345
vt 0.21094 0.55078
vt 0.21094 0.54345
vt 0.19092 0.54345
vt 0.19092 0.55078
vt 0.21094 0.53515
vt 0.19092 0.53515
vt 0.23047 0.53515
vt 0.25 0.53515
vt 0.21094 0.55908
vt 0.19092 0.55908
vt 0.23047 0.55908
vt 0.25 0.55908
vt 0.26172 0.55908
vt 0.26904 0.55908
vt 0.21094 0.62158
vt 0.19092 0.6289
vt 0.19092 0.62158
vt 0.23047 0.6289
vt 0.26904 0.62158
vt 0.26904 0.6289
vt 0.31592 0.6289
vt 0.33985 0.62158
vt 0.3628 0.6289
vt 0.3628 0.62158
vt 0.33985 0.55908
vt 0.3628 0.55908
vt 0.58594 0.64453
vt 0.61719 0.64453
vt 0.61719 0.65625
vt 0.60547 0.65625
vt 0.59717 0.66845
vt 0.60547 0.66845
vt 0.60547 0.68017
vt 0.61719 0.66845
vt 0.6167 0.68017
vt 0.58545 0.6875
vt 0.61719 0.6875
vt 0.61719 0.6958
vt 0.58594 0.6958
vt 0.57032 0.6875
vt 0.56592 0.67578
vt 0.5586 0.64453
vt 0.5503 0.65625
vt 0.53467 0.65625
vt 0.53467 0.67578
vt 0.53467 0.64453
vt 0.55469 0.6875
vt 0.57032 0.6958
vt 0.55469 0.6958
vt 0.53467 0.70312
vt 0.53467 0.6958
vt 0.57032 0.70312
vt 0.58594 0.70312
vt 0.61719 0.70312
vt 0.53467 0.73828
vt 0.53467 0.72265
vt 0.53467 0.6875
vt 0.51905 0.65625
vt 0.51172 0.64453
vt 0.50342 0.67578
vt 0.48438 0.64453
vt 0.48438 0.6875
vt 0.5 0.6875
vt 0.51563 0.6875
vt 0.48438 0.6958
vt 0.45313 0.6958
vt 0.45313 0.6875
vt 0.5 0.6958
vt 0.51563 0.6958
vt 0.5 0.70312
vt 0.48438 0.70312
vt 0.45313 0.70312
vt 0.47217 0.66845
vt 0.46485 0.68017
vt 0.46485 0.66845
vt 0.45313 0.66845
vt 0.45313 0.67969
vt 0.46485 0.65625
vt 0.45313 0.65625
vt 0.45313 0.64453
vt 0.51172 0.3872
vt 0.51172 0.35595
vt 0.51905 0.3872
vt 0.50342 0.3872
vt 0.63672 0.33593
vt 0.6211 0.33593
vt 0.6211 0.32812
vt 0.63672 0.32812
vt 0.6211 0.32031
vt 0.63672 0.32031
vt 0.6211 0.35937
vt 0.63672 0.34375
vt 0.62842 0.35937
vt 0.63672 0.35156
vt 0.63672 0.35937
vt 0.65235 0.35937
vt 0.65235 0.34375
vt 0.65235 0.33642
vt 0.65235 0.32812
vt 0.65235 0.3208
vt 0.60547 0.33593
vt 0.60547 0.34765
vt 0.59375 0.33593
vt 0.59375 0.34765
vt 0.59375 0.35595
vt 0.60157 0.35595
vt 0.58155 0.34765
vt 0.58155 0.33593
vt 0.59375 0.32812
vt 0.58155 0.32812
vt 0.59375 0.32031
vt 0.58155 0.32031
vt 0.58594 0.35595
vt 0.60547 0.32812
vt 0.60547 0.32031
vt 0.57032 0.33642
vt 0.57032 0.32812
vt 0.57032 0.34765
vt 0.57813 0.35595
vt 0.60547 0.36328
vt 0.57032 0.32031
vt 0.55469 0.32031
vt 0.55469 0.32812
vt 0.53125 0.32812
vt 0.53125 0.33593
vt 0.51172 0.33593
vt 0.51172 0.32812
vt 0.53125 0.32031
vt 0.51172 0.32031
vt 0.51172 0.34375
vt 0.53125 0.34375
vt 0.53125 0.35595
vt 0.55469 0.33593
vt 0.5503 0.34375
vt 0.54688 0.35595
vt 0.55469 0.3872
vt 0.54297 0.36328
vt 0.53125 0.36328
vt 0.51905 0.36328
vt 0.54688 0.3789
vt 0.57032 0.3125
vt 0.58155 0.3125
vt 0.57032 0.30468
vt 0.55469 0.30468
vt 0.55469 0.3125
vt 0.53125 0.30468
vt 0.53125 0.3125
vt 0.51172 0.3125
vt 0.51172 0.30468
vt 0.58155 0.30468
vt 0.59375 0.3125
vt 0.59375 0.30468
vt 0.60547 0.3125
vt 0.60547 0.30468
vt 0.6211 0.3125
vt 0.6211 0.30517
vt 0.63672 0.3125
vt 0.63672 0.30468
vt 0.65235 0.3125
vt 0.65235 0.30468
vt 0.57032 0.29687
vt 0.55469 0.29687
vt 0.56934 0.28515
vt 0.55323 0.28564
vt 0.53125 0.29687
vt 0.53174 0.28564
vt 0.51172 0.29687
vt 0.51172 0.28515
vt 0.51172 0.27783
vt 0.58203 0.28515
vt 0.59375 0.28564
vt 0.58155 0.29687
vt 0.59375 0.29687
vt 0.60547 0.28515
vt 0.60547 0.29687
vt 0.6211 0.29687
vt 0.6211 0.28564
vt 0.63672 0.28125
vt 0.65235 0.27783
vt 0.63672 0.29687
vt 0.65235 0.29687
vt 0.38672 0.28125
vt 0.3711 0.27783
vt 0.38672 0.29687
vt 0.3711 0.29687
vt 0.40235 0.29687
vt 0.40235 0.28515
vt 0.41748 0.28515
vt 0.41797 0.29687
vt 0.42969 0.29687
vt 0.4292 0.28515
vt 0.44092 0.28564
vt 0.44092 0.29687
vt 0.45362 0.28564
vt 0.46973 0.28515
vt 0.49121 0.28515
vt 0.49219 0.29687
vt 0.46875 0.29687
vt 0.45313 0.29687
vt 0.49219 0.30468
vt 0.49219 0.3125
vt 0.46875 0.3125
vt 0.46875 0.30468
vt 0.45313 0.3125
vt 0.45313 0.30517
vt 0.44092 0.3125
vt 0.44092 0.30468
vt 0.42969 0.3125
vt 0.42969 0.30468
vt 0.41797 0.3125
vt 0.41797 0.30468
vt 0.40235 0.3125
vt 0.40235 0.30468
vt 0.38672 0.3125
vt 0.38672 0.30468
vt 0.3711 0.3125
vt 0.3711 0.30517
vt 0.38672 0.32031
vt 0.3711 0.32031
vt 0.38672 0.32812
vt 0.40235 0.32031
vt 0.40235 0.32812
vt 0.38672 0.33593
vt 0.40235 0.33642
vt 0.40235 0.35937
vt 0.38672 0.34375
vt 0.39405 0.35937
vt 0.38672 0.35156
vt 0.38672 0.35937
vt 0.3711 0.35937
vt 0.3711 0.34375
vt 0.3711 0.33593
vt 0.3711 0.32812
vt 0.41797 0.33593
vt 0.41797 0.34765
vt 0.42969 0.33593
vt 0.42969 0.34765
vt 0.42969 0.35595
vt 0.42188 0.35595
vt 0.44092 0.34765
vt 0.44092 0.33593
vt 0.42969 0.32812
vt 0.44092 0.32812
vt 0.42969 0.32031
vt 0.44092 0.32031
vt 0.4375 0.35595
vt 0.41797 0.32812
vt 0.41797 0.32031
vt 0.45313 0.33593
vt 0.45313 0.32812
vt 0.45313 0.34765
vt 0.44532 0.35595
vt 0.41797 0.36328
vt 0.45313 0.32031
vt 0.46875 0.32031
vt 0.46875 0.32812
vt 0.49219 0.32812
vt 0.49219 0.33593
vt 0.49219 0.32031
vt 0.49219 0.34375
vt 0.49219 0.35595
vt 0.46875 0.33593
vt 0.47217 0.34375
vt 0.47657 0.35595
vt 0.46875 0.3872
vt 0.48047 0.36328
vt 0.49219 0.36328
vt 0.50342 0.36328
vt 0.47657 0.3789
vt 0.4961 0.37158
vt 0.50342 0.37158
vt 0.4961 0.3789
vt 0.4878 0.37158
vt 0.48438 0.3789
vt 0.52735 0.37158
vt 0.53467 0.37158
vt 0.52735 0.3789
vt 0.51905 0.37158
vt 0.53907 0.3789
vt 0.18359 0.4497
vt 0.18359 0.52783
vt 0.17188 0.52783
vt 0.15967 0.52783
vt 0.15967 0.49267
vt 0.15967 0.46533
vt 0.16016 0.44922
vt 0.14404 0.4497
vt 0.15967 0.36328
vt 0.16797 0.36328
vt 0.17529 0.36328
vt 0.18359 0.36328
vt 0.14404 0.42578
vt 0.14404 0.40283
vt 0.14404 0.36328
vt 0.13672 0.41406
vt 0.14404 0.47656
vt 0.14404 0.49218
vt 0.13672 0.38281
vt 0.14404 0.5039
vt 0.14404 0.51562
vt 0.13281 0.51953
vt 0.1167 0.52783
vt 0.63672 0.36718
vt 0.63672 0.3872
vt 0.65235 0.3872
vt 0.6128 0.3872
vt 0.60547 0.3789
vt 0.59375 0.3872
vt 0.59375 0.3789
vt 0.59375 0.37158
vt 0.58155 0.3789
vt 0.57422 0.3872
vt 0.59375 0.36328
vt 0.59717 0.36328
vt 0.58985 0.36328
vt 0.01172 0.5039
vt 0.00342 0.4497
vt 0.01123 0.49658
vt 0.03125 0.49658
vt 0.03125 0.5039
vt 0.03125 0.5122
vt 0.01172 0.5122
vt 0.00342 0.52783
vt 0.03125 0.52783
vt 0.03125 0.48828
vt 0.01172 0.48828
vt 0.01172 0.48095
vt 0.03125 0.48095
vt 0.01172 0.46875
vt 0.01172 0.45703
vt 0.01172 0.44531
vt 0.01172 0.43408
vt 0.01172 0.42627
vt 0.01172 0.41845
vt 0.01123 0.41064
vt 0.01172 0.40283
vt 0.01172 0.39062
vt 0.01172 0.375
vt 0.00342 0.36328
vt 0.0625 0.5122
vt 0.0625 0.52783
vt 0.07031 0.5122
vt 0.07031 0.52783
vt 0.07031 0.5039
vt 0.0625 0.5039
vt 0.07031 0.49658
vt 0.0625 0.49658
vt 0.07031 0.48828
vt 0.0625 0.48828
vt 0.0625 0.48095
vt 0.07031 0.47656
vt 0.07031 0.46533
vt 0.0625 0.46533
vt 0.0625 0.4497
vt 0.07031 0.4497
vt 0.0625 0.43408
vt 0.07031 0.4375
vt 0.0625 0.42578
vt 0.07031 0.42578
vt 0.07031 0.41845
vt 0.0625 0.41845
vt 0.03125 0.41845
vt 0.0625 0.41015
vt 0.03125 0.41015
vt 0.03125 0.42578
vt 0.03125 0.40283
vt 0.0625 0.40283
vt 0.03125 0.39062
vt 0.0625 0.39062
vt 0.03125 0.375
vt 0.0625 0.375
vt 0.03125 0.36328
vt 0.0625 0.36328
vt 0.07031 0.39062
vt 0.07031 0.40283
vt 0.07031 0.375
vt 0.06982 0.36328
vt 0.07031 0.41015
vt 0.03125 0.43408
vt 0.0625 0.34765
vt 0.10156 0.34765
vt 0.08154 0.36328
vt 0.07813 0.375
vt 0.08594 0.375
vt 0.07813 0.39062
vt 0.08594 0.39062
vt 0.09375 0.3789
vt 0.09375 0.3872
vt 0.10156 0.38281
vt 0.10156 0.40283
vt 0.07813 0.40283
vt 0.10156 0.36328
vt 0.10156 0.39453
vt 0.10156 0.37158
vt 0.10156 0.41015
vt 0.11719 0.41015
vt 0.10156 0.41845
vt 0.11719 0.41845
vt 0.07813 0.41015
vt 0.07813 0.41845
vt 0.11719 0.42578
vt 0.10156 0.42578
vt 0.07813 0.42578
vt 0.12842 0.41845
vt 0.11719 0.40283
vt 0.10938 0.38281
vt 0.10547 0.38281
vt 0.11719 0.38281
vt 0.125 0.38281
vt 0.11719 0.36328
vt 0.12842 0.41015
vt 0.10156 0.4375
vt 0.07813 0.4375
vt 0.10156 0.4497
vt 0.07813 0.4497
vt 0.07813 0.46533
vt 0.10156 0.46533
vt 0.11719 0.4497
vt 0.1167 0.46533
vt 0.12842 0.4497
vt 0.11719 0.4375
vt 0.13281 0.4375
vt 0.13281 0.46093
vt 0.11719 0.47705
vt 0.10156 0.47705
vt 0.1167 0.48828
vt 0.10156 0.48828
vt 0.11719 0.49658
vt 0.10156 0.49658
vt 0.13233 0.49658
vt 0.13281 0.48828
vt 0.1167 0.5039
vt 0.10156 0.5039
vt 0.07813 0.49658
vt 0.07813 0.5039
vt 0.07813 0.47656
vt 0.07813 0.48828
vt 0.07813 0.5122
vt 0.10156 0.5122
vt 0.10156 0.52783
vt 0.07813 0.52783
vt 0.11719 0.5122
vt 0.13281 0.5122
vt 0.90626 0.82812
vt 0.90626 0.81641
vt 0.92188 0.81641
vt 0.92188 0.82812
vt 0.96485 0.81641
vt 0.96485 0.82812
vt 0.89063 0.82812
vt 0.89063 0.81641
vt 0.87842 0.82812
vt 0.87842 0.81641
vt 0.85547 0.82031
vt 0.85547 0.82812
vt 0.98438 0.81641
vt 0.98438 0.82812
vt 0.9961 0.82812
vt 0.84376 0.82031
vt 0.85547 0.8125
vt 0.83594 0.82812
vt 0.87842 0.80908
vt 0.85547 0.80469
vt 0.87842 0.80078
vt 0.89063 0.80469
vt 0.89063 0.79346
vt 0.90626 0.80469
vt 0.90626 0.79346
vt 0.92188 0.80469
vt 0.92188 0.79346
vt 0.96485 0.80469
vt 0.96485 0.79346
vt 0.92188 0.78125
vt 0.90626 0.78125
vt 0.92188 0.76953
vt 0.90626 0.76953
vt 0.96485 0.76953
vt 0.96485 0.78125
vt 0.90626 0.74658
vt 0.89063 0.76953
vt 0.89063 0.74658
vt 0.92188 0.74658
vt 0.96485 0.74658
vt 0.90626 0.73437
vt 0.89405 0.73437
vt 0.89405 0.72265
vt 0.90626 0.71875
vt 0.92188 0.73437
vt 0.92188 0.71094
vt 0.88282 0.71094
vt 0.88282 0.73437
vt 0.84376 0.74658
vt 0.88282 0.72265
vt 0.96485 0.73437
vt 0.96485 0.71094
vt 0.89063 0.78125
vt 0.87842 0.78906
vt 0.87842 0.76953
vt 0.8628 0.76953
vt 0.87842 0.7539
vt 0.85547 0.7539
vt 0.85547 0.78906
vt 0.98438 0.73437
vt 0.98438 0.74658
vt 0.98438 0.71094
vt 0.98389 0.76758
vt 0.98438 0.78125
vt 0.98389 0.79346
vt 0.98438 0.80469
vt 0.96485 0.69971
vt 0.92188 0.69971
vt 0.92188 0.6875
vt 0.96485 0.6875
vt 0.91797 0.67578
vt 0.9336 0.67578
vt 0.98438 0.69971
vt 0.9961 0.67578
vt 0.90967 0.6914
vt 0.90967 0.69971
vt 0.90235 0.69531
vt 0.90235 0.68408
vt 0.88282 0.68408
vt 0.90235 0.70703
vt 0.86719 0.66015
vt 0.9336 0.66015
vt 0.96485 0.67578
vt 0.98438 0.92187
vt 0.98438 0.94531
vt 0.98438 0.91016
vt 0.98389 0.88916
vt 0.98438 0.87549
vt 0.98438 0.86328
vt 0.98389 0.85205
vt 0.96485 0.85156
vt 0.96485 0.86328
vt 0.92188 0.86328
vt 0.92188 0.85156
vt 0.90626 0.86328
vt 0.90626 0.85156
vt 0.92188 0.875
vt 0.90626 0.875
vt 0.92188 0.88721
vt 0.90626 0.88721
vt 0.96485 0.88721
vt 0.96485 0.875
vt 0.90626 0.91016
vt 0.89063 0.88721
vt 0.89063 0.91016
vt 0.92188 0.91016
vt 0.96485 0.91016
vt 0.90626 0.92187
vt 0.89405 0.92187
vt 0.89405 0.93408
vt 0.90626 0.9375
vt 0.92188 0.92187
vt 0.92188 0.94531
vt 0.88282 0.94531
vt 0.88282 0.92187
vt 0.84376 0.91016
vt 0.88282 0.93408
vt 0.96485 0.92187
vt 0.96485 0.94531
vt 0.89063 0.875
vt 0.89063 0.86328
vt 0.89063 0.85156
vt 0.87842 0.85596
vt 0.87842 0.84766
vt 0.85547 0.85156
vt 0.85547 0.84375
vt 0.87842 0.86719
vt 0.87842 0.88721
vt 0.8628 0.88721
vt 0.87842 0.90283
vt 0.85547 0.90283
vt 0.85547 0.86719
vt 0.92188 0.95703
vt 0.96485 0.95703
vt 0.92188 0.96875
vt 0.96485 0.96875
vt 0.91797 0.98096
vt 0.9336 0.98096
vt 0.98438 0.95703
vt 0.9961 0.98096
vt 0.90967 0.96533
vt 0.90967 0.95703
vt 0.90235 0.96094
vt 0.90235 0.97266
vt 0.88282 0.97266
vt 0.90235 0.94971
vt 0.86719 0.99658
vt 0.9336 0.99658
vt 0.96485 0.98096
vt 0.98389 0.84033
vt 0.96485 0.84033
vt 0.92188 0.84033
vt 0.90626 0.84033
vt 0.89063 0.84033
vt 0.87842 0.84033
vt 0.85547 0.83594
vt 0.84376 0.83594
vt 0.82422 0.7539
vt 0.85352 0.69238
vt 0.83985 0.6875
vt 0.83985 0.66015
vt 0.82422 0.6875
vt 0.83155 0.80469
vt 0.82422 0.82812
vt 0.83594 0.8125
vt 0.83594 0.84375
vt 0.83155 0.85156
vt 0.82422 0.90283
vt 0.85352 0.96436
vt 0.83985 0.96875
vt 0.83985 0.99658
vt 0.82422 0.96875
vt 0.02344 0.4414
vt 0.02344 0.4497
vt 0.02344 0.45703
vt 0.02344 0.46533
vt 0.02344 0.47265
vt 0.03125 0.4414
vt 0.03906 0.4414
vt 0.03125 0.4497
vt 0.03906 0.4497
vt 0.03125 0.45703
vt 0.03906 0.45703
vt 0.03125 0.46533
vt 0.03906 0.46533
vt 0.03125 0.47265
vt 0.03906 0.47265
vt 0.04688 0.44531
vt 0.04688 0.4497
vt 0.05469 0.4497
vt 0.05859 0.4414
vt 0.05469 0.45703
vt 0.04688 0.46875
vt 0.05859 0.47265
vt 0.0542 0.46533
vt 0.04688 0.46533
vt 0.18359 0.61328
vt 0.17188 0.53515
vt 0.18359 0.53515
vt 0.15967 0.53515
vt 0.15967 0.57031
vt 0.15967 0.59765
vt 0.15967 0.61328
vt 0.14404 0.61328
vt 0.15967 0.69971
vt 0.16797 0.69971
vt 0.17529 0.69971
vt 0.18359 0.69971
vt 0.14404 0.6372
vt 0.14404 0.66015
vt 0.14404 0.69971
vt 0.13672 0.64844
vt 0.14404 0.58642
vt 0.14404 0.5708
vt 0.13672 0.67969
vt 0.14404 0.55908
vt 0.14404 0.54687
vt 0.13281 0.54345
vt 0.11719 0.53515
vt 0.38672 0.36718
vt 0.38672 0.3872
vt 0.3711 0.3872
vt 0.40967 0.3872
vt 0.41797 0.3789
vt 0.42969 0.3872
vt 0.42969 0.3789
vt 0.42969 0.37158
vt 0.44092 0.3789
vt 0.44922 0.3872
vt 0.4253 0.36328
vt 0.42969 0.36328
vt 0.4336 0.36328
vt 0.01172 0.55908
vt 0.01123 0.5664
vt 0.00342 0.61328
vt 0.03125 0.5664
vt 0.03125 0.55908
vt 0.03125 0.55078
vt 0.01172 0.55078
vt 0.00342 0.53515
vt 0.03125 0.53515
vt 0.03125 0.5747
vt 0.01123 0.5747
vt 0.01172 0.58203
vt 0.03125 0.58203
vt 0.01172 0.59765
vt 0.01123 0.60595
vt 0.01172 0.61328
vt 0.01172 0.6289
vt 0.01172 0.63672
vt 0.01123 0.64453
vt 0.01172 0.65234
vt 0.01172 0.66015
vt 0.01172 0.67187
vt 0.01172 0.6875
vt 0.00342 0.69971
vt 0.0625 0.55078
vt 0.0625 0.53515
vt 0.07031 0.55078
vt 0.07031 0.53515
vt 0.07031 0.55908
vt 0.0625 0.55908
vt 0.07031 0.5664
vt 0.0625 0.5664
vt 0.07031 0.5747
vt 0.0625 0.5747
vt 0.0625 0.58203
vt 0.06982 0.58593
vt 0.06982 0.59765
vt 0.0625 0.59765
vt 0.0625 0.61328
vt 0.07031 0.61328
vt 0.0625 0.6289
vt 0.07031 0.625
vt 0.0625 0.6372
vt 0.07031 0.6372
vt 0.06982 0.64453
vt 0.0625 0.64453
vt 0.03125 0.64453
vt 0.0625 0.65283
vt 0.03125 0.65283
vt 0.03125 0.6372
vt 0.03125 0.66015
vt 0.0625 0.66015
vt 0.03125 0.67187
vt 0.0625 0.67187
vt 0.03125 0.6875
vt 0.0625 0.6875
vt 0.03125 0.69971
vt 0.0625 0.69971
vt 0.06982 0.67187
vt 0.06982 0.66015
vt 0.07031 0.6875
vt 0.07031 0.69971
vt 0.06982 0.65283
vt 0.03125 0.6289
vt 0.0625 0.71533
vt 0.10156 0.71533
vt 0.08154 0.69971
vt 0.07813 0.6875
vt 0.08594 0.6875
vt 0.07813 0.67187
vt 0.08594 0.67187
vt 0.09375 0.68408
vt 0.09375 0.67578
vt 0.10107 0.68017
vt 0.10107 0.66015
vt 0.07813 0.66015
vt 0.10156 0.69971
vt 0.10107 0.66845
vt 0.10156 0.6914
vt 0.10107 0.65283
vt 0.1167 0.65283
vt 0.10156 0.64453
vt 0.1167 0.64453
vt 0.07813 0.65283
vt 0.07813 0.64453
vt 0.11719 0.6372
vt 0.10156 0.6372
vt 0.07813 0.6372
vt 0.12842 0.64453
vt 0.1167 0.66015
vt 0.10938 0.68017
vt 0.10547 0.68017
vt 0.11719 0.68017
vt 0.125 0.68017
vt 0.1167 0.69971
vt 0.12842 0.65283
vt 0.10107 0.625
vt 0.07813 0.625
vt 0.10156 0.61328
vt 0.07813 0.61328
vt 0.07813 0.59765
vt 0.10156 0.59765
vt 0.11719 0.61328
vt 0.11719 0.59765
vt 0.12842 0.61328
vt 0.1167 0.625
vt 0.13281 0.625
vt 0.13281 0.60205
vt 0.1167 0.58642
vt 0.10107 0.58642
vt 0.11719 0.5747
vt 0.10156 0.5747
vt 0.11719 0.5664
vt 0.10156 0.5664
vt 0.13281 0.5664
vt 0.13281 0.5747
vt 0.11719 0.55908
vt 0.10156 0.55908
vt 0.07813 0.5664
vt 0.07813 0.55908
vt 0.07813 0.58593
vt 0.07813 0.5747
vt 0.07813 0.55078
vt 0.10156 0.55078
vt 0.10156 0.53515
vt 0.07813 0.53515
vt 0.11719 0.55078
vt 0.13233 0.55078
vt 0.02295 0.62158
vt 0.02295 0.61328
vt 0.02295 0.60595
vt 0.02295 0.59765
vt 0.02295 0.59033
vt 0.03125 0.62158
vt 0.03906 0.62158
vt 0.03125 0.61328
vt 0.03906 0.61328
vt 0.03125 0.60595
vt 0.03857 0.60595
vt 0.03125 0.59765
vt 0.03906 0.59765
vt 0.03125 0.59033
vt 0.03906 0.59033
vt 0.04688 0.61719
vt 0.04688 0.61328
vt 0.05469 0.61328
vt 0.05859 0.62158
vt 0.05469 0.60595
vt 0.04688 0.59375
vt 0.05859 0.59033
vt 0.05469 0.59765
vt 0.04688 0.59765
vt 0.37842 0.58984
vt 0.37842 0.55273
vt 0.41797 0.55273
vt 0.41797 0.58984
vt 0.37842 0.50781
vt 0.41797 0.50781
vt 0.41797 0.46875
vt 0.37842 0.46875
vt 0.45313 0.50781
vt 0.45313 0.55273
vt 0.45313 0.46875
vt 0.45313 0.59033
vt 0.45313 0.46093
vt 0.46485 0.46093
vt 0.46485 0.45312
vt 0.47608 0.45312
vt 0.47608 0.46093
vt 0.45313 0.45312
vt 0.41797 0.46093
vt 0.41797 0.45312
vt 0.37842 0.46093
vt 0.37842 0.45312
vt 0.4961 0.45312
vt 0.4961 0.46093
vt 0.51905 0.46093
vt 0.51905 0.45312
vt 0.54688 0.45312
vt 0.54688 0.46093
vt 0.57422 0.45312
vt 0.57422 0.46093
vt 0.59717 0.45312
vt 0.59717 0.46093
vt 0.61719 0.45312
vt 0.6167 0.46093
vt 0.62842 0.45312
vt 0.62842 0.46093
vt 0.64405 0.45312
vt 0.64405 0.46093
vt 0.47657 0.46875
vt 0.46485 0.46875
vt 0.62842 0.46875
vt 0.64405 0.46875
vt 0.6167 0.46875
vt 0.59717 0.46875
vt 0.57422 0.46875
vt 0.54688 0.46875
vt 0.51905 0.46875
vt 0.4961 0.46875
vt 0.57422 0.44531
vt 0.54688 0.44531
vt 0.57422 0.4375
vt 0.54688 0.4375
vt 0.59717 0.4375
vt 0.59717 0.44531
vt 0.6167 0.4375
vt 0.6167 0.44531
vt 0.62842 0.4375
vt 0.62842 0.44531
vt 0.64405 0.4375
vt 0.64405 0.44531
vt 0.51905 0.4375
vt 0.51905 0.44531
vt 0.4961 0.4375
vt 0.4961 0.44531
vt 0.47608 0.44531
vt 0.47657 0.4375
vt 0.46485 0.44531
vt 0.46485 0.4375
vt 0.45313 0.44531
vt 0.45313 0.4375
vt 0.41797 0.44531
vt 0.41797 0.4375
vt 0.37842 0.4375
vt 0.37842 0.44531
vt 0.4961 0.42578
vt 0.47657 0.42578
vt 0.4961 0.39453
vt 0.51905 0.39453
vt 0.51905 0.42578
vt 0.54688 0.39453
vt 0.54688 0.42578
vt 0.57422 0.39453
vt 0.57422 0.42578
vt 0.59717 0.39453
vt 0.59717 0.42578
vt 0.61719 0.39453
vt 0.61719 0.42578
vt 0.62842 0.39453
vt 0.62842 0.42578
vt 0.64405 0.39453
vt 0.64405 0.42578
vt 0.47608 0.39453
vt 0.46485 0.42578
vt 0.46485 0.39453
vt 0.45313 0.42578
vt 0.45313 0.39453
vt 0.41797 0.42578
vt 0.41797 0.39453
vt 0.37842 0.42578
vt 0.37842 0.39453
vt 0.98047 0.51611
vt 0.97217 0.52783
vt 0.93751 0.52783
vt 0.93751 0.51611
vt 0.90235 0.51611
vt 0.90235 0.52783
vt 0.98047 0.5625
vt 0.97217 0.5625
vt 0.98047 0.58203
vt 0.97217 0.58203
vt 0.89405 0.52783
vt 0.89405 0.5625
vt 0.88672 0.5625
vt 0.88672 0.57812
vt 0.89405 0.57812
vt 0.88672 0.62158
vt 0.89405 0.62158
vt 0.88672 0.65283
vt 0.89405 0.65283
vt 0.90235 0.65283
vt 0.90235 0.625
vt 0.88672 0.52783
vt 0.89405 0.51611
vt 0.88672 0.51611
vt 0.90235 0.57812
vt 0.90235 0.5625
vt 0.97217 0.62842
vt 0.96485 0.60205
vt 0.96485 0.63281
vt 0.96485 0.65283
vt 0.97217 0.65283
vt 0.95313 0.63281
vt 0.95313 0.65283
vt 0.9336 0.65283
vt 0.9336 0.6333
vt 0.917 0.6333
vt 0.91602 0.65283
vt 0.95313 0.62158
vt 0.9336 0.62158
vt 0.92188 0.57812
vt 0.98047 0.62109
vt 0.98047 0.65283
vt 0.9878 0.61865
vt 0.9878 0.58203
vt 0.9961 0.58203
vt 0.9961 0.5625
vt 0.9878 0.5625
vt 0.9878 0.50049
vt 0.9961 0.50049
vt 0.9961 0.48877
vt 0.9878 0.48877
vt 0.9878 0.47705
vt 0.90235 0.48877
vt 0.95215 0.50049
vt 0.90235 0.50049
vt 0.89405 0.48877
vt 0.89405 0.50049
vt 0.88672 0.50049
vt 0.88672 0.48877
vt 0.89405 0.47705
vt 0.88672 0.47705
vt 0.88672 0.46533
vt 0.89405 0.46484
vt 0.9961 0.47705
vt 0.90235 0.47705
vt 0.9878 0.46484
vt 0.90235 0.46484
vt 0.9961 0.46484
vt 0.90235 0.45312
vt 0.9878 0.45312
vt 0.90235 0.4414
vt 0.9878 0.4414
vt 0.9961 0.4414
vt 0.9961 0.45312
vt 0.9878 0.42968
vt 0.95215 0.42968
vt 0.9961 0.43017
vt 0.9961 0.36718
vt 0.9878 0.36718
vt 0.90235 0.43017
vt 0.89405 0.4414
vt 0.89405 0.42968
vt 0.88672 0.42968
vt 0.88672 0.4414
vt 0.89405 0.45312
vt 0.88672 0.45312
vt 0.9878 0.34765
vt 0.9961 0.34765
vt 0.9878 0.31152
vt 0.9961 0.31298
vt 0.9878 0.27783
vt 0.9961 0.27783
vt 0.88672 0.41406
vt 0.89405 0.41406
vt 0.88672 0.40283
vt 0.89405 0.40283
vt 0.88672 0.36767
vt 0.89405 0.36718
vt 0.88672 0.35156
vt 0.89405 0.35156
vt 0.88672 0.30908
vt 0.89405 0.30908
vt 0.88672 0.27783
vt 0.89405 0.27783
vt 0.90235 0.27783
vt 0.90235 0.30517
vt 0.90235 0.35156
vt 0.90235 0.40283
vt 0.90235 0.36718
vt 0.90235 0.41406
vt 0.93751 0.40283
vt 0.93751 0.41455
vt 0.98047 0.41406
vt 0.97217 0.40283
vt 0.98047 0.36718
vt 0.97217 0.36767
vt 0.98047 0.34765
vt 0.97217 0.34765
vt 0.97217 0.30175
vt 0.96485 0.32812
vt 0.96485 0.29687
vt 0.96485 0.27783
vt 0.97217 0.27783
vt 0.95313 0.29687
vt 0.95313 0.27783
vt 0.9336 0.27783
vt 0.9336 0.29687
vt 0.917 0.29687
vt 0.91602 0.27783
vt 0.95313 0.30908
vt 0.9336 0.30908
vt 0.92188 0.35205
vt 0.98047 0.30908
vt 0.98047 0.27783
vt 0.92188 0.36718
vt 0.92188 0.3833
vt 0.93751 0.3833
vt 0.95313 0.3833
vt 0.95313 0.36718
vt 0.95313 0.34765
vt 0.95313 0.32812
vt 0.9961 0.61719
vt 0.9878 0.65283
vt 0.9961 0.65283
usemtl mat0
f 1136/1136/1142 1137/1137/1143 1138/1138/1144
f 1139/1139/1145 1138/1138/1144 1137/1137/1143
f 1138/1138/1144 1140/1140/1146 1136/1136/1142
f 1138/1138/1144 1139/1139/1145 1140/1140/1146
f 1140/1140/1146 1141/1141/1147 1136/1136/1142
f 1141/1141/1147 1140/1140/1146 1142/1142/1148
f 1140/1140/1146 1139/1139/1145 1142/1142/1148
f 1143/1143/1149 1141/1141/1147 1142/1142/1148
f 1142/1142/1148 1144/1144/1150 1143/1143/1149
f 1144/1144/1150 1145/1145/1151 1143/1143/1149
f 1145/1145/1151 1146/1146/1152 1143/1143/1149
f 1146/1146/1152 1141/1141/1147 1143/1143/1149
f 1141/1141/1147 1147/1147/1153 1136/1136/1142
f 1147/1147/1153 1141/1141/1147 1146/1146/1152
f 1146/1146/1152 1148/1148/1154 1147/1147/1153
f 1148/1148/1154 1146/1146/1152 1145/1145/1151
f 1149/1149/1155 1148/1148/1154 1145/1145/1151
f 1150/1150/1156 1149/1149/1155 1145/1145/1151
f 1149/1149/1155 1150/1150/1156 1148/1148/1154
f 1148/1148/1154 1150/1150/1156 1151/1151/1157
f 1147/1147/1153 1148/1148/1154 1151/1151/1157
f 1136/1136/1142 1147/1147/1153 1151/1151/1157
f 1139/1139/1145 1152/1152/1158 1142/1142/1148
f 1153/1153/1159 1152/1152/1158 1139/1139/1145
f 1154/1154/1160 1153/1153/1159 1139/1139/1145
f 1155/1155/1161 1153/1153/1159 1154/1154/1160
f 1155/1155/1161 1156/1156/1162 1153/1153/1159
f 1156/1156/1162 1157/1157/1163 1153/1153/1159
f 1156/1156/1162 1158/1158/1164 1157/1157/1163
f 1158/1158/1164 1159/1159/1165 1157/1157/1163
f 1159/1159/1165 1158/1158/1164 1160/1160/1166
f 1158/1158/1164 1161/1161/1167 1160/1160/1166
f 1162/1162/1168 1155/1155/1161 1154/1154/1160
f 1154/1154/1160 1139/1139/1145 1163/1163/1169
f 1154/1154/1160 1163/1163/1169 1162/1162/1168
f 1153/1153/1159 1164/1164/1170 1152/1152/1158
f 1164/1164/1170 1165/1165/1171 1152/1152/1158
f 1165/1165/1171 1144/1144/1150 1142/1142/1148
f 1152/1152/1158 1165/1165/1171 1142/1142/1148
f 1166/1166/1172 1165/1165/1171 1164/1164/1170
f 1167/1167/1173 1166/1166/1172 1164/1164/1170
f 1167/1167/1173 1164/1164/1170 1153/1153/1159
f 1157/1157/1163 1167/1167/1173 1153/1153/1159
f 1167/1167/1173 1157/1157/1163 1159/1159/1165
f 1166/1166/1172 1167/1167/1173 1168/1168/1174
f 1168/1168/1174 1167/1167/1173 1159/1159/1165
f 1169/1169/1175 1166/1166/1172 1168/1168/1174
f 1170/1170/1176 1169/1169/1175 1168/1168/1174
f 1171/1171/1177 1170/1170/1176 1168/1168/1174
f 1171/1171/1177 1168/1168/1174 1159/1159/1165
f 1160/1160/1166 1171/1171/1177 1159/1159/1165
f 1165/1165/1171 1166/1166/1172 1172/1172/1178
f 1144/1144/1150 1165/1165/1171 1172/1172/1178
f 1166/1166/1172 1169/1169/1175 1172/1172/1178
f 1169/1169/1175 1170/1170/1176 1173/1173/1179
f 1169/1169/1175 1173/1173/1179 1172/1172/1178
f 1170/1170/1176 1174/1174/1180 1173/1173/1179
f 1172/1172/1178 1175/1175/1181 1144/1144/1150
f 1175/1175/1181 1172/1172/1178 1173/1173/1179
f 1175/1175/1181 1145/1145/1151 1144/1144/1150
f 1175/1175/1181 1176/1176/1182 1145/1145/1151
f 1176/1176/1182 1177/1177/1183 1145/1145/1151
f 1176/1176/1182 1175/1175/1181 1178/1178/1184
f 1178/1178/1184 1175/1175/1181 1173/1173/1179
f 1179/1179/1185 1176/1176/1182 1178/1178/1184
f 1179/1179/1185 1180/1180/1186 1176/1176/1182
f 1177/1177/1183 1176/1176/1182 1180/1180/1186
f 1177/1177/1183 1180/1180/1186 1181/1181/1187
f 1182/1182/1188 1178/1178/1184 1173/1173/1179
f 1182/1182/1188 1179/1179/1185 1178/1178/1184
f 1173/1173/1179 1183/1183/1189 1182/1182/1188
f 1173/1173/1179 1174/1174/1180 1183/1183/1189
f 1179/1179/1185 1184/1184/1190 1180/1180/1186
f 1184/1184/1190 1179/1179/1185 1182/1182/1188
f 1185/1185/1191 1184/1184/1190 1182/1182/1188
f 1186/1186/1192 1185/1185/1191 1182/1182/1188
f 1187/1187/1193 1185/1185/1191 1186/1186/1192
f 1184/1184/1190 1185/1185/1191 1187/1187/1193
f 1188/1188/1194 1184/1184/1190 1187/1187/1193
f 1180/1180/1186 1184/1184/1190 1188/1188/1194
f 1188/1188/1194 1181/1181/1187 1180/1180/1186
f 1181/1181/1187 1188/1188/1194 1189/1189/1195
f 1189/1189/1195 1188/1188/1194 1187/1187/1193
f 1150/1150/1156 1181/1181/1187 1189/1189/1195
f 1177/1177/1183 1181/1181/1187 1150/1150/1156
f 1145/1145/1151 1177/1177/1183 1150/1150/1156
f 1182/1182/1188 1190/1190/1196 1186/1186/1192
f 1183/1183/1189 1190/1190/1196 1182/1182/1188
f 1183/1183/1189 1191/1191/1197 1190/1190/1196
f 1174/1174/1180 1191/1191/1197 1183/1183/1189
f 1191/1191/1197 1192/1192/1198 1190/1190/1196
f 1193/1193/1199 1190/1190/1196 1192/1192/1198
f 1194/1194/1200 1190/1190/1196 1193/1193/1199
f 1190/1190/1196 1194/1194/1200 1186/1186/1192
f 1186/1186/1192 1194/1194/1200 1187/1187/1193
f 1194/1194/1200 1193/1193/1199 1195/1195/1201
f 1194/1194/1200 1195/1195/1201 1187/1187/1193
f 1187/1187/1193 1195/1195/1201 1196/1196/1202
f 1195/1195/1201 1197/1197/1203 1196/1196/1202
f 1195/1195/1201 1193/1193/1199 1197/1197/1203
f 1151/1151/1157 1150/1150/1156 1189/1189/1195
f 1187/1187/1193 1196/1196/1202 1198/1198/1204
f 1189/1189/1195 1187/1187/1193 1198/1198/1204
f 1196/1196/1202 1199/1199/1205 1198/1198/1204
f 1200/1200/1206 1189/1189/1195 1198/1198/1204
f 1201/1201/1207 1151/1151/1157 1189/1189/1195
f 1200/1200/1206 1201/1201/1207 1189/1189/1195
f 1136/1136/1142 1151/1151/1157 1201/1201/1207
f 1202/1202/1208 1136/1136/1142 1201/1201/1207
f 1202/1202/1208 1203/1203/1209 1136/1136/1142
f 1203/1203/1209 1137/1137/1143 1136/1136/1142
f 1204/1204/1210 1137/1137/1143 1203/1203/1209
f 1205/1205/1211 1204/1204/1210 1203/1203/1209
f 1201/1201/1207 1200/1200/1206 1206/1206/1212
f 1207/1207/1213 1201/1201/1207 1206/1206/1212
f 1202/1202/1208 1201/1201/1207 1207/1207/1213
f 1198/1198/1204 1199/1199/1205 1208/1208/1214
f 1209/1209/1215 1198/1198/1204 1208/1208/1214
f 1200/1200/1206 1198/1198/1204 1209/1209/1215
f 1206/1206/1212 1200/1200/1206 1209/1209/1215
f 1203/1203/1209 1210/1210/1216 1205/1205/1211
f 1210/1210/1216 1211/1211/1217 1205/1205/1211
f 1212/1212/1218 1211/1211/1217 1210/1210/1216
f 1213/1213/1219 1212/1212/1218 1210/1210/1216
f 1212/1212/1218 1213/1213/1219 1214/1214/1220
f 1213/1213/1219 1215/1215/1221 1214/1214/1220
f 1214/1214/1220 1215/1215/1221 1216/1216/1222
f 1215/1215/1221 1217/1217/1223 1216/1216/1222
f 1216/1216/1222 1217/1217/1223 1218/1218/1224
f 1217/1217/1223 1219/1219/1225 1218/1218/1224
f 1203/1203/1209 1202/1202/1208 1220/1220/1226
f 1210/1210/1216 1203/1203/1209 1220/1220/1226
f 1220/1220/1226 1202/1202/1208 1207/1207/1213
f 1216/1216/1222 1218/1218/1224 1221/1221/1227
f 1222/1222/1228 1216/1216/1222 1221/1221/1227
f 1214/1214/1220 1216/1216/1222 1222/1222/1228
f 1223/1223/1229 1214/1214/1220 1222/1222/1228
f 1212/1212/1218 1214/1214/1220 1223/1223/1229
f 1224/1224/1230 1212/1212/1218 1223/1223/1229
f 1212/1212/1218 1224/1224/1230 1225/1225/1231
f 1211/1211/1217 1212/1212/1218 1225/1225/1231
f 1211/1211/1217 1225/1225/1231 1226/1226/1232
f 1205/1205/1211 1211/1211/1217 1226/1226/1232
f 1226/1226/1232 1225/1225/1231 1227/1227/1233
f 1226/1226/1232 1227/1227/1233 1163/1163/1169
f 1163/1163/1169 1227/1227/1233 1162/1162/1168
f 1204/1204/1210 1226/1226/1232 1163/1163/1169
f 1205/1205/1211 1226/1226/1232 1204/1204/1210
f 1227/1227/1233 1228/1228/1234 1162/1162/1168
f 1225/1225/1231 1228/1228/1234 1227/1227/1233
f 1228/1228/1234 1229/1229/1235 1162/1162/1168
f 1162/1162/1168 1229/1229/1235 1230/1230/1236
f 1162/1162/1168 1230/1230/1236 1231/1231/1237
f 1155/1155/1161 1162/1162/1168 1231/1231/1237
f 1231/1231/1237 1230/1230/1236 1232/1232/1238
f 1230/1230/1236 1233/1233/1239 1232/1232/1238
f 1233/1233/1239 1234/1234/1240 1232/1232/1238
f 1234/1234/1240 1235/1235/1241 1232/1232/1238
f 1234/1234/1240 1236/1236/1242 1235/1235/1241
f 1236/1236/1242 1237/1237/1243 1235/1235/1241
f 1237/1237/1243 1236/1236/1242 1238/1238/1244
f 1236/1236/1242 1239/1239/1245 1238/1238/1244
f 1229/1229/1235 1240/1240/1246 1230/1230/1236
f 1240/1240/1246 1229/1229/1235 1241/1241/1247
f 1242/1242/1248 1240/1240/1246 1241/1241/1247
f 1230/1230/1236 1240/1240/1246 1242/1242/1248
f 1233/1233/1239 1230/1230/1236 1242/1242/1248
f 1241/1241/1247 1243/1243/1249 1242/1242/1248
f 1243/1243/1249 1244/1244/1250 1242/1242/1248
f 1234/1234/1240 1244/1244/1250 1236/1236/1242
f 1244/1244/1250 1234/1234/1240 1233/1233/1239
f 1242/1242/1248 1244/1244/1250 1233/1233/1239
f 1244/1244/1250 1243/1243/1249 1245/1245/1251
f 1236/1236/1242 1245/1245/1251 1239/1239/1245
f 1244/1244/1250 1245/1245/1251 1236/1236/1242
f 1243/1243/1249 1246/1246/1252 1245/1245/1251
f 1245/1245/1251 1246/1246/1252 1247/1247/1253
f 1245/1245/1251 1247/1247/1253 1239/1239/1245
f 1246/1246/1252 1248/1248/1254 1247/1247/1253
f 1249/1249/1255 1248/1248/1254 1246/1246/1252
f 1250/1250/1256 1249/1249/1255 1246/1246/1252
f 1250/1250/1256 1246/1246/1252 1243/1243/1249
f 1237/1237/1243 1238/1238/1244 1251/1251/1257
f 1252/1252/1258 1237/1237/1243 1251/1251/1257
f 1252/1252/1258 1251/1251/1257 1253/1253/1259
f 1254/1254/1260 1252/1252/1258 1253/1253/1259
f 1252/1252/1258 1254/1254/1260 1255/1255/1261
f 1256/1256/1262 1252/1252/1258 1255/1255/1261
f 1237/1237/1243 1252/1252/1258 1256/1256/1262
f 1235/1235/1241 1237/1237/1243 1256/1256/1262
f 1257/1257/1263 1256/1256/1262 1255/1255/1261
f 1256/1256/1262 1257/1257/1263 1235/1235/1241
f 1257/1257/1263 1232/1232/1238 1235/1235/1241
f 1258/1258/1264 1257/1257/1263 1255/1255/1261
f 1257/1257/1263 1258/1258/1264 1259/1259/1265
f 1260/1260/1266 1257/1257/1263 1259/1259/1265
f 1232/1232/1238 1257/1257/1263 1260/1260/1266
f 1259/1259/1265 1158/1158/1164 1260/1260/1266
f 1158/1158/1164 1156/1156/1162 1260/1260/1266
f 1231/1231/1237 1232/1232/1238 1260/1260/1266
f 1155/1155/1161 1231/1231/1237 1260/1260/1266
f 1156/1156/1162 1155/1155/1161 1260/1260/1266
f 1254/1254/1260 1253/1253/1259 1261/1261/1267
f 1253/1253/1259 1262/1262/1268 1261/1261/1267
f 1254/1254/1260 1261/1261/1267 1263/1263/1269
f 1255/1255/1261 1254/1254/1260 1263/1263/1269
f 1258/1258/1264 1255/1255/1261 1263/1263/1269
f 1264/1264/1270 1258/1258/1264 1263/1263/1269
f 1258/1258/1264 1264/1264/1270 1265/1265/1271
f 1259/1259/1265 1258/1258/1264 1265/1265/1271
f 1161/1161/1167 1158/1158/1164 1259/1259/1265
f 1265/1265/1271 1161/1161/1167 1259/1259/1265
f 1266/1266/1272 1250/1250/1256 1243/1243/1249
f 1222/1222/1228 1250/1250/1256 1266/1266/1272
f 1223/1223/1229 1222/1222/1228 1266/1266/1272
f 1222/1222/1228 1221/1221/1227 1250/1250/1256
f 1221/1221/1227 1249/1249/1255 1250/1250/1256
f 1221/1221/1227 1267/1267/1273 1249/1249/1255
f 1268/1268/1274 1267/1267/1273 1221/1221/1227
f 1218/1218/1224 1268/1268/1274 1221/1221/1227
f 1269/1269/1275 1268/1268/1274 1218/1218/1224
f 1219/1219/1225 1269/1269/1275 1218/1218/1224
f 1270/1270/1276 1269/1269/1275 1219/1219/1225
f 1271/1271/1277 1270/1270/1276 1219/1219/1225
f 1272/1272/1278 1270/1270/1276 1271/1271/1277
f 1273/1273/1279 1272/1272/1278 1271/1271/1277
f 1267/1267/1273 1274/1274/1280 1249/1249/1255
f 1249/1249/1255 1274/1274/1280 1248/1248/1254
f 1274/1274/1280 1275/1275/1281 1248/1248/1254
f 1247/1247/1253 1248/1248/1254 1275/1275/1281
f 1276/1276/1282 1247/1247/1253 1275/1275/1281
f 1239/1239/1245 1247/1247/1253 1276/1276/1282
f 1277/1277/1283 1239/1239/1245 1276/1276/1282
f 1277/1277/1283 1278/1278/1284 1239/1239/1245
f 1278/1278/1284 1238/1238/1244 1239/1239/1245
f 1238/1238/1244 1278/1278/1284 1251/1251/1257
f 1278/1278/1284 1279/1279/1285 1251/1251/1257
f 1251/1251/1257 1279/1279/1285 1253/1253/1259
f 1279/1279/1285 1280/1280/1286 1253/1253/1259
f 1253/1253/1259 1280/1280/1286 1262/1262/1268
f 1280/1280/1286 1281/1281/1287 1262/1262/1268
f 1270/1270/1276 1272/1272/1278 1282/1282/1288
f 1272/1272/1278 1283/1283/1289 1282/1282/1288
f 1282/1282/1288 1283/1283/1289 1284/1284/1290
f 1285/1285/1291 1282/1282/1288 1284/1284/1290
f 1286/1286/1292 1282/1282/1288 1285/1285/1291
f 1270/1270/1276 1282/1282/1288 1286/1286/1292
f 1269/1269/1275 1270/1270/1276 1286/1286/1292
f 1287/1287/1293 1286/1286/1292 1285/1285/1291
f 1288/1288/1294 1286/1286/1292 1287/1287/1293
f 1269/1269/1275 1286/1286/1292 1288/1288/1294
f 1289/1289/1295 1288/1288/1294 1287/1287/1293
f 1289/1289/1295 1287/1287/1293 1290/1290/1296
f 1287/1287/1293 1285/1285/1291 1290/1290/1296
f 1291/1291/1297 1289/1289/1295 1290/1290/1296
f 1285/1285/1291 1292/1292/1298 1290/1290/1296
f 1285/1285/1291 1284/1284/1290 1292/1292/1298
f 1290/1290/1296 1292/1292/1298 1293/1293/1299
f 1291/1291/1297 1290/1290/1296 1293/1293/1299
f 1292/1292/1298 1294/1294/1300 1293/1293/1299
f 1295/1295/1301 1291/1291/1297 1293/1293/1299
f 1295/1295/1301 1293/1293/1299 1296/1296/1302
f 1296/1296/1302 1293/1293/1299 1294/1294/1300
f 1297/1297/1303 1295/1295/1301 1296/1296/1302
f 1297/1297/1303 1296/1296/1302 1298/1298/1304
f 1299/1299/1305 1297/1297/1303 1298/1298/1304
f 1299/1299/1305 1298/1298/1304 1300/1300/1306
f 1298/1298/1304 1301/1301/1307 1300/1300/1306
f 1300/1300/1306 1301/1301/1307 1302/1302/1308
f 1301/1301/1307 1303/1303/1309 1302/1302/1308
f 1304/1304/1310 1296/1296/1302 1294/1294/1300
f 1305/1305/1311 1304/1304/1310 1294/1294/1300
f 1292/1292/1298 1305/1305/1311 1294/1294/1300
f 1284/1284/1290 1305/1305/1311 1292/1292/1298
f 1300/1300/1306 1302/1302/1308 1306/1306/1312
f 1307/1307/1313 1300/1300/1306 1306/1306/1312
f 1299/1299/1305 1300/1300/1306 1307/1307/1313
f 1308/1308/1314 1299/1299/1305 1307/1307/1313
f 1309/1309/1315 1297/1297/1303 1299/1299/1305
f 1308/1308/1314 1309/1309/1315 1299/1299/1305
f 1310/1310/1316 1295/1295/1301 1297/1297/1303
f 1309/1309/1315 1310/1310/1316 1297/1297/1303
f 1311/1311/1317 1291/1291/1297 1295/1295/1301
f 1310/1310/1316 1311/1311/1317 1295/1295/1301
f 1312/1312/1318 1289/1289/1295 1291/1291/1297
f 1311/1311/1317 1312/1312/1318 1291/1291/1297
f 1312/1312/1318 1313/1313/1319 1289/1289/1295
f 1313/1313/1319 1288/1288/1294 1289/1289/1295
f 1313/1313/1319 1312/1312/1318 1314/1314/1320
f 1312/1312/1318 1315/1315/1321 1314/1314/1320
f 1312/1312/1318 1311/1311/1317 1315/1315/1321
f 1311/1311/1317 1316/1316/1322 1315/1315/1321
f 1316/1316/1322 1311/1311/1317 1310/1310/1316
f 1317/1317/1323 1316/1316/1322 1310/1310/1316
f 1310/1310/1316 1309/1309/1315 1317/1317/1323
f 1309/1309/1315 1318/1318/1324 1317/1317/1323
f 1309/1309/1315 1308/1308/1314 1318/1318/1324
f 1308/1308/1314 1319/1319/1325 1318/1318/1324
f 1308/1308/1314 1307/1307/1313 1319/1319/1325
f 1307/1307/1313 1320/1320/1326 1319/1319/1325
f 1307/1307/1313 1306/1306/1312 1320/1320/1326
f 1306/1306/1312 1321/1321/1327 1320/1320/1326
f 1319/1319/1325 1320/1320/1326 1322/1322/1328
f 1320/1320/1326 1323/1323/1329 1322/1322/1328
f 1320/1320/1326 1321/1321/1327 1323/1323/1329
f 1317/1317/1323 1318/1318/1324 1324/1324/1330
f 1316/1316/1322 1317/1317/1323 1324/1324/1330
f 1318/1318/1324 1325/1325/1331 1324/1324/1330
f 1319/1319/1325 1322/1322/1328 1325/1325/1331
f 1318/1318/1324 1319/1319/1325 1325/1325/1331
f 1322/1322/1328 1323/1323/1329 1326/1326/1332
f 1327/1327/1333 1322/1322/1328 1326/1326/1332
f 1325/1325/1331 1322/1322/1328 1327/1327/1333
f 1325/1325/1331 1328/1328/1334 1324/1324/1330
f 1328/1328/1334 1325/1325/1331 1327/1327/1333
f 1328/1328/1334 1329/1329/1335 1324/1324/1330
f 1314/1314/1320 1315/1315/1321 1330/1330/1336
f 1315/1315/1321 1331/1331/1337 1330/1330/1336
f 1315/1315/1321 1316/1316/1322 1331/1331/1337
f 1316/1316/1322 1332/1332/1338 1331/1331/1337
f 1332/1332/1338 1316/1316/1322 1324/1324/1330
f 1324/1324/1330 1329/1329/1335 1332/1332/1338
f 1333/1333/1339 1330/1330/1336 1331/1331/1337
f 1332/1332/1338 1333/1333/1339 1331/1331/1337
f 1329/1329/1335 1333/1333/1339 1332/1332/1338
f 1321/1321/1327 1334/1334/1340 1323/1323/1329
f 1323/1323/1329 1334/1334/1340 1335/1335/1341
f 1326/1326/1332 1323/1323/1329 1335/1335/1341
f 1274/1274/1280 1314/1314/1320 1330/1330/1336
f 1274/1274/1280 1267/1267/1273 1314/1314/1320
f 1267/1267/1273 1313/1313/1319 1314/1314/1320
f 1267/1267/1273 1268/1268/1274 1313/1313/1319
f 1268/1268/1274 1288/1288/1294 1313/1313/1319
f 1268/1268/1274 1269/1269/1275 1288/1288/1294
f 1275/1275/1281 1274/1274/1280 1330/1330/1336
f 1276/1276/1282 1275/1275/1281 1330/1330/1336
f 1333/1333/1339 1276/1276/1282 1330/1330/1336
f 1277/1277/1283 1276/1276/1282 1333/1333/1339
f 1329/1329/1335 1277/1277/1283 1333/1333/1339
f 1329/1329/1335 1328/1328/1334 1277/1277/1283
f 1328/1328/1334 1278/1278/1284 1277/1277/1283
f 1278/1278/1284 1328/1328/1334 1327/1327/1333
f 1279/1279/1285 1278/1278/1284 1327/1327/1333
f 1279/1279/1285 1327/1327/1333 1326/1326/1332
f 1280/1280/1286 1279/1279/1285 1326/1326/1332
f 1280/1280/1286 1326/1326/1332 1335/1335/1341
f 1281/1281/1287 1280/1280/1286 1335/1335/1341
f 1336/1336/1342 1334/1334/1340 1321/1321/1327
f 1335/1335/1341 1334/1334/1340 1336/1336/1342
f 1337/1337/1343 1336/1336/1342 1321/1321/1327
f 1337/1337/1343 1321/1321/1327 1306/1306/1312
f 1338/1338/1344 1337/1337/1343 1306/1306/1312
f 1338/1338/1344 1306/1306/1312 1339/1339/1345
f 1306/1306/1312 1302/1302/1308 1339/1339/1345
f 1339/1339/1345 1302/1302/1308 1340/1340/1346
f 1302/1302/1308 1303/1303/1309 1340/1340/1346
f 1339/1339/1345 1340/1340/1346 1341/1341/1347
f 1342/1342/1348 1339/1339/1345 1341/1341/1347
f 1338/1338/1344 1339/1339/1345 1342/1342/1348
f 1342/1342/1348 1341/1341/1347 1343/1343/1349
f 1341/1341/1347 1344/1344/1350 1343/1343/1349
f 1343/1343/1349 1344/1344/1350 1345/1345/1351
f 1344/1344/1350 1346/1346/1352 1345/1345/1351
f 1345/1345/1351 1346/1346/1352 1347/1347/1353
f 1346/1346/1352 1348/1348/1354 1347/1347/1353
f 1347/1347/1353 1348/1348/1354 1349/1349/1355
f 1348/1348/1354 1350/1350/1356 1349/1349/1355
f 1349/1349/1355 1350/1350/1356 1351/1351/1357
f 1350/1350/1356 1352/1352/1358 1351/1351/1357
f 1350/1350/1356 1348/1348/1354 1353/1353/1359
f 1350/1350/1356 1353/1353/1359 1352/1352/1358
f 1348/1348/1354 1354/1354/1360 1353/1353/1359
f 1348/1348/1354 1346/1346/1352 1354/1354/1360
f 1353/1353/1359 1355/1355/1361 1352/1352/1358
f 1346/1346/1352 1356/1356/1362 1354/1354/1360
f 1356/1356/1362 1346/1346/1352 1344/1344/1350
f 1357/1357/1363 1356/1356/1362 1344/1344/1350
f 1356/1356/1362 1357/1357/1363 1358/1358/1364
f 1354/1354/1360 1356/1356/1362 1358/1358/1364
f 1354/1354/1360 1358/1358/1364 1359/1359/1365
f 1353/1353/1359 1354/1354/1360 1359/1359/1365
f 1353/1353/1359 1359/1359/1365 1355/1355/1361
f 1359/1359/1365 1360/1360/1366 1355/1355/1361
f 1361/1361/1367 1338/1338/1344 1342/1342/1348
f 1342/1342/1348 1343/1343/1349 1362/1362/1368
f 1361/1361/1367 1342/1342/1348 1362/1362/1368
f 1343/1343/1349 1345/1345/1351 1363/1363/1369
f 1362/1362/1368 1343/1343/1349 1363/1363/1369
f 1345/1345/1351 1347/1347/1353 1364/1364/1370
f 1363/1363/1369 1345/1345/1351 1364/1364/1370
f 1347/1347/1353 1349/1349/1355 1365/1365/1371
f 1364/1364/1370 1347/1347/1353 1365/1365/1371
f 1349/1349/1355 1351/1351/1357 1366/1366/1372
f 1365/1365/1371 1349/1349/1355 1366/1366/1372
f 1366/1366/1372 1367/1367/1373 1365/1365/1371
f 1367/1367/1373 1368/1368/1374 1365/1365/1371
f 1365/1365/1371 1368/1368/1374 1364/1364/1370
f 1368/1368/1374 1369/1369/1375 1364/1364/1370
f 1363/1363/1369 1364/1364/1370 1369/1369/1375
f 1370/1370/1376 1363/1363/1369 1369/1369/1375
f 1363/1363/1369 1370/1370/1376 1362/1362/1368
f 1370/1370/1376 1371/1371/1377 1362/1362/1368
f 1362/1362/1368 1371/1371/1377 1361/1361/1367
f 1371/1371/1377 1372/1372/1378 1361/1361/1367
f 1361/1361/1367 1372/1372/1378 1338/1338/1344
f 1372/1372/1378 1337/1337/1343 1338/1338/1344
f 1372/1372/1378 1373/1373/1379 1337/1337/1343
f 1373/1373/1379 1336/1336/1342 1337/1337/1343
f 1370/1370/1376 1374/1374/1380 1371/1371/1377
f 1374/1374/1380 1370/1370/1376 1369/1369/1375
f 1374/1374/1380 1375/1375/1381 1371/1371/1377
f 1375/1375/1381 1373/1373/1379 1372/1372/1378
f 1371/1371/1377 1375/1375/1381 1372/1372/1378
f 1376/1376/1382 1336/1336/1342 1373/1373/1379
f 1377/1377/1383 1376/1376/1382 1373/1373/1379
f 1377/1377/1383 1373/1373/1379 1375/1375/1381
f 1375/1375/1381 1374/1374/1380 1378/1378/1384
f 1378/1378/1384 1377/1377/1383 1375/1375/1381
f 1374/1374/1380 1379/1379/1385 1378/1378/1384
f 1367/1367/1373 1380/1380/1386 1368/1368/1374
f 1380/1380/1386 1381/1381/1387 1368/1368/1374
f 1368/1368/1374 1381/1381/1387 1369/1369/1375
f 1381/1381/1387 1382/1382/1388 1369/1369/1375
f 1382/1382/1388 1374/1374/1380 1369/1369/1375
f 1374/1374/1380 1382/1382/1388 1379/1379/1385
f 1381/1381/1387 1380/1380/1386 1383/1383/1389
f 1382/1382/1388 1381/1381/1387 1383/1383/1389
f 1382/1382/1388 1383/1383/1389 1379/1379/1385
f 1376/1376/1382 1335/1335/1341 1336/1336/1342
f 1367/1367/1373 1366/1366/1372 1384/1384/1390
f 1384/1384/1390 1366/1366/1372 1385/1385/1391
f 1386/1386/1392 1384/1384/1390 1385/1385/1391
f 1387/1387/1393 1386/1386/1392 1385/1385/1391
f 1386/1386/1392 1387/1387/1393 1388/1388/1394
f 1388/1388/1394 1387/1387/1393 1389/1389/1395
f 1388/1388/1394 1389/1389/1395 1390/1390/1396
f 1391/1391/1397 1388/1388/1394 1390/1390/1396
f 1391/1391/1397 1390/1390/1396 1392/1392/1398
f 1393/1393/1399 1391/1391/1397 1392/1392/1398
f 1392/1392/1398 1394/1394/1400 1393/1393/1399
f 1394/1394/1400 1395/1395/1401 1393/1393/1399
f 1396/1396/1402 1395/1395/1401 1394/1394/1400
f 1397/1397/1403 1396/1396/1402 1394/1394/1400
f 1396/1396/1402 1397/1397/1403 1398/1398/1404
f 1397/1397/1403 1399/1399/1405 1398/1398/1404
f 1400/1400/1406 1399/1399/1405 1397/1397/1403
f 1400/1400/1406 1401/1401/1407 1399/1399/1405
f 1402/1402/1408 1399/1399/1405 1401/1401/1407
f 1399/1399/1405 1402/1402/1408 1398/1398/1404
f 1401/1401/1407 1400/1400/1406 1403/1403/1409
f 1401/1401/1407 1403/1403/1409 1402/1402/1408
f 1403/1403/1409 1400/1400/1406 1404/1404/1410
f 1405/1405/1411 1403/1403/1409 1404/1404/1410
f 1403/1403/1409 1405/1405/1411 1402/1402/1408
f 1406/1406/1412 1405/1405/1411 1404/1404/1410
f 1405/1405/1411 1406/1406/1412 1407/1407/1413
f 1406/1406/1412 1408/1408/1414 1407/1407/1413
f 1408/1408/1414 1406/1406/1412 1409/1409/1415
f 1409/1409/1415 1406/1406/1412 1404/1404/1410
f 1400/1400/1406 1410/1410/1416 1404/1404/1410
f 1410/1410/1416 1409/1409/1415 1404/1404/1410
f 1409/1409/1415 1410/1410/1416 1411/1411/1417
f 1411/1411/1417 1408/1408/1414 1409/1409/1415
f 1412/1412/1418 1408/1408/1414 1411/1411/1417
f 1413/1413/1419 1408/1408/1414 1412/1412/1418
f 1412/1412/1418 1411/1411/1417 1413/1413/1419
f 1411/1411/1417 1414/1414/1420 1413/1413/1419
f 1414/1414/1420 1411/1411/1417 1410/1410/1416
f 1400/1400/1406 1414/1414/1420 1410/1410/1416
f 1405/1405/1411 1415/1415/1421 1402/1402/1408
f 1402/1402/1408 1415/1415/1421 1416/1416/1422
f 1417/1417/1423 1402/1402/1408 1416/1416/1422
f 1417/1417/1423 1416/1416/1422 1418/1418/1424
f 1418/1418/1424 1416/1416/1422 1419/1419/1425
f 1416/1416/1422 1420/1420/1426 1419/1419/1425
f 1419/1419/1425 1420/1420/1426 1421/1421/1427
f 1420/1420/1426 1422/1422/1428 1421/1421/1427
f 1422/1422/1428 1160/1160/1166 1421/1421/1427
f 1160/1160/1166 1161/1161/1167 1421/1421/1427
f 1423/1423/1429 1417/1417/1423 1418/1418/1424
f 1417/1417/1423 1424/1424/1430 1402/1402/1408
f 1417/1417/1423 1423/1423/1429 1424/1424/1430
f 1416/1416/1422 1415/1415/1421 1425/1425/1431
f 1415/1415/1421 1426/1426/1432 1425/1425/1431
f 1405/1405/1411 1407/1407/1413 1426/1426/1432
f 1415/1415/1421 1405/1405/1411 1426/1426/1432
f 1425/1425/1431 1426/1426/1432 1427/1427/1433
f 1428/1428/1434 1425/1425/1431 1427/1427/1433
f 1416/1416/1422 1425/1425/1431 1428/1428/1434
f 1420/1420/1426 1416/1416/1422 1428/1428/1434
f 1422/1422/1428 1420/1420/1426 1428/1428/1434
f 1429/1429/1435 1428/1428/1434 1427/1427/1433
f 1429/1429/1435 1422/1422/1428 1428/1428/1434
f 1430/1430/1436 1429/1429/1435 1427/1427/1433
f 1429/1429/1435 1430/1430/1436 1170/1170/1176
f 1171/1171/1177 1429/1429/1435 1170/1170/1176
f 1422/1422/1428 1429/1429/1435 1171/1171/1177
f 1160/1160/1166 1422/1422/1428 1171/1171/1177
f 1431/1431/1437 1427/1427/1433 1426/1426/1432
f 1407/1407/1413 1431/1431/1437 1426/1426/1432
f 1427/1427/1433 1431/1431/1437 1430/1430/1436
f 1430/1430/1436 1432/1432/1438 1170/1170/1176
f 1431/1431/1437 1432/1432/1438 1430/1430/1436
f 1432/1432/1438 1174/1174/1180 1170/1170/1176
f 1431/1431/1437 1407/1407/1413 1433/1433/1439
f 1432/1432/1438 1431/1431/1437 1433/1433/1439
f 1407/1407/1413 1408/1408/1414 1433/1433/1439
f 1433/1433/1439 1408/1408/1414 1434/1434/1440
f 1408/1408/1414 1435/1435/1441 1434/1434/1440
f 1436/1436/1442 1433/1433/1439 1434/1434/1440
f 1436/1436/1442 1432/1432/1438 1433/1433/1439
f 1437/1437/1443 1436/1436/1442 1434/1434/1440
f 1437/1437/1443 1434/1434/1440 1438/1438/1444
f 1435/1435/1441 1438/1438/1444 1434/1434/1440
f 1435/1435/1441 1439/1439/1445 1438/1438/1444
f 1440/1440/1446 1432/1432/1438 1436/1436/1442
f 1440/1440/1446 1436/1436/1442 1437/1437/1443
f 1432/1432/1438 1440/1440/1446 1441/1441/1447
f 1432/1432/1438 1441/1441/1447 1174/1174/1180
f 1437/1437/1443 1438/1438/1444 1442/1442/1448
f 1442/1442/1448 1440/1440/1446 1437/1437/1443
f 1443/1443/1449 1440/1440/1446 1442/1442/1448
f 1444/1444/1450 1440/1440/1446 1443/1443/1449
f 1445/1445/1451 1444/1444/1450 1443/1443/1449
f 1442/1442/1448 1445/1445/1451 1443/1443/1449
f 1445/1445/1451 1442/1442/1448 1446/1446/1452
f 1438/1438/1444 1446/1446/1452 1442/1442/1448
f 1446/1446/1452 1438/1438/1444 1439/1439/1445
f 1447/1447/1453 1446/1446/1452 1439/1439/1445
f 1447/1447/1453 1445/1445/1451 1446/1446/1452
f 1413/1413/1419 1447/1447/1453 1439/1439/1445
f 1413/1413/1419 1439/1439/1445 1435/1435/1441
f 1408/1408/1414 1413/1413/1419 1435/1435/1441
f 1440/1440/1446 1444/1444/1450 1448/1448/1454
f 1441/1441/1447 1440/1440/1446 1448/1448/1454
f 1441/1441/1447 1448/1448/1454 1191/1191/1197
f 1441/1441/1447 1191/1191/1197 1174/1174/1180
f 1448/1448/1454 1192/1192/1198 1191/1191/1197
f 1193/1193/1199 1192/1192/1198 1448/1448/1454
f 1449/1449/1455 1193/1193/1199 1448/1448/1454
f 1444/1444/1450 1449/1449/1455 1448/1448/1454
f 1444/1444/1450 1445/1445/1451 1449/1449/1455
f 1449/1449/1455 1450/1450/1456 1193/1193/1199
f 1445/1445/1451 1450/1450/1456 1449/1449/1455
f 1445/1445/1451 1196/1196/1202 1450/1450/1456
f 1196/1196/1202 1197/1197/1203 1450/1450/1456
f 1450/1450/1456 1197/1197/1203 1193/1193/1199
f 1414/1414/1420 1447/1447/1453 1413/1413/1419
f 1445/1445/1451 1451/1451/1457 1196/1196/1202
f 1451/1451/1457 1445/1445/1451 1447/1447/1453
f 1451/1451/1457 1199/1199/1205 1196/1196/1202
f 1452/1452/1458 1451/1451/1457 1447/1447/1453
f 1447/1447/1453 1414/1414/1420 1453/1453/1459
f 1452/1452/1458 1447/1447/1453 1453/1453/1459
f 1453/1453/1459 1414/1414/1420 1400/1400/1406
f 1454/1454/1460 1453/1453/1459 1400/1400/1406
f 1454/1454/1460 1400/1400/1406 1397/1397/1403
f 1455/1455/1461 1452/1452/1458 1453/1453/1459
f 1456/1456/1462 1455/1455/1461 1453/1453/1459
f 1456/1456/1462 1453/1453/1459 1454/1454/1460
f 1208/1208/1214 1199/1199/1205 1451/1451/1457
f 1457/1457/1463 1208/1208/1214 1451/1451/1457
f 1457/1457/1463 1451/1451/1457 1452/1452/1458
f 1455/1455/1461 1457/1457/1463 1452/1452/1458
f 1458/1458/1464 1454/1454/1460 1397/1397/1403
f 1458/1458/1464 1456/1456/1462 1454/1454/1460
f 1394/1394/1400 1458/1458/1464 1397/1397/1403
f 1459/1459/1465 1460/1460/1466 1461/1461/1467
f 1462/1462/1468 1459/1459/1465 1461/1461/1467
f 1463/1463/1469 1462/1462/1468 1461/1461/1467
f 1464/1464/1470 1463/1463/1469 1461/1461/1467
f 1465/1465/1471 1461/1461/1467 1460/1460/1466
f 1466/1466/1472 1465/1465/1471 1460/1460/1466
f 1467/1467/1473 1464/1464/1470 1461/1461/1467
f 1465/1465/1471 1467/1467/1473 1461/1461/1467
f 1468/1468/1474 1467/1467/1473 1465/1465/1471
f 1469/1469/1475 1468/1468/1474 1465/1465/1471
f 1469/1469/1475 1465/1465/1471 1466/1466/1472
f 1468/1468/1474 1469/1469/1475 1470/1470/1476
f 1469/1469/1475 1471/1471/1477 1470/1470/1476
f 1469/1469/1475 1472/1472/1478 1471/1471/1477
f 1472/1472/1478 1469/1469/1475 1466/1466/1472
f 1472/1472/1478 1473/1473/1479 1471/1471/1477
f 1470/1470/1476 1471/1471/1477 1474/1474/1480
f 1475/1475/1481 1470/1470/1476 1474/1474/1480
f 1475/1475/1481 1474/1474/1480 1476/1476/1482
f 1474/1474/1480 1477/1477/1483 1476/1476/1482
f 1478/1478/1484 1476/1476/1482 1477/1477/1483
f 1479/1479/1485 1478/1478/1484 1477/1477/1483
f 1478/1478/1484 1479/1479/1485 1480/1480/1486
f 1481/1481/1487 1478/1478/1484 1480/1480/1486
f 1481/1481/1487 1480/1480/1486 1482/1482/1488
f 1480/1480/1486 1483/1483/1489 1482/1482/1488
f 1482/1482/1488 1483/1483/1489 1484/1484/1490
f 1484/1484/1490 1483/1483/1489 1485/1485/1491
f 1486/1486/1492 1484/1484/1490 1485/1485/1491
f 1487/1487/1493 1482/1482/1488 1484/1484/1490
f 1488/1488/1494 1485/1485/1491 1483/1483/1489
f 1480/1480/1486 1488/1488/1494 1483/1483/1489
f 1488/1488/1494 1480/1480/1486 1479/1479/1485
f 1489/1489/1495 1479/1479/1485 1477/1477/1483
f 1489/1489/1495 1488/1488/1494 1479/1479/1485
f 1490/1490/1496 1489/1489/1495 1477/1477/1483
f 1477/1477/1483 1474/1474/1480 1490/1490/1496
f 1474/1474/1480 1491/1491/1497 1490/1490/1496
f 1491/1491/1497 1474/1474/1480 1471/1471/1477
f 1473/1473/1479 1491/1491/1497 1471/1471/1477
f 1473/1473/1479 1472/1472/1478 1491/1491/1497
f 1489/1489/1495 1490/1490/1496 1491/1491/1497
f 1472/1472/1478 1492/1492/1498 1491/1491/1497
f 1491/1491/1497 1492/1492/1498 1493/1493/1499
f 1493/1493/1499 1489/1489/1495 1491/1491/1497
f 1492/1492/1498 1494/1494/1500 1493/1493/1499
f 1495/1495/1501 1494/1494/1500 1492/1492/1498
f 1496/1496/1502 1495/1495/1501 1492/1492/1498
f 1492/1492/1498 1472/1472/1478 1496/1496/1502
f 1472/1472/1478 1497/1497/1503 1496/1496/1502
f 1498/1498/1504 1494/1494/1500 1495/1495/1501
f 1499/1499/1505 1498/1498/1504 1495/1495/1501
f 1472/1472/1478 1498/1498/1504 1499/1499/1505
f 1497/1497/1503 1472/1472/1478 1499/1499/1505
f 1496/1496/1502 1497/1497/1503 1500/1500/1506
f 1495/1495/1501 1496/1496/1502 1500/1500/1506
f 1500/1500/1506 1497/1497/1503 1499/1499/1505
f 1499/1499/1505 1495/1495/1501 1500/1500/1506
f 1493/1493/1499 1494/1494/1500 1501/1501/1507
f 1502/1502/1508 1493/1493/1499 1501/1501/1507
f 1502/1502/1508 1501/1501/1507 1503/1503/1509
f 1504/1504/1510 1502/1502/1508 1503/1503/1509
f 1493/1493/1499 1502/1502/1508 1504/1504/1510
f 1489/1489/1495 1493/1493/1499 1504/1504/1510
f 1501/1501/1507 1494/1494/1500 1505/1505/1511
f 1505/1505/1511 1494/1494/1500 1498/1498/1504
f 1489/1489/1495 1505/1505/1511 1488/1488/1494
f 1506/1506/1512 1501/1501/1507 1505/1505/1511
f 1503/1503/1509 1501/1501/1507 1506/1506/1512
f 1506/1506/1512 1504/1504/1510 1503/1503/1509
f 1489/1489/1495 1504/1504/1510 1506/1506/1512
f 1505/1505/1511 1489/1489/1495 1506/1506/1512
f 1507/1507/1513 1505/1505/1511 1498/1498/1504
f 1505/1505/1511 1507/1507/1513 1488/1488/1494
f 1508/1508/1514 1488/1488/1494 1507/1507/1513
f 1488/1488/1494 1508/1508/1514 1485/1485/1491
f 1508/1508/1514 1509/1509/1515 1485/1485/1491
f 1485/1485/1491 1509/1509/1515 1486/1486/1492
f 1509/1509/1515 1510/1510/1516 1486/1486/1492
f 1511/1511/1517 1508/1508/1514 1507/1507/1513
f 1498/1498/1504 1472/1472/1478 1512/1512/1518
f 1507/1507/1513 1498/1498/1504 1512/1512/1518
f 1512/1512/1518 1472/1472/1478 1513/1513/1519
f 1472/1472/1478 1466/1466/1472 1513/1513/1519
f 1513/1513/1519 1466/1466/1472 1460/1460/1466
f 1514/1514/1520 1513/1513/1519 1460/1460/1466
f 1514/1514/1520 1460/1460/1466 1459/1459/1465
f 1515/1515/1521 1514/1514/1520 1459/1459/1465
f 1516/1516/1522 1517/1517/1523 1518/1518/1524
f 1519/1519/1525 1516/1516/1522 1518/1518/1524
f 1520/1520/1526 1516/1516/1522 1519/1519/1525
f 1517/1517/1523 1516/1516/1522 1520/1520/1526
f 1521/1521/1527 1520/1520/1526 1519/1519/1525
f 1522/1522/1528 1517/1517/1523 1520/1520/1526
f 1523/1523/1529 1518/1518/1524 1517/1517/1523
f 1524/1524/1530 1523/1523/1529 1517/1517/1523
f 1524/1524/1530 1517/1517/1523 1522/1522/1528
f 1523/1523/1529 1524/1524/1530 1525/1525/1531
f 1524/1524/1530 1526/1526/1532 1525/1525/1531
f 1525/1525/1531 1526/1526/1532 1527/1527/1533
f 1526/1526/1532 1528/1528/1534 1527/1527/1533
f 1526/1526/1532 1524/1524/1530 1528/1528/1534
f 1528/1528/1534 1529/1529/1535 1527/1527/1533
f 1529/1529/1535 1530/1530/1536 1527/1527/1533
f 1530/1530/1536 1531/1531/1537 1527/1527/1533
f 1527/1527/1533 1531/1531/1537 1532/1532/1538
f 1532/1532/1538 1525/1525/1531 1527/1527/1533
f 1531/1531/1537 1533/1533/1539 1532/1532/1538
f 1524/1524/1530 1534/1534/1540 1528/1528/1534
f 1534/1534/1540 1524/1524/1530 1522/1522/1528
f 1534/1534/1540 1522/1522/1528 1520/1520/1526
f 1535/1535/1541 1520/1520/1526 1521/1521/1527
f 1535/1535/1541 1534/1534/1540 1520/1520/1526
f 1534/1534/1540 1535/1535/1541 1536/1536/1542
f 1535/1535/1541 1537/1537/1543 1536/1536/1542
f 1536/1536/1542 1537/1537/1543 1538/1538/1544
f 1537/1537/1543 1539/1539/1545 1538/1538/1544
f 1539/1539/1545 1540/1540/1546 1538/1538/1544
f 1540/1540/1546 1539/1539/1545 1541/1541/1547
f 1542/1542/1548 1540/1540/1546 1541/1541/1547
f 1540/1540/1546 1543/1543/1549 1538/1538/1544
f 1544/1544/1550 1541/1541/1547 1539/1539/1545
f 1537/1537/1543 1544/1544/1550 1539/1539/1545
f 1537/1537/1543 1535/1535/1541 1545/1545/1551
f 1544/1544/1550 1537/1537/1543 1545/1545/1551
f 1545/1545/1551 1535/1535/1541 1521/1521/1527
f 1523/1523/1529 1525/1525/1531 1546/1546/1552
f 1547/1547/1553 1523/1523/1529 1546/1546/1552
f 1548/1548/1554 1547/1547/1553 1546/1546/1552
f 1547/1547/1553 1548/1548/1554 1549/1549/1555
f 1523/1523/1529 1547/1547/1553 1549/1549/1555
f 1548/1548/1554 1550/1550/1556 1549/1549/1555
f 1548/1548/1554 1551/1551/1557 1550/1550/1556
f 1551/1551/1557 1548/1548/1554 1552/1552/1558
f 1548/1548/1554 1553/1553/1559 1552/1552/1558
f 1553/1553/1559 1548/1548/1554 1546/1546/1552
f 1552/1552/1558 1553/1553/1559 1554/1554/1560
f 1552/1552/1558 1554/1554/1560 1555/1555/1561
f 1554/1554/1560 1556/1556/1562 1555/1555/1561
f 1556/1556/1562 1557/1557/1563 1555/1555/1561
f 1554/1554/1560 1558/1558/1564 1556/1556/1562
f 1553/1553/1559 1558/1558/1564 1554/1554/1560
f 1553/1553/1559 1546/1546/1552 1558/1558/1564
f 1558/1558/1564 1559/1559/1565 1556/1556/1562
f 1560/1560/1566 1552/1552/1558 1555/1555/1561
f 1551/1551/1557 1552/1552/1558 1560/1560/1566
f 1561/1561/1567 1551/1551/1557 1560/1560/1566
f 1551/1551/1557 1562/1562/1568 1550/1550/1556
f 1551/1551/1557 1561/1561/1567 1562/1562/1568
f 1563/1563/1569 1550/1550/1556 1562/1562/1568
f 1550/1550/1556 1563/1563/1569 1549/1549/1555
f 1564/1564/1570 1563/1563/1569 1562/1562/1568
f 1565/1565/1571 1563/1563/1569 1564/1564/1570
f 1566/1566/1572 1565/1565/1571 1564/1564/1570
f 1566/1566/1572 1564/1564/1570 1567/1567/1573
f 1564/1564/1570 1568/1568/1574 1567/1567/1573
f 1564/1564/1570 1562/1562/1568 1568/1568/1574
f 1562/1562/1568 1569/1569/1575 1568/1568/1574
f 1561/1561/1567 1569/1569/1575 1562/1562/1568
f 1570/1570/1576 1565/1565/1571 1566/1566/1572
f 1571/1571/1577 1570/1570/1576 1566/1566/1572
f 1571/1571/1577 1566/1566/1572 1567/1567/1573
f 1572/1572/1578 1570/1570/1576 1571/1571/1577
f 1573/1573/1579 1572/1572/1578 1571/1571/1577
f 1572/1572/1578 1573/1573/1579 1574/1574/1580
f 1573/1573/1579 1575/1575/1581 1574/1574/1580
f 1575/1575/1581 1576/1576/1582 1574/1574/1580
f 1576/1576/1582 1577/1577/1583 1574/1574/1580
f 1575/1575/1581 1578/1578/1584 1576/1576/1582
f 1578/1578/1584 1579/1579/1585 1576/1576/1582
f 1580/1580/1586 1578/1578/1584 1575/1575/1581
f 1573/1573/1579 1580/1580/1586 1575/1575/1581
f 1573/1573/1579 1571/1571/1577 1580/1580/1586
f 1571/1571/1577 1581/1581/1587 1580/1580/1586
f 1581/1581/1587 1571/1571/1577 1567/1567/1573
f 1567/1567/1573 1568/1568/1574 1476/1476/1482
f 1581/1581/1587 1567/1567/1573 1476/1476/1482
f 1568/1568/1574 1475/1475/1481 1476/1476/1482
f 1568/1568/1574 1569/1569/1575 1475/1475/1481
f 1478/1478/1484 1581/1581/1587 1476/1476/1482
f 1581/1581/1587 1478/1478/1484 1481/1481/1487
f 1580/1580/1586 1581/1581/1587 1481/1481/1487
f 1580/1580/1586 1481/1481/1487 1482/1482/1488
f 1578/1578/1584 1580/1580/1586 1482/1482/1488
f 1578/1578/1584 1482/1482/1488 1487/1487/1493
f 1579/1579/1585 1578/1578/1584 1487/1487/1493
f 1569/1569/1575 1561/1561/1567 1470/1470/1476
f 1569/1569/1575 1470/1470/1476 1475/1475/1481
f 1561/1561/1567 1468/1468/1474 1470/1470/1476
f 1468/1468/1474 1561/1561/1567 1467/1467/1473
f 1561/1561/1567 1560/1560/1566 1467/1467/1473
f 1467/1467/1473 1560/1560/1566 1464/1464/1470
f 1560/1560/1566 1555/1555/1561 1464/1464/1470
f 1555/1555/1561 1557/1557/1563 1464/1464/1470
f 1557/1557/1563 1463/1463/1469 1464/1464/1470
f 1574/1574/1580 1577/1577/1583 1582/1582/1588
f 1577/1577/1583 1583/1583/1589 1582/1582/1588
f 1572/1572/1578 1574/1574/1580 1582/1582/1588
f 1584/1584/1590 1572/1572/1578 1582/1582/1588
f 1572/1572/1578 1584/1584/1590 1585/1585/1591
f 1570/1570/1576 1572/1572/1578 1585/1585/1591
f 1570/1570/1576 1585/1585/1591 1586/1586/1592
f 1565/1565/1571 1570/1570/1576 1586/1586/1592
f 1565/1565/1571 1586/1586/1592 1587/1587/1593
f 1563/1563/1569 1565/1565/1571 1587/1587/1593
f 1563/1563/1569 1587/1587/1593 1549/1549/1555
f 1587/1587/1593 1519/1519/1525 1549/1549/1555
f 1519/1519/1525 1518/1518/1524 1549/1549/1555
f 1518/1518/1524 1523/1523/1529 1549/1549/1555
f 1521/1521/1527 1519/1519/1525 1587/1587/1593
f 1586/1586/1592 1521/1521/1527 1587/1587/1593
f 1545/1545/1551 1521/1521/1527 1586/1586/1592
f 1585/1585/1591 1545/1545/1551 1586/1586/1592
f 1544/1544/1550 1545/1545/1551 1585/1585/1591
f 1584/1584/1590 1544/1544/1550 1585/1585/1591
f 1544/1544/1550 1584/1584/1590 1582/1582/1588
f 1541/1541/1547 1544/1544/1550 1582/1582/1588
f 1542/1542/1548 1541/1541/1547 1582/1582/1588
f 1583/1583/1589 1542/1542/1548 1582/1582/1588
f 1588/1588/1594 1589/1589/1595 1590/1590/1596
f 1543/1543/1549 1589/1589/1595 1588/1588/1594
f 1538/1538/1544 1543/1543/1549 1588/1588/1594
f 1591/1591/1597 1588/1588/1594 1590/1590/1596
f 1588/1588/1594 1591/1591/1597 1536/1536/1542
f 1538/1538/1544 1588/1588/1594 1536/1536/1542
f 1591/1591/1597 1592/1592/1598 1536/1536/1542
f 1593/1593/1599 1592/1592/1598 1591/1591/1597
f 1593/1593/1599 1594/1594/1600 1592/1592/1598
f 1594/1594/1600 1528/1528/1534 1592/1592/1598
f 1528/1528/1534 1534/1534/1540 1592/1592/1598
f 1592/1592/1598 1534/1534/1540 1536/1536/1542
f 1594/1594/1600 1595/1595/1601 1528/1528/1534
f 1596/1596/1602 1595/1595/1601 1594/1594/1600
f 1595/1595/1601 1529/1529/1535 1528/1528/1534
f 1596/1596/1602 1597/1597/1603 1595/1595/1601
f 1595/1595/1601 1597/1597/1603 1530/1530/1536
f 1529/1529/1535 1595/1595/1601 1530/1530/1536
f 1546/1546/1552 1598/1598/1604 1558/1558/1564
f 1558/1558/1564 1598/1598/1604 1599/1599/1605
f 1559/1559/1565 1558/1558/1564 1599/1599/1605
f 1533/1533/1539 1599/1599/1605 1598/1598/1604
f 1532/1532/1538 1533/1533/1539 1598/1598/1604
f 1525/1525/1531 1532/1532/1538 1598/1598/1604
f 1546/1546/1552 1525/1525/1531 1598/1598/1604
f 1204/1204/1210 1163/1163/1169 1139/1139/1145
f 1137/1137/1143 1204/1204/1210 1139/1139/1145
f 1424/1424/1430 1423/1423/1429 1600/1600/1606
f 1424/1424/1430 1600/1600/1606 1601/1601/1607
f 1398/1398/1404 1424/1424/1430 1601/1601/1607
f 1600/1600/1606 1423/1423/1429 1602/1602/1608
f 1423/1423/1429 1603/1603/1609 1602/1602/1608
f 1423/1423/1429 1604/1604/1610 1603/1603/1609
f 1605/1605/1611 1604/1604/1610 1423/1423/1429
f 1418/1418/1424 1605/1605/1611 1423/1423/1429
f 1605/1605/1611 1606/1606/1612 1604/1604/1610
f 1606/1606/1612 1607/1607/1613 1604/1604/1610
f 1607/1607/1613 1606/1606/1612 1608/1608/1614
f 1606/1606/1612 1609/1609/1615 1608/1608/1614
f 1608/1608/1614 1609/1609/1615 1610/1610/1616
f 1609/1609/1615 1611/1611/1617 1610/1610/1616
f 1611/1611/1617 1612/1612/1618 1610/1610/1616
f 1612/1612/1618 1613/1613/1619 1610/1610/1616
f 1604/1604/1610 1614/1614/1620 1603/1603/1609
f 1615/1615/1621 1603/1603/1609 1614/1614/1620
f 1616/1616/1622 1615/1615/1621 1614/1614/1620
f 1616/1616/1622 1614/1614/1620 1604/1604/1610
f 1607/1607/1613 1616/1616/1622 1604/1604/1610
f 1615/1615/1621 1616/1616/1622 1617/1617/1623
f 1616/1616/1622 1618/1618/1624 1617/1617/1623
f 1608/1608/1614 1610/1610/1616 1618/1618/1624
f 1607/1607/1613 1608/1608/1614 1618/1618/1624
f 1616/1616/1622 1607/1607/1613 1618/1618/1624
f 1618/1618/1624 1619/1619/1625 1617/1617/1623
f 1610/1610/1616 1613/1613/1619 1619/1619/1625
f 1610/1610/1616 1619/1619/1625 1618/1618/1624
f 1619/1619/1625 1620/1620/1626 1617/1617/1623
f 1619/1619/1625 1621/1621/1627 1620/1620/1626
f 1613/1613/1619 1621/1621/1627 1619/1619/1625
f 1621/1621/1627 1622/1622/1628 1620/1620/1626
f 1620/1620/1626 1622/1622/1628 1623/1623/1629
f 1624/1624/1630 1620/1620/1626 1623/1623/1629
f 1617/1617/1623 1620/1620/1626 1624/1624/1630
f 1625/1625/1631 1612/1612/1618 1611/1611/1617
f 1626/1626/1632 1625/1625/1631 1611/1611/1617
f 1627/1627/1633 1625/1625/1631 1626/1626/1632
f 1628/1628/1634 1627/1627/1633 1626/1626/1632
f 1629/1629/1635 1628/1628/1634 1626/1626/1632
f 1630/1630/1636 1629/1629/1635 1626/1626/1632
f 1630/1630/1636 1626/1626/1632 1611/1611/1617
f 1609/1609/1615 1630/1630/1636 1611/1611/1617
f 1629/1629/1635 1630/1630/1636 1631/1631/1637
f 1630/1630/1636 1609/1609/1615 1631/1631/1637
f 1609/1609/1615 1606/1606/1612 1631/1631/1637
f 1632/1632/1638 1629/1629/1635 1631/1631/1637
f 1633/1633/1639 1632/1632/1638 1631/1631/1637
f 1634/1634/1640 1633/1633/1639 1631/1631/1637
f 1634/1634/1640 1631/1631/1637 1606/1606/1612
f 1633/1633/1639 1634/1634/1640 1421/1421/1427
f 1634/1634/1640 1419/1419/1425 1421/1421/1427
f 1605/1605/1611 1634/1634/1640 1606/1606/1612
f 1634/1634/1640 1605/1605/1611 1418/1418/1424
f 1419/1419/1425 1634/1634/1640 1418/1418/1424
f 1628/1628/1634 1261/1261/1267 1627/1627/1633
f 1261/1261/1267 1262/1262/1268 1627/1627/1633
f 1263/1263/1269 1261/1261/1267 1628/1628/1634
f 1629/1629/1635 1263/1263/1269 1628/1628/1634
f 1263/1263/1269 1629/1629/1635 1632/1632/1638
f 1264/1264/1270 1263/1263/1269 1632/1632/1638
f 1265/1265/1271 1264/1264/1270 1632/1632/1638
f 1633/1633/1639 1265/1265/1271 1632/1632/1638
f 1633/1633/1639 1421/1421/1427 1161/1161/1167
f 1265/1265/1271 1633/1633/1639 1161/1161/1167
f 1635/1635/1641 1617/1617/1623 1624/1624/1630
f 1635/1635/1641 1624/1624/1630 1636/1636/1642
f 1637/1637/1643 1635/1635/1641 1636/1636/1642
f 1637/1637/1643 1636/1636/1642 1391/1391/1397
f 1636/1636/1642 1388/1388/1394 1391/1391/1397
f 1636/1636/1642 1386/1386/1392 1388/1388/1394
f 1636/1636/1642 1624/1624/1630 1386/1386/1392
f 1637/1637/1643 1391/1391/1397 1393/1393/1399
f 1638/1638/1644 1637/1637/1643 1393/1393/1399
f 1639/1639/1645 1638/1638/1644 1393/1393/1399
f 1395/1395/1401 1639/1639/1645 1393/1393/1399
f 1601/1601/1607 1639/1639/1645 1395/1395/1401
f 1396/1396/1402 1601/1601/1607 1395/1395/1401
f 1601/1601/1607 1600/1600/1606 1639/1639/1645
f 1600/1600/1606 1602/1602/1608 1639/1639/1645
f 1624/1624/1630 1623/1623/1629 1386/1386/1392
f 1386/1386/1392 1623/1623/1629 1384/1384/1390
f 1623/1623/1629 1640/1640/1646 1384/1384/1390
f 1623/1623/1629 1622/1622/1628 1640/1640/1646
f 1622/1622/1628 1641/1641/1647 1640/1640/1646
f 1641/1641/1647 1622/1622/1628 1621/1621/1627
f 1642/1642/1648 1641/1641/1647 1621/1621/1627
f 1642/1642/1648 1621/1621/1627 1613/1613/1619
f 1643/1643/1649 1642/1642/1648 1613/1613/1619
f 1643/1643/1649 1613/1613/1619 1644/1644/1650
f 1613/1613/1619 1612/1612/1618 1644/1644/1650
f 1612/1612/1618 1625/1625/1631 1644/1644/1650
f 1625/1625/1631 1645/1645/1651 1644/1644/1650
f 1625/1625/1631 1627/1627/1633 1645/1645/1651
f 1627/1627/1633 1646/1646/1652 1645/1645/1651
f 1627/1627/1633 1262/1262/1268 1646/1646/1652
f 1262/1262/1268 1281/1281/1287 1646/1646/1652
f 1396/1396/1402 1398/1398/1404 1601/1601/1607
f 1640/1640/1646 1367/1367/1373 1384/1384/1390
f 1380/1380/1386 1367/1367/1373 1640/1640/1646
f 1641/1641/1647 1380/1380/1386 1640/1640/1646
f 1380/1380/1386 1641/1641/1647 1642/1642/1648
f 1383/1383/1389 1380/1380/1386 1642/1642/1648
f 1383/1383/1389 1642/1642/1648 1643/1643/1649
f 1379/1379/1385 1383/1383/1389 1643/1643/1649
f 1643/1643/1649 1644/1644/1650 1378/1378/1384
f 1379/1379/1385 1643/1643/1649 1378/1378/1384
f 1377/1377/1383 1378/1378/1384 1644/1644/1650
f 1645/1645/1651 1377/1377/1383 1644/1644/1650
f 1376/1376/1382 1377/1377/1383 1645/1645/1651
f 1646/1646/1652 1376/1376/1382 1645/1645/1651
f 1335/1335/1341 1376/1376/1382 1646/1646/1652
f 1281/1281/1287 1335/1335/1341 1646/1646/1652
f 1398/1398/1404 1402/1402/1408 1424/1424/1430
f 1647/1647/1653 1648/1648/1654 1649/1649/1655
f 1650/1650/1656 1647/1647/1653 1649/1649/1655
f 1647/1647/1653 1650/1650/1656 1651/1651/1657
f 1652/1652/1658 1647/1647/1653 1651/1651/1657
f 1648/1648/1654 1647/1647/1653 1653/1653/1659
f 1654/1654/1660 1648/1648/1654 1653/1653/1659
f 1647/1647/1653 1652/1652/1658 1655/1655/1661
f 1653/1653/1659 1647/1647/1653 1655/1655/1661
f 1653/1653/1659 1655/1655/1661 1656/1656/1662
f 1657/1657/1663 1653/1653/1659 1656/1656/1662
f 1654/1654/1660 1653/1653/1659 1657/1657/1663
f 1656/1656/1662 1658/1658/1664 1657/1657/1663
f 1658/1658/1664 1659/1659/1665 1657/1657/1663
f 1657/1657/1663 1659/1659/1665 1660/1660/1666
f 1660/1660/1666 1654/1654/1660 1657/1657/1663
f 1659/1659/1665 1661/1661/1667 1660/1660/1666
f 1662/1662/1668 1659/1659/1665 1658/1658/1664
f 1663/1663/1669 1662/1662/1668 1658/1658/1664
f 1663/1663/1669 1664/1664/1670 1662/1662/1668
f 1664/1664/1670 1665/1665/1671 1662/1662/1668
f 1665/1665/1671 1664/1664/1670 1666/1666/1672
f 1667/1667/1673 1665/1665/1671 1666/1666/1672
f 1668/1668/1674 1667/1667/1673 1666/1666/1672
f 1669/1669/1675 1668/1668/1674 1666/1666/1672
f 1669/1669/1675 1670/1670/1676 1668/1668/1674
f 1670/1670/1676 1671/1671/1677 1668/1668/1674
f 1672/1672/1678 1671/1671/1677 1670/1670/1676
f 1673/1673/1679 1671/1671/1677 1672/1672/1678
f 1674/1674/1680 1673/1673/1679 1672/1672/1678
f 1675/1675/1681 1672/1672/1678 1670/1670/1676
f 1671/1671/1677 1673/1673/1679 1676/1676/1682
f 1668/1668/1674 1671/1671/1677 1676/1676/1682
f 1667/1667/1673 1668/1668/1674 1676/1676/1682
f 1665/1665/1671 1667/1667/1673 1677/1677/1683
f 1677/1677/1683 1667/1667/1673 1676/1676/1682
f 1678/1678/1684 1665/1665/1671 1677/1677/1683
f 1665/1665/1671 1678/1678/1684 1662/1662/1668
f 1678/1678/1684 1679/1679/1685 1662/1662/1668
f 1659/1659/1665 1662/1662/1668 1679/1679/1685
f 1661/1661/1667 1659/1659/1665 1679/1679/1685
f 1661/1661/1667 1679/1679/1685 1660/1660/1666
f 1679/1679/1685 1678/1678/1684 1677/1677/1683
f 1679/1679/1685 1680/1680/1686 1660/1660/1666
f 1679/1679/1685 1681/1681/1687 1680/1680/1686
f 1681/1681/1687 1679/1679/1685 1677/1677/1683
f 1681/1681/1687 1682/1682/1688 1680/1680/1686
f 1680/1680/1686 1682/1682/1688 1683/1683/1689
f 1684/1684/1690 1680/1680/1686 1683/1683/1689
f 1680/1680/1686 1684/1684/1690 1660/1660/1666
f 1684/1684/1690 1685/1685/1691 1660/1660/1666
f 1683/1683/1689 1682/1682/1688 1686/1686/1692
f 1687/1687/1693 1683/1683/1689 1686/1686/1692
f 1687/1687/1693 1686/1686/1692 1660/1660/1666
f 1685/1685/1691 1687/1687/1693 1660/1660/1666
f 1684/1684/1690 1688/1688/1694 1685/1685/1691
f 1683/1683/1689 1688/1688/1694 1684/1684/1690
f 1688/1688/1694 1687/1687/1693 1685/1685/1691
f 1687/1687/1693 1688/1688/1694 1683/1683/1689
f 1689/1689/1695 1682/1682/1688 1681/1681/1687
f 1690/1690/1696 1689/1689/1695 1681/1681/1687
f 1690/1690/1696 1691/1691/1697 1689/1689/1695
f 1692/1692/1698 1691/1691/1697 1690/1690/1696
f 1692/1692/1698 1690/1690/1696 1681/1681/1687
f 1677/1677/1683 1692/1692/1698 1681/1681/1687
f 1693/1693/1699 1682/1682/1688 1689/1689/1695
f 1686/1686/1692 1682/1682/1688 1693/1693/1699
f 1677/1677/1683 1676/1676/1682 1693/1693/1699
f 1694/1694/1700 1693/1693/1699 1689/1689/1695
f 1691/1691/1697 1694/1694/1700 1689/1689/1695
f 1694/1694/1700 1691/1691/1697 1692/1692/1698
f 1694/1694/1700 1692/1692/1698 1677/1677/1683
f 1693/1693/1699 1694/1694/1700 1677/1677/1683
f 1695/1695/1701 1686/1686/1692 1693/1693/1699
f 1676/1676/1682 1695/1695/1701 1693/1693/1699
f 1695/1695/1701 1676/1676/1682 1696/1696/1702
f 1676/1676/1682 1673/1673/1679 1696/1696/1702
f 1673/1673/1679 1697/1697/1703 1696/1696/1702
f 1673/1673/1679 1674/1674/1680 1697/1697/1703
f 1674/1674/1680 1698/1698/1704 1697/1697/1703
f 1699/1699/1705 1695/1695/1701 1696/1696/1702
f 1700/1700/1706 1660/1660/1666 1686/1686/1692
f 1695/1695/1701 1700/1700/1706 1686/1686/1692
f 1700/1700/1706 1701/1701/1707 1660/1660/1666
f 1701/1701/1707 1654/1654/1660 1660/1660/1666
f 1648/1648/1654 1654/1654/1660 1701/1701/1707
f 1702/1702/1708 1648/1648/1654 1701/1701/1707
f 1649/1649/1655 1648/1648/1654 1702/1702/1708
f 1703/1703/1709 1649/1649/1655 1702/1702/1708
f 1387/1387/1393 1704/1704/1710 1389/1389/1395
f 1704/1704/1710 1387/1387/1393 1705/1705/1711
f 1387/1387/1393 1385/1385/1391 1705/1705/1711
f 1704/1704/1710 1705/1705/1711 1706/1706/1712
f 1707/1707/1713 1704/1704/1710 1706/1706/1712
f 1707/1707/1713 1706/1706/1712 1708/1708/1714
f 1709/1709/1715 1707/1707/1713 1708/1708/1714
f 1706/1706/1712 1355/1355/1361 1708/1708/1714
f 1355/1355/1361 1360/1360/1366 1708/1708/1714
f 1352/1352/1358 1355/1355/1361 1706/1706/1712
f 1705/1705/1711 1352/1352/1358 1706/1706/1712
f 1351/1351/1357 1352/1352/1358 1705/1705/1711
f 1385/1385/1391 1351/1351/1357 1705/1705/1711
f 1366/1366/1372 1351/1351/1357 1385/1385/1391
f 1710/1710/1716 1711/1711/1717 1712/1712/1718
f 1713/1713/1719 1710/1710/1716 1712/1712/1718
f 1713/1713/1719 1712/1712/1718 1714/1714/1720
f 1714/1714/1720 1712/1712/1718 1711/1711/1717
f 1715/1715/1721 1713/1713/1719 1714/1714/1720
f 1716/1716/1722 1714/1714/1720 1711/1711/1717
f 1711/1711/1717 1710/1710/1716 1717/1717/1723
f 1718/1718/1724 1711/1711/1717 1717/1717/1723
f 1716/1716/1722 1711/1711/1717 1718/1718/1724
f 1717/1717/1723 1719/1719/1725 1718/1718/1724
f 1719/1719/1725 1720/1720/1726 1718/1718/1724
f 1721/1721/1727 1720/1720/1726 1719/1719/1725
f 1720/1720/1726 1721/1721/1727 1722/1722/1728
f 1720/1720/1726 1722/1722/1728 1718/1718/1724
f 1721/1721/1727 1723/1723/1729 1722/1722/1728
f 1723/1723/1729 1721/1721/1727 1724/1724/1730
f 1721/1721/1727 1725/1725/1731 1724/1724/1730
f 1721/1721/1727 1726/1726/1732 1725/1725/1731
f 1726/1726/1732 1721/1721/1727 1719/1719/1725
f 1726/1726/1732 1727/1727/1733 1725/1725/1731
f 1722/1722/1728 1728/1728/1734 1718/1718/1724
f 1728/1728/1734 1716/1716/1722 1718/1718/1724
f 1714/1714/1720 1716/1716/1722 1728/1728/1734
f 1715/1715/1721 1714/1714/1720 1729/1729/1735
f 1729/1729/1735 1714/1714/1720 1728/1728/1734
f 1728/1728/1734 1730/1730/1736 1729/1729/1735
f 1730/1730/1736 1731/1731/1737 1729/1729/1735
f 1730/1730/1736 1732/1732/1738 1731/1731/1737
f 1732/1732/1738 1733/1733/1739 1731/1731/1737
f 1733/1733/1739 1732/1732/1738 1734/1734/1740
f 1735/1735/1741 1733/1733/1739 1734/1734/1740
f 1736/1736/1742 1735/1735/1741 1734/1734/1740
f 1732/1732/1738 1737/1737/1743 1734/1734/1740
f 1733/1733/1739 1735/1735/1741 1738/1738/1744
f 1731/1731/1737 1733/1733/1739 1738/1738/1744
f 1739/1739/1745 1729/1729/1735 1731/1731/1737
f 1738/1738/1744 1739/1739/1745 1731/1731/1737
f 1739/1739/1745 1715/1715/1721 1729/1729/1735
f 1740/1740/1746 1719/1719/1725 1717/1717/1723
f 1741/1741/1747 1740/1740/1746 1717/1717/1723
f 1740/1740/1746 1741/1741/1747 1742/1742/1748
f 1741/1741/1747 1743/1743/1749 1742/1742/1748
f 1743/1743/1749 1741/1741/1747 1717/1717/1723
f 1743/1743/1749 1744/1744/1750 1742/1742/1748
f 1742/1742/1748 1744/1744/1750 1745/1745/1751
f 1745/1745/1751 1746/1746/1752 1742/1742/1748
f 1746/1746/1752 1747/1747/1753 1742/1742/1748
f 1747/1747/1753 1740/1740/1746 1742/1742/1748
f 1746/1746/1752 1748/1748/1754 1747/1747/1753
f 1749/1749/1755 1748/1748/1754 1746/1746/1752
f 1748/1748/1754 1749/1749/1755 1750/1750/1756
f 1749/1749/1755 1751/1751/1757 1750/1750/1756
f 1748/1748/1754 1750/1750/1756 1752/1752/1758
f 1748/1748/1754 1752/1752/1758 1747/1747/1753
f 1747/1747/1753 1752/1752/1758 1740/1740/1746
f 1750/1750/1756 1753/1753/1759 1752/1752/1758
f 1754/1754/1760 1749/1749/1755 1746/1746/1752
f 1754/1754/1760 1746/1746/1752 1745/1745/1751
f 1755/1755/1761 1754/1754/1760 1745/1745/1751
f 1744/1744/1750 1756/1756/1762 1745/1745/1751
f 1745/1745/1751 1756/1756/1762 1755/1755/1761
f 1756/1756/1762 1744/1744/1750 1757/1757/1763
f 1744/1744/1750 1743/1743/1749 1757/1757/1763
f 1758/1758/1764 1756/1756/1762 1757/1757/1763
f 1758/1758/1764 1757/1757/1763 1759/1759/1765
f 1760/1760/1766 1758/1758/1764 1759/1759/1765
f 1760/1760/1766 1761/1761/1767 1758/1758/1764
f 1761/1761/1767 1762/1762/1768 1758/1758/1764
f 1758/1758/1764 1762/1762/1768 1756/1756/1762
f 1762/1762/1768 1763/1763/1769 1756/1756/1762
f 1756/1756/1762 1763/1763/1769 1755/1755/1761
f 1760/1760/1766 1759/1759/1765 1764/1764/1770
f 1765/1765/1771 1760/1760/1766 1764/1764/1770
f 1761/1761/1767 1760/1760/1766 1765/1765/1771
f 1765/1765/1771 1764/1764/1770 1766/1766/1772
f 1767/1767/1773 1765/1765/1771 1766/1766/1772
f 1766/1766/1772 1768/1768/1774 1767/1767/1773
f 1768/1768/1774 1769/1769/1775 1767/1767/1773
f 1769/1769/1775 1768/1768/1774 1770/1770/1776
f 1768/1768/1774 1771/1771/1777 1770/1770/1776
f 1769/1769/1775 1770/1770/1776 1772/1772/1778
f 1770/1770/1776 1773/1773/1779 1772/1772/1778
f 1769/1769/1775 1772/1772/1778 1774/1774/1780
f 1767/1767/1773 1769/1769/1775 1774/1774/1780
f 1767/1767/1773 1774/1774/1780 1765/1765/1771
f 1774/1774/1780 1775/1775/1781 1765/1765/1771
f 1775/1775/1781 1761/1761/1767 1765/1765/1771
f 1761/1761/1767 1664/1664/1670 1762/1762/1768
f 1664/1664/1670 1761/1761/1767 1775/1775/1781
f 1664/1664/1670 1663/1663/1669 1762/1762/1768
f 1762/1762/1768 1663/1663/1669 1763/1763/1769
f 1666/1666/1672 1664/1664/1670 1775/1775/1781
f 1669/1669/1675 1666/1666/1672 1775/1775/1781
f 1774/1774/1780 1669/1669/1675 1775/1775/1781
f 1670/1670/1676 1669/1669/1675 1774/1774/1780
f 1772/1772/1778 1670/1670/1676 1774/1774/1780
f 1675/1675/1681 1670/1670/1676 1772/1772/1778
f 1773/1773/1779 1675/1675/1681 1772/1772/1778
f 1763/1763/1769 1658/1658/1664 1755/1755/1761
f 1663/1663/1669 1658/1658/1664 1763/1763/1769
f 1658/1658/1664 1656/1656/1662 1755/1755/1761
f 1656/1656/1662 1655/1655/1661 1755/1755/1761
f 1655/1655/1661 1754/1754/1760 1755/1755/1761
f 1655/1655/1661 1652/1652/1658 1754/1754/1760
f 1652/1652/1658 1749/1749/1755 1754/1754/1760
f 1749/1749/1755 1652/1652/1658 1751/1751/1757
f 1652/1652/1658 1651/1651/1657 1751/1751/1757
f 1768/1768/1774 1776/1776/1782 1771/1771/1777
f 1776/1776/1782 1777/1777/1783 1771/1771/1777
f 1776/1776/1782 1768/1768/1774 1766/1766/1772
f 1778/1778/1784 1776/1776/1782 1766/1766/1772
f 1779/1779/1785 1778/1778/1784 1766/1766/1772
f 1764/1764/1770 1779/1779/1785 1766/1766/1772
f 1780/1780/1786 1779/1779/1785 1764/1764/1770
f 1759/1759/1765 1780/1780/1786 1764/1764/1770
f 1781/1781/1787 1780/1780/1786 1759/1759/1765
f 1757/1757/1763 1781/1781/1787 1759/1759/1765
f 1743/1743/1749 1781/1781/1787 1757/1757/1763
f 1781/1781/1787 1743/1743/1749 1713/1713/1719
f 1743/1743/1749 1710/1710/1716 1713/1713/1719
f 1710/1710/1716 1743/1743/1749 1717/1717/1723
f 1781/1781/1787 1713/1713/1719 1715/1715/1721
f 1780/1780/1786 1781/1781/1787 1715/1715/1721
f 1780/1780/1786 1715/1715/1721 1739/1739/1745
f 1779/1779/1785 1780/1780/1786 1739/1739/1745
f 1779/1779/1785 1739/1739/1745 1738/1738/1744
f 1778/1778/1784 1779/1779/1785 1738/1738/1744
f 1776/1776/1782 1778/1778/1784 1738/1738/1744
f 1735/1735/1741 1776/1776/1782 1738/1738/1744
f 1776/1776/1782 1735/1735/1741 1736/1736/1742
f 1777/1777/1783 1776/1776/1782 1736/1736/1742
f 1782/1782/1788 1783/1783/1789 1784/1784/1790
f 1782/1782/1788 1784/1784/1790 1737/1737/1743
f 1732/1732/1738 1782/1782/1788 1737/1737/1743
f 1785/1785/1791 1783/1783/1789 1782/1782/1788
f 1730/1730/1736 1785/1785/1791 1782/1782/1788
f 1732/1732/1738 1730/1730/1736 1782/1782/1788
f 1785/1785/1791 1730/1730/1736 1786/1786/1792
f 1787/1787/1793 1785/1785/1791 1786/1786/1792
f 1787/1787/1793 1786/1786/1792 1788/1788/1794
f 1788/1788/1794 1786/1786/1792 1722/1722/1728
f 1786/1786/1792 1728/1728/1734 1722/1722/1728
f 1730/1730/1736 1728/1728/1734 1786/1786/1792
f 1788/1788/1794 1722/1722/1728 1789/1789/1795
f 1790/1790/1796 1788/1788/1794 1789/1789/1795
f 1722/1722/1728 1723/1723/1729 1789/1789/1795
f 1790/1790/1796 1789/1789/1795 1791/1791/1797
f 1724/1724/1730 1791/1791/1797 1789/1789/1795
f 1723/1723/1729 1724/1724/1730 1789/1789/1795
f 1752/1752/1758 1792/1792/1798 1740/1740/1746
f 1793/1793/1799 1792/1792/1798 1752/1752/1758
f 1753/1753/1759 1793/1793/1799 1752/1752/1758
f 1792/1792/1798 1793/1793/1799 1727/1727/1733
f 1726/1726/1732 1792/1792/1798 1727/1727/1733
f 1792/1792/1798 1726/1726/1732 1719/1719/1725
f 1740/1740/1746 1792/1792/1798 1719/1719/1725
f 1794/1794/1800 1795/1795/1801 1796/1796/1802
f 1797/1797/1803 1794/1794/1800 1796/1796/1802
f 1794/1794/1800 1797/1797/1803 1798/1798/1804
f 1797/1797/1803 1799/1799/1805 1798/1798/1804
f 1799/1799/1805 1800/1800/1806 1798/1798/1804
f 1799/1799/1805 1801/1801/1807 1800/1800/1806
f 1797/1797/1803 1796/1796/1802 1801/1801/1807
f 1799/1799/1805 1797/1797/1803 1801/1801/1807
f 1801/1801/1807 1802/1802/1808 1800/1800/1806
f 1800/1800/1806 1803/1803/1809 1798/1798/1804
f 1804/1804/1810 1803/1803/1809 1800/1800/1806
f 1802/1802/1808 1804/1804/1810 1800/1800/1806
f 1804/1804/1810 1805/1805/1811 1803/1803/1809
f 1805/1805/1811 1806/1806/1812 1803/1803/1809
f 1803/1803/1809 1806/1806/1812 1807/1807/1813
f 1807/1807/1813 1808/1808/1814 1803/1803/1809
f 1808/1808/1814 1794/1794/1815 1803/1803/1809
f 1809/1809/1816 1794/1794/1815 1808/1808/1814
f 1810/1810/1817 1809/1809/1816 1808/1808/1814
f 1810/1810/1817 1811/1811/1818 1809/1809/1816
f 1811/1811/1818 1810/1810/1817 1812/1812/1819
f 1812/1812/1819 1810/1810/1817 1808/1808/1814
f 1811/1811/1818 1813/1813/1820 1809/1809/1816
f 1814/1814/1821 1808/1808/1814 1807/1807/1813
f 1806/1806/1812 1815/1815/1822 1807/1807/1813
f 1816/1816/1823 1814/1814/1821 1807/1807/1813
f 1815/1815/1822 1816/1816/1823 1807/1807/1813
f 1817/1817/1824 1816/1816/1823 1815/1815/1822
f 1816/1816/1823 1817/1817/1824 1818/1818/1825
f 1814/1814/1821 1816/1816/1823 1818/1818/1825
f 1819/1819/1826 1817/1817/1824 1815/1815/1822
f 1820/1820/1827 1819/1819/1826 1815/1815/1822
f 1806/1806/1812 1820/1820/1827 1815/1815/1822
f 1821/1821/1828 1820/1820/1827 1806/1806/1812
f 1805/1805/1811 1821/1821/1828 1806/1806/1812
f 1819/1819/1826 1820/1820/1827 1822/1822/1829
f 1821/1821/1828 1822/1822/1829 1820/1820/1827
f 1823/1823/1830 1819/1819/1826 1822/1822/1829
f 1817/1817/1824 1819/1819/1826 1823/1823/1830
f 1803/1803/1809 1794/1794/1815 1798/1798/1831
f 1818/1818/1825 1824/1824/1832 1814/1814/1821
f 1808/1808/1814 1814/1814/1821 1824/1824/1832
f 1812/1812/1819 1808/1808/1814 1824/1824/1832
f 1811/1811/1818 1812/1812/1819 1825/1825/1833
f 1826/1826/1834 1813/1813/1820 1811/1811/1818
f 1825/1825/1833 1826/1826/1834 1811/1811/1818
f 1825/1825/1833 1827/1827/1835 1826/1826/1834
f 1812/1812/1819 1827/1827/1835 1825/1825/1833
f 1812/1812/1819 1824/1824/1832 1827/1827/1835
f 1827/1827/1835 1828/1828/1836 1826/1826/1834
f 1829/1829/1837 1828/1828/1836 1827/1827/1835
f 1830/1830/1838 1829/1829/1837 1827/1827/1835
f 1831/1831/1839 1830/1830/1838 1827/1827/1835
f 1818/1818/1825 1831/1831/1839 1824/1824/1832
f 1827/1827/1835 1824/1824/1832 1831/1831/1839
f 1829/1829/1837 1830/1830/1838 1832/1832/1840
f 1829/1829/1837 1832/1832/1840 1833/1833/1841
f 1834/1834/1842 1829/1829/1837 1833/1833/1841
f 1830/1830/1838 1835/1835/1843 1832/1832/1840
f 1836/1836/1844 1818/1818/1825 1817/1817/1824
f 1830/1830/1838 1831/1831/1839 1836/1836/1844
f 1835/1835/1843 1830/1830/1838 1836/1836/1844
f 1835/1835/1843 1836/1836/1844 1817/1817/1824
f 1831/1831/1839 1818/1818/1825 1836/1836/1844
f 1837/1837/1845 1835/1835/1843 1817/1817/1824
f 1823/1823/1830 1822/1822/1829 1837/1837/1845
f 1817/1817/1824 1823/1823/1830 1837/1837/1845
f 1835/1835/1843 1837/1837/1845 1838/1838/1846
f 1832/1832/1840 1835/1835/1843 1838/1838/1846
f 1822/1822/1829 1838/1838/1846 1837/1837/1845
f 1832/1832/1840 1838/1838/1846 1839/1839/1847
f 1833/1833/1841 1832/1832/1840 1839/1839/1847
f 1839/1839/1847 1838/1838/1846 1822/1822/1829
f 1829/1829/1837 1840/1840/1848 1828/1828/1836
f 1841/1841/1849 1829/1829/1837 1834/1834/1842
f 1841/1841/1849 1840/1840/1850 1829/1829/1837
f 1842/1842/1851 1840/1840/1850 1841/1841/1849
f 1842/1842/1851 1841/1841/1849 1843/1843/1852
f 1841/1841/1849 1844/1844/1853 1843/1843/1852
f 1844/1844/1853 1841/1841/1849 1834/1834/1842
f 1845/1845/1854 1840/1840/1850 1842/1842/1851
f 1842/1842/1851 1843/1843/1852 1845/1845/1854
f 1828/1828/1855 1840/1840/1850 1845/1845/1854
f 1845/1845/1854 1846/1846/1856 1828/1828/1855
f 1843/1843/1852 1846/1846/1856 1845/1845/1854
f 1846/1846/1856 1847/1847/1857 1828/1828/1855
f 1848/1848/1858 1849/1849/1859 1850/1850/1860
f 1848/1848/1858 1851/1851/1861 1849/1849/1859
f 1852/1852/1862 1853/1853/1863 1854/1854/1864
f 1855/1855/1865 1852/1852/1862 1854/1854/1864
f 1854/1854/1864 1856/1856/1866 1855/1855/1865
f 1856/1856/1866 1857/1857/1867 1855/1855/1865
f 1858/1858/1868 1853/1853/1863 1852/1852/1862
f 1859/1859/1869 1858/1858/1868 1852/1852/1862
f 1858/1858/1868 1859/1859/1869 1860/1860/1870
f 1859/1859/1869 1861/1861/1871 1860/1860/1870
f 1861/1861/1871 1862/1862/1872 1860/1860/1870
f 1863/1863/1873 1862/1862/1872 1861/1861/1871
f 1863/1863/1873 1861/1861/1871 1859/1859/1869
f 1864/1864/1874 1863/1863/1873 1859/1859/1869
f 1859/1859/1869 1852/1852/1862 1864/1864/1874
f 1852/1852/1862 1865/1865/1875 1864/1864/1874
f 1865/1865/1875 1852/1852/1862 1855/1855/1865
f 1866/1866/1876 1865/1865/1875 1855/1855/1865
f 1867/1867/1877 1866/1866/1876 1855/1855/1865
f 1857/1857/1867 1867/1867/1877 1855/1855/1865
f 1853/1853/1863 1868/1868/1878 1854/1854/1864
f 1869/1869/1879 1868/1868/1878 1853/1853/1863
f 1870/1870/1880 1868/1868/1878 1869/1869/1879
f 1871/1871/1881 1870/1870/1880 1869/1869/1879
f 1872/1872/1882 1871/1871/1881 1869/1869/1879
f 1873/1873/1883 1872/1872/1882 1869/1869/1879
f 1870/1870/1880 1871/1871/1881 1874/1874/1884
f 1874/1874/1884 1871/1871/1881 1872/1872/1882
f 1875/1875/1885 1870/1870/1880 1874/1874/1884
f 1870/1870/1880 1875/1875/1885 1876/1876/1886
f 1875/1875/1885 1877/1877/1887 1876/1876/1886
f 1876/1876/1886 1877/1877/1887 1878/1878/1888
f 1877/1877/1887 1879/1879/1889 1878/1878/1888
f 1880/1880/1890 1874/1874/1884 1872/1872/1882
f 1870/1870/1880 1876/1876/1886 1881/1881/1891
f 1868/1868/1878 1870/1870/1880 1881/1881/1891
f 1868/1868/1878 1881/1881/1891 1854/1854/1864
f 1876/1876/1886 1878/1878/1888 1882/1882/1892
f 1881/1881/1891 1876/1876/1886 1882/1882/1892
f 1877/1877/1887 1875/1875/1885 1883/1883/1893
f 1884/1884/1894 1877/1877/1887 1883/1883/1893
f 1877/1877/1887 1884/1884/1894 1879/1879/1889
f 1875/1875/1885 1874/1874/1884 1885/1885/1895
f 1883/1883/1893 1875/1875/1885 1885/1885/1895
f 1885/1885/1895 1874/1874/1884 1880/1880/1890
f 1858/1858/1896 1869/1869/1879 1853/1853/1863
f 1873/1873/1883 1869/1869/1879 1858/1858/1896
f 1881/1881/1891 1882/1882/1892 1856/1856/1866
f 1854/1854/1864 1881/1881/1891 1856/1856/1866
f 1886/1886/1897 1885/1885/1895 1880/1880/1890
f 1887/1887/1898 1873/1873/1883 1858/1858/1896
f 1884/1884/1894 1888/1888/1899 1879/1879/1889
f 1889/1889/1900 1888/1888/1899 1884/1884/1894
f 1890/1890/1901 1889/1889/1900 1884/1884/1894
f 1889/1889/1900 1890/1890/1901 1891/1891/1902
f 1891/1891/1902 1890/1890/1901 1892/1892/1903
f 1891/1891/1902 1892/1892/1903 1893/1893/1904
f 1894/1894/1905 1891/1891/1902 1893/1893/1904
f 1895/1895/1906 1891/1891/1902 1894/1894/1905
f 1895/1895/1906 1889/1889/1900 1891/1891/1902
f 1896/1896/1907 1895/1895/1906 1894/1894/1905
f 1893/1893/1904 1892/1892/1903 1897/1897/1908
f 1892/1892/1903 1898/1898/1909 1897/1897/1908
f 1849/1849/1910 1897/1897/1908 1898/1898/1909
f 1899/1899/1911 1849/1849/1910 1898/1898/1909
f 1892/1892/1903 1900/1900/1912 1898/1898/1909
f 1890/1890/1901 1900/1900/1912 1892/1892/1903
f 1900/1900/1912 1890/1890/1901 1884/1884/1894
f 1900/1900/1912 1901/1901/1913 1898/1898/1909
f 1901/1901/1913 1900/1900/1912 1883/1883/1914
f 1883/1883/1914 1900/1900/1912 1884/1884/1894
f 1885/1885/1915 1901/1901/1913 1883/1883/1914
f 1902/1902/1916 1901/1901/1913 1885/1885/1915
f 1898/1898/1909 1901/1901/1913 1902/1902/1916
f 1899/1899/1911 1898/1898/1909 1902/1902/1916
f 1903/1903/1917 1902/1902/1916 1885/1885/1915
f 1902/1902/1916 1904/1904/1918 1899/1899/1911
f 1904/1904/1918 1905/1905/1919 1899/1899/1911
f 1899/1899/1911 1905/1905/1919 1849/1849/1910
f 1905/1905/1919 1906/1906/1920 1849/1849/1910
f 1907/1907/1921 1904/1904/1918 1902/1902/1916
f 1903/1903/1917 1907/1907/1921 1902/1902/1916
f 1888/1888/1899 1908/1908/1922 1879/1879/1889
f 1908/1908/1922 1909/1909/1923 1879/1879/1889
f 1909/1909/1923 1908/1908/1922 1910/1910/1924
f 1910/1910/1924 1908/1908/1922 1911/1911/1925
f 1908/1908/1922 1912/1912/1926 1911/1911/1925
f 1912/1912/1926 1908/1908/1922 1888/1888/1899
f 1911/1911/1925 1912/1912/1926 1913/1913/1927
f 1912/1912/1926 1914/1914/1928 1913/1913/1927
f 1913/1913/1927 1914/1914/1928 1915/1915/1929
f 1916/1916/1930 1913/1913/1927 1915/1915/1929
f 1917/1917/1931 1909/1909/1923 1910/1910/1924
f 1918/1918/1932 1909/1909/1923 1917/1917/1931
f 1919/1919/1933 1918/1918/1932 1917/1917/1931
f 1920/1920/1934 1918/1918/1932 1919/1919/1933
f 1921/1921/1935 1920/1920/1934 1919/1919/1933
f 1920/1920/1934 1921/1921/1935 1922/1922/1936
f 1921/1921/1935 1923/1923/1937 1922/1922/1936
f 1924/1924/1938 1922/1922/1936 1923/1923/1937
f 1925/1925/1939 1924/1924/1938 1923/1923/1937
f 1926/1926/1940 1924/1924/1938 1925/1925/1939
f 1927/1927/1941 1926/1926/1940 1925/1925/1939
f 1924/1924/1938 1926/1926/1940 1857/1857/1867
f 1922/1922/1936 1924/1924/1938 1857/1857/1867
f 1926/1926/1940 1867/1867/1877 1857/1857/1867
f 1856/1856/1866 1922/1922/1936 1857/1857/1867
f 1920/1920/1934 1922/1922/1936 1856/1856/1866
f 1882/1882/1892 1920/1920/1934 1856/1856/1866
f 1918/1918/1932 1920/1920/1934 1882/1882/1892
f 1878/1878/1888 1918/1918/1932 1882/1882/1892
f 1909/1909/1923 1918/1918/1932 1878/1878/1888
f 1879/1879/1889 1909/1909/1923 1878/1878/1888
f 1889/1889/1900 1912/1912/1926 1888/1888/1899
f 1912/1912/1926 1889/1889/1900 1895/1895/1906
f 1914/1914/1928 1912/1912/1926 1895/1895/1906
f 1914/1914/1928 1895/1895/1906 1896/1896/1907
f 1915/1915/1929 1914/1914/1928 1896/1896/1907
f 1917/1917/1931 1910/1910/1924 1928/1928/1942
f 1928/1928/1942 1910/1910/1924 1929/1929/1943
f 1930/1930/1944 1928/1928/1942 1929/1929/1943
f 1931/1931/1945 1930/1930/1944 1929/1929/1943
f 1931/1931/1945 1929/1929/1943 1932/1932/1946
f 1933/1933/1947 1931/1931/1945 1932/1932/1946
f 1933/1933/1947 1932/1932/1946 1934/1934/1948
f 1934/1934/1948 1932/1932/1946 1916/1916/1930
f 1932/1932/1946 1913/1913/1927 1916/1916/1930
f 1935/1935/1949 1933/1933/1947 1934/1934/1948
f 1935/1935/1949 1936/1936/1950 1933/1933/1947
f 1936/1936/1950 1931/1931/1945 1933/1933/1947
f 1936/1936/1950 1930/1930/1944 1931/1931/1945
f 1936/1936/1950 1937/1937/1951 1930/1930/1944
f 1930/1930/1944 1937/1937/1951 1928/1928/1942
f 1936/1936/1950 1938/1938/1952 1937/1937/1951
f 1937/1937/1951 1938/1938/1952 1939/1939/1953
f 1937/1937/1951 1939/1939/1953 1928/1928/1942
f 1939/1939/1953 1917/1917/1931 1928/1928/1942
f 1938/1938/1952 1940/1940/1954 1939/1939/1953
f 1938/1938/1952 1941/1941/1955 1940/1940/1954
f 1936/1936/1950 1941/1941/1955 1938/1938/1952
f 1941/1941/1955 1942/1942/1956 1940/1940/1954
f 1942/1942/1956 1941/1941/1955 1943/1943/1957
f 1941/1941/1955 1944/1944/1958 1943/1943/1957
f 1936/1936/1950 1944/1944/1958 1941/1941/1955
f 1944/1944/1958 1945/1945/1959 1943/1943/1957
f 1936/1936/1950 1945/1945/1959 1944/1944/1958
f 1936/1936/1950 1946/1946/1960 1945/1945/1959
f 1945/1945/1959 1946/1946/1960 1947/1947/1961
f 1945/1945/1959 1947/1947/1961 1943/1943/1957
f 1946/1946/1960 1948/1948/1962 1947/1947/1961
f 1911/1911/1925 1913/1913/1927 1932/1932/1946
f 1929/1929/1943 1911/1911/1925 1932/1932/1946
f 1910/1910/1924 1911/1911/1925 1929/1929/1943
f 1919/1919/1933 1917/1917/1931 1939/1939/1953
f 1940/1940/1954 1919/1919/1933 1939/1939/1953
f 1921/1921/1935 1919/1919/1933 1940/1940/1954
f 1942/1942/1956 1921/1921/1935 1940/1940/1954
f 1942/1942/1956 1943/1943/1957 1923/1923/1937
f 1921/1921/1935 1942/1942/1956 1923/1923/1937
f 1925/1925/1939 1923/1923/1937 1943/1943/1957
f 1947/1947/1961 1925/1925/1939 1943/1943/1957
f 1927/1927/1941 1925/1925/1939 1947/1947/1961
f 1948/1948/1962 1927/1927/1941 1947/1947/1961
f 1936/1936/1950 1949/1949/1963 1950/1950/1964
f 1949/1949/1963 1951/1951/1965 1950/1950/1964
f 1951/1951/1965 1952/1952/1966 1950/1950/1964
f 1953/1953/1967 1951/1951/1965 1949/1949/1963
f 1954/1954/1968 1953/1953/1967 1949/1949/1963
f 1936/1936/1950 1954/1954/1968 1949/1949/1963
f 1953/1953/1967 1954/1954/1968 1955/1955/1969
f 1936/1936/1950 1955/1955/1969 1954/1954/1968
f 1956/1956/1970 1953/1953/1967 1955/1955/1969
f 1957/1957/1971 1956/1956/1970 1955/1955/1969
f 1958/1958/1972 1957/1957/1971 1955/1955/1969
f 1936/1936/1950 1958/1958/1972 1955/1955/1969
f 1936/1936/1950 1959/1959/1973 1958/1958/1972
f 1960/1960/1974 1957/1957/1971 1958/1958/1972
f 1959/1959/1973 1960/1960/1974 1958/1958/1972
f 1936/1936/1950 1961/1961/1975 1959/1959/1973
f 1936/1936/1950 1962/1962/1976 1961/1961/1975
f 1936/1936/1950 1963/1963/1977 1962/1962/1976
f 1935/1935/1949 1963/1963/1977 1936/1936/1950
f 1935/1935/1949 1934/1934/1948 1963/1963/1977
f 1934/1934/1948 1964/1964/1978 1963/1963/1977
f 1963/1963/1977 1964/1964/1978 1962/1962/1976
f 1964/1964/1978 1965/1965/1979 1962/1962/1976
f 1962/1962/1976 1965/1965/1979 1961/1961/1975
f 1965/1965/1979 1966/1966/1980 1961/1961/1975
f 1966/1966/1980 1960/1960/1974 1959/1959/1973
f 1961/1961/1975 1966/1966/1980 1959/1959/1973
f 1934/1934/1948 1916/1916/1930 1964/1964/1978
f 1916/1916/1930 1967/1967/1981 1964/1964/1978
f 1916/1916/1930 1915/1915/1929 1967/1967/1981
f 1915/1915/1929 1968/1968/1982 1967/1967/1981
f 1967/1967/1981 1968/1968/1982 1969/1969/1983
f 1970/1970/1984 1967/1967/1981 1969/1969/1983
f 1964/1964/1978 1967/1967/1981 1970/1970/1984
f 1965/1965/1979 1964/1964/1978 1970/1970/1984
f 1970/1970/1984 1969/1969/1983 1971/1971/1985
f 1972/1972/1986 1970/1970/1984 1971/1971/1985
f 1965/1965/1979 1970/1970/1984 1972/1972/1986
f 1966/1966/1980 1965/1965/1979 1972/1972/1986
f 1972/1972/1986 1971/1971/1985 1973/1973/1987
f 1974/1974/1988 1972/1972/1986 1973/1973/1987
f 1966/1966/1980 1972/1972/1986 1974/1974/1988
f 1960/1960/1974 1966/1966/1980 1974/1974/1988
f 1974/1974/1988 1973/1973/1987 1975/1975/1989
f 1976/1976/1990 1974/1974/1988 1975/1975/1989
f 1960/1960/1974 1974/1974/1988 1976/1976/1990
f 1957/1957/1971 1960/1960/1974 1976/1976/1990
f 1976/1976/1990 1975/1975/1989 1977/1977/1991
f 1978/1978/1992 1976/1976/1990 1977/1977/1991
f 1957/1957/1971 1976/1976/1990 1978/1978/1992
f 1977/1977/1991 1979/1979/1993 1978/1978/1992
f 1979/1979/1993 1980/1980/1994 1978/1978/1992
f 1980/1980/1994 1979/1979/1993 1981/1981/1995
f 1982/1982/1996 1980/1980/1994 1981/1981/1995
f 1982/1982/1996 1981/1981/1995 1983/1983/1997
f 1984/1984/1998 1982/1982/1996 1983/1983/1997
f 1981/1981/1995 1985/1985/1999 1983/1983/1997
f 1985/1985/1999 1981/1981/1995 1979/1979/1993
f 1985/1985/1999 1986/1986/2000 1983/1983/1997
f 1985/1985/1999 1987/1987/2001 1986/1986/2000
f 1987/1987/2001 1985/1985/1999 1988/1988/2002
f 1988/1988/2002 1985/1985/1999 1979/1979/1993
f 1988/1988/2002 1979/1979/1993 1977/1977/1991
f 1989/1989/2003 1987/1987/2001 1988/1988/2002
f 1987/1987/2001 1989/1989/2003 1990/1990/2004
f 1989/1989/2003 1991/1991/2005 1990/1990/2004
f 1990/1990/2004 1991/1991/2005 1992/1992/2006
f 1993/1993/2007 1990/1990/2004 1992/1992/2006
f 1992/1992/2006 1994/1994/2008 1993/1993/2007
f 1994/1994/2008 1995/1995/2009 1993/1993/2007
f 1995/1995/2009 1994/1994/2008 1996/1996/2010
f 1997/1997/2011 1995/1995/2009 1996/1996/2010
f 1993/1993/2007 1995/1995/2009 1997/1997/2011
f 1998/1998/2012 1993/1993/2007 1997/1997/2011
f 1993/1993/2007 1998/1998/2012 1990/1990/2004
f 1998/1998/2012 1999/1999/2013 1990/1990/2004
f 1987/1987/2001 1990/1990/2004 1999/1999/2013
f 2000/2000/2014 1987/1987/2001 1999/1999/2013
f 1987/1987/2001 2000/2000/2014 1986/1986/2000
f 1991/1991/2005 1989/1989/2003 2001/2001/2015
f 1991/1991/2005 2001/2001/2015 2002/2002/2016
f 2002/2002/2016 2001/2001/2015 2003/2003/2017
f 2004/2004/2018 2002/2002/2016 2003/2003/2017
f 2002/2002/2016 2004/2004/2018 2005/2005/2019
f 2006/2006/2020 2002/2002/2016 2005/2005/2019
f 2007/2007/2021 2004/2004/2018 2003/2003/2017
f 2005/2005/2019 2004/2004/2018 2007/2007/2021
f 2008/2008/2022 2007/2007/2021 2003/2003/2017
f 2003/2003/2017 2009/2009/2023 2008/2008/2022
f 2009/2009/2023 2010/2010/2024 2008/2008/2022
f 2009/2009/2023 2011/2011/2025 2010/2010/2024
f 2011/2011/2025 2012/2012/2026 2010/2010/2024
f 2013/2013/2027 2005/2005/2019 2007/2007/2021
f 2014/2014/2028 2009/2009/2023 2003/2003/2017
f 2001/2001/2015 2014/2014/2028 2003/2003/2017
f 1989/1989/2003 2014/2014/2028 2001/2001/2015
f 2015/2015/2029 2011/2011/2025 2009/2009/2023
f 2014/2014/2028 2015/2015/2029 2009/2009/2023
f 2016/2016/2030 2008/2008/2022 2010/2010/2024
f 2017/2017/2031 2016/2016/2030 2010/2010/2024
f 2010/2010/2024 2012/2012/2026 2017/2017/2031
f 2018/2018/2032 2007/2007/2021 2008/2008/2022
f 2016/2016/2030 2018/2018/2032 2008/2008/2022
f 2013/2013/2027 2007/2007/2021 2018/2018/2032
f 1992/1992/2033 1991/1991/2005 2002/2002/2016
f 1992/1992/2033 2002/2002/2016 2006/2006/2020
f 1988/1988/2002 2015/2015/2029 2014/2014/2028
f 1989/1989/2003 1988/1988/2002 2014/2014/2028
f 2019/2019/2034 2013/2013/2027 2018/2018/2032
f 2020/2020/2035 1992/1992/2033 2006/2006/2020
f 2012/2012/2026 2021/2021/2036 2017/2017/2031
f 2017/2017/2031 2021/2021/2036 2022/2022/2037
f 2023/2023/2038 2017/2017/2031 2022/2022/2037
f 2024/2024/2039 2023/2023/2038 2022/2022/2037
f 2024/2024/2039 2025/2025/2040 2023/2023/2038
f 1893/1893/1904 2025/2025/2040 2024/2024/2039
f 1894/1894/1905 1893/1893/1904 2024/2024/2039
f 1894/1894/1905 2024/2024/2039 2026/2026/2041
f 2026/2026/2041 2024/2024/2039 2022/2022/2037
f 1896/1896/1907 1894/1894/1905 2026/2026/2041
f 1893/1893/1904 1897/1897/1908 2025/2025/2040
f 1897/1897/1908 2027/2027/2042 2025/2025/2040
f 2027/2027/2042 1897/1897/1908 1849/1849/1910
f 2028/2028/2043 2027/2027/2042 1849/1849/1910
f 2025/2025/2040 2027/2027/2042 2029/2029/2044
f 2025/2025/2040 2029/2029/2044 2023/2023/2038
f 2017/2017/2031 2023/2023/2038 2029/2029/2044
f 2027/2027/2042 2030/2030/2045 2029/2029/2044
f 2016/2016/2046 2029/2029/2044 2030/2030/2045
f 2016/2016/2046 2017/2017/2031 2029/2029/2044
f 2018/2018/2047 2016/2016/2046 2030/2030/2045
f 2018/2018/2047 2030/2030/2045 2031/2031/2048
f 2031/2031/2048 2030/2030/2045 2027/2027/2042
f 2028/2028/2043 2031/2031/2048 2027/2027/2042
f 2032/2032/2049 2018/2018/2047 2031/2031/2048
f 2031/2031/2048 2028/2028/2043 2033/2033/2050
f 2028/2028/2043 2034/2034/2051 2033/2033/2050
f 2028/2028/2043 1849/1849/1910 2034/2034/2051
f 1849/1849/1910 2035/2035/2052 2034/2034/2051
f 2031/2031/2048 2033/2033/2050 2036/2036/2053
f 2032/2032/2049 2031/2031/2048 2036/2036/2053
f 2021/2021/2036 2012/2012/2026 1971/1971/1985
f 2012/2012/2026 1973/1973/1987 1971/1971/1985
f 2012/2012/2026 2011/2011/2025 1973/1973/1987
f 2011/2011/2025 1975/1975/1989 1973/1973/1987
f 2011/2011/2025 2015/2015/2029 1975/1975/1989
f 2015/2015/2029 1977/1977/1991 1975/1975/1989
f 2015/2015/2029 1988/1988/2002 1977/1977/1991
f 2021/2021/2036 1971/1971/1985 1969/1969/1983
f 2022/2022/2037 2021/2021/2036 1969/1969/1983
f 2026/2026/2041 2022/2022/2037 1969/1969/1983
f 1968/1968/1982 2026/2026/2041 1969/1969/1983
f 1896/1896/1907 2026/2026/2041 1968/1968/1982
f 1915/1915/1929 1896/1896/1907 1968/1968/1982
f 2034/2034/2051 2035/2035/2052 2037/2037/2054
f 2035/2035/2052 2038/2038/2055 2037/2037/2054
f 2038/2038/2055 2039/2039/2056 2037/2037/2054
f 2037/2037/2054 2039/2039/2056 2040/2040/2057
f 2034/2034/2051 2037/2037/2054 2040/2040/2057
f 2033/2033/2050 2034/2034/2051 2040/2040/2057
f 2040/2040/2057 2039/2039/2056 2041/2041/2058
f 2033/2033/2050 2040/2040/2057 2041/2041/2058
f 2036/2036/2053 2033/2033/2050 2041/2041/2058
f 2042/2042/2059 2043/2043/2060 2044/2044/2061
f 2045/2045/2062 2042/2042/2059 2044/2044/2061
f 2043/2043/2060 2046/2046/2063 2044/2044/2061
f 2042/2042/2059 2045/2045/2062 1906/1906/1920
f 1905/1905/1919 2042/2042/2059 1906/1906/1920
f 2043/2043/2060 2042/2042/2059 1905/1905/1919
f 1904/1904/1918 2043/2043/2060 1905/1905/1919
f 2046/2046/2063 2043/2043/2060 1904/1904/1918
f 1907/1907/1921 2046/2046/2063 1904/1904/1918
f 2047/2047/2064 2048/2048/2065 2049/2049/2066
f 2049/2049/2066 2050/2050/2067 2047/2047/2064
f 2047/2047/2064 2050/2050/2067 2051/2051/2068
f 2051/2051/2068 2052/2052/2069 2047/2047/2064
f 2052/2052/2069 2053/2053/2070 2047/2047/2064
f 2052/2052/2069 2054/2054/2071 2053/2053/2070
f 2053/2053/2070 2054/2054/2071 2055/2055/2072
f 2047/2047/2064 2053/2053/2070 2055/2055/2072
f 2047/2047/2064 2055/2055/2072 2056/2056/2073
f 2047/2047/2064 2056/2056/2073 2057/2057/2074
f 2047/2047/2064 2057/2057/2074 2058/2058/2075
f 2055/2055/2072 2054/2054/2071 2059/2059/2076
f 2060/2060/2077 2055/2055/2072 2059/2059/2076
f 2061/2061/2078 2055/2055/2072 2060/2060/2077
f 2059/2059/2076 2062/2062/2079 2060/2060/2077
f 2051/2051/2068 2063/2063/2080 2052/2052/2069
f 2052/2052/2069 2063/2063/2080 2054/2054/2071
f 2063/2063/2080 2051/2051/2068 2064/2064/2081
f 2060/2060/2077 2065/2065/2082 2061/2061/2078
f 2066/2066/2083 2051/2051/2068 2050/2050/2067
f 2064/2064/2081 2051/2051/2068 2066/2066/2083
f 2067/2067/2084 2066/2066/2083 2050/2050/2067
f 2067/2067/2084 2050/2050/2067 2068/2068/2085
f 2069/2069/2086 2068/2068/2085 2050/2050/2067
f 1862/1862/2087 2070/2070/2088 1860/1860/2089
f 2070/2070/2088 2071/2071/2090 1860/1860/2089
f 2071/2071/2090 1858/1858/2091 1860/1860/2089
f 2072/2072/2092 2071/2071/2090 2070/2070/2088
f 1863/1863/2093 2072/2072/2092 2070/2070/2088
f 1862/1862/2087 1863/1863/2093 2070/2070/2088
f 1858/1858/2094 2073/2073/2095 1887/1887/2096
f 2073/2073/2095 2074/2074/2097 1887/1887/2096
f 2073/2073/2095 2075/2075/2098 2074/2074/2097
f 2075/2075/2098 2076/2076/2099 2074/2074/2097
f 2077/2077/2100 2074/2074/2097 2076/2076/2099
f 2077/2077/2100 2076/2076/2099 2078/2078/2101
f 2079/2079/2102 2078/2078/2101 2076/2076/2099
f 2075/2075/2098 2079/2079/2102 2076/2076/2099
f 2079/2079/2102 1885/1885/2103 2078/2078/2101
f 1885/1885/2103 1886/1886/2104 2078/2078/2101
f 1850/1850/2105 2045/2045/2106 2044/2044/2107
f 2046/2046/2108 1850/1850/2105 2044/2044/2107
f 1906/1906/2109 2045/2045/2106 1850/1850/2105
f 1849/1849/2110 1906/1906/2109 1850/1850/2105
f 1850/1850/2105 2046/2046/2108 1903/1903/2111
f 2046/2046/2108 1907/1907/2112 1903/1903/2111
f 2077/2077/2113 2080/2080/2114 2081/2081/2115
f 2082/2082/2116 2080/2080/2114 2077/2077/2113
f 2078/2078/2117 2082/2082/2116 2077/2077/2113
f 2077/2077/2113 2081/2081/2115 2074/2074/2118
f 2078/2078/2117 1886/1886/1897 2082/2082/2116
f 1886/1886/1897 1880/1880/1890 2082/2082/2116
f 2082/2082/2116 1880/1880/1890 2080/2080/2114
f 1880/1880/1890 1872/1872/1882 2080/2080/2114
f 2080/2080/2114 1872/1872/1882 1873/1873/1883
f 2081/2081/2115 2080/2080/2114 1873/1873/1883
f 2081/2081/2115 1873/1873/1883 1887/1887/1898
f 2074/2074/2118 2081/2081/2115 1887/1887/1898
f 2083/2083/2119 2084/2084/2120 2085/2085/2121
f 2085/2085/2121 2086/2086/2122 2083/2083/2119
f 2086/2086/2122 2087/2087/2123 2083/2083/2119
f 2083/2083/2119 2087/2087/2123 2088/2088/2124
f 2089/2089/2125 2083/2083/2119 2088/2088/2124
f 2084/2084/2120 2083/2083/2119 2089/2089/2125
f 2084/2084/2120 2089/2089/2125 2090/2090/2126
f 2090/2090/2126 2089/2089/2125 2088/2088/2124
f 2091/2091/2127 2090/2090/2126 2088/2088/2124
f 2092/2092/2128 2086/2086/2122 2085/2085/2121
f 2093/2093/2129 2092/2092/2128 2085/2085/2121
f 2084/2084/2120 2093/2093/2129 2085/2085/2121
f 2094/2094/2130 2093/2093/2129 2084/2084/2120
f 2092/2092/2128 2093/2093/2129 2094/2094/2130
f 2095/2095/2131 2092/2092/2128 2094/2094/2130
f 2084/2084/2120 2096/2096/2132 2094/2094/2130
f 2084/2084/2120 2097/2097/2133 2096/2096/2132
f 2084/2084/2120 2098/2098/2134 2097/2097/2133
f 2084/2084/2120 2099/2099/2135 2098/2098/2134
f 2100/2100/2136 2099/2099/2135 2084/2084/2120
f 2084/2084/2120 2101/2101/2137 2100/2100/2136
f 2084/2084/2120 2102/2102/2138 2101/2101/2137
f 2103/2103/2139 2102/2102/2138 2084/2084/2120
f 2084/2084/2120 2104/2104/2140 2103/2103/2139
f 2084/2084/2120 2105/2105/2141 2104/2104/2140
f 2106/2106/2142 2105/2105/2141 2084/2084/2120
f 2091/2091/2127 2088/2088/2124 2107/2107/2143
f 2108/2108/2144 2091/2091/2127 2107/2107/2143
f 2108/2108/2144 2107/2107/2143 2109/2109/2145
f 2110/2110/2146 2108/2108/2144 2109/2109/2145
f 2111/2111/2147 2109/2109/2145 2107/2107/2143
f 2112/2112/2148 2111/2111/2147 2107/2107/2143
f 2112/2112/2148 2107/2107/2143 2088/2088/2124
f 2113/2113/2149 2111/2111/2147 2112/2112/2148
f 2114/2114/2150 2113/2113/2149 2112/2112/2148
f 2115/2115/2151 2113/2113/2149 2114/2114/2150
f 2116/2116/2152 2115/2115/2151 2114/2114/2150
f 2116/2116/2152 2092/2092/2128 2095/2095/2131
f 2115/2115/2151 2116/2116/2152 2117/2117/2153
f 2117/2117/2153 2116/2116/2152 2095/2095/2131
f 2118/2118/2154 2115/2115/2151 2117/2117/2153
f 2119/2119/2155 2118/2118/2154 2117/2117/2153
f 2120/2120/2156 2119/2119/2155 2117/2117/2153
f 2120/2120/2156 2121/2121/2157 2119/2119/2155
f 2121/2121/2157 2122/2122/2158 2119/2119/2155
f 2122/2122/2158 2121/2121/2157 2123/2123/2159
f 2124/2124/2160 2122/2122/2158 2123/2123/2159
f 2124/2124/2160 2123/2123/2159 2125/2125/2161
f 2126/2126/2162 2124/2124/2160 2125/2125/2161
f 2127/2127/2163 2126/2126/2162 2125/2125/2161
f 2128/2128/2164 2127/2127/2163 2125/2125/2161
f 2129/2129/2165 2128/2128/2164 2125/2125/2161
f 2130/2130/2166 2128/2128/2164 2129/2129/2165
f 2131/2131/2167 2130/2130/2166 2129/2129/2165
f 2132/2132/2168 2129/2129/2165 2125/2125/2161
f 2125/2125/2161 2123/2123/2159 2132/2132/2168
f 2130/2130/2166 2131/2131/2167 2133/2133/2169
f 2134/2134/2170 2130/2130/2166 2133/2133/2169
f 2133/2133/2169 2135/2135/2171 2134/2134/2170
f 2135/2135/2171 2136/2136/2172 2134/2134/2170
f 2135/2135/2171 2137/2137/2173 2136/2136/2172
f 2137/2137/2173 2138/2138/2174 2136/2136/2172
f 2138/2138/2174 2137/2137/2173 2139/2139/2175
f 2140/2140/2176 2138/2138/2174 2139/2139/2175
f 2136/2136/2172 2141/2141/2177 2134/2134/2170
f 2141/2141/2177 2142/2142/2178 2134/2134/2170
f 2143/2143/2179 2141/2141/2177 2136/2136/2172
f 2138/2138/2174 2143/2143/2179 2136/2136/2172
f 2143/2143/2179 2138/2138/2174 2140/2140/2176
f 2144/2144/2180 2143/2143/2179 2140/2140/2176
f 2145/2145/2181 2127/2127/2163 2128/2128/2164
f 2130/2130/2166 2145/2145/2181 2128/2128/2164
f 2145/2145/2181 2130/2130/2166 2134/2134/2170
f 2142/2142/2178 2145/2145/2181 2134/2134/2170
f 2123/2123/2159 2146/2146/2182 2132/2132/2168
f 2147/2147/2183 2144/2144/2180 2140/2140/2176
f 2147/2147/2183 2148/2148/2184 2144/2144/2180
f 2148/2148/2184 2149/2149/2185 2144/2144/2180
f 2150/2150/2186 2143/2143/2179 2144/2144/2180
f 2149/2149/2185 2150/2150/2186 2144/2144/2180
f 2143/2143/2179 2150/2150/2186 2141/2141/2177
f 2151/2151/2187 2150/2150/2186 2149/2149/2185
f 2150/2150/2186 2151/2151/2187 2152/2152/2188
f 2150/2150/2186 2152/2152/2188 2141/2141/2177
f 2151/2151/2187 2153/2153/2189 2152/2152/2188
f 2151/2151/2187 2154/2154/2190 2153/2153/2189
f 2154/2154/2190 2155/2155/2191 2153/2153/2189
f 2154/2154/2190 2156/2156/2192 2155/2155/2191
f 2152/2152/2188 2153/2153/2189 2157/2157/2193
f 2158/2158/2194 2152/2152/2188 2157/2157/2193
f 2141/2141/2177 2152/2152/2188 2158/2158/2194
f 2142/2142/2178 2141/2141/2177 2158/2158/2194
f 2145/2145/2181 2142/2142/2178 2158/2158/2194
f 2159/2159/2195 2151/2151/2187 2149/2149/2185
f 2154/2154/2190 2151/2151/2187 2159/2159/2195
f 2148/2148/2184 2159/2159/2195 2149/2149/2185
f 2153/2153/2189 2155/2155/2191 2160/2160/2196
f 2157/2157/2193 2153/2153/2189 2160/2160/2196
f 2160/2160/2196 2155/2155/2191 2156/2156/2192
f 2161/2161/2197 2154/2154/2190 2159/2159/2195
f 2156/2156/2192 2154/2154/2190 2161/2161/2197
f 2157/2157/2193 2162/2162/2198 2158/2158/2194
f 2163/2163/2199 2162/2162/2198 2157/2157/2193
f 2162/2162/2198 2163/2163/2199 2164/2164/2200
f 2163/2163/2199 2165/2165/2201 2164/2164/2200
f 2166/2166/2202 2162/2162/2198 2164/2164/2200
f 2162/2162/2198 2166/2166/2202 2158/2158/2194
f 2166/2166/2202 2145/2145/2181 2158/2158/2194
f 2167/2167/2203 2166/2166/2202 2164/2164/2200
f 2145/2145/2181 2166/2166/2202 2167/2167/2203
f 2164/2164/2200 2165/2165/2201 2168/2168/2204
f 2169/2169/2205 2164/2164/2200 2168/2168/2204
f 2167/2167/2203 2164/2164/2200 2169/2169/2205
f 2170/2170/2206 2167/2167/2203 2169/2169/2205
f 2168/2168/2204 2165/2165/2201 2059/2059/2207
f 2165/2165/2201 2171/2171/2208 2059/2059/2207
f 2059/2059/2207 2171/2171/2208 2062/2062/2209
f 2172/2172/2210 2163/2163/2199 2157/2157/2193
f 2172/2172/2210 2157/2157/2193 2173/2173/2211
f 2174/2174/2212 2173/2173/2211 2157/2157/2193
f 2160/2160/2213 2174/2174/2212 2157/2157/2193
f 2156/2156/2214 2174/2174/2212 2160/2160/2213
f 2161/2161/2215 2159/2159/2216 2173/2173/2211
f 2174/2174/2212 2161/2161/2215 2173/2173/2211
f 2156/2156/2214 2161/2161/2215 2174/2174/2212
f 2175/2175/2217 2172/2172/2210 2173/2173/2211
f 2175/2175/2217 2173/2173/2211 2159/2159/2216
f 2060/2060/2218 2172/2172/2210 2175/2175/2217
f 2176/2176/2219 2060/2060/2218 2175/2175/2217
f 2176/2176/2219 2175/2175/2217 2061/2061/2220
f 2175/2175/2217 2177/2177/2221 2061/2061/2220
f 2177/2177/2221 2175/2175/2217 2159/2159/2216
f 2176/2176/2219 2065/2065/2222 2060/2060/2218
f 2061/2061/2220 2065/2065/2222 2176/2176/2219
f 2172/2172/2210 2060/2060/2218 2178/2178/2223
f 2163/2163/2199 2172/2172/2210 2178/2178/2223
f 2060/2060/2218 2062/2062/2209 2178/2178/2223
f 2165/2165/2201 2163/2163/2199 2178/2178/2223
f 2171/2171/2208 2165/2165/2201 2178/2178/2223
f 2062/2062/2209 2171/2171/2208 2178/2178/2223
f 2169/2169/2205 2179/2179/2224 2170/2170/2206
f 2179/2179/2224 2180/2180/2225 2170/2170/2206
f 2180/2180/2225 2179/2179/2224 2181/2181/2226
f 2182/2182/2227 2180/2180/2225 2181/2181/2226
f 2182/2182/2227 2181/2181/2226 2183/2183/2228
f 2181/2181/2226 2184/2184/2229 2183/2183/2228
f 2184/2184/2229 2181/2181/2226 2185/2185/2230
f 2181/2181/2226 2179/2179/2224 2185/2185/2230
f 2186/2186/2231 2184/2184/2229 2185/2185/2230
f 2185/2185/2230 2187/2187/2232 2186/2186/2231
f 2187/2187/2232 2185/2185/2230 2188/2188/2233
f 2179/2179/2224 2188/2188/2233 2185/2185/2230
f 2188/2188/2233 2179/2179/2224 2169/2169/2205
f 2189/2189/2234 2187/2187/2232 2188/2188/2233
f 2187/2187/2232 2190/2190/2235 2186/2186/2231
f 2187/2187/2232 2054/2054/2236 2190/2190/2235
f 2054/2054/2236 2187/2187/2232 2189/2189/2234
f 2054/2054/2236 2189/2189/2234 2059/2059/2237
f 2189/2189/2234 2188/2188/2233 2168/2168/2204
f 2059/2059/2237 2189/2189/2234 2168/2168/2204
f 2168/2168/2204 2188/2188/2233 2169/2169/2205
f 2184/2184/2229 2186/2186/2231 2191/2191/2238
f 2191/2191/2238 2186/2186/2231 2190/2190/2235
f 2192/2192/2239 2184/2184/2229 2191/2191/2238
f 2183/2183/2228 2184/2184/2229 2192/2192/2239
f 2191/2191/2238 2193/2193/2240 2192/2192/2239
f 2193/2193/2240 2194/2194/2241 2192/2192/2239
f 2193/2193/2240 2195/2195/2242 2194/2194/2241
f 2195/2195/2242 2196/2196/2243 2194/2194/2241
f 2197/2197/2244 2195/2195/2242 2193/2193/2240
f 2198/2198/2245 2197/2197/2244 2193/2193/2240
f 2198/2198/2245 2193/2193/2240 2191/2191/2238
f 2198/2198/2245 2064/2064/2246 2197/2197/2244
f 2064/2064/2246 2198/2198/2245 2063/2063/2247
f 2063/2063/2247 2198/2198/2245 2191/2191/2238
f 2196/2196/2243 2195/2195/2242 2199/2199/2248
f 2200/2200/2249 2196/2196/2243 2199/2199/2248
f 2201/2201/2250 2196/2196/2243 2200/2200/2249
f 2194/2194/2241 2196/2196/2243 2201/2201/2250
f 2202/2202/2251 2201/2201/2250 2200/2200/2249
f 2192/2192/2239 2194/2194/2241 2203/2203/2252
f 2203/2203/2252 2183/2183/2228 2192/2192/2239
f 2194/2194/2241 2204/2204/2253 2203/2203/2252
f 2204/2204/2253 2194/2194/2241 2201/2201/2250
f 2066/2066/2254 2199/2199/2248 2195/2195/2242
f 2197/2197/2244 2066/2066/2254 2195/2195/2242
f 2197/2197/2244 2064/2064/2246 2066/2066/2254
f 2202/2202/2251 2200/2200/2249 2205/2205/2255
f 2200/2200/2249 2206/2206/2256 2205/2205/2255
f 2206/2206/2256 2207/2207/2257 2205/2205/2255
f 2207/2207/2257 2208/2208/2258 2205/2205/2255
f 2069/2069/2259 2207/2207/2257 2206/2206/2256
f 2209/2209/2260 2069/2069/2259 2206/2206/2256
f 2199/2199/2261 2209/2209/2260 2206/2206/2256
f 2200/2200/2249 2199/2199/2261 2206/2206/2256
f 2209/2209/2260 2199/2199/2261 2066/2066/2262
f 2210/2210/2263 2209/2209/2260 2066/2066/2262
f 2067/2067/2264 2210/2210/2263 2066/2066/2262
f 2068/2068/2265 2210/2210/2263 2067/2067/2264
f 2209/2209/2260 2210/2210/2263 2068/2068/2265
f 2069/2069/2259 2209/2209/2260 2068/2068/2265
f 2119/2119/2155 2183/2183/2228 2203/2203/2252
f 2182/2182/2227 2183/2183/2228 2119/2119/2155
f 2122/2122/2158 2182/2182/2227 2119/2119/2155
f 2122/2122/2158 2124/2124/2160 2182/2182/2227
f 2124/2124/2160 2180/2180/2225 2182/2182/2227
f 2180/2180/2225 2124/2124/2160 2170/2170/2206
f 2124/2124/2160 2126/2126/2162 2170/2170/2206
f 2126/2126/2162 2127/2127/2163 2170/2170/2206
f 2127/2127/2163 2167/2167/2203 2170/2170/2206
f 2127/2127/2163 2145/2145/2181 2167/2167/2203
f 2118/2118/2154 2119/2119/2155 2203/2203/2252
f 2115/2115/2151 2118/2118/2154 2203/2203/2252
f 2204/2204/2253 2115/2115/2151 2203/2203/2252
f 2115/2115/2151 2204/2204/2253 2113/2113/2149
f 2204/2204/2253 2201/2201/2250 2113/2113/2149
f 2113/2113/2149 2201/2201/2250 2202/2202/2251
f 2111/2111/2147 2113/2113/2149 2202/2202/2251
f 2111/2111/2147 2202/2202/2251 2109/2109/2145
f 2202/2202/2251 2205/2205/2255 2109/2109/2145
f 2110/2110/2146 2109/2109/2145 2205/2205/2255
f 2208/2208/2258 2110/2110/2146 2205/2205/2255
f 2063/2063/2266 2191/2191/2238 2190/2190/2235
f 2054/2054/2236 2063/2063/2266 2190/2190/2235
f 2211/2211/2267 2212/2212/2268 2213/2213/2269
f 2214/2214/2270 2211/2211/2267 2213/2213/2269
f 2214/2214/2270 2213/2213/2269 2215/2215/2271
f 2216/2216/2272 2214/2214/2270 2215/2215/2271
f 2211/2211/2267 2217/2217/2273 2212/2212/2268
f 2217/2217/2273 2218/2218/2274 2212/2212/2268
f 2217/2217/2273 2219/2219/2275 2218/2218/2274
f 2219/2219/2275 2220/2220/2276 2218/2218/2274
f 2221/2221/2277 2220/2220/2276 2219/2219/2275
f 2222/2222/2278 2221/2221/2277 2219/2219/2275
f 2216/2216/2272 2215/2215/2271 2223/2223/2279
f 2224/2224/2280 2216/2216/2272 2223/2223/2279
f 2225/2225/2281 2224/2224/2280 2223/2223/2279
f 2226/2226/2282 2221/2221/2277 2222/2222/2278
f 2221/2221/2277 2226/2226/2282 2227/2227/2283
f 2221/2221/2277 2227/2227/2283 2220/2220/2276
f 2228/2228/2284 2226/2226/2282 2222/2222/2278
f 2227/2227/2283 2229/2229/2285 2220/2220/2276
f 2220/2220/2276 2229/2229/2285 2218/2218/2274
f 2227/2227/2283 2230/2230/2286 2229/2229/2285
f 2230/2230/2286 2231/2231/2287 2229/2229/2285
f 2229/2229/2285 2231/2231/2287 2232/2232/2288
f 2229/2229/2285 2232/2232/2288 2218/2218/2274
f 2218/2218/2274 2232/2232/2288 2212/2212/2268
f 2231/2231/2287 2233/2233/2289 2232/2232/2288
f 2232/2232/2288 2233/2233/2289 2234/2234/2290
f 2232/2232/2288 2234/2234/2290 2212/2212/2268
f 2212/2212/2268 2234/2234/2290 2213/2213/2269
f 2233/2233/2289 2235/2235/2291 2234/2234/2290
f 2234/2234/2290 2235/2235/2291 2236/2236/2292
f 2234/2234/2290 2236/2236/2292 2213/2213/2269
f 2213/2213/2269 2236/2236/2292 2215/2215/2271
f 2235/2235/2291 2237/2237/2293 2236/2236/2292
f 2236/2236/2292 2237/2237/2293 2238/2238/2294
f 2236/2236/2292 2238/2238/2294 2215/2215/2271
f 2223/2223/2279 2215/2215/2271 2238/2238/2294
f 2237/2237/2293 2239/2239/2295 2238/2238/2294
f 2240/2240/2296 2237/2237/2293 2235/2235/2291
f 2241/2241/2297 2240/2240/2296 2235/2235/2291
f 2241/2241/2297 2235/2235/2291 2233/2233/2289
f 2242/2242/2298 2240/2240/2296 2241/2241/2297
f 2243/2243/2299 2242/2242/2298 2241/2241/2297
f 2242/2242/2298 2244/2244/2300 2240/2240/2296
f 2244/2244/2300 2245/2245/2301 2240/2240/2296
f 2245/2245/2301 2239/2239/2295 2237/2237/2293
f 2240/2240/2296 2245/2245/2301 2237/2237/2293
f 2243/2243/2299 2246/2246/2302 2242/2242/2298
f 2243/2243/2299 2247/2247/2303 2246/2246/2302
f 2247/2247/2303 2248/2248/2304 2246/2246/2302
f 2246/2246/2302 2249/2249/2305 2242/2242/2298
f 2242/2242/2298 2249/2249/2305 2244/2244/2300
f 2249/2249/2305 2250/2250/2306 2244/2244/2300
f 2246/2246/2302 2251/2251/2307 2249/2249/2305
f 2246/2246/2302 2248/2248/2308 2251/2251/2307
f 2248/2248/2308 2252/2252/2309 2251/2251/2307
f 2251/2251/2307 2252/2252/2309 2253/2253/2310
f 2254/2254/2311 2251/2251/2307 2253/2253/2310
f 2251/2251/2307 2254/2254/2311 2255/2255/2312
f 2251/2251/2307 2255/2255/2312 2249/2249/2305
f 2249/2249/2305 2255/2255/2312 2250/2250/2306
f 2254/2254/2311 2256/2256/2313 2255/2255/2312
f 2256/2256/2313 2254/2254/2311 2257/2257/2314
f 2253/2253/2310 2252/2252/2309 2258/2258/2315
f 2252/2252/2309 2248/2248/2308 2258/2258/2315
f 2258/2258/2315 2248/2248/2308 2259/2259/2316
f 2260/2260/2317 2253/2253/2310 2258/2258/2315
f 2254/2254/2311 2253/2253/2310 2260/2260/2317
f 2257/2257/2314 2254/2254/2311 2260/2260/2317
f 2255/2255/2312 2256/2256/2313 2261/2261/2318
f 2255/2255/2312 2261/2261/2318 2250/2250/2306
f 2256/2256/2313 2262/2262/2319 2261/2261/2318
f 2243/2243/2299 2241/2241/2297 2263/2263/2320
f 2247/2247/2303 2243/2243/2299 2263/2263/2320
f 2263/2263/2320 2241/2241/2297 2233/2233/2289
f 2263/2263/2320 2264/2264/2321 2247/2247/2303
f 2264/2264/2321 2265/2265/2322 2247/2247/2303
f 2264/2264/2321 2266/2266/2323 2265/2265/2322
f 2265/2265/2322 2266/2266/2323 2267/2267/2324
f 2247/2247/2303 2265/2265/2322 2267/2267/2324
f 2248/2248/2304 2247/2247/2303 2267/2267/2324
f 2268/2268/2325 2267/2267/2324 2266/2266/2323
f 2248/2248/2304 2267/2267/2324 2268/2268/2325
f 2264/2264/2321 2269/2269/2326 2266/2266/2323
f 2259/2259/2327 2248/2248/2304 2268/2268/2325
f 2261/2261/2318 2270/2270/2328 2250/2250/2306
f 2270/2270/2328 2271/2271/2329 2250/2250/2306
f 2271/2271/2329 2270/2270/2328 2225/2225/2281
f 2270/2270/2328 2272/2272/2330 2225/2225/2281
f 2272/2272/2330 2270/2270/2328 2261/2261/2318
f 2262/2262/2319 2272/2272/2330 2261/2261/2318
f 2273/2273/2331 2271/2271/2329 2225/2225/2281
f 2225/2225/2281 2274/2274/2332 2273/2273/2331
f 2225/2225/2281 2275/2275/2333 2274/2274/2332
f 2276/2276/2334 2275/2275/2333 2225/2225/2281
f 2275/2275/2333 2276/2276/2334 2238/2238/2294
f 2239/2239/2295 2275/2275/2333 2238/2238/2294
f 2274/2274/2332 2275/2275/2333 2239/2239/2295
f 2245/2245/2301 2274/2274/2332 2239/2239/2295
f 2273/2273/2331 2274/2274/2332 2245/2245/2301
f 2244/2244/2300 2273/2273/2331 2245/2245/2301
f 2271/2271/2329 2273/2273/2331 2244/2244/2300
f 2250/2250/2306 2271/2271/2329 2244/2244/2300
f 2262/2262/2319 2277/2277/2335 2272/2272/2330
f 2278/2278/2336 2277/2277/2335 2262/2262/2319
f 2277/2277/2335 2278/2278/2336 2279/2279/2337
f 2280/2280/2338 2277/2277/2335 2279/2279/2337
f 2279/2279/2337 2281/2281/2339 2280/2280/2338
f 2281/2281/2339 2282/2282/2340 2280/2280/2338
f 2283/2283/2341 2277/2277/2335 2280/2280/2338
f 2277/2277/2335 2283/2283/2341 2272/2272/2330
f 2225/2225/2281 2272/2272/2330 2283/2283/2341
f 2225/2225/2281 2283/2283/2341 2284/2284/2342
f 2284/2284/2342 2283/2283/2341 2280/2280/2338
f 2279/2279/2337 2278/2278/2336 2285/2285/2343
f 2278/2278/2336 2286/2286/2344 2285/2285/2343
f 2285/2285/2343 2286/2286/2344 2287/2287/2345
f 2288/2288/2346 2285/2285/2343 2287/2287/2345
f 2279/2279/2337 2285/2285/2343 2288/2288/2346
f 2281/2281/2339 2279/2279/2337 2288/2288/2346
f 2289/2289/2347 2288/2288/2346 2287/2287/2345
f 2281/2281/2339 2288/2288/2346 2289/2289/2347
f 2256/2256/2313 2278/2278/2336 2262/2262/2319
f 2286/2286/2344 2278/2278/2336 2256/2256/2313
f 2287/2287/2345 2286/2286/2344 2290/2290/2348
f 2290/2290/2348 2286/2286/2344 2256/2256/2313
f 2290/2290/2348 2257/2257/2349 2287/2287/2345
f 2256/2256/2313 2257/2257/2349 2290/2290/2348
f 2282/2282/2340 2281/2281/2339 2291/2291/2350
f 2291/2291/2350 2281/2281/2339 2289/2289/2347
f 2292/2292/2351 2282/2282/2340 2291/2291/2350
f 2293/2293/2352 2284/2284/2342 2280/2280/2338
f 2293/2293/2352 2280/2280/2338 2282/2282/2340
f 2223/2223/2279 2276/2276/2334 2225/2225/2281
f 2276/2276/2334 2223/2223/2279 2238/2238/2294
f 2294/2294/2353 2225/2225/2281 2295/2295/2354
f 2296/2296/2355 2225/2225/2281 2294/2294/2353
f 2297/2297/2356 2225/2225/2281 2296/2296/2355
f 2225/2225/2281 2297/2297/2356 2298/2298/2357
f 2225/2225/2281 2298/2298/2357 2299/2299/2358
f 2300/2300/2359 2225/2225/2281 2299/2299/2358
f 2301/2301/2360 2300/2300/2359 2299/2299/2358
f 2302/2302/2361 2301/2301/2360 2299/2299/2358
f 2302/2302/2361 2299/2299/2358 2298/2298/2357
f 2301/2301/2360 2302/2302/2361 2303/2303/2362
f 2304/2304/2363 2301/2301/2360 2303/2303/2362
f 2304/2304/2363 2303/2303/2362 2305/2305/2364
f 2306/2306/2365 2304/2304/2363 2305/2305/2364
f 2305/2305/2364 2303/2303/2362 2307/2307/2366
f 2308/2308/2367 2305/2305/2364 2307/2307/2366
f 2308/2308/2367 2307/2307/2366 2309/2309/2368
f 2310/2310/2369 2308/2308/2367 2309/2309/2368
f 2309/2309/2368 2307/2307/2366 2311/2311/2370
f 2311/2311/2370 2297/2297/2356 2296/2296/2355
f 2307/2307/2366 2312/2312/2371 2311/2311/2370
f 2303/2303/2362 2302/2302/2361 2312/2312/2371
f 2307/2307/2366 2303/2303/2362 2312/2312/2371
f 2312/2312/2371 2302/2302/2361 2298/2298/2357
f 2312/2312/2371 2298/2298/2357 2297/2297/2356
f 2311/2311/2370 2312/2312/2371 2297/2297/2356
f 2310/2310/2369 2309/2309/2368 2313/2313/2372
f 2310/2310/2369 2313/2313/2372 2314/2314/2373
f 2313/2313/2372 2315/2315/2374 2314/2314/2373
f 2309/2309/2368 2316/2316/2375 2313/2313/2372
f 2309/2309/2368 2311/2311/2370 2316/2316/2375
f 2311/2311/2370 2317/2317/2376 2316/2316/2375
f 2317/2317/2376 2311/2311/2370 2296/2296/2355
f 2317/2317/2376 2296/2296/2355 2294/2294/2353
f 2313/2313/2372 2316/2316/2375 2318/2318/2377
f 2313/2313/2372 2318/2318/2377 2315/2315/2378
f 2318/2318/2377 2319/2319/2379 2315/2315/2378
f 2320/2320/2380 2319/2319/2379 2318/2318/2377
f 2321/2321/2381 2320/2320/2380 2318/2318/2377
f 2318/2318/2377 2322/2322/2382 2321/2321/2381
f 2316/2316/2375 2322/2322/2382 2318/2318/2377
f 2316/2316/2375 2317/2317/2376 2322/2322/2382
f 2322/2322/2382 2323/2323/2383 2321/2321/2381
f 2323/2323/2383 2324/2324/2384 2321/2321/2381
f 2320/2320/2380 2325/2325/2385 2319/2319/2379
f 2319/2319/2379 2325/2325/2385 2315/2315/2378
f 2325/2325/2385 2326/2326/2386 2315/2315/2378
f 2327/2327/2387 2325/2325/2385 2320/2320/2380
f 2327/2327/2387 2320/2320/2380 2321/2321/2381
f 2324/2324/2384 2327/2327/2387 2321/2321/2381
f 2322/2322/2382 2328/2328/2388 2323/2323/2383
f 2317/2317/2376 2328/2328/2388 2322/2322/2382
f 2328/2328/2388 2317/2317/2376 2294/2294/2353
f 2328/2328/2388 2329/2329/2389 2323/2323/2383
f 2314/2314/2373 2330/2330/2390 2310/2310/2369
f 2330/2330/2390 2308/2308/2367 2310/2310/2369
f 2330/2330/2390 2331/2331/2391 2308/2308/2367
f 2331/2331/2391 2305/2305/2364 2308/2308/2367
f 2306/2306/2365 2305/2305/2364 2331/2331/2391
f 2332/2332/2392 2306/2306/2365 2331/2331/2391
f 2332/2332/2392 2331/2331/2391 2333/2333/2393
f 2333/2333/2393 2331/2331/2391 2330/2330/2390
f 2334/2334/2394 2332/2332/2392 2333/2333/2393
f 2334/2334/2394 2333/2333/2393 2335/2335/2395
f 2336/2336/2396 2334/2334/2394 2335/2335/2395
f 2330/2330/2390 2314/2314/2373 2337/2337/2397
f 2314/2314/2373 2338/2338/2398 2337/2337/2397
f 2337/2337/2397 2338/2338/2398 2339/2339/2399
f 2338/2338/2398 2340/2340/2400 2339/2339/2399
f 2340/2340/2400 2338/2338/2398 2314/2314/2373
f 2341/2341/2401 2339/2339/2399 2340/2340/2400
f 2337/2337/2397 2339/2339/2399 2342/2342/2402
f 2341/2341/2401 2340/2340/2400 2315/2315/2374
f 2315/2315/2374 2340/2340/2400 2314/2314/2373
f 2326/2326/2403 2341/2341/2401 2315/2315/2374
f 2328/2328/2388 2294/2294/2353 2295/2295/2354
f 2329/2329/2389 2328/2328/2388 2295/2295/2354
f 2323/2323/2383 2329/2329/2389 2343/2343/2404
f 2329/2329/2389 2344/2344/2405 2343/2343/2404
f 2329/2329/2389 2295/2295/2354 2344/2344/2405
f 2345/2345/2406 2343/2343/2404 2344/2344/2405
f 2346/2346/2407 2345/2345/2406 2344/2344/2405
f 2345/2345/2406 2346/2346/2407 2347/2347/2408
f 2346/2346/2407 2348/2348/2409 2347/2347/2408
f 2346/2346/2407 2344/2344/2405 2349/2349/2410
f 2295/2295/2354 2349/2349/2410 2344/2344/2405
f 2350/2350/2411 2346/2346/2407 2349/2349/2410
f 2225/2225/2281 2350/2350/2411 2349/2349/2410
f 2225/2225/2281 2349/2349/2410 2295/2295/2354
f 2345/2345/2406 2351/2351/2412 2343/2343/2404
f 2351/2351/2412 2352/2352/2413 2343/2343/2404
f 2323/2323/2383 2343/2343/2404 2352/2352/2413
f 2351/2351/2412 2353/2353/2414 2352/2352/2413
f 2354/2354/2415 2353/2353/2414 2351/2351/2412
f 2354/2354/2415 2351/2351/2412 2345/2345/2406
f 2347/2347/2408 2354/2354/2415 2345/2345/2406
f 2355/2355/2416 2353/2353/2414 2354/2354/2415
f 2355/2355/2416 2354/2354/2415 2347/2347/2408
f 2353/2353/2414 2356/2356/2417 2352/2352/2413
f 2356/2356/2417 2323/2323/2383 2352/2352/2413
f 2356/2356/2417 2353/2353/2414 2324/2324/2418
f 2323/2323/2383 2356/2356/2417 2324/2324/2418
f 2357/2357/2419 2347/2347/2408 2348/2348/2409
f 2357/2357/2419 2355/2355/2416 2347/2347/2408
f 2358/2358/2420 2357/2357/2419 2348/2348/2409
f 2359/2359/2421 2346/2346/2407 2350/2350/2411
f 2359/2359/2421 2348/2348/2409 2346/2346/2407
f 2225/2225/2281 2360/2360/2422 2224/2224/2280
f 2224/2224/2280 2360/2360/2422 2216/2216/2272
f 2360/2360/2422 2361/2361/2423 2216/2216/2272
f 2216/2216/2272 2361/2361/2423 2214/2214/2270
f 2361/2361/2423 2362/2362/2424 2214/2214/2270
f 2214/2214/2270 2362/2362/2424 2211/2211/2267
f 2362/2362/2424 2363/2363/2425 2211/2211/2267
f 2211/2211/2267 2363/2363/2425 2217/2217/2273
f 2363/2363/2425 2364/2364/2426 2217/2217/2273
f 2217/2217/2273 2364/2364/2426 2219/2219/2275
f 2364/2364/2426 2365/2365/2427 2219/2219/2275
f 2219/2219/2275 2365/2365/2427 2366/2366/2428
f 2222/2222/2278 2219/2219/2275 2366/2366/2428
f 2367/2367/2429 2222/2222/2278 2366/2366/2428
f 2366/2366/2428 2336/2336/2396 2367/2367/2429
f 2366/2366/2428 2365/2365/2427 2336/2336/2396
f 2228/2228/2284 2222/2222/2278 2367/2367/2429
f 2365/2365/2427 2334/2334/2394 2336/2336/2396
f 2365/2365/2427 2364/2364/2426 2334/2334/2394
f 2364/2364/2426 2332/2332/2392 2334/2334/2394
f 2364/2364/2426 2363/2363/2425 2332/2332/2392
f 2363/2363/2425 2306/2306/2365 2332/2332/2392
f 2363/2363/2425 2362/2362/2424 2306/2306/2365
f 2362/2362/2424 2304/2304/2363 2306/2306/2365
f 2362/2362/2424 2361/2361/2423 2304/2304/2363
f 2361/2361/2423 2301/2301/2360 2304/2304/2363
f 2301/2301/2360 2361/2361/2423 2360/2360/2422
f 2300/2300/2359 2301/2301/2360 2360/2360/2422
f 2360/2360/2422 2225/2225/2281 2300/2300/2359
f 2269/2269/2430 2268/2268/2431 2266/2266/2432
f 2269/2269/2430 2259/2259/2433 2268/2268/2431
f 2368/2368/2434 2259/2259/2433 2269/2269/2430
f 2369/2369/2435 2259/2259/2433 2368/2368/2434
f 2370/2370/2436 2369/2369/2435 2368/2368/2434
f 2370/2370/2436 2371/2371/2437 2369/2369/2435
f 2371/2371/2437 2291/2291/2438 2369/2369/2435
f 2291/2291/2438 2257/2257/2439 2369/2369/2435
f 2369/2369/2435 2257/2257/2439 2259/2259/2433
f 2257/2257/2439 2260/2260/2440 2259/2259/2433
f 2259/2259/2433 2260/2260/2440 2258/2258/2441
f 2372/2372/2442 2370/2370/2436 2368/2368/2434
f 2291/2291/2438 2289/2289/2443 2257/2257/2439
f 2289/2289/2443 2287/2287/2444 2257/2257/2439
f 2368/2368/2434 2269/2269/2430 2373/2373/2445
f 2269/2269/2430 2230/2230/2446 2373/2373/2445
f 2374/2374/2447 2368/2368/2434 2373/2373/2445
f 2373/2373/2445 2230/2230/2446 2375/2375/2448
f 2374/2374/2447 2373/2373/2445 2375/2375/2448
f 2230/2230/2446 2227/2227/2449 2375/2375/2448
f 2375/2375/2448 2227/2227/2449 2226/2226/2450
f 2226/2226/2450 2228/2228/2451 2375/2375/2448
f 2228/2228/2451 2374/2374/2447 2375/2375/2448
f 2228/2228/2451 2376/2376/2452 2374/2374/2447
f 2367/2367/2453 2376/2376/2452 2228/2228/2451
f 2376/2376/2452 2367/2367/2453 2336/2336/2454
f 2376/2376/2452 2336/2336/2454 2335/2335/2455
f 2377/2377/2456 2376/2376/2452 2335/2335/2455
f 2376/2376/2452 2377/2377/2456 2374/2374/2447
f 2377/2377/2456 2335/2335/2455 2342/2342/2457
f 2378/2378/2458 2377/2377/2456 2342/2342/2457
f 2374/2374/2447 2377/2377/2456 2378/2378/2458
f 2378/2378/2458 2342/2342/2457 2326/2326/2459
f 2342/2342/2457 2341/2341/2460 2326/2326/2459
f 2342/2342/2457 2339/2339/2461 2341/2341/2460
f 2379/2379/2462 2378/2378/2458 2326/2326/2459
f 2378/2378/2458 2379/2379/2462 2380/2380/2463
f 2380/2380/2463 2379/2379/2462 2381/2381/2464
f 2379/2379/2462 2357/2357/2465 2381/2381/2464
f 2357/2357/2465 2379/2379/2462 2324/2324/2466
f 2379/2379/2462 2326/2326/2459 2324/2324/2466
f 2324/2324/2466 2326/2326/2459 2327/2327/2467
f 2326/2326/2459 2325/2325/2468 2327/2327/2467
f 2382/2382/2469 2378/2378/2458 2380/2380/2463
f 2357/2357/2465 2324/2324/2466 2355/2355/2470
f 2355/2355/2470 2324/2324/2466 2353/2353/2471
f 2263/2263/2320 2233/2233/2289 2231/2231/2287
f 2264/2264/2472 2263/2263/2320 2231/2231/2287
f 2269/2269/2473 2264/2264/2472 2231/2231/2287
f 2230/2230/2286 2269/2269/2473 2231/2231/2287
f 2087/2087/2123 2112/2112/2148 2088/2088/2124
f 2114/2114/2150 2112/2112/2148 2087/2087/2123
f 2086/2086/2122 2114/2114/2150 2087/2087/2123
f 2116/2116/2152 2114/2114/2150 2086/2086/2122
f 2092/2092/2128 2116/2116/2152 2086/2086/2122
f 2137/2137/2173 2105/2105/2141 2106/2106/2142
f 2139/2139/2175 2137/2137/2173 2106/2106/2142
f 2105/2105/2141 2137/2137/2173 2135/2135/2171
f 2104/2104/2140 2105/2105/2141 2135/2135/2171
f 2104/2104/2140 2135/2135/2171 2133/2133/2169
f 2103/2103/2139 2104/2104/2140 2133/2133/2169
f 2102/2102/2138 2103/2103/2139 2133/2133/2169
f 2131/2131/2167 2102/2102/2138 2133/2133/2169
f 2102/2102/2138 2131/2131/2167 2101/2101/2137
f 2131/2131/2167 2129/2129/2165 2101/2101/2137
f 2101/2101/2137 2129/2129/2165 2132/2132/2168
f 2100/2100/2136 2101/2101/2137 2132/2132/2168
f 2099/2099/2135 2100/2100/2136 2132/2132/2168
f 2146/2146/2182 2099/2099/2135 2132/2132/2168
f 2383/2383/2474 2099/2099/2135 2146/2146/2182
f 2383/2383/2474 2384/2384/2475 2099/2099/2135
f 2384/2384/2475 2098/2098/2134 2099/2099/2135
f 2098/2098/2134 2384/2384/2475 2097/2097/2133
f 2384/2384/2475 2385/2385/2476 2097/2097/2133
f 2097/2097/2133 2385/2385/2476 2096/2096/2132
f 2385/2385/2476 2386/2386/2477 2096/2096/2132
f 2096/2096/2132 2386/2386/2477 2387/2387/2478
f 2094/2094/2130 2096/2096/2132 2387/2387/2478
f 2388/2388/2479 2383/2383/2474 2146/2146/2182
f 2388/2388/2479 2146/2146/2182 2389/2389/2480
f 2146/2146/2182 2123/2123/2159 2389/2389/2480
f 2388/2388/2479 2389/2389/2480 2390/2390/2481
f 2384/2384/2475 2390/2390/2481 2385/2385/2476
f 2390/2390/2481 2384/2384/2475 2383/2383/2474
f 2388/2388/2479 2390/2390/2481 2383/2383/2474
f 2389/2389/2480 2391/2391/2482 2390/2390/2481
f 2390/2390/2481 2391/2391/2482 2392/2392/2483
f 2385/2385/2476 2392/2392/2483 2386/2386/2477
f 2390/2390/2481 2392/2392/2483 2385/2385/2476
f 2391/2391/2482 2393/2393/2484 2392/2392/2483
f 2392/2392/2483 2393/2393/2484 2394/2394/2485
f 2392/2392/2483 2394/2394/2485 2386/2386/2477
f 2393/2393/2484 2395/2395/2486 2394/2394/2485
f 2394/2394/2485 2395/2395/2486 2396/2396/2487
f 2386/2386/2477 2394/2394/2485 2396/2396/2487
f 2387/2387/2478 2386/2386/2477 2396/2396/2487
f 2395/2395/2486 2397/2397/2488 2396/2396/2487
f 2396/2396/2487 2397/2397/2488 2095/2095/2131
f 2095/2095/2131 2094/2094/2130 2387/2387/2478
f 2396/2396/2487 2095/2095/2131 2387/2387/2478
f 2397/2397/2488 2117/2117/2153 2095/2095/2131
f 2389/2389/2480 2398/2398/2489 2391/2391/2482
f 2398/2398/2489 2399/2399/2490 2391/2391/2482
f 2391/2391/2482 2399/2399/2490 2393/2393/2484
f 2398/2398/2489 2400/2400/2491 2399/2399/2490
f 2401/2401/2492 2400/2400/2491 2398/2398/2489
f 2401/2401/2492 2398/2398/2489 2389/2389/2480
f 2123/2123/2159 2401/2401/2492 2389/2389/2480
f 2399/2399/2490 2400/2400/2491 2402/2402/2493
f 2393/2393/2484 2402/2402/2493 2395/2395/2486
f 2399/2399/2490 2402/2402/2493 2393/2393/2484
f 2397/2397/2488 2403/2403/2494 2117/2117/2153
f 2403/2403/2494 2404/2404/2495 2117/2117/2153
f 2403/2403/2494 2405/2405/2496 2404/2404/2495
f 2402/2402/2493 2405/2405/2496 2406/2406/2497
f 2406/2406/2497 2405/2405/2496 2403/2403/2494
f 2406/2406/2497 2403/2403/2494 2397/2397/2488
f 2395/2395/2486 2406/2406/2497 2397/2397/2488
f 2402/2402/2493 2406/2406/2497 2395/2395/2486
f 2405/2405/2498 2402/2402/2499 2120/2120/2500
f 2120/2120/2500 2402/2402/2499 2121/2121/2501
f 2402/2402/2499 2400/2400/2502 2121/2121/2501
f 2400/2400/2502 2401/2401/2503 2121/2121/2501
f 2405/2405/2498 2120/2120/2500 2404/2404/2504
f 2117/2117/2505 2404/2404/2504 2120/2120/2500
f 2121/2121/2501 2401/2401/2503 2123/2123/2506
f 2407/2407/2507 2408/2408/2508 2409/2409/2509
f 2408/2408/2508 2407/2407/2507 2410/2410/2510
f 2407/2407/2507 2411/2411/2511 2410/2410/2510
f 2411/2411/2511 2407/2407/2507 2412/2412/2512
f 2412/2412/2512 2407/2407/2507 2413/2413/2513
f 2412/2412/2512 2413/2413/2513 2414/2414/2514
f 2413/2413/2513 2415/2415/2515 2414/2414/2514
f 2407/2407/2507 2415/2415/2515 2413/2413/2513
f 2407/2407/2507 2416/2416/2516 2415/2415/2515
f 2407/2407/2507 2417/2417/2517 2416/2416/2516
f 2407/2407/2507 2418/2418/2518 2417/2417/2517
f 2415/2415/2515 2419/2419/2519 2414/2414/2514
f 2420/2420/2520 2419/2419/2519 2415/2415/2515
f 2421/2421/2521 2420/2420/2520 2415/2415/2515
f 2419/2419/2519 2420/2420/2520 2422/2422/2522
f 2411/2411/2511 2412/2412/2512 2423/2423/2523
f 2412/2412/2512 2414/2414/2514 2423/2423/2523
f 2423/2423/2523 2424/2424/2524 2411/2411/2511
f 2420/2420/2520 2421/2421/2521 2425/2425/2525
f 2426/2426/2526 2410/2410/2510 2411/2411/2511
f 2424/2424/2524 2426/2426/2526 2411/2411/2511
f 2427/2427/2527 2410/2410/2510 2426/2426/2526
f 2427/2427/2527 2428/2428/2528 2410/2410/2510
f 2429/2429/2529 2410/2410/2510 2428/2428/2528
f 1996/1996/2530 1994/1994/2531 2430/2430/2532
f 2430/2430/2532 1994/1994/2531 2431/2431/2533
f 1994/1994/2531 1992/1992/2534 2431/2431/2533
f 2430/2430/2532 2431/2431/2533 2432/2432/2535
f 1997/1997/2536 2430/2430/2532 2432/2432/2535
f 1996/1996/2530 2430/2430/2532 1997/1997/2536
f 1992/1992/2537 2020/2020/2538 2433/2433/2539
f 2020/2020/2538 2434/2434/2540 2433/2433/2539
f 2433/2433/2539 2434/2434/2540 2435/2435/2541
f 2434/2434/2540 2436/2436/2542 2435/2435/2541
f 2437/2437/2543 2436/2436/2542 2434/2434/2540
f 2437/2437/2543 2438/2438/2544 2436/2436/2542
f 2436/2436/2542 2438/2438/2544 2439/2439/2545
f 2435/2435/2541 2436/2436/2542 2439/2439/2545
f 2439/2439/2545 2438/2438/2544 2018/2018/2546
f 2438/2438/2544 2019/2019/2547 2018/2018/2546
f 1851/1851/2548 2039/2039/2549 2038/2038/2550
f 2041/2041/2551 2039/2039/2549 1851/1851/2548
f 1851/1851/2548 2038/2038/2550 2035/2035/2552
f 1849/1849/2553 1851/1851/2548 2035/2035/2552
f 1851/1851/2548 2032/2032/2554 2041/2041/2551
f 2032/2032/2554 2036/2036/2555 2041/2041/2551
f 2437/2437/2556 2440/2440/2557 2441/2441/2558
f 2442/2442/2559 2437/2437/2556 2441/2441/2558
f 2438/2438/2560 2437/2437/2556 2442/2442/2559
f 2437/2437/2556 2434/2434/2561 2440/2440/2557
f 2438/2438/2560 2442/2442/2559 2019/2019/2034
f 2442/2442/2559 2013/2013/2027 2019/2019/2034
f 2442/2442/2559 2441/2441/2558 2013/2013/2027
f 2441/2441/2558 2005/2005/2019 2013/2013/2027
f 2006/2006/2020 2005/2005/2019 2441/2441/2558
f 2440/2440/2557 2006/2006/2020 2441/2441/2558
f 2020/2020/2035 2006/2006/2020 2440/2440/2557
f 2434/2434/2561 2020/2020/2035 2440/2440/2557
f 2443/2443/2562 2444/2444/2563 2445/2445/2564
f 2444/2444/2563 2443/2443/2562 2446/2446/2565
f 2443/2443/2562 2447/2447/2566 2446/2446/2565
f 2448/2448/2567 2447/2447/2566 2443/2443/2562
f 2449/2449/2568 2448/2448/2567 2443/2443/2562
f 2445/2445/2564 2449/2449/2568 2443/2443/2562
f 2445/2445/2564 2450/2450/2569 2449/2449/2568
f 2448/2448/2567 2449/2449/2568 2450/2450/2569
f 2451/2451/2570 2448/2448/2567 2450/2450/2569
f 2444/2444/2563 2446/2446/2565 2452/2452/2571
f 2453/2453/2572 2444/2444/2563 2452/2452/2571
f 2445/2445/2564 2444/2444/2563 2453/2453/2572
f 2454/2454/2573 2445/2445/2564 2453/2453/2572
f 2454/2454/2573 2453/2453/2572 2452/2452/2571
f 2455/2455/2574 2454/2454/2573 2452/2452/2571
f 2445/2445/2564 2454/2454/2573 2456/2456/2575
f 2445/2445/2564 2456/2456/2575 2457/2457/2576
f 2445/2445/2564 2457/2457/2576 2458/2458/2577
f 2445/2445/2564 2458/2458/2577 2459/2459/2578
f 2460/2460/2579 2445/2445/2564 2459/2459/2578
f 2445/2445/2564 2460/2460/2579 2461/2461/2580
f 2445/2445/2564 2461/2461/2580 2462/2462/2581
f 2463/2463/2582 2445/2445/2564 2462/2462/2581
f 2445/2445/2564 2463/2463/2582 2464/2464/2583
f 2445/2445/2564 2464/2464/2583 2465/2465/2584
f 2466/2466/2585 2445/2445/2564 2465/2465/2584
f 2467/2467/2586 2448/2448/2567 2451/2451/2570
f 2468/2468/2587 2467/2467/2586 2451/2451/2570
f 2469/2469/2588 2467/2467/2586 2468/2468/2587
f 2470/2470/2589 2469/2469/2588 2468/2468/2587
f 2467/2467/2586 2469/2469/2588 2471/2471/2590
f 2472/2472/2591 2467/2467/2586 2471/2471/2590
f 2448/2448/2567 2467/2467/2586 2472/2472/2591
f 2472/2472/2591 2471/2471/2590 2473/2473/2592
f 2474/2474/2593 2472/2472/2591 2473/2473/2592
f 2474/2474/2593 2473/2473/2592 2475/2475/2594
f 2476/2476/2595 2474/2474/2593 2475/2475/2594
f 2455/2455/2574 2452/2452/2571 2476/2476/2595
f 2477/2477/2596 2476/2476/2595 2475/2475/2594
f 2477/2477/2596 2455/2455/2574 2476/2476/2595
f 2478/2478/2597 2477/2477/2596 2475/2475/2594
f 2477/2477/2596 2478/2478/2597 2479/2479/2598
f 2480/2480/2599 2477/2477/2596 2479/2479/2598
f 2480/2480/2599 2479/2479/2598 2481/2481/2600
f 2479/2479/2598 2482/2482/2601 2481/2481/2600
f 2483/2483/2602 2481/2481/2600 2482/2482/2601
f 2484/2484/2603 2483/2483/2602 2482/2482/2601
f 2485/2485/2604 2483/2483/2602 2484/2484/2603
f 2486/2486/2605 2485/2485/2604 2484/2484/2603
f 2485/2485/2604 2486/2486/2605 2487/2487/2606
f 2488/2488/2607 2485/2485/2604 2487/2487/2606
f 2485/2485/2604 2488/2488/2607 2489/2489/2608
f 2489/2489/2608 2488/2488/2607 2490/2490/2609
f 2491/2491/2610 2489/2489/2608 2490/2490/2609
f 2492/2492/2611 2485/2485/2604 2489/2489/2608
f 2485/2485/2604 2492/2492/2611 2483/2483/2602
f 2493/2493/2612 2491/2491/2610 2490/2490/2609
f 2494/2494/2613 2493/2493/2612 2490/2490/2609
f 2493/2493/2612 2494/2494/2613 2495/2495/2614
f 2494/2494/2613 2496/2496/2615 2495/2495/2614
f 2495/2495/2614 2496/2496/2615 2497/2497/2616
f 2496/2496/2615 2498/2498/2617 2497/2497/2616
f 2499/2499/2618 2497/2497/2616 2498/2498/2617
f 2500/2500/2619 2499/2499/2618 2498/2498/2617
f 2496/2496/2615 2494/2494/2613 2501/2501/2620
f 2494/2494/2613 2502/2502/2621 2501/2501/2620
f 2496/2496/2615 2501/2501/2620 2503/2503/2622
f 2498/2498/2617 2496/2496/2615 2503/2503/2622
f 2500/2500/2619 2498/2498/2617 2503/2503/2622
f 2504/2504/2623 2500/2500/2619 2503/2503/2622
f 2488/2488/2607 2487/2487/2606 2505/2505/2624
f 2490/2490/2609 2488/2488/2607 2505/2505/2624
f 2494/2494/2613 2490/2490/2609 2505/2505/2624
f 2502/2502/2621 2494/2494/2613 2505/2505/2624
f 2492/2492/2611 2506/2506/2625 2483/2483/2602
f 2507/2507/2626 2500/2500/2619 2504/2504/2623
f 2507/2507/2626 2504/2504/2623 2508/2508/2627
f 2508/2508/2627 2504/2504/2623 2509/2509/2628
f 2504/2504/2623 2503/2503/2622 2510/2510/2629
f 2509/2509/2628 2504/2504/2623 2510/2510/2629
f 2503/2503/2622 2501/2501/2620 2510/2510/2629
f 2509/2509/2628 2510/2510/2629 2511/2511/2630
f 2510/2510/2629 2512/2512/2631 2511/2511/2630
f 2501/2501/2620 2512/2512/2631 2510/2510/2629
f 2512/2512/2631 2513/2513/2632 2511/2511/2630
f 2511/2511/2630 2513/2513/2632 2514/2514/2633
f 2513/2513/2632 2515/2515/2634 2514/2514/2633
f 2514/2514/2633 2515/2515/2634 2516/2516/2635
f 2517/2517/2636 2513/2513/2632 2512/2512/2631
f 2518/2518/2637 2517/2517/2636 2512/2512/2631
f 2518/2518/2637 2512/2512/2631 2501/2501/2620
f 2502/2502/2621 2518/2518/2637 2501/2501/2620
f 2518/2518/2637 2502/2502/2621 2505/2505/2624
f 2519/2519/2638 2509/2509/2628 2511/2511/2630
f 2519/2519/2638 2511/2511/2630 2514/2514/2633
f 2508/2508/2627 2509/2509/2628 2519/2519/2638
f 2520/2520/2639 2515/2515/2634 2513/2513/2632
f 2517/2517/2636 2520/2520/2639 2513/2513/2632
f 2520/2520/2639 2516/2516/2635 2515/2515/2634
f 2521/2521/2640 2519/2519/2638 2514/2514/2633
f 2516/2516/2635 2521/2521/2640 2514/2514/2633
f 2517/2517/2636 2518/2518/2637 2522/2522/2641
f 2517/2517/2636 2522/2522/2641 2523/2523/2642
f 2522/2522/2641 2524/2524/2643 2523/2523/2642
f 2524/2524/2643 2525/2525/2644 2523/2523/2642
f 2524/2524/2643 2522/2522/2641 2526/2526/2645
f 2518/2518/2637 2526/2526/2645 2522/2522/2641
f 2526/2526/2645 2518/2518/2637 2505/2505/2624
f 2527/2527/2646 2524/2524/2643 2526/2526/2645
f 2527/2527/2646 2526/2526/2645 2505/2505/2624
f 2528/2528/2647 2525/2525/2644 2524/2524/2643
f 2529/2529/2648 2528/2528/2647 2524/2524/2643
f 2529/2529/2648 2524/2524/2643 2527/2527/2646
f 2530/2530/2649 2529/2529/2648 2527/2527/2646
f 2528/2528/2647 2419/2419/2650 2525/2525/2644
f 2419/2419/2650 2531/2531/2651 2525/2525/2644
f 2419/2419/2650 2422/2422/2652 2531/2531/2651
f 2532/2532/2653 2517/2517/2636 2523/2523/2642
f 2533/2533/2654 2517/2517/2636 2532/2532/2653
f 2517/2517/2636 2533/2533/2654 2534/2534/2655
f 2520/2520/2656 2517/2517/2636 2534/2534/2655
f 2516/2516/2657 2520/2520/2656 2534/2534/2655
f 2533/2533/2654 2519/2519/2658 2521/2521/2659
f 2534/2534/2655 2533/2533/2654 2521/2521/2659
f 2516/2516/2657 2534/2534/2655 2521/2521/2659
f 2535/2535/2660 2533/2533/2654 2532/2532/2653
f 2519/2519/2658 2533/2533/2654 2535/2535/2660
f 2535/2535/2660 2532/2532/2653 2420/2420/2661
f 2536/2536/2662 2535/2535/2660 2420/2420/2661
f 2536/2536/2662 2421/2421/2663 2535/2535/2660
f 2421/2421/2663 2537/2537/2664 2535/2535/2660
f 2537/2537/2664 2519/2519/2658 2535/2535/2660
f 2536/2536/2662 2420/2420/2661 2425/2425/2665
f 2421/2421/2663 2536/2536/2662 2425/2425/2665
f 2538/2538/2666 2420/2420/2661 2532/2532/2653
f 2523/2523/2642 2538/2538/2666 2532/2532/2653
f 2420/2420/2661 2538/2538/2666 2422/2422/2652
f 2538/2538/2666 2523/2523/2642 2525/2525/2644
f 2531/2531/2651 2538/2538/2666 2525/2525/2644
f 2422/2422/2652 2538/2538/2666 2531/2531/2651
f 2529/2529/2648 2530/2530/2649 2539/2539/2667
f 2530/2530/2649 2540/2540/2668 2539/2539/2667
f 2541/2541/2669 2539/2539/2667 2540/2540/2668
f 2542/2542/2670 2541/2541/2669 2540/2540/2668
f 2542/2542/2670 2543/2543/2671 2541/2541/2669
f 2543/2543/2671 2544/2544/2672 2541/2541/2669
f 2545/2545/2673 2541/2541/2669 2544/2544/2672
f 2541/2541/2669 2545/2545/2673 2539/2539/2667
f 2546/2546/2674 2545/2545/2673 2544/2544/2672
f 2545/2545/2673 2546/2546/2674 2547/2547/2675
f 2548/2548/2676 2545/2545/2673 2547/2547/2675
f 2545/2545/2673 2548/2548/2676 2539/2539/2667
f 2529/2529/2648 2539/2539/2667 2548/2548/2676
f 2549/2549/2677 2548/2548/2676 2547/2547/2675
f 2546/2546/2674 2550/2550/2678 2547/2547/2675
f 2547/2547/2675 2550/2550/2678 2414/2414/2679
f 2414/2414/2679 2549/2549/2677 2547/2547/2675
f 2414/2414/2679 2419/2419/2680 2549/2549/2677
f 2528/2528/2647 2548/2548/2676 2549/2549/2677
f 2419/2419/2680 2528/2528/2647 2549/2549/2677
f 2528/2528/2647 2529/2529/2648 2548/2548/2676
f 2551/2551/2681 2546/2546/2674 2544/2544/2672
f 2550/2550/2678 2546/2546/2674 2551/2551/2681
f 2552/2552/2682 2551/2551/2681 2544/2544/2672
f 2552/2552/2682 2544/2544/2672 2543/2543/2671
f 2551/2551/2681 2552/2552/2682 2553/2553/2683
f 2552/2552/2682 2554/2554/2684 2553/2553/2683
f 2553/2553/2683 2554/2554/2684 2555/2555/2685
f 2554/2554/2684 2556/2556/2686 2555/2555/2685
f 2553/2553/2683 2555/2555/2685 2557/2557/2687
f 2558/2558/2688 2553/2553/2683 2557/2557/2687
f 2551/2551/2681 2553/2553/2683 2558/2558/2688
f 2558/2558/2688 2557/2557/2687 2424/2424/2689
f 2424/2424/2689 2423/2423/2690 2558/2558/2688
f 2423/2423/2690 2551/2551/2681 2558/2558/2688
f 2559/2559/2691 2555/2555/2685 2556/2556/2686
f 2560/2560/2692 2559/2559/2691 2556/2556/2686
f 2560/2560/2692 2556/2556/2686 2561/2561/2693
f 2561/2561/2693 2556/2556/2686 2554/2554/2684
f 2562/2562/2694 2560/2560/2692 2561/2561/2693
f 2552/2552/2682 2563/2563/2695 2554/2554/2684
f 2563/2563/2695 2552/2552/2682 2543/2543/2671
f 2563/2563/2695 2564/2564/2696 2554/2554/2684
f 2564/2564/2696 2561/2561/2693 2554/2554/2684
f 2555/2555/2685 2559/2559/2691 2426/2426/2697
f 2557/2557/2687 2555/2555/2685 2426/2426/2697
f 2557/2557/2687 2426/2426/2697 2424/2424/2689
f 2562/2562/2694 2565/2565/2698 2560/2560/2692
f 2565/2565/2698 2566/2566/2699 2560/2560/2692
f 2566/2566/2699 2565/2565/2698 2567/2567/2700
f 2565/2565/2698 2568/2568/2701 2567/2567/2700
f 2566/2566/2699 2567/2567/2700 2429/2429/2702
f 2569/2569/2703 2566/2566/2699 2429/2429/2702
f 2566/2566/2699 2569/2569/2703 2559/2559/2704
f 2560/2560/2692 2566/2566/2699 2559/2559/2704
f 2426/2426/2705 2559/2559/2704 2569/2569/2703
f 2570/2570/2706 2426/2426/2705 2569/2569/2703
f 2427/2427/2707 2426/2426/2705 2570/2570/2706
f 2428/2428/2708 2427/2427/2707 2570/2570/2706
f 2428/2428/2708 2570/2570/2706 2569/2569/2703
f 2429/2429/2702 2428/2428/2708 2569/2569/2703
f 2563/2563/2695 2543/2543/2671 2479/2479/2598
f 2479/2479/2598 2543/2543/2671 2542/2542/2670
f 2482/2482/2601 2479/2479/2598 2542/2542/2670
f 2482/2482/2601 2542/2542/2670 2484/2484/2603
f 2542/2542/2670 2540/2540/2668 2484/2484/2603
f 2540/2540/2668 2530/2530/2649 2484/2484/2603
f 2530/2530/2649 2486/2486/2605 2484/2484/2603
f 2486/2486/2605 2530/2530/2649 2487/2487/2606
f 2530/2530/2649 2527/2527/2646 2487/2487/2606
f 2487/2487/2606 2527/2527/2646 2505/2505/2624
f 2478/2478/2597 2563/2563/2695 2479/2479/2598
f 2563/2563/2695 2478/2478/2597 2475/2475/2594
f 2564/2564/2696 2563/2563/2695 2475/2475/2594
f 2475/2475/2594 2473/2473/2592 2564/2564/2696
f 2473/2473/2592 2561/2561/2693 2564/2564/2696
f 2562/2562/2694 2561/2561/2693 2473/2473/2592
f 2471/2471/2590 2562/2562/2694 2473/2473/2592
f 2471/2471/2590 2469/2469/2588 2562/2562/2694
f 2469/2469/2588 2565/2565/2698 2562/2562/2694
f 2565/2565/2698 2469/2469/2588 2470/2470/2589
f 2568/2568/2701 2565/2565/2698 2470/2470/2589
f 2423/2423/2709 2550/2550/2678 2551/2551/2681
f 2414/2414/2679 2550/2550/2678 2423/2423/2709
f 2337/2337/2710 2333/2333/2393 2330/2330/2390
f 2333/2333/2393 2337/2337/2710 2342/2342/2711
f 2335/2335/2395 2333/2333/2393 2342/2342/2711
f 1956/1956/1970 1957/1957/1971 1978/1978/1992
f 1978/1978/1992 1980/1980/1994 1956/1956/1970
f 1980/1980/1994 1953/1953/1967 1956/1956/1970
f 1953/1953/1967 1980/1980/1994 1982/1982/1996
f 1951/1951/1965 1953/1953/1967 1982/1982/1996
f 1951/1951/1965 1982/1982/1996 1984/1984/1998
f 1952/1952/1966 1951/1951/1965 1984/1984/1998
f 2447/2447/2566 2448/2448/2567 2472/2472/2591
f 2447/2447/2566 2472/2472/2591 2474/2474/2593
f 2446/2446/2565 2447/2447/2566 2474/2474/2593
f 2446/2446/2565 2474/2474/2593 2476/2476/2595
f 2452/2452/2571 2446/2446/2565 2476/2476/2595
f 2466/2466/2585 2465/2465/2584 2497/2497/2616
f 2499/2499/2618 2466/2466/2585 2497/2497/2616
f 2495/2495/2614 2497/2497/2616 2465/2465/2584
f 2464/2464/2583 2495/2495/2614 2465/2465/2584
f 2493/2493/2612 2495/2495/2614 2464/2464/2583
f 2463/2463/2582 2493/2493/2612 2464/2464/2583
f 2493/2493/2612 2463/2463/2582 2462/2462/2581
f 2491/2491/2610 2493/2493/2612 2462/2462/2581
f 2462/2462/2581 2461/2461/2580 2491/2491/2610
f 2461/2461/2580 2489/2489/2608 2491/2491/2610
f 2492/2492/2611 2489/2489/2608 2461/2461/2580
f 2460/2460/2579 2492/2492/2611 2461/2461/2580
f 2492/2492/2611 2460/2460/2579 2459/2459/2578
f 2506/2506/2625 2492/2492/2611 2459/2459/2578
f 2506/2506/2625 2459/2459/2578 2571/2571/2712
f 2571/2571/2712 2459/2459/2578 2572/2572/2713
f 2459/2459/2578 2458/2458/2577 2572/2572/2713
f 2458/2458/2577 2457/2457/2576 2572/2572/2713
f 2457/2457/2576 2573/2573/2714 2572/2572/2713
f 2457/2457/2576 2456/2456/2575 2573/2573/2714
f 2456/2456/2575 2574/2574/2715 2573/2573/2714
f 2575/2575/2716 2574/2574/2715 2456/2456/2575
f 2454/2454/2573 2575/2575/2716 2456/2456/2575
f 2576/2576/2717 2506/2506/2625 2571/2571/2712
f 2576/2576/2717 2577/2577/2718 2506/2506/2625
f 2577/2577/2718 2483/2483/2602 2506/2506/2625
f 2576/2576/2717 2578/2578/2719 2577/2577/2718
f 2572/2572/2713 2573/2573/2714 2578/2578/2719
f 2571/2571/2712 2572/2572/2713 2578/2578/2719
f 2576/2576/2717 2571/2571/2712 2578/2578/2719
f 2578/2578/2719 2579/2579/2720 2577/2577/2718
f 2578/2578/2719 2580/2580/2721 2579/2579/2720
f 2573/2573/2714 2574/2574/2715 2580/2580/2721
f 2573/2573/2714 2580/2580/2721 2578/2578/2719
f 2580/2580/2721 2581/2581/2722 2579/2579/2720
f 2580/2580/2721 2582/2582/2723 2581/2581/2722
f 2574/2574/2715 2582/2582/2723 2580/2580/2721
f 2582/2582/2723 2583/2583/2724 2581/2581/2722
f 2582/2582/2723 2584/2584/2725 2583/2583/2724
f 2584/2584/2725 2582/2582/2723 2574/2574/2715
f 2575/2575/2716 2584/2584/2725 2574/2574/2715
f 2584/2584/2725 2585/2585/2726 2583/2583/2724
f 2584/2584/2725 2455/2455/2574 2585/2585/2726
f 2575/2575/2716 2454/2454/2573 2455/2455/2574
f 2584/2584/2725 2575/2575/2716 2455/2455/2574
f 2455/2455/2574 2477/2477/2596 2585/2585/2726
f 2577/2577/2718 2579/2579/2720 2586/2586/2727
f 2579/2579/2720 2587/2587/2728 2586/2586/2727
f 2579/2579/2720 2581/2581/2722 2587/2587/2728
f 2586/2586/2727 2587/2587/2728 2588/2588/2729
f 2589/2589/2730 2586/2586/2727 2588/2588/2729
f 2577/2577/2718 2586/2586/2727 2589/2589/2730
f 2483/2483/2602 2577/2577/2718 2589/2589/2730
f 2587/2587/2728 2590/2590/2731 2588/2588/2729
f 2581/2581/2722 2583/2583/2724 2590/2590/2731
f 2581/2581/2722 2590/2590/2731 2587/2587/2728
f 2585/2585/2726 2477/2477/2596 2591/2591/2732
f 2477/2477/2596 2592/2592/2733 2591/2591/2732
f 2591/2591/2732 2592/2592/2733 2593/2593/2734
f 2590/2590/2731 2594/2594/2735 2593/2593/2734
f 2594/2594/2735 2591/2591/2732 2593/2593/2734
f 2585/2585/2726 2591/2591/2732 2594/2594/2735
f 2583/2583/2724 2585/2585/2726 2594/2594/2735
f 2583/2583/2724 2594/2594/2735 2590/2590/2731
f 2593/2593/2736 2480/2480/2737 2590/2590/2738
f 2480/2480/2737 2481/2481/2739 2590/2590/2738
f 2590/2590/2738 2481/2481/2739 2588/2588/2740
f 2588/2588/2740 2481/2481/2739 2589/2589/2741
f 2593/2593/2736 2592/2592/2742 2480/2480/2737
f 2477/2477/2743 2480/2480/2737 2592/2592/2742
f 2481/2481/2739 2483/2483/2744 2589/2589/2741
f 2595/2595/2745 2596/2596/2746 2597/2597/2747
f 2598/2598/2748 2595/2595/2745 2597/2597/2747
f 2596/2596/2746 2599/2599/2749 2597/2597/2747
f 2599/2599/2749 2600/2600/2750 2597/2597/2747
f 2600/2600/2750 2599/2599/2749 2601/2601/2751
f 2599/2599/2749 2602/2602/2752 2601/2601/2751
f 2597/2597/2747 2600/2600/2750 2603/2603/2753
f 2600/2600/2750 2601/2601/2751 2603/2603/2753
f 2604/2604/2754 2597/2597/2747 2603/2603/2753
f 2601/2601/2751 2605/2605/2755 2603/2603/2753
f 2597/2597/2747 2604/2604/2754 2606/2606/2756
f 2598/2598/2748 2597/2597/2747 2606/2606/2756
f 2607/2607/2757 2605/2605/2755 2601/2601/2751
f 2607/2607/2757 2608/2608/2758 2605/2605/2755
f 2609/2609/2759 2608/2608/2758 2607/2607/2757
f 2609/2609/2759 2610/2610/2760 2608/2608/2758
f 2610/2610/2760 2611/2611/2761 2608/2608/2758
f 2612/2612/2762 2609/2609/2759 2607/2607/2757
f 2612/2612/2762 2607/2607/2757 2613/2613/2763
f 2613/2613/2763 2607/2607/2757 2601/2601/2751
f 2613/2613/2763 2601/2601/2751 2602/2602/2752
f 2614/2614/2764 2612/2612/2762 2613/2613/2763
f 2614/2614/2764 2613/2613/2763 2615/2615/2765
f 2615/2615/2765 2613/2613/2763 2602/2602/2752
f 2616/2616/2766 2614/2614/2764 2615/2615/2765
f 2610/2610/2760 2617/2617/2767 2611/2611/2761
f 2617/2617/2767 2618/2618/2768 2611/2611/2761
f 2618/2618/2768 2617/2617/2767 2619/2619/2769
f 2617/2617/2767 2620/2620/2770 2619/2619/2769
f 2620/2620/2770 2621/2621/2771 2619/2619/2769
f 2621/2621/2771 2622/2622/2772 2619/2619/2769
f 2621/2621/2771 2623/2623/2773 2622/2622/2772
f 2623/2623/2773 2624/2624/2774 2622/2622/2772
f 2623/2623/2773 2625/2625/2775 2624/2624/2774
f 2625/2625/2775 2626/2626/2776 2624/2624/2774
f 2625/2625/2775 2627/2627/2777 2626/2626/2776
f 2627/2627/2777 2628/2628/2778 2626/2626/2776
f 2627/2627/2777 2629/2629/2779 2628/2628/2778
f 2629/2629/2779 2630/2630/2780 2628/2628/2778
f 2629/2629/2779 2631/2631/2781 2630/2630/2780
f 2631/2631/2781 2632/2632/2782 2630/2630/2780
f 2611/2611/2761 2618/2618/2768 2633/2633/2783
f 2611/2611/2761 2633/2633/2783 2634/2634/2784
f 2608/2608/2758 2611/2611/2761 2634/2634/2784
f 2608/2608/2758 2634/2634/2784 2605/2605/2755
f 2630/2630/2780 2632/2632/2782 2635/2635/2785
f 2632/2632/2782 2636/2636/2786 2635/2635/2785
f 2630/2630/2780 2635/2635/2785 2637/2637/2787
f 2628/2628/2778 2630/2630/2780 2637/2637/2787
f 2628/2628/2778 2637/2637/2787 2638/2638/2788
f 2626/2626/2776 2628/2628/2778 2638/2638/2788
f 2626/2626/2776 2638/2638/2788 2639/2639/2789
f 2624/2624/2774 2626/2626/2776 2639/2639/2789
f 2624/2624/2774 2639/2639/2789 2640/2640/2790
f 2622/2622/2772 2624/2624/2774 2640/2640/2790
f 2622/2622/2772 2640/2640/2790 2641/2641/2791
f 2619/2619/2769 2622/2622/2772 2641/2641/2791
f 2618/2618/2768 2619/2619/2769 2641/2641/2791
f 2642/2642/2792 2618/2618/2768 2641/2641/2791
f 2618/2618/2768 2642/2642/2792 2633/2633/2783
f 2643/2643/2793 2623/2623/2773 2621/2621/2771
f 2644/2644/2794 2643/2643/2793 2621/2621/2771
f 2643/2643/2793 2644/2644/2794 2645/2645/2795
f 2644/2644/2794 2646/2646/2796 2645/2645/2795
f 2643/2643/2793 2645/2645/2795 2647/2647/2797
f 2648/2648/2798 2643/2643/2793 2647/2647/2797
f 2643/2643/2793 2648/2648/2798 2623/2623/2773
f 2648/2648/2798 2647/2647/2797 2649/2649/2799
f 2650/2650/2800 2648/2648/2798 2649/2649/2799
f 2650/2650/2800 2649/2649/2799 2651/2651/2801
f 2652/2652/2802 2650/2650/2800 2651/2651/2801
f 2652/2652/2802 2651/2651/2801 2653/2653/2803
f 2654/2654/2804 2652/2652/2802 2653/2653/2803
f 2655/2655/2805 2646/2646/2796 2644/2644/2794
f 2656/2656/2806 2655/2655/2805 2644/2644/2794
f 2656/2656/2806 2644/2644/2794 2621/2621/2771
f 2657/2657/2807 2655/2655/2805 2656/2656/2806
f 2658/2658/2808 2657/2657/2807 2656/2656/2806
f 2658/2658/2808 2659/2659/2809 2657/2657/2807
f 2659/2659/2809 2660/2660/2810 2657/2657/2807
f 2659/2659/2809 2661/2661/2811 2660/2660/2810
f 2661/2661/2811 2662/2662/2812 2660/2660/2810
f 2661/2661/2811 2663/2663/2813 2662/2662/2812
f 2663/2663/2813 2664/2664/2814 2662/2662/2812
f 2663/2663/2813 2665/2665/2815 2664/2664/2814
f 2665/2665/2815 2666/2666/2816 2664/2664/2814
f 2667/2667/2817 2666/2666/2816 2665/2665/2815
f 2668/2668/2818 2667/2667/2817 2665/2665/2815
f 2657/2657/2807 2660/2660/2810 2669/2669/2819
f 2660/2660/2810 2670/2670/2820 2669/2669/2819
f 2660/2660/2810 2662/2662/2812 2670/2670/2820
f 2669/2669/2819 2670/2670/2820 2671/2671/2821
f 2669/2669/2819 2671/2671/2821 2672/2672/2822
f 2673/2673/2823 2669/2669/2819 2672/2672/2822
f 2657/2657/2807 2669/2669/2819 2673/2673/2823
f 2655/2655/2805 2657/2657/2807 2673/2673/2823
f 2673/2673/2823 2672/2672/2822 2674/2674/2824
f 2675/2675/2825 2673/2673/2823 2674/2674/2824
f 2655/2655/2805 2673/2673/2823 2675/2675/2825
f 2646/2646/2796 2655/2655/2805 2675/2675/2825
f 2675/2675/2825 2674/2674/2824 2676/2676/2826
f 2677/2677/2827 2675/2675/2825 2676/2676/2826
f 2646/2646/2796 2675/2675/2825 2677/2677/2827
f 2677/2677/2827 2676/2676/2826 2678/2678/2828
f 2679/2679/2829 2677/2677/2827 2678/2678/2828
f 2679/2679/2829 2678/2678/2828 2680/2680/2830
f 2681/2681/2831 2679/2679/2829 2680/2680/2830
f 2681/2681/2831 2680/2680/2830 2682/2682/2832
f 2683/2683/2833 2681/2681/2831 2682/2682/2832
f 2683/2683/2833 2682/2682/2832 2684/2684/2834
f 2685/2685/2835 2683/2683/2833 2684/2684/2834
f 2670/2670/2820 2686/2686/2836 2671/2671/2821
f 2670/2670/2820 2687/2687/2837 2686/2686/2836
f 2662/2662/2812 2687/2687/2837 2670/2670/2820
f 2687/2687/2837 2688/2688/2838 2686/2686/2836
f 2687/2687/2837 2689/2689/2839 2688/2688/2838
f 2689/2689/2839 2690/2690/2840 2688/2688/2838
f 2689/2689/2839 2691/2691/2841 2690/2690/2840
f 2691/2691/2841 2692/2692/2842 2690/2690/2840
f 2691/2691/2841 2693/2693/2843 2692/2692/2842
f 2693/2693/2843 2694/2694/2844 2692/2692/2842
f 2645/2645/2795 2646/2646/2796 2677/2677/2827
f 2645/2645/2795 2677/2677/2827 2679/2679/2829
f 2647/2647/2797 2645/2645/2795 2679/2679/2829
f 2647/2647/2797 2679/2679/2829 2681/2681/2831
f 2649/2649/2799 2647/2647/2797 2681/2681/2831
f 2649/2649/2799 2681/2681/2831 2683/2683/2833
f 2651/2651/2801 2649/2649/2799 2683/2683/2833
f 2651/2651/2801 2683/2683/2833 2685/2685/2835
f 2653/2653/2803 2651/2651/2801 2685/2685/2835
f 2667/2667/2817 2693/2693/2843 2691/2691/2841
f 2666/2666/2816 2667/2667/2817 2691/2691/2841
f 2666/2666/2816 2691/2691/2841 2689/2689/2839
f 2664/2664/2814 2666/2666/2816 2689/2689/2839
f 2664/2664/2814 2689/2689/2839 2687/2687/2837
f 2662/2662/2812 2664/2664/2814 2687/2687/2837
f 2695/2695/2845 2696/2696/2846 2697/2697/2847
f 2698/2698/2848 2695/2695/2845 2697/2697/2847
f 2698/2698/2848 2697/2697/2847 2699/2699/2849
f 2697/2697/2847 2700/2700/2850 2699/2699/2849
f 2695/2695/2845 2701/2701/2851 2696/2696/2846
f 2701/2701/2851 2702/2702/2852 2696/2696/2846
f 2702/2702/2852 2701/2701/2851 2703/2703/2853
f 2704/2704/2854 2702/2702/2852 2703/2703/2853
f 2699/2699/2849 2700/2700/2850 2705/2705/2855
f 2705/2705/2855 2700/2700/2850 2706/2706/2856
f 2705/2705/2855 2706/2706/2856 2707/2707/2857
f 2707/2707/2857 2706/2706/2856 2708/2708/2858
f 2706/2706/2856 2709/2709/2859 2708/2708/2858
f 2708/2708/2858 2709/2709/2859 2710/2710/2860
f 2709/2709/2859 2711/2711/2861 2710/2710/2860
f 2710/2710/2860 2711/2711/2861 2712/2712/2862
f 2711/2711/2861 2713/2713/2863 2712/2712/2862
f 2713/2713/2863 2711/2711/2861 2714/2714/2864
f 2711/2711/2861 2715/2715/2865 2714/2714/2864
f 2716/2716/2866 2705/2705/2855 2707/2707/2857
f 2717/2717/2867 2705/2705/2855 2716/2716/2866
f 2717/2717/2867 2699/2699/2849 2705/2705/2855
f 2718/2718/2868 2717/2717/2867 2716/2716/2866
f 2711/2711/2861 2709/2709/2859 2719/2719/2869
f 2715/2715/2865 2711/2711/2861 2719/2719/2869
f 2719/2719/2869 2709/2709/2859 2706/2706/2856
f 2700/2700/2850 2720/2720/2870 2706/2706/2856
f 2720/2720/2870 2719/2719/2869 2706/2706/2856
f 2704/2704/2854 2703/2703/2853 2721/2721/2871
f 2704/2704/2854 2721/2721/2871 2722/2722/2872
f 2721/2721/2871 2723/2723/2873 2722/2722/2872
f 2724/2724/2874 2723/2723/2873 2721/2721/2871
f 2725/2725/2875 2724/2724/2874 2721/2721/2871
f 2723/2723/2873 2724/2724/2874 2726/2726/2876
f 2723/2723/2873 2726/2726/2876 2722/2722/2872
f 2724/2724/2874 2727/2727/2877 2726/2726/2876
f 2726/2726/2876 2727/2727/2877 2728/2728/2878
f 2729/2729/2879 2726/2726/2876 2728/2728/2878
f 2730/2730/2880 2729/2729/2879 2728/2728/2878
f 2731/2731/2881 2730/2730/2880 2728/2728/2878
f 2715/2715/2865 2730/2730/2880 2731/2731/2881
f 2714/2714/2864 2715/2715/2865 2731/2731/2881
f 2726/2726/2876 2732/2732/2882 2722/2722/2872
f 2726/2726/2876 2729/2729/2879 2732/2732/2882
f 2729/2729/2879 2733/2733/2883 2732/2732/2882
f 2729/2729/2879 2730/2730/2880 2733/2733/2883
f 2730/2730/2880 2734/2734/2884 2733/2733/2883
f 2720/2720/2870 2734/2734/2884 2719/2719/2869
f 2715/2715/2865 2719/2719/2869 2734/2734/2884
f 2730/2730/2880 2715/2715/2865 2734/2734/2884
f 2725/2725/2875 2721/2721/2871 2735/2735/2885
f 2703/2703/2853 2735/2735/2885 2721/2721/2871
f 2736/2736/2886 2725/2725/2875 2735/2735/2885
f 2735/2735/2885 2703/2703/2853 2737/2737/2887
f 2736/2736/2886 2735/2735/2885 2737/2737/2887
f 2703/2703/2853 2738/2738/2888 2737/2737/2887
f 2738/2738/2888 2739/2739/2889 2737/2737/2887
f 2740/2740/2890 2739/2739/2889 2738/2738/2888
f 2741/2741/2891 2740/2740/2890 2738/2738/2888
f 2740/2740/2890 2741/2741/2891 2742/2742/2892
f 2743/2743/2893 2740/2740/2890 2742/2742/2892
f 2744/2744/2894 2743/2743/2893 2742/2742/2892
f 2745/2745/2895 2744/2744/2894 2742/2742/2892
f 2744/2744/2894 2745/2745/2895 2746/2746/2896
f 2746/2746/2896 2745/2745/2895 2747/2747/2897
f 2745/2745/2895 2748/2748/2898 2747/2747/2897
f 2742/2742/2892 2748/2748/2898 2745/2745/2895
f 2748/2748/2898 2749/2749/2899 2747/2747/2897
f 2747/2747/2897 2749/2749/2899 2750/2750/2900
f 2749/2749/2899 2751/2751/2901 2750/2750/2900
f 2750/2750/2900 2751/2751/2901 2752/2752/2902
f 2752/2752/2902 2751/2751/2901 2718/2718/2868
f 2751/2751/2901 2717/2717/2867 2718/2718/2868
f 2751/2751/2901 2749/2749/2899 2717/2717/2867
f 2753/2753/2903 2750/2750/2900 2752/2752/2902
f 2754/2754/2904 2750/2750/2900 2753/2753/2903
f 2755/2755/2905 2754/2754/2904 2753/2753/2903
f 2754/2754/2904 2755/2755/2905 2756/2756/2906
f 2757/2757/2907 2754/2754/2904 2756/2756/2906
f 2758/2758/2908 2744/2744/2894 2746/2746/2896
f 2759/2759/2909 2746/2746/2896 2747/2747/2897
f 2759/2759/2909 2747/2747/2897 2750/2750/2900
f 2754/2754/2904 2759/2759/2909 2750/2750/2900
f 2760/2760/2910 2746/2746/2896 2759/2759/2909
f 2761/2761/2911 2760/2760/2910 2759/2759/2909
f 2761/2761/2911 2759/2759/2909 2754/2754/2904
f 2757/2757/2907 2761/2761/2911 2754/2754/2904
f 2762/2762/2912 2758/2758/2908 2746/2746/2896
f 2760/2760/2910 2762/2762/2912 2746/2746/2896
f 2749/2749/2899 2699/2699/2849 2717/2717/2867
f 2749/2749/2899 2748/2748/2898 2699/2699/2849
f 2748/2748/2898 2698/2698/2848 2699/2699/2849
f 2698/2698/2848 2748/2748/2898 2742/2742/2892
f 2695/2695/2845 2698/2698/2848 2742/2742/2892
f 2695/2695/2845 2742/2742/2892 2741/2741/2891
f 2701/2701/2851 2695/2695/2845 2741/2741/2891
f 2741/2741/2891 2738/2738/2888 2701/2701/2851
f 2738/2738/2888 2703/2703/2853 2701/2701/2851
f 2761/2761/2911 2763/2763/2913 2760/2760/2910
f 2763/2763/2913 2764/2764/2914 2760/2760/2910
f 2760/2760/2910 2764/2764/2914 2762/2762/2912
f 2763/2763/2913 2765/2765/2915 2764/2764/2914
f 2765/2765/2915 2766/2766/2916 2764/2764/2914
f 2764/2764/2914 2766/2766/2916 2767/2767/2917
f 2768/2768/2918 2764/2764/2914 2767/2767/2917
f 2764/2764/2914 2768/2768/2918 2762/2762/2912
f 2766/2766/2916 2769/2769/2919 2767/2767/2917
f 2769/2769/2919 2766/2766/2916 2770/2770/2920
f 2766/2766/2916 2765/2765/2915 2770/2770/2920
f 2769/2769/2919 2771/2771/2921 2767/2767/2917
f 2771/2771/2921 2769/2769/2919 2772/2772/2922
f 2769/2769/2919 2773/2773/2923 2772/2772/2922
f 2765/2765/2915 2774/2774/2924 2770/2770/2920
f 2765/2765/2915 2775/2775/2925 2774/2774/2924
f 2775/2775/2925 2765/2765/2915 2763/2763/2913
f 2775/2775/2925 2776/2776/2926 2774/2774/2924
f 2777/2777/2927 2776/2776/2926 2775/2775/2925
f 2778/2778/2928 2777/2777/2927 2775/2775/2925
f 2778/2778/2928 2775/2775/2925 2779/2779/2929
f 2779/2779/2929 2775/2775/2925 2763/2763/2913
f 2779/2779/2929 2763/2763/2913 2761/2761/2911
f 2780/2780/2930 2778/2778/2928 2779/2779/2929
f 2756/2756/2906 2780/2780/2930 2779/2779/2929
f 2757/2757/2907 2756/2756/2906 2779/2779/2929
f 2757/2757/2907 2779/2779/2929 2761/2761/2911
f 2773/2773/2923 2781/2781/2931 2772/2772/2922
f 2781/2781/2931 2782/2782/2932 2772/2772/2922
f 2781/2781/2931 2783/2783/2933 2782/2782/2932
f 2783/2783/2933 2784/2784/2934 2782/2782/2932
f 2783/2783/2933 2785/2785/2935 2784/2784/2934
f 2785/2785/2935 2786/2786/2936 2784/2784/2934
f 2777/2777/2927 2787/2787/2937 2776/2776/2926
f 2787/2787/2937 2788/2788/2938 2776/2776/2926
f 2776/2776/2926 2788/2788/2938 2774/2774/2924
f 2787/2787/2937 2789/2789/2939 2788/2788/2938
f 2789/2789/2939 2790/2790/2940 2788/2788/2938
f 2789/2789/2939 2791/2791/2941 2790/2790/2940
f 2791/2791/2941 2792/2792/2942 2790/2790/2940
f 2791/2791/2941 2793/2793/2943 2792/2792/2942
f 2793/2793/2943 2794/2794/2944 2792/2792/2942
f 2793/2793/2943 2795/2795/2945 2794/2794/2944
f 2795/2795/2945 2796/2796/2946 2794/2794/2944
f 2795/2795/2945 2797/2797/2947 2796/2796/2946
f 2797/2797/2947 2798/2798/2948 2796/2796/2946
f 2798/2798/2948 2799/2799/2949 2796/2796/2946
f 2799/2799/2949 2800/2800/2950 2796/2796/2946
f 2801/2801/2951 2794/2794/2944 2796/2796/2946
f 2800/2800/2950 2801/2801/2951 2796/2796/2946
f 2792/2792/2942 2794/2794/2944 2801/2801/2951
f 2790/2790/2940 2792/2792/2942 2802/2802/2952
f 2792/2792/2942 2803/2803/2953 2802/2802/2952
f 2803/2803/2953 2792/2792/2942 2801/2801/2951
f 2790/2790/2940 2802/2802/2952 2804/2804/2954
f 2788/2788/2938 2790/2790/2940 2804/2804/2954
f 2788/2788/2938 2804/2804/2954 2774/2774/2924
f 2804/2804/2954 2802/2802/2952 2805/2805/2955
f 2806/2806/2956 2804/2804/2954 2805/2805/2955
f 2806/2806/2956 2805/2805/2955 2807/2807/2957
f 2805/2805/2955 2808/2808/2958 2807/2807/2957
f 2807/2807/2957 2808/2808/2958 2809/2809/2959
f 2808/2808/2958 2810/2810/2960 2809/2809/2959
f 2811/2811/2961 2809/2809/2959 2810/2810/2960
f 2812/2812/2962 2811/2811/2961 2810/2810/2960
f 2812/2812/2962 2813/2813/2963 2811/2811/2961
f 2812/2812/2962 2814/2814/2964 2813/2813/2963
f 2814/2814/2964 2815/2815/2965 2813/2813/2963
f 2813/2813/2963 2815/2815/2965 2816/2816/2966
f 2817/2817/2967 2813/2813/2963 2816/2816/2966
f 2815/2815/2965 2818/2818/2968 2816/2816/2966
f 2815/2815/2965 2814/2814/2964 2818/2818/2968
f 2818/2818/2968 2819/2819/2969 2816/2816/2966
f 2820/2820/2970 2819/2819/2969 2818/2818/2968
f 2821/2821/2971 2820/2820/2970 2818/2818/2968
f 2820/2820/2970 2821/2821/2971 2822/2822/2972
f 2823/2823/2973 2820/2820/2970 2822/2822/2972
f 2814/2814/2964 2824/2824/2974 2818/2818/2968
f 2818/2818/2968 2824/2824/2974 2821/2821/2971
f 2824/2824/2974 2825/2825/2975 2821/2821/2971
f 2821/2821/2971 2825/2825/2975 2822/2822/2972
f 2825/2825/2975 2826/2826/2976 2822/2822/2972
f 2827/2827/2977 2813/2813/2963 2817/2817/2967
f 2813/2813/2963 2827/2827/2977 2811/2811/2961
f 2828/2828/2978 2827/2827/2977 2817/2817/2967
f 2804/2804/2954 2806/2806/2956 2770/2770/2920
f 2774/2774/2924 2804/2804/2954 2770/2770/2920
f 2769/2769/2919 2770/2770/2920 2806/2806/2956
f 2807/2807/2957 2769/2769/2919 2806/2806/2956
f 2773/2773/2923 2769/2769/2919 2807/2807/2957
f 2809/2809/2959 2773/2773/2923 2807/2807/2957
f 2809/2809/2959 2811/2811/2961 2781/2781/2931
f 2773/2773/2923 2809/2809/2959 2781/2781/2931
f 2783/2783/2933 2781/2781/2931 2811/2811/2961
f 2827/2827/2977 2783/2783/2933 2811/2811/2961
f 2783/2783/2933 2827/2827/2977 2828/2828/2978
f 2785/2785/2935 2783/2783/2933 2828/2828/2978
f 2822/2822/2972 2826/2826/2976 2800/2800/2950
f 2823/2823/2973 2822/2822/2972 2800/2800/2950
f 2826/2826/2976 2801/2801/2951 2800/2800/2950
f 2803/2803/2953 2801/2801/2951 2826/2826/2976
f 2799/2799/2949 2823/2823/2973 2800/2800/2950
f 2829/2829/2979 2803/2803/2953 2826/2826/2976
f 2829/2829/2979 2830/2830/2980 2803/2803/2953
f 2830/2830/2980 2802/2802/2952 2803/2803/2953
f 2802/2802/2952 2830/2830/2980 2805/2805/2955
f 2830/2830/2980 2831/2831/2981 2805/2805/2955
f 2831/2831/2981 2832/2832/2982 2805/2805/2955
f 2832/2832/2982 2808/2808/2958 2805/2805/2955
f 2808/2808/2958 2832/2832/2982 2810/2810/2960
f 2832/2832/2982 2833/2833/2983 2810/2810/2960
f 2810/2810/2960 2833/2833/2983 2812/2812/2962
f 2833/2833/2983 2834/2834/2984 2812/2812/2962
f 2812/2812/2962 2834/2834/2984 2835/2835/2985
f 2814/2814/2964 2812/2812/2962 2835/2835/2985
f 2824/2824/2974 2814/2814/2964 2835/2835/2985
f 2739/2739/2889 2836/2836/2986 2737/2737/2887
f 2737/2737/2887 2836/2836/2986 2837/2837/2987
f 2836/2836/2986 2838/2838/2988 2837/2837/2987
f 2837/2837/2987 2736/2736/2886 2737/2737/2887
# Vertices: 1703, normals: 1847, texture coordinates: 1703, faces: 3006

