# Blender 4.1.1
# www.blender.org
mtllib RR64.mtl
o rainbow
v -50.720299 2.162399 -18.482700
v -54.920601 7.962799 -18.082600
v -54.920601 0.812299 -18.082600
v -57.520802 4.362598 -17.782600
v -59.370998 8.512899 -17.582600
v -51.620399 11.063099 -18.432699
v -50.720299 6.612699 -18.482700
v -46.770000 4.362598 -18.932699
v -55.170601 7.962799 -20.532801
v -51.870399 11.063098 -20.882799
v -59.671001 8.512898 -20.082800
v -57.770802 4.362598 -20.282801
v -59.370998 0.262199 -17.582600
v -59.671001 0.262198 -20.082800
v -51.620399 -2.288002 -18.432699
v -55.170601 0.812298 -20.532801
v -50.970299 6.612699 -20.982901
v -47.070000 4.362598 -21.382900
v -50.970299 2.162398 -20.982901
v -51.870399 -2.288002 -20.882900
v 11.334500 20.313812 145.780106
v 17.135000 19.913712 148.580307
v 13.984700 20.313812 140.779694
v 20.685200 19.913712 144.179993
v 5.334100 20.713812 143.679901
v 7.034200 20.713810 138.329498
v -0.966400 21.113811 142.329803
v -0.016400 21.113810 136.779404
v -5.516800 21.513912 141.629807
v -5.266800 21.513910 135.979294
v -10.617200 21.913912 141.579803
v -11.267200 21.913910 135.979294
v -15.467600 22.313911 141.929794
v -17.067699 22.313910 136.529404
v -20.618000 22.714012 143.479904
v -23.118200 22.714010 138.429504
v 23.435499 19.513712 152.880600
v 27.385799 19.513712 148.880295
v 66.738800 17.113514 185.133102
v 74.689400 16.713512 185.983200
v 67.688904 17.113514 179.582703
v 74.339401 16.713512 180.282700
v 58.588200 17.513514 182.532898
v 60.688400 17.513514 177.282501
v 51.637600 17.913614 178.732605
v 54.837898 17.913614 174.082306
v 45.537201 18.313614 173.582199
v 49.287498 18.313614 169.381897
v 38.436600 18.713614 167.081696
v 42.386902 18.713612 163.031403
v 31.386101 19.113712 159.731201
v 35.436401 19.113712 155.830902
v -123.025902 11.513110 142.829803
v -127.676300 11.513111 145.480103
v -120.025703 11.513111 147.580200
v -125.426102 11.513111 150.630402
v -132.076599 11.513111 147.280197
v -130.726501 11.513111 152.730606
v -136.376907 11.513111 148.030197
v -136.076904 11.513111 153.730698
v -141.227295 11.513111 147.630203
v -142.177399 11.513111 153.230698
v -146.077698 11.513111 146.430099
v -147.827805 11.513111 151.780502
v -116.675400 11.513110 138.379501
v -113.525200 11.513110 143.029907
v -110.324898 11.513110 133.929199
v -107.074699 11.513110 138.479507
v -89.423302 11.513108 118.678001
v -96.323799 11.513109 123.778397
v -86.072998 11.513109 123.228302
v -92.973602 11.513109 128.328705
v -82.572800 11.513108 113.627602
v -79.222504 11.513108 118.127899
v -100.024101 11.513110 133.429092
v -103.324402 11.513109 128.828796
v -150.278000 11.513110 144.330002
v -153.078201 11.513111 149.280304
v -163.929092 11.513109 120.528099
v -157.128494 11.513108 118.328003
v -162.228897 11.513108 115.877800
v -154.778397 11.513108 114.377602
v -159.378693 11.513108 111.127403
v -158.528702 11.513109 122.028198
v -152.028198 11.513108 111.027397
v -155.978500 11.513107 106.977097
v -147.927795 11.513108 107.777100
v -151.278107 11.513107 103.226799
v -69.271698 11.513108 111.527397
v -164.829102 11.513109 125.828499
v -72.071999 11.513107 106.626999
v -153.828293 11.513110 140.929703
v -157.828598 11.513110 144.979996
v -159.178696 11.513109 126.178596
v -156.128494 11.513110 137.579498
v -160.978897 11.513110 140.479706
v -157.578598 11.513110 134.229202
v -163.029007 11.513110 135.929306
v -158.628693 11.513109 130.178894
v -164.229095 11.513109 130.828903
v -91.373398 11.013104 66.223900
v -84.172897 10.513004 58.573299
v -95.273804 11.013104 62.123600
v -88.523201 10.513003 55.022999
v -101.274200 11.263105 74.524597
v -104.774498 11.263105 70.124199
v -112.575104 11.513106 83.075203
v -115.925400 11.513105 78.574898
v -124.475998 11.513106 91.875900
v -127.776299 11.513106 87.325600
v -73.722099 8.112800 5.419199
v -73.722099 7.912800 -2.031401
v -79.372498 8.112800 5.419199
v -79.372498 7.912800 -2.031401
v -73.722099 8.312901 12.819799
v -79.372498 8.312901 12.819799
v -73.722099 7.912799 -11.532101
v -79.372498 7.912799 -11.932201
v -136.626999 11.513107 100.276604
v -139.777206 11.513107 95.576202
v -80.572601 10.263003 54.373001
v -77.522400 10.013003 49.072601
v -85.373001 10.263003 51.372799
v -82.722801 10.013003 46.672401
v -147.927795 11.513108 107.777100
v -151.278107 11.513107 103.226799
v -73.722099 8.662902 19.770300
v -79.372498 8.662902 19.670300
v -73.772102 9.012902 26.670799
v -79.372498 9.012902 26.470800
v -74.222099 9.362903 32.271301
v -79.772499 9.362903 31.721201
v -74.622101 9.713003 37.871700
v -80.222603 9.713003 36.971600
v -75.572197 9.863003 43.722198
v -80.972603 9.863003 42.071999
v -5.866800 29.414515 205.034698
v -12.867400 28.814415 204.784698
v -5.866800 28.914415 205.034698
v -12.867400 28.314415 204.784698
v -5.266800 29.414515 210.685104
v 1.633800 30.014515 209.235001
v -5.266800 28.914415 210.685104
v 1.633800 29.514515 209.235001
v -0.266400 30.014515 203.934601
v -0.266400 29.514515 203.934601
v 9.284400 30.814615 206.134796
v 9.284400 30.314516 206.134796
v 6.284100 30.814615 201.284393
v 6.284100 30.314516 201.284393
v -13.417400 28.814415 210.385101
v -13.417400 28.314415 210.385101
v 24.785601 33.214817 189.233505
v 27.535801 34.214817 181.432800
v 24.785601 32.714714 189.233505
v 27.535801 33.714817 181.432800
v 22.085400 34.214817 180.032700
v 19.635201 33.214817 186.833298
v 22.085400 33.714817 180.032700
v 19.635201 32.714714 186.833298
v 28.935900 35.214912 173.732300
v 28.935900 34.714912 173.732300
v 23.335501 35.214912 173.032196
v 23.335501 34.714912 173.032196
v -20.968000 28.414415 208.985001
v -20.968000 27.914316 208.985001
v -19.367901 28.414415 203.534607
v -19.367901 27.914415 203.534607
v -34.368999 27.614315 201.134399
v -28.568600 28.014416 205.284698
v -34.368999 27.114315 201.134399
v -28.568600 27.514315 205.284698
v 24.385500 38.115211 149.880402
v 24.385500 37.615112 149.880402
v 24.385500 39.215210 140.679703
v 24.385500 38.715210 140.679703
v 30.035999 40.165310 132.579102
v 30.035999 39.665310 132.579102
v 30.035999 39.215210 140.679703
v 30.035999 38.715210 140.679703
v 24.385500 40.165310 132.579102
v 24.385500 39.665310 132.579102
v 23.885500 36.115013 166.081696
v 23.885500 35.614910 166.081696
v 24.385500 36.965111 159.081100
v 24.385500 36.465012 159.081100
v 30.035999 38.115211 149.980392
v 30.035999 37.615112 149.980392
v 30.035999 36.965111 159.281097
v 30.035999 36.465012 159.281097
v -25.618299 28.014416 200.434296
v -30.318701 27.614315 197.184097
v -25.618299 27.514315 200.434296
v -30.318701 27.114315 197.184097
v 29.485901 36.115013 166.531693
v 29.485901 35.614910 166.531693
v 15.734900 32.414715 193.433807
v 15.734900 31.914715 193.433807
v -36.819199 24.814112 157.781006
v -33.969002 24.414112 153.380707
v -36.819199 24.314112 157.781006
v -33.969002 23.914011 153.380707
v -42.119598 24.814112 155.780899
v -44.719799 25.214111 162.381393
v -42.119598 24.314112 155.780899
v -44.719799 24.714111 162.381393
v -39.269402 25.214111 163.681503
v -39.269402 24.714111 163.681503
v -46.520000 25.614214 169.181900
v -46.520000 25.114113 169.181900
v -40.869499 25.614214 169.731903
v -40.869499 25.114113 169.731903
v -46.419998 26.014214 176.582504
v -46.419998 25.514214 176.582504
v -38.819401 24.414112 150.480499
v -38.819401 23.914011 150.480499
v -23.118200 23.214010 138.429504
v -28.818600 23.614012 141.429703
v -23.118200 22.714010 138.429504
v -28.818600 23.114012 141.429703
v -25.468300 23.614012 145.980103
v -20.618000 23.214012 143.479904
v -25.468300 23.114012 145.980103
v -20.618000 22.714012 143.479904
v -34.118999 24.014111 145.580093
v -34.118999 23.514011 145.580093
v -29.918699 24.014111 149.430405
v -29.918699 23.514011 149.430405
v -40.769501 26.014214 176.232498
v -40.769501 25.514214 176.232498
v -34.469002 27.214315 192.683701
v -34.469002 26.714315 192.683701
v 15.084800 31.614614 202.134506
v 15.084800 31.114614 202.134506
v 11.234500 31.614614 198.034103
v 11.234500 31.114614 198.034103
v 20.285200 32.414715 196.784103
v 20.285200 31.914715 196.784103
v -39.219398 27.214315 195.684006
v -39.219398 26.714315 195.684006
v -45.069901 26.414213 183.733002
v -45.069901 25.914213 183.733002
v -39.569401 26.414213 182.482895
v -39.569401 25.914213 182.482895
v -42.569698 26.814316 190.383606
v -42.569698 26.314215 190.383606
v -37.319302 26.814314 188.333405
v -37.319302 26.314213 188.333405
v 17.135000 20.413811 148.580307
v 23.435499 20.013712 152.880600
v 17.135000 19.913712 148.580307
v 23.435499 19.513712 152.880600
v 27.385799 20.013712 148.880295
v 20.685200 20.413811 144.179993
v 27.385799 19.513712 148.880295
v 20.685200 19.913712 144.179993
v -17.067699 22.814009 136.529404
v -23.118200 23.214010 138.429504
v -17.067699 22.313910 136.529404
v -23.118200 22.714010 138.429504
v -11.267200 22.413910 135.979294
v -11.267200 21.913910 135.979294
v -5.266800 22.013910 135.979294
v -5.266800 21.513910 135.979294
v -0.016400 21.613909 136.779404
v -0.016400 21.113810 136.779404
v 13.984700 20.813812 140.779694
v 13.984700 20.313812 140.779694
v -20.618000 23.214012 143.479904
v -15.467600 22.814011 141.929794
v -20.618000 22.714012 143.479904
v -15.467600 22.313911 141.929794
v -10.617200 22.413912 141.579803
v -10.617200 21.913912 141.579803
v -5.516800 22.013912 141.629807
v -5.516800 21.513912 141.629807
v -0.966400 21.613911 142.329803
v -0.966400 21.113811 142.329803
v 5.334100 21.213812 143.679901
v 5.334100 20.713812 143.679901
v 11.334500 20.813812 145.780106
v 11.334500 20.313812 145.780106
v 7.034200 21.213810 138.329498
v 7.034200 20.713810 138.329498
v 54.837898 18.413614 174.082306
v 49.287498 18.813614 169.381897
v 54.837898 17.913614 174.082306
v 49.287498 18.313614 169.381897
v 51.637600 18.413614 178.732605
v 58.588200 18.013613 182.532898
v 51.637600 17.913614 178.732605
v 58.588200 17.513514 182.532898
v 60.688400 18.013613 177.282501
v 60.688400 17.513514 177.282501
v 66.738800 17.613613 185.133102
v 66.738800 17.113514 185.133102
v 67.688904 17.613613 179.582703
v 67.688904 17.113514 179.582703
v 74.689400 17.213512 185.983200
v 74.689400 16.713512 185.983200
v 74.339401 17.213512 180.282700
v 74.339401 16.713512 180.282700
v 45.537201 18.813614 173.582199
v 45.537201 18.313614 173.582199
v 31.386101 19.613712 159.731201
v 31.386101 19.113712 159.731201
v 35.436401 19.613712 155.830902
v 35.436401 19.113712 155.830902
v 38.436600 19.213713 167.081696
v 38.436600 18.713614 167.081696
v 42.386902 19.213711 163.031403
v 42.386902 18.713612 163.031403
v -69.271698 12.013108 111.527397
v -60.271000 12.013107 107.227097
v -69.271698 11.513108 111.527397
v -60.271000 11.513107 107.227097
v -62.421200 12.013107 101.976700
v -72.071999 12.013107 106.626999
v -62.421200 11.513107 101.976700
v -72.071999 11.513107 106.626999
v -54.470600 12.013107 105.276901
v -54.470600 11.513107 105.276901
v -55.820702 12.013107 99.826500
v -55.820702 11.513107 99.826500
v 1.883800 3.812507 98.526398
v -2.766600 3.212407 98.526398
v 1.883800 3.312507 98.526398
v -2.766600 2.712407 98.526398
v 11.234500 6.812707 104.126900
v 15.884900 8.412908 104.126900
v 11.234500 6.312707 104.126900
v 15.884900 7.912807 104.126900
v 11.234500 6.812707 98.526398
v 11.234500 6.312707 98.526398
v 15.884900 8.412908 98.526398
v 15.884900 7.912807 98.526398
v 6.534100 5.012608 98.526398
v 6.534100 4.512608 98.526398
v -47.870098 12.013107 104.126900
v -47.870098 11.513107 104.126900
v 41.336800 12.313208 104.126900
v 41.336800 11.813107 104.126900
v 32.636200 11.613108 104.126900
v 32.636200 11.113108 104.126900
v 41.336800 12.313208 98.526398
v 32.636200 11.613108 98.526398
v 41.336800 11.813107 98.526398
v 32.636200 11.113108 98.526398
v 24.285500 10.413008 104.126900
v 24.285500 9.913008 104.126900
v 24.285500 10.413008 98.526398
v 24.285500 9.913008 98.526398
v 50.037498 12.813208 98.526398
v 50.037498 12.313208 98.526398
v -48.370098 12.013107 98.526398
v -48.370098 11.513107 98.526398
v -39.219398 11.613108 104.126900
v -39.219398 11.113108 104.126900
v -39.219398 11.613108 98.526398
v -39.219398 11.113108 98.526398
v 50.037498 12.813208 104.126900
v 50.037498 12.313208 104.126900
v 6.534100 5.012608 104.126900
v 6.534100 4.512608 104.126900
v -21.018000 7.012708 104.126900
v -21.018000 6.512708 104.126900
v -25.568300 8.612907 104.126900
v -25.568300 8.112807 104.126900
v -16.467600 5.412608 104.126900
v -16.467600 4.912608 104.126900
v -11.867300 4.012507 104.126900
v -11.867300 3.512508 104.126900
v -7.316900 3.212408 104.126900
v -7.316900 2.712408 104.126900
v -30.118700 10.013007 104.126900
v -30.118700 9.512908 104.126900
v -34.668999 11.013107 104.126900
v -34.668999 10.513007 104.126900
v -2.766600 3.212408 104.126900
v -2.766600 2.712408 104.126900
v -34.668999 11.013107 98.526398
v -34.668999 10.513007 98.526398
v -30.118700 10.013007 98.526398
v -30.118700 9.512908 98.526398
v 1.883800 3.812508 104.126900
v 1.883800 3.312508 104.126900
v -25.568300 8.612907 98.526398
v -25.568300 8.112807 98.526398
v -7.316900 3.212407 98.526398
v -7.316900 2.712407 98.526398
v -11.867300 4.012507 98.526398
v -11.867300 3.512507 98.526398
v -16.467600 5.412608 98.526398
v -16.467600 4.912608 98.526398
v -21.018000 7.012708 98.526398
v -21.018000 6.512708 98.526398
v -146.077698 12.013111 146.430099
v -150.278000 12.013110 144.330002
v -146.077698 11.513111 146.430099
v -150.278000 11.513110 144.330002
v -147.827805 12.013111 151.780502
v -142.177399 12.013111 153.230698
v -147.827805 11.513111 151.780502
v -142.177399 11.513111 153.230698
v -141.227295 12.013111 147.630203
v -141.227295 11.513111 147.630203
v -136.076904 12.013111 153.730698
v -136.076904 11.513111 153.730698
v -103.324402 12.013109 128.828796
v -110.324898 12.013110 133.929199
v -103.324402 11.513109 128.828796
v -110.324898 11.513110 133.929199
v -116.675400 12.013110 138.379501
v -116.675400 11.513110 138.379501
v -123.025902 12.013110 142.829803
v -123.025902 11.513110 142.829803
v -100.024101 12.013110 133.429092
v -100.024101 11.513110 133.429092
v -107.074699 12.013110 138.479507
v -107.074699 11.513110 138.479507
v -92.973602 12.013109 128.328705
v -92.973602 11.513109 128.328705
v -96.323799 12.013109 123.778397
v -96.323799 11.513109 123.778397
v -136.376907 12.013111 148.030197
v -136.376907 11.513111 148.030197
v -79.222504 12.013108 118.127899
v -69.271698 12.013108 111.527397
v -79.222504 11.513108 118.127899
v -69.271698 11.513108 111.527397
v -72.071999 12.013107 106.626999
v -82.572800 12.013108 113.627602
v -72.071999 11.513107 106.626999
v -82.572800 11.513108 113.627602
v -86.072998 12.013109 123.228302
v -86.072998 11.513109 123.228302
v -89.423302 12.013108 118.678001
v -89.423302 11.513108 118.678001
v -127.676300 12.013111 145.480103
v -127.676300 11.513111 145.480103
v -130.726501 12.013111 152.730606
v -130.726501 11.513111 152.730606
v -132.076599 12.013111 147.280197
v -132.076599 11.513111 147.280197
v -125.426102 12.013111 150.630402
v -125.426102 11.513111 150.630402
v -120.025703 12.013111 147.580200
v -120.025703 11.513111 147.580200
v -113.525200 12.013110 143.029907
v -113.525200 11.513110 143.029907
v -158.528702 12.013109 122.028198
v -157.128494 12.013108 118.328003
v -158.528702 11.513109 122.028198
v -157.128494 11.513108 118.328003
v -163.929092 12.013109 120.528099
v -164.829102 12.013109 125.828499
v -163.929092 11.513109 120.528099
v -164.829102 11.513109 125.828499
v -159.178696 12.013109 126.178596
v -159.178696 11.513109 126.178596
v -164.229095 12.013109 130.828903
v -164.229095 11.513109 130.828903
v -158.628693 12.013109 130.178894
v -158.628693 11.513109 130.178894
v -162.228897 12.013108 115.877800
v -162.228897 11.513108 115.877800
v -151.278107 12.013107 103.226799
v -155.978500 12.013107 106.977097
v -151.278107 11.513107 103.226799
v -155.978500 11.513107 106.977097
v -159.378693 12.013108 111.127403
v -159.378693 11.513108 111.127403
v -154.778397 12.013108 114.377602
v -152.028198 12.013108 111.027397
v -154.778397 11.513108 114.377602
v -152.028198 11.513108 111.027397
v -163.029007 12.013110 135.929306
v -163.029007 11.513110 135.929306
v -153.828293 12.013110 140.929703
v -153.828293 11.513110 140.929703
v -153.078201 12.013111 149.280304
v -153.078201 11.513111 149.280304
v -147.927795 12.013108 107.777100
v -147.927795 11.513108 107.777100
v -157.828598 12.013110 144.979996
v -157.828598 11.513110 144.979996
v -157.578598 12.013110 134.229202
v -157.578598 11.513110 134.229202
v -160.978897 12.013110 140.479706
v -160.978897 11.513110 140.479706
v -156.128494 12.013110 137.579498
v -156.128494 11.513110 137.579498
v -79.372498 8.412899 -11.932201
v -79.372498 8.412900 -2.031401
v -79.372498 7.912799 -11.932201
v -79.372498 7.912800 -2.031401
v -91.373398 11.513104 66.223900
v -84.172897 11.013104 58.573299
v -91.373398 11.013104 66.223900
v -84.172897 10.513004 58.573299
v -88.523201 11.013103 55.022999
v -95.273804 11.513104 62.123600
v -88.523201 10.513003 55.022999
v -95.273804 11.013104 62.123600
v -80.572601 10.763003 54.373001
v -77.522400 10.513003 49.072601
v -80.572601 10.263003 54.373001
v -77.522400 10.013003 49.072601
v -82.722801 10.513003 46.672401
v -85.373001 10.763003 51.372799
v -82.722801 10.013003 46.672401
v -85.373001 10.263003 51.372799
v -73.722099 8.412900 -2.031401
v -73.722099 8.412899 -11.532101
v -73.722099 7.912800 -2.031401
v -73.722099 7.912799 -11.532101
v -112.575104 12.013106 83.075203
v -101.274200 11.763105 74.524597
v -112.575104 11.513106 83.075203
v -101.274200 11.263105 74.524597
v -104.774498 11.763105 70.124199
v -115.925400 12.013105 78.574898
v -104.774498 11.263105 70.124199
v -115.925400 11.513105 78.574898
v -79.372498 8.612900 5.419199
v -79.372498 8.112800 5.419199
v -79.372498 8.812901 12.819799
v -79.372498 8.312901 12.819799
v -73.722099 8.612900 5.419199
v -73.722099 8.112800 5.419199
v -73.722099 8.812901 12.819799
v -73.722099 8.312901 12.819799
v -75.572197 10.363003 43.722198
v -74.622101 10.213003 37.871700
v -75.572197 9.863003 43.722198
v -74.622101 9.713003 37.871700
v -79.372498 9.162902 19.670300
v -79.372498 9.512902 26.470800
v -79.372498 8.662902 19.670300
v -79.372498 9.012902 26.470800
v -147.927795 12.013108 107.777100
v -136.626999 12.013107 100.276604
v -147.927795 11.513108 107.777100
v -136.626999 11.513107 100.276604
v -139.777206 12.013107 95.576202
v -151.278107 12.013107 103.226799
v -139.777206 11.513107 95.576202
v -151.278107 11.513107 103.226799
v -124.475998 12.013106 91.875900
v -124.475998 11.513106 91.875900
v -127.776299 12.013106 87.325600
v -127.776299 11.513106 87.325600
v -73.722099 9.162902 19.770300
v -73.722099 8.662902 19.770300
v -73.772102 9.512902 26.670799
v -73.772102 9.012902 26.670799
v -80.222603 10.213003 36.971600
v -80.972603 10.363003 42.071999
v -80.222603 9.713003 36.971600
v -80.972603 9.863003 42.071999
v -74.222099 9.863003 32.271301
v -74.222099 9.362903 32.271301
v -79.772499 9.863003 31.721201
v -79.772499 9.362903 31.721201
v -64.871399 7.412797 -35.484001
v -62.471199 7.212797 -37.034100
v -64.871399 6.912797 -35.484001
v -62.471199 6.712697 -37.034100
v -59.570999 7.012797 -38.434200
v -56.270699 6.812797 -39.434299
v -59.570999 6.512697 -38.434200
v -56.270699 6.312697 -39.434299
v -57.620800 6.812797 -45.034698
v -61.521099 7.012797 -43.784599
v -57.620800 6.312696 -45.034698
v -61.521099 6.512697 -43.784599
v -72.972000 8.212898 -22.333000
v -71.371902 8.012798 -27.483400
v -72.972000 7.712798 -22.333000
v -71.371902 7.512798 -27.483400
v -72.821999 0.412299 -13.382300
v -73.772102 0.212198 -20.432800
v -72.821999 -0.087801 -13.382300
v -73.772102 -0.287802 -20.432800
v -79.372498 0.212198 -20.182800
v -78.322403 0.412199 -12.232200
v -79.372498 -0.287802 -20.182800
v -78.322403 -0.087801 -12.232200
v -72.671997 0.112198 -29.983601
v -72.671997 -0.387802 -29.983601
v -78.122398 0.112198 -31.083599
v -78.122398 -0.387802 -31.083599
v -65.021400 7.212797 -42.084499
v -65.021400 6.712697 -42.084499
v -47.670101 2.612400 2.369000
v -51.020302 2.412400 2.969000
v -47.670101 2.112400 2.369000
v -51.020302 1.912400 2.969000
v -50.670300 2.412401 8.669400
v -46.520000 2.612401 7.919400
v -50.670300 1.912401 8.669400
v -46.520000 2.112401 7.919400
v -44.319801 2.812400 1.418900
v -44.319801 2.312400 1.418900
v -54.420601 2.212400 2.919000
v -57.970901 2.012400 2.118900
v -54.420601 1.712300 2.919000
v -57.970901 1.512300 2.118900
v -44.469799 6.212697 -44.234699
v -48.970200 6.412697 -45.234699
v -44.469799 5.712697 -44.234699
v -48.970200 5.912697 -45.234699
v -52.770500 6.612697 -39.784302
v -49.420200 6.412697 -39.584301
v -52.770500 6.112697 -39.784302
v -49.420200 5.912697 -39.584301
v -53.220501 6.612697 -45.434799
v -53.220501 6.112697 -45.434799
v -45.719898 6.212697 -38.734200
v -45.719898 5.712697 -38.734200
v -76.372299 8.012798 -30.233601
v -78.472397 8.212898 -23.683100
v -76.372299 7.512798 -30.233601
v -78.472397 7.712798 -23.683100
v -77.472397 0.612299 -9.131900
v -77.472397 0.112199 -9.131900
v -69.271698 7.812798 -30.883600
v -69.271698 7.312798 -30.883600
v -67.121597 7.612798 -33.483799
v -67.121597 7.112798 -33.483799
v -76.122299 0.812300 -5.731700
v -76.122299 0.312200 -5.731700
v -67.971603 7.412797 -40.184299
v -70.821800 7.612797 -37.834202
v -67.971603 6.912797 -40.184299
v -70.821800 7.112797 -37.834202
v -73.622101 7.812798 -34.433899
v -73.622101 7.312798 -34.433899
v -73.972099 1.012300 -2.581400
v -73.972099 0.512300 -2.581400
v -72.121902 0.612299 -10.882100
v -72.121902 0.112199 -10.882100
v -70.921898 0.812299 -8.081900
v -70.921898 0.312199 -8.081900
v -73.722099 8.412899 -11.532101
v -73.722099 7.912799 -11.532101
v -79.372498 8.412899 -11.932201
v -79.372498 7.912799 -11.932201
v -67.371597 1.212300 -3.481500
v -69.221703 1.012300 -5.581700
v -67.371597 0.712300 -3.481500
v -69.221703 0.512300 -5.581700
v -71.671898 1.212300 0.268800
v -71.671898 0.712300 0.268800
v -65.471397 1.412300 -1.631400
v -65.471397 0.912300 -1.631400
v -69.121696 1.412300 2.669000
v -69.121696 0.912300 2.669000
v -66.171501 1.612300 4.769100
v -66.171501 1.112300 4.769100
v -59.320999 2.012400 7.669400
v -54.920601 2.212401 8.519400
v -59.320999 1.512301 7.669400
v -54.920601 1.712301 8.519400
v -30.818701 4.412599 -18.632700
v -30.968800 4.212499 -15.232400
v -30.818701 3.912498 -18.632700
v -30.968800 3.712499 -15.232400
v -25.418301 4.212499 -14.332300
v -25.068300 4.412599 -18.532700
v -25.418301 3.712499 -14.332300
v -25.068300 3.912498 -18.532700
v -32.868900 3.812499 -9.231900
v -34.269001 3.612499 -6.581700
v -32.868900 3.312499 -9.231900
v -34.269001 3.112499 -6.581700
v -29.518700 3.612500 -3.131500
v -27.768499 3.812500 -6.631701
v -29.518700 3.112500 -3.131500
v -27.768499 3.312500 -6.631701
v -26.168400 4.012499 -10.582000
v -26.168400 3.512499 -10.582000
v -25.618299 4.612598 -22.882999
v -25.618299 4.112498 -22.882999
v -31.868799 4.812598 -25.333200
v -31.168800 4.612598 -22.082899
v -31.868799 4.312598 -25.333200
v -31.168800 4.112499 -22.082899
v -26.418400 4.812598 -26.983299
v -26.418400 4.312598 -26.983299
v -31.568800 4.012499 -12.282200
v -31.568800 3.512499 -12.282200
v -42.369598 2.812401 6.769300
v -38.769402 3.012400 5.069200
v -42.369598 2.312401 6.769300
v -38.769402 2.512400 5.069200
v -38.719398 3.212500 -1.731400
v -41.469601 3.012400 0.118800
v -38.719398 2.712400 -1.731400
v -41.469601 2.512400 0.118800
v -35.269100 3.212500 2.819000
v -35.269100 2.712400 2.819000
v -36.419201 3.412500 -3.931500
v -36.419201 2.912400 -3.931500
v -32.318901 3.412500 0.118800
v -32.318901 2.912400 0.118800
v -63.221298 1.612300 -0.131200
v -63.221298 1.112300 -0.131200
v -42.719700 6.012697 -37.534100
v -42.719700 5.512597 -37.534100
v -40.719501 6.012697 -42.834599
v -40.719501 5.512597 -42.834599
v -40.269501 5.812697 -36.183998
v -38.069302 5.612698 -34.583900
v -40.269501 5.312597 -36.183998
v -38.069302 5.112597 -34.583900
v -62.771198 1.812400 6.469300
v -62.771198 1.312300 6.469300
v -60.621101 1.812400 1.268900
v -60.621101 1.312300 1.268900
v -34.569000 5.612697 -39.034302
v -37.519299 5.812696 -41.134399
v -34.569000 5.112597 -39.034302
v -37.519299 5.312597 -41.134399
v -33.018902 5.012598 -27.883400
v -33.018902 4.512598 -27.883400
v -27.968500 5.012598 -30.333599
v -27.968500 4.512598 -30.333599
v -34.319000 5.212598 -30.083599
v -34.319000 4.712598 -30.083599
v -29.618700 5.212598 -33.283798
v -29.618700 4.712598 -33.283798
v -31.968800 5.412597 -36.334000
v -31.968800 4.912597 -36.334000
v -36.069199 5.412598 -32.533798
v -36.069199 4.912598 -32.533798
v 21.735300 44.415607 88.225601
v 22.835400 43.715607 96.676300
v 21.735300 43.915607 88.225601
v 22.835400 43.215508 96.676300
v 27.285801 44.415607 87.125504
v 24.885599 45.365707 78.424896
v 27.285801 43.915607 87.125504
v 24.885599 44.865707 78.424896
v 19.585199 45.365707 80.275002
v 19.585199 44.865707 80.275002
v 21.785299 46.465805 70.924301
v 21.785299 45.965805 70.924301
v 16.584900 46.465805 73.074402
v 16.584900 45.965805 73.074402
v 19.135099 47.365902 63.823696
v 19.135099 46.865803 63.823696
v 13.734700 47.365902 65.473900
v 13.734700 46.865803 65.473900
v 28.435801 43.715607 96.076202
v 28.435801 43.215508 96.076202
v 30.035999 40.165310 132.579102
v 30.035999 41.065407 124.478401
v 30.035999 39.665310 132.579102
v 30.035999 40.565308 124.478401
v 24.385500 40.165310 132.579102
v 24.385500 39.665310 132.579102
v 24.385500 41.065407 124.478401
v 24.385500 40.565308 124.478401
v 29.635900 41.865406 116.327797
v 29.635900 41.365406 116.327797
v 29.235901 42.665508 108.127197
v 29.235901 42.165508 108.127197
v 23.585501 42.665508 108.377197
v 23.585501 42.165508 108.377197
v 23.985500 41.865406 116.427803
v 23.985500 41.365406 116.427803
v 16.784901 48.366005 55.823097
v 16.784901 47.865902 55.823097
v 11.784600 50.316101 13.369796
v 11.534500 50.366100 5.319196
v 11.784600 49.816101 13.369796
v 11.534500 49.866100 5.319196
v 12.034600 50.266102 21.420397
v 12.034600 49.766102 21.420397
v 6.184100 50.316101 13.569797
v 6.184100 49.816101 13.569797
v 5.934100 50.366100 5.319196
v 5.934100 49.866100 5.319196
v 6.434100 50.266102 21.820496
v 6.434100 49.766102 21.820496
v 5.884100 50.316101 4.069096
v 5.884100 49.866100 4.069096
v 11.484500 50.316101 3.969096
v 11.484500 49.866100 3.969096
v 6.984200 50.066105 29.321096
v 7.534200 49.816105 36.821598
v 6.984200 49.566105 29.321096
v 7.534200 49.316006 36.821598
v 11.284500 48.366005 56.973198
v 11.284500 47.865902 56.973198
v 14.684800 49.116005 47.272396
v 14.684800 48.616005 47.272396
v 9.134400 49.116005 47.972496
v 9.134400 48.616005 47.972496
v 13.134700 49.816105 36.221596
v 13.134700 49.316006 36.221596
v 12.584600 50.066105 28.820995
v 12.584600 49.566105 28.820995
v -169.252701 1.462313 178.927307
v -144.613297 1.462314 184.222504
v -144.613297 26.264214 184.222504
v -169.252701 26.264214 178.927307
v 12.734600 54.866501 4.769196
v 4.734000 54.866501 4.769196
v -55.170601 7.962799 -20.532801
v -50.970299 6.612699 -20.982901
v -57.770802 4.362598 -20.282801
v -50.970299 2.162398 -20.982901
v -47.070000 4.362598 -21.382900
v -55.170601 0.812298 -20.532801
v -51.870399 11.063098 -20.882799
v -59.671001 0.262198 -20.082800
v -59.671001 8.512898 -20.082800
v -51.870399 -2.288002 -20.882900
v -25.618299 27.514315 200.434296
v -34.368999 27.114315 201.134399
v -28.568600 27.514315 205.284698
v 11.234500 31.114614 198.034103
v 9.284400 30.314516 206.134796
v 15.084800 31.114614 202.134506
v -0.266400 29.514515 203.934601
v 1.633800 29.514515 209.235001
v -20.968000 27.914316 208.985001
v -5.266800 28.914415 210.685104
v -12.867400 28.314415 204.784698
v -13.417400 28.314415 210.385101
v -5.866800 28.914415 205.034698
v -30.318701 27.114315 197.184097
v 6.284100 30.314516 201.284393
v -19.367901 27.914415 203.534607
v 24.385500 37.615112 149.880402
v 24.385500 36.465012 159.081100
v 30.035999 37.615112 149.980392
v 30.035999 36.465012 159.281097
v 24.385500 38.715210 140.679703
v 30.035999 38.715210 140.679703
v 24.385500 39.665310 132.579102
v 30.035999 39.665310 132.579102
v 19.635201 32.714714 186.833298
v 15.734900 31.914715 193.433807
v 24.785601 32.714714 189.233505
v 20.285200 31.914715 196.784103
v 23.335501 34.714912 173.032196
v 22.085400 33.714817 180.032700
v 28.935900 34.714912 173.732300
v 27.535801 33.714817 181.432800
v 23.885500 35.614910 166.081696
v 29.485901 35.614910 166.531693
v -25.468300 23.114012 145.980103
v -20.618000 22.714012 143.479904
v -28.818600 23.114012 141.429703
v -23.118200 22.714010 138.429504
v -40.869499 25.114113 169.731903
v -39.269402 24.714111 163.681503
v -46.520000 25.114113 169.181900
v -44.719799 24.714111 162.381393
v -36.819199 24.314112 157.781006
v -42.119598 24.314112 155.780899
v -33.969002 23.914011 153.380707
v -38.819401 23.914011 150.480499
v -29.918699 23.514011 149.430405
v -34.118999 23.514011 145.580093
v -40.769501 25.514214 176.232498
v -46.419998 25.514214 176.582504
v -34.469002 26.714315 192.683701
v -39.219398 26.714315 195.684006
v -37.319302 26.314213 188.333405
v -42.569698 26.314215 190.383606
v -39.569401 25.914213 182.482895
v -45.069901 25.914213 183.733002
v 117.942802 14.063311 141.679794
v 110.792198 13.913310 133.779099
v 112.292397 14.063311 141.479706
v 112.592400 13.913309 123.628403
v 107.391998 13.913309 125.828499
v 104.091698 15.113413 168.681900
v 114.592499 14.713312 162.781403
v 109.542099 14.713312 160.281204
v 112.242401 14.313312 151.180496
v 117.792801 14.313312 152.480606
v 116.392700 13.913310 132.779099
v 108.542099 15.113414 172.132095
v 100.841499 15.513413 179.032700
v 97.191200 15.513413 174.732300
v 92.790802 15.913413 182.983002
v 90.040604 15.913413 178.082596
v 83.690102 16.313414 185.433197
v 82.040001 16.313513 179.982697
v 74.689400 16.713512 185.983200
v 74.339401 16.713512 180.282700
v 78.189697 13.513207 99.326500
v 67.488899 13.113208 98.526398
v 77.239601 13.513207 104.876900
v 67.288902 13.113208 104.126900
v 58.738201 12.713207 98.526398
v 50.037498 12.313208 98.526398
v 58.638199 12.713207 104.126900
v 50.037498 12.313208 104.126900
v 87.790497 13.713307 101.676697
v 85.790298 13.713307 106.977097
v 107.692001 13.913308 115.977798
v 103.091599 13.913308 119.178001
v 101.891502 13.913308 109.827301
v 97.991203 13.913308 113.927597
v 95.091003 13.913307 104.926903
v 92.140800 13.913308 109.727303
v -34.668999 10.513007 98.526398
v -39.219398 11.113108 98.526398
v -34.668999 10.513007 104.126900
v -39.219398 11.113108 104.126900
v -30.118700 9.512908 98.526398
v -30.118700 9.512908 104.126900
v -25.568300 8.112807 98.526398
v -25.568300 8.112807 104.126900
v -21.018000 6.512708 98.526398
v -21.018000 6.512708 104.126900
v -16.467600 4.912608 98.526398
v -16.467600 4.912608 104.126900
v 11.234500 6.312707 98.526398
v 11.234500 6.312707 104.126900
v 15.884900 7.912807 98.526398
v 15.884900 7.912807 104.126900
v 6.534100 4.512608 98.526398
v 6.534100 4.512608 104.126900
v 24.285500 9.913008 98.526398
v 24.285500 9.913008 104.126900
v 32.636200 11.113108 98.526398
v 32.636200 11.113108 104.126900
v 1.883800 3.312507 98.526398
v -2.766600 2.712407 98.526398
v 1.883800 3.312508 104.126900
v -2.766600 2.712408 104.126900
v -11.867300 3.512507 98.526398
v -11.867300 3.512508 104.126900
v -62.421200 11.513107 101.976700
v -72.071999 11.513107 106.626999
v -60.271000 11.513107 107.227097
v -69.271698 11.513108 111.527397
v 41.336800 11.813107 98.526398
v 41.336800 11.813107 104.126900
v 50.037498 12.313208 98.526398
v 50.037498 12.313208 104.126900
v -55.820702 11.513107 99.826500
v -54.470600 11.513107 105.276901
v -7.316900 2.712407 98.526398
v -7.316900 2.712408 104.126900
v -48.370098 11.513107 98.526398
v -47.870098 11.513107 104.126900
v -36.069199 4.912598 -32.533798
v -34.319000 4.712598 -30.083599
v -31.968800 4.912597 -36.334000
v -29.618700 4.712598 -33.283798
v -40.269501 5.312597 -36.183998
v -37.519299 5.312597 -41.134399
v -42.719700 5.512597 -37.534100
v -40.719501 5.512597 -42.834599
v -38.069302 5.112597 -34.583900
v -34.569000 5.112597 -39.034302
v -45.719898 5.712697 -38.734200
v -44.469799 5.712697 -44.234699
v -49.420200 5.912697 -39.584301
v -48.970200 5.912697 -45.234699
v -31.168800 4.112499 -22.082899
v -25.618299 4.112498 -22.882999
v -31.868799 4.312598 -25.333200
v -26.418400 4.312598 -26.983299
v -30.818701 3.912498 -18.632700
v -25.068300 3.912498 -18.532700
v -33.018902 4.512598 -27.883400
v -27.968500 4.512598 -30.333599
v -69.271698 7.312798 -30.883600
v -73.622101 7.312798 -34.433899
v -71.371902 7.512798 -27.483400
v -76.372299 7.512798 -30.233601
v -67.121597 7.112798 -33.483799
v -70.821800 7.112797 -37.834202
v -72.972000 7.712798 -22.333000
v -78.472397 7.712798 -23.683100
v -73.722099 7.912799 -11.532101
v -79.372498 7.912799 -11.932201
v -64.871399 6.912797 -35.484001
v -62.471199 6.712697 -37.034100
v -67.971603 6.912797 -40.184299
v -65.021400 6.712697 -42.084499
v -52.770500 6.112697 -39.784302
v -53.220501 6.112697 -45.434799
v -56.270699 6.312697 -39.434299
v -57.620800 6.312696 -45.034698
v -59.570999 6.512697 -38.434200
v -61.521099 6.512697 -43.784599
v -30.968800 3.712499 -15.232400
v -31.568800 3.512499 -12.282200
v -25.418301 3.712499 -14.332300
v -26.168400 3.512499 -10.582000
v -65.471397 0.912300 -1.631400
v -69.121696 0.912300 2.669000
v -63.221298 1.112300 -0.131200
v -66.171501 1.112300 4.769100
v -67.371597 0.712300 -3.481500
v -71.671898 0.712300 0.268800
v -60.621101 1.312300 1.268900
v -62.771198 1.312300 6.469300
v -57.970901 1.512300 2.118900
v -59.320999 1.512301 7.669400
v -69.221703 0.512300 -5.581700
v -70.921898 0.312199 -8.081900
v -73.972099 0.512300 -2.581400
v -76.122299 0.312200 -5.731700
v -72.671997 -0.387802 -29.983601
v -78.122398 -0.387802 -31.083599
v -73.772102 -0.287802 -20.432800
v -79.372498 -0.287802 -20.182800
v -72.821999 -0.087801 -13.382300
v -78.322403 -0.087801 -12.232200
v -72.121902 0.112199 -10.882100
v -77.472397 0.112199 -9.131900
v -54.420601 1.712300 2.919000
v -54.920601 1.712301 8.519400
v -51.020302 1.912400 2.969000
v -50.670300 1.912401 8.669400
v -36.419201 2.912400 -3.931500
v -38.719398 2.712400 -1.731400
v -32.318901 2.912400 0.118800
v -35.269100 2.712400 2.819000
v -32.868900 3.312499 -9.231900
v -27.768499 3.312500 -6.631701
v -34.269001 3.112499 -6.581700
v -29.518700 3.112500 -3.131500
v -47.670101 2.112400 2.369000
v -46.520000 2.112401 7.919400
v -44.319801 2.312400 1.418900
v -42.369598 2.312401 6.769300
v -41.469601 2.512400 0.118800
v -38.769402 2.512400 5.069200
v 24.385500 39.665310 132.579102
v 30.035999 39.665310 132.579102
v 24.385500 40.565308 124.478401
v 30.035999 40.565308 124.478401
v 16.584900 45.965805 73.074402
v 19.585199 44.865707 80.275002
v 21.785299 45.965805 70.924301
v 24.885599 44.865707 78.424896
v 21.735300 43.915607 88.225601
v 27.285801 43.915607 87.125504
v 22.835400 43.215508 96.676300
v 28.435801 43.215508 96.076202
v 23.585501 42.165508 108.377197
v 29.235901 42.165508 108.127197
v 23.985500 41.365406 116.427803
v 29.635900 41.365406 116.327797
v 13.734700 46.865803 65.473900
v 19.135099 46.865803 63.823696
v 6.184100 49.816101 13.569797
v 6.434100 49.766102 21.820496
v 11.784600 49.816101 13.369796
v 12.034600 49.766102 21.420397
v 5.934100 49.866100 5.319196
v 11.534500 49.866100 5.319196
v 6.984200 49.566105 29.321096
v 7.534200 49.316006 36.821598
v 12.584600 49.566105 28.820995
v 13.134700 49.316006 36.221596
v 9.134400 48.616005 47.972496
v 11.284500 47.865902 56.973198
v 14.684800 48.616005 47.272396
v 16.784901 47.865902 55.823097
v 5.884100 49.866100 4.069096
v 5.934100 49.866100 5.319196
v 11.484500 49.866100 3.969096
v 11.534500 49.866100 5.319196
v -5.866800 29.414515 205.034698
v -12.867400 28.814415 204.784698
v -5.866800 28.914415 205.034698
v -12.867400 28.314415 204.784698
v -5.266800 29.414515 210.685104
v 1.633800 30.014515 209.235001
v -5.266800 28.914415 210.685104
v 1.633800 29.514515 209.235001
v -0.266400 30.014515 203.934601
v -0.266400 29.514515 203.934601
v 9.284400 30.814615 206.134796
v 9.284400 30.314516 206.134796
v 6.284100 30.814615 201.284393
v 6.284100 30.314516 201.284393
v -13.417400 28.814415 210.385101
v -13.417400 28.314415 210.385101
v 24.785601 33.214817 189.233505
v 27.535801 34.214817 181.432800
v 24.785601 32.714714 189.233505
v 27.535801 33.714817 181.432800
v 22.085400 34.214817 180.032700
v 19.635201 33.214817 186.833298
v 22.085400 33.714817 180.032700
v 19.635201 32.714714 186.833298
v 28.935900 35.214912 173.732300
v 28.935900 34.714912 173.732300
v 23.335501 35.214912 173.032196
v 23.335501 34.714912 173.032196
v -20.968000 28.414415 208.985001
v -20.968000 27.914316 208.985001
v -19.367901 28.414415 203.534607
v -19.367901 27.914415 203.534607
v -34.368999 27.614315 201.134399
v -28.568600 28.014416 205.284698
v -34.368999 27.114315 201.134399
v -28.568600 27.514315 205.284698
v 24.385500 38.115211 149.880402
v 24.385500 37.615112 149.880402
v 24.385500 39.215210 140.679703
v 24.385500 38.715210 140.679703
v 30.035999 40.165310 132.579102
v 30.035999 39.665310 132.579102
v 30.035999 39.215210 140.679703
v 30.035999 38.715210 140.679703
v 24.385500 40.165310 132.579102
v 24.385500 39.665310 132.579102
v 23.885500 36.115013 166.081696
v 23.885500 35.614910 166.081696
v 24.385500 36.965111 159.081100
v 24.385500 36.465012 159.081100
v 30.035999 38.115211 149.980392
v 30.035999 37.615112 149.980392
v 30.035999 36.965111 159.281097
v 30.035999 36.465012 159.281097
v -25.618299 28.014416 200.434296
v -30.318701 27.614315 197.184097
v -25.618299 27.514315 200.434296
v -30.318701 27.114315 197.184097
v 29.485901 36.115013 166.531693
v 29.485901 35.614910 166.531693
v 15.734900 32.414715 193.433807
v 15.734900 31.914715 193.433807
v -36.819199 24.814112 157.781006
v -33.969002 24.414112 153.380707
v -36.819199 24.314112 157.781006
v -33.969002 23.914011 153.380707
v -42.119598 24.814112 155.780899
v -44.719799 25.214111 162.381393
v -42.119598 24.314112 155.780899
v -44.719799 24.714111 162.381393
v -39.269402 25.214111 163.681503
v -39.269402 24.714111 163.681503
v -46.520000 25.614214 169.181900
v -46.520000 25.114113 169.181900
v -40.869499 25.614214 169.731903
v -40.869499 25.114113 169.731903
v -46.419998 26.014214 176.582504
v -46.419998 25.514214 176.582504
v -38.819401 24.414112 150.480499
v -38.819401 23.914011 150.480499
v -23.118200 23.214010 138.429504
v -28.818600 23.614012 141.429703
v -23.118200 22.714010 138.429504
v -28.818600 23.114012 141.429703
v -25.468300 23.614012 145.980103
v -20.618000 23.214012 143.479904
v -25.468300 23.114012 145.980103
v -20.618000 22.714012 143.479904
v -34.118999 24.014111 145.580093
v -34.118999 23.514011 145.580093
v -29.918699 24.014111 149.430405
v -29.918699 23.514011 149.430405
v -40.769501 26.014214 176.232498
v -40.769501 25.514214 176.232498
v -34.469002 27.214315 192.683701
v -34.469002 26.714315 192.683701
v 15.084800 31.614614 202.134506
v 15.084800 31.114614 202.134506
v 11.234500 31.614614 198.034103
v 11.234500 31.114614 198.034103
v 20.285200 32.414715 196.784103
v 20.285200 31.914715 196.784103
v -39.219398 27.214315 195.684006
v -39.219398 26.714315 195.684006
v -45.069901 26.414213 183.733002
v -45.069901 25.914213 183.733002
v -39.569401 26.414213 182.482895
v -39.569401 25.914213 182.482895
v -42.569698 26.814316 190.383606
v -42.569698 26.314215 190.383606
v -37.319302 26.814314 188.333405
v -37.319302 26.314213 188.333405
v 58.738201 13.213207 98.526398
v 58.738201 12.713207 98.526398
v 67.488899 13.613308 98.526398
v 67.488899 13.113208 98.526398
v 58.638199 13.213207 104.126900
v 67.288902 13.613308 104.126900
v 58.638199 12.713207 104.126900
v 67.288902 13.113208 104.126900
v 50.037498 12.813208 104.126900
v 50.037498 12.313208 104.126900
v 87.790497 14.213307 101.676697
v 78.189697 14.013308 99.326500
v 87.790497 13.713307 101.676697
v 78.189697 13.513207 99.326500
v 77.239601 14.013308 104.876900
v 85.790298 14.213307 106.977097
v 77.239601 13.513207 104.876900
v 85.790298 13.713307 106.977097
v 50.037498 12.813208 98.526398
v 50.037498 12.313208 98.526398
v 74.689400 17.213512 185.983200
v 83.690102 16.813513 185.433197
v 74.689400 16.713512 185.983200
v 83.690102 16.313414 185.433197
v 82.040001 16.813513 179.982697
v 74.339401 17.213512 180.282700
v 82.040001 16.313513 179.982697
v 74.339401 16.713512 180.282700
v 92.790802 16.413513 182.983002
v 92.790802 15.913413 182.983002
v 90.040604 16.413513 178.082596
v 90.040604 15.913413 178.082596
v 104.091698 15.613413 168.681900
v 97.191200 16.013412 174.732300
v 104.091698 15.113413 168.681900
v 97.191200 15.513413 174.732300
v 100.841499 16.013412 179.032700
v 108.542099 15.613414 172.132095
v 100.841499 15.513413 179.032700
v 108.542099 15.113414 172.132095
v 114.592499 15.213412 162.781403
v 114.592499 14.713312 162.781403
v 92.140800 14.413308 109.727303
v 92.140800 13.913308 109.727303
v 117.792801 14.813312 152.480606
v 117.792801 14.313312 152.480606
v 112.242401 14.813312 151.180496
v 109.542099 15.213412 160.281204
v 112.242401 14.313312 151.180496
v 109.542099 14.713312 160.281204
v 117.942802 14.563311 141.679794
v 117.942802 14.063311 141.679794
v 116.392700 14.413310 132.779099
v 112.592400 14.413309 123.628403
v 116.392700 13.913310 132.779099
v 112.592400 13.913309 123.628403
v 110.792198 14.413310 133.779099
v 112.292397 14.563311 141.479706
v 110.792198 13.913310 133.779099
v 112.292397 14.063311 141.479706
v 95.091003 14.413307 104.926903
v 95.091003 13.913307 104.926903
v 107.391998 14.413309 125.828499
v 107.391998 13.913309 125.828499
v 107.692001 14.413308 115.977798
v 107.692001 13.913308 115.977798
v 103.091599 14.413308 119.178001
v 103.091599 13.913308 119.178001
v 97.991203 14.413308 113.927597
v 97.991203 13.913308 113.927597
v 101.891502 14.413308 109.827301
v 101.891502 13.913308 109.827301
v -69.271698 12.013108 111.527397
v -60.271000 12.013107 107.227097
v -69.271698 11.513108 111.527397
v -60.271000 11.513107 107.227097
v -62.421200 12.013107 101.976700
v -72.071999 12.013107 106.626999
v -62.421200 11.513107 101.976700
v -72.071999 11.513107 106.626999
v -54.470600 12.013107 105.276901
v -54.470600 11.513107 105.276901
v -55.820702 12.013107 99.826500
v -55.820702 11.513107 99.826500
v 1.883800 3.812507 98.526398
v -2.766600 3.212407 98.526398
v 1.883800 3.312507 98.526398
v -2.766600 2.712407 98.526398
v 11.234500 6.812707 104.126900
v 15.884900 8.412908 104.126900
v 11.234500 6.312707 104.126900
v 15.884900 7.912807 104.126900
v 11.234500 6.812707 98.526398
v 11.234500 6.312707 98.526398
v 15.884900 8.412908 98.526398
v 15.884900 7.912807 98.526398
v 6.534100 5.012608 98.526398
v 6.534100 4.512608 98.526398
v -47.870098 12.013107 104.126900
v -47.870098 11.513107 104.126900
v 41.336800 12.313208 104.126900
v 41.336800 11.813107 104.126900
v 32.636200 11.613108 104.126900
v 32.636200 11.113108 104.126900
v 41.336800 12.313208 98.526398
v 32.636200 11.613108 98.526398
v 41.336800 11.813107 98.526398
v 32.636200 11.113108 98.526398
v 24.285500 10.413008 104.126900
v 24.285500 9.913008 104.126900
v 24.285500 10.413008 98.526398
v 24.285500 9.913008 98.526398
v 50.037498 12.813208 98.526398
v 50.037498 12.313208 98.526398
v -48.370098 12.013107 98.526398
v -48.370098 11.513107 98.526398
v -39.219398 11.613108 104.126900
v -39.219398 11.113108 104.126900
v -39.219398 11.613108 98.526398
v -39.219398 11.113108 98.526398
v 50.037498 12.813208 104.126900
v 50.037498 12.313208 104.126900
v 6.534100 5.012608 104.126900
v 6.534100 4.512608 104.126900
v -21.018000 7.012708 104.126900
v -21.018000 6.512708 104.126900
v -25.568300 8.612907 104.126900
v -25.568300 8.112807 104.126900
v -16.467600 5.412608 104.126900
v -16.467600 4.912608 104.126900
v -11.867300 4.012507 104.126900
v -11.867300 3.512508 104.126900
v -7.316900 3.212408 104.126900
v -7.316900 2.712408 104.126900
v -30.118700 10.013007 104.126900
v -30.118700 9.512908 104.126900
v -34.668999 11.013107 104.126900
v -34.668999 10.513007 104.126900
v -2.766600 3.212408 104.126900
v -2.766600 2.712408 104.126900
v -34.668999 11.013107 98.526398
v -34.668999 10.513007 98.526398
v -30.118700 10.013007 98.526398
v -30.118700 9.512908 98.526398
v 1.883800 3.812508 104.126900
v 1.883800 3.312508 104.126900
v -25.568300 8.612907 98.526398
v -25.568300 8.112807 98.526398
v -7.316900 3.212407 98.526398
v -7.316900 2.712407 98.526398
v -11.867300 4.012507 98.526398
v -11.867300 3.512507 98.526398
v -16.467600 5.412608 98.526398
v -16.467600 4.912608 98.526398
v -21.018000 7.012708 98.526398
v -21.018000 6.512708 98.526398
v -79.372498 8.412899 -11.932201
v -79.372498 8.412900 -2.031401
v -79.372498 7.912799 -11.932201
v -79.372498 7.912800 -2.031401
v -91.373398 11.513104 66.223900
v -84.172897 11.013104 58.573299
v -91.373398 11.013104 66.223900
v -84.172897 10.513004 58.573299
v -88.523201 11.013103 55.022999
v -95.273804 11.513104 62.123600
v -88.523201 10.513003 55.022999
v -95.273804 11.013104 62.123600
v -80.572601 10.763003 54.373001
v -77.522400 10.513003 49.072601
v -80.572601 10.263003 54.373001
v -77.522400 10.013003 49.072601
v -82.722801 10.513003 46.672401
v -85.373001 10.763003 51.372799
v -82.722801 10.013003 46.672401
v -85.373001 10.263003 51.372799
v -73.722099 8.412900 -2.031401
v -73.722099 8.412899 -11.532101
v -73.722099 7.912800 -2.031401
v -73.722099 7.912799 -11.532101
v -112.575104 12.013106 83.075203
v -101.274200 11.763105 74.524597
v -112.575104 11.513106 83.075203
v -101.274200 11.263105 74.524597
v -104.774498 11.763105 70.124199
v -115.925400 12.013105 78.574898
v -104.774498 11.263105 70.124199
v -115.925400 11.513105 78.574898
v -79.372498 8.612900 5.419199
v -79.372498 8.112800 5.419199
v -79.372498 8.812901 12.819799
v -79.372498 8.312901 12.819799
v -73.722099 8.612900 5.419199
v -73.722099 8.112800 5.419199
v -73.722099 8.812901 12.819799
v -73.722099 8.312901 12.819799
v -75.572197 10.363003 43.722198
v -74.622101 10.213003 37.871700
v -75.572197 9.863003 43.722198
v -74.622101 9.713003 37.871700
v -79.372498 9.162902 19.670300
v -79.372498 9.512902 26.470800
v -79.372498 8.662902 19.670300
v -79.372498 9.012902 26.470800
v -147.927795 12.013108 107.777100
v -136.626999 12.013107 100.276604
v -147.927795 11.513108 107.777100
v -136.626999 11.513107 100.276604
v -139.777206 12.013107 95.576202
v -151.278107 12.013107 103.226799
v -139.777206 11.513107 95.576202
v -151.278107 11.513107 103.226799
v -124.475998 12.013106 91.875900
v -124.475998 11.513106 91.875900
v -127.776299 12.013106 87.325600
v -127.776299 11.513106 87.325600
v -73.722099 9.162902 19.770300
v -73.722099 8.662902 19.770300
v -73.772102 9.512902 26.670799
v -73.772102 9.012902 26.670799
v -80.222603 10.213003 36.971600
v -80.972603 10.363003 42.071999
v -80.222603 9.713003 36.971600
v -80.972603 9.863003 42.071999
v -74.222099 9.863003 32.271301
v -74.222099 9.362903 32.271301
v -79.772499 9.863003 31.721201
v -79.772499 9.362903 31.721201
v -64.871399 7.412797 -35.484001
v -62.471199 7.212797 -37.034100
v -64.871399 6.912797 -35.484001
v -62.471199 6.712697 -37.034100
v -59.570999 7.012797 -38.434200
v -56.270699 6.812797 -39.434299
v -59.570999 6.512697 -38.434200
v -56.270699 6.312697 -39.434299
v -57.620800 6.812797 -45.034698
v -61.521099 7.012797 -43.784599
v -57.620800 6.312696 -45.034698
v -61.521099 6.512697 -43.784599
v -72.972000 8.212898 -22.333000
v -71.371902 8.012798 -27.483400
v -72.972000 7.712798 -22.333000
v -71.371902 7.512798 -27.483400
v -72.821999 0.412299 -13.382300
v -73.772102 0.212198 -20.432800
v -72.821999 -0.087801 -13.382300
v -73.772102 -0.287802 -20.432800
v -79.372498 0.212198 -20.182800
v -78.322403 0.412199 -12.232200
v -79.372498 -0.287802 -20.182800
v -78.322403 -0.087801 -12.232200
v -72.671997 0.112198 -29.983601
v -72.671997 -0.387802 -29.983601
v -78.122398 0.112198 -31.083599
v -78.122398 -0.387802 -31.083599
v -65.021400 7.212797 -42.084499
v -65.021400 6.712697 -42.084499
v -47.670101 2.612400 2.369000
v -51.020302 2.412400 2.969000
v -47.670101 2.112400 2.369000
v -51.020302 1.912400 2.969000
v -50.670300 2.412401 8.669400
v -46.520000 2.612401 7.919400
v -50.670300 1.912401 8.669400
v -46.520000 2.112401 7.919400
v -44.319801 2.812400 1.418900
v -44.319801 2.312400 1.418900
v -54.420601 2.212400 2.919000
v -57.970901 2.012400 2.118900
v -54.420601 1.712300 2.919000
v -57.970901 1.512300 2.118900
v -44.469799 6.212697 -44.234699
v -48.970200 6.412697 -45.234699
v -44.469799 5.712697 -44.234699
v -48.970200 5.912697 -45.234699
v -52.770500 6.612697 -39.784302
v -49.420200 6.412697 -39.584301
v -52.770500 6.112697 -39.784302
v -49.420200 5.912697 -39.584301
v -53.220501 6.612697 -45.434799
v -53.220501 6.112697 -45.434799
v -45.719898 6.212697 -38.734200
v -45.719898 5.712697 -38.734200
v -76.372299 8.012798 -30.233601
v -78.472397 8.212898 -23.683100
v -76.372299 7.512798 -30.233601
v -78.472397 7.712798 -23.683100
v -77.472397 0.612299 -9.131900
v -77.472397 0.112199 -9.131900
v -69.271698 7.812798 -30.883600
v -69.271698 7.312798 -30.883600
v -67.121597 7.612798 -33.483799
v -67.121597 7.112798 -33.483799
v -76.122299 0.812300 -5.731700
v -76.122299 0.312200 -5.731700
v -67.971603 7.412797 -40.184299
v -70.821800 7.612797 -37.834202
v -67.971603 6.912797 -40.184299
v -70.821800 7.112797 -37.834202
v -73.622101 7.812798 -34.433899
v -73.622101 7.312798 -34.433899
v -73.972099 1.012300 -2.581400
v -73.972099 0.512300 -2.581400
v -72.121902 0.612299 -10.882100
v -72.121902 0.112199 -10.882100
v -70.921898 0.812299 -8.081900
v -70.921898 0.312199 -8.081900
v -73.722099 8.412899 -11.532101
v -73.722099 7.912799 -11.532101
v -79.372498 8.412899 -11.932201
v -79.372498 7.912799 -11.932201
v -67.371597 1.212300 -3.481500
v -69.221703 1.012300 -5.581700
v -67.371597 0.712300 -3.481500
v -69.221703 0.512300 -5.581700
v -71.671898 1.212300 0.268800
v -71.671898 0.712300 0.268800
v -65.471397 1.412300 -1.631400
v -65.471397 0.912300 -1.631400
v -69.121696 1.412300 2.669000
v -69.121696 0.912300 2.669000
v -66.171501 1.612300 4.769100
v -66.171501 1.112300 4.769100
v -59.320999 2.012400 7.669400
v -54.920601 2.212401 8.519400
v -59.320999 1.512301 7.669400
v -54.920601 1.712301 8.519400
v -30.818701 4.412599 -18.632700
v -30.968800 4.212499 -15.232400
v -30.818701 3.912498 -18.632700
v -30.968800 3.712499 -15.232400
v -25.418301 4.212499 -14.332300
v -25.068300 4.412599 -18.532700
v -25.418301 3.712499 -14.332300
v -25.068300 3.912498 -18.532700
v -32.868900 3.812499 -9.231900
v -34.269001 3.612499 -6.581700
v -32.868900 3.312499 -9.231900
v -34.269001 3.112499 -6.581700
v -29.518700 3.612500 -3.131500
v -27.768499 3.812500 -6.631701
v -29.518700 3.112500 -3.131500
v -27.768499 3.312500 -6.631701
v -26.168400 4.012499 -10.582000
v -26.168400 3.512499 -10.582000
v -25.618299 4.612598 -22.882999
v -25.618299 4.112498 -22.882999
v -31.868799 4.812598 -25.333200
v -31.168800 4.612598 -22.082899
v -31.868799 4.312598 -25.333200
v -31.168800 4.112499 -22.082899
v -26.418400 4.812598 -26.983299
v -26.418400 4.312598 -26.983299
v -31.568800 4.012499 -12.282200
v -31.568800 3.512499 -12.282200
v -42.369598 2.812401 6.769300
v -38.769402 3.012400 5.069200
v -42.369598 2.312401 6.769300
v -38.769402 2.512400 5.069200
v -38.719398 3.212500 -1.731400
v -41.469601 3.012400 0.118800
v -38.719398 2.712400 -1.731400
v -41.469601 2.512400 0.118800
v -35.269100 3.212500 2.819000
v -35.269100 2.712400 2.819000
v -36.419201 3.412500 -3.931500
v -36.419201 2.912400 -3.931500
v -32.318901 3.412500 0.118800
v -32.318901 2.912400 0.118800
v -63.221298 1.612300 -0.131200
v -63.221298 1.112300 -0.131200
v -42.719700 6.012697 -37.534100
v -42.719700 5.512597 -37.534100
v -40.719501 6.012697 -42.834599
v -40.719501 5.512597 -42.834599
v -40.269501 5.812697 -36.183998
v -38.069302 5.612698 -34.583900
v -40.269501 5.312597 -36.183998
v -38.069302 5.112597 -34.583900
v -62.771198 1.812400 6.469300
v -62.771198 1.312300 6.469300
v -60.621101 1.812400 1.268900
v -60.621101 1.312300 1.268900
v -34.569000 5.612697 -39.034302
v -37.519299 5.812696 -41.134399
v -34.569000 5.112597 -39.034302
v -37.519299 5.312597 -41.134399
v -33.018902 5.012598 -27.883400
v -33.018902 4.512598 -27.883400
v -27.968500 5.012598 -30.333599
v -27.968500 4.512598 -30.333599
v -34.319000 5.212598 -30.083599
v -34.319000 4.712598 -30.083599
v -29.618700 5.212598 -33.283798
v -29.618700 4.712598 -33.283798
v -31.968800 5.412597 -36.334000
v -31.968800 4.912597 -36.334000
v -36.069199 5.412598 -32.533798
v -36.069199 4.912598 -32.533798
v -65.921501 -0.487804 -46.984901
v -60.921101 -0.737804 -54.935501
v -65.921501 -0.987904 -46.984901
v -60.921101 -1.237904 -54.935501
v -78.122398 0.112198 -31.083599
v -78.122398 -0.387802 -31.083599
v -75.022202 0.012197 -40.784401
v -75.022202 -0.487803 -40.784401
v -72.671997 0.112198 -29.983601
v -70.221802 0.012197 -38.884201
v -72.671997 -0.387802 -29.983601
v -70.221802 -0.487803 -38.884201
v -49.120201 9.712992 -112.889999
v -49.120201 9.212892 -112.889999
v -48.270100 11.763091 -118.240402
v -48.270100 11.263091 -118.240402
v -49.920200 0.162194 -79.287399
v -49.920200 -0.337806 -79.287399
v -51.520401 -0.337806 -74.137001
v -51.520401 -0.837806 -74.137001
v -48.320099 1.062294 -84.437798
v -48.320099 0.562294 -84.437798
v -70.921898 -0.487804 -49.685101
v -70.921898 -0.987904 -49.685101
v -65.721497 -0.737804 -57.885700
v -65.721497 -1.237904 -57.885700
v -49.970200 7.612792 -107.539597
v -49.970200 7.112792 -107.539597
v -56.970798 -0.337806 -75.687103
v -60.771099 -0.837805 -67.236397
v -56.970798 -0.837806 -75.687103
v -60.771099 -1.337905 -67.236397
v -55.720699 -0.837805 -64.636200
v -55.720699 -1.337905 -64.636200
v -55.470699 0.162194 -80.687500
v -55.470699 -0.337806 -80.687500
v -50.770302 5.662693 -102.139099
v -50.770302 5.162592 -102.139099
v -51.520401 3.862493 -96.788696
v -51.520401 3.362493 -96.788696
v -52.770500 2.262393 -91.238297
v -52.770500 1.762393 -91.238297
v -53.970501 1.062294 -85.737900
v -53.970501 0.562294 -85.737900
v -47.220001 2.262393 -90.138199
v -46.069901 3.862493 -95.788696
v -47.220001 1.762393 -90.138199
v -46.069901 3.362493 -95.788696
v -35.019100 18.413689 -142.792297
v -40.519501 17.213591 -136.091797
v -35.019100 17.913589 -142.792297
v -40.519501 16.713490 -136.091797
v -35.819099 17.213591 -132.941498
v -30.868799 18.413691 -138.942001
v -35.819099 16.713490 -132.941498
v -30.868799 17.913591 -138.942001
v -43.369701 16.213490 -131.741501
v -43.369701 15.713490 -131.741501
v -45.519901 14.963390 -127.441101
v -45.519901 14.463390 -127.441101
v -24.568300 19.613789 -144.992493
v -24.568300 19.113689 -144.992493
v -11.417200 21.613888 -159.543594
v -20.317900 20.563789 -154.493195
v -11.417200 21.113888 -159.543594
v -20.317900 20.063789 -154.493195
v -17.367701 20.563789 -149.692795
v -8.817000 21.613888 -154.543198
v -17.367701 20.063789 -149.692795
v -8.817000 21.113888 -154.543198
v -28.118500 19.613789 -149.342804
v -28.118500 19.113689 -149.342804
v -38.419300 16.213490 -129.041199
v -38.419300 15.713490 -129.041199
v -40.319500 14.963390 -125.190903
v -40.319500 14.463390 -125.190903
v -43.619701 9.712992 -111.689903
v -42.869701 11.763091 -116.740303
v -43.619701 9.212892 -111.689903
v -42.869701 11.263091 -116.740303
v -45.219898 5.662693 -101.239098
v -45.219898 5.162592 -101.239098
v -44.419800 7.612792 -106.689499
v -44.419800 7.112792 -106.689499
v -47.070000 13.563291 -122.840797
v -47.070000 13.063190 -122.840797
v -41.769600 13.563291 -120.940598
v -41.769600 13.063190 -120.940598
v 5.634100 24.514093 -71.886803
v 5.634100 23.964094 -71.886803
v 5.634100 21.063894 -76.587196
v 5.634100 20.513794 -76.587196
v 5.634100 28.064394 -67.186401
v 5.634100 27.514395 -67.186401
v 11.234500 12.713193 -90.638298
v 11.234500 12.213193 -90.638298
v 11.234500 15.013393 -85.937897
v 11.234500 14.513393 -85.937897
v 11.234500 10.813092 -95.338600
v 11.234500 10.312992 -95.338600
v 11.234500 9.212893 -99.988998
v 11.234500 8.712893 -99.988998
v 5.634100 17.863594 -81.287498
v 5.634100 17.313595 -81.237503
v 5.634100 38.515198 -53.135303
v 5.634100 41.165398 -48.435005
v 5.634100 37.965195 -53.135303
v 5.634100 40.665398 -48.435005
v 11.234500 24.514093 -71.886803
v 11.234500 23.964094 -71.886803
v 11.234500 28.064394 -67.186401
v 11.234500 27.514395 -67.186401
v 11.234500 21.063894 -76.537201
v 11.234500 20.513794 -76.587196
v 11.234500 17.863594 -81.237503
v 11.234500 17.313595 -81.237503
v 5.634100 15.013393 -85.937897
v 5.634100 14.513393 -85.937897
v 11.234500 8.012893 -104.689301
v 11.234500 7.512792 -104.689301
v 11.234500 6.812791 -118.740402
v 11.234500 7.212790 -123.440804
v 11.234500 6.312691 -118.740402
v 11.234500 6.712790 -123.440804
v 5.634100 6.812791 -118.740402
v 5.634100 6.312691 -118.740402
v 5.634100 7.212790 -123.440804
v 5.634100 6.712790 -123.440804
v 5.634100 6.812791 -114.090103
v 5.634100 6.312691 -114.090103
v 5.634100 7.212792 -109.389702
v 5.634100 6.712792 -109.389702
v 5.634100 8.012893 -104.689301
v 5.634100 7.512792 -104.689301
v 11.234500 6.812791 -114.090103
v 11.234500 6.312691 -114.090103
v 5.634100 9.212893 -99.988998
v 5.634100 8.712893 -99.988998
v 5.634100 10.813092 -95.338600
v 5.634100 10.312992 -95.338600
v 5.634100 12.713193 -90.638298
v 5.634100 12.213193 -90.638298
v 11.234500 7.212792 -109.389702
v 11.234500 6.712792 -109.389702
v 5.634100 35.214996 -57.835705
v 5.634100 34.664898 -57.835705
v 11.234500 48.115898 -24.983204
v 11.234500 47.365894 -29.683504
v 11.234500 47.615898 -24.983204
v 11.234500 46.865894 -29.683504
v 5.634100 48.115898 -24.983204
v 5.634100 47.615898 -24.983204
v 5.634100 47.365894 -29.683504
v 5.634100 46.865894 -29.683504
v 5.634100 48.816002 -20.282804
v 5.634100 48.316002 -20.282804
v 5.634100 49.366001 -15.632403
v 5.634100 48.866001 -15.632403
v 5.634100 49.766102 -10.932104
v 5.634100 49.265999 -10.932104
v 11.234500 48.816002 -20.282804
v 11.234500 48.316002 -20.282804
v 11.384500 50.066101 -3.481504
v 11.234500 49.766102 -10.932104
v 11.384500 49.566101 -3.481504
v 11.234500 49.265999 -10.932104
v 11.484500 50.316101 3.969096
v 11.484500 49.866100 3.969096
v 5.734100 50.066101 -3.431504
v 5.734100 49.566101 -3.431504
v 5.884100 50.316101 4.069096
v 5.884100 49.866100 4.069096
v 11.234500 49.366001 -15.632403
v 11.234500 48.866001 -15.632403
v 11.234500 46.315796 -34.383904
v 11.234500 45.815796 -34.383904
v 11.234500 38.465195 -53.185303
v 11.234500 37.965195 -53.135303
v 11.234500 41.165398 -48.435005
v 11.234500 40.665398 -48.435005
v 11.234500 35.214996 -57.835705
v 11.234500 34.664898 -57.835705
v 11.234500 31.714697 -62.486103
v 11.234500 31.164597 -62.486103
v 5.634100 31.714697 -62.486103
v 5.634100 31.164597 -62.486103
v 5.634100 46.315796 -34.383904
v 5.634100 45.815796 -34.383904
v 11.234500 44.915695 -39.084305
v 11.234500 44.415695 -39.084305
v 11.234500 43.215595 -43.734604
v 11.234500 42.715496 -43.734604
v 5.634100 43.215595 -43.734604
v 5.634100 42.715496 -43.734604
v 5.634100 44.915695 -39.084305
v 5.634100 44.415695 -39.084305
v 21.735300 44.415607 88.225601
v 22.835400 43.715607 96.676300
v 21.735300 43.915607 88.225601
v 22.835400 43.215508 96.676300
v 27.285801 44.415607 87.125504
v 24.885599 45.365707 78.424896
v 27.285801 43.915607 87.125504
v 24.885599 44.865707 78.424896
v 19.585199 45.365707 80.275002
v 19.585199 44.865707 80.275002
v 21.785299 46.465805 70.924301
v 21.785299 45.965805 70.924301
v 16.584900 46.465805 73.074402
v 16.584900 45.965805 73.074402
v 19.135099 47.365902 63.823696
v 19.135099 46.865803 63.823696
v 13.734700 47.365902 65.473900
v 13.734700 46.865803 65.473900
v 28.435801 43.715607 96.076202
v 28.435801 43.215508 96.076202
v 30.035999 40.165310 132.579102
v 30.035999 41.065407 124.478401
v 30.035999 39.665310 132.579102
v 30.035999 40.565308 124.478401
v 24.385500 40.165310 132.579102
v 24.385500 39.665310 132.579102
v 24.385500 41.065407 124.478401
v 24.385500 40.565308 124.478401
v 29.635900 41.865406 116.327797
v 29.635900 41.365406 116.327797
v 29.235901 42.665508 108.127197
v 29.235901 42.165508 108.127197
v 23.585501 42.665508 108.377197
v 23.585501 42.165508 108.377197
v 23.985500 41.865406 116.427803
v 23.985500 41.365406 116.427803
v 16.784901 48.366005 55.823097
v 16.784901 47.865902 55.823097
v 11.784600 50.316101 13.369796
v 11.534500 50.366100 5.319196
v 11.784600 49.816101 13.369796
v 11.534500 49.866100 5.319196
v 12.034600 50.266102 21.420397
v 12.034600 49.766102 21.420397
v 6.184100 50.316101 13.569797
v 6.184100 49.816101 13.569797
v 5.934100 50.366100 5.319196
v 5.934100 49.866100 5.319196
v 6.434100 50.266102 21.820496
v 6.434100 49.766102 21.820496
v 5.884100 50.316101 4.069096
v 5.884100 49.866100 4.069096
v 11.484500 50.316101 3.969096
v 11.484500 49.866100 3.969096
v 6.984200 50.066105 29.321096
v 7.534200 49.816105 36.821598
v 6.984200 49.566105 29.321096
v 7.534200 49.316006 36.821598
v 11.284500 48.366005 56.973198
v 11.284500 47.865902 56.973198
v 14.684800 49.116005 47.272396
v 14.684800 48.616005 47.272396
v 9.134400 49.116005 47.972496
v 9.134400 48.616005 47.972496
v 13.134700 49.816105 36.221596
v 13.134700 49.316006 36.221596
v 12.584600 50.066105 28.820995
v 12.584600 49.566105 28.820995
v 104.073402 12.563183 -232.683395
v 80.229698 12.563182 -240.845306
v 80.229698 37.365181 -240.845306
v 104.073402 37.365181 -232.683395
v 92.591003 14.163380 -265.478302
v 68.201698 14.163379 -271.826599
v 68.201698 38.965282 -271.826599
v 92.591003 38.965282 -265.478302
v -51.910900 3.312489 -147.844406
v -74.693199 3.312490 -137.069199
v -74.693199 28.114391 -137.069107
v -51.910900 28.114389 -147.844406
v 4.284000 54.866501 4.769196
v 4.284000 54.615639 4.769191
v 4.734000 54.866501 4.769196
v 4.734000 54.616501 4.769196
v 4.284000 53.461292 4.769172
v 4.284000 53.208084 4.769167
v 4.734000 53.616402 4.769196
v 4.734000 53.366402 4.769196
v 12.734600 54.866501 4.769196
v 12.734600 54.616501 4.769196
v 13.184700 54.866501 4.769196
v 13.184700 54.618137 4.769191
v 12.734600 53.616402 4.769196
v 12.734600 53.366402 4.769196
v 13.184700 53.466339 4.769172
v 13.184700 53.211571 4.769167
v 12.734600 53.366402 4.769196
v 4.734000 53.366402 4.769196
v 4.384000 19.863785 -198.446594
v 2.833900 19.213684 -198.446594
v 5.334100 18.463684 -198.446594
v 4.134000 17.263584 -198.446594
v 6.734200 17.513584 -198.446594
v 6.084100 15.963485 -198.446594
v 8.384300 17.163586 -198.446594
v 8.384300 15.513485 -198.446594
v 10.084400 17.513584 -198.446594
v 10.684500 15.963485 -198.446594
v 11.484500 18.463684 -198.446594
v 12.684600 17.263584 -198.446594
v 12.434600 19.863785 -198.446594
v 13.984700 19.213684 -198.446594
v 12.734600 21.513885 -198.446594
v 14.434800 21.513885 -198.446594
v 4.034000 21.513885 -198.446594
v 2.383800 21.513885 -198.446594
v 13.984700 23.814085 -198.446594
v 12.434600 23.163984 -198.446594
v 11.484500 24.614185 -198.446594
v 12.684600 25.764185 -198.446594
v 10.084400 25.514185 -198.446594
v 10.684500 27.064285 -198.446594
v 8.384300 25.864285 -198.446594
v 8.384300 27.564384 -198.446594
v 4.384000 23.163984 -198.446594
v 2.833900 23.814085 -198.446594
v 5.334100 24.614185 -198.446594
v 4.134000 25.764185 -198.446594
v 6.734200 25.514185 -198.446594
v 6.084100 27.064285 -198.446594
v -45.219898 5.162592 -101.239098
v -44.419800 7.112792 -106.689499
v -50.770302 5.162592 -102.139099
v -49.970200 7.112792 -107.539597
v -46.069901 3.362493 -95.788696
v -51.520401 3.362493 -96.788696
v -43.619701 9.212892 -111.689903
v -42.869701 11.263091 -116.740303
v -49.120201 9.212892 -112.889999
v -48.270100 11.263091 -118.240402
v -47.220001 1.762393 -90.138199
v -52.770500 1.762393 -91.238297
v -48.320099 0.562294 -84.437798
v -53.970501 0.562294 -85.737900
v -60.921101 -1.237904 -54.935501
v -55.720699 -1.337905 -64.636200
v -65.721497 -1.237904 -57.885700
v -60.771099 -1.337905 -67.236397
v -51.520401 -0.837806 -74.137001
v -56.970798 -0.837806 -75.687103
v -49.920200 -0.337806 -79.287399
v -55.470699 -0.337806 -80.687500
v -41.769600 13.063190 -120.940598
v -40.319500 14.463390 -125.190903
v -47.070000 13.063190 -122.840797
v -45.519901 14.463390 -127.441101
v -17.367701 20.063789 -149.692795
v -8.817000 21.113888 -154.543198
v -20.317900 20.063789 -154.493195
v -11.417200 21.113888 -159.543594
v -65.921501 -0.987904 -46.984901
v -70.921898 -0.987904 -49.685101
v -72.671997 -0.387802 -29.983601
v -70.221802 -0.487803 -38.884201
v -78.122398 -0.387802 -31.083599
v -75.022202 -0.487803 -40.784401
v -24.568300 19.113689 -144.992493
v -28.118500 19.113689 -149.342804
v -38.419300 15.713490 -129.041199
v -35.819099 16.713490 -132.941498
v -43.369701 15.713490 -131.741501
v -40.519501 16.713490 -136.091797
v -30.868799 17.913591 -138.942001
v -35.019100 17.913589 -142.792297
v 60.788399 24.314085 -197.296494
v 66.138802 24.314085 -204.147003
v 56.588001 24.314085 -201.046799
v 61.488400 24.314085 -207.297302
v 50.537601 24.714186 -187.045700
v 46.887299 24.714184 -191.346100
v 39.536701 24.714186 -179.245102
v 36.486500 24.714186 -183.995499
v 28.385799 24.314087 -172.844604
v 25.735600 24.314087 -177.794998
v 16.885000 23.514086 -166.944199
v 14.384800 23.514086 -171.994598
v 2.883900 22.313988 -160.293701
v 0.433700 22.313986 -165.343994
v -8.817000 21.113888 -154.543198
v -11.417200 21.113888 -159.543594
v 70.939102 24.314085 -212.247696
v 65.888802 24.314083 -214.747894
v 55.187901 24.314081 -264.701813
v 47.087299 24.314079 -266.701904
v 52.787701 24.314081 -259.551392
v 45.987202 24.314081 -261.151489
v 62.388500 24.314081 -260.151398
v 58.788200 24.314081 -255.801102
v 67.938904 24.314081 -254.350998
v 63.438599 24.314081 -250.900696
v 72.389297 24.314081 -247.000397
v 67.238899 24.314081 -244.600204
v 74.289398 24.314083 -220.498306
v 68.889000 24.314083 -222.098404
v 76.039497 24.314083 -229.649002
v 70.389099 24.314083 -229.848999
v 75.289497 24.314083 -238.349701
v 69.739098 24.314083 -237.199600
v 11.684500 24.314081 -249.450607
v 8.784300 24.314081 -242.350006
v 16.634899 24.314081 -246.700394
v 14.184700 24.314081 -240.649902
v 7.034200 24.314083 -234.449402
v 12.584600 24.314083 -233.499298
v 6.034100 24.064083 -226.148804
v 11.634500 24.064083 -225.698700
v 5.634100 23.514082 -217.248093
v 11.234500 23.514082 -217.148102
v 16.434900 24.314081 -256.051086
v 20.635201 24.314081 -252.250793
v 47.087299 24.314079 -266.701904
v 38.736599 24.314079 -267.252014
v 45.987202 24.314081 -261.151489
v 39.236698 24.314081 -261.601501
v 30.686001 24.314079 -265.351807
v 32.686199 24.314081 -260.051392
v 23.035400 24.314081 -261.851501
v 26.235701 24.314081 -257.201202
v 5.634100 22.613985 -207.847305
v 5.634100 21.513885 -198.446594
v 11.234500 22.613985 -207.797302
v 11.234500 21.513885 -198.446594
v 5.634100 12.913189 -151.593002
v 5.634100 10.713090 -142.192200
v 11.234500 12.913189 -151.593002
v 11.234500 10.713090 -142.192200
v 5.634100 15.113388 -160.943695
v 11.234500 15.113388 -160.943695
v 5.634100 8.512890 -132.841507
v 5.634100 6.712790 -123.440804
v 11.234500 8.512890 -132.841507
v 11.234500 6.712790 -123.440804
v 5.634100 17.013586 -170.344498
v 11.234500 17.013586 -170.344498
v 5.634100 18.713686 -179.695206
v 11.234500 18.713686 -179.695206
v 5.634100 20.213787 -189.095901
v 11.234500 20.213787 -189.095901
v 5.634100 10.312992 -95.338600
v 11.234500 10.312992 -95.338600
v 5.634100 8.712893 -99.988998
v 11.234500 8.712893 -99.988998
v 5.634100 7.512792 -104.689301
v 11.234500 7.512792 -104.689301
v 5.634100 23.964094 -71.886803
v 5.634100 27.514395 -67.186401
v 11.234500 23.964094 -71.886803
v 11.234500 27.514395 -67.186401
v 5.634100 20.513794 -76.587196
v 11.234500 20.513794 -76.587196
v 5.634100 17.313595 -81.237503
v 11.234500 17.313595 -81.237503
v 5.634100 14.513393 -85.937897
v 11.234500 14.513393 -85.937897
v 5.634100 12.213193 -90.638298
v 11.234500 12.213193 -90.638298
v 5.634100 6.712792 -109.389702
v 11.234500 6.712792 -109.389702
v 5.634100 6.312691 -114.090103
v 11.234500 6.312691 -114.090103
v 5.634100 6.312691 -118.740402
v 11.234500 6.312691 -118.740402
v 5.634100 6.712790 -123.440804
v 11.234500 6.712790 -123.440804
v 5.634100 37.965195 -53.135303
v 5.634100 40.665398 -48.435005
v 11.234500 37.965195 -53.135303
v 11.234500 40.665398 -48.435005
v 5.634100 34.664898 -57.835705
v 11.234500 34.664898 -57.835705
v 5.634100 48.866001 -15.632403
v 5.634100 49.265999 -10.932104
v 11.234500 48.866001 -15.632403
v 11.234500 49.265999 -10.932104
v 5.634100 48.316002 -20.282804
v 11.234500 48.316002 -20.282804
v 5.634100 47.615898 -24.983204
v 11.234500 47.615898 -24.983204
v 5.634100 46.865894 -29.683504
v 11.234500 46.865894 -29.683504
v 5.884100 49.866100 4.069096
v 11.484500 49.866100 3.969096
v 5.734100 49.566101 -3.431504
v 11.384500 49.566101 -3.481504
v 5.634100 42.715496 -43.734604
v 11.234500 42.715496 -43.734604
v 5.634100 44.415695 -39.084305
v 11.234500 44.415695 -39.084305
v 5.634100 31.164597 -62.486103
v 11.234500 31.164597 -62.486103
v 5.634100 45.815796 -34.383904
v 11.234500 45.815796 -34.383904
v -65.921501 -0.487804 -46.984901
v -60.921101 -0.737804 -54.935501
v -65.921501 -0.987904 -46.984901
v -60.921101 -1.237904 -54.935501
v -78.122398 0.112198 -31.083599
v -78.122398 -0.387802 -31.083599
v -75.022202 0.012197 -40.784401
v -75.022202 -0.487803 -40.784401
v -72.671997 0.112198 -29.983601
v -70.221802 0.012197 -38.884201
v -72.671997 -0.387802 -29.983601
v -70.221802 -0.487803 -38.884201
v -49.120201 9.712992 -112.889999
v -49.120201 9.212892 -112.889999
v -48.270100 11.763091 -118.240402
v -48.270100 11.263091 -118.240402
v -49.920200 0.162194 -79.287399
v -49.920200 -0.337806 -79.287399
v -51.520401 -0.337806 -74.137001
v -51.520401 -0.837806 -74.137001
v -48.320099 1.062294 -84.437798
v -48.320099 0.562294 -84.437798
v -70.921898 -0.487804 -49.685101
v -70.921898 -0.987904 -49.685101
v -65.721497 -0.737804 -57.885700
v -65.721497 -1.237904 -57.885700
v -49.970200 7.612792 -107.539597
v -49.970200 7.112792 -107.539597
v -56.970798 -0.337806 -75.687103
v -60.771099 -0.837805 -67.236397
v -56.970798 -0.837806 -75.687103
v -60.771099 -1.337905 -67.236397
v -55.720699 -0.837805 -64.636200
v -55.720699 -1.337905 -64.636200
v -55.470699 0.162194 -80.687500
v -55.470699 -0.337806 -80.687500
v -50.770302 5.662693 -102.139099
v -50.770302 5.162592 -102.139099
v -51.520401 3.862493 -96.788696
v -51.520401 3.362493 -96.788696
v -52.770500 2.262393 -91.238297
v -52.770500 1.762393 -91.238297
v -53.970501 1.062294 -85.737900
v -53.970501 0.562294 -85.737900
v -47.220001 2.262393 -90.138199
v -46.069901 3.862493 -95.788696
v -47.220001 1.762393 -90.138199
v -46.069901 3.362493 -95.788696
v -35.019100 18.413689 -142.792297
v -40.519501 17.213591 -136.091797
v -35.019100 17.913589 -142.792297
v -40.519501 16.713490 -136.091797
v -35.819099 17.213591 -132.941498
v -30.868799 18.413691 -138.942001
v -35.819099 16.713490 -132.941498
v -30.868799 17.913591 -138.942001
v -43.369701 16.213490 -131.741501
v -43.369701 15.713490 -131.741501
v -45.519901 14.963390 -127.441101
v -45.519901 14.463390 -127.441101
v -24.568300 19.613789 -144.992493
v -24.568300 19.113689 -144.992493
v -11.417200 21.613888 -159.543594
v -20.317900 20.563789 -154.493195
v -11.417200 21.113888 -159.543594
v -20.317900 20.063789 -154.493195
v -17.367701 20.563789 -149.692795
v -8.817000 21.613888 -154.543198
v -17.367701 20.063789 -149.692795
v -8.817000 21.113888 -154.543198
v -28.118500 19.613789 -149.342804
v -28.118500 19.113689 -149.342804
v -38.419300 16.213490 -129.041199
v -38.419300 15.713490 -129.041199
v -40.319500 14.963390 -125.190903
v -40.319500 14.463390 -125.190903
v -43.619701 9.712992 -111.689903
v -42.869701 11.763091 -116.740303
v -43.619701 9.212892 -111.689903
v -42.869701 11.263091 -116.740303
v -45.219898 5.662693 -101.239098
v -45.219898 5.162592 -101.239098
v -44.419800 7.612792 -106.689499
v -44.419800 7.112792 -106.689499
v -47.070000 13.563291 -122.840797
v -47.070000 13.063190 -122.840797
v -41.769600 13.563291 -120.940598
v -41.769600 13.063190 -120.940598
v 39.536701 25.214186 -179.245102
v 50.537601 25.214186 -187.045700
v 39.536701 24.714186 -179.245102
v 50.537601 24.714186 -187.045700
v 46.887299 25.214184 -191.346100
v 36.486500 25.214186 -183.995499
v 46.887299 24.714184 -191.346100
v 36.486500 24.714186 -183.995499
v 60.788399 24.814184 -197.296494
v 60.788399 24.314085 -197.296494
v 56.588001 24.814184 -201.046799
v 56.588001 24.314085 -201.046799
v 52.787701 24.814180 -259.551392
v 58.788200 24.814180 -255.801102
v 52.787701 24.314081 -259.551392
v 58.788200 24.314081 -255.801102
v 55.187901 24.814180 -264.701813
v 47.087299 24.814178 -266.701904
v 55.187901 24.314081 -264.701813
v 47.087299 24.314079 -266.701904
v 45.987202 24.814180 -261.151489
v 45.987202 24.314081 -261.151489
v 25.735600 24.814186 -177.794998
v 25.735600 24.314087 -177.794998
v 2.883900 22.813988 -160.293701
v 16.885000 24.014086 -166.944199
v 2.883900 22.313988 -160.293701
v 16.885000 23.514086 -166.944199
v 28.385799 24.814186 -172.844604
v 28.385799 24.314087 -172.844604
v -8.817000 21.613888 -154.543198
v -8.817000 21.113888 -154.543198
v 0.433700 22.813986 -165.343994
v -11.417200 21.613888 -159.543594
v 0.433700 22.313986 -165.343994
v -11.417200 21.113888 -159.543594
v 14.384800 24.014086 -171.994598
v 14.384800 23.514086 -171.994598
v 66.138802 24.814184 -204.147003
v 66.138802 24.314085 -204.147003
v 75.289497 24.814182 -238.349701
v 72.389297 24.814180 -247.000397
v 75.289497 24.314083 -238.349701
v 72.389297 24.314081 -247.000397
v 67.238899 24.814180 -244.600204
v 69.739098 24.814182 -237.199600
v 67.238899 24.314081 -244.600204
v 69.739098 24.314083 -237.199600
v 67.938904 24.814180 -254.350998
v 67.938904 24.314081 -254.350998
v 63.438599 24.814180 -250.900696
v 63.438599 24.314081 -250.900696
v 62.388500 24.814180 -260.151398
v 62.388500 24.314081 -260.151398
v 70.389099 24.814182 -229.848999
v 70.389099 24.314083 -229.848999
v 61.488400 24.814184 -207.297302
v 61.488400 24.314085 -207.297302
v 70.939102 24.814184 -212.247696
v 70.939102 24.314085 -212.247696
v 65.888802 24.814182 -214.747894
v 65.888802 24.314083 -214.747894
v 74.289398 24.814182 -220.498306
v 74.289398 24.314083 -220.498306
v 76.039497 24.814182 -229.649002
v 76.039497 24.314083 -229.649002
v 68.889000 24.814182 -222.098404
v 68.889000 24.314083 -222.098404
v 12.584600 24.814182 -233.499298
v 14.184700 24.814180 -240.649902
v 12.584600 24.314083 -233.499298
v 14.184700 24.314081 -240.649902
v 7.034200 24.814182 -234.449402
v 6.034100 24.564182 -226.148804
v 7.034200 24.314083 -234.449402
v 6.034100 24.064083 -226.148804
v 11.634500 24.564182 -225.698700
v 11.634500 24.064083 -225.698700
v 5.634100 24.014082 -217.248093
v 5.634100 23.514082 -217.248093
v 11.234500 23.113985 -207.797302
v 11.234500 24.014082 -217.148102
v 11.234500 22.613985 -207.797302
v 11.234500 23.514082 -217.148102
v 5.634100 23.113985 -207.847305
v 5.634100 22.613985 -207.847305
v 5.634100 22.013985 -198.446594
v 5.634100 21.513885 -198.446594
v 8.784300 24.814180 -242.350006
v 8.784300 24.314081 -242.350006
v 23.035400 24.814180 -261.851501
v 16.434900 24.814180 -256.051086
v 23.035400 24.314081 -261.851501
v 16.434900 24.314081 -256.051086
v 26.235701 24.814180 -257.201202
v 32.686199 24.814180 -260.051392
v 26.235701 24.314081 -257.201202
v 32.686199 24.314081 -260.051392
v 30.686001 24.814178 -265.351807
v 30.686001 24.314079 -265.351807
v 38.736599 24.814178 -267.252014
v 38.736599 24.314079 -267.252014
v 20.635201 24.814180 -252.250793
v 20.635201 24.314081 -252.250793
v 16.634899 24.814180 -246.700394
v 16.634899 24.314081 -246.700394
v 11.684500 24.814180 -249.450607
v 11.684500 24.314081 -249.450607
v 11.234500 22.013985 -198.446594
v 11.234500 21.513885 -198.446594
v 5.634100 9.012890 -132.841507
v 5.634100 8.512890 -132.841507
v 5.634100 11.213090 -142.192200
v 5.634100 10.713090 -142.192200
v 5.634100 7.212790 -123.440804
v 5.634100 6.712790 -123.440804
v 11.234500 13.413288 -151.593002
v 11.234500 12.913189 -151.593002
v 11.234500 11.213090 -142.192200
v 11.234500 10.713090 -142.192200
v 11.234500 15.613487 -160.943695
v 11.234500 15.113388 -160.943695
v 11.234500 9.012890 -132.841507
v 11.234500 8.512890 -132.841507
v 39.236698 24.814180 -261.601501
v 39.236698 24.314081 -261.601501
v 45.987202 24.814180 -261.151489
v 45.987202 24.314081 -261.151489
v 47.087299 24.814178 -266.701904
v 47.087299 24.314079 -266.701904
v 11.234500 7.212790 -123.440804
v 11.234500 6.712790 -123.440804
v 5.634100 13.413288 -151.593002
v 5.634100 12.913189 -151.593002
v 5.634100 15.613487 -160.943695
v 5.634100 15.113388 -160.943695
v 11.234500 20.713886 -189.095901
v 11.234500 20.213787 -189.095901
v 11.234500 19.213686 -179.695206
v 11.234500 18.713686 -179.695206
v 5.634100 20.713886 -189.095901
v 5.634100 20.213787 -189.095901
v 5.634100 19.213686 -179.695206
v 5.634100 18.713686 -179.695206
v 5.634100 17.513586 -170.344498
v 5.634100 17.013586 -170.344498
v 11.234500 17.513586 -170.344498
v 11.234500 17.013586 -170.344498
v 5.634100 24.514093 -71.886803
v 5.634100 23.964094 -71.886803
v 5.634100 21.063894 -76.587196
v 5.634100 20.513794 -76.587196
v 5.634100 28.064394 -67.186401
v 5.634100 27.514395 -67.186401
v 11.234500 12.713193 -90.638298
v 11.234500 12.213193 -90.638298
v 11.234500 15.013393 -85.937897
v 11.234500 14.513393 -85.937897
v 11.234500 10.813092 -95.338600
v 11.234500 10.312992 -95.338600
v 11.234500 9.212893 -99.988998
v 11.234500 8.712893 -99.988998
v 5.634100 17.863594 -81.287498
v 5.634100 17.313595 -81.237503
v 5.634100 38.515198 -53.135303
v 5.634100 41.165398 -48.435005
v 5.634100 37.965195 -53.135303
v 5.634100 40.665398 -48.435005
v 11.234500 24.514093 -71.886803
v 11.234500 23.964094 -71.886803
v 11.234500 28.064394 -67.186401
v 11.234500 27.514395 -67.186401
v 11.234500 21.063894 -76.537201
v 11.234500 20.513794 -76.587196
v 11.234500 17.863594 -81.237503
v 11.234500 17.313595 -81.237503
v 5.634100 15.013393 -85.937897
v 5.634100 14.513393 -85.937897
v 11.234500 8.012893 -104.689301
v 11.234500 7.512792 -104.689301
v 11.234500 6.812791 -118.740402
v 11.234500 7.212790 -123.440804
v 11.234500 6.312691 -118.740402
v 11.234500 6.712790 -123.440804
v 5.634100 6.812791 -118.740402
v 5.634100 6.312691 -118.740402
v 5.634100 7.212790 -123.440804
v 5.634100 6.712790 -123.440804
v 5.634100 6.812791 -114.090103
v 5.634100 6.312691 -114.090103
v 5.634100 7.212792 -109.389702
v 5.634100 6.712792 -109.389702
v 5.634100 8.012893 -104.689301
v 5.634100 7.512792 -104.689301
v 11.234500 6.812791 -114.090103
v 11.234500 6.312691 -114.090103
v 5.634100 9.212893 -99.988998
v 5.634100 8.712893 -99.988998
v 5.634100 10.813092 -95.338600
v 5.634100 10.312992 -95.338600
v 5.634100 12.713193 -90.638298
v 5.634100 12.213193 -90.638298
v 11.234500 7.212792 -109.389702
v 11.234500 6.712792 -109.389702
v 5.634100 35.214996 -57.835705
v 5.634100 34.664898 -57.835705
v 11.234500 48.115898 -24.983204
v 11.234500 47.365894 -29.683504
v 11.234500 47.615898 -24.983204
v 11.234500 46.865894 -29.683504
v 5.634100 48.115898 -24.983204
v 5.634100 47.615898 -24.983204
v 5.634100 47.365894 -29.683504
v 5.634100 46.865894 -29.683504
v 5.634100 48.816002 -20.282804
v 5.634100 48.316002 -20.282804
v 5.634100 49.366001 -15.632403
v 5.634100 48.866001 -15.632403
v 5.634100 49.766102 -10.932104
v 5.634100 49.265999 -10.932104
v 11.234500 48.816002 -20.282804
v 11.234500 48.316002 -20.282804
v 11.384500 50.066101 -3.481504
v 11.234500 49.766102 -10.932104
v 11.384500 49.566101 -3.481504
v 11.234500 49.265999 -10.932104
v 11.484500 50.316101 3.969096
v 11.484500 49.866100 3.969096
v 5.734100 50.066101 -3.431504
v 5.734100 49.566101 -3.431504
v 5.884100 50.316101 4.069096
v 5.884100 49.866100 4.069096
v 11.234500 49.366001 -15.632403
v 11.234500 48.866001 -15.632403
v 11.234500 46.315796 -34.383904
v 11.234500 45.815796 -34.383904
v 11.234500 38.465195 -53.185303
v 11.234500 37.965195 -53.135303
v 11.234500 41.165398 -48.435005
v 11.234500 40.665398 -48.435005
v 11.234500 35.214996 -57.835705
v 11.234500 34.664898 -57.835705
v 11.234500 31.714697 -62.486103
v 11.234500 31.164597 -62.486103
v 5.634100 31.714697 -62.486103
v 5.634100 31.164597 -62.486103
v 5.634100 46.315796 -34.383904
v 5.634100 45.815796 -34.383904
v 11.234500 44.915695 -39.084305
v 11.234500 44.415695 -39.084305
v 11.234500 43.215595 -43.734604
v 11.234500 42.715496 -43.734604
v 5.634100 43.215595 -43.734604
v 5.634100 42.715496 -43.734604
v 5.634100 44.915695 -39.084305
v 5.634100 44.415695 -39.084305
v 60.259899 21.613878 -285.672089
v 36.131901 21.613876 -292.950806
v 36.131901 46.415878 -292.950806
v 60.259899 46.415878 -285.672089
v 4.134000 54.866501 4.769196
v 4.134000 49.116001 4.769096
v 4.284000 49.116001 4.769096
v 13.328536 54.630215 4.769191
v 13.184700 49.116001 4.769096
v 13.334700 54.866501 4.769196
v 13.334700 49.116001 4.769096
v -68.170303 29.093317 232.210602
v -43.013500 29.093317 230.703796
v -43.013500 53.895218 230.703796
v -68.170303 53.895218 232.210602
v -198.102203 8.091709 126.506203
v -177.169098 8.091710 140.539703
v -177.169098 32.893612 140.539703
v -198.102203 32.893612 126.506203
v -103.526802 -10.209700 -0.045199
v -80.598000 -10.209699 10.414501
v -80.598000 14.592201 10.414499
v -103.526802 14.592200 -0.045201
v 149.152802 17.447710 117.010803
v 149.694000 17.447708 91.814697
v 149.694000 42.249607 91.814697
v 149.152802 42.249607 117.010803
v 109.346397 13.922917 229.398102
v 134.368103 13.922917 226.389893
v 134.368103 38.724815 226.389893
v 109.346397 38.724819 229.398102
v 13.298182 53.466526 4.769172
v 13.334700 53.466583 4.769172
v 4.134000 54.613735 4.769191
v 13.291453 53.208580 4.769167
v 13.334700 53.207611 4.769167
v 4.240691 53.206188 4.769167
v 4.134000 53.201042 4.769167
v 4.277456 54.615623 4.769191
v 4.247302 53.459625 4.769172
v 4.134000 53.453842 4.769171
vn 0.0941 0.0008 0.9956
vn 0.0947 -0.0000 0.9955
vn 0.0971 -0.0083 0.9952
vn 0.1142 -0.0002 0.9935
vn 0.1142 0.0003 0.9935
vn 0.1132 -0.0000 0.9936
vn 0.1119 0.0020 0.9937
vn 0.0975 0.0085 0.9952
vn 0.0971 0.0075 0.9952
vn -0.6791 0.7307 0.0693
vn 0.1211 0.9925 -0.0145
vn 0.1201 0.9927 -0.0123
vn -0.9079 -0.4091 0.0908
vn -0.9019 -0.4182 0.1082
vn -0.9041 0.4133 0.1085
vn -0.9019 0.4224 0.0902
vn 0.1119 -0.0020 0.9937
vn 0.0975 -0.0085 0.9952
vn 0.1213 -0.9925 -0.0124
vn 0.1199 -0.9927 -0.0144
vn 0.4901 0.8703 -0.0490
vn 0.4941 0.8673 -0.0605
vn 0.4806 -0.8750 -0.0588
vn 0.4870 -0.8721 -0.0487
vn 0.9751 0.1983 -0.0995
vn 0.9751 0.1994 -0.0975
vn 0.9753 -0.1983 -0.0975
vn 0.9749 -0.1994 -0.0995
vn -0.6791 -0.7307 0.0693
vn 0.0561 0.9982 0.0197
vn 0.0548 0.9981 0.0291
vn 0.0541 0.9981 0.0287
vn 0.0423 0.9985 0.0341
vn 0.0538 0.9984 0.0169
vn 0.0536 0.9982 0.0256
vn 0.0611 0.9981 0.0105
vn 0.0529 0.9985 0.0168
vn 0.0870 0.9962 0.0038
vn 0.0741 0.9972 0.0127
vn 0.0696 0.9975 -0.0081
vn 0.0783 0.9969 -0.0091
vn 0.0766 0.9970 -0.0089
vn 0.0665 0.9978 0.0029
vn 0.0805 0.9965 -0.0238
vn 0.0680 0.9977 -0.0079
vn 0.0674 0.9972 -0.0334
vn 0.0604 0.9980 -0.0179
vn 0.0409 0.9986 0.0330
vn 0.0352 0.9988 0.0348
vn 0.0470 0.9988 0.0160
vn 0.0493 0.9987 0.0084
vn 0.0500 0.9987 0.0084
vn 0.0604 0.9982 -0.0037
vn 0.0543 0.9983 0.0217
vn 0.0497 0.9987 0.0107
vn 0.0400 0.9986 0.0338
vn 0.0418 0.9987 0.0287
vn 0.0423 0.9987 0.0290
vn 0.0560 0.9982 0.0224
vn 0.0306 0.9991 0.0289
vn 0.0423 0.9986 0.0321
vn 0.0289 0.9992 0.0285
vn 0.0306 0.9991 0.0285
vn 0.0268 0.9993 0.0277
vn 0.0277 0.9992 0.0279
vn 0.0272 0.9993 0.0268
vn 0.0264 0.9993 0.0271
vn -0.0000 1.0000 -0.0000
vn 0.0345 0.9989 -0.0328
vn 0.0323 0.9987 -0.0396
vn 0.0297 0.9988 -0.0395
vn 0.0325 0.9987 -0.0399
vn 0.0146 0.9998 -0.0117
vn 0.0151 0.9998 -0.0120
vn 0.0145 0.9998 -0.0115
vn 0.0146 0.9998 -0.0139
vn 0.0141 0.9998 -0.0105
vn 0.0140 0.9998 -0.0111
vn -0.0000 0.9996 -0.0269
vn -0.0000 0.9996 -0.0268
vn -0.0000 0.9996 -0.0270
vn 0.0229 0.9991 -0.0366
vn 0.0217 0.9992 -0.0347
vn 0.0263 0.9989 -0.0379
vn 0.0195 0.9989 -0.0422
vn 0.0009 0.9987 -0.0505
vn 0.0012 0.9987 -0.0507
vn 0.0014 0.9987 -0.0511
vn 0.0018 0.9987 -0.0514
vn 0.0009 0.9987 -0.0503
vn -0.0000 0.9987 -0.0510
vn 0.0061 0.9981 -0.0619
vn 0.0063 0.9979 -0.0640
vn 0.0083 0.9979 -0.0637
vn 0.0105 0.9978 -0.0656
vn 0.0043 0.9979 -0.0640
vn 0.0024 0.9978 -0.0663
vn 0.0076 0.9997 -0.0248
vn 0.0075 0.9997 -0.0244
vn 0.0046 0.9996 -0.0287
vn 0.0077 0.9997 -0.0252
vn 0.0128 0.9995 -0.0277
vn -0.0357 -0.0000 0.9994
vn -0.2057 -0.0000 -0.9786
vn 0.1927 -0.0000 0.9812
vn -0.3756 -0.0000 -0.9268
vn 0.3750 -0.0000 0.9270
vn 0.0368 -0.0000 -0.9993
vn -0.9431 -0.0000 -0.3325
vn 0.9408 -0.0000 0.3390
vn -0.9839 -0.0000 -0.1789
vn 0.9844 -0.0000 0.1758
vn 0.1823 -0.0000 -0.9832
vn -0.1888 -0.0000 0.9820
vn 0.5819 -0.0000 -0.8133
vn 1.0000 -0.0000 -0.0000
vn -1.0000 -0.0000 -0.0000
vn 0.9969 -0.0000 0.0786
vn 0.9975 -0.0000 0.0714
vn 0.9975 -0.0000 0.0712
vn -0.5688 -0.0000 0.8225
vn -0.5687 -0.0000 0.8225
vn 0.4377 -0.0000 -0.8991
vn -0.4444 -0.0000 0.8958
vn -0.9971 -0.0000 -0.0759
vn -0.9971 -0.0000 -0.0762
vn -0.9971 -0.0000 -0.0757
vn 0.9969 -0.0000 0.0789
vn 0.8609 -0.0000 0.5087
vn -0.8393 -0.0000 -0.5437
vn -0.8393 -0.0000 -0.5436
vn 0.9304 -0.0000 0.3665
vn -0.9235 -0.0000 -0.3835
vn 0.9667 -0.0000 0.2559
vn -0.9668 -0.0000 -0.2557
vn 0.9999 -0.0000 -0.0135
vn 0.8489 -0.0000 0.5286
vn 0.4657 -0.0000 0.8849
vn -0.4582 -0.0000 -0.8889
vn 0.6165 -0.0000 0.7873
vn -0.6127 -0.0000 -0.7903
vn 0.7217 -0.0000 0.6922
vn -0.6982 -0.0000 -0.7159
vn -0.9999 -0.0000 0.0154
vn -0.7351 -0.0000 0.6779
vn -0.5677 -0.0000 -0.8232
vn 0.5488 -0.0000 0.8359
vn -0.7171 -0.0000 -0.6970
vn 0.7148 -0.0000 0.6993
vn -0.8590 -0.0000 -0.5120
vn 0.7470 -0.0000 -0.6648
vn 0.9826 -0.0000 -0.1855
vn -0.9821 -0.0000 0.1886
vn 0.9360 -0.0000 -0.3519
vn -0.9334 -0.0000 0.3590
vn 0.8453 -0.0000 -0.5343
vn -0.8365 -0.0000 0.5480
vn -0.8364 -0.0000 0.5480
vn 0.5637 -0.0000 -0.8260
vn -0.5743 -0.0000 0.8187
vn 0.2996 -0.0000 0.9541
vn 0.0944 -0.0000 0.9955
vn -0.0000 -0.0000 1.0000
vn -0.1507 -0.0000 0.9886
vn -0.4525 -0.0000 0.8917
vn -0.2882 -0.0000 -0.9576
vn -0.0720 -0.0000 -0.9974
vn 0.0098 -0.0000 -1.0000
vn 0.1520 -0.0000 -0.9884
vn 0.2095 -0.0000 -0.9778
vn 0.3304 -0.0000 -0.9439
vn 0.4347 -0.0000 -0.9006
vn -0.2147 -0.0000 0.9767
vn -0.6463 -0.0000 0.7631
vn 0.4797 -0.0000 -0.8774
vn -0.4799 -0.0000 0.8773
vn 0.3039 -0.0000 -0.9527
vn -0.3122 -0.0000 0.9500
vn 0.1063 -0.0000 -0.9943
vn -0.1047 -0.0000 0.9945
vn 0.6451 -0.0000 -0.7641
vn -0.3325 -0.0000 0.9431
vn 0.6528 -0.0000 -0.7576
vn -0.6535 -0.0000 0.7569
vn 0.7217 -0.0000 -0.6922
vn -0.7195 -0.0000 0.6945
vn 0.6753 -0.0000 -0.7376
vn -0.6772 -0.0000 0.7358
vn -0.4311 -0.0000 -0.9023
vn 0.4341 -0.0000 0.9009
vn -0.3187 -0.0000 -0.9479
vn 0.3097 -0.0000 0.9508
vn -0.0000 -0.0000 -1.0000
vn -0.1716 -0.0000 -0.9852
vn 0.1719 -0.0000 0.9851
vn -0.4472 -0.0000 0.8944
vn 0.2486 -0.0000 -0.9686
vn -0.2402 -0.0000 0.9707
vn 0.0817 -0.0000 -0.9967
vn 0.5870 -0.0000 0.8096
vn 0.5889 -0.0000 0.8082
vn 0.5851 -0.0000 0.8110
vn 0.5739 -0.0000 0.8189
vn -0.5842 -0.0000 -0.8116
vn -0.5794 -0.0000 -0.8151
vn -0.5903 -0.0000 -0.8072
vn 0.5897 -0.0000 0.8076
vn -0.0822 -0.0000 0.9966
vn -0.5528 -0.0000 -0.8333
vn 0.5547 -0.0000 0.8320
vn -0.5958 -0.0000 -0.8031
vn -0.5972 -0.0000 -0.8021
vn -0.5946 -0.0000 -0.8040
vn 0.5939 -0.0000 0.8045
vn 0.5934 -0.0000 0.8049
vn 0.4951 -0.0000 0.8688
vn -0.1837 -0.0000 -0.9830
vn 0.1718 -0.0000 0.9851
vn -0.3684 -0.0000 -0.9297
vn 0.3786 -0.0000 0.9255
vn 0.3786 -0.0000 0.9256
vn -0.4918 -0.0000 -0.8707
vn -0.5749 -0.0000 -0.8182
vn -0.5735 -0.0000 -0.8192
vn -0.9353 -0.0000 -0.3539
vn 0.9859 -0.0000 0.1674
vn -0.9880 -0.0000 -0.1547
vn 0.9929 -0.0000 -0.1191
vn -0.9907 -0.0000 0.1362
vn 0.9392 -0.0000 0.3434
vn 0.6237 -0.0000 0.7817
vn 0.7735 -0.0000 0.6337
vn -0.7729 -0.0000 -0.6345
vn 0.8575 -0.0000 0.5145
vn -0.8594 -0.0000 -0.5113
vn 0.9734 -0.0000 -0.2290
vn -0.6917 -0.0000 0.7222
vn 0.4299 -0.0000 -0.9029
vn -0.6212 -0.0000 -0.7837
vn 0.6711 -0.0000 -0.7414
vn -0.9680 -0.0000 0.2510
vn 0.9117 -0.0000 -0.4108
vn -0.9177 -0.0000 0.3972
vn 0.8192 -0.0000 -0.5735
vn -0.8244 -0.0000 0.5660
vn -0.7282 -0.0000 -0.6854
vn 0.7247 -0.0000 0.6890
vn -0.8667 -0.0000 -0.4988
vn 0.8711 -0.0000 0.4911
vn -0.7593 -0.0000 -0.6508
vn 0.7571 -0.0000 0.6534
vn -0.5990 -0.0000 -0.8007
vn -0.6034 -0.0000 -0.7975
vn -0.5990 -0.0000 -0.8008
vn 0.6040 -0.0000 0.7970
vn 0.5989 -0.0000 0.8008
vn 0.5941 -0.0000 0.8044
vn -0.6425 -0.0000 -0.7663
vn 0.6441 -0.0000 0.7649
vn -0.9871 -0.0000 -0.1603
vn -0.5530 -0.0000 -0.8332
vn 0.5539 -0.0000 0.8326
vn 0.5940 -0.0000 0.8045
vn 0.5665 -0.0000 0.8240
vn -0.5687 -0.0000 -0.8226
vn -1.0000 -0.0000 -0.0001
vn -1.0000 -0.0000 -0.0035
vn -1.0000 -0.0000 -0.0072
vn 0.9894 -0.0000 0.1455
vn -0.9395 -0.0000 -0.3425
vn 0.9346 -0.0000 0.3556
vn -0.9968 -0.0000 -0.0799
vn -0.9968 -0.0000 -0.0801
vn -0.9975 -0.0000 -0.0713
vn 0.9971 -0.0000 0.0763
vn 0.9971 -0.0000 0.0758
vn 0.9971 -0.0000 0.0760
vn 0.9963 -0.0000 0.0854
vn -0.9975 -0.0000 -0.0712
vn -0.5425 -0.0000 -0.8400
vn -0.2900 -0.0000 -0.9570
vn 0.3052 -0.0000 0.9523
vn -0.4348 -0.0000 -0.9006
vn -0.9550 -0.0000 -0.2967
vn -0.9910 -0.0000 0.1335
vn 0.9914 -0.0000 -0.1309
vn -0.9934 -0.0000 -0.1144
vn 0.9935 -0.0000 0.1139
vn 0.4369 -0.0000 0.8995
vn 0.1763 -0.0000 0.9843
vn -0.1778 -0.0000 -0.9841
vn 0.2728 -0.0000 0.9621
vn -0.2198 -0.0000 0.9755
vn -0.2169 -0.0000 0.9762
vn 0.0596 -0.0000 -0.9982
vn -0.0470 -0.0000 0.9989
vn -0.0995 -0.0000 -0.9950
vn 0.0906 -0.0000 0.9959
vn 0.2239 -0.0000 -0.9746
vn 0.9523 -0.0000 0.3053
vn 0.9644 -0.0000 -0.2644
vn -0.8508 -0.0000 -0.5255
vn -0.7707 -0.0000 -0.6373
vn -0.6644 -0.0000 -0.7474
vn 0.9294 -0.0000 -0.3690
vn 0.6362 -0.0000 0.7715
vn 0.5415 -0.0000 0.8407
vn 0.8366 -0.0000 0.5478
vn 0.7719 -0.0000 0.6357
vn 0.8260 -0.0000 -0.5637
vn -0.9630 -0.0000 0.2696
vn -0.9192 -0.0000 0.3939
vn -0.9976 -0.0000 -0.0693
vn 0.9971 -0.0000 0.0764
vn -0.7504 -0.0000 0.6610
vn 0.7782 -0.0000 -0.6280
vn -0.6976 -0.0000 0.7165
vn 0.6854 -0.0000 -0.7282
vn 0.5799 -0.0000 -0.8147
vn -0.8269 -0.0000 0.5623
vn 0.1897 -0.0000 -0.9819
vn 0.9990 -0.0000 0.0441
vn -0.9965 -0.0000 -0.0830
vn 0.8842 -0.0000 0.4671
vn -0.8944 -0.0000 -0.4472
vn -0.9806 -0.0000 -0.1961
vn -0.9921 -0.0000 0.1254
vn 0.9776 -0.0000 -0.2105
vn -0.9815 -0.0000 0.1915
vn 0.9799 -0.0000 0.1993
vn 0.9199 -0.0000 0.3921
vn -0.4270 -0.0000 -0.9042
vn 0.5582 -0.0000 0.8297
vn -0.5408 -0.0000 -0.8412
vn -0.2670 -0.0000 -0.9637
vn 0.4150 -0.0000 0.9098
vn -0.9269 -0.0000 -0.3754
vn 0.6912 -0.0000 0.7227
vn -0.6752 -0.0000 -0.7377
vn 0.7766 -0.0000 0.6300
vn -0.7576 -0.0000 -0.6527
vn 0.9949 -0.0000 -0.1010
vn -0.5547 -0.0000 0.8320
vn 0.3714 -0.0000 -0.9285
vn -0.3498 -0.0000 0.9368
vn 0.5882 -0.0000 -0.8087
vn 0.3285 -0.0000 -0.9445
vn -0.0147 -0.0000 0.9999
vn 0.0353 -0.0000 -0.9994
vn -0.4741 -0.0000 0.8805
vn 0.4472 -0.0000 -0.8944
vn -0.3054 -0.0000 0.9522
vn -0.5799 -0.0000 0.8147
vn 0.9116 -0.0000 -0.4111
vn -0.9076 -0.0000 0.4199
vn 0.8609 -0.0000 -0.5087
vn -0.8727 -0.0000 0.4882
vn -0.7203 -0.0000 0.6936
vn 0.4826 -0.0000 -0.8758
vn -0.4692 -0.0000 0.8831
vn 0.8137 -0.0000 -0.5813
vn -0.7921 -0.0000 0.6103
vn 0.7158 -0.0000 -0.6983
vn 0.9916 -0.0000 -0.1291
vn -0.9640 -0.0000 0.2659
vn 0.9653 -0.0000 -0.2611
vn -0.9242 -0.0000 0.3820
vn 0.9231 -0.0000 -0.3846
vn -0.9369 -0.0000 0.3497
vn 0.9363 -0.0000 -0.3511
vn -0.9918 -0.0000 0.1274
vn -0.9988 -0.0000 0.0489
vn -0.9988 -0.0000 0.0490
vn -0.9988 -0.0000 0.0487
vn 0.9980 -0.0000 -0.0640
vn -0.9978 -0.0000 0.0662
vn 0.9988 -0.0000 -0.0496
vn -0.9595 -0.0000 0.2818
vn -0.9995 -0.0000 0.0310
vn -0.9994 -0.0000 0.0340
vn 0.9995 -0.0000 -0.0303
vn 0.9994 -0.0000 -0.0351
vn 0.9992 -0.0000 -0.0400
vn -0.9993 -0.0000 0.0370
vn 0.9973 -0.0000 -0.0731
vn 0.9609 -0.0000 -0.2770
vn -0.9711 -0.0000 0.2385
vn 0.9726 -0.0000 -0.2323
vn -0.9903 -0.0000 0.1389
vn -0.9972 -0.0000 0.0741
vn 0.9899 -0.0000 -0.1420
vn -0.1023 0.0003 -0.9948
vn -0.1041 0.0006 -0.9946
vn -0.1026 0.0041 -0.9947
vn -0.1033 -0.0007 -0.9947
vn -0.1020 -0.0000 -0.9948
vn -0.1059 -0.0003 -0.9944
vn -0.1063 0.0009 -0.9943
vn -0.0992 -0.0026 -0.9951
vn -0.0992 0.0025 -0.9951
vn -0.1063 -0.0008 -0.9943
vn -0.0477 0.9984 -0.0291
vn -0.0480 0.9984 -0.0292
vn -0.0443 0.9987 -0.0269
vn -0.0805 0.9939 0.0756
vn -0.0832 0.9935 0.0781
vn -0.0828 0.9935 0.0780
vn -0.0909 0.9953 0.0326
vn -0.0858 0.9958 0.0308
vn -0.0806 0.9963 0.0292
vn -0.0406 0.9989 -0.0247
vn -0.0806 0.9963 0.0289
vn -0.0575 0.9982 -0.0160
vn -0.0529 0.9986 -0.0079
vn -0.0520 0.9986 -0.0051
vn -0.0857 0.9963 0.0091
vn -0.0732 0.9973 -0.0072
vn -0.0497 0.9975 -0.0509
vn -0.0457 0.9979 -0.0467
vn -0.0496 0.9975 -0.0507
vn -0.1139 0.9910 0.0705
vn -0.0970 0.9935 0.0600
vn -0.0569 0.9982 -0.0167
vn -0.0558 0.9983 -0.0164
vn -0.1044 0.9945 0.0111
vn -0.0021 0.9926 0.1213
vn -0.0057 0.9922 0.1245
vn -0.0020 0.9930 0.1178
vn -0.0042 0.9928 0.1194
vn -0.0004 0.9931 0.1172
vn -0.0000 0.9931 0.1170
vn -0.0000 0.9932 0.1165
vn -0.0440 0.9945 0.0945
vn -0.0540 0.9958 0.0733
vn -0.0173 0.9902 0.1384
vn -0.0316 0.9919 0.1231
vn -0.0318 0.9917 0.1243
vn -0.0338 0.9907 0.1321
vn -0.0342 0.9905 0.1333
vn -0.0509 0.9927 0.1093
vn -0.0099 0.9923 0.1237
vn -0.0108 0.9918 0.1274
vn -0.0096 0.9932 0.1163
vn -0.0154 0.9923 0.1229
vn -0.0739 0.9922 0.1003
vn -0.0778 0.9943 0.0731
vn 0.0596 0.9973 -0.0439
vn 0.0556 0.9981 -0.0275
vn -0.0015 0.9984 -0.0573
vn 0.0072 0.9982 -0.0602
vn 0.0117 0.9981 -0.0610
vn 0.0145 0.9981 -0.0606
vn 0.0147 0.9980 -0.0616
vn 0.0199 0.9984 -0.0527
vn 0.0275 0.9970 -0.0728
vn 0.0328 0.9980 -0.0549
vn 0.0335 0.9979 -0.0561
vn 0.0366 0.9974 -0.0613
vn 0.0374 0.9973 -0.0626
vn 0.0397 0.9983 -0.0434
vn 0.0410 0.9982 -0.0447
vn 0.0472 0.9976 -0.0514
vn 0.0486 0.9974 -0.0530
vn 0.0478 0.9982 -0.0352
vn -0.0115 0.9982 -0.0584
vn 0.0037 0.9983 -0.0579
vn -0.0455 0.9979 -0.0467
vn -0.0296 0.9985 -0.0469
vn -0.0410 0.9971 -0.0649
vn -0.0236 0.9979 -0.0604
vn -0.0236 0.9979 -0.0602
vn -0.0158 0.9983 -0.0562
vn -0.0205 0.9982 -0.0569
vn -0.0056 0.9983 -0.0589
vn -0.0017 0.9998 -0.0175
vn 0.0002 0.9998 -0.0191
vn 0.0009 0.9997 -0.0255
vn 0.0178 0.9992 -0.0360
vn 0.0184 0.9991 -0.0371
vn 0.0184 0.9991 -0.0372
vn 0.0190 0.9991 -0.0383
vn 0.0009 0.9997 -0.0258
vn 0.0085 0.9993 -0.0358
vn 0.0056 0.9997 -0.0234
vn 0.0054 0.9997 -0.0231
vn -0.0029 0.9999 -0.0163
vn 0.0301 0.9991 -0.0285
vn 0.0221 0.9994 -0.0285
vn 0.0227 0.9993 -0.0293
vn 0.0085 0.9993 -0.0362
vn 0.0413 0.9988 -0.0271
vn 0.0272 0.9991 -0.0315
vn 0.0431 0.9989 -0.0156
vn 0.0388 0.9988 -0.0303
vn 0.0497 0.9987 -0.0150
vn 0.0418 0.9989 -0.0209
vn 0.0442 0.9990 -0.0027
vn 0.0513 0.9986 -0.0155
vn -0.0369 0.9993 -0.0063
vn -0.0401 0.9992 -0.0014
vn -0.0436 0.9990 -0.0014
vn -0.0431 0.9991 -0.0015
vn -0.0458 0.9990 -0.0008
vn -0.0463 0.9989 -0.0003
vn -0.0460 0.9989 -0.0008
vn -0.0465 0.9989 -0.0000
vn -0.0262 0.9996 -0.0098
vn -0.0191 0.9998 -0.0072
vn -0.0197 0.9998 -0.0073
vn -0.0225 0.9997 -0.0038
vn -0.0215 0.9997 -0.0132
vn -0.0271 0.9996 -0.0102
vn 0.1307 0.9914 -0.0000
vn 0.2147 0.9767 -0.0000
vn 0.2941 0.9558 -0.0000
vn 0.3317 0.9434 -0.0000
vn -0.3254 0.9456 -0.0000
vn -0.3576 0.9339 -0.0000
vn -0.2316 0.9728 -0.0000
vn -0.1423 0.9898 -0.0000
vn -0.1280 0.9918 -0.0000
vn -0.2499 0.9683 -0.0000
vn 0.2912 0.9567 -0.0000
vn -0.0802 0.9968 -0.0000
vn -0.0574 0.9984 -0.0000
vn 0.1732 0.9849 -0.0000
vn 0.0437 0.9990 -0.0000
vn 0.0462 0.9989 -0.0041
vn 0.0464 0.9977 0.0500
vn 0.0454 0.9978 0.0490
vn 0.0464 0.9977 0.0501
vn 0.0292 0.9986 0.0430
vn 0.0329 0.9983 0.0488
vn 0.0313 0.9985 0.0460
vn 0.0635 0.9974 0.0353
vn 0.0634 0.9974 0.0352
vn 0.0623 0.9975 0.0346
vn 0.0493 0.9986 0.0186
vn 0.0520 0.9985 0.0196
vn 0.0520 0.9985 0.0191
vn 0.0646 0.9973 0.0359
vn 0.0434 0.9985 0.0341
vn 0.0428 0.9985 0.0337
vn 0.0429 0.9985 0.0337
vn 0.0514 0.9986 0.0125
vn 0.0604 0.9981 0.0141
vn 0.0513 0.9986 0.0117
vn 0.0451 0.9990 0.0036
vn 0.0436 0.9990 0.0035
vn 0.0453 0.9990 0.0036
vn 0.0474 0.9976 0.0511
vn 0.0423 0.9986 0.0333
vn 0.0084 0.9983 0.0583
vn 0.0083 0.9983 0.0584
vn 0.0156 0.9987 0.0482
vn 0.0149 0.9987 0.0491
vn 0.0082 0.9983 0.0570
vn -0.0008 0.9989 0.0460
vn -0.0008 0.9989 0.0467
vn -0.0008 0.9989 0.0468
vn 0.0327 0.9972 0.0674
vn 0.0341 0.9969 0.0703
vn 0.0342 0.9969 0.0704
vn 0.0334 0.9982 0.0490
vn 0.0311 0.9975 0.0642
vn 0.0158 0.9985 0.0523
vn 0.0610 0.9980 0.0139
vn 0.0467 0.9988 0.0176
vn 0.0374 0.9983 -0.0456
vn 0.0375 0.9983 -0.0456
vn 0.0319 0.9987 -0.0391
vn 0.0189 0.9992 -0.0344
vn 0.0192 0.9992 -0.0350
vn 0.0144 0.9996 -0.0261
vn 0.0374 0.9982 -0.0458
vn 0.0351 0.9989 -0.0299
vn 0.0409 0.9986 -0.0348
vn 0.0353 0.9989 -0.0300
vn 0.0089 0.9993 -0.0361
vn 0.0143 0.9996 -0.0259
vn 0.0013 0.9998 -0.0184
vn 0.0041 0.9999 -0.0167
vn 0.0571 0.9977 -0.0376
vn 0.0583 0.9976 -0.0385
vn 0.0571 0.9977 -0.0377
vn 0.0511 0.9984 -0.0258
vn 0.0476 0.9986 -0.0247
vn 0.0484 0.9985 -0.0244
vn 0.0583 0.9983 -0.0046
vn 0.0582 0.9983 -0.0046
vn 0.0566 0.9984 -0.0045
vn 0.0459 0.9989 -0.0111
vn 0.0444 0.9990 -0.0107
vn 0.0460 0.9989 -0.0111
vn 0.0599 0.9982 -0.0048
vn 0.0468 0.9989 0.0037
vn 0.0585 0.9981 -0.0213
vn 0.0567 0.9982 -0.0215
vn 0.0545 0.9983 -0.0199
vn 0.0475 0.9988 -0.0115
vn 0.0559 0.9978 -0.0369
vn 0.0412 0.9985 -0.0350
vn -0.0100 0.9980 0.0618
vn -0.0106 0.9978 0.0655
vn -0.0109 0.9978 0.0651
vn -0.0158 0.9986 0.0501
vn -0.0156 0.9986 0.0500
vn -0.0149 0.9988 0.0475
vn -0.0570 0.9972 -0.0484
vn -0.0566 0.9972 -0.0480
vn -0.0462 0.9985 -0.0278
vn -0.0474 0.9985 -0.0285
vn -0.0463 0.9985 -0.0279
vn -0.0575 0.9972 -0.0488
vn -0.0377 0.9984 -0.0432
vn -0.0368 0.9984 -0.0421
vn -0.0367 0.9984 -0.0421
vn -0.0646 0.9976 -0.0267
vn -0.0665 0.9974 -0.0275
vn -0.0530 0.9985 -0.0126
vn -0.0534 0.9985 -0.0130
vn -0.0534 0.9985 -0.0120
vn -0.0628 0.9977 -0.0260
vn -0.0451 0.9986 -0.0272
vn -0.0356 0.9978 -0.0560
vn -0.0353 0.9978 -0.0559
vn -0.0386 0.9974 -0.0608
vn -0.0219 0.9986 -0.0485
vn -0.0222 0.9985 -0.0491
vn -0.0222 0.9985 -0.0492
vn 0.0021 0.9999 -0.0102
vn 0.0001 1.0000 -0.0093
vn 0.0003 1.0000 -0.0095
vn -0.0004 1.0000 -0.0092
vn -0.0058 0.9996 -0.0276
vn -0.0011 0.9997 -0.0250
vn -0.0221 0.9975 -0.0677
vn -0.0234 0.9971 -0.0729
vn -0.0204 0.9978 -0.0625
vn -0.0225 0.9985 -0.0498
vn -0.0239 0.9970 -0.0731
vn -0.0127 0.9981 -0.0609
vn -0.0385 0.9974 -0.0610
vn -0.0359 0.9985 -0.0411
vn -0.0587 0.9983 -0.0052
vn -0.0474 0.9989 0.0029
vn -0.0471 0.9989 0.0029
vn -0.0427 0.9982 0.0432
vn -0.0441 0.9980 0.0446
vn -0.0400 0.9987 0.0303
vn -0.0392 0.9988 0.0297
vn -0.0288 0.9980 0.0565
vn -0.0274 0.9982 0.0538
vn -0.0141 0.9989 0.0449
vn -0.0302 0.9978 0.0593
vn -0.0304 0.9987 0.0419
vn -0.0289 0.9988 0.0398
vn -0.0095 0.9983 0.0583
vn -0.0008 0.9989 0.0475
vn -0.0413 0.9983 0.0418
vn -0.0275 0.9989 0.0378
vn -0.0551 0.9985 -0.0049
vn -0.0434 0.9990 -0.0105
vn -0.0569 0.9983 0.0118
vn -0.0571 0.9983 0.0117
vn -0.0448 0.9989 0.0171
vn -0.0455 0.9988 0.0166
vn -0.0575 0.9983 0.0119
vn -0.0476 0.9989 0.0029
vn -0.0546 0.9981 0.0298
vn -0.0531 0.9982 0.0290
vn -0.0384 0.9988 0.0291
vn -0.0561 0.9980 0.0306
vn -0.0473 0.9987 0.0173
vn -0.0000 0.9939 0.1104
vn 0.0034 0.9940 0.1095
vn -0.0000 0.9952 0.0978
vn 0.0534 0.9902 0.1291
vn 0.0443 0.9909 0.1270
vn 0.0379 0.9934 0.1085
vn 0.0204 0.9945 0.1030
vn 0.0160 0.9966 0.0805
vn 0.0082 0.9970 0.0769
vn 0.0082 0.9969 0.0781
vn 0.0052 0.9961 0.0877
vn 0.0087 0.9953 0.0964
vn 0.0041 0.9958 0.0918
vn 0.0017 0.9951 0.0988
vn 0.0022 0.9953 0.0965
vn 0.0346 0.9930 0.1130
vn 0.0323 0.9939 0.1056
vn 0.0326 0.9938 0.1064
vn 0.0451 0.9930 0.1090
vn 0.0002 1.0000 0.0061
vn 0.0004 1.0000 0.0062
vn 0.0001 1.0000 0.0061
vn -0.0000 1.0000 0.0062
vn 0.0027 0.9996 0.0298
vn 0.0030 0.9994 0.0331
vn 0.0019 0.9997 0.0260
vn 0.0036 0.9994 0.0335
vn 0.0021 0.9996 0.0267
vn 0.0019 0.9996 0.0269
vn 0.0102 0.9967 0.0806
vn 0.0174 0.9964 0.0831
vn 0.0231 0.9936 0.1103
vn 0.0348 0.9929 0.1139
vn 0.0066 0.9981 0.0617
vn 0.0078 0.9980 0.0621
vn -0.2378 -0.0000 0.9713
vn 0.2385 -0.0000 -0.9711
vn -0.0746 -0.0000 0.9972
vn 0.0752 -0.0000 -0.9972
vn -0.0610 -0.0000 -0.9981
vn 0.0389 -0.0000 0.9992
vn -0.2600 -0.0000 -0.9656
vn 0.2311 -0.0000 0.9729
vn 0.6593 -0.0000 0.7519
vn -0.6674 -0.0000 -0.7447
vn 0.4243 -0.0000 0.9055
vn -0.4405 -0.0000 -0.8977
vn -0.8396 -0.0000 -0.5432
vn 0.3974 -0.0000 -0.9176
vn 0.9587 -0.0000 0.2845
vn -0.9999 -0.0000 -0.0139
vn -0.9235 -0.0000 0.3835
vn 0.9815 -0.0000 -0.1912
vn -0.9852 -0.0000 0.1716
vn 1.0000 -0.0000 0.0052
vn -0.4067 -0.0000 0.9136
vn 0.8389 -0.0000 0.5443
vn 0.9194 -0.0000 -0.3932
vn -0.8421 -0.0000 0.5394
vn 0.8397 -0.0000 -0.5430
vn 0.5832 -0.0000 -0.8123
vn -0.5846 -0.0000 0.8113
vn 0.7173 -0.0000 -0.6968
vn -0.7275 -0.0000 0.6861
vn -0.8465 -0.0000 -0.5324
vn 0.9525 -0.0000 0.3044
vn -0.9641 -0.0000 -0.2654
vn 0.9876 -0.0000 0.1569
vn -0.8833 -0.0000 -0.4689
vn 0.8445 -0.0000 0.5355
vn 0.9083 -0.0000 0.4184
vn 0.9891 -0.0000 0.1476
vn 0.9878 -0.0000 0.1558
vn 0.9120 -0.0000 0.4101
vn -0.9146 -0.0000 -0.4043
vn 0.8838 -0.0000 0.4679
vn -0.8813 -0.0000 -0.4725
vn 0.9582 -0.0000 0.2859
vn 0.9578 -0.0000 0.2873
vn 0.9586 -0.0000 0.2849
vn 0.9902 -0.0000 0.1396
vn 0.9893 -0.0000 0.1461
vn 0.9903 -0.0000 0.1388
vn 0.9769 -0.0000 0.2137
vn 0.9757 -0.0000 0.2193
vn 0.9756 -0.0000 0.2197
vn 0.9770 -0.0000 0.2132
vn 0.9586 -0.0000 0.2848
vn -0.9818 -0.0000 -0.1902
vn -0.9799 -0.0000 -0.1994
vn -0.9820 -0.0000 -0.1888
vn -0.9799 -0.0000 -0.1995
vn 0.7729 -0.0000 0.6345
vn -0.7714 -0.0000 -0.6364
vn 0.8365 -0.0000 0.5480
vn 0.8944 -0.0000 0.4472
vn -0.6927 -0.0000 -0.7213
vn 0.4935 -0.0000 0.8697
vn -0.4934 -0.0000 -0.8698
vn 0.5510 -0.0000 0.8345
vn -0.5466 -0.0000 -0.8374
vn 0.6885 -0.0000 0.7253
vn -0.8967 -0.0000 -0.4426
vn -0.9876 -0.0000 -0.1568
vn -0.9892 -0.0000 -0.1469
vn -0.9872 -0.0000 -0.1592
vn -0.9882 -0.0000 -0.1533
vn -0.9893 -0.0000 -0.1461
vn -0.9881 -0.0000 -0.1541
vn -0.9892 -0.0000 -0.1465
vn -0.9877 -0.0000 -0.1567
vn -0.9819 -0.0000 -0.1895
vn -0.8320 -0.0000 -0.5547
vn 0.9476 -0.0000 0.3193
vn 0.9676 -0.0000 0.2524
vn -0.9674 -0.0000 -0.2534
vn -0.9464 -0.0000 -0.3229
vn 1.0000 -0.0000 -0.0003
vn 0.9999 -0.0000 -0.0130
vn -0.9999 -0.0000 0.0167
vn -0.9998 -0.0000 0.0201
vn -0.9999 -0.0000 0.0134
vn 0.9998 -0.0000 -0.0199
vn 0.9999 -0.0000 -0.0132
vn 0.9998 -0.0000 -0.0200
vn -0.0001 -0.0000 1.0000
vn 0.0001 -0.0000 1.0000
vn -0.0534 0.9427 0.3294
vn -0.0509 0.9417 0.3325
vn -0.0497 0.9507 0.3062
vn -0.0572 0.9488 0.3108
vn -0.0534 0.9497 0.3087
vn -0.0571 0.9486 0.3112
vn -0.0801 0.9276 0.3649
vn -0.0796 0.9277 0.3648
vn -0.0821 0.9236 0.3745
vn -0.0953 0.9345 0.3430
vn -0.0950 0.9348 0.3422
vn -0.0950 0.9349 0.3420
vn -0.0818 0.9235 0.3748
vn -0.0547 0.9324 0.3573
vn -0.0394 0.9793 0.1986
vn -0.0430 0.9787 0.2009
vn -0.0431 0.9787 0.2009
vn -0.0468 0.9780 0.2032
vn -0.0520 0.9636 0.2623
vn -0.0489 0.9626 0.2665
vn 0.0048 1.0000 -0.0078
vn 0.0043 1.0000 -0.0084
vn -0.0221 0.9988 0.0428
vn -0.0149 0.9985 0.0524
vn -0.0403 0.9863 0.1598
vn -0.0378 0.9857 0.1644
vn -0.0226 0.9957 0.0896
vn -0.0244 0.9956 0.0907
vn -0.0243 0.9956 0.0906
vn -0.0261 0.9954 0.0917
vn -0.1005 0.9547 0.2802
vn -0.1104 0.9606 0.2552
vn -0.1297 0.9232 0.3617
vn -0.0948 0.9352 0.3412
vn -0.0867 0.9948 0.0533
vn -0.0905 0.9944 0.0543
vn -0.0909 0.9946 0.0494
vn -0.0906 0.9948 0.0471
vn 0.0127 0.9996 -0.0235
vn 0.0135 0.9997 -0.0219
vn 0.0021 0.9999 -0.0106
vn 0.0036 1.0000 -0.0092
vn 0.0259 0.9985 -0.0479
vn 0.0199 0.9987 -0.0476
vn 0.0248 0.9985 -0.0479
vn 0.0188 0.9987 -0.0475
vn -0.0856 0.9939 0.0698
vn -0.0862 0.9949 0.0530
vn -0.1003 0.9778 0.1838
vn -0.1051 0.9820 0.1569
vn -0.1340 0.9601 0.2456
vn -0.1001 0.9677 0.2313
vn -0.0853 0.9882 0.1273
vn -0.0934 0.9905 0.1007
vn -0.0930 0.9906 0.1002
vn -0.0928 0.9906 0.1001
vn -0.0927 0.9907 0.0999
vn -0.0972 0.9921 0.0793
vn 0.0211 0.9996 -0.0179
vn 0.0194 0.9996 -0.0218
vn -0.0274 0.9995 0.0147
vn -0.0271 0.9995 0.0174
vn -0.0554 0.9981 0.0274
vn -0.0552 0.9980 0.0296
vn -0.0695 0.9970 0.0337
vn -0.0694 0.9970 0.0344
vn -0.0813 0.9958 0.0423
vn -0.0815 0.9959 0.0395
vn -0.0050 0.9996 0.0295
vn -0.0025 0.9995 0.0317
vn -0.0049 0.9981 0.0615
vn -0.0011 0.9979 0.0641
vn -0.0010 0.9932 0.1162
vn -0.0000 0.9932 0.1168
vn -0.0009 0.9954 0.0953
vn -0.0016 0.9954 0.0957
vn -0.0014 0.9954 0.0956
vn -0.0017 0.9954 0.0958
vn -0.0000 0.9736 0.2285
vn -0.0000 0.9734 0.2290
vn -0.0000 0.9822 0.1881
vn -0.0000 0.9802 0.1981
vn -0.0000 0.9839 0.1789
vn -0.0000 0.9875 0.1576
vn -0.0000 0.9905 0.1377
vn -0.0000 0.9456 -0.3254
vn -0.0000 0.9689 -0.2474
vn -0.0000 0.8021 -0.5972
vn -0.0000 0.7939 -0.6080
vn -0.0000 0.8061 -0.5917
vn -0.0000 0.8238 -0.5669
vn -0.0000 0.8591 -0.5118
vn -0.0000 0.9271 -0.3748
vn -0.0000 0.9858 -0.1678
vn -0.0000 0.9964 -0.0848
vn -0.0000 0.9964 0.0848
vn -0.0000 0.8982 -0.4396
vn -0.0000 0.8671 -0.4981
vn -0.0000 0.8184 -0.5746
vn -0.0000 0.9931 -0.1175
vn -0.0000 0.9891 -0.1473
vn -0.0000 0.9891 -0.1474
vn -0.0000 0.9875 -0.1576
vn -0.0007 0.9992 -0.0400
vn -0.0006 0.9992 -0.0401
vn -0.0004 0.9992 -0.0400
vn -0.0003 0.9992 -0.0402
vn -0.0001 0.9992 -0.0401
vn -0.0000 0.9992 -0.0402
vn -0.0000 0.9166 -0.3998
vn -0.0000 0.9392 -0.3434
vn -0.0000 0.7990 -0.6014
vn -0.0000 0.7898 -0.6134
vn -0.0000 0.9759 -0.2180
vn -0.0000 0.9584 -0.2855
vn -0.5784 -0.0000 -0.8157
vn 0.5771 -0.0000 0.8166
vn -0.7071 -0.0000 -0.7071
vn 0.7071 -0.0000 0.7071
vn 0.5300 -0.0000 -0.8480
vn -0.2397 -0.0000 0.9708
vn 0.2290 -0.0000 -0.9734
vn 0.4996 -0.0000 0.8663
vn -0.4408 -0.0000 -0.8976
vn -0.4291 -0.0000 -0.9033
vn -0.4294 -0.0000 -0.9031
vn -0.4565 -0.0000 -0.8897
vn -0.4411 -0.0000 -0.8975
vn 0.4394 -0.0000 0.8983
vn 0.4396 -0.0000 0.8982
vn 0.4398 -0.0000 0.8981
vn 0.4303 -0.0000 0.9027
vn 0.4550 -0.0000 0.8905
vn -0.4978 -0.0000 -0.8673
vn -0.7881 -0.0000 -0.6155
vn -0.9481 -0.0000 0.3179
vn 0.9474 -0.0000 -0.3201
vn -0.8554 -0.0000 0.5179
vn 0.8563 -0.0000 -0.5165
vn -0.7225 -0.0000 0.6914
vn 0.7254 -0.0000 -0.6884
vn -0.5342 -0.0000 0.8453
vn 0.9961 -0.0000 -0.0881
vn 0.7870 -0.0000 0.6170
vn -0.8603 -0.0000 -0.5098
vn 0.8610 -0.0000 0.5085
vn -0.9265 -0.0000 -0.3762
vn -0.9963 -0.0000 0.0859
vn 0.9818 -0.0000 0.1900
vn -0.9822 -0.0000 -0.1878
vn 0.9258 -0.0000 0.3779
vn -0.9759 -0.0000 -0.2184
vn 0.9928 -0.0000 0.1196
vn -0.9927 -0.0000 -0.1209
vn 0.9990 -0.0000 0.0449
vn -0.9989 -0.0000 -0.0467
vn 0.9763 -0.0000 0.2163
vn 0.6601 -0.0000 0.7512
vn -0.4042 -0.0000 -0.9147
vn 0.4160 -0.0000 0.9093
vn 0.2297 -0.0000 0.9733
vn -0.6623 -0.0000 -0.7493
vn -0.6623 -0.0000 -0.7492
vn -0.9269 -0.0000 -0.3753
vn 0.9258 -0.0000 0.3781
vn -0.8113 -0.0000 -0.5847
vn 0.8116 -0.0000 0.5841
vn -0.2303 -0.0000 -0.9731
vn 0.0665 -0.0000 -0.9978
vn -0.0657 -0.0000 0.9978
vn -0.0598 -0.0000 -0.9982
vn -0.0333 -0.0536 -0.9980
vn -0.9998 -0.0000 -0.0215
vn -0.1194 -0.0000 -0.9929
vn -0.1055 -0.0282 -0.9940
vn 0.4150 -0.0000 -0.9098
vn 0.4148 -0.0331 -0.9093
vn 0.4048 -0.0091 -0.9143
vn -0.2888 -0.0000 0.9574
vn -0.2870 -0.1112 0.9514
vn -0.2570 -0.0258 0.9661
vn -0.2519 -0.0000 0.9678
vn -0.2626 -0.0227 0.9646
vn -0.3239 -0.0000 0.9461
vn -0.3237 -0.0276 0.9457
vn -0.3155 -0.0071 0.9489
vn 0.4276 -0.0000 0.9040
vn 0.4275 0.0224 0.9038
vn 0.4209 0.0060 0.9071
vn 0.5568 -0.0000 -0.8306
vn 0.6185 -0.1779 -0.7654
vn 0.2101 -0.0000 -0.9777
vn 0.2415 -0.0666 -0.9681
vt 31.999001 -32.000000
vt 0.000000 0.999000
vt 31.999001 -13.753900
vt 31.999001 31.999001
vt 0.000000 31.999001
vt -32.000000 -32.000000
vt 15.552700 -32.000000
vt 31.999001 0.999000
vt 0.000000 1.000000
vt 31.999001 1.000000
vt 0.588400 0.230500
vt 0.332500 0.229500
vt 0.581500 1.078100
vt 0.282200 1.051800
vt 0.845700 0.153300
vt 0.601600 0.185500
vt 0.852500 0.904300
vt 0.568400 0.936500
vt 0.116700 -0.182600
vt -0.128400 -0.298800
vt 0.126000 0.840800
vt -0.147900 0.708000
vt 0.310500 0.246100
vt 0.121100 0.185500
vt 0.323700 1.048800
vt 0.104000 0.985400
vt 0.522500 0.242200
vt 0.328100 0.226600
vt 0.527800 0.991200
vt 0.301300 0.976600
vt 0.706500 0.206100
vt 0.748500 0.932600
vt 0.013200 0.143600
vt -0.196300 0.015600
vt 0.035200 0.953100
vt -0.211900 0.812500
vt 0.312500 0.229500
vt -0.012200 0.242200
vt 0.312000 0.928700
vt -0.037100 0.930700
vt 0.588900 0.162100
vt 0.250500 0.262700
vt 0.560100 0.793900
vt 0.276900 0.875000
vt 0.921400 0.172900
vt 0.560100 0.164100
vt 0.900900 0.873000
vt 0.589400 0.859400
vt 0.195800 0.038100
vt -0.114300 0.281300
vt 0.163100 0.866200
vt -0.098100 1.071300
vt 0.557600 0.055700
vt 0.187500 0.070300
vt 0.543000 0.805700
vt 0.205100 0.818400
vt 0.053700 -0.067400
vt -0.414600 -0.014600
vt 0.064500 0.951200
vt -0.390100 1.002900
vt 0.487800 0.084000
vt 0.025400 0.136700
vt 0.497600 0.885700
vt 0.043900 0.936500
vt 0.989300 0.173800
vt 0.476100 0.232400
vt 0.962900 0.833000
vt 0.444300 0.889600
vt 1.000000 0.115200
vt 0.797400 0.121100
vt 1.000000 0.866200
vt 0.765100 0.873000
vt 0.750000 0.183600
vt 0.567900 0.228500
vt 0.750000 0.889600
vt 0.531700 0.934600
vt 0.534700 0.016600
vt 0.383800 -0.019500
vt 0.552200 1.040000
vt 0.363800 0.994100
vt 0.349100 0.193400
vt 0.145500 0.247100
vt 0.398900 0.932600
vt 0.145500 1.000000
vt -0.061000 0.192400
vt 0.145500 0.999000
vt -0.097200 0.935500
vt 0.244100 -0.009800
vt 0.239300 0.926800
vt 0.479000 0.000000
vt 0.479000 0.936500
vt 0.009300 -0.019500
vt 0.000000 0.916000
vt 0.286600 -0.053700
vt -0.002400 -0.022500
vt 0.290000 0.967800
vt 0.576700 -0.085000
vt 0.580100 0.936500
vt 0.742200 0.926800
vt 1.003900 -0.020500
vt 1.005900 0.916000
vt 0.741200 -0.009800
vt -0.026400 0.860400
vt -0.250000 -0.024400
vt -0.250000 0.785200
vt 0.541500 1.000000
vt 0.377900 -0.087900
vt 0.335900 0.921900
vt -0.069300 0.045900
vt 0.375000 0.980500
vt 0.186000 0.047900
vt 0.186000 1.073200
vt 0.541500 -0.026400
vt 0.040000 0.002900
vt 0.005900 1.017600
vt 0.343300 -0.028300
vt 0.020500 0.999000
vt -0.215800 -0.031300
vt -0.231400 0.895500
vt 0.984400 0.999000
vt 0.001000 0.056600
vt 0.762200 0.898400
vt 1.003400 -0.019500
vt 0.760700 0.909200
vt 0.535200 -0.082000
vt 0.514200 0.844700
vt 0.715300 -0.109400
vt 0.538100 0.939500
vt 0.326700 0.127900
vt 0.326700 1.000000
vt 0.724600 -0.011700
vt 0.187500 0.059600
vt 0.135700 0.906300
vt 0.482900 0.094700
vt 0.171400 0.957000
vt -0.040500 0.120100
vt -0.040500 0.987300
vt -0.204600 0.084000
vt -0.246100 0.927700
vt 0.128900 0.086900
vt 0.185100 0.076200
vt -0.171900 0.145500
vt 0.168900 1.013700
vt -0.162600 1.078100
vt 0.660200 0.035200
vt 0.173800 -0.083000
vt 0.660200 1.057600
vt 0.191400 0.943400
vt 0.185100 0.046900
vt -0.340300 0.106400
vt 0.185100 0.984400
vt -0.334000 1.043000
vt 0.733400 0.018600
vt 0.729000 0.956100
vt 0.702600 -0.022500
vt 0.393600 -0.022500
vt 0.702600 1.000000
vt 0.393600 1.000000
vt 1.011700 -0.022500
vt 1.011700 1.000000
vt -0.020500 1.000000
vt 0.248500 0.040000
vt -0.233900 0.062500
vt 0.248500 0.977500
vt -0.229500 0.999000
vt 0.629900 -0.090800
vt 0.347200 -0.106400
vt 0.606000 0.927700
vt 0.356400 0.924800
vt 0.694300 0.061500
vt 0.700700 1.000000
vt 0.252400 0.002900
vt 0.248500 1.025400
vt 0.504900 0.005900
vt 0.497100 1.028300
vt 0.000000 0.000000
vt 0.000000 1.022500
vt 0.737300 0.043000
vt 0.736800 0.980500
vt 0.959000 0.023400
vt 0.944300 0.961900
vt 0.515600 0.063500
vt 0.529300 1.000000
vt 0.598600 -0.019500
vt 0.609900 1.092800
vt 0.845700 -0.068400
vt 0.824700 1.062500
vt 0.162600 -0.194300
vt -0.054200 -0.055700
vt 0.152300 0.825200
vt -0.037100 0.959000
vt 0.180700 0.067400
vt 0.192400 1.003900
vt 0.396000 0.049800
vt 0.379400 1.001000
vt 12.350600 -0.031300
vt -0.464800 -0.031300
vt 12.270500 0.999000
vt -0.544900 1.000000
vt 1.084000 -0.031300
vt -12.987300 -0.031300
vt 1.171900 1.000000
vt -12.899400 0.999000
vt 1.755900 -0.029300
vt -9.691400 -0.029300
vt 1.646500 0.999000
vt -9.799800 0.999000
vt 0.990200 -0.030300
vt -15.599600 -0.030300
vt 1.090800 0.999000
vt -15.499000 0.999000
vt 1.896500 -0.028300
vt -12.282200 -0.028300
vt 1.779300 0.999000
vt -12.399400 1.000000
vt 1.492200 -0.032200
vt -14.924800 -0.032200
vt 1.567400 0.999000
vt -14.849600 0.999000
vt 1.495100 -0.028300
vt -15.173800 -0.027300
vt 1.619100 0.999000
vt -15.048800 1.000000
vt 2.006800 -0.025400
vt -12.658200 -0.025400
vt 1.865200 1.000000
vt -12.799800 0.999000
vt 0.836900 -0.027300
vt -14.931600 -0.026400
vt 0.968800 0.999000
vt -14.799800 1.000000
vt 1.311500 -0.025400
vt -13.004900 -0.025400
vt 1.167000 0.999000
vt -13.150400 0.999000
vt 1.831100 -0.034200
vt -13.503900 -0.034200
vt 1.884800 1.000000
vt -13.449200 0.999000
vt 13.495100 -0.033200
vt 0.261700 -0.033200
vt 13.432600 0.999000
vt 0.199200 1.000000
vt 1.015600 -0.034200
vt -13.257800 -0.033200
vt 1.074200 0.999000
vt -13.199200 1.000000
vt -16.923800 -0.027300
vt -17.048800 1.000000
vt 1.623000 -0.027300
vt 1.497100 0.999000
vt -15.066400 -0.028300
vt -14.949200 0.999000
vt 1.266600 -0.028300
vt 1.384800 1.000000
vt 1.951200 -0.028300
vt -14.381800 -0.028300
vt 1.834000 1.000000
vt -14.499000 0.999000
vt -12.570300 -0.027300
vt -12.699200 1.000000
vt 1.502900 -0.027300
vt 1.374000 1.000000
vt 1.072300 -0.027300
vt -17.473600 -0.028300
vt 0.947300 0.999000
vt -17.599600 0.999000
vt -17.924801 -0.027300
vt -17.799801 1.000000
vt 0.824200 -0.028300
vt 0.948200 0.999000
vt 1.024400 -0.027300
vt -17.723600 -0.027300
vt 1.148400 1.000000
vt -17.599600 1.000000
vt 11.281300 -0.033200
vt -0.176800 -0.033200
vt 11.209000 0.999000
vt -0.250000 1.000000
vt 1.763700 -0.034200
vt -15.148400 -0.034200
vt 1.812500 1.000000
vt -15.099600 0.999000
vt 14.261700 -0.033200
vt 0.258800 -0.033200
vt 14.203100 0.999000
vt 0.199200 0.999000
vt -13.555700 -0.027300
vt -13.430700 1.000000
vt 1.012700 -0.027300
vt 1.136700 0.999000
vt -28.124001 -0.027300
vt -28.000000 1.000000
vt 1.403300 -0.027300
vt -12.670900 -0.027300
vt 1.274400 0.999000
vt 1.310500 -0.029300
vt -14.091800 -0.029300
vt 1.203100 1.000000
vt -14.199200 1.000000
vt 10.357400 -0.032200
vt -0.220700 -0.032200
vt 10.278300 0.999000
vt -0.299800 1.000000
vt 1.389600 -0.033200
vt -12.857400 -0.034200
vt 1.448200 1.000000
vt -12.798800 0.999000
vt 12.137700 -0.033200
vt -0.634800 -0.033200
vt 12.072300 1.000000
vt -0.699200 0.999000
vt 1.063500 -0.033200
vt -13.058600 -0.033200
vt 1.122100 1.000000
vt -13.000000 1.000000
vt 12.743200 -0.033200
vt 0.165000 -0.033200
vt 12.676800 0.999000
vt 0.099600 1.000000
vt 0.887700 -0.034200
vt -13.855500 -0.034200
vt 0.944300 1.000000
vt -13.799800 0.999000
vt 0.936500 -0.033200
vt -11.566400 -0.033200
vt 1.002900 0.999000
vt -11.500000 1.000000
vt 0.926800 -0.033200
vt -11.963900 -0.033200
vt 0.991200 1.000000
vt -11.899400 1.000000
vt 10.158200 -0.032200
vt -0.723600 -0.032200
vt 10.082000 0.999000
vt -0.799800 1.000000
vt 1.013700 -0.033200
vt -12.460900 -0.033200
vt 1.075200 1.000000
vt 11.499000 -0.032200
vt 0.172900 -0.033200
vt 11.425800 1.000000
vt 0.099600 0.999000
vt 1.497100 -0.033200
vt -12.060500 -0.033200
vt 1.557600 0.999000
vt -11.999000 1.000000
vt 10.746100 -0.032200
vt -0.526400 -0.032200
vt 10.671900 0.999000
vt -0.599600 1.000000
vt 12.740200 -0.033200
vt -0.235400 -0.033200
vt 12.676800 1.000000
vt -0.299800 0.999000
vt 11.792000 -0.033200
vt -0.431600 -0.033200
vt 11.724600 1.000000
vt -0.499000 0.999000
vt 1.403300 -0.028300
vt -12.816400 -0.028300
vt 1.519500 1.000000
vt -12.699200 0.999000
vt 1.892600 -0.026400
vt -10.060500 -0.026400
vt 1.753900 1.000000
vt -10.199200 0.999000
vt 1.180700 -0.029300
vt -13.810500 -0.029300
vt 1.291000 0.999000
vt -13.700200 1.000000
vt 1.897500 -0.027300
vt -11.072300 -0.027300
vt 1.769500 1.000000
vt -11.200200 1.000000
vt 1.160200 -0.031300
vt -16.493200 -0.031300
vt 1.254900 1.000000
vt -16.399401 1.000000
vt 1.716800 -0.034200
vt -12.956100 -0.034200
vt 1.773400 1.000000
vt 1.125000 -0.034200
vt -13.456100 -0.034200
vt 1.181600 0.999000
vt -13.399400 1.000000
vt 12.580100 -0.033200
vt -0.234400 -0.033200
vt 12.515600 1.000000
vt 1.544900 -0.033200
vt -12.756800 -0.034200
vt 1.602500 0.999000
vt 12.142600 -0.033200
vt -0.433600 -0.033200
vt 12.077100 1.000000
vt 1.231400 -0.033200
vt -11.265600 -0.033200
vt 1.297900 0.999000
vt -11.199200 1.000000
vt 10.600600 -0.032200
vt 0.178700 -0.032200
vt 10.520500 1.000000
vt 14.662100 -0.034200
vt -0.594700 -0.034200
vt 14.607400 0.999000
vt -0.649400 1.000000
vt 0.926800 -0.034200
vt -15.450200 -0.034200
vt 0.976600 0.999000
vt -15.399400 1.000000
vt 1.704100 -0.033200
vt -11.064500 -0.033200
vt 1.768600 0.999000
vt -11.000000 1.000000
vt 1.411100 -0.033200
vt -10.270500 -0.033200
vt 1.481400 0.999000
vt 1.441400 -0.033200
vt -10.568400 -0.033200
vt 1.510700 0.999000
vt -10.499000 0.999000
vt 1.133800 -0.032200
vt -9.477500 -0.032200
vt 1.211900 1.000000
vt -9.399400 1.000000
vt 1.548800 -0.034200
vt -13.554700 -0.034200
vt 1.603500 1.000000
vt -13.500000 0.999000
vt 10.295900 -0.032200
vt -0.522500 -0.032200
vt 10.219700 1.000000
vt 9.461900 -0.032200
vt -0.264600 -0.032200
vt 9.376000 0.999000
vt -0.349600 1.000000
vt 9.701200 -0.032200
vt -0.619100 -0.032200
vt 9.621100 1.000000
vt -0.699200 1.000000
vt 9.407200 -0.031300
vt 0.240200 -0.031300
vt 9.316400 0.999000
vt 0.149400 0.999000
vt 13.208000 -0.033200
vt 0.263700 -0.033200
vt 13.144500 0.999000
vt 12.277300 -0.033200
vt -0.434600 -0.033200
vt 12.212900 1.000000
vt -0.500000 1.000000
vt 12.577100 -0.033200
vt -0.335000 -0.033200
vt 12.512700 0.999000
vt -0.399400 1.000000
vt 1.612300 -0.034200
vt -12.856400 -0.034200
vt 1.669900 1.000000
vt 0.982400 -0.034200
vt -13.656300 -0.034200
vt 1.039100 0.999000
vt -13.599600 0.999000
vt 15.726600 -0.034200
vt -0.147500 -0.034200
vt 15.674800 0.999000
vt -0.199200 0.999000
vt 1.422900 -0.033200
vt -11.960900 -0.033200
vt 1.485400 1.000000
vt -11.899400 0.999000
vt 16.815399 -0.034200
vt -0.300800 -0.034200
vt 16.767599 1.000000
vt -0.349600 0.999000
vt 1.198200 -0.034200
vt -13.555700 -0.034200
vt 1.253900 0.999000
vt -13.499000 1.000000
vt 15.728500 -0.034200
vt -0.248000 -0.034200
vt 15.676800 1.000000
vt 1.617200 -0.033200
vt -11.761700 -0.033200
vt 1.678700 0.999000
vt -11.699200 1.000000
vt 15.707000 -0.034200
vt -0.297900 -0.034200
vt 15.655300 0.999000
vt 1.417000 -0.034200
vt -13.355500 -0.034200
vt 1.472700 0.999000
vt -13.299800 1.000000
vt 20.401400 -0.034200
vt -0.610400 -0.034200
vt 20.362301 0.999000
vt 1.208000 -0.034200
vt -20.039101 -0.035200
vt 1.247100 1.000000
vt -20.000000 0.999000
vt 20.392599 -0.034200
vt -0.008800 -0.034200
vt 20.352501 1.000000
vt -0.049800 0.999000
vt 1.292000 -0.034200
vt -18.741199 -0.034200
vt 1.333000 1.000000
vt -18.700199 0.999000
vt 18.973600 -0.034200
vt -0.306600 -0.034200
vt 18.930700 1.000000
vt 1.333000 -0.034200
vt -15.675800 -0.034200
vt 1.373000 1.000000
vt -15.635700 1.000000
vt 0.912100 -0.035200
vt -18.999001 -0.035200
vt 0.912100 0.999000
vt -18.999001 0.999000
vt 21.231400 -0.035200
vt -0.199200 -0.035200
vt 21.231400 1.000000
vt 0.989300 -0.035200
vt -11.299800 -0.035200
vt 0.989300 1.000000
vt -11.299800 1.000000
vt 14.040000 -0.035200
vt 0.199200 -0.035200
vt 14.040000 1.000000
vt 9.234400 -0.026400
vt -0.167000 -0.026400
vt 9.101600 1.000000
vt 1.022500 0.019500
vt -8.835900 0.019500
vt 1.358400 0.999000
vt -8.499000 1.000000
vt -0.013700 0.019500
vt 9.844700 0.019500
vt 9.508800 0.999000
vt 0.022500 0.033200
vt 10.018600 0.033200
vt 9.645500 0.999000
vt 0.307600 -0.002900
vt 0.049800 1.000000
vt 9.937500 -0.002900
vt 9.678700 0.999000
vt 1.632800 -0.035200
vt -11.699200 -0.035200
vt 1.632800 1.000000
vt -11.699200 0.999000
vt -16.371099 -0.033200
vt -16.299801 1.000000
vt 1.039100 -0.033200
vt 1.111300 0.999000
vt 17.258801 -0.032200
vt -0.166000 -0.032200
vt 17.175800 0.999000
vt -0.249000 1.000000
vt 0.984400 -0.024400
vt -15.946300 -0.024400
vt 1.130900 1.000000
vt -15.799800 1.000000
vt -0.052700 -0.024400
vt -0.199200 1.000000
vt 16.877899 -0.025400
vt 16.730499 0.999000
vt 17.657200 -0.033200
vt 17.598600 1.000000
vt 15.123000 -0.035200
vt 0.000000 -0.035200
vt 15.123000 1.000000
vt 1.279300 -0.034200
vt -16.051800 -0.034200
vt 1.231400 1.000000
vt -16.099600 1.000000
vt 18.406300 -0.034200
vt 0.104500 -0.034200
vt 18.452101 1.000000
vt 1.639600 -0.033200
vt -15.770500 -0.033200
vt 1.710900 1.000000
vt -15.699200 0.999000
vt -8.972700 0.033200
vt -8.599600 0.999000
vt 1.022500 0.033200
vt 1.395500 1.000000
vt -7.756800 0.022500
vt -8.099600 0.999000
vt 1.902300 0.022500
vt 1.558600 1.000000
vt -7.456100 0.022500
vt -7.799800 1.000000
vt 2.202100 0.022500
vt 1.859400 0.999000
vt -7.995100 0.009800
vt -8.299800 0.999000
vt 1.538100 0.009800
vt 1.233400 1.000000
vt -7.320300 -0.019500
vt -7.499000 0.999000
vt 1.931600 -0.019500
vt 1.752900 1.000000
vt -8.095700 0.009800
vt -8.399400 1.000000
vt 1.438500 0.009800
vt 1.133800 0.999000
vt -16.040001 -0.006800
vt 1.190400 -0.006800
vt 1.430700 0.999000
vt 17.021500 -0.006800
vt -0.209000 -0.006800
vt 16.780300 0.999000
vt -0.449200 0.999000
vt -7.264600 -0.026400
vt -7.399400 1.000000
vt 1.927700 -0.026400
vt 1.792000 0.999000
vt -7.577100 -0.011700
vt 1.752000 -0.011700
vt 1.530300 1.000000
vt 1.513700 -0.035200
vt -7.599600 -0.035200
vt 1.513700 0.999000
vt -7.599600 0.999000
vt -0.471700 -0.011700
vt 8.858400 -0.011700
vt 9.080100 1.000000
vt 8.556600 -0.026400
vt -0.634800 -0.026400
vt 8.692400 1.000000
vt -8.131800 -0.026400
vt -7.999000 1.000000
vt 1.269500 -0.026400
vt 1.402300 0.999000
vt -8.857400 -0.002900
vt 0.770500 -0.002900
vt 1.029300 0.999000
vt -0.204100 0.009800
vt 9.330100 0.009800
vt 9.633800 0.999000
vt -0.349600 -0.035200
vt 8.763700 -0.035200
vt 8.763700 1.000000
vt -0.678700 -0.019500
vt -0.499000 1.000000
vt 8.573200 -0.019500
vt 8.752900 0.999000
vt -0.253900 0.009800
vt 9.279300 0.009800
vt 9.584000 0.999000
vt 0.056600 0.022500
vt 0.399400 1.000000
vt 9.715800 0.022500
vt 10.058600 1.000000
vt -0.642600 0.022500
vt 9.015600 0.022500
vt 9.358400 0.999000
vt 9.031300 -0.035200
vt 9.031300 1.000000
vt 1.271500 -0.035200
vt -10.449200 -0.035200
vt 1.271500 1.000000
vt -10.449200 1.000000
vt 9.983400 -0.035200
vt 9.983400 1.000000
vt 1.502000 -0.035200
vt -10.699200 -0.035200
vt 1.502000 0.999000
vt -10.699200 1.000000
vt 17.121099 -0.035200
vt 17.121099 1.000000
vt 0.249000 -0.035200
vt 0.250000 1.000000
vt 15.747100 -0.035200
vt 15.747100 0.999000
vt 15.247100 -0.035200
vt -0.250000 -0.035200
vt 15.247100 0.999000
vt -15.507800 -0.035200
vt -15.507800 1.000000
vt 1.883800 -0.035200
vt 1.883800 0.999000
vt 1.491200 -0.035200
vt -15.899400 -0.035200
vt 1.491200 0.999000
vt -15.899400 1.000000
vt 0.099600 -0.035200
vt 17.420900 -0.035200
vt 17.420900 1.000000
vt 9.801800 -0.035200
vt 9.801800 0.999000
vt 1.809600 -0.035200
vt -22.049801 -0.035200
vt 1.809600 0.999000
vt -22.049801 1.000000
vt 24.800800 -0.035200
vt -0.399400 -0.035200
vt 24.800800 1.000000
vt -0.399400 0.999000
vt 0.928700 -0.035200
vt -16.199200 -0.035200
vt 0.928700 0.999000
vt -16.199200 0.999000
vt -0.500000 -0.035200
vt 16.600599 -0.035200
vt 16.600599 0.999000
vt 16.500000 -0.035200
vt -0.599600 -0.035200
vt 16.500000 0.999000
vt 10.734400 -0.035200
vt 10.734400 0.999000
vt 1.254900 -0.035200
vt -9.649400 -0.035200
vt 1.254900 0.999000
vt -9.649400 0.999000
vt 8.513700 -0.035200
vt 8.513700 1.000000
vt 1.349600 -0.035200
vt -9.999000 -0.035200
vt 1.349600 0.999000
vt -9.999000 1.000000
vt 8.967800 -0.035200
vt 8.967800 1.000000
vt 0.995100 -0.035200
vt -11.450200 -0.035200
vt 0.995100 0.999000
vt -11.450200 1.000000
vt -14.288100 -0.035200
vt -30.100599 -0.035200
vt -14.288100 1.000000
vt -30.100599 1.000000
vt 1.522500 -0.035200
vt 1.522500 0.999000
vt 7.465800 -0.035200
vt 7.465800 0.999000
vt 0.965800 -0.035200
vt -9.699200 -0.035200
vt 0.965800 1.000000
vt -9.699200 1.000000
vt 7.905300 -0.035200
vt 7.905300 1.000000
vt -0.500000 0.999000
vt 1.260700 -0.035200
vt -8.798800 -0.035200
vt 1.260700 0.999000
vt -8.798800 1.000000
vt 7.937500 -0.035200
vt -0.099600 -0.035200
vt 7.937500 1.000000
vt -0.099600 1.000000
vt 1.899400 -0.035200
vt -8.000000 -0.035200
vt 1.899400 0.999000
vt -8.000000 0.999000
vt 1.871100 -0.035200
vt -10.199200 -0.035200
vt 1.871100 0.999000
vt -10.199200 1.000000
vt 1.763700 -0.035200
vt -8.899400 -0.035200
vt 1.763700 0.999000
vt -8.899400 1.000000
vt 8.257800 -0.035200
vt 8.257800 0.999000
vt 1.078100 -0.035200
vt -10.099600 -0.035200
vt 1.078100 0.999000
vt -10.099600 1.000000
vt 9.585000 -0.035200
vt 0.299800 -0.035200
vt 9.585000 0.999000
vt 0.299800 1.000000
vt 1.188500 -0.035200
vt -9.299800 -0.035200
vt 1.188500 0.999000
vt -9.299800 1.000000
vt 9.668000 -0.035200
vt -0.149400 -0.035200
vt 9.668000 1.000000
vt -0.149400 0.999000
vt 0.926800 -0.035200
vt 0.926800 1.000000
vt 10.600600 -0.035200
vt 10.600600 0.999000
vt -16.049801 -0.035200
vt -16.049801 0.999000
vt 1.079100 -0.035200
vt 1.079100 1.000000
vt 1.702100 -0.035200
vt -11.049800 -0.035200
vt 1.702100 1.000000
vt -11.049800 0.999000
vt 8.349600 -0.035200
vt -0.049800 -0.035200
vt 8.349600 1.000000
vt -0.049800 1.000000
vt 1.700200 -0.035200
vt -8.299800 -0.035200
vt 1.700200 1.000000
vt 7.680700 -0.035200
vt 0.399400 -0.035200
vt 7.680700 1.000000
vt 1.720700 -0.035200
vt 1.720700 0.999000
vt -9.299800 0.999000
vt 7.846700 -0.035200
vt -0.299800 -0.035200
vt 7.846700 0.999000
vt 1.494100 -0.035200
vt -18.399401 -0.035200
vt 1.494100 0.999000
vt -18.399401 1.000000
vt 20.709999 -0.034200
vt -0.350600 -0.034200
vt 20.660200 0.999000
vt 1.620100 -0.034200
vt -17.952101 -0.034200
vt 1.672900 1.000000
vt -17.899401 0.999000
vt 11.529300 -0.034200
vt -0.657200 -0.034200
vt 11.487300 1.000000
vt 1.065400 -0.034200
vt -9.697300 -0.034200
vt 1.113300 0.999000
vt -9.649400 1.000000
vt 10.625000 -0.034200
vt -0.453100 -0.034200
vt 10.578100 0.999000
vt 1.301800 -0.034200
vt -8.352500 -0.034200
vt 1.355500 0.999000
vt -8.299800 1.000000
vt 18.983400 -0.035200
vt 18.983400 1.000000
vt 27.922899 -0.035200
vt -0.481400 -0.035200
vt 27.905300 1.000000
vt 1.129900 -0.035200
vt -26.917999 -0.035200
vt -26.900400 0.999000
vt 25.499001 -0.035200
vt -0.279300 -0.035200
vt 25.479500 1.000000
vt 1.038100 -0.035200
vt -23.820299 -0.035200
vt 1.058600 1.000000
vt -23.799801 1.000000
vt -13.277300 -0.035200
vt -13.249000 1.000000
vt 1.568400 -0.035200
vt 1.596700 0.999000
vt 1.718800 -0.035200
vt -13.127000 -0.035200
vt 1.746100 0.999000
vt -13.099600 1.000000
vt -0.122100 -0.035200
vt 14.724600 -0.035200
vt 14.696300 1.000000
vt 14.875000 -0.035200
vt 0.027300 -0.035200
vt 14.846700 0.999000
vt 11.890600 -0.035200
vt 0.025400 -0.035200
vt 11.864300 1.000000
vt 1.187500 -0.034200
vt -12.453100 -0.034200
vt 1.241200 0.999000
vt -12.802700 -0.034200
vt -12.750000 0.999000
vt 0.837900 -0.034200
vt 0.890600 1.000000
vt 27.175800 -0.035200
vt 27.175800 1.000000
vt 1.469700 -0.035200
vt -26.099600 -0.035200
vt 1.469700 0.999000
vt -26.099600 1.000000
vt 29.526400 -0.035200
vt 29.526400 0.999000
vt 1.075200 -0.035200
vt -28.298800 -0.035200
vt 1.075200 0.999000
vt -28.298800 0.999000
vt 1.687500 -0.035200
vt -27.500000 -0.035200
vt 1.687500 0.999000
vt -27.500000 1.000000
vt 28.965799 -0.035200
vt 28.965799 1.000000
vt -0.347700 -0.034200
vt 13.513700 -0.034200
vt 13.460900 0.999000
vt 1.441400 -0.035200
vt -8.929700 -0.035200
vt 1.471700 1.000000
vt 11.258800 -0.035200
vt 11.231400 0.999000
vt 1.065400 -0.035200
vt -9.922900 -0.035200
vt 1.099600 0.999000
vt -9.888700 1.000000
vt 10.824200 -0.033200
vt -0.435500 -0.033200
vt 10.759800 1.000000
vt 13.613300 -0.034200
vt -0.247100 -0.034200
vt 13.560500 1.000000
vt -9.018600 -0.033200
vt -8.949200 1.000000
vt 1.528300 -0.033200
vt 0.977500 -0.033200
vt -9.568400 -0.033200
vt 1.046900 1.000000
vt -9.500000 0.999000
vt -0.185500 -0.033200
vt -0.250000 0.999000
vt 11.074200 -0.033200
vt 11.009800 0.999000
vt 5.618200 -0.033200
vt -0.026400 -0.033200
vt 5.543900 0.999000
vt 6.498000 -0.033200
vt -0.439500 -0.033200
vt 6.438500 1.000000
vt 0.973600 -0.034200
vt -7.250000 -0.034200
vt 1.024400 0.999000
vt -7.199200 0.999000
vt 5.954100 -0.033200
vt -0.536100 -0.033200
vt 5.890600 1.000000
vt -0.599600 0.999000
vt 10.331100 -0.034200
vt -0.460900 -0.034200
vt 10.292000 1.000000
vt 14.536100 -0.035200
vt 0.228500 -0.035200
vt 14.507800 0.999000
vt 1.463900 -0.035200
vt -14.525400 -0.035200
vt 1.489300 0.999000
vt -14.499000 1.000000
vt 0.010700 -0.035200
vt 19.161100 -0.035200
vt 19.150400 0.999000
vt 1.523400 -0.035200
vt -20.508801 -0.035200
vt 1.533200 1.000000
vt -20.500000 0.999000
vt 1.736300 -0.034200
vt -6.052700 -0.034200
vt 1.790000 0.999000
vt -5.999000 1.000000
vt 6.781300 -0.033200
vt -0.039100 -0.033200
vt 6.719700 0.999000
vt 0.835000 -0.034200
vt -7.598600 -0.034200
vt 0.883800 0.999000
vt -7.549800 1.000000
vt 6.730500 -0.033200
vt -0.240200 -0.033200
vt 6.670900 1.000000
vt 7.139600 -0.034200
vt -0.142600 -0.034200
vt 7.083000 1.000000
vt 1.550800 -0.034200
vt -7.694300 -0.034200
vt 1.595700 0.999000
vt -7.649400 1.000000
vt 6.580100 -0.033200
vt -0.137700 -0.033200
vt 6.518600 0.999000
vt 1.307600 -0.034200
vt -7.248000 -0.034200
vt -7.199200 1.000000
vt 6.530300 -0.033200
vt -0.440400 -0.033200
vt 6.470700 0.999000
vt 1.761700 -0.034200
vt -7.046900 -0.034200
vt 1.808600 0.999000
vt -6.999000 1.000000
vt 7.842800 -0.034200
vt 0.153300 -0.034200
vt 7.789100 1.000000
vt 1.694300 -0.035200
vt -12.079100 -0.035200
vt 1.724600 1.000000
vt -12.049800 0.999000
vt 1.445300 -0.033200
vt -4.963900 -0.033200
vt 1.509800 0.999000
vt -4.899400 0.999000
vt 7.574200 -0.034200
vt -0.448200 -0.034200
vt 7.522500 1.000000
vt 6.517600 -0.033200
vt -0.238300 -0.033200
vt 6.456100 0.999000
vt 5.728500 -0.033200
vt -0.381800 -0.033200
vt 5.661100 0.999000
vt -0.449200 1.000000
vt 0.979500 -0.034200
vt -6.455100 -0.034200
vt 1.035200 1.000000
vt -6.399400 0.999000
vt 0.939500 -0.034200
vt -6.504900 -0.034200
vt 0.995100 1.000000
vt -6.449200 0.999000
vt 0.938500 -0.033200
vt -6.058600 -0.033200
vt 0.997100 0.999000
vt 1.734400 -0.034200
vt -8.291000 -0.034200
vt 1.775400 1.000000
vt -8.249000 0.999000
vt 1.523400 -0.034200
vt -7.247100 -0.034200
vt 1.570300 0.999000
vt 1.581100 -0.034200
vt -6.053700 -0.034200
vt 1.634800 1.000000
vt -6.000000 1.000000
vt 5.702100 -0.032200
vt 0.580100 -0.032200
vt 5.621100 1.000000
vt 0.499000 1.000000
vt 6.868200 -0.033200
vt 0.716800 -0.033200
vt 6.800800 1.000000
vt 0.649400 1.000000
vt 20.949200 -0.035200
vt -0.680700 -0.035200
vt 20.930700 0.999000
vt 0.918900 -0.035200
vt -20.469700 -0.035200
vt 0.935500 0.999000
vt -20.454100 0.999000
vt 5.540000 -0.033200
vt -0.126000 -0.033200
vt 5.467800 0.999000
vt 0.899400 -0.034200
vt -6.356400 -0.034200
vt 0.956100 0.999000
vt -6.299800 1.000000
vt 4.897500 -0.032200
vt -0.421900 -0.032200
vt 4.819300 1.000000
vt 1.627000 -0.033200
vt -5.458000 -0.033200
vt 1.685500 0.999000
vt -5.399400 1.000000
vt -5.657200 -0.034200
vt 1.606400 1.000000
vt -5.599600 0.999000
vt 5.900400 -0.033200
vt -0.130900 -0.033200
vt 5.832000 0.999000
vt 1.312500 -0.034200
vt -7.645500 -0.034200
vt 1.359400 0.999000
vt -7.599600 1.000000
vt 6.391600 -0.033200
vt -0.438500 -0.033200
vt 6.331100 1.000000
vt 1.751000 -0.034200
vt -6.698200 -0.034200
vt 1.799800 0.999000
vt -6.649400 1.000000
vt 5.951200 -0.033200
vt -0.030300 -0.033200
vt 5.881800 0.999000
vt 1.837900 -0.034200
vt -6.051800 -0.034200
vt 1.890600 0.999000
vt 1.405300 -0.034200
vt -6.253900 -0.034200
vt 1.460000 0.999000
vt -6.199200 1.000000
vt 1.271500 -0.034200
vt -7.447300 -0.034200
vt 1.319300 1.000000
vt -7.399400 0.999000
vt 6.055700 -0.033200
vt -0.537100 -0.033200
vt 5.993200 1.000000
vt 1.540000 -0.034200
vt -6.798800 -0.034200
vt 1.588900 1.000000
vt -6.750000 0.999000
vt 5.597700 -0.033200
vt -0.430700 -0.033200
vt 5.529300 0.999000
vt 6.585900 -0.033200
vt -0.037100 -0.033200
vt 6.523400 1.000000
vt -0.099600 0.999000
vt 1.749000 -0.034200
vt -6.251000 -0.034200
vt 1.800800 1.000000
vt -6.199200 0.999000
vt 6.691400 -0.033200
vt 0.062500 -0.033200
vt 6.628900 0.999000
vt 1.764600 -0.034200
vt -6.549800 -0.034200
vt 1.814500 0.999000
vt -6.500000 1.000000
vt 1.383800 -0.034200
vt -7.197300 -0.034200
vt 1.432600 1.000000
vt -7.149400 0.999000
vt 6.073200 -0.033200
vt -0.233400 -0.033200
vt 6.007800 1.000000
vt 0.945300 -0.034200
vt -7.597700 -0.034200
vt 0.994100 0.999000
vt -7.549800 0.999000
vt 6.058600 -0.033200
vt -0.284200 -0.033200
vt 1.432600 -0.034200
vt -6.601600 -0.034200
vt 1.484400 1.000000
vt -6.549800 0.999000
vt 6.962900 -0.033200
vt 0.059600 -0.033200
vt 6.902300 0.999000
vt 1.418900 -0.034200
vt -7.147500 -0.034200
vt 1.466800 1.000000
vt -7.099600 0.999000
vt 6.430700 -0.033200
vt -0.540000 -0.033200
vt 6.371100 0.999000
vt 5.322300 -0.032200
vt -0.123000 -0.032200
vt 5.246100 1.000000
vt 6.170900 -0.033200
vt -0.285200 -0.033200
vt 6.106400 1.000000
vt 1.538100 -0.034200
vt -6.451200 -0.034200
vt 1.589800 0.999000
vt -6.399400 1.000000
vt 5.179700 -0.032200
vt -0.324200 -0.032200
vt 5.104500 0.999000
vt 1.652300 -0.034200
vt -5.656300 -0.034200
vt 1.709000 0.999000
vt -5.599600 1.000000
vt 6.963900 -0.033200
vt 0.160200 -0.033200
vt 6.903300 0.999000
vt 1.336900 -0.034200
vt -7.148400 -0.034200
vt 1.385700 0.999000
vt -7.099600 1.000000
vt 6.279300 -0.033200
vt 0.369100 -0.033200
vt 6.209000 1.000000
vt 0.299800 0.999000
vt 1.327100 -0.034200
vt -6.303700 -0.034200
vt 1.381800 0.999000
vt -6.250000 1.000000
vt 5.857400 -0.032200
vt 0.273400 -0.032200
vt 5.783200 0.999000
vt 1.770500 -0.034200
vt -7.258800 -0.034200
vt 1.842800 1.000000
vt -7.187500 0.999000
vt 5.738300 -0.033200
vt 0.072300 -0.033200
vt 5.665000 0.999000
vt 1.140600 -0.034200
vt -7.061500 -0.034200
vt -7.000000 0.999000
vt 4.811500 -0.032200
vt -0.267600 -0.032200
vt 4.729500 0.999000
vt 0.929700 -0.033200
vt -5.860400 -0.033200
vt 0.990200 1.000000
vt -5.799800 0.999000
vt 1.316400 -0.034200
vt -6.204100 -0.034200
vt 1.371100 0.999000
vt -6.149400 1.000000
vt 5.703100 -0.032200
vt 0.174800 -0.032200
vt 5.627900 0.999000
vt 1.750000 -0.034200
vt -5.506800 -0.034200
vt 1.807600 0.999000
vt -5.449200 1.000000
vt 5.829100 -0.033200
vt -0.180700 -0.033200
vt 5.760700 0.999000
vt 1.095700 -0.034200
vt -6.653300 -0.034200
vt 1.149400 0.999000
vt -6.599600 1.000000
vt 5.640600 -0.033200
vt -0.127900 -0.033200
vt 5.569300 1.000000
vt 1.315400 -0.032200
vt -15.764600 -0.032200
vt 1.230500 0.999000
vt -15.849600 1.000000
vt 1.395500 -0.029300
vt -16.757799 -0.029300
vt 1.503900 1.000000
vt -16.649401 1.000000
vt 1.857400 -0.028300
vt -14.680700 -0.028300
vt 1.738300 1.000000
vt 1.194300 -0.025400
vt -15.089800 -0.025400
vt 1.334000 0.999000
vt -14.950200 1.000000
vt 1.656300 -0.025400
vt -14.104500 -0.025400
vt 1.511700 0.999000
vt -14.249000 1.000000
vt 0.932600 -0.028300
vt -14.420900 -0.028300
vt 1.053700 1.000000
vt -14.298800 0.999000
vt 0.987300 -0.029300
vt -15.335000 -0.029300
vt 0.873000 0.999000
vt -15.449200 1.000000
vt 1.526400 -0.032200
vt -16.579100 -0.032200
vt 1.606400 0.999000
vt -16.499001 1.000000
vt 0.917000 -0.028300
vt -15.418000 -0.028300
vt 1.034200 1.000000
vt -15.299800 0.999000
vt -15.032200 -0.028300
vt -15.149400 1.000000
vt 1.301800 -0.028300
vt 1.184600 0.999000
vt -14.800800 -0.030300
vt -14.700200 1.000000
vt 1.606400 -0.030300
vt 1.707000 1.000000
vt 1.206100 -0.030300
vt -15.201200 -0.030300
vt 1.307600 0.999000
vt -15.099600 1.000000
vt 1.220700 -0.031300
vt -22.357401 -0.031300
vt 1.127900 1.000000
vt -22.449200 1.000000
vt 0.816400 -0.031300
vt -23.489300 -0.031300
vt 0.905300 0.999000
vt -23.399401 1.000000
vt 1.476600 -0.030300
vt -14.697300 -0.030300
vt 1.374000 0.999000
vt -14.546900 -0.030300
vt -14.649400 0.999000
vt 1.626000 -0.030300
vt 1.523400 1.000000
vt 1.603500 -0.028300
vt -15.123000 -0.028300
vt 1.727500 0.999000
vt -15.000000 0.999000
vt 16.101601 -0.035200
vt -0.005900 -0.035200
vt 16.107401 1.000000
vt 31.999001 -0.035200
vt -15.493200 -0.035200
vt 1.026400 -0.035200
vt 1.020500 0.999000
vt 1.526400 -0.035200
vt -14.993200 -0.035200
vt 1.520500 0.999000
vt 2.522500 0.056600
vt 2.488300 1.000000
vt 0.273400 0.063500
vt 2.988300 -0.035200
vt 2.988300 0.999000
vt 1.043000 -0.035200
vt -13.968800 -0.035200
vt 1.011700 0.999000
vt -14.000000 0.999000
vt 1.860400 -0.028300
vt -15.983400 -0.029300
vt 1.744100 1.000000
vt -16.099600 0.999000
vt 0.924800 -0.031300
vt -16.787100 -0.032200
vt -16.699200 0.999000
vt 1.368200 -0.032200
vt -17.166000 -0.032200
vt 1.285200 1.000000
vt -17.249001 0.999000
vt 1.201200 -0.033200
vt -21.114300 -0.033200
vt 1.265600 0.999000
vt -21.049801 0.999000
vt -13.999000 0.999000
vt 1.033200 -0.035200
vt -13.831100 -0.035200
vt 1.064500 1.000000
vt -13.799800 1.000000
vt -13.980500 -0.035200
vt -13.949200 1.000000
vt 0.882800 -0.035200
vt 0.914100 1.000000
vt 1.007800 -0.033200
vt -21.635700 -0.033200
vt -21.699200 0.999000
vt 0.665000 0.282200
vt 0.338900 0.275900
vt 0.754400 0.579600
vt 0.227500 0.569800
vt 0.011200 0.332500
vt 0.483900 0.757300
vt 0.512200 0.003400
vt 0.781300 0.895500
vt 0.988300 0.351100
vt 0.177700 0.883800
vt 0.839800 0.076200
vt 0.607400 1.073200
vt 0.879900 0.931600
vt 0.558100 0.240200
vt 0.297400 0.907200
vt 0.574700 0.935500
vt 0.321300 0.949200
vt 0.043900 0.289100
vt 0.021000 0.911100
vt 0.187500 0.943400
vt -0.094700 0.017600
vt -0.127000 0.872100
vt 0.018600 0.377000
vt -0.201700 0.890600
vt 0.055700 0.979500
vt 0.427700 0.353500
vt 0.151900 0.931600
vt 0.430200 1.005900
vt 0.783700 -0.061500
vt 0.422900 0.000000
vt 0.842800 0.678700
vt 0.422900 0.751000
vt 0.621100 0.203100
vt 0.325200 0.206100
vt 0.299800 0.328100
vt 0.165500 0.086900
vt -0.190400 0.299800
vt 0.187500 0.286100
vt 0.084500 0.161100
vt -0.348600 0.175800
vt 0.088900 0.911100
vt -0.348600 0.926800
vt 0.518100 0.145500
vt 0.527300 0.895500
vt 0.011700 0.072300
vt -0.432100 0.040000
vt 0.011700 0.875000
vt -0.432100 0.843800
vt 0.283700 0.341800
vt -0.086400 0.274400
vt 0.304200 1.043000
vt -0.120100 0.965800
vt 0.023400 0.278300
vt -0.314900 0.245100
vt 0.043000 0.904300
vt -0.330100 0.868200
vt 0.674800 0.298800
vt 0.311500 0.267600
vt 0.691900 0.957000
vt 0.278800 0.922900
vt 0.332000 0.140600
vt 0.038600 0.147500
vt 0.325700 0.942400
vt 0.021500 0.950200
vt 0.626000 0.133800
vt 0.629400 0.934600
vt -0.110400 -0.084000
vt -0.391600 -0.374000
vt -0.106900 0.845700
vt -0.432600 0.518600
vt 0.230000 0.341800
vt 0.027800 0.261700
vt 0.241200 1.042000
vt 0.001500 0.956100
vt 0.453100 0.259800
vt 0.232900 0.274400
vt 0.496600 0.999000
vt 0.249000 1.025400
vt 0.009300 0.183600
vt 0.000000 0.932600
vt 1.008800 0.099600
vt 0.801300 0.113300
vt 1.031300 0.888700
vt 0.785600 0.924800
vt 0.767600 0.181600
vt 0.526900 0.223600
vt 0.800800 0.908200
vt 0.510700 0.982400
vt 0.501500 0.234400
vt 0.255900 0.218800
vt 0.533200 0.931600
vt 0.240700 0.922900
vt 0.715800 0.225600
vt 0.484900 0.126000
vt 0.708500 0.976600
vt 0.446300 0.859400
vt 0.386700 0.133800
vt 0.326700 0.974600
vt 0.311000 0.217800
vt 0.150400 0.249000
vt 0.359400 1.179700
vt 0.166000 1.194300
vt -0.050800 0.059600
vt -0.063500 0.967800
vt 0.943800 0.178700
vt 0.968300 0.928700
vt 0.783200 0.118200
vt 0.461900 0.796900
vt 0.756800 0.804700
vt 0.441900 0.729500
vt 0.151400 0.188500
vt 0.153800 0.770500
vt 0.025900 0.763700
vt -0.346700 0.284200
vt -0.322300 0.966800
vt 0.677200 0.132800
vt 0.246600 0.885700
vt 0.626500 0.877900
vt 0.186500 1.054700
vt -0.199700 0.333000
vt -0.199700 1.085900
vt 0.232900 0.315400
vt 0.444800 0.091800
vt 0.480500 0.156300
vt 0.041000 0.056600
vt 0.247100 0.132800
vt 0.324200 -0.105500
vt 0.003900 0.135700
vt 0.314000 0.702100
vt 0.028800 0.903300
vt 0.654800 -0.151400
vt 0.301300 -0.110400
vt 0.650900 0.859400
vt 0.341300 0.866200
vt -0.009300 0.127000
vt -0.361300 0.281300
vt -0.027300 0.888700
vt -0.333000 0.997100
vt 0.276400 0.043000
vt -0.054200 0.053700
vt 0.259300 0.909200
vt -0.022500 0.894500
vt 0.415000 0.041000
vt 0.018100 0.072300
vt 0.387200 0.909200
vt 0.018100 0.938500
vt 0.655800 0.000000
vt 0.291500 0.000000
vt 0.651400 0.936500
vt 0.291500 0.936500
vt 1.020000 0.000000
vt 1.011700 0.936500
vt 0.791000 0.018600
vt 0.388700 0.033200
vt 0.783200 0.875000
vt 0.423800 0.892600
vt 0.159700 0.087900
vt -0.210900 0.191400
vt 0.128900 0.834000
vt -0.193400 0.933600
vt 0.746100 -0.043900
vt 0.388700 0.012700
vt 0.710000 0.811500
vt 0.400900 0.869100
vt 0.406300 0.114300
vt 0.106900 0.165000
vt 0.379900 0.859400
vt 0.121600 0.908200
vt 0.128400 -0.009800
vt -0.214400 0.122100
vt 0.098600 0.799800
vt -0.197300 0.918900
vt 0.584500 0.013700
vt 0.389200 0.029300
vt 0.584500 0.951200
vt 0.389200 0.966800
vt 0.782200 -0.002000
vt 0.782200 0.934600
vt 0.782200 0.057600
vt 0.782200 0.922900
vt 0.989700 0.057600
vt 0.989700 0.922900
vt 1.199700 0.057600
vt 1.199700 0.922900
vt 1.409700 0.057600
vt 1.409700 0.922900
vt 0.632300 0.140600
vt 0.632300 0.890600
vt 0.821300 0.127900
vt 0.821300 0.877900
vt 0.440900 0.153300
vt 0.440900 0.903300
vt 0.200200 -0.002900
vt -0.173800 -0.032200
vt 0.200200 0.861300
vt -0.173800 0.832000
vt 0.567900 0.024400
vt 0.567900 0.889600
vt 0.255900 0.166000
vt 0.076700 0.177700
vt 0.255900 0.916000
vt 0.076700 0.927700
vt 1.616700 0.057600
vt 1.616700 0.922900
vt 0.395000 0.039100
vt -0.008800 0.084000
vt 0.378900 0.904300
vt 0.003400 0.945300
vt 0.921900 0.057600
vt 0.543500 0.057600
vt 0.921900 0.922900
vt 0.543500 0.922900
vt 1.300300 0.057600
vt 1.300300 0.922900
vt 0.660600 -0.068400
vt 0.366700 -0.038100
vt 0.643600 0.734400
vt 0.382300 0.760700
vt -0.297900 0.182600
vt -0.297900 0.932600
vt -0.101600 0.182600
vt -0.101600 0.932600
vt 0.091300 0.182600
vt 0.091300 0.932600
vt 0.000500 0.061500
vt 0.021000 0.998000
vt 1.000000 0.000000
vt 0.639600 0.000000
vt 0.976600 0.703100
vt 0.659200 0.703100
vt 0.439500 0.168900
vt 0.312500 0.148400
vt 0.439900 1.023400
vt 0.275400 1.017600
vt 0.694300 0.304700
vt 0.700200 0.999000
vt 0.793500 0.247100
vt 0.830600 0.925800
vt 0.595700 0.312500
vt 0.570300 1.022500
vt 0.936000 0.170900
vt 0.936000 0.920900
vt 1.068800 0.091800
vt 1.095700 0.823200
vt 0.562500 0.117200
vt 0.600100 0.959000
vt -0.111800 -0.045900
vt -0.129400 0.879900
vt 0.019500 0.007800
vt 0.037100 0.959000
vt 0.871600 0.048800
vt 0.747100 0.075200
vt 0.871600 0.904300
vt 0.715800 0.944300
vt 0.158200 0.084000
vt 0.155300 1.007800
vt 0.263200 0.079100
vt 0.295900 1.015600
vt 0.040500 0.037100
vt 0.002000 0.948200
vt 0.826200 0.166000
vt 0.799300 0.934600
vt 0.165000 0.226600
vt 0.168000 1.022500
vt 0.304200 0.176800
vt 0.342300 0.977500
vt 0.046900 0.207000
vt 0.014200 0.999000
vt 0.558100 0.042000
vt 0.345200 0.184600
vt 0.576700 1.038100
vt 0.305200 1.211900
vt -0.018100 0.201200
vt -0.443400 0.170900
vt 0.004400 0.958000
vt -0.458000 0.914100
vt -0.073200 0.005900
vt -0.173800 -0.056600
vt -0.084500 0.938500
vt -0.209500 0.855500
vt 0.261200 0.297900
vt 0.268600 1.048800
vt 0.397500 0.280300
vt 0.440900 1.036100
vt 0.130400 0.234400
vt 0.101600 0.978500
vt 0.586400 0.117200
vt 0.565400 1.060500
vt 0.711400 0.106400
vt 0.714800 1.048800
vt 0.455100 0.030300
vt 0.408700 0.973600
vt 0.035600 -0.002900
vt 0.047900 0.949200
vt 0.573700 0.076200
vt 0.459500 0.051800
vt 0.571800 0.931600
vt 0.426800 0.903300
vt 0.569300 0.058600
vt 0.517600 0.976600
vt 0.695300 0.089800
vt 0.683600 1.036100
vt 0.524900 0.098600
vt 0.404800 0.085000
vt 0.522500 1.023400
vt 0.362800 1.015600
vt 0.885700 0.007800
vt 0.867700 0.809600
vt 0.999500 0.000000
vt 1.017100 0.808600
vt 0.893100 0.120100
vt 0.774400 0.128900
vt 0.890100 1.046900
vt 0.736800 1.072300
vt 0.226600 0.041000
vt 0.102500 0.059600
vt 0.240200 0.977500
vt 0.083000 0.994100
vt 0.205600 0.318400
vt 0.193400 0.744100
vt 0.536100 0.318400
vt 0.573700 0.748000
vt 0.823700 0.062500
vt 0.539600 0.019500
vt 0.838400 1.001000
vt 0.521000 0.948200
vt -0.046400 -0.038100
vt -0.067900 0.877000
vt 0.086900 0.072300
vt 0.093300 1.022500
vt -0.048300 -0.126000
vt -0.173300 -0.216800
vt -0.034200 0.905300
vt -0.190400 0.795900
vt 0.255900 0.028300
vt 0.226600 1.261700
vt 0.356900 0.039100
vt 0.356000 1.303700
vt 0.192400 0.031300
vt 0.177700 0.964800
vt 0.320300 0.052700
vt 0.337900 1.001000
vt 0.077600 0.081100
vt -0.039600 0.052700
vt 0.074200 1.023400
vt -0.074200 0.977500
vt 0.335000 0.054700
vt 0.336900 1.002000
vt 0.448700 0.045900
vt 0.483900 0.982400
vt 0.351600 0.129900
vt 0.239700 0.139600
vt 0.351100 1.066400
vt 0.203600 1.099600
vt 0.564000 0.125000
vt 0.542500 0.823200
vt 0.684100 0.125000
vt 0.690400 0.837900
vt 0.099600 -0.008800
vt 0.080100 1.029300
vt 0.212900 -0.018600
vt 0.220200 1.048800
vt 0.174300 0.246100
vt 0.017100 0.205100
vt 0.194300 0.994100
vt 0.000500 0.958000
vt 0.500500 0.044900
vt 0.485400 1.066400
vt 0.629400 0.033200
vt 0.644000 1.061500
vt 0.472700 0.177700
vt 0.342800 0.170900
vt 0.487800 0.980500
vt 0.327100 0.975600
vt -0.179700 -0.106400
vt -0.202100 0.908200
vt -0.041500 -0.093800
vt -0.029300 0.941400
vt 0.753400 0.095700
vt 0.622100 0.134800
vt 0.769000 1.023400
vt 0.602100 1.079100
vt 0.455600 0.103500
vt 0.455600 0.907200
vt 0.334500 0.088900
vt -0.048300 0.142600
vt 0.347200 0.891600
vt -0.048300 0.948200
vt 0.932100 0.062500
vt 0.482400 0.142600
vt 0.954100 0.859400
vt 0.460400 0.948200
vt 0.462400 0.158200
vt -0.028300 0.151400
vt 0.491200 1.024400
vt -0.028300 1.016600
vt 0.965800 0.103500
vt 0.324200 0.142600
vt 0.985400 0.906300
vt 0.324200 0.946300
vt 0.875500 0.082000
vt 0.447300 0.111300
vt 0.881800 0.948200
vt 0.447300 0.976600
vt 1.304200 0.053700
vt 1.316400 0.919900
vt 0.758300 0.054700
vt 0.349600 0.049800
vt 0.733900 0.919900
vt 0.349600 0.915000
vt 0.501500 0.000000
vt 0.003400 0.000000
vt 0.500000 1.000000
vt 1.000000 1.000000
vt 0.636200 0.118200
vt 0.259800 0.112300
vt 0.631800 0.921900
vt 0.259300 0.916000
vt 1.012200 0.124000
vt 1.004400 0.927700
vt 0.687500 -0.044900
vt 0.223600 -0.037100
vt 0.668500 0.884800
vt 0.225100 0.897500
vt -0.219700 0.036100
vt -0.190900 0.969700
vt -0.307100 0.217800
vt -0.299800 1.020500
vt -0.086900 0.000000
vt -0.086900 0.995100
vt 4.399400 0.000000
vt 4.398400 1.075200
vt 0.146500 -0.034200
vt 17.638700 -0.034200
vt 17.590799 0.999000
vt 0.936500 -0.034200
vt -16.347700 -0.034200
vt 0.984400 1.000000
vt -16.299801 0.999000
vt -16.047899 -0.034200
vt -15.999000 0.999000
vt 1.236300 -0.034200
vt 1.284200 0.999000
vt 19.866199 -0.035200
vt 0.070300 -0.035200
vt 19.845699 0.999000
vt 0.049800 0.999000
vt 1.712900 -0.035200
vt -15.972700 -0.035200
vt 1.736300 1.000000
vt -15.949200 1.000000
vt 21.090799 -0.034200
vt -0.361300 -0.034200
vt 21.051800 1.000000
vt 1.643600 -0.034200
vt -18.291000 -0.034200
vt 1.684600 0.999000
vt -18.250000 1.000000
vt 17.138700 -0.034200
vt -0.352500 -0.034200
vt 17.090799 1.000000
vt 17.760700 -0.034200
vt -0.303700 -0.034200
vt 17.714800 1.000000
vt 1.072300 -0.034200
vt -14.353500 -0.034200
vt 1.126000 0.999000
vt -14.299800 1.000000
vt 18.709000 -0.034200
vt -0.155300 -0.034200
vt 18.665001 0.999000
vt 1.498000 -0.034200
vt -14.949200 -0.034200
vt 1.547900 0.999000
vt -14.899400 0.999000
vt 1.754900 -0.034200
vt -16.644501 -0.034200
vt -16.599600 0.999000
vt 20.809601 -0.034200
vt 0.139600 -0.034200
vt 20.769501 1.000000
vt -14.452100 -0.034200
vt 1.365200 0.999000
vt -14.399400 0.999000
vt 17.811501 -0.034200
vt -0.153300 -0.034200
vt 17.764601 1.000000
vt 22.086901 -0.034200
vt -0.262700 -0.034200
vt 22.049801 1.000000
vt 1.040000 -0.035200
vt -12.729500 -0.035200
vt 1.070300 1.000000
vt -12.700200 0.999000
vt 21.747999 -0.034200
vt 0.238300 -0.034200
vt 21.709999 0.999000
vt 1.852500 -0.034200
vt -17.142599 -0.034200
vt 1.895500 0.999000
vt -17.098600 0.999000
vt 21.214800 -0.034200
vt 21.176800 1.000000
vt 19.471701 -0.035200
vt 19.471701 1.000000
vt 1.028300 -0.035200
vt -14.699200 -0.035200
vt 1.028300 0.999000
vt -14.699200 1.000000
vt 17.519501 -0.035200
vt 17.519501 1.000000
vt 1.266600 -0.034200
vt -18.091801 -0.034200
vt 1.309600 1.000000
vt -18.049801 0.999000
vt 15.837900 -0.035200
vt -0.124000 -0.035200
vt 15.812500 1.000000
vt 1.828100 -0.034200
vt -18.240200 -0.034200
vt 1.869100 0.999000
vt -18.199200 0.999000
vt 1.287100 -0.035200
vt -15.999000 -0.035200
vt 1.287100 1.000000
vt 17.722700 -0.035200
vt 17.722700 1.000000
vt 1.152300 -0.035200
vt 1.152300 0.999000
vt -14.699200 0.999000
vt 1.288100 -0.035200
vt -13.199200 -0.035200
vt 1.288100 1.000000
vt 16.627899 -0.035200
vt 16.627899 0.999000
vt 1.787100 -0.035200
vt -12.799800 -0.035200
vt 1.787100 1.000000
vt -12.799800 1.000000
vt 16.524401 -0.035200
vt 16.524401 1.000000
vt 19.084000 -0.035200
vt 0.327100 -0.035200
vt 19.056601 1.000000
vt -18.509800 -0.035200
vt -18.499001 0.999000
vt 1.808600 -0.035200
vt 1.819300 1.000000
vt 18.970699 -0.035200
vt 0.510700 -0.035200
vt 18.959000 0.999000
vt 0.500000 0.999000
vt -10.029300 0.032200
vt -10.399400 1.000000
vt 1.587900 0.032200
vt 1.217800 0.999000
vt 0.156300 -0.034200
vt 18.565399 -0.034200
vt 18.509800 1.000000
vt -0.395500 -0.031300
vt 10.443400 -0.031300
vt 10.539100 0.999000
vt 10.571300 -0.021500
vt -0.370100 -0.021500
vt 10.741200 0.999000
vt -17.625999 -0.035200
vt 1.865200 -0.035200
vt 1.891600 1.000000
vt 1.338900 -0.034200
vt -18.252001 -0.034200
vt 1.391600 0.999000
vt 1.988300 0.032200
vt -9.629900 0.032200
vt 1.618200 0.999000
vt -9.999000 0.999000
vt 1.573200 -0.034200
vt -17.043900 -0.034200
vt 1.517600 0.999000
vt -17.099600 1.000000
vt 21.301800 -0.034200
vt 0.450200 -0.034200
vt 21.351601 1.000000
vt 0.951200 -0.035200
vt -20.109400 -0.035200
vt 0.960900 0.999000
vt -20.099600 1.000000
vt 22.303699 -0.035200
vt 0.308600 -0.035200
vt 22.293900 1.000000
vt 1.107400 -0.030300
vt -9.401400 -0.030300
vt 1.008800 0.999000
vt -10.245100 0.026400
vt -10.599600 0.999000
vt 1.301800 0.026400
vt 1.739300 0.014600
vt -9.677700 0.014600
vt 1.417000 1.000000
vt -10.518600 0.002900
vt -10.799800 0.999000
vt 1.265600 0.002900
vt 1.407200 -0.012700
vt -10.184600 -0.012700
vt 1.192400 0.999000
vt -8.824200 -0.020500
vt -9.000000 1.000000
vt 1.790000 -0.020500
vt 1.614300 1.000000
vt 11.714800 0.001000
vt -0.276400 0.001000
vt 11.991200 0.999000
vt 1.787100 -0.025400
vt -15.657200 -0.025400
vt 1.644500 1.000000
vt 16.019501 -0.023400
vt 0.340800 -0.023400
vt 16.177700 1.000000
vt 0.499000 0.999000
vt -9.304700 -0.016600
vt -9.499000 1.000000
vt 1.306600 -0.016600
vt 1.111300 1.000000
vt 1.750000 -0.002000
vt -8.240200 -0.002000
vt 1.491200 1.000000
vt -8.500000 0.999000
vt 18.380899 -0.025400
vt 0.758800 -0.025400
vt 18.521500 1.000000
vt 0.899400 1.000000
vt 1.348600 -0.030300
vt -19.193399 -0.030300
vt 1.242200 1.000000
vt -19.299801 0.999000
vt 19.488300 -0.029300
vt -0.259800 -0.029300
vt 19.598600 0.999000
vt -0.149400 1.000000
vt 1.783200 -0.030300
vt -16.995100 -0.030300
vt -17.099600 0.999000
vt 16.793900 -0.029300
vt -0.513700 -0.029300
vt 16.908199 0.999000
vt 2.039100 -0.027300
vt -17.169901 -0.027300
vt 1.909200 0.999000
vt -17.299801 1.000000
vt -0.386700 0.003900
vt 8.627000 0.003900
vt 8.914100 1.000000
vt 10.322300 0.040000
vt -0.689500 0.040000
vt 10.712900 1.000000
vt 0.082000 0.013700
vt 0.399400 0.999000
vt 11.650400 0.013700
vt 11.967800 1.000000
vt 11.047900 0.024400
vt -0.649400 0.024400
vt 11.397500 0.999000
vt -0.210000 -0.013700
vt 11.591800 -0.013700
vt 11.802700 1.000000
vt 0.309600 0.040000
vt 0.699200 1.000000
vt 11.322300 0.040000
vt 11.712900 1.000000
vt 9.607400 -0.012700
vt -0.014600 -0.012700
vt 9.822300 0.999000
vt -8.311500 0.004900
vt -8.599600 1.000000
vt 1.774400 0.003900
vt 1.487300 0.999000
vt 1.702100 0.031300
vt -8.431600 0.031300
vt 1.334000 1.000000
vt -8.799800 0.999000
vt -0.096700 0.043000
vt 9.299800 0.043000
vt 9.696300 0.999000
vt 8.914100 0.011700
vt -0.410200 0.011700
vt 9.224600 1.000000
vt -0.647500 0.090800
vt 11.000000 0.099600
vt 11.639600 1.000000
vt 11.399400 0.099600
vt -0.369100 0.090800
vt 12.059600 0.999000
vt -8.342800 0.069300
vt -8.799800 1.000000
vt 2.098600 0.069300
vt 1.642600 0.999000
vt -8.510700 0.040000
vt 1.604500 0.040000
vt 1.215800 0.999000
vt -8.464800 0.019500
vt 1.440400 0.019500
vt 1.105500 1.000000
vt -0.007800 0.077100
vt 0.599600 1.000000
vt 11.951200 0.999000
vt 10.601600 0.101600
vt -0.216800 0.101600
vt 11.118200 1.000000
vt -9.499000 0.099600
vt 2.247100 0.089800
vt 1.559600 1.000000
vt -9.199200 0.099600
vt -9.899400 1.000000
vt 2.427700 0.089800
vt 1.740200 1.000000
vt -10.888700 0.099600
vt -11.554700 0.999000
vt 1.797900 0.075200
vt 1.056600 1.000000
vt 2.064500 0.064500
vt -8.868200 0.110400
vt 1.519500 0.999000
vt -0.595700 0.067400
vt 10.289100 0.110400
vt 10.820300 0.999000
vt 1.534200 -0.002900
vt -8.142600 -0.002900
vt 1.276400 1.000000
vt 1.320300 -0.031300
vt -8.087900 -0.031300
vt 1.408200 1.000000
vt 0.087900 -0.031300
vt 9.496100 -0.031300
vt 9.408200 0.999000
vt 9.074200 -0.035200
vt 9.074200 0.999000
vt 0.211900 -0.031300
vt 9.620100 -0.031300
vt 9.709000 1.000000
vt 9.135700 -0.020500
vt -0.374000 -0.020500
vt 9.310500 1.000000
vt 1.774400 -0.035200
vt 1.774400 0.999000
vt -0.056600 -0.002900
vt 9.620100 -0.002900
vt 9.877000 0.999000
vt -0.034200 0.019500
vt 9.871100 0.019500
vt 10.205100 1.000000
vt -0.188500 0.040000
vt 9.925800 0.040000
vt 10.315400 1.000000
vt 9.786100 0.069300
vt -0.656300 0.069300
vt 10.242200 1.000000
vt -7.725600 -0.020500
vt -7.899400 1.000000
vt 1.784200 -0.020500
vt 1.610400 0.999000
vt -8.210900 -0.031300
vt 1.196300 -0.031300
vt 1.108400 0.999000
vt -0.399400 0.099600
vt 11.099600 0.099600
vt 11.665000 0.999000
vt 1.157200 -0.022500
vt -8.335900 -0.022500
vt 0.994100 1.000000
vt -0.163100 -0.022500
vt 9.330100 -0.022500
vt 9.494100 0.999000
vt 0.346700 -0.024400
vt 9.825200 -0.024400
vt 9.978500 0.999000
vt -0.120100 -0.028300
vt 9.318400 -0.028300
vt 9.438500 1.000000
vt 9.920900 -0.031300
vt 0.511700 -0.031300
vt 10.008800 0.999000
vt 0.599600 0.999000
vt -7.846700 -0.023400
vt -8.000000 1.000000
vt 1.631800 -0.024400
vt 1.478500 0.999000
vt -13.653300 0.013700
vt -28.558599 -0.035200
vt -13.679700 0.999000
vt -28.599600 0.999000
vt 1.251000 0.063500
vt 1.239300 1.000000
vt 15.498000 0.010700
vt 15.519500 1.000000
vt 30.499001 -0.034200
vt 30.540001 1.000000
vt 0.497100 0.056600
vt -7.911100 -0.031300
vt 1.497100 -0.031300
vt -8.378900 -0.028300
vt 1.059600 -0.028300
vt 0.938500 1.000000
vt -7.972700 -0.009800
vt -8.199200 1.000000
vt 1.632800 -0.010700
vt 1.407200 0.999000
vt -8.782200 0.101600
vt 2.035200 0.101600
vt 1.518600 0.999000
vt 2.199200 0.099600
vt 1.665000 1.000000
vt -9.799800 0.099600
vt 1.824200 0.116200
vt 1.199200 1.000000
vt 2.199200 0.114300
vt -9.699200 0.099600
vt -0.317400 0.114300
vt 11.599600 0.099600
vt 12.281300 0.999000
vt -0.889600 0.115200
vt 10.699200 0.099600
vt 11.399400 1.000000
vt 8.880900 -0.010700
vt -0.725600 -0.009800
vt 9.106400 0.999000
vt -8.703100 0.006800
vt -8.999000 1.000000
vt 1.080100 0.006800
vt 0.784200 0.999000
vt -8.646500 0.025400
vt 1.325200 0.025400
vt 0.971700 0.999000
vt 1.385700 0.050800
vt -9.983400 0.050800
vt 0.924800 0.999000
vt -10.444300 0.999000
vt -0.414100 0.050800
vt 9.816400 0.050800
vt 10.231400 0.999000
vt -0.352500 0.025400
vt 9.619100 0.025400
vt 9.971700 0.999000
vt -0.095700 0.006800
vt 9.687500 0.006800
vt 9.983400 0.999000
vt 0.000000 0.283200
vt 0.000000 0.966800
vt 0.966800 0.283200
vt 0.966800 0.966800
vt 0.000000 -0.289100
vt 0.000000 0.644500
vt 0.966800 0.113300
vt 0.966800 0.218800
vt 0.000000 0.218800
vt 0.000000 0.002000
vt 0.966800 0.021500
vt 0.000000 1.356400
vt 0.940400 1.619100
vt 0.940400 -0.261700
vt 0.274400 0.133800
vt 0.012700 0.134800
vt 0.272000 1.000000
vt 0.535600 0.133800
vt 0.544400 1.000000
vt 0.734900 0.062500
vt 0.467300 0.062500
vt 0.733900 1.000000
vt 0.452100 1.000000
vt 1.002400 0.061500
vt 1.016100 1.000000
vt 0.792000 0.061500
vt 0.776400 1.000000
vt 1.027800 0.061500
vt 1.004900 1.000000
vt 0.556200 0.062500
vt 0.547400 0.999000
vt 1.160600 0.467800
vt 0.766600 0.489300
vt 1.150900 0.730500
vt 0.773400 0.753900
vt 0.777300 0.362300
vt 0.384800 0.351600
vt 0.767600 0.756800
vt 0.416500 0.743200
vt 0.208500 0.695300
vt 0.021000 0.703100
vt 0.214400 0.327100
vt 0.032200 0.332000
vt 0.396500 0.687500
vt 0.396500 0.322300
vt 0.245600 0.163100
vt 0.028800 0.137700
vt 0.233900 1.027300
vt 0.463400 0.132800
vt 0.469200 1.000000
vt 0.983900 0.062500
vt 0.567900 0.148400
vt 0.564500 1.086900
vt 0.502000 0.417000
vt 0.160600 0.439500
vt 0.515100 0.722700
vt 0.160600 0.742200
vt 1.190400 0.463900
vt 0.850600 0.528300
vt 1.219700 0.757800
vt 0.844200 0.806600
vt 0.505900 0.536100
vt 0.501500 0.890600
vt 0.846200 0.539100
vt 0.863300 0.858400
vt 0.478500 0.063500
vt 0.008800 0.061500
vt 0.508800 1.000000
vt 0.731400 0.116200
vt 0.464800 0.059600
vt 0.738300 1.053700
vt 0.444300 1.000000
vt 0.977500 0.064500
vt 1.012200 1.000000
vt 0.440900 0.133800
vt 0.017100 0.134800
vt 0.471200 0.999000
vt 0.988300 0.061500
vt 0.524400 0.062500
vt 1.005400 1.000000
vt 0.369600 -0.022500
vt -0.015600 -0.022500
vt 0.354000 0.999000
vt 1.007800 0.061500
vt 0.361800 0.062500
vt 0.986300 1.000000
vt 0.377400 1.000000
vt 0.538100 -0.022500
vt 0.020000 -0.022500
vt 0.508300 0.999000
vt 0.019000 0.999000
vt 1.003400 -0.022500
vt 0.499500 -0.022500
vt 0.998000 0.999000
vt 0.509800 1.000000
vt 0.458000 -0.022500
vt -0.004900 -0.022500
vt 0.455100 1.000000
vt 0.998000 0.061500
vt 0.453100 0.062500
vt 0.999000 1.000000
vt 0.456100 1.000000
vt 0.010300 0.062500
vt 1.001000 0.062500
vt 0.461400 0.062500
vt 0.981000 1.000000
vt 0.485400 1.000000
vt 1.041000 -0.008800
vt 0.499500 -0.029300
vt 0.966800 0.999000
vt 0.516100 0.999000
vt 0.532700 -0.022500
vt -0.013200 -0.022500
vt 0.487800 1.000000
vt 0.032200 0.999000
vt 1.023400 0.061500
vt 0.486800 0.062500
vt 0.982900 1.000000
vt 0.533200 1.000000
vt 0.513700 -0.022500
vt -0.006300 -0.022500
vt 0.475600 1.000000
vt 0.030300 1.000000
vt 0.503400 0.062500
vt -0.005400 0.062500
vt 0.479500 0.999000
vt 0.028300 0.999000
vt 1.025400 -0.024400
vt 0.463400 -0.019500
vt 0.995600 1.000000
vt 0.515100 1.000000
vt 0.521500 -0.022500
vt -0.008800 -0.022500
vt 0.476100 1.000000
vt 1.029300 0.062500
vt 0.460400 0.062500
vt 0.988800 0.999000
vt 0.499500 0.999000
vt 1.013200 -0.022500
vt 0.484900 -0.022500
vt 0.967300 1.000000
vt 0.517100 1.000000
vt 0.539100 0.061500
vt -0.019500 0.061500
vt 0.507300 0.999000
vt 1.007300 -0.022500
vt 0.516600 -0.022500
vt 0.990700 0.999000
vt -0.007300 -0.022500
vt 0.519500 1.000000
vt 0.514600 -0.022500
vt -0.010700 -0.022500
vt 0.473600 0.999000
vt 0.530300 -0.022500
vt 0.010300 -0.022500
vt 0.486800 1.000000
vt 0.062500 1.000000
vt 1.035600 -0.022500
vt 0.483400 -0.022500
vt 0.980500 1.000000
vt 0.524900 -0.029300
vt -0.002400 -0.011700
vt 0.503900 0.999000
vt 0.062000 0.999000
vt 1.037600 -0.022500
vt 0.491200 -0.022500
vt 0.997100 1.000000
vt 0.530800 1.000000
vt 0.496600 0.000000
vt -0.006300 0.000000
vt 0.999500 0.999000
vt 0.500000 0.000000
vt 0.497600 0.000000
vt 0.497600 1.000000
vt 0.999500 1.000000
vt 0.499500 0.000000
vt 0.499500 1.000000
vt 1.000000 0.999000
vt 0.522900 0.000000
vt 0.522900 1.000000
vt 0.765100 0.000000
vt 0.765100 1.000000
vt 0.244600 0.000000
vt 0.244600 1.000000
vt 0.754900 0.000000
vt 0.754900 1.000000
vt 0.265100 0.000000
vt 0.265100 1.000000
vt 0.251000 0.000000
vt 0.251000 1.000000
vt 0.501500 1.000000
vt 0.751000 0.000000
vt 0.751000 1.000000
vt 0.241200 0.000000
vt 0.241200 1.000000
vt 0.487800 0.000000
vt 0.244100 0.000000
vt 0.244100 1.000000
vt 0.492700 0.000000
vt 0.492700 1.000000
vt 0.745100 0.000000
vt 0.745100 1.000000
vt 0.080100 -0.003900
vt 0.115700 0.993200
vt 0.556600 -0.004900
vt 0.574200 0.993200
vt 1.032700 -0.005900
vt 1.032700 0.993200
vt 0.743700 0.000000
vt 0.743700 1.000000
vt 0.491700 0.000000
vt 0.491700 1.000000
vt 0.738800 0.000000
vt 0.738800 1.000000
vt 0.243700 0.000000
vt 0.243700 1.000000
vt 26.727501 -0.035200
vt 26.727501 1.000000
vt 1.854500 -0.035200
vt -23.599600 -0.035200
vt 1.854500 0.999000
vt -23.599600 1.000000
vt 28.787100 -0.035200
vt -0.270500 -0.035200
vt 28.758801 1.000000
vt 1.261700 -0.035200
vt -26.130899 -0.035200
vt 1.292000 1.000000
vt -26.100599 0.999000
vt 1.021500 -0.035200
vt -13.099600 -0.035200
vt 1.021500 0.999000
vt -13.099600 0.999000
vt 17.176800 -0.035200
vt 17.176800 1.000000
vt 0.970700 -0.035200
vt -13.000000 -0.035200
vt 0.970700 0.999000
vt 1.436500 -0.035200
vt -23.466801 -0.035200
vt 1.403300 1.000000
vt -23.500000 1.000000
vt 31.476601 -0.032200
vt 0.419900 -0.032200
vt 31.556601 0.999000
vt 26.387699 -0.033200
vt 0.435500 -0.033200
vt 26.452101 1.000000
vt 25.738300 -0.031300
vt -0.494100 -0.031300
vt 25.833000 0.999000
vt 1.947300 -0.031300
vt -24.605499 -0.031300
vt 1.853500 0.999000
vt -24.699200 1.000000
vt 1.935500 -0.032200
vt -29.019501 -0.032200
vt 1.855500 0.999000
vt -29.099600 1.000000
vt 1.471700 -0.033200
vt -24.034201 -0.033200
vt 1.406300 1.000000
vt -24.099600 1.000000
vt 25.417999 -0.035200
vt -0.281300 -0.035200
vt 25.450199 1.000000
vt 16.747101 -0.035200
vt 16.747101 1.000000
vt 17.611300 -0.035200
vt 17.611300 0.999000
vt 1.641600 -0.035200
vt -14.000000 -0.035200
vt 1.640600 1.000000
vt 17.382799 -0.035200
vt 17.382799 0.999000
vt 1.395500 -0.035200
vt -13.298800 -0.035200
vt -13.298800 0.999000
vt 16.208000 -0.035200
vt 16.208000 0.999000
vt 1.890600 -0.035200
vt -11.598600 -0.035200
vt 1.890600 1.000000
vt -11.598600 1.000000
vt 17.129900 -0.035200
vt 17.129900 0.999000
vt 1.020500 -0.035200
vt -13.699200 -0.035200
vt 1.020500 1.000000
vt -13.699200 1.000000
vt 1.241200 -0.035200
vt -14.700200 -0.035200
vt 1.241200 1.000000
vt -14.700200 0.999000
vt 19.383801 -0.035200
vt 0.499000 -0.035200
vt 19.383801 0.999000
vt 1.534200 -0.035200
vt -15.799800 -0.035200
vt 1.534200 1.000000
vt -15.799800 0.999000
vt 17.475599 -0.035200
vt 17.475599 1.000000
vt 18.127899 -0.035200
vt 0.599600 -0.035200
vt 18.127899 1.000000
vt -14.600600 -0.035200
vt -14.600600 1.000000
vt 18.648399 -0.035200
vt 18.648399 0.999000
vt 1.388700 -0.035200
vt -14.399400 -0.035200
vt 1.388700 1.000000
vt 1.513700 1.000000
vt -13.199200 0.999000
vt 16.931601 -0.035200
vt 0.230500 -0.035200
vt 16.900400 1.000000
vt 1.263700 -0.035200
vt -14.431600 -0.035200
vt 1.295900 1.000000
vt 18.289101 -0.033200
vt 0.462900 -0.033200
vt 18.225599 0.999000
vt 1.175800 -0.030300
vt -17.598600 -0.030300
vt 1.274400 1.000000
vt -17.499001 1.000000
vt 0.598600 -0.030300
vt 19.496099 -0.030300
vt 19.397499 1.000000
vt 19.610399 -0.028300
vt 0.669900 -0.028300
vt 19.489300 1.000000
vt 0.549800 0.999000
vt 1.382800 -0.033200
vt -15.766600 -0.033200
vt 1.449200 0.999000
vt -15.700200 1.000000
vt 16.113300 -0.035200
vt 16.113300 1.000000
vt 17.189501 -0.035200
vt 17.189501 0.999000
vt 1.126000 -0.035200
vt -12.999000 -0.035200
vt -12.999000 1.000000
vt 17.104500 -0.035200
vt 17.104500 0.999000
vt 16.665001 -0.035200
vt 16.665001 0.999000
vt 1.019500 -0.035200
vt -13.899400 -0.035200
vt 1.019500 1.000000
vt -13.899400 0.999000
vt 1.752000 -0.035200
vt 1.752000 0.999000
vt 15.420900 -0.035200
vt 15.420900 1.000000
vt 1.683600 -0.035200
vt -12.000000 -0.035200
vt 1.683600 1.000000
vt -12.000000 0.999000
vt 16.695299 -0.035200
vt 16.696301 0.999000
vt -17.820299 -0.028300
vt -17.699200 0.999000
vt 0.996100 -0.028300
vt 1.117200 1.000000
vt 0.736300 -0.007800
vt 19.996099 -0.007800
vt 19.758801 0.999000
vt 18.687500 -0.016600
vt -0.404300 -0.016600
vt 18.492201 1.000000
vt -17.676800 -0.007800
vt -17.440399 0.999000
vt 1.582000 -0.007800
vt 1.818400 0.999000
vt 1.322300 -0.007800
vt -17.935499 -0.007800
vt 1.558600 0.999000
vt 0.822300 -0.007800
vt -18.436501 -0.007800
vt 1.058600 0.999000
vt -18.200199 1.000000
vt 1.015600 -0.035200
vt -12.399400 -0.035200
vt 1.015600 0.999000
vt 1.584000 -0.035200
vt 1.584000 1.000000
vt -12.000000 1.000000
vt 16.347700 -0.035200
vt 16.347700 0.999000
vt -18.194300 -0.016600
vt -17.999001 0.999000
vt 0.896500 -0.016600
vt 1.091800 1.000000
vt 0.335900 -0.007800
vt 19.594700 -0.007800
vt 19.358400 0.999000
vt -18.052700 -0.023400
vt -17.899401 1.000000
vt 0.904300 -0.024400
vt 1.057600 1.000000
vt 1.057600 0.999000
vt 0.742200 -0.025400
vt 19.670900 -0.025400
vt 19.528299 0.999000
vt 18.752001 -0.022500
vt -0.236300 -0.022500
vt 18.587900 0.999000
vt 19.736300 -0.014600
vt 0.605500 -0.014600
vt 19.530300 0.999000
vt 19.295900 -0.007800
vt 0.036100 -0.007800
vt 19.058599 1.000000
vt -17.995100 -0.016600
vt 1.096700 -0.016600
vt 1.292000 0.999000
vt 1.003900 -0.016600
vt -18.087900 -0.016600
vt 1.199200 0.999000
vt -17.892599 1.000000
vt 0.734400 -0.018600
vt 0.549800 1.000000
vt 19.789101 -0.018600
vt 19.604500 0.999000
vt 0.000000 0.042496
vt 0.924621 0.042179
vt 0.966800 0.000000
vt 0.966800 0.042176
vt 0.000000 0.041756
vt 0.927074 0.039725
vt 0.731430 0.235370
vt 0.966800 0.235360
vt 0.005859 0.003906
vt 0.994166 0.003906
vt 0.994166 0.992238
vt 0.005859 0.992238
vt 0.012402 0.004651
vt 0.993701 0.004651
vt 0.993701 0.988953
vt 0.012402 0.988953
vt 0.011719 0.005859
vt 0.994166 0.005859
vt 0.994166 0.994191
vt 0.011719 0.994191
vt 0.009766 -0.005859
vt 0.993080 -0.005859
vt 0.993080 0.994191
vt 0.009766 0.994191
vt 0.007671 0.008155
vt 0.991847 0.007912
vt 0.992086 0.997705
vt 0.007910 0.997947
vt 0.005859 0.000000
vt 0.994166 0.000000
vt 0.005859 0.994191
vt 0.009766 0.001953
vt 0.990259 0.001953
vt 0.990259 0.996144
vt 0.009766 0.996144
vt 0.992212 0.003906
vt 0.992212 0.996144
vt 0.005859 0.996144
vt 0.000000 0.235402
vt 0.000000 0.278234
vt 0.688063 0.278737
vt 0.966800 0.278900
vt 0.687661 0.279139
vt 0.000000 0.280004
vt 0.966800 0.278820
vt 0.730270 0.236530
vt 0.000000 0.237503
vt 0.966800 0.236250
vt 0.004922 0.986486
vt 0.995524 0.986486
vt 0.995524 0.012402
vt 0.004922 0.012402
s 1
usemtl Material__994
f 1/1/1 2/2/2 3/3/3
f 3/3/4 2/2/5 4/4/6
f 4/4/6 2/2/5 5/5/7
f 6/6/8 2/2/2 7/7/9
f 7/7/6 1/1/6 8/1/6
f 7/7/9 2/2/2 1/1/1
f 2/8/10 6/9/10 9/4/10
f 9/4/10 6/9/10 10/5/10
f 5/8/11 2/2/11 11/4/11
f 11/4/12 2/2/12 9/5/12
f 4/10/13 5/9/13 12/4/13
f 12/4/14 5/9/14 11/5/14
f 13/8/15 4/9/15 14/4/15
f 14/4/16 4/9/16 12/5/16
f 3/3/4 4/4/6 13/4/17
f 1/1/1 3/3/3 15/1/18
f 3/10/19 13/9/19 16/4/19
f 16/4/20 13/9/20 14/5/20
f 7/10/21 8/9/21 17/4/21
f 17/4/22 8/9/22 18/5/22
f 8/10/23 1/9/23 18/4/23
f 18/4/24 1/9/24 19/5/24
f 6/10/25 7/9/25 10/4/25
f 10/4/26 7/9/26 17/5/26
f 1/8/27 15/2/27 19/4/27
f 19/4/28 15/2/28 20/5/28
f 15/10/29 3/9/29 20/4/29
f 20/4/29 3/9/29 16/5/29
usemtl Material__975
f 21/11/30 22/12/31 23/13/32
f 23/13/33 22/12/33 24/14/33
f 25/15/34 21/16/30 26/17/35
f 26/17/35 21/16/30 23/18/32
f 27/19/36 25/20/36 28/21/36
f 28/21/37 25/20/34 26/22/35
f 29/23/38 27/24/38 30/25/38
f 30/25/39 27/24/39 28/26/39
f 31/27/40 29/28/41 32/29/42
f 32/29/43 29/28/43 30/30/43
f 33/31/44 31/27/44 34/32/44
f 34/32/45 31/27/40 32/29/42
f 35/33/46 33/34/46 36/35/46
f 36/35/47 33/34/47 34/36/47
f 22/37/48 37/38/48 24/39/48
f 24/39/49 37/38/49 38/40/49
f 39/41/50 40/42/51 41/43/52
f 41/43/53 40/42/53 42/44/53
f 43/45/54 39/46/50 44/47/55
f 44/47/55 39/46/50 41/48/52
f 45/49/56 43/50/57 46/51/58
f 46/51/59 43/50/54 44/52/55
f 47/53/60 45/54/56 48/55/61
f 48/55/61 45/54/56 46/56/58
f 49/57/62 47/58/60 50/59/63
f 50/59/63 47/58/60 48/60/61
f 51/61/64 49/62/62 52/63/65
f 52/63/65 49/62/62 50/64/63
f 37/65/66 51/66/64 38/67/67
f 38/67/67 51/66/64 52/68/65
f 53/69/68 54/70/68 55/71/68
f 55/71/68 54/70/68 56/72/68
f 54/73/68 57/74/68 56/75/68
f 56/75/68 57/74/68 58/76/68
f 57/77/68 59/78/68 58/79/68
f 58/79/68 59/78/68 60/80/68
f 59/81/68 61/82/68 60/83/68
f 60/83/68 61/82/68 62/84/68
f 61/82/68 63/85/68 62/86/68
f 62/86/68 63/85/68 64/87/68
f 65/88/68 66/89/68 67/90/68
f 67/90/68 66/89/68 68/91/68
f 65/88/68 53/92/68 66/89/68
f 66/89/68 53/92/68 55/93/68
f 69/94/68 70/95/68 71/96/68
f 71/96/68 70/95/68 72/9/68
f 69/94/68 71/96/68 73/97/68
f 73/97/68 71/96/68 74/98/68
f 75/99/68 67/90/68 68/91/68
f 70/100/68 75/99/68 72/101/68
f 76/102/68 67/90/68 75/99/68
f 64/103/68 77/104/68 78/105/68
f 76/102/68 75/99/68 70/100/68
f 79/106/68 80/107/68 81/108/68
f 63/109/68 77/104/68 64/103/68
f 81/110/68 82/111/68 83/112/68
f 84/113/68 80/107/68 79/106/68
f 83/112/68 85/114/68 86/115/68
f 80/116/68 82/111/68 81/110/68
f 86/117/68 87/118/68 88/119/68
f 82/111/68 85/114/68 83/112/68
f 89/120/68 73/97/68 74/98/68
f 85/121/68 87/118/68 86/117/68
f 90/122/68 84/113/68 79/106/68
f 91/123/68 73/97/68 89/120/68
f 78/124/68 92/125/68 93/126/68
f 94/127/68 84/113/68 90/122/68
f 93/128/68 95/129/68 96/130/68
f 77/131/68 92/125/68 78/124/68
f 96/130/68 97/132/68 98/133/68
f 92/134/68 95/129/68 93/128/68
f 98/135/68 99/136/68 100/137/68
f 95/129/68 97/132/68 96/130/68
f 100/137/68 94/138/68 90/139/68
f 97/140/68 99/136/68 98/135/68
f 99/136/68 94/138/68 100/137/68
f 101/141/69 102/142/69 103/143/69
f 103/143/70 102/142/71 104/144/72
f 105/145/73 101/146/74 106/147/75
f 106/147/76 101/146/76 103/148/76
f 107/149/77 105/150/77 108/151/77
f 108/151/78 105/150/73 106/152/75
f 109/153/68 107/149/68 110/154/68
f 110/154/68 107/149/68 108/151/68
f 111/155/79 112/156/80 113/157/81
f 113/157/80 112/156/80 114/158/80
f 111/155/79 113/157/81 115/159/81
f 115/159/81 113/157/81 116/160/81
f 112/156/68 117/95/68 114/158/68
f 114/158/68 117/95/68 118/161/68
f 119/162/68 109/163/68 120/164/68
f 120/164/68 109/163/68 110/165/68
f 121/166/82 122/167/83 123/168/84
f 123/168/85 122/167/85 124/169/85
f 125/170/68 119/162/68 126/171/68
f 126/171/68 119/162/68 120/164/68
f 127/172/86 128/173/87 129/174/88
f 129/174/88 128/173/87 130/175/89
f 127/172/86 115/176/90 128/173/87
f 128/173/91 115/176/91 116/177/91
f 131/178/92 132/179/93 133/180/94
f 133/180/94 132/179/93 134/181/95
f 131/178/92 129/182/96 132/179/93
f 132/179/93 129/182/96 130/183/97
f 121/184/82 123/185/84 102/186/71
f 102/186/71 123/185/84 104/187/72
f 135/188/98 133/189/99 136/190/98
f 136/190/100 133/189/100 134/191/100
f 135/192/98 136/193/98 122/194/101
f 122/194/102 136/193/102 124/195/102
f 821/1334/402 822/1335/403 823/1336/404
f 824/1337/405 825/1338/406 826/1339/407
f 825/1340/408 827/1341/409 828/1342/410
f 829/1343/411 821/1344/402 823/1345/404
f 827/1346/409 830/1347/412 828/1348/410
f 831/1349/413 829/1350/414 832/1351/415
f 833/1352/416 831/1353/416 830/1354/416
f 830/1354/417 831/1353/417 832/1355/417
f 821/1334/418 834/1356/419 822/1335/420
f 824/1337/421 835/1357/421 825/1338/421
f 835/1358/422 827/1341/422 825/1340/422
f 836/1359/423 821/1344/424 829/1343/414
f 827/1346/425 833/1360/425 830/1347/425
f 831/1349/413 836/1361/423 829/1350/414
f 837/1362/426 838/1363/427 839/1364/428
f 839/1364/428 838/1363/427 840/1365/429
f 837/1362/426 839/1364/428 841/1366/430
f 841/1366/430 839/1364/428 842/1367/431
f 843/1368/432 841/1369/430 844/1370/432
f 844/1370/432 841/1369/430 842/1371/431
f 845/1372/433 846/1373/433 847/1374/433
f 847/1374/434 846/1373/434 848/1375/434
f 849/1376/435 850/1377/435 851/1378/435
f 851/1378/436 850/1377/437 852/1379/438
f 850/1380/437 845/1381/439 852/1382/438
f 852/1382/440 845/1381/440 847/1383/440
f 853/1384/441 849/1385/442 854/1386/443
f 854/1386/443 849/1385/442 851/1387/444
f 853/1384/441 854/1386/443 838/1388/427
f 838/1388/427 854/1386/443 840/1389/429
f 846/1390/445 824/1391/445 848/1392/445
f 848/1392/446 824/1391/405 826/1393/407
f 855/1394/447 856/1395/447 857/1396/447
f 857/1396/448 856/1395/448 858/1397/448
f 859/1398/449 860/1399/450 861/1400/451
f 861/1400/451 860/1399/450 862/1401/452
f 860/1399/450 863/1402/453 862/1401/452
f 862/1401/454 863/1402/454 864/1403/454
f 863/1404/455 865/1405/455 864/1406/455
f 864/1406/456 865/1405/457 866/1407/458
f 865/1408/457 867/1409/459 866/1410/458
f 866/1410/460 867/1409/461 868/1411/462
f 867/1412/461 855/1413/463 868/1414/462
f 868/1414/464 855/1413/464 857/1415/464
f 869/1416/465 859/1417/449 870/1418/466
f 870/1418/466 859/1417/449 861/1419/451
f 834/1356/419 871/1420/467 822/1335/420
f 822/1335/468 871/1420/468 872/1421/468
f 871/1422/469 873/1423/469 872/1424/469
f 872/1424/470 873/1423/471 874/1425/472
f 873/1423/471 875/1426/473 874/1425/472
f 874/1425/472 875/1426/473 876/1427/474
f 875/1428/473 869/1416/465 876/1429/474
f 876/1429/474 869/1416/465 870/1418/466
f 877/1430/475 878/1431/476 879/1432/477
f 878/1433/68 880/1434/68 881/1435/68
f 882/1436/478 883/1437/479 884/1438/480
f 883/1439/479 885/1440/481 884/1441/480
f 885/1442/482 877/1443/475 879/1444/477
f 885/1442/483 886/1445/484 877/1443/485
f 877/1430/475 887/1446/486 878/1431/476
f 887/1447/68 880/1434/68 878/1433/68
f 888/1448/487 883/1437/488 882/1436/489
f 883/1439/490 886/1449/484 885/1440/483
f 889/1450/491 888/1451/487 890/1452/492
f 890/1452/492 888/1451/487 882/1453/489
f 891/1454/493 889/1455/491 892/1456/494
f 892/1456/494 889/1455/491 890/1457/492
f 893/1458/495 891/1459/493 894/1460/496
f 894/1460/496 891/1459/493 892/1461/494
f 895/1462/497 893/1463/497 896/1464/497
f 896/1464/498 893/1463/495 894/1465/496
f 897/1466/499 898/1467/499 899/1468/499
f 899/1468/500 898/1467/501 900/1469/502
f 901/1470/503 902/1471/504 903/1472/505
f 903/1472/505 902/1471/504 904/1473/506
f 901/1470/503 903/1472/505 898/1474/501
f 898/1474/501 903/1472/505 900/1475/502
f 905/1476/507 897/1477/508 906/1478/509
f 906/1478/510 897/1477/510 899/1479/510
f 880/1480/68 907/1481/68 881/1482/68
f 881/1482/68 907/1481/68 908/1483/68
f 907/1484/68 909/1485/68 908/1486/68
f 908/1486/68 909/1485/68 910/1487/68
f 909/1488/68 911/1489/68 910/1490/68
f 910/1490/68 911/1489/68 912/1491/68
f 911/1492/511 905/1493/511 912/1494/511
f 912/1494/512 905/1493/507 906/1495/509
f 913/1496/513 914/1497/513 915/1498/513
f 915/1498/513 914/1497/513 916/1499/513
f 913/1496/514 915/1498/514 917/1500/514
f 917/1500/514 915/1498/514 918/1501/514
f 917/1502/515 918/1503/515 919/1504/515
f 919/1504/515 918/1503/515 920/1505/515
f 919/1504/516 920/1505/516 921/1506/516
f 921/1506/516 920/1505/516 922/1507/516
f 921/1506/516 922/1507/516 923/1508/516
f 923/1508/516 922/1507/516 924/1509/516
f 925/1510/517 926/1511/517 927/1512/517
f 927/1512/517 926/1511/517 928/1513/517
f 929/1514/518 930/1515/518 925/1510/518
f 925/1510/518 930/1515/518 926/1511/518
f 931/1516/519 927/1517/519 932/1518/519
f 932/1518/519 927/1517/519 928/1519/519
f 931/1516/520 932/1518/520 933/1520/520
f 933/1520/520 932/1518/520 934/1521/520
f 935/1522/521 936/1523/521 937/1524/521
f 937/1524/521 936/1523/521 938/1525/521
f 935/1522/522 937/1524/522 929/1514/522
f 929/1514/522 937/1524/522 930/1515/522
f 923/1508/523 924/1509/523 939/1526/523
f 939/1526/523 924/1509/523 940/1527/523
f 941/1528/68 942/1529/68 943/1530/68
f 943/1530/68 942/1529/68 944/1531/68
f 945/1532/524 933/1533/524 946/1534/524
f 946/1534/524 933/1533/524 934/1535/524
f 945/1532/525 946/1534/525 947/1536/525
f 947/1536/525 946/1534/525 948/1537/525
f 949/1538/68 941/1539/68 950/1540/68
f 950/1540/68 941/1539/68 943/1541/68
f 939/1542/526 940/1543/526 951/1544/526
f 951/1544/526 940/1543/526 952/1545/526
f 951/1544/68 952/1545/68 936/1546/68
f 936/1546/68 952/1545/68 938/1547/68
f 914/1497/527 953/1548/527 916/1499/527
f 916/1499/528 953/1548/528 954/1549/528
f 953/1550/68 949/1551/68 954/1552/68
f 954/1552/68 949/1551/68 950/1553/68
f 955/1554/529 956/1555/530 957/1556/531
f 957/1556/532 956/1555/533 958/1557/534
f 959/1558/535 960/1559/536 961/1560/537
f 961/1560/538 960/1559/539 962/1561/540
f 959/1558/535 963/1562/541 960/1559/536
f 960/1559/542 963/1562/543 964/1563/544
f 965/1564/545 966/1565/546 967/1566/547
f 967/1566/548 966/1565/549 968/1567/550
f 955/1554/529 957/1556/531 963/1568/551
f 963/1568/543 957/1556/552 964/1569/544
f 969/1570/553 970/1571/554 971/1572/555
f 971/1572/555 970/1571/554 972/1573/556
f 969/1574/553 973/1575/557 970/1576/554
f 970/1576/558 973/1575/559 974/1577/560
f 975/1578/561 976/1579/562 956/1580/563
f 956/1580/533 976/1579/564 958/1581/534
f 975/1578/561 971/1582/565 976/1579/562
f 976/1579/566 971/1582/555 972/1583/556
f 965/1564/545 961/1584/567 966/1565/546
f 966/1565/568 961/1584/538 962/1585/540
f 977/1586/569 978/1587/570 979/1588/571
f 979/1588/572 978/1587/573 980/1589/574
f 977/1586/569 981/1590/575 978/1587/570
f 978/1587/576 981/1590/577 982/1591/578
f 983/1592/579 979/1593/579 984/1594/579
f 984/1594/580 979/1593/572 980/1595/574
f 985/1596/581 983/1597/581 986/1598/581
f 986/1598/582 983/1597/582 984/1599/582
f 987/1600/583 988/1601/584 989/1602/585
f 989/1602/586 988/1601/587 990/1603/588
f 991/1604/589 992/1605/590 993/1606/591
f 993/1606/592 992/1605/593 994/1607/594
f 991/1604/589 967/1608/595 992/1605/590
f 992/1605/596 967/1608/548 968/1609/550
f 995/1610/597 996/1611/598 988/1612/587
f 988/1612/587 996/1611/598 990/1613/588
f 995/1610/599 993/1614/599 996/1611/599
f 996/1611/600 993/1614/592 994/1615/594
f 987/1600/583 989/1602/585 981/1616/601
f 981/1616/577 989/1602/602 982/1617/578
f 997/1618/603 998/1619/604 999/1620/605
f 999/1620/606 998/1619/607 1000/1621/608
f 1001/1622/609 1002/1623/609 1003/1624/610
f 1003/1624/611 1002/1623/612 1004/1625/613
f 1001/1626/609 1005/1627/614 1002/1628/609
f 1002/1628/615 1005/1627/616 1006/1629/617
f 1007/1630/618 1008/1631/618 1009/1632/619
f 1009/1632/620 1008/1631/621 1010/1633/622
f 1007/1634/618 1003/1635/623 1008/1636/618
f 1008/1636/624 1003/1635/611 1004/1637/613
f 1011/1638/625 1012/1639/626 1013/1640/627
f 1013/1640/628 1012/1639/629 1014/1641/630
f 1015/1642/631 1016/1643/632 1017/1644/633
f 1017/1644/633 1016/1643/632 1018/1645/634
f 1019/1646/635 1017/1647/635 1020/1648/635
f 1020/1648/636 1017/1647/636 1018/1649/636
f 1021/1650/637 1022/1651/638 1012/1652/639
f 1012/1652/629 1022/1651/640 1014/1653/630
f 1021/1654/637 1019/1655/641 1022/1656/638
f 1022/1656/642 1019/1655/642 1020/1657/642
f 1011/1658/625 1013/1659/627 1005/1660/643
f 1005/1660/616 1013/1659/644 1006/1661/617
f 1023/1662/645 1024/1663/645 1025/1664/645
f 1025/1664/646 1024/1663/647 1026/1665/646
f 1027/1666/648 1028/1667/649 1029/1668/648
f 1029/1668/650 1028/1667/651 1030/1669/651
f 1031/1670/652 1032/1671/652 998/1672/653
f 998/1672/607 1032/1671/654 1000/1673/608
f 1031/1674/652 1033/1675/655 1032/1676/652
f 1032/1676/656 1033/1675/657 1034/1677/657
f 997/1678/603 999/1679/605 973/1680/658
f 973/1680/559 999/1679/659 974/1681/560
f 1027/1682/648 1029/1683/648 1033/1684/660
f 1033/1684/657 1029/1683/661 1034/1685/657
f 1023/1686/662 1009/1687/662 1024/1688/662
f 1024/1688/663 1009/1687/620 1010/1689/622
f 1035/1690/664 1036/1691/665 1037/1692/666
f 1037/1692/666 1036/1691/665 1038/1693/667
f 1035/1694/664 1025/1695/668 1036/1696/665
f 1036/1696/669 1025/1695/646 1026/1697/646
f 1039/1698/670 1040/1699/670 1028/1700/671
f 1028/1700/651 1040/1699/672 1030/1701/651
f 1039/1702/670 1037/1703/673 1040/1704/670
f 1040/1704/674 1037/1703/666 1038/1705/667
f 1041/1368/675 1042/1370/675 1043/1706/676
f 1043/1706/676 1042/1370/675 1044/1707/677
f 1045/1708/678 1046/1709/678 1047/1710/678
f 1047/1710/679 1046/1709/679 1048/1711/679
f 1046/1712/680 1049/1713/680 1048/1714/680
f 1048/1714/681 1049/1713/681 1050/1715/681
f 1049/1716/682 1051/1717/682 1050/1718/682
f 1050/1718/683 1051/1717/684 1052/1719/685
f 1051/1720/684 1053/1721/686 1052/1722/685
f 1052/1722/685 1053/1721/686 1054/1723/687
f 1055/1724/688 1043/1725/676 1056/1726/689
f 1056/1726/689 1043/1725/676 1044/1727/677
f 1055/1724/688 1056/1726/689 1053/1728/686
f 1053/1728/686 1056/1726/689 1054/1729/687
f 1057/1730/690 1045/1731/691 1058/1732/692
f 1058/1732/693 1045/1731/693 1047/1733/693
f 1059/1734/694 1060/1735/694 1061/1736/694
f 1061/1736/695 1060/1735/695 1062/9/695
f 1059/1734/694 1061/1736/694 1063/1550/696
f 1063/1550/696 1061/1736/694 1064/1737/697
f 1065/1738/698 1066/1739/699 1067/1740/700
f 1067/1740/701 1066/1739/701 1068/1741/701
f 1065/1738/698 1067/1740/700 1060/1742/702
f 1060/1742/702 1067/1740/700 1062/1743/703
f 1069/1744/704 1070/1745/704 1071/1746/704
f 1071/1746/705 1070/1745/705 1072/1747/705
f 1070/1745/706 1057/1748/706 1072/1747/706
f 1072/1747/707 1057/1748/690 1058/1749/692
f 1066/1739/708 1069/1750/708 1068/1741/708
f 1068/1741/709 1069/1750/709 1071/1751/709
f 1883/2179/163 1884/2180/163 1885/176/163
f 1885/176/163 1884/2180/163 1886/2181/163
f 1885/2179/163 1886/2180/163 1887/176/163
f 1887/176/163 1886/2180/163 1888/2181/163
f 1887/2179/163 1888/2180/163 1889/176/163
f 1889/176/163 1888/2180/163 1890/2181/163
f 1889/2179/163 1890/2180/163 1891/176/163
f 1891/176/163 1890/2180/163 1892/2181/163
f 1891/2179/163 1892/2180/163 1893/176/163
f 1893/176/163 1892/2180/163 1894/2181/163
f 1893/2179/163 1894/2180/163 1895/176/163
f 1895/176/163 1894/2180/163 1896/2181/163
f 1895/2179/163 1896/2180/163 1897/176/163
f 1897/176/163 1896/2180/163 1898/2181/163
f 1899/2179/163 1900/2180/163 1883/176/163
f 1883/176/163 1900/2180/163 1884/2181/163
f 1898/2180/163 1901/2181/163 1897/2179/163
f 1897/2179/163 1901/2181/163 1902/176/163
f 1902/2179/163 1901/2180/163 1903/176/163
f 1903/176/163 1901/2180/163 1904/2181/163
f 1903/2179/163 1904/2180/163 1905/176/163
f 1905/176/163 1904/2180/163 1906/2181/163
f 1905/2179/163 1906/2180/163 1907/176/163
f 1907/176/163 1906/2180/163 1908/2181/163
f 1909/2179/163 1910/2180/163 1899/176/163
f 1899/176/163 1910/2180/163 1900/2181/163
f 1911/2179/163 1912/2180/163 1909/176/163
f 1909/176/163 1912/2180/163 1910/2181/163
f 1913/2179/163 1914/2180/163 1911/176/163
f 1911/176/163 1914/2180/163 1912/2181/163
f 1907/2179/163 1908/2180/163 1913/176/163
f 1913/176/163 1908/2180/163 1914/2181/163
f 1915/2182/802 1916/2183/802 1917/2184/802
f 1917/2184/803 1916/2183/803 1918/9/803
f 1915/2182/804 1917/2184/805 1919/2185/806
f 1919/2185/806 1917/2184/805 1920/2186/807
f 1921/2187/808 1922/2188/809 1923/2189/810
f 1923/2189/811 1922/2188/812 1924/2190/813
f 1921/2187/808 1923/2189/810 1916/2191/814
f 1916/2191/815 1923/2189/815 1918/2192/815
f 1925/2193/816 1926/2194/817 1927/2195/818
f 1927/2195/818 1926/2194/817 1928/2196/819
f 1925/2193/820 1919/2197/820 1926/2194/820
f 1926/2194/821 1919/2197/821 1920/2198/821
f 1929/2199/822 1930/2200/822 1931/2201/822
f 1931/2201/823 1930/2200/823 1932/2202/823
f 1930/2203/824 1933/2204/824 1932/2205/824
f 1932/2205/825 1933/2204/825 1934/2206/825
f 1935/2207/826 1927/2208/826 1936/2209/826
f 1936/2209/827 1927/2208/827 1928/2210/827
f 1935/2207/828 1936/2209/829 1933/2211/830
f 1933/2211/830 1936/2209/829 1934/2212/831
f 1937/2213/832 1938/2214/832 1939/2215/832
f 1939/2215/833 1938/2214/833 1940/9/833
f 1937/2213/834 1939/2215/834 1922/2216/834
f 1922/2216/812 1939/2215/835 1924/2217/813
f 1941/2218/836 1942/2219/837 1943/1015/838
f 1943/1015/838 1942/2219/837 1944/2220/839
f 1945/2221/840 1929/2222/840 1946/2223/840
f 1946/2223/841 1929/2222/841 1931/2224/841
f 1947/2225/842 1948/2226/842 1949/2227/842
f 1949/2227/843 1948/2226/843 1950/2228/843
f 1945/2229/844 1946/2230/845 1948/2231/846
f 1948/2231/846 1946/2230/845 1950/2232/847
f 1951/2233/848 1941/2234/848 1952/2235/848
f 1952/2235/849 1941/2234/836 1943/9/838
f 1953/2236/850 1954/2237/850 1955/2238/850
f 1955/2238/851 1954/2237/851 1956/2239/851
f 1953/2236/852 1955/2238/852 1938/2240/852
f 1938/2240/853 1955/2238/853 1940/2241/853
f 1954/2242/854 1957/2243/854 1956/2244/854
f 1956/2244/855 1957/2243/856 1958/2/857
f 1957/2245/856 1951/2246/858 1958/2247/857
f 1958/2247/859 1951/2246/859 1952/1875/859
f 1959/2248/68 1960/2249/68 1961/2250/68
f 1961/2250/68 1960/2249/68 1962/9/68
f 1963/2251/860 1959/2252/860 1964/2253/860
f 1964/2253/861 1959/2252/861 1961/2254/861
f 1965/2255/68 1963/2256/68 1966/2257/68
f 1966/2257/68 1963/2256/68 1964/2258/68
f 1967/2259/862 1965/2260/862 1968/2261/862
f 1968/2261/863 1965/2260/863 1966/2262/863
f 1969/2263/864 1967/2264/864 1970/2265/864
f 1970/2265/865 1967/2264/865 1968/2/865
f 1971/2266/866 1969/2267/866 1972/2268/866
f 1972/2268/867 1969/2267/867 1970/2269/867
f 1973/2219/868 1971/2270/868 1974/2220/868
f 1974/2220/869 1971/2270/869 1972/2/869
f 1960/2271/68 1975/2272/68 1962/2273/68
f 1962/2273/68 1975/2272/68 1976/2274/68
f 1977/2275/68 1978/2276/68 1979/2277/68
f 1979/2277/68 1978/2276/68 1980/2278/68
f 1981/2279/68 1977/2280/68 1982/2281/68
f 1982/2281/68 1977/2280/68 1979/2282/68
f 1983/2283/68 1981/2284/68 1984/2285/68
f 1984/2285/68 1981/2284/68 1982/2286/68
f 1985/2287/68 1983/2288/68 1986/2289/68
f 1986/2289/68 1983/2288/68 1984/2290/68
f 1975/2291/68 1987/2292/68 1976/2293/68
f 1976/2293/68 1987/2292/68 1988/2294/68
f 1987/2295/68 1989/2296/68 1988/2297/68
f 1988/2297/68 1989/2296/68 1990/2298/68
f 1989/2299/68 1991/2300/68 1990/2301/68
f 1990/2301/68 1991/2300/68 1992/2290/68
f 1991/2302/68 1985/2303/68 1992/2304/68
f 1992/2304/68 1985/2303/68 1986/2305/68
f 1993/2306/68 1994/2307/68 1995/2308/68
f 1995/2308/68 1994/2307/68 1996/2309/68
f 1994/2310/68 1997/2311/68 1996/2312/68
f 1996/2312/68 1997/2311/68 1998/9/68
f 1997/2313/870 1999/2314/870 1998/2315/870
f 1998/2315/871 1999/2314/871 2000/183/871
f 1999/2279/872 2001/2316/872 2000/2317/872
f 2000/2317/873 2001/2316/873 2002/9/873
f 2003/2318/68 1993/2319/68 2004/2320/68
f 2004/2320/68 1993/2319/68 1995/2282/68
f 2005/2321/68 2006/2322/68 2007/2323/68
f 2007/2323/68 2006/2322/68 2008/2324/68
f 2006/2325/68 2009/2326/68 2008/2327/68
f 2008/2327/68 2009/2326/68 2010/2286/68
f 2009/2328/68 2011/2329/68 2010/2330/68
f 2010/2330/68 2011/2329/68 2012/2331/68
f 2011/2332/68 2003/2333/68 2012/2334/68
f 2012/2334/68 2003/2333/68 2004/2335/68
f 2013/2336/874 2014/2337/874 2015/2305/874
f 2015/2305/875 2014/2337/875 2016/2/875
f 2013/2336/876 2015/2305/877 2001/1632/878
f 2001/1632/878 2015/2305/877 2002/2338/879
f 2017/2339/880 2018/176/880 2019/1736/880
f 2019/1736/880 2018/176/880 2020/9/880
f 2017/2339/880 2019/1736/880 2021/1550/881
f 2021/1550/881 2019/1736/880 2022/1737/881
f 2023/2340/882 2024/176/882 2025/2341/882
f 2025/2341/882 2024/176/882 2026/9/882
f 2023/2340/881 2025/2341/881 2018/1632/880
f 2018/1632/880 2025/2341/881 2020/2342/880
f 2027/2343/883 2021/176/883 2028/2344/883
f 2028/2344/883 2021/176/883 2022/9/883
f 2027/2343/884 2028/2344/884 2029/1632/884
f 2029/1632/884 2028/2344/884 2030/2342/884
f 2031/2339/885 2029/176/885 2032/1875/885
f 2032/1875/885 2029/176/885 2030/2/885
f 2031/2339/886 2032/1875/886 2014/1550/886
f 2014/1550/886 2032/1875/886 2016/2345/886
f 2033/2346/887 2034/2347/887 2035/2348/887
f 2035/2348/887 2034/2347/887 2036/2349/887
f 2035/2348/888 2036/2349/888 2037/1550/888
f 2037/1550/888 2036/2349/888 2038/1737/888
f 2039/2350/889 2040/176/890 2041/2351/889
f 2041/2351/889 2040/176/890 2042/9/890
f 2039/2350/889 2041/2351/889 2043/2343/891
f 2043/2343/891 2041/2351/889 2044/1736/891
f 2043/2343/892 2044/1736/892 2045/2352/892
f 2045/2352/892 2044/1736/892 2046/2353/892
f 2045/2352/893 2046/2353/893 2047/1632/893
f 2047/1632/893 2046/2353/893 2048/1737/893
f 2049/2354/894 2050/2355/894 2033/2346/894
f 2033/2346/894 2050/2355/894 2034/2347/894
f 2051/2356/895 2037/176/895 2052/2357/895
f 2052/2357/895 2037/176/895 2038/9/895
f 2051/2356/896 2052/2357/896 2053/1734/896
f 2053/1734/896 2052/2357/896 2054/2358/896
f 2053/1734/68 2054/2358/68 2055/2359/68
f 2055/2359/68 2054/2358/68 2056/2360/68
f 2055/2359/897 2056/2360/897 2057/1550/897
f 2057/1550/897 2056/2360/897 2058/1737/897
f 2049/2354/898 2047/176/898 2050/2355/898
f 2050/2355/898 2047/176/898 2048/9/898
f 2059/2361/899 2060/176/899 2061/2362/899
f 2061/2362/899 2060/176/899 2062/9/899
f 2059/2361/900 2061/2362/900 2063/2363/900
f 2063/2363/900 2061/2362/900 2064/2281/900
f 2065/2364/896 2066/176/896 2067/2365/896
f 2067/2365/896 2066/176/896 2068/9/896
f 2065/2364/901 2067/2365/901 2069/2366/901
f 2069/2366/901 2067/2365/901 2070/2367/901
f 2069/2366/902 2070/2367/902 2071/2368/903
f 2071/2368/903 2070/2367/902 2072/2369/904
f 2071/2368/903 2072/2369/904 2073/1550/904
f 2073/1550/904 2072/2369/904 2074/1737/904
f 2075/2370/905 2076/2371/906 2077/2372/907
f 2077/2372/907 2076/2371/906 2078/2373/908
f 2077/2372/907 2078/2373/908 2066/2374/909
f 2066/2374/909 2078/2373/908 2068/2375/910
f 2079/2376/911 2080/2377/911 2060/1550/911
f 2060/1550/911 2080/2377/911 2062/1737/911
f 2081/2378/912 2082/2379/912 2079/2376/912
f 2079/2376/912 2082/2379/912 2080/2377/912
f 2063/2363/913 2064/2281/913 2083/2380/913
f 2083/2380/913 2064/2281/913 2084/2381/913
f 2083/2380/914 2084/2381/914 2040/1550/890
f 2040/1550/890 2084/2381/914 2042/1737/890
f 2085/2382/915 2073/176/915 2086/2383/915
f 2086/2383/915 2073/176/915 2074/9/915
f 2085/2382/916 2086/2383/916 2081/2378/916
f 2081/2378/916 2086/2383/916 2082/2379/916
usemtl Material__992
f 137/196/103 138/197/103 139/198/103
f 139/198/103 138/197/103 140/199/103
f 141/200/104 142/201/104 143/202/104
f 143/202/104 142/201/104 144/203/104
f 145/204/105 137/205/105 146/206/105
f 146/206/105 137/205/105 139/207/105
f 142/208/106 147/209/106 144/210/106
f 144/210/106 147/209/106 148/211/106
f 149/212/107 145/213/107 150/214/107
f 150/214/107 145/213/107 146/215/107
f 151/216/108 141/217/108 152/218/108
f 152/218/108 141/217/108 143/219/108
f 153/220/109 154/221/109 155/222/109
f 155/222/109 154/221/109 156/223/109
f 157/224/110 158/225/110 159/226/110
f 159/226/110 158/225/110 160/227/110
f 154/228/111 161/229/111 156/230/111
f 156/230/111 161/229/111 162/231/111
f 163/232/112 157/233/112 164/234/112
f 164/234/112 157/233/112 159/235/112
f 165/236/113 151/237/113 166/238/113
f 166/238/113 151/237/113 152/239/113
f 138/240/114 167/241/114 140/242/114
f 140/242/114 167/241/114 168/243/114
f 169/244/115 170/245/115 171/246/115
f 171/246/115 170/245/115 172/247/115
f 173/248/116 174/249/116 175/250/116
f 175/250/116 174/249/116 176/251/116
f 177/252/117 178/253/117 179/254/117
f 179/254/117 178/253/117 180/255/117
f 181/256/116 175/257/116 182/258/116
f 182/258/116 175/257/116 176/259/116
f 183/260/118 184/261/119 185/262/120
f 185/262/120 184/261/119 186/263/120
f 173/264/116 185/265/116 174/266/116
f 174/266/116 185/265/116 186/267/116
f 187/268/117 188/269/117 189/270/117
f 189/270/117 188/269/117 190/271/117
f 187/272/117 179/273/117 188/274/117
f 188/274/117 179/273/117 180/275/117
f 191/276/121 192/277/121 193/278/121
f 193/278/122 192/277/122 194/279/122
f 170/280/123 165/281/123 172/282/123
f 172/282/123 165/281/123 166/283/123
f 167/284/124 191/285/124 168/286/124
f 168/286/124 191/285/124 193/287/124
f 195/288/125 196/289/125 161/290/126
f 161/290/126 196/289/125 162/291/126
f 195/288/125 189/292/127 196/289/125
f 196/289/127 189/292/127 190/293/127
f 183/294/118 163/295/128 184/296/119
f 184/296/128 163/295/128 164/227/128
f 158/297/129 197/298/129 160/299/129
f 160/299/129 197/298/129 198/300/129
f 199/301/130 200/302/130 201/303/130
f 201/303/131 200/302/131 202/304/131
f 203/305/132 204/306/132 205/307/132
f 205/307/132 204/306/132 206/308/132
f 207/309/133 199/310/133 208/311/133
f 208/311/133 199/310/133 201/312/133
f 204/313/134 209/314/134 206/315/134
f 206/315/134 209/314/134 210/316/134
f 211/317/135 207/318/135 212/319/135
f 212/319/135 207/318/135 208/320/135
f 209/321/136 213/322/136 210/323/136
f 210/323/136 213/322/136 214/324/136
f 215/325/137 203/326/137 216/327/137
f 216/327/137 203/326/137 205/328/137
f 217/329/138 218/330/138 219/331/138
f 219/331/138 218/330/138 220/332/138
f 221/333/139 222/334/139 223/335/139
f 223/335/139 222/334/139 224/336/139
f 218/337/140 225/338/140 220/339/140
f 220/339/140 225/338/140 226/215/140
f 227/340/141 221/341/141 228/342/141
f 228/342/141 221/341/141 223/343/141
f 225/344/142 215/345/142 226/346/142
f 226/346/142 215/345/142 216/347/142
f 200/348/143 227/349/143 202/350/143
f 202/350/143 227/349/143 228/351/143
f 229/352/144 211/353/144 230/354/144
f 230/354/144 211/353/144 212/355/144
f 192/356/145 231/357/145 194/358/145
f 194/358/145 231/357/145 232/359/145
f 147/360/146 233/361/146 148/362/146
f 148/362/146 233/361/146 234/363/146
f 235/364/147 149/365/147 236/366/147
f 236/366/147 149/365/147 150/367/147
f 233/368/148 237/369/148 234/370/148
f 234/370/148 237/369/148 238/371/148
f 197/372/149 235/373/149 198/374/149
f 198/374/149 235/373/149 236/375/149
f 237/376/150 153/377/150 238/378/150
f 238/378/150 153/377/150 155/379/150
f 239/380/151 169/381/151 240/382/151
f 240/382/151 169/381/151 171/203/151
f 213/383/152 241/384/152 214/385/152
f 214/385/152 241/384/152 242/386/152
f 243/387/153 229/388/153 244/389/153
f 244/389/153 229/388/153 230/355/153
f 241/390/154 245/391/154 242/392/154
f 242/392/154 245/391/154 246/363/154
f 247/393/155 243/394/155 248/395/155
f 248/395/155 243/394/155 244/359/155
f 245/396/156 239/397/156 246/398/156
f 246/398/156 239/397/156 240/399/156
f 231/400/157 247/401/157 232/402/157
f 232/402/158 247/401/158 248/320/158
f 249/403/159 250/404/159 251/405/159
f 251/405/159 250/404/159 252/406/159
f 253/407/160 254/408/160 255/409/160
f 255/409/160 254/408/160 256/410/160
f 257/411/161 258/412/161 259/413/161
f 259/413/161 258/412/161 260/414/161
f 261/415/162 257/416/162 262/417/162
f 262/417/162 257/416/162 259/367/162
f 263/418/163 261/419/163 264/420/163
f 264/420/163 261/419/163 262/421/163
f 265/422/164 263/423/164 266/424/164
f 266/424/164 263/423/164 264/425/164
f 254/426/165 267/427/165 256/428/165
f 256/428/165 267/427/165 268/429/165
f 269/430/166 270/431/166 271/432/166
f 271/432/166 270/431/166 272/351/166
f 270/433/167 273/434/167 272/435/167
f 272/435/167 273/434/167 274/436/167
f 273/437/168 275/438/168 274/439/168
f 274/439/168 275/438/168 276/440/168
f 275/441/169 277/442/169 276/443/169
f 276/443/169 277/442/169 278/444/169
f 277/445/170 279/446/170 278/447/170
f 278/447/170 279/446/170 280/243/170
f 279/448/171 281/449/171 280/450/171
f 280/450/171 281/449/171 282/451/171
f 281/452/172 249/453/172 282/454/172
f 282/454/172 249/453/172 251/455/172
f 283/456/173 265/457/173 284/458/173
f 284/458/173 265/457/173 266/227/173
f 285/459/174 286/460/174 287/461/174
f 287/461/174 286/460/174 288/462/174
f 289/463/175 290/464/175 291/465/175
f 291/465/175 290/464/175 292/466/175
f 293/467/176 285/468/176 294/469/176
f 294/469/176 285/468/176 287/470/176
f 290/471/177 295/472/177 292/473/177
f 292/473/177 295/472/177 296/474/177
f 297/475/178 293/476/178 298/477/178
f 298/477/178 293/476/178 294/478/178
f 295/479/179 299/480/179 296/481/179
f 296/481/179 299/480/179 300/355/179
f 301/482/180 297/483/180 302/484/180
f 302/484/180 297/483/180 298/485/180
f 303/486/181 289/487/181 304/488/181
f 304/488/181 289/487/181 291/474/181
f 267/489/182 283/490/182 268/491/182
f 268/491/182 283/490/182 284/492/182
f 250/493/183 305/494/183 252/495/183
f 252/495/183 305/494/183 306/406/183
f 307/496/184 253/497/184 308/498/184
f 308/498/184 253/497/184 255/499/184
f 305/500/185 309/501/185 306/502/185
f 306/502/185 309/501/185 310/503/185
f 311/504/186 307/505/186 312/506/186
f 312/506/186 307/505/186 308/507/186
f 309/508/187 303/509/187 310/510/187
f 310/510/187 303/509/187 304/474/187
f 286/511/188 311/512/188 288/513/188
f 288/513/188 311/512/188 312/514/188
f 313/515/189 314/516/189 315/517/189
f 315/517/189 314/516/189 316/518/189
f 317/519/190 318/520/190 319/521/190
f 319/521/190 318/520/190 320/466/190
f 314/522/191 321/523/191 316/524/191
f 316/524/191 321/523/191 322/525/191
f 323/526/192 317/527/192 324/528/192
f 324/528/192 317/527/192 319/287/192
f 325/529/163 326/530/163 327/531/163
f 327/531/163 326/530/163 328/355/163
f 329/532/193 330/533/193 331/534/193
f 331/534/193 330/533/193 332/535/193
f 333/536/163 334/436/163 335/537/163
f 335/537/163 334/436/163 336/538/163
f 337/539/163 338/436/163 333/540/163
f 333/540/163 338/436/163 334/541/163
f 325/542/163 327/543/163 337/544/163
f 337/544/163 327/543/163 338/545/163
f 321/546/194 339/547/194 322/548/194
f 322/548/194 339/547/194 340/549/194
f 341/550/193 342/551/193 343/552/193
f 343/552/193 342/551/193 344/553/193
f 345/554/163 346/555/163 347/556/163
f 347/556/163 346/555/163 348/557/163
f 349/558/193 343/559/193 350/560/193
f 350/560/193 343/559/193 344/561/193
f 351/562/163 352/563/163 346/564/163
f 346/564/163 352/563/163 348/565/163
f 345/285/163 347/287/163 353/566/163
f 353/566/163 347/287/163 354/567/163
f 355/568/195 323/569/195 356/570/195
f 356/570/195 323/569/195 324/2/195
f 339/571/193 357/572/193 340/573/193
f 340/573/193 357/572/193 358/574/193
f 359/575/163 355/576/163 360/577/163
f 360/577/163 355/576/163 356/444/163
f 341/578/193 361/579/193 342/580/193
f 342/580/193 361/579/193 362/581/193
f 329/582/193 331/583/193 363/584/193
f 363/584/193 331/583/193 364/585/193
f 365/586/193 366/587/193 367/588/193
f 367/588/193 366/587/193 368/589/193
f 369/590/193 370/591/193 365/592/193
f 365/592/193 370/591/193 366/593/193
f 371/594/193 372/595/193 369/596/193
f 369/596/193 372/595/193 370/597/193
f 373/598/193 374/599/193 371/600/193
f 371/600/193 374/599/193 372/601/193
f 367/602/193 368/603/193 375/604/193
f 375/604/193 368/603/193 376/605/193
f 349/606/193 350/561/193 330/607/193
f 330/607/193 350/561/193 332/608/193
f 351/609/163 335/610/163 352/611/163
f 352/611/163 335/610/163 336/612/163
f 377/613/193 378/614/193 357/615/193
f 357/615/193 378/614/193 358/616/193
f 375/617/193 376/591/193 377/618/193
f 377/618/193 376/591/193 378/619/193
f 373/620/193 379/621/193 374/622/193
f 374/622/193 379/621/193 380/623/193
f 381/624/163 382/279/163 383/625/163
f 383/625/163 382/279/163 384/626/163
f 381/627/163 359/628/163 382/629/163
f 382/629/163 359/628/163 360/359/163
f 385/630/193 386/631/193 379/632/193
f 379/632/193 386/631/193 380/633/193
f 363/634/193 364/583/193 385/635/193
f 385/635/193 364/583/193 386/636/193
f 383/637/163 384/320/163 387/638/163
f 387/638/163 384/320/163 388/639/163
f 389/640/163 390/474/163 326/641/163
f 326/641/163 390/474/163 328/642/163
f 391/643/163 392/644/163 389/645/163
f 389/645/163 392/644/163 390/646/163
f 393/647/163 394/543/163 391/648/163
f 391/648/163 394/543/163 392/649/163
f 395/650/163 396/651/163 393/652/163
f 393/652/163 396/651/163 394/653/163
f 387/654/163 388/304/163 395/655/163
f 395/655/163 388/304/163 396/656/163
f 397/657/196 398/640/196 399/658/196
f 399/658/196 398/640/196 400/436/196
f 401/659/197 402/660/197 403/661/197
f 403/661/197 402/660/197 404/662/197
f 405/663/198 397/569/198 406/664/198
f 406/664/198 397/569/198 399/9/198
f 402/665/199 407/666/199 404/667/199
f 404/667/199 407/666/199 408/668/199
f 409/669/200 410/520/201 411/670/202
f 411/670/201 410/520/201 412/563/201
f 413/671/203 414/672/203 410/673/203
f 410/673/203 414/672/203 412/674/203
f 413/675/203 415/676/203 414/677/203
f 414/677/203 415/676/203 416/279/203
f 417/678/204 418/679/204 419/680/205
f 419/680/205 418/679/204 420/681/205
f 417/682/204 421/683/206 418/684/204
f 418/684/204 421/683/206 422/685/206
f 409/686/200 411/320/202 423/687/207
f 423/687/207 411/320/202 424/688/207
f 425/689/208 405/569/208 426/690/208
f 426/690/208 405/569/208 406/9/208
f 427/691/209 428/692/209 429/693/209
f 429/693/209 428/692/209 430/694/209
f 431/695/210 432/696/210 433/697/210
f 433/697/210 432/696/210 434/698/210
f 435/699/211 427/700/212 436/701/213
f 436/701/212 427/700/212 429/702/212
f 437/703/214 438/451/214 432/704/215
f 432/704/215 438/451/214 434/705/215
f 437/706/214 423/707/207 438/708/214
f 438/708/214 423/707/207 424/351/207
f 415/709/216 439/569/216 416/710/216
f 416/710/216 439/569/216 440/9/216
f 407/711/217 441/712/217 408/713/217
f 408/713/217 441/712/217 442/714/217
f 443/715/218 425/520/218 444/716/218
f 444/716/218 425/520/218 426/466/218
f 441/717/219 445/718/219 442/719/219
f 442/719/219 445/718/219 446/720/219
f 439/721/220 443/703/220 440/722/220
f 440/722/221 443/703/221 444/451/221
f 445/723/222 447/724/222 446/725/222
f 446/725/222 447/724/222 448/726/222
f 449/727/223 419/728/205 450/729/223
f 450/729/223 419/728/205 420/730/205
f 449/727/223 450/729/223 447/731/224
f 447/731/224 450/729/223 448/732/224
f 451/733/225 452/696/225 453/734/225
f 453/734/225 452/696/225 454/698/225
f 455/735/226 456/736/226 457/737/226
f 457/737/226 456/736/226 458/738/226
f 459/739/227 451/703/227 460/740/227
f 460/740/227 451/703/227 453/741/227
f 456/742/228 461/743/228 458/744/228
f 458/744/228 461/743/228 462/745/228
f 463/746/229 459/747/229 464/748/229
f 464/748/229 459/747/229 460/749/229
f 465/750/230 455/751/230 466/752/230
f 466/752/230 455/751/230 457/753/230
f 467/754/231 468/755/231 469/756/231
f 469/756/231 468/755/231 470/757/231
f 468/758/232 471/759/232 470/760/232
f 470/760/232 471/759/232 472/761/232
f 473/762/233 474/696/233 475/763/233
f 475/763/233 474/696/233 476/455/233
f 471/764/234 465/765/234 472/766/234
f 472/766/234 465/765/234 466/767/234
f 452/768/235 473/769/235 454/770/235
f 454/770/235 473/769/235 475/771/235
f 461/772/236 477/773/236 462/774/236
f 462/774/236 477/773/236 478/775/236
f 398/776/237 479/777/237 400/778/237
f 400/778/237 479/777/237 480/779/237
f 481/780/238 401/666/238 482/781/238
f 482/781/238 401/666/238 403/668/238
f 474/782/239 483/527/239 476/783/239
f 476/783/239 483/527/239 484/287/239
f 435/784/211 436/785/213 421/786/206
f 421/786/206 436/785/213 422/787/206
f 485/788/240 481/789/240 486/790/240
f 486/790/240 481/789/240 482/791/240
f 487/792/241 463/793/241 488/794/241
f 488/794/241 463/793/241 464/795/241
f 477/796/242 489/797/242 478/798/242
f 478/798/242 489/797/242 490/595/242
f 491/799/243 487/800/243 492/801/243
f 492/801/243 487/800/243 488/651/243
f 489/802/244 485/773/244 490/803/244
f 490/803/244 485/773/244 486/804/244
f 479/805/245 491/806/245 480/807/245
f 480/807/245 491/806/245 492/355/245
f 493/808/116 494/809/116 495/810/116
f 495/810/116 494/809/116 496/811/116
f 497/812/246 498/813/246 499/814/246
f 499/814/246 498/813/246 500/455/246
f 501/815/247 502/816/247 503/817/247
f 503/817/247 502/816/247 504/818/247
f 505/819/248 506/820/248 507/821/248
f 507/821/248 506/820/248 508/312/248
f 509/822/249 510/823/249 511/824/249
f 511/824/249 510/823/249 512/825/249
f 498/826/250 505/827/250 500/828/250
f 500/828/250 505/827/250 507/451/250
f 510/829/251 501/830/251 512/831/251
f 512/831/251 501/830/251 503/832/251
f 513/833/117 514/793/117 515/834/117
f 515/834/117 514/793/117 516/503/117
f 517/835/252 518/836/253 519/837/254
f 519/837/253 518/836/253 520/451/253
f 521/838/255 522/839/255 523/274/255
f 523/274/255 522/839/256 524/840/257
f 518/841/258 497/842/258 520/843/258
f 520/843/258 497/842/258 499/304/258
f 502/844/259 521/845/259 504/846/259
f 504/846/259 521/845/259 523/847/259
f 525/848/116 526/849/116 494/850/116
f 494/850/116 526/849/116 496/851/116
f 525/852/116 527/853/116 526/854/116
f 526/854/116 527/853/116 528/855/116
f 529/856/117 530/779/117 531/857/117
f 531/857/117 530/779/117 532/858/117
f 529/859/117 513/860/117 530/861/117
f 530/861/117 513/860/117 515/9/117
f 533/862/260 534/863/260 535/864/260
f 535/864/260 534/863/260 536/9/260
f 537/865/116 538/866/116 539/867/116
f 539/867/116 538/866/116 540/215/116
f 537/868/116 539/869/116 527/870/116
f 527/870/116 539/869/116 528/871/116
f 541/872/261 542/569/261 543/873/261
f 543/873/261 542/569/261 544/2/261
f 545/874/262 546/875/262 547/876/262
f 547/876/262 546/875/262 548/877/262
f 549/878/213 517/747/213 550/879/213
f 550/879/213 517/747/252 519/749/254
f 522/880/256 551/881/263 524/882/257
f 524/882/263 551/881/263 552/883/263
f 551/884/264 545/885/264 552/886/264
f 552/886/264 545/885/264 547/887/264
f 542/888/265 549/703/265 544/889/265
f 544/889/265 549/703/265 550/741/265
f 553/890/266 554/455/267 555/891/268
f 555/891/268 554/455/267 556/892/268
f 557/893/269 558/894/269 559/895/269
f 559/895/269 558/894/269 560/761/269
f 506/896/270 533/856/270 508/897/270
f 508/897/270 533/856/270 535/779/270
f 558/898/271 509/899/271 560/900/271
f 560/900/271 509/899/271 511/901/271
f 561/902/272 555/903/273 562/904/274
f 562/904/273 555/903/273 556/359/273
f 553/905/266 531/906/117 554/907/267
f 554/907/267 531/906/117 532/355/117
f 563/908/275 564/909/276 538/910/277
f 538/910/277 564/909/276 540/851/277
f 563/911/275 557/912/278 564/913/276
f 564/913/278 557/912/278 559/914/278
f 561/915/272 562/916/274 534/917/279
f 534/917/279 562/916/274 536/918/279
f 565/919/280 566/920/280 567/921/280
f 567/921/280 566/920/280 568/749/280
f 569/922/281 570/923/281 571/924/281
f 571/924/281 570/923/281 572/741/281
f 573/925/282 574/926/282 575/927/282
f 575/927/282 574/926/282 576/928/282
f 566/929/283 569/930/283 568/931/283
f 568/931/283 569/930/283 571/932/283
f 577/933/284 578/934/284 579/935/284
f 579/935/284 578/934/284 580/741/284
f 581/936/285 582/937/285 583/938/285
f 583/938/285 582/937/285 584/287/285
f 585/939/286 586/940/286 587/941/286
f 587/941/286 586/940/286 588/942/286
f 589/943/287 590/9/287 582/944/287
f 582/944/287 590/9/287 584/945/287
f 591/946/288 585/947/288 592/948/288
f 592/948/288 585/947/288 587/949/288
f 574/950/289 593/951/289 576/952/289
f 576/952/289 593/951/289 594/953/289
f 595/954/290 596/955/290 597/956/290
f 597/956/290 596/955/290 598/749/290
f 599/957/291 600/958/291 601/959/291
f 601/959/291 600/958/291 602/960/291
f 603/961/292 595/962/292 604/963/292
f 604/963/292 595/962/292 597/355/292
f 605/964/293 606/965/293 607/966/293
f 607/966/293 606/965/293 608/466/293
f 609/967/294 610/968/294 611/969/294
f 611/969/294 610/968/294 612/970/294
f 613/971/295 614/972/295 615/973/295
f 615/973/295 614/972/295 616/563/295
f 610/974/296 617/975/296 612/831/296
f 612/831/296 617/975/296 618/976/296
f 570/977/297 613/978/297 572/979/297
f 572/979/297 613/978/297 615/359/297
f 617/980/298 573/981/298 618/982/298
f 618/982/298 573/981/298 575/983/298
f 614/984/299 619/985/299 616/986/299
f 616/986/299 619/985/299 620/320/299
f 621/987/300 622/988/300 623/989/300
f 623/989/300 622/988/300 624/990/300
f 586/991/301 625/992/301 588/993/301
f 588/993/301 625/992/301 626/994/301
f 578/995/302 627/996/302 580/997/302
f 580/997/302 627/996/302 628/359/302
f 627/998/303 629/999/303 628/1000/303
f 628/1000/303 629/999/303 630/304/303
f 629/1001/304 565/1002/304 630/1003/304
f 630/1003/304 565/1002/304 567/1004/304
f 625/1005/305 631/1006/305 626/1007/305
f 626/1007/305 631/1006/305 632/1008/305
f 633/1009/306 634/1010/306 635/1011/306
f 635/1011/306 634/1010/306 636/1012/306
f 593/1013/307 633/1014/307 594/1015/307
f 594/1015/307 633/1014/307 635/953/307
f 637/1016/308 621/1017/308 638/1018/308
f 638/1018/308 621/1017/308 623/1019/308
f 634/1020/309 637/1021/309 636/1022/309
f 636/1022/309 637/1021/309 638/976/309
f 631/1023/310 639/1024/310 632/1025/310
f 632/1025/310 639/1024/310 640/1026/310
f 641/1027/311 581/1028/311 642/1029/311
f 642/1029/311 581/1028/311 583/1030/311
f 643/1031/312 641/1032/312 644/1033/312
f 644/1033/312 641/1032/312 642/1034/312
f 645/1035/313 577/1036/313 646/1037/313
f 646/1037/313 577/1036/313 579/440/313
f 622/1038/314 647/1039/314 624/1040/314
f 624/1040/314 647/1039/314 648/1041/314
f 649/1042/315 650/1043/315 651/1044/315
f 651/1044/315 650/1043/315 652/563/315
f 639/1045/316 653/1046/316 640/1047/316
f 640/1047/316 653/1046/316 654/1048/316
f 655/1049/317 649/1050/317 656/1051/317
f 656/1051/317 649/1050/317 651/359/317
f 653/1052/318 657/1053/318 654/1054/318
f 654/1054/318 657/1053/318 658/1055/318
f 657/426/319 659/1056/319 658/1057/319
f 658/1057/319 659/1056/319 660/1058/319
f 650/1059/320 643/1060/320 652/1061/320
f 652/1061/320 643/1060/320 644/563/320
f 661/1062/321 662/1063/321 663/1064/321
f 663/1064/321 662/1063/321 664/1065/321
f 665/1066/322 666/1067/322 667/1068/322
f 667/1068/322 666/1067/322 668/359/322
f 669/1069/323 670/1070/323 671/1071/323
f 671/1071/323 670/1070/323 672/1072/323
f 673/1073/324 674/1074/324 675/1075/324
f 675/1075/324 674/1074/324 676/749/324
f 677/1076/325 678/1077/325 679/1078/325
f 679/1078/325 678/1077/325 680/1026/325
f 681/1079/326 669/1080/326 682/1081/326
f 682/1081/326 669/1080/326 671/1082/326
f 670/1083/327 683/1084/327 672/1085/327
f 672/1085/327 683/1084/327 684/1086/327
f 685/1087/328 686/1088/328 687/1089/328
f 687/1089/328 686/1088/328 688/932/328
f 683/1090/329 689/1091/329 684/1092/329
f 684/1092/329 689/1091/329 690/1093/329
f 666/1094/330 691/1095/330 668/1096/330
f 668/1096/330 691/1095/330 692/741/330
f 691/1097/331 673/1098/331 692/1099/331
f 692/1099/331 673/1098/331 675/1100/331
f 693/1101/332 694/1102/332 695/1103/332
f 695/1103/332 694/1102/332 696/1104/332
f 697/1105/333 698/1106/333 699/1107/333
f 699/1107/333 698/1106/333 700/2/333
f 694/1108/334 701/1109/334 696/1110/334
f 696/1110/334 701/1109/334 702/1111/334
f 600/1112/335 693/1113/335 602/1114/335
f 602/1114/335 693/1113/335 695/1115/335
f 698/1116/336 603/1117/336 700/1118/336
f 700/1118/336 603/1117/336 604/355/336
f 678/1119/337 681/1120/337 680/1121/337
f 680/1121/337 681/1120/337 682/1122/337
f 703/1123/338 697/1124/338 704/1089/338
f 704/1089/338 697/1124/338 699/474/338
f 701/1125/339 705/1126/339 702/1127/339
f 702/1127/339 705/1126/339 706/1128/339
f 674/1129/340 703/1130/340 676/1131/340
f 676/1131/340 703/1130/340 704/2/340
f 705/1132/341 677/1133/341 706/1134/341
f 706/1134/341 677/1133/341 679/1135/341
f 686/1136/342 665/1137/342 688/1138/342
f 688/1138/342 665/1137/342 667/932/342
f 707/1139/343 655/1140/343 708/1141/343
f 708/1141/343 655/1140/343 656/563/343
f 619/1142/344 709/1143/344 620/1144/344
f 620/1144/344 709/1143/344 710/474/344
f 711/1145/345 609/1146/345 712/1147/345
f 712/1147/345 609/1146/345 611/1148/345
f 713/1149/346 714/1150/346 715/1151/346
f 715/1151/346 714/1150/346 716/455/346
f 717/1152/347 661/1153/347 718/1154/347
f 718/1154/347 661/1153/347 663/1155/347
f 596/1156/348 605/1157/348 598/1158/348
f 598/1158/348 605/1157/348 607/320/348
f 662/1159/349 599/1160/349 664/1161/349
f 664/1161/349 599/1160/349 601/1162/349
f 719/1163/350 707/1164/350 720/1165/350
f 720/1165/350 707/1164/350 708/1166/350
f 659/1167/351 717/1168/351 660/1169/351
f 660/1169/351 717/1168/351 718/1170/351
f 606/1171/352 719/1172/352 608/1173/352
f 608/1173/352 719/1172/352 720/243/352
f 721/1174/353 722/1175/353 723/1176/353
f 723/1176/353 722/1175/353 724/1177/353
f 725/1178/354 685/1179/354 726/1180/354
f 726/1180/354 685/1179/354 687/2/354
f 689/1181/355 727/1182/355 690/299/355
f 690/299/355 727/1182/355 728/1183/355
f 729/1184/356 725/1185/356 730/1186/356
f 730/1186/356 725/1185/356 726/474/356
f 727/1187/357 731/1188/357 728/1189/357
f 728/1189/357 731/1188/357 732/1190/357
f 733/1191/358 721/1192/358 734/1193/358
f 734/1193/358 721/1192/358 723/1194/358
f 709/1195/359 713/1196/359 710/1197/359
f 710/1197/359 713/1196/359 715/320/359
f 722/1198/360 711/1199/360 724/1200/360
f 724/1200/360 711/1199/360 712/1201/360
f 735/1202/361 729/1203/361 736/1204/361
f 736/1204/361 729/1203/361 730/557/361
f 731/1205/362 733/1206/362 732/1207/362
f 732/1207/362 733/1206/362 734/1208/362
f 714/1209/363 735/1210/363 716/1211/363
f 716/1211/363 735/1210/363 736/466/363
f 737/1212/364 738/1213/364 739/1214/364
f 739/1214/364 738/1213/364 740/1215/364
f 741/1216/365 742/1217/365 743/1218/365
f 743/1218/365 742/1217/365 744/1219/365
f 745/1220/366 737/1221/366 746/1222/366
f 746/1222/366 737/1221/366 739/231/366
f 742/1223/367 747/1224/367 744/1225/367
f 744/1225/367 747/1224/367 748/1226/367
f 749/1227/368 745/1228/368 750/1229/368
f 750/1229/368 745/1228/368 746/1230/368
f 747/1231/369 751/1232/369 748/1233/369
f 748/1233/369 751/1232/369 752/1234/369
f 753/1235/370 749/1236/370 754/1237/370
f 754/1237/370 749/1236/370 750/1238/370
f 755/1239/371 741/1240/371 756/1241/371
f 756/1241/371 741/1240/371 743/1242/371
f 757/1243/117 758/1244/117 759/1245/117
f 759/1245/117 758/1244/117 760/1246/117
f 761/1247/116 762/1248/116 763/1249/116
f 763/1249/116 762/1248/116 764/1250/116
f 765/1251/372 766/1252/372 758/1253/373
f 758/1253/373 766/1252/372 760/1254/373
f 765/1255/372 767/1256/374 766/1257/372
f 766/1257/374 767/1256/374 768/1258/374
f 738/1259/375 769/1260/375 740/1261/375
f 740/1261/375 769/1260/375 770/1262/375
f 767/1263/376 755/1264/376 768/1265/376
f 768/1265/376 755/1264/376 756/1266/376
f 771/1267/377 763/1268/377 772/1269/377
f 772/1269/377 763/1268/377 764/231/377
f 771/1270/377 772/1271/377 769/1272/377
f 769/1272/377 772/1271/377 770/1273/377
f 751/1274/378 773/1275/378 752/1276/378
f 752/1276/378 773/1275/378 774/1277/378
f 775/1278/379 776/1279/380 777/1280/379
f 777/1280/379 776/1279/380 778/2/380
f 775/1278/379 777/1280/379 779/1281/379
f 779/1281/379 777/1280/379 780/10/379
f 781/1282/381 782/211/381 783/1283/382
f 783/1283/382 782/211/381 784/1284/382
f 781/1285/381 785/1286/381 782/1287/381
f 782/1287/381 785/1286/381 786/1277/381
f 787/1288/383 783/569/382 788/1289/383
f 788/1289/383 783/569/382 784/9/382
f 789/1290/384 790/1166/384 776/1291/380
f 776/1291/380 790/1166/384 778/1292/380
f 791/1293/385 792/1294/385 793/1295/385
f 793/1295/385 792/1294/385 794/1296/385
f 795/1297/386 753/1298/386 796/1299/386
f 796/1299/386 753/1298/386 754/1300/386
f 773/1301/387 797/1302/387 774/160/387
f 774/160/387 797/1302/387 798/1303/387
f 799/1304/388 795/1305/388 800/1306/388
f 800/1306/388 795/1305/388 796/1307/388
f 797/1308/389 801/1309/389 798/1310/389
f 798/1310/389 801/1309/389 802/1311/389
f 791/1294/385 793/1312/385 785/1293/385
f 785/1293/385 793/1312/385 786/160/385
f 803/1313/390 779/1314/390 804/1315/390
f 804/1315/390 779/1314/390 780/1316/390
f 803/1317/390 804/1318/390 801/1319/390
f 801/1319/390 804/1318/390 802/1320/390
f 792/1321/391 799/1322/391 794/323/391
f 794/323/391 799/1322/391 800/1323/391
f 1077/196/103 1078/197/103 1079/198/103
f 1079/198/103 1078/197/103 1080/199/103
f 1081/200/104 1082/201/104 1083/202/104
f 1083/202/104 1082/201/104 1084/203/104
f 1085/204/105 1077/205/105 1086/206/105
f 1086/206/105 1077/205/105 1079/207/105
f 1082/208/106 1087/209/106 1084/210/106
f 1084/210/106 1087/209/106 1088/211/106
f 1089/212/107 1085/213/107 1090/214/107
f 1090/214/107 1085/213/107 1086/215/107
f 1091/216/108 1081/217/108 1092/218/108
f 1092/218/108 1081/217/108 1083/219/108
f 1093/220/109 1094/221/109 1095/222/109
f 1095/222/109 1094/221/109 1096/223/109
f 1097/224/110 1098/225/110 1099/226/110
f 1099/226/110 1098/225/110 1100/227/110
f 1094/228/111 1101/229/111 1096/230/111
f 1096/230/111 1101/229/111 1102/231/111
f 1103/232/112 1097/233/112 1104/234/112
f 1104/234/112 1097/233/112 1099/235/112
f 1105/236/113 1091/237/113 1106/238/113
f 1106/238/113 1091/237/113 1092/239/113
f 1078/240/114 1107/241/114 1080/242/114
f 1080/242/114 1107/241/114 1108/243/114
f 1109/244/115 1110/245/115 1111/246/115
f 1111/246/115 1110/245/115 1112/247/115
f 1113/248/116 1114/249/116 1115/250/116
f 1115/250/116 1114/249/116 1116/251/116
f 1117/252/117 1118/253/117 1119/254/117
f 1119/254/117 1118/253/117 1120/255/117
f 1121/256/116 1115/257/116 1122/258/116
f 1122/258/116 1115/257/116 1116/259/116
f 1123/260/118 1124/261/119 1125/262/120
f 1125/262/120 1124/261/119 1126/263/120
f 1113/264/116 1125/265/116 1114/266/116
f 1114/266/116 1125/265/116 1126/267/116
f 1127/268/117 1128/269/117 1129/270/117
f 1129/270/117 1128/269/117 1130/271/117
f 1127/272/117 1119/273/117 1128/274/117
f 1128/274/117 1119/273/117 1120/275/117
f 1131/276/121 1132/277/121 1133/278/121
f 1133/278/122 1132/277/122 1134/279/122
f 1110/280/123 1105/281/123 1112/282/123
f 1112/282/123 1105/281/123 1106/283/123
f 1107/284/124 1131/285/124 1108/286/124
f 1108/286/124 1131/285/124 1133/287/124
f 1135/288/125 1136/289/125 1101/290/126
f 1101/290/126 1136/289/125 1102/291/126
f 1135/288/125 1129/292/127 1136/289/125
f 1136/289/127 1129/292/127 1130/293/127
f 1123/294/118 1103/295/128 1124/296/119
f 1124/296/128 1103/295/128 1104/227/128
f 1098/297/129 1137/298/129 1100/299/129
f 1100/299/129 1137/298/129 1138/300/129
f 1139/301/130 1140/302/130 1141/303/130
f 1141/303/131 1140/302/131 1142/304/131
f 1143/305/132 1144/306/132 1145/307/132
f 1145/307/132 1144/306/132 1146/308/132
f 1147/309/133 1139/310/133 1148/311/133
f 1148/311/133 1139/310/133 1141/312/133
f 1144/313/134 1149/314/134 1146/315/134
f 1146/315/134 1149/314/134 1150/316/134
f 1151/317/135 1147/318/135 1152/319/135
f 1152/319/135 1147/318/135 1148/320/135
f 1149/321/136 1153/322/136 1150/323/136
f 1150/323/136 1153/322/136 1154/324/136
f 1155/325/137 1143/326/137 1156/327/137
f 1156/327/137 1143/326/137 1145/328/137
f 1157/329/138 1158/330/138 1159/331/138
f 1159/331/138 1158/330/138 1160/332/138
f 1161/333/139 1162/334/139 1163/335/139
f 1163/335/139 1162/334/139 1164/336/139
f 1158/337/140 1165/338/140 1160/339/140
f 1160/339/140 1165/338/140 1166/215/140
f 1167/340/141 1161/341/141 1168/342/141
f 1168/342/141 1161/341/141 1163/343/141
f 1165/344/142 1155/345/142 1166/346/142
f 1166/346/142 1155/345/142 1156/347/142
f 1140/348/143 1167/349/143 1142/350/143
f 1142/350/143 1167/349/143 1168/351/143
f 1169/352/144 1151/353/144 1170/354/144
f 1170/354/144 1151/353/144 1152/355/144
f 1132/356/145 1171/357/145 1134/358/145
f 1134/358/145 1171/357/145 1172/359/145
f 1087/360/146 1173/361/146 1088/362/146
f 1088/362/146 1173/361/146 1174/363/146
f 1175/364/147 1089/365/147 1176/366/147
f 1176/366/147 1089/365/147 1090/367/147
f 1173/368/148 1177/369/148 1174/370/148
f 1174/370/148 1177/369/148 1178/371/148
f 1137/372/149 1175/373/149 1138/374/149
f 1138/374/149 1175/373/149 1176/375/149
f 1177/376/150 1093/377/150 1178/378/150
f 1178/378/150 1093/377/150 1095/379/150
f 1179/380/151 1109/381/151 1180/382/151
f 1180/382/151 1109/381/151 1111/203/151
f 1153/383/152 1181/384/152 1154/385/152
f 1154/385/152 1181/384/152 1182/386/152
f 1183/387/153 1169/388/153 1184/389/153
f 1184/389/153 1169/388/153 1170/355/153
f 1181/390/154 1185/391/154 1182/392/154
f 1182/392/154 1185/391/154 1186/363/154
f 1187/393/155 1183/394/155 1188/395/155
f 1188/395/155 1183/394/155 1184/359/155
f 1185/396/156 1179/397/156 1186/398/156
f 1186/398/156 1179/397/156 1180/399/156
f 1171/400/157 1187/401/157 1172/402/157
f 1172/402/158 1187/401/158 1188/320/158
f 1189/1756/163 1190/343/163 1191/1757/163
f 1191/1757/163 1190/343/163 1192/1758/163
f 1193/1759/193 1194/1760/193 1195/1761/193
f 1195/1761/193 1194/1760/193 1196/1762/193
f 1193/1763/193 1195/1764/193 1197/1765/193
f 1197/1765/193 1195/1764/193 1198/1766/193
f 1199/1767/710 1200/1768/710 1201/1769/710
f 1201/1769/710 1200/1768/710 1202/1770/710
f 1203/1771/711 1204/1772/711 1205/1773/711
f 1205/1773/711 1204/1772/711 1206/1774/711
f 1200/1775/712 1191/1776/712 1202/1777/712
f 1202/1777/712 1191/1776/712 1192/455/712
f 1194/1778/713 1203/1779/713 1196/1780/713
f 1196/1780/713 1203/1779/713 1205/1781/713
f 1189/1782/163 1207/1783/163 1190/1784/163
f 1190/1784/163 1207/1783/163 1208/698/163
f 1209/1785/714 1210/1786/714 1211/1787/714
f 1211/1787/714 1210/1786/714 1212/474/714
f 1213/1788/715 1214/1789/715 1215/1790/715
f 1215/1790/715 1214/1789/715 1216/1791/715
f 1210/1792/716 1217/1793/716 1212/1794/716
f 1212/1794/716 1217/1793/716 1218/563/716
f 1219/1795/717 1213/1796/717 1220/1797/717
f 1220/1797/717 1213/1796/717 1215/1798/717
f 1221/1799/718 1222/1800/718 1223/1071/718
f 1223/1071/718 1222/1800/718 1224/1801/718
f 1225/1802/719 1226/1803/719 1227/1804/719
f 1227/1804/719 1226/1803/719 1228/343/719
f 1222/1062/720 1219/1805/720 1224/1806/720
f 1224/1806/720 1219/1805/720 1220/1807/720
f 1217/1808/721 1225/1809/721 1218/1810/721
f 1218/1810/721 1225/1809/721 1227/466/721
f 1226/1811/722 1229/1812/722 1228/1813/722
f 1228/1813/722 1229/1812/722 1230/355/722
f 1204/1814/723 1231/1815/723 1206/1816/723
f 1206/1816/723 1231/1815/723 1232/1817/723
f 1229/1818/284 1233/1819/284 1230/1820/284
f 1230/1820/284 1233/1819/284 1234/287/284
f 1235/1821/724 1236/1822/724 1237/1823/724
f 1237/1823/724 1236/1822/724 1238/1824/724
f 1233/1825/725 1239/934/725 1234/1826/725
f 1234/1826/725 1239/934/725 1240/359/725
f 1241/1827/726 1242/806/726 1243/1828/726
f 1243/1828/726 1242/806/726 1244/304/726
f 1245/1829/727 1246/1830/727 1247/1831/727
f 1247/1831/727 1246/1830/727 1248/1832/727
f 1239/1833/728 1241/703/728 1240/1834/728
f 1240/1834/728 1241/703/728 1243/741/728
f 1246/1835/729 1235/1836/729 1248/1837/729
f 1248/1837/729 1235/1836/729 1237/1838/729
f 1249/1839/730 1199/1840/730 1250/1841/730
f 1250/1841/730 1199/1840/730 1201/779/730
f 1236/1842/731 1221/1843/731 1238/1844/731
f 1238/1844/731 1221/1843/731 1223/1845/731
f 1251/1846/732 1245/1847/732 1252/1848/732
f 1252/1848/732 1245/1847/732 1247/1764/732
f 1242/1849/733 1253/703/733 1244/1850/733
f 1244/1850/733 1253/703/733 1254/741/733
f 1255/1851/734 1251/1830/734 1256/1852/734
f 1256/1852/734 1251/1830/734 1252/1853/734
f 1231/1854/735 1257/1855/735 1232/1856/735
f 1232/1856/735 1257/1855/735 1258/247/735
f 1259/1857/736 1249/520/736 1260/1858/736
f 1260/1858/736 1249/520/736 1250/466/736
f 1257/1859/737 1255/1860/737 1258/1861/737
f 1258/1861/737 1255/1860/737 1256/1862/737
f 1253/1863/738 1259/640/738 1254/1864/738
f 1254/1864/738 1259/640/738 1260/474/738
f 1261/515/189 1262/516/189 1263/517/189
f 1263/517/189 1262/516/189 1264/518/189
f 1265/519/190 1266/520/190 1267/521/190
f 1267/521/190 1266/520/190 1268/466/190
f 1262/522/191 1269/523/191 1264/524/191
f 1264/524/191 1269/523/191 1270/525/191
f 1271/526/192 1265/527/192 1272/528/192
f 1272/528/192 1265/527/192 1267/287/192
f 1273/529/163 1274/530/163 1275/531/163
f 1275/531/163 1274/530/163 1276/355/163
f 1277/532/193 1278/533/193 1279/534/193
f 1279/534/193 1278/533/193 1280/535/193
f 1281/536/163 1282/436/163 1283/537/163
f 1283/537/163 1282/436/163 1284/538/163
f 1285/539/163 1286/436/163 1281/540/163
f 1281/540/163 1286/436/163 1282/541/163
f 1273/542/163 1275/543/163 1285/544/163
f 1285/544/163 1275/543/163 1286/545/163
f 1269/546/194 1287/547/194 1270/548/194
f 1270/548/194 1287/547/194 1288/549/194
f 1289/550/193 1290/551/193 1291/552/193
f 1291/552/193 1290/551/193 1292/553/193
f 1293/554/163 1294/555/163 1295/556/163
f 1295/556/163 1294/555/163 1296/557/163
f 1297/558/193 1291/559/193 1298/560/193
f 1298/560/193 1291/559/193 1292/561/193
f 1299/562/163 1300/563/163 1294/564/163
f 1294/564/163 1300/563/163 1296/565/163
f 1293/285/163 1295/287/163 1301/566/163
f 1301/566/163 1295/287/163 1302/567/163
f 1303/568/195 1271/569/195 1304/570/195
f 1304/570/195 1271/569/195 1272/2/195
f 1287/571/193 1305/572/193 1288/573/193
f 1288/573/193 1305/572/193 1306/574/193
f 1307/575/163 1303/576/163 1308/577/163
f 1308/577/163 1303/576/163 1304/444/163
f 1289/578/193 1309/579/193 1290/580/193
f 1290/580/193 1309/579/193 1310/581/193
f 1277/582/193 1279/583/193 1311/584/193
f 1311/584/193 1279/583/193 1312/585/193
f 1313/586/193 1314/587/193 1315/588/193
f 1315/588/193 1314/587/193 1316/589/193
f 1317/590/193 1318/591/193 1313/592/193
f 1313/592/193 1318/591/193 1314/593/193
f 1319/594/193 1320/595/193 1317/596/193
f 1317/596/193 1320/595/193 1318/597/193
f 1321/598/193 1322/599/193 1319/600/193
f 1319/600/193 1322/599/193 1320/601/193
f 1315/602/193 1316/603/193 1323/604/193
f 1323/604/193 1316/603/193 1324/605/193
f 1297/606/193 1298/561/193 1278/607/193
f 1278/607/193 1298/561/193 1280/608/193
f 1299/609/163 1283/610/163 1300/611/163
f 1300/611/163 1283/610/163 1284/612/163
f 1325/613/193 1326/614/193 1305/615/193
f 1305/615/193 1326/614/193 1306/616/193
f 1323/617/193 1324/591/193 1325/618/193
f 1325/618/193 1324/591/193 1326/619/193
f 1321/620/193 1327/621/193 1322/622/193
f 1322/622/193 1327/621/193 1328/623/193
f 1329/624/163 1330/279/163 1331/625/163
f 1331/625/163 1330/279/163 1332/626/163
f 1329/627/163 1307/628/163 1330/629/163
f 1330/629/163 1307/628/163 1308/359/163
f 1333/630/193 1334/631/193 1327/632/193
f 1327/632/193 1334/631/193 1328/633/193
f 1311/634/193 1312/583/193 1333/635/193
f 1333/635/193 1312/583/193 1334/636/193
f 1331/637/163 1332/320/163 1335/638/163
f 1335/638/163 1332/320/163 1336/639/163
f 1337/640/163 1338/474/163 1274/641/163
f 1274/641/163 1338/474/163 1276/642/163
f 1339/643/163 1340/644/163 1337/645/163
f 1337/645/163 1340/644/163 1338/646/163
f 1341/647/163 1342/543/163 1339/648/163
f 1339/648/163 1342/543/163 1340/649/163
f 1343/650/163 1344/651/163 1341/652/163
f 1341/652/163 1344/651/163 1342/653/163
f 1335/654/163 1336/304/163 1343/655/163
f 1343/655/163 1336/304/163 1344/656/163
f 1345/808/116 1346/809/116 1347/810/116
f 1347/810/116 1346/809/116 1348/811/116
f 1349/812/246 1350/813/246 1351/814/246
f 1351/814/246 1350/813/246 1352/455/246
f 1353/815/247 1354/816/247 1355/817/247
f 1355/817/247 1354/816/247 1356/818/247
f 1357/819/248 1358/820/248 1359/821/248
f 1359/821/248 1358/820/248 1360/312/248
f 1361/822/249 1362/823/249 1363/824/249
f 1363/824/249 1362/823/249 1364/825/249
f 1350/826/250 1357/827/250 1352/828/250
f 1352/828/250 1357/827/250 1359/451/250
f 1362/829/251 1353/830/251 1364/831/251
f 1364/831/251 1353/830/251 1355/832/251
f 1365/833/117 1366/793/117 1367/834/117
f 1367/834/117 1366/793/117 1368/503/117
f 1369/835/252 1370/836/253 1371/837/254
f 1371/837/253 1370/836/253 1372/451/253
f 1373/838/255 1374/839/255 1375/274/255
f 1375/274/255 1374/839/256 1376/840/257
f 1370/841/258 1349/842/258 1372/843/258
f 1372/843/258 1349/842/258 1351/304/258
f 1354/844/259 1373/845/259 1356/846/259
f 1356/846/259 1373/845/259 1375/847/259
f 1377/848/116 1378/849/116 1346/850/116
f 1346/850/116 1378/849/116 1348/851/116
f 1377/852/116 1379/853/116 1378/854/116
f 1378/854/116 1379/853/116 1380/855/116
f 1381/856/117 1382/779/117 1383/857/117
f 1383/857/117 1382/779/117 1384/858/117
f 1381/859/117 1365/860/117 1382/861/117
f 1382/861/117 1365/860/117 1367/9/117
f 1385/862/260 1386/863/260 1387/864/260
f 1387/864/260 1386/863/260 1388/9/260
f 1389/865/116 1390/866/116 1391/867/116
f 1391/867/116 1390/866/116 1392/215/116
f 1389/868/116 1391/869/116 1379/870/116
f 1379/870/116 1391/869/116 1380/871/116
f 1393/872/261 1394/569/261 1395/873/261
f 1395/873/261 1394/569/261 1396/2/261
f 1397/874/262 1398/875/262 1399/876/262
f 1399/876/262 1398/875/262 1400/877/262
f 1401/878/213 1369/747/213 1402/879/213
f 1402/879/213 1369/747/252 1371/749/254
f 1374/880/256 1403/881/263 1376/882/257
f 1376/882/263 1403/881/263 1404/883/263
f 1403/884/264 1397/885/264 1404/886/264
f 1404/886/264 1397/885/264 1399/887/264
f 1394/888/265 1401/703/265 1396/889/265
f 1396/889/265 1401/703/265 1402/741/265
f 1405/890/266 1406/455/267 1407/891/268
f 1407/891/268 1406/455/267 1408/892/268
f 1409/893/269 1410/894/269 1411/895/269
f 1411/895/269 1410/894/269 1412/761/269
f 1358/896/270 1385/856/270 1360/897/270
f 1360/897/270 1385/856/270 1387/779/270
f 1410/898/271 1361/899/271 1412/900/271
f 1412/900/271 1361/899/271 1363/901/271
f 1413/902/272 1407/903/273 1414/904/274
f 1414/904/273 1407/903/273 1408/359/273
f 1405/905/266 1383/906/117 1406/907/267
f 1406/907/267 1383/906/117 1384/355/117
f 1415/908/275 1416/909/276 1390/910/277
f 1390/910/277 1416/909/276 1392/851/277
f 1415/911/275 1409/912/278 1416/913/276
f 1416/913/278 1409/912/278 1411/914/278
f 1413/915/272 1414/916/274 1386/917/279
f 1386/917/279 1414/916/274 1388/918/279
f 1417/919/280 1418/920/280 1419/921/280
f 1419/921/280 1418/920/280 1420/749/280
f 1421/922/281 1422/923/281 1423/924/281
f 1423/924/281 1422/923/281 1424/741/281
f 1425/925/282 1426/926/282 1427/927/282
f 1427/927/282 1426/926/282 1428/928/282
f 1418/929/283 1421/930/283 1420/931/283
f 1420/931/283 1421/930/283 1423/932/283
f 1429/933/284 1430/934/284 1431/935/284
f 1431/935/284 1430/934/284 1432/741/284
f 1433/936/285 1434/937/285 1435/938/285
f 1435/938/285 1434/937/285 1436/287/285
f 1437/939/286 1438/940/286 1439/941/286
f 1439/941/286 1438/940/286 1440/942/286
f 1441/943/287 1442/9/287 1434/944/287
f 1434/944/287 1442/9/287 1436/945/287
f 1443/946/288 1437/947/288 1444/948/288
f 1444/948/288 1437/947/288 1439/949/288
f 1426/950/289 1445/951/289 1428/952/289
f 1428/952/289 1445/951/289 1446/953/289
f 1447/954/290 1448/955/290 1449/956/290
f 1449/956/290 1448/955/290 1450/749/290
f 1451/957/291 1452/958/291 1453/959/291
f 1453/959/291 1452/958/291 1454/960/291
f 1455/961/292 1447/962/292 1456/963/292
f 1456/963/292 1447/962/292 1449/355/292
f 1457/964/293 1458/965/293 1459/966/293
f 1459/966/293 1458/965/293 1460/466/293
f 1461/967/294 1462/968/294 1463/969/294
f 1463/969/294 1462/968/294 1464/970/294
f 1465/971/295 1466/972/295 1467/973/295
f 1467/973/295 1466/972/295 1468/563/295
f 1462/974/296 1469/975/296 1464/831/296
f 1464/831/296 1469/975/296 1470/976/296
f 1422/977/297 1465/978/297 1424/979/297
f 1424/979/297 1465/978/297 1467/359/297
f 1469/980/298 1425/981/298 1470/982/298
f 1470/982/298 1425/981/298 1427/983/298
f 1466/984/299 1471/985/299 1468/986/299
f 1468/986/299 1471/985/299 1472/320/299
f 1473/987/300 1474/988/300 1475/989/300
f 1475/989/300 1474/988/300 1476/990/300
f 1438/991/301 1477/992/301 1440/993/301
f 1440/993/301 1477/992/301 1478/994/301
f 1430/995/302 1479/996/302 1432/997/302
f 1432/997/302 1479/996/302 1480/359/302
f 1479/998/303 1481/999/303 1480/1000/303
f 1480/1000/303 1481/999/303 1482/304/303
f 1481/1001/304 1417/1002/304 1482/1003/304
f 1482/1003/304 1417/1002/304 1419/1004/304
f 1477/1005/305 1483/1006/305 1478/1007/305
f 1478/1007/305 1483/1006/305 1484/1008/305
f 1485/1009/306 1486/1010/306 1487/1011/306
f 1487/1011/306 1486/1010/306 1488/1012/306
f 1445/1013/307 1485/1014/307 1446/1015/307
f 1446/1015/307 1485/1014/307 1487/953/307
f 1489/1016/308 1473/1017/308 1490/1018/308
f 1490/1018/308 1473/1017/308 1475/1019/308
f 1486/1020/309 1489/1021/309 1488/1022/309
f 1488/1022/309 1489/1021/309 1490/976/309
f 1483/1023/310 1491/1024/310 1484/1025/310
f 1484/1025/310 1491/1024/310 1492/1026/310
f 1493/1027/311 1433/1028/311 1494/1029/311
f 1494/1029/311 1433/1028/311 1435/1030/311
f 1495/1031/312 1493/1032/312 1496/1033/312
f 1496/1033/312 1493/1032/312 1494/1034/312
f 1497/1035/313 1429/1036/313 1498/1037/313
f 1498/1037/313 1429/1036/313 1431/440/313
f 1474/1038/314 1499/1039/314 1476/1040/314
f 1476/1040/314 1499/1039/314 1500/1041/314
f 1501/1042/315 1502/1043/315 1503/1044/315
f 1503/1044/315 1502/1043/315 1504/563/315
f 1491/1045/316 1505/1046/316 1492/1047/316
f 1492/1047/316 1505/1046/316 1506/1048/316
f 1507/1049/317 1501/1050/317 1508/1051/317
f 1508/1051/317 1501/1050/317 1503/359/317
f 1505/1052/318 1509/1053/318 1506/1054/318
f 1506/1054/318 1509/1053/318 1510/1055/318
f 1509/426/319 1511/1056/319 1510/1057/319
f 1510/1057/319 1511/1056/319 1512/1058/319
f 1502/1059/320 1495/1060/320 1504/1061/320
f 1504/1061/320 1495/1060/320 1496/563/320
f 1513/1062/321 1514/1063/321 1515/1064/321
f 1515/1064/321 1514/1063/321 1516/1065/321
f 1517/1066/322 1518/1067/322 1519/1068/322
f 1519/1068/322 1518/1067/322 1520/359/322
f 1521/1069/323 1522/1070/323 1523/1071/323
f 1523/1071/323 1522/1070/323 1524/1072/323
f 1525/1073/324 1526/1074/324 1527/1075/324
f 1527/1075/324 1526/1074/324 1528/749/324
f 1529/1076/325 1530/1077/325 1531/1078/325
f 1531/1078/325 1530/1077/325 1532/1026/325
f 1533/1079/326 1521/1080/326 1534/1081/326
f 1534/1081/326 1521/1080/326 1523/1082/326
f 1522/1083/327 1535/1084/327 1524/1085/327
f 1524/1085/327 1535/1084/327 1536/1086/327
f 1537/1087/328 1538/1088/328 1539/1089/328
f 1539/1089/328 1538/1088/328 1540/932/328
f 1535/1090/329 1541/1091/329 1536/1092/329
f 1536/1092/329 1541/1091/329 1542/1093/329
f 1518/1094/330 1543/1095/330 1520/1096/330
f 1520/1096/330 1543/1095/330 1544/741/330
f 1543/1097/331 1525/1098/331 1544/1099/331
f 1544/1099/331 1525/1098/331 1527/1100/331
f 1545/1101/332 1546/1102/332 1547/1103/332
f 1547/1103/332 1546/1102/332 1548/1104/332
f 1549/1105/333 1550/1106/333 1551/1107/333
f 1551/1107/333 1550/1106/333 1552/2/333
f 1546/1108/334 1553/1109/334 1548/1110/334
f 1548/1110/334 1553/1109/334 1554/1111/334
f 1452/1112/335 1545/1113/335 1454/1114/335
f 1454/1114/335 1545/1113/335 1547/1115/335
f 1550/1116/336 1455/1117/336 1552/1118/336
f 1552/1118/336 1455/1117/336 1456/355/336
f 1530/1119/337 1533/1120/337 1532/1121/337
f 1532/1121/337 1533/1120/337 1534/1122/337
f 1555/1123/338 1549/1124/338 1556/1089/338
f 1556/1089/338 1549/1124/338 1551/474/338
f 1553/1125/339 1557/1126/339 1554/1127/339
f 1554/1127/339 1557/1126/339 1558/1128/339
f 1526/1129/340 1555/1130/340 1528/1131/340
f 1528/1131/340 1555/1130/340 1556/2/340
f 1557/1132/341 1529/1133/341 1558/1134/341
f 1558/1134/341 1529/1133/341 1531/1135/341
f 1538/1136/342 1517/1137/342 1540/1138/342
f 1540/1138/342 1517/1137/342 1519/932/342
f 1559/1139/343 1507/1140/343 1560/1141/343
f 1560/1141/343 1507/1140/343 1508/563/343
f 1471/1142/344 1561/1143/344 1472/1144/344
f 1472/1144/344 1561/1143/344 1562/474/344
f 1563/1145/345 1461/1146/345 1564/1147/345
f 1564/1147/345 1461/1146/345 1463/1148/345
f 1565/1149/346 1566/1150/346 1567/1151/346
f 1567/1151/346 1566/1150/346 1568/455/346
f 1569/1152/347 1513/1153/347 1570/1154/347
f 1570/1154/347 1513/1153/347 1515/1155/347
f 1448/1156/348 1457/1157/348 1450/1158/348
f 1450/1158/348 1457/1157/348 1459/320/348
f 1514/1159/349 1451/1160/349 1516/1161/349
f 1516/1161/349 1451/1160/349 1453/1162/349
f 1571/1163/350 1559/1164/350 1572/1165/350
f 1572/1165/350 1559/1164/350 1560/1166/350
f 1511/1167/351 1569/1168/351 1512/1169/351
f 1512/1169/351 1569/1168/351 1570/1170/351
f 1458/1171/352 1571/1172/352 1460/1173/352
f 1460/1173/352 1571/1172/352 1572/243/352
f 1573/1174/353 1574/1175/353 1575/1176/353
f 1575/1176/353 1574/1175/353 1576/1177/353
f 1577/1178/354 1537/1179/354 1578/1180/354
f 1578/1180/354 1537/1179/354 1539/2/354
f 1541/1181/355 1579/1182/355 1542/299/355
f 1542/299/355 1579/1182/355 1580/1183/355
f 1581/1184/356 1577/1185/356 1582/1186/356
f 1582/1186/356 1577/1185/356 1578/474/356
f 1579/1187/357 1583/1188/357 1580/1189/357
f 1580/1189/357 1583/1188/357 1584/1190/357
f 1585/1191/358 1573/1192/358 1586/1193/358
f 1586/1193/358 1573/1192/358 1575/1194/358
f 1561/1195/359 1565/1196/359 1562/1197/359
f 1562/1197/359 1565/1196/359 1567/320/359
f 1574/1198/360 1563/1199/360 1576/1200/360
f 1576/1200/360 1563/1199/360 1564/1201/360
f 1587/1202/361 1581/1203/361 1588/1204/361
f 1588/1204/361 1581/1203/361 1582/557/361
f 1583/1205/362 1585/1206/362 1584/1207/362
f 1584/1207/362 1585/1206/362 1586/1208/362
f 1566/1209/363 1587/1210/363 1568/1211/363
f 1568/1211/363 1587/1210/363 1588/466/363
f 1589/1865/739 1590/1866/739 1591/1867/739
f 1591/1867/739 1590/1866/739 1592/1166/739
f 1593/1868/740 1594/1869/740 1595/1870/740
f 1595/1870/740 1594/1869/740 1596/1871/740
f 1597/1872/741 1598/1873/741 1599/1874/741
f 1599/1874/741 1598/1873/741 1600/1875/741
f 1601/1876/742 1602/1877/742 1603/1878/742
f 1603/1878/742 1602/1877/742 1604/1879/742
f 1589/1880/743 1591/343/743 1598/1881/743
f 1598/1881/743 1591/343/743 1600/1882/743
f 1605/1883/284 1606/355/284 1607/1884/284
f 1607/1884/284 1606/355/284 1608/1885/284
f 1605/1886/284 1609/1887/284 1606/1888/284
f 1606/1888/284 1609/1887/284 1610/563/284
f 1611/1889/744 1612/267/744 1613/1890/744
f 1613/1890/744 1612/267/744 1614/1891/744
f 1611/1892/745 1595/1893/745 1612/1894/745
f 1612/1894/745 1595/1893/745 1596/1845/745
f 1601/1895/742 1615/1896/746 1602/1897/742
f 1602/1897/742 1615/1896/746 1616/1898/747
f 1617/1899/748 1618/1900/748 1619/1901/748
f 1619/1901/748 1618/1900/748 1620/1902/748
f 1621/1903/749 1607/1904/749 1622/1905/749
f 1622/1905/749 1607/1904/749 1608/1875/749
f 1618/1906/750 1613/1907/750 1620/1908/750
f 1620/1908/750 1613/1907/750 1614/1909/750
f 1590/1910/751 1621/1911/751 1592/1912/751
f 1592/1912/751 1621/1911/751 1622/1166/751
f 1623/1913/752 1617/1914/753 1624/1915/754
f 1624/1915/753 1617/1914/753 1619/914/753
f 1625/1916/755 1626/1917/756 1615/1918/746
f 1615/1918/746 1626/1917/756 1616/271/747
f 1625/1919/755 1627/1920/757 1626/1921/756
f 1626/1921/757 1627/1920/757 1628/1898/757
f 1629/1922/758 1630/1923/759 1627/1924/760
f 1627/1924/760 1630/1923/759 1628/1761/760
f 1629/1925/758 1631/1926/761 1630/1927/759
f 1630/1927/761 1631/1926/761 1632/1877/761
f 1623/1928/752 1624/1929/754 1631/1930/762
f 1631/1930/762 1624/1929/754 1632/1931/762
f 1633/1932/763 1634/1933/764 1635/1934/765
f 1635/1934/766 1634/1933/766 1636/9/766
f 1637/1935/767 1638/1936/767 1639/1937/767
f 1639/1937/767 1638/1936/767 1640/561/767
f 1641/1938/768 1642/1939/768 1643/1940/768
f 1643/1940/768 1642/1939/768 1644/1941/768
f 1645/1942/769 1646/1943/769 1638/1944/769
f 1638/1944/769 1646/1943/769 1640/1945/769
f 1645/1946/770 1647/1947/770 1646/1948/770
f 1646/1948/770 1647/1947/770 1648/1949/770
f 1642/1950/771 1649/1951/771 1644/1952/771
f 1644/1952/771 1649/1951/771 1650/1953/771
f 1651/1954/772 1652/1955/772 1653/1956/772
f 1653/1956/772 1652/1955/772 1654/1957/772
f 1655/1958/773 1656/1959/773 1657/1960/773
f 1657/1960/773 1656/1959/773 1658/1961/773
f 1652/1962/774 1659/1963/774 1654/484/774
f 1654/484/774 1659/1963/774 1660/1964/774
f 1649/1965/775 1655/1966/775 1650/1967/775
f 1650/1967/775 1655/1966/775 1657/455/775
f 1659/1968/776 1637/1969/776 1660/1970/776
f 1660/1970/776 1637/1969/776 1639/1971/776
f 1661/1972/777 1662/749/777 1663/1973/777
f 1663/1973/777 1662/749/777 1664/1974/777
f 1665/1975/778 1666/1976/779 1667/1977/780
f 1667/1977/779 1666/1976/779 1668/304/779
f 1669/1978/781 1670/1979/782 1634/1980/783
f 1634/1980/783 1670/1979/782 1636/1981/783
f 1669/1982/781 1671/1983/784 1670/1984/782
f 1670/1984/782 1671/1983/784 1672/355/785
f 1633/1985/763 1635/2/765 1609/1986/786
f 1609/1986/786 1635/2/765 1610/1987/786
f 1665/1988/778 1667/1989/780 1671/1990/784
f 1671/1990/784 1667/1989/780 1672/1991/785
f 1661/1992/787 1641/1993/787 1662/1994/787
f 1662/1994/787 1641/1993/787 1643/287/787
f 1673/1995/788 1674/1996/788 1647/1997/788
f 1647/1997/788 1674/1996/788 1648/1998/788
f 1673/1999/789 1603/2000/789 1674/2001/789
f 1674/2001/789 1603/2000/789 1604/2002/789
f 1675/2003/790 1676/1166/790 1666/2004/790
f 1666/2004/790 1676/1166/790 1668/2005/790
f 1675/2006/791 1663/2007/791 1676/2008/791
f 1676/2008/791 1663/2007/791 1664/1100/791
f 1677/2009/116 1678/2/116 1679/2010/116
f 1679/2010/116 1678/2/116 1680/2011/116
f 1677/2012/116 1681/2013/116 1678/2014/116
f 1678/2014/116 1681/2013/116 1682/771/116
f 1683/2015/117 1684/2016/117 1685/2017/117
f 1685/2017/117 1684/2016/117 1686/2018/117
f 1687/2019/117 1688/761/117 1683/2020/117
f 1683/2020/117 1688/761/117 1684/2021/117
f 1689/2022/117 1690/2002/117 1687/2023/117
f 1687/2023/117 1690/2002/117 1688/2024/117
f 1679/2025/116 1680/2026/116 1691/2012/116
f 1691/2012/116 1680/2026/116 1692/2027/116
f 1693/2028/116 1694/2029/116 1695/2030/116
f 1695/2030/116 1694/2029/116 1696/1166/116
f 1697/2031/117 1698/367/117 1699/2032/117
f 1699/2032/117 1698/367/117 1700/2033/117
f 1701/2034/117 1702/2035/117 1697/2036/117
f 1697/2036/117 1702/2035/117 1698/2037/117
f 1703/2038/117 1704/2039/117 1701/2040/117
f 1701/2040/117 1704/2039/117 1702/2041/117
f 1703/2042/117 1685/2043/117 1704/2044/117
f 1704/2044/117 1685/2043/117 1686/425/117
f 1691/2045/116 1692/749/116 1705/2046/116
f 1705/2046/116 1692/749/116 1706/2047/116
f 1689/2048/117 1707/2049/117 1690/2050/117
f 1690/2050/117 1707/2049/117 1708/603/117
f 1709/2051/117 1710/2052/117 1711/2053/117
f 1711/2053/117 1710/2052/117 1712/753/117
f 1713/2054/116 1714/2/116 1715/2055/116
f 1715/2055/116 1714/2/116 1716/2056/116
f 1717/806/116 1718/304/116 1713/2057/116
f 1713/2057/116 1718/304/116 1714/2058/116
f 1719/2059/116 1720/1166/116 1717/2060/116
f 1717/2060/116 1720/1166/116 1718/2061/116
f 1719/2062/116 1721/2063/116 1720/2064/116
f 1720/2064/116 1721/2063/116 1722/563/116
f 1709/621/117 1711/1065/117 1723/2065/117
f 1723/2065/117 1711/1065/117 1724/2066/117
f 1725/2067/116 1726/243/116 1721/2068/116
f 1721/2068/116 1726/243/116 1722/2069/116
f 1727/2070/116 1728/771/116 1725/2071/116
f 1725/2071/116 1728/771/116 1726/2072/116
f 1729/2073/116 1730/287/116 1727/2074/116
f 1727/2074/116 1730/287/116 1728/2075/116
f 1729/2076/116 1705/2077/116 1730/2078/116
f 1730/2078/116 1705/2077/116 1706/466/116
f 1731/2079/117 1732/2080/117 1707/2081/117
f 1707/2081/117 1732/2080/117 1708/2082/117
f 1723/2083/117 1724/832/117 1731/2084/117
f 1731/2084/117 1724/832/117 1732/2085/117
f 1693/2086/116 1695/243/116 1733/2087/116
f 1733/2087/116 1695/243/116 1734/2088/116
f 1735/2089/117 1736/2090/117 1737/2091/117
f 1737/2091/117 1736/2090/117 1738/1949/117
f 1739/2092/116 1740/2/116 1741/2093/116
f 1741/2093/116 1740/2/116 1742/2094/116
f 1743/2095/116 1744/1736/116 1739/2096/116
f 1739/2096/116 1744/1736/116 1740/2097/116
f 1745/2098/116 1746/9/116 1743/2099/116
f 1743/2099/116 1746/9/116 1744/2100/116
f 1745/2101/116 1747/2102/792 1746/2103/116
f 1746/2103/116 1747/2102/792 1748/2104/793
f 1735/2105/117 1737/2106/117 1749/2107/117
f 1749/2107/117 1737/2106/117 1750/2108/117
f 1751/2109/794 1752/2110/795 1753/2111/796
f 1753/2111/795 1752/2110/795 1754/2112/795
f 1751/2109/794 1753/2111/796 1755/2113/796
f 1755/2113/796 1753/2111/796 1756/2114/796
f 1757/2115/797 1758/2116/798 1747/2117/792
f 1747/2117/792 1758/2116/798 1748/2118/793
f 1759/2119/799 1760/1030/799 1757/2115/797
f 1757/2115/797 1760/1030/799 1758/2116/798
f 1761/2120/117 1762/753/117 1752/2121/117
f 1752/2121/117 1762/753/117 1754/2053/117
f 1749/2122/117 1750/535/117 1761/2123/117
f 1761/2123/117 1750/535/117 1762/2124/117
f 1763/2125/117 1764/2126/117 1736/2127/117
f 1736/2127/117 1764/2126/117 1738/2128/117
f 1765/2129/117 1766/775/117 1767/2130/117
f 1767/2130/117 1766/775/117 1768/2131/117
f 1769/2034/117 1770/207/117 1765/2132/117
f 1765/2132/117 1770/207/117 1766/2133/117
f 1771/2134/117 1772/421/117 1769/2135/117
f 1769/2135/117 1772/421/117 1770/2136/117
f 1771/2137/117 1699/2138/117 1772/417/117
f 1772/417/117 1699/2138/117 1700/1877/117
f 1773/2139/116 1774/651/116 1681/2140/116
f 1681/2140/116 1774/651/116 1682/2141/116
f 1733/2142/116 1734/355/116 1773/2143/116
f 1773/2143/116 1734/355/116 1774/2144/116
f 1775/2145/116 1741/2146/116 1776/2147/116
f 1776/2147/116 1741/2146/116 1742/451/116
f 1777/2148/117 1778/2149/117 1763/2150/117
f 1763/2150/117 1778/2149/117 1764/2151/117
f 1779/2152/117 1780/1929/117 1777/2153/117
f 1777/2153/117 1780/1929/117 1778/2154/117
f 1779/2155/117 1767/2156/117 1780/2157/117
f 1780/2157/117 1767/2156/117 1768/2158/117
f 1781/2159/116 1782/9/116 1694/2160/116
f 1694/2160/116 1782/9/116 1696/2161/116
f 1783/2162/116 1784/2/116 1781/2163/116
f 1781/2163/116 1784/2/116 1782/2164/116
f 1775/2165/116 1776/243/116 1783/2166/116
f 1783/2166/116 1776/243/116 1784/2167/116
f 1785/1212/364 1786/1213/364 1787/1214/364
f 1787/1214/364 1786/1213/364 1788/1215/364
f 1789/1216/365 1790/1217/365 1791/1218/365
f 1791/1218/365 1790/1217/365 1792/1219/365
f 1793/1220/366 1785/1221/366 1794/1222/366
f 1794/1222/366 1785/1221/366 1787/231/366
f 1790/1223/367 1795/1224/367 1792/1225/367
f 1792/1225/367 1795/1224/367 1796/1226/367
f 1797/1227/368 1793/1228/368 1798/1229/368
f 1798/1229/368 1793/1228/368 1794/1230/368
f 1795/1231/369 1799/1232/369 1796/1233/369
f 1796/1233/369 1799/1232/369 1800/1234/369
f 1801/1235/370 1797/1236/370 1802/1237/370
f 1802/1237/370 1797/1236/370 1798/1238/370
f 1803/1239/371 1789/1240/371 1804/1241/371
f 1804/1241/371 1789/1240/371 1791/1242/371
f 1805/1243/117 1806/1244/117 1807/1245/117
f 1807/1245/117 1806/1244/117 1808/1246/117
f 1809/1247/116 1810/1248/116 1811/1249/116
f 1811/1249/116 1810/1248/116 1812/1250/116
f 1813/1251/372 1814/1252/372 1806/1253/373
f 1806/1253/373 1814/1252/372 1808/1254/373
f 1813/1255/372 1815/1256/374 1814/1257/372
f 1814/1257/374 1815/1256/374 1816/1258/374
f 1786/1259/375 1817/1260/375 1788/1261/375
f 1788/1261/375 1817/1260/375 1818/1262/375
f 1815/1263/376 1803/1264/376 1816/1265/376
f 1816/1265/376 1803/1264/376 1804/1266/376
f 1819/1267/377 1811/1268/377 1820/1269/377
f 1820/1269/377 1811/1268/377 1812/231/377
f 1819/1270/377 1820/1271/377 1817/1272/377
f 1817/1272/377 1820/1271/377 1818/1273/377
f 1799/1274/378 1821/1275/378 1800/1276/378
f 1800/1276/378 1821/1275/378 1822/1277/378
f 1823/1278/379 1824/1279/380 1825/1280/379
f 1825/1280/379 1824/1279/380 1826/2/380
f 1823/1278/379 1825/1280/379 1827/1281/379
f 1827/1281/379 1825/1280/379 1828/10/379
f 1829/1282/381 1830/211/381 1831/1283/382
f 1831/1283/382 1830/211/381 1832/1284/382
f 1829/1285/381 1833/1286/381 1830/1287/381
f 1830/1287/381 1833/1286/381 1834/1277/381
f 1835/1288/383 1831/569/382 1836/1289/383
f 1836/1289/383 1831/569/382 1832/9/382
f 1837/1290/384 1838/1166/384 1824/1291/380
f 1824/1291/380 1838/1166/384 1826/1292/380
f 1839/1293/385 1840/1294/385 1841/1295/385
f 1841/1295/385 1840/1294/385 1842/1296/385
f 1843/1297/386 1801/1298/386 1844/1299/386
f 1844/1299/386 1801/1298/386 1802/1300/386
f 1821/1301/387 1845/1302/387 1822/160/387
f 1822/160/387 1845/1302/387 1846/1303/387
f 1847/1304/388 1843/1305/388 1848/1306/388
f 1848/1306/388 1843/1305/388 1844/1307/388
f 1845/1308/389 1849/1309/389 1846/1310/389
f 1846/1310/389 1849/1309/389 1850/1311/389
f 1839/1294/385 1841/1312/385 1833/1293/385
f 1833/1293/385 1841/1312/385 1834/160/385
f 1851/1313/390 1827/1314/390 1852/1315/390
f 1852/1315/390 1827/1314/390 1828/1316/390
f 1851/1317/390 1852/1318/390 1849/1319/390
f 1849/1319/390 1852/1318/390 1850/1320/390
f 1840/1321/391 1847/1322/391 1842/323/391
f 1842/323/391 1847/1322/391 1848/1323/391
f 2087/1865/739 2088/1866/739 2089/1867/739
f 2089/1867/739 2088/1866/739 2090/1166/739
f 2091/1868/740 2092/1869/740 2093/1870/740
f 2093/1870/740 2092/1869/740 2094/1871/740
f 2095/1872/741 2096/1873/741 2097/1874/741
f 2097/1874/741 2096/1873/741 2098/1875/741
f 2099/1876/742 2100/1877/742 2101/1878/742
f 2101/1878/742 2100/1877/742 2102/1879/742
f 2087/1880/743 2089/343/743 2096/1881/743
f 2096/1881/743 2089/343/743 2098/1882/743
f 2103/1883/284 2104/355/284 2105/1884/284
f 2105/1884/284 2104/355/284 2106/1885/284
f 2103/1886/284 2107/1887/284 2104/1888/284
f 2104/1888/284 2107/1887/284 2108/563/284
f 2109/1889/744 2110/267/744 2111/1890/744
f 2111/1890/744 2110/267/744 2112/1891/744
f 2109/1892/745 2093/1893/745 2110/1894/745
f 2110/1894/745 2093/1893/745 2094/1845/745
f 2099/1895/742 2113/1896/746 2100/1897/742
f 2100/1897/742 2113/1896/746 2114/1898/747
f 2115/1899/748 2116/1900/748 2117/1901/748
f 2117/1901/748 2116/1900/748 2118/1902/748
f 2119/1903/749 2105/1904/749 2120/1905/749
f 2120/1905/749 2105/1904/749 2106/1875/749
f 2116/1906/750 2111/1907/750 2118/1908/750
f 2118/1908/750 2111/1907/750 2112/1909/750
f 2088/1910/751 2119/1911/751 2090/1912/751
f 2090/1912/751 2119/1911/751 2120/1166/751
f 2121/1913/752 2115/1914/753 2122/1915/754
f 2122/1915/753 2115/1914/753 2117/914/753
f 2123/1916/755 2124/1917/756 2113/1918/746
f 2113/1918/746 2124/1917/756 2114/271/747
f 2123/1919/755 2125/1920/757 2124/1921/756
f 2124/1921/757 2125/1920/757 2126/1898/757
f 2127/1922/758 2128/1923/759 2125/1924/760
f 2125/1924/760 2128/1923/759 2126/1761/760
f 2127/1925/758 2129/1926/761 2128/1927/759
f 2128/1927/761 2129/1926/761 2130/1877/761
f 2121/1928/752 2122/1929/754 2129/1930/762
f 2129/1930/762 2122/1929/754 2130/1931/762
f 2131/1932/763 2132/1933/764 2133/1934/765
f 2133/1934/766 2132/1933/766 2134/9/766
f 2135/1935/767 2136/1936/767 2137/1937/767
f 2137/1937/767 2136/1936/767 2138/561/767
f 2139/1938/768 2140/1939/768 2141/1940/768
f 2141/1940/768 2140/1939/768 2142/1941/768
f 2143/1942/769 2144/1943/769 2136/1944/769
f 2136/1944/769 2144/1943/769 2138/1945/769
f 2143/1946/770 2145/1947/770 2144/1948/770
f 2144/1948/770 2145/1947/770 2146/1949/770
f 2140/1950/771 2147/1951/771 2142/1952/771
f 2142/1952/771 2147/1951/771 2148/1953/771
f 2149/1954/772 2150/1955/772 2151/1956/772
f 2151/1956/772 2150/1955/772 2152/1957/772
f 2153/1958/773 2154/1959/773 2155/1960/773
f 2155/1960/773 2154/1959/773 2156/1961/773
f 2150/1962/774 2157/1963/774 2152/484/774
f 2152/484/774 2157/1963/774 2158/1964/774
f 2147/1965/775 2153/1966/775 2148/1967/775
f 2148/1967/775 2153/1966/775 2155/455/775
f 2157/1968/776 2135/1969/776 2158/1970/776
f 2158/1970/776 2135/1969/776 2137/1971/776
f 2159/1972/777 2160/749/777 2161/1973/777
f 2161/1973/777 2160/749/777 2162/1974/777
f 2163/1975/778 2164/1976/779 2165/1977/780
f 2165/1977/779 2164/1976/779 2166/304/779
f 2167/1978/781 2168/1979/782 2132/1980/783
f 2132/1980/783 2168/1979/782 2134/1981/783
f 2167/1982/781 2169/1983/784 2168/1984/782
f 2168/1984/782 2169/1983/784 2170/355/785
f 2131/1985/763 2133/2/765 2107/1986/786
f 2107/1986/786 2133/2/765 2108/1987/786
f 2163/1988/778 2165/1989/780 2169/1990/784
f 2169/1990/784 2165/1989/780 2170/1991/785
f 2159/1992/787 2139/1993/787 2160/1994/787
f 2160/1994/787 2139/1993/787 2141/287/787
f 2171/1995/788 2172/1996/788 2145/1997/788
f 2145/1997/788 2172/1996/788 2146/1998/788
f 2171/1999/789 2101/2000/789 2172/2001/789
f 2172/2001/789 2101/2000/789 2102/2002/789
f 2173/2003/790 2174/1166/790 2164/2004/790
f 2164/2004/790 2174/1166/790 2166/2005/790
f 2173/2006/791 2161/2007/791 2174/2008/791
f 2174/2008/791 2161/2007/791 2162/1100/791
f 2175/2384/917 2176/520/917 2177/2385/917
f 2177/2385/917 2176/520/917 2178/563/917
f 2179/2386/918 2180/2387/918 2181/2388/918
f 2181/2388/918 2180/2387/918 2182/2389/918
f 2176/2390/919 2183/2391/919 2178/2392/919
f 2178/2392/919 2183/2391/919 2184/355/919
f 2185/2393/920 2179/2394/920 2186/2395/920
f 2186/2395/920 2179/2394/920 2181/2396/920
f 2187/2397/921 2188/2398/921 2189/2399/921
f 2189/2399/921 2188/2398/921 2190/2400/921
f 2191/2401/922 2192/800/922 2193/2402/922
f 2193/2402/922 2192/800/922 2194/1979/922
f 2195/2403/923 2187/2404/923 2196/2405/923
f 2196/2405/923 2187/2404/923 2189/316/923
f 2180/2406/924 2197/2407/924 2182/2408/924
f 2182/2408/924 2197/2407/924 2198/2409/924
f 2199/2410/925 2200/2411/926 2201/2412/927
f 2201/2412/926 2200/2411/926 2202/1941/926
f 2200/2413/928 2203/2414/928 2202/2415/928
f 2202/2415/928 2203/2414/928 2204/1030/928
f 2205/2416/929 2199/2417/925 2206/2418/929
f 2206/2418/929 2199/2417/925 2201/455/927
f 2207/2419/930 2208/2420/931 2209/2421/932
f 2209/2421/932 2208/2420/931 2210/2422/931
f 2211/2423/933 2207/2424/933 2212/2425/933
f 2212/2425/933 2207/2424/930 2209/2426/932
f 2197/2427/934 2211/2428/934 2198/2429/934
f 2198/2429/934 2211/2428/934 2212/2430/934
f 2203/2431/935 2175/2432/935 2204/2433/935
f 2204/2433/935 2175/2432/935 2177/279/935
f 2183/2434/936 2213/707/936 2184/2435/936
f 2184/2435/936 2213/707/936 2214/932/936
f 2215/2436/937 2216/707/937 2217/2437/937
f 2217/2437/937 2216/707/937 2218/932/937
f 2219/2438/938 2220/2439/938 2221/2440/938
f 2221/2440/938 2220/2439/938 2222/1296/938
f 2216/2441/939 2223/527/939 2218/2442/939
f 2218/2442/939 2223/527/939 2224/287/939
f 2225/2443/940 2219/2444/940 2226/585/940
f 2226/585/940 2219/2444/940 2221/2445/940
f 2223/2446/941 2227/686/941 2224/2447/941
f 2224/2447/941 2227/686/941 2228/320/941
f 2188/2448/942 2225/2449/942 2190/2450/942
f 2190/2450/942 2225/2449/942 2226/2451/942
f 2227/2452/943 2191/527/943 2228/2453/943
f 2228/2453/943 2191/527/943 2193/243/943
f 2220/2454/944 2229/2455/944 2222/2456/944
f 2222/2456/944 2229/2455/944 2230/2457/944
f 2231/2458/945 2185/2459/945 2232/2460/945
f 2232/2460/945 2185/2459/945 2186/2461/945
f 2213/2462/946 2233/2463/946 2214/2464/946
f 2214/2464/946 2233/2463/946 2234/1941/946
f 2235/2465/947 2231/2466/947 2236/2467/947
f 2236/2467/947 2231/2466/947 2232/2468/947
f 2233/2469/948 2237/640/948 2234/2470/948
f 2234/2470/948 2237/640/948 2238/436/948
f 2239/2471/949 2215/2472/949 2240/2473/949
f 2240/2473/949 2215/2472/949 2217/2026/949
f 2229/711/950 2241/2474/950 2230/713/950
f 2230/713/950 2241/2474/950 2242/2475/950
f 2237/2476/951 2239/686/951 2238/2477/951
f 2238/2477/951 2239/686/951 2240/320/951
f 2241/2478/952 2235/2479/952 2242/2480/952
f 2242/2480/952 2235/2479/952 2236/1807/952
f 2243/620/953 2244/1855/953 2245/2481/953
f 2245/2481/953 2244/1855/953 2246/2482/953
f 2247/2483/954 2248/2484/954 2249/2485/954
f 2249/2485/954 2248/2484/954 2250/287/954
f 2251/2486/955 2243/2487/955 2252/2488/955
f 2252/2488/955 2243/2487/955 2245/1807/955
f 2248/2489/956 2253/2490/956 2250/2491/956
f 2250/2491/956 2253/2490/956 2254/651/956
f 2255/2492/117 2256/2493/117 2257/2494/117
f 2257/2494/117 2256/2493/117 2258/2495/117
f 2259/2496/116 2260/1736/116 2253/2497/116
f 2253/2497/116 2260/1736/116 2254/2498/116
f 2259/2499/116 2261/2500/116 2260/2501/116
f 2260/2501/116 2261/2500/116 2262/2502/116
f 2256/2503/957 2251/2504/957 2258/2505/957
f 2258/2505/957 2251/2504/957 2252/2506/957
f 2263/2507/958 2247/747/958 2264/2508/958
f 2264/2508/958 2247/747/958 2249/749/958
f 2265/2509/959 2266/806/959 2267/2510/959
f 2267/2510/959 2266/806/959 2268/355/959
f 2269/2511/960 2270/2512/960 2271/1790/960
f 2271/1790/960 2270/2512/960 2272/2513/960
f 2273/2514/961 2265/527/961 2274/2515/961
f 2274/2515/961 2265/527/961 2267/243/961
f 2275/2516/962 2273/686/962 2276/2517/962
f 2276/2517/962 2273/686/962 2274/343/962
f 2277/2518/963 2269/2519/963 2278/2520/963
f 2278/2520/964 2269/2519/964 2271/2521/964
f 2244/2522/965 2279/523/965 2246/2523/965
f 2246/2523/965 2279/523/965 2280/525/965
f 2281/2524/966 2263/686/966 2282/2525/966
f 2282/2525/966 2263/686/966 2264/343/966
f 2279/2526/967 2277/2527/967 2280/2528/967
f 2280/2528/967 2277/2527/967 2278/2529/967
f 2266/2530/968 2281/800/968 2268/2531/968
f 2268/2531/968 2281/800/968 2282/651/968
f 2255/2532/117 2257/2533/117 2283/2534/117
f 2283/2534/117 2257/2533/117 2284/2535/117
f 2285/2536/116 2286/1736/116 2287/2537/116
f 2287/2537/116 2286/1736/116 2288/2538/116
f 2285/2539/116 2289/2540/116 2286/2541/116
f 2286/2541/116 2289/2540/116 2290/932/116
f 2291/2542/117 2292/2543/117 2293/2544/117
f 2293/2544/117 2292/2543/117 2294/2545/117
f 2291/2546/117 2295/2547/117 2292/2548/117
f 2292/2548/117 2295/2547/117 2296/2533/117
f 2297/2549/117 2293/2550/117 2298/2551/117
f 2298/2551/117 2293/2550/117 2294/2552/117
f 2270/2553/969 2299/2554/969 2272/2555/969
f 2272/2555/969 2299/2554/969 2300/215/969
f 2299/2556/970 2301/2527/970 2300/2557/970
f 2300/2557/970 2301/2527/970 2302/2558/970
f 2303/2559/971 2275/806/971 2304/2560/971
f 2304/2560/971 2275/806/971 2276/304/971
f 2297/2561/117 2298/2562/117 2305/2563/117
f 2305/2563/117 2298/2562/117 2306/2564/117
f 2307/2565/116 2308/320/116 2309/2566/116
f 2309/2566/116 2308/320/116 2310/2567/116
f 2311/2568/117 2312/2569/117 2313/2570/117
f 2313/2570/117 2312/2569/117 2314/2571/117
f 2311/2570/117 2283/2568/117 2312/2572/117
f 2312/2572/117 2283/2568/117 2284/2569/117
f 2315/2573/116 2316/2026/116 2261/2574/116
f 2261/2574/116 2316/2026/116 2262/2575/116
f 2315/2576/116 2317/2577/116 2316/2578/116
f 2316/2578/116 2317/2577/116 2318/455/116
f 2319/2579/116 2309/2580/116 2320/2581/116
f 2320/2581/116 2309/2580/116 2310/651/116
f 2307/2582/116 2287/2583/116 2308/2584/116
f 2308/2584/116 2287/2583/116 2288/563/116
f 2321/2585/117 2322/269/117 2295/2586/117
f 2295/2586/117 2322/269/117 2296/2587/117
f 2321/2588/117 2313/2589/117 2322/2590/117
f 2322/2590/117 2313/2589/117 2314/2591/117
f 2319/2592/116 2320/2593/116 2317/2594/116
f 2317/2594/116 2320/2593/116 2318/2595/116
f 2323/2009/116 2324/2/116 2325/2010/116
f 2325/2010/116 2324/2/116 2326/2011/116
f 2323/2012/116 2327/2013/116 2324/2014/116
f 2324/2014/116 2327/2013/116 2328/771/116
f 2329/2015/117 2330/2016/117 2331/2017/117
f 2331/2017/117 2330/2016/117 2332/2018/117
f 2333/2019/117 2334/761/117 2329/2020/117
f 2329/2020/117 2334/761/117 2330/2021/117
f 2335/2022/117 2336/2002/117 2333/2023/117
f 2333/2023/117 2336/2002/117 2334/2024/117
f 2325/2025/116 2326/2026/116 2337/2012/116
f 2337/2012/116 2326/2026/116 2338/2027/116
f 2339/2028/116 2340/2029/116 2341/2030/116
f 2341/2030/116 2340/2029/116 2342/1166/116
f 2343/2031/117 2344/367/117 2345/2032/117
f 2345/2032/117 2344/367/117 2346/2033/117
f 2347/2034/117 2348/2035/117 2343/2036/117
f 2343/2036/117 2348/2035/117 2344/2037/117
f 2349/2038/117 2350/2039/117 2347/2040/117
f 2347/2040/117 2350/2039/117 2348/2041/117
f 2349/2042/117 2331/2043/117 2350/2044/117
f 2350/2044/117 2331/2043/117 2332/425/117
f 2337/2045/116 2338/749/116 2351/2046/116
f 2351/2046/116 2338/749/116 2352/2047/116
f 2335/2048/117 2353/2049/117 2336/2050/117
f 2336/2050/117 2353/2049/117 2354/603/117
f 2355/2051/117 2356/2052/117 2357/2053/117
f 2357/2053/117 2356/2052/117 2358/753/117
f 2359/2054/116 2360/2/116 2361/2055/116
f 2361/2055/116 2360/2/116 2362/2056/116
f 2363/806/116 2364/304/116 2359/2057/116
f 2359/2057/116 2364/304/116 2360/2058/116
f 2365/2059/116 2366/1166/116 2363/2060/116
f 2363/2060/116 2366/1166/116 2364/2061/116
f 2365/2062/116 2367/2063/116 2366/2064/116
f 2366/2064/116 2367/2063/116 2368/563/116
f 2355/621/117 2357/1065/117 2369/2065/117
f 2369/2065/117 2357/1065/117 2370/2066/117
f 2371/2067/116 2372/243/116 2367/2068/116
f 2367/2068/116 2372/243/116 2368/2069/116
f 2373/2070/116 2374/771/116 2371/2071/116
f 2371/2071/116 2374/771/116 2372/2072/116
f 2375/2073/116 2376/287/116 2373/2074/116
f 2373/2074/116 2376/287/116 2374/2075/116
f 2375/2076/116 2351/2077/116 2376/2078/116
f 2376/2078/116 2351/2077/116 2352/466/116
f 2377/2079/117 2378/2080/117 2353/2081/117
f 2353/2081/117 2378/2080/117 2354/2082/117
f 2369/2083/117 2370/832/117 2377/2084/117
f 2377/2084/117 2370/832/117 2378/2085/117
f 2339/2086/116 2341/243/116 2379/2087/116
f 2379/2087/116 2341/243/116 2380/2088/116
f 2381/2089/117 2382/2090/117 2383/2091/117
f 2383/2091/117 2382/2090/117 2384/1949/117
f 2385/2092/116 2386/2/116 2387/2093/116
f 2387/2093/116 2386/2/116 2388/2094/116
f 2389/2095/116 2390/1736/116 2385/2096/116
f 2385/2096/116 2390/1736/116 2386/2097/116
f 2391/2098/116 2392/9/116 2389/2099/116
f 2389/2099/116 2392/9/116 2390/2100/116
f 2391/2101/116 2393/2102/792 2392/2103/116
f 2392/2103/116 2393/2102/792 2394/2104/793
f 2381/2105/117 2383/2106/117 2395/2107/117
f 2395/2107/117 2383/2106/117 2396/2108/117
f 2397/2109/794 2398/2110/795 2399/2111/796
f 2399/2111/795 2398/2110/795 2400/2112/795
f 2397/2109/794 2399/2111/796 2401/2113/796
f 2401/2113/796 2399/2111/796 2402/2114/796
f 2403/2115/797 2404/2116/798 2393/2117/792
f 2393/2117/792 2404/2116/798 2394/2118/793
f 2405/2119/799 2406/1030/799 2403/2115/797
f 2403/2115/797 2406/1030/799 2404/2116/798
f 2407/2120/117 2408/753/117 2398/2121/117
f 2398/2121/117 2408/753/117 2400/2053/117
f 2395/2122/117 2396/535/117 2407/2123/117
f 2407/2123/117 2396/535/117 2408/2124/117
f 2409/2125/117 2410/2126/117 2382/2127/117
f 2382/2127/117 2410/2126/117 2384/2128/117
f 2411/2129/117 2412/775/117 2413/2130/117
f 2413/2130/117 2412/775/117 2414/2131/117
f 2415/2034/117 2416/207/117 2411/2132/117
f 2411/2132/117 2416/207/117 2412/2133/117
f 2417/2134/117 2418/421/117 2415/2135/117
f 2415/2135/117 2418/421/117 2416/2136/117
f 2417/2137/117 2345/2138/117 2418/417/117
f 2418/417/117 2345/2138/117 2346/1877/117
f 2419/2139/116 2420/651/116 2327/2140/116
f 2327/2140/116 2420/651/116 2328/2141/116
f 2379/2142/116 2380/355/116 2419/2143/116
f 2419/2143/116 2380/355/116 2420/2144/116
f 2421/2145/116 2387/2146/116 2422/2147/116
f 2422/2147/116 2387/2146/116 2388/451/116
f 2423/2148/117 2424/2149/117 2409/2150/117
f 2409/2150/117 2424/2149/117 2410/2151/117
f 2425/2152/117 2426/1929/117 2423/2153/117
f 2423/2153/117 2426/1929/117 2424/2154/117
f 2425/2155/117 2413/2156/117 2426/2157/117
f 2426/2157/117 2413/2156/117 2414/2158/117
f 2427/2159/116 2428/9/116 2340/2160/116
f 2340/2160/116 2428/9/116 2342/2161/116
f 2429/2162/116 2430/2/116 2427/2163/116
f 2427/2163/116 2430/2/116 2428/2164/116
f 2421/2165/116 2422/243/116 2429/2166/116
f 2429/2166/116 2422/243/116 2430/2167/116
usemtl Material__993
f 811/1324/392 812/1325/393 813/1326/394
f 814/1327/395 812/1325/393 815/1328/396
f 816/1329/397 812/1325/393 814/1327/395
f 811/1324/392 817/1330/398 812/1325/393
f 813/1326/394 816/1329/397 818/1331/399
f 813/1326/394 812/1325/393 816/1329/397
f 811/1324/392 813/1326/394 819/1332/400
f 816/1329/397 814/1327/395 820/1333/401
usemtl Material__970
f 1073/1752/68 1074/1753/68 1075/1754/68
f 1075/1754/68 1074/1753/68 1076/1755/68
usemtl Material__985
f 1865/2168/163 1866/2169/163 1867/2170/163
f 1867/2170/163 1866/2169/163 1868/2171/163
f 1869/2172/163 1870/2173/163 1871/2174/800
f 1871/2174/800 1870/2173/163 1872/2171/800
f 1873/2175/163 1874/2171/163 1875/2176/163
f 1875/2176/163 1874/2171/163 1876/2169/163
f 1877/2177/801 1878/2169/801 1879/2178/163
f 1879/2178/163 1878/2169/801 1880/2171/163
usemtl Material__983
f 809/2644/163 810/2645/163 1882/2646/163 1881/2647/163
usemtl Material__981
f 2435/176/163 2464/2596/163 2469/2597/163 1865/2598/163
f 1865/2598/163 2469/2597/163 1866/2599/163
f 1875/176/163 1876/2600/163 2438/2601/163 2440/2598/163
f 2440/2598/163 2438/2601/163 2462/2602/163 2463/2603/163
f 2438/2601/163 1876/2600/163 1879/2634/163 2462/2602/163
f 2462/2602/163 1879/2634/163 1880/2635/163 2465/2636/163
f 2463/2603/163 2462/2602/163 2465/2636/163 2466/2637/163
f 2465/2636/163 1880/2635/163 2439/2169/163
f 2466/2637/163 2465/2636/163 2439/2169/163 2441/2171/163
f 2467/2638/163 2468/2639/163 2436/2169/163
f 1870/2640/163 2467/2638/163 2436/2169/163 2437/2171/163
f 2470/2641/163 2471/2642/163 2468/2639/163 2467/2638/163
f 1869/2643/163 2470/2641/163 2467/2638/163 1870/2640/163
f 2469/2597/163 2464/2596/163 2471/2642/163 2470/2641/163
f 1866/2599/163 2469/2597/163 2470/2641/163 1869/2643/163
usemtl Material.001
f 2451/2616/977 2450/2617/977 2453/2618/978 2452/2619/979
usemtl Material.002
f 2432/2620/980 2431/2621/980 2434/2622/981 2433/2623/982
usemtl Material.003
f 1858/2624/983 1857/2625/983 1860/2614/983 1859/2626/984
usemtl Material.004
f 1854/2624/985 1853/2625/985 1856/2614/986 1855/2626/987
usemtl Material.005
f 1862/2627/988 1861/2628/988 1864/2629/989 1863/2630/990
usemtl Material.006
f 2447/2604/991 2446/2631/991 2449/2632/991 2448/2633/992
usemtl Material.007
f 806/2604/993 805/2605/993 808/2614/993 807/2626/994
usemtl Material.008
f 2443/2604/972 2442/2605/972 2445/2606/972 2444/2607/973
usemtl Material.010
f 2459/2612/975 2458/2613/975 2461/2614/975 2460/2615/976
usemtl Material.011
f 2455/2608/974 2454/2609/974 2457/2610/974 2456/2611/974
