# File generated by ImageToStl.com - Free Image and 3D model conversion tools

mtllib bottle_of_water.mtl

o obj1
v 1.91367641 0.16137298 1.32602591
v 1.92457566 0.16158996 1.28978486
v 1.92367125 0.08700228 1.28879796
v 1.91277066 0.08678193 1.32503479
v 2.06541541 0.15817256 1.50269081
v 2.02786605 0.15860868 1.49865083
v 2.02695156 0.08399436 1.49762834
v 2.06449979 0.08355612 1.50166513
v 2.14807621 0.15970351 1.22752555
v 2.17613698 0.15915775 1.25291378
v 2.17523131 0.0845667 1.25192259
v 2.1471715 0.08511594 1.22653833
v 1.94412183 0.1617133 1.25742335
v 1.94321817 0.08709358 1.2564394
v 1.9924723 0.15910069 1.48536265
v 1.99155909 0.08448939 1.48434444
v 2.19703839 0.15863746 1.28450074
v 2.19613167 0.08404297 1.28350504
v 1.97108694 0.16177616 1.23097305
v 1.97018249 0.08704754 1.22998987
v 1.96145893 0.15962049 1.46366452
v 1.96054713 0.08501355 1.46265168
v 2.20946834 0.15817856 1.32030446
v 2.20855983 0.08357933 1.31930315
v 2.00377233 0.16148354 1.21208972
v 2.00286925 0.08686637 1.21110888
v 1.93677559 0.16013791 1.43492344
v 1.93586544 0.08553481 1.43391636
v 2.21264543 0.15780954 1.35807574
v 2.21173535 0.08320639 1.3570686
v 2.04012695 0.16114288 1.20196206
v 2.03922418 0.08655954 1.20098153
v 1.9199737 0.16062196 1.40094748
v 1.91906519 0.08602276 1.39994617
v 2.20637062 0.15755341 1.39544093
v 2.20545882 0.08294642 1.39442809
v 2.16760846 0.15757144 1.45972561
v 2.13755225 0.15759747 1.48259619
v 2.13663663 0.08294724 1.48157052
v 2.16669213 0.0828149 1.45870124
v 2.07786625 0.16073049 1.20122613
v 2.07696326 0.08614632 1.20024459
v 1.91210964 0.16104231 1.36387229
v 1.91120254 0.08644783 1.36287635
v 2.19103712 0.1574555 1.4300501
v 2.19012329 0.08281347 1.42903127
v 2.10275958 0.15781711 1.49722499
v 2.10184366 0.08319975 1.49619838
v 2.11461892 0.16024051 1.20992873
v 2.11371518 0.08565459 1.20894485
v 1.91686174 0.1610918 1.3265694
v 1.92414158 0.07633133 1.32688329
v 1.93419841 0.07653446 1.29345052
v 1.9275269 0.16130428 1.2911062
v 2.06534284 0.15796062 1.49944135
v 2.06412898 0.07335458 1.48984511
v 2.02948641 0.07375919 1.48612064
v 2.02859957 0.15838704 1.49548794
v 2.1462292 0.15945835 1.23018351
v 2.14040323 0.07479401 1.23600899
v 2.16629163 0.07428752 1.25942897
v 2.17368741 0.15892412 1.2550264
v 1.95223271 0.07661863 1.26359603
v 1.94665343 0.16142469 1.25943937
v 1.99683279 0.07421652 1.47386478
v 1.99396602 0.1588689 1.48248534
v 2.18557427 0.07380407 1.28856704
v 2.19414006 0.1584151 1.2859354
v 1.97711036 0.07657643 1.23919339
v 1.97303968 0.1614862 1.23355704
v 1.96822085 0.07469915 1.45385071
v 1.96361833 0.15937695 1.46125301
v 2.19704064 0.0733768 1.32159486
v 2.20630315 0.15796597 1.32097046
v 2.0072675 0.07640881 1.22177329
v 2.00502307 0.1612 1.21507905
v 1.94544881 0.07518111 1.42733875
v 1.93946491 0.15988375 1.43312893
v 2.19997055 0.07303288 1.35643787
v 2.2094122 0.15760532 1.3579309
v 2.04080933 0.07612574 1.21242993
v 2.04059723 0.16086684 1.20516884
v 1.92994848 0.07563115 1.39599727
v 1.92302351 0.16035691 1.39988226
v 2.19417969 0.07279195 1.39090636
v 2.20327173 0.15735424 1.39449362
v 2.16534214 0.1573721 1.45739857
v 2.1584134 0.07267102 1.45020609
v 2.1306833 0.07279283 1.47130522
v 2.13593115 0.15739775 1.47977813
v 2.0756277 0.07574495 1.21174966
v 2.07752636 0.16046341 1.20444857
v 1.9226942 0.0760228 1.36179595
v 1.91532814 0.16076829 1.36360297
v 2.18003123 0.07267025 1.42283205
v 2.18826738 0.15725833 1.42835969
v 2.09858283 0.07302636 1.48480103
v 2.10188532 0.15761187 1.4940928
v 2.10953578 0.0752909 1.2197769
v 2.11349011 0.15998358 1.21296429
v 2.2094122 0.15760532 1.3579309
v 2.20327173 0.15735424 1.39449362
v 2.20845793 0.07494283 1.31919897
v 2.19602978 0.07540598 1.28340085
v 1.91532814 0.16076829 1.36360297
v 1.91686174 0.1610918 1.3265694
v 2.0549945 0.07089823 1.34547166
v 2.0563912 0.07089565 1.344102
v 2.18826738 0.15725833 1.42835969
v 1.9275269 0.16130428 1.2911062
v 1.93576324 0.07689787 1.43381186
v 1.96044523 0.07637612 1.4625475
v 2.16534214 0.1573721 1.45739857
v 1.94665343 0.16142469 1.25943937
v 2.17512941 0.07592976 1.2518184
v 2.19694457 0.06523319 1.32149663
v 2.19987448 0.06488922 1.35633965
v 2.06889576 0.0702398 1.35067773
v 2.06873143 0.07025878 1.34872204
v 1.97303968 0.1614862 1.23355704
v 1.94535274 0.0670374 1.42724052
v 1.92985241 0.06748749 1.39589904
v 2.0537383 0.07038531 1.35289838
v 2.05460858 0.0703604 1.35465791
v 1.99145688 0.07585289 1.48423994
v 2.00502307 0.1612 1.21507905
v 2.14706991 0.07647894 1.22643445
v 2.13593115 0.15739775 1.47977813
v 2.05398255 0.07089351 1.34714777
v 2.04059723 0.16086684 1.20516884
v 2.18547821 0.0656604 1.28846881
v 2.0680874 0.07028347 1.34686772
v 2.10188532 0.15761187 1.4940928
v 2.02684966 0.07535742 1.49752416
v 2.07752636 0.16046341 1.20444857
v 2.11361328 0.07701759 1.20884066
v 2.06534284 0.15796062 1.49944135
v 2.06778193 0.07067678 1.35441025
v 2.06656822 0.07067645 1.35594661
v 2.11349011 0.15998358 1.21296429
v 1.96812448 0.06655587 1.45375217
v 2.05588658 0.07033351 1.35614579
v 2.02859957 0.15838704 1.49548794
v 2.0643979 0.07491913 1.50156094
v 2.1462292 0.15945835 1.23018351
v 2.07686137 0.07750933 1.2001404
v 1.99396602 0.1588689 1.48248534
v 2.05341783 0.07088232 1.34902442
v 2.17368741 0.15892412 1.2550264
v 2.16619557 0.06614385 1.25933074
v 2.06700535 0.07031025 1.34523241
v 1.96361833 0.15937695 1.46125301
v 2.10174177 0.07456276 1.49609419
v 2.19414006 0.1584151 1.2859354
v 2.03912228 0.07792254 1.20087735
v 1.93946491 0.15988375 1.43312893
v 2.06857602 0.07068331 1.3526181
v 2.20630315 0.15796597 1.32097046
v 1.99673642 0.0660728 1.47376624
v 2.05749263 0.07030624 1.35726925
v 1.92302351 0.16035691 1.39988226
v 2.13653474 0.07431025 1.48146633
v 2.00276736 0.07822937 1.21100469
v 2.05333674 0.07086487 1.35098436
v 2.16659023 0.07417796 1.45859705
v 2.15831734 0.06452741 1.45010787
v 2.17993517 0.06452659 1.42273383
v 2.1900214 0.07417692 1.42892708
v 1.94311658 0.07845664 1.25633552
v 1.95213665 0.0684754 1.26349781
v 1.93410235 0.06839074 1.29335229
v 1.92356936 0.07836528 1.28869377
v 1.9700806 0.0784106 1.22988568
v 1.9770143 0.06843326 1.23909517
v 2.00717144 0.06826563 1.22167506
v 2.13058724 0.06464961 1.471207
v 2.04071326 0.06798246 1.2123317
v 2.09848707 0.06488318 1.48470312
v 2.07553164 0.06760177 1.21165143
v 2.06403261 0.06521136 1.48974657
v 2.10944002 0.06714773 1.21967898
v 2.02939004 0.06561558 1.4860221
v 2.14030717 0.06665029 1.23591076
v 1.91896329 0.0773862 1.39984198
v 2.21163315 0.07456939 1.35696409
v 1.91110033 0.07781083 1.36277185
v 1.92259814 0.06787914 1.36169772
v 2.20535662 0.07430898 1.39432359
v 2.19408363 0.06464873 1.39080814
v 1.91266876 0.07814493 1.3249306
v 1.92404521 0.06818767 1.32678475
v 2.06555214 0.07033845 1.34391773
v 2.06890128 0.0706967 1.35068338
v 2.05932584 0.07028029 1.35795749
v 2.05374382 0.07084265 1.35290403
v 2.06381942 0.07036682 1.34300657
v 2.06873664 0.07071612 1.34872738
v 2.06127047 0.07025785 1.35816653
v 2.0546138 0.07081724 1.35466324
v 2.06191597 0.07039206 1.34255587
v 2.06809292 0.07074037 1.34687337
v 2.06320466 0.07023936 1.35788354
v 2.05589211 0.07079041 1.35615143
v 2.05996145 0.07041335 1.34259411
v 2.05333122 0.07040797 1.35097871
v 2.0685705 0.07022641 1.35261245
v 2.0580841 0.07088616 1.34312419
v 2.05341231 0.07042498 1.34901877
v 2.06501169 0.07068364 1.35713119
v 2.0677764 0.07021944 1.3544046
v 2.05996667 0.07087025 1.34259944
v 2.05397702 0.07043617 1.34714212
v 2.06320988 0.0706962 1.35788887
v 2.0665633 0.07021917 1.35594159
v 2.06192149 0.07084901 1.34256152
v 2.05498928 0.07044133 1.34546632
v 2.06127569 0.07071519 1.35817186
v 2.06382463 0.07082372 1.3430119
v 2.05638568 0.07043875 1.34409635
v 2.05933137 0.07073757 1.35796313
v 2.06555736 0.07079579 1.34392306
v 2.05807858 0.07042926 1.34311855
v 2.05749815 0.07076358 1.3572749
v 2.06500647 0.07022636 1.35712586
v 2.06701088 0.07076759 1.34523805
vn -0.5892 0.01417 -0.80786
vn -0.36997 0.01645 -0.9289
vn -0.36972 0.01605 -0.929
vn -0.58891 0.01391 -0.80808
vn -0.68537 -0.01397 0.72806
vn -0.84535 -0.0105 0.53411
vn -0.84547 -0.00976 0.53393
vn -0.68546 -0.01313 0.72799
vn 0.98266 0.0039 -0.18536
vn 0.99792 -0.00055 0.06454
vn 0.99794 -0.00081 0.06417
vn 0.98261 0.00352 -0.18566
vn -0.12701 0.01768 -0.99174
vn -0.12694 0.01719 -0.99176
vn -0.95171 -0.00637 0.30692
vn -0.95181 -0.00578 0.30663
vn 0.95073 -0.00499 0.30999
vn 0.95085 -0.0051 0.3096
vn 0.12407 0.0178 -0.99211
vn 0.12421 0.01726 -0.99211
vn -0.99814 -0.00187 0.061
vn -0.99816 -0.00144 0.06063
vn 0.84428 -0.00914 0.53583
vn 0.8445 -0.00909 0.53547
vn 0.36756 0.01681 -0.92985
vn 0.36774 0.01625 -0.92979
vn -0.98211 0.00271 -0.18829
vn -0.98203 0.00296 -0.18869
vn 0.68523 -0.01275 0.72821
vn 0.68553 -0.01253 0.72793
vn 0.58812 0.01476 -0.80864
vn 0.58812 0.01421 -0.80865
vn -0.90487 0.00709 -0.42564
vn -0.90469 0.00715 -0.42602
vn 0.48327 -0.01561 0.87533
vn 0.48363 -0.01521 0.87514
vn 0.00191 -0.01836 0.99983
vn -0.24744 -0.01803 0.96874
vn -0.24747 -0.01719 0.96874
vn 0.00215 -0.01762 0.99984
vn 0.77133 0.0118 -0.63633
vn 0.77124 0.01127 -0.63644
vn -0.77119 0.01099 -0.63651
vn -0.77094 0.01088 -0.63682
vn 0.2506 -0.01753 0.96793
vn 0.25106 -0.01694 0.96782
vn -0.48172 -0.01654 0.87617
vn -0.48175 -0.01566 0.87617
vn 0.90561 0.0081 -0.42404
vn 0.90551 0.00763 -0.42425
vn 0.3962 0.73335 0.55248
vn 0.41823 0.69659 0.58296
vn 0.26294 0.69527 0.66893
vn 0.2489 0.73213 0.63406
vn 0.45894 0.75015 -0.47608
vn 0.48547 0.71394 -0.50458
vn 0.59867 0.71172 -0.3675
vn 0.56601 0.74793 -0.34674
vn -0.65818 0.74064 0.13509
vn -0.69569 0.70417 0.14198
vn -0.70631 0.70702 -0.03517
vn -0.66824 0.74323 -0.03262
vn 0.09077 0.69461 0.71364
vn 0.08484 0.73142 0.67662
vn 0.67404 0.70913 -0.20688
vn 0.63751 0.74534 -0.19506
vn -0.67264 0.70982 -0.20908
vn -0.63634 0.74576 -0.19727
vn -0.08727 0.69466 0.71403
vn -0.08228 0.73206 0.67625
vn 0.70709 0.70635 -0.03291
vn 0.66909 0.74256 -0.0306
vn -0.59699 0.71235 -0.369
vn -0.56461 0.74812 -0.34862
vn -0.25994 0.69546 0.6699
vn -0.24451 0.73238 0.63548
vn 0.69601 0.70353 0.1436
vn 0.65885 0.73981 0.13641
vn -0.48415 0.71448 -0.5051
vn -0.45765 0.75016 -0.4773
vn -0.41627 0.69693 0.58396
vn -0.39342 0.73398 0.55362
vn 0.64154 0.70086 0.31179
vn 0.6075 0.73724 0.29566
vn -0.34102 0.71607 -0.60905
vn -0.32188 0.75165 -0.57568
vn 0.00013 0.75334 -0.65763
vn -0.00039 0.71723 -0.69683
vn 0.17596 0.7168 -0.67472
vn 0.16538 0.75257 -0.63741
vn -0.5461 0.69895 0.46178
vn -0.51651 0.73594 0.43774
vn 0.54704 0.6985 0.46135
vn 0.51814 0.73504 0.43732
vn -0.17635 0.717 -0.6744
vn -0.16501 0.75247 -0.63763
vn 0.34151 0.71568 -0.60925
vn 0.32272 0.75172 -0.57513
vn -0.64121 0.70142 0.31123
vn -0.60656 0.73817 0.29528
vn -0.04926 0.99797 -0.04025
vn -0.03376 0.99811 -0.05144
vn 0.84461 -0.00904 0.53531
vn 0.95091 -0.00522 0.30942
vn 0.05883 0.99637 0.06152
vn 0.04516 0.99621 0.07432
vn 0.00336 0.99955 0.02985
vn -0.00057 0.99955 0.02984
vn -0.01496 0.99816 -0.05875
vn 0.02833 0.99611 0.08346
vn -0.982 0.00319 -0.18887
vn -0.99817 -0.00102 0.06047
vn 0.00177 0.99812 -0.06126
vn 0.0088 0.99605 0.0884
vn 0.99795 -0.00108 0.064
vn -0.02641 -0.9992 -0.02991
vn -0.02181 -0.99913 -0.03545
vn -0.01247 -0.99959 -0.02565
vn -0.01495 -0.99963 -0.02266
vn -0.00804 0.99601 0.08886
vn 0.02738 -0.99959 -0.00841
vn 0.02516 -0.99968 -0.00156
vn 0.01289 -0.99989 -0.00736
vn 0.01409 -0.99984 -0.01105
vn -0.95185 -0.00518 0.30651
vn -0.02422 0.99616 0.08415
vn 0.98258 0.00313 -0.1858
vn 0.01838 0.99811 -0.05867
vn 0.00719 0.99956 0.02886
vn -0.0418 0.99634 0.07452
vn -0.02946 -0.99929 -0.0234
vn -0.01659 -0.99968 -0.01915
vn 0.03699 0.99799 -0.05139
vn -0.84552 -0.00901 0.53386
vn -0.05572 0.99655 0.06156
vn 0.90547 0.00715 -0.42435
vn 0.05235 0.99782 -0.04025
vn -0.00228 1 -0.00119
vn 0.00163 1 -0.00168
vn -0.06573 0.99678 0.0459
vn 0.02782 -0.99949 -0.01563
vn 0.01433 -0.99979 -0.01495
vn 0.06417 0.9976 -0.02595
vn -0.68549 -0.01228 0.72798
vn -0.07153 0.99704 0.02817
vn 0.7712 0.01074 -0.63651
vn 0.07214 0.99735 -0.00915
vn 0.01067 0.99958 0.02695
vn -0.07274 0.99731 0.00951
vn -0.03081 -0.99939 -0.01627
vn -0.01732 -0.99973 -0.01531
vn 0.0757 0.99709 0.00917
vn -0.48176 -0.01478 0.87618
vn -0.06925 0.99756 -0.00889
vn 0.5881 0.01365 -0.80867
vn 0.07458 0.99683 0.02784
vn -0.00598 0.99998 0.00027
vn -0.06124 0.99779 -0.02584
vn 0.02643 -0.99939 -0.02279
vn 0.01359 -0.99973 -0.01881
vn 0.06885 0.99658 0.04567
vn -0.24743 -0.01635 0.96877
vn 0.36776 0.01569 -0.92979
vn 0.01358 0.99961 0.02422
vn -0.00024 -0.77549 0.63135
vn 0.00019 -0.77549 0.63135
vn 0.1602 -0.77502 0.6113
vn 0.1597 -0.77502 0.61143
vn -0.0826 -0.75572 -0.64966
vn -0.08279 -0.75572 -0.64964
vn -0.23922 -0.75591 -0.6094
vn -0.23905 -0.75591 -0.60947
vn 0.07904 -0.7561 -0.64966
vn 0.0789 -0.7561 -0.64968
vn 0.23569 -0.75698 -0.60945
vn 0.23564 -0.75698 -0.60947
vn -0.16026 -0.77528 0.61094
vn -0.16003 -0.77529 0.611
vn 0.37743 -0.7583 -0.53154
vn 0.37747 -0.7583 -0.53151
vn -0.31031 -0.77434 0.55146
vn -0.31031 -0.77434 0.55146
vn 0.49532 -0.75997 -0.42084
vn 0.4954 -0.75997 -0.42073
vn -0.44093 -0.77268 0.45666
vn -0.44111 -0.77268 0.45649
vn 0.58193 -0.7619 -0.28438
vn 0.58201 -0.7619 -0.2842
vn -0.54391 -0.77046 0.3325
vn -0.54414 -0.77045 0.33214
vn 0.63183 -0.764 -0.13075
vn 0.63187 -0.764 -0.13058
vn -0.61278 -0.76786 0.1868
vn -0.61294 -0.76785 0.18631
vn 0.6419 -0.76619 0.0303
vn 0.64189 -0.7662 0.03039
vn -0.64326 -0.76511 0.0287
vn -0.64329 -0.76511 0.0282
vn 0.61155 -0.7684 0.18862
vn 0.61156 -0.7684 0.18856
vn -0.63346 -0.76244 -0.13195
vn -0.63339 -0.76244 -0.13233
vn 0.54277 -0.7705 0.33425
vn 0.54289 -0.7705 0.33406
vn -0.58399 -0.76004 -0.28511
vn -0.5839 -0.76004 -0.28531
vn 0.43995 -0.7724 0.45808
vn 0.44023 -0.7724 0.45782
vn -0.49787 -0.7581 -0.42121
vn -0.49783 -0.7581 -0.42125
vn 0.30955 -0.77395 0.55243
vn 0.30998 -0.77395 0.55219
vn -0.38044 -0.75671 -0.53166
vn -0.38051 -0.75671 -0.53161
vn -0.90461 0.00721 -0.42619
vn -0.03033 -0.9995 -0.00901
vn -0.01707 -0.99979 -0.01139
vn 0.68567 -0.01231 0.72781
vn -0.00922 0.99995 0.00262
vn -0.77082 0.01077 -0.63697
vn 0.02328 -0.9993 -0.02944
vn 0.01189 -0.99968 -0.0224
vn 0.48378 -0.0148 0.87507
vn 0.01574 0.99966 0.02083
vn -0.58877 0.01364 -0.80819
vn -0.02804 -0.9996 -0.00204
vn -0.01584 -0.99985 -0.00762
vn 0.25119 -0.01634 0.9678
vn -0.01177 0.99991 0.00571
vn -0.36958 0.01566 -0.92907
vn 0.01853 -0.99921 -0.03514
vn 0.00933 -0.99963 -0.02549
vn 0.00224 -0.01687 0.99986
vn 0.01697 0.99971 0.01702
vn -0.12683 0.01671 -0.99178
vn -0.02405 -0.9997 0.00421
vn -0.01368 -0.9999 -0.00424
vn -0.01348 0.99987 0.00934
vn 0.12427 0.01673 -0.99211
vn 0.01247 -0.99914 -0.03954
vn 0.00605 -0.99959 -0.02787
vn 0.01722 0.99977 0.01303
vn -0.01863 -0.99978 0.00929
vn -0.01075 -0.99994 -0.00149
vn 0.0213 -0.99976 0.00451
vn 0.01081 -0.99993 -0.00409
vn -0.01595 -0.99908 -0.03969
vn -0.00931 -0.99957 -0.02794
vn -0.00436 0.99957 0.02887
vn 0.016 -0.99983 0.00946
vn 0.00796 -0.99997 -0.00141
vn 0.00552 0.99998 -0.00119
vn -0.00916 -0.99906 -0.04235
vn -0.00565 -0.99955 -0.02938
vn -0.00779 0.99961 0.02699
vn 0.00962 -0.99987 0.01295
vn 0.00451 -0.99999 0.00048
vn 0.00914 0.99996 0.00025
vn -0.00186 -0.99906 -0.04326
vn -0.0017 -0.99955 -0.02988
vn -0.01065 0.99965 0.02431
vn 0.0025 -0.99989 0.01475
vn 0.00067 -1 0.00145
vn 0.01229 0.99992 0.00254
vn -0.01275 0.9997 0.02099
vn -0.00491 -0.99988 0.01473
vn -0.00333 -0.99999 0.00145
vn 0.01479 0.99988 0.00556
vn -0.01398 0.99975 0.01723
vn -0.01211 -0.99984 0.01287
vn -0.00723 -0.99997 0.00044
vn 0.01647 0.99982 0.00912
vn 0.0055 -0.99909 -0.04231
vn 0.00228 -0.99957 -0.02937
vn -0.01423 0.99981 0.01327
vt 0.02355 0.83481
vt 0.05526 0.89125
vt 0.12565 0.83911
vt 0.10351 0.80245
vt 0.19395 0.48792
vt 0.13674 0.51034
vt 0.17587 0.58364
vt 0.21444 0.56781
vt 0.46262 0.88836
vt 0.49352 0.83098
vt 0.41259 0.79981
vt 0.39097 0.83692
vt 0.10071 0.93877
vt 0.15656 0.86924
vt 0.08638 0.54635
vt 0.14227 0.60838
vt 0.50905 0.76878
vt 0.42409 0.75881
vt 0.15775 0.97391
vt 0.19443 0.89062
vt 0.04614 0.59388
vt 0.11564 0.64061
vt 0.50928 0.70599
vt 0.42535 0.71656
vt 0.22397 0.99329
vt 0.2368 0.90145
vt 0.01868 0.64998
vt 0.09762 0.67845
vt 0.49482 0.64539
vt 0.41626 0.67547
vt 0.29409 0.99368
vt 0.28059 0.90084
vt 0.00547 0.71069
vt 0.08932 0.71962
vt 0.46617 0.58973
vt 0.39748 0.63793
vt 0.37381 0.50786
vt 0.31613 0.48664
vt 0.29718 0.567
vt 0.33608 0.58209
vt 0.36029 0.97333
vt 0.32275 0.88939
vt 0.00693 0.77322
vt 0.09134 0.76175
vt 0.42492 0.54292
vt 0.37019 0.60618
vt 0.25495 0.48025
vt 0.25575 0.56183
vt 0.41751 0.93702
vt 0.3604 0.86754
vt 0.76336 0.9999
vt 0.75677 0.90878
vt 0.71917 0.90564
vt 0.70228 0.99732
vt 0.9999 0.71434
vt 0.91044 0.72817
vt 0.91029 0.76626
vt 0.9999 0.77366
vt 0.54338 0.65366
vt 0.62385 0.69643
vt 0.64484 0.66442
vt 0.57708 0.60377
vt 0.68364 0.89295
vt 0.64166 0.97959
vt 0.90131 0.80308
vt 0.98632 0.83097
vt 0.67294 0.63824
vt 0.62132 0.56311
vt 0.65144 0.87273
vt 0.58502 0.94669
vt 0.88403 0.83671
vt 0.9601 0.88343
vt 0.70666 0.61943
vt 0.67381 0.53359
vt 0.62798 0.84275
vt 0.54631 0.89346
vt 0.85936 0.86537
vt 0.92268 0.92851
vt 0.74347 0.60831
vt 0.73206 0.51664
vt 0.61352 0.80792
vt 0.52284 0.83378
vt 0.82854 0.8875
vt 0.87593 0.96404
vt 0.7819 0.60655
vt 0.79357 0.51364
vt 0.91465 0.55335
vt 0.85384 0.63201
vt 0.88164 0.65833
vt 0.95743 0.60159
vt 0.60758 0.77044
vt 0.51486 0.77149
vt 0.79395 0.90255
vt 0.8221 0.98837
vt 0.81959 0.61449
vt 0.85547 0.52563
vt 0.90168 0.69085
vt 0.98595 0.65606
vt 0.61115 0.73247
vt 0.52212 0.71046
vt 0.50005 0.64349
vt 0.4708 0.58662
vt 0.41752 0.71736
vt 0.41625 0.75767
vt 0.00136 0.774
vt 0.01823 0.83695
vt 0.7559 0.76745
vt 0.75406 0.7668
vt 0.42865 0.53878
vt 0.05054 0.8947
vt 0.10502 0.68098
vt 0.12219 0.64487
vt 0.37639 0.50295
vt 0.09694 0.94338
vt 0.40521 0.79675
vt 0.4025 0.71889
vt 0.39473 0.68331
vt 0.26646 0.72742
vt 0.26694 0.72979
vt 0.15524 0.97949
vt 0.11926 0.68587
vt 0.11216 0.72153
vt 0.24774 0.72996
vt 0.24818 0.72759
vt 0.14759 0.61409
vt 0.22304 0.99968
vt 0.38454 0.83205
vt 0.31742 0.48126
vt 0.75795 0.76756
vt 0.29504 0.9999
vt 0.40132 0.75534
vt 0.26683 0.7322
vt 0.2549 0.47457
vt 0.17964 0.59047
vt 0.36289 0.97892
vt 0.35539 0.86114
vt 0.19256 0.48257
vt 0.7626 0.74877
vt 0.76449 0.74903
vt 0.42139 0.94163
vt 0.13479 0.65308
vt 0.24919 0.7254
vt 0.13406 0.5055
vt 0.21644 0.57534
vt 0.46743 0.89176
vt 0.31955 0.88186
vt 0.08258 0.54229
vt 0.76012 0.76714
vt 0.49892 0.83304
vt 0.39119 0.7906
vt 0.26612 0.73452
vt 0.04146 0.59087
vt 0.25583 0.56949
vt 0.51466 0.76945
vt 0.27943 0.8926
vt 0.01343 0.64819
vt 0.76052 0.74897
vt 0.51466 0.70538
vt 0.15779 0.62512
vt 0.25071 0.72354
vt 0.0001 0.71018
vt 0.29532 0.57457
vt 0.23782 0.8933
vt 0.76225 0.76621
vt 0.33244 0.58899
vt 0.32547 0.60233
vt 0.35498 0.62325
vt 0.36498 0.612
vt 0.16147 0.86278
vt 0.17063 0.85023
vt 0.14393 0.82442
vt 0.13198 0.83416
vt 0.19753 0.88305
vt 0.20321 0.86845
vt 0.23954 0.87764
vt 0.29179 0.58922
vt 0.27725 0.87701
vt 0.25597 0.58475
vt 0.31365 0.8673
vt 0.22026 0.5899
vt 0.34604 0.84867
vt 0.18687 0.60365
vt 0.37242 0.82246
vt 0.09714 0.72028
vt 0.40889 0.67815
vt 0.09914 0.76048
vt 0.11399 0.75789
vt 0.391 0.64231
vt 0.37855 0.65078
vt 0.11082 0.79927
vt 0.1247 0.79291
vt 0.26486 0.7366
vt 0.75838 0.74964
vt 0.25265 0.72211
vt 0.76424 0.76485
vt 0.26312 0.73829
vt 0.7563 0.75073
vt 0.25487 0.7212
vt 0.76594 0.76299
vt 0.26101 0.7395
vt 0.75449 0.75234
vt 0.25726 0.72087
vt 0.76734 0.76076
vt 0.25866 0.74014
vt 0.2479 0.73237
vt 0.26541 0.72525
vt 0.75269 0.76576
vt 0.24865 0.73467
vt 0.76609 0.74976
vt 0.26386 0.72341
vt 0.75162 0.76411
vt 0.24995 0.73672
vt 0.7674 0.75103
vt 0.2619 0.72201
vt 0.75104 0.76174
vt 0.25172 0.73839
vt 0.76827 0.75324
vt 0.75109 0.75921
vt 0.25386 0.73957
vt 0.76858 0.75569
vt 0.75174 0.75669
vt 0.25622 0.74017
vt 0.76825 0.75827
vt 0.25965 0.72115
vt 0.75291 0.75436
usemtl mat0
f 1/1/1 2/2/2 3/3/3
f 1/1/1 3/3/3 4/4/4
f 5/5/5 6/6/6 7/7/7
f 5/5/5 7/7/7 8/8/8
f 9/9/9 10/10/10 11/11/11
f 9/9/9 11/11/11 12/12/12
f 2/2/2 13/13/13 14/14/14
f 2/2/2 14/14/14 3/3/3
f 6/6/6 15/15/15 16/16/16
f 6/6/6 16/16/16 7/7/7
f 10/10/10 17/17/17 18/18/18
f 10/10/10 18/18/18 11/11/11
f 13/13/13 19/19/19 20/20/20
f 13/13/13 20/20/20 14/14/14
f 15/15/15 21/21/21 22/22/22
f 15/15/15 22/22/22 16/16/16
f 17/17/17 23/23/23 24/24/24
f 17/17/17 24/24/24 18/18/18
f 19/19/19 25/25/25 26/26/26
f 19/19/19 26/26/26 20/20/20
f 21/21/21 27/27/27 28/28/28
f 21/21/21 28/28/28 22/22/22
f 23/23/23 29/29/29 30/30/30
f 23/23/23 30/30/30 24/24/24
f 25/25/25 31/31/31 32/32/32
f 25/25/25 32/32/32 26/26/26
f 27/27/27 33/33/33 34/34/34
f 27/27/27 34/34/34 28/28/28
f 29/29/29 35/35/35 36/36/36
f 29/29/29 36/36/36 30/30/30
f 37/37/37 38/38/38 39/39/39
f 37/37/37 39/39/39 40/40/40
f 31/31/31 41/41/41 42/42/42
f 31/31/31 42/42/42 32/32/32
f 33/33/33 43/43/43 44/44/44
f 33/33/33 44/44/44 34/34/34
f 35/35/35 45/45/45 46/46/46
f 35/35/35 46/46/46 36/36/36
f 38/38/38 47/47/47 48/48/48
f 38/38/38 48/48/48 39/39/39
f 41/41/41 49/49/49 50/50/50
f 41/41/41 50/50/50 42/42/42
f 43/43/43 1/1/1 4/4/4
f 43/43/43 4/4/4 44/44/44
f 45/45/45 37/37/37 40/40/40
f 45/45/45 40/40/40 46/46/46
f 47/47/47 5/5/5 8/8/8
f 47/47/47 8/8/8 48/48/48
f 49/49/49 9/9/9 12/12/12
f 49/49/49 12/12/12 50/50/50
f 51/51/51 52/52/52 53/53/53
f 51/51/51 53/53/53 54/54/54
f 55/55/55 56/56/56 57/57/57
f 55/55/55 57/57/57 58/58/58
f 59/59/59 60/60/60 61/61/61
f 59/59/59 61/61/61 62/62/62
f 54/54/54 53/53/53 63/63/63
f 54/54/54 63/63/63 64/64/64
f 58/58/58 57/57/57 65/65/65
f 58/58/58 65/65/65 66/66/66
f 62/62/62 61/61/61 67/67/67
f 62/62/62 67/67/67 68/68/68
f 64/64/64 63/63/63 69/69/69
f 64/64/64 69/69/69 70/70/70
f 66/66/66 65/65/65 71/71/71
f 66/66/66 71/71/71 72/72/72
f 68/68/68 67/67/67 73/73/73
f 68/68/68 73/73/73 74/74/74
f 70/70/70 69/69/69 75/75/75
f 70/70/70 75/75/75 76/76/76
f 72/72/72 71/71/71 77/77/77
f 72/72/72 77/77/77 78/78/78
f 74/74/74 73/73/73 79/79/79
f 74/74/74 79/79/79 80/80/80
f 76/76/76 75/75/75 81/81/81
f 76/76/76 81/81/81 82/82/82
f 78/78/78 77/77/77 83/83/83
f 78/78/78 83/83/83 84/84/84
f 80/80/80 79/79/79 85/85/85
f 80/80/80 85/85/85 86/86/86
f 87/87/87 88/88/88 89/89/89
f 87/87/87 89/89/89 90/90/90
f 82/82/82 81/81/81 91/91/91
f 82/82/82 91/91/91 92/92/92
f 84/84/84 83/83/83 93/93/93
f 84/84/84 93/93/93 94/94/94
f 86/86/86 85/85/85 95/95/95
f 86/86/86 95/95/95 96/96/96
f 90/90/90 89/89/89 97/97/97
f 90/90/90 97/97/97 98/98/98
f 92/92/92 91/91/91 99/99/99
f 92/92/92 99/99/99 100/100/100
f 94/94/94 93/93/93 52/52/52
f 94/94/94 52/52/52 51/51/51
f 96/96/96 95/95/95 88/88/88
f 96/96/96 88/88/88 87/87/87
f 98/98/98 97/97/97 56/56/56
f 98/98/98 56/56/56 55/55/55
f 100/100/100 99/99/99 60/60/60
f 100/100/100 60/60/60 59/59/59
f 29/29/101 101/101/80 102/102/86
f 29/29/101 102/102/86 35/35/102
f 18/18/18 24/24/24 103/103/103
f 18/18/18 103/103/103 104/104/104
f 43/43/105 105/105/94 106/106/51
f 43/43/105 106/106/51 1/1/106
f 69/69/69 63/63/63 107/107/107
f 69/69/69 107/107/107 108/108/108
f 35/35/102 102/102/86 109/109/96
f 35/35/102 109/109/96 45/45/109
f 1/1/106 106/106/51 110/110/54
f 1/1/106 110/110/54 2/2/110
f 22/22/22 28/28/28 111/111/111
f 22/22/22 111/111/111 112/112/112
f 45/45/109 109/109/96 113/113/87
f 45/45/109 113/113/87 37/37/113
f 2/2/110 110/110/54 114/114/64
f 2/2/110 114/114/64 13/13/114
f 11/11/11 18/18/18 104/104/104
f 11/11/11 104/104/104 115/115/115
f 116/116/116 117/117/117 118/118/118
f 116/116/116 118/118/118 119/119/119
f 13/13/114 114/114/64 120/120/70
f 13/13/114 120/120/70 19/19/120
f 121/121/121 122/122/122 123/123/123
f 121/121/121 123/123/123 124/124/124
f 16/16/16 22/22/22 112/112/112
f 16/16/16 112/112/112 125/125/125
f 19/19/120 120/120/70 126/126/76
f 19/19/120 126/126/76 25/25/126
f 12/12/12 11/11/11 115/115/115
f 12/12/12 115/115/115 127/127/127
f 37/37/113 113/113/87 128/128/90
f 37/37/113 128/128/90 38/38/128
f 63/63/63 53/53/53 129/129/129
f 63/63/63 129/129/129 107/107/107
f 25/25/126 126/126/76 130/130/82
f 25/25/126 130/130/82 31/31/130
f 131/131/131 116/116/116 119/119/119
f 131/131/131 119/119/119 132/132/132
f 38/38/128 128/128/90 133/133/98
f 38/38/128 133/133/98 47/47/133
f 7/7/7 16/16/16 125/125/125
f 7/7/7 125/125/125 134/134/134
f 31/31/130 130/130/82 135/135/92
f 31/31/130 135/135/92 41/41/135
f 50/50/50 12/12/12 127/127/127
f 50/50/50 127/127/127 136/136/136
f 47/47/133 133/133/98 137/137/55
f 47/47/133 137/137/55 5/5/137
f 88/88/88 95/95/95 138/138/138
f 88/88/88 138/138/138 139/139/139
f 41/41/135 135/135/92 140/140/100
f 41/41/135 140/140/100 49/49/140
f 141/141/141 121/121/121 124/124/124
f 141/141/141 124/124/124 142/142/142
f 5/5/137 137/137/55 143/143/58
f 5/5/137 143/143/58 6/6/143
f 8/8/8 7/7/7 134/134/134
f 8/8/8 134/134/134 144/144/144
f 49/49/140 140/140/100 145/145/59
f 49/49/140 145/145/59 9/9/145
f 42/42/42 50/50/50 136/136/136
f 42/42/42 136/136/136 146/146/146
f 6/6/143 143/143/58 147/147/66
f 6/6/143 147/147/66 15/15/147
f 53/53/53 52/52/52 148/148/148
f 53/53/53 148/148/148 129/129/129
f 9/9/145 145/145/59 149/149/62
f 9/9/145 149/149/62 10/10/149
f 150/150/150 131/131/131 132/132/132
f 150/150/150 132/132/132 151/151/151
f 15/15/147 147/147/66 152/152/72
f 15/15/147 152/152/72 21/21/152
f 48/48/48 8/8/8 144/144/144
f 48/48/48 144/144/144 153/153/153
f 10/10/149 149/149/62 154/154/68
f 10/10/149 154/154/68 17/17/154
f 32/32/32 42/42/42 146/146/146
f 32/32/32 146/146/146 155/155/155
f 21/21/152 152/152/72 156/156/78
f 21/21/152 156/156/78 27/27/156
f 95/95/95 85/85/85 157/157/157
f 95/95/95 157/157/157 138/138/138
f 17/17/154 154/154/68 158/158/74
f 17/17/154 158/158/74 23/23/158
f 159/159/159 141/141/141 142/142/142
f 159/159/159 142/142/142 160/160/160
f 27/27/156 156/156/78 161/161/84
f 27/27/156 161/161/84 33/33/161
f 39/39/39 48/48/48 153/153/153
f 39/39/39 153/153/153 162/162/162
f 23/23/158 158/158/74 101/101/80
f 23/23/158 101/101/80 29/29/101
f 26/26/26 32/32/32 155/155/155
f 26/26/26 155/155/155 163/163/163
f 33/33/161 161/161/84 105/105/94
f 33/33/161 105/105/94 43/43/105
f 52/52/52 93/93/93 164/164/164
f 52/52/52 164/164/164 148/148/148
f 165/165/165 166/166/166 167/167/167
f 165/165/165 167/167/167 168/168/168
f 169/169/169 170/170/170 171/171/171
f 169/169/169 171/171/171 172/172/172
f 173/173/173 174/174/174 170/170/170
f 173/173/173 170/170/170 169/169/169
f 163/163/175 175/175/176 174/174/174
f 163/163/175 174/174/174 173/173/173
f 162/162/177 176/176/178 166/166/166
f 162/162/177 166/166/166 165/165/165
f 155/155/179 177/177/180 175/175/176
f 155/155/179 175/175/176 163/163/175
f 153/153/181 178/178/182 176/176/178
f 153/153/181 176/176/178 162/162/177
f 146/146/183 179/179/184 177/177/180
f 146/146/183 177/177/180 155/155/179
f 144/144/185 180/180/186 178/178/182
f 144/144/185 178/178/182 153/153/181
f 136/136/187 181/181/188 179/179/184
f 136/136/187 179/179/184 146/146/183
f 134/134/189 182/182/190 180/180/186
f 134/134/189 180/180/186 144/144/185
f 127/127/191 183/183/192 181/181/188
f 127/127/191 181/181/188 136/136/187
f 125/125/193 159/159/194 182/182/190
f 125/125/193 182/182/190 134/134/189
f 115/115/195 150/150/196 183/183/192
f 115/115/195 183/183/192 127/127/191
f 112/112/197 141/141/198 159/159/194
f 112/112/197 159/159/194 125/125/193
f 104/104/199 131/131/200 150/150/196
f 104/104/199 150/150/196 115/115/195
f 111/111/201 121/121/202 141/141/198
f 111/111/201 141/141/198 112/112/197
f 103/103/203 116/116/204 131/131/200
f 103/103/203 131/131/200 104/104/199
f 184/184/205 122/122/206 121/121/202
f 184/184/205 121/121/202 111/111/201
f 185/185/207 117/117/208 116/116/204
f 185/185/207 116/116/204 103/103/203
f 186/186/209 187/187/210 122/122/206
f 186/186/209 122/122/206 184/184/205
f 188/188/211 189/189/212 117/117/208
f 188/188/211 117/117/208 185/185/207
f 190/190/213 191/191/214 187/187/210
f 190/190/213 187/187/210 186/186/209
f 168/168/168 167/167/167 189/189/212
f 168/168/168 189/189/212 188/188/211
f 172/172/172 171/171/171 191/191/214
f 172/172/172 191/191/214 190/190/213
f 28/28/28 34/34/34 184/184/215
f 28/28/28 184/184/215 111/111/111
f 183/183/216 150/150/150 151/151/151
f 183/183/216 151/151/151 192/192/217
f 24/24/24 30/30/30 185/185/218
f 24/24/24 185/185/218 103/103/103
f 85/85/85 79/79/79 193/193/219
f 85/85/85 193/193/219 157/157/157
f 34/34/34 44/44/44 186/186/220
f 34/34/34 186/186/220 184/184/215
f 182/182/221 159/159/159 160/160/160
f 182/182/221 160/160/160 194/194/222
f 30/30/30 36/36/36 188/188/223
f 30/30/30 188/188/223 185/185/218
f 93/93/93 83/83/83 195/195/224
f 93/93/93 195/195/224 164/164/164
f 44/44/44 4/4/4 190/190/225
f 44/44/44 190/190/225 186/186/220
f 181/181/226 183/183/216 192/192/217
f 181/181/226 192/192/217 196/196/227
f 36/36/36 46/46/46 168/168/228
f 36/36/36 168/168/228 188/188/223
f 79/79/79 73/73/73 197/197/229
f 79/79/79 197/197/229 193/193/219
f 4/4/4 3/3/3 172/172/230
f 4/4/4 172/172/230 190/190/225
f 180/180/231 182/182/221 194/194/222
f 180/180/231 194/194/222 198/198/232
f 46/46/46 40/40/40 165/165/233
f 46/46/46 165/165/233 168/168/228
f 83/83/83 77/77/77 199/199/234
f 83/83/83 199/199/234 195/195/224
f 3/3/3 14/14/14 169/169/235
f 3/3/3 169/169/235 172/172/230
f 179/179/236 181/181/226 196/196/227
f 179/179/236 196/196/227 200/200/237
f 73/73/73 67/67/67 201/201/238
f 73/73/73 201/201/238 197/197/229
f 14/14/14 20/20/20 173/173/239
f 14/14/14 173/173/239 169/169/235
f 178/178/240 180/180/231 198/198/232
f 178/178/240 198/198/232 202/202/241
f 77/77/77 71/71/71 203/203/242
f 77/77/77 203/203/242 199/199/234
f 20/20/20 26/26/26 163/163/163
f 20/20/20 163/163/163 173/173/239
f 40/40/40 39/39/39 162/162/162
f 40/40/40 162/162/162 165/165/233
f 177/177/243 179/179/236 200/200/237
f 177/177/243 200/200/237 204/204/244
f 122/122/122 187/187/245 205/205/246
f 122/122/122 205/205/246 123/123/123
f 117/117/117 189/189/247 206/206/248
f 117/117/117 206/206/248 118/118/118
f 75/75/75 69/69/69 108/108/108
f 75/75/75 108/108/108 207/207/249
f 187/187/245 191/191/250 208/208/251
f 187/187/245 208/208/251 205/205/246
f 89/89/89 88/88/88 139/139/139
f 89/89/89 139/139/139 209/209/252
f 189/189/247 167/167/253 210/210/254
f 189/189/247 210/210/254 206/206/248
f 81/81/81 75/75/75 207/207/249
f 81/81/81 207/207/249 211/211/255
f 191/191/250 171/171/256 212/212/257
f 191/191/250 212/212/257 208/208/251
f 97/97/97 89/89/89 209/209/252
f 97/97/97 209/209/252 213/213/258
f 167/167/253 166/166/259 214/214/260
f 167/167/253 214/214/260 210/210/254
f 91/91/91 81/81/81 211/211/255
f 91/91/91 211/211/255 215/215/261
f 171/171/256 170/170/262 216/216/263
f 171/171/256 216/216/263 212/212/257
f 56/56/56 97/97/97 213/213/258
f 56/56/56 213/213/258 217/217/264
f 99/99/99 91/91/91 215/215/261
f 99/99/99 215/215/261 218/218/265
f 170/170/262 174/174/266 219/219/267
f 170/170/262 219/219/267 216/216/263
f 57/57/57 56/56/56 217/217/264
f 57/57/57 217/217/264 220/220/268
f 60/60/60 99/99/99 218/218/265
f 60/60/60 218/218/265 221/221/269
f 174/174/266 175/175/270 222/222/271
f 174/174/266 222/222/271 219/219/267
f 65/65/65 57/57/57 220/220/268
f 65/65/65 220/220/268 223/223/272
f 166/166/259 176/176/273 224/224/274
f 166/166/259 224/224/274 214/214/260
f 61/61/61 60/60/60 221/221/269
f 61/61/61 221/221/269 225/225/275
f 175/175/270 177/177/243 204/204/244
f 175/175/270 204/204/244 222/222/271
f 71/71/71 65/65/65 223/223/272
f 71/71/71 223/223/272 203/203/242
f 176/176/273 178/178/240 202/202/241
f 176/176/273 202/202/241 224/224/274
f 67/67/67 61/61/61 225/225/275
f 67/67/67 225/225/275 201/201/238
f 222/222/271 216/216/263 219/219/267
f 216/216/263 222/222/271 212/212/257
f 212/212/257 222/222/271 204/204/244
f 212/212/257 204/204/244 208/208/251
f 208/208/251 204/204/244 200/200/237
f 208/208/251 200/200/237 205/205/246
f 205/205/246 200/200/237 196/196/227
f 205/205/246 196/196/227 123/123/123
f 123/123/123 196/196/227 192/192/217
f 123/123/123 192/192/217 124/124/124
f 124/124/124 192/192/217 151/151/151
f 124/124/124 151/151/151 142/142/142
f 142/142/142 151/151/151 132/132/132
f 142/142/142 132/132/132 160/160/160
f 160/160/160 132/132/132 119/119/119
f 160/160/160 119/119/119 194/194/222
f 194/194/222 119/119/119 118/118/118
f 194/194/222 118/118/118 198/198/232
f 198/198/232 118/118/118 206/206/248
f 198/198/232 206/206/248 202/202/241
f 202/202/241 206/206/248 210/210/254
f 202/202/241 210/210/254 224/224/274
f 224/224/274 210/210/254 214/214/260
f 107/107/107 207/207/249 108/108/108
f 207/207/249 107/107/107 129/129/129
f 207/207/249 129/129/129 211/211/255
f 211/211/255 129/129/129 148/148/148
f 211/211/255 148/148/148 215/215/261
f 215/215/261 148/148/148 164/164/164
f 215/215/261 164/164/164 218/218/265
f 218/218/265 164/164/164 195/195/224
f 218/218/265 195/195/224 221/221/269
f 221/221/269 195/195/224 199/199/234
f 221/221/269 199/199/234 225/225/275
f 225/225/275 199/199/234 203/203/242
f 225/225/275 203/203/242 201/201/238
f 201/201/238 203/203/242 223/223/272
f 201/201/238 223/223/272 197/197/229
f 197/197/229 223/223/272 220/220/268
f 197/197/229 220/220/268 193/193/219
f 193/193/219 220/220/268 217/217/264
f 193/193/219 217/217/264 157/157/157
f 157/157/157 217/217/264 213/213/258
f 157/157/157 213/213/258 138/138/138
f 138/138/138 213/213/258 209/209/252
f 138/138/138 209/209/252 139/139/139
# Vertices: 225, normals: 275, texture coordinates: 225, faces: 396

o obj2
v 2.50881379 0.75861087 -0.58373274
v 2.87985445 0.75861093 -0.20434312
v 2.89751919 0.62908614 -0.22161911
v 2.52647853 0.62908608 -0.60100873
v 2.46867502 0.8779217 -0.54447731
v 2.83971569 0.87792177 -0.16508768
v 1.89369439 0.97952132 0.01785011
v 2.26473505 0.97952139 0.39723974
v 2.34100186 1.05702702 0.32265126
v 1.9699612 1.05702696 -0.05673836
v 2.44091515 0.26074556 -0.51732823
v 2.81195582 0.26074562 -0.1379386
v 2.74323542 0.17048095 -0.07073047
v 2.37219476 0.17048089 -0.4501201
v 2.28958456 0.10695647 -0.36932783
v 2.66062522 0.10695654 0.01006179
v 2.56895616 0.0741641 0.09899366
v 2.1979155 0.07416404 -0.28039596
v 2.52055923 0.49748581 -0.59521967
v 2.89159989 0.49748588 -0.21583004
v 2.86246873 0.37207912 -0.18733994
v 2.49142807 0.37207905 -0.56672956
v 1.86136435 0.26074517 0.0494688
v 2.23240502 0.26074523 0.42885843
v 2.18189208 0.37207869 0.47825975
v 1.81085142 0.37207863 0.09887012
v 1.78172012 0.49748536 0.12736032
v 2.15276078 0.49748542 0.50674995
v 2.14684142 0.6290856 0.51253903
v 1.77580076 0.62908554 0.1331494
v 2.01233533 0.10695631 -0.09889973
v 2.38337599 0.10695637 0.2804899
v 2.30112556 0.17048059 0.36165018
v 1.9300849 0.17048053 -0.01773944
v 2.24430672 1.10556812 -0.32576645
v 2.61534738 1.10556819 0.05362318
v 2.70335819 1.05702735 -0.03173094
v 2.33231752 1.05702729 -0.41112056
v 2.40858437 0.97952185 -0.48570904
v 2.77962503 0.97952191 -0.10631942
v 1.83360395 0.87792116 0.0766182
v 2.20464461 0.87792122 0.45600783
v 2.42829285 1.10556802 0.23656133
v 2.05725219 1.10556796 -0.1428283
v 2.52647853 0.62908608 -0.60100873
v 2.89751919 0.62908614 -0.22161911
v 2.10316579 0.07416388 -0.18868915
v 2.47420645 0.07416394 0.19070047
v 1.79346536 0.7586103 0.11587351
v 2.16450602 0.75861037 0.49526313
v 2.15030095 1.12209446 -0.23478722
v 2.52134161 1.12209453 0.1446024
v 2.50273337 0.75599733 -0.57844524
v 2.5201141 0.62855512 -0.59544347
v 2.89181433 0.62855518 -0.21537944
v 2.87443359 0.75599739 -0.19838121
v 2.46323996 0.87338979 -0.53982096
v 2.83494018 0.87338985 -0.15975693
v 1.89750423 0.97335567 0.013465
v 1.97254412 1.04961481 -0.05992355
v 2.34424556 1.0496157 0.32013929
v 2.26920445 0.97335574 0.39352903
v 2.43592654 0.26613681 -0.5131085
v 2.36831121 0.17732357 -0.44698113
v 2.74001144 0.17732363 -0.0669171
v 2.80762676 0.26613687 -0.13304447
v 2.28702996 0.11482085 -0.36748856
v 2.19682918 0.08255555 -0.27999419
v 2.56852592 0.08255501 0.10007324
v 2.65872874 0.11482009 0.01257688
v 2.51429008 0.49907044 -0.5897476
v 2.48562723 0.37568017 -0.56171548
v 2.85732745 0.37568024 -0.18165145
v 2.88599031 0.4990705 -0.20968357
v 1.86569404 0.26613642 0.04457528
v 1.81599327 0.37567975 0.0931823
v 2.1876935 0.37567981 0.47324633
v 2.23739426 0.26613648 0.42463931
v 1.78733032 0.49906998 0.12121447
v 1.78150624 0.62855458 0.12691036
v 2.15320646 0.62855465 0.50697439
v 2.15903054 0.49907004 0.5012785
v 2.0142294 0.11482129 -0.10141277
v 1.93330891 0.17732382 -0.02155162
v 2.30501035 0.17732245 0.35851122
v 2.38593291 0.11481933 0.27864805
v 2.24247447 1.09737535 -0.32463517
v 2.32907566 1.04961517 -0.40860915
v 2.70077465 1.04961608 -0.02854391
v 2.61417121 1.09737657 0.05543227
v 2.40411562 0.97335622 -0.48199775
v 2.77581585 0.97335629 -0.10193372
v 1.83838005 0.87338922 0.0712881
v 2.21008027 0.87338928 0.45135212
v 2.05842396 1.09737519 -0.14463493
v 2.43012766 1.0973764 0.23542569
v 2.5201141 0.62855512 -0.59544347
v 2.89181433 0.62855518 -0.21537944
v 2.10359249 0.08255511 -0.18976866
v 2.47529257 0.08255517 0.19029522
v 1.7988868 0.75599676 0.10991227
v 2.17058702 0.75599683 0.48997629
v 2.14996994 1.1136364 -0.23512568
v 2.52167001 1.11363646 0.14493819
v 2.1979155 0.07416404 -0.28039596
v 2.10316579 0.07416388 -0.18868915
v 1.77580076 0.62908554 0.1331494
v 1.79346536 0.7586103 0.11587351
v 2.46867502 0.8779217 -0.54447731
v 2.50881379 0.75861087 -0.58373274
v 2.28958456 0.10695647 -0.36932783
v 1.78172012 0.49748536 0.12736032
v 2.40858437 0.97952185 -0.48570904
v 2.37219476 0.17048089 -0.4501201
v 1.81085142 0.37207863 0.09887012
v 2.33231752 1.05702729 -0.41112056
v 2.05725219 1.10556796 -0.1428283
v 2.15030095 1.12209446 -0.23478722
v 2.44091515 0.26074556 -0.51732823
v 1.86136435 0.26074517 0.0494688
v 2.24430672 1.10556812 -0.32576645
v 1.9699612 1.05702696 -0.05673836
v 2.49142807 0.37207905 -0.56672956
v 1.9300849 0.17048053 -0.01773944
v 1.89369439 0.97952132 0.01785011
v 2.52055923 0.49748581 -0.59521967
v 2.01233533 0.10695631 -0.09889973
v 1.83360395 0.87792116 0.0766182
v 2.52647853 0.62908608 -0.60100873
v 2.52647853 0.62908608 -0.60100873
v 2.47420645 0.07416394 0.19070047
v 2.56895616 0.0741641 0.09899366
v 2.16450602 0.75861037 0.49526313
v 2.14684142 0.6290856 0.51253903
v 2.87985445 0.75861093 -0.20434312
v 2.83971569 0.87792177 -0.16508768
v 2.66062522 0.10695654 0.01006179
v 2.15276078 0.49748542 0.50674995
v 2.77962503 0.97952191 -0.10631942
v 2.74323542 0.17048095 -0.07073047
v 2.18189208 0.37207869 0.47825975
v 2.70335819 1.05702735 -0.03173094
v 2.52134161 1.12209453 0.1446024
v 2.42829285 1.10556802 0.23656133
v 2.81195582 0.26074562 -0.1379386
v 2.23240502 0.26074523 0.42885843
v 2.61534738 1.10556819 0.05362318
v 2.34100186 1.05702702 0.32265126
v 2.86246873 0.37207912 -0.18733994
v 2.30112556 0.17048059 0.36165018
v 2.26473505 0.97952139 0.39723974
v 2.89159989 0.49748588 -0.21583004
v 2.38337599 0.10695637 0.2804899
v 2.20464461 0.87792122 0.45600783
v 2.89751919 0.62908614 -0.22161911
v 2.89751919 0.62908614 -0.22161911
vn 0.95106 0.30902 0
vn 0.99803 0.06279 0
vn 0.84433 0.53583 0
vn -0.68455 0.72897 0
vn -0.48189 0.87623 0
vn -0.48162 0.87638 0
vn 0.77051 -0.63742 0
vn 0.58779 -0.80902 0
vn 0.36798 -0.92983 0
vn 0.36827 -0.92972 0
vn 0.1257 -0.99207 0
vn 0.12497 -0.99216 0
vn 0.98229 -0.18738 0
vn 0.90483 -0.42578 0
vn -0.77051 -0.63742 0
vn -0.90483 -0.42578 0
vn -0.98229 -0.18738 0
vn -0.99803 0.06279 0
vn -0.36778 -0.92991 0
vn -0.36846 -0.92964 0
vn -0.58791 -0.80892 0
vn -0.58766 -0.80911 0
vn 0.24833 0.96867 0
vn 0.24904 0.96849 0
vn 0.48189 0.87623 0
vn 0.48161 0.87638 0
vn 0.68455 0.72897 0
vn -0.84433 0.53583 0
vn -0.24904 0.96849 0
vn -0.24834 0.96867 0
vn -0.12533 -0.99211 0
vn -0.95106 0.30902 0
vn -0 1 0
vn -0 1 0
vn -0.62198 -0.20209 -0.75651
vn -0.65269 -0.04106 -0.75651
vn -0.65264 -0.04106 0.75656
vn -0.62192 -0.20208 0.75656
vn -0.55218 -0.35042 -0.75651
vn -0.55214 -0.3504 0.75655
vn 0.44768 -0.47673 -0.75651
vn 0.31384 -0.57416 -0.7562
vn 0.31626 -0.57197 0.75686
vn 0.44765 -0.4767 0.75655
vn -0.50391 0.41686 -0.75651
vn -0.38441 0.52908 -0.75651
vn -0.38438 0.52904 0.75655
vn -0.50387 0.41683 0.75655
vn -0.23941 0.60897 -0.7562
vn -0.07831 0.64935 -0.75644
vn -0.08562 0.64825 0.7566
vn -0.24208 0.6071 0.75686
vn -0.64239 0.12254 -0.75651
vn -0.59174 0.27845 -0.75651
vn -0.5917 0.27843 0.75655
vn -0.64236 0.12253 0.75655
vn 0.5039 0.41686 -0.75651
vn 0.59174 0.27845 -0.75651
vn 0.59169 0.27843 0.75655
vn 0.50386 0.41684 0.75655
vn 0.6424 0.12254 -0.75651
vn 0.65269 -0.04106 -0.75651
vn 0.65264 -0.04106 0.75655
vn 0.64235 0.12254 0.75655
vn 0.23733 0.60948 -0.75644
vn 0.38333 0.5303 -0.7562
vn 0.38545 0.52782 0.75686
vn 0.24415 0.60659 0.7566
vn -0.15907 -0.63442 -0.75644
vn -0.31384 -0.57416 -0.7562
vn -0.31626 -0.57197 0.75686
vn -0.16619 -0.63241 0.7566
vn -0.44768 -0.47673 -0.75651
vn -0.44765 -0.4767 0.75655
vn 0.55218 -0.35042 -0.75651
vn 0.55213 -0.3504 0.75655
vn 0.15907 -0.63442 -0.75644
vn 0.16619 -0.63241 0.7566
vn 0.08183 0.64777 -0.75743
vn 0.08209 0.64985 0.75562
vn 0.62197 -0.20209 -0.75651
vn 0.62192 -0.20208 0.75656
vn -0 -0.65292 -0.75743
vn -0 -0.65501 0.75562
vn 0.0115 -0.05483 -0.99843
vn -0.00691 -0.05473 -0.99848
vn -0.05552 0.00349 -0.99845
vn -0.05291 0.01719 -0.99845
vn 0.04695 0.02981 -0.99845
vn 0.05289 0.01719 -0.99845
vn 0.02239 -0.05126 -0.99843
vn -0.05462 -0.01042 -0.99845
vn 0.03807 0.04055 -0.99845
vn 0.03269 -0.045 -0.99845
vn -0.05033 -0.02368 -0.99845
vn 0.02864 0.04805 -0.99843
vn -0.01829 0.05295 -0.99843
vn -0 0.05517 -0.99848
vn 0.04285 -0.03546 -0.99845
vn -0.04286 -0.03546 -0.99845
vn 0.01829 0.05295 -0.99843
vn -0.02864 0.04805 -0.99843
vn 0.05033 -0.02368 -0.99845
vn -0.03443 -0.04408 -0.99843
vn -0.03807 0.04055 -0.99845
vn 0.05464 -0.01042 -0.99845
vn -0.02478 -0.05025 -0.99843
vn -0.04696 0.02981 -0.99845
vn 0.05552 0.00349 -0.99845
vn -0.00704 -0.05574 0.99842
vn 0.00245 -0.05565 0.99845
vn -0.05302 0.01722 0.99844
vn -0.05563 0.0035 0.99845
vn 0.05302 0.01722 0.99844
vn 0.04705 0.02986 0.99845
vn 0.01859 -0.05228 0.99846
vn -0.05475 -0.01044 0.99845
vn 0.03815 0.04063 0.99845
vn 0.03276 -0.04509 0.99845
vn -0.05044 -0.02373 0.99845
vn 0.025 0.04953 0.99846
vn -0 0.05618 0.99842
vn -0.00941 0.0549 0.99845
vn 0.04294 -0.03552 0.99845
vn -0.04295 -0.03552 0.99845
vn 0.00941 0.0549 0.99845
vn -0.02501 0.04953 0.99846
vn 0.05042 -0.02373 0.99845
vn -0.03102 -0.04601 0.99846
vn -0.03815 0.04063 0.99845
vn 0.05474 -0.01044 0.99845
vn -0.01621 -0.05329 0.99845
vn -0.04706 0.02986 0.99845
vn 0.05564 0.0035 0.99844
vt 0.102 0.50096
vt 0.102 0.16719
vt 0.0669 0.16719
vt 0.0669 0.50096
vt 0.13709 0.50096
vt 0.13709 0.16719
vt 0.38277 0.50096
vt 0.38277 0.16719
vt 0.34767 0.16719
vt 0.34767 0.50096
vt 0.83902 0.50096
vt 0.83902 0.16719
vt 0.80392 0.16719
vt 0.80392 0.50096
vt 0.76883 0.50096
vt 0.76883 0.16719
vt 0.73373 0.16719
vt 0.73373 0.50096
vt 0.90471 0.50096
vt 0.90471 0.16719
vt 0.87412 0.16719
vt 0.87412 0.50096
vt 0.59335 0.50096
vt 0.59335 0.16719
vt 0.55825 0.16719
vt 0.55825 0.50096
vt 0.52315 0.50096
vt 0.52315 0.16719
vt 0.48806 0.16719
vt 0.48806 0.50096
vt 0.66354 0.50096
vt 0.66354 0.16719
vt 0.62844 0.16719
vt 0.62844 0.50096
vt 0.24238 0.50096
vt 0.24238 0.16719
vt 0.20729 0.16719
vt 0.20729 0.50096
vt 0.17219 0.50096
vt 0.17219 0.16719
vt 0.41786 0.50096
vt 0.41786 0.16719
vt 0.31258 0.16719
vt 0.31257 0.50096
vt 0.92065 0.50096
vt 0.92065 0.16719
vt 0.69864 0.50096
vt 0.69864 0.16719
vt 0.45296 0.50096
vt 0.45296 0.16719
vt 0.27748 0.50096
vt 0.27748 0.16719
vt 0.94819 0.76237
vt 0.98556 0.76237
vt 0.98542 0.59538
vt 0.94647 0.59538
vt 0.90988 0.76237
vt 0.90723 0.59538
vt 0.63798 0.76237
vt 0.67637 0.76237
vt 0.6753 0.59538
vt 0.63599 0.59538
vt 0.1314 0.76237
vt 0.16969 0.76237
vt 0.16809 0.59538
vt 0.12895 0.59538
vt 0.2084 0.76237
vt 0.24731 0.76237
vt 0.24631 0.59538
vt 0.20741 0.59538
vt 0.05421 0.76237
vt 0.09314 0.76237
vt 0.09069 0.59538
vt 0.05257 0.59538
vt 0.40384 0.76237
vt 0.44241 0.76237
vt 0.4396 0.59538
vt 0.40071 0.59538
vt 0.48116 0.76237
vt 0.52079 0.76237
vt 0.51845 0.59538
vt 0.47875 0.59538
vt 0.32605 0.76237
vt 0.36501 0.76237
vt 0.36185 0.59538
vt 0.32307 0.59538
vt 0.79385 0.76237
vt 0.83276 0.76237
vt 0.82959 0.59538
vt 0.79086 0.59538
vt 0.87151 0.76237
vt 0.86839 0.59538
vt 0.59951 0.76237
vt 0.59696 0.59538
vt 0.71519 0.76237
vt 0.71416 0.59538
vt 0.01552 0.76237
vt 0.01549 0.59538
vt 0.28667 0.76237
vt 0.2847 0.59538
vt 0.56046 0.76237
vt 0.5581 0.59538
vt 0.75451 0.76237
vt 0.75252 0.59538
vt 0.24734 0.76628
vt 0.28672 0.76628
vt 0.52081 0.76628
vt 0.5605 0.76628
vt 0.90993 0.76628
vt 0.94832 0.76628
vt 0.20841 0.76628
vt 0.48116 0.76628
vt 0.87159 0.76628
vt 0.16968 0.76628
vt 0.44243 0.76628
vt 0.83284 0.76628
vt 0.71523 0.76628
vt 0.75456 0.76628
vt 0.13141 0.76628
vt 0.40391 0.76628
vt 0.7939 0.76628
vt 0.67639 0.76628
vt 0.09314 0.76628
vt 0.36509 0.76628
vt 0.638 0.76628
vt 0.05408 0.76628
vt 0.32611 0.76628
vt 0.59955 0.76628
vt 0.01495 0.76628
vt 0.98613 0.76628
vt 0.28465 0.59153
vt 0.24627 0.59153
vt 0.5581 0.59153
vt 0.51843 0.59153
vt 0.94658 0.59153
vt 0.90721 0.59153
vt 0.2074 0.59153
vt 0.4787 0.59153
vt 0.86832 0.59153
vt 0.16807 0.59153
vt 0.43954 0.59153
vt 0.82951 0.59153
vt 0.75248 0.59153
vt 0.71413 0.59153
vt 0.12891 0.59153
vt 0.40063 0.59153
vt 0.7908 0.59153
vt 0.67529 0.59153
vt 0.09065 0.59153
vt 0.36177 0.59153
vt 0.63598 0.59153
vt 0.05243 0.59153
vt 0.32301 0.59153
vt 0.59695 0.59153
vt 0.01495 0.59153
vt 0.98599 0.59153
usemtl mat1
f 226/226/276 227/227/276 228/228/277
f 226/226/276 228/228/277 229/229/277
f 230/230/278 231/231/278 227/227/276
f 230/230/278 227/227/276 226/226/276
f 232/232/279 233/233/279 234/234/280
f 232/232/279 234/234/280 235/235/281
f 236/236/282 237/237/282 238/238/283
f 236/236/282 238/238/283 239/239/283
f 240/240/284 241/241/285 242/242/286
f 240/240/284 242/242/286 243/243/287
f 244/244/288 245/245/288 246/246/289
f 244/244/288 246/246/289 247/247/289
f 248/248/290 249/249/290 250/250/291
f 248/248/290 250/250/291 251/251/291
f 252/252/292 253/253/292 254/254/293
f 252/252/292 254/254/293 255/255/293
f 256/256/294 257/257/295 258/258/296
f 256/256/294 258/258/296 259/259/297
f 260/260/298 261/261/299 262/262/300
f 260/260/298 262/262/300 263/263/301
f 264/264/302 265/265/302 231/231/278
f 264/264/302 231/231/278 230/230/278
f 266/266/303 267/267/303 233/233/279
f 266/266/303 233/233/279 232/232/279
f 235/235/281 234/234/280 268/268/304
f 235/235/281 268/268/304 269/269/305
f 239/239/283 238/238/283 241/241/285
f 239/239/283 241/241/285 240/240/284
f 270/270/277 271/271/277 245/245/288
f 270/270/277 245/245/288 244/244/288
f 247/247/289 246/246/289 237/237/282
f 247/247/289 237/237/282 236/236/282
f 251/251/291 250/250/291 253/253/292
f 251/251/291 253/253/292 252/252/292
f 272/272/306 273/273/306 257/257/295
f 272/272/306 257/257/295 256/256/294
f 243/243/287 242/242/286 273/273/306
f 243/243/287 273/273/306 272/272/306
f 259/259/297 258/258/296 249/249/290
f 259/259/297 249/249/290 248/248/290
f 263/263/301 262/262/300 265/265/302
f 263/263/301 265/265/302 264/264/302
f 274/274/307 275/275/307 267/267/303
f 274/274/307 267/267/303 266/266/303
f 255/255/293 254/254/293 275/275/307
f 255/255/293 275/275/307 274/274/307
f 276/276/308 277/277/309 261/261/299
f 276/276/308 261/261/299 260/260/298
f 269/269/305 268/268/304 277/277/309
f 269/269/305 277/277/309 276/276/308
f 278/278/310 279/279/311 280/280/312
f 278/278/310 280/280/312 281/281/313
f 282/282/314 278/278/310 281/281/313
f 282/282/314 281/281/313 283/283/315
f 284/284/316 285/285/317 286/286/318
f 284/284/316 286/286/318 287/287/319
f 288/288/320 289/289/321 290/290/322
f 288/288/320 290/290/322 291/291/323
f 292/292/324 293/293/325 294/294/326
f 292/292/324 294/294/326 295/295/327
f 296/296/328 297/297/329 298/298/330
f 296/296/328 298/298/330 299/299/331
f 300/300/332 301/301/333 302/302/334
f 300/300/332 302/302/334 303/303/335
f 304/304/336 305/305/337 306/306/338
f 304/304/336 306/306/338 307/307/339
f 308/308/340 309/309/341 310/310/342
f 308/308/340 310/310/342 311/311/343
f 312/312/344 313/313/345 314/314/346
f 312/312/344 314/314/346 315/315/347
f 316/316/348 282/282/314 283/283/315
f 316/316/348 283/283/315 317/317/349
f 318/318/350 284/284/316 287/287/319
f 318/318/350 287/287/319 319/319/351
f 285/285/317 320/320/352 321/321/353
f 285/285/317 321/321/353 286/286/318
f 289/289/321 292/292/324 295/295/327
f 289/289/321 295/295/327 290/290/322
f 322/322/311 296/296/328 299/299/331
f 322/322/311 299/299/331 323/323/312
f 297/297/329 288/288/320 291/291/323
f 297/297/329 291/291/323 298/298/330
f 301/301/333 304/304/336 307/307/339
f 301/301/333 307/307/339 302/302/334
f 324/324/354 308/308/340 311/311/343
f 324/324/354 311/311/343 325/325/355
f 293/293/325 324/324/354 325/325/355
f 293/293/325 325/325/355 294/294/326
f 309/309/341 300/300/332 303/303/335
f 309/309/341 303/303/335 310/310/342
f 313/313/345 316/316/348 317/317/349
f 313/313/345 317/317/349 314/314/346
f 326/326/356 318/318/350 319/319/351
f 326/326/356 319/319/351 327/327/357
f 305/305/337 326/326/356 327/327/357
f 305/305/337 327/327/357 306/306/338
f 328/328/358 312/312/344 315/315/347
f 328/328/358 315/315/347 329/329/359
f 320/320/352 328/328/358 329/329/359
f 320/320/352 329/329/359 321/321/353
f 330/330/360 331/331/361 324/324/354
f 330/330/360 324/324/354 293/293/325
f 332/332/362 333/333/363 326/326/356
f 332/332/362 326/326/356 305/305/337
f 334/334/364 335/335/365 278/278/310
f 334/334/364 278/278/310 282/282/314
f 336/336/366 330/330/360 293/293/325
f 336/336/366 293/293/325 292/292/324
f 337/337/367 332/332/362 305/305/337
f 337/337/367 305/305/337 304/304/336
f 338/338/368 334/334/364 282/282/314
f 338/338/368 282/282/314 316/316/348
f 339/339/369 336/336/366 292/292/324
f 339/339/369 292/292/324 289/289/321
f 340/340/370 337/337/367 304/304/336
f 340/340/370 304/304/336 301/301/333
f 341/341/371 338/338/368 316/316/348
f 341/341/371 316/316/348 313/313/345
f 342/342/372 343/343/373 328/328/358
f 342/342/372 328/328/358 320/320/352
f 344/344/374 339/339/369 289/289/321
f 344/344/374 289/289/321 288/288/320
f 345/345/375 340/340/370 301/301/333
f 345/345/375 301/301/333 300/300/332
f 346/346/376 341/341/371 313/313/345
f 346/346/376 313/313/345 312/312/344
f 347/347/377 342/342/372 320/320/352
f 347/347/377 320/320/352 285/285/317
f 348/348/378 344/344/374 288/288/320
f 348/348/378 288/288/320 297/297/329
f 349/349/379 345/345/375 300/300/332
f 349/349/379 300/300/332 309/309/341
f 343/343/373 346/346/376 312/312/344
f 343/343/373 312/312/344 328/328/358
f 350/350/380 347/347/377 285/285/317
f 350/350/380 285/285/317 284/284/316
f 351/351/381 348/348/378 297/297/329
f 351/351/381 297/297/329 296/296/328
f 352/352/382 349/349/379 309/309/341
f 352/352/382 309/309/341 308/308/340
f 353/353/383 350/350/380 284/284/316
f 353/353/383 284/284/316 318/318/350
f 354/354/384 351/351/381 296/296/328
f 354/354/384 296/296/328 322/322/311
f 331/331/361 352/352/382 308/308/340
f 331/331/361 308/308/340 324/324/354
f 333/333/363 353/353/383 318/318/350
f 333/333/363 318/318/350 326/326/356
f 335/335/365 355/355/384 279/279/311
f 335/335/365 279/279/311 278/278/310
f 356/356/385 357/357/386 294/294/326
f 356/356/385 294/294/326 325/325/355
f 358/358/387 359/359/388 306/306/338
f 358/358/387 306/306/338 327/327/357
f 360/360/389 361/361/390 283/283/315
f 360/360/389 283/283/315 281/281/313
f 357/357/386 362/362/391 295/295/327
f 357/357/386 295/295/327 294/294/326
f 359/359/388 363/363/392 307/307/339
f 359/359/388 307/307/339 306/306/338
f 361/361/390 364/364/393 317/317/349
f 361/361/390 317/317/349 283/283/315
f 362/362/391 365/365/394 290/290/322
f 362/362/391 290/290/322 295/295/327
f 363/363/392 366/366/395 302/302/334
f 363/363/392 302/302/334 307/307/339
f 364/364/393 367/367/396 314/314/346
f 364/364/393 314/314/346 317/317/349
f 368/368/397 369/369/398 321/321/353
f 368/368/397 321/321/353 329/329/359
f 365/365/394 370/370/399 291/291/323
f 365/365/394 291/291/323 290/290/322
f 366/366/395 371/371/400 303/303/335
f 366/366/395 303/303/335 302/302/334
f 367/367/396 372/372/401 315/315/347
f 367/367/396 315/315/347 314/314/346
f 369/369/398 373/373/402 286/286/318
f 369/369/398 286/286/318 321/321/353
f 370/370/399 374/374/403 298/298/330
f 370/370/399 298/298/330 291/291/323
f 371/371/400 375/375/404 310/310/342
f 371/371/400 310/310/342 303/303/335
f 372/372/401 368/368/397 329/329/359
f 372/372/401 329/329/359 315/315/347
f 373/373/402 376/376/405 287/287/319
f 373/373/402 287/287/319 286/286/318
f 374/374/403 377/377/406 299/299/331
f 374/374/403 299/299/331 298/298/330
f 375/375/404 378/378/407 311/311/343
f 375/375/404 311/311/343 310/310/342
f 376/376/405 379/379/408 319/319/351
f 376/376/405 319/319/351 287/287/319
f 377/377/406 380/380/409 323/323/312
f 377/377/406 323/323/312 299/299/331
f 378/378/407 356/356/385 325/325/355
f 378/378/407 325/325/355 311/311/343
f 379/379/408 358/358/387 327/327/357
f 379/379/408 327/327/357 319/319/351
f 381/381/409 360/360/389 281/281/313
f 381/381/409 281/281/313 280/280/312
# Vertices: 156, normals: 134, texture coordinates: 156, faces: 200

o obj3
v 0.92681302 0.31474496 -2.03957083
v 0.96950058 0.29491126 -2.0349658
v 0.88846675 0.18156596 -1.9557152
v 0.85111617 0.2088647 -1.96553976
v 0.32458444 0.44816147 -1.45059509
v 0.32481208 0.43773427 -1.40446453
v 0.30688478 0.59605515 -1.38693177
v 0.3078379 0.59605515 -1.43421711
v 0.97541333 0.44816189 -2.08710164
v 1.02152743 0.43773471 -2.08584775
v 0.37318483 0.31474474 -1.49812595
v 0.37683901 0.29491104 -1.45534652
v 0.99215979 0.59605564 -2.1034796
v 1.03945455 0.59605566 -2.10338039
v 0.4488817 0.20886451 -1.57215699
v 0.45787286 0.18156577 -1.5345971
v 0.54426524 1.05122511 -1.66544163
v 0.55998139 1.08331668 -1.63445874
v 0.67316965 1.10839228 -1.74515615
v 0.64999879 1.07464911 -1.76884838
v 0.97541311 0.74394934 -2.08710148
v 1.02152721 0.75437656 -2.08584759
v 0.54426539 0.14088525 -1.66544162
v 0.55998155 0.10879364 -1.63445874
v 0.44888162 0.98324585 -1.57215704
v 0.45787277 1.0105446 -1.53459715
v 0.9268126 0.87736614 -2.03957051
v 0.96950011 0.89719988 -2.03496544
v 0.64999898 0.11746119 -1.76884841
v 0.67316985 0.08371804 -1.74515618
v 0.55998155 0.10879364 -1.63445874
v 0.54426539 0.14088525 -1.66544162
v 0.37318479 0.87736568 -1.498126
v 0.37683896 0.89719938 -1.45534657
v 0.85111559 0.98324621 -1.96553933
v 0.88846613 1.01054498 -1.95571474
v 0.75573256 0.14088533 -1.87225519
v 0.78635815 0.10879369 -1.85585363
v 0.3245844 0.74394883 -1.4505951
v 0.32481205 0.75437603 -1.40446456
v 0.75573187 1.05122533 -1.87225466
v 0.7863574 1.0833169 -1.85585306
v 1.15282177 0.59605569 -2.02111457
v 1.13407134 0.43046369 -2.00277675
v 0.54453039 0.16252994 -1.42620937
v 0.45977494 0.28108072 -1.3433191
v 0.65132833 1.10569469 -1.53065724
v 0.76971487 1.13192189 -1.64643853
v 1.13407108 0.76164764 -2.00277654
v 0.65132849 0.08641565 -1.53065723
v 0.54453028 1.02958046 -1.4262094
v 1.07965458 0.91103025 -1.94955758
v 0.76971508 0.06018856 -1.64643856
v 0.65132849 0.08641565 -1.53065723
v 0.45977489 0.9110297 -1.34331915
v 0.99489904 1.02958085 -1.86666721
v 0.88810166 0.08641576 -1.76221989
v 0.40535861 0.76164708 -1.29010035
v 0.88810086 1.10569486 -1.76221928
v 0.9948997 0.16253016 -1.86666771
v 0.38660803 0.59605515 -1.27176237
v 1.07965506 0.28108094 -1.94955795
v 0.40535864 0.43046324 -1.29010032
v 1.10264855 0.15583045 -1.7634561
v 0.99420004 0.07853977 -1.65739413
v 0.48495634 0.59605517 -1.15935709
v 0.50399666 0.76420615 -1.17797843
v 0.8739837 1.14020319 -1.53982349
v 0.99419925 1.11357083 -1.65739353
v 1.18871373 0.27621333 -1.84762733
v 0.50399669 0.4279042 -1.1779784
v 1.24397093 0.42790464 -1.90166855
v 0.55925395 0.27621311 -1.23201963
v 1.26301113 0.59605572 -1.92028977
v 0.64531921 0.15583023 -1.3161909
v 0.75376762 1.11357072 -1.42225291
v 1.24397071 0.76420674 -1.90166838
v 0.75376778 0.07853966 -1.42225289
v 0.6453191 1.0362802 -1.31619093
v 1.18871325 0.9158979 -1.84762696
v 0.87398392 0.0519073 -1.53982352
v 0.75376778 0.07853966 -1.42225289
v 0.5592539 0.91589735 -1.23201969
v 1.10264789 1.03628056 -1.7634556
v 0.90437836 0.07853968 -1.26825335
v 0.7959298 0.15583026 -1.16219135
v 0.79592968 1.03628023 -1.16219139
v 0.90437821 1.11357075 -1.26825337
v 1.33932383 0.91589793 -1.69362741
v 1.39458129 0.76420676 -1.74766884
v 1.02459451 0.05190733 -1.38582398
v 0.90437836 0.07853968 -1.26825335
v 0.70986448 0.91589738 -1.07802014
v 1.25325847 1.03628058 -1.60945606
v 1.14481062 0.07853979 -1.50339458
v 0.65460724 0.76420618 -1.02397888
v 1.14480983 1.11357086 -1.50339398
v 1.25325913 0.15583048 -1.60945656
v 0.63556692 0.59605519 -1.00535754
v 1.02459429 1.14020321 -1.38582394
v 1.33932431 0.27621335 -1.69362778
v 0.65460727 0.42790423 -1.02397886
v 1.39458152 0.42790467 -1.747669
v 0.70986454 0.27621314 -1.07802009
v 1.41362172 0.59605574 -1.76629023
v 0.91221207 0.43791846 -0.80465743
v 0.89430568 0.59605525 -0.78714512
v 1.60811741 0.43791888 -1.48524846
v 1.556151 0.29526148 -1.43442562
v 0.96417849 0.29526129 -0.85548024
v 1.62602361 0.59605576 -1.50276065
v 1.04511816 0.18204776 -0.9346387
v 1.14710795 1.0827503 -1.03438423
v 1.26016461 1.10779666 -1.14495294
v 1.60811714 0.7541926 -1.48524826
v 1.14710811 0.10936021 -1.03438422
v 1.04511805 1.01006281 -0.93463873
v 1.55615054 0.89684983 -1.43442527
v 1.26016482 0.08431396 -1.14495296
v 1.14710811 0.10936021 -1.03438422
v 0.96417844 0.89684933 -0.85548029
v 1.47521078 1.01006319 -1.35526671
v 1.3732215 0.10936032 -1.25552169
v 0.91221204 0.75419205 -0.80465745
v 1.37322077 1.08275041 -1.25552114
v 1.4752114 0.18204798 -1.35526718
v 1.42109376 0.89639265 -0.38918288
v 1.50191046 1.00943422 -0.46822112
v 1.93135007 1.00943458 -0.88821035
v 2.01216693 0.89639317 -0.96724871
v 1.82951567 0.11009943 -0.78861681
v 1.71663066 0.08509105 -0.67821597
v 1.36920624 0.75395201 -0.33843719
v 1.82951494 1.08201146 -0.78861625
v 1.93135069 0.18267672 -0.88821082
v 1.35132702 0.59605532 -0.3209514
v 1.71663045 1.10701973 -0.67821594
v 2.01216739 0.29571832 -0.96724906
v 1.36920627 0.43815866 -0.33843716
v 2.06405489 0.43815908 -1.01799473
v 1.42109381 0.29571813 -0.38918283
v 2.08193395 0.59605584 -1.03548037
v 1.50191055 0.18267653 -0.46822107
v 1.60374546 1.08201135 -0.56781513
v 2.06405467 0.75395254 -1.01799457
v 1.60374562 0.11009932 -0.56781512
v 1.60374562 0.11009932 -0.56781512
v 2.17860566 0.59605586 -0.95202854
v 2.16034993 0.43483278 -0.93417453
v 1.5863632 0.17396811 -0.37281908
v 1.50384395 0.28939109 -0.2921158
v 1.69034342 1.09224873 -0.47451124
v 1.8056065 1.11778392 -0.5872378
v 2.16034967 0.75727888 -0.93417433
v 1.69034358 0.09986196 -0.47451123
v 1.58636311 1.01814264 -0.37281914
v 2.10736887 0.90272024 -0.88235946
v 1.80560671 0.07432683 -0.58723783
v 1.69034358 0.09986196 -0.47451123
v 1.5038439 0.90271969 -0.29211585
v 2.02484949 1.01814303 -0.80165605
v 1.92086979 0.09986213 -0.69996441
v 1.45086336 0.75727834 -0.24030119
v 1.92086904 1.09224884 -0.69996384
v 2.02485012 0.17396836 -0.80165653
v 1.4326074 0.59605534 -0.22244695
v 2.10736933 0.28939128 -0.88235982
v 1.45086339 0.43483235 -0.24030117
v 2.89422082 0.1739685 0.08727629
v 2.79024049 0.09986228 0.18896841
v 2.3019781 0.59605548 0.66648587
v 2.32023406 0.75727849 0.64863163
v 2.6749772 1.11778407 0.30169502
v 2.79023974 1.09224899 0.18896898
v 2.97674003 0.28939143 0.00657301
v 2.32023409 0.4348325 0.64863166
v 3.02972063 0.43483293 -0.04524171
v 2.37321465 0.28939124 0.59681703
v 3.04797636 0.59605601 -0.06309572
v 2.4557339 0.17396826 0.51611374
v 2.55971412 1.09224888 0.41442159
v 3.02972037 0.75727903 -0.0452415
v 2.55971428 0.09986211 0.4144216
v 2.45573381 1.01814279 0.51611369
v 2.97673957 0.90272038 0.00657336
v 2.67497741 0.07432698 0.30169499
v 2.55971428 0.09986211 0.4144216
v 2.3732146 0.90271984 0.59681697
v 2.89422019 1.01814318 0.08727678
v 2.61979277 0.11909857 0.46691268
v 2.51984349 0.19033176 0.56466244
v 2.51984342 1.00177931 0.56466238
v 2.61979263 1.07301239 0.46691267
v 3.0206508 0.89083159 0.07487593
v 3.07157763 0.75102872 0.02506983
v 2.73058737 0.09455345 0.35855627
v 2.61979277 0.11909857 0.46691268
v 2.44052333 0.8908311 0.64223694
v 2.94133054 1.00177967 0.15245063
v 2.84138193 0.11909868 0.25019989
v 2.3895967 0.7510282 0.69204289
v 2.84138121 1.0730125 0.25020043
v 2.94133114 0.190332 0.15245018
v 2.37204856 0.5960555 0.70920488
v 2.73058717 1.09755762 0.3585563
v 3.02065126 0.30128022 0.07487558
v 2.38959673 0.44108282 0.69204291
v 3.07157785 0.44108322 0.02506967
v 2.44052338 0.30128003 0.64223699
v 3.08912583 0.59605601 0.00790783
v 2.51342168 0.46218619 0.72576267
v 2.49826311 0.59605553 0.74058763
v 3.1025343 0.46218654 0.14961424
v 3.05854267 0.34142114 0.1926378
v 2.55741345 0.34142097 0.68273901
v 3.11769266 0.59605597 0.13478943
v 2.62593215 0.2455811 0.61572817
v 2.71227075 1.00806305 0.53128944
v 2.80797791 1.02926586 0.43768844
v 3.1025341 0.72992534 0.14961439
v 2.71227088 0.18404801 0.53128945
v 2.62593209 0.94653007 0.61572811
v 3.05854225 0.85069064 0.19263812
v 2.80797808 0.16284534 0.43768841
v 2.71227088 0.18404801 0.53128945
v 2.55741341 0.85069021 0.68273897
v 2.9900234 0.94653043 0.25964911
v 2.90368524 0.18404812 0.34408741
v 2.51342165 0.72992487 0.72576265
v 2.90368462 1.00806319 0.34408788
v 2.99002392 0.24558127 0.25964871
v 2.98527867 0.68338491 0.79088799
v 3.00877777 0.71625405 0.76790601
v 3.13364614 0.71625418 0.64578554
v 3.15714529 0.68338505 0.62280352
v 3.1040357 0.45475405 0.6747444
v 3.07121207 0.44748238 0.70684571
v 2.97019131 0.64196737 0.80564334
v 3.10403549 0.73735739 0.67474457
v 3.13364632 0.47585738 0.6457854
v 2.96499256 0.59605568 0.8107277
v 3.07121201 0.74462903 0.70684572
v 3.15714543 0.50872653 0.62280341
v 2.97019132 0.55014399 0.80564335
v 3.17223276 0.55014411 0.60804809
v 2.98527869 0.50872648 0.79088801
v 3.17743145 0.59605583 0.6029638
v 3.0087778 0.47585732 0.76790603
v 3.03838839 0.73735734 0.73894702
v 3.17223268 0.64196753 0.60804815
v 3.03838844 0.45475402 0.73894702
v 3.03838844 0.45475402 0.73894702
v 3.23635397 0.59605584 0.6600882
v 3.23107885 0.54946915 0.66524724
v 3.06522084 0.47409022 0.82745535
v 3.04137625 0.50744261 0.85077519
v 3.09526675 0.73943471 0.79807059
v 3.12857294 0.7468133 0.76549735
v 3.23107877 0.64264252 0.6652473
v 3.0952668 0.45267668 0.79807059
v 3.06522082 0.71802117 0.82745533
v 3.21576958 0.68466895 0.6802196
v 3.128573 0.44529814 0.76549734
v 3.0952668 0.45267668 0.79807059
v 3.04137624 0.6846688 0.85077518
v 3.19192494 0.7180213 0.70353949
v 3.16187919 0.4526767 0.73292409
v 3.02606707 0.64264236 0.86574746
v 3.16187897 0.73943476 0.73292426
v 3.19192513 0.47409028 0.70353935
v 3.02079189 0.59605569 0.87090656
v 3.21576972 0.50744266 0.68021949
v 3.02606707 0.54946903 0.86574747
v 3.17430804 0.75125012 0.74014236
v 3.20683 0.72807206 0.7083361
v 3.20683019 0.46403953 0.70833595
v 3.17430827 0.44086134 0.74014219
v 3.02159445 0.59605569 0.88949531
v 3.02730435 0.6464814 0.88391106
v 3.13825737 0.75923671 0.77539969
v 3.23263973 0.50014036 0.68309437
v 3.02730435 0.54562998 0.88391107
v 3.24921043 0.54563011 0.66688833
v 3.04387511 0.50014031 0.86770499
v 3.25492026 0.59605585 0.66130414
v 3.06968464 0.46403948 0.84246344
v 3.10220654 0.75125007 0.81065718
v 3.24921035 0.64648157 0.66688839
v 3.10220659 0.4408613 0.81065718
v 3.06968462 0.72807192 0.84246341
v 3.23263957 0.69197125 0.6830945
v 3.13825743 0.43287473 0.77539968
v 3.10220659 0.4408613 0.81065718
v 3.04387509 0.69197109 0.86770497
v 3.24661686 0.64124019 0.68730771
v 3.25173327 0.59605584 0.6823039
v 3.11489303 0.4569926 0.81613281
v 3.0857515 0.47776157 0.84463305
v 3.08575148 0.71434982 0.84463303
v 3.11489299 0.73511879 0.81613281
v 3.23176848 0.68200155 0.70182932
v 3.14719666 0.44983617 0.78454007
v 3.11489303 0.4569926 0.81613281
v 3.06262467 0.68200141 0.86725091
v 3.20864162 0.71434995 0.72444724
v 3.17950029 0.45699264 0.75294733
v 3.04777632 0.64124003 0.8817725
v 3.17950008 0.73511883 0.75294749
v 3.2086418 0.47776163 0.72444711
v 3.04265993 0.5960557 0.88677631
v 3.1471966 0.74227528 0.78454008
v 3.23176863 0.51011005 0.70182921
v 3.04777633 0.55087136 0.88177251
v 3.24661692 0.55087148 0.68730767
v 3.06262468 0.51011 0.86725092
v 3.30924299 0.51011006 0.78104686
v 3.28611616 0.47776165 0.80366476
v 3.12525069 0.55087138 0.96099016
v 3.12013429 0.59605571 0.96599396
v 3.32409128 0.55087149 0.76652532
v 3.14009904 0.51011002 0.94646858
v 3.32920763 0.59605586 0.76152156
v 3.16322586 0.47776158 0.9238507
v 3.19236735 0.7351188 0.89535046
v 3.22467097 0.7422753 0.86375773
v 3.32409123 0.6412402 0.76652536
v 3.1923674 0.45699261 0.89535046
v 3.16322584 0.71434984 0.92385068
v 3.30924285 0.68200156 0.78104697
v 3.22467103 0.44983619 0.86375772
v 3.1923674 0.45699261 0.89535046
v 3.14009903 0.68200142 0.94646856
v 3.28611599 0.71434996 0.80366489
v 3.25697465 0.45699265 0.83216498
v 3.12525069 0.64124004 0.96099015
v 3.25697444 0.73511884 0.83216514
v 0.79185544 0.35345761 -1.87588581
v 0.71260073 0.56174024 -1.74049495
v 0.71930943 0.57112397 -1.74705602
v 0.83928398 0.41979781 -1.92227062
v 0.4514596 0.59605522 -1.54298086
v 0.66445227 0.59605531 -1.69340606
v 0.66593643 0.58294812 -1.69485756
v 0.46195231 0.50339113 -1.55324265
v 0.72361667 0.58294815 -1.75126847
v 0.86973491 0.50339138 -1.95205146
v 0.67024369 0.57112395 -1.69907003
v 0.49240332 0.41979768 -1.58302353
v 0.72510084 0.59605535 -1.75271998
v 0.88022755 0.59605552 -1.96231321
v 0.67695238 0.56174022 -1.70563109
v 0.53983188 0.35345748 -1.62940835
v 0.66584356 0.89592254 -1.75264707
v 0.69477654 0.63847109 -1.72306302
v 0.68540583 0.63639511 -1.71389851
v 0.59959527 0.88124599 -1.68785665
v 0.72361665 0.60916256 -1.75126846
v 0.86973478 0.68871964 -1.95205136
v 0.68540584 0.55571551 -1.71389852
v 0.59959536 0.31086448 -1.68785665
v 0.67695237 0.63037041 -1.70563109
v 0.53983182 0.838653 -1.62940837
v 0.7193094 0.62098672 -1.74705599
v 0.83928369 0.7723131 -1.9222704
v 0.69477656 0.55363953 -1.72306302
v 0.66584368 0.29618796 -1.75264709
v 0.67024369 0.62098668 -1.69907004
v 0.49240329 0.7723128 -1.58302356
v 0.71260069 0.63037043 -1.74049492
v 0.79185508 0.83865322 -1.87588553
v 0.70414728 0.55571551 -1.73222753
v 0.73209199 0.31086454 -1.81743752
v 0.66593643 0.60916251 -1.69485756
v 0.46195227 0.68871932 -1.55324264
v 0.70414723 0.63639513 -1.73222749
v 0.73209156 0.8812461 -1.81743719
v 0.3245844 0.74394883 -1.4505951
v 0.3078379 0.59605515 -1.43421711
v 0.75573256 0.14088533 -1.87225519
v 0.85111617 0.2088647 -1.96553976
v 0.37318479 0.87736568 -1.498126
v 0.64999898 0.11746119 -1.76884841
v 0.9268126 0.87736614 -2.03957051
v 0.44888162 0.98324585 -1.57215704
v 0.54426539 0.14088525 -1.66544162
v 0.97541311 0.74394934 -2.08710148
v 0.54426524 1.05122511 -1.66544163
v 0.4488817 0.20886451 -1.57215699
v 0.99215979 0.59605564 -2.1034796
v 0.37318483 0.31474474 -1.49812595
v 0.97541333 0.44816189 -2.08710164
v 0.32458444 0.44816147 -1.45059509
v 0.92681302 0.31474496 -2.03957083
vn 0.2892 -0.21011 -0.93393
vn 0.72205 -0.5246 -0.45105
vn 0.5246 -0.72205 -0.45105
vn 0.21011 -0.28919 -0.93393
vn -0.33997 -0.11046 -0.93393
vn -0.84882 -0.2758 -0.45105
vn -0.8925 0 -0.45105
vn -0.35746 0 -0.93393
vn 0.33997 -0.11046 -0.93393
vn 0.84882 -0.2758 -0.45105
vn -0.28919 -0.21011 -0.93393
vn -0.72205 -0.5246 -0.45105
vn 0.35746 0 -0.93393
vn 0.8925 0 -0.45105
vn -0.21011 -0.28919 -0.93393
vn -0.5246 -0.72205 -0.45105
vn -0.11046 0.33997 -0.93393
vn -0.2758 0.84882 -0.45105
vn -0 0.8925 -0.45105
vn -0 0.35746 -0.93393
vn 0.33997 0.11046 -0.93393
vn 0.84882 0.2758 -0.45105
vn -0.11046 -0.33997 -0.93393
vn -0.2758 -0.84882 -0.45105
vn -0.21011 0.2892 -0.93393
vn -0.5246 0.72205 -0.45105
vn 0.28919 0.21011 -0.93393
vn 0.72205 0.5246 -0.45105
vn 0 -0.35746 -0.93393
vn 0 -0.8925 -0.45105
vn -0.2892 0.21011 -0.93393
vn -0.72205 0.5246 -0.45105
vn 0.21011 0.2892 -0.93393
vn 0.5246 0.72205 -0.45105
vn 0.11046 -0.33997 -0.93393
vn 0.2758 -0.84882 -0.45105
vn -0.33997 0.11046 -0.93393
vn -0.84882 0.2758 -0.45105
vn 0.11046 0.33997 -0.93393
vn 0.2758 0.84882 -0.45105
vn 0.99379 0 -0.11127
vn 0.94515 -0.3071 -0.11127
vn -0.58414 -0.80399 -0.11127
vn -0.80399 -0.58413 -0.11127
vn -0.3071 0.94515 -0.11127
vn -0 0.99379 -0.11127
vn 0.94515 0.3071 -0.11127
vn -0.3071 -0.94515 -0.11127
vn -0.58414 0.80399 -0.11127
vn 0.80399 0.58414 -0.11127
vn 0 -0.99379 -0.11127
vn -0.80399 0.58413 -0.11127
vn 0.58413 0.80399 -0.11127
vn 0.3071 -0.94515 -0.11127
vn -0.94515 0.3071 -0.11127
vn 0.3071 0.94515 -0.11127
vn 0.58414 -0.80399 -0.11127
vn -0.99379 -0 -0.11127
vn 0.80399 -0.58413 -0.11127
vn -0.94515 -0.3071 -0.11127
vn 0.58756 -0.80871 -0.02766
vn 0.3089 -0.95069 -0.02766
vn -0.99962 -0 -0.02766
vn -0.95069 0.3089 -0.02766
vn -0 0.99962 -0.02766
vn 0.3089 0.95069 -0.02766
vn 0.80871 -0.58756 -0.02766
vn -0.95069 -0.3089 -0.02766
vn 0.95069 -0.3089 -0.02766
vn -0.80871 -0.58756 -0.02766
vn 0.99962 0 -0.02766
vn -0.58756 -0.80871 -0.02766
vn -0.3089 0.95069 -0.02766
vn 0.95069 0.3089 -0.02766
vn -0.3089 -0.95069 -0.02766
vn -0.58756 0.80871 -0.02766
vn 0.80871 0.58756 -0.02766
vn 0 -0.99962 -0.02766
vn -0.80871 0.58756 -0.02766
vn 0.58756 0.80871 -0.02766
vn -0.30866 -0.94997 0.0477
vn -0.58712 -0.8081 0.0477
vn -0.58712 0.8081 0.0477
vn -0.30867 0.94997 0.0477
vn 0.8081 0.58712 0.0477
vn 0.94997 0.30867 0.0477
vn 0 -0.99886 0.0477
vn -0.8081 0.58712 0.0477
vn 0.58711 0.8081 0.0477
vn 0.30867 -0.94997 0.0477
vn -0.94997 0.30867 0.0477
vn 0.30866 0.94997 0.0477
vn 0.58712 -0.8081 0.0477
vn -0.99886 -0 0.0477
vn 0 0.99886 0.0477
vn 0.8081 -0.58712 0.0477
vn -0.94997 -0.30867 0.0477
vn 0.94997 -0.30866 0.0477
vn -0.8081 -0.58712 0.0477
vn 0.99886 0 0.0477
vn -0.94993 -0.30865 0.04875
vn -0.99881 -0 0.04875
vn 0.94993 -0.30865 0.04875
vn 0.80806 -0.58709 0.04875
vn -0.80806 -0.58709 0.04875
vn 0.99881 0 0.04875
vn -0.58709 -0.80806 0.04875
vn -0.30865 0.94993 0.04875
vn 0 0.99881 0.04875
vn 0.94993 0.30865 0.04875
vn -0.30865 -0.94993 0.04875
vn -0.58709 0.80806 0.04875
vn 0.80805 0.58709 0.04875
vn 0 -0.99881 0.04875
vn -0.80806 0.58709 0.04875
vn 0.58709 0.80806 0.04875
vn 0.30865 -0.94993 0.04875
vn -0.94993 0.30865 0.04875
vn 0.30865 0.94993 0.04875
vn 0.58709 -0.80805 0.04875
vn -0.80831 0.58727 -0.04176
vn -0.58727 0.80831 -0.04176
vn 0.58727 0.80831 -0.04176
vn 0.80831 0.58727 -0.04176
vn 0.30875 -0.95023 -0.04176
vn 0 -0.99913 -0.04176
vn -0.95023 0.30875 -0.04176
vn 0.30875 0.95023 -0.04176
vn 0.58727 -0.80831 -0.04176
vn -0.99913 0 -0.04176
vn -0 0.99913 -0.04176
vn 0.80831 -0.58727 -0.04176
vn -0.95023 -0.30875 -0.04176
vn 0.95023 -0.30875 -0.04176
vn -0.80831 -0.58727 -0.04176
vn 0.99913 0 -0.04176
vn -0.58727 -0.80831 -0.04176
vn -0.30875 0.95023 -0.04176
vn 0.95023 0.30875 -0.04176
vn -0.30875 -0.95023 -0.04176
vn 0.99912 0 -0.04201
vn 0.95022 -0.30874 -0.04201
vn -0.58727 -0.8083 -0.04201
vn -0.8083 -0.58727 -0.042
vn -0.30874 0.95022 -0.042
vn -0 0.99912 -0.042
vn 0.95022 0.30875 -0.042
vn -0.30874 -0.95022 -0.04201
vn -0.58727 0.8083 -0.042
vn 0.8083 0.58727 -0.04201
vn 0 -0.99912 -0.04201
vn -0.8083 0.58727 -0.042
vn 0.58727 0.8083 -0.042
vn 0.30874 -0.95022 -0.042
vn -0.95022 0.30874 -0.042
vn 0.30874 0.95022 -0.04201
vn 0.58727 -0.8083 -0.042
vn -0.99912 0 -0.042
vn 0.8083 -0.58727 -0.042
vn -0.95022 -0.30874 -0.042
vn 0.58334 -0.8029 0.1227
vn 0.30668 -0.94387 0.1227
vn -0.99244 0 0.1227
vn -0.94387 0.30668 0.1227
vn -0 0.99244 0.1227
vn 0.30668 0.94387 0.1227
vn 0.8029 -0.58334 0.1227
vn -0.94387 -0.30668 0.1227
vn 0.94387 -0.30668 0.1227
vn -0.8029 -0.58334 0.1227
vn 0.99244 0 0.1227
vn -0.58334 -0.8029 0.1227
vn -0.30668 0.94387 0.1227
vn 0.94387 0.30668 0.1227
vn -0.30668 -0.94387 0.1227
vn -0.58334 0.8029 0.1227
vn 0.8029 0.58334 0.1227
vn 0 -0.99244 0.1227
vn -0.8029 0.58334 0.1227
vn 0.58334 0.80291 0.1227
vn -0.2852 -0.87776 0.38496
vn -0.54249 -0.74667 0.38495
vn -0.54249 0.74667 0.38495
vn -0.2852 0.87776 0.38495
vn 0.74667 0.54249 0.38495
vn 0.87776 0.2852 0.38496
vn 0 -0.92294 0.38495
vn -0.74667 0.54249 0.38495
vn 0.54249 0.74667 0.38495
vn 0.2852 -0.87776 0.38495
vn -0.87776 0.2852 0.38495
vn 0.2852 0.87776 0.38495
vn 0.54249 -0.74667 0.38495
vn -0.92294 0 0.38495
vn 0 0.92294 0.38495
vn 0.74667 -0.54249 0.38495
vn -0.87776 -0.2852 0.38495
vn 0.87776 -0.2852 0.38496
vn -0.74667 -0.54249 0.38495
vn 0.92294 0 0.38496
vn -0.78631 -0.25549 0.56253
vn -0.82678 -0 0.56253
vn 0.78631 -0.25549 0.56253
vn 0.66888 -0.48597 0.56253
vn -0.66888 -0.48597 0.56253
vn 0.82678 0 0.56253
vn -0.48597 -0.66888 0.56253
vn -0.25549 0.78631 0.56253
vn -0 0.82678 0.56253
vn 0.78631 0.25549 0.56253
vn -0.25549 -0.78631 0.56253
vn -0.48597 0.66888 0.56253
vn 0.66888 0.48597 0.56253
vn 0 -0.82678 0.56253
vn -0.66888 0.48597 0.56253
vn 0.48597 0.66888 0.56253
vn 0.25549 -0.78631 0.56253
vn -0.78631 0.25549 0.56253
vn 0.25549 0.78631 0.56253
vn 0.48597 -0.66888 0.56253
vn -0.64534 0.46886 0.60308
vn -0.46886 0.64534 0.60308
vn 0.46886 0.64534 0.60308
vn 0.64534 0.46886 0.60308
vn 0.2465 -0.75864 0.60308
vn 0 -0.79768 0.60308
vn -0.75864 0.2465 0.60308
vn 0.24649 0.75864 0.60308
vn 0.46886 -0.64534 0.60308
vn -0.79768 0 0.60308
vn -0 0.79768 0.60308
vn 0.64534 -0.46886 0.60308
vn -0.75864 -0.2465 0.60308
vn 0.75864 -0.2465 0.60308
vn -0.64534 -0.46886 0.60308
vn 0.79768 0 0.60308
vn -0.46886 -0.64534 0.60308
vn -0.2465 0.75864 0.60308
vn 0.75864 0.2465 0.60308
vn -0.2465 -0.75864 0.60308
vn 0.99965 0 -0.02662
vn 0.99965 0 -0.02662
vn 0.95072 -0.30891 -0.02662
vn -0.58758 -0.80873 -0.02662
vn -0.58758 -0.80873 -0.02662
vn -0.80873 -0.58758 -0.02662
vn -0.30891 0.95072 -0.02662
vn -0.30891 0.95072 -0.02662
vn 0 0.99965 -0.02662
vn 0 0.99965 -0.02662
vn 0.95072 0.30891 -0.02662
vn 0.95072 0.30891 -0.02662
vn -0.30891 -0.95072 -0.02662
vn -0.30891 -0.95072 -0.02662
vn -0.58758 0.80873 -0.02662
vn -0.58758 0.80873 -0.02662
vn 0.80873 0.58758 -0.02662
vn 0.80873 0.58758 -0.02662
vn 0 -0.99965 -0.02662
vn 0 -0.99965 -0.02662
vn -0.80873 0.58758 -0.02662
vn -0.80873 0.58758 -0.02662
vn 0.58758 0.80873 -0.02662
vn 0.58758 0.80873 -0.02662
vn 0.30891 -0.95072 -0.02662
vn 0.30891 -0.95072 -0.02662
vn -0.95072 0.30891 -0.02662
vn -0.95072 0.30891 -0.02662
vn 0.30891 0.95072 -0.02662
vn 0.30891 0.95072 -0.02662
vn 0.58758 -0.80873 -0.02662
vn 0.58758 -0.80873 -0.02662
vn -0.99965 0 -0.02662
vn -0.99965 0 -0.02662
vn 0.80873 -0.58758 -0.02662
vn 0.80873 -0.58758 -0.02662
vn -0.95072 -0.30891 -0.02662
vn -0.95072 -0.30891 -0.02662
vn 0.23003 0.70799 -0.66771
vn 0.30775 0.94717 0.09035
vn 0.58538 0.80571 0.09035
vn 0.43756 0.60225 -0.66771
vn 0.43756 -0.60225 -0.66771
vn 0.58538 -0.80571 0.09035
vn 0.30775 -0.94717 0.09035
vn 0.23004 -0.70799 -0.66771
vn -0.74442 0 -0.66771
vn -0.99591 0 0.09035
vn -0.94717 0.30775 0.09034
vn -0.70798 0.23004 -0.66771
vn -0 0.74442 -0.66771
vn -0 0.99591 0.09035
vn 0.60225 -0.43756 -0.66771
vn 0.80571 -0.58538 0.09034
vn -0.70799 -0.23004 -0.66771
vn -0.94717 -0.30775 0.09034
vn 0.70799 -0.23004 -0.66771
vn 0.94717 -0.30775 0.09035
vn -0.60225 -0.43756 -0.66771
vn -0.80571 -0.58538 0.09034
vn 0.74442 0 -0.66771
vn 0.99591 0 0.09035
vn -0.43756 -0.60225 -0.66771
vn -0.58538 -0.80571 0.09035
vn -0.23004 0.70799 -0.66771
vn -0.30775 0.94717 0.09035
vn 0.70799 0.23004 -0.66771
vn 0.94717 0.30775 0.09035
vn -0.23004 -0.70799 -0.66771
vn -0.30775 -0.94717 0.09035
vn -0.43756 0.60225 -0.66771
vn -0.58538 0.80571 0.09035
vn 0.60225 0.43756 -0.66771
vn 0.80571 0.58538 0.09035
vn 0 -0.74442 -0.66771
vn -0 -0.99591 0.09035
vn -0.60224 0.43756 -0.66771
vn -0.80571 0.58538 0.09034
vn 0.57247 0.186 0.79855
vn 0.60192 0 0.79856
vn -0.18601 -0.57246 0.79855
vn -0.35381 -0.48697 0.79855
vn -0.3538 0.48697 0.79855
vn -0.18601 0.57246 0.79855
vn 0.48697 0.3538 0.79855
vn -0 -0.60192 0.79855
vn -0.48697 0.3538 0.79855
vn 0.3538 0.48697 0.79855
vn 0.186 -0.57246 0.79855
vn -0.57247 0.186 0.79855
vn 0.18601 0.57246 0.79855
vn 0.3538 -0.48697 0.79855
vn -0.60193 0 0.79855
vn 0 0.60192 0.79855
vn 0.48697 -0.3538 0.79855
vn -0.57247 -0.186 0.79855
vn 0.57246 -0.186 0.79855
vn -0.48697 -0.3538 0.79855
vn 0.80902 -0.58778 0
vn 0.58779 -0.80902 0
vn -0.95106 -0.30902 0
vn -1 0 0
vn 0.95106 -0.30902 0
vn -0.80902 -0.58778 0
vn 1 0 0
vn -0.58779 -0.80902 0
vn -0.30902 0.95106 0
vn -0 1 0
vn 0.95106 0.30902 0
vn -0.30902 -0.95106 0
vn -0.58779 0.80902 0
vn 0.80902 0.58779 0
vn 0 -1 0
vn -0.80902 0.58779 0
vn 0.58778 0.80902 0
vn 0.30902 -0.95106 0
vn -0.95106 0.30902 0
vn 0.30902 0.95106 0
vn -0.08266 0.11377 -0.99006
vn -0.05143 0.07079 -0.99616
vn -0.07079 0.05143 -0.99616
vn -0.11377 0.08266 -0.99006
vn 0.14063 0 -0.99006
vn 0.0875 0 -0.99616
vn 0.08322 0.02704 -0.99616
vn 0.13375 0.04346 -0.99006
vn -0.08322 0.02704 -0.99616
vn -0.13375 0.04346 -0.99006
vn 0.07079 0.05143 -0.99616
vn 0.11377 0.08266 -0.99006
vn -0.0875 -0 -0.99616
vn -0.14063 -0 -0.99006
vn 0.05143 0.07079 -0.99616
vn 0.08266 0.11377 -0.99006
vn 0 -0.14063 -0.99006
vn -0 -0.0875 -0.99616
vn 0.02704 -0.08322 -0.99616
vn 0.04346 -0.13375 -0.99006
vn -0.08322 -0.02704 -0.99616
vn -0.13375 -0.04346 -0.99006
vn 0.02704 0.08322 -0.99616
vn 0.04346 0.13375 -0.99006
vn 0.05143 -0.07079 -0.99616
vn 0.08266 -0.11377 -0.99006
vn -0.07079 -0.05143 -0.99616
vn -0.11377 -0.08266 -0.99006
vn -0 0.0875 -0.99616
vn -0 0.14063 -0.99006
vn 0.07079 -0.05143 -0.99616
vn 0.11377 -0.08266 -0.99006
vn -0.05143 -0.07079 -0.99616
vn -0.08266 -0.11377 -0.99006
vn -0.02704 0.08322 -0.99616
vn -0.04346 0.13375 -0.99006
vn 0.08322 -0.02704 -0.99616
vn 0.13375 -0.04346 -0.99006
vn -0.02704 -0.08322 -0.99616
vn -0.04346 -0.13375 -0.99006
vt 0.15925 0.8183
vt 0.15796 0.80784
vt 0.12376 0.81229
vt 0.12523 0.82282
vt 0.58552 0.77531
vt 0.58511 0.76546
vt 0.55288 0.76735
vt 0.55354 0.77724
vt 0.19311 0.81419
vt 0.19192 0.80379
vt 0.61734 0.77438
vt 0.61732 0.76455
vt 0.22683 0.81031
vt 0.22569 0.79995
vt 0.64894 0.7751
vt 0.64964 0.76534
vt 0.4237 0.78897
vt 0.4228 0.77887
vt 0.39002 0.78178
vt 0.39076 0.79193
vt 0.26041 0.80649
vt 0.25928 0.79619
vt 0.68047 0.77897
vt 0.6828 0.76921
vt 0.45645 0.78582
vt 0.45553 0.77577
vt 0.29383 0.80263
vt 0.29266 0.7924
vt 0.05649 0.83464
vt 0.05407 0.82382
vt 0.0174 0.83312
vt 0.02156 0.84399
vt 0.48901 0.78271
vt 0.48812 0.77272
vt 0.32702 0.79856
vt 0.32572 0.78845
vt 0.091 0.82808
vt 0.08922 0.81745
vt 0.52137 0.77979
vt 0.52056 0.76985
vt 0.35879 0.79362
vt 0.35776 0.78398
vt 0.22229 0.77108
vt 0.18839 0.77471
vt 0.65078 0.73663
vt 0.61684 0.73648
vt 0.42002 0.7508
vt 0.38735 0.75376
vt 0.2559 0.76751
vt 0.68645 0.73857
vt 0.45273 0.74779
vt 0.28923 0.76394
vt 0.04783 0.79299
vt 0.00957 0.80006
vt 0.48541 0.74482
vt 0.32223 0.76031
vt 0.08421 0.78736
vt 0.51808 0.74201
vt 0.35474 0.75672
vt 0.11951 0.78265
vt 0.55079 0.73954
vt 0.15417 0.77851
vt 0.58364 0.73759
vt 0.11576 0.75162
vt 0.07998 0.75557
vt 0.54868 0.71041
vt 0.51564 0.71302
vt 0.38458 0.7249
vt 0.35186 0.72798
vt 0.15074 0.74799
vt 0.58204 0.70818
vt 0.18515 0.74455
vt 0.61597 0.7065
vt 0.21914 0.74122
vt 0.65093 0.70555
vt 0.41728 0.72188
vt 0.25277 0.73792
vt 0.6877 0.70542
vt 0.45001 0.71886
vt 0.2861 0.7346
vt 0.04297 0.75997
vt 0.00414 0.76482
vt 0.48278 0.71588
vt 0.31912 0.73127
vt 0.68584 0.6573
vt 0.64878 0.66012
vt 0.44608 0.67746
vt 0.41333 0.68055
vt 0.28203 0.69271
vt 0.24874 0.69565
vt 0.03853 0.7123
vt 8E-05 0.71448
vt 0.47892 0.67436
vt 0.31505 0.6897
vt 0.07555 0.70968
vt 0.51194 0.67129
vt 0.34787 0.68666
vt 0.11148 0.70693
vt 0.54523 0.6683
vt 0.38062 0.68362
vt 0.1466 0.70414
vt 0.57896 0.66544
vt 0.1811 0.70135
vt 0.61336 0.66274
vt 0.21512 0.69852
vt 0.57193 0.59564
vt 0.53833 0.59955
vt 0.17629 0.63144
vt 0.14207 0.6332
vt 0.60599 0.59154
vt 0.21005 0.62948
vt 0.64054 0.58716
vt 0.40694 0.61365
vt 0.37443 0.61676
vt 0.24342 0.62733
vt 0.67557 0.58237
vt 0.43951 0.61036
vt 0.27647 0.62498
vt 0.03624 0.63693
vt 8E-05 0.63725
vt 0.47221 0.60691
vt 0.30927 0.62243
vt 0.07205 0.63602
vt 0.50512 0.60331
vt 0.3419 0.61969
vt 0.10733 0.63474
vt 0.45642 0.47482
vt 0.42494 0.4791
vt 0.29993 0.49112
vt 0.26847 0.49282
vt 0.07151 0.49259
vt 0.03661 0.49118
vt 0.48817 0.47005
vt 0.33122 0.48889
vt 0.1057 0.49375
vt 0.52028 0.46482
vt 0.36243 0.48615
vt 0.13926 0.49451
vt 0.55283 0.45916
vt 0.17223 0.49483
vt 0.5859 0.45314
vt 0.20471 0.49467
vt 0.61952 0.44686
vt 0.39364 0.48288
vt 0.23676 0.494
vt 0.6536 0.44062
vt 0.00091 0.48975
vt 0.20453 0.46936
vt 0.17247 0.46916
vt 0.61438 0.42003
vt 0.58081 0.42687
vt 0.39083 0.45838
vt 0.36006 0.46168
vt 0.23615 0.469
vt 0.64883 0.41294
vt 0.4217 0.45449
vt 0.26742 0.46806
vt 0.03804 0.46317
vt 0.00215 0.46063
vt 0.45275 0.45002
vt 0.29844 0.46652
vt 0.07281 0.46535
vt 0.48409 0.445
vt 0.32929 0.4644
vt 0.10671 0.46712
vt 0.51581 0.43944
vt 0.1399 0.4684
vt 0.54801 0.43337
vt 0.13415 0.23119
vt 0.10503 0.22131
vt 0.46179 0.21729
vt 0.43595 0.22705
vt 0.33724 0.25026
vt 0.31295 0.25265
vt 0.16174 0.23897
vt 0.4886 0.20554
vt 0.18827 0.24492
vt 0.51686 0.19146
vt 0.21404 0.24926
vt 0.54734 0.17472
vt 0.36156 0.24657
vt 0.23925 0.25212
vt 0.58145 0.15549
vt 0.38602 0.24153
vt 0.26406 0.2536
vt 0.0736 0.20894
vt 0.03825 0.19383
vt 0.41076 0.23507
vt 0.28859 0.25377
vt 0.57003 0.13638
vt 0.53742 0.15876
vt 0.38296 0.2291
vt 0.35922 0.23422
vt 0.26444 0.24108
vt 0.24034 0.23943
vt 0.08118 0.19246
vt 0.04793 0.17463
vt 0.40691 0.22248
vt 0.28829 0.24136
vt 0.11095 0.20618
vt 0.43122 0.21422
vt 0.31198 0.24031
vt 0.13877 0.21692
vt 0.45607 0.2041
vt 0.3356 0.23794
vt 0.1653 0.2253
vt 0.48172 0.19181
vt 0.19092 0.23169
vt 0.50858 0.1769
vt 0.21587 0.23634
vt 0.46927 0.16965
vt 0.4459 0.18257
vt 0.196 0.20992
vt 0.17209 0.20298
vt 0.49321 0.15373
vt 0.21945 0.21499
vt 0.51799 0.13378
vt 0.35528 0.21367
vt 0.3329 0.21742
vt 0.24255 0.2184
vt 0.54445 0.10749
vt 0.3777 0.20846
vt 0.26538 0.22027
vt 0.09617 0.16677
vt 0.0691 0.14647
vt 0.40022 0.20166
vt 0.288 0.22071
vt 0.12236 0.18205
vt 0.42292 0.19312
vt 0.31049 0.21976
vt 0.1476 0.19385
vt 0.35783 0.08399
vt 0.34479 0.08815
vt 0.29034 0.09618
vt 0.27643 0.09603
vt 0.19511 0.07655
vt 0.18302 0.07002
vt 0.3705 0.07899
vt 0.30418 0.09546
vt 0.20794 0.08209
vt 0.38269 0.07313
vt 0.3179 0.09389
vt 0.22124 0.08668
vt 0.39428 0.06645
vt 0.23484 0.09036
vt 0.4051 0.05896
vt 0.24862 0.09313
vt 0.41491 0.05072
vt 0.33146 0.09145
vt 0.26251 0.09502
vt 0.42338 0.04174
vt 0.1723 0.06252
vt 0.25306 0.06971
vt 0.24073 0.06715
vt 0.40222 0.03425
vt 0.39299 0.04082
vt 0.32704 0.06862
vt 0.31496 0.07076
vt 0.26548 0.0715
vt 0.41095 0.02768
vt 0.33892 0.06572
vt 0.27792 0.07249
vt 0.19375 0.04983
vt 0.18268 0.04424
vt 0.35053 0.06208
vt 0.29035 0.0727
vt 0.205 0.05506
vt 0.36181 0.05771
vt 0.30271 0.07212
vt 0.21662 0.05977
vt 0.3727 0.05267
vt 0.22856 0.06382
vt 0.38312 0.04701
vt 0.30234 0.06743
vt 0.29028 0.06797
vt 0.21827 0.05527
vt 0.20687 0.0507
vt 0.37067 0.0486
vt 0.36002 0.05348
vt 0.31429 0.06612
vt 0.22996 0.05922
vt 0.38087 0.04312
vt 0.24185 0.06248
vt 0.39059 0.03716
vt 0.25389 0.065
vt 0.3998 0.03088
vt 0.32608 0.06405
vt 0.26601 0.06676
vt 0.40895 0.02415
vt 0.33767 0.06124
vt 0.27815 0.06775
vt 0.19584 0.04553
vt 0.18467 0.03961
vt 0.349 0.05771
vt 0.26662 0.06145
vt 0.25484 0.05971
vt 0.40547 0.02046
vt 0.39694 0.02688
vt 0.33629 0.05622
vt 0.32502 0.05893
vt 0.27843 0.06244
vt 0.19812 0.0409
vt 0.18782 0.03548
vt 0.34731 0.05281
vt 0.29022 0.06268
vt 0.20897 0.04578
vt 0.35803 0.04872
vt 0.30194 0.06217
vt 0.22013 0.05021
vt 0.36841 0.04401
vt 0.31356 0.06092
vt 0.23154 0.05406
vt 0.37838 0.03874
vt 0.24312 0.05724
vt 0.3879 0.033
vt 0.23977 0.02741
vt 0.22972 0.02388
vt 0.36627 0.01578
vt 0.3574 0.02027
vt 0.24984 0.03037
vt 0.37494 0.01085
vt 0.25993 0.0327
vt 0.38341 0.00558
vt 0.31988 0.03285
vt 0.31009 0.03447
vt 0.27003 0.03438
vt 0.39171 8E-05
vt 0.32953 0.0306
vt 0.28012 0.0354
vt 0.20969 0.0154
vt 0.19942 0.01061
vt 0.33901 0.02773
vt 0.29017 0.03575
vt 0.21969 0.01985
vt 0.34831 0.02428
vt 0.30017 0.03544
vt 0.3258 0.93425
vt 0.36062 0.90298
vt 0.35861 0.89988
vt 0.31583 0.91885
vt 0.42669 0.90721
vt 0.3809 0.89755
vt 0.37958 0.90099
vt 0.42014 0.92434
vt 0.35766 0.89632
vt 0.31111 0.90111
vt 0.37726 0.90386
vt 0.4086 0.93861
vt 0.35786 0.89263
vt 0.31211 0.88278
vt 0.37417 0.90586
vt 0.39322 0.94861
vt 0.38129 0.83775
vt 0.37182 0.88357
vt 0.37526 0.88489
vt 0.39848 0.84427
vt 0.35919 0.88919
vt 0.31874 0.86565
vt 0.37061 0.90682
vt 0.3755 0.95337
vt 0.37813 0.88721
vt 0.41279 0.85578
vt 0.36152 0.88633
vt 0.33035 0.8514
vt 0.36692 0.90662
vt 0.35718 0.9524
vt 0.38014 0.8903
vt 0.42284 0.87115
vt 0.36462 0.88433
vt 0.34582 0.84145
vt 0.36348 0.9053
vt 0.34005 0.94582
vt 0.38109 0.89386
vt 0.42763 0.88888
vt 0.36814 0.88338
vt 0.36347 0.8385
vt 0.47416 0.88389
vt 0.47249 0.91686
vt 0.31662 0.98633
vt 0.29099 0.96553
vt 0.46554 0.852
vt 0.34743 0.99818
vt 0.29918 0.81647
vt 0.44746 0.82435
vt 0.3804 0.99992
vt 0.27829 0.8421
vt 0.42169 0.80364
vt 0.41228 0.99137
vt 0.26636 0.87292
vt 0.43995 0.97337
vt 0.26455 0.9059
vt 0.4607 0.9477
vt 0.27305 0.93782
usemtl mat2
f 382/382/410 383/383/411 384/384/412
f 382/382/410 384/384/412 385/385/413
f 386/386/414 387/387/415 388/388/416
f 386/386/414 388/388/416 389/389/417
f 390/390/418 391/391/419 383/383/411
f 390/390/418 383/383/411 382/382/410
f 392/392/420 393/393/421 387/387/415
f 392/392/420 387/387/415 386/386/414
f 394/394/422 395/395/423 391/391/419
f 394/394/422 391/391/419 390/390/418
f 396/396/424 397/397/425 393/393/421
f 396/396/424 393/393/421 392/392/420
f 398/398/426 399/399/427 400/400/428
f 398/398/426 400/400/428 401/401/429
f 402/402/430 403/403/431 395/395/423
f 402/402/430 395/395/423 394/394/422
f 404/404/432 405/405/433 397/397/425
f 404/404/432 397/397/425 396/396/424
f 406/406/434 407/407/435 399/399/427
f 406/406/434 399/399/427 398/398/426
f 408/408/436 409/409/437 403/403/431
f 408/408/436 403/403/431 402/402/430
f 410/410/438 411/411/439 412/412/433
f 410/410/438 412/412/433 413/413/432
f 414/414/440 415/415/441 407/407/435
f 414/414/440 407/407/435 406/406/434
f 416/416/442 417/417/443 409/409/437
f 416/416/442 409/409/437 408/408/436
f 418/418/444 419/419/445 411/411/439
f 418/418/444 411/411/439 410/410/438
f 420/420/446 421/421/447 415/415/441
f 420/420/446 415/415/441 414/414/440
f 422/422/448 423/423/449 417/417/443
f 422/422/448 417/417/443 416/416/442
f 385/385/413 384/384/412 419/419/445
f 385/385/413 419/419/445 418/418/444
f 389/389/417 388/388/416 421/421/447
f 389/389/417 421/421/447 420/420/446
f 401/401/429 400/400/428 423/423/449
f 401/401/429 423/423/449 422/422/448
f 395/395/423 424/424/450 425/425/451
f 395/395/423 425/425/451 391/391/419
f 397/397/425 426/426/452 427/427/453
f 397/397/425 427/427/453 393/393/421
f 399/399/427 428/428/454 429/429/455
f 399/399/427 429/429/455 400/400/428
f 403/403/431 430/430/456 424/424/450
f 403/403/431 424/424/450 395/395/423
f 405/405/433 431/431/457 426/426/452
f 405/405/433 426/426/452 397/397/425
f 407/407/435 432/432/458 428/428/454
f 407/407/435 428/428/454 399/399/427
f 409/409/437 433/433/459 430/430/456
f 409/409/437 430/430/456 403/403/431
f 411/411/439 434/434/460 435/435/457
f 411/411/439 435/435/457 412/412/433
f 415/415/441 436/436/461 432/432/458
f 415/415/441 432/432/458 407/407/435
f 417/417/443 437/437/462 433/433/459
f 417/417/443 433/433/459 409/409/437
f 419/419/445 438/438/463 434/434/460
f 419/419/445 434/434/460 411/411/439
f 421/421/447 439/439/464 436/436/461
f 421/421/447 436/436/461 415/415/441
f 423/423/449 440/440/465 437/437/462
f 423/423/449 437/437/462 417/417/443
f 384/384/412 441/441/466 438/438/463
f 384/384/412 438/438/463 419/419/445
f 388/388/416 442/442/467 439/439/464
f 388/388/416 439/439/464 421/421/447
f 400/400/428 429/429/455 440/440/465
f 400/400/428 440/440/465 423/423/449
f 383/383/411 443/443/468 441/441/466
f 383/383/411 441/441/466 384/384/412
f 387/387/415 444/444/469 442/442/467
f 387/387/415 442/442/467 388/388/416
f 391/391/419 425/425/451 443/443/468
f 391/391/419 443/443/468 383/383/411
f 393/393/421 427/427/453 444/444/469
f 393/393/421 444/444/469 387/387/415
f 441/441/466 445/445/470 446/446/471
f 441/441/466 446/446/471 438/438/463
f 442/442/467 447/447/472 448/448/473
f 442/442/467 448/448/473 439/439/464
f 429/429/455 449/449/474 450/450/475
f 429/429/455 450/450/475 440/440/465
f 443/443/468 451/451/476 445/445/470
f 443/443/468 445/445/470 441/441/466
f 444/444/469 452/452/477 447/447/472
f 444/444/469 447/447/472 442/442/467
f 425/425/451 453/453/478 451/451/476
f 425/425/451 451/451/476 443/443/468
f 427/427/453 454/454/479 452/452/477
f 427/427/453 452/452/477 444/444/469
f 424/424/450 455/455/480 453/453/478
f 424/424/450 453/453/478 425/425/451
f 426/426/452 456/456/481 454/454/479
f 426/426/452 454/454/479 427/427/453
f 428/428/454 457/457/482 449/449/474
f 428/428/454 449/449/474 429/429/455
f 430/430/456 458/458/483 455/455/480
f 430/430/456 455/455/480 424/424/450
f 431/431/457 459/459/484 456/456/481
f 431/431/457 456/456/481 426/426/452
f 432/432/458 460/460/485 457/457/482
f 432/432/458 457/457/482 428/428/454
f 433/433/459 461/461/486 458/458/483
f 433/433/459 458/458/483 430/430/456
f 434/434/460 462/462/487 463/463/484
f 434/434/460 463/463/484 435/435/457
f 436/436/461 464/464/488 460/460/485
f 436/436/461 460/460/485 432/432/458
f 437/437/462 465/465/489 461/461/486
f 437/437/462 461/461/486 433/433/459
f 438/438/463 446/446/471 462/462/487
f 438/438/463 462/462/487 434/434/460
f 439/439/464 448/448/473 464/464/488
f 439/439/464 464/464/488 436/436/461
f 440/440/465 450/450/475 465/465/489
f 440/440/465 465/465/489 437/437/462
f 459/459/484 466/466/490 467/467/491
f 459/459/484 467/467/491 456/456/481
f 460/460/485 468/468/492 469/469/493
f 460/460/485 469/469/493 457/457/482
f 461/461/486 470/470/494 471/471/495
f 461/461/486 471/471/495 458/458/483
f 462/462/487 472/472/496 473/473/490
f 462/462/487 473/473/490 463/463/484
f 464/464/488 474/474/497 468/468/492
f 464/464/488 468/468/492 460/460/485
f 465/465/489 475/475/498 470/470/494
f 465/465/489 470/470/494 461/461/486
f 446/446/471 476/476/499 472/472/496
f 446/446/471 472/472/496 462/462/487
f 448/448/473 477/477/500 474/474/497
f 448/448/473 474/474/497 464/464/488
f 450/450/475 478/478/501 475/475/498
f 450/450/475 475/475/498 465/465/489
f 445/445/470 479/479/502 476/476/499
f 445/445/470 476/476/499 446/446/471
f 447/447/472 480/480/503 477/477/500
f 447/447/472 477/477/500 448/448/473
f 449/449/474 481/481/504 478/478/501
f 449/449/474 478/478/501 450/450/475
f 451/451/476 482/482/505 479/479/502
f 451/451/476 479/479/502 445/445/470
f 452/452/477 483/483/506 480/480/503
f 452/452/477 480/480/503 447/447/472
f 453/453/478 484/484/507 482/482/505
f 453/453/478 482/482/505 451/451/476
f 454/454/479 485/485/508 483/483/506
f 454/454/479 483/483/506 452/452/477
f 455/455/480 486/486/509 484/484/507
f 455/455/480 484/484/507 453/453/478
f 456/456/481 467/467/491 485/485/508
f 456/456/481 485/485/508 454/454/479
f 457/457/482 469/469/493 481/481/504
f 457/457/482 481/481/504 449/449/474
f 458/458/483 471/471/495 486/486/509
f 458/458/483 486/486/509 455/455/480
f 483/483/506 487/487/510 488/488/511
f 483/483/506 488/488/511 480/480/503
f 484/484/507 489/489/512 490/490/513
f 484/484/507 490/490/513 482/482/505
f 485/485/508 491/491/514 487/487/510
f 485/485/508 487/487/510 483/483/506
f 486/486/509 492/492/515 489/489/512
f 486/486/509 489/489/512 484/484/507
f 467/467/491 493/493/516 491/491/514
f 467/467/491 491/491/514 485/485/508
f 469/469/493 494/494/517 495/495/518
f 469/469/493 495/495/518 481/481/504
f 471/471/495 496/496/519 492/492/515
f 471/471/495 492/492/515 486/486/509
f 466/466/490 497/497/520 493/493/516
f 466/466/490 493/493/516 467/467/491
f 468/468/492 498/498/521 494/494/517
f 468/468/492 494/494/517 469/469/493
f 470/470/494 499/499/522 496/496/519
f 470/470/494 496/496/519 471/471/495
f 472/472/496 500/500/523 501/501/520
f 472/472/496 501/501/520 473/473/490
f 474/474/497 502/502/524 498/498/521
f 474/474/497 498/498/521 468/468/492
f 475/475/498 503/503/525 499/499/522
f 475/475/498 499/499/522 470/470/494
f 476/476/499 504/504/526 500/500/523
f 476/476/499 500/500/523 472/472/496
f 477/477/500 505/505/527 502/502/524
f 477/477/500 502/502/524 474/474/497
f 478/478/501 506/506/528 503/503/525
f 478/478/501 503/503/525 475/475/498
f 479/479/502 507/507/529 504/504/526
f 479/479/502 504/504/526 476/476/499
f 480/480/503 488/488/511 505/505/527
f 480/480/503 505/505/527 477/477/500
f 481/481/504 495/495/518 506/506/528
f 481/481/504 506/506/528 478/478/501
f 482/482/505 490/490/513 507/507/529
f 482/482/505 507/507/529 479/479/502
f 502/502/524 508/508/530 509/509/531
f 502/502/524 509/509/531 498/498/521
f 503/503/525 510/510/532 511/511/533
f 503/503/525 511/511/533 499/499/522
f 504/504/526 512/512/534 513/513/535
f 504/504/526 513/513/535 500/500/523
f 505/505/527 514/514/536 508/508/530
f 505/505/527 508/508/530 502/502/524
f 506/506/528 515/515/537 510/510/532
f 506/506/528 510/510/532 503/503/525
f 507/507/529 516/516/538 512/512/534
f 507/507/529 512/512/534 504/504/526
f 488/488/511 517/517/539 514/514/536
f 488/488/511 514/514/536 505/505/527
f 495/495/518 518/518/540 515/515/537
f 495/495/518 515/515/537 506/506/528
f 490/490/513 519/519/541 516/516/538
f 490/490/513 516/516/538 507/507/529
f 487/487/510 520/520/542 517/517/539
f 487/487/510 517/517/539 488/488/511
f 489/489/512 521/521/543 519/519/541
f 489/489/512 519/519/541 490/490/513
f 491/491/514 522/522/544 520/520/542
f 491/491/514 520/520/542 487/487/510
f 492/492/515 523/523/545 521/521/543
f 492/492/515 521/521/543 489/489/512
f 493/493/516 524/524/546 522/522/544
f 493/493/516 522/522/544 491/491/514
f 494/494/517 525/525/547 518/518/540
f 494/494/517 518/518/540 495/495/518
f 496/496/519 526/526/548 523/523/545
f 496/496/519 523/523/545 492/492/515
f 497/497/520 527/527/549 524/524/546
f 497/497/520 524/524/546 493/493/516
f 498/498/521 509/509/531 525/525/547
f 498/498/521 525/525/547 494/494/517
f 499/499/522 511/511/533 526/526/548
f 499/499/522 526/526/548 496/496/519
f 500/500/523 513/513/535 528/528/549
f 500/500/523 528/528/549 501/501/520
f 523/523/545 529/529/550 530/530/551
f 523/523/545 530/530/551 521/521/543
f 524/524/546 531/531/552 532/532/553
f 524/524/546 532/532/553 522/522/544
f 525/525/547 533/533/554 534/534/555
f 525/525/547 534/534/555 518/518/540
f 526/526/548 535/535/556 529/529/550
f 526/526/548 529/529/550 523/523/545
f 527/527/549 536/536/557 531/531/552
f 527/527/549 531/531/552 524/524/546
f 509/509/531 537/537/558 533/533/554
f 509/509/531 533/533/554 525/525/547
f 511/511/533 538/538/559 535/535/556
f 511/511/533 535/535/556 526/526/548
f 513/513/535 539/539/560 540/540/557
f 513/513/535 540/540/557 528/528/549
f 508/508/530 541/541/561 537/537/558
f 508/508/530 537/537/558 509/509/531
f 510/510/532 542/542/562 538/538/559
f 510/510/532 538/538/559 511/511/533
f 512/512/534 543/543/563 539/539/560
f 512/512/534 539/539/560 513/513/535
f 514/514/536 544/544/564 541/541/561
f 514/514/536 541/541/561 508/508/530
f 515/515/537 545/545/565 542/542/562
f 515/515/537 542/542/562 510/510/532
f 516/516/538 546/546/566 543/543/563
f 516/516/538 543/543/563 512/512/534
f 517/517/539 547/547/567 544/544/564
f 517/517/539 544/544/564 514/514/536
f 518/518/540 534/534/555 545/545/565
f 518/518/540 545/545/565 515/515/537
f 519/519/541 548/548/568 546/546/566
f 519/519/541 546/546/566 516/516/538
f 520/520/542 549/549/569 547/547/567
f 520/520/542 547/547/567 517/517/539
f 521/521/543 530/530/551 548/548/568
f 521/521/543 548/548/568 519/519/541
f 522/522/544 532/532/553 549/549/569
f 522/522/544 549/549/569 520/520/542
f 546/546/566 550/550/570 551/551/571
f 546/546/566 551/551/571 543/543/563
f 547/547/567 552/552/572 553/553/573
f 547/547/567 553/553/573 544/544/564
f 534/534/555 554/554/574 555/555/575
f 534/534/555 555/555/575 545/545/565
f 548/548/568 556/556/576 550/550/570
f 548/548/568 550/550/570 546/546/566
f 549/549/569 557/557/577 552/552/572
f 549/549/569 552/552/572 547/547/567
f 530/530/551 558/558/578 556/556/576
f 530/530/551 556/556/576 548/548/568
f 532/532/553 559/559/579 557/557/577
f 532/532/553 557/557/577 549/549/569
f 529/529/550 560/560/580 558/558/578
f 529/529/550 558/558/578 530/530/551
f 531/531/552 561/561/581 559/559/579
f 531/531/552 559/559/579 532/532/553
f 533/533/554 562/562/582 554/554/574
f 533/533/554 554/554/574 534/534/555
f 535/535/556 563/563/583 560/560/580
f 535/535/556 560/560/580 529/529/550
f 536/536/557 564/564/584 561/561/581
f 536/536/557 561/561/581 531/531/552
f 537/537/558 565/565/585 562/562/582
f 537/537/558 562/562/582 533/533/554
f 538/538/559 566/566/586 563/563/583
f 538/538/559 563/563/583 535/535/556
f 539/539/560 567/567/587 568/568/584
f 539/539/560 568/568/584 540/540/557
f 541/541/561 569/569/588 565/565/585
f 541/541/561 565/565/585 537/537/558
f 542/542/562 570/570/589 566/566/586
f 542/542/562 566/566/586 538/538/559
f 543/543/563 551/551/571 567/567/587
f 543/543/563 567/567/587 539/539/560
f 544/544/564 553/553/573 569/569/588
f 544/544/564 569/569/588 541/541/561
f 545/545/565 555/555/575 570/570/589
f 545/545/565 570/570/589 542/542/562
f 564/564/584 571/571/590 572/572/591
f 564/564/584 572/572/591 561/561/581
f 565/565/585 573/573/592 574/574/593
f 565/565/585 574/574/593 562/562/582
f 566/566/586 575/575/594 576/576/595
f 566/566/586 576/576/595 563/563/583
f 567/567/587 577/577/596 578/578/590
f 567/567/587 578/578/590 568/568/584
f 569/569/588 579/579/597 573/573/592
f 569/569/588 573/573/592 565/565/585
f 570/570/589 580/580/598 575/575/594
f 570/570/589 575/575/594 566/566/586
f 551/551/571 581/581/599 577/577/596
f 551/551/571 577/577/596 567/567/587
f 553/553/573 582/582/600 579/579/597
f 553/553/573 579/579/597 569/569/588
f 555/555/575 583/583/601 580/580/598
f 555/555/575 580/580/598 570/570/589
f 550/550/570 584/584/602 581/581/599
f 550/550/570 581/581/599 551/551/571
f 552/552/572 585/585/603 582/582/600
f 552/552/572 582/582/600 553/553/573
f 554/554/574 586/586/604 583/583/601
f 554/554/574 583/583/601 555/555/575
f 556/556/576 587/587/605 584/584/602
f 556/556/576 584/584/602 550/550/570
f 557/557/577 588/588/606 585/585/603
f 557/557/577 585/585/603 552/552/572
f 558/558/578 589/589/607 587/587/605
f 558/558/578 587/587/605 556/556/576
f 559/559/579 590/590/608 588/588/606
f 559/559/579 588/588/606 557/557/577
f 560/560/580 591/591/609 589/589/607
f 560/560/580 589/589/607 558/558/578
f 561/561/581 572/572/591 590/590/608
f 561/561/581 590/590/608 559/559/579
f 562/562/582 574/574/593 586/586/604
f 562/562/582 586/586/604 554/554/574
f 563/563/583 576/576/595 591/591/609
f 563/563/583 591/591/609 560/560/580
f 588/588/606 592/592/610 593/593/611
f 588/588/606 593/593/611 585/585/603
f 589/589/607 594/594/612 595/595/613
f 589/589/607 595/595/613 587/587/605
f 590/590/608 596/596/614 592/592/610
f 590/590/608 592/592/610 588/588/606
f 591/591/609 597/597/615 594/594/612
f 591/591/609 594/594/612 589/589/607
f 572/572/591 598/598/616 596/596/614
f 572/572/591 596/596/614 590/590/608
f 574/574/593 599/599/617 600/600/618
f 574/574/593 600/600/618 586/586/604
f 576/576/595 601/601/619 597/597/615
f 576/576/595 597/597/615 591/591/609
f 571/571/590 602/602/620 598/598/616
f 571/571/590 598/598/616 572/572/591
f 573/573/592 603/603/621 599/599/617
f 573/573/592 599/599/617 574/574/593
f 575/575/594 604/604/622 601/601/619
f 575/575/594 601/601/619 576/576/595
f 577/577/596 605/605/623 606/606/620
f 577/577/596 606/606/620 578/578/590
f 579/579/597 607/607/624 603/603/621
f 579/579/597 603/603/621 573/573/592
f 580/580/598 608/608/625 604/604/622
f 580/580/598 604/604/622 575/575/594
f 581/581/599 609/609/626 605/605/623
f 581/581/599 605/605/623 577/577/596
f 582/582/600 610/610/627 607/607/624
f 582/582/600 607/607/624 579/579/597
f 583/583/601 611/611/628 608/608/625
f 583/583/601 608/608/625 580/580/598
f 584/584/602 612/612/629 609/609/626
f 584/584/602 609/609/626 581/581/599
f 585/585/603 593/593/611 610/610/627
f 585/585/603 610/610/627 582/582/600
f 586/586/604 600/600/618 611/611/628
f 586/586/604 611/611/628 583/583/601
f 587/587/605 595/595/613 612/612/629
f 587/587/605 612/612/629 584/584/602
f 607/607/624 613/613/630 614/614/631
f 607/607/624 614/614/631 603/603/621
f 608/608/625 615/615/632 616/616/633
f 608/608/625 616/616/633 604/604/622
f 609/609/626 617/617/634 618/618/635
f 609/609/626 618/618/635 605/605/623
f 610/610/627 619/619/636 613/613/630
f 610/610/627 613/613/630 607/607/624
f 611/611/628 620/620/637 615/615/632
f 611/611/628 615/615/632 608/608/625
f 612/612/629 621/621/638 617/617/634
f 612/612/629 617/617/634 609/609/626
f 593/593/611 622/622/639 619/619/636
f 593/593/611 619/619/636 610/610/627
f 600/600/618 623/623/640 620/620/637
f 600/600/618 620/620/637 611/611/628
f 595/595/613 624/624/641 621/621/638
f 595/595/613 621/621/638 612/612/629
f 592/592/610 625/625/642 622/622/639
f 592/592/610 622/622/639 593/593/611
f 594/594/612 626/626/643 624/624/641
f 594/594/612 624/624/641 595/595/613
f 596/596/614 627/627/644 625/625/642
f 596/596/614 625/625/642 592/592/610
f 597/597/615 628/628/645 626/626/643
f 597/597/615 626/626/643 594/594/612
f 598/598/616 629/629/646 627/627/644
f 598/598/616 627/627/644 596/596/614
f 599/599/617 630/630/647 623/623/640
f 599/599/617 623/623/640 600/600/618
f 601/601/619 631/631/648 628/628/645
f 601/601/619 628/628/645 597/597/615
f 602/602/620 632/632/649 629/629/646
f 602/602/620 629/629/646 598/598/616
f 603/603/621 614/614/631 630/630/647
f 603/603/621 630/630/647 599/599/617
f 604/604/622 616/616/633 631/631/648
f 604/604/622 631/631/648 601/601/619
f 605/605/623 618/618/635 633/633/649
f 605/605/623 633/633/649 606/606/620
f 628/628/650 634/634/651 635/635/652
f 628/628/650 635/635/652 626/626/652
f 629/629/653 636/636/654 637/637/655
f 629/629/653 637/637/655 627/627/655
f 630/630/656 638/638/657 639/639/658
f 630/630/656 639/639/658 623/623/659
f 631/631/660 640/640/661 634/634/651
f 631/631/660 634/634/651 628/628/650
f 632/632/662 641/641/663 636/636/654
f 632/632/662 636/636/654 629/629/653
f 614/614/664 642/642/665 638/638/657
f 614/614/664 638/638/657 630/630/656
f 616/616/666 643/643/667 640/640/661
f 616/616/666 640/640/661 631/631/660
f 618/618/668 644/644/669 645/645/663
f 618/618/668 645/645/663 633/633/662
f 613/613/670 646/646/671 642/642/665
f 613/613/670 642/642/665 614/614/664
f 615/615/672 647/647/673 643/643/667
f 615/615/672 643/643/667 616/616/666
f 617/617/674 648/648/675 644/644/669
f 617/617/674 644/644/669 618/618/668
f 619/619/676 649/649/677 646/646/671
f 619/619/676 646/646/671 613/613/670
f 620/620/678 650/650/679 647/647/673
f 620/620/678 647/647/673 615/615/672
f 621/621/680 651/651/681 648/648/675
f 621/621/680 648/648/675 617/617/674
f 622/622/682 652/652/683 649/649/677
f 622/622/682 649/649/677 619/619/676
f 623/623/659 639/639/658 650/650/679
f 623/623/659 650/650/679 620/620/678
f 624/624/684 653/653/685 651/651/681
f 624/624/684 651/651/681 621/621/680
f 625/625/686 654/654/687 652/652/683
f 625/625/686 652/652/683 622/622/682
f 626/626/652 635/635/652 653/653/685
f 626/626/652 653/653/685 624/624/684
f 627/627/655 637/637/655 654/654/687
f 627/627/655 654/654/687 625/625/686
f 650/650/688 655/655/689 656/656/690
f 650/650/688 656/656/690 647/647/691
f 651/651/692 657/657/693 658/658/694
f 651/651/692 658/658/694 648/648/695
f 652/652/696 659/659/697 660/660/698
f 652/652/696 660/660/698 649/649/699
f 639/639/700 661/661/701 655/655/689
f 639/639/700 655/655/689 650/650/688
f 653/653/702 662/662/703 657/657/693
f 653/653/702 657/657/693 651/651/692
f 654/654/704 663/663/705 659/659/697
f 654/654/704 659/659/697 652/652/696
f 635/635/706 664/664/707 662/662/703
f 635/635/706 662/662/703 653/653/702
f 637/637/708 665/665/709 663/663/705
f 637/637/708 663/663/705 654/654/704
f 634/634/710 666/666/711 664/664/707
f 634/634/710 664/664/707 635/635/706
f 636/636/712 667/667/713 665/665/709
f 636/636/712 665/665/709 637/637/708
f 638/638/714 668/668/715 661/661/701
f 638/638/714 661/661/701 639/639/700
f 640/640/716 669/669/717 666/666/711
f 640/640/716 666/666/711 634/634/710
f 641/641/718 670/670/719 667/667/713
f 641/641/718 667/667/713 636/636/712
f 642/642/720 671/671/721 668/668/715
f 642/642/720 668/668/715 638/638/714
f 643/643/722 672/672/723 669/669/717
f 643/643/722 669/669/717 640/640/716
f 644/644/724 673/673/725 674/674/719
f 644/644/724 674/674/719 645/645/718
f 646/646/726 675/675/727 671/671/721
f 646/646/726 671/671/721 642/642/720
f 647/647/691 656/656/690 672/672/723
f 647/647/691 672/672/723 643/643/722
f 648/648/695 658/658/694 673/673/725
f 648/648/695 673/673/725 644/644/724
f 649/649/699 660/660/698 675/675/727
f 649/649/699 675/675/727 646/646/726
f 669/669/717 676/676/728 677/677/729
f 669/669/717 677/677/729 666/666/711
f 670/670/719 678/678/730 679/679/731
f 670/670/719 679/679/731 667/667/713
f 671/671/721 680/680/732 681/681/733
f 671/671/721 681/681/733 668/668/715
f 672/672/723 682/682/734 676/676/728
f 672/672/723 676/676/728 669/669/717
f 673/673/725 683/683/735 684/684/730
f 673/673/725 684/684/730 674/674/719
f 675/675/727 685/685/736 680/680/732
f 675/675/727 680/680/732 671/671/721
f 656/656/690 686/686/737 682/682/734
f 656/656/690 682/682/734 672/672/723
f 658/658/694 687/687/738 683/683/735
f 658/658/694 683/683/735 673/673/725
f 660/660/698 688/688/739 685/685/736
f 660/660/698 685/685/736 675/675/727
f 655/655/689 689/689/740 686/686/737
f 655/655/689 686/686/737 656/656/690
f 657/657/693 690/690/741 687/687/738
f 657/657/693 687/687/738 658/658/694
f 659/659/697 691/691/742 688/688/739
f 659/659/697 688/688/739 660/660/698
f 661/661/701 692/692/743 689/689/740
f 661/661/701 689/689/740 655/655/689
f 662/662/703 693/693/744 690/690/741
f 662/662/703 690/690/741 657/657/693
f 663/663/705 694/694/745 691/691/742
f 663/663/705 691/691/742 659/659/697
f 664/664/707 695/695/746 693/693/744
f 664/664/707 693/693/744 662/662/703
f 665/665/709 696/696/747 694/694/745
f 665/665/709 694/694/745 663/663/705
f 666/666/711 677/677/729 695/695/746
f 666/666/711 695/695/746 664/664/707
f 667/667/713 679/679/731 696/696/747
f 667/667/713 696/696/747 665/665/709
f 668/668/715 681/681/733 692/692/743
f 668/668/715 692/692/743 661/661/701
f 693/693/748 697/697/748 698/698/749
f 693/693/748 698/698/749 690/690/749
f 694/694/750 699/699/750 700/700/751
f 694/694/750 700/700/751 691/691/751
f 695/695/752 701/701/752 697/697/748
f 695/695/752 697/697/748 693/693/748
f 696/696/753 702/702/753 699/699/750
f 696/696/753 699/699/750 694/694/750
f 677/677/754 703/703/754 701/701/752
f 677/677/754 701/701/752 695/695/752
f 679/679/755 704/704/755 702/702/753
f 679/679/755 702/702/753 696/696/753
f 681/681/756 705/705/756 706/706/757
f 681/681/756 706/706/757 692/692/757
f 676/676/758 707/707/758 703/703/754
f 676/676/758 703/703/754 677/677/754
f 678/678/759 708/708/759 704/704/755
f 678/678/759 704/704/755 679/679/755
f 680/680/760 709/709/760 705/705/756
f 680/680/760 705/705/756 681/681/756
f 682/682/761 710/710/761 707/707/758
f 682/682/761 707/707/758 676/676/758
f 683/683/762 711/711/762 712/712/759
f 683/683/762 712/712/759 684/684/759
f 685/685/763 713/713/763 709/709/760
f 685/685/763 709/709/760 680/680/760
f 686/686/764 714/714/764 710/710/761
f 686/686/764 710/710/761 682/682/761
f 687/687/765 715/715/765 711/711/762
f 687/687/765 711/711/762 683/683/762
f 688/688/766 716/716/766 713/713/763
f 688/688/766 713/713/763 685/685/763
f 689/689/767 717/717/767 714/714/764
f 689/689/767 714/714/764 686/686/764
f 690/690/749 698/698/749 715/715/765
f 690/690/749 715/715/765 687/687/765
f 691/691/751 700/700/751 716/716/766
f 691/691/751 716/716/766 688/688/766
f 692/692/757 706/706/757 717/717/767
f 692/692/757 717/717/767 689/689/767
f 718/718/768 719/719/769 720/720/770
f 718/718/768 720/720/770 721/721/771
f 722/722/772 723/723/773 724/724/774
f 722/722/772 724/724/774 725/725/775
f 721/721/771 720/720/770 726/726/776
f 721/721/771 726/726/776 727/727/777
f 725/725/775 724/724/774 728/728/778
f 725/725/775 728/728/778 729/729/779
f 727/727/777 726/726/776 730/730/780
f 727/727/777 730/730/780 731/731/781
f 729/729/779 728/728/778 732/732/782
f 729/729/779 732/732/782 733/733/783
f 734/734/784 735/735/785 736/736/786
f 734/734/784 736/736/786 737/737/787
f 731/731/781 730/730/780 738/738/788
f 731/731/781 738/738/788 739/739/789
f 733/733/783 732/732/782 740/740/790
f 733/733/783 740/740/790 741/741/791
f 737/737/787 736/736/786 742/742/792
f 737/737/787 742/742/792 743/743/793
f 739/739/789 738/738/788 744/744/794
f 739/739/789 744/744/794 745/745/795
f 741/741/791 740/740/790 746/746/796
f 741/741/791 746/746/796 747/747/797
f 743/743/793 742/742/792 748/748/798
f 743/743/793 748/748/798 749/749/799
f 745/745/795 744/744/794 750/750/800
f 745/745/795 750/750/800 751/751/801
f 747/747/797 746/746/796 752/752/802
f 747/747/797 752/752/802 753/753/803
f 749/749/799 748/748/798 754/754/804
f 749/749/799 754/754/804 755/755/805
f 751/751/801 750/750/800 756/756/806
f 751/751/801 756/756/806 757/757/807
f 753/753/803 752/752/802 719/719/769
f 753/753/803 719/719/769 718/718/768
f 755/755/805 754/754/804 723/723/773
f 755/755/805 723/723/773 722/722/772
f 757/757/807 756/756/806 735/735/785
f 757/757/807 735/735/785 734/734/784
f 422/422/448 757/757/807 734/734/784
f 422/422/448 734/734/784 401/401/429
f 758/758/446 755/755/805 722/722/772
f 758/758/446 722/722/772 759/759/417
f 760/760/444 753/753/803 718/718/768
f 760/760/444 718/718/768 761/761/413
f 416/416/442 751/751/801 757/757/807
f 416/416/442 757/757/807 422/422/448
f 762/762/440 749/749/799 755/755/805
f 762/762/440 755/755/805 758/758/446
f 763/763/438 747/747/797 753/753/803
f 763/763/438 753/753/803 760/760/444
f 764/764/436 745/745/795 751/751/801
f 764/764/436 751/751/801 416/416/442
f 765/765/434 743/743/793 749/749/799
f 765/765/434 749/749/799 762/762/440
f 766/766/432 741/741/791 747/747/797
f 766/766/432 747/747/797 763/763/438
f 767/767/430 739/739/789 745/745/795
f 767/767/430 745/745/795 764/764/436
f 768/768/426 737/737/787 743/743/793
f 768/768/426 743/743/793 765/765/434
f 769/769/424 733/733/783 741/741/791
f 769/769/424 741/741/791 766/766/432
f 770/770/422 731/731/781 739/739/789
f 770/770/422 739/739/789 767/767/430
f 401/401/429 734/734/784 737/737/787
f 401/401/429 737/737/787 768/768/426
f 771/771/420 729/729/779 733/733/783
f 771/771/420 733/733/783 769/769/424
f 772/772/418 727/727/777 731/731/781
f 772/772/418 731/731/781 770/770/422
f 773/773/414 725/725/775 729/729/779
f 773/773/414 729/729/779 771/771/420
f 774/774/410 721/721/771 727/727/777
f 774/774/410 727/727/777 772/772/418
f 759/759/417 722/722/772 725/725/775
f 759/759/417 725/725/775 773/773/414
f 761/761/413 718/718/768 721/721/771
f 761/761/413 721/721/771 774/774/410
f 754/754/804 724/724/774 723/723/773
f 724/724/774 754/754/804 748/748/798
f 724/724/774 748/748/798 728/728/778
f 728/728/778 748/748/798 742/742/792
f 728/728/778 742/742/792 732/732/782
f 732/732/782 742/742/792 736/736/786
f 732/732/782 736/736/786 740/740/790
f 740/740/790 736/736/786 735/735/785
f 740/740/790 735/735/785 746/746/796
f 746/746/796 735/735/785 756/756/806
f 746/746/796 756/756/806 752/752/802
f 752/752/802 756/756/806 750/750/800
f 752/752/802 750/750/800 719/719/769
f 719/719/769 750/750/800 744/744/794
f 719/719/769 744/744/794 720/720/770
f 720/720/770 744/744/794 738/738/788
f 720/720/770 738/738/788 726/726/776
f 726/726/776 738/738/788 730/730/780
# Vertices: 393, normals: 398, texture coordinates: 393, faces: 698

o obj4
v 3.08151986 0.47207457 0.84971126
v 3.10606837 0.45317026 0.82583529
v 3.12237607 0.45308862 0.84244574
v 3.09783184 0.47198905 0.86632305
v 3.06988389 0.71229787 0.86004736
v 3.05217456 0.68217366 0.87744741
v 3.06851497 0.68205879 0.89406516
v 3.08622689 0.7121803 0.87666564
v 3.25630782 0.5686991 0.67890204
v 3.25794868 0.60774208 0.67716497
v 3.27426066 0.60765657 0.69377676
v 3.27261552 0.56861746 0.69551248
v 3.1331407 0.44338221 0.79941153
v 3.14947054 0.44330357 0.81604699
v 3.04040388 0.64677275 0.88908279
v 3.05674039 0.64666192 0.90569974
v 3.25259303 0.64619163 0.68224711
v 3.26890927 0.64610155 0.69885964
v 3.16100706 0.44332282 0.77206876
v 3.17741466 0.44324626 0.78878535
v 3.03530874 0.60832301 0.89422237
v 3.05164055 0.60821711 0.9108384
v 3.2405745 0.68163384 0.6938277
v 3.25689595 0.68153866 0.71044159
v 3.18812799 0.45299362 0.7457396
v 3.20445461 0.45291808 0.76237422
v 3.0372054 0.56924365 0.89254182
v 3.05353204 0.5691431 0.90915677
v 3.2405745 0.68163384 0.6938277
v 3.22264826 0.71184269 0.71117986
v 3.2389749 0.71174213 0.7277948
v 3.25689595 0.68153866 0.71044159
v 3.2125908 0.47178578 0.72186425
v 3.22889286 0.47171025 0.73847376
v 3.04597303 0.53199221 0.88414674
v 3.06229448 0.53189703 0.90076062
v 3.19994097 0.73491942 0.73321306
v 3.21627278 0.7348135 0.74982909
v 3.1460071 0.75440652 0.78547408
v 3.11835015 0.74958577 0.81259792
v 3.13471801 0.7494682 0.82924163
v 3.16245032 0.75429164 0.80219697
v 3.23289063 0.49851849 0.70197583
v 3.24919388 0.49844192 0.71858572
v 3.06106056 0.49890991 0.86956468
v 3.07737679 0.49881983 0.88617723
v 3.17385908 0.74941199 0.75852053
v 3.19021753 0.74930114 0.77515992
v 3.09242236 0.73524967 0.83797694
v 3.10876665 0.73513114 0.8545958
v 3.24777545 0.53151329 0.68734888
v 3.26408057 0.53143466 0.70395908
v 3.0830931 0.47478224 0.84851525
v 3.09905478 0.47469857 0.8647703
v 3.12307237 0.45620389 0.84140589
v 3.10711463 0.45628378 0.8251519
v 3.07170663 0.70984836 0.85862913
v 3.08769906 0.7097333 0.87489095
v 3.07036746 0.68025845 0.89191697
v 3.05437775 0.68037085 0.87565588
v 3.25412868 0.56933241 0.68137307
v 3.27008642 0.56925252 0.69762706
v 3.27169594 0.60745352 0.69592831
v 3.25573427 0.6075372 0.67967325
v 3.1495847 0.44662893 0.8155734
v 3.13360556 0.44670587 0.79929521
v 3.05884569 0.64562148 0.90330185
v 3.04285985 0.64572993 0.88704157
v 3.26645953 0.64507315 0.70090212
v 3.25049379 0.6451613 0.68464644
v 3.17692901 0.44657286 0.78889714
v 3.16087379 0.44664777 0.77253956
v 3.05385512 0.60800203 0.90832996
v 3.03787393 0.60810566 0.89207066
v 3.25470416 0.67974948 0.71223547
v 3.23873325 0.67984262 0.6959784
v 3.20338851 0.45603704 0.76305307
v 3.18741242 0.45611094 0.74677559
v 3.05570595 0.56976687 0.90668442
v 3.03972989 0.56986527 0.89042624
v 3.23873325 0.67984262 0.6959784
v 3.25470416 0.67974948 0.71223547
v 3.23716767 0.70930453 0.72921597
v 3.2211916 0.70940294 0.7129578
v 3.22730211 0.47442575 0.73966571
v 3.21134996 0.47449966 0.7234127
v 3.06428046 0.53332042 0.89846868
v 3.04830955 0.53341355 0.88221161
v 3.21495296 0.73188062 0.75077726
v 3.19897178 0.73198424 0.73451796
v 3.14619563 0.75105298 0.78565686
v 3.16228615 0.75094055 0.80202106
v 3.13514915 0.74622069 0.82848505
v 3.11913309 0.74633573 0.81219907
v 3.24716725 0.50058354 0.72020457
v 3.23121423 0.50065847 0.7039515
v 3.07903893 0.50095334 0.88419831
v 3.06307319 0.50104148 0.86794263
v 3.1894573 0.74605723 0.77556451
v 3.17344966 0.74616569 0.75928195
v 3.10975434 0.73219143 0.85329431
v 3.09376155 0.73230739 0.83703285
v 3.26173423 0.53286797 0.70589184
v 3.24577934 0.53294491 0.68963844
v 3.16245032 0.75429164 0.80219697
v 3.19021753 0.74930114 0.77515992
v 3.14947054 0.44330357 0.81604699
v 3.12237607 0.45308862 0.84244574
v 3.17741466 0.44324626 0.78878535
v 3.20445461 0.45291808 0.76237422
v 3.13471801 0.7494682 0.82924163
v 3.22889286 0.47171025 0.73847376
v 3.10876665 0.73513114 0.8545958
v 3.24919388 0.49844192 0.71858572
v 3.08622689 0.7121803 0.87666564
v 3.26408057 0.53143466 0.70395908
v 3.06851497 0.68205879 0.89406516
v 3.27261552 0.56861746 0.69551248
v 3.05674039 0.64666192 0.90569974
v 3.27426066 0.60765657 0.69377676
v 3.05164055 0.60821711 0.9108384
v 3.26890927 0.64610155 0.69885964
v 3.05353204 0.5691431 0.90915677
v 3.25689595 0.68153866 0.71044159
v 3.06229448 0.53189703 0.90076062
v 3.2389749 0.71174213 0.7277948
v 3.25689595 0.68153866 0.71044159
v 3.07737679 0.49881983 0.88617723
v 3.21627278 0.7348135 0.74982909
v 3.09783184 0.47198905 0.86632305
vn -0.58937 -0.80786 -0.00177
vn -0.37012 -0.92898 -0.00254
vn -0.36939 -0.92927 -0.00254
vn -0.58855 -0.80846 -0.00177
vn -0.6853 0.72824 0.00556
vn -0.84526 0.53434 0.00492
vn -0.84565 0.53372 0.00491
vn -0.68558 0.72798 0.00555
vn 0.98269 -0.18523 -0.00254
vn 0.9979 0.06474 -0.00177
vn 0.99797 0.06373 -0.00177
vn 0.98254 -0.18605 -0.00255
vn -0.12713 -0.99188 -0.00311
vn -0.12668 -0.99194 -0.00311
vn -0.95164 0.30719 0.00395
vn -0.95195 0.30623 0.00395
vn 0.95065 0.31026 -0.00081
vn 0.95101 0.30915 -0.00081
vn 0.12399 -0.99228 -0.00348
vn 0.12436 -0.99223 -0.00348
vn -0.99812 0.06127 0.00278
vn -0.99819 0.0601 0.00278
vn 0.84414 0.53612 0.00031
vn 0.84481 0.53507 0.00031
vn 0.36754 -0.93 -0.00368
vn 0.3678 -0.9299 -0.00368
vn -0.98216 -0.18805 0.00153
vn -0.98192 -0.18928 0.00153
vn 0.68504 0.7285 0.00154
vn 0.68595 0.72764 0.00153
vn 0.58814 -0.80875 -0.00369
vn 0.58807 -0.8088 -0.00369
vn -0.90498 -0.42546 0.00031
vn -0.90445 -0.42659 0.0003
vn 0.48305 0.87559 0.00278
vn 0.48411 0.875 0.00278
vn 0.00175 0.99999 0.0049
vn -0.24752 0.96887 0.00554
vn -0.24729 0.96892 0.00554
vn 0.00249 0.99998 0.00489
vn 0.77137 -0.63638 -0.0035
vn 0.77113 -0.63667 -0.0035
vn -0.77134 -0.63642 -0.00081
vn -0.7706 -0.63731 -0.00081
vn 0.2504 0.96813 0.00394
vn 0.25152 0.96785 0.00394
vn -0.48171 0.87631 0.00578
vn -0.48174 0.87629 0.00578
vn 0.90566 -0.424 -0.00312
vn 0.9054 -0.42455 -0.00312
vn 0.58937 0.80786 0.00177
vn 0.58854 0.80846 0.00177
vn 0.36938 0.92927 0.00254
vn 0.37012 0.92898 0.00254
vn 0.6853 -0.72824 -0.00556
vn 0.68558 -0.72798 -0.00555
vn 0.84565 -0.53372 -0.00491
vn 0.84526 -0.53434 -0.00492
vn -0.98269 0.18523 0.00254
vn -0.98254 0.18605 0.00255
vn -0.99797 -0.06373 0.00177
vn -0.9979 -0.06474 0.00177
vn 0.12668 0.99194 0.00311
vn 0.12713 0.99188 0.00311
vn 0.95195 -0.30623 -0.00395
vn 0.95164 -0.30718 -0.00395
vn -0.95101 -0.30915 0.00081
vn -0.95065 -0.31025 0.00081
vn -0.12436 0.99223 0.00348
vn -0.12399 0.99228 0.00348
vn 0.99819 -0.0601 -0.00278
vn 0.99812 -0.06128 -0.00278
vn -0.84481 -0.53507 -0.0003
vn -0.84414 -0.53612 -0.00031
vn -0.3678 0.9299 0.00368
vn -0.36754 0.93 0.00368
vn 0.98192 0.18928 -0.00153
vn 0.98216 0.18805 -0.00153
vn -0.68595 -0.72764 -0.00153
vn -0.68504 -0.7285 -0.00153
vn -0.58807 0.8088 0.00368
vn -0.58814 0.80875 0.00368
vn 0.90444 0.42659 -0.0003
vn 0.90498 0.42546 -0.00031
vn -0.48411 -0.875 -0.00278
vn -0.48305 -0.87559 -0.00278
vn -0.00175 -0.99999 -0.0049
vn -0.00248 -0.99998 -0.00489
vn 0.24729 -0.96892 -0.00554
vn 0.24752 -0.96887 -0.00554
vn -0.77113 0.63667 0.0035
vn -0.77137 0.63638 0.0035
vn 0.7706 0.63732 0.00081
vn 0.77134 0.63642 0.00081
vn -0.25151 -0.96785 -0.00394
vn -0.2504 -0.96813 -0.00394
vn 0.48174 -0.87629 -0.00578
vn 0.48171 -0.87631 -0.00578
vn -0.9054 0.42455 0.00312
vn -0.90566 0.424 0.00312
vn -0.04931 -0.05712 -0.99715
vn -0.04933 -0.05709 -0.99715
vn -0.0338 -0.06821 -0.9971
vn -0.03375 -0.06824 -0.9971
vn -0.00194 -0.0716 0.99743
vn -0.00198 -0.0716 0.99743
vn -0.02056 -0.06929 0.99738
vn -0.02051 -0.0693 0.99738
vn 0.05888 0.04473 -0.99726
vn 0.05888 0.04471 -0.99726
vn 0.0452 0.05751 -0.99732
vn 0.04517 0.05753 -0.99732
vn 0.00822 0.0765 0.99704
vn 0.00826 0.0765 0.99704
vn 0.02641 0.07183 0.99707
vn 0.02636 0.07185 0.99707
vn -0.01501 -0.07548 -0.99703
vn -0.01494 -0.07549 -0.99703
vn 0.02837 0.06663 -0.99737
vn 0.02833 0.06665 -0.99737
vn -0.01053 0.07648 0.99702
vn -0.0105 0.07648 0.99702
vn 0.00174 -0.0781 -0.99694
vn 0.00177 -0.0781 -0.99694
vn 0.00886 0.07151 -0.9974
vn 0.00881 0.07152 -0.9974
vn -0.02872 0.07176 0.99701
vn -0.02871 0.07176 0.99701
vn 0.01673 -0.06929 0.99746
vn 0.01671 -0.0693 0.99746
vn -0.00801 0.07197 -0.99737
vn -0.00803 0.07197 -0.99737
vn -0.04518 0.0627 0.99701
vn -0.04519 0.06269 0.99701
vn 0.03431 -0.06239 0.99746
vn 0.03431 -0.06239 0.99746
vn -0.02419 0.0673 -0.99744
vn -0.0242 0.0673 -0.99744
vn -0.05895 0.04987 0.99701
vn -0.05898 0.04984 0.99701
vn 0.01835 -0.0756 -0.99697
vn 0.01838 -0.07559 -0.99697
vn 0.0495 -0.05126 0.99746
vn 0.04952 -0.05124 0.99746
vn -0.04183 0.0577 -0.99746
vn -0.04182 0.05771 -0.99746
vn -0.06906 0.03405 0.99703
vn -0.06908 0.03401 0.99703
vn 0.037 -0.06825 -0.99698
vn 0.037 -0.06825 -0.99698
vn 0.06143 -0.03673 0.99744
vn 0.06145 -0.03669 0.99744
vn -0.05574 0.04474 -0.99744
vn -0.05572 0.04476 -0.99744
vn -0.07482 0.01627 0.99706
vn -0.07483 0.01622 0.99706
vn 0.05235 -0.05706 -0.997
vn 0.05233 -0.05708 -0.997
vn 0.06948 -0.01981 0.99739
vn 0.06949 -0.01977 0.99739
vn -0.06571 0.02904 -0.99742
vn -0.06569 0.02907 -0.99742
vn -0.07599 -0.00232 0.99711
vn -0.07599 -0.00236 0.99711
vn 0.0642 -0.04277 -0.99702
vn 0.06417 -0.04281 -0.99702
vn 0.07307 -0.00153 0.99733
vn 0.07307 -0.00149 0.99733
vn -0.07152 0.0113 -0.99738
vn -0.07151 0.01134 -0.99738
vn -0.07254 -0.02056 0.99715
vn -0.07253 -0.02059 0.99715
vn 0.07225 -0.02595 -0.99705
vn 0.07223 -0.026 -0.99705
vn 0.07199 0.017 0.99726
vn 0.07199 0.01702 0.99726
vn -0.07273 -0.00736 -0.99732
vn -0.07273 -0.00732 -0.99732
vn -0.06476 -0.03734 0.9972
vn -0.06476 -0.03734 0.9972
vn 0.07573 -0.00761 -0.9971
vn 0.07572 -0.00767 -0.9971
vn 0.06624 0.03463 0.9972
vn 0.06624 0.03462 0.9972
vn -0.06923 -0.02576 -0.99727
vn -0.06923 -0.02575 -0.99727
vn -0.05296 -0.05164 0.99726
vn -0.05298 -0.05163 0.99726
vn 0.07457 0.01106 -0.99715
vn 0.07457 0.01102 -0.99715
vn 0.05628 0.05026 0.99715
vn 0.05629 0.05024 0.99715
vn -0.06128 -0.04271 -0.99721
vn -0.06127 -0.04272 -0.99721
vn -0.03786 -0.06252 0.99733
vn -0.03789 -0.0625 0.99733
vn 0.0689 0.02888 -0.99721
vn 0.06891 0.02887 -0.99721
vn 0.04275 0.06293 0.9971
vn 0.04279 0.0629 0.9971
vt 0.43653 0.47018
vt 0.40073 0.47018
vt 0.40064 0.48795
vt 0.43642 0.48795
vt 0.69248 0.47018
vt 0.65264 0.47018
vt 0.65236 0.48795
vt 0.69234 0.48795
vt 0.14196 0.47018
vt 0.10683 0.47018
vt 0.10674 0.48795
vt 0.14184 0.48795
vt 0.36424 0.47018
vt 0.36417 0.48795
vt 0.61414 0.47018
vt 0.61379 0.48795
vt 0.07251 0.47018
vt 0.07236 0.48795
vt 0.32714 0.47018
vt 0.32697 0.48795
vt 0.57692 0.47018
vt 0.57654 0.48795
vt 0.03893 0.47018
vt 0.03841 0.48795
vt 0.28929 0.47018
vt 0.289 0.48795
vt 0.54094 0.47018
vt 0.54059 0.48795
vt 0.96076 0.47018
vt 0.92627 0.47018
vt 0.92703 0.48795
vt 0.96159 0.48795
vt 0.25141 0.47018
vt 0.25114 0.48795
vt 0.50617 0.47018
vt 0.50591 0.48795
vt 0.89046 0.47018
vt 0.89123 0.48795
vt 0.81475 0.47018
vt 0.77495 0.47018
vt 0.77551 0.48795
vt 0.81549 0.48795
vt 0.21425 0.47018
vt 0.2141 0.48795
vt 0.47168 0.47018
vt 0.4715 0.48795
vt 0.85323 0.47018
vt 0.85403 0.48795
vt 0.73371 0.47018
vt 0.73393 0.48795
vt 0.17776 0.47018
vt 0.17762 0.48795
vt 0.43651 0.46716
vt 0.4367 0.45044
vt 0.40096 0.45044
vt 0.40072 0.46716
vt 0.69243 0.46716
vt 0.69233 0.45044
vt 0.65248 0.45044
vt 0.65261 0.46716
vt 0.142 0.46716
vt 0.14199 0.45044
vt 0.1069 0.45044
vt 0.10688 0.46716
vt 0.36454 0.45044
vt 0.36424 0.46716
vt 0.61398 0.45044
vt 0.61411 0.46716
vt 0.07255 0.45044
vt 0.07258 0.46716
vt 0.32743 0.45044
vt 0.32714 0.46716
vt 0.57679 0.45044
vt 0.5769 0.46716
vt 0.0398 0.45044
vt 0.03939 0.46716
vt 0.28965 0.45044
vt 0.2893 0.46716
vt 0.54087 0.45044
vt 0.54093 0.46716
vt 0.96032 0.46716
vt 0.9604 0.45044
vt 0.92607 0.45044
vt 0.92621 0.46716
vt 0.25162 0.45044
vt 0.25145 0.46716
vt 0.50619 0.45044
vt 0.50616 0.46716
vt 0.89013 0.45044
vt 0.89042 0.46716
vt 0.81471 0.46716
vt 0.81441 0.45044
vt 0.77456 0.45044
vt 0.77492 0.46716
vt 0.21422 0.45044
vt 0.21431 0.46716
vt 0.47177 0.45044
vt 0.47166 0.46716
vt 0.85292 0.45044
vt 0.85319 0.46716
vt 0.73344 0.45044
vt 0.73367 0.46716
vt 0.17775 0.45044
vt 0.17781 0.46716
vt 0.81443 0.44721
vt 0.85293 0.44721
vt 0.36457 0.44721
vt 0.40099 0.44721
vt 0.32746 0.44721
vt 0.28968 0.44721
vt 0.77457 0.44721
vt 0.25164 0.44721
vt 0.73339 0.44721
vt 0.21423 0.44721
vt 0.69223 0.44721
vt 0.17775 0.44721
vt 0.65239 0.44721
vt 0.142 0.44721
vt 0.61389 0.44721
vt 0.10691 0.44721
vt 0.57671 0.44721
vt 0.07253 0.44721
vt 0.54081 0.44721
vt 0.03942 0.44721
vt 0.50616 0.44721
vt 0.92611 0.44721
vt 0.96082 0.44721
vt 0.47178 0.44721
vt 0.89014 0.44721
vt 0.43672 0.44721
usemtl mat3
f 775/775/808 776/776/809 777/777/810
f 775/775/808 777/777/810 778/778/811
f 779/779/812 780/780/813 781/781/814
f 779/779/812 781/781/814 782/782/815
f 783/783/816 784/784/817 785/785/818
f 783/783/816 785/785/818 786/786/819
f 776/776/809 787/787/820 788/788/821
f 776/776/809 788/788/821 777/777/810
f 780/780/813 789/789/822 790/790/823
f 780/780/813 790/790/823 781/781/814
f 784/784/817 791/791/824 792/792/825
f 784/784/817 792/792/825 785/785/818
f 787/787/820 793/793/826 794/794/827
f 787/787/820 794/794/827 788/788/821
f 789/789/822 795/795/828 796/796/829
f 789/789/822 796/796/829 790/790/823
f 791/791/824 797/797/830 798/798/831
f 791/791/824 798/798/831 792/792/825
f 793/793/826 799/799/832 800/800/833
f 793/793/826 800/800/833 794/794/827
f 795/795/828 801/801/834 802/802/835
f 795/795/828 802/802/835 796/796/829
f 803/803/830 804/804/836 805/805/837
f 803/803/830 805/805/837 806/806/831
f 799/799/832 807/807/838 808/808/839
f 799/799/832 808/808/839 800/800/833
f 801/801/834 809/809/840 810/810/841
f 801/801/834 810/810/841 802/802/835
f 804/804/836 811/811/842 812/812/843
f 804/804/836 812/812/843 805/805/837
f 813/813/844 814/814/845 815/815/846
f 813/813/844 815/815/846 816/816/847
f 807/807/838 817/817/848 818/818/849
f 807/807/838 818/818/849 808/808/839
f 809/809/840 819/819/850 820/820/851
f 809/809/840 820/820/851 810/810/841
f 811/811/842 821/821/852 822/822/853
f 811/811/842 822/822/853 812/812/843
f 814/814/845 823/823/854 824/824/855
f 814/814/845 824/824/855 815/815/846
f 817/817/848 825/825/856 826/826/857
f 817/817/848 826/826/857 818/818/849
f 819/819/850 775/775/808 778/778/811
f 819/819/850 778/778/811 820/820/851
f 821/821/852 813/813/844 816/816/847
f 821/821/852 816/816/847 822/822/853
f 823/823/854 779/779/812 782/782/815
f 823/823/854 782/782/815 824/824/855
f 825/825/856 783/783/816 786/786/819
f 825/825/856 786/786/819 826/826/857
f 827/827/858 828/828/859 829/829/860
f 827/827/858 829/829/860 830/830/861
f 831/831/862 832/832/863 833/833/864
f 831/831/862 833/833/864 834/834/865
f 835/835/866 836/836/867 837/837/868
f 835/835/866 837/837/868 838/838/869
f 830/830/861 829/829/860 839/839/870
f 830/830/861 839/839/870 840/840/871
f 834/834/865 833/833/864 841/841/872
f 834/834/865 841/841/872 842/842/873
f 838/838/869 837/837/868 843/843/874
f 838/838/869 843/843/874 844/844/875
f 840/840/871 839/839/870 845/845/876
f 840/840/871 845/845/876 846/846/877
f 842/842/873 841/841/872 847/847/878
f 842/842/873 847/847/878 848/848/879
f 844/844/875 843/843/874 849/849/880
f 844/844/875 849/849/880 850/850/881
f 846/846/877 845/845/876 851/851/882
f 846/846/877 851/851/882 852/852/883
f 848/848/879 847/847/878 853/853/884
f 848/848/879 853/853/884 854/854/885
f 855/855/881 856/856/880 857/857/886
f 855/855/881 857/857/886 858/858/887
f 852/852/883 851/851/882 859/859/888
f 852/852/883 859/859/888 860/860/889
f 854/854/885 853/853/884 861/861/890
f 854/854/885 861/861/890 862/862/891
f 858/858/887 857/857/886 863/863/892
f 858/858/887 863/863/892 864/864/893
f 865/865/894 866/866/895 867/867/896
f 865/865/894 867/867/896 868/868/897
f 860/860/889 859/859/888 869/869/898
f 860/860/889 869/869/898 870/870/899
f 862/862/891 861/861/890 871/871/900
f 862/862/891 871/871/900 872/872/901
f 864/864/893 863/863/892 873/873/902
f 864/864/893 873/873/902 874/874/903
f 868/868/897 867/867/896 875/875/904
f 868/868/897 875/875/904 876/876/905
f 870/870/899 869/869/898 877/877/906
f 870/870/899 877/877/906 878/878/907
f 872/872/901 871/871/900 828/828/859
f 872/872/901 828/828/859 827/827/858
f 874/874/903 873/873/902 866/866/895
f 874/874/903 866/866/895 865/865/894
f 876/876/905 875/875/904 832/832/863
f 876/876/905 832/832/863 831/831/862
f 878/878/907 877/877/906 836/836/867
f 878/878/907 836/836/867 835/835/866
f 804/804/908 858/858/909 864/864/910
f 804/804/908 864/864/910 811/811/911
f 879/879/912 866/866/913 873/873/914
f 879/879/912 873/873/914 880/880/915
f 819/819/916 872/872/917 827/827/918
f 819/819/916 827/827/918 775/775/919
f 881/881/920 839/839/921 829/829/922
f 881/881/920 829/829/922 882/882/923
f 811/811/911 864/864/910 874/874/924
f 811/811/911 874/874/924 821/821/925
f 775/775/919 827/827/918 830/830/926
f 775/775/919 830/830/926 776/776/927
f 883/883/928 845/845/929 839/839/921
f 883/883/928 839/839/921 881/881/920
f 821/821/925 874/874/924 865/865/930
f 821/821/925 865/865/930 813/813/931
f 776/776/927 830/830/926 840/840/932
f 776/776/927 840/840/932 787/787/933
f 884/884/934 851/851/935 845/845/929
f 884/884/934 845/845/929 883/883/928
f 885/885/936 867/867/937 866/866/913
f 885/885/936 866/866/913 879/879/912
f 787/787/933 840/840/932 846/846/938
f 787/787/933 846/846/938 793/793/939
f 886/886/940 859/859/941 851/851/935
f 886/886/940 851/851/935 884/884/934
f 887/887/942 875/875/943 867/867/937
f 887/887/942 867/867/937 885/885/936
f 793/793/939 846/846/938 852/852/944
f 793/793/939 852/852/944 799/799/945
f 888/888/946 869/869/947 859/859/941
f 888/888/946 859/859/941 886/886/940
f 813/813/931 865/865/930 868/868/948
f 813/813/931 868/868/948 814/814/949
f 889/889/950 832/832/951 875/875/943
f 889/889/950 875/875/943 887/887/942
f 799/799/945 852/852/944 860/860/952
f 799/799/945 860/860/952 807/807/953
f 890/890/954 877/877/955 869/869/947
f 890/890/954 869/869/947 888/888/946
f 814/814/949 868/868/948 876/876/956
f 814/814/949 876/876/956 823/823/957
f 891/891/958 833/833/959 832/832/951
f 891/891/958 832/832/951 889/889/950
f 807/807/953 860/860/952 870/870/960
f 807/807/953 870/870/960 817/817/961
f 892/892/962 836/836/963 877/877/955
f 892/892/962 877/877/955 890/890/954
f 823/823/957 876/876/956 831/831/964
f 823/823/957 831/831/964 779/779/965
f 893/893/966 841/841/967 833/833/959
f 893/893/966 833/833/959 891/891/958
f 817/817/961 870/870/960 878/878/968
f 817/817/961 878/878/968 825/825/969
f 894/894/970 837/837/971 836/836/963
f 894/894/970 836/836/963 892/892/962
f 779/779/965 831/831/964 834/834/972
f 779/779/965 834/834/972 780/780/973
f 895/895/974 847/847/975 841/841/967
f 895/895/974 841/841/967 893/893/966
f 825/825/969 878/878/968 835/835/976
f 825/825/969 835/835/976 783/783/977
f 896/896/978 843/843/979 837/837/971
f 896/896/978 837/837/971 894/894/970
f 780/780/973 834/834/972 842/842/980
f 780/780/973 842/842/980 789/789/981
f 897/897/982 853/853/983 847/847/975
f 897/897/982 847/847/975 895/895/974
f 783/783/977 835/835/976 838/838/984
f 783/783/977 838/838/984 784/784/985
f 898/898/986 849/849/987 843/843/979
f 898/898/986 843/843/979 896/896/978
f 789/789/981 842/842/980 848/848/988
f 789/789/981 848/848/988 795/795/989
f 899/899/990 861/861/991 853/853/983
f 899/899/990 853/853/983 897/897/982
f 784/784/985 838/838/984 844/844/992
f 784/784/985 844/844/992 791/791/993
f 900/900/994 857/857/995 856/856/987
f 900/900/994 856/856/987 901/901/986
f 795/795/989 848/848/988 854/854/996
f 795/795/989 854/854/996 801/801/997
f 902/902/998 871/871/999 861/861/991
f 902/902/998 861/861/991 899/899/990
f 791/791/993 844/844/992 850/850/1000
f 791/791/993 850/850/1000 797/797/1001
f 903/903/1002 863/863/1003 857/857/995
f 903/903/1002 857/857/995 900/900/994
f 801/801/997 854/854/996 862/862/1004
f 801/801/997 862/862/1004 809/809/1005
f 904/904/1006 828/828/1007 871/871/999
f 904/904/1006 871/871/999 902/902/998
f 803/803/1001 855/855/1000 858/858/909
f 803/803/1001 858/858/909 804/804/908
f 880/880/915 873/873/914 863/863/1003
f 880/880/915 863/863/1003 903/903/1002
f 809/809/1005 862/862/1004 872/872/917
f 809/809/1005 872/872/917 819/819/916
f 882/882/923 829/829/922 828/828/1007
f 882/882/923 828/828/1007 904/904/1006
# Vertices: 130, normals: 200, texture coordinates: 130, faces: 200

o obj5
v -0.09252173 3.62960604 0.1239795
v -0.05827728 3.62970064 0.14288381
v -0.05823239 3.65297822 0.14296545
v -0.09247472 3.65288757 0.12406502
v -0.10806759 3.62885973 -0.1162438
v -0.13289457 3.62891725 -0.08611959
v -0.1328314 3.65222292 -0.08600473
v -0.10800294 3.6521676 -0.11612624
v 0.15186855 3.6297006 0.02735496
v 0.15425621 3.62960599 -0.01168801
v 0.15430322 3.65288753 -0.01160251
v 0.15191345 3.65297818 0.0274366
v -0.02044707 3.62973839 0.15267185
v -0.02040384 3.65304933 0.15275049
v -0.14944519 3.62900571 -0.05071868
v -0.14938426 3.65230809 -0.05060786
v 0.14687389 3.6294947 -0.05013757
v 0.14692342 3.65277975 -0.05004749
v 0.01859339 3.6296743 0.15273125
v 0.01863548 3.65309762 0.1528078
v -0.15668144 3.62911765 -0.01226895
v -0.15662321 3.65241609 -0.01216305
v 0.13018437 3.62937069 -0.08557978
v 0.13023668 3.65266034 -0.0854846
v 0.05639219 3.62981367 0.14306045
v 0.05643371 3.65312176 0.14313598
v -0.15415042 3.62924233 0.02681041
v -0.15409514 3.65253637 0.02691097
v 0.13018437 3.62937069 -0.08557978
v 0.1052358 3.62924228 -0.11578862
v 0.10529109 3.65253633 -0.11568807
v 0.13023668 3.65266034 -0.0854846
v 0.09057494 3.62984878 0.12426829
v 0.09061646 3.65312175 0.12434381
v -0.14201237 3.62937074 0.06406186
v -0.14196006 3.65266039 0.06415703
v 0.07359615 3.62911761 -0.13886536
v 0.07365438 3.65241605 -0.13875944
v -0.00150348 3.62877017 -0.15835245
v -0.04024115 3.62882417 -0.1535317
v -0.04017651 3.65216759 -0.15341414
v -0.00144032 3.6522229 -0.15823757
v 0.1189938 3.62982353 0.09753558
v 0.1190359 3.6530976 0.09761214
v -0.12103013 3.62949475 0.09714415
v -0.12098061 3.6527798 0.09723423
v 0.03725455 3.62897429 -0.15335792
v 0.03731548 3.65230806 -0.15324708
v -0.07652261 3.62883975 -0.1391956
v -0.07645745 3.65214894 -0.13907708
v 0.13986251 3.6297737 0.06454078
v 0.13990573 3.65304931 0.0646194
v -0.09056072 3.62985097 0.12127183
v -0.09051473 3.65263254 0.1213555
v -0.05700752 3.65272165 0.13985017
v -0.05705145 3.6299436 0.13977028
v -0.10577284 3.62912025 -0.11379429
v -0.10570959 3.65192816 -0.11367924
v -0.130005 3.65198238 -0.08420439
v -0.13006681 3.62917689 -0.08431678
v 0.14858289 3.62994356 0.02672166
v 0.14862681 3.65272161 0.02680154
v 0.15096527 3.65263249 -0.01139946
v 0.15091929 3.62985093 -0.01148313
v -0.01999109 3.65279057 0.14942513
v -0.02003339 3.62998025 0.14934819
v -0.14620252 3.65206579 -0.04956742
v -0.14626213 3.62926359 -0.04967587
v 0.14374393 3.65252713 -0.04901909
v 0.14369547 3.62974228 -0.04910724
v 0.01821011 3.65283798 0.1494812
v 0.01816892 3.6299177 0.1494063
v -0.15328607 3.65217115 -0.01194796
v -0.15334303 3.62937291 -0.01205159
v 0.12741544 3.65241036 -0.08369542
v 0.12736424 3.62962089 -0.08378855
v 0.05519687 3.65286168 0.14001702
v 0.05515625 3.630054 0.13994312
v -0.15081229 3.6522888 0.02628719
v -0.15086638 3.62949495 0.0261888
v 0.12736424 3.62962089 -0.08378855
v 0.12741544 3.65241036 -0.08369542
v 0.10300537 3.65228876 -0.11325047
v 0.10295127 3.6294949 -0.11334887
v 0.08864577 3.65286167 0.12162831
v 0.08860516 3.63008823 0.1215544
v -0.1389377 3.65241041 0.06273364
v -0.13898889 3.62962094 0.06264051
v 0.07204784 3.65217111 -0.13582656
v 0.07199087 3.62937287 -0.13593017
v -0.0014965 3.62903267 -0.15499891
v -0.0014347 3.65198235 -0.15488649
v -0.03933928 3.65192814 -0.15016663
v -0.03940252 3.62908644 -0.15028167
v 0.1164551 3.65283796 0.09547052
v 0.11641391 3.63006386 0.0953956
v -0.11840865 3.65252718 0.09510072
v -0.11845711 3.62974232 0.09501258
v 0.03648908 3.65206576 -0.15000317
v 0.03642946 3.6292324 -0.15011163
v -0.07484132 3.65190905 -0.13613737
v -0.07490508 3.62910115 -0.13625332
v 0.13687689 3.65279054 0.06318609
v 0.13683458 3.6300149 0.06310915
v -0.00144032 3.6522229 -0.15823757
v 0.03731548 3.65230806 -0.15324708
v -0.02040384 3.65304933 0.15275049
v -0.05823239 3.65297822 0.14296545
v 0.01863548 3.65309762 0.1528078
v 0.05643371 3.65312176 0.14313598
v -0.04017651 3.65216759 -0.15341414
v 0.09061646 3.65312175 0.12434381
v -0.07645745 3.65214894 -0.13907708
v 0.1190359 3.6530976 0.09761214
v -0.10800294 3.6521676 -0.11612624
v 0.13990573 3.65304931 0.0646194
v -0.1328314 3.65222292 -0.08600473
v 0.15191345 3.65297818 0.0274366
v -0.14938426 3.65230809 -0.05060786
v 0.15430322 3.65288753 -0.01160251
v -0.15662321 3.65241609 -0.01216305
v 0.14692342 3.65277975 -0.05004749
v -0.15409514 3.65253637 0.02691097
v 0.13023668 3.65266034 -0.0854846
v -0.14196006 3.65266039 0.06415703
v 0.10529109 3.65253633 -0.11568807
v 0.13023668 3.65266034 -0.0854846
v -0.12098061 3.6527798 0.09723423
v 0.07365438 3.65241605 -0.13875944
v -0.09247472 3.65288757 0.12406502
vn -0.58937 -0.80786 -0.00177
vn -0.37012 -0.92898 -0.00254
vn -0.36939 -0.92927 -0.00254
vn -0.58855 -0.80846 -0.00177
vn -0.6853 0.72824 0.00556
vn -0.84526 0.53434 0.00492
vn -0.84565 0.53372 0.00491
vn -0.68558 0.72798 0.00555
vn 0.98269 -0.18523 -0.00254
vn 0.9979 0.06474 -0.00177
vn 0.99797 0.06373 -0.00177
vn 0.98254 -0.18605 -0.00255
vn -0.12713 -0.99188 -0.00311
vn -0.12668 -0.99194 -0.00311
vn -0.95164 0.30719 0.00395
vn -0.95195 0.30623 0.00395
vn 0.95065 0.31026 -0.00081
vn 0.95101 0.30915 -0.00081
vn 0.12399 -0.99228 -0.00348
vn 0.12436 -0.99223 -0.00348
vn -0.99812 0.06127 0.00278
vn -0.99819 0.0601 0.00278
vn 0.84414 0.53612 0.00031
vn 0.84481 0.53507 0.00031
vn 0.36754 -0.93 -0.00368
vn 0.3678 -0.9299 -0.00368
vn -0.98216 -0.18805 0.00153
vn -0.98192 -0.18928 0.00153
vn 0.68504 0.7285 0.00154
vn 0.68595 0.72764 0.00153
vn 0.58814 -0.80875 -0.00369
vn 0.58807 -0.8088 -0.00369
vn -0.90498 -0.42546 0.00031
vn -0.90445 -0.42659 0.0003
vn 0.48305 0.87559 0.00278
vn 0.48411 0.875 0.00278
vn 0.00175 0.99999 0.0049
vn -0.24752 0.96887 0.00554
vn -0.24729 0.96892 0.00554
vn 0.00249 0.99998 0.00489
vn 0.77137 -0.63638 -0.0035
vn 0.77113 -0.63667 -0.0035
vn -0.77134 -0.63642 -0.00081
vn -0.7706 -0.63731 -0.00081
vn 0.2504 0.96813 0.00394
vn 0.25152 0.96785 0.00394
vn -0.48171 0.87631 0.00578
vn -0.48174 0.87629 0.00578
vn 0.90566 -0.424 -0.00312
vn 0.9054 -0.42455 -0.00312
vn 0.58937 0.80786 0.00177
vn 0.58854 0.80846 0.00177
vn 0.36938 0.92927 0.00254
vn 0.37012 0.92898 0.00254
vn 0.6853 -0.72824 -0.00556
vn 0.68558 -0.72798 -0.00555
vn 0.84565 -0.53372 -0.00491
vn 0.84526 -0.53434 -0.00492
vn -0.98269 0.18523 0.00254
vn -0.98254 0.18605 0.00255
vn -0.99797 -0.06373 0.00177
vn -0.9979 -0.06474 0.00177
vn 0.12668 0.99194 0.00311
vn 0.12713 0.99188 0.00311
vn 0.95195 -0.30623 -0.00395
vn 0.95164 -0.30718 -0.00395
vn -0.95101 -0.30915 0.00081
vn -0.95065 -0.31025 0.00081
vn -0.12436 0.99223 0.00348
vn -0.12399 0.99228 0.00348
vn 0.99819 -0.0601 -0.00278
vn 0.99812 -0.06128 -0.00278
vn -0.84481 -0.53507 -0.0003
vn -0.84414 -0.53612 -0.00031
vn -0.3678 0.9299 0.00368
vn -0.36754 0.93 0.00368
vn 0.98192 0.18928 -0.00153
vn 0.98216 0.18805 -0.00153
vn -0.68595 -0.72764 -0.00153
vn -0.68504 -0.7285 -0.00153
vn -0.58807 0.8088 0.00368
vn -0.58814 0.80875 0.00368
vn 0.90444 0.42659 -0.0003
vn 0.90498 0.42546 -0.00031
vn -0.48411 -0.875 -0.00278
vn -0.48305 -0.87559 -0.00278
vn -0.00175 -0.99999 -0.0049
vn -0.00248 -0.99998 -0.00489
vn 0.24729 -0.96892 -0.00554
vn 0.24752 -0.96887 -0.00554
vn -0.77113 0.63667 0.0035
vn -0.77137 0.63638 0.0035
vn 0.7706 0.63732 0.00081
vn 0.77134 0.63642 0.00081
vn -0.25151 -0.96785 -0.00394
vn -0.2504 -0.96813 -0.00394
vn 0.48174 -0.87629 -0.00578
vn 0.48171 -0.87631 -0.00578
vn -0.9054 0.42455 0.00312
vn -0.90566 0.424 0.00312
vn -0.04931 -0.05712 -0.99715
vn -0.04933 -0.05709 -0.99715
vn -0.0338 -0.06821 -0.9971
vn -0.03375 -0.06824 -0.9971
vn -0.00194 -0.0716 0.99743
vn -0.00198 -0.0716 0.99743
vn -0.02056 -0.06929 0.99738
vn -0.02051 -0.0693 0.99738
vn 0.05888 0.04473 -0.99726
vn 0.05888 0.04471 -0.99726
vn 0.0452 0.05751 -0.99732
vn 0.04517 0.05753 -0.99732
vn 0.00822 0.0765 0.99704
vn 0.00826 0.0765 0.99704
vn 0.02641 0.07183 0.99707
vn 0.02636 0.07185 0.99707
vn -0.01501 -0.07548 -0.99703
vn -0.01494 -0.07549 -0.99703
vn 0.02837 0.06663 -0.99737
vn 0.02833 0.06665 -0.99737
vn -0.01053 0.07648 0.99702
vn -0.0105 0.07648 0.99702
vn 0.00174 -0.0781 -0.99694
vn 0.00177 -0.0781 -0.99694
vn 0.00886 0.07151 -0.9974
vn 0.00881 0.07152 -0.9974
vn -0.02872 0.07176 0.99701
vn -0.02871 0.07176 0.99701
vn 0.01673 -0.06929 0.99746
vn 0.01671 -0.0693 0.99746
vn -0.00801 0.07197 -0.99737
vn -0.00803 0.07197 -0.99737
vn -0.04518 0.0627 0.99701
vn -0.04519 0.06269 0.99701
vn 0.03431 -0.06239 0.99746
vn 0.03431 -0.06239 0.99746
vn -0.02419 0.0673 -0.99744
vn -0.0242 0.0673 -0.99744
vn -0.05895 0.04987 0.99701
vn -0.05898 0.04984 0.99701
vn 0.01835 -0.0756 -0.99697
vn 0.01838 -0.07559 -0.99697
vn 0.0495 -0.05126 0.99746
vn 0.04952 -0.05124 0.99746
vn -0.04183 0.0577 -0.99746
vn -0.04182 0.05771 -0.99746
vn -0.06906 0.03405 0.99703
vn -0.06908 0.03401 0.99703
vn 0.037 -0.06825 -0.99698
vn 0.037 -0.06825 -0.99698
vn 0.06143 -0.03673 0.99744
vn 0.06145 -0.03669 0.99744
vn -0.05574 0.04474 -0.99744
vn -0.05572 0.04476 -0.99744
vn -0.07482 0.01627 0.99706
vn -0.07483 0.01622 0.99706
vn 0.05235 -0.05706 -0.997
vn 0.05233 -0.05708 -0.997
vn 0.06948 -0.01981 0.99739
vn 0.06949 -0.01977 0.99739
vn -0.06571 0.02904 -0.99742
vn -0.06569 0.02907 -0.99742
vn -0.07599 -0.00232 0.99711
vn -0.07599 -0.00236 0.99711
vn 0.0642 -0.04277 -0.99702
vn 0.06417 -0.04281 -0.99702
vn 0.07307 -0.00153 0.99733
vn 0.07307 -0.00149 0.99733
vn -0.07152 0.0113 -0.99738
vn -0.07151 0.01134 -0.99738
vn -0.07254 -0.02056 0.99715
vn -0.07253 -0.02059 0.99715
vn 0.07225 -0.02595 -0.99705
vn 0.07223 -0.026 -0.99705
vn 0.07199 0.017 0.99726
vn 0.07199 0.01702 0.99726
vn -0.07273 -0.00736 -0.99732
vn -0.07273 -0.00732 -0.99732
vn -0.06476 -0.03734 0.9972
vn -0.06476 -0.03734 0.9972
vn 0.07573 -0.00761 -0.9971
vn 0.07572 -0.00767 -0.9971
vn 0.06624 0.03463 0.9972
vn 0.06624 0.03462 0.9972
vn -0.06923 -0.02576 -0.99727
vn -0.06923 -0.02575 -0.99727
vn -0.05296 -0.05164 0.99726
vn -0.05298 -0.05163 0.99726
vn 0.07457 0.01106 -0.99715
vn 0.07457 0.01102 -0.99715
vn 0.05628 0.05026 0.99715
vn 0.05629 0.05024 0.99715
vn -0.06128 -0.04271 -0.99721
vn -0.06127 -0.04272 -0.99721
vn -0.03786 -0.06252 0.99733
vn -0.03789 -0.0625 0.99733
vn 0.0689 0.02888 -0.99721
vn 0.06891 0.02887 -0.99721
vn 0.04275 0.06293 0.9971
vn 0.04279 0.0629 0.9971
vt 0.43653 0.47018
vt 0.40073 0.47018
vt 0.40064 0.48795
vt 0.43642 0.48795
vt 0.69248 0.47018
vt 0.65264 0.47018
vt 0.65236 0.48795
vt 0.69234 0.48795
vt 0.14196 0.47018
vt 0.10683 0.47018
vt 0.10674 0.48795
vt 0.14184 0.48795
vt 0.36424 0.47018
vt 0.36417 0.48795
vt 0.61414 0.47018
vt 0.61379 0.48795
vt 0.07251 0.47018
vt 0.07236 0.48795
vt 0.32714 0.47018
vt 0.32697 0.48795
vt 0.57692 0.47018
vt 0.57654 0.48795
vt 0.03893 0.47018
vt 0.03841 0.48795
vt 0.28929 0.47018
vt 0.289 0.48795
vt 0.54094 0.47018
vt 0.54059 0.48795
vt 0.96076 0.47018
vt 0.92627 0.47018
vt 0.92703 0.48795
vt 0.96159 0.48795
vt 0.25141 0.47018
vt 0.25114 0.48795
vt 0.50617 0.47018
vt 0.50591 0.48795
vt 0.89046 0.47018
vt 0.89123 0.48795
vt 0.81475 0.47018
vt 0.77495 0.47018
vt 0.77551 0.48795
vt 0.81549 0.48795
vt 0.21425 0.47018
vt 0.2141 0.48795
vt 0.47168 0.47018
vt 0.4715 0.48795
vt 0.85323 0.47018
vt 0.85403 0.48795
vt 0.73371 0.47018
vt 0.73393 0.48795
vt 0.17776 0.47018
vt 0.17762 0.48795
vt 0.43651 0.46716
vt 0.4367 0.45044
vt 0.40096 0.45044
vt 0.40072 0.46716
vt 0.69243 0.46716
vt 0.69233 0.45044
vt 0.65248 0.45044
vt 0.65261 0.46716
vt 0.142 0.46716
vt 0.14199 0.45044
vt 0.1069 0.45044
vt 0.10688 0.46716
vt 0.36454 0.45044
vt 0.36424 0.46716
vt 0.61398 0.45044
vt 0.61411 0.46716
vt 0.07255 0.45044
vt 0.07258 0.46716
vt 0.32743 0.45044
vt 0.32714 0.46716
vt 0.57679 0.45044
vt 0.5769 0.46716
vt 0.0398 0.45044
vt 0.03939 0.46716
vt 0.28965 0.45044
vt 0.2893 0.46716
vt 0.54087 0.45044
vt 0.54093 0.46716
vt 0.96032 0.46716
vt 0.9604 0.45044
vt 0.92607 0.45044
vt 0.92621 0.46716
vt 0.25162 0.45044
vt 0.25145 0.46716
vt 0.50619 0.45044
vt 0.50616 0.46716
vt 0.89013 0.45044
vt 0.89042 0.46716
vt 0.81471 0.46716
vt 0.81441 0.45044
vt 0.77456 0.45044
vt 0.77492 0.46716
vt 0.21422 0.45044
vt 0.21431 0.46716
vt 0.47177 0.45044
vt 0.47166 0.46716
vt 0.85292 0.45044
vt 0.85319 0.46716
vt 0.73344 0.45044
vt 0.73367 0.46716
vt 0.17775 0.45044
vt 0.17781 0.46716
vt 0.81443 0.44721
vt 0.85293 0.44721
vt 0.36457 0.44721
vt 0.40099 0.44721
vt 0.32746 0.44721
vt 0.28968 0.44721
vt 0.77457 0.44721
vt 0.25164 0.44721
vt 0.73339 0.44721
vt 0.21423 0.44721
vt 0.69223 0.44721
vt 0.17775 0.44721
vt 0.65239 0.44721
vt 0.142 0.44721
vt 0.61389 0.44721
vt 0.10691 0.44721
vt 0.57671 0.44721
vt 0.07253 0.44721
vt 0.54081 0.44721
vt 0.03942 0.44721
vt 0.50616 0.44721
vt 0.92611 0.44721
vt 0.96082 0.44721
vt 0.47178 0.44721
vt 0.89014 0.44721
vt 0.43672 0.44721
usemtl mat3
f 905/905/1008 906/906/1009 907/907/1010
f 905/905/1008 907/907/1010 908/908/1011
f 909/909/1012 910/910/1013 911/911/1014
f 909/909/1012 911/911/1014 912/912/1015
f 913/913/1016 914/914/1017 915/915/1018
f 913/913/1016 915/915/1018 916/916/1019
f 906/906/1009 917/917/1020 918/918/1021
f 906/906/1009 918/918/1021 907/907/1010
f 910/910/1013 919/919/1022 920/920/1023
f 910/910/1013 920/920/1023 911/911/1014
f 914/914/1017 921/921/1024 922/922/1025
f 914/914/1017 922/922/1025 915/915/1018
f 917/917/1020 923/923/1026 924/924/1027
f 917/917/1020 924/924/1027 918/918/1021
f 919/919/1022 925/925/1028 926/926/1029
f 919/919/1022 926/926/1029 920/920/1023
f 921/921/1024 927/927/1030 928/928/1031
f 921/921/1024 928/928/1031 922/922/1025
f 923/923/1026 929/929/1032 930/930/1033
f 923/923/1026 930/930/1033 924/924/1027
f 925/925/1028 931/931/1034 932/932/1035
f 925/925/1028 932/932/1035 926/926/1029
f 933/933/1030 934/934/1036 935/935/1037
f 933/933/1030 935/935/1037 936/936/1031
f 929/929/1032 937/937/1038 938/938/1039
f 929/929/1032 938/938/1039 930/930/1033
f 931/931/1034 939/939/1040 940/940/1041
f 931/931/1034 940/940/1041 932/932/1035
f 934/934/1036 941/941/1042 942/942/1043
f 934/934/1036 942/942/1043 935/935/1037
f 943/943/1044 944/944/1045 945/945/1046
f 943/943/1044 945/945/1046 946/946/1047
f 937/937/1038 947/947/1048 948/948/1049
f 937/937/1038 948/948/1049 938/938/1039
f 939/939/1040 949/949/1050 950/950/1051
f 939/939/1040 950/950/1051 940/940/1041
f 941/941/1042 951/951/1052 952/952/1053
f 941/941/1042 952/952/1053 942/942/1043
f 944/944/1045 953/953/1054 954/954/1055
f 944/944/1045 954/954/1055 945/945/1046
f 947/947/1048 955/955/1056 956/956/1057
f 947/947/1048 956/956/1057 948/948/1049
f 949/949/1050 905/905/1008 908/908/1011
f 949/949/1050 908/908/1011 950/950/1051
f 951/951/1052 943/943/1044 946/946/1047
f 951/951/1052 946/946/1047 952/952/1053
f 953/953/1054 909/909/1012 912/912/1015
f 953/953/1054 912/912/1015 954/954/1055
f 955/955/1056 913/913/1016 916/916/1019
f 955/955/1056 916/916/1019 956/956/1057
f 957/957/1058 958/958/1059 959/959/1060
f 957/957/1058 959/959/1060 960/960/1061
f 961/961/1062 962/962/1063 963/963/1064
f 961/961/1062 963/963/1064 964/964/1065
f 965/965/1066 966/966/1067 967/967/1068
f 965/965/1066 967/967/1068 968/968/1069
f 960/960/1061 959/959/1060 969/969/1070
f 960/960/1061 969/969/1070 970/970/1071
f 964/964/1065 963/963/1064 971/971/1072
f 964/964/1065 971/971/1072 972/972/1073
f 968/968/1069 967/967/1068 973/973/1074
f 968/968/1069 973/973/1074 974/974/1075
f 970/970/1071 969/969/1070 975/975/1076
f 970/970/1071 975/975/1076 976/976/1077
f 972/972/1073 971/971/1072 977/977/1078
f 972/972/1073 977/977/1078 978/978/1079
f 974/974/1075 973/973/1074 979/979/1080
f 974/974/1075 979/979/1080 980/980/1081
f 976/976/1077 975/975/1076 981/981/1082
f 976/976/1077 981/981/1082 982/982/1083
f 978/978/1079 977/977/1078 983/983/1084
f 978/978/1079 983/983/1084 984/984/1085
f 985/985/1081 986/986/1080 987/987/1086
f 985/985/1081 987/987/1086 988/988/1087
f 982/982/1083 981/981/1082 989/989/1088
f 982/982/1083 989/989/1088 990/990/1089
f 984/984/1085 983/983/1084 991/991/1090
f 984/984/1085 991/991/1090 992/992/1091
f 988/988/1087 987/987/1086 993/993/1092
f 988/988/1087 993/993/1092 994/994/1093
f 995/995/1094 996/996/1095 997/997/1096
f 995/995/1094 997/997/1096 998/998/1097
f 990/990/1089 989/989/1088 999/999/1098
f 990/990/1089 999/999/1098 1000/1000/1099
f 992/992/1091 991/991/1090 1001/1001/1100
f 992/992/1091 1001/1001/1100 1002/1002/1101
f 994/994/1093 993/993/1092 1003/1003/1102
f 994/994/1093 1003/1003/1102 1004/1004/1103
f 998/998/1097 997/997/1096 1005/1005/1104
f 998/998/1097 1005/1005/1104 1006/1006/1105
f 1000/1000/1099 999/999/1098 1007/1007/1106
f 1000/1000/1099 1007/1007/1106 1008/1008/1107
f 1002/1002/1101 1001/1001/1100 958/958/1059
f 1002/1002/1101 958/958/1059 957/957/1058
f 1004/1004/1103 1003/1003/1102 996/996/1095
f 1004/1004/1103 996/996/1095 995/995/1094
f 1006/1006/1105 1005/1005/1104 962/962/1063
f 1006/1006/1105 962/962/1063 961/961/1062
f 1008/1008/1107 1007/1007/1106 966/966/1067
f 1008/1008/1107 966/966/1067 965/965/1066
f 934/934/1108 988/988/1109 994/994/1110
f 934/934/1108 994/994/1110 941/941/1111
f 1009/1009/1112 996/996/1113 1003/1003/1114
f 1009/1009/1112 1003/1003/1114 1010/1010/1115
f 949/949/1116 1002/1002/1117 957/957/1118
f 949/949/1116 957/957/1118 905/905/1119
f 1011/1011/1120 969/969/1121 959/959/1122
f 1011/1011/1120 959/959/1122 1012/1012/1123
f 941/941/1111 994/994/1110 1004/1004/1124
f 941/941/1111 1004/1004/1124 951/951/1125
f 905/905/1119 957/957/1118 960/960/1126
f 905/905/1119 960/960/1126 906/906/1127
f 1013/1013/1128 975/975/1129 969/969/1121
f 1013/1013/1128 969/969/1121 1011/1011/1120
f 951/951/1125 1004/1004/1124 995/995/1130
f 951/951/1125 995/995/1130 943/943/1131
f 906/906/1127 960/960/1126 970/970/1132
f 906/906/1127 970/970/1132 917/917/1133
f 1014/1014/1134 981/981/1135 975/975/1129
f 1014/1014/1134 975/975/1129 1013/1013/1128
f 1015/1015/1136 997/997/1137 996/996/1113
f 1015/1015/1136 996/996/1113 1009/1009/1112
f 917/917/1133 970/970/1132 976/976/1138
f 917/917/1133 976/976/1138 923/923/1139
f 1016/1016/1140 989/989/1141 981/981/1135
f 1016/1016/1140 981/981/1135 1014/1014/1134
f 1017/1017/1142 1005/1005/1143 997/997/1137
f 1017/1017/1142 997/997/1137 1015/1015/1136
f 923/923/1139 976/976/1138 982/982/1144
f 923/923/1139 982/982/1144 929/929/1145
f 1018/1018/1146 999/999/1147 989/989/1141
f 1018/1018/1146 989/989/1141 1016/1016/1140
f 943/943/1131 995/995/1130 998/998/1148
f 943/943/1131 998/998/1148 944/944/1149
f 1019/1019/1150 962/962/1151 1005/1005/1143
f 1019/1019/1150 1005/1005/1143 1017/1017/1142
f 929/929/1145 982/982/1144 990/990/1152
f 929/929/1145 990/990/1152 937/937/1153
f 1020/1020/1154 1007/1007/1155 999/999/1147
f 1020/1020/1154 999/999/1147 1018/1018/1146
f 944/944/1149 998/998/1148 1006/1006/1156
f 944/944/1149 1006/1006/1156 953/953/1157
f 1021/1021/1158 963/963/1159 962/962/1151
f 1021/1021/1158 962/962/1151 1019/1019/1150
f 937/937/1153 990/990/1152 1000/1000/1160
f 937/937/1153 1000/1000/1160 947/947/1161
f 1022/1022/1162 966/966/1163 1007/1007/1155
f 1022/1022/1162 1007/1007/1155 1020/1020/1154
f 953/953/1157 1006/1006/1156 961/961/1164
f 953/953/1157 961/961/1164 909/909/1165
f 1023/1023/1166 971/971/1167 963/963/1159
f 1023/1023/1166 963/963/1159 1021/1021/1158
f 947/947/1161 1000/1000/1160 1008/1008/1168
f 947/947/1161 1008/1008/1168 955/955/1169
f 1024/1024/1170 967/967/1171 966/966/1163
f 1024/1024/1170 966/966/1163 1022/1022/1162
f 909/909/1165 961/961/1164 964/964/1172
f 909/909/1165 964/964/1172 910/910/1173
f 1025/1025/1174 977/977/1175 971/971/1167
f 1025/1025/1174 971/971/1167 1023/1023/1166
f 955/955/1169 1008/1008/1168 965/965/1176
f 955/955/1169 965/965/1176 913/913/1177
f 1026/1026/1178 973/973/1179 967/967/1171
f 1026/1026/1178 967/967/1171 1024/1024/1170
f 910/910/1173 964/964/1172 972/972/1180
f 910/910/1173 972/972/1180 919/919/1181
f 1027/1027/1182 983/983/1183 977/977/1175
f 1027/1027/1182 977/977/1175 1025/1025/1174
f 913/913/1177 965/965/1176 968/968/1184
f 913/913/1177 968/968/1184 914/914/1185
f 1028/1028/1186 979/979/1187 973/973/1179
f 1028/1028/1186 973/973/1179 1026/1026/1178
f 919/919/1181 972/972/1180 978/978/1188
f 919/919/1181 978/978/1188 925/925/1189
f 1029/1029/1190 991/991/1191 983/983/1183
f 1029/1029/1190 983/983/1183 1027/1027/1182
f 914/914/1185 968/968/1184 974/974/1192
f 914/914/1185 974/974/1192 921/921/1193
f 1030/1030/1194 987/987/1195 986/986/1187
f 1030/1030/1194 986/986/1187 1031/1031/1186
f 925/925/1189 978/978/1188 984/984/1196
f 925/925/1189 984/984/1196 931/931/1197
f 1032/1032/1198 1001/1001/1199 991/991/1191
f 1032/1032/1198 991/991/1191 1029/1029/1190
f 921/921/1193 974/974/1192 980/980/1200
f 921/921/1193 980/980/1200 927/927/1201
f 1033/1033/1202 993/993/1203 987/987/1195
f 1033/1033/1202 987/987/1195 1030/1030/1194
f 931/931/1197 984/984/1196 992/992/1204
f 931/931/1197 992/992/1204 939/939/1205
f 1034/1034/1206 958/958/1207 1001/1001/1199
f 1034/1034/1206 1001/1001/1199 1032/1032/1198
f 933/933/1201 985/985/1200 988/988/1109
f 933/933/1201 988/988/1109 934/934/1108
f 1010/1010/1115 1003/1003/1114 993/993/1203
f 1010/1010/1115 993/993/1203 1033/1033/1202
f 939/939/1205 992/992/1204 1002/1002/1117
f 939/939/1205 1002/1002/1117 949/949/1116
f 1012/1012/1123 959/959/1122 958/958/1207
f 1012/1012/1123 958/958/1207 1034/1034/1206
# Vertices: 130, normals: 200, texture coordinates: 130, faces: 200

o obj6
v 0.38719084 0.0574095 0.28130985
v 0.41448961 0.09054877 0.30114354
v 0.30114439 0.09054881 0.41448884
v 0.28131066 0.05740954 0.3871901
v -0.45516993 0.05740946 0.14789333
v -0.48726152 0.09054872 0.15832052
v -0.51233712 0.09054867 -3.5E-07
v -0.47859396 0.05740941 -3.5E-07
v 0.45517002 0.05740946 0.14789292
v 0.48726163 0.09054872 0.15832009
v -0.38719067 0.0574095 0.28131007
v -0.41448942 0.09054877 0.30114376
v 0.47859396 0.05740941 -8.3E-07
v 0.51233701 0.09054867 -8.7E-07
v -0.2813105 0.05740954 0.3871903
v -0.3011442 0.09054881 0.41448903
v -0.14789369 0.05740926 -0.45517031
v -0.15832088 0.09054851 -0.48726188
v -1E-08 0.09054851 -0.51233748
v -1E-08 0.05740926 -0.47859431
v 0.45516974 0.05740936 -0.14789453
v 0.48726136 0.09054862 -0.15832176
v -0.14789359 0.05740956 0.45516956
v -0.15832077 0.09054883 0.48726116
v -0.28131052 0.05740929 -0.38719105
v -0.30114423 0.09054854 -0.4144898
v 0.38719032 0.05740932 -0.28131134
v 0.41448903 0.09054857 -0.30114508
v 1.4E-07 0.05740957 0.47859361
v 1.5E-07 0.09054884 0.51233676
v -0.15832077 0.09054883 0.48726116
v -0.14789359 0.05740956 0.45516956
v -0.38719067 0.05740932 -0.28131087
v -0.41448942 0.09054857 -0.30114459
v 0.28130995 0.05740929 -0.3871914
v 0.30114362 0.09054854 -0.41449019
v 0.14789386 0.05740956 0.45516948
v 0.15832108 0.09054883 0.48726111
v -0.45516996 0.05740936 -0.14789402
v -0.48726152 0.09054862 -0.15832123
v 0.14789299 0.05740926 -0.45517053
v 0.15832014 0.09054851 -0.4872621
v 0.53586661 0.2286289 -9.3E-07
v 0.50963963 0.22862895 0.16559108
v -0.3149745 0.22862904 0.43352483
v -0.43352526 0.228629 0.31497405
v -0.16559192 0.22862873 -0.50963992
v -1E-08 0.22862872 -0.53586712
v 0.5096393 0.22862884 -0.16559287
v -0.16559181 0.22862906 0.50963912
v -0.31497456 0.22862876 -0.43352569
v 0.43352482 0.2286288 -0.31497548
v 1.6E-07 0.22862907 0.5358662
v -0.16559181 0.22862906 0.50963912
v -0.43352526 0.2286288 -0.31497494
v 0.31497393 0.22862876 -0.43352608
v 0.16559212 0.22862906 0.50963901
v -0.50963946 0.22862884 -0.16559231
v 0.16559114 0.22862873 -0.50964009
v 0.31497475 0.22862904 0.43352461
v -0.53586666 0.2286289 -3.9E-07
v 0.43352543 0.228629 0.31497383
v -0.50963946 0.22862895 0.16559153
v 0.31984238 0.37775569 0.44022429
v 0.16815118 0.37775571 0.51751497
v -0.54414794 0.37775555 -4.3E-07
v -0.51751548 0.37775549 -0.16815141
v -1E-08 0.37775537 -0.54414845
v 0.16815019 0.37775538 -0.51751609
v 0.44022515 0.37775565 0.31984141
v -0.51751548 0.3777556 0.16815053
v 0.51751559 0.3777556 0.1681501
v -0.44022498 0.37775565 0.31984163
v 0.54414789 0.37775555 -9.8E-07
v -0.31984214 0.37775569 0.4402245
v -0.16815097 0.37775538 -0.51751598
v 0.51751531 0.37775549 -0.168152
v -0.16815088 0.37775571 0.51751508
v -0.31984219 0.3777554 -0.44022546
v 0.44022455 0.37775544 -0.31984316
v 1.7E-07 0.37775572 0.54414743
v -0.16815088 0.37775571 0.51751508
v -0.44022498 0.37775544 -0.31984261
v 0.31984156 0.3777554 -0.44022582
v -0.16815088 0.59316093 0.51751501
v -0.31984214 0.59316091 0.44022443
v -0.31984219 0.59316062 -0.44022553
v -0.16815097 0.59316059 -0.51751605
v 0.44022455 0.59316066 -0.31984323
v 0.51751531 0.59316071 -0.16815207
v 1.7E-07 0.59316094 0.54414736
v -0.16815088 0.59316093 0.51751501
v -0.44022498 0.59316066 -0.31984269
v 0.31984156 0.59316062 -0.44022589
v 0.16815118 0.59316093 0.5175149
v -0.51751548 0.59316071 -0.16815148
v 0.16815019 0.59316059 -0.51751616
v 0.31984238 0.59316091 0.44022422
v -0.54414794 0.59316076 -5E-07
v -1E-08 0.59316059 -0.54414852
v 0.44022515 0.59316087 0.31984134
v -0.51751548 0.59316082 0.16815046
v 0.51751559 0.59316082 0.16815003
v -0.44022498 0.59316087 0.31984156
v 0.54414789 0.59316076 -1.05E-06
v -0.48669499 0.93007656 0.15813616
v -0.51174135 0.93007651 -6.2E-07
v 0.48669516 0.93007656 0.15813574
v 0.41400769 0.9300766 0.30079314
v -0.41400753 0.9300766 0.30079334
v 0.51174129 0.93007651 -1.14E-06
v -0.30079405 0.93007664 0.41400687
v -0.15813681 0.93007635 -0.48669568
v -1E-08 0.93007634 -0.51174203
v 0.48669483 0.93007645 -0.15813798
v -0.1581367 0.93007666 0.48669442
v -0.30079411 0.93007637 -0.41400818
v 0.41400711 0.93007641 -0.3007952
v 1.6E-07 0.93007667 0.51174066
v -0.1581367 0.93007666 0.48669442
v -0.41400753 0.93007641 -0.30079471
v 0.3007935 0.93007637 -0.41400857
v 0.15813699 0.93007666 0.48669431
v -0.48669499 0.93007645 -0.15813743
v 0.15813607 0.93007635 -0.48669579
v 0.30079427 0.93007664 0.41400665
v -0.41337883 1.58291979 -0.30033816
v -0.30033732 1.58291976 -0.41337973
v 0.30033674 1.58291976 -0.41338009
v 0.41337845 1.58291979 -0.30033868
v 0.15789687 1.58292005 0.48595506
v 1.5E-07 1.58292006 0.51096344
v -0.48595596 1.58291984 -0.15789752
v 0.15789595 1.58291973 -0.48595697
v 0.30033751 1.58292002 0.41337777
v -0.51096434 1.58291989 -8.4E-07
v -1E-08 1.58291972 -0.51096524
v 0.41337902 1.58291999 0.30033617
v -0.48595596 1.58291994 0.15789583
v 0.48595612 1.58291994 0.1578954
v -0.41337883 1.58291999 0.30033636
v 0.51096429 1.58291989 -1.35E-06
v -0.30033729 1.58292002 0.41337796
v -0.15789669 1.58291973 -0.48595686
v 0.48595585 1.58291984 -0.15789805
v -0.15789658 1.58292005 0.48595517
v -0.15789658 1.58292005 0.48595517
v 0.52172851 1.71017459 -1.4E-06
v 0.49619349 1.71017464 0.16122168
v -0.30666434 1.71017472 0.42208635
v -0.42208724 1.71017469 0.30666337
v -0.16122301 1.71017442 -0.49619427
v -1E-08 1.71017442 -0.52172946
v 0.49619316 1.71017453 -0.16122442
v -0.1612229 1.71017475 0.4961925
v -0.30666437 1.71017445 -0.42208818
v 0.42208686 1.71017449 -0.30666577
v 1.6E-07 1.71017476 0.52172763
v -0.1612229 1.71017475 0.4961925
v -0.42208724 1.71017449 -0.30666523
v 0.30666376 1.71017445 -0.42208856
v 0.16122317 1.71017475 0.49619233
v -0.49619322 1.71017453 -0.16122388
v 0.16122224 1.71017442 -0.49619438
v 0.30666456 1.71017472 0.42208611
v -0.52172857 1.71017459 -8.7E-07
v 0.42208743 1.71017469 0.30666318
v -0.49619322 1.71017464 0.16122211
v 0.30666456 2.95356001 0.4220857
v 0.16122317 2.95356003 0.49619193
v -0.52172857 2.95355987 -1.28E-06
v -0.49619322 2.95355982 -0.16122429
v -1E-08 2.9535597 -0.52172986
v 0.16122224 2.95355971 -0.49619479
v 0.42208743 2.95355997 0.30666277
v -0.49619322 2.95355992 0.1612217
v 0.49619349 2.95355992 0.16122128
v -0.42208724 2.95355997 0.30666296
v 0.52172851 2.95355987 -1.8E-06
v -0.30666434 2.95356001 0.42208595
v -0.16122301 2.95355971 -0.49619468
v 0.49619316 2.95355982 -0.16122482
v -0.1612229 2.95356003 0.49619209
v -0.30666437 2.95355973 -0.42208859
v 0.42208686 2.95355977 -0.30666618
v 1.6E-07 2.95356004 0.52172722
v -0.1612229 2.95356003 0.49619209
v -0.42208724 2.95355977 -0.30666563
v 0.30666376 2.95355973 -0.42208897
v -0.1549726 3.03309413 0.47695562
v -0.29477559 3.0330941 0.40572243
v -0.29477559 3.03309384 -0.40572512
v -0.1549727 3.03309382 -0.4769582
v 0.40572337 3.03309388 -0.2947774
v 0.47695671 3.03309392 -0.15497454
v 1.5E-07 3.03309414 0.50150074
v -0.1549726 3.03309413 0.47695562
v -0.40572372 3.03309388 -0.29477691
v 0.29477501 3.03309384 -0.40572548
v 0.15497286 3.03309413 0.47695551
v -0.47695682 3.03309392 -0.15497401
v 0.15497197 3.03309382 -0.47695831
v 0.29477575 3.0330941 0.40572219
v -0.50150211 3.03309397 -1.31E-06
v -1E-08 3.03309381 -0.50150343
v 0.40572394 3.03309407 0.29477397
v -0.47695682 3.03309402 0.15497137
v 0.47695699 3.03309402 0.15497097
v -0.40572372 3.03309407 0.29477416
v 0.50150206 3.03309397 -1.82E-06
v -0.41200745 3.14377924 0.13386797
v -0.43321031 3.1437792 -1.37E-06
v 0.41200753 3.14377924 0.13386763
v 0.35047469 3.14377928 0.25463303
v -0.35047444 3.14377928 0.25463319
v 0.43321015 3.1437792 -1.8E-06
v -0.25463466 3.14377931 0.35047306
v -0.13386937 3.14377907 -0.41200889
v -1E-08 3.14377906 -0.43321169
v 0.41200729 3.14377916 -0.13387117
v -0.13386929 3.14377933 0.41200615
v -0.25463466 3.14377909 -0.35047591
v 0.35047417 3.14377912 -0.25463648
v 1.3E-07 3.14377934 0.43320882
v -0.13386929 3.14377933 0.41200615
v -0.35047444 3.14377912 -0.25463604
v 0.25463416 3.14377909 -0.35047626
v 0.13386951 3.14377933 0.41200604
v -0.41200745 3.14377916 -0.13387071
v 0.13386874 3.14377907 -0.41200903
v 0.25463482 3.14377931 0.3504729
v -0.12019836 3.52025999 -0.08733082
v -0.08732924 3.52025998 -0.12019996
v 0.08732904 3.52025998 -0.12020009
v 0.12019823 3.52025999 -0.08733097
v 0.04591173 3.52026007 0.14130004
v 3E-08 3.52026007 0.1485717
v -0.14130165 3.52026001 -0.04591328
v 0.04591147 3.52025997 -0.14130331
v 0.08732927 3.52026006 0.12019671
v -0.14857336 3.52026002 -1.59E-06
v -2E-08 3.52025997 -0.14857494
v 0.12019841 3.52026005 0.08732756
v -0.14130165 3.52026004 0.0459101
v 0.14130165 3.52026004 0.04590998
v -0.12019836 3.52026005 0.08732761
v 0.14857326 3.52026002 -1.74E-06
v -0.08732924 3.52026006 0.12019676
v -0.04591172 3.52025997 -0.14130325
v 0.14130156 3.52026001 -0.04591344
v -0.04591168 3.52026007 0.14130007
v -0.04591168 3.52026007 0.14130007
v 0.15075753 3.60229836 -1.77E-06
v 0.14337901 3.60229838 0.04658492
v -0.08861313 3.6022984 0.12196385
v -0.12196548 3.60229839 0.08861147
v -0.04658669 3.60229832 -0.14338063
v -2E-08 3.60229831 -0.15075923
v 0.14337891 3.60229835 -0.04658845
v -0.04658665 3.60229841 0.14337739
v -0.08861313 3.60229832 -0.1219671
v 0.12196534 3.60229833 -0.08861488
v 3E-08 3.60229841 0.15075593
v -0.04658665 3.60229841 0.14337739
v -0.12196548 3.60229833 -0.08861473
v 0.08861292 3.60229832 -0.12196723
v 0.04658671 3.60229841 0.14337737
v -0.14337902 3.60229835 -0.04658828
v 0.04658644 3.60229832 -0.14338069
v 0.08861315 3.6022984 0.12196379
v -0.15075763 3.60229836 -1.62E-06
v 0.12196552 3.60229839 0.08861141
v -0.14337902 3.60229838 0.04658504
v 0.05042547 3.61614911 -0.15519605
v 0.09591521 3.61614912 -0.13201799
v 0.09591546 3.6161492 0.13201454
v 0.05042576 3.61614921 0.15519272
v -0.16318104 3.61614916 -1.62E-06
v -0.15519438 3.61614914 -0.05042733
v -2E-08 3.61614911 -0.16318264
v 0.13201628 3.61614919 0.09591371
v -0.15519438 3.61614918 0.05042409
v 0.15519437 3.61614918 0.05042396
v -0.13201622 3.61614919 0.09591376
v 0.16318094 3.61614916 -1.79E-06
v -0.09591542 3.6161492 0.13201459
v -0.05042573 3.61614911 -0.155196
v 0.15519427 3.61614914 -0.05042751
v -0.0504257 3.61614921 0.15519277
v -0.09591542 3.61614912 -0.13201785
v 0.13201607 3.61614913 -0.09591718
v 3E-08 3.61614921 0.16317934
v -0.0504257 3.61614921 0.15519277
v -0.13201622 3.61614913 -0.09591703
v 0.13906299 3.62893416 -0.04518612
v 0.1462195 3.62893417 -1.78E-06
v -0.04518433 3.62893422 0.13906147
v -0.08594574 3.62893421 0.1182925
v -0.08594574 3.62893414 -0.11829576
v -0.04518436 3.62893413 -0.13906472
v 0.11829398 3.62893415 -0.08594748
v 3E-08 3.62893422 0.14621789
v -0.04518433 3.62893422 0.13906147
v -0.11829412 3.62893415 -0.08594735
v 0.08594554 3.62893414 -0.11829588
v 0.04518438 3.62893422 0.13906143
v -0.13906309 3.62893416 -0.04518596
v 0.04518411 3.62893413 -0.13906476
v 0.08594576 3.62893421 0.11829243
v -0.1462196 3.62893417 -1.63E-06
v -2E-08 3.62893413 -0.14622122
v 0.11829416 3.6289342 0.08594402
v -0.13906309 3.62893419 0.0451827
v 0.13906306 3.62893419 0.04518258
v -0.11829412 3.6289342 0.08594406
v 0.11829416 3.73973905 0.08594398
v 0.08594576 3.73973906 0.1182924
v -0.13906309 3.73973903 0.04518267
v -0.1462196 3.73973902 -1.67E-06
v 0.13906306 3.73973903 0.04518255
v -0.11829412 3.73973905 0.08594403
v 0.1462195 3.73973902 -1.81E-06
v -0.08594574 3.73973906 0.11829246
v -0.04518436 3.73973897 -0.13906476
v -2E-08 3.73973897 -0.14622125
v 0.13906299 3.739739 -0.04518616
v -0.04518433 3.73973906 0.13906143
v -0.08594574 3.73973898 -0.11829579
v 0.11829398 3.73973899 -0.08594752
v 3E-08 3.73973907 0.14621786
v -0.04518433 3.73973906 0.13906143
v -0.11829412 3.73973899 -0.08594738
v 0.08594554 3.73973898 -0.11829592
v 0.04518438 3.73973906 0.13906139
v -0.13906309 3.739739 -0.045186
v 0.04518411 3.73973897 -0.1390648
v 0.17625768 0.08007087 0.24259719
v 0.02493133 0.12145113 0.03431455
v 0.03431506 0.12145112 0.02493082
v 0.24259784 0.08007085 0.17625698
v -0.29986733 0.08007079 -4.2E-07
v -0.04241581 0.12145112 -5.2E-07
v -0.04033985 0.12145112 0.01310667
v -0.28519078 0.08007082 0.09266367
v 0.04033977 0.12145112 0.01310664
v 0.28519078 0.08007082 0.09266342
v -0.03431512 0.12145112 0.02493084
v -0.24259776 0.08007085 0.17625712
v 0.04241572 0.12145112 -5.6E-07
v 0.29986725 0.08007079 -7.2E-07
v -0.02493142 0.12145113 0.03431457
v -0.17625759 0.08007087 0.24259732
v -3E-08 0.0800707 -0.29986774
v -5E-08 0.1214511 -0.0424163
v -0.01310724 0.1214511 -0.04034032
v -0.09266412 0.0800707 -0.28519119
v 0.04033974 0.12145111 -0.01310776
v 0.28519061 0.08007076 -0.09266484
v -0.01310723 0.12145113 0.04033928
v -0.09266405 0.08007089 0.28519031
v -0.02493142 0.1214511 -0.03431561
v -0.17625761 0.08007071 -0.2425982
v 0.03431501 0.12145111 -0.02493193
v 0.24259749 0.08007074 -0.1762583
v -3E-08 0.12145113 0.04241526
v 7E-08 0.08007089 0.29986684
v -0.03431512 0.12145111 -0.02493189
v -0.24259776 0.08007074 -0.176258
v 0.02493128 0.1214511 -0.03431564
v 0.17625723 0.08007071 -0.24259842
v 0.01310716 0.12145113 0.04033928
v 0.09266418 0.08007089 0.28519026
v -0.04033985 0.12145111 -0.01310772
v -0.28519081 0.08007076 -0.09266452
v 0.01310709 0.1214511 -0.04034034
v 0.09266365 0.0800707 -0.2851913
v -0.45516996 0.05740936 -0.14789402
v -0.47859396 0.05740941 -3.5E-07
v 0.14789386 0.05740956 0.45516948
v 0.28131066 0.05740954 0.3871901
v -0.38719067 0.05740932 -0.28131087
v 1.4E-07 0.05740957 0.47859361
v 0.38719032 0.05740932 -0.28131134
v -0.28131052 0.05740929 -0.38719105
v -0.14789359 0.05740956 0.45516956
v 0.45516974 0.05740936 -0.14789453
v -0.14789369 0.05740926 -0.45517031
v -0.2813105 0.05740954 0.3871903
v 0.47859396 0.05740941 -8.3E-07
v -0.38719067 0.0574095 0.28131007
v 0.45517002 0.05740946 0.14789292
v -0.45516993 0.05740946 0.14789333
v 0.38719084 0.0574095 0.28130985
vn 0.2892 -0.21011 -0.93393
vn 0.72205 -0.5246 -0.45105
vn 0.5246 -0.72205 -0.45105
vn 0.21011 -0.28919 -0.93393
vn -0.33997 -0.11046 -0.93393
vn -0.84882 -0.2758 -0.45105
vn -0.8925 0 -0.45105
vn -0.35746 0 -0.93393
vn 0.33997 -0.11046 -0.93393
vn 0.84882 -0.2758 -0.45105
vn -0.28919 -0.21011 -0.93393
vn -0.72205 -0.5246 -0.45105
vn 0.35746 0 -0.93393
vn 0.8925 0 -0.45105
vn -0.21011 -0.28919 -0.93393
vn -0.5246 -0.72205 -0.45105
vn -0.11046 0.33997 -0.93393
vn -0.2758 0.84882 -0.45105
vn -0 0.8925 -0.45105
vn -0 0.35746 -0.93393
vn 0.33997 0.11046 -0.93393
vn 0.84882 0.2758 -0.45105
vn -0.11046 -0.33997 -0.93393
vn -0.2758 -0.84882 -0.45105
vn -0.21011 0.2892 -0.93393
vn -0.5246 0.72205 -0.45105
vn 0.28919 0.21011 -0.93393
vn 0.72205 0.5246 -0.45105
vn 0 -0.35746 -0.93393
vn 0 -0.8925 -0.45105
vn -0.2892 0.21011 -0.93393
vn -0.72205 0.5246 -0.45105
vn 0.21011 0.2892 -0.93393
vn 0.5246 0.72205 -0.45105
vn 0.11046 -0.33997 -0.93393
vn 0.2758 -0.84882 -0.45105
vn -0.33997 0.11046 -0.93393
vn -0.84882 0.2758 -0.45105
vn 0.11046 0.33997 -0.93393
vn 0.2758 0.84882 -0.45105
vn 0.99379 0 -0.11127
vn 0.94515 -0.3071 -0.11127
vn -0.58414 -0.80399 -0.11127
vn -0.80399 -0.58413 -0.11127
vn -0.3071 0.94515 -0.11127
vn -0 0.99379 -0.11127
vn 0.94515 0.3071 -0.11127
vn -0.3071 -0.94515 -0.11127
vn -0.58414 0.80399 -0.11127
vn 0.80399 0.58414 -0.11127
vn 0 -0.99379 -0.11127
vn -0.80399 0.58413 -0.11127
vn 0.58413 0.80399 -0.11127
vn 0.3071 -0.94515 -0.11127
vn -0.94515 0.3071 -0.11127
vn 0.3071 0.94515 -0.11127
vn 0.58414 -0.80399 -0.11127
vn -0.99379 -0 -0.11127
vn 0.80399 -0.58413 -0.11127
vn -0.94515 -0.3071 -0.11127
vn 0.58756 -0.80871 -0.02766
vn 0.3089 -0.95069 -0.02766
vn -0.99962 -0 -0.02766
vn -0.95069 0.3089 -0.02766
vn -0 0.99962 -0.02766
vn 0.3089 0.95069 -0.02766
vn 0.80871 -0.58756 -0.02766
vn -0.95069 -0.3089 -0.02766
vn 0.95069 -0.3089 -0.02766
vn -0.80871 -0.58756 -0.02766
vn 0.99962 0 -0.02766
vn -0.58756 -0.80871 -0.02766
vn -0.3089 0.95069 -0.02766
vn 0.95069 0.3089 -0.02766
vn -0.3089 -0.95069 -0.02766
vn -0.58756 0.80871 -0.02766
vn 0.80871 0.58756 -0.02766
vn 0 -0.99962 -0.02766
vn -0.80871 0.58756 -0.02766
vn 0.58756 0.80871 -0.02766
vn -0.30866 -0.94997 0.0477
vn -0.58712 -0.8081 0.0477
vn -0.58712 0.8081 0.0477
vn -0.30867 0.94997 0.0477
vn 0.8081 0.58712 0.0477
vn 0.94997 0.30867 0.0477
vn 0 -0.99886 0.0477
vn -0.8081 0.58712 0.0477
vn 0.58711 0.8081 0.0477
vn 0.30867 -0.94997 0.0477
vn -0.94997 0.30867 0.0477
vn 0.30866 0.94997 0.0477
vn 0.58712 -0.8081 0.0477
vn -0.99886 -0 0.0477
vn 0 0.99886 0.0477
vn 0.8081 -0.58712 0.0477
vn -0.94997 -0.30867 0.0477
vn 0.94997 -0.30866 0.0477
vn -0.8081 -0.58712 0.0477
vn 0.99886 0 0.0477
vn -0.94993 -0.30865 0.04875
vn -0.99881 -0 0.04875
vn 0.94993 -0.30865 0.04875
vn 0.80806 -0.58709 0.04875
vn -0.80806 -0.58709 0.04875
vn 0.99881 0 0.04875
vn -0.58709 -0.80806 0.04875
vn -0.30865 0.94993 0.04875
vn 0 0.99881 0.04875
vn 0.94993 0.30865 0.04875
vn -0.30865 -0.94993 0.04875
vn -0.58709 0.80806 0.04875
vn 0.80805 0.58709 0.04875
vn 0 -0.99881 0.04875
vn -0.80806 0.58709 0.04875
vn 0.58709 0.80806 0.04875
vn 0.30865 -0.94993 0.04875
vn -0.94993 0.30865 0.04875
vn 0.30865 0.94993 0.04875
vn 0.58709 -0.80805 0.04875
vn -0.80831 0.58727 -0.04176
vn -0.58727 0.80831 -0.04176
vn 0.58727 0.80831 -0.04176
vn 0.80831 0.58727 -0.04176
vn 0.30875 -0.95023 -0.04176
vn 0 -0.99913 -0.04176
vn -0.95023 0.30875 -0.04176
vn 0.30875 0.95023 -0.04176
vn 0.58727 -0.80831 -0.04176
vn -0.99913 0 -0.04176
vn -0 0.99913 -0.04176
vn 0.80831 -0.58727 -0.04176
vn -0.95023 -0.30875 -0.04176
vn 0.95023 -0.30875 -0.04176
vn -0.80831 -0.58727 -0.04176
vn 0.99913 0 -0.04176
vn -0.58727 -0.80831 -0.04176
vn -0.30875 0.95023 -0.04176
vn 0.95023 0.30875 -0.04176
vn -0.30875 -0.95023 -0.04176
vn 0.99912 0 -0.04201
vn 0.95022 -0.30874 -0.04201
vn -0.58727 -0.8083 -0.04201
vn -0.8083 -0.58727 -0.042
vn -0.30874 0.95022 -0.042
vn -0 0.99912 -0.042
vn 0.95022 0.30875 -0.042
vn -0.30874 -0.95022 -0.04201
vn -0.58727 0.8083 -0.042
vn 0.8083 0.58727 -0.04201
vn 0 -0.99912 -0.04201
vn -0.8083 0.58727 -0.042
vn 0.58727 0.8083 -0.042
vn 0.30874 -0.95022 -0.042
vn -0.95022 0.30874 -0.042
vn 0.30874 0.95022 -0.04201
vn 0.58727 -0.8083 -0.042
vn -0.99912 0 -0.042
vn 0.8083 -0.58727 -0.042
vn -0.95022 -0.30874 -0.042
vn 0.58334 -0.8029 0.1227
vn 0.30668 -0.94387 0.1227
vn -0.99244 0 0.1227
vn -0.94387 0.30668 0.1227
vn -0 0.99244 0.1227
vn 0.30668 0.94387 0.1227
vn 0.8029 -0.58334 0.1227
vn -0.94387 -0.30668 0.1227
vn 0.94387 -0.30668 0.1227
vn -0.8029 -0.58334 0.1227
vn 0.99244 0 0.1227
vn -0.58334 -0.8029 0.1227
vn -0.30668 0.94387 0.1227
vn 0.94387 0.30668 0.1227
vn -0.30668 -0.94387 0.1227
vn -0.58334 0.8029 0.1227
vn 0.8029 0.58334 0.1227
vn 0 -0.99244 0.1227
vn -0.8029 0.58334 0.1227
vn 0.58334 0.80291 0.1227
vn -0.2852 -0.87776 0.38496
vn -0.54249 -0.74667 0.38495
vn -0.54249 0.74667 0.38495
vn -0.2852 0.87776 0.38495
vn 0.74667 0.54249 0.38495
vn 0.87776 0.2852 0.38496
vn 0 -0.92294 0.38495
vn -0.74667 0.54249 0.38495
vn 0.54249 0.74667 0.38495
vn 0.2852 -0.87776 0.38495
vn -0.87776 0.2852 0.38495
vn 0.2852 0.87776 0.38495
vn 0.54249 -0.74667 0.38495
vn -0.92294 0 0.38495
vn 0 0.92294 0.38495
vn 0.74667 -0.54249 0.38495
vn -0.87776 -0.2852 0.38495
vn 0.87776 -0.2852 0.38496
vn -0.74667 -0.54249 0.38495
vn 0.92294 0 0.38496
vn -0.78631 -0.25549 0.56253
vn -0.82678 -0 0.56253
vn 0.78631 -0.25549 0.56253
vn 0.66888 -0.48597 0.56253
vn -0.66888 -0.48597 0.56253
vn 0.82678 0 0.56253
vn -0.48597 -0.66888 0.56253
vn -0.25549 0.78631 0.56253
vn -0 0.82678 0.56253
vn 0.78631 0.25549 0.56253
vn -0.25549 -0.78631 0.56253
vn -0.48597 0.66888 0.56253
vn 0.66888 0.48597 0.56253
vn 0 -0.82678 0.56253
vn -0.66888 0.48597 0.56253
vn 0.48597 0.66888 0.56253
vn 0.25549 -0.78631 0.56253
vn -0.78631 0.25549 0.56253
vn 0.25549 0.78631 0.56253
vn 0.48597 -0.66888 0.56253
vn -0.64534 0.46886 0.60308
vn -0.46886 0.64534 0.60308
vn 0.46886 0.64534 0.60308
vn 0.64534 0.46886 0.60308
vn 0.2465 -0.75864 0.60308
vn 0 -0.79768 0.60308
vn -0.75864 0.2465 0.60308
vn 0.24649 0.75864 0.60308
vn 0.46886 -0.64534 0.60308
vn -0.79768 0 0.60308
vn -0 0.79768 0.60308
vn 0.64534 -0.46886 0.60308
vn -0.75864 -0.2465 0.60308
vn 0.75864 -0.2465 0.60308
vn -0.64534 -0.46886 0.60308
vn 0.79768 0 0.60308
vn -0.46886 -0.64534 0.60308
vn -0.2465 0.75864 0.60308
vn 0.75864 0.2465 0.60308
vn -0.2465 -0.75864 0.60308
vn 0.99965 0 -0.02662
vn 0.99965 0 -0.02662
vn 0.95072 -0.30891 -0.02662
vn -0.58758 -0.80873 -0.02662
vn -0.58758 -0.80873 -0.02662
vn -0.80873 -0.58758 -0.02662
vn -0.30891 0.95072 -0.02662
vn -0.30891 0.95072 -0.02662
vn 0 0.99965 -0.02662
vn 0 0.99965 -0.02662
vn 0.95072 0.30891 -0.02662
vn 0.95072 0.30891 -0.02662
vn -0.30891 -0.95072 -0.02662
vn -0.30891 -0.95072 -0.02662
vn -0.58758 0.80873 -0.02662
vn -0.58758 0.80873 -0.02662
vn 0.80873 0.58758 -0.02662
vn 0.80873 0.58758 -0.02662
vn 0 -0.99965 -0.02662
vn 0 -0.99965 -0.02662
vn -0.80873 0.58758 -0.02662
vn -0.80873 0.58758 -0.02662
vn 0.58758 0.80873 -0.02662
vn 0.58758 0.80873 -0.02662
vn 0.30891 -0.95072 -0.02662
vn 0.30891 -0.95072 -0.02662
vn -0.95072 0.30891 -0.02662
vn -0.95072 0.30891 -0.02662
vn 0.30891 0.95072 -0.02662
vn 0.30891 0.95072 -0.02662
vn 0.58758 -0.80873 -0.02662
vn 0.58758 -0.80873 -0.02662
vn -0.99965 0 -0.02662
vn -0.99965 0 -0.02662
vn 0.80873 -0.58758 -0.02662
vn 0.80873 -0.58758 -0.02662
vn -0.95072 -0.30891 -0.02662
vn -0.95072 -0.30891 -0.02662
vn 0.23003 0.70799 -0.66771
vn 0.30775 0.94717 0.09035
vn 0.58538 0.80571 0.09035
vn 0.43756 0.60225 -0.66771
vn 0.43756 -0.60225 -0.66771
vn 0.58538 -0.80571 0.09035
vn 0.30775 -0.94717 0.09035
vn 0.23004 -0.70799 -0.66771
vn -0.74442 0 -0.66771
vn -0.99591 0 0.09035
vn -0.94717 0.30775 0.09034
vn -0.70798 0.23004 -0.66771
vn -0 0.74442 -0.66771
vn -0 0.99591 0.09035
vn 0.60225 -0.43756 -0.66771
vn 0.80571 -0.58538 0.09034
vn -0.70799 -0.23004 -0.66771
vn -0.94717 -0.30775 0.09034
vn 0.70799 -0.23004 -0.66771
vn 0.94717 -0.30775 0.09035
vn -0.60225 -0.43756 -0.66771
vn -0.80571 -0.58538 0.09034
vn 0.74442 0 -0.66771
vn 0.99591 0 0.09035
vn -0.43756 -0.60225 -0.66771
vn -0.58538 -0.80571 0.09035
vn -0.23004 0.70799 -0.66771
vn -0.30775 0.94717 0.09035
vn 0.70799 0.23004 -0.66771
vn 0.94717 0.30775 0.09035
vn -0.23004 -0.70799 -0.66771
vn -0.30775 -0.94717 0.09035
vn -0.43756 0.60225 -0.66771
vn -0.58538 0.80571 0.09035
vn 0.60225 0.43756 -0.66771
vn 0.80571 0.58538 0.09035
vn 0 -0.74442 -0.66771
vn -0 -0.99591 0.09035
vn -0.60224 0.43756 -0.66771
vn -0.80571 0.58538 0.09034
vn 0.57247 0.186 0.79855
vn 0.60192 0 0.79856
vn -0.18601 -0.57246 0.79855
vn -0.35381 -0.48697 0.79855
vn -0.3538 0.48697 0.79855
vn -0.18601 0.57246 0.79855
vn 0.48697 0.3538 0.79855
vn -0 -0.60192 0.79855
vn -0.48697 0.3538 0.79855
vn 0.3538 0.48697 0.79855
vn 0.186 -0.57246 0.79855
vn -0.57247 0.186 0.79855
vn 0.18601 0.57246 0.79855
vn 0.3538 -0.48697 0.79855
vn -0.60193 0 0.79855
vn 0 0.60192 0.79855
vn 0.48697 -0.3538 0.79855
vn -0.57247 -0.186 0.79855
vn 0.57246 -0.186 0.79855
vn -0.48697 -0.3538 0.79855
vn 0.80902 -0.58778 0
vn 0.58779 -0.80902 0
vn -0.95106 -0.30902 0
vn -1 0 0
vn 0.95106 -0.30902 0
vn -0.80902 -0.58778 0
vn 1 0 0
vn -0.58779 -0.80902 0
vn -0.30902 0.95106 0
vn -0 1 0
vn 0.95106 0.30902 0
vn -0.30902 -0.95106 0
vn -0.58779 0.80902 0
vn 0.80902 0.58779 0
vn 0 -1 0
vn -0.80902 0.58779 0
vn 0.58778 0.80902 0
vn 0.30902 -0.95106 0
vn -0.95106 0.30902 0
vn 0.30902 0.95106 0
vn -0.08266 0.11377 -0.99006
vn -0.05143 0.07079 -0.99616
vn -0.07079 0.05143 -0.99616
vn -0.11377 0.08266 -0.99006
vn 0.14063 0 -0.99006
vn 0.0875 0 -0.99616
vn 0.08322 0.02704 -0.99616
vn 0.13375 0.04346 -0.99006
vn -0.08322 0.02704 -0.99616
vn -0.13375 0.04346 -0.99006
vn 0.07079 0.05143 -0.99616
vn 0.11377 0.08266 -0.99006
vn -0.0875 -0 -0.99616
vn -0.14063 -0 -0.99006
vn 0.05143 0.07079 -0.99616
vn 0.08266 0.11377 -0.99006
vn 0 -0.14063 -0.99006
vn -0 -0.0875 -0.99616
vn 0.02704 -0.08322 -0.99616
vn 0.04346 -0.13375 -0.99006
vn -0.08322 -0.02704 -0.99616
vn -0.13375 -0.04346 -0.99006
vn 0.02704 0.08322 -0.99616
vn 0.04346 0.13375 -0.99006
vn 0.05143 -0.07079 -0.99616
vn 0.08266 -0.11377 -0.99006
vn -0.07079 -0.05143 -0.99616
vn -0.11377 -0.08266 -0.99006
vn -0 0.0875 -0.99616
vn -0 0.14063 -0.99006
vn 0.07079 -0.05143 -0.99616
vn 0.11377 -0.08266 -0.99006
vn -0.05143 -0.07079 -0.99616
vn -0.08266 -0.11377 -0.99006
vn -0.02704 0.08322 -0.99616
vn -0.04346 0.13375 -0.99006
vn 0.08322 -0.02704 -0.99616
vn 0.13375 -0.04346 -0.99006
vn -0.02704 -0.08322 -0.99616
vn -0.04346 -0.13375 -0.99006
vt 0.15925 0.8183
vt 0.15796 0.80784
vt 0.12376 0.81229
vt 0.12523 0.82282
vt 0.58552 0.77531
vt 0.58511 0.76546
vt 0.55288 0.76735
vt 0.55354 0.77724
vt 0.19311 0.81419
vt 0.19192 0.80379
vt 0.61734 0.77438
vt 0.61732 0.76455
vt 0.22683 0.81031
vt 0.22569 0.79995
vt 0.64894 0.7751
vt 0.64964 0.76534
vt 0.4237 0.78897
vt 0.4228 0.77887
vt 0.39002 0.78178
vt 0.39076 0.79193
vt 0.26041 0.80649
vt 0.25928 0.79619
vt 0.68047 0.77897
vt 0.6828 0.76921
vt 0.45645 0.78582
vt 0.45553 0.77577
vt 0.29383 0.80263
vt 0.29266 0.7924
vt 0.05649 0.83464
vt 0.05407 0.82382
vt 0.0174 0.83312
vt 0.02156 0.84399
vt 0.48901 0.78271
vt 0.48812 0.77272
vt 0.32702 0.79856
vt 0.32572 0.78845
vt 0.091 0.82808
vt 0.08922 0.81745
vt 0.52137 0.77979
vt 0.52056 0.76985
vt 0.35879 0.79362
vt 0.35776 0.78398
vt 0.22229 0.77108
vt 0.18839 0.77471
vt 0.65078 0.73663
vt 0.61684 0.73648
vt 0.42002 0.7508
vt 0.38735 0.75376
vt 0.2559 0.76751
vt 0.68645 0.73857
vt 0.45273 0.74779
vt 0.28923 0.76394
vt 0.04783 0.79299
vt 0.00957 0.80006
vt 0.48541 0.74482
vt 0.32223 0.76031
vt 0.08421 0.78736
vt 0.51808 0.74201
vt 0.35474 0.75672
vt 0.11951 0.78265
vt 0.55079 0.73954
vt 0.15417 0.77851
vt 0.58364 0.73759
vt 0.11576 0.75162
vt 0.07998 0.75557
vt 0.54868 0.71041
vt 0.51564 0.71302
vt 0.38458 0.7249
vt 0.35186 0.72798
vt 0.15074 0.74799
vt 0.58204 0.70818
vt 0.18515 0.74455
vt 0.61597 0.7065
vt 0.21914 0.74122
vt 0.65093 0.70555
vt 0.41728 0.72188
vt 0.25277 0.73792
vt 0.6877 0.70542
vt 0.45001 0.71886
vt 0.2861 0.7346
vt 0.04297 0.75997
vt 0.00414 0.76482
vt 0.48278 0.71588
vt 0.31912 0.73127
vt 0.68584 0.6573
vt 0.64878 0.66012
vt 0.44608 0.67746
vt 0.41333 0.68055
vt 0.28203 0.69271
vt 0.24874 0.69565
vt 0.03853 0.7123
vt 8E-05 0.71448
vt 0.47892 0.67436
vt 0.31505 0.6897
vt 0.07555 0.70968
vt 0.51194 0.67129
vt 0.34787 0.68666
vt 0.11148 0.70693
vt 0.54523 0.6683
vt 0.38062 0.68362
vt 0.1466 0.70414
vt 0.57896 0.66544
vt 0.1811 0.70135
vt 0.61336 0.66274
vt 0.21512 0.69852
vt 0.57193 0.59564
vt 0.53833 0.59955
vt 0.17629 0.63144
vt 0.14207 0.6332
vt 0.60599 0.59154
vt 0.21005 0.62948
vt 0.64054 0.58716
vt 0.40694 0.61365
vt 0.37443 0.61676
vt 0.24342 0.62733
vt 0.67557 0.58237
vt 0.43951 0.61036
vt 0.27647 0.62498
vt 0.03624 0.63693
vt 8E-05 0.63725
vt 0.47221 0.60691
vt 0.30927 0.62243
vt 0.07205 0.63602
vt 0.50512 0.60331
vt 0.3419 0.61969
vt 0.10733 0.63474
vt 0.45642 0.47482
vt 0.42494 0.4791
vt 0.29993 0.49112
vt 0.26847 0.49282
vt 0.07151 0.49259
vt 0.03661 0.49118
vt 0.48817 0.47005
vt 0.33122 0.48889
vt 0.1057 0.49375
vt 0.52028 0.46482
vt 0.36243 0.48615
vt 0.13926 0.49451
vt 0.55283 0.45916
vt 0.17223 0.49483
vt 0.5859 0.45314
vt 0.20471 0.49467
vt 0.61952 0.44686
vt 0.39364 0.48288
vt 0.23676 0.494
vt 0.6536 0.44062
vt 0.00091 0.48975
vt 0.20453 0.46936
vt 0.17247 0.46916
vt 0.61438 0.42003
vt 0.58081 0.42687
vt 0.39083 0.45838
vt 0.36006 0.46168
vt 0.23615 0.469
vt 0.64883 0.41294
vt 0.4217 0.45449
vt 0.26742 0.46806
vt 0.03804 0.46317
vt 0.00215 0.46063
vt 0.45275 0.45002
vt 0.29844 0.46652
vt 0.07281 0.46535
vt 0.48409 0.445
vt 0.32929 0.4644
vt 0.10671 0.46712
vt 0.51581 0.43944
vt 0.1399 0.4684
vt 0.54801 0.43337
vt 0.13415 0.23119
vt 0.10503 0.22131
vt 0.46179 0.21729
vt 0.43595 0.22705
vt 0.33724 0.25026
vt 0.31295 0.25265
vt 0.16174 0.23897
vt 0.4886 0.20554
vt 0.18827 0.24492
vt 0.51686 0.19146
vt 0.21404 0.24926
vt 0.54734 0.17472
vt 0.36156 0.24657
vt 0.23925 0.25212
vt 0.58145 0.15549
vt 0.38602 0.24153
vt 0.26406 0.2536
vt 0.0736 0.20894
vt 0.03825 0.19383
vt 0.41076 0.23507
vt 0.28859 0.25377
vt 0.57003 0.13638
vt 0.53742 0.15876
vt 0.38296 0.2291
vt 0.35922 0.23422
vt 0.26444 0.24108
vt 0.24034 0.23943
vt 0.08118 0.19246
vt 0.04793 0.17463
vt 0.40691 0.22248
vt 0.28829 0.24136
vt 0.11095 0.20618
vt 0.43122 0.21422
vt 0.31198 0.24031
vt 0.13877 0.21692
vt 0.45607 0.2041
vt 0.3356 0.23794
vt 0.1653 0.2253
vt 0.48172 0.19181
vt 0.19092 0.23169
vt 0.50858 0.1769
vt 0.21587 0.23634
vt 0.46927 0.16965
vt 0.4459 0.18257
vt 0.196 0.20992
vt 0.17209 0.20298
vt 0.49321 0.15373
vt 0.21945 0.21499
vt 0.51799 0.13378
vt 0.35528 0.21367
vt 0.3329 0.21742
vt 0.24255 0.2184
vt 0.54445 0.10749
vt 0.3777 0.20846
vt 0.26538 0.22027
vt 0.09617 0.16677
vt 0.0691 0.14647
vt 0.40022 0.20166
vt 0.288 0.22071
vt 0.12236 0.18205
vt 0.42292 0.19312
vt 0.31049 0.21976
vt 0.1476 0.19385
vt 0.35783 0.08399
vt 0.34479 0.08815
vt 0.29034 0.09618
vt 0.27643 0.09603
vt 0.19511 0.07655
vt 0.18302 0.07002
vt 0.3705 0.07899
vt 0.30418 0.09546
vt 0.20794 0.08209
vt 0.38269 0.07313
vt 0.3179 0.09389
vt 0.22124 0.08668
vt 0.39428 0.06645
vt 0.23484 0.09036
vt 0.4051 0.05896
vt 0.24862 0.09313
vt 0.41491 0.05072
vt 0.33146 0.09145
vt 0.26251 0.09502
vt 0.42338 0.04174
vt 0.1723 0.06252
vt 0.25306 0.06971
vt 0.24073 0.06715
vt 0.40222 0.03425
vt 0.39299 0.04082
vt 0.32704 0.06862
vt 0.31496 0.07076
vt 0.26548 0.0715
vt 0.41095 0.02768
vt 0.33892 0.06572
vt 0.27792 0.07249
vt 0.19375 0.04983
vt 0.18268 0.04424
vt 0.35053 0.06208
vt 0.29035 0.0727
vt 0.205 0.05506
vt 0.36181 0.05771
vt 0.30271 0.07212
vt 0.21662 0.05977
vt 0.3727 0.05267
vt 0.22856 0.06382
vt 0.38312 0.04701
vt 0.30234 0.06743
vt 0.29028 0.06797
vt 0.21827 0.05527
vt 0.20687 0.0507
vt 0.37067 0.0486
vt 0.36002 0.05348
vt 0.31429 0.06612
vt 0.22996 0.05922
vt 0.38087 0.04312
vt 0.24185 0.06248
vt 0.39059 0.03716
vt 0.25389 0.065
vt 0.3998 0.03088
vt 0.32608 0.06405
vt 0.26601 0.06676
vt 0.40895 0.02415
vt 0.33767 0.06124
vt 0.27815 0.06775
vt 0.19584 0.04553
vt 0.18467 0.03961
vt 0.349 0.05771
vt 0.26662 0.06145
vt 0.25484 0.05971
vt 0.40547 0.02046
vt 0.39694 0.02688
vt 0.33629 0.05622
vt 0.32502 0.05893
vt 0.27843 0.06244
vt 0.19812 0.0409
vt 0.18782 0.03548
vt 0.34731 0.05281
vt 0.29022 0.06268
vt 0.20897 0.04578
vt 0.35803 0.04872
vt 0.30194 0.06217
vt 0.22013 0.05021
vt 0.36841 0.04401
vt 0.31356 0.06092
vt 0.23154 0.05406
vt 0.37838 0.03874
vt 0.24312 0.05724
vt 0.3879 0.033
vt 0.23977 0.02741
vt 0.22972 0.02388
vt 0.36627 0.01578
vt 0.3574 0.02027
vt 0.24984 0.03037
vt 0.37494 0.01085
vt 0.25993 0.0327
vt 0.38341 0.00558
vt 0.31988 0.03285
vt 0.31009 0.03447
vt 0.27003 0.03438
vt 0.39171 8E-05
vt 0.32953 0.0306
vt 0.28012 0.0354
vt 0.20969 0.0154
vt 0.19942 0.01061
vt 0.33901 0.02773
vt 0.29017 0.03575
vt 0.21969 0.01985
vt 0.34831 0.02428
vt 0.30017 0.03544
vt 0.3258 0.93425
vt 0.36062 0.90298
vt 0.35861 0.89988
vt 0.31583 0.91885
vt 0.42669 0.90721
vt 0.3809 0.89755
vt 0.37958 0.90099
vt 0.42014 0.92434
vt 0.35766 0.89632
vt 0.31111 0.90111
vt 0.37726 0.90386
vt 0.4086 0.93861
vt 0.35786 0.89263
vt 0.31211 0.88278
vt 0.37417 0.90586
vt 0.39322 0.94861
vt 0.38129 0.83775
vt 0.37182 0.88357
vt 0.37526 0.88489
vt 0.39848 0.84427
vt 0.35919 0.88919
vt 0.31874 0.86565
vt 0.37061 0.90682
vt 0.3755 0.95337
vt 0.37813 0.88721
vt 0.41279 0.85578
vt 0.36152 0.88633
vt 0.33035 0.8514
vt 0.36692 0.90662
vt 0.35718 0.9524
vt 0.38014 0.8903
vt 0.42284 0.87115
vt 0.36462 0.88433
vt 0.34582 0.84145
vt 0.36348 0.9053
vt 0.34005 0.94582
vt 0.38109 0.89386
vt 0.42763 0.88888
vt 0.36814 0.88338
vt 0.36347 0.8385
vt 0.47416 0.88389
vt 0.47249 0.91686
vt 0.31662 0.98633
vt 0.29099 0.96553
vt 0.46554 0.852
vt 0.34743 0.99818
vt 0.29918 0.81647
vt 0.44746 0.82435
vt 0.3804 0.99992
vt 0.27829 0.8421
vt 0.42169 0.80364
vt 0.41228 0.99137
vt 0.26636 0.87292
vt 0.43995 0.97337
vt 0.26455 0.9059
vt 0.4607 0.9477
vt 0.27305 0.93782
usemtl mat2
f 1035/1035/1208 1036/1036/1209 1037/1037/1210
f 1035/1035/1208 1037/1037/1210 1038/1038/1211
f 1039/1039/1212 1040/1040/1213 1041/1041/1214
f 1039/1039/1212 1041/1041/1214 1042/1042/1215
f 1043/1043/1216 1044/1044/1217 1036/1036/1209
f 1043/1043/1216 1036/1036/1209 1035/1035/1208
f 1045/1045/1218 1046/1046/1219 1040/1040/1213
f 1045/1045/1218 1040/1040/1213 1039/1039/1212
f 1047/1047/1220 1048/1048/1221 1044/1044/1217
f 1047/1047/1220 1044/1044/1217 1043/1043/1216
f 1049/1049/1222 1050/1050/1223 1046/1046/1219
f 1049/1049/1222 1046/1046/1219 1045/1045/1218
f 1051/1051/1224 1052/1052/1225 1053/1053/1226
f 1051/1051/1224 1053/1053/1226 1054/1054/1227
f 1055/1055/1228 1056/1056/1229 1048/1048/1221
f 1055/1055/1228 1048/1048/1221 1047/1047/1220
f 1057/1057/1230 1058/1058/1231 1050/1050/1223
f 1057/1057/1230 1050/1050/1223 1049/1049/1222
f 1059/1059/1232 1060/1060/1233 1052/1052/1225
f 1059/1059/1232 1052/1052/1225 1051/1051/1224
f 1061/1061/1234 1062/1062/1235 1056/1056/1229
f 1061/1061/1234 1056/1056/1229 1055/1055/1228
f 1063/1063/1236 1064/1064/1237 1065/1065/1231
f 1063/1063/1236 1065/1065/1231 1066/1066/1230
f 1067/1067/1238 1068/1068/1239 1060/1060/1233
f 1067/1067/1238 1060/1060/1233 1059/1059/1232
f 1069/1069/1240 1070/1070/1241 1062/1062/1235
f 1069/1069/1240 1062/1062/1235 1061/1061/1234
f 1071/1071/1242 1072/1072/1243 1064/1064/1237
f 1071/1071/1242 1064/1064/1237 1063/1063/1236
f 1073/1073/1244 1074/1074/1245 1068/1068/1239
f 1073/1073/1244 1068/1068/1239 1067/1067/1238
f 1075/1075/1246 1076/1076/1247 1070/1070/1241
f 1075/1075/1246 1070/1070/1241 1069/1069/1240
f 1038/1038/1211 1037/1037/1210 1072/1072/1243
f 1038/1038/1211 1072/1072/1243 1071/1071/1242
f 1042/1042/1215 1041/1041/1214 1074/1074/1245
f 1042/1042/1215 1074/1074/1245 1073/1073/1244
f 1054/1054/1227 1053/1053/1226 1076/1076/1247
f 1054/1054/1227 1076/1076/1247 1075/1075/1246
f 1048/1048/1221 1077/1077/1248 1078/1078/1249
f 1048/1048/1221 1078/1078/1249 1044/1044/1217
f 1050/1050/1223 1079/1079/1250 1080/1080/1251
f 1050/1050/1223 1080/1080/1251 1046/1046/1219
f 1052/1052/1225 1081/1081/1252 1082/1082/1253
f 1052/1052/1225 1082/1082/1253 1053/1053/1226
f 1056/1056/1229 1083/1083/1254 1077/1077/1248
f 1056/1056/1229 1077/1077/1248 1048/1048/1221
f 1058/1058/1231 1084/1084/1255 1079/1079/1250
f 1058/1058/1231 1079/1079/1250 1050/1050/1223
f 1060/1060/1233 1085/1085/1256 1081/1081/1252
f 1060/1060/1233 1081/1081/1252 1052/1052/1225
f 1062/1062/1235 1086/1086/1257 1083/1083/1254
f 1062/1062/1235 1083/1083/1254 1056/1056/1229
f 1064/1064/1237 1087/1087/1258 1088/1088/1255
f 1064/1064/1237 1088/1088/1255 1065/1065/1231
f 1068/1068/1239 1089/1089/1259 1085/1085/1256
f 1068/1068/1239 1085/1085/1256 1060/1060/1233
f 1070/1070/1241 1090/1090/1260 1086/1086/1257
f 1070/1070/1241 1086/1086/1257 1062/1062/1235
f 1072/1072/1243 1091/1091/1261 1087/1087/1258
f 1072/1072/1243 1087/1087/1258 1064/1064/1237
f 1074/1074/1245 1092/1092/1262 1089/1089/1259
f 1074/1074/1245 1089/1089/1259 1068/1068/1239
f 1076/1076/1247 1093/1093/1263 1090/1090/1260
f 1076/1076/1247 1090/1090/1260 1070/1070/1241
f 1037/1037/1210 1094/1094/1264 1091/1091/1261
f 1037/1037/1210 1091/1091/1261 1072/1072/1243
f 1041/1041/1214 1095/1095/1265 1092/1092/1262
f 1041/1041/1214 1092/1092/1262 1074/1074/1245
f 1053/1053/1226 1082/1082/1253 1093/1093/1263
f 1053/1053/1226 1093/1093/1263 1076/1076/1247
f 1036/1036/1209 1096/1096/1266 1094/1094/1264
f 1036/1036/1209 1094/1094/1264 1037/1037/1210
f 1040/1040/1213 1097/1097/1267 1095/1095/1265
f 1040/1040/1213 1095/1095/1265 1041/1041/1214
f 1044/1044/1217 1078/1078/1249 1096/1096/1266
f 1044/1044/1217 1096/1096/1266 1036/1036/1209
f 1046/1046/1219 1080/1080/1251 1097/1097/1267
f 1046/1046/1219 1097/1097/1267 1040/1040/1213
f 1094/1094/1264 1098/1098/1268 1099/1099/1269
f 1094/1094/1264 1099/1099/1269 1091/1091/1261
f 1095/1095/1265 1100/1100/1270 1101/1101/1271
f 1095/1095/1265 1101/1101/1271 1092/1092/1262
f 1082/1082/1253 1102/1102/1272 1103/1103/1273
f 1082/1082/1253 1103/1103/1273 1093/1093/1263
f 1096/1096/1266 1104/1104/1274 1098/1098/1268
f 1096/1096/1266 1098/1098/1268 1094/1094/1264
f 1097/1097/1267 1105/1105/1275 1100/1100/1270
f 1097/1097/1267 1100/1100/1270 1095/1095/1265
f 1078/1078/1249 1106/1106/1276 1104/1104/1274
f 1078/1078/1249 1104/1104/1274 1096/1096/1266
f 1080/1080/1251 1107/1107/1277 1105/1105/1275
f 1080/1080/1251 1105/1105/1275 1097/1097/1267
f 1077/1077/1248 1108/1108/1278 1106/1106/1276
f 1077/1077/1248 1106/1106/1276 1078/1078/1249
f 1079/1079/1250 1109/1109/1279 1107/1107/1277
f 1079/1079/1250 1107/1107/1277 1080/1080/1251
f 1081/1081/1252 1110/1110/1280 1102/1102/1272
f 1081/1081/1252 1102/1102/1272 1082/1082/1253
f 1083/1083/1254 1111/1111/1281 1108/1108/1278
f 1083/1083/1254 1108/1108/1278 1077/1077/1248
f 1084/1084/1255 1112/1112/1282 1109/1109/1279
f 1084/1084/1255 1109/1109/1279 1079/1079/1250
f 1085/1085/1256 1113/1113/1283 1110/1110/1280
f 1085/1085/1256 1110/1110/1280 1081/1081/1252
f 1086/1086/1257 1114/1114/1284 1111/1111/1281
f 1086/1086/1257 1111/1111/1281 1083/1083/1254
f 1087/1087/1258 1115/1115/1285 1116/1116/1282
f 1087/1087/1258 1116/1116/1282 1088/1088/1255
f 1089/1089/1259 1117/1117/1286 1113/1113/1283
f 1089/1089/1259 1113/1113/1283 1085/1085/1256
f 1090/1090/1260 1118/1118/1287 1114/1114/1284
f 1090/1090/1260 1114/1114/1284 1086/1086/1257
f 1091/1091/1261 1099/1099/1269 1115/1115/1285
f 1091/1091/1261 1115/1115/1285 1087/1087/1258
f 1092/1092/1262 1101/1101/1271 1117/1117/1286
f 1092/1092/1262 1117/1117/1286 1089/1089/1259
f 1093/1093/1263 1103/1103/1273 1118/1118/1287
f 1093/1093/1263 1118/1118/1287 1090/1090/1260
f 1112/1112/1282 1119/1119/1288 1120/1120/1289
f 1112/1112/1282 1120/1120/1289 1109/1109/1279
f 1113/1113/1283 1121/1121/1290 1122/1122/1291
f 1113/1113/1283 1122/1122/1291 1110/1110/1280
f 1114/1114/1284 1123/1123/1292 1124/1124/1293
f 1114/1114/1284 1124/1124/1293 1111/1111/1281
f 1115/1115/1285 1125/1125/1294 1126/1126/1288
f 1115/1115/1285 1126/1126/1288 1116/1116/1282
f 1117/1117/1286 1127/1127/1295 1121/1121/1290
f 1117/1117/1286 1121/1121/1290 1113/1113/1283
f 1118/1118/1287 1128/1128/1296 1123/1123/1292
f 1118/1118/1287 1123/1123/1292 1114/1114/1284
f 1099/1099/1269 1129/1129/1297 1125/1125/1294
f 1099/1099/1269 1125/1125/1294 1115/1115/1285
f 1101/1101/1271 1130/1130/1298 1127/1127/1295
f 1101/1101/1271 1127/1127/1295 1117/1117/1286
f 1103/1103/1273 1131/1131/1299 1128/1128/1296
f 1103/1103/1273 1128/1128/1296 1118/1118/1287
f 1098/1098/1268 1132/1132/1300 1129/1129/1297
f 1098/1098/1268 1129/1129/1297 1099/1099/1269
f 1100/1100/1270 1133/1133/1301 1130/1130/1298
f 1100/1100/1270 1130/1130/1298 1101/1101/1271
f 1102/1102/1272 1134/1134/1302 1131/1131/1299
f 1102/1102/1272 1131/1131/1299 1103/1103/1273
f 1104/1104/1274 1135/1135/1303 1132/1132/1300
f 1104/1104/1274 1132/1132/1300 1098/1098/1268
f 1105/1105/1275 1136/1136/1304 1133/1133/1301
f 1105/1105/1275 1133/1133/1301 1100/1100/1270
f 1106/1106/1276 1137/1137/1305 1135/1135/1303
f 1106/1106/1276 1135/1135/1303 1104/1104/1274
f 1107/1107/1277 1138/1138/1306 1136/1136/1304
f 1107/1107/1277 1136/1136/1304 1105/1105/1275
f 1108/1108/1278 1139/1139/1307 1137/1137/1305
f 1108/1108/1278 1137/1137/1305 1106/1106/1276
f 1109/1109/1279 1120/1120/1289 1138/1138/1306
f 1109/1109/1279 1138/1138/1306 1107/1107/1277
f 1110/1110/1280 1122/1122/1291 1134/1134/1302
f 1110/1110/1280 1134/1134/1302 1102/1102/1272
f 1111/1111/1281 1124/1124/1293 1139/1139/1307
f 1111/1111/1281 1139/1139/1307 1108/1108/1278
f 1136/1136/1304 1140/1140/1308 1141/1141/1309
f 1136/1136/1304 1141/1141/1309 1133/1133/1301
f 1137/1137/1305 1142/1142/1310 1143/1143/1311
f 1137/1137/1305 1143/1143/1311 1135/1135/1303
f 1138/1138/1306 1144/1144/1312 1140/1140/1308
f 1138/1138/1306 1140/1140/1308 1136/1136/1304
f 1139/1139/1307 1145/1145/1313 1142/1142/1310
f 1139/1139/1307 1142/1142/1310 1137/1137/1305
f 1120/1120/1289 1146/1146/1314 1144/1144/1312
f 1120/1120/1289 1144/1144/1312 1138/1138/1306
f 1122/1122/1291 1147/1147/1315 1148/1148/1316
f 1122/1122/1291 1148/1148/1316 1134/1134/1302
f 1124/1124/1293 1149/1149/1317 1145/1145/1313
f 1124/1124/1293 1145/1145/1313 1139/1139/1307
f 1119/1119/1288 1150/1150/1318 1146/1146/1314
f 1119/1119/1288 1146/1146/1314 1120/1120/1289
f 1121/1121/1290 1151/1151/1319 1147/1147/1315
f 1121/1121/1290 1147/1147/1315 1122/1122/1291
f 1123/1123/1292 1152/1152/1320 1149/1149/1317
f 1123/1123/1292 1149/1149/1317 1124/1124/1293
f 1125/1125/1294 1153/1153/1321 1154/1154/1318
f 1125/1125/1294 1154/1154/1318 1126/1126/1288
f 1127/1127/1295 1155/1155/1322 1151/1151/1319
f 1127/1127/1295 1151/1151/1319 1121/1121/1290
f 1128/1128/1296 1156/1156/1323 1152/1152/1320
f 1128/1128/1296 1152/1152/1320 1123/1123/1292
f 1129/1129/1297 1157/1157/1324 1153/1153/1321
f 1129/1129/1297 1153/1153/1321 1125/1125/1294
f 1130/1130/1298 1158/1158/1325 1155/1155/1322
f 1130/1130/1298 1155/1155/1322 1127/1127/1295
f 1131/1131/1299 1159/1159/1326 1156/1156/1323
f 1131/1131/1299 1156/1156/1323 1128/1128/1296
f 1132/1132/1300 1160/1160/1327 1157/1157/1324
f 1132/1132/1300 1157/1157/1324 1129/1129/1297
f 1133/1133/1301 1141/1141/1309 1158/1158/1325
f 1133/1133/1301 1158/1158/1325 1130/1130/1298
f 1134/1134/1302 1148/1148/1316 1159/1159/1326
f 1134/1134/1302 1159/1159/1326 1131/1131/1299
f 1135/1135/1303 1143/1143/1311 1160/1160/1327
f 1135/1135/1303 1160/1160/1327 1132/1132/1300
f 1155/1155/1322 1161/1161/1328 1162/1162/1329
f 1155/1155/1322 1162/1162/1329 1151/1151/1319
f 1156/1156/1323 1163/1163/1330 1164/1164/1331
f 1156/1156/1323 1164/1164/1331 1152/1152/1320
f 1157/1157/1324 1165/1165/1332 1166/1166/1333
f 1157/1157/1324 1166/1166/1333 1153/1153/1321
f 1158/1158/1325 1167/1167/1334 1161/1161/1328
f 1158/1158/1325 1161/1161/1328 1155/1155/1322
f 1159/1159/1326 1168/1168/1335 1163/1163/1330
f 1159/1159/1326 1163/1163/1330 1156/1156/1323
f 1160/1160/1327 1169/1169/1336 1165/1165/1332
f 1160/1160/1327 1165/1165/1332 1157/1157/1324
f 1141/1141/1309 1170/1170/1337 1167/1167/1334
f 1141/1141/1309 1167/1167/1334 1158/1158/1325
f 1148/1148/1316 1171/1171/1338 1168/1168/1335
f 1148/1148/1316 1168/1168/1335 1159/1159/1326
f 1143/1143/1311 1172/1172/1339 1169/1169/1336
f 1143/1143/1311 1169/1169/1336 1160/1160/1327
f 1140/1140/1308 1173/1173/1340 1170/1170/1337
f 1140/1140/1308 1170/1170/1337 1141/1141/1309
f 1142/1142/1310 1174/1174/1341 1172/1172/1339
f 1142/1142/1310 1172/1172/1339 1143/1143/1311
f 1144/1144/1312 1175/1175/1342 1173/1173/1340
f 1144/1144/1312 1173/1173/1340 1140/1140/1308
f 1145/1145/1313 1176/1176/1343 1174/1174/1341
f 1145/1145/1313 1174/1174/1341 1142/1142/1310
f 1146/1146/1314 1177/1177/1344 1175/1175/1342
f 1146/1146/1314 1175/1175/1342 1144/1144/1312
f 1147/1147/1315 1178/1178/1345 1171/1171/1338
f 1147/1147/1315 1171/1171/1338 1148/1148/1316
f 1149/1149/1317 1179/1179/1346 1176/1176/1343
f 1149/1149/1317 1176/1176/1343 1145/1145/1313
f 1150/1150/1318 1180/1180/1347 1177/1177/1344
f 1150/1150/1318 1177/1177/1344 1146/1146/1314
f 1151/1151/1319 1162/1162/1329 1178/1178/1345
f 1151/1151/1319 1178/1178/1345 1147/1147/1315
f 1152/1152/1320 1164/1164/1331 1179/1179/1346
f 1152/1152/1320 1179/1179/1346 1149/1149/1317
f 1153/1153/1321 1166/1166/1333 1181/1181/1347
f 1153/1153/1321 1181/1181/1347 1154/1154/1318
f 1176/1176/1343 1182/1182/1348 1183/1183/1349
f 1176/1176/1343 1183/1183/1349 1174/1174/1341
f 1177/1177/1344 1184/1184/1350 1185/1185/1351
f 1177/1177/1344 1185/1185/1351 1175/1175/1342
f 1178/1178/1345 1186/1186/1352 1187/1187/1353
f 1178/1178/1345 1187/1187/1353 1171/1171/1338
f 1179/1179/1346 1188/1188/1354 1182/1182/1348
f 1179/1179/1346 1182/1182/1348 1176/1176/1343
f 1180/1180/1347 1189/1189/1355 1184/1184/1350
f 1180/1180/1347 1184/1184/1350 1177/1177/1344
f 1162/1162/1329 1190/1190/1356 1186/1186/1352
f 1162/1162/1329 1186/1186/1352 1178/1178/1345
f 1164/1164/1331 1191/1191/1357 1188/1188/1354
f 1164/1164/1331 1188/1188/1354 1179/1179/1346
f 1166/1166/1333 1192/1192/1358 1193/1193/1355
f 1166/1166/1333 1193/1193/1355 1181/1181/1347
f 1161/1161/1328 1194/1194/1359 1190/1190/1356
f 1161/1161/1328 1190/1190/1356 1162/1162/1329
f 1163/1163/1330 1195/1195/1360 1191/1191/1357
f 1163/1163/1330 1191/1191/1357 1164/1164/1331
f 1165/1165/1332 1196/1196/1361 1192/1192/1358
f 1165/1165/1332 1192/1192/1358 1166/1166/1333
f 1167/1167/1334 1197/1197/1362 1194/1194/1359
f 1167/1167/1334 1194/1194/1359 1161/1161/1328
f 1168/1168/1335 1198/1198/1363 1195/1195/1360
f 1168/1168/1335 1195/1195/1360 1163/1163/1330
f 1169/1169/1336 1199/1199/1364 1196/1196/1361
f 1169/1169/1336 1196/1196/1361 1165/1165/1332
f 1170/1170/1337 1200/1200/1365 1197/1197/1362
f 1170/1170/1337 1197/1197/1362 1167/1167/1334
f 1171/1171/1338 1187/1187/1353 1198/1198/1363
f 1171/1171/1338 1198/1198/1363 1168/1168/1335
f 1172/1172/1339 1201/1201/1366 1199/1199/1364
f 1172/1172/1339 1199/1199/1364 1169/1169/1336
f 1173/1173/1340 1202/1202/1367 1200/1200/1365
f 1173/1173/1340 1200/1200/1365 1170/1170/1337
f 1174/1174/1341 1183/1183/1349 1201/1201/1366
f 1174/1174/1341 1201/1201/1366 1172/1172/1339
f 1175/1175/1342 1185/1185/1351 1202/1202/1367
f 1175/1175/1342 1202/1202/1367 1173/1173/1340
f 1199/1199/1364 1203/1203/1368 1204/1204/1369
f 1199/1199/1364 1204/1204/1369 1196/1196/1361
f 1200/1200/1365 1205/1205/1370 1206/1206/1371
f 1200/1200/1365 1206/1206/1371 1197/1197/1362
f 1187/1187/1353 1207/1207/1372 1208/1208/1373
f 1187/1187/1353 1208/1208/1373 1198/1198/1363
f 1201/1201/1366 1209/1209/1374 1203/1203/1368
f 1201/1201/1366 1203/1203/1368 1199/1199/1364
f 1202/1202/1367 1210/1210/1375 1205/1205/1370
f 1202/1202/1367 1205/1205/1370 1200/1200/1365
f 1183/1183/1349 1211/1211/1376 1209/1209/1374
f 1183/1183/1349 1209/1209/1374 1201/1201/1366
f 1185/1185/1351 1212/1212/1377 1210/1210/1375
f 1185/1185/1351 1210/1210/1375 1202/1202/1367
f 1182/1182/1348 1213/1213/1378 1211/1211/1376
f 1182/1182/1348 1211/1211/1376 1183/1183/1349
f 1184/1184/1350 1214/1214/1379 1212/1212/1377
f 1184/1184/1350 1212/1212/1377 1185/1185/1351
f 1186/1186/1352 1215/1215/1380 1207/1207/1372
f 1186/1186/1352 1207/1207/1372 1187/1187/1353
f 1188/1188/1354 1216/1216/1381 1213/1213/1378
f 1188/1188/1354 1213/1213/1378 1182/1182/1348
f 1189/1189/1355 1217/1217/1382 1214/1214/1379
f 1189/1189/1355 1214/1214/1379 1184/1184/1350
f 1190/1190/1356 1218/1218/1383 1215/1215/1380
f 1190/1190/1356 1215/1215/1380 1186/1186/1352
f 1191/1191/1357 1219/1219/1384 1216/1216/1381
f 1191/1191/1357 1216/1216/1381 1188/1188/1354
f 1192/1192/1358 1220/1220/1385 1221/1221/1382
f 1192/1192/1358 1221/1221/1382 1193/1193/1355
f 1194/1194/1359 1222/1222/1386 1218/1218/1383
f 1194/1194/1359 1218/1218/1383 1190/1190/1356
f 1195/1195/1360 1223/1223/1387 1219/1219/1384
f 1195/1195/1360 1219/1219/1384 1191/1191/1357
f 1196/1196/1361 1204/1204/1369 1220/1220/1385
f 1196/1196/1361 1220/1220/1385 1192/1192/1358
f 1197/1197/1362 1206/1206/1371 1222/1222/1386
f 1197/1197/1362 1222/1222/1386 1194/1194/1359
f 1198/1198/1363 1208/1208/1373 1223/1223/1387
f 1198/1198/1363 1223/1223/1387 1195/1195/1360
f 1217/1217/1382 1224/1224/1388 1225/1225/1389
f 1217/1217/1382 1225/1225/1389 1214/1214/1379
f 1218/1218/1383 1226/1226/1390 1227/1227/1391
f 1218/1218/1383 1227/1227/1391 1215/1215/1380
f 1219/1219/1384 1228/1228/1392 1229/1229/1393
f 1219/1219/1384 1229/1229/1393 1216/1216/1381
f 1220/1220/1385 1230/1230/1394 1231/1231/1388
f 1220/1220/1385 1231/1231/1388 1221/1221/1382
f 1222/1222/1386 1232/1232/1395 1226/1226/1390
f 1222/1222/1386 1226/1226/1390 1218/1218/1383
f 1223/1223/1387 1233/1233/1396 1228/1228/1392
f 1223/1223/1387 1228/1228/1392 1219/1219/1384
f 1204/1204/1369 1234/1234/1397 1230/1230/1394
f 1204/1204/1369 1230/1230/1394 1220/1220/1385
f 1206/1206/1371 1235/1235/1398 1232/1232/1395
f 1206/1206/1371 1232/1232/1395 1222/1222/1386
f 1208/1208/1373 1236/1236/1399 1233/1233/1396
f 1208/1208/1373 1233/1233/1396 1223/1223/1387
f 1203/1203/1368 1237/1237/1400 1234/1234/1397
f 1203/1203/1368 1234/1234/1397 1204/1204/1369
f 1205/1205/1370 1238/1238/1401 1235/1235/1398
f 1205/1205/1370 1235/1235/1398 1206/1206/1371
f 1207/1207/1372 1239/1239/1402 1236/1236/1399
f 1207/1207/1372 1236/1236/1399 1208/1208/1373
f 1209/1209/1374 1240/1240/1403 1237/1237/1400
f 1209/1209/1374 1237/1237/1400 1203/1203/1368
f 1210/1210/1375 1241/1241/1404 1238/1238/1401
f 1210/1210/1375 1238/1238/1401 1205/1205/1370
f 1211/1211/1376 1242/1242/1405 1240/1240/1403
f 1211/1211/1376 1240/1240/1403 1209/1209/1374
f 1212/1212/1377 1243/1243/1406 1241/1241/1404
f 1212/1212/1377 1241/1241/1404 1210/1210/1375
f 1213/1213/1378 1244/1244/1407 1242/1242/1405
f 1213/1213/1378 1242/1242/1405 1211/1211/1376
f 1214/1214/1379 1225/1225/1389 1243/1243/1406
f 1214/1214/1379 1243/1243/1406 1212/1212/1377
f 1215/1215/1380 1227/1227/1391 1239/1239/1402
f 1215/1215/1380 1239/1239/1402 1207/1207/1372
f 1216/1216/1381 1229/1229/1393 1244/1244/1407
f 1216/1216/1381 1244/1244/1407 1213/1213/1378
f 1241/1241/1404 1245/1245/1408 1246/1246/1409
f 1241/1241/1404 1246/1246/1409 1238/1238/1401
f 1242/1242/1405 1247/1247/1410 1248/1248/1411
f 1242/1242/1405 1248/1248/1411 1240/1240/1403
f 1243/1243/1406 1249/1249/1412 1245/1245/1408
f 1243/1243/1406 1245/1245/1408 1241/1241/1404
f 1244/1244/1407 1250/1250/1413 1247/1247/1410
f 1244/1244/1407 1247/1247/1410 1242/1242/1405
f 1225/1225/1389 1251/1251/1414 1249/1249/1412
f 1225/1225/1389 1249/1249/1412 1243/1243/1406
f 1227/1227/1391 1252/1252/1415 1253/1253/1416
f 1227/1227/1391 1253/1253/1416 1239/1239/1402
f 1229/1229/1393 1254/1254/1417 1250/1250/1413
f 1229/1229/1393 1250/1250/1413 1244/1244/1407
f 1224/1224/1388 1255/1255/1418 1251/1251/1414
f 1224/1224/1388 1251/1251/1414 1225/1225/1389
f 1226/1226/1390 1256/1256/1419 1252/1252/1415
f 1226/1226/1390 1252/1252/1415 1227/1227/1391
f 1228/1228/1392 1257/1257/1420 1254/1254/1417
f 1228/1228/1392 1254/1254/1417 1229/1229/1393
f 1230/1230/1394 1258/1258/1421 1259/1259/1418
f 1230/1230/1394 1259/1259/1418 1231/1231/1388
f 1232/1232/1395 1260/1260/1422 1256/1256/1419
f 1232/1232/1395 1256/1256/1419 1226/1226/1390
f 1233/1233/1396 1261/1261/1423 1257/1257/1420
f 1233/1233/1396 1257/1257/1420 1228/1228/1392
f 1234/1234/1397 1262/1262/1424 1258/1258/1421
f 1234/1234/1397 1258/1258/1421 1230/1230/1394
f 1235/1235/1398 1263/1263/1425 1260/1260/1422
f 1235/1235/1398 1260/1260/1422 1232/1232/1395
f 1236/1236/1399 1264/1264/1426 1261/1261/1423
f 1236/1236/1399 1261/1261/1423 1233/1233/1396
f 1237/1237/1400 1265/1265/1427 1262/1262/1424
f 1237/1237/1400 1262/1262/1424 1234/1234/1397
f 1238/1238/1401 1246/1246/1409 1263/1263/1425
f 1238/1238/1401 1263/1263/1425 1235/1235/1398
f 1239/1239/1402 1253/1253/1416 1264/1264/1426
f 1239/1239/1402 1264/1264/1426 1236/1236/1399
f 1240/1240/1403 1248/1248/1411 1265/1265/1427
f 1240/1240/1403 1265/1265/1427 1237/1237/1400
f 1260/1260/1422 1266/1266/1428 1267/1267/1429
f 1260/1260/1422 1267/1267/1429 1256/1256/1419
f 1261/1261/1423 1268/1268/1430 1269/1269/1431
f 1261/1261/1423 1269/1269/1431 1257/1257/1420
f 1262/1262/1424 1270/1270/1432 1271/1271/1433
f 1262/1262/1424 1271/1271/1433 1258/1258/1421
f 1263/1263/1425 1272/1272/1434 1266/1266/1428
f 1263/1263/1425 1266/1266/1428 1260/1260/1422
f 1264/1264/1426 1273/1273/1435 1268/1268/1430
f 1264/1264/1426 1268/1268/1430 1261/1261/1423
f 1265/1265/1427 1274/1274/1436 1270/1270/1432
f 1265/1265/1427 1270/1270/1432 1262/1262/1424
f 1246/1246/1409 1275/1275/1437 1272/1272/1434
f 1246/1246/1409 1272/1272/1434 1263/1263/1425
f 1253/1253/1416 1276/1276/1438 1273/1273/1435
f 1253/1253/1416 1273/1273/1435 1264/1264/1426
f 1248/1248/1411 1277/1277/1439 1274/1274/1436
f 1248/1248/1411 1274/1274/1436 1265/1265/1427
f 1245/1245/1408 1278/1278/1440 1275/1275/1437
f 1245/1245/1408 1275/1275/1437 1246/1246/1409
f 1247/1247/1410 1279/1279/1441 1277/1277/1439
f 1247/1247/1410 1277/1277/1439 1248/1248/1411
f 1249/1249/1412 1280/1280/1442 1278/1278/1440
f 1249/1249/1412 1278/1278/1440 1245/1245/1408
f 1250/1250/1413 1281/1281/1443 1279/1279/1441
f 1250/1250/1413 1279/1279/1441 1247/1247/1410
f 1251/1251/1414 1282/1282/1444 1280/1280/1442
f 1251/1251/1414 1280/1280/1442 1249/1249/1412
f 1252/1252/1415 1283/1283/1445 1276/1276/1438
f 1252/1252/1415 1276/1276/1438 1253/1253/1416
f 1254/1254/1417 1284/1284/1446 1281/1281/1443
f 1254/1254/1417 1281/1281/1443 1250/1250/1413
f 1255/1255/1418 1285/1285/1447 1282/1282/1444
f 1255/1255/1418 1282/1282/1444 1251/1251/1414
f 1256/1256/1419 1267/1267/1429 1283/1283/1445
f 1256/1256/1419 1283/1283/1445 1252/1252/1415
f 1257/1257/1420 1269/1269/1431 1284/1284/1446
f 1257/1257/1420 1284/1284/1446 1254/1254/1417
f 1258/1258/1421 1271/1271/1433 1286/1286/1447
f 1258/1258/1421 1286/1286/1447 1259/1259/1418
f 1281/1281/1448 1287/1287/1449 1288/1288/1450
f 1281/1281/1448 1288/1288/1450 1279/1279/1450
f 1282/1282/1451 1289/1289/1452 1290/1290/1453
f 1282/1282/1451 1290/1290/1453 1280/1280/1453
f 1283/1283/1454 1291/1291/1455 1292/1292/1456
f 1283/1283/1454 1292/1292/1456 1276/1276/1457
f 1284/1284/1458 1293/1293/1459 1287/1287/1449
f 1284/1284/1458 1287/1287/1449 1281/1281/1448
f 1285/1285/1460 1294/1294/1461 1289/1289/1452
f 1285/1285/1460 1289/1289/1452 1282/1282/1451
f 1267/1267/1462 1295/1295/1463 1291/1291/1455
f 1267/1267/1462 1291/1291/1455 1283/1283/1454
f 1269/1269/1464 1296/1296/1465 1293/1293/1459
f 1269/1269/1464 1293/1293/1459 1284/1284/1458
f 1271/1271/1466 1297/1297/1467 1298/1298/1461
f 1271/1271/1466 1298/1298/1461 1286/1286/1460
f 1266/1266/1468 1299/1299/1469 1295/1295/1463
f 1266/1266/1468 1295/1295/1463 1267/1267/1462
f 1268/1268/1470 1300/1300/1471 1296/1296/1465
f 1268/1268/1470 1296/1296/1465 1269/1269/1464
f 1270/1270/1472 1301/1301/1473 1297/1297/1467
f 1270/1270/1472 1297/1297/1467 1271/1271/1466
f 1272/1272/1474 1302/1302/1475 1299/1299/1469
f 1272/1272/1474 1299/1299/1469 1266/1266/1468
f 1273/1273/1476 1303/1303/1477 1300/1300/1471
f 1273/1273/1476 1300/1300/1471 1268/1268/1470
f 1274/1274/1478 1304/1304/1479 1301/1301/1473
f 1274/1274/1478 1301/1301/1473 1270/1270/1472
f 1275/1275/1480 1305/1305/1481 1302/1302/1475
f 1275/1275/1480 1302/1302/1475 1272/1272/1474
f 1276/1276/1457 1292/1292/1456 1303/1303/1477
f 1276/1276/1457 1303/1303/1477 1273/1273/1476
f 1277/1277/1482 1306/1306/1483 1304/1304/1479
f 1277/1277/1482 1304/1304/1479 1274/1274/1478
f 1278/1278/1484 1307/1307/1485 1305/1305/1481
f 1278/1278/1484 1305/1305/1481 1275/1275/1480
f 1279/1279/1450 1288/1288/1450 1306/1306/1483
f 1279/1279/1450 1306/1306/1483 1277/1277/1482
f 1280/1280/1453 1290/1290/1453 1307/1307/1485
f 1280/1280/1453 1307/1307/1485 1278/1278/1484
f 1303/1303/1486 1308/1308/1487 1309/1309/1488
f 1303/1303/1486 1309/1309/1488 1300/1300/1489
f 1304/1304/1490 1310/1310/1491 1311/1311/1492
f 1304/1304/1490 1311/1311/1492 1301/1301/1493
f 1305/1305/1494 1312/1312/1495 1313/1313/1496
f 1305/1305/1494 1313/1313/1496 1302/1302/1497
f 1292/1292/1498 1314/1314/1499 1308/1308/1487
f 1292/1292/1498 1308/1308/1487 1303/1303/1486
f 1306/1306/1500 1315/1315/1501 1310/1310/1491
f 1306/1306/1500 1310/1310/1491 1304/1304/1490
f 1307/1307/1502 1316/1316/1503 1312/1312/1495
f 1307/1307/1502 1312/1312/1495 1305/1305/1494
f 1288/1288/1504 1317/1317/1505 1315/1315/1501
f 1288/1288/1504 1315/1315/1501 1306/1306/1500
f 1290/1290/1506 1318/1318/1507 1316/1316/1503
f 1290/1290/1506 1316/1316/1503 1307/1307/1502
f 1287/1287/1508 1319/1319/1509 1317/1317/1505
f 1287/1287/1508 1317/1317/1505 1288/1288/1504
f 1289/1289/1510 1320/1320/1511 1318/1318/1507
f 1289/1289/1510 1318/1318/1507 1290/1290/1506
f 1291/1291/1512 1321/1321/1513 1314/1314/1499
f 1291/1291/1512 1314/1314/1499 1292/1292/1498
f 1293/1293/1514 1322/1322/1515 1319/1319/1509
f 1293/1293/1514 1319/1319/1509 1287/1287/1508
f 1294/1294/1516 1323/1323/1517 1320/1320/1511
f 1294/1294/1516 1320/1320/1511 1289/1289/1510
f 1295/1295/1518 1324/1324/1519 1321/1321/1513
f 1295/1295/1518 1321/1321/1513 1291/1291/1512
f 1296/1296/1520 1325/1325/1521 1322/1322/1515
f 1296/1296/1520 1322/1322/1515 1293/1293/1514
f 1297/1297/1522 1326/1326/1523 1327/1327/1517
f 1297/1297/1522 1327/1327/1517 1298/1298/1516
f 1299/1299/1524 1328/1328/1525 1324/1324/1519
f 1299/1299/1524 1324/1324/1519 1295/1295/1518
f 1300/1300/1489 1309/1309/1488 1325/1325/1521
f 1300/1300/1489 1325/1325/1521 1296/1296/1520
f 1301/1301/1493 1311/1311/1492 1326/1326/1523
f 1301/1301/1493 1326/1326/1523 1297/1297/1522
f 1302/1302/1497 1313/1313/1496 1328/1328/1525
f 1302/1302/1497 1328/1328/1525 1299/1299/1524
f 1322/1322/1515 1329/1329/1526 1330/1330/1527
f 1322/1322/1515 1330/1330/1527 1319/1319/1509
f 1323/1323/1517 1331/1331/1528 1332/1332/1529
f 1323/1323/1517 1332/1332/1529 1320/1320/1511
f 1324/1324/1519 1333/1333/1530 1334/1334/1531
f 1324/1324/1519 1334/1334/1531 1321/1321/1513
f 1325/1325/1521 1335/1335/1532 1329/1329/1526
f 1325/1325/1521 1329/1329/1526 1322/1322/1515
f 1326/1326/1523 1336/1336/1533 1337/1337/1528
f 1326/1326/1523 1337/1337/1528 1327/1327/1517
f 1328/1328/1525 1338/1338/1534 1333/1333/1530
f 1328/1328/1525 1333/1333/1530 1324/1324/1519
f 1309/1309/1488 1339/1339/1535 1335/1335/1532
f 1309/1309/1488 1335/1335/1532 1325/1325/1521
f 1311/1311/1492 1340/1340/1536 1336/1336/1533
f 1311/1311/1492 1336/1336/1533 1326/1326/1523
f 1313/1313/1496 1341/1341/1537 1338/1338/1534
f 1313/1313/1496 1338/1338/1534 1328/1328/1525
f 1308/1308/1487 1342/1342/1538 1339/1339/1535
f 1308/1308/1487 1339/1339/1535 1309/1309/1488
f 1310/1310/1491 1343/1343/1539 1340/1340/1536
f 1310/1310/1491 1340/1340/1536 1311/1311/1492
f 1312/1312/1495 1344/1344/1540 1341/1341/1537
f 1312/1312/1495 1341/1341/1537 1313/1313/1496
f 1314/1314/1499 1345/1345/1541 1342/1342/1538
f 1314/1314/1499 1342/1342/1538 1308/1308/1487
f 1315/1315/1501 1346/1346/1542 1343/1343/1539
f 1315/1315/1501 1343/1343/1539 1310/1310/1491
f 1316/1316/1503 1347/1347/1543 1344/1344/1540
f 1316/1316/1503 1344/1344/1540 1312/1312/1495
f 1317/1317/1505 1348/1348/1544 1346/1346/1542
f 1317/1317/1505 1346/1346/1542 1315/1315/1501
f 1318/1318/1507 1349/1349/1545 1347/1347/1543
f 1318/1318/1507 1347/1347/1543 1316/1316/1503
f 1319/1319/1509 1330/1330/1527 1348/1348/1544
f 1319/1319/1509 1348/1348/1544 1317/1317/1505
f 1320/1320/1511 1332/1332/1529 1349/1349/1545
f 1320/1320/1511 1349/1349/1545 1318/1318/1507
f 1321/1321/1513 1334/1334/1531 1345/1345/1541
f 1321/1321/1513 1345/1345/1541 1314/1314/1499
f 1346/1346/1546 1350/1350/1546 1351/1351/1547
f 1346/1346/1546 1351/1351/1547 1343/1343/1547
f 1347/1347/1548 1352/1352/1548 1353/1353/1549
f 1347/1347/1548 1353/1353/1549 1344/1344/1549
f 1348/1348/1550 1354/1354/1550 1350/1350/1546
f 1348/1348/1550 1350/1350/1546 1346/1346/1546
f 1349/1349/1551 1355/1355/1551 1352/1352/1548
f 1349/1349/1551 1352/1352/1548 1347/1347/1548
f 1330/1330/1552 1356/1356/1552 1354/1354/1550
f 1330/1330/1552 1354/1354/1550 1348/1348/1550
f 1332/1332/1553 1357/1357/1553 1355/1355/1551
f 1332/1332/1553 1355/1355/1551 1349/1349/1551
f 1334/1334/1554 1358/1358/1554 1359/1359/1555
f 1334/1334/1554 1359/1359/1555 1345/1345/1555
f 1329/1329/1556 1360/1360/1556 1356/1356/1552
f 1329/1329/1556 1356/1356/1552 1330/1330/1552
f 1331/1331/1557 1361/1361/1557 1357/1357/1553
f 1331/1331/1557 1357/1357/1553 1332/1332/1553
f 1333/1333/1558 1362/1362/1558 1358/1358/1554
f 1333/1333/1558 1358/1358/1554 1334/1334/1554
f 1335/1335/1559 1363/1363/1559 1360/1360/1556
f 1335/1335/1559 1360/1360/1556 1329/1329/1556
f 1336/1336/1560 1364/1364/1560 1365/1365/1557
f 1336/1336/1560 1365/1365/1557 1337/1337/1557
f 1338/1338/1561 1366/1366/1561 1362/1362/1558
f 1338/1338/1561 1362/1362/1558 1333/1333/1558
f 1339/1339/1562 1367/1367/1562 1363/1363/1559
f 1339/1339/1562 1363/1363/1559 1335/1335/1559
f 1340/1340/1563 1368/1368/1563 1364/1364/1560
f 1340/1340/1563 1364/1364/1560 1336/1336/1560
f 1341/1341/1564 1369/1369/1564 1366/1366/1561
f 1341/1341/1564 1366/1366/1561 1338/1338/1561
f 1342/1342/1565 1370/1370/1565 1367/1367/1562
f 1342/1342/1565 1367/1367/1562 1339/1339/1562
f 1343/1343/1547 1351/1351/1547 1368/1368/1563
f 1343/1343/1547 1368/1368/1563 1340/1340/1563
f 1344/1344/1549 1353/1353/1549 1369/1369/1564
f 1344/1344/1549 1369/1369/1564 1341/1341/1564
f 1345/1345/1555 1359/1359/1555 1370/1370/1565
f 1345/1345/1555 1370/1370/1565 1342/1342/1565
f 1371/1371/1566 1372/1372/1567 1373/1373/1568
f 1371/1371/1566 1373/1373/1568 1374/1374/1569
f 1375/1375/1570 1376/1376/1571 1377/1377/1572
f 1375/1375/1570 1377/1377/1572 1378/1378/1573
f 1374/1374/1569 1373/1373/1568 1379/1379/1574
f 1374/1374/1569 1379/1379/1574 1380/1380/1575
f 1378/1378/1573 1377/1377/1572 1381/1381/1576
f 1378/1378/1573 1381/1381/1576 1382/1382/1577
f 1380/1380/1575 1379/1379/1574 1383/1383/1578
f 1380/1380/1575 1383/1383/1578 1384/1384/1579
f 1382/1382/1577 1381/1381/1576 1385/1385/1580
f 1382/1382/1577 1385/1385/1580 1386/1386/1581
f 1387/1387/1582 1388/1388/1583 1389/1389/1584
f 1387/1387/1582 1389/1389/1584 1390/1390/1585
f 1384/1384/1579 1383/1383/1578 1391/1391/1586
f 1384/1384/1579 1391/1391/1586 1392/1392/1587
f 1386/1386/1581 1385/1385/1580 1393/1393/1588
f 1386/1386/1581 1393/1393/1588 1394/1394/1589
f 1390/1390/1585 1389/1389/1584 1395/1395/1590
f 1390/1390/1585 1395/1395/1590 1396/1396/1591
f 1392/1392/1587 1391/1391/1586 1397/1397/1592
f 1392/1392/1587 1397/1397/1592 1398/1398/1593
f 1394/1394/1589 1393/1393/1588 1399/1399/1594
f 1394/1394/1589 1399/1399/1594 1400/1400/1595
f 1396/1396/1591 1395/1395/1590 1401/1401/1596
f 1396/1396/1591 1401/1401/1596 1402/1402/1597
f 1398/1398/1593 1397/1397/1592 1403/1403/1598
f 1398/1398/1593 1403/1403/1598 1404/1404/1599
f 1400/1400/1595 1399/1399/1594 1405/1405/1600
f 1400/1400/1595 1405/1405/1600 1406/1406/1601
f 1402/1402/1597 1401/1401/1596 1407/1407/1602
f 1402/1402/1597 1407/1407/1602 1408/1408/1603
f 1404/1404/1599 1403/1403/1598 1409/1409/1604
f 1404/1404/1599 1409/1409/1604 1410/1410/1605
f 1406/1406/1601 1405/1405/1600 1372/1372/1567
f 1406/1406/1601 1372/1372/1567 1371/1371/1566
f 1408/1408/1603 1407/1407/1602 1376/1376/1571
f 1408/1408/1603 1376/1376/1571 1375/1375/1570
f 1410/1410/1605 1409/1409/1604 1388/1388/1583
f 1410/1410/1605 1388/1388/1583 1387/1387/1582
f 1075/1075/1246 1410/1410/1605 1387/1387/1582
f 1075/1075/1246 1387/1387/1582 1054/1054/1227
f 1411/1411/1244 1408/1408/1603 1375/1375/1570
f 1411/1411/1244 1375/1375/1570 1412/1412/1215
f 1413/1413/1242 1406/1406/1601 1371/1371/1566
f 1413/1413/1242 1371/1371/1566 1414/1414/1211
f 1069/1069/1240 1404/1404/1599 1410/1410/1605
f 1069/1069/1240 1410/1410/1605 1075/1075/1246
f 1415/1415/1238 1402/1402/1597 1408/1408/1603
f 1415/1415/1238 1408/1408/1603 1411/1411/1244
f 1416/1416/1236 1400/1400/1595 1406/1406/1601
f 1416/1416/1236 1406/1406/1601 1413/1413/1242
f 1417/1417/1234 1398/1398/1593 1404/1404/1599
f 1417/1417/1234 1404/1404/1599 1069/1069/1240
f 1418/1418/1232 1396/1396/1591 1402/1402/1597
f 1418/1418/1232 1402/1402/1597 1415/1415/1238
f 1419/1419/1230 1394/1394/1589 1400/1400/1595
f 1419/1419/1230 1400/1400/1595 1416/1416/1236
f 1420/1420/1228 1392/1392/1587 1398/1398/1593
f 1420/1420/1228 1398/1398/1593 1417/1417/1234
f 1421/1421/1224 1390/1390/1585 1396/1396/1591
f 1421/1421/1224 1396/1396/1591 1418/1418/1232
f 1422/1422/1222 1386/1386/1581 1394/1394/1589
f 1422/1422/1222 1394/1394/1589 1419/1419/1230
f 1423/1423/1220 1384/1384/1579 1392/1392/1587
f 1423/1423/1220 1392/1392/1587 1420/1420/1228
f 1054/1054/1227 1387/1387/1582 1390/1390/1585
f 1054/1054/1227 1390/1390/1585 1421/1421/1224
f 1424/1424/1218 1382/1382/1577 1386/1386/1581
f 1424/1424/1218 1386/1386/1581 1422/1422/1222
f 1425/1425/1216 1380/1380/1575 1384/1384/1579
f 1425/1425/1216 1384/1384/1579 1423/1423/1220
f 1426/1426/1212 1378/1378/1573 1382/1382/1577
f 1426/1426/1212 1382/1382/1577 1424/1424/1218
f 1427/1427/1208 1374/1374/1569 1380/1380/1575
f 1427/1427/1208 1380/1380/1575 1425/1425/1216
f 1412/1412/1215 1375/1375/1570 1378/1378/1573
f 1412/1412/1215 1378/1378/1573 1426/1426/1212
f 1414/1414/1211 1371/1371/1566 1374/1374/1569
f 1414/1414/1211 1374/1374/1569 1427/1427/1208
f 1407/1407/1602 1377/1377/1572 1376/1376/1571
f 1377/1377/1572 1407/1407/1602 1401/1401/1596
f 1377/1377/1572 1401/1401/1596 1381/1381/1576
f 1381/1381/1576 1401/1401/1596 1395/1395/1590
f 1381/1381/1576 1395/1395/1590 1385/1385/1580
f 1385/1385/1580 1395/1395/1590 1389/1389/1584
f 1385/1385/1580 1389/1389/1584 1393/1393/1588
f 1393/1393/1588 1389/1389/1584 1388/1388/1583
f 1393/1393/1588 1388/1388/1583 1399/1399/1594
f 1399/1399/1594 1388/1388/1583 1409/1409/1604
f 1399/1399/1594 1409/1409/1604 1405/1405/1600
f 1405/1405/1600 1409/1409/1604 1403/1403/1598
f 1405/1405/1600 1403/1403/1598 1372/1372/1567
f 1372/1372/1567 1403/1403/1598 1397/1397/1592
f 1372/1372/1567 1397/1397/1592 1373/1373/1568
f 1373/1373/1568 1397/1397/1592 1391/1391/1586
f 1373/1373/1568 1391/1391/1586 1379/1379/1574
f 1379/1379/1574 1391/1391/1586 1383/1383/1578
# Vertices: 393, normals: 398, texture coordinates: 393, faces: 698

o obj7
v 0.5002929 2.20436046 -0.16255651
v 0.5002929 2.73502765 -0.16255668
v 0.52500126 2.73502769 -0.03303189
v 0.52500126 2.20436051 -0.03303172
v 0.44414925 2.20436043 -0.28186734
v 0.44414925 2.73502761 -0.28186752
v -0.36009876 2.20436039 -0.38346696
v -0.36009876 2.73502757 -0.38346714
v -0.25342136 2.73502755 -0.46097277
v -0.25342136 2.20436037 -0.4609726
v 0.40532035 2.20436063 0.3353088
v 0.40532035 2.73502781 0.33530863
v 0.30919843 2.73502784 0.4255733
v 0.30919843 2.20436066 0.42557347
v 0.19364829 2.20436068 0.48909789
v 0.19364829 2.73502786 0.48909771
v 0.06593051 2.73451319 0.52189015
v 0.06593051 2.20384601 0.52189032
v 0.51672168 2.20436055 0.09856855
v 0.51672168 2.73502773 0.09856837
v 0.47597477 2.73502777 0.22397514
v 0.47597477 2.20436059 0.22397531
v -0.40532013 2.20436063 0.33530919
v -0.40532013 2.73502781 0.33530902
v -0.47597455 2.73502777 0.22397556
v -0.47597455 2.20436059 0.22397573
v -0.51672163 2.20436055 0.098569
v -0.51672163 2.73502773 0.09856883
v -0.52500126 2.73502769 -0.03303135
v -0.52500126 2.20436051 -0.03303118
v -0.19364776 2.203846 0.48909805
v -0.19364776 2.73451318 0.48909788
v -0.30919802 2.73502784 0.42557366
v -0.30919802 2.20436066 0.42557383
v 0.13081985 2.20384568 -0.50951376
v 0.13081985 2.73451286 -0.50951394
v 0.25342067 2.73502755 -0.4609731
v 0.25342067 2.20436037 -0.46097293
v 0.3600981 2.20436039 -0.38346749
v 0.3600981 2.73502757 -0.38346766
v -0.44414963 2.20436043 -0.28186679
v -0.44414963 2.73502761 -0.28186697
v -0.13082067 2.73451286 -0.50951377
v -0.13082067 2.20384568 -0.5095136
v 0.52500126 2.20436051 -0.03303172
v 0.52500126 2.73502769 -0.03303189
v -0.06592994 2.20316124 0.52189048
v -0.06592994 2.73382842 0.52189031
v -0.50029306 2.20436046 -0.16255594
v -0.50029306 2.73502765 -0.16255612
v -1E-08 2.2031609 -0.5260401
v -1E-08 2.73382808 -0.52604028
v 0.49224882 2.20388925 -0.15994297
v 0.51655993 2.20388929 -0.03250076
v 0.51655993 2.73549979 -0.03250093
v 0.49224882 2.73549974 -0.15994314
v 0.43700785 2.20388921 -0.27733543
v 0.43700785 2.73549971 -0.2773356
v -0.35430894 2.20388918 -0.37730131
v -0.24934769 2.20388915 -0.45356045
v -0.24934599 2.73549965 -0.45356145
v -0.35430894 2.73549967 -0.37730149
v 0.39880343 2.20388941 0.32991756
v 0.3042272 2.20388943 0.41873079
v 0.3042272 2.73549993 0.41873062
v 0.39880343 2.7354999 0.32991738
v 0.19053591 2.20388946 0.48123351
v 0.06487295 2.20337369 0.51349881
v 0.06486808 2.73498419 0.51349924
v 0.1905339 2.73549995 0.48123416
v 0.50841363 2.20388933 0.09698392
v 0.46832175 2.20388937 0.22037419
v 0.46832175 2.73549987 0.22037401
v 0.50841363 2.73549983 0.09698375
v -0.39880318 2.20388941 0.32991794
v -0.46832158 2.20388937 0.22037461
v -0.46832158 2.73549987 0.22037444
v -0.39880318 2.7354999 0.32991777
v -0.50841357 2.20388933 0.09698438
v -0.51655993 2.20388929 -0.03250022
v -0.51655993 2.73549979 -0.0325004
v -0.50841357 2.73549983 0.09698421
v -0.19053653 2.20337368 0.48123307
v -0.30422762 2.20388943 0.41873054
v -0.30422591 2.73549993 0.4187318
v -0.19053194 2.73498418 0.48123492
v 0.12871894 2.20337336 -0.50132099
v 0.249347 2.20388915 -0.45356081
v 0.24934527 2.73549965 -0.45356183
v 0.12871406 2.73498386 -0.50132232
v 0.35430833 2.20388918 -0.37730186
v 0.35430833 2.73549967 -0.37730204
v -0.43700826 2.20388921 -0.27733486
v -0.43700826 2.73549971 -0.27733503
v -0.12871975 2.20337336 -0.50132083
v -0.12871488 2.73498386 -0.50132215
v 0.51655993 2.20388929 -0.03250076
v 0.51655993 2.73549979 -0.03250093
v -0.06487009 2.20268783 0.51349925
v -0.06487009 2.7342981 0.51349908
v -0.49224904 2.20388925 -0.1599424
v -0.49224904 2.73549974 -0.15994258
v -1E-08 2.20268749 -0.51758204
v -1E-08 2.73429777 -0.51758221
v 0.06593051 2.20384601 0.52189032
v -0.06592994 2.20316124 0.52189048
v -0.52500126 2.20436051 -0.03303118
v -0.50029306 2.20436046 -0.16255594
v 0.44414925 2.20436043 -0.28186734
v 0.5002929 2.20436046 -0.16255651
v 0.19364829 2.20436068 0.48909789
v -0.51672163 2.20436055 0.098569
v 0.3600981 2.20436039 -0.38346749
v 0.30919843 2.20436066 0.42557347
v -0.47597455 2.20436059 0.22397573
v 0.25342067 2.20436037 -0.46097293
v -0.13082067 2.20384568 -0.5095136
v -1E-08 2.2031609 -0.5260401
v 0.40532035 2.20436063 0.3353088
v -0.40532013 2.20436063 0.33530919
v 0.13081985 2.20384568 -0.50951376
v -0.25342136 2.20436037 -0.4609726
v 0.47597477 2.20436059 0.22397531
v -0.30919802 2.20436066 0.42557383
v -0.36009876 2.20436039 -0.38346696
v 0.51672168 2.20436055 0.09856855
v -0.19364776 2.203846 0.48909805
v -0.44414963 2.20436043 -0.28186679
v 0.52500126 2.20436051 -0.03303172
v 0.52500126 2.20436051 -0.03303172
v -0.06592994 2.73382842 0.52189031
v 0.06593051 2.73451319 0.52189015
v -0.50029306 2.73502765 -0.16255612
v -0.52500126 2.73502769 -0.03303135
v 0.5002929 2.73502765 -0.16255668
v 0.44414925 2.73502761 -0.28186752
v 0.19364829 2.73502786 0.48909771
v -0.51672163 2.73502773 0.09856883
v 0.3600981 2.73502757 -0.38346766
v 0.30919843 2.73502784 0.4255733
v -0.47597455 2.73502777 0.22397556
v 0.25342067 2.73502755 -0.4609731
v -1E-08 2.73382808 -0.52604028
v -0.13082067 2.73451286 -0.50951377
v 0.40532035 2.73502781 0.33530863
v -0.40532013 2.73502781 0.33530902
v 0.13081985 2.73451286 -0.50951394
v -0.25342136 2.73502755 -0.46097277
v 0.47597477 2.73502777 0.22397514
v -0.30919802 2.73502784 0.42557366
v -0.36009876 2.73502757 -0.38346714
v 0.51672168 2.73502773 0.09856837
v -0.19364776 2.73451318 0.48909788
v -0.44414963 2.73502761 -0.28186697
v 0.52500126 2.73502769 -0.03303189
v 0.52500126 2.73502769 -0.03303189
vn 0.95106 0.30902 0
vn 0.99803 0.06279 0
vn 0.84433 0.53583 0
vn -0.68455 0.72897 0
vn -0.48189 0.87623 0
vn -0.48162 0.87638 0
vn 0.77051 -0.63742 0
vn 0.58779 -0.80902 0
vn 0.36798 -0.92983 0
vn 0.36827 -0.92972 0
vn 0.1257 -0.99207 0
vn 0.12497 -0.99216 0
vn 0.98229 -0.18738 0
vn 0.90483 -0.42578 0
vn -0.77051 -0.63742 0
vn -0.90483 -0.42578 0
vn -0.98229 -0.18738 0
vn -0.99803 0.06279 0
vn -0.36778 -0.92991 0
vn -0.36846 -0.92964 0
vn -0.58791 -0.80892 0
vn -0.58766 -0.80911 0
vn 0.24833 0.96867 0
vn 0.24904 0.96849 0
vn 0.48189 0.87623 0
vn 0.48161 0.87638 0
vn 0.68455 0.72897 0
vn -0.84433 0.53583 0
vn -0.24904 0.96849 0
vn -0.24834 0.96867 0
vn -0.12533 -0.99211 0
vn -0.95106 0.30902 0
vn -0 1 0
vn -0 1 0
vn -0.62198 -0.20209 -0.75651
vn -0.65269 -0.04106 -0.75651
vn -0.65264 -0.04106 0.75656
vn -0.62192 -0.20208 0.75656
vn -0.55218 -0.35042 -0.75651
vn -0.55214 -0.3504 0.75655
vn 0.44768 -0.47673 -0.75651
vn 0.31384 -0.57416 -0.7562
vn 0.31626 -0.57197 0.75686
vn 0.44765 -0.4767 0.75655
vn -0.50391 0.41686 -0.75651
vn -0.38441 0.52908 -0.75651
vn -0.38438 0.52904 0.75655
vn -0.50387 0.41683 0.75655
vn -0.23941 0.60897 -0.7562
vn -0.07831 0.64935 -0.75644
vn -0.08562 0.64825 0.7566
vn -0.24208 0.6071 0.75686
vn -0.64239 0.12254 -0.75651
vn -0.59174 0.27845 -0.75651
vn -0.5917 0.27843 0.75655
vn -0.64236 0.12253 0.75655
vn 0.5039 0.41686 -0.75651
vn 0.59174 0.27845 -0.75651
vn 0.59169 0.27843 0.75655
vn 0.50386 0.41684 0.75655
vn 0.6424 0.12254 -0.75651
vn 0.65269 -0.04106 -0.75651
vn 0.65264 -0.04106 0.75655
vn 0.64235 0.12254 0.75655
vn 0.23733 0.60948 -0.75644
vn 0.38333 0.5303 -0.7562
vn 0.38545 0.52782 0.75686
vn 0.24415 0.60659 0.7566
vn -0.15907 -0.63442 -0.75644
vn -0.31384 -0.57416 -0.7562
vn -0.31626 -0.57197 0.75686
vn -0.16619 -0.63241 0.7566
vn -0.44768 -0.47673 -0.75651
vn -0.44765 -0.4767 0.75655
vn 0.55218 -0.35042 -0.75651
vn 0.55213 -0.3504 0.75655
vn 0.15907 -0.63442 -0.75644
vn 0.16619 -0.63241 0.7566
vn 0.08183 0.64777 -0.75743
vn 0.08209 0.64985 0.75562
vn 0.62197 -0.20209 -0.75651
vn 0.62192 -0.20208 0.75656
vn -0 -0.65292 -0.75743
vn -0 -0.65501 0.75562
vn 0.0115 -0.05483 -0.99843
vn -0.00691 -0.05473 -0.99848
vn -0.05552 0.00349 -0.99845
vn -0.05291 0.01719 -0.99845
vn 0.04695 0.02981 -0.99845
vn 0.05289 0.01719 -0.99845
vn 0.02239 -0.05126 -0.99843
vn -0.05462 -0.01042 -0.99845
vn 0.03807 0.04055 -0.99845
vn 0.03269 -0.045 -0.99845
vn -0.05033 -0.02368 -0.99845
vn 0.02864 0.04805 -0.99843
vn -0.01829 0.05295 -0.99843
vn -0 0.05517 -0.99848
vn 0.04285 -0.03546 -0.99845
vn -0.04286 -0.03546 -0.99845
vn 0.01829 0.05295 -0.99843
vn -0.02864 0.04805 -0.99843
vn 0.05033 -0.02368 -0.99845
vn -0.03443 -0.04408 -0.99843
vn -0.03807 0.04055 -0.99845
vn 0.05464 -0.01042 -0.99845
vn -0.02478 -0.05025 -0.99843
vn -0.04696 0.02981 -0.99845
vn 0.05552 0.00349 -0.99845
vn -0.00704 -0.05574 0.99842
vn 0.00245 -0.05565 0.99845
vn -0.05302 0.01722 0.99844
vn -0.05563 0.0035 0.99845
vn 0.05302 0.01722 0.99844
vn 0.04705 0.02986 0.99845
vn 0.01859 -0.05228 0.99846
vn -0.05475 -0.01044 0.99845
vn 0.03815 0.04063 0.99845
vn 0.03276 -0.04509 0.99845
vn -0.05044 -0.02373 0.99845
vn 0.025 0.04953 0.99846
vn -0 0.05618 0.99842
vn -0.00941 0.0549 0.99845
vn 0.04294 -0.03552 0.99845
vn -0.04295 -0.03552 0.99845
vn 0.00941 0.0549 0.99845
vn -0.02501 0.04953 0.99846
vn 0.05042 -0.02373 0.99845
vn -0.03102 -0.04601 0.99846
vn -0.03815 0.04063 0.99845
vn 0.05474 -0.01044 0.99845
vn -0.01621 -0.05329 0.99845
vn -0.04706 0.02986 0.99845
vn 0.05564 0.0035 0.99844
vt 0.102 0.50096
vt 0.102 0.16719
vt 0.0669 0.16719
vt 0.0669 0.50096
vt 0.13709 0.50096
vt 0.13709 0.16719
vt 0.38277 0.50096
vt 0.38277 0.16719
vt 0.34767 0.16719
vt 0.34767 0.50096
vt 0.83902 0.50096
vt 0.83902 0.16719
vt 0.80392 0.16719
vt 0.80392 0.50096
vt 0.76883 0.50096
vt 0.76883 0.16719
vt 0.73373 0.16719
vt 0.73373 0.50096
vt 0.90471 0.50096
vt 0.90471 0.16719
vt 0.87412 0.16719
vt 0.87412 0.50096
vt 0.59335 0.50096
vt 0.59335 0.16719
vt 0.55825 0.16719
vt 0.55825 0.50096
vt 0.52315 0.50096
vt 0.52315 0.16719
vt 0.48806 0.16719
vt 0.48806 0.50096
vt 0.66354 0.50096
vt 0.66354 0.16719
vt 0.62844 0.16719
vt 0.62844 0.50096
vt 0.24238 0.50096
vt 0.24238 0.16719
vt 0.20729 0.16719
vt 0.20729 0.50096
vt 0.17219 0.50096
vt 0.17219 0.16719
vt 0.41786 0.50096
vt 0.41786 0.16719
vt 0.31258 0.16719
vt 0.31257 0.50096
vt 0.92065 0.50096
vt 0.92065 0.16719
vt 0.69864 0.50096
vt 0.69864 0.16719
vt 0.45296 0.50096
vt 0.45296 0.16719
vt 0.27748 0.50096
vt 0.27748 0.16719
vt 0.94819 0.76237
vt 0.98556 0.76237
vt 0.98542 0.59538
vt 0.94647 0.59538
vt 0.90988 0.76237
vt 0.90723 0.59538
vt 0.63798 0.76237
vt 0.67637 0.76237
vt 0.6753 0.59538
vt 0.63599 0.59538
vt 0.1314 0.76237
vt 0.16969 0.76237
vt 0.16809 0.59538
vt 0.12895 0.59538
vt 0.2084 0.76237
vt 0.24731 0.76237
vt 0.24631 0.59538
vt 0.20741 0.59538
vt 0.05421 0.76237
vt 0.09314 0.76237
vt 0.09069 0.59538
vt 0.05257 0.59538
vt 0.40384 0.76237
vt 0.44241 0.76237
vt 0.4396 0.59538
vt 0.40071 0.59538
vt 0.48116 0.76237
vt 0.52079 0.76237
vt 0.51845 0.59538
vt 0.47875 0.59538
vt 0.32605 0.76237
vt 0.36501 0.76237
vt 0.36185 0.59538
vt 0.32307 0.59538
vt 0.79385 0.76237
vt 0.83276 0.76237
vt 0.82959 0.59538
vt 0.79086 0.59538
vt 0.87151 0.76237
vt 0.86839 0.59538
vt 0.59951 0.76237
vt 0.59696 0.59538
vt 0.71519 0.76237
vt 0.71416 0.59538
vt 0.01552 0.76237
vt 0.01549 0.59538
vt 0.28667 0.76237
vt 0.2847 0.59538
vt 0.56046 0.76237
vt 0.5581 0.59538
vt 0.75451 0.76237
vt 0.75252 0.59538
vt 0.24734 0.76628
vt 0.28672 0.76628
vt 0.52081 0.76628
vt 0.5605 0.76628
vt 0.90993 0.76628
vt 0.94832 0.76628
vt 0.20841 0.76628
vt 0.48116 0.76628
vt 0.87159 0.76628
vt 0.16968 0.76628
vt 0.44243 0.76628
vt 0.83284 0.76628
vt 0.71523 0.76628
vt 0.75456 0.76628
vt 0.13141 0.76628
vt 0.40391 0.76628
vt 0.7939 0.76628
vt 0.67639 0.76628
vt 0.09314 0.76628
vt 0.36509 0.76628
vt 0.638 0.76628
vt 0.05408 0.76628
vt 0.32611 0.76628
vt 0.59955 0.76628
vt 0.01495 0.76628
vt 0.98613 0.76628
vt 0.28465 0.59153
vt 0.24627 0.59153
vt 0.5581 0.59153
vt 0.51843 0.59153
vt 0.94658 0.59153
vt 0.90721 0.59153
vt 0.2074 0.59153
vt 0.4787 0.59153
vt 0.86832 0.59153
vt 0.16807 0.59153
vt 0.43954 0.59153
vt 0.82951 0.59153
vt 0.75248 0.59153
vt 0.71413 0.59153
vt 0.12891 0.59153
vt 0.40063 0.59153
vt 0.7908 0.59153
vt 0.67529 0.59153
vt 0.09065 0.59153
vt 0.36177 0.59153
vt 0.63598 0.59153
vt 0.05243 0.59153
vt 0.32301 0.59153
vt 0.59695 0.59153
vt 0.01495 0.59153
vt 0.98599 0.59153
usemtl mat1
f 1428/1428/1606 1429/1429/1606 1430/1430/1607
f 1428/1428/1606 1430/1430/1607 1431/1431/1607
f 1432/1432/1608 1433/1433/1608 1429/1429/1606
f 1432/1432/1608 1429/1429/1606 1428/1428/1606
f 1434/1434/1609 1435/1435/1609 1436/1436/1610
f 1434/1434/1609 1436/1436/1610 1437/1437/1611
f 1438/1438/1612 1439/1439/1612 1440/1440/1613
f 1438/1438/1612 1440/1440/1613 1441/1441/1613
f 1442/1442/1614 1443/1443/1615 1444/1444/1616
f 1442/1442/1614 1444/1444/1616 1445/1445/1617
f 1446/1446/1618 1447/1447/1618 1448/1448/1619
f 1446/1446/1618 1448/1448/1619 1449/1449/1619
f 1450/1450/1620 1451/1451/1620 1452/1452/1621
f 1450/1450/1620 1452/1452/1621 1453/1453/1621
f 1454/1454/1622 1455/1455/1622 1456/1456/1623
f 1454/1454/1622 1456/1456/1623 1457/1457/1623
f 1458/1458/1624 1459/1459/1625 1460/1460/1626
f 1458/1458/1624 1460/1460/1626 1461/1461/1627
f 1462/1462/1628 1463/1463/1629 1464/1464/1630
f 1462/1462/1628 1464/1464/1630 1465/1465/1631
f 1466/1466/1632 1467/1467/1632 1433/1433/1608
f 1466/1466/1632 1433/1433/1608 1432/1432/1608
f 1468/1468/1633 1469/1469/1633 1435/1435/1609
f 1468/1468/1633 1435/1435/1609 1434/1434/1609
f 1437/1437/1611 1436/1436/1610 1470/1470/1634
f 1437/1437/1611 1470/1470/1634 1471/1471/1635
f 1441/1441/1613 1440/1440/1613 1443/1443/1615
f 1441/1441/1613 1443/1443/1615 1442/1442/1614
f 1472/1472/1607 1473/1473/1607 1447/1447/1618
f 1472/1472/1607 1447/1447/1618 1446/1446/1618
f 1449/1449/1619 1448/1448/1619 1439/1439/1612
f 1449/1449/1619 1439/1439/1612 1438/1438/1612
f 1453/1453/1621 1452/1452/1621 1455/1455/1622
f 1453/1453/1621 1455/1455/1622 1454/1454/1622
f 1474/1474/1636 1475/1475/1636 1459/1459/1625
f 1474/1474/1636 1459/1459/1625 1458/1458/1624
f 1445/1445/1617 1444/1444/1616 1475/1475/1636
f 1445/1445/1617 1475/1475/1636 1474/1474/1636
f 1461/1461/1627 1460/1460/1626 1451/1451/1620
f 1461/1461/1627 1451/1451/1620 1450/1450/1620
f 1465/1465/1631 1464/1464/1630 1467/1467/1632
f 1465/1465/1631 1467/1467/1632 1466/1466/1632
f 1476/1476/1637 1477/1477/1637 1469/1469/1633
f 1476/1476/1637 1469/1469/1633 1468/1468/1633
f 1457/1457/1623 1456/1456/1623 1477/1477/1637
f 1457/1457/1623 1477/1477/1637 1476/1476/1637
f 1478/1478/1638 1479/1479/1639 1463/1463/1629
f 1478/1478/1638 1463/1463/1629 1462/1462/1628
f 1471/1471/1635 1470/1470/1634 1479/1479/1639
f 1471/1471/1635 1479/1479/1639 1478/1478/1638
f 1480/1480/1640 1481/1481/1641 1482/1482/1642
f 1480/1480/1640 1482/1482/1642 1483/1483/1643
f 1484/1484/1644 1480/1480/1640 1483/1483/1643
f 1484/1484/1644 1483/1483/1643 1485/1485/1645
f 1486/1486/1646 1487/1487/1647 1488/1488/1648
f 1486/1486/1646 1488/1488/1648 1489/1489/1649
f 1490/1490/1650 1491/1491/1651 1492/1492/1652
f 1490/1490/1650 1492/1492/1652 1493/1493/1653
f 1494/1494/1654 1495/1495/1655 1496/1496/1656
f 1494/1494/1654 1496/1496/1656 1497/1497/1657
f 1498/1498/1658 1499/1499/1659 1500/1500/1660
f 1498/1498/1658 1500/1500/1660 1501/1501/1661
f 1502/1502/1662 1503/1503/1663 1504/1504/1664
f 1502/1502/1662 1504/1504/1664 1505/1505/1665
f 1506/1506/1666 1507/1507/1667 1508/1508/1668
f 1506/1506/1666 1508/1508/1668 1509/1509/1669
f 1510/1510/1670 1511/1511/1671 1512/1512/1672
f 1510/1510/1670 1512/1512/1672 1513/1513/1673
f 1514/1514/1674 1515/1515/1675 1516/1516/1676
f 1514/1514/1674 1516/1516/1676 1517/1517/1677
f 1518/1518/1678 1484/1484/1644 1485/1485/1645
f 1518/1518/1678 1485/1485/1645 1519/1519/1679
f 1520/1520/1680 1486/1486/1646 1489/1489/1649
f 1520/1520/1680 1489/1489/1649 1521/1521/1681
f 1487/1487/1647 1522/1522/1682 1523/1523/1683
f 1487/1487/1647 1523/1523/1683 1488/1488/1648
f 1491/1491/1651 1494/1494/1654 1497/1497/1657
f 1491/1491/1651 1497/1497/1657 1492/1492/1652
f 1524/1524/1641 1498/1498/1658 1501/1501/1661
f 1524/1524/1641 1501/1501/1661 1525/1525/1642
f 1499/1499/1659 1490/1490/1650 1493/1493/1653
f 1499/1499/1659 1493/1493/1653 1500/1500/1660
f 1503/1503/1663 1506/1506/1666 1509/1509/1669
f 1503/1503/1663 1509/1509/1669 1504/1504/1664
f 1526/1526/1684 1510/1510/1670 1513/1513/1673
f 1526/1526/1684 1513/1513/1673 1527/1527/1685
f 1495/1495/1655 1526/1526/1684 1527/1527/1685
f 1495/1495/1655 1527/1527/1685 1496/1496/1656
f 1511/1511/1671 1502/1502/1662 1505/1505/1665
f 1511/1511/1671 1505/1505/1665 1512/1512/1672
f 1515/1515/1675 1518/1518/1678 1519/1519/1679
f 1515/1515/1675 1519/1519/1679 1516/1516/1676
f 1528/1528/1686 1520/1520/1680 1521/1521/1681
f 1528/1528/1686 1521/1521/1681 1529/1529/1687
f 1507/1507/1667 1528/1528/1686 1529/1529/1687
f 1507/1507/1667 1529/1529/1687 1508/1508/1668
f 1530/1530/1688 1514/1514/1674 1517/1517/1677
f 1530/1530/1688 1517/1517/1677 1531/1531/1689
f 1522/1522/1682 1530/1530/1688 1531/1531/1689
f 1522/1522/1682 1531/1531/1689 1523/1523/1683
f 1532/1532/1690 1533/1533/1691 1526/1526/1684
f 1532/1532/1690 1526/1526/1684 1495/1495/1655
f 1534/1534/1692 1535/1535/1693 1528/1528/1686
f 1534/1534/1692 1528/1528/1686 1507/1507/1667
f 1536/1536/1694 1537/1537/1695 1480/1480/1640
f 1536/1536/1694 1480/1480/1640 1484/1484/1644
f 1538/1538/1696 1532/1532/1690 1495/1495/1655
f 1538/1538/1696 1495/1495/1655 1494/1494/1654
f 1539/1539/1697 1534/1534/1692 1507/1507/1667
f 1539/1539/1697 1507/1507/1667 1506/1506/1666
f 1540/1540/1698 1536/1536/1694 1484/1484/1644
f 1540/1540/1698 1484/1484/1644 1518/1518/1678
f 1541/1541/1699 1538/1538/1696 1494/1494/1654
f 1541/1541/1699 1494/1494/1654 1491/1491/1651
f 1542/1542/1700 1539/1539/1697 1506/1506/1666
f 1542/1542/1700 1506/1506/1666 1503/1503/1663
f 1543/1543/1701 1540/1540/1698 1518/1518/1678
f 1543/1543/1701 1518/1518/1678 1515/1515/1675
f 1544/1544/1702 1545/1545/1703 1530/1530/1688
f 1544/1544/1702 1530/1530/1688 1522/1522/1682
f 1546/1546/1704 1541/1541/1699 1491/1491/1651
f 1546/1546/1704 1491/1491/1651 1490/1490/1650
f 1547/1547/1705 1542/1542/1700 1503/1503/1663
f 1547/1547/1705 1503/1503/1663 1502/1502/1662
f 1548/1548/1706 1543/1543/1701 1515/1515/1675
f 1548/1548/1706 1515/1515/1675 1514/1514/1674
f 1549/1549/1707 1544/1544/1702 1522/1522/1682
f 1549/1549/1707 1522/1522/1682 1487/1487/1647
f 1550/1550/1708 1546/1546/1704 1490/1490/1650
f 1550/1550/1708 1490/1490/1650 1499/1499/1659
f 1551/1551/1709 1547/1547/1705 1502/1502/1662
f 1551/1551/1709 1502/1502/1662 1511/1511/1671
f 1545/1545/1703 1548/1548/1706 1514/1514/1674
f 1545/1545/1703 1514/1514/1674 1530/1530/1688
f 1552/1552/1710 1549/1549/1707 1487/1487/1647
f 1552/1552/1710 1487/1487/1647 1486/1486/1646
f 1553/1553/1711 1550/1550/1708 1499/1499/1659
f 1553/1553/1711 1499/1499/1659 1498/1498/1658
f 1554/1554/1712 1551/1551/1709 1511/1511/1671
f 1554/1554/1712 1511/1511/1671 1510/1510/1670
f 1555/1555/1713 1552/1552/1710 1486/1486/1646
f 1555/1555/1713 1486/1486/1646 1520/1520/1680
f 1556/1556/1714 1553/1553/1711 1498/1498/1658
f 1556/1556/1714 1498/1498/1658 1524/1524/1641
f 1533/1533/1691 1554/1554/1712 1510/1510/1670
f 1533/1533/1691 1510/1510/1670 1526/1526/1684
f 1535/1535/1693 1555/1555/1713 1520/1520/1680
f 1535/1535/1693 1520/1520/1680 1528/1528/1686
f 1537/1537/1695 1557/1557/1714 1481/1481/1641
f 1537/1537/1695 1481/1481/1641 1480/1480/1640
f 1558/1558/1715 1559/1559/1716 1496/1496/1656
f 1558/1558/1715 1496/1496/1656 1527/1527/1685
f 1560/1560/1717 1561/1561/1718 1508/1508/1668
f 1560/1560/1717 1508/1508/1668 1529/1529/1687
f 1562/1562/1719 1563/1563/1720 1485/1485/1645
f 1562/1562/1719 1485/1485/1645 1483/1483/1643
f 1559/1559/1716 1564/1564/1721 1497/1497/1657
f 1559/1559/1716 1497/1497/1657 1496/1496/1656
f 1561/1561/1718 1565/1565/1722 1509/1509/1669
f 1561/1561/1718 1509/1509/1669 1508/1508/1668
f 1563/1563/1720 1566/1566/1723 1519/1519/1679
f 1563/1563/1720 1519/1519/1679 1485/1485/1645
f 1564/1564/1721 1567/1567/1724 1492/1492/1652
f 1564/1564/1721 1492/1492/1652 1497/1497/1657
f 1565/1565/1722 1568/1568/1725 1504/1504/1664
f 1565/1565/1722 1504/1504/1664 1509/1509/1669
f 1566/1566/1723 1569/1569/1726 1516/1516/1676
f 1566/1566/1723 1516/1516/1676 1519/1519/1679
f 1570/1570/1727 1571/1571/1728 1523/1523/1683
f 1570/1570/1727 1523/1523/1683 1531/1531/1689
f 1567/1567/1724 1572/1572/1729 1493/1493/1653
f 1567/1567/1724 1493/1493/1653 1492/1492/1652
f 1568/1568/1725 1573/1573/1730 1505/1505/1665
f 1568/1568/1725 1505/1505/1665 1504/1504/1664
f 1569/1569/1726 1574/1574/1731 1517/1517/1677
f 1569/1569/1726 1517/1517/1677 1516/1516/1676
f 1571/1571/1728 1575/1575/1732 1488/1488/1648
f 1571/1571/1728 1488/1488/1648 1523/1523/1683
f 1572/1572/1729 1576/1576/1733 1500/1500/1660
f 1572/1572/1729 1500/1500/1660 1493/1493/1653
f 1573/1573/1730 1577/1577/1734 1512/1512/1672
f 1573/1573/1730 1512/1512/1672 1505/1505/1665
f 1574/1574/1731 1570/1570/1727 1531/1531/1689
f 1574/1574/1731 1531/1531/1689 1517/1517/1677
f 1575/1575/1732 1578/1578/1735 1489/1489/1649
f 1575/1575/1732 1489/1489/1649 1488/1488/1648
f 1576/1576/1733 1579/1579/1736 1501/1501/1661
f 1576/1576/1733 1501/1501/1661 1500/1500/1660
f 1577/1577/1734 1580/1580/1737 1513/1513/1673
f 1577/1577/1734 1513/1513/1673 1512/1512/1672
f 1578/1578/1735 1581/1581/1738 1521/1521/1681
f 1578/1578/1735 1521/1521/1681 1489/1489/1649
f 1579/1579/1736 1582/1582/1739 1525/1525/1642
f 1579/1579/1736 1525/1525/1642 1501/1501/1661
f 1580/1580/1737 1558/1558/1715 1527/1527/1685
f 1580/1580/1737 1527/1527/1685 1513/1513/1673
f 1581/1581/1738 1560/1560/1717 1529/1529/1687
f 1581/1581/1738 1529/1529/1687 1521/1521/1681
f 1583/1583/1739 1562/1562/1719 1483/1483/1643
f 1583/1583/1739 1483/1483/1643 1482/1482/1642
# Vertices: 156, normals: 134, texture coordinates: 156, faces: 200

o obj8
v -0.08955417 3.65621573 0.11988198
v -0.05642223 3.65630748 0.13817212
v -0.05637881 3.73090684 0.13825107
v -0.08950868 3.73081861 0.11996469
v -0.10459497 3.65549335 -0.11253697
v -0.12861535 3.65554933 -0.08339142
v -0.12855424 3.73017591 -0.08328031
v -0.10453243 3.73012235 -0.11242324
v 0.14689638 3.65630744 0.02639658
v 0.14920648 3.65621569 -0.01137797
v 0.14925196 3.73081856 -0.01129526
v 0.14693983 3.73090681 0.02647555
v -0.01982106 3.65634391 0.14764216
v -0.01977924 3.73097532 0.14771821
v -0.14462827 3.65563537 -0.04914061
v -0.14456934 3.73025888 -0.0490334
v 0.14206401 3.65610813 -0.04857838
v 0.14211192 3.73071452 -0.04849125
v 0.01795105 3.65628202 0.14769961
v 0.01799177 3.73102229 0.14777366
v -0.15162943 3.65574315 -0.01194003
v -0.15157311 3.73036249 -0.01183759
v 0.12591666 3.65598828 -0.08286914
v 0.12596728 3.7305995 -0.08277707
v 0.05452185 3.65641678 0.13834301
v 0.05456202 3.73104555 0.13841606
v -0.14918067 3.65586409 0.02586972
v -0.14912717 3.73047926 0.02596699
v 0.10177862 3.65586405 -0.11209657
v 0.10183212 3.73047922 -0.1119993
v 0.08759406 3.65645057 0.12016138
v 0.08763423 3.73104555 0.12023443
v -0.13743695 3.65598833 0.06191094
v -0.13738631 3.73059955 0.062003
v 0.07116688 3.65574311 -0.1344236
v 0.07122322 3.73036245 -0.13432114
v -0.00149291 3.65540708 -0.15327759
v -0.03897207 3.65545954 -0.14861348
v -0.03890953 3.73012234 -0.14849973
v -0.00143181 3.73017589 -0.15316647
v 0.11508965 3.6564262 0.09429716
v 0.11513038 3.73102227 0.09437122
v -0.11713639 3.65610818 0.09391846
v -0.11708848 3.73071456 0.09400559
v 0.03600594 3.6556044 -0.14844533
v 0.0360649 3.73025885 -0.14833811
v -0.07407483 3.65547425 -0.13474311
v -0.07401179 3.7301039 -0.13462845
v 0.1352804 3.65637768 0.06237429
v 0.13532221 3.73097529 0.06245035
v -0.08765687 3.65645276 0.11726226
v -0.08267181 3.74111123 0.11051786
v -0.05210569 3.74119288 0.12738915
v -0.05523624 3.65654232 0.13515972
v -0.10237477 3.65574553 -0.11016702
v -0.09653295 3.74046941 -0.10388675
v -0.11869582 3.74051858 -0.07699904
v -0.12587948 3.65580041 -0.08164718
v 0.14371747 3.65654228 0.02578385
v 0.13547916 3.74119285 0.02426336
v 0.13761235 3.74111119 -0.01058456
v 0.14597798 3.65645272 -0.01117975
v -0.01833837 3.74125609 0.13612367
v -0.01942082 3.65657809 0.14442648
v -0.13347161 3.74059453 -0.04540233
v -0.14154863 3.65588426 -0.04813168
v 0.13102486 3.74101549 -0.04490213
v 0.13898882 3.65634736 -0.04758152
v 0.01650973 3.74129911 0.13617482
v 0.01754038 3.65651752 0.14448269
v -0.13993339 3.74069111 -0.01108492
v -0.14839949 3.6559905 -0.01172974
v 0.11612958 3.74090881 -0.07653475
v 0.12318814 3.65622993 -0.08113611
v 0.05024999 3.74132105 0.12754138
v 0.05332606 3.6566492 0.13532695
v -0.13767674 3.74079779 0.02379416
v -0.14600329 3.65610815 0.0252683
v 0.0938621 3.74079774 -0.10349562
v 0.09956831 3.65610811 -0.10973607
v 0.0807629 3.74132105 0.11076672
v 0.08568826 3.65668234 0.11753568
v -0.12684444 3.74090885 0.05704153
v -0.13451168 3.65622997 0.06053577
v 0.06562186 3.74069107 -0.12409009
v 0.06961376 3.65599046 -0.13158377
v -0.00148615 3.65566102 -0.15003302
v -0.00141076 3.74051856 -0.14147707
v -0.03598828 3.74046939 -0.13717148
v -0.03816069 3.6557126 -0.14546902
v 0.10613128 3.74129909 0.08690493
v 0.11259357 3.65665862 0.09222671
v -0.10811735 3.74101553 0.0865676
v -0.11464696 3.65634741 0.09185614
v 0.03318427 3.7405945 -0.13702237
v 0.03520766 3.6558546 -0.14530448
v -0.06837414 3.74045184 -0.12437362
v -0.07250985 3.65572753 -0.13189641
v 0.12476058 3.74125607 0.05745427
v 0.13235086 3.65661121 0.06098918
v 0.09956831 3.65610811 -0.10973607
v 0.06961376 3.65599046 -0.13158377
v 0.12596728 3.73923726 -0.08277707
v 0.14211192 3.73935272 -0.04849125
v -0.11464696 3.65634741 0.09185614
v -0.08765687 3.65645276 0.11726226
v -0.00211797 3.74477515 0.0056596
v -0.00016181 3.74477779 0.00566246
v 0.03520766 3.6558546 -0.14530448
v -0.05523624 3.65654232 0.13515972
v -0.14912717 3.73911747 0.02596698
v -0.15157311 3.73900113 -0.01183759
v -0.00148615 3.65566102 -0.15003302
v -0.01942082 3.65657809 0.14442648
v 0.14925196 3.73945677 -0.01129527
v 0.11612958 3.74905363 -0.07653476
v 0.0938621 3.74894256 -0.10349562
v 0.00418028 3.74520664 -0.00779119
v 0.00543025 3.74521323 -0.00627776
v 0.01754038 3.65651752 0.14448269
v -0.13767674 3.7489426 0.02379415
v -0.12684444 3.74905367 0.05704153
v -0.00820884 3.74521323 0.0012204
v -0.0088169 3.74520665 -0.00064591
v -0.14456934 3.73889665 -0.0490334
v 0.05332606 3.6566492 0.13532695
v 0.14693983 3.73954501 0.02647554
v -0.03816069 3.6557126 -0.14546902
v -0.00401347 3.74477164 0.00516929
v 0.08568826 3.65668234 0.11753568
v 0.13102486 3.7491603 -0.04490214
v 0.00626638 3.7452185 -0.0045021
v -0.07250985 3.65572753 -0.13189641
v -0.12855424 3.73881411 -0.08328031
v 0.11259357 3.65665862 0.09222671
v 0.13532221 3.7396135 0.06245035
v -0.10237477 3.65574553 -0.11016702
v 0.0007742 3.74473784 -0.00967318
v -0.00116776 3.74473389 -0.00992323
v 0.13235086 3.65661121 0.06098918
v -0.13993339 3.74883549 -0.01108492
v -0.00894358 3.7452005 -0.00260381
v -0.12587948 3.65580041 -0.08164718
v -0.10453243 3.73876055 -0.11242324
v 0.14371747 3.65654228 0.02578385
v 0.11513038 3.73966048 0.09437121
v -0.14154863 3.65588426 -0.04813168
v -0.00572926 3.74476681 0.00422224
v 0.14597798 3.65645272 -0.01117975
v 0.13761235 3.74925601 -0.01058456
v 0.00663616 3.7452242 -0.00257572
v -0.14839949 3.6559905 -0.01172974
v -0.07401179 3.73874211 -0.13462846
v 0.13898882 3.65634736 -0.04758152
v 0.08763423 3.73968375 0.12023443
v -0.14600329 3.65610815 0.0252683
v 0.00259505 3.74474354 -0.00894723
v 0.12318814 3.65622993 -0.08113611
v -0.13347161 3.74873934 -0.04540234
v -0.00858086 3.74519523 -0.00453018
v -0.13451168 3.65622997 0.06053577
v -0.03890953 3.73876054 -0.14849973
v 0.05456202 3.73968375 0.13841606
v -0.00715762 3.74476155 0.00287781
v -0.00143181 3.73881409 -0.15316647
v -0.00141076 3.74866337 -0.14147707
v 0.03318427 3.74873931 -0.13702237
v 0.0360649 3.73889661 -0.14833812
v -0.01977924 3.73961352 0.14771821
v -0.01833837 3.74940047 0.13612366
v -0.05210569 3.7493377 0.12738915
v -0.05637881 3.73954504 0.13825106
v 0.01799177 3.73966049 0.14777365
v 0.01650973 3.74944349 0.13617482
v 0.05024999 3.74946543 0.12754137
v -0.03598828 3.74861377 -0.13717148
v 0.0807629 3.74946543 0.11076672
v -0.06837414 3.74859622 -0.12437363
v 0.10613128 3.74944347 0.08690493
v -0.09653295 3.74861378 -0.10388675
v 0.12476058 3.74940044 0.05745426
v -0.11869582 3.74866339 -0.07699905
v 0.13547916 3.74933766 0.02426336
v -0.13738631 3.73923731 0.062003
v 0.10183212 3.73911742 -0.11199931
v -0.11708848 3.73935277 0.09400559
v -0.10811735 3.74916034 0.08656759
v 0.07122322 3.73900109 -0.13432115
v 0.06562186 3.74883545 -0.12409009
v -0.08950868 3.73945681 0.11996469
v -0.08267181 3.74925604 0.11051785
v 0.00651642 3.74522903 -0.00061957
v 0.00418028 3.74474969 -0.00779119
v -0.00775143 3.74519128 -0.00630383
v -0.00820884 3.74475584 0.0012204
v 0.00591474 3.74523211 0.00124357
v 0.00543025 3.74475584 -0.00627776
v -0.00650734 3.74518821 -0.00781314
v -0.0088169 3.74474969 -0.0006459
v 0.004869 3.74523474 0.00289675
v 0.00626638 3.74476154 -0.0045021
v -0.00492668 3.74518733 -0.00896315
v -0.00894358 3.74474355 -0.00260381
v 0.00344497 3.74523606 0.00423621
v -0.00715762 3.7452185 0.00287781
v 0.00259505 3.7452005 -0.00894723
v 0.00173216 3.7447791 0.00517784
v -0.00572926 3.74522421 0.00422224
v -0.00310873 3.74473081 -0.00968154
v 0.0007742 3.74519523 -0.00967318
v 0.00344497 3.7447791 0.00423621
v -0.00401347 3.74522903 0.00516929
v -0.00492668 3.74473038 -0.00896315
v -0.00116776 3.74519128 -0.00992323
v 0.004869 3.74477779 0.00289675
v -0.00211797 3.74523211 0.0056596
v -0.00650734 3.74473082 -0.00781314
v 0.00591474 3.74477515 0.00124357
v -0.00016181 3.74523474 0.00566246
v -0.00775143 3.74473389 -0.00630383
v 0.00651642 3.74477164 -0.00061957
v 0.00173216 3.74523606 0.00517784
v -0.00858086 3.74473784 -0.00453018
v -0.00310873 3.74518821 -0.00968154
v 0.00663616 3.74476681 -0.00257572
vn -0.5892 -0.80799 -0.00053
vn -0.36997 -0.92904 -0.00077
vn -0.36973 -0.92914 -0.00038
vn -0.58891 -0.8082 -0.00027
vn -0.68537 0.7282 0.00168
vn -0.84535 0.53421 0.00148
vn -0.84547 0.53402 0.00074
vn -0.68546 0.72811 0.00084
vn 0.98266 -0.1854 -0.00077
vn 0.99792 0.06454 -0.00053
vn 0.99794 0.06418 -0.00027
vn 0.98261 -0.18569 -0.00038
vn -0.12701 -0.9919 -0.00094
vn -0.12694 -0.99191 -0.00047
vn -0.95171 0.30698 0.00119
vn -0.95181 0.30668 0.0006
vn 0.95073 0.31003 -0.00024
vn 0.95085 0.30965 -0.00012
vn 0.12407 -0.99227 -0.00105
vn 0.12421 -0.99226 -0.00053
vn -0.99814 0.06103 0.00084
vn -0.99816 0.06065 0.00042
vn 0.84428 0.53591 9E-05
vn 0.8445 0.53555 5E-05
vn 0.36756 -0.93 -0.00111
vn 0.36775 -0.92993 -0.00056
vn -0.98211 -0.18831 0.00046
vn -0.98203 -0.18872 0.00023
vn 0.68523 0.72833 0.00046
vn 0.68554 0.72804 0.00023
vn 0.58812 -0.80877 -0.00111
vn 0.58812 -0.80877 -0.00056
vn -0.90487 -0.42569 9E-05
vn -0.90468 -0.42608 5E-05
vn 0.48327 0.87547 0.00084
vn 0.48364 0.87527 0.00042
vn 0.00191 1 0.00148
vn -0.24745 0.9689 0.00168
vn -0.24748 0.96889 0.00084
vn 0.00214 1 0.00074
vn 0.77133 -0.63644 -0.00106
vn 0.77125 -0.63653 -0.00053
vn -0.77119 -0.6366 -0.00024
vn -0.77093 -0.63692 -0.00012
vn 0.25061 0.96809 0.00119
vn 0.25107 0.96797 0.0006
vn -0.48172 0.87632 0.00175
vn -0.48175 0.87631 0.00087
vn 0.90561 -0.42411 -0.00094
vn 0.90552 -0.42431 -0.00047
vn 0.3962 0.54002 -0.74257
vn 0.41822 0.57113 -0.70633
vn 0.26293 0.6571 -0.70646
vn 0.2489 0.62161 -0.74273
vn 0.45895 -0.48869 -0.74199
vn 0.48547 -0.51656 -0.70533
vn 0.59867 -0.37946 -0.70541
vn 0.56602 -0.35931 -0.74197
vn -0.65816 0.12257 -0.74283
vn -0.69569 0.13007 -0.70647
vn -0.70631 -0.0471 -0.70633
vn -0.66824 -0.04516 -0.74257
vn 0.09076 0.70182 -0.70655
vn 0.08484 0.66417 -0.74275
vn 0.67404 -0.21883 -0.70554
vn 0.63754 -0.20761 -0.74192
vn -0.67264 -0.22103 -0.70619
vn -0.63635 -0.20983 -0.74232
vn -0.08726 0.70221 -0.70661
vn -0.08228 0.66378 -0.74339
vn 0.70709 -0.04482 -0.7057
vn 0.66911 -0.04313 -0.74191
vn -0.59699 -0.38097 -0.70602
vn -0.56461 -0.36118 -0.74214
vn -0.25993 0.65807 -0.70667
vn -0.24451 0.62302 -0.74301
vn 0.69601 0.13171 -0.70585
vn 0.65886 0.1239 -0.742
vn -0.48415 -0.51708 -0.70585
vn -0.45764 -0.4899 -0.742
vn -0.41627 0.57212 -0.70668
vn -0.39341 0.54116 -0.74322
vn 0.64154 0.29992 -0.70602
vn 0.6075 0.28317 -0.74213
vn -0.34102 -0.62105 -0.7057
vn -0.3219 -0.5883 -0.74182
vn 0.00013 -0.67024 -0.74214
vn -0.00038 -0.70884 -0.70537
vn 0.17596 -0.68672 -0.70531
vn 0.16538 -0.65002 -0.7417
vn -0.5461 0.44992 -0.70665
vn -0.51651 0.42527 -0.74321
vn 0.54704 0.4495 -0.70619
vn 0.51814 0.42484 -0.74232
vn -0.17636 -0.6864 -0.70552
vn -0.16502 -0.65023 -0.7416
vn 0.34151 -0.62124 -0.70529
vn 0.32272 -0.58774 -0.7419
vn -0.64121 0.29934 -0.70657
vn -0.60655 0.28279 -0.74305
vn -0.04925 -0.05708 -0.99715
vn -0.0338 -0.0683 -0.99709
vn 0.84461 0.53539 0
vn 0.95091 0.30948 0
vn 0.05884 0.04468 -0.99727
vn 0.04517 0.0575 -0.99732
vn 0.00336 0.01297 -0.99991
vn -0.00056 0.01297 -0.99992
vn -0.01498 -0.07559 -0.99703
vn 0.02833 0.06663 -0.99738
vn -0.982 -0.1889 0
vn -0.99817 0.06048 0
vn 0.00177 -0.07808 -0.99695
vn 0.0088 0.07153 -0.9974
vn 0.99795 0.06402 0
vn -0.0264 -0.01304 0.99957
vn -0.02183 -0.01858 0.99959
vn -0.01248 -0.00877 0.99988
vn -0.01494 -0.00579 0.99987
vn -0.00804 0.07198 -0.99737
vn 0.02738 0.00846 0.99959
vn 0.02516 0.01531 0.99957
vn 0.01289 0.00952 0.99987
vn 0.01409 0.00583 0.99988
vn -0.95185 0.30655 0
vn -0.02421 0.06729 -0.99744
vn 0.98258 -0.18583 0
vn 0.01838 -0.07551 -0.99698
vn 0.00719 0.01199 -0.9999
vn -0.04179 0.05771 -0.99746
vn -0.02945 -0.00653 0.99954
vn -0.01659 -0.00228 0.99986
vn 0.037 -0.06825 -0.99698
vn -0.84553 0.53394 0
vn -0.05573 0.04476 -0.99744
vn 0.90548 -0.4244 0
vn 0.05238 -0.05711 -0.99699
vn -0.00228 -0.01806 -0.99983
vn 0.00164 -0.01855 -0.99983
vn -0.06571 0.02908 -0.99742
vn 0.02782 0.00124 0.99961
vn 0.01433 0.00193 0.9999
vn 0.06419 -0.04279 -0.99702
vn -0.68549 0.72808 0
vn -0.0715 0.01134 -0.99738
vn 0.77122 -0.63657 0
vn 0.0722 -0.02598 -0.99705
vn 0.01068 0.01008 -0.99989
vn -0.07274 -0.00732 -0.99732
vn -0.0308 0.00059 0.99953
vn -0.01732 0.00157 0.99985
vn 0.07577 -0.00767 -0.9971
vn -0.48175 0.87631 0
vn -0.06927 -0.02572 -0.99727
vn 0.58811 -0.80878 0
vn 0.0746 0.011 -0.99715
vn -0.00596 -0.0166 -0.99984
vn -0.06124 -0.04266 -0.99721
vn 0.02643 -0.00592 0.99963
vn 0.01359 -0.00194 0.99991
vn 0.06886 0.02883 -0.99721
vn -0.24743 0.9689 0
vn 0.36777 -0.92992 0
vn 0.01359 0.00735 -0.99988
vn -0.00023 0.64434 0.76473
vn 0.00019 0.64435 0.76473
vn 0.16021 0.62428 0.7646
vn 0.1597 0.62441 0.7646
vn -0.0826 -0.63681 0.76658
vn -0.08279 -0.63679 0.76658
vn -0.23921 -0.59656 0.76609
vn -0.23905 -0.59662 0.76609
vn 0.07905 -0.6368 0.76696
vn 0.07891 -0.63682 0.76696
vn 0.23569 -0.59659 0.76716
vn 0.23565 -0.59661 0.76716
vn -0.16026 0.62394 0.76486
vn -0.16003 0.624 0.76486
vn 0.37743 -0.51867 0.76716
vn 0.37747 -0.51864 0.76716
vn -0.31031 0.56445 0.76492
vn -0.31031 0.56445 0.76492
vn 0.4953 -0.40796 0.76697
vn 0.49539 -0.40785 0.76697
vn -0.44093 0.46964 0.76486
vn -0.44111 0.46947 0.76486
vn 0.58192 -0.27148 0.76659
vn 0.582 -0.27131 0.76659
vn -0.54391 0.34546 0.76473
vn -0.54414 0.34509 0.76473
vn 0.63182 -0.11784 0.7661
vn 0.63185 -0.11767 0.7661
vn -0.6128 0.19973 0.76458
vn -0.61296 0.19924 0.76458
vn 0.64189 0.04322 0.76558
vn 0.64188 0.04331 0.76558
vn -0.64326 0.0416 0.76452
vn -0.64329 0.04111 0.76452
vn 0.61156 0.20156 0.7651
vn 0.61157 0.20151 0.7651
vn -0.63346 -0.11906 0.76456
vn -0.63339 -0.11944 0.76456
vn 0.54278 0.3472 0.76475
vn 0.5429 0.34701 0.76475
vn -0.584 -0.27223 0.76474
vn -0.5839 -0.27244 0.76474
vn 0.43995 0.47105 0.76456
vn 0.44023 0.47079 0.76456
vn -0.49787 -0.40835 0.7651
vn -0.49784 -0.40839 0.7651
vn 0.30954 0.56541 0.76452
vn 0.30997 0.56517 0.76452
vn -0.38044 -0.51881 0.76557
vn -0.38051 -0.51876 0.76557
vn -0.9046 -0.42626 0
vn -0.03033 0.00786 0.99951
vn -0.01707 0.00549 0.99984
vn 0.68568 0.72791 0
vn -0.00921 -0.01425 -0.99986
vn -0.7708 -0.63707 0
vn 0.02328 -0.01257 0.99965
vn 0.01189 -0.00553 0.99991
vn 0.48378 0.87519 0
vn 0.01575 0.00396 -0.99987
vn -0.58877 -0.8083 0
vn -0.02803 0.01483 0.9995
vn -0.01583 0.00925 0.99983
vn 0.2512 0.96794 0
vn -0.01177 -0.01117 -0.99987
vn -0.3696 -0.92919 0
vn 0.01852 -0.01827 0.99966
vn 0.00932 -0.00862 0.99992
vn 0.00224 1 0
vn 0.01699 0.00015 -0.99986
vn -0.12683 -0.99192 0
vn -0.02406 0.02108 0.99949
vn -0.01369 0.01263 0.99983
vn -0.01347 -0.00753 -0.99988
vn 0.12428 -0.99225 0
vn 0.01247 -0.02268 0.99967
vn 0.00605 -0.011 0.99992
vn 0.01723 -0.00385 -0.99984
vn -0.01863 0.02616 0.99948
vn -0.01076 0.01538 0.99982
vn 0.02131 0.02138 0.99954
vn 0.01082 0.01279 0.99986
vn -0.01595 -0.02283 0.99961
vn -0.00931 -0.01107 0.9999
vn -0.00435 0.012 -0.99992
vn 0.016 0.02633 0.99953
vn 0.00796 0.01546 0.99985
vn 0.00554 -0.01806 -0.99982
vn -0.00915 -0.02549 0.99963
vn -0.00564 -0.01251 0.99991
vn -0.00779 0.01011 -0.99992
vn 0.00961 0.02982 0.99951
vn 0.00451 0.01735 0.99984
vn 0.00915 -0.01663 -0.99982
vn -0.00187 -0.02639 0.99965
vn -0.00171 -0.013 0.99991
vn -0.01063 0.00743 -0.99992
vn 0.0025 0.03162 0.9995
vn 0.00067 0.01833 0.99983
vn 0.01231 -0.01434 -0.99982
vn -0.01274 0.00412 -0.99991
vn -0.00491 0.0316 0.99949
vn -0.00334 0.01832 0.99983
vn 0.01481 -0.01131 -0.99983
vn -0.01397 0.00036 -0.9999
vn -0.0121 0.02975 0.99948
vn -0.00722 0.01732 0.99982
vn 0.01649 -0.00775 -0.99983
vn 0.0055 -0.02544 0.99966
vn 0.00228 -0.01249 0.99992
vn -0.01422 -0.00361 -0.99989
vt 0.02355 0.83481
vt 0.05526 0.89125
vt 0.12565 0.83911
vt 0.10351 0.80245
vt 0.19395 0.48792
vt 0.13674 0.51034
vt 0.17587 0.58364
vt 0.21444 0.56781
vt 0.46262 0.88836
vt 0.49352 0.83098
vt 0.41259 0.79981
vt 0.39097 0.83692
vt 0.10071 0.93877
vt 0.15656 0.86924
vt 0.08638 0.54635
vt 0.14227 0.60838
vt 0.50905 0.76878
vt 0.42409 0.75881
vt 0.15775 0.97391
vt 0.19443 0.89062
vt 0.04614 0.59388
vt 0.11564 0.64061
vt 0.50928 0.70599
vt 0.42535 0.71656
vt 0.22397 0.99329
vt 0.2368 0.90145
vt 0.01868 0.64998
vt 0.09762 0.67845
vt 0.49482 0.64539
vt 0.41626 0.67547
vt 0.29409 0.99368
vt 0.28059 0.90084
vt 0.00547 0.71069
vt 0.08932 0.71962
vt 0.46617 0.58973
vt 0.39748 0.63793
vt 0.37381 0.50786
vt 0.31613 0.48664
vt 0.29718 0.567
vt 0.33608 0.58209
vt 0.36029 0.97333
vt 0.32275 0.88939
vt 0.00693 0.77322
vt 0.09134 0.76175
vt 0.42492 0.54292
vt 0.37019 0.60618
vt 0.25495 0.48025
vt 0.25575 0.56183
vt 0.41751 0.93702
vt 0.3604 0.86754
vt 0.76336 0.9999
vt 0.75677 0.90878
vt 0.71917 0.90564
vt 0.70228 0.99732
vt 0.9999 0.71434
vt 0.91044 0.72817
vt 0.91029 0.76626
vt 0.9999 0.77366
vt 0.54338 0.65366
vt 0.62385 0.69643
vt 0.64484 0.66442
vt 0.57708 0.60377
vt 0.68364 0.89295
vt 0.64166 0.97959
vt 0.90131 0.80308
vt 0.98632 0.83097
vt 0.67294 0.63824
vt 0.62132 0.56311
vt 0.65144 0.87273
vt 0.58502 0.94669
vt 0.88403 0.83671
vt 0.9601 0.88343
vt 0.70666 0.61943
vt 0.67381 0.53359
vt 0.62798 0.84275
vt 0.54631 0.89346
vt 0.85936 0.86537
vt 0.92268 0.92851
vt 0.74347 0.60831
vt 0.73206 0.51664
vt 0.61352 0.80792
vt 0.52284 0.83378
vt 0.82854 0.8875
vt 0.87593 0.96404
vt 0.7819 0.60655
vt 0.79357 0.51364
vt 0.91465 0.55335
vt 0.85384 0.63201
vt 0.88164 0.65833
vt 0.95743 0.60159
vt 0.60758 0.77044
vt 0.51486 0.77149
vt 0.79395 0.90255
vt 0.8221 0.98837
vt 0.81959 0.61449
vt 0.85547 0.52563
vt 0.90168 0.69085
vt 0.98595 0.65606
vt 0.61115 0.73247
vt 0.52212 0.71046
vt 0.50005 0.64349
vt 0.4708 0.58662
vt 0.41752 0.71736
vt 0.41625 0.75767
vt 0.00136 0.774
vt 0.01823 0.83695
vt 0.7559 0.76745
vt 0.75406 0.7668
vt 0.42865 0.53878
vt 0.05054 0.8947
vt 0.10502 0.68098
vt 0.12219 0.64487
vt 0.37639 0.50295
vt 0.09694 0.94338
vt 0.40521 0.79675
vt 0.4025 0.71889
vt 0.39473 0.68331
vt 0.26646 0.72742
vt 0.26694 0.72979
vt 0.15524 0.97949
vt 0.11926 0.68587
vt 0.11216 0.72153
vt 0.24774 0.72996
vt 0.24818 0.72759
vt 0.14759 0.61409
vt 0.22304 0.99968
vt 0.38454 0.83205
vt 0.31742 0.48126
vt 0.75795 0.76756
vt 0.29504 0.9999
vt 0.40132 0.75534
vt 0.26683 0.7322
vt 0.2549 0.47457
vt 0.17964 0.59047
vt 0.36289 0.97892
vt 0.35539 0.86114
vt 0.19256 0.48257
vt 0.7626 0.74877
vt 0.76449 0.74903
vt 0.42139 0.94163
vt 0.13479 0.65308
vt 0.24919 0.7254
vt 0.13406 0.5055
vt 0.21644 0.57534
vt 0.46743 0.89176
vt 0.31955 0.88186
vt 0.08258 0.54229
vt 0.76012 0.76714
vt 0.49892 0.83304
vt 0.39119 0.7906
vt 0.26612 0.73452
vt 0.04146 0.59087
vt 0.25583 0.56949
vt 0.51466 0.76945
vt 0.27943 0.8926
vt 0.01343 0.64819
vt 0.76052 0.74897
vt 0.51466 0.70538
vt 0.15779 0.62512
vt 0.25071 0.72354
vt 0.0001 0.71018
vt 0.29532 0.57457
vt 0.23782 0.8933
vt 0.76225 0.76621
vt 0.33244 0.58899
vt 0.32547 0.60233
vt 0.35498 0.62325
vt 0.36498 0.612
vt 0.16147 0.86278
vt 0.17063 0.85023
vt 0.14393 0.82442
vt 0.13198 0.83416
vt 0.19753 0.88305
vt 0.20321 0.86845
vt 0.23954 0.87764
vt 0.29179 0.58922
vt 0.27725 0.87701
vt 0.25597 0.58475
vt 0.31365 0.8673
vt 0.22026 0.5899
vt 0.34604 0.84867
vt 0.18687 0.60365
vt 0.37242 0.82246
vt 0.09714 0.72028
vt 0.40889 0.67815
vt 0.09914 0.76048
vt 0.11399 0.75789
vt 0.391 0.64231
vt 0.37855 0.65078
vt 0.11082 0.79927
vt 0.1247 0.79291
vt 0.26486 0.7366
vt 0.75838 0.74964
vt 0.25265 0.72211
vt 0.76424 0.76485
vt 0.26312 0.73829
vt 0.7563 0.75073
vt 0.25487 0.7212
vt 0.76594 0.76299
vt 0.26101 0.7395
vt 0.75449 0.75234
vt 0.25726 0.72087
vt 0.76734 0.76076
vt 0.25866 0.74014
vt 0.2479 0.73237
vt 0.26541 0.72525
vt 0.75269 0.76576
vt 0.24865 0.73467
vt 0.76609 0.74976
vt 0.26386 0.72341
vt 0.75162 0.76411
vt 0.24995 0.73672
vt 0.7674 0.75103
vt 0.2619 0.72201
vt 0.75104 0.76174
vt 0.25172 0.73839
vt 0.76827 0.75324
vt 0.75109 0.75921
vt 0.25386 0.73957
vt 0.76858 0.75569
vt 0.75174 0.75669
vt 0.25622 0.74017
vt 0.76825 0.75827
vt 0.25965 0.72115
vt 0.75291 0.75436
usemtl mat0
f 1584/1584/1740 1585/1585/1741 1586/1586/1742
f 1584/1584/1740 1586/1586/1742 1587/1587/1743
f 1588/1588/1744 1589/1589/1745 1590/1590/1746
f 1588/1588/1744 1590/1590/1746 1591/1591/1747
f 1592/1592/1748 1593/1593/1749 1594/1594/1750
f 1592/1592/1748 1594/1594/1750 1595/1595/1751
f 1585/1585/1741 1596/1596/1752 1597/1597/1753
f 1585/1585/1741 1597/1597/1753 1586/1586/1742
f 1589/1589/1745 1598/1598/1754 1599/1599/1755
f 1589/1589/1745 1599/1599/1755 1590/1590/1746
f 1593/1593/1749 1600/1600/1756 1601/1601/1757
f 1593/1593/1749 1601/1601/1757 1594/1594/1750
f 1596/1596/1752 1602/1602/1758 1603/1603/1759
f 1596/1596/1752 1603/1603/1759 1597/1597/1753
f 1598/1598/1754 1604/1604/1760 1605/1605/1761
f 1598/1598/1754 1605/1605/1761 1599/1599/1755
f 1600/1600/1756 1606/1606/1762 1607/1607/1763
f 1600/1600/1756 1607/1607/1763 1601/1601/1757
f 1602/1602/1758 1608/1608/1764 1609/1609/1765
f 1602/1602/1758 1609/1609/1765 1603/1603/1759
f 1604/1604/1760 1610/1610/1766 1611/1611/1767
f 1604/1604/1760 1611/1611/1767 1605/1605/1761
f 1606/1606/1762 1612/1612/1768 1613/1613/1769
f 1606/1606/1762 1613/1613/1769 1607/1607/1763
f 1608/1608/1764 1614/1614/1770 1615/1615/1771
f 1608/1608/1764 1615/1615/1771 1609/1609/1765
f 1610/1610/1766 1616/1616/1772 1617/1617/1773
f 1610/1610/1766 1617/1617/1773 1611/1611/1767
f 1612/1612/1768 1618/1618/1774 1619/1619/1775
f 1612/1612/1768 1619/1619/1775 1613/1613/1769
f 1620/1620/1776 1621/1621/1777 1622/1622/1778
f 1620/1620/1776 1622/1622/1778 1623/1623/1779
f 1614/1614/1770 1624/1624/1780 1625/1625/1781
f 1614/1614/1770 1625/1625/1781 1615/1615/1771
f 1616/1616/1772 1626/1626/1782 1627/1627/1783
f 1616/1616/1772 1627/1627/1783 1617/1617/1773
f 1618/1618/1774 1628/1628/1784 1629/1629/1785
f 1618/1618/1774 1629/1629/1785 1619/1619/1775
f 1621/1621/1777 1630/1630/1786 1631/1631/1787
f 1621/1621/1777 1631/1631/1787 1622/1622/1778
f 1624/1624/1780 1632/1632/1788 1633/1633/1789
f 1624/1624/1780 1633/1633/1789 1625/1625/1781
f 1626/1626/1782 1584/1584/1740 1587/1587/1743
f 1626/1626/1782 1587/1587/1743 1627/1627/1783
f 1628/1628/1784 1620/1620/1776 1623/1623/1779
f 1628/1628/1784 1623/1623/1779 1629/1629/1785
f 1630/1630/1786 1588/1588/1744 1591/1591/1747
f 1630/1630/1786 1591/1591/1747 1631/1631/1787
f 1632/1632/1788 1592/1592/1748 1595/1595/1751
f 1632/1632/1788 1595/1595/1751 1633/1633/1789
f 1634/1634/1790 1635/1635/1791 1636/1636/1792
f 1634/1634/1790 1636/1636/1792 1637/1637/1793
f 1638/1638/1794 1639/1639/1795 1640/1640/1796
f 1638/1638/1794 1640/1640/1796 1641/1641/1797
f 1642/1642/1798 1643/1643/1799 1644/1644/1800
f 1642/1642/1798 1644/1644/1800 1645/1645/1801
f 1637/1637/1793 1636/1636/1792 1646/1646/1802
f 1637/1637/1793 1646/1646/1802 1647/1647/1803
f 1641/1641/1797 1640/1640/1796 1648/1648/1804
f 1641/1641/1797 1648/1648/1804 1649/1649/1805
f 1645/1645/1801 1644/1644/1800 1650/1650/1806
f 1645/1645/1801 1650/1650/1806 1651/1651/1807
f 1647/1647/1803 1646/1646/1802 1652/1652/1808
f 1647/1647/1803 1652/1652/1808 1653/1653/1809
f 1649/1649/1805 1648/1648/1804 1654/1654/1810
f 1649/1649/1805 1654/1654/1810 1655/1655/1811
f 1651/1651/1807 1650/1650/1806 1656/1656/1812
f 1651/1651/1807 1656/1656/1812 1657/1657/1813
f 1653/1653/1809 1652/1652/1808 1658/1658/1814
f 1653/1653/1809 1658/1658/1814 1659/1659/1815
f 1655/1655/1811 1654/1654/1810 1660/1660/1816
f 1655/1655/1811 1660/1660/1816 1661/1661/1817
f 1657/1657/1813 1656/1656/1812 1662/1662/1818
f 1657/1657/1813 1662/1662/1818 1663/1663/1819
f 1659/1659/1815 1658/1658/1814 1664/1664/1820
f 1659/1659/1815 1664/1664/1820 1665/1665/1821
f 1661/1661/1817 1660/1660/1816 1666/1666/1822
f 1661/1661/1817 1666/1666/1822 1667/1667/1823
f 1663/1663/1819 1662/1662/1818 1668/1668/1824
f 1663/1663/1819 1668/1668/1824 1669/1669/1825
f 1670/1670/1826 1671/1671/1827 1672/1672/1828
f 1670/1670/1826 1672/1672/1828 1673/1673/1829
f 1665/1665/1821 1664/1664/1820 1674/1674/1830
f 1665/1665/1821 1674/1674/1830 1675/1675/1831
f 1667/1667/1823 1666/1666/1822 1676/1676/1832
f 1667/1667/1823 1676/1676/1832 1677/1677/1833
f 1669/1669/1825 1668/1668/1824 1678/1678/1834
f 1669/1669/1825 1678/1678/1834 1679/1679/1835
f 1673/1673/1829 1672/1672/1828 1680/1680/1836
f 1673/1673/1829 1680/1680/1836 1681/1681/1837
f 1675/1675/1831 1674/1674/1830 1682/1682/1838
f 1675/1675/1831 1682/1682/1838 1683/1683/1839
f 1677/1677/1833 1676/1676/1832 1635/1635/1791
f 1677/1677/1833 1635/1635/1791 1634/1634/1790
f 1679/1679/1835 1678/1678/1834 1671/1671/1827
f 1679/1679/1835 1671/1671/1827 1670/1670/1826
f 1681/1681/1837 1680/1680/1836 1639/1639/1795
f 1681/1681/1837 1639/1639/1795 1638/1638/1794
f 1683/1683/1839 1682/1682/1838 1643/1643/1799
f 1683/1683/1839 1643/1643/1799 1642/1642/1798
f 1612/1612/1840 1684/1684/1819 1685/1685/1825
f 1612/1612/1840 1685/1685/1825 1618/1618/1841
f 1601/1601/1757 1607/1607/1763 1686/1686/1842
f 1601/1601/1757 1686/1686/1842 1687/1687/1843
f 1626/1626/1844 1688/1688/1833 1689/1689/1790
f 1626/1626/1844 1689/1689/1790 1584/1584/1845
f 1652/1652/1808 1646/1646/1802 1690/1690/1846
f 1652/1652/1808 1690/1690/1846 1691/1691/1847
f 1618/1618/1841 1685/1685/1825 1692/1692/1835
f 1618/1618/1841 1692/1692/1835 1628/1628/1848
f 1584/1584/1845 1689/1689/1790 1693/1693/1793
f 1584/1584/1845 1693/1693/1793 1585/1585/1849
f 1605/1605/1761 1611/1611/1767 1694/1694/1850
f 1605/1605/1761 1694/1694/1850 1695/1695/1851
f 1628/1628/1848 1692/1692/1835 1696/1696/1826
f 1628/1628/1848 1696/1696/1826 1620/1620/1852
f 1585/1585/1849 1693/1693/1793 1697/1697/1803
f 1585/1585/1849 1697/1697/1803 1596/1596/1853
f 1594/1594/1750 1601/1601/1757 1687/1687/1843
f 1594/1594/1750 1687/1687/1843 1698/1698/1854
f 1699/1699/1855 1700/1700/1856 1701/1701/1857
f 1699/1699/1855 1701/1701/1857 1702/1702/1858
f 1596/1596/1853 1697/1697/1803 1703/1703/1809
f 1596/1596/1853 1703/1703/1809 1602/1602/1859
f 1704/1704/1860 1705/1705/1861 1706/1706/1862
f 1704/1704/1860 1706/1706/1862 1707/1707/1863
f 1599/1599/1755 1605/1605/1761 1695/1695/1851
f 1599/1599/1755 1695/1695/1851 1708/1708/1864
f 1602/1602/1859 1703/1703/1809 1709/1709/1815
f 1602/1602/1859 1709/1709/1815 1608/1608/1865
f 1595/1595/1751 1594/1594/1750 1698/1698/1854
f 1595/1595/1751 1698/1698/1854 1710/1710/1866
f 1620/1620/1852 1696/1696/1826 1711/1711/1829
f 1620/1620/1852 1711/1711/1829 1621/1621/1867
f 1646/1646/1802 1636/1636/1792 1712/1712/1868
f 1646/1646/1802 1712/1712/1868 1690/1690/1846
f 1608/1608/1865 1709/1709/1815 1713/1713/1821
f 1608/1608/1865 1713/1713/1821 1614/1614/1869
f 1714/1714/1870 1699/1699/1855 1702/1702/1858
f 1714/1714/1870 1702/1702/1858 1715/1715/1871
f 1621/1621/1867 1711/1711/1829 1716/1716/1837
f 1621/1621/1867 1716/1716/1837 1630/1630/1872
f 1590/1590/1746 1599/1599/1755 1708/1708/1864
f 1590/1590/1746 1708/1708/1864 1717/1717/1873
f 1614/1614/1869 1713/1713/1821 1718/1718/1831
f 1614/1614/1869 1718/1718/1831 1624/1624/1874
f 1633/1633/1789 1595/1595/1751 1710/1710/1866
f 1633/1633/1789 1710/1710/1866 1719/1719/1875
f 1630/1630/1872 1716/1716/1837 1720/1720/1794
f 1630/1630/1872 1720/1720/1794 1588/1588/1876
f 1671/1671/1827 1678/1678/1834 1721/1721/1877
f 1671/1671/1827 1721/1721/1877 1722/1722/1878
f 1624/1624/1874 1718/1718/1831 1723/1723/1839
f 1624/1624/1874 1723/1723/1839 1632/1632/1879
f 1724/1724/1880 1704/1704/1860 1707/1707/1863
f 1724/1724/1880 1707/1707/1863 1725/1725/1881
f 1588/1588/1876 1720/1720/1794 1726/1726/1797
f 1588/1588/1876 1726/1726/1797 1589/1589/1882
f 1591/1591/1747 1590/1590/1746 1717/1717/1873
f 1591/1591/1747 1717/1717/1873 1727/1727/1883
f 1632/1632/1879 1723/1723/1839 1728/1728/1798
f 1632/1632/1879 1728/1728/1798 1592/1592/1884
f 1625/1625/1781 1633/1633/1789 1719/1719/1875
f 1625/1625/1781 1719/1719/1875 1729/1729/1885
f 1589/1589/1882 1726/1726/1797 1730/1730/1805
f 1589/1589/1882 1730/1730/1805 1598/1598/1886
f 1636/1636/1792 1635/1635/1791 1731/1731/1887
f 1636/1636/1792 1731/1731/1887 1712/1712/1868
f 1592/1592/1884 1728/1728/1798 1732/1732/1801
f 1592/1592/1884 1732/1732/1801 1593/1593/1888
f 1733/1733/1889 1714/1714/1870 1715/1715/1871
f 1733/1733/1889 1715/1715/1871 1734/1734/1890
f 1598/1598/1886 1730/1730/1805 1735/1735/1811
f 1598/1598/1886 1735/1735/1811 1604/1604/1891
f 1631/1631/1787 1591/1591/1747 1727/1727/1883
f 1631/1631/1787 1727/1727/1883 1736/1736/1892
f 1593/1593/1888 1732/1732/1801 1737/1737/1807
f 1593/1593/1888 1737/1737/1807 1600/1600/1893
f 1615/1615/1771 1625/1625/1781 1729/1729/1885
f 1615/1615/1771 1729/1729/1885 1738/1738/1894
f 1604/1604/1891 1735/1735/1811 1739/1739/1817
f 1604/1604/1891 1739/1739/1817 1610/1610/1895
f 1678/1678/1834 1668/1668/1824 1740/1740/1896
f 1678/1678/1834 1740/1740/1896 1721/1721/1877
f 1600/1600/1893 1737/1737/1807 1741/1741/1813
f 1600/1600/1893 1741/1741/1813 1606/1606/1897
f 1742/1742/1898 1724/1724/1880 1725/1725/1881
f 1742/1742/1898 1725/1725/1881 1743/1743/1899
f 1610/1610/1895 1739/1739/1817 1744/1744/1823
f 1610/1610/1895 1744/1744/1823 1616/1616/1900
f 1622/1622/1778 1631/1631/1787 1736/1736/1892
f 1622/1622/1778 1736/1736/1892 1745/1745/1901
f 1606/1606/1897 1741/1741/1813 1684/1684/1819
f 1606/1606/1897 1684/1684/1819 1612/1612/1840
f 1609/1609/1765 1615/1615/1771 1738/1738/1894
f 1609/1609/1765 1738/1738/1894 1746/1746/1902
f 1616/1616/1900 1744/1744/1823 1688/1688/1833
f 1616/1616/1900 1688/1688/1833 1626/1626/1844
f 1635/1635/1791 1676/1676/1832 1747/1747/1903
f 1635/1635/1791 1747/1747/1903 1731/1731/1887
f 1748/1748/1904 1749/1749/1905 1750/1750/1906
f 1748/1748/1904 1750/1750/1906 1751/1751/1907
f 1752/1752/1908 1753/1753/1909 1754/1754/1910
f 1752/1752/1908 1754/1754/1910 1755/1755/1911
f 1756/1756/1912 1757/1757/1913 1753/1753/1909
f 1756/1756/1912 1753/1753/1909 1752/1752/1908
f 1746/1746/1914 1758/1758/1915 1757/1757/1913
f 1746/1746/1914 1757/1757/1913 1756/1756/1912
f 1745/1745/1916 1759/1759/1917 1749/1749/1905
f 1745/1745/1916 1749/1749/1905 1748/1748/1904
f 1738/1738/1918 1760/1760/1919 1758/1758/1915
f 1738/1738/1918 1758/1758/1915 1746/1746/1914
f 1736/1736/1920 1761/1761/1921 1759/1759/1917
f 1736/1736/1920 1759/1759/1917 1745/1745/1916
f 1729/1729/1922 1762/1762/1923 1760/1760/1919
f 1729/1729/1922 1760/1760/1919 1738/1738/1918
f 1727/1727/1924 1763/1763/1925 1761/1761/1921
f 1727/1727/1924 1761/1761/1921 1736/1736/1920
f 1719/1719/1926 1764/1764/1927 1762/1762/1923
f 1719/1719/1926 1762/1762/1923 1729/1729/1922
f 1717/1717/1928 1765/1765/1929 1763/1763/1925
f 1717/1717/1928 1763/1763/1925 1727/1727/1924
f 1710/1710/1930 1766/1766/1931 1764/1764/1927
f 1710/1710/1930 1764/1764/1927 1719/1719/1926
f 1708/1708/1932 1742/1742/1933 1765/1765/1929
f 1708/1708/1932 1765/1765/1929 1717/1717/1928
f 1698/1698/1934 1733/1733/1935 1766/1766/1931
f 1698/1698/1934 1766/1766/1931 1710/1710/1930
f 1695/1695/1936 1724/1724/1937 1742/1742/1933
f 1695/1695/1936 1742/1742/1933 1708/1708/1932
f 1687/1687/1938 1714/1714/1939 1733/1733/1935
f 1687/1687/1938 1733/1733/1935 1698/1698/1934
f 1694/1694/1940 1704/1704/1941 1724/1724/1937
f 1694/1694/1940 1724/1724/1937 1695/1695/1936
f 1686/1686/1942 1699/1699/1943 1714/1714/1939
f 1686/1686/1942 1714/1714/1939 1687/1687/1938
f 1767/1767/1944 1705/1705/1945 1704/1704/1941
f 1767/1767/1944 1704/1704/1941 1694/1694/1940
f 1768/1768/1946 1700/1700/1947 1699/1699/1943
f 1768/1768/1946 1699/1699/1943 1686/1686/1942
f 1769/1769/1948 1770/1770/1949 1705/1705/1945
f 1769/1769/1948 1705/1705/1945 1767/1767/1944
f 1771/1771/1950 1772/1772/1951 1700/1700/1947
f 1771/1771/1950 1700/1700/1947 1768/1768/1946
f 1773/1773/1952 1774/1774/1953 1770/1770/1949
f 1773/1773/1952 1770/1770/1949 1769/1769/1948
f 1751/1751/1907 1750/1750/1906 1772/1772/1951
f 1751/1751/1907 1772/1772/1951 1771/1771/1950
f 1755/1755/1911 1754/1754/1910 1774/1774/1953
f 1755/1755/1911 1774/1774/1953 1773/1773/1952
f 1611/1611/1767 1617/1617/1773 1767/1767/1954
f 1611/1611/1767 1767/1767/1954 1694/1694/1850
f 1766/1766/1955 1733/1733/1889 1734/1734/1890
f 1766/1766/1955 1734/1734/1890 1775/1775/1956
f 1607/1607/1763 1613/1613/1769 1768/1768/1957
f 1607/1607/1763 1768/1768/1957 1686/1686/1842
f 1668/1668/1824 1662/1662/1818 1776/1776/1958
f 1668/1668/1824 1776/1776/1958 1740/1740/1896
f 1617/1617/1773 1627/1627/1783 1769/1769/1959
f 1617/1617/1773 1769/1769/1959 1767/1767/1954
f 1765/1765/1960 1742/1742/1898 1743/1743/1899
f 1765/1765/1960 1743/1743/1899 1777/1777/1961
f 1613/1613/1769 1619/1619/1775 1771/1771/1962
f 1613/1613/1769 1771/1771/1962 1768/1768/1957
f 1676/1676/1832 1666/1666/1822 1778/1778/1963
f 1676/1676/1832 1778/1778/1963 1747/1747/1903
f 1627/1627/1783 1587/1587/1743 1773/1773/1964
f 1627/1627/1783 1773/1773/1964 1769/1769/1959
f 1764/1764/1965 1766/1766/1955 1775/1775/1956
f 1764/1764/1965 1775/1775/1956 1779/1779/1966
f 1619/1619/1775 1629/1629/1785 1751/1751/1967
f 1619/1619/1775 1751/1751/1967 1771/1771/1962
f 1662/1662/1818 1656/1656/1812 1780/1780/1968
f 1662/1662/1818 1780/1780/1968 1776/1776/1958
f 1587/1587/1743 1586/1586/1742 1755/1755/1969
f 1587/1587/1743 1755/1755/1969 1773/1773/1964
f 1763/1763/1970 1765/1765/1960 1777/1777/1961
f 1763/1763/1970 1777/1777/1961 1781/1781/1971
f 1629/1629/1785 1623/1623/1779 1748/1748/1972
f 1629/1629/1785 1748/1748/1972 1751/1751/1967
f 1666/1666/1822 1660/1660/1816 1782/1782/1973
f 1666/1666/1822 1782/1782/1973 1778/1778/1963
f 1586/1586/1742 1597/1597/1753 1752/1752/1974
f 1586/1586/1742 1752/1752/1974 1755/1755/1969
f 1762/1762/1975 1764/1764/1965 1779/1779/1966
f 1762/1762/1975 1779/1779/1966 1783/1783/1976
f 1656/1656/1812 1650/1650/1806 1784/1784/1977
f 1656/1656/1812 1784/1784/1977 1780/1780/1968
f 1597/1597/1753 1603/1603/1759 1756/1756/1978
f 1597/1597/1753 1756/1756/1978 1752/1752/1974
f 1761/1761/1979 1763/1763/1970 1781/1781/1971
f 1761/1761/1979 1781/1781/1971 1785/1785/1980
f 1660/1660/1816 1654/1654/1810 1786/1786/1981
f 1660/1660/1816 1786/1786/1981 1782/1782/1973
f 1603/1603/1759 1609/1609/1765 1746/1746/1902
f 1603/1603/1759 1746/1746/1902 1756/1756/1978
f 1623/1623/1779 1622/1622/1778 1745/1745/1901
f 1623/1623/1779 1745/1745/1901 1748/1748/1972
f 1760/1760/1982 1762/1762/1975 1783/1783/1976
f 1760/1760/1982 1783/1783/1976 1787/1787/1983
f 1705/1705/1861 1770/1770/1984 1788/1788/1985
f 1705/1705/1861 1788/1788/1985 1706/1706/1862
f 1700/1700/1856 1772/1772/1986 1789/1789/1987
f 1700/1700/1856 1789/1789/1987 1701/1701/1857
f 1658/1658/1814 1652/1652/1808 1691/1691/1847
f 1658/1658/1814 1691/1691/1847 1790/1790/1988
f 1770/1770/1984 1774/1774/1989 1791/1791/1990
f 1770/1770/1984 1791/1791/1990 1788/1788/1985
f 1672/1672/1828 1671/1671/1827 1722/1722/1878
f 1672/1672/1828 1722/1722/1878 1792/1792/1991
f 1772/1772/1986 1750/1750/1992 1793/1793/1993
f 1772/1772/1986 1793/1793/1993 1789/1789/1987
f 1664/1664/1820 1658/1658/1814 1790/1790/1988
f 1664/1664/1820 1790/1790/1988 1794/1794/1994
f 1774/1774/1989 1754/1754/1995 1795/1795/1996
f 1774/1774/1989 1795/1795/1996 1791/1791/1990
f 1680/1680/1836 1672/1672/1828 1792/1792/1991
f 1680/1680/1836 1792/1792/1991 1796/1796/1997
f 1750/1750/1992 1749/1749/1998 1797/1797/1999
f 1750/1750/1992 1797/1797/1999 1793/1793/1993
f 1674/1674/1830 1664/1664/1820 1794/1794/1994
f 1674/1674/1830 1794/1794/1994 1798/1798/2000
f 1754/1754/1995 1753/1753/2001 1799/1799/2002
f 1754/1754/1995 1799/1799/2002 1795/1795/1996
f 1639/1639/1795 1680/1680/1836 1796/1796/1997
f 1639/1639/1795 1796/1796/1997 1800/1800/2003
f 1682/1682/1838 1674/1674/1830 1798/1798/2000
f 1682/1682/1838 1798/1798/2000 1801/1801/2004
f 1753/1753/2001 1757/1757/2005 1802/1802/2006
f 1753/1753/2001 1802/1802/2006 1799/1799/2002
f 1640/1640/1796 1639/1639/1795 1800/1800/2003
f 1640/1640/1796 1800/1800/2003 1803/1803/2007
f 1643/1643/1799 1682/1682/1838 1801/1801/2004
f 1643/1643/1799 1801/1801/2004 1804/1804/2008
f 1757/1757/2005 1758/1758/2009 1805/1805/2010
f 1757/1757/2005 1805/1805/2010 1802/1802/2006
f 1648/1648/1804 1640/1640/1796 1803/1803/2007
f 1648/1648/1804 1803/1803/2007 1806/1806/2011
f 1749/1749/1998 1759/1759/2012 1807/1807/2013
f 1749/1749/1998 1807/1807/2013 1797/1797/1999
f 1644/1644/1800 1643/1643/1799 1804/1804/2008
f 1644/1644/1800 1804/1804/2008 1808/1808/2014
f 1758/1758/2009 1760/1760/1982 1787/1787/1983
f 1758/1758/2009 1787/1787/1983 1805/1805/2010
f 1654/1654/1810 1648/1648/1804 1806/1806/2011
f 1654/1654/1810 1806/1806/2011 1786/1786/1981
f 1759/1759/2012 1761/1761/1979 1785/1785/1980
f 1759/1759/2012 1785/1785/1980 1807/1807/2013
f 1650/1650/1806 1644/1644/1800 1808/1808/2014
f 1650/1650/1806 1808/1808/2014 1784/1784/1977
f 1707/1707/1863 1743/1743/1899 1725/1725/1881
f 1743/1743/1899 1707/1707/1863 1706/1706/1862
f 1743/1743/1899 1706/1706/1862 1777/1777/1961
f 1777/1777/1961 1706/1706/1862 1788/1788/1985
f 1777/1777/1961 1788/1788/1985 1781/1781/1971
f 1781/1781/1971 1788/1788/1985 1791/1791/1990
f 1781/1781/1971 1791/1791/1990 1785/1785/1980
f 1785/1785/1980 1791/1791/1990 1795/1795/1996
f 1785/1785/1980 1795/1795/1996 1807/1807/2013
f 1807/1807/2013 1795/1795/1996 1799/1799/2002
f 1807/1807/2013 1799/1799/2002 1797/1797/1999
f 1797/1797/1999 1799/1799/2002 1802/1802/2006
f 1797/1797/1999 1802/1802/2006 1793/1793/1993
f 1793/1793/1993 1802/1802/2006 1805/1805/2010
f 1793/1793/1993 1805/1805/2010 1789/1789/1987
f 1789/1789/1987 1805/1805/2010 1787/1787/1983
f 1789/1789/1987 1787/1787/1983 1701/1701/1857
f 1701/1701/1857 1787/1787/1983 1783/1783/1976
f 1701/1701/1857 1783/1783/1976 1702/1702/1858
f 1702/1702/1858 1783/1783/1976 1779/1779/1966
f 1702/1702/1858 1779/1779/1966 1715/1715/1871
f 1715/1715/1871 1779/1779/1966 1775/1775/1956
f 1715/1715/1871 1775/1775/1956 1734/1734/1890
f 1806/1806/2011 1782/1782/1973 1786/1786/1981
f 1782/1782/1973 1806/1806/2011 1778/1778/1963
f 1778/1778/1963 1806/1806/2011 1803/1803/2007
f 1778/1778/1963 1803/1803/2007 1747/1747/1903
f 1747/1747/1903 1803/1803/2007 1800/1800/2003
f 1747/1747/1903 1800/1800/2003 1731/1731/1887
f 1731/1731/1887 1800/1800/2003 1796/1796/1997
f 1731/1731/1887 1796/1796/1997 1712/1712/1868
f 1712/1712/1868 1796/1796/1997 1792/1792/1991
f 1712/1712/1868 1792/1792/1991 1690/1690/1846
f 1690/1690/1846 1792/1792/1991 1722/1722/1878
f 1690/1690/1846 1722/1722/1878 1691/1691/1847
f 1691/1691/1847 1722/1722/1878 1721/1721/1877
f 1691/1691/1847 1721/1721/1877 1790/1790/1988
f 1790/1790/1988 1721/1721/1877 1740/1740/1896
f 1790/1790/1988 1740/1740/1896 1794/1794/1994
f 1794/1794/1994 1740/1740/1896 1776/1776/1958
f 1794/1794/1994 1776/1776/1958 1798/1798/2000
f 1798/1798/2000 1776/1776/1958 1780/1780/1968
f 1798/1798/2000 1780/1780/1968 1801/1801/2004
f 1801/1801/2004 1780/1780/1968 1784/1784/1977
f 1801/1801/2004 1784/1784/1977 1804/1804/2008
f 1804/1804/2008 1784/1784/1977 1808/1808/2014
# Vertices: 225, normals: 275, texture coordinates: 225, faces: 396

