# Wavefront OBJ file
# Exported by Misfit Model 3D 1.3.8
# Thu May 25 21:10:09 2017

mtllib jigglypuff.mtl

# 2022 Vertices
v -1.7424 2.3814 1.6263
v -1.7109 2.0799 1.6263
v -1.6731 2.1402 1.692
v -1.8378 2.2257 1.4598
v -1.7199 1.9836 1.6002
v -1.8378 2.0007 1.3788
v -1.701 1.8882 1.6182
v -1.7622 1.7703 1.3941
v -1.6542 1.8234 1.674
v -1.6074 1.611 1.5048
v -1.5957 1.8315 1.7577
v -1.4454 1.6155 1.6974
v -1.5498 1.89 1.827
v -1.3473 1.7748 1.8828
v -1.5408 1.9872 1.8567
v -1.3437 2.0025 1.9638
v -1.5651 2.0817 1.8369
v -1.4265 2.2365 1.9422
v -1.6155 2.1429 1.7775
v -1.5678 2.3733 1.8324
v 1.4814 2.007 1.9332
v 1.7271 2.061 1.7757
v 1.6182 2.2266 1.9233
v 1.5309 1.9314 1.863
v 1.7199 1.836 1.6938
v 1.5354 1.8171 1.8324
v 1.6218 1.6146 1.6929
v 1.4985 1.7073 1.8468
v 1.4364 1.4706 1.7739
v 1.4247 1.6362 1.8999
v 1.2438 1.4913 1.935
v 1.341 1.6533 1.9845
v 1.1304 1.6605 2.1024
v 1.2798 1.728 2.0574
v 1.1331 1.8882 2.1834
v 1.2744 1.8423 2.0925
v 1.2393 2.1132 2.178
v 1.3185 1.9503 2.0763
v 1.4103 2.2356 2.0952
v 1.3977 2.0169 2.0205
v 0.2421 4.2057 1.720799
v 0.3042 4.2318 1.748699
v 0.2376 4.2336 1.750499
v 0.2628 4.2147 1.698299
v 0.423 4.2408 1.742399
v 0.3285 4.1877 1.655999
v 0.5697 4.2732 1.703699
v 0.5202 4.2021 1.597499
v 0.6993 4.3317 1.607399
v 0.6516 4.2372 1.469699
v 0.8091 4.4235 1.475099
v 0.7452 4.302 1.315799
v 0.8667 4.5252 1.340999
v 0.8064 4.3893 1.203299
v -0.5319 2.817 2.4192
v -0.288 3.0501 2.4327
v -0.4617 3.0501 2.393099
v -0.3321 2.79 2.4705
v -0.0891 3.0393 2.4597
v -0.1053 2.7675 2.502
v 0.1116 3.0321 2.4678
v 0.1242 2.7693 2.511
v 0.2889 3.0159 2.4597
v 0.3321 2.7774 2.4957
v -0.2619 3.3138 2.358
v -0.432 3.2895 2.330099
v -0.0693 3.3147 2.380499
v 0.1233 3.2958 2.3922
v 0.2925 3.2562 2.394
v -0.2538 3.5865 2.248199
v -0.4446 3.5433 2.222999
v -0.0459 3.6 2.2698
v 0.1602 3.5676 2.285099
v 0.3474 3.5073 2.293199
v -0.2574 3.8691 2.1006
v -0.5148 3.8403 2.044799
v -0.0216 3.8781 2.130299
v 0.2151 3.8466 2.1429
v 0.4743 3.7953 2.1321
v -1.9512 3.7548 0.2025
v -1.971 4.0914 0.084599
v -2.0565 3.9735 0.153899
v -1.8612 3.9258 0.117899
v -1.8774 4.1877 0.050399
v -1.8 4.0167 0.101699
v -1.7523 4.3092 0.026099
v -1.6695 4.1787 0.087299
v -1.6236 4.4334 0.017999
v -1.5273 4.3326 0.087299
v -1.4967 4.554 0.028799
v -1.3635 4.4802 0.091799
v -1.3878 4.662 0.053999
v -1.242 4.5783 0.100799
v -1.3086 4.7655 0.101699
v -1.134 4.6575 0.129599
v -1.17 4.8672 0.147599
v -0.9675 4.7511 0.182699
v -2.1645 3.861 0.069299
v -2.0484 3.5667 0.1359
v -2.25 4.1301 0.021599
v -2.1483 4.1994 0.116099
v -2.3058 4.3731 -0.011701
v -2.2149 4.4154 0.074699
v -2.3454 4.608 -0.036001
v -2.25 4.6215 0.044999
v -2.3481 4.833 -0.049501
v -2.2617 4.8249 0.016199
v -2.3283 5.0805 -0.057601
v -2.2482 5.0103 -0.000001
v -2.2752 5.1894 -0.057601
v -2.2068 5.112 -0.015301
v -2.1663 5.2263 -0.057601
v -2.106 5.139 -0.000001
v -1.9296 5.2155 -0.048601
v -1.9287 5.1282 0.017099
v -1.7154 5.1741 -0.043201
v -1.7379 5.094 0.045899
v -1.5066 5.1129 -0.031501
v -1.5507 5.0391 0.074699
v -1.287 5.0319 -0.016201
v -1.359 4.959 0.113399
v -1.062 4.9338 0.020699
v -0.8145 4.8249 0.059399
v -2.1906 3.7836 -0.134101
v -2.0664 3.4812 -0.1197
v -2.295 4.0923 -0.154801
v -2.3517 4.3587 -0.153901
v -2.3859 4.6071 -0.154801
v -2.3949 4.8447 -0.149401
v -2.3742 5.1561 -0.144901
v -2.3301 5.2506 -0.146701
v -2.2338 5.2821 -0.144901
v -1.9566 5.2632 -0.137701
v -1.7172 5.22 -0.150301
v -1.4877 5.1525 -0.159301
v -1.2609 5.0616 -0.158401
v -1.0269 4.9608 -0.153901
v -0.7461 4.8366 -0.154801
v -2.061 4.2795 0.052199
v -1.9512 4.3578 -0.000001
v -1.8396 4.4505 -0.025201
v -1.7271 4.5522 -0.035101
v -1.6191 4.6566 -0.025201
v -1.5255 4.7565 -0.000001
v -1.449 4.8528 0.062999
v -2.1276 4.4658 0.024299
v -2.0259 4.518 -0.025201
v -1.9287 4.5909 -0.054901
v -1.8342 4.6755 -0.064801
v -1.7424 4.7646 -0.055801
v -1.665 4.8537 -0.024301
v -1.6128 4.9401 0.035999
v -2.1636 4.6386 0.009899
v -2.0871 4.6656 -0.042301
v -2.0142 4.725 -0.069301
v -1.9386 4.7961 -0.078301
v -1.8612 4.8663 -0.070201
v -1.7955 4.9338 -0.043201
v -1.7676 5.0058 0.009899
v -2.1888 4.8384 -0.009901
v -2.1276 4.7853 -0.045001
v -2.0943 4.8528 -0.062101
v -2.043 4.9158 -0.068401
v -1.9737 4.9626 -0.062101
v -1.9053 4.9887 -0.045901
v -1.9512 5.0562 -0.009001
v -2.1798 4.9833 -0.024301
v -2.1555 5.0508 -0.028801
v -2.1168 3.8277 -0.348301
v -1.9854 3.5145 -0.3303
v -2.2374 4.1193 -0.345601
v -2.3112 4.3749 -0.322201
v -2.3571 4.617 -0.295201
v -2.3733 4.8474 -0.261001
v -2.3562 5.1291 -0.230401
v -2.3094 5.2245 -0.228601
v -2.2086 5.2623 -0.229501
v -1.9692 5.2488 -0.249301
v -1.737 5.1993 -0.285301
v -1.5075 5.1264 -0.327601
v -1.2789 5.0355 -0.358201
v -1.0332 4.9302 -0.358201
v -0.7515 4.7889 -0.378901
v -2.0151 3.9051 -0.559801
v -1.8558 3.6243 -0.5751
v -2.1465 4.1751 -0.536401
v -2.2356 4.4163 -0.486901
v -2.286 4.6404 -0.430201
v -2.313 4.8375 -0.378001
v -2.3094 5.0562 -0.336601
v -2.2491 5.1534 -0.343801
v -2.1447 5.2056 -0.335701
v -1.944 5.1822 -0.378901
v -1.7541 5.1345 -0.431101
v -1.5525 5.0598 -0.487801
v -1.3374 4.9554 -0.539101
v -1.1061 4.824 -0.567001
v -0.819 4.6998 -0.611101
v -1.8783 4.0311 -0.743401
v -1.6875 3.7917 -0.809101
v -2.0277 4.2723 -0.689401
v -2.1321 4.491 -0.621001
v -2.205 4.6755 -0.541801
v -2.2482 4.8141 -0.476101
v -2.2086 4.9158 -0.488701
v -2.1321 5.0175 -0.501301
v -2.025 5.0832 -0.488701
v -1.9215 5.1129 -0.476101
v -1.7982 5.0526 -0.541801
v -1.6335 4.9608 -0.621901
v -1.44 4.8402 -0.692101
v -1.2294 4.6836 -0.747901
v -0.9972 4.5117 -0.837901
v -1.7136 4.1904 -0.860401
v -1.5165 3.9726 -0.908101
v -1.881 4.4028 -0.792001
v -2.0124 4.5963 -0.702901
v -2.1168 4.7637 -0.603901
v -1.5435 4.3461 -0.902701
v -1.3401 4.1643 -0.943201
v -1.7244 4.5459 -0.829801
v -1.8765 4.7187 -0.732601
v -2.0079 4.8708 -0.624601
v -2.088 5.067 -0.024301
v -1.1826 4.3236 -0.927901
v -1.3887 4.5171 -0.863101
v -1.5759 4.6971 -0.793801
v -1.746 4.8474 -0.703801
v -1.8927 4.9689 -0.601201
v -1.917 3.4326 -0.6435
v -2.043 3.3669 -0.3537
v -1.7316 3.5766 -0.9153
v -1.5201 3.8205 -1.066501
v -1.2942 4.0698 -1.116901
v -1.0557 4.2975 -1.080001
v -0.8676 4.5216 -0.922501
v -0.7254 4.7025 -0.683101
v -0.6498 4.8141 -0.421201
v -0.6327 4.8753 -0.152101
v -1.9746 3.1419 -0.7074
v -2.106 3.123 -0.3456
v -1.7325 3.2391 -1.1133
v -1.467 3.6243 -1.295101
v -1.1988 3.933 -1.361701
v -0.8433 4.2129 -1.338301
v -0.6588 4.5153 -1.054801
v -0.5436 4.7169 -0.771301
v -0.4815 4.842 -0.475201
v -0.4644 4.9095 -0.164701
v -2.052 2.7585 -0.7011
v -2.1789 2.7954 -0.3078
v -1.8513 2.7441 -1.0953
v -1.6092 2.6676 -1.4625
v -1.5048 3.0942 -1.5066
v -1.3275 2.5902 -1.7613
v -1.2465 3.0024 -1.7937
v -0.9891 2.5308 -1.9962
v -0.9279 2.9547 -2.0097
v -0.5985 2.4957 -2.1618
v -0.5562 2.9187 -2.1537
v -0.1656 2.4687 -2.2581
v -0.135 2.889 -2.2374
v 0.3015 2.4426 -2.2698
v 0.3186 2.8665 -2.2428
v 0.7605 2.4255 -2.1762
v 0.7659 2.8476 -2.1573
v 1.1709 2.4138 -2.0052
v 1.1664 2.8395 -2.0016
v 1.5273 2.4147 -1.773
v 1.5084 2.8422 -1.7937
v 1.8234 2.4453 -1.4823
v 1.7874 2.8629 -1.5255
v 2.0547 2.4984 -1.1385
v 1.998 2.9331 -1.197
v 2.2338 2.556 -0.7344
v 2.1663 3.0591 -0.7686
v 2.3634 2.5551 -0.3105
v 2.3238 2.9439 -0.3267
v 2.4228 2.5839 0.099
v 2.3877 2.916 0.0522
v -2.0556 2.3481 -0.6561
v -2.1753 2.4057 -0.2592
v -1.8783 2.2995 -1.0377
v -1.6479 2.2338 -1.3887
v -1.3635 2.1636 -1.683
v -1.0179 2.1024 -1.9206
v -0.6228 2.0538 -2.0907
v -0.1872 2.0169 -2.1888
v 0.2736 1.9845 -2.1933
v 0.7281 1.9746 -2.1078
v 1.1421 1.9719 -1.9341
v 1.5039 1.9863 -1.6974
v 1.8063 2.0169 -1.4031
v 2.0394 2.0637 -1.062
v 2.2104 2.1114 -0.6759
v 2.322 2.1465 -0.2682
v 2.3742 2.196 0.144
v -1.998 1.935 -0.5823
v -2.1051 2.0007 -0.1917
v -1.8333 1.881 -0.9522
v -1.6155 1.8261 -1.2852
v -1.341 1.7649 -1.566
v -1.0071 1.7019 -1.7856
v -0.6264 1.6425 -1.9404
v -0.2052 1.5912 -2.0295
v 0.2412 1.5597 -2.0475
v 0.6786 1.5507 -1.9512
v 1.0809 1.5633 -1.7892
v 1.4328 1.5894 -1.5696
v 1.7271 1.6236 -1.2951
v 1.953 1.6614 -0.9693
v 2.1132 1.6983 -0.603
v 2.214 1.7406 -0.2097
v 2.2572 1.7991 0.1944
v -1.8666 1.5615 -0.5211
v -1.9692 1.6137 -0.144
v -1.7181 1.5228 -0.8757
v -1.5219 1.4877 -1.1907
v -1.2744 1.4454 -1.4481
v -0.9657 1.3878 -1.6353
v -0.6066 1.3275 -1.7595
v -0.2052 1.2834 -1.836
v 0.2088 1.2681 -1.8459
v 0.6174 1.2456 -1.7631
v 1.0017 1.2537 -1.6173
v 1.3374 1.2816 -1.4319
v 1.6119 1.3122 -1.1934
v 1.8144 1.3338 -0.8955
v 1.9539 1.3536 -0.5508
v 2.0412 1.3815 -0.1755
v 2.0799 1.4274 0.2142
v -1.7595 1.2636 -0.099
v -1.665 1.2303 -0.468
v -1.4823 0.9603 -0.0513
v -1.404 0.9486 -0.4194
v -1.1583 0.72 -0.0
v -1.0917 0.7263 -0.3735
v -0.7983 0.5409 0.054
v -0.7407 0.5571 -0.3204
v -0.4086 0.4221 0.0918
v -0.3618 0.4482 -0.2889
v 0.0 0.3681 0.1458
v 0.0261 0.3897 -0.2223
v 0.4005 0.3852 0.1629
v 0.4239 0.4122 -0.2187
v 0.8001 0.468 0.1953
v 0.8109 0.486 -0.1827
v 1.1781 0.612 0.2088
v 1.179 0.6219 -0.1728
v 1.5273 0.8217 0.2151
v 1.5138 0.8145 -0.162
v 1.8351 1.0971 0.2187
v 1.8036 1.0701 -0.1611
v -1.5381 1.2177 -0.8136
v -1.3068 0.9666 -0.7587
v -1.0161 0.7713 -0.72
v -0.6786 0.6255 -0.6813
v -0.3096 0.5328 -0.6534
v 0.063 0.4743 -0.5949
v 0.4437 0.4977 -0.5868
v 0.819 0.5562 -0.5481
v 1.17 0.6705 -0.5265
v 1.4796 0.8379 -0.513
v 1.7388 1.0665 -0.5229
v -1.3761 1.2141 -1.1151
v -1.1772 1.2042 -1.3437
v -0.9108 1.1538 -1.476
v -0.5805 1.0827 -1.5471
v -0.2034 1.0269 -1.6002
v 0.1746 0.9981 -1.5966
v 0.5508 0.9918 -1.5336
v 0.9162 1.0134 -1.4148
v 1.2348 1.0548 -1.2861
v 1.4769 1.0818 -1.1097
v 1.6326 1.0755 -0.8487
v -1.1934 1.0017 -1.0485
v -1.0926 1.0458 -1.2411
v -0.8892 0.9666 -1.2708
v -0.5778 0.8838 -1.2906
v -0.2151 0.8163 -1.3077
v 0.1386 0.7857 -1.3032
v 0.4914 0.7839 -1.2456
v 0.8505 0.8181 -1.1646
v 1.1601 0.8721 -1.0899
v 1.3617 0.9333 -1.0233
v 1.4229 0.8811 -0.8172
v -0.9387 0.8496 -1.0206
v -0.6174 0.7344 -1.0062
v -0.2538 0.6579 -0.9873
v 0.0999 0.6102 -0.9504
v 0.459 0.6255 -0.9243
v 0.8262 0.6678 -0.8784
v 1.1538 0.7524 -0.8361
v -0.2421 4.9401 -0.211501
v -0.2565 4.8672 -0.525601
v -0.2952 4.7376 -0.837001
v -0.3591 4.545 -1.144801
v -0.4329 4.2867 -1.440901
v -0.8145 3.9159 -1.656001
v -0.4518 3.9942 -1.722601
v -0.8019 3.6387 -1.864801
v -0.4644 3.6738 -1.942201
v -0.8568 3.3192 -1.971
v -0.5094 3.2859 -2.0907
v -0.1071 3.2706 -2.16
v -0.0792 3.6909 -1.989001
v -0.0675 4.0275 -1.764901
v -0.0549 4.3155 -1.488601
v -0.0297 4.5594 -1.184401
v 0.0 4.7493 -0.870301
v 0.0 4.878 -0.554401
v 0.0 4.9536 -0.252901
v 0.3303 3.2508 -2.1699
v 0.3348 3.6927 -1.9863
v 0.3303 4.0284 -1.7631
v 0.3195 4.311 -1.493101
v 0.3033 4.5522 -1.186201
v 0.2835 4.7412 -0.866701
v 0.2619 4.8726 -0.552601
v 0.2394 4.95 -0.255601
v -1.1106 3.7413 -1.611901
v -1.0314 3.5856 -1.783801
v -1.1367 3.348 -1.8081
v -1.3302 3.4632 -1.5759
v -2.1042 3.3795 -0.0819
v -2.1537 3.1779 -0.0108
v -2.2158 2.8818 0.0945
v -2.2167 2.4912 0.1503
v -2.1528 2.0862 0.2052
v -2.0223 1.6839 0.2376
v -1.8153 1.3212 0.2763
v -1.5354 1.0071 0.3258
v -1.2042 0.756 0.3816
v -0.8388 0.5724 0.4401
v -0.4464 0.4518 0.477
v -0.0396 0.4023 0.5265
v 0.3726 0.414 0.549
v 0.7749 0.4986 0.5832
v 1.1601 0.6471 0.5913
v 1.5174 0.8658 0.5958
v 1.8288 1.1529 0.5985
v 2.0718 1.4949 0.5994
v 2.2428 1.8837 0.594
v 2.3517 2.2806 0.5544
v 2.3958 2.6694 0.5031
v 2.3805 2.9691 0.3906
v 2.3625 3.1743 0.3132
v 2.3499 3.1644 0.0351
v 2.34 3.276 0.27
v 2.3004 3.3147 0.0495
v -2.0844 3.4803 0.1665
v -2.115 3.312 0.2907
v -2.1474 3.0492 0.5247
v -2.1852 2.6001 0.549
v -2.1438 2.187 0.5787
v -2.0331 1.7811 0.603
v -1.8324 1.4031 0.6318
v -1.5579 1.0872 0.6876
v -1.2285 0.8388 0.7569
v -0.8631 0.657 0.8208
v -0.4716 0.5373 0.8604
v -0.0693 0.4905 0.909
v 0.3384 0.4995 0.9324
v 0.7398 0.5832 0.9621
v 1.125 0.7299 0.9648
v 1.4832 0.9468 0.9567
v 1.791 1.2357 0.9531
v 2.0268 1.5939 0.9621
v 2.1771 1.9881 0.9612
v 2.2608 2.3949 0.9423
v 2.2689 2.8458 0.9153
v 2.3013 3.1086 0.6813
v 2.3076 3.2769 0.5553
v 2.2833 3.3624 0.5193
v -2.0007 3.6495 0.3069
v -2.0241 3.528 0.4752
v -2.0241 3.3966 0.7164
v -1.9647 3.3381 0.9873
v -2.0673 3.0294 0.9207
v -1.8756 3.3156 1.2366
v -1.9602 3.0447 1.2231
v -1.7766 3.3057 1.4355
v -1.8315 3.0672 1.4562
v -2.1024 2.6712 0.9216
v -1.9809 2.7477 1.2456
v -1.8207 2.8224 1.5192
v -2.0781 2.2968 0.9405
v -2.0007 1.8828 0.9207
v -1.8207 1.512 0.9621
v -1.5444 1.2006 1.0404
v -1.2195 0.963 1.1178
v -0.8649 0.7947 1.1898
v -0.486 0.6849 1.2438
v -0.0954 0.639 1.2861
v 0.2979 0.6489 1.3131
v 0.6894 0.7236 1.3275
v 1.0647 0.8577 1.3194
v 1.4193 1.0638 1.3023
v 1.7316 1.3482 1.2762
v 1.9494 1.701 1.2708
v 2.0592 2.106 1.3068
v 2.1204 2.4759 1.2951
v 2.1195 2.8359 1.2915
v 2.0349 3.1536 1.341
v 2.1456 3.2049 1.0854
v 1.9251 3.4227 1.3842
v 2.0232 3.4785 1.1574
v 1.7874 3.6531 1.417499
v 1.8882 3.7107 1.197
v 1.6236 3.852 1.446299
v 1.7325 3.9159 1.224
v 1.4373 4.0212 1.476
v 1.5525 4.0977 1.244699
v 1.2321 4.1697 1.507499
v 1.3464 4.2624 1.259999
v 1.0107 4.2993 1.534499
v 1.1151 4.4145 1.277099
v 0.7866 4.4073 1.554299
v 0.5544 4.4658 1.576799
v 0.6066 4.5981 1.369799
v 0.3087 4.4991 1.588499
v 0.3429 4.6359 1.377899
v 0.0576 4.5171 1.576799
v 0.0828 4.6566 1.365299
v -0.1926 4.5216 1.543499
v -0.1764 4.6602 1.331999
v -0.4347 4.5117 1.489499
v -0.4239 4.6566 1.263599
v -0.6642 4.4739 1.425599
v -0.6759 4.6197 1.169999
v -0.8901 4.3875 1.366199
v -0.9369 4.509 1.095299
v -1.1142 4.2777 1.299599
v -1.1745 4.3785 1.037699
v -1.323 4.1481 1.232099
v -1.3887 4.2336 0.983699
v -1.5156 3.9969 1.169099
v -1.5777 4.0689 0.930599
v -1.6893 3.8133 1.109699
v -1.7451 3.8781 0.875699
v -1.8396 3.5964 1.0512
v -1.8918 3.6585 0.810899
v -1.9107 3.7467 0.5634
v -1.7802 3.9447 0.617399
v -1.6263 4.1274 0.657899
v -1.4472 4.2966 0.693899
v -1.2384 4.455 0.727199
v -0.9774 4.6215 0.756899
v -0.6858 4.7151 0.947699
v -1.9026 3.8358 0.337499
v -1.953 2.4453 1.2816
v -1.7424 2.6235 1.6164
v -1.7964 3.9978 0.361799
v -1.6587 4.167 0.377999
v -1.4985 4.329 0.394199
v -1.7604 3.5505 1.273499
v -1.6704 3.5199 1.448099
v -1.6137 3.7521 1.319399
v -1.5291 3.6981 1.487699
v -1.4373 3.9213 1.3815
v -1.3617 3.8367 1.551599
v -1.2429 4.0527 1.455299
v -1.1781 3.9294 1.636199
v -1.0359 4.1508 1.535399
v -0.9792 3.9798 1.733399
v -0.8298 4.2255 1.603799
v -0.7488 3.9987 1.843199
v -0.6435 4.3146 1.634399
v -0.6201 4.1598 1.788299
v -0.4392 4.3434 1.691999
v -0.4554 4.1328 1.871999
v -0.2097 4.3506 1.744199
v -0.2313 4.1337 1.931399
v 0.0315 4.3443 1.777499
v 0.0 4.1319 1.962899
v 0.2745 4.3281 1.787399
v 0.243 4.1121 1.972799
v 0.5085 4.2993 1.775699
v 0.4725 4.0905 1.954799
v 0.7155 4.2516 1.754099
v 0.6516 4.1013 1.900799
v 0.8955 4.1463 1.756799
v 0.7533 3.9294 1.9755
v 1.1025 4.0518 1.724399
v 0.9972 3.888 1.908899
v 1.3104 3.9348 1.6812
v 1.2042 3.8196 1.8468
v 1.503 3.7854 1.6416
v 1.3905 3.7098 1.794599
v 1.6713 3.6009 1.6101
v 1.5534 3.5559 1.7604
v 1.8036 3.3867 1.588499
v 1.6821 3.366 1.7451
v 1.9026 3.1419 1.5705
v 1.7685 3.1428 1.7487
v 1.9629 2.8638 1.5705
v 1.7973 2.8998 1.7766
v 1.9521 2.5668 1.5939
v 1.7541 2.6577 1.8351
v 1.8909 2.268 1.6209
v 1.6416 2.4678 1.9161
v 1.8063 2.1384 1.7154
v 1.6317 2.3166 1.9224
v 1.8693 1.8153 1.4967
v 1.683 1.4598 1.4877
v 1.3329 1.2042 1.5948
v 0.9729 1.0359 1.6551
v 0.6246 0.9252 1.6713
v 0.2565 0.8613 1.6713
v -0.1188 0.8559 1.6542
v -0.4878 0.8964 1.6047
v -0.8433 0.9927 1.5417
v -1.1718 1.1349 1.4652
v -1.4985 1.3347 1.3446
v -1.8 1.62 1.179
v -1.9521 1.9917 1.1583
v -0.6426 4.797 0.761399
v -0.8343 4.7601 0.572399
v -1.1421 4.6125 0.404999
v -0.9945 4.7232 0.347399
v -1.3194 4.4802 0.407699
v -0.5211 4.878 0.562499
v -0.6822 4.8564 0.398699
v -0.8406 4.8132 0.268199
v -0.5022 4.9185 0.166499
v -0.3807 4.9131 0.419399
v -0.2466 4.9617 0.081899
v -0.2178 4.9464 0.327599
v -0.0144 4.9806 0.027899
v 0.0 4.9671 0.260999
v 0.216 4.9797 0.022499
v 0.2115 4.9707 0.261899
v 0.4446 4.959 0.069299
v 0.4248 4.9437 0.304199
v 0.6606 4.9185 0.162899
v 0.6147 4.9023 0.410399
v 0.8892 4.8546 0.289799
v 0.7524 4.8528 0.532799
v 1.0197 4.7781 0.548999
v 0.8568 4.8051 0.701099
v 1.1295 4.6701 0.745199
v 0.9297 4.7124 0.922499
v 1.2249 4.5198 0.951299
v 0.927 4.6269 1.115099
v -0.7011 4.8726 0.085499
v 0.4788 4.9311 -0.209701
v 0.7029 4.896 -0.127801
v 0.9099 4.8465 -0.043201
v 1.071 4.7979 -0.000001
v 1.0953 4.7907 0.243899
v 1.1808 4.7502 0.015299
v 1.2096 4.734 0.237599
v 2.2833 3.2391 -0.2718
v 2.1618 3.3975 -0.5706
v 2.0025 3.6576 -0.7551
v 1.9728 3.4659 -0.9909
v 1.8135 3.9267 -0.841501
v 1.7505 3.7971 -1.1007
v 1.5939 4.1751 -0.846001
v 1.4229 4.1085 -1.1376
v 1.4022 4.4163 -0.721801
v 1.2204 4.4289 -0.889201
v 1.2375 4.6116 -0.509401
v 1.0764 4.6422 -0.628201
v 1.1277 4.7322 -0.264601
v 0.9747 4.7745 -0.345601
v 2.2266 3.4344 -0.2133
v 2.1195 3.6153 -0.4725
v 1.9854 3.8106 -0.598501
v 1.8369 4.0176 -0.662401
v 1.6956 4.1913 -0.673201
v 1.5147 4.3965 -0.615601
v 1.3176 4.6017 -0.422101
v 1.2204 4.6998 -0.204301
v 1.4706 4.3299 0.966599
v 1.6668 4.1526 0.969299
v 1.8333 3.9681 0.963899
v 1.9746 3.7719 0.950399
v 2.0934 3.5622 0.917099
v 2.1996 3.3336 0.8487
v 2.2176 3.4542 0.6804
v 2.133 3.6495 0.6948
v 2.0403 3.8205 0.701099
v 1.917 4.0014 0.693899
v 1.7721 4.1778 0.683099
v 1.6092 4.3452 0.666899
v 1.4472 4.4928 0.634499
v 1.3239 4.617 0.551699
v 1.1952 4.7205 0.448199
v 2.1933 3.5577 0.5697
v 2.1366 3.7368 0.4716
v 2.0889 3.8322 0.446399
v 1.98 4.005 0.410399
v 1.8585 4.1733 0.387899
v 1.7127 4.338 0.363599
v 1.5984 4.4478 0.351899
v 1.4931 4.5378 0.362699
v 1.3338 4.6485 0.385199
v 0.765 4.8195 -0.434701
v 0.5202 4.8537 -0.508501
v 0.8451 4.6854 -0.736201
v 0.5706 4.7223 -0.819001
v 0.945 4.4847 -1.029601
v 1.0449 4.2183 -1.310401
v 1.0863 3.9231 -1.586701
v 1.4238 3.8124 -1.458001
v 1.1079 3.6009 -1.8027
v 1.422 3.5361 -1.6677
v 1.1421 3.2103 -1.9449
v 1.4652 3.2121 -1.7658
v 0.7596 3.231 -2.0835
v 0.7398 3.6531 -1.917
v 0.63 4.5297 -1.125901
v 0.6867 4.2813 -1.422901
v 0.7209 3.9915 -1.695601
v 1.3878 2.3139 2.1141
v 1.3563 2.3868 2.1303
v 1.1889 2.1924 2.2077
v 1.1133 2.2806 2.2419
v 1.0485 1.8927 2.2311
v 0.9495 1.89 2.2725
v 1.0287 1.6344 2.1366
v 0.9189 1.6101 2.1681
v 1.1385 1.4256 1.9449
v 1.0125 1.3275 1.9251
v 1.4112 1.3779 1.7172
v 1.6479 1.5372 1.611
v 1.7865 1.8225 1.6065
v 0.7794 1.8846 2.3211
v 0.8541 2.2059 2.3535
v 0.5139 1.8702 2.3787
v 0.5517 2.2518 2.4462
v 0.1935 1.8378 2.4111
v 0.1944 2.1852 2.4912
v -0.1395 1.8315 2.4057
v -0.1314 2.1744 2.484
v -0.4671 1.8684 2.3526
v -0.45 2.2149 2.4345
v -0.7722 1.9296 2.2653
v -0.7866 2.313 2.3283
v -1.0215 1.9683 2.1618
v -1.071 2.295 2.1834
v -1.179 1.9881 2.0844
v -1.2987 2.3913 2.0286
v -1.2681 1.9998 2.0259
v -1.3743 2.3103 1.9809
v -1.5075 2.5191 1.8774
v -1.5426 2.4489 1.8549
v -1.7478 2.4723 1.6236
v -1.899 2.3094 1.3878
v -1.8891 1.9917 1.2807
v -1.7802 1.6947 1.3077
v -1.5813 1.5156 1.4526
v -1.3491 1.5399 1.7253
v -1.2312 1.431 1.7271
v -1.2555 1.7397 1.9341
v -1.1565 1.7055 1.9845
v -1.0782 1.3545 1.7874
v -1.0269 1.656 2.0358
v -0.8163 1.2663 1.8684
v -0.4869 1.1871 1.944
v -0.135 1.1421 1.9872
v 0.2223 1.1538 2.0061
v 0.5661 1.2033 1.9908
v 0.8442 1.2663 1.9575
v -0.7803 1.5921 2.1222
v -0.477 1.5282 2.2023
v -0.1422 1.4913 2.2509
v 0.7785 1.5732 2.1951
v 0.5157 1.5318 2.2374
v 0.198 1.4976 2.2617
v 1.6902 3.6117 -1.364401
v 1.8738 3.3156 -1.2924
v 1.7136 3.2166 -1.5552
v 1.6281 3.4632 -1.5489
v 2.2626 3.8601 0.463499
v 2.3157 3.7332 0.5454
v 2.3859 4.0023 0.453599
v 2.4435 3.9096 0.530999
v 2.4939 4.1535 0.445499
v 2.5587 4.0869 0.510299
v 2.5749 4.2984 0.443699
v 2.646 4.2624 0.494099
v 2.6523 4.4784 0.435599
v 2.7144 4.4451 0.475199
v 2.6874 4.6107 0.423899
v 2.7558 4.6179 0.456299
v 2.6829 4.68 0.416699
v 2.7477 4.7205 0.442799
v 2.619 4.7151 0.408599
v 2.6532 4.7781 0.431999
v 2.4777 4.7448 0.395999
v 2.4705 4.8195 0.419399
v 2.2797 4.7466 0.377099
v 2.2644 4.8393 0.408599
v 2.0988 4.7259 0.368999
v 2.0538 4.8366 0.397799
v 1.9026 4.6809 0.361799
v 1.8261 4.8033 0.395999
v 1.7154 4.626 0.368999
v 1.5903 4.7475 0.391499
v 2.4183 3.6018 0.4797
v 2.4705 3.5217 0.2835
v 2.4435 3.573 0.0603
v 2.3958 3.663 -0.1647
v 2.3139 3.8052 -0.368101
v 2.1978 3.9852 -0.511201
v 2.0628 4.1643 -0.582301
v 1.9287 4.356 -0.568801
v 1.7775 4.545 -0.482401
v 1.6461 4.7043 -0.324901
v 1.5525 4.8231 -0.130501
v 1.5156 4.8573 0.069299
v 1.5165 4.8276 0.247499
v 2.5452 3.8196 0.457199
v 2.6145 3.7719 0.2916
v 2.6001 3.8061 0.092699
v 2.5578 3.8763 -0.109801
v 2.4894 3.9915 -0.281701
v 2.3904 4.1463 -0.406801
v 2.2734 4.3146 -0.469801
v 2.151 4.491 -0.459901
v 2.0268 4.6584 -0.382501
v 1.9233 4.7934 -0.248401
v 1.8477 4.8861 -0.081001
v 1.8 4.9185 0.112499
v 1.7937 4.887 0.256499
v 2.6523 4.0248 0.441899
v 2.7198 3.9978 0.309599
v 2.7162 4.0203 0.137699
v 2.6829 4.0734 -0.037801
v 2.6244 4.167 -0.188101
v 2.547 4.293 -0.288001
v 2.448 4.4415 -0.340201
v 2.3436 4.5945 -0.333901
v 2.2446 4.7304 -0.272701
v 2.1618 4.8465 -0.153901
v 2.1033 4.9239 -0.000001
v 2.0592 4.9563 0.158399
v 2.0448 4.9167 0.287099
v 2.7495 4.2264 0.431999
v 2.8098 4.2156 0.323099
v 2.8116 4.2282 0.180899
v 2.7747 4.2642 0.035099
v 2.7252 4.3164 -0.090001
v 2.6712 4.4226 -0.165601
v 2.5956 4.5504 -0.204301
v 2.5029 4.6719 -0.200701
v 2.4201 4.7763 -0.158401
v 2.3787 4.8663 -0.056701
v 2.349 4.9365 0.085499
v 2.3094 4.9644 0.214199
v 2.277 4.9221 0.317699
v 2.1915 3.969 0.413999
v 2.0934 4.1067 0.368999
v 1.989 4.2489 0.340199
v 1.881 4.3875 0.329399
v 1.7874 4.5108 0.335699
v 2.304 4.0986 0.386999
v 2.2194 4.2102 0.340199
v 2.1321 4.3317 0.311399
v 2.0457 4.455 0.302399
v 1.9692 4.5711 0.317699
v 2.4174 4.2246 0.377999
v 2.3454 4.3164 0.332999
v 2.2734 4.4181 0.306899
v 2.2032 4.5252 0.300599
v 2.142 4.6287 0.318599
v 2.5164 4.3425 0.377999
v 2.4651 4.4163 0.339299
v 2.4111 4.5027 0.318599
v 2.3517 4.5882 0.313199
v 2.2986 4.6701 0.328499
v 2.8116 4.4298 0.427499
v 2.8773 4.4289 0.338399
v 2.8791 4.4334 0.224999
v 2.8413 4.4352 0.098099
v 2.79 4.4316 -0.012601
v 2.7801 4.5378 -0.029701
v 2.7351 4.6521 -0.053101
v 2.646 4.743 -0.059401
v 2.5506 4.7979 -0.066601
v 2.5767 4.8564 0.035999
v 2.592 4.9176 0.169199
v 2.5605 4.9383 0.276299
v 2.5029 4.9032 0.357299
v 2.8881 4.6422 0.144899
v 2.8557 4.7502 0.128699
v 2.7711 4.8231 0.117899
v 2.9322 4.6989 0.260099
v 2.9133 4.8015 0.255599
v 2.8305 4.8591 0.236699
v 2.8593 4.6647 0.422999
v 2.9403 4.7223 0.348299
v 2.8422 4.7754 0.416699
v 2.9259 4.8186 0.341999
v 2.5857 4.4433 0.386999
v 2.5749 4.5135 0.366299
v 2.5425 4.5873 0.351899
v 2.4867 4.6485 0.345599
v 2.4219 4.6926 0.348299
v 2.745 4.8429 0.396899
v 2.8431 4.8744 0.325799
v 0.3177 4.2336 1.808999
v 0.3132 4.2669 1.835099
v 0.3861 4.2507 1.920599
v 0.3501 4.2894 1.934099
v 0.414 4.2561 2.046599
v 0.3573 4.3155 2.050199
v 0.4095 4.2579 2.140199
v 0.3186 4.329 2.150099
v 0.3969 4.2444 2.204099
v 0.3465 4.2741 2.231099
v 0.4266 4.1913 2.235599
v 0.3708 4.2156 2.284199
v 0.4383 4.1112 2.2779
v 0.378 4.1463 2.329199
v 0.432 4.0284 2.3283
v 0.3744 4.0833 2.3751
v 0.4059 3.9546 2.385899
v 0.351 4.0257 2.425499
v 0.3582 3.8979 2.451599
v 0.3123 3.9834 2.4786
v 0.2934 3.8637 2.520899
v 0.2637 3.9627 2.538
v 0.2061 3.8538 2.5848
v 0.2007 3.9555 2.5965
v 0.0999 3.8736 2.637
v 0.1224 3.9798 2.642399
v -0.0207 3.9339 2.664899
v 0.0351 4.0392 2.6658
v -0.1413 4.0311 2.658599
v -0.0522 4.1292 2.663099
v -0.2484 4.158 2.617199
v -0.1251 4.248 2.633399
v -0.3276 4.3092 2.5416
v -0.1809 4.3848 2.574
v -0.378 4.473 2.436299
v -0.2043 4.536901 2.484899
v -0.3906 4.6449 2.303999
v -0.1962 4.6944 2.366999
v -0.3843 4.8078 2.144699
v -0.1665 4.8456 2.221199
v -0.3465 4.9608 1.964699
v -0.1179 4.989601 2.049299
v -0.2925 5.0967 1.768499
v -0.0585 5.1183 1.857599
v -0.2322 5.2065 1.560599
v 0.0 5.2245 1.651499
v -0.1629 5.292 1.351799
v 0.0639 5.3055 1.439999
v -0.0954 5.3487 1.148399
v 0.1206 5.3604 1.229399
v -0.027 5.3748 0.957599
v 0.1701 5.3847 1.030499
v 0.0351 5.3694 0.789299
v 0.2115 5.3766 0.845999
v 0.0765 5.3307 0.646199
v 0.2421 5.3298 0.680399
v 0.0657 5.247 0.512099
v 0.2466 5.2407 0.527399
v 0.036 5.1219 0.383399
v 0.2349 5.1147 0.386999
v 0.4617 4.1706 2.156399
v 0.4806 4.0671 2.191499
v 0.4779 3.9636 2.2446
v 0.4536 3.8691 2.312999
v 0.3978 3.7953 2.3913
v 0.3123 3.7494 2.469599
v 0.2043 3.7323 2.538899
v 0.0738 3.7485 2.5929
v -0.072 3.8079 2.619899
v -0.2196 3.9024 2.608199
v -0.351 4.0338 2.5578
v -0.4518 4.1886 2.473199
v -0.5247 4.3569 2.355299
v -0.5634 4.530601 2.211299
v -0.5724 4.7007 2.043899
v -0.5535 4.86 1.857599
v -0.5112 5.0049 1.655999
v -0.4518 5.1237 1.448999
v -0.3825 5.2164 1.245599
v -0.2997 5.2821 1.048499
v -0.207 5.3163 0.869399
v -0.1116 5.3244 0.724499
v -0.0468 5.3109 0.629099
v -0.0945 5.238 0.538199
v -0.1494 5.1102 0.426599
v 0.4608 4.1436 2.044799
v 0.4275 4.1247 1.917899
v 0.3582 4.1049 1.797299
v 0.2943 4.1067 1.709999
v 0.4869 4.0203 2.075399
v 0.4833 3.897 2.1267
v 0.4617 3.7863 2.202299
v 0.405 3.6954 2.288699
v 0.3159 3.636 2.3733
v 0.1953 3.6135 2.449799
v 0.0459 3.6243 2.5074
v -0.1161 3.6774 2.532599
v -0.2736 3.7638 2.5173
v -0.4176 3.888 2.463299
v -0.5382 4.0347 2.369699
v -0.6291 4.194 2.245499
v -0.6876 4.3677 2.096999
v -0.7146 4.5378 1.925999
v -0.7155 4.6944 1.735199
v -0.6867 4.842 1.533599
v -0.6372 4.968 1.330199
v -0.5616 5.0751 1.129499
v -0.4635 5.1588 0.942299
v -0.3492 5.2083 0.768599
v -0.2259 5.2299 0.628199
v 0.2943 4.2786 2.272499
v 0.2682 4.3191 2.218499
v 0.2511 4.2669 2.305799
v 0.2277 4.2939 2.272499
v 0.2187 4.248 2.330099
v 0.2016 4.2534 2.3202
v 0.2178 4.2237 2.353499
v 0.1881 4.2192 2.354399
v 0.216 4.1895 2.378699
v 0.1881 4.203 2.374199
v 0.207 4.1607 2.429099
v 0.1818 4.1994 2.410199
v 0.171 4.1589 2.474099
v 0.162 4.2075 2.458799
v 0.1431 4.1571 2.5254
v 0.1341 4.2147 2.5155
v 0.117 4.1445 2.575799
v 0.0918 4.2129 2.574
v 0.0819 4.1094 2.6271
v 0.0297 4.1895 2.6289
v 0.2619 4.23 2.341799
v 0.3141 4.2273 2.316599
v 0.2655 4.1877 2.377799
v 0.2592 4.1445 2.417399
v 0.2538 4.1013 2.451599
v 0.2133 4.1139 2.466899
v 0.2466 4.0761 2.479499
v 0.2187 4.0806 2.495699
v 0.27 4.0437 2.485799
v 0.2286 4.0419 2.530799
v 0.3195 4.1724 2.3589
v 0.315 4.1202 2.401199
v 0.2988 4.0734 2.4444
v 0.45 3.9843 1.944
v 0.4527 3.8484 1.9998
v 0.4365 3.7251 2.073599
v 0.3834 3.6216 2.1627
v 0.2988 3.5514 2.247299
v 0.1773 3.5172 2.3247
v 0.0297 3.5181 2.382299
v -0.1296 3.5568 2.4102
v -0.2898 3.6351 2.3994
v -0.4392 3.7404 2.3409
v -0.567 3.8655 2.239199
v -0.6678 4.0158 2.1177
v -0.7434 4.1733 1.969199
v -0.7893 4.3371 1.797299
v -0.8046 4.4883 1.610999
v -0.7965 4.6278 1.411199
v -0.7578 4.7619 1.210499
v -0.6831 4.8879 1.016999
v -0.585 4.9905 0.836099
v -0.4563 5.0553 0.658799
v -0.3123 5.0913 0.520199
v -0.7344 4.6728 0.904499
v -0.7929 4.5387 1.093499
v -0.8172 4.4073 1.284299
v -0.8136 4.2687 1.475099
v -0.7866 4.1265 1.662299
v -0.7281 3.9807 1.8261
v -0.6435 3.8421 1.970999
v -0.5382 3.7188 2.096099
v -0.4167 3.6162 2.200499
v -0.2772 3.5289 2.2617
v -0.1278 3.4785 2.2743
v 0.0189 3.4587 2.2428
v 0.1503 3.4686 2.191499
v 0.261 3.5037 2.1222
v 0.3366 3.5811 2.0385
v 0.3744 3.6855 1.9521
v 0.3888 3.8178 1.881899
v 0.3861 3.9618 1.830599
v 0.3231 3.96 1.739699
v 0.3393 3.8097 1.797299
v 0.3393 3.681 1.8729
v 0.2997 3.5829 1.946699
v 0.2583 3.5037 2.016899
v 0.1485 3.4857 2.073599
v 0.0243 3.4632 2.1159
v -0.0927 3.4551 2.1501
v -0.2088 3.4677 2.1465
v -0.3366 3.5352 2.0673
v -0.4446 3.609 1.9512
v -0.5535 3.7071 1.8306
v -0.6372 3.8223 1.6821
v -0.7029 3.9654 1.529099
v -0.7218 4.0761 1.340099
v -0.7434 4.1949 1.175399
v -0.7371 4.3137 0.999899
v -0.6903 4.4496 0.805499
v -0.5868 4.5504 0.611099
v 0.1827 4.1175 2.493
v 0.1935 4.0905 2.5074
v 0.1908 4.0788 2.5335
v 0.1881 4.0329 2.5803
v 0.1764 4.0707 2.564999
v 0.1368 4.0563 2.6127
v 0.1494 4.0968 2.573099
v 0.162 4.1112 2.5317
v 0.4293 5.0895 0.428399
v 0.4248 5.2191 0.570599
v 0.4104 5.3091 0.725399
v 0.3888 5.3541 0.896399
v 0.3645 5.3577 1.087199
v 0.3321 5.3271 1.290599
v 0.2898 5.265 1.503899
v 0.2331 5.1786 1.713599
v 0.1737 5.0697 1.914299
v 0.1098 4.9446 2.099699
v 0.0459 4.8159 2.261699
v 0.0 4.6827 2.394899
v -0.0351 4.5459 2.496599
v -0.0369 4.4127 2.567699
v -0.0117 4.293 2.611799
v 0.0801 4.2984 2.561399
v 0.1395 4.2822 2.501999
v 0.1692 4.2597 2.438999
v 0.1827 4.2372 2.387699
v 0.2052 4.2786 2.356199
v 0.2376 4.3173 2.313899
v 0.2916 4.3506 2.258999
v 0.3654 4.3641 2.179799
v 0.4176 4.3533 2.079899
v 0.4185 4.3137 1.961099
v 0.3726 4.2696 1.849499
v 0.6048 5.0562 0.510299
v 0.7434 5.013 0.629999
v 0.8388 4.9635 0.794699
v 0.8955 4.8924 0.995399
v 0.9009 4.8069 1.201499
v 0.8676 4.6998 1.410299
v 0.8082 4.5873 1.581299
v 0.7164 4.4667 1.720799
v 0.5994 4.3677 1.817099
v 0.4824 4.2957 1.853099
v 0.585 5.184 0.638099
v 0.7047 5.1435 0.733499
v 0.7776 5.1048 0.881999
v 0.8136 5.0526 1.068299
v 0.8199 4.9761 1.275299
v 0.7974 4.8753 1.484099
v 0.7461 4.7565 1.673099
v 0.6696 4.6305 1.829699
v 0.5832 4.4946 1.942199
v 0.5022 4.3731 1.970099
v 0.5616 5.2695 0.771299
v 0.5517 5.3001 0.930599
v 0.5418 5.2911 1.116899
v 0.5238 5.2479 1.321199
v 0.4932 5.1732 1.533599
v 0.4446 5.076 1.740599
v 0.3834 4.959 1.934099
v 0.3123 4.8303 2.112299
v 0.2277 4.7241 2.268899
v 0.1539 4.614301 2.387699
v 0.1053 4.5054 2.473199
v 0.0819 4.3974 2.529899
v 0.6597 5.2236 0.809099
v 0.6822 5.22 0.933299
v 0.6939 5.1876 1.112399
v 0.6912 5.1273 1.317599
v 0.6669 5.0391 1.527299
v 0.6183 4.9302 1.727099
v 0.5553 4.797 1.910699
v 0.4761 4.6377 2.080799
v 0.3573 4.5828 2.246399
v 0.2646 4.5135 2.357099
v 0.1998 4.4352 2.427299
v 0.1602 4.3587 2.4768
v 0.4689 4.4325 2.100599
v 0.3924 4.4397 2.215799
v 0.2988 4.4073 2.310299
v 0.2385 4.3641 2.370599
v 0.1962 4.3137 2.411999
v -0.6354 2.5803 2.4039
v -0.6696 2.8368 2.3436
v -0.7992 2.673 2.3049
v -0.5832 3.0312 2.346299
v -0.5499 3.2382 2.307599
v -0.5733 3.4371 2.2347
v -0.6516 3.609 2.135699
v -0.7758 3.7359 2.018699
v -0.9351 3.807 1.8954
v -1.1133 3.8133 1.779299
v -1.2933 3.7566 1.6803
v -1.4571 3.6405 1.6083
v -1.5885 3.4767 1.5705
v -1.6776 3.2832 1.5696
v -1.7091 3.0753 1.6101
v -1.6857 2.8764 1.6821
v -1.6056 2.7045 1.7802
v -1.4724 2.5767 1.8963
v -1.3095 2.5056 2.0178
v -1.1331 2.4984 2.133
v -0.9576 2.556 2.232
v -1.314 2.5587 2.0376
v -1.4661 2.6253 1.9242
v -1.1493 2.5524 2.1456
v -0.9864 2.6064 2.2374
v -0.8388 2.7144 2.3049
v -0.7182 2.8665 2.3409
v -0.6381 3.0474 2.3436
v -0.6075 3.24 2.307599
v -0.6291 3.4245 2.2401
v -0.7011 3.5838 2.1474
v -0.8172 3.7017 2.0385
v -0.9648 3.7674 1.924199
v -1.1304 3.7737 1.8162
v -1.2978 3.7206 1.724399
v -1.4499 3.6126 1.6578
v -1.5723 3.4614 1.6227
v -1.6524 3.2805 1.6236
v -1.683 3.0879 1.6596
v -1.6614 2.9034 1.7262
v -1.5894 2.7441 1.8171
v -1.5345 2.8233 1.8765
v -1.4364 2.7252 1.9656
v -1.4625 2.9142 1.935
v -1.3887 2.8395 2.0016
v -1.5075 3.015 1.8765
v -1.386 2.9961 1.9773
v -1.5201 3.1311 1.8315
v -1.3761 3.1275 1.953
v -1.5003 3.2535 1.809
v -1.3554 3.2562 1.9296
v -1.4508 3.3678 1.810799
v -1.3239 3.3831 1.9053
v -1.3743 3.4641 1.8333
v -1.2771 3.5325 1.874699
v -1.4184 3.546 1.7442
v -1.2915 3.636 1.7991
v -1.3104 2.6703 2.0592
v -1.1727 2.6649 2.1483
v -1.0368 2.709 2.2257
v -0.9117 2.799 2.2824
v -0.81 2.9259 2.313
v -0.7434 3.0762 2.313
v -0.7173 3.2355 2.283299
v -0.7362 3.3894 2.2275
v -0.7965 3.5217 2.150999
v -0.8919 3.6207 2.0601
v -1.0152 3.6747 1.9656
v -1.1529 3.6801 1.874699
v -1.5201 3.42 1.7145
v -1.5948 2.9565 1.8009
v -1.6128 3.1095 1.7442
v -1.5867 3.2697 1.7145
v -1.17 3.5658 1.931399
v -1.0656 3.5613 1.9998
v -0.9729 3.5208 2.073599
v -0.9 3.4461 2.1429
v -0.8541 3.3453 2.2014
v -0.8397 3.2274 2.2419
v -0.8586 3.1059 2.2644
v -0.9108 2.9916 2.2662
v -0.9882 2.8962 2.2437
v -1.0845 2.8278 2.1996
v -1.1889 2.7927 2.1393
v -1.2933 2.7972 2.0718
v -1.2798 2.9844 2.0565
v -1.1691 2.9799 2.1285
v -1.053 2.9835 2.1951
v -1.2609 3.1221 2.034
v -1.1475 3.1176 2.1087
v -1.0278 3.114 2.1816
v -1.2141 3.3894 1.9818
v -1.1034 3.3849 2.0538
v -0.99 3.3705 2.1231
v -1.2402 3.2535 2.0097
v -1.1268 3.2499 2.0844
v -1.0071 3.2427 2.1573
v 0.6012 2.6082 2.4282
v 0.4824 2.7837 2.4453
v 0.4149 2.5317 2.4966
v 0.7578 2.4777 2.3841
v 0.9423 2.403 2.3166
v 1.1358 2.3931 2.2338
v 1.3239 2.448 2.1429
v 1.4859 2.5623 2.0538
v 1.5975 2.7252 1.9719
v 1.6515 2.9205 1.9071
v 1.647 3.1302 1.8639
v 1.5768 3.3309 1.850399
v 1.4562 3.5055 1.8657
v 1.2942 3.6369 1.9089
v 1.1052 3.7116 1.9755
v 0.9099 3.7215 2.059199
v 0.7254 3.6666 2.150999
v 0.5715 3.5523 2.2437
v 0.4617 3.3894 2.3265
v 0.4077 3.1941 2.3922
v 0.4149 2.9853 2.4345
v 1.3167 2.4966 2.1708
v 1.1421 2.4462 2.2554
v 1.467 2.6028 2.0871
v 1.5687 2.754 2.0115
v 1.6191 2.9358 1.9512
v 1.6119 3.1302 1.9125
v 1.5498 3.3174 1.899
v 1.4373 3.4803 1.913399
v 1.287 3.6018 1.952999
v 1.1115 3.6711 2.0142
v 0.9297 3.6801 2.0925
v 0.7587 3.6297 2.178
v 0.6156 3.5235 2.2635
v 0.5139 3.3723 2.3409
v 0.4635 3.1905 2.4021
v 0.4707 2.9961 2.441699
v 0.5328 2.8089 2.4516
v 0.6444 2.646 2.4354
v 0.7902 2.5245 2.394
v 0.9612 2.4552 2.3319
v 1.4103 2.6883 2.1366
v 1.2897 2.5992 2.2068
v 1.1448 2.5569 2.2761
v 0.9936 2.565 2.34
v 0.8505 2.6226 2.3922
v 0.7272 2.7234 2.4273
v 0.6336 2.8593 2.4408
v 0.5814 3.015 2.4309
v 0.576 3.1761 2.3976
v 0.6183 3.3273 2.3472
v 0.7029 3.4533 2.283299
v 0.8217 3.5415 2.2122
v 0.9639 3.5838 2.1402
v 1.1151 3.5757 2.0754
v 1.26 3.5181 2.024999
v 1.386 3.4173 1.9917
v 1.4787 3.2823 1.98
v 1.5309 3.1257 1.9908
v 1.5363 2.9646 2.0232
v 1.4949 2.8143 2.0736
v 0.7344 3.2715 2.3418
v 0.7992 3.3678 2.293199
v 0.702 3.1563 2.378699
v 0.7056 3.0339 2.403
v 0.7461 2.9151 2.4129
v 0.8181 2.8125 2.4039
v 0.9126 2.7351 2.3769
v 1.0233 2.691 2.3355
v 1.1376 2.6847 2.2869
v 1.2465 2.718 2.2347
v 1.3374 2.7855 2.1825
v 1.4013 2.8809 2.1339
v 1.4328 2.9952 2.0934
v 1.4283 3.1185 2.0682
v 1.3896 3.2373 2.0619
v 1.3194 3.3399 2.071799
v 1.2231 3.4173 2.096099
v 1.1115 3.4605 2.133
v 0.9963 3.4668 2.1825
v 0.8892 3.4344 2.238299
v 1.2636 2.8737 2.2113
v 1.2699 3.0051 2.187
v 1.2654 3.1347 2.1609
v 1.2501 3.2652 2.133
v 1.1439 2.8728 2.2707
v 1.1421 3.0114 2.2473
v 1.1376 3.1446 2.2203
v 1.1304 3.2814 2.1888
v 0.8838 3.2841 2.2887
v 0.882 3.1554 2.3247
v 0.8865 3.0258 2.3508
v 0.8973 2.8935 2.367
v 1.0089 3.2877 2.241
v 1.0134 3.1509 2.2734
v 1.0179 3.0177 2.3004
v 1.0224 2.8791 2.3229
v -0.3897 2.5182 2.4759
v -0.1188 2.484 2.5119
v 0.1548 2.493 2.5236
v -1.9314 2.2023 1.557
v -1.8468 2.3382 1.7055
v -1.9521 1.9845 1.4976
v -1.9098 1.7694 1.5372
v -1.8036 1.6218 1.6632
v -1.6731 1.6416 1.8531
v -1.5696 1.7739 2.0106
v -1.5471 1.9917 2.0772
v -1.6029 2.2059 2.0313
v -1.7181 2.3436 1.899
v -1.9953 2.2905 1.8045
v -1.9053 2.295 1.9665
v -1.827 2.1843 2.0988
v -1.7991 2.0052 2.1528
v -1.8297 1.8243 2.0988
v -1.9008 1.7154 1.9701
v -1.989 1.7028 1.8054
v -2.0628 1.8099 1.6866
v -2.0943 1.9962 1.6434
v -2.0619 2.1762 1.6866
v -2.1807 2.1708 1.8045
v -2.1258 2.2545 1.8873
v -2.2131 2.0376 1.782
v -2.196 1.8981 1.827
v -2.1483 1.8225 1.9206
v -2.0898 1.8315 2.0412
v -2.043 1.917 2.1348
v -2.0178 2.052 2.1609
v -2.0205 2.1789 2.1132
v -2.0628 2.259 2.0097
v -2.2032 2.1987 1.9602
v -2.1645 2.1996 2.0367
v -2.1348 2.151 2.1078
v -2.1339 2.0673 2.1357
v -2.1492 1.9809 2.1177
v -2.1834 1.9314 2.0592
v -2.2212 1.9233 1.9836
v -2.2509 1.9719 1.9233
v -2.2599 2.0583 1.89
v -2.241 2.142 1.9062
v -1.5804 2.3661 1.6281
v -1.6983 2.2392 1.4445
v -1.4211 2.3481 1.8081
v -1.2906 2.2401 1.9062
v -1.2078 1.998 1.9413
v -1.1979 1.7964 1.8702
v -1.2708 1.6407 1.7073
v -1.4517 1.6218 1.4949
v -1.6056 1.7613 1.3824
v -1.6911 1.9926 1.3617
v -2.2707 2.0673 1.971
v -2.2635 2.1087 1.9854
v -2.2671 2.0286 1.9935
v -2.2482 1.9926 2.0187
v -2.232 2.0061 2.0574
v -2.205 2.0205 2.0934
v -2.2086 2.0745 2.0943
v -2.1996 2.1231 2.0862
v -2.2257 2.1375 2.0475
v -2.241 2.1447 2.0052
v -2.2545 2.0745 2.0421
v 1.8018 2.0277 1.8909
v 1.7055 2.1717 2.025
v 1.9053 1.9845 2.0448
v 1.8306 2.1042 2.1519
v 1.9989 1.9584 2.1861
v 1.9404 2.0475 2.2608
v 2.0349 1.9188 2.2959
v 1.9944 1.9791 2.3445
v 1.8099 1.809 1.8315
v 1.9242 1.8018 2.0034
v 2.0187 1.8225 2.1636
v 2.0457 1.8342 2.2797
v 1.7397 1.5993 1.8594
v 1.8639 1.6191 2.0331
v 1.9764 1.6857 2.1996
v 2.0196 1.7496 2.3076
v 1.5975 1.4625 1.9611
v 1.7577 1.5201 2.1339
v 1.9017 1.6155 2.2788
v 1.9728 1.7037 2.358
v 1.5462 2.1906 2.1924
v 1.7136 2.1168 2.295
v 1.8558 2.0574 2.3688
v 1.9422 1.9845 2.4129
v 1.395 2.0637 2.2995
v 1.6002 2.0151 2.4075
v 1.7847 1.9809 2.4597
v 1.8945 1.9377 2.4741
v 1.3104 1.8567 2.3301
v 1.5426 1.8396 2.4498
v 1.7577 1.8549 2.4993
v 1.8765 1.8549 2.4975
v 1.3212 1.6371 2.2635
v 1.5615 1.656 2.3967
v 1.7712 1.7181 2.4732
v 1.8846 1.7676 2.4795
v 1.4373 1.4949 2.124
v 1.6434 1.5417 2.2797
v 1.8234 1.629 2.3868
v 1.9233 1.7145 2.4264
v 1.9485 1.8 2.4678
v 1.98 1.7829 2.4372
v 1.9584 1.8522 2.4714
v 2.0133 1.8486 2.4291
v 1.9575 1.9017 2.4642
v 1.9917 1.9143 2.4309
v 2.0007 1.7685 2.4012
v 2.0286 1.8018 2.3814
v 2.0367 1.8819 2.3769
v 2.0421 1.8405 2.3616
v 2.016 1.9206 2.3931
v 1.4724 2.0817 1.5021
v 1.3311 2.2257 1.6695
v 1.4571 1.827 1.4139
v 1.3446 1.5975 1.4175
v 1.1538 1.4688 1.503
v 0.9333 1.5075 1.6875
v 0.8451 1.6758 1.8414
v 0.8613 1.8837 1.9179
v 0.9738 2.1249 1.899
v 1.1349 2.2239 1.8234
v -1.5354 0.0 1.3572
v -1.5597 0.0 1.2762
v -1.4733 0.0 1.3239
v -1.6065 0.0 1.3329
v -1.6524 0.0 1.233
v -1.6839 0.0 1.3014
v -1.746 0.0 1.1907
v -1.7586 0.0 1.2645
v -1.8396 0.0 1.1574
v -1.8234 0.0 1.2267
v -1.4877 0.0 1.1871
v -1.3698 0.0099 1.251
v -1.6065 0.0 1.1313
v -1.7262 0.0 1.0782
v -1.8522 0.0 1.0314
v -1.4013 0.0 1.0566
v -1.2573 0.0 1.1313
v -1.5453 0.0 0.9891
v -1.6902 0.0 0.9252
v -1.8405 0.0 0.8667
v -1.3032 0.0 0.8856
v -1.1394 0.0 0.9675
v -1.467 0.0 0.8091
v -1.6326 0.0 0.7371
v -1.8027 0.009 0.6687
v -1.2006 0.009 0.6876
v -1.0224 0.0 0.774
v -1.3788 0.0162 0.6066
v -1.557 0.0234 0.5274
v -1.7406 0.0306 0.4518
v -1.0935 0.0387 0.4608
v -0.9036 0.0225 0.5481
v -1.2825 0.0549 0.3771
v -1.4724 0.0711 0.2934
v -1.665 0.0873 0.2115
v -0.9864 0.0855 0.234
v -0.7884 0.0648 0.3213
v -1.1817 0.1062 0.1485
v -1.3761 0.126 0.063
v -1.5741 0.1467 -0.0234
v -0.6876 0.1161 0.0927
v -0.8856 0.1377 0.009
v -0.603 0.1647 -0.1314
v -0.7947 0.1863 -0.2088
v -0.5409 0.2106 -0.3429
v -0.7191 0.2295 -0.4113
v -0.5076 0.2529 -0.5373
v -0.6633 0.2682 -0.5922
v -0.5004 0.2889 -0.7029
v -0.6273 0.3006 -0.7443
v -0.5166 0.3186 -0.8334
v -0.6066 0.3258 -0.8595
v -0.5319 0.3339 -0.9018
v -0.5931 0.342 -0.9351
v -1.08 0.1602 -0.0756
v -0.9819 0.2079 -0.2889
v -0.891 0.2493 -0.4842
v -0.8127 0.2853 -0.6552
v -0.7488 0.3141 -0.7938
v -0.7011 0.3366 -0.8973
v -0.6678 0.351 -0.9693
v -1.2735 0.1827 -0.1611
v -1.1673 0.2295 -0.3717
v -1.062 0.27 -0.5616
v -0.9594 0.3033 -0.7227
v -0.8667 0.3294 -0.8487
v -0.7929 0.3474 -0.9396
v -0.7434 0.36 -0.9999
v -1.4688 0.2052 -0.2493
v -1.3545 0.2529 -0.459
v -1.2321 0.2916 -0.6453
v -1.1052 0.3231 -0.7983
v -0.9828 0.3456 -0.9135
v -0.8721 0.36 -0.9882
v -0.8091 0.3663 -1.0233
v 1.4751 0.0 1.3662
v 1.5057 0.0 1.287
v 1.548 0.0 1.3482
v 1.4157 0.0 1.3275
v 1.4427 0.0 1.1925
v 1.3185 0.0 1.2456
v 1.3671 0.0 1.0548
v 1.2168 0.0 1.1169
v 1.2834 0.0 0.8766
v 1.1124 0.0 0.945
v 1.1979 0.0099 0.6714
v 1.0125 0.0 0.7416
v 1.1097 0.0414 0.4383
v 0.9126 0.0279 0.5085
v 1.0233 0.0873 0.2034
v 0.8181 0.0711 0.2736
v 0.9423 0.1386 -0.0297
v 0.738 0.1215 0.036
v 0.8712 0.1863 -0.2547
v 0.6732 0.1692 -0.1944
v 0.8145 0.2277 -0.4644
v 0.6309 0.2133 -0.4113
v 0.7749 0.2655 -0.6498
v 0.6147 0.2538 -0.6084
v 0.7533 0.297 -0.8046
v 0.6228 0.288 -0.774
v 0.7425 0.3204 -0.9216
v 0.6507 0.315 -0.9027
v 0.7362 0.3366 -0.9972
v 0.6723 0.3294 -0.9702
v 1.6029 0.0 1.2528
v 1.6272 0.0 1.323
v 1.5651 0.0 1.1475
v 1.5156 0.0 1.0008
v 1.4535 0.0 0.8154
v 1.3824 0.0162 0.6066
v 1.3059 0.054 0.3708
v 1.2249 0.1035 0.135
v 1.1439 0.1566 -0.0972
v 1.0647 0.2025 -0.3186
v 0.9927 0.243 -0.522
v 0.9297 0.279 -0.6993
v 0.8784 0.3069 -0.8433
v 0.8397 0.3285 -0.9504
v 0.8136 0.3438 -1.026
v 1.6992 0.0 1.2195
v 1.7055 0.0 1.2933
v 1.6893 0.0 1.1052
v 1.6659 0.0 0.9495
v 1.6245 0.0 0.7578
v 1.5678 0.0225 0.5436
v 1.5021 0.0675 0.3042
v 1.4265 0.1197 0.0666
v 1.3446 0.1737 -0.1665
v 1.2573 0.2205 -0.3852
v 1.1691 0.2601 -0.5841
v 1.0827 0.2934 -0.7542
v 1.0008 0.3195 -0.8883
v 0.9351 0.3375 -0.9855
v 0.8919 0.3501 -1.0494
v 1.7946 0.0 1.1943
v 1.773 0.0 1.2609
v 1.8189 0.0 1.0692
v 1.8216 0.0 0.9045
v 1.8009 0.0 0.7047
v 1.7568 0.0279 0.4833
v 1.7019 0.0801 0.2385
v 1.6317 0.1368 -0.0
v 1.5471 0.1926 -0.2376
v 1.4517 0.2394 -0.4572
v 1.3473 0.2772 -0.6534
v 1.2348 0.3096 -0.8181
v 1.1223 0.333 -0.9432
v 1.0188 0.3483 -1.0269
v 0.9594 0.3555 -1.0674
v -0.7173 0.0963 0.3609
v -0.837 0.0549 0.594
v -0.6111 0.1485 0.1242
v -0.5238 0.1998 -0.1089
v -0.4626 0.2475 -0.3321
v -0.4338 0.2925 -0.5373
v -0.4374 0.333 -0.7164
v -0.4716 0.3645 -0.8523
v -0.5139 0.3852 -0.9378
v -0.5706 0.396 -0.99
v -0.6363 0.4041 -1.026
v -0.7074 0.4113 -1.0494
v -0.7848 0.4167 -1.0548
v -0.8784 0.4122 -1.0305
v -1.0062 0.3996 -0.9657
v -1.1457 0.3762 -0.8487
v -1.2852 0.3438 -0.6912
v -1.4157 0.3042 -0.4986
v -1.5363 0.2547 -0.2808
v -1.6452 0.1935 -0.0468
v -1.7379 0.1314 0.1962
v -1.8153 0.0711 0.4419
v -1.8783 0.0495 0.6678
v -1.9107 0.0423 0.8649
v -1.9152 0.0432 1.0422
v -1.8864 0.0441 1.1763
v -1.8423 0.0423 1.2735
v -1.7829 0.0405 1.3293
v -1.7145 0.0405 1.3689
v -1.6398 0.0423 1.3941
v -1.5597 0.045 1.4022
v -1.4571 0.0495 1.3716
v -1.3374 0.0495 1.305
v -1.2105 0.0414 1.1826
v -1.0881 0.0333 1.0242
v -0.963 0.0378 0.8244
v -0.6867 0.1647 0.387
v -0.81 0.1224 0.6228
v -0.5778 0.2169 0.1467
v -0.4887 0.2682 -0.09
v -0.4293 0.3177 -0.3177
v -0.4032 0.3627 -0.5274
v -0.4131 0.4032 -0.711
v -0.4545 0.4347 -0.8487
v -0.5004 0.4554 -0.9414
v -0.5562 0.4698 -1.0017
v -0.621 0.4797 -1.0404
v -0.6948 0.486 -1.062
v -0.7767 0.4878 -1.0629
v -0.8784 0.4842 -1.035
v -1.0125 0.4734 -0.9738
v -1.1592 0.4518 -0.8586
v -1.3041 0.4203 -0.7002
v -1.4391 0.3798 -0.5058
v -1.5615 0.3294 -0.2844
v -1.6722 0.2673 -0.0459
v -1.7676 0.2034 0.1998
v -1.8459 0.1431 0.4455
v -1.908 0.1206 0.6741
v -1.9386 0.1125 0.8766
v -1.9386 0.1152 1.0548
v -1.9026 0.1152 1.1952
v -1.8567 0.1152 1.2969
v -1.7991 0.1152 1.3599
v -1.7307 0.1161 1.4022
v -1.6542 0.117 1.4256
v -1.5687 0.1179 1.4274
v -1.4625 0.1197 1.3941
v -1.3329 0.1224 1.3311
v -1.2006 0.1116 1.2114
v -1.071 0.1035 1.0512
v -0.9405 0.1071 0.8514
v -0.7128 0.3528 0.4113
v -0.8379 0.3069 0.6417
v -0.6021 0.4023 0.1719
v -0.5112 0.4428 -0.0684
v -0.4491 0.4725 -0.3006
v -0.4194 0.4923 -0.5166
v -0.4257 0.5013 -0.7065
v -0.4662 0.5112 -0.8451
v -0.504 0.5157 -0.936
v -0.5553 0.5274 -0.9918
v -0.6192 0.5373 -1.0305
v -0.6903 0.5418 -1.0521
v -0.7668 0.5454 -1.0521
v -0.8595 0.5571 -1.0179
v -0.9882 0.567 -0.9522
v -1.1322 0.576 -0.828
v -1.2735 0.5688 -0.6606
v -1.4067 0.5481 -0.4599
v -1.5282 0.5085 -0.234
v -1.6398 0.45 -0.0
v -1.737 0.3834 0.2448
v -1.8207 0.3141 0.4761
v -1.8855 0.2736 0.6993
v -1.9215 0.2403 0.9036
v -1.9269 0.2115 1.0791
v -1.8891 0.1899 1.2141
v -1.8504 0.1746 1.3032
v -1.7973 0.1737 1.3599
v -1.7307 0.1746 1.4004
v -1.656 0.1746 1.4238
v -1.5777 0.1773 1.4256
v -1.4868 0.1944 1.3959
v -1.3617 0.2178 1.3365
v -1.2321 0.2394 1.2168
v -1.0989 0.2574 1.0539
v -0.9684 0.2799 0.8586
v -1.5291 0.5958 0.0819
v -1.6299 0.5346 0.3177
v -1.3617 0.6822 0.1755
v -1.4706 0.6264 0.405
v -1.1709 0.6984 0.2655
v -1.2834 0.6471 0.4932
v -0.981 0.6417 0.342
v -1.098 0.5949 0.5697
v -0.8172 0.5211 0.3951
v -0.9414 0.4761 0.6219
v -1.7208 0.4671 0.5346
v -1.5714 0.5652 0.6111
v -1.395 0.5949 0.693
v -1.2177 0.5508 0.7695
v -1.0683 0.441 0.8271
v -1.7946 0.4185 0.7488
v -1.656 0.513 0.8163
v -1.494 0.5436 0.8919
v -1.3302 0.5058 0.9639
v -1.1916 0.4059 1.0206
v -1.8423 0.3672 0.9432
v -1.7217 0.4518 0.9999
v -1.5795 0.4815 1.0656
v -1.4364 0.4518 1.1295
v -1.314 0.3672 1.1826
v -1.8612 0.3123 1.1097
v -1.7631 0.3798 1.1547
v -1.6461 0.4041 1.2087
v -1.5291 0.3825 1.2618
v -1.4292 0.3177 1.3068
v -1.845 0.2583 1.2294
v -1.7775 0.3051 1.2681
v -1.6902 0.3195 1.3086
v -1.6029 0.3069 1.3473
v -1.5282 0.2619 1.3734
v -1.8315 0.2241 1.296
v -1.7847 0.2358 1.332
v -1.7163 0.2421 1.3671
v -1.6434 0.2376 1.395
v -1.5858 0.2259 1.4067
v -1.4166 0.6498 -0.153
v -1.2987 0.6822 -0.3816
v -1.1736 0.6939 -0.5886
v -1.0458 0.6858 -0.765
v -0.9207 0.657 -0.9009
v -0.8181 0.6165 -0.9828
v -0.7587 0.5895 -1.0251
v -0.7029 0.5976 -1.0125
v -0.6327 0.5958 -0.9846
v -0.5661 0.5823 -0.9513
v -0.5211 0.5625 -0.9189
v -0.5076 0.5805 -0.846
v -0.4896 0.6066 -0.7128
v -0.5004 0.621 -0.5265
v -0.5427 0.6201 -0.3123
v -0.6129 0.6021 -0.0819
v -0.7074 0.5688 0.1575
v -1.2519 0.7326 -0.0603
v -1.1394 0.7587 -0.2916
v -1.0269 0.7632 -0.5058
v -0.9198 0.7443 -0.693
v -0.8208 0.7038 -0.8442
v -0.7461 0.648 -0.9459
v -1.0593 0.7452 0.0315
v -0.9531 0.7704 -0.2034
v -0.8559 0.774 -0.4248
v -0.7713 0.7524 -0.6228
v -0.7047 0.7092 -0.7875
v -0.6597 0.6525 -0.9063
v -0.8685 0.6885 0.108
v -0.7686 0.7155 -0.1296
v -0.6858 0.7236 -0.3564
v -0.6246 0.7092 -0.5643
v -0.5877 0.6759 -0.7425
v -0.5751 0.6291 -0.8703
v 0.8433 0.0612 0.549
v 0.7434 0.1044 0.306
v 0.9495 0.0396 0.7875
v 1.0575 0.0324 0.9972
v 1.1655 0.0369 1.1646
v 1.2816 0.0423 1.2969
v 1.395 0.0414 1.3743
v 1.4949 0.0378 1.413
v 1.575 0.0351 1.413
v 1.6524 0.0342 1.3941
v 1.7235 0.0342 1.3608
v 1.7874 0.0369 1.3104
v 1.8405 0.0405 1.2177
v 1.881 0.0405 1.0863
v 1.8918 0.0414 0.9099
v 1.8756 0.0486 0.711
v 1.8324 0.0693 0.4806
v 1.7766 0.1233 0.2295
v 1.7046 0.1818 -0.0207
v 1.6173 0.2403 -0.2637
v 1.5174 0.2889 -0.4914
v 1.404 0.3285 -0.6957
v 1.2807 0.3609 -0.8649
v 1.1511 0.3852 -0.9927
v 1.0296 0.3996 -1.0692
v 0.9387 0.405 -1.1016
v 0.8613 0.4014 -1.1025
v 0.7884 0.3969 -1.0863
v 0.72 0.3897 -1.0557
v 0.6588 0.3807 -1.008
v 0.6084 0.3627 -0.9261
v 0.5616 0.3321 -0.7938
v 0.5427 0.2943 -0.6147
v 0.5526 0.252 -0.4068
v 0.5931 0.2061 -0.1791
v 0.6597 0.1557 0.0612
v 0.8145 0.1296 0.5742
v 0.7119 0.1728 0.3285
v 0.9243 0.1089 0.8127
v 1.0377 0.1017 1.0224
v 1.1529 0.1071 1.1925
v 1.2753 0.1143 1.323
v 1.3977 0.1125 1.3977
v 1.5012 0.1098 1.44
v 1.5867 0.1089 1.4454
v 1.6641 0.1089 1.4292
v 1.7361 0.1089 1.3932
v 1.8 0.1089 1.3356
v 1.854 0.1107 1.2384
v 1.9026 0.1116 1.1016
v 1.9179 0.1116 0.9243
v 1.9044 0.1188 0.72
v 1.8639 0.1404 0.4869
v 1.8063 0.1953 0.2349
v 1.7334 0.2547 -0.018
v 1.6452 0.3141 -0.2655
v 1.5426 0.3636 -0.4977
v 1.4256 0.4041 -0.7029
v 1.296 0.4365 -0.8739
v 1.1592 0.459 -1.0017
v 1.0323 0.4716 -1.0746
v 0.9333 0.477 -1.1106
v 0.8505 0.4761 -1.1178
v 0.7758 0.4716 -1.1025
v 0.7074 0.4635 -1.0692
v 0.6462 0.4509 -1.0134
v 0.5922 0.432 -0.9252
v 0.5382 0.4041 -0.7911
v 0.513 0.3654 -0.6084
v 0.5193 0.3222 -0.3969
v 0.558 0.2754 -0.1647
v 0.6255 0.225 0.0801
v 0.8424 0.3141 0.5949
v 0.7389 0.3618 0.3528
v 0.9531 0.2817 0.8226
v 1.0656 0.2556 1.0287
v 1.1835 0.2349 1.2024
v 1.3023 0.2106 1.3329
v 1.422 0.1863 1.4022
v 1.5102 0.1692 1.44
v 1.5876 0.1674 1.4445
v 1.6641 0.1674 1.4283
v 1.7343 0.1674 1.3941
v 1.7928 0.1683 1.3419
v 1.8387 0.1854 1.2564
v 1.8882 0.2079 1.1259
v 1.899 0.2385 0.9513
v 1.881 0.2718 0.7443
v 1.8369 0.3114 0.5157
v 1.7748 0.3762 0.2763
v 1.7001 0.4383 0.027
v 1.611 0.495 -0.2205
v 1.5093 0.5328 -0.4563
v 1.395 0.5544 -0.6687
v 1.2681 0.5616 -0.8469
v 1.1358 0.5535 -0.9837
v 1.0125 0.5445 -1.0602
v 0.9234 0.5346 -1.1016
v 0.8478 0.5328 -1.1079
v 0.774 0.5292 -1.0926
v 0.7074 0.5211 -1.0602
v 0.6507 0.5112 -1.0089
v 0.6048 0.5085 -0.9207
v 0.5526 0.5013 -0.7866
v 0.5301 0.495 -0.5976
v 0.5409 0.477 -0.3798
v 0.5823 0.4491 -0.1422
v 0.6507 0.4104 0.1044
v 1.5858 0.5868 0.0936
v 1.6632 0.5292 0.3384
v 1.7325 0.4662 0.5661
v 1.7856 0.4167 0.7866
v 1.8153 0.3654 0.9846
v 1.8198 0.3087 1.152
v 1.7937 0.2529 1.269
v 1.7739 0.2178 1.3338
v 1.7244 0.2295 1.3653
v 1.6533 0.2349 1.395
v 1.5777 0.2304 1.4157
v 1.5201 0.2187 1.422
v 1.4652 0.2538 1.3842
v 1.3716 0.3105 1.3095
v 1.2681 0.3627 1.1772
v 1.161 0.405 1.0044
v 1.0566 0.4428 0.8001
v 0.9495 0.4815 0.5823
v 0.8478 0.5274 0.3447
v 0.7605 0.5742 0.0972
v 0.6876 0.6066 -0.1485
v 0.6381 0.6228 -0.3852
v 0.6147 0.6228 -0.6021
v 0.6192 0.6057 -0.7884
v 0.648 0.5778 -0.9189
v 0.6669 0.558 -0.9909
v 0.7155 0.576 -1.0197
v 0.7848 0.5886 -1.0476
v 0.8568 0.5886 -1.0683
v 0.9144 0.5787 -1.0764
v 0.9693 0.6057 -1.0296
v 1.0656 0.6453 -0.9396
v 1.1799 0.6732 -0.7929
v 1.2915 0.6813 -0.6066
v 1.3977 0.6705 -0.3888
v 1.4949 0.639 -0.1512
v 1.7217 0.2997 1.3023
v 1.7181 0.3753 1.1889
v 1.6902 0.4491 1.0314
v 1.6425 0.5112 0.8424
v 1.5768 0.5643 0.6291
v 1.4985 0.6237 0.4113
v 1.4121 0.6768 0.171
v 1.3248 0.7254 -0.0738
v 1.233 0.7515 -0.3141
v 1.1403 0.7551 -0.5382
v 1.0485 0.7353 -0.7335
v 0.9621 0.6948 -0.8919
v 0.8955 0.639 -0.999
v 1.6326 0.3132 1.3347
v 1.5966 0.3987 1.2321
v 1.5426 0.4779 1.0845
v 1.4733 0.5427 0.9036
v 1.3941 0.5949 0.6957
v 1.305 0.648 0.4833
v 1.215 0.6975 0.2448
v 1.125 0.7434 -0.0
v 1.0404 0.7677 -0.2421
v 0.9621 0.7695 -0.4716
v 0.8955 0.747 -0.6759
v 0.8415 0.7029 -0.846
v 0.8064 0.6453 -0.9666
v 1.5417 0.2997 1.3653
v 1.4751 0.3762 1.2744
v 1.3941 0.4473 1.1358
v 1.305 0.5049 0.9603
v 1.2114 0.5526 0.756
v 1.1124 0.5985 0.5436
v 1.0179 0.6453 0.3051
v 0.927 0.6903 0.0612
v 0.8487 0.7164 -0.1845
v 0.7866 0.7227 -0.4185
v 0.7425 0.7074 -0.63
v 0.7209 0.6723 -0.81
v 0.7191 0.6237 -0.9378

# 11994 Texture Coordinates
vt 0.9683 0.1191
vt 0.939 0.1123
vt 0.9517 0.1309
vt 0.9526 0.0991
vt 0.939 0.1123
vt 0.9683 0.1191
vt 0.9526 0.0991
vt 0.9233 0.0972
vt 0.939 0.1123
vt 0.9331 0.0825
vt 0.9233 0.0972
vt 0.9526 0.0991
vt 0.9331 0.0825
vt 0.9048 0.0859
vt 0.9233 0.0972
vt 0.9116 0.0698
vt 0.9048 0.0859
vt 0.9331 0.0825
vt 0.9116 0.0698
vt 0.8848 0.0791
vt 0.9048 0.0859
vt 0.8882 0.0605
vt 0.8848 0.0791
vt 0.9116 0.0698
vt 0.8882 0.0605
vt 0.8638 0.0762
vt 0.8848 0.0791
vt 0.8638 0.0591
vt 0.8638 0.0762
vt 0.8882 0.0605
vt 0.8638 0.0591
vt 0.8438 0.0771
vt 0.8638 0.0762
vt 0.8413 0.0605
vt 0.8438 0.0771
vt 0.8638 0.0591
vt 0.8413 0.0605
vt 0.8237 0.0825
vt 0.8438 0.0771
vt 0.8179 0.0654
vt 0.8237 0.0825
vt 0.8413 0.0605
vt 0.8179 0.0654
vt 0.8047 0.0908
vt 0.8237 0.0825
vt 0.7954 0.0752
vt 0.8047 0.0908
vt 0.8179 0.0654
vt 0.7954 0.0752
vt 0.7876 0.1025
vt 0.8047 0.0908
vt 0.7764 0.0869
vt 0.7876 0.1025
vt 0.7954 0.0752
vt 0.7764 0.0869
vt 0.771 0.1182
vt 0.7876 0.1025
vt 0.7568 0.104
vt 0.771 0.1182
vt 0.7764 0.0869
vt 0.9521 0.1309
vt 0.9531 0.0991
vt 0.9688 0.1191
vt 0.9395 0.1123
vt 0.9531 0.0991
vt 0.9521 0.1309
vt 0.9395 0.1123
vt 0.9336 0.0825
vt 0.9531 0.0991
vt 0.9233 0.0972
vt 0.9336 0.0825
vt 0.9395 0.1123
vt 0.9233 0.0972
vt 0.9121 0.0698
vt 0.9336 0.0825
vt 0.9048 0.0859
vt 0.9121 0.0698
vt 0.9233 0.0972
vt 0.9048 0.0859
vt 0.8887 0.0605
vt 0.9121 0.0698
vt 0.8848 0.0791
vt 0.8887 0.0605
vt 0.9048 0.0859
vt 0.8848 0.0791
vt 0.8638 0.0591
vt 0.8887 0.0605
vt 0.8643 0.0762
vt 0.8638 0.0591
vt 0.8848 0.0791
vt 0.8643 0.0762
vt 0.8413 0.0605
vt 0.8638 0.0591
vt 0.8438 0.0771
vt 0.8413 0.0605
vt 0.8643 0.0762
vt 0.8438 0.0771
vt 0.8179 0.0654
vt 0.8413 0.0605
vt 0.8237 0.0825
vt 0.8179 0.0654
vt 0.8438 0.0771
vt 0.8237 0.0825
vt 0.7954 0.0752
vt 0.8179 0.0654
vt 0.8052 0.0908
vt 0.7954 0.0752
vt 0.8237 0.0825
vt 0.8052 0.0908
vt 0.7769 0.0869
vt 0.7954 0.0752
vt 0.7881 0.1025
vt 0.7769 0.0869
vt 0.8052 0.0908
vt 0.7881 0.1025
vt 0.7573 0.104
vt 0.7769 0.0869
vt 0.771 0.1182
vt 0.7573 0.104
vt 0.7881 0.1025
vt 0.8325 0.9283
vt 0.8296 0.9172
vt 0.8335 0.9236
vt 0.8301 0.9278
vt 0.8296 0.9172
vt 0.8325 0.9283
vt 0.8301 0.9278
vt 0.8228 0.9102
vt 0.8296 0.9172
vt 0.8218 0.9257
vt 0.8228 0.9102
vt 0.8301 0.9278
vt 0.8218 0.9257
vt 0.812 0.8977
vt 0.8228 0.9102
vt 0.8057 0.9112
vt 0.812 0.8977
vt 0.8218 0.9257
vt 0.8057 0.9112
vt 0.7998 0.8852
vt 0.812 0.8977
vt 0.7876 0.899
vt 0.7998 0.8852
vt 0.8057 0.9112
vt 0.7876 0.899
vt 0.7876 0.87
vt 0.7998 0.8852
vt 0.7705 0.8845
vt 0.7876 0.87
vt 0.7876 0.899
vt 0.7705 0.8845
vt 0.7783 0.8551
vt 0.7876 0.87
vt 0.7598 0.8698
vt 0.7783 0.8551
vt 0.7705 0.8845
vt 0.5244 0.7217
vt 0.5112 0.7361
vt 0.522 0.7356
vt 0.5127 0.7209
vt 0.5112 0.7361
vt 0.5244 0.7217
vt 0.5127 0.7209
vt 0.5 0.7361
vt 0.5112 0.7361
vt 0.5 0.7205
vt 0.5 0.7361
vt 0.5127 0.7209
vt 0.5 0.7205
vt 0.5117 0.7361
vt 0.5 0.7361
vt 0.5127 0.7209
vt 0.5117 0.7361
vt 0.5 0.7205
vt 0.5127 0.7209
vt 0.522 0.7356
vt 0.5117 0.7361
vt 0.5249 0.7217
vt 0.522 0.7356
vt 0.5127 0.7209
vt 0.522 0.7356
vt 0.5112 0.7522
vt 0.522 0.7505
vt 0.5112 0.7361
vt 0.5112 0.7522
vt 0.522 0.7356
vt 0.5112 0.7361
vt 0.5 0.7523
vt 0.5112 0.7522
vt 0.5 0.7361
vt 0.5 0.7523
vt 0.5112 0.7361
vt 0.5 0.7361
vt 0.5117 0.7522
vt 0.5 0.7523
vt 0.5117 0.7361
vt 0.5117 0.7522
vt 0.5 0.7361
vt 0.5117 0.7361
vt 0.522 0.7505
vt 0.5117 0.7522
vt 0.522 0.7356
vt 0.522 0.7505
vt 0.5117 0.7361
vt 0.522 0.7505
vt 0.5122 0.7705
vt 0.5249 0.7683
vt 0.5112 0.7522
vt 0.5122 0.7705
vt 0.522 0.7505
vt 0.5112 0.7522
vt 0.5 0.7708
vt 0.5122 0.7705
vt 0.5 0.7523
vt 0.5 0.7708
vt 0.5112 0.7522
vt 0.5 0.7523
vt 0.5127 0.7705
vt 0.5 0.7708
vt 0.5117 0.7522
vt 0.5127 0.7705
vt 0.5 0.7523
vt 0.5117 0.7522
vt 0.5249 0.7683
vt 0.5127 0.7705
vt 0.522 0.7505
vt 0.5249 0.7683
vt 0.5117 0.7522
vt 0.5249 0.7683
vt 0.5132 0.7909
vt 0.5293 0.7915
vt 0.5122 0.7705
vt 0.5132 0.7909
vt 0.5249 0.7683
vt 0.5122 0.7705
vt 0.5 0.7906
vt 0.5132 0.7909
vt 0.5 0.7708
vt 0.5 0.7906
vt 0.5122 0.7705
vt 0.5 0.7708
vt 0.5137 0.7909
vt 0.5 0.7906
vt 0.5127 0.7705
vt 0.5137 0.7909
vt 0.5 0.7708
vt 0.5127 0.7705
vt 0.5293 0.7915
vt 0.5137 0.7909
vt 0.5249 0.7683
vt 0.5293 0.7915
vt 0.5127 0.7705
vt 0.7646 0.439
vt 0.7402 0.4688
vt 0.7573 0.4644
vt 0.7422 0.4478
vt 0.7402 0.4688
vt 0.7646 0.439
vt 0.7422 0.4478
vt 0.7251 0.4712
vt 0.7402 0.4688
vt 0.7305 0.4512
vt 0.7251 0.4712
vt 0.7422 0.4478
vt 0.7305 0.4512
vt 0.7051 0.4702
vt 0.7251 0.4712
vt 0.7075 0.4521
vt 0.7051 0.4702
vt 0.7305 0.4512
vt 0.7075 0.4521
vt 0.6836 0.4712
vt 0.7051 0.4702
vt 0.6836 0.4512
vt 0.6836 0.4712
vt 0.7075 0.4521
vt 0.6836 0.4512
vt 0.6626 0.4697
vt 0.6836 0.4712
vt 0.6582 0.4497
vt 0.6626 0.4697
vt 0.6836 0.4512
vt 0.6582 0.4497
vt 0.6426 0.4702
vt 0.6626 0.4697
vt 0.6382 0.4468
vt 0.6426 0.4702
vt 0.6582 0.4497
vt 0.6382 0.4468
vt 0.627 0.4697
vt 0.6426 0.4702
vt 0.6216 0.4429
vt 0.627 0.4697
vt 0.6382 0.4468
vt 0.6216 0.4429
vt 0.6064 0.4653
vt 0.627 0.4697
vt 0.5991 0.4351
vt 0.6064 0.4653
vt 0.6216 0.4429
vt 0.7368 0.6021
vt 0.7598 0.595
vt 0.7354 0.5815
vt 0.7568 0.6113
vt 0.7598 0.595
vt 0.7368 0.6021
vt 0.7568 0.6113
vt 0.7813 0.6072
vt 0.7598 0.595
vt 0.7769 0.6204
vt 0.7813 0.6072
vt 0.7568 0.6113
vt 0.7769 0.6204
vt 0.7998 0.6172
vt 0.7813 0.6072
vt 0.7959 0.6284
vt 0.7998 0.6172
vt 0.7769 0.6204
vt 0.7959 0.6284
vt 0.8174 0.6252
vt 0.7998 0.6172
vt 0.814 0.6353
vt 0.8174 0.6252
vt 0.7959 0.6284
vt 0.814 0.6353
vt 0.835 0.6313
vt 0.8174 0.6252
vt 0.832 0.6399
vt 0.835 0.6313
vt 0.814 0.6353
vt 0.832 0.6399
vt 0.8516 0.6333
vt 0.835 0.6313
vt 0.8486 0.6404
vt 0.8516 0.6333
vt 0.832 0.6399
vt 0.8486 0.6404
vt 0.8579 0.6333
vt 0.8516 0.6333
vt 0.8579 0.6387
vt 0.8579 0.6333
vt 0.8486 0.6404
vt 0.8579 0.6387
vt 0.8643 0.6335
vt 0.8579 0.6333
vt 0.8677 0.6406
vt 0.8643 0.6335
vt 0.8579 0.6387
vt 0.8677 0.6406
vt 0.8813 0.6318
vt 0.8643 0.6335
vt 0.8843 0.6404
vt 0.8813 0.6318
vt 0.8677 0.6406
vt 0.8843 0.6404
vt 0.8994 0.6255
vt 0.8813 0.6318
vt 0.9028 0.6357
vt 0.8994 0.6255
vt 0.8843 0.6404
vt 0.9028 0.6357
vt 0.917 0.6165
vt 0.8994 0.6255
vt 0.9214 0.6282
vt 0.917 0.6165
vt 0.9028 0.6357
vt 0.9214 0.6282
vt 0.9355 0.6047
vt 0.917 0.6165
vt 0.9409 0.6189
vt 0.9355 0.6047
vt 0.9214 0.6282
vt 0.9409 0.6189
vt 0.9565 0.5918
vt 0.9355 0.6047
vt 0.9604 0.6084
vt 0.9565 0.5918
vt 0.9409 0.6189
vt 0.9604 0.6084
vt 0.981 0.5762
vt 0.9565 0.5918
vt 0.9829 0.5957
vt 0.981 0.5762
vt 0.9604 0.6084
vt 0.7354 0.5815
vt 0.7681 0.5769
vt 0.7466 0.5586
vt 0.7598 0.595
vt 0.7681 0.5769
vt 0.7354 0.5815
vt 0.7598 0.595
vt 0.7886 0.5935
vt 0.7681 0.5769
vt 0.7813 0.6072
vt 0.7886 0.5935
vt 0.7598 0.595
vt 0.7813 0.6072
vt 0.8057 0.606
vt 0.7886 0.5935
vt 0.7998 0.6172
vt 0.8057 0.606
vt 0.7813 0.6072
vt 0.7998 0.6172
vt 0.8223 0.6172
vt 0.8057 0.606
vt 0.8174 0.6252
vt 0.8223 0.6172
vt 0.7998 0.6172
vt 0.8174 0.6252
vt 0.8389 0.6255
vt 0.8223 0.6172
vt 0.835 0.6313
vt 0.8389 0.6255
vt 0.8174 0.6252
vt 0.835 0.6313
vt 0.855 0.6289
vt 0.8389 0.6255
vt 0.8516 0.6333
vt 0.855 0.6289
vt 0.835 0.6313
vt 0.8516 0.6333
vt 0.8579 0.6299
vt 0.855 0.6289
vt 0.8579 0.6333
vt 0.8579 0.6299
vt 0.8516 0.6333
vt 0.8579 0.6333
vt 0.8613 0.6289
vt 0.8579 0.6299
vt 0.8643 0.6335
vt 0.8613 0.6289
vt 0.8579 0.6333
vt 0.8643 0.6335
vt 0.8779 0.6257
vt 0.8613 0.6289
vt 0.8813 0.6318
vt 0.8779 0.6257
vt 0.8643 0.6335
vt 0.8813 0.6318
vt 0.8945 0.6177
vt 0.8779 0.6257
vt 0.8994 0.6255
vt 0.8945 0.6177
vt 0.8813 0.6318
vt 0.8994 0.6255
vt 0.9116 0.6067
vt 0.8945 0.6177
vt 0.917 0.6165
vt 0.9116 0.6067
vt 0.8994 0.6255
vt 0.917 0.6165
vt 0.9287 0.5938
vt 0.9116 0.6067
vt 0.9355 0.6047
vt 0.9287 0.5938
vt 0.917 0.6165
vt 0.9355 0.6047
vt 0.9473 0.5779
vt 0.9287 0.5938
vt 0.9565 0.5918
vt 0.9473 0.5779
vt 0.9355 0.6047
vt 0.9565 0.5918
vt 0.9707 0.5574
vt 0.9473 0.5779
vt 0.981 0.5762
vt 0.9707 0.5574
vt 0.9565 0.5918
vt 0.7573 0.4644
vt 0.7358 0.4897
vt 0.7505 0.4893
vt 0.7402 0.4688
vt 0.7358 0.4897
vt 0.7573 0.4644
vt 0.7402 0.4688
vt 0.7212 0.4888
vt 0.7358 0.4897
vt 0.7251 0.4712
vt 0.7212 0.4888
vt 0.7402 0.4688
vt 0.7251 0.4712
vt 0.7021 0.4883
vt 0.7212 0.4888
vt 0.7051 0.4702
vt 0.7021 0.4883
vt 0.7251 0.4712
vt 0.7051 0.4702
vt 0.6836 0.4868
vt 0.7021 0.4883
vt 0.6836 0.4712
vt 0.6836 0.4868
vt 0.7051 0.4702
vt 0.6836 0.4712
vt 0.665 0.4878
vt 0.6836 0.4868
vt 0.6626 0.4697
vt 0.665 0.4878
vt 0.6836 0.4712
vt 0.6626 0.4697
vt 0.6465 0.4878
vt 0.665 0.4878
vt 0.6426 0.4702
vt 0.6465 0.4878
vt 0.6626 0.4697
vt 0.6426 0.4702
vt 0.6323 0.4893
vt 0.6465 0.4878
vt 0.627 0.4697
vt 0.6323 0.4893
vt 0.6426 0.4702
vt 0.627 0.4697
vt 0.6157 0.4902
vt 0.6323 0.4893
vt 0.6064 0.4653
vt 0.6157 0.4902
vt 0.627 0.4697
vt 0.7505 0.4893
vt 0.728 0.5095
vt 0.7402 0.5115
vt 0.7358 0.4897
vt 0.728 0.5095
vt 0.7505 0.4893
vt 0.7358 0.4897
vt 0.7148 0.5078
vt 0.728 0.5095
vt 0.7212 0.4888
vt 0.7148 0.5078
vt 0.7358 0.4897
vt 0.7212 0.4888
vt 0.7002 0.5063
vt 0.7148 0.5078
vt 0.7021 0.4883
vt 0.7002 0.5063
vt 0.7212 0.4888
vt 0.7021 0.4883
vt 0.6836 0.5059
vt 0.7002 0.5063
vt 0.6836 0.4868
vt 0.6836 0.5059
vt 0.7021 0.4883
vt 0.6836 0.4868
vt 0.6675 0.5063
vt 0.6836 0.5059
vt 0.665 0.4878
vt 0.6675 0.5063
vt 0.6836 0.4868
vt 0.665 0.4878
vt 0.6523 0.5078
vt 0.6675 0.5063
vt 0.6465 0.4878
vt 0.6523 0.5078
vt 0.665 0.4878
vt 0.6465 0.4878
vt 0.6396 0.5095
vt 0.6523 0.5078
vt 0.6323 0.4893
vt 0.6396 0.5095
vt 0.6465 0.4878
vt 0.6323 0.4893
vt 0.6265 0.5125
vt 0.6396 0.5095
vt 0.6157 0.4902
vt 0.6265 0.5125
vt 0.6323 0.4893
vt 0.7402 0.5115
vt 0.7197 0.5251
vt 0.7295 0.5303
vt 0.728 0.5095
vt 0.7197 0.5251
vt 0.7402 0.5115
vt 0.728 0.5095
vt 0.71 0.5205
vt 0.7197 0.5251
vt 0.7148 0.5078
vt 0.71 0.5205
vt 0.728 0.5095
vt 0.7148 0.5078
vt 0.6973 0.5229
vt 0.71 0.5205
vt 0.7002 0.5063
vt 0.6973 0.5229
vt 0.7148 0.5078
vt 0.7002 0.5063
vt 0.6836 0.5244
vt 0.6973 0.5229
vt 0.6836 0.5059
vt 0.6836 0.5244
vt 0.7002 0.5063
vt 0.6836 0.5059
vt 0.6699 0.5229
vt 0.6836 0.5244
vt 0.6675 0.5063
vt 0.6699 0.5229
vt 0.6836 0.5059
vt 0.6675 0.5063
vt 0.6572 0.5205
vt 0.6699 0.5229
vt 0.6523 0.5078
vt 0.6572 0.5205
vt 0.6675 0.5063
vt 0.6523 0.5078
vt 0.6484 0.5254
vt 0.6572 0.5205
vt 0.6396 0.5095
vt 0.6484 0.5254
vt 0.6523 0.5078
vt 0.6396 0.5095
vt 0.6382 0.5305
vt 0.6484 0.5254
vt 0.6265 0.5125
vt 0.6382 0.5305
vt 0.6396 0.5095
vt 0.7295 0.5303
vt 0.7061 0.5459
vt 0.7153 0.5508
vt 0.7197 0.5251
vt 0.7061 0.5459
vt 0.7295 0.5303
vt 0.7197 0.5251
vt 0.7026 0.5332
vt 0.7061 0.5459
vt 0.71 0.5205
vt 0.7026 0.5332
vt 0.7197 0.5251
vt 0.71 0.5205
vt 0.6943 0.5415
vt 0.7026 0.5332
vt 0.6973 0.5229
vt 0.6943 0.5415
vt 0.71 0.5205
vt 0.6973 0.5229
vt 0.6836 0.5464
vt 0.6943 0.5415
vt 0.6836 0.5244
vt 0.6836 0.5464
vt 0.6973 0.5229
vt 0.6836 0.5244
vt 0.6733 0.5415
vt 0.6836 0.5464
vt 0.6699 0.5229
vt 0.6733 0.5415
vt 0.6836 0.5244
vt 0.6699 0.5229
vt 0.6646 0.5332
vt 0.6733 0.5415
vt 0.6572 0.5205
vt 0.6646 0.5332
vt 0.6699 0.5229
vt 0.6572 0.5205
vt 0.6611 0.5461
vt 0.6646 0.5332
vt 0.6484 0.5254
vt 0.6611 0.5461
vt 0.6572 0.5205
vt 0.6484 0.5254
vt 0.6519 0.5508
vt 0.6611 0.5461
vt 0.6382 0.5305
vt 0.6519 0.5508
vt 0.6484 0.5254
vt 0.7153 0.5508
vt 0.6924 0.561
vt 0.6978 0.5701
vt 0.7061 0.5459
vt 0.6924 0.561
vt 0.7153 0.5508
vt 0.7061 0.5459
vt 0.6943 0.5415
vt 0.6924 0.561
vt 0.7026 0.5332
vt 0.6943 0.5415
vt 0.7061 0.5459
vt 0.6978 0.5701
vt 0.6836 0.5657
vt 0.6836 0.5774
vt 0.6924 0.561
vt 0.6836 0.5657
vt 0.6978 0.5701
vt 0.6924 0.561
vt 0.6836 0.5464
vt 0.6836 0.5657
vt 0.6943 0.5415
vt 0.6836 0.5464
vt 0.6924 0.561
vt 0.7466 0.5586
vt 0.7827 0.563
vt 0.7612 0.5437
vt 0.7681 0.5769
vt 0.7827 0.563
vt 0.7466 0.5586
vt 0.7681 0.5769
vt 0.8003 0.5806
vt 0.7827 0.563
vt 0.7886 0.5935
vt 0.8003 0.5806
vt 0.7681 0.5769
vt 0.7886 0.5935
vt 0.814 0.5955
vt 0.8003 0.5806
vt 0.8057 0.606
vt 0.814 0.5955
vt 0.7886 0.5935
vt 0.8057 0.606
vt 0.8276 0.6086
vt 0.814 0.5955
vt 0.8223 0.6172
vt 0.8276 0.6086
vt 0.8057 0.606
vt 0.8223 0.6172
vt 0.8413 0.6187
vt 0.8276 0.6086
vt 0.8389 0.6255
vt 0.8413 0.6187
vt 0.8223 0.6172
vt 0.8389 0.6255
vt 0.854 0.6245
vt 0.8413 0.6187
vt 0.855 0.6289
vt 0.854 0.6245
vt 0.8389 0.6255
vt 0.855 0.6289
vt 0.8579 0.6265
vt 0.854 0.6245
vt 0.8579 0.6299
vt 0.8579 0.6265
vt 0.855 0.6289
vt 0.8579 0.6299
vt 0.8623 0.6245
vt 0.8579 0.6265
vt 0.8613 0.6289
vt 0.8623 0.6245
vt 0.8579 0.6299
vt 0.8613 0.6289
vt 0.875 0.6189
vt 0.8623 0.6245
vt 0.8779 0.6257
vt 0.875 0.6189
vt 0.8613 0.6289
vt 0.8779 0.6257
vt 0.8896 0.6091
vt 0.875 0.6189
vt 0.8945 0.6177
vt 0.8896 0.6091
vt 0.8779 0.6257
vt 0.8945 0.6177
vt 0.9033 0.5957
vt 0.8896 0.6091
vt 0.9116 0.6067
vt 0.9033 0.5957
vt 0.8945 0.6177
vt 0.9116 0.6067
vt 0.918 0.5808
vt 0.9033 0.5957
vt 0.9287 0.5938
vt 0.918 0.5808
vt 0.9116 0.6067
vt 0.9287 0.5938
vt 0.9355 0.5637
vt 0.918 0.5808
vt 0.9473 0.5779
vt 0.9355 0.5637
vt 0.9287 0.5938
vt 0.9473 0.5779
vt 0.9561 0.5405
vt 0.9355 0.5637
vt 0.9707 0.5574
vt 0.9561 0.5405
vt 0.9473 0.5779
vt 0.7612 0.5437
vt 0.7998 0.5505
vt 0.7842 0.5288
vt 0.7827 0.563
vt 0.7998 0.5505
vt 0.7612 0.5437
vt 0.7827 0.563
vt 0.8125 0.5698
vt 0.7998 0.5505
vt 0.8003 0.5806
vt 0.8125 0.5698
vt 0.7827 0.563
vt 0.8003 0.5806
vt 0.8232 0.5857
vt 0.8125 0.5698
vt 0.814 0.5955
vt 0.8232 0.5857
vt 0.8003 0.5806
vt 0.814 0.5955
vt 0.8335 0.5989
vt 0.8232 0.5857
vt 0.8276 0.6086
vt 0.8335 0.5989
vt 0.814 0.5955
vt 0.8276 0.6086
vt 0.8433 0.6091
vt 0.8335 0.5989
vt 0.8413 0.6187
vt 0.8433 0.6091
vt 0.8276 0.6086
vt 0.8413 0.6187
vt 0.8525 0.6167
vt 0.8433 0.6091
vt 0.854 0.6245
vt 0.8525 0.6167
vt 0.8413 0.6187
vt 0.854 0.6245
vt 0.8584 0.6174
vt 0.8525 0.6167
vt 0.8579 0.6265
vt 0.8584 0.6174
vt 0.854 0.6245
vt 0.8579 0.6265
vt 0.8638 0.6169
vt 0.8584 0.6174
vt 0.8623 0.6245
vt 0.8638 0.6169
vt 0.8579 0.6265
vt 0.8623 0.6245
vt 0.8735 0.6094
vt 0.8638 0.6169
vt 0.875 0.6189
vt 0.8735 0.6094
vt 0.8623 0.6245
vt 0.875 0.6189
vt 0.8838 0.5994
vt 0.8735 0.6094
vt 0.8896 0.6091
vt 0.8838 0.5994
vt 0.875 0.6189
vt 0.8896 0.6091
vt 0.894 0.5859
vt 0.8838 0.5994
vt 0.9033 0.5957
vt 0.894 0.5859
vt 0.8896 0.6091
vt 0.9033 0.5957
vt 0.9053 0.5698
vt 0.894 0.5859
vt 0.918 0.5808
vt 0.9053 0.5698
vt 0.9033 0.5957
vt 0.918 0.5808
vt 0.9185 0.5503
vt 0.9053 0.5698
vt 0.9355 0.5637
vt 0.9185 0.5503
vt 0.918 0.5808
vt 0.9355 0.5637
vt 0.9365 0.5256
vt 0.9185 0.5503
vt 0.9561 0.5405
vt 0.9365 0.5256
vt 0.9355 0.5637
vt 0.7842 0.5288
vt 0.8193 0.5408
vt 0.8115 0.5168
vt 0.7998 0.5505
vt 0.8193 0.5408
vt 0.7842 0.5288
vt 0.7998 0.5505
vt 0.8271 0.5615
vt 0.8193 0.5408
vt 0.8125 0.5698
vt 0.8271 0.5615
vt 0.7998 0.5505
vt 0.8125 0.5698
vt 0.8345 0.5784
vt 0.8271 0.5615
vt 0.8232 0.5857
vt 0.8345 0.5784
vt 0.8125 0.5698
vt 0.8232 0.5857
vt 0.8403 0.592
vt 0.8345 0.5784
vt 0.8335 0.5989
vt 0.8403 0.592
vt 0.8232 0.5857
vt 0.8335 0.5989
vt 0.8447 0.6013
vt 0.8403 0.592
vt 0.8433 0.6091
vt 0.8447 0.6013
vt 0.8335 0.5989
vt 0.8433 0.6091
vt 0.8511 0.603
vt 0.8447 0.6013
vt 0.8525 0.6167
vt 0.8511 0.603
vt 0.8433 0.6091
vt 0.8525 0.6167
vt 0.8584 0.6033
vt 0.8511 0.603
vt 0.8584 0.6174
vt 0.8584 0.6033
vt 0.8525 0.6167
vt 0.8584 0.6174
vt 0.8657 0.603
vt 0.8584 0.6033
vt 0.8638 0.6169
vt 0.8657 0.603
vt 0.8584 0.6174
vt 0.8638 0.6169
vt 0.8726 0.6016
vt 0.8657 0.603
vt 0.8735 0.6094
vt 0.8726 0.6016
vt 0.8638 0.6169
vt 0.8735 0.6094
vt 0.877 0.592
vt 0.8726 0.6016
vt 0.8838 0.5994
vt 0.877 0.592
vt 0.8735 0.6094
vt 0.8838 0.5994
vt 0.8833 0.5784
vt 0.877 0.592
vt 0.894 0.5859
vt 0.8833 0.5784
vt 0.8838 0.5994
vt 0.894 0.5859
vt 0.8906 0.5613
vt 0.8833 0.5784
vt 0.9053 0.5698
vt 0.8906 0.5613
vt 0.894 0.5859
vt 0.9053 0.5698
vt 0.8984 0.5398
vt 0.8906 0.5613
vt 0.9185 0.5503
vt 0.8984 0.5398
vt 0.9053 0.5698
vt 0.9185 0.5503
vt 0.9067 0.5129
vt 0.8984 0.5398
vt 0.9365 0.5256
vt 0.9067 0.5129
vt 0.9185 0.5503
vt 0.8115 0.5168
vt 0.8394 0.5347
vt 0.8364 0.5105
vt 0.8193 0.5408
vt 0.8394 0.5347
vt 0.8115 0.5168
vt 0.8193 0.5408
vt 0.8428 0.5559
vt 0.8394 0.5347
vt 0.8271 0.5615
vt 0.8428 0.5559
vt 0.8193 0.5408
vt 0.8271 0.5615
vt 0.8462 0.574
vt 0.8428 0.5559
vt 0.8345 0.5784
vt 0.8462 0.574
vt 0.8271 0.5615
vt 0.8345 0.5784
vt 0.8491 0.5894
vt 0.8462 0.574
vt 0.8403 0.592
vt 0.8491 0.5894
vt 0.8345 0.5784
vt 0.8403 0.592
vt 0.8511 0.603
vt 0.8491 0.5894
vt 0.8447 0.6013
vt 0.8511 0.603
vt 0.8403 0.592
vt 0.8364 0.5105
vt 0.8589 0.5317
vt 0.8589 0.5078
vt 0.8394 0.5347
vt 0.8589 0.5317
vt 0.8364 0.5105
vt 0.8394 0.5347
vt 0.8589 0.553
vt 0.8589 0.5317
vt 0.8428 0.5559
vt 0.8589 0.553
vt 0.8394 0.5347
vt 0.8428 0.5559
vt 0.8589 0.572
vt 0.8589 0.553
vt 0.8462 0.574
vt 0.8589 0.572
vt 0.8428 0.5559
vt 0.8462 0.574
vt 0.8589 0.5891
vt 0.8589 0.572
vt 0.8491 0.5894
vt 0.8589 0.5891
vt 0.8462 0.574
vt 0.8491 0.5894
vt 0.8584 0.6033
vt 0.8589 0.5891
vt 0.8511 0.603
vt 0.8584 0.6033
vt 0.8491 0.5894
vt 0.6519 0.5508
vt 0.6743 0.5615
vt 0.6611 0.5461
vt 0.6689 0.5706
vt 0.6743 0.5615
vt 0.6519 0.5508
vt 0.6689 0.5706
vt 0.6836 0.5657
vt 0.6743 0.5615
vt 0.6836 0.5774
vt 0.6836 0.5657
vt 0.6689 0.5706
vt 0.6611 0.5461
vt 0.6733 0.5415
vt 0.6646 0.5332
vt 0.6743 0.5615
vt 0.6733 0.5415
vt 0.6611 0.5461
vt 0.6743 0.5615
vt 0.6836 0.5464
vt 0.6733 0.5415
vt 0.6836 0.5657
vt 0.6836 0.5464
vt 0.6743 0.5615
vt 0.8589 0.5317
vt 0.8794 0.5081
vt 0.8589 0.5078
vt 0.8779 0.5339
vt 0.8794 0.5081
vt 0.8589 0.5317
vt 0.8779 0.5339
vt 0.9067 0.5129
vt 0.8794 0.5081
vt 0.8984 0.5398
vt 0.9067 0.5129
vt 0.8779 0.5339
vt 0.8589 0.553
vt 0.8779 0.5339
vt 0.8589 0.5317
vt 0.8745 0.5559
vt 0.8779 0.5339
vt 0.8589 0.553
vt 0.8745 0.5559
vt 0.8984 0.5398
vt 0.8779 0.5339
vt 0.8906 0.5613
vt 0.8984 0.5398
vt 0.8745 0.5559
vt 0.8906 0.5613
vt 0.8716 0.574
vt 0.8833 0.5784
vt 0.8745 0.5559
vt 0.8716 0.574
vt 0.8906 0.5613
vt 0.8745 0.5559
vt 0.8589 0.572
vt 0.8716 0.574
vt 0.8589 0.553
vt 0.8589 0.572
vt 0.8745 0.5559
vt 0.8833 0.5784
vt 0.8682 0.5896
vt 0.877 0.592
vt 0.8716 0.574
vt 0.8682 0.5896
vt 0.8833 0.5784
vt 0.8716 0.574
vt 0.8589 0.5891
vt 0.8682 0.5896
vt 0.8589 0.572
vt 0.8589 0.5891
vt 0.8716 0.574
vt 0.8584 0.6033
vt 0.8682 0.5896
vt 0.8589 0.5891
vt 0.8657 0.603
vt 0.8682 0.5896
vt 0.8584 0.6033
vt 0.8657 0.603
vt 0.877 0.592
vt 0.8682 0.5896
vt 0.8726 0.6016
vt 0.877 0.592
vt 0.8657 0.603
vt 0.6934 0.2993
vt 0.667 0.29
vt 0.6929 0.2842
vt 0.6704 0.3091
vt 0.667 0.29
vt 0.6934 0.2993
vt 0.6704 0.3091
vt 0.6411 0.3003
vt 0.667 0.29
vt 0.646 0.3213
vt 0.6411 0.3003
vt 0.6704 0.3091
vt 0.646 0.3213
vt 0.6196 0.3174
vt 0.6411 0.3003
vt 0.627 0.3354
vt 0.6196 0.3174
vt 0.646 0.3213
vt 0.627 0.3354
vt 0.6016 0.3335
vt 0.6196 0.3174
vt 0.6108 0.3481
vt 0.6016 0.3335
vt 0.627 0.3354
vt 0.6108 0.3481
vt 0.5854 0.3496
vt 0.6016 0.3335
vt 0.5991 0.3599
vt 0.5854 0.3496
vt 0.6108 0.3481
vt 0.5991 0.3599
vt 0.5737 0.3701
vt 0.5854 0.3496
vt 0.5859 0.377
vt 0.5737 0.3701
vt 0.5991 0.3599
vt 0.5859 0.377
vt 0.5654 0.3921
vt 0.5737 0.3701
vt 0.5752 0.3989
vt 0.5654 0.3921
vt 0.5859 0.377
vt 0.5752 0.3989
vt 0.5615 0.4131
vt 0.5654 0.3921
vt 0.5723 0.417
vt 0.5615 0.4131
vt 0.5752 0.3989
vt 0.5723 0.417
vt 0.5615 0.4336
vt 0.5615 0.4131
vt 0.5737 0.4336
vt 0.5615 0.4336
vt 0.5723 0.417
vt 0.6929 0.2842
vt 0.6631 0.2671
vt 0.6934 0.2642
vt 0.667 0.29
vt 0.6631 0.2671
vt 0.6929 0.2842
vt 0.667 0.29
vt 0.6289 0.2739
vt 0.6631 0.2671
vt 0.6411 0.3003
vt 0.6289 0.2739
vt 0.667 0.29
vt 0.6411 0.3003
vt 0.6074 0.2993
vt 0.6289 0.2739
vt 0.6196 0.3174
vt 0.6074 0.2993
vt 0.6411 0.3003
vt 0.6196 0.3174
vt 0.5889 0.3179
vt 0.6074 0.2993
vt 0.6016 0.3335
vt 0.5889 0.3179
vt 0.6196 0.3174
vt 0.6016 0.3335
vt 0.5674 0.3359
vt 0.5889 0.3179
vt 0.5854 0.3496
vt 0.5674 0.3359
vt 0.6016 0.3335
vt 0.5854 0.3496
vt 0.5586 0.3633
vt 0.5674 0.3359
vt 0.5737 0.3701
vt 0.5586 0.3633
vt 0.5854 0.3496
vt 0.5737 0.3701
vt 0.5527 0.3862
vt 0.5586 0.3633
vt 0.5654 0.3921
vt 0.5527 0.3862
vt 0.5737 0.3701
vt 0.5654 0.3921
vt 0.5503 0.4092
vt 0.5527 0.3862
vt 0.5615 0.4131
vt 0.5503 0.4092
vt 0.5654 0.3921
vt 0.5615 0.4131
vt 0.5508 0.4312
vt 0.5503 0.4092
vt 0.5615 0.4336
vt 0.5508 0.4312
vt 0.5615 0.4131
vt 0.6934 0.2642
vt 0.6631 0.2393
vt 0.6948 0.2383
vt 0.6631 0.2671
vt 0.6631 0.2393
vt 0.6934 0.2642
vt 0.6631 0.2671
vt 0.6328 0.2417
vt 0.6631 0.2393
vt 0.6289 0.2739
vt 0.6328 0.2417
vt 0.6631 0.2671
vt 0.6289 0.2739
vt 0.6055 0.2397
vt 0.6328 0.2417
vt 0.6011 0.2646
vt 0.6055 0.2397
vt 0.6289 0.2739
vt 0.6011 0.2646
vt 0.583 0.2383
vt 0.6055 0.2397
vt 0.5796 0.2598
vt 0.583 0.2383
vt 0.6011 0.2646
vt 0.5796 0.2598
vt 0.5615 0.2373
vt 0.583 0.2383
vt 0.5601 0.2583
vt 0.5615 0.2373
vt 0.5796 0.2598
vt 0.5601 0.2583
vt 0.5415 0.2383
vt 0.5615 0.2373
vt 0.5405 0.2583
vt 0.5415 0.2383
vt 0.5601 0.2583
vt 0.5405 0.2583
vt 0.521 0.2393
vt 0.5415 0.2383
vt 0.5205 0.2603
vt 0.521 0.2393
vt 0.5405 0.2583
vt 0.5205 0.2603
vt 0.5 0.2407
vt 0.521 0.2393
vt 0.5 0.2627
vt 0.5 0.2407
vt 0.5205 0.2603
vt 0.5 0.2627
vt 0.5205 0.2393
vt 0.5 0.2407
vt 0.52 0.2603
vt 0.5205 0.2393
vt 0.5 0.2627
vt 0.52 0.2603
vt 0.541 0.2383
vt 0.5205 0.2393
vt 0.5405 0.2583
vt 0.541 0.2383
vt 0.52 0.2603
vt 0.5405 0.2583
vt 0.5615 0.2373
vt 0.541 0.2383
vt 0.5596 0.2583
vt 0.5615 0.2373
vt 0.5405 0.2583
vt 0.5596 0.2583
vt 0.5825 0.2383
vt 0.5615 0.2373
vt 0.5791 0.2598
vt 0.5825 0.2383
vt 0.5596 0.2583
vt 0.5791 0.2598
vt 0.6055 0.2397
vt 0.5825 0.2383
vt 0.6006 0.2646
vt 0.6055 0.2397
vt 0.5791 0.2598
vt 0.6006 0.2646
vt 0.6323 0.2417
vt 0.6055 0.2397
vt 0.6289 0.2739
vt 0.6323 0.2417
vt 0.6006 0.2646
vt 0.6289 0.2739
vt 0.6626 0.2393
vt 0.6323 0.2417
vt 0.6626 0.2671
vt 0.6626 0.2393
vt 0.6289 0.2739
vt 0.6626 0.2671
vt 0.6948 0.2383
vt 0.6626 0.2393
vt 0.6934 0.2642
vt 0.6948 0.2383
vt 0.6626 0.2671
vt 0.6948 0.2383
vt 0.6611 0.2095
vt 0.6929 0.2061
vt 0.6631 0.2393
vt 0.6611 0.2095
vt 0.6948 0.2383
vt 0.6631 0.2393
vt 0.6323 0.2129
vt 0.6611 0.2095
vt 0.6328 0.2417
vt 0.6323 0.2129
vt 0.6631 0.2393
vt 0.6328 0.2417
vt 0.6064 0.2144
vt 0.6323 0.2129
vt 0.6055 0.2397
vt 0.6064 0.2144
vt 0.6328 0.2417
vt 0.6055 0.2397
vt 0.5835 0.2148
vt 0.6064 0.2144
vt 0.583 0.2383
vt 0.5835 0.2148
vt 0.6055 0.2397
vt 0.583 0.2383
vt 0.562 0.2158
vt 0.5835 0.2148
vt 0.5615 0.2373
vt 0.562 0.2158
vt 0.583 0.2383
vt 0.5615 0.2373
vt 0.5415 0.2163
vt 0.562 0.2158
vt 0.5415 0.2383
vt 0.5415 0.2163
vt 0.5615 0.2373
vt 0.5415 0.2383
vt 0.5205 0.2173
vt 0.5415 0.2163
vt 0.521 0.2393
vt 0.5205 0.2173
vt 0.5415 0.2383
vt 0.521 0.2393
vt 0.5 0.2188
vt 0.5205 0.2173
vt 0.5 0.2407
vt 0.5 0.2188
vt 0.521 0.2393
vt 0.5 0.2407
vt 0.5205 0.2173
vt 0.5 0.2188
vt 0.5205 0.2393
vt 0.5205 0.2173
vt 0.5 0.2407
vt 0.5205 0.2393
vt 0.541 0.2163
vt 0.5205 0.2173
vt 0.541 0.2383
vt 0.541 0.2163
vt 0.5205 0.2393
vt 0.541 0.2383
vt 0.562 0.2158
vt 0.541 0.2163
vt 0.5615 0.2373
vt 0.562 0.2158
vt 0.541 0.2383
vt 0.5615 0.2373
vt 0.5835 0.2148
vt 0.562 0.2158
vt 0.5825 0.2383
vt 0.5835 0.2148
vt 0.5615 0.2373
vt 0.5825 0.2383
vt 0.6064 0.2144
vt 0.5835 0.2148
vt 0.6055 0.2397
vt 0.6064 0.2144
vt 0.5825 0.2383
vt 0.6055 0.2397
vt 0.6318 0.2129
vt 0.6064 0.2144
vt 0.6323 0.2417
vt 0.6318 0.2129
vt 0.6055 0.2397
vt 0.6323 0.2417
vt 0.6606 0.2095
vt 0.6318 0.2129
vt 0.6626 0.2393
vt 0.6606 0.2095
vt 0.6323 0.2417
vt 0.6626 0.2393
vt 0.6929 0.2061
vt 0.6606 0.2095
vt 0.6948 0.2383
vt 0.6929 0.2061
vt 0.6626 0.2393
vt 0.6929 0.2061
vt 0.6558 0.1792
vt 0.687 0.1719
vt 0.6611 0.2095
vt 0.6558 0.1792
vt 0.6929 0.2061
vt 0.6611 0.2095
vt 0.6284 0.1851
vt 0.6558 0.1792
vt 0.6323 0.2129
vt 0.6284 0.1851
vt 0.6611 0.2095
vt 0.6323 0.2129
vt 0.604 0.1895
vt 0.6284 0.1851
vt 0.6064 0.2144
vt 0.604 0.1895
vt 0.6323 0.2129
vt 0.6064 0.2144
vt 0.582 0.1924
vt 0.604 0.1895
vt 0.5835 0.2148
vt 0.582 0.1924
vt 0.6064 0.2144
vt 0.5835 0.2148
vt 0.561 0.1938
vt 0.582 0.1924
vt 0.562 0.2158
vt 0.561 0.1938
vt 0.5835 0.2148
vt 0.562 0.2158
vt 0.541 0.1948
vt 0.561 0.1938
vt 0.5415 0.2163
vt 0.541 0.1948
vt 0.562 0.2158
vt 0.5415 0.2163
vt 0.5205 0.1953
vt 0.541 0.1948
vt 0.5205 0.2173
vt 0.5205 0.1953
vt 0.5415 0.2163
vt 0.5205 0.2173
vt 0.5 0.1963
vt 0.5205 0.1953
vt 0.5 0.2188
vt 0.5 0.1963
vt 0.5205 0.2173
vt 0.5 0.2188
vt 0.52 0.1953
vt 0.5 0.1963
vt 0.5205 0.2173
vt 0.52 0.1953
vt 0.5 0.2188
vt 0.5205 0.2173
vt 0.5405 0.1948
vt 0.52 0.1953
vt 0.541 0.2163
vt 0.5405 0.1948
vt 0.5205 0.2173
vt 0.541 0.2163
vt 0.561 0.1938
vt 0.5405 0.1948
vt 0.562 0.2158
vt 0.561 0.1938
vt 0.541 0.2163
vt 0.562 0.2158
vt 0.582 0.1924
vt 0.561 0.1938
vt 0.5835 0.2148
vt 0.582 0.1924
vt 0.562 0.2158
vt 0.5835 0.2148
vt 0.604 0.1895
vt 0.582 0.1924
vt 0.6064 0.2144
vt 0.604 0.1895
vt 0.5835 0.2148
vt 0.6064 0.2144
vt 0.6279 0.1851
vt 0.604 0.1895
vt 0.6318 0.2129
vt 0.6279 0.1851
vt 0.6064 0.2144
vt 0.6318 0.2129
vt 0.6553 0.1792
vt 0.6279 0.1851
vt 0.6606 0.2095
vt 0.6553 0.1792
vt 0.6318 0.2129
vt 0.6606 0.2095
vt 0.6865 0.1719
vt 0.6553 0.1792
vt 0.6929 0.2061
vt 0.6865 0.1719
vt 0.6606 0.2095
vt 0.687 0.1719
vt 0.646 0.1499
vt 0.6753 0.1382
vt 0.6558 0.1792
vt 0.646 0.1499
vt 0.687 0.1719
vt 0.6558 0.1792
vt 0.6211 0.1597
vt 0.646 0.1499
vt 0.6284 0.1851
vt 0.6211 0.1597
vt 0.6558 0.1792
vt 0.6284 0.1851
vt 0.5991 0.167
vt 0.6211 0.1597
vt 0.604 0.1895
vt 0.5991 0.167
vt 0.6284 0.1851
vt 0.604 0.1895
vt 0.5791 0.1714
vt 0.5991 0.167
vt 0.582 0.1924
vt 0.5791 0.1714
vt 0.604 0.1895
vt 0.582 0.1924
vt 0.5601 0.1733
vt 0.5791 0.1714
vt 0.561 0.1938
vt 0.5601 0.1733
vt 0.582 0.1924
vt 0.561 0.1938
vt 0.5405 0.1738
vt 0.5601 0.1733
vt 0.541 0.1948
vt 0.5405 0.1738
vt 0.561 0.1938
vt 0.541 0.1948
vt 0.52 0.1738
vt 0.5405 0.1738
vt 0.5205 0.1953
vt 0.52 0.1738
vt 0.541 0.1948
vt 0.5205 0.1953
vt 0.5 0.1738
vt 0.52 0.1738
vt 0.5 0.1963
vt 0.5 0.1738
vt 0.5205 0.1953
vt 0.5 0.1963
vt 0.52 0.1738
vt 0.5 0.1738
vt 0.52 0.1953
vt 0.52 0.1738
vt 0.5 0.1963
vt 0.52 0.1953
vt 0.54 0.1738
vt 0.52 0.1738
vt 0.5405 0.1948
vt 0.54 0.1738
vt 0.52 0.1953
vt 0.5405 0.1948
vt 0.5596 0.1733
vt 0.54 0.1738
vt 0.561 0.1938
vt 0.5596 0.1733
vt 0.5405 0.1948
vt 0.561 0.1938
vt 0.5786 0.1714
vt 0.5596 0.1733
vt 0.582 0.1924
vt 0.5786 0.1714
vt 0.561 0.1938
vt 0.582 0.1924
vt 0.5986 0.167
vt 0.5786 0.1714
vt 0.604 0.1895
vt 0.5986 0.167
vt 0.582 0.1924
vt 0.604 0.1895
vt 0.6206 0.1597
vt 0.5986 0.167
vt 0.6279 0.1851
vt 0.6206 0.1597
vt 0.604 0.1895
vt 0.6279 0.1851
vt 0.6455 0.1499
vt 0.6206 0.1597
vt 0.6553 0.1792
vt 0.6455 0.1499
vt 0.6279 0.1851
vt 0.6553 0.1792
vt 0.6748 0.1382
vt 0.6455 0.1499
vt 0.6865 0.1719
vt 0.6748 0.1382
vt 0.6553 0.1792
vt 0.646 0.1499
vt 0.6577 0.106
vt 0.6753 0.1382
vt 0.6318 0.1226
vt 0.6577 0.106
vt 0.646 0.1499
vt 0.6318 0.1226
vt 0.6348 0.0767
vt 0.6577 0.106
vt 0.6128 0.0986
vt 0.6348 0.0767
vt 0.6318 0.1226
vt 0.6128 0.0986
vt 0.606 0.0527
vt 0.6348 0.0767
vt 0.5889 0.0791
vt 0.606 0.0527
vt 0.6128 0.0986
vt 0.5889 0.0791
vt 0.5728 0.0347
vt 0.606 0.0527
vt 0.5615 0.0645
vt 0.5728 0.0347
vt 0.5889 0.0791
vt 0.5615 0.0645
vt 0.5366 0.0239
vt 0.5728 0.0347
vt 0.5313 0.0547
vt 0.5366 0.0239
vt 0.5615 0.0645
vt 0.5313 0.0547
vt 0.5 0.021
vt 0.5366 0.0239
vt 0.5 0.0503
vt 0.5 0.021
vt 0.5313 0.0547
vt 0.5 0.0503
vt 0.5361 0.0239
vt 0.5 0.021
vt 0.5308 0.0547
vt 0.5361 0.0239
vt 0.5 0.0503
vt 0.5308 0.0547
vt 0.5728 0.0347
vt 0.5361 0.0239
vt 0.561 0.0645
vt 0.5728 0.0347
vt 0.5308 0.0547
vt 0.561 0.0645
vt 0.6055 0.0527
vt 0.5728 0.0347
vt 0.5889 0.0791
vt 0.6055 0.0527
vt 0.561 0.0645
vt 0.5889 0.0791
vt 0.6343 0.0767
vt 0.6055 0.0527
vt 0.6123 0.0986
vt 0.6343 0.0767
vt 0.5889 0.0791
vt 0.6123 0.0986
vt 0.6577 0.106
vt 0.6343 0.0767
vt 0.6313 0.1226
vt 0.6577 0.106
vt 0.6123 0.0986
vt 0.6313 0.1226
vt 0.6748 0.1382
vt 0.6577 0.106
vt 0.6455 0.1499
vt 0.6748 0.1382
vt 0.6313 0.1226
vt 0.6211 0.1597
vt 0.6318 0.1226
vt 0.646 0.1499
vt 0.6099 0.1367
vt 0.6318 0.1226
vt 0.6211 0.1597
vt 0.6099 0.1367
vt 0.6128 0.0986
vt 0.6318 0.1226
vt 0.5952 0.1167
vt 0.6128 0.0986
vt 0.6099 0.1367
vt 0.5952 0.1167
vt 0.5889 0.0791
vt 0.6128 0.0986
vt 0.5757 0.1016
vt 0.5889 0.0791
vt 0.5952 0.1167
vt 0.5757 0.1016
vt 0.5615 0.0645
vt 0.5889 0.0791
vt 0.5527 0.0903
vt 0.5615 0.0645
vt 0.5757 0.1016
vt 0.5527 0.0903
vt 0.5313 0.0547
vt 0.5615 0.0645
vt 0.5264 0.082
vt 0.5313 0.0547
vt 0.5527 0.0903
vt 0.5264 0.082
vt 0.5 0.0503
vt 0.5313 0.0547
vt 0.5 0.0776
vt 0.5 0.0503
vt 0.5264 0.082
vt 0.5 0.0776
vt 0.5308 0.0547
vt 0.5 0.0503
vt 0.5264 0.082
vt 0.5308 0.0547
vt 0.5 0.0776
vt 0.5264 0.082
vt 0.561 0.0645
vt 0.5308 0.0547
vt 0.5522 0.0903
vt 0.561 0.0645
vt 0.5264 0.082
vt 0.5522 0.0903
vt 0.5889 0.0791
vt 0.561 0.0645
vt 0.5752 0.1016
vt 0.5889 0.0791
vt 0.5522 0.0903
vt 0.5752 0.1016
vt 0.6123 0.0986
vt 0.5889 0.0791
vt 0.5947 0.1167
vt 0.6123 0.0986
vt 0.5752 0.1016
vt 0.5947 0.1167
vt 0.6313 0.1226
vt 0.6123 0.0986
vt 0.6094 0.1367
vt 0.6313 0.1226
vt 0.5947 0.1167
vt 0.6094 0.1367
vt 0.6455 0.1499
vt 0.6313 0.1226
vt 0.6206 0.1597
vt 0.6455 0.1499
vt 0.6094 0.1367
vt 0.6211 0.1597
vt 0.5913 0.147
vt 0.6099 0.1367
vt 0.5991 0.167
vt 0.5913 0.147
vt 0.6211 0.1597
vt 0.5991 0.167
vt 0.5752 0.1533
vt 0.5913 0.147
vt 0.5791 0.1714
vt 0.5752 0.1533
vt 0.5991 0.167
vt 0.5791 0.1714
vt 0.5586 0.1538
vt 0.5752 0.1533
vt 0.5601 0.1733
vt 0.5586 0.1538
vt 0.5791 0.1714
vt 0.5601 0.1733
vt 0.54 0.1528
vt 0.5586 0.1538
vt 0.5405 0.1738
vt 0.54 0.1528
vt 0.5601 0.1733
vt 0.5405 0.1738
vt 0.52 0.1514
vt 0.54 0.1528
vt 0.52 0.1738
vt 0.52 0.1514
vt 0.5405 0.1738
vt 0.52 0.1738
vt 0.5 0.1499
vt 0.52 0.1514
vt 0.5 0.1738
vt 0.5 0.1499
vt 0.52 0.1738
vt 0.5 0.1738
vt 0.5195 0.1514
vt 0.5 0.1499
vt 0.52 0.1738
vt 0.5195 0.1514
vt 0.5 0.1738
vt 0.52 0.1738
vt 0.54 0.1528
vt 0.5195 0.1514
vt 0.54 0.1738
vt 0.54 0.1528
vt 0.52 0.1738
vt 0.54 0.1738
vt 0.5586 0.1538
vt 0.54 0.1528
vt 0.5596 0.1733
vt 0.5586 0.1538
vt 0.54 0.1738
vt 0.5596 0.1733
vt 0.5747 0.1533
vt 0.5586 0.1538
vt 0.5786 0.1714
vt 0.5747 0.1533
vt 0.5596 0.1733
vt 0.5786 0.1714
vt 0.5908 0.147
vt 0.5747 0.1533
vt 0.5986 0.167
vt 0.5908 0.147
vt 0.5786 0.1714
vt 0.5986 0.167
vt 0.6094 0.1367
vt 0.5908 0.147
vt 0.6206 0.1597
vt 0.6094 0.1367
vt 0.5986 0.167
vt 0.6099 0.1367
vt 0.5811 0.1309
vt 0.5952 0.1167
vt 0.5913 0.147
vt 0.5811 0.1309
vt 0.6099 0.1367
vt 0.5913 0.147
vt 0.5718 0.1401
vt 0.5811 0.1309
vt 0.5752 0.1533
vt 0.5718 0.1401
vt 0.5913 0.147
vt 0.5752 0.1533
vt 0.5596 0.1367
vt 0.5718 0.1401
vt 0.5586 0.1538
vt 0.5596 0.1367
vt 0.5752 0.1533
vt 0.5586 0.1538
vt 0.5415 0.1328
vt 0.5596 0.1367
vt 0.54 0.1528
vt 0.5415 0.1328
vt 0.5586 0.1538
vt 0.54 0.1528
vt 0.5205 0.1289
vt 0.5415 0.1328
vt 0.52 0.1514
vt 0.5205 0.1289
vt 0.54 0.1528
vt 0.52 0.1514
vt 0.5 0.127
vt 0.5205 0.1289
vt 0.5 0.1499
vt 0.5 0.127
vt 0.52 0.1514
vt 0.5 0.1499
vt 0.52 0.1289
vt 0.5 0.127
vt 0.5195 0.1514
vt 0.52 0.1289
vt 0.5 0.1499
vt 0.5195 0.1514
vt 0.541 0.1328
vt 0.52 0.1289
vt 0.54 0.1528
vt 0.541 0.1328
vt 0.5195 0.1514
vt 0.54 0.1528
vt 0.5591 0.1367
vt 0.541 0.1328
vt 0.5586 0.1538
vt 0.5591 0.1367
vt 0.54 0.1528
vt 0.5586 0.1538
vt 0.5713 0.1401
vt 0.5591 0.1367
vt 0.5747 0.1533
vt 0.5713 0.1401
vt 0.5586 0.1538
vt 0.5747 0.1533
vt 0.5806 0.1309
vt 0.5713 0.1401
vt 0.5908 0.147
vt 0.5806 0.1309
vt 0.5747 0.1533
vt 0.5908 0.147
vt 0.5947 0.1167
vt 0.5806 0.1309
vt 0.6094 0.1367
vt 0.5947 0.1167
vt 0.5908 0.147
vt 0.5718 0.1401
vt 0.5654 0.1201
vt 0.5811 0.1309
vt 0.5596 0.1367
vt 0.5654 0.1201
vt 0.5718 0.1401
vt 0.5596 0.1367
vt 0.5459 0.1123
vt 0.5654 0.1201
vt 0.5415 0.1328
vt 0.5459 0.1123
vt 0.5596 0.1367
vt 0.5415 0.1328
vt 0.5225 0.106
vt 0.5459 0.1123
vt 0.5205 0.1289
vt 0.5225 0.106
vt 0.5415 0.1328
vt 0.5205 0.1289
vt 0.5 0.1035
vt 0.5225 0.106
vt 0.5 0.127
vt 0.5 0.1035
vt 0.5205 0.1289
vt 0.5 0.127
vt 0.5225 0.106
vt 0.5 0.1035
vt 0.52 0.1289
vt 0.5225 0.106
vt 0.5 0.127
vt 0.52 0.1289
vt 0.5454 0.1123
vt 0.5225 0.106
vt 0.541 0.1328
vt 0.5454 0.1123
vt 0.52 0.1289
vt 0.541 0.1328
vt 0.5654 0.1201
vt 0.5454 0.1123
vt 0.5591 0.1367
vt 0.5654 0.1201
vt 0.541 0.1328
vt 0.5591 0.1367
vt 0.5806 0.1309
vt 0.5654 0.1201
vt 0.5713 0.1401
vt 0.5806 0.1309
vt 0.5591 0.1367
vt 0.5811 0.1309
vt 0.5757 0.1016
vt 0.5952 0.1167
vt 0.5654 0.1201
vt 0.5757 0.1016
vt 0.5811 0.1309
vt 0.5654 0.1201
vt 0.5527 0.0903
vt 0.5757 0.1016
vt 0.5459 0.1123
vt 0.5527 0.0903
vt 0.5654 0.1201
vt 0.5459 0.1123
vt 0.5264 0.082
vt 0.5527 0.0903
vt 0.5225 0.106
vt 0.5264 0.082
vt 0.5459 0.1123
vt 0.5225 0.106
vt 0.5 0.0776
vt 0.5264 0.082
vt 0.5 0.1035
vt 0.5 0.0776
vt 0.5225 0.106
vt 0.5 0.1035
vt 0.5264 0.082
vt 0.5 0.0776
vt 0.5225 0.106
vt 0.5264 0.082
vt 0.5 0.1035
vt 0.5225 0.106
vt 0.5522 0.0903
vt 0.5264 0.082
vt 0.5454 0.1123
vt 0.5522 0.0903
vt 0.5225 0.106
vt 0.5454 0.1123
vt 0.5752 0.1016
vt 0.5522 0.0903
vt 0.5654 0.1201
vt 0.5752 0.1016
vt 0.5454 0.1123
vt 0.5654 0.1201
vt 0.5947 0.1167
vt 0.5752 0.1016
vt 0.5806 0.1309
vt 0.5947 0.1167
vt 0.5654 0.1201
vt 0.5347 0.4282
vt 0.5503 0.4092
vt 0.5508 0.4312
vt 0.5347 0.4058
vt 0.5503 0.4092
vt 0.5347 0.4282
vt 0.5347 0.4058
vt 0.5527 0.3862
vt 0.5503 0.4092
vt 0.5361 0.3833
vt 0.5527 0.3862
vt 0.5347 0.4058
vt 0.5361 0.3833
vt 0.5586 0.3633
vt 0.5527 0.3862
vt 0.5391 0.3608
vt 0.5586 0.3633
vt 0.5361 0.3833
vt 0.5391 0.3608
vt 0.5674 0.3359
vt 0.5586 0.3633
vt 0.542 0.3374
vt 0.5674 0.3359
vt 0.5391 0.3608
vt 0.542 0.3374
vt 0.561 0.312
vt 0.5674 0.3359
vt 0.5405 0.3159
vt 0.561 0.312
vt 0.542 0.3374
vt 0.5405 0.3159
vt 0.5571 0.2944
vt 0.561 0.312
vt 0.5391 0.2969
vt 0.5571 0.2944
vt 0.5405 0.3159
vt 0.5391 0.2969
vt 0.5581 0.2773
vt 0.5571 0.2944
vt 0.5396 0.2778
vt 0.5581 0.2773
vt 0.5391 0.2969
vt 0.5396 0.2778
vt 0.5601 0.2583
vt 0.5581 0.2773
vt 0.5405 0.2583
vt 0.5601 0.2583
vt 0.5396 0.2778
vt 0.5405 0.2583
vt 0.52 0.2803
vt 0.5205 0.2603
vt 0.5396 0.2778
vt 0.52 0.2803
vt 0.5405 0.2583
vt 0.5396 0.2778
vt 0.52 0.2993
vt 0.52 0.2803
vt 0.5391 0.2969
vt 0.52 0.2993
vt 0.5396 0.2778
vt 0.5391 0.2969
vt 0.52 0.3179
vt 0.52 0.2993
vt 0.5405 0.3159
vt 0.52 0.3179
vt 0.5391 0.2969
vt 0.5405 0.3159
vt 0.5205 0.3374
vt 0.52 0.3179
vt 0.542 0.3374
vt 0.5205 0.3374
vt 0.5405 0.3159
vt 0.542 0.3374
vt 0.5195 0.3589
vt 0.5205 0.3374
vt 0.5391 0.3608
vt 0.5195 0.3589
vt 0.542 0.3374
vt 0.5391 0.3608
vt 0.5181 0.3813
vt 0.5195 0.3589
vt 0.5361 0.3833
vt 0.5181 0.3813
vt 0.5391 0.3608
vt 0.5361 0.3833
vt 0.5176 0.4043
vt 0.5181 0.3813
vt 0.5347 0.4058
vt 0.5176 0.4043
vt 0.5361 0.3833
vt 0.5347 0.4058
vt 0.5176 0.4263
vt 0.5176 0.4043
vt 0.5347 0.4282
vt 0.5176 0.4263
vt 0.5347 0.4058
vt 0.5205 0.2603
vt 0.5 0.2832
vt 0.5 0.2627
vt 0.52 0.2803
vt 0.5 0.2832
vt 0.5205 0.2603
vt 0.52 0.2803
vt 0.5 0.3022
vt 0.5 0.2832
vt 0.52 0.2993
vt 0.5 0.3022
vt 0.52 0.2803
vt 0.52 0.2993
vt 0.5 0.3188
vt 0.5 0.3022
vt 0.52 0.3179
vt 0.5 0.3188
vt 0.52 0.2993
vt 0.52 0.3179
vt 0.5 0.3359
vt 0.5 0.3188
vt 0.5205 0.3374
vt 0.5 0.3359
vt 0.52 0.3179
vt 0.5205 0.3374
vt 0.5 0.3564
vt 0.5 0.3359
vt 0.5195 0.3589
vt 0.5 0.3564
vt 0.5205 0.3374
vt 0.5195 0.3589
vt 0.5 0.3799
vt 0.5 0.3564
vt 0.5181 0.3813
vt 0.5 0.3799
vt 0.5195 0.3589
vt 0.5181 0.3813
vt 0.5 0.4043
vt 0.5 0.3799
vt 0.5176 0.4043
vt 0.5 0.4043
vt 0.5181 0.3813
vt 0.5176 0.4043
vt 0.5 0.4258
vt 0.5 0.4043
vt 0.5176 0.4263
vt 0.5 0.4258
vt 0.5176 0.4043
vt 0.5674 0.3359
vt 0.5776 0.3022
vt 0.5889 0.3179
vt 0.561 0.312
vt 0.5776 0.3022
vt 0.5674 0.3359
vt 0.561 0.312
vt 0.5698 0.292
vt 0.5776 0.3022
vt 0.5571 0.2944
vt 0.5698 0.292
vt 0.561 0.312
vt 0.5571 0.2944
vt 0.5742 0.2788
vt 0.5698 0.292
vt 0.5581 0.2773
vt 0.5742 0.2788
vt 0.5571 0.2944
vt 0.5581 0.2773
vt 0.5796 0.2598
vt 0.5742 0.2788
vt 0.5601 0.2583
vt 0.5796 0.2598
vt 0.5581 0.2773
vt 0.6011 0.2646
vt 0.5742 0.2788
vt 0.5796 0.2598
vt 0.5903 0.2861
vt 0.5742 0.2788
vt 0.6011 0.2646
vt 0.5903 0.2861
vt 0.5698 0.292
vt 0.5742 0.2788
vt 0.5776 0.3022
vt 0.5698 0.292
vt 0.5903 0.2861
vt 0.5776 0.3022
vt 0.6074 0.2993
vt 0.5889 0.3179
vt 0.5903 0.2861
vt 0.6074 0.2993
vt 0.5776 0.3022
vt 0.5903 0.2861
vt 0.6289 0.2739
vt 0.6074 0.2993
vt 0.6011 0.2646
vt 0.6289 0.2739
vt 0.5903 0.2861
vt 0.731 0.7397
vt 0.7026 0.729
vt 0.71 0.7402
vt 0.7285 0.7227
vt 0.7026 0.729
vt 0.731 0.7397
vt 0.7285 0.7227
vt 0.6948 0.7131
vt 0.7026 0.729
vt 0.7231 0.7012
vt 0.6948 0.7131
vt 0.7285 0.7227
vt 0.7231 0.7012
vt 0.6826 0.6919
vt 0.6948 0.7131
vt 0.7129 0.6748
vt 0.6826 0.6919
vt 0.7231 0.7012
vt 0.7129 0.6748
vt 0.6694 0.6631
vt 0.6826 0.6919
vt 0.6978 0.6445
vt 0.6694 0.6631
vt 0.7129 0.6748
vt 0.6978 0.6445
vt 0.6543 0.6357
vt 0.6694 0.6631
vt 0.6782 0.6157
vt 0.6543 0.6357
vt 0.6978 0.6445
vt 0.6782 0.6157
vt 0.6362 0.6111
vt 0.6543 0.6357
vt 0.6563 0.5903
vt 0.6362 0.6111
vt 0.6782 0.6157
vt 0.6563 0.5903
vt 0.6157 0.5911
vt 0.6362 0.6111
vt 0.6313 0.5696
vt 0.6157 0.5911
vt 0.6563 0.5903
vt 0.6313 0.5696
vt 0.5928 0.5757
vt 0.6157 0.5911
vt 0.605 0.5535
vt 0.5928 0.5757
vt 0.6313 0.5696
vt 0.605 0.5535
vt 0.5693 0.5649
vt 0.5928 0.5757
vt 0.5781 0.5422
vt 0.5693 0.5649
vt 0.605 0.5535
vt 0.5781 0.5422
vt 0.5459 0.5583
vt 0.5693 0.5649
vt 0.5513 0.5356
vt 0.5459 0.5583
vt 0.5781 0.5422
vt 0.5513 0.5356
vt 0.5225 0.5552
vt 0.5459 0.5583
vt 0.5249 0.5325
vt 0.5225 0.5552
vt 0.5513 0.5356
vt 0.5249 0.5325
vt 0.5 0.5549
vt 0.5225 0.5552
vt 0.5 0.5325
vt 0.5 0.5549
vt 0.5249 0.5325
vt 0.5 0.5325
vt 0.5225 0.5552
vt 0.5 0.5549
vt 0.5249 0.5325
vt 0.5225 0.5552
vt 0.5 0.5325
vt 0.5249 0.5325
vt 0.5459 0.5583
vt 0.5225 0.5552
vt 0.5513 0.5356
vt 0.5459 0.5583
vt 0.5249 0.5325
vt 0.5513 0.5356
vt 0.5698 0.5649
vt 0.5459 0.5583
vt 0.5781 0.5422
vt 0.5698 0.5649
vt 0.5513 0.5356
vt 0.5781 0.5422
vt 0.5933 0.5757
vt 0.5698 0.5649
vt 0.605 0.5535
vt 0.5933 0.5757
vt 0.5781 0.5422
vt 0.605 0.5535
vt 0.6162 0.5911
vt 0.5933 0.5757
vt 0.6318 0.5696
vt 0.6162 0.5911
vt 0.605 0.5535
vt 0.6318 0.5696
vt 0.6367 0.6111
vt 0.6162 0.5911
vt 0.6563 0.5903
vt 0.6367 0.6111
vt 0.6318 0.5696
vt 0.6563 0.5903
vt 0.6543 0.6357
vt 0.6367 0.6111
vt 0.6787 0.6157
vt 0.6543 0.6357
vt 0.6563 0.5903
vt 0.6787 0.6157
vt 0.6699 0.6631
vt 0.6543 0.6357
vt 0.6978 0.6445
vt 0.6699 0.6631
vt 0.6787 0.6157
vt 0.6978 0.6445
vt 0.6826 0.6919
vt 0.6699 0.6631
vt 0.7129 0.6748
vt 0.6826 0.6919
vt 0.6978 0.6445
vt 0.7129 0.6748
vt 0.6953 0.7131
vt 0.6826 0.6919
vt 0.7236 0.7012
vt 0.6953 0.7131
vt 0.7129 0.6748
vt 0.7236 0.7012
vt 0.7031 0.729
vt 0.6953 0.7131
vt 0.7285 0.7227
vt 0.7031 0.729
vt 0.7236 0.7012
vt 0.7285 0.7227
vt 0.71 0.7402
vt 0.7031 0.729
vt 0.731 0.7397
vt 0.71 0.7402
vt 0.7285 0.7227
vt 0.71 0.7402
vt 0.6831 0.7432
vt 0.6875 0.7546
vt 0.7026 0.729
vt 0.6831 0.7432
vt 0.71 0.7402
vt 0.7026 0.729
vt 0.6719 0.731
vt 0.6831 0.7432
vt 0.6948 0.7131
vt 0.6719 0.731
vt 0.7026 0.729
vt 0.6948 0.7131
vt 0.6519 0.7129
vt 0.6719 0.731
vt 0.6826 0.6919
vt 0.6519 0.7129
vt 0.6948 0.7131
vt 0.6826 0.6919
vt 0.6431 0.6799
vt 0.6519 0.7129
vt 0.6694 0.6631
vt 0.6431 0.6799
vt 0.6826 0.6919
vt 0.6694 0.6631
vt 0.6323 0.6526
vt 0.6431 0.6799
vt 0.6543 0.6357
vt 0.6323 0.6526
vt 0.6694 0.6631
vt 0.6543 0.6357
vt 0.6187 0.6287
vt 0.6323 0.6526
vt 0.6362 0.6111
vt 0.6187 0.6287
vt 0.6543 0.6357
vt 0.6362 0.6111
vt 0.6021 0.6086
vt 0.6187 0.6287
vt 0.6157 0.5911
vt 0.6021 0.6086
vt 0.6362 0.6111
vt 0.6157 0.5911
vt 0.582 0.5945
vt 0.6021 0.6086
vt 0.5928 0.5757
vt 0.582 0.5945
vt 0.6157 0.5911
vt 0.5928 0.5757
vt 0.5615 0.5845
vt 0.582 0.5945
vt 0.5693 0.5649
vt 0.5615 0.5845
vt 0.5928 0.5757
vt 0.5693 0.5649
vt 0.5405 0.5781
vt 0.5615 0.5845
vt 0.5459 0.5583
vt 0.5405 0.5781
vt 0.5693 0.5649
vt 0.5459 0.5583
vt 0.52 0.575
vt 0.5405 0.5781
vt 0.5225 0.5552
vt 0.52 0.575
vt 0.5459 0.5583
vt 0.5225 0.5552
vt 0.5 0.5747
vt 0.52 0.575
vt 0.5 0.5549
vt 0.5 0.5747
vt 0.5225 0.5552
vt 0.5 0.5549
vt 0.52 0.575
vt 0.5 0.5747
vt 0.5225 0.5552
vt 0.52 0.575
vt 0.5 0.5549
vt 0.5225 0.5552
vt 0.541 0.5781
vt 0.52 0.575
vt 0.5459 0.5583
vt 0.541 0.5781
vt 0.5225 0.5552
vt 0.5459 0.5583
vt 0.5615 0.5845
vt 0.541 0.5781
vt 0.5698 0.5649
vt 0.5615 0.5845
vt 0.5459 0.5583
vt 0.5698 0.5649
vt 0.5825 0.5945
vt 0.5615 0.5845
vt 0.5933 0.5757
vt 0.5825 0.5945
vt 0.5698 0.5649
vt 0.5933 0.5757
vt 0.6021 0.6086
vt 0.5825 0.5945
vt 0.6162 0.5911
vt 0.6021 0.6086
vt 0.5933 0.5757
vt 0.6162 0.5911
vt 0.6191 0.6287
vt 0.6021 0.6086
vt 0.6367 0.6111
vt 0.6191 0.6287
vt 0.6162 0.5911
vt 0.6367 0.6111
vt 0.6323 0.6526
vt 0.6191 0.6287
vt 0.6543 0.6357
vt 0.6323 0.6526
vt 0.6367 0.6111
vt 0.6543 0.6357
vt 0.6436 0.6799
vt 0.6323 0.6526
vt 0.6699 0.6631
vt 0.6436 0.6799
vt 0.6543 0.6357
vt 0.6699 0.6631
vt 0.6523 0.7129
vt 0.6436 0.6799
vt 0.6826 0.6919
vt 0.6523 0.7129
vt 0.6699 0.6631
vt 0.6826 0.6919
vt 0.6724 0.731
vt 0.6523 0.7129
vt 0.6953 0.7131
vt 0.6724 0.731
vt 0.6826 0.6919
vt 0.6953 0.7131
vt 0.6836 0.7432
vt 0.6724 0.731
vt 0.7031 0.729
vt 0.6836 0.7432
vt 0.6953 0.7131
vt 0.7031 0.729
vt 0.688 0.7546
vt 0.6836 0.7432
vt 0.71 0.7402
vt 0.688 0.7546
vt 0.7031 0.729
vt 0.6875 0.7546
vt 0.6738 0.7639
vt 0.6807 0.7776
vt 0.6831 0.7432
vt 0.6738 0.7639
vt 0.6875 0.7546
vt 0.6831 0.7432
vt 0.6582 0.7531
vt 0.6738 0.7639
vt 0.6719 0.731
vt 0.6582 0.7531
vt 0.6831 0.7432
vt 0.6719 0.731
vt 0.6387 0.7437
vt 0.6582 0.7531
vt 0.6519 0.7129
vt 0.6387 0.7437
vt 0.6719 0.731
vt 0.6519 0.7129
vt 0.6162 0.7407
vt 0.6387 0.7437
vt 0.6211 0.7163
vt 0.6162 0.7407
vt 0.6519 0.7129
vt 0.6211 0.7163
vt 0.5957 0.7407
vt 0.6162 0.7407
vt 0.5977 0.7192
vt 0.5957 0.7407
vt 0.6211 0.7163
vt 0.5977 0.7192
vt 0.5791 0.7412
vt 0.5957 0.7407
vt 0.5786 0.7219
vt 0.5791 0.7412
vt 0.5977 0.7192
vt 0.6431 0.6799
vt 0.6211 0.7163
vt 0.6519 0.7129
vt 0.6177 0.6904
vt 0.6211 0.7163
vt 0.6431 0.6799
vt 0.6177 0.6904
vt 0.5977 0.7192
vt 0.6211 0.7163
vt 0.5952 0.6985
vt 0.5977 0.7192
vt 0.6177 0.6904
vt 0.5952 0.6985
vt 0.5786 0.7219
vt 0.5977 0.7192
vt 0.5742 0.7039
vt 0.5786 0.7219
vt 0.5952 0.6985
vt 0.6431 0.6799
vt 0.6108 0.6665
vt 0.6177 0.6904
vt 0.6323 0.6526
vt 0.6108 0.6665
vt 0.6431 0.6799
vt 0.6323 0.6526
vt 0.6035 0.6418
vt 0.6108 0.6665
vt 0.6187 0.6287
vt 0.6035 0.6418
vt 0.6323 0.6526
vt 0.6187 0.6287
vt 0.5898 0.6223
vt 0.6035 0.6418
vt 0.6021 0.6086
vt 0.5898 0.6223
vt 0.6187 0.6287
vt 0.6021 0.6086
vt 0.5723 0.6094
vt 0.5898 0.6223
vt 0.582 0.5945
vt 0.5723 0.6094
vt 0.6021 0.6086
vt 0.582 0.5945
vt 0.5537 0.6011
vt 0.5723 0.6094
vt 0.5615 0.5845
vt 0.5537 0.6011
vt 0.582 0.5945
vt 0.5615 0.5845
vt 0.5356 0.5955
vt 0.5537 0.6011
vt 0.5405 0.5781
vt 0.5356 0.5955
vt 0.5615 0.5845
vt 0.5405 0.5781
vt 0.5176 0.592
vt 0.5356 0.5955
vt 0.52 0.575
vt 0.5176 0.592
vt 0.5405 0.5781
vt 0.52 0.575
vt 0.5 0.5906
vt 0.5176 0.592
vt 0.5 0.5747
vt 0.5 0.5906
vt 0.52 0.575
vt 0.5 0.5747
vt 0.5176 0.592
vt 0.5 0.5906
vt 0.52 0.575
vt 0.5176 0.592
vt 0.5 0.5747
vt 0.52 0.575
vt 0.5356 0.5955
vt 0.5176 0.592
vt 0.541 0.5781
vt 0.5356 0.5955
vt 0.52 0.575
vt 0.541 0.5781
vt 0.5542 0.6011
vt 0.5356 0.5955
vt 0.5615 0.5845
vt 0.5542 0.6011
vt 0.541 0.5781
vt 0.5615 0.5845
vt 0.5723 0.6094
vt 0.5542 0.6011
vt 0.5825 0.5945
vt 0.5723 0.6094
vt 0.5615 0.5845
vt 0.5825 0.5945
vt 0.5903 0.6223
vt 0.5723 0.6094
vt 0.6021 0.6086
vt 0.5903 0.6223
vt 0.5825 0.5945
vt 0.6021 0.6086
vt 0.604 0.6418
vt 0.5903 0.6223
vt 0.6191 0.6287
vt 0.604 0.6418
vt 0.6021 0.6086
vt 0.6191 0.6287
vt 0.6113 0.6665
vt 0.604 0.6418
vt 0.6323 0.6526
vt 0.6113 0.6665
vt 0.6191 0.6287
vt 0.6323 0.6526
vt 0.6182 0.6904
vt 0.6113 0.6665
vt 0.6436 0.6799
vt 0.6182 0.6904
vt 0.6323 0.6526
vt 0.6436 0.6799
vt 0.6216 0.7163
vt 0.6182 0.6904
vt 0.6523 0.7129
vt 0.6216 0.7163
vt 0.6436 0.6799
vt 0.6523 0.7129
vt 0.6167 0.7407
vt 0.6216 0.7163
vt 0.6392 0.7437
vt 0.6167 0.7407
vt 0.6523 0.7129
vt 0.6392 0.7437
vt 0.6099 0.7626
vt 0.6167 0.7407
vt 0.6299 0.7675
vt 0.6099 0.7626
vt 0.6392 0.7437
vt 0.6299 0.7675
vt 0.6021 0.7821
vt 0.6099 0.7626
vt 0.6206 0.788
vt 0.6021 0.7821
vt 0.6299 0.7675
vt 0.6206 0.788
vt 0.5933 0.7986
vt 0.6021 0.7821
vt 0.6104 0.8058
vt 0.5933 0.7986
vt 0.6206 0.788
vt 0.6104 0.8058
vt 0.5825 0.812
vt 0.5933 0.7986
vt 0.5986 0.8212
vt 0.5825 0.812
vt 0.6104 0.8058
vt 0.5986 0.8212
vt 0.5708 0.8228
vt 0.5825 0.812
vt 0.5854 0.8345
vt 0.5708 0.8228
vt 0.5986 0.8212
vt 0.5854 0.8345
vt 0.5576 0.8314
vt 0.5708 0.8228
vt 0.5698 0.8456
vt 0.5576 0.8314
vt 0.5854 0.8345
vt 0.5698 0.8456
vt 0.5444 0.8378
vt 0.5576 0.8314
vt 0.5527 0.8527
vt 0.5444 0.8378
vt 0.5698 0.8456
vt 0.5527 0.8527
vt 0.5303 0.8411
vt 0.5444 0.8378
vt 0.5347 0.8567
vt 0.5303 0.8411
vt 0.5527 0.8527
vt 0.5347 0.8567
vt 0.5151 0.8427
vt 0.5303 0.8411
vt 0.5166 0.8579
vt 0.5151 0.8427
vt 0.5347 0.8567
vt 0.5166 0.8579
vt 0.5 0.844
vt 0.5151 0.8427
vt 0.5 0.8567
vt 0.5 0.844
vt 0.5166 0.8579
vt 0.5 0.8567
vt 0.5146 0.8427
vt 0.5 0.844
vt 0.5166 0.8579
vt 0.5146 0.8427
vt 0.5 0.8567
vt 0.5166 0.8579
vt 0.5298 0.8411
vt 0.5146 0.8427
vt 0.5347 0.8567
vt 0.5298 0.8411
vt 0.5166 0.8579
vt 0.5347 0.8567
vt 0.5439 0.8378
vt 0.5298 0.8411
vt 0.5522 0.8527
vt 0.5439 0.8378
vt 0.5347 0.8567
vt 0.5522 0.8527
vt 0.5571 0.8314
vt 0.5439 0.8378
vt 0.5698 0.8456
vt 0.5571 0.8314
vt 0.5522 0.8527
vt 0.5698 0.8456
vt 0.5703 0.8228
vt 0.5571 0.8314
vt 0.585 0.8345
vt 0.5703 0.8228
vt 0.5698 0.8456
vt 0.585 0.8345
vt 0.582 0.812
vt 0.5703 0.8228
vt 0.5986 0.8212
vt 0.582 0.812
vt 0.585 0.8345
vt 0.5986 0.8212
vt 0.5928 0.7986
vt 0.582 0.812
vt 0.6104 0.8058
vt 0.5928 0.7986
vt 0.5986 0.8212
vt 0.6104 0.8058
vt 0.6021 0.7821
vt 0.5928 0.7986
vt 0.6206 0.788
vt 0.6021 0.7821
vt 0.6104 0.8058
vt 0.6206 0.788
vt 0.6099 0.7626
vt 0.6021 0.7821
vt 0.6294 0.7675
vt 0.6099 0.7626
vt 0.6206 0.788
vt 0.6294 0.7675
vt 0.6162 0.7407
vt 0.6099 0.7626
vt 0.6387 0.7437
vt 0.6162 0.7407
vt 0.6294 0.7675
vt 0.6387 0.7437
vt 0.6489 0.7754
vt 0.6582 0.7531
vt 0.6294 0.7675
vt 0.6489 0.7754
vt 0.6387 0.7437
vt 0.6294 0.7675
vt 0.6396 0.7958
vt 0.6489 0.7754
vt 0.6206 0.788
vt 0.6396 0.7958
vt 0.6294 0.7675
vt 0.6206 0.788
vt 0.6294 0.8146
vt 0.6396 0.7958
vt 0.6104 0.8058
vt 0.6294 0.8146
vt 0.6206 0.788
vt 0.6104 0.8058
vt 0.6172 0.8318
vt 0.6294 0.8146
vt 0.5986 0.8212
vt 0.6172 0.8318
vt 0.6104 0.8058
vt 0.5986 0.8212
vt 0.603 0.8481
vt 0.6172 0.8318
vt 0.585 0.8345
vt 0.603 0.8481
vt 0.5986 0.8212
vt 0.585 0.8345
vt 0.5845 0.8645
vt 0.603 0.8481
vt 0.5698 0.8456
vt 0.5845 0.8645
vt 0.585 0.8345
vt 0.5698 0.8456
vt 0.5605 0.8663
vt 0.5845 0.8645
vt 0.5522 0.8527
vt 0.5605 0.8663
vt 0.5698 0.8456
vt 0.6489 0.7754
vt 0.6738 0.7639
vt 0.6582 0.7531
vt 0.667 0.7852
vt 0.6738 0.7639
vt 0.6489 0.7754
vt 0.667 0.7852
vt 0.6807 0.7776
vt 0.6738 0.7639
vt 0.6851 0.7971
vt 0.6807 0.7776
vt 0.667 0.7852
vt 0.5742 0.7039
vt 0.5908 0.679
vt 0.5664 0.6902
vt 0.5952 0.6985
vt 0.5908 0.679
vt 0.5742 0.7039
vt 0.5952 0.6985
vt 0.6108 0.6665
vt 0.5908 0.679
vt 0.6177 0.6904
vt 0.6108 0.6665
vt 0.5952 0.6985
vt 0.6396 0.7958
vt 0.667 0.7852
vt 0.6489 0.7754
vt 0.6602 0.8048
vt 0.667 0.7852
vt 0.6396 0.7958
vt 0.6602 0.8048
vt 0.6851 0.7971
vt 0.667 0.7852
vt 0.6821 0.8132
vt 0.6851 0.7971
vt 0.6602 0.8048
vt 0.6294 0.8146
vt 0.6602 0.8048
vt 0.6396 0.7958
vt 0.6514 0.8243
vt 0.6602 0.8048
vt 0.6294 0.8146
vt 0.6514 0.8243
vt 0.6821 0.8132
vt 0.6602 0.8048
vt 0.6758 0.8346
vt 0.6821 0.8132
vt 0.6514 0.8243
vt 0.6172 0.8318
vt 0.6514 0.8243
vt 0.6294 0.8146
vt 0.6401 0.8431
vt 0.6514 0.8243
vt 0.6172 0.8318
vt 0.6401 0.8431
vt 0.6758 0.8346
vt 0.6514 0.8243
vt 0.666 0.8546
vt 0.6758 0.8346
vt 0.6401 0.8431
vt 0.5791 0.7412
vt 0.5913 0.7603
vt 0.5957 0.7407
vt 0.5767 0.7601
vt 0.5913 0.7603
vt 0.5791 0.7412
vt 0.5767 0.7601
vt 0.5854 0.7783
vt 0.5913 0.7603
vt 0.5718 0.7767
vt 0.5854 0.7783
vt 0.5767 0.7601
vt 0.5718 0.7767
vt 0.5776 0.7938
vt 0.5854 0.7783
vt 0.5654 0.7903
vt 0.5776 0.7938
vt 0.5718 0.7767
vt 0.5654 0.7903
vt 0.5684 0.8053
vt 0.5776 0.7938
vt 0.5581 0.7994
vt 0.5684 0.8053
vt 0.5654 0.7903
vt 0.5581 0.7994
vt 0.5581 0.8132
vt 0.5684 0.8053
vt 0.5498 0.8043
vt 0.5581 0.8132
vt 0.5581 0.7994
vt 0.5498 0.8043
vt 0.5479 0.8186
vt 0.5581 0.8132
vt 0.5405 0.8053
vt 0.5479 0.8186
vt 0.5498 0.8043
vt 0.5405 0.8053
vt 0.5381 0.8243
vt 0.5479 0.8186
vt 0.5347 0.8137
vt 0.5381 0.8243
vt 0.5405 0.8053
vt 0.5347 0.8137
vt 0.5269 0.8264
vt 0.5381 0.8243
vt 0.5254 0.8109
vt 0.5269 0.8264
vt 0.5347 0.8137
vt 0.5254 0.8109
vt 0.5132 0.8278
vt 0.5269 0.8264
vt 0.5127 0.8105
vt 0.5132 0.8278
vt 0.5254 0.8109
vt 0.5127 0.8105
vt 0.5 0.83
vt 0.5132 0.8278
vt 0.5 0.8116
vt 0.5 0.83
vt 0.5127 0.8105
vt 0.5 0.8116
vt 0.5137 0.8278
vt 0.5 0.83
vt 0.5132 0.8105
vt 0.5137 0.8278
vt 0.5 0.8116
vt 0.5132 0.8105
vt 0.5269 0.8264
vt 0.5137 0.8278
vt 0.5259 0.8109
vt 0.5269 0.8264
vt 0.5132 0.8105
vt 0.5259 0.8109
vt 0.5386 0.8243
vt 0.5269 0.8264
vt 0.5352 0.8137
vt 0.5386 0.8243
vt 0.5259 0.8109
vt 0.5352 0.8137
vt 0.5479 0.8186
vt 0.5386 0.8243
vt 0.5405 0.8053
vt 0.5479 0.8186
vt 0.5352 0.8137
vt 0.5405 0.8053
vt 0.5581 0.8132
vt 0.5479 0.8186
vt 0.5503 0.8043
vt 0.5581 0.8132
vt 0.5405 0.8053
vt 0.5503 0.8043
vt 0.5684 0.8053
vt 0.5581 0.8132
vt 0.5581 0.7994
vt 0.5684 0.8053
vt 0.5503 0.8043
vt 0.5581 0.7994
vt 0.5776 0.7938
vt 0.5684 0.8053
vt 0.5654 0.7903
vt 0.5776 0.7938
vt 0.5581 0.7994
vt 0.5654 0.7903
vt 0.5859 0.7783
vt 0.5776 0.7938
vt 0.5723 0.7767
vt 0.5859 0.7783
vt 0.5654 0.7903
vt 0.5723 0.7767
vt 0.5918 0.7603
vt 0.5859 0.7783
vt 0.5767 0.7601
vt 0.5918 0.7603
vt 0.5723 0.7767
vt 0.5767 0.7601
vt 0.5962 0.7407
vt 0.5918 0.7603
vt 0.5791 0.7412
vt 0.5962 0.7407
vt 0.5767 0.7601
vt 0.5791 0.7412
vt 0.5981 0.7192
vt 0.5962 0.7407
vt 0.5786 0.7219
vt 0.5981 0.7192
vt 0.5791 0.7412
vt 0.5786 0.7219
vt 0.5957 0.6985
vt 0.5981 0.7192
vt 0.5742 0.7039
vt 0.5957 0.6985
vt 0.5786 0.7219
vt 0.5742 0.7039
vt 0.5913 0.679
vt 0.5957 0.6985
vt 0.5669 0.6902
vt 0.5913 0.679
vt 0.5742 0.7039
vt 0.5669 0.6902
vt 0.583 0.6719
vt 0.5913 0.679
vt 0.5679 0.6816
vt 0.583 0.6719
vt 0.5669 0.6902
vt 0.5679 0.6816
vt 0.5776 0.6677
vt 0.583 0.6719
vt 0.5679 0.677
vt 0.5776 0.6677
vt 0.5679 0.6816
vt 0.5405 0.8053
vt 0.5254 0.8109
vt 0.5347 0.8137
vt 0.5293 0.7915
vt 0.5254 0.8109
vt 0.5405 0.8053
vt 0.5293 0.7915
vt 0.5127 0.8105
vt 0.5254 0.8109
vt 0.5132 0.7909
vt 0.5127 0.8105
vt 0.5293 0.7915
vt 0.5132 0.7909
vt 0.5 0.8116
vt 0.5127 0.8105
vt 0.5 0.7906
vt 0.5 0.8116
vt 0.5132 0.7909
vt 0.5 0.7906
vt 0.5132 0.8105
vt 0.5 0.8116
vt 0.5137 0.7909
vt 0.5132 0.8105
vt 0.5 0.7906
vt 0.5137 0.7909
vt 0.5259 0.8109
vt 0.5132 0.8105
vt 0.5293 0.7915
vt 0.5259 0.8109
vt 0.5137 0.7909
vt 0.5293 0.7915
vt 0.5352 0.8137
vt 0.5259 0.8109
vt 0.5405 0.8053
vt 0.5352 0.8137
vt 0.5293 0.7915
vt 0.5957 0.7407
vt 0.6099 0.7626
vt 0.6162 0.7407
vt 0.5913 0.7603
vt 0.6099 0.7626
vt 0.5957 0.7407
vt 0.5913 0.7603
vt 0.6021 0.7821
vt 0.6099 0.7626
vt 0.5854 0.7783
vt 0.6021 0.7821
vt 0.5913 0.7603
vt 0.5854 0.7783
vt 0.5928 0.7986
vt 0.6021 0.7821
vt 0.5776 0.7938
vt 0.5928 0.7986
vt 0.5854 0.7783
vt 0.5776 0.7938
vt 0.582 0.812
vt 0.5928 0.7986
vt 0.5684 0.8053
vt 0.582 0.812
vt 0.5776 0.7938
vt 0.5684 0.8053
vt 0.5703 0.8228
vt 0.582 0.812
vt 0.5581 0.8132
vt 0.5703 0.8228
vt 0.5684 0.8053
vt 0.5581 0.8132
vt 0.5571 0.8314
vt 0.5703 0.8228
vt 0.5479 0.8186
vt 0.5571 0.8314
vt 0.5581 0.8132
vt 0.5479 0.8186
vt 0.5439 0.8378
vt 0.5571 0.8314
vt 0.5381 0.8243
vt 0.5439 0.8378
vt 0.5479 0.8186
vt 0.5381 0.8243
vt 0.5298 0.8411
vt 0.5439 0.8378
vt 0.5269 0.8264
vt 0.5298 0.8411
vt 0.5381 0.8243
vt 0.5269 0.8264
vt 0.5146 0.8427
vt 0.5298 0.8411
vt 0.5132 0.8278
vt 0.5146 0.8427
vt 0.5269 0.8264
vt 0.5132 0.8278
vt 0.5 0.844
vt 0.5146 0.8427
vt 0.5 0.83
vt 0.5 0.844
vt 0.5132 0.8278
vt 0.5 0.83
vt 0.5151 0.8427
vt 0.5 0.844
vt 0.5137 0.8278
vt 0.5151 0.8427
vt 0.5 0.83
vt 0.5137 0.8278
vt 0.5303 0.8411
vt 0.5151 0.8427
vt 0.5269 0.8264
vt 0.5303 0.8411
vt 0.5137 0.8278
vt 0.5269 0.8264
vt 0.5444 0.8378
vt 0.5303 0.8411
vt 0.5386 0.8243
vt 0.5444 0.8378
vt 0.5269 0.8264
vt 0.5386 0.8243
vt 0.5576 0.8314
vt 0.5444 0.8378
vt 0.5479 0.8186
vt 0.5576 0.8314
vt 0.5386 0.8243
vt 0.5479 0.8186
vt 0.5708 0.8228
vt 0.5576 0.8314
vt 0.5581 0.8132
vt 0.5708 0.8228
vt 0.5479 0.8186
vt 0.5581 0.8132
vt 0.5825 0.812
vt 0.5708 0.8228
vt 0.5684 0.8053
vt 0.5825 0.812
vt 0.5581 0.8132
vt 0.5684 0.8053
vt 0.5933 0.7986
vt 0.5825 0.812
vt 0.5776 0.7938
vt 0.5933 0.7986
vt 0.5684 0.8053
vt 0.5776 0.7938
vt 0.6021 0.7821
vt 0.5933 0.7986
vt 0.5859 0.7783
vt 0.6021 0.7821
vt 0.5776 0.7938
vt 0.5859 0.7783
vt 0.6099 0.7626
vt 0.6021 0.7821
vt 0.5918 0.7603
vt 0.6099 0.7626
vt 0.5859 0.7783
vt 0.5918 0.7603
vt 0.6167 0.7407
vt 0.6099 0.7626
vt 0.5962 0.7407
vt 0.6167 0.7407
vt 0.5918 0.7603
vt 0.5962 0.7407
vt 0.6216 0.7163
vt 0.6167 0.7407
vt 0.5981 0.7192
vt 0.6216 0.7163
vt 0.5962 0.7407
vt 0.5981 0.7192
vt 0.6182 0.6904
vt 0.6216 0.7163
vt 0.5957 0.6985
vt 0.6182 0.6904
vt 0.5981 0.7192
vt 0.5957 0.6985
vt 0.6113 0.6665
vt 0.6182 0.6904
vt 0.5913 0.679
vt 0.6113 0.6665
vt 0.5957 0.6985
vt 0.5913 0.679
vt 0.604 0.6418
vt 0.6113 0.6665
vt 0.5928 0.6514
vt 0.604 0.6418
vt 0.5913 0.679
vt 0.5928 0.6514
vt 0.5903 0.6223
vt 0.604 0.6418
vt 0.5825 0.6313
vt 0.5903 0.6223
vt 0.5928 0.6514
vt 0.5825 0.6313
vt 0.5723 0.6094
vt 0.5903 0.6223
vt 0.5635 0.6208
vt 0.5723 0.6094
vt 0.5825 0.6313
vt 0.5635 0.6208
vt 0.5542 0.6011
vt 0.5723 0.6094
vt 0.5464 0.6155
vt 0.5542 0.6011
vt 0.5635 0.6208
vt 0.5464 0.6155
vt 0.5356 0.5955
vt 0.5542 0.6011
vt 0.5313 0.6108
vt 0.5356 0.5955
vt 0.5464 0.6155
vt 0.5313 0.6108
vt 0.5176 0.592
vt 0.5356 0.5955
vt 0.5156 0.6077
vt 0.5176 0.592
vt 0.5313 0.6108
vt 0.5156 0.6077
vt 0.5 0.5906
vt 0.5176 0.592
vt 0.5 0.6052
vt 0.5 0.5906
vt 0.5156 0.6077
vt 0.5 0.6052
vt 0.5176 0.592
vt 0.5 0.5906
vt 0.5151 0.6077
vt 0.5176 0.592
vt 0.5 0.6052
vt 0.5151 0.6077
vt 0.5356 0.5955
vt 0.5176 0.592
vt 0.5308 0.6108
vt 0.5356 0.5955
vt 0.5151 0.6077
vt 0.5308 0.6108
vt 0.5537 0.6011
vt 0.5356 0.5955
vt 0.5459 0.6155
vt 0.5537 0.6011
vt 0.5308 0.6108
vt 0.5459 0.6155
vt 0.5723 0.6094
vt 0.5537 0.6011
vt 0.5635 0.6208
vt 0.5723 0.6094
vt 0.5459 0.6155
vt 0.5635 0.6208
vt 0.5898 0.6223
vt 0.5723 0.6094
vt 0.5825 0.6313
vt 0.5898 0.6223
vt 0.5635 0.6208
vt 0.5825 0.6313
vt 0.6035 0.6418
vt 0.5898 0.6223
vt 0.5923 0.6514
vt 0.6035 0.6418
vt 0.5825 0.6313
vt 0.5923 0.6514
vt 0.6108 0.6665
vt 0.6035 0.6418
vt 0.5908 0.679
vt 0.6108 0.6665
vt 0.5923 0.6514
vt 0.5635 0.8799
vt 0.5845 0.8645
vt 0.5605 0.8663
vt 0.5811 0.8859
vt 0.5845 0.8645
vt 0.5635 0.8799
vt 0.5811 0.8859
vt 0.6108 0.8772
vt 0.5845 0.8645
vt 0.6006 0.8924
vt 0.6108 0.8772
vt 0.5811 0.8859
vt 0.6006 0.8924
vt 0.6382 0.8869
vt 0.6108 0.8772
vt 0.6265 0.8963
vt 0.6382 0.8869
vt 0.6006 0.8924
vt 0.5845 0.8645
vt 0.626 0.8607
vt 0.603 0.8481
vt 0.6108 0.8772
vt 0.626 0.8607
vt 0.5845 0.8645
vt 0.6108 0.8772
vt 0.6519 0.8733
vt 0.626 0.8607
vt 0.6382 0.8869
vt 0.6519 0.8733
vt 0.6108 0.8772
vt 0.603 0.8481
vt 0.6401 0.8431
vt 0.6172 0.8318
vt 0.626 0.8607
vt 0.6401 0.8431
vt 0.603 0.8481
vt 0.626 0.8607
vt 0.666 0.8546
vt 0.6401 0.8431
vt 0.6519 0.8733
vt 0.666 0.8546
vt 0.626 0.8607
vt 0.5596 0.8975
vt 0.5811 0.8859
vt 0.5635 0.8799
vt 0.5737 0.9062
vt 0.5811 0.8859
vt 0.5596 0.8975
vt 0.5737 0.9062
vt 0.6006 0.8924
vt 0.5811 0.8859
vt 0.5869 0.9075
vt 0.6006 0.8924
vt 0.5737 0.9062
vt 0.5869 0.9075
vt 0.6265 0.8963
vt 0.6006 0.8924
vt 0.6089 0.9052
vt 0.6265 0.8963
vt 0.5869 0.9075
vt 0.5596 0.8975
vt 0.5625 0.9317
vt 0.5737 0.9062
vt 0.5503 0.9117
vt 0.5625 0.9317
vt 0.5596 0.8975
vt 0.5503 0.9117
vt 0.5415 0.9464
vt 0.5625 0.9317
vt 0.5366 0.9229
vt 0.5415 0.9464
vt 0.5503 0.9117
vt 0.5366 0.9229
vt 0.5205 0.954
vt 0.5415 0.9464
vt 0.5181 0.9327
vt 0.5205 0.954
vt 0.5366 0.9229
vt 0.5181 0.9327
vt 0.5 0.9563
vt 0.5205 0.954
vt 0.5 0.9365
vt 0.5 0.9563
vt 0.5181 0.9327
vt 0.5 0.9365
vt 0.5205 0.954
vt 0.5 0.9563
vt 0.5186 0.9327
vt 0.5205 0.954
vt 0.5 0.9365
vt 0.5186 0.9327
vt 0.5415 0.9464
vt 0.5205 0.954
vt 0.5366 0.9229
vt 0.5415 0.9464
vt 0.5186 0.9327
vt 0.5366 0.9229
vt 0.563 0.9317
vt 0.5415 0.9464
vt 0.5503 0.9117
vt 0.563 0.9317
vt 0.5366 0.9229
vt 0.5503 0.9117
vt 0.5742 0.9062
vt 0.563 0.9317
vt 0.5596 0.8975
vt 0.5742 0.9062
vt 0.5503 0.9117
vt 0.5596 0.8975
vt 0.5811 0.8859
vt 0.5742 0.9062
vt 0.564 0.8799
vt 0.5811 0.8859
vt 0.5596 0.8975
vt 0.564 0.8799
vt 0.5845 0.8645
vt 0.5811 0.8859
vt 0.5605 0.8663
vt 0.5845 0.8645
vt 0.564 0.8799
vt 0.5605 0.8663
vt 0.5698 0.8456
vt 0.5845 0.8645
vt 0.5527 0.8527
vt 0.5698 0.8456
vt 0.5605 0.8663
vt 0.5215 0.9797
vt 0.5415 0.9464
vt 0.5205 0.954
vt 0.5444 0.9742
vt 0.5415 0.9464
vt 0.5215 0.9797
vt 0.5444 0.9742
vt 0.5625 0.9317
vt 0.5415 0.9464
vt 0.5654 0.9645
vt 0.5625 0.9317
vt 0.5444 0.9742
vt 0.5654 0.9645
vt 0.5737 0.928
vt 0.5625 0.9317
vt 0.5796 0.9562
vt 0.5737 0.928
vt 0.5654 0.9645
vt 0.5796 0.9562
vt 0.5986 0.9253
vt 0.5737 0.928
vt 0.5962 0.9491
vt 0.5986 0.9253
vt 0.5796 0.9562
vt 0.5205 0.954
vt 0.5 0.9803
vt 0.5215 0.9797
vt 0.5 0.9563
vt 0.5 0.9803
vt 0.5205 0.954
vt 0.5 0.9563
vt 0.522 0.9797
vt 0.5 0.9803
vt 0.5205 0.954
vt 0.522 0.9797
vt 0.5 0.9563
vt 0.5205 0.954
vt 0.5449 0.9742
vt 0.522 0.9797
vt 0.5415 0.9464
vt 0.5449 0.9742
vt 0.5205 0.954
vt 0.5415 0.9464
vt 0.5659 0.9645
vt 0.5449 0.9742
vt 0.563 0.9317
vt 0.5659 0.9645
vt 0.5415 0.9464
vt 0.563 0.9317
vt 0.5801 0.9562
vt 0.5659 0.9645
vt 0.5737 0.928
vt 0.5801 0.9562
vt 0.563 0.9317
vt 0.5737 0.928
vt 0.5967 0.9491
vt 0.5801 0.9562
vt 0.5991 0.9253
vt 0.5967 0.9491
vt 0.5737 0.928
vt 0.5625 0.9317
vt 0.5869 0.9075
vt 0.5737 0.9062
vt 0.5737 0.928
vt 0.5869 0.9075
vt 0.5625 0.9317
vt 0.5737 0.928
vt 0.6089 0.9052
vt 0.5869 0.9075
vt 0.5986 0.9253
vt 0.6089 0.9052
vt 0.5737 0.928
vt 0.6934 0.2642
vt 0.6665 0.29
vt 0.6929 0.2842
vt 0.6626 0.2671
vt 0.6665 0.29
vt 0.6934 0.2642
vt 0.6626 0.2671
vt 0.6406 0.3003
vt 0.6665 0.29
vt 0.6289 0.2739
vt 0.6406 0.3003
vt 0.6626 0.2671
vt 0.6289 0.2739
vt 0.6191 0.3174
vt 0.6406 0.3003
vt 0.6074 0.2993
vt 0.6191 0.3174
vt 0.6289 0.2739
vt 0.6074 0.2993
vt 0.6011 0.3335
vt 0.6191 0.3174
vt 0.5889 0.3179
vt 0.6011 0.3335
vt 0.6074 0.2993
vt 0.5889 0.3179
vt 0.5854 0.3496
vt 0.6011 0.3335
vt 0.5669 0.3359
vt 0.5854 0.3496
vt 0.5889 0.3179
vt 0.5669 0.3359
vt 0.5732 0.3701
vt 0.5854 0.3496
vt 0.5586 0.3633
vt 0.5732 0.3701
vt 0.5669 0.3359
vt 0.5586 0.3633
vt 0.5649 0.3921
vt 0.5732 0.3701
vt 0.5522 0.3862
vt 0.5649 0.3921
vt 0.5586 0.3633
vt 0.5522 0.3862
vt 0.5615 0.4131
vt 0.5649 0.3921
vt 0.5498 0.4092
vt 0.5615 0.4131
vt 0.5522 0.3862
vt 0.5498 0.4092
vt 0.5615 0.4336
vt 0.5615 0.4131
vt 0.5503 0.4312
vt 0.5615 0.4336
vt 0.5498 0.4092
vt 0.6929 0.2842
vt 0.6699 0.3091
vt 0.6929 0.2993
vt 0.6665 0.29
vt 0.6699 0.3091
vt 0.6929 0.2842
vt 0.6665 0.29
vt 0.646 0.3213
vt 0.6699 0.3091
vt 0.6406 0.3003
vt 0.646 0.3213
vt 0.6665 0.29
vt 0.6406 0.3003
vt 0.627 0.3354
vt 0.646 0.3213
vt 0.6191 0.3174
vt 0.627 0.3354
vt 0.6406 0.3003
vt 0.6191 0.3174
vt 0.6108 0.3481
vt 0.627 0.3354
vt 0.6011 0.3335
vt 0.6108 0.3481
vt 0.6191 0.3174
vt 0.6011 0.3335
vt 0.5986 0.3599
vt 0.6108 0.3481
vt 0.5854 0.3496
vt 0.5986 0.3599
vt 0.6011 0.3335
vt 0.5854 0.3496
vt 0.5854 0.377
vt 0.5986 0.3599
vt 0.5732 0.3701
vt 0.5854 0.377
vt 0.5854 0.3496
vt 0.5732 0.3701
vt 0.5747 0.3989
vt 0.5854 0.377
vt 0.5649 0.3921
vt 0.5747 0.3989
vt 0.5732 0.3701
vt 0.5649 0.3921
vt 0.5723 0.417
vt 0.5747 0.3989
vt 0.5615 0.4131
vt 0.5723 0.417
vt 0.5649 0.3921
vt 0.5615 0.4131
vt 0.5737 0.4336
vt 0.5723 0.417
vt 0.5615 0.4336
vt 0.5737 0.4336
vt 0.5615 0.4131
vt 0.5698 0.8456
vt 0.603 0.8481
vt 0.5845 0.8645
vt 0.5854 0.8345
vt 0.603 0.8481
vt 0.5698 0.8456
vt 0.5854 0.8345
vt 0.6177 0.8318
vt 0.603 0.8481
vt 0.5986 0.8212
vt 0.6177 0.8318
vt 0.5854 0.8345
vt 0.5986 0.8212
vt 0.6299 0.8146
vt 0.6177 0.8318
vt 0.6104 0.8058
vt 0.6299 0.8146
vt 0.5986 0.8212
vt 0.6104 0.8058
vt 0.6401 0.7958
vt 0.6299 0.8146
vt 0.6206 0.788
vt 0.6401 0.7958
vt 0.6104 0.8058
vt 0.6206 0.788
vt 0.6489 0.7754
vt 0.6401 0.7958
vt 0.6299 0.7675
vt 0.6489 0.7754
vt 0.6206 0.788
vt 0.6299 0.7675
vt 0.6582 0.7531
vt 0.6489 0.7754
vt 0.6392 0.7437
vt 0.6582 0.7531
vt 0.6299 0.7675
vt 0.6392 0.7437
vt 0.6724 0.731
vt 0.6582 0.7531
vt 0.6523 0.7129
vt 0.6724 0.731
vt 0.6392 0.7437
vt 0.6836 0.7432
vt 0.6582 0.7531
vt 0.6724 0.731
vt 0.6738 0.7639
vt 0.6582 0.7531
vt 0.6836 0.7432
vt 0.6738 0.7639
vt 0.6489 0.7754
vt 0.6582 0.7531
vt 0.6675 0.7852
vt 0.6489 0.7754
vt 0.6738 0.7639
vt 0.6675 0.7852
vt 0.6401 0.7958
vt 0.6489 0.7754
vt 0.6606 0.8048
vt 0.6401 0.7958
vt 0.6675 0.7852
vt 0.6606 0.8048
vt 0.6299 0.8146
vt 0.6401 0.7958
vt 0.6514 0.8243
vt 0.6299 0.8146
vt 0.6606 0.8048
vt 0.6514 0.8243
vt 0.6177 0.8318
vt 0.6299 0.8146
vt 0.6401 0.8431
vt 0.6177 0.8318
vt 0.6514 0.8243
vt 0.6401 0.8431
vt 0.603 0.8481
vt 0.6177 0.8318
vt 0.6265 0.8607
vt 0.603 0.8481
vt 0.6401 0.8431
vt 0.6265 0.8607
vt 0.5845 0.8645
vt 0.603 0.8481
vt 0.6113 0.8772
vt 0.5845 0.8645
vt 0.6265 0.8607
vt 0.6113 0.8772
vt 0.5811 0.8859
vt 0.5845 0.8645
vt 0.6006 0.8924
vt 0.5811 0.8859
vt 0.6113 0.8772
vt 0.6006 0.8924
vt 0.5742 0.9062
vt 0.5811 0.8859
vt 0.5874 0.9075
vt 0.5742 0.9062
vt 0.6006 0.8924
vt 0.5874 0.9075
vt 0.563 0.9317
vt 0.5742 0.9062
vt 0.5737 0.928
vt 0.563 0.9317
vt 0.5874 0.9075
vt 0.688 0.7546
vt 0.6738 0.7639
vt 0.6836 0.7432
vt 0.6812 0.7776
vt 0.6738 0.7639
vt 0.688 0.7546
vt 0.6812 0.7776
vt 0.6675 0.7852
vt 0.6738 0.7639
vt 0.6851 0.7971
vt 0.6675 0.7852
vt 0.6812 0.7776
vt 0.6851 0.7971
vt 0.6606 0.8048
vt 0.6675 0.7852
vt 0.6826 0.8132
vt 0.6606 0.8048
vt 0.6851 0.7971
vt 0.6826 0.8132
vt 0.6514 0.8243
vt 0.6606 0.8048
vt 0.6763 0.8346
vt 0.6514 0.8243
vt 0.6826 0.8132
vt 0.6763 0.8346
vt 0.6401 0.8431
vt 0.6514 0.8243
vt 0.666 0.8546
vt 0.6401 0.8431
vt 0.6763 0.8346
vt 0.666 0.8546
vt 0.6265 0.8607
vt 0.6401 0.8431
vt 0.6519 0.8733
vt 0.6265 0.8607
vt 0.666 0.8546
vt 0.6519 0.8733
vt 0.6113 0.8772
vt 0.6265 0.8607
vt 0.6387 0.8869
vt 0.6113 0.8772
vt 0.6519 0.8733
vt 0.6387 0.8869
vt 0.6006 0.8924
vt 0.6113 0.8772
vt 0.6265 0.8963
vt 0.6006 0.8924
vt 0.6387 0.8869
vt 0.6265 0.8963
vt 0.5874 0.9075
vt 0.6006 0.8924
vt 0.6089 0.9052
vt 0.5874 0.9075
vt 0.6265 0.8963
vt 0.6089 0.9052
vt 0.5737 0.928
vt 0.5874 0.9075
vt 0.5991 0.9253
vt 0.5737 0.928
vt 0.6089 0.9052
vt 0.5498 0.4092
vt 0.5347 0.4282
vt 0.5503 0.4312
vt 0.5342 0.4058
vt 0.5347 0.4282
vt 0.5498 0.4092
vt 0.5342 0.4058
vt 0.5171 0.4263
vt 0.5347 0.4282
vt 0.5171 0.4043
vt 0.5171 0.4263
vt 0.5342 0.4058
vt 0.5171 0.4043
vt 0.5 0.4258
vt 0.5171 0.4263
vt 0.5 0.4043
vt 0.5 0.4258
vt 0.5171 0.4043
vt 0.5522 0.3862
vt 0.5342 0.4058
vt 0.5498 0.4092
vt 0.5356 0.3833
vt 0.5342 0.4058
vt 0.5522 0.3862
vt 0.5356 0.3833
vt 0.5171 0.4043
vt 0.5342 0.4058
vt 0.5181 0.3813
vt 0.5171 0.4043
vt 0.5356 0.3833
vt 0.5181 0.3813
vt 0.5 0.4043
vt 0.5171 0.4043
vt 0.5 0.3799
vt 0.5 0.4043
vt 0.5181 0.3813
vt 0.5522 0.3862
vt 0.5386 0.3608
vt 0.5356 0.3833
vt 0.5586 0.3633
vt 0.5386 0.3608
vt 0.5522 0.3862
vt 0.5586 0.3633
vt 0.5415 0.3374
vt 0.5386 0.3608
vt 0.5669 0.3359
vt 0.5415 0.3374
vt 0.5586 0.3633
vt 0.5669 0.3359
vt 0.5405 0.3159
vt 0.5415 0.3374
vt 0.5605 0.312
vt 0.5405 0.3159
vt 0.5669 0.3359
vt 0.5605 0.312
vt 0.5391 0.2969
vt 0.5405 0.3159
vt 0.5566 0.2944
vt 0.5391 0.2969
vt 0.5605 0.312
vt 0.5566 0.2944
vt 0.5396 0.2778
vt 0.5391 0.2969
vt 0.5576 0.2773
vt 0.5396 0.2778
vt 0.5566 0.2944
vt 0.5576 0.2773
vt 0.5405 0.2583
vt 0.5396 0.2778
vt 0.5596 0.2583
vt 0.5405 0.2583
vt 0.5576 0.2773
vt 0.5405 0.2583
vt 0.52 0.2803
vt 0.5396 0.2778
vt 0.52 0.2603
vt 0.52 0.2803
vt 0.5405 0.2583
vt 0.52 0.2603
vt 0.5 0.2832
vt 0.52 0.2803
vt 0.5 0.2627
vt 0.5 0.2832
vt 0.52 0.2603
vt 0.5396 0.2778
vt 0.5195 0.2993
vt 0.5391 0.2969
vt 0.52 0.2803
vt 0.5195 0.2993
vt 0.5396 0.2778
vt 0.52 0.2803
vt 0.5 0.3022
vt 0.5195 0.2993
vt 0.5 0.2832
vt 0.5 0.3022
vt 0.52 0.2803
vt 0.5356 0.3833
vt 0.519 0.3589
vt 0.5181 0.3813
vt 0.5386 0.3608
vt 0.519 0.3589
vt 0.5356 0.3833
vt 0.5386 0.3608
vt 0.52 0.3374
vt 0.519 0.3589
vt 0.5415 0.3374
vt 0.52 0.3374
vt 0.5386 0.3608
vt 0.5415 0.3374
vt 0.52 0.3179
vt 0.52 0.3374
vt 0.5405 0.3159
vt 0.52 0.3179
vt 0.5415 0.3374
vt 0.5405 0.3159
vt 0.5195 0.2993
vt 0.52 0.3179
vt 0.5391 0.2969
vt 0.5195 0.2993
vt 0.5405 0.3159
vt 0.5181 0.3813
vt 0.5 0.3564
vt 0.5 0.3799
vt 0.519 0.3589
vt 0.5 0.3564
vt 0.5181 0.3813
vt 0.519 0.3589
vt 0.5 0.3359
vt 0.5 0.3564
vt 0.52 0.3374
vt 0.5 0.3359
vt 0.519 0.3589
vt 0.52 0.3374
vt 0.5 0.3188
vt 0.5 0.3359
vt 0.52 0.3179
vt 0.5 0.3188
vt 0.52 0.3374
vt 0.52 0.3179
vt 0.5 0.3022
vt 0.5 0.3188
vt 0.5195 0.2993
vt 0.5 0.3022
vt 0.52 0.3179
vt 0.5669 0.6902
vt 0.5537 0.6765
vt 0.5679 0.6816
vt 0.5508 0.679
vt 0.5537 0.6765
vt 0.5669 0.6902
vt 0.5508 0.679
vt 0.5479 0.6677
vt 0.5537 0.6765
vt 0.5444 0.6697
vt 0.5479 0.6677
vt 0.5508 0.679
vt 0.5444 0.6697
vt 0.5449 0.6555
vt 0.5479 0.6677
vt 0.541 0.655
vt 0.5449 0.6555
vt 0.5444 0.6697
vt 0.541 0.655
vt 0.5454 0.6443
vt 0.5449 0.6555
vt 0.5405 0.6433
vt 0.5454 0.6443
vt 0.541 0.655
vt 0.5405 0.6433
vt 0.5513 0.6338
vt 0.5454 0.6443
vt 0.5459 0.6301
vt 0.5513 0.6338
vt 0.5405 0.6433
vt 0.5459 0.6301
vt 0.5649 0.6299
vt 0.5513 0.6338
vt 0.5635 0.6208
vt 0.5649 0.6299
vt 0.5459 0.6301
vt 0.5635 0.6208
vt 0.5776 0.637
vt 0.5649 0.6299
vt 0.5825 0.6313
vt 0.5776 0.637
vt 0.5635 0.6208
vt 0.5825 0.6313
vt 0.5854 0.6526
vt 0.5776 0.637
vt 0.5928 0.6514
vt 0.5854 0.6526
vt 0.5825 0.6313
vt 0.5928 0.6514
vt 0.583 0.6719
vt 0.5854 0.6526
vt 0.5913 0.679
vt 0.583 0.6719
vt 0.5928 0.6514
vt 0.5776 0.6677
vt 0.5854 0.6526
vt 0.583 0.6719
vt 0.5791 0.6543
vt 0.5854 0.6526
vt 0.5776 0.6677
vt 0.5791 0.6543
vt 0.5776 0.637
vt 0.5854 0.6526
vt 0.5742 0.6418
vt 0.5776 0.637
vt 0.5791 0.6543
vt 0.5742 0.6418
vt 0.5649 0.6299
vt 0.5776 0.637
vt 0.5649 0.6348
vt 0.5649 0.6299
vt 0.5742 0.6418
vt 0.5649 0.6348
vt 0.5513 0.6338
vt 0.5649 0.6299
vt 0.5552 0.6365
vt 0.5513 0.6338
vt 0.5649 0.6348
vt 0.5552 0.6365
vt 0.5454 0.6443
vt 0.5513 0.6338
vt 0.5493 0.645
vt 0.5454 0.6443
vt 0.5552 0.6365
vt 0.5493 0.645
vt 0.5449 0.6555
vt 0.5454 0.6443
vt 0.5488 0.6555
vt 0.5449 0.6555
vt 0.5493 0.645
vt 0.5488 0.6555
vt 0.5479 0.6677
vt 0.5449 0.6555
vt 0.5513 0.6655
vt 0.5479 0.6677
vt 0.5488 0.6555
vt 0.5513 0.6655
vt 0.5537 0.6765
vt 0.5479 0.6677
vt 0.5562 0.6736
vt 0.5537 0.6765
vt 0.5513 0.6655
vt 0.5562 0.6736
vt 0.5679 0.6816
vt 0.5537 0.6765
vt 0.5679 0.677
vt 0.5679 0.6816
vt 0.5562 0.6736
vt 0.5444 0.6697
vt 0.5347 0.6548
vt 0.541 0.655
vt 0.5361 0.6655
vt 0.5347 0.6548
vt 0.5444 0.6697
vt 0.5361 0.6655
vt 0.5249 0.6548
vt 0.5347 0.6548
vt 0.5273 0.668
vt 0.5249 0.6548
vt 0.5361 0.6655
vt 0.5273 0.668
vt 0.5132 0.6545
vt 0.5249 0.6548
vt 0.5151 0.6687
vt 0.5132 0.6545
vt 0.5273 0.668
vt 0.5151 0.6687
vt 0.5 0.6558
vt 0.5132 0.6545
vt 0.4998 0.6721
vt 0.5 0.6558
vt 0.5151 0.6687
vt 0.4998 0.6721
vt 0.5127 0.6545
vt 0.5 0.6558
vt 0.5146 0.6687
vt 0.5127 0.6545
vt 0.4998 0.6721
vt 0.5146 0.6687
vt 0.5249 0.6548
vt 0.5127 0.6545
vt 0.5269 0.668
vt 0.5249 0.6548
vt 0.5146 0.6687
vt 0.5269 0.668
vt 0.5342 0.6548
vt 0.5249 0.6548
vt 0.5361 0.6655
vt 0.5342 0.6548
vt 0.5269 0.668
vt 0.5361 0.6655
vt 0.5405 0.655
vt 0.5342 0.6548
vt 0.5439 0.6697
vt 0.5405 0.655
vt 0.5361 0.6655
vt 0.5439 0.6697
vt 0.5444 0.6555
vt 0.5405 0.655
vt 0.5479 0.6677
vt 0.5444 0.6555
vt 0.5439 0.6697
vt 0.5479 0.6677
vt 0.5483 0.6555
vt 0.5444 0.6555
vt 0.5508 0.6655
vt 0.5483 0.6555
vt 0.5479 0.6677
vt 0.5508 0.679
vt 0.5479 0.6677
vt 0.5439 0.6697
vt 0.5537 0.6765
vt 0.5479 0.6677
vt 0.5508 0.679
vt 0.5537 0.6765
vt 0.5508 0.6655
vt 0.5479 0.6677
vt 0.5562 0.6736
vt 0.5508 0.6655
vt 0.5537 0.6765
vt 0.5508 0.679
vt 0.5674 0.6816
vt 0.5537 0.6765
vt 0.5664 0.6902
vt 0.5674 0.6816
vt 0.5508 0.679
vt 0.5664 0.6902
vt 0.583 0.6719
vt 0.5674 0.6816
vt 0.5908 0.679
vt 0.583 0.6719
vt 0.5664 0.6902
vt 0.5908 0.679
vt 0.585 0.6526
vt 0.583 0.6719
vt 0.5923 0.6514
vt 0.585 0.6526
vt 0.5908 0.679
vt 0.5923 0.6514
vt 0.5776 0.637
vt 0.585 0.6526
vt 0.5825 0.6313
vt 0.5776 0.637
vt 0.5923 0.6514
vt 0.5825 0.6313
vt 0.5649 0.6299
vt 0.5776 0.637
vt 0.5635 0.6208
vt 0.5649 0.6299
vt 0.5825 0.6313
vt 0.5635 0.6208
vt 0.5508 0.6338
vt 0.5649 0.6299
vt 0.5459 0.6301
vt 0.5508 0.6338
vt 0.5635 0.6208
vt 0.5459 0.6301
vt 0.5449 0.6443
vt 0.5508 0.6338
vt 0.5405 0.6433
vt 0.5449 0.6443
vt 0.5459 0.6301
vt 0.5405 0.6433
vt 0.5444 0.6555
vt 0.5449 0.6443
vt 0.5405 0.655
vt 0.5444 0.6555
vt 0.5405 0.6433
vt 0.5483 0.6555
vt 0.5449 0.6443
vt 0.5444 0.6555
vt 0.5493 0.645
vt 0.5449 0.6443
vt 0.5483 0.6555
vt 0.5493 0.645
vt 0.5508 0.6338
vt 0.5449 0.6443
vt 0.5552 0.6365
vt 0.5508 0.6338
vt 0.5493 0.645
vt 0.5552 0.6365
vt 0.5649 0.6299
vt 0.5508 0.6338
vt 0.5645 0.6348
vt 0.5649 0.6299
vt 0.5552 0.6365
vt 0.5645 0.6348
vt 0.5776 0.637
vt 0.5649 0.6299
vt 0.5742 0.6418
vt 0.5776 0.637
vt 0.5645 0.6348
vt 0.5742 0.6418
vt 0.585 0.6526
vt 0.5776 0.637
vt 0.5791 0.6543
vt 0.585 0.6526
vt 0.5742 0.6418
vt 0.5791 0.6543
vt 0.583 0.6719
vt 0.585 0.6526
vt 0.5771 0.6677
vt 0.583 0.6719
vt 0.5791 0.6543
vt 0.5771 0.6677
vt 0.5674 0.6816
vt 0.583 0.6719
vt 0.5679 0.677
vt 0.5674 0.6816
vt 0.5771 0.6677
vt 0.5679 0.677
vt 0.5537 0.6765
vt 0.5674 0.6816
vt 0.5562 0.6736
vt 0.5537 0.6765
vt 0.5679 0.677
vt 0.5459 0.6155
vt 0.5459 0.6301
vt 0.5635 0.6208
vt 0.5386 0.6282
vt 0.5459 0.6301
vt 0.5459 0.6155
vt 0.5386 0.6282
vt 0.5405 0.6433
vt 0.5459 0.6301
vt 0.5352 0.6418
vt 0.5405 0.6433
vt 0.5386 0.6282
vt 0.5352 0.6418
vt 0.5405 0.655
vt 0.5405 0.6433
vt 0.5342 0.6548
vt 0.5405 0.655
vt 0.5352 0.6418
vt 0.5459 0.6155
vt 0.5273 0.6257
vt 0.5386 0.6282
vt 0.5308 0.6108
vt 0.5273 0.6257
vt 0.5459 0.6155
vt 0.5308 0.6108
vt 0.5137 0.623
vt 0.5273 0.6257
vt 0.5151 0.6077
vt 0.5137 0.623
vt 0.5308 0.6108
vt 0.5151 0.6077
vt 0.5 0.6204
vt 0.5137 0.623
vt 0.5 0.6052
vt 0.5 0.6204
vt 0.5151 0.6077
vt 0.5 0.6052
vt 0.5137 0.623
vt 0.5 0.6204
vt 0.5156 0.6077
vt 0.5137 0.623
vt 0.5 0.6052
vt 0.5156 0.6077
vt 0.5278 0.6257
vt 0.5137 0.623
vt 0.5313 0.6108
vt 0.5278 0.6257
vt 0.5156 0.6077
vt 0.5313 0.6108
vt 0.5391 0.6282
vt 0.5278 0.6257
vt 0.5464 0.6155
vt 0.5391 0.6282
vt 0.5313 0.6108
vt 0.5464 0.6155
vt 0.5459 0.6301
vt 0.5391 0.6282
vt 0.5635 0.6208
vt 0.5459 0.6301
vt 0.5464 0.6155
vt 0.5342 0.6548
vt 0.5249 0.6404
vt 0.5249 0.6548
vt 0.5352 0.6418
vt 0.5249 0.6404
vt 0.5342 0.6548
vt 0.5352 0.6418
vt 0.5273 0.6257
vt 0.5249 0.6404
vt 0.5386 0.6282
vt 0.5273 0.6257
vt 0.5352 0.6418
vt 0.5249 0.6548
vt 0.5127 0.6387
vt 0.5127 0.6545
vt 0.5249 0.6404
vt 0.5127 0.6387
vt 0.5249 0.6548
vt 0.5249 0.6404
vt 0.5137 0.623
vt 0.5127 0.6387
vt 0.5273 0.6257
vt 0.5137 0.623
vt 0.5249 0.6404
vt 0.5127 0.6545
vt 0.5 0.637
vt 0.5 0.6558
vt 0.5127 0.6387
vt 0.5 0.637
vt 0.5127 0.6545
vt 0.5127 0.6387
vt 0.5 0.6204
vt 0.5 0.637
vt 0.5137 0.623
vt 0.5 0.6204
vt 0.5127 0.6387
vt 0.541 0.655
vt 0.5352 0.6418
vt 0.5405 0.6433
vt 0.5347 0.6548
vt 0.5352 0.6418
vt 0.541 0.655
vt 0.5347 0.6548
vt 0.5249 0.6404
vt 0.5352 0.6418
vt 0.5249 0.6548
vt 0.5249 0.6404
vt 0.5347 0.6548
vt 0.5249 0.6548
vt 0.5132 0.6387
vt 0.5249 0.6404
vt 0.5132 0.6545
vt 0.5132 0.6387
vt 0.5249 0.6548
vt 0.5132 0.6545
vt 0.5 0.637
vt 0.5132 0.6387
vt 0.5 0.6558
vt 0.5 0.637
vt 0.5132 0.6545
vt 0.5405 0.6433
vt 0.5391 0.6282
vt 0.5459 0.6301
vt 0.5352 0.6418
vt 0.5391 0.6282
vt 0.5405 0.6433
vt 0.5352 0.6418
vt 0.5278 0.6257
vt 0.5391 0.6282
vt 0.5249 0.6404
vt 0.5278 0.6257
vt 0.5352 0.6418
vt 0.5249 0.6404
vt 0.5137 0.623
vt 0.5278 0.6257
vt 0.5132 0.6387
vt 0.5137 0.623
vt 0.5249 0.6404
vt 0.5132 0.6387
vt 0.5 0.6204
vt 0.5137 0.623
vt 0.5 0.637
vt 0.5 0.6204
vt 0.5132 0.6387
vt 0.5669 0.3359
vt 0.5776 0.3022
vt 0.5605 0.312
vt 0.5889 0.3179
vt 0.5776 0.3022
vt 0.5669 0.3359
vt 0.5889 0.3179
vt 0.5898 0.2861
vt 0.5776 0.3022
vt 0.6074 0.2993
vt 0.5898 0.2861
vt 0.5889 0.3179
vt 0.6074 0.2993
vt 0.6006 0.2646
vt 0.5898 0.2861
vt 0.6289 0.2739
vt 0.6006 0.2646
vt 0.6074 0.2993
vt 0.6006 0.2646
vt 0.5742 0.2788
vt 0.5898 0.2861
vt 0.5791 0.2598
vt 0.5742 0.2788
vt 0.6006 0.2646
vt 0.5791 0.2598
vt 0.5576 0.2773
vt 0.5742 0.2788
vt 0.5596 0.2583
vt 0.5576 0.2773
vt 0.5791 0.2598
vt 0.5742 0.2788
vt 0.5776 0.3022
vt 0.5898 0.2861
vt 0.5698 0.292
vt 0.5776 0.3022
vt 0.5742 0.2788
vt 0.5698 0.292
vt 0.5605 0.312
vt 0.5776 0.3022
vt 0.5566 0.2944
vt 0.5605 0.312
vt 0.5698 0.292
vt 0.7646 0.4395
vt 0.7402 0.4688
vt 0.7427 0.4478
vt 0.7578 0.4644
vt 0.7402 0.4688
vt 0.7646 0.4395
vt 0.7578 0.4644
vt 0.7358 0.4897
vt 0.7402 0.4688
vt 0.7505 0.4893
vt 0.7358 0.4897
vt 0.7578 0.4644
vt 0.7505 0.4893
vt 0.7285 0.5095
vt 0.7358 0.4897
vt 0.7407 0.5112
vt 0.7285 0.5095
vt 0.7505 0.4893
vt 0.7407 0.5112
vt 0.7202 0.5249
vt 0.7285 0.5095
vt 0.73 0.53
vt 0.7202 0.5249
vt 0.7407 0.5112
vt 0.73 0.53
vt 0.707 0.5461
vt 0.7202 0.5249
vt 0.7168 0.5508
vt 0.707 0.5461
vt 0.73 0.53
vt 0.7168 0.5508
vt 0.6934 0.5625
vt 0.707 0.5461
vt 0.6992 0.5718
vt 0.6934 0.5625
vt 0.7168 0.5508
vt 0.6992 0.5718
vt 0.6841 0.5671
vt 0.6934 0.5625
vt 0.6841 0.5796
vt 0.6841 0.5671
vt 0.6992 0.5718
vt 0.6841 0.5796
vt 0.6748 0.5625
vt 0.6841 0.5671
vt 0.6689 0.572
vt 0.6748 0.5625
vt 0.6841 0.5796
vt 0.6689 0.572
vt 0.6611 0.5464
vt 0.6748 0.5625
vt 0.6514 0.551
vt 0.6611 0.5464
vt 0.6689 0.572
vt 0.6514 0.551
vt 0.6484 0.5254
vt 0.6611 0.5464
vt 0.6382 0.5303
vt 0.6484 0.5254
vt 0.6514 0.551
vt 0.6382 0.5303
vt 0.6401 0.5095
vt 0.6484 0.5254
vt 0.627 0.5125
vt 0.6401 0.5095
vt 0.6382 0.5303
vt 0.627 0.5125
vt 0.6323 0.4893
vt 0.6401 0.5095
vt 0.6157 0.4902
vt 0.6323 0.4893
vt 0.627 0.5125
vt 0.6157 0.4902
vt 0.627 0.4697
vt 0.6323 0.4893
vt 0.6064 0.4653
vt 0.627 0.4697
vt 0.6157 0.4902
vt 0.6064 0.4653
vt 0.6221 0.4429
vt 0.627 0.4697
vt 0.5996 0.4351
vt 0.6221 0.4429
vt 0.6064 0.4653
vt 0.7368 0.6021
vt 0.7603 0.595
vt 0.7568 0.6113
vt 0.7358 0.5815
vt 0.7603 0.595
vt 0.7368 0.6021
vt 0.7358 0.5815
vt 0.7686 0.5769
vt 0.7603 0.595
vt 0.7466 0.5586
vt 0.7686 0.5769
vt 0.7358 0.5815
vt 0.7466 0.5586
vt 0.7827 0.563
vt 0.7686 0.5769
vt 0.7612 0.5437
vt 0.7827 0.563
vt 0.7466 0.5586
vt 0.7612 0.5437
vt 0.7998 0.5505
vt 0.7827 0.563
vt 0.7842 0.5288
vt 0.7998 0.5505
vt 0.7612 0.5437
vt 0.7842 0.5288
vt 0.8193 0.5408
vt 0.7998 0.5505
vt 0.812 0.5168
vt 0.8193 0.5408
vt 0.7842 0.5288
vt 0.812 0.5168
vt 0.8398 0.5347
vt 0.8193 0.5408
vt 0.8369 0.5105
vt 0.8398 0.5347
vt 0.812 0.5168
vt 0.8369 0.5105
vt 0.8589 0.5317
vt 0.8398 0.5347
vt 0.8589 0.5078
vt 0.8589 0.5317
vt 0.8369 0.5105
vt 0.8589 0.5078
vt 0.8779 0.5339
vt 0.8589 0.5317
vt 0.8799 0.5081
vt 0.8779 0.5339
vt 0.8589 0.5078
vt 0.8799 0.5081
vt 0.8989 0.5398
vt 0.8779 0.5339
vt 0.9072 0.5129
vt 0.8989 0.5398
vt 0.8799 0.5081
vt 0.9072 0.5129
vt 0.9189 0.5503
vt 0.8989 0.5398
vt 0.937 0.5256
vt 0.9189 0.5503
vt 0.9072 0.5129
vt 0.937 0.5256
vt 0.9355 0.5637
vt 0.9189 0.5503
vt 0.9565 0.5405
vt 0.9355 0.5637
vt 0.937 0.5256
vt 0.9565 0.5405
vt 0.9478 0.5779
vt 0.9355 0.5637
vt 0.9707 0.5574
vt 0.9478 0.5779
vt 0.9565 0.5405
vt 0.9707 0.5574
vt 0.957 0.5918
vt 0.9478 0.5779
vt 0.9814 0.5762
vt 0.957 0.5918
vt 0.9707 0.5574
vt 0.9814 0.5762
vt 0.9609 0.6084
vt 0.957 0.5918
vt 0.9834 0.5957
vt 0.9609 0.6084
vt 0.9814 0.5762
vt 0.7568 0.6113
vt 0.7813 0.6072
vt 0.7769 0.6204
vt 0.7603 0.595
vt 0.7813 0.6072
vt 0.7568 0.6113
vt 0.7603 0.595
vt 0.7891 0.5935
vt 0.7813 0.6072
vt 0.7686 0.5769
vt 0.7891 0.5935
vt 0.7603 0.595
vt 0.7686 0.5769
vt 0.8003 0.5806
vt 0.7891 0.5935
vt 0.7827 0.563
vt 0.8003 0.5806
vt 0.7686 0.5769
vt 0.7827 0.563
vt 0.813 0.5698
vt 0.8003 0.5806
vt 0.7998 0.5505
vt 0.813 0.5698
vt 0.7827 0.563
vt 0.7998 0.5505
vt 0.8271 0.5615
vt 0.813 0.5698
vt 0.8193 0.5408
vt 0.8271 0.5615
vt 0.7998 0.5505
vt 0.8193 0.5408
vt 0.8433 0.5559
vt 0.8271 0.5615
vt 0.8398 0.5347
vt 0.8433 0.5559
vt 0.8193 0.5408
vt 0.8398 0.5347
vt 0.8589 0.553
vt 0.8433 0.5559
vt 0.8589 0.5317
vt 0.8589 0.553
vt 0.8398 0.5347
vt 0.8589 0.5317
vt 0.875 0.5559
vt 0.8589 0.553
vt 0.8779 0.5339
vt 0.875 0.5559
vt 0.8589 0.5317
vt 0.8779 0.5339
vt 0.8911 0.5613
vt 0.875 0.5559
vt 0.8989 0.5398
vt 0.8911 0.5613
vt 0.8779 0.5339
vt 0.8989 0.5398
vt 0.9058 0.5698
vt 0.8911 0.5613
vt 0.9189 0.5503
vt 0.9058 0.5698
vt 0.8989 0.5398
vt 0.9189 0.5503
vt 0.918 0.5808
vt 0.9058 0.5698
vt 0.9355 0.5637
vt 0.918 0.5808
vt 0.9189 0.5503
vt 0.9355 0.5637
vt 0.9292 0.5938
vt 0.918 0.5808
vt 0.9478 0.5779
vt 0.9292 0.5938
vt 0.9355 0.5637
vt 0.9478 0.5779
vt 0.936 0.6047
vt 0.9292 0.5938
vt 0.957 0.5918
vt 0.936 0.6047
vt 0.9478 0.5779
vt 0.957 0.5918
vt 0.9414 0.6189
vt 0.936 0.6047
vt 0.9609 0.6084
vt 0.9414 0.6189
vt 0.957 0.5918
vt 0.7769 0.6204
vt 0.8003 0.6172
vt 0.7964 0.6284
vt 0.7813 0.6072
vt 0.8003 0.6172
vt 0.7769 0.6204
vt 0.7813 0.6072
vt 0.8062 0.606
vt 0.8003 0.6172
vt 0.7891 0.5935
vt 0.8062 0.606
vt 0.7813 0.6072
vt 0.7891 0.5935
vt 0.8145 0.5955
vt 0.8062 0.606
vt 0.8003 0.5806
vt 0.8145 0.5955
vt 0.7891 0.5935
vt 0.8003 0.5806
vt 0.8237 0.5857
vt 0.8145 0.5955
vt 0.813 0.5698
vt 0.8237 0.5857
vt 0.8003 0.5806
vt 0.813 0.5698
vt 0.8345 0.5784
vt 0.8237 0.5857
vt 0.8271 0.5615
vt 0.8345 0.5784
vt 0.813 0.5698
vt 0.8271 0.5615
vt 0.8462 0.574
vt 0.8345 0.5784
vt 0.8433 0.5559
vt 0.8462 0.574
vt 0.8271 0.5615
vt 0.8433 0.5559
vt 0.8589 0.572
vt 0.8462 0.574
vt 0.8589 0.553
vt 0.8589 0.572
vt 0.8433 0.5559
vt 0.8589 0.553
vt 0.8716 0.574
vt 0.8589 0.572
vt 0.875 0.5559
vt 0.8716 0.574
vt 0.8589 0.553
vt 0.875 0.5559
vt 0.8833 0.5784
vt 0.8716 0.574
vt 0.8911 0.5613
vt 0.8833 0.5784
vt 0.875 0.5559
vt 0.8911 0.5613
vt 0.8945 0.5859
vt 0.8833 0.5784
vt 0.9058 0.5698
vt 0.8945 0.5859
vt 0.8911 0.5613
vt 0.9058 0.5698
vt 0.9038 0.5957
vt 0.8945 0.5859
vt 0.918 0.5808
vt 0.9038 0.5957
vt 0.9058 0.5698
vt 0.918 0.5808
vt 0.9116 0.6067
vt 0.9038 0.5957
vt 0.9292 0.5938
vt 0.9116 0.6067
vt 0.918 0.5808
vt 0.9292 0.5938
vt 0.9175 0.6165
vt 0.9116 0.6067
vt 0.936 0.6047
vt 0.9175 0.6165
vt 0.9292 0.5938
vt 0.936 0.6047
vt 0.9219 0.6282
vt 0.9175 0.6165
vt 0.9414 0.6189
vt 0.9219 0.6282
vt 0.936 0.6047
vt 0.7964 0.6284
vt 0.8179 0.6252
vt 0.8145 0.6353
vt 0.8003 0.6172
vt 0.8179 0.6252
vt 0.7964 0.6284
vt 0.8003 0.6172
vt 0.8223 0.6172
vt 0.8179 0.6252
vt 0.8062 0.606
vt 0.8223 0.6172
vt 0.8003 0.6172
vt 0.8062 0.606
vt 0.8276 0.6086
vt 0.8223 0.6172
vt 0.8145 0.5955
vt 0.8276 0.6086
vt 0.8062 0.606
vt 0.8145 0.5955
vt 0.8335 0.5989
vt 0.8276 0.6086
vt 0.8237 0.5857
vt 0.8335 0.5989
vt 0.8145 0.5955
vt 0.8237 0.5857
vt 0.8403 0.592
vt 0.8335 0.5989
vt 0.8345 0.5784
vt 0.8403 0.592
vt 0.8237 0.5857
vt 0.8345 0.5784
vt 0.8491 0.5894
vt 0.8403 0.592
vt 0.8462 0.574
vt 0.8491 0.5894
vt 0.8345 0.5784
vt 0.8462 0.574
vt 0.8589 0.5891
vt 0.8491 0.5894
vt 0.8589 0.572
vt 0.8589 0.5891
vt 0.8462 0.574
vt 0.8589 0.572
vt 0.8687 0.5896
vt 0.8589 0.5891
vt 0.8716 0.574
vt 0.8687 0.5896
vt 0.8589 0.572
vt 0.8716 0.574
vt 0.8774 0.592
vt 0.8687 0.5896
vt 0.8833 0.5784
vt 0.8774 0.592
vt 0.8716 0.574
vt 0.8833 0.5784
vt 0.8843 0.5994
vt 0.8774 0.592
vt 0.8945 0.5859
vt 0.8843 0.5994
vt 0.8833 0.5784
vt 0.8945 0.5859
vt 0.8896 0.6091
vt 0.8843 0.5994
vt 0.9038 0.5957
vt 0.8896 0.6091
vt 0.8945 0.5859
vt 0.9038 0.5957
vt 0.895 0.6177
vt 0.8896 0.6091
vt 0.9116 0.6067
vt 0.895 0.6177
vt 0.9038 0.5957
vt 0.9116 0.6067
vt 0.8994 0.6255
vt 0.895 0.6177
vt 0.9175 0.6165
vt 0.8994 0.6255
vt 0.9116 0.6067
vt 0.9175 0.6165
vt 0.9033 0.6357
vt 0.8994 0.6255
vt 0.9219 0.6282
vt 0.9033 0.6357
vt 0.9175 0.6165
vt 0.7402 0.4688
vt 0.7305 0.4512
vt 0.7427 0.4478
vt 0.7256 0.4712
vt 0.7305 0.4512
vt 0.7402 0.4688
vt 0.7256 0.4712
vt 0.708 0.4521
vt 0.7305 0.4512
vt 0.7051 0.4702
vt 0.708 0.4521
vt 0.7256 0.4712
vt 0.7051 0.4702
vt 0.6841 0.4512
vt 0.708 0.4521
vt 0.6841 0.4712
vt 0.6841 0.4512
vt 0.7051 0.4702
vt 0.6841 0.4712
vt 0.6582 0.4497
vt 0.6841 0.4512
vt 0.6631 0.4697
vt 0.6582 0.4497
vt 0.6841 0.4712
vt 0.6631 0.4697
vt 0.6387 0.4468
vt 0.6582 0.4497
vt 0.6431 0.4702
vt 0.6387 0.4468
vt 0.6631 0.4697
vt 0.6431 0.4702
vt 0.6221 0.4429
vt 0.6387 0.4468
vt 0.627 0.4697
vt 0.6221 0.4429
vt 0.6431 0.4702
vt 0.7358 0.4897
vt 0.7256 0.4712
vt 0.7402 0.4688
vt 0.7212 0.4888
vt 0.7256 0.4712
vt 0.7358 0.4897
vt 0.7212 0.4888
vt 0.7051 0.4702
vt 0.7256 0.4712
vt 0.7026 0.4883
vt 0.7051 0.4702
vt 0.7212 0.4888
vt 0.7026 0.4883
vt 0.6841 0.4712
vt 0.7051 0.4702
vt 0.6841 0.4868
vt 0.6841 0.4712
vt 0.7026 0.4883
vt 0.6841 0.4868
vt 0.6631 0.4697
vt 0.6841 0.4712
vt 0.6655 0.4878
vt 0.6631 0.4697
vt 0.6841 0.4868
vt 0.6655 0.4878
vt 0.6431 0.4702
vt 0.6631 0.4697
vt 0.647 0.4878
vt 0.6431 0.4702
vt 0.6655 0.4878
vt 0.647 0.4878
vt 0.627 0.4697
vt 0.6431 0.4702
vt 0.6323 0.4893
vt 0.627 0.4697
vt 0.647 0.4878
vt 0.7285 0.5095
vt 0.7212 0.4888
vt 0.7358 0.4897
vt 0.7153 0.5078
vt 0.7212 0.4888
vt 0.7285 0.5095
vt 0.7153 0.5078
vt 0.7026 0.4883
vt 0.7212 0.4888
vt 0.7002 0.5063
vt 0.7026 0.4883
vt 0.7153 0.5078
vt 0.7002 0.5063
vt 0.6841 0.4868
vt 0.7026 0.4883
vt 0.6841 0.5059
vt 0.6841 0.4868
vt 0.7002 0.5063
vt 0.6841 0.5059
vt 0.6655 0.4878
vt 0.6841 0.4868
vt 0.6675 0.5063
vt 0.6655 0.4878
vt 0.6841 0.5059
vt 0.6675 0.5063
vt 0.647 0.4878
vt 0.6655 0.4878
vt 0.6528 0.5078
vt 0.647 0.4878
vt 0.6675 0.5063
vt 0.6528 0.5078
vt 0.6323 0.4893
vt 0.647 0.4878
vt 0.6401 0.5095
vt 0.6323 0.4893
vt 0.6528 0.5078
vt 0.7202 0.5249
vt 0.7153 0.5078
vt 0.7285 0.5095
vt 0.7104 0.5205
vt 0.7153 0.5078
vt 0.7202 0.5249
vt 0.7104 0.5205
vt 0.7002 0.5063
vt 0.7153 0.5078
vt 0.6978 0.5229
vt 0.7002 0.5063
vt 0.7104 0.5205
vt 0.6978 0.5229
vt 0.6841 0.5059
vt 0.7002 0.5063
vt 0.6841 0.5244
vt 0.6841 0.5059
vt 0.6978 0.5229
vt 0.6841 0.5244
vt 0.6675 0.5063
vt 0.6841 0.5059
vt 0.6704 0.5229
vt 0.6675 0.5063
vt 0.6841 0.5244
vt 0.6704 0.5229
vt 0.6528 0.5078
vt 0.6675 0.5063
vt 0.6577 0.5205
vt 0.6528 0.5078
vt 0.6704 0.5229
vt 0.6577 0.5205
vt 0.6401 0.5095
vt 0.6528 0.5078
vt 0.6484 0.5254
vt 0.6401 0.5095
vt 0.6577 0.5205
vt 0.8145 0.6353
vt 0.835 0.6313
vt 0.8325 0.6399
vt 0.8179 0.6252
vt 0.835 0.6313
vt 0.8145 0.6353
vt 0.8179 0.6252
vt 0.8389 0.6255
vt 0.835 0.6313
vt 0.8223 0.6172
vt 0.8389 0.6255
vt 0.8179 0.6252
vt 0.8223 0.6172
vt 0.8418 0.6187
vt 0.8389 0.6255
vt 0.8276 0.6086
vt 0.8418 0.6187
vt 0.8223 0.6172
vt 0.8276 0.6086
vt 0.8433 0.6091
vt 0.8418 0.6187
vt 0.8335 0.5989
vt 0.8433 0.6091
vt 0.8276 0.6086
vt 0.8335 0.5989
vt 0.8447 0.6013
vt 0.8433 0.6091
vt 0.8403 0.592
vt 0.8447 0.6013
vt 0.8335 0.5989
vt 0.8403 0.592
vt 0.8511 0.603
vt 0.8447 0.6013
vt 0.8491 0.5894
vt 0.8511 0.603
vt 0.8403 0.592
vt 0.8491 0.5894
vt 0.8589 0.6033
vt 0.8511 0.603
vt 0.8589 0.5891
vt 0.8589 0.6033
vt 0.8491 0.5894
vt 0.8589 0.5891
vt 0.8662 0.603
vt 0.8589 0.6033
vt 0.8687 0.5896
vt 0.8662 0.603
vt 0.8589 0.5891
vt 0.8687 0.5896
vt 0.8726 0.6016
vt 0.8662 0.603
vt 0.8774 0.592
vt 0.8726 0.6016
vt 0.8687 0.5896
vt 0.8774 0.592
vt 0.874 0.6094
vt 0.8726 0.6016
vt 0.8843 0.5994
vt 0.874 0.6094
vt 0.8774 0.592
vt 0.8843 0.5994
vt 0.8755 0.6189
vt 0.874 0.6094
vt 0.8896 0.6091
vt 0.8755 0.6189
vt 0.8843 0.5994
vt 0.8896 0.6091
vt 0.8779 0.6257
vt 0.8755 0.6189
vt 0.895 0.6177
vt 0.8779 0.6257
vt 0.8896 0.6091
vt 0.895 0.6177
vt 0.8818 0.6318
vt 0.8779 0.6257
vt 0.8994 0.6255
vt 0.8818 0.6318
vt 0.895 0.6177
vt 0.8994 0.6255
vt 0.8848 0.6404
vt 0.8818 0.6318
vt 0.9033 0.6357
vt 0.8848 0.6404
vt 0.8994 0.6255
vt 0.8447 0.6013
vt 0.8525 0.6167
vt 0.8433 0.6091
vt 0.8511 0.603
vt 0.8525 0.6167
vt 0.8447 0.6013
vt 0.8511 0.603
vt 0.8584 0.6174
vt 0.8525 0.6167
vt 0.8589 0.6033
vt 0.8584 0.6174
vt 0.8511 0.603
vt 0.8589 0.6033
vt 0.8643 0.6169
vt 0.8584 0.6174
vt 0.8662 0.603
vt 0.8643 0.6169
vt 0.8589 0.6033
vt 0.8662 0.603
vt 0.874 0.6094
vt 0.8643 0.6169
vt 0.8726 0.6016
vt 0.874 0.6094
vt 0.8662 0.603
vt 0.8433 0.6091
vt 0.854 0.6245
vt 0.8418 0.6187
vt 0.8525 0.6167
vt 0.854 0.6245
vt 0.8433 0.6091
vt 0.8525 0.6167
vt 0.8584 0.6265
vt 0.854 0.6245
vt 0.8584 0.6174
vt 0.8584 0.6265
vt 0.8525 0.6167
vt 0.8584 0.6174
vt 0.8628 0.6245
vt 0.8584 0.6265
vt 0.8643 0.6169
vt 0.8628 0.6245
vt 0.8584 0.6174
vt 0.8643 0.6169
vt 0.8755 0.6189
vt 0.8628 0.6245
vt 0.874 0.6094
vt 0.8755 0.6189
vt 0.8643 0.6169
vt 0.8325 0.6399
vt 0.8521 0.6333
vt 0.8486 0.6404
vt 0.835 0.6313
vt 0.8521 0.6333
vt 0.8325 0.6399
vt 0.835 0.6313
vt 0.855 0.6289
vt 0.8521 0.6333
vt 0.8389 0.6255
vt 0.855 0.6289
vt 0.835 0.6313
vt 0.8389 0.6255
vt 0.854 0.6245
vt 0.855 0.6289
vt 0.8418 0.6187
vt 0.854 0.6245
vt 0.8389 0.6255
vt 0.8486 0.6404
vt 0.8584 0.6333
vt 0.8584 0.6387
vt 0.8521 0.6333
vt 0.8584 0.6333
vt 0.8486 0.6404
vt 0.8521 0.6333
vt 0.8584 0.6299
vt 0.8584 0.6333
vt 0.855 0.6289
vt 0.8584 0.6299
vt 0.8521 0.6333
vt 0.855 0.6289
vt 0.8584 0.6265
vt 0.8584 0.6299
vt 0.854 0.6245
vt 0.8584 0.6265
vt 0.855 0.6289
vt 0.7202 0.5249
vt 0.7031 0.5332
vt 0.7104 0.5205
vt 0.707 0.5461
vt 0.7031 0.5332
vt 0.7202 0.5249
vt 0.707 0.5461
vt 0.6943 0.5415
vt 0.7031 0.5332
vt 0.6934 0.5625
vt 0.6943 0.5415
vt 0.707 0.5461
vt 0.6934 0.5625
vt 0.6841 0.5464
vt 0.6943 0.5415
vt 0.6841 0.5671
vt 0.6841 0.5464
vt 0.6934 0.5625
vt 0.6841 0.5671
vt 0.6733 0.5415
vt 0.6841 0.5464
vt 0.6748 0.5625
vt 0.6733 0.5415
vt 0.6841 0.5671
vt 0.6748 0.5625
vt 0.665 0.5332
vt 0.6733 0.5415
vt 0.6611 0.5464
vt 0.665 0.5332
vt 0.6748 0.5625
vt 0.6611 0.5464
vt 0.6577 0.5205
vt 0.665 0.5332
vt 0.6484 0.5254
vt 0.6577 0.5205
vt 0.6611 0.5464
vt 0.7031 0.5332
vt 0.6978 0.5229
vt 0.7104 0.5205
vt 0.6943 0.5415
vt 0.6978 0.5229
vt 0.7031 0.5332
vt 0.6943 0.5415
vt 0.6841 0.5244
vt 0.6978 0.5229
vt 0.6841 0.5464
vt 0.6841 0.5244
vt 0.6943 0.5415
vt 0.6841 0.5464
vt 0.6704 0.5229
vt 0.6841 0.5244
vt 0.6733 0.5415
vt 0.6704 0.5229
vt 0.6841 0.5464
vt 0.6733 0.5415
vt 0.6577 0.5205
vt 0.6704 0.5229
vt 0.665 0.5332
vt 0.6577 0.5205
vt 0.6733 0.5415
vt 0.8848 0.6404
vt 0.8647 0.6335
vt 0.8818 0.6318
vt 0.8677 0.6406
vt 0.8647 0.6335
vt 0.8848 0.6404
vt 0.8677 0.6406
vt 0.8584 0.6333
vt 0.8647 0.6335
vt 0.8584 0.6387
vt 0.8584 0.6333
vt 0.8677 0.6406
vt 0.8584 0.6333
vt 0.8618 0.6289
vt 0.8647 0.6335
vt 0.8584 0.6299
vt 0.8618 0.6289
vt 0.8584 0.6333
vt 0.8584 0.6299
vt 0.8628 0.6245
vt 0.8618 0.6289
vt 0.8584 0.6265
vt 0.8628 0.6245
vt 0.8584 0.6299
vt 0.8647 0.6335
vt 0.8779 0.6257
vt 0.8818 0.6318
vt 0.8618 0.6289
vt 0.8779 0.6257
vt 0.8647 0.6335
vt 0.8618 0.6289
vt 0.8755 0.6189
vt 0.8779 0.6257
vt 0.8628 0.6245
vt 0.8755 0.6189
vt 0.8618 0.6289
vt 0.8335 0.9236
vt 0.8379 0.9186
vt 0.835 0.9276
vt 0.835 0.917
vt 0.8379 0.9186
vt 0.8335 0.9236
vt 0.835 0.917
vt 0.8433 0.9067
vt 0.8379 0.9186
vt 0.8403 0.9038
vt 0.8433 0.9067
vt 0.835 0.917
vt 0.8403 0.9038
vt 0.8521 0.8998
vt 0.8433 0.9067
vt 0.8486 0.8934
vt 0.8521 0.8998
vt 0.8403 0.9038
vt 0.8486 0.8934
vt 0.8574 0.8966
vt 0.8521 0.8998
vt 0.8569 0.8887
vt 0.8574 0.8966
vt 0.8486 0.8934
vt 0.8569 0.8887
vt 0.8613 0.8956
vt 0.8574 0.8966
vt 0.8623 0.8922
vt 0.8613 0.8956
vt 0.8569 0.8887
vt 0.8623 0.8922
vt 0.8643 0.8979
vt 0.8613 0.8956
vt 0.8657 0.8948
vt 0.8643 0.8979
vt 0.8623 0.8922
vt 0.8657 0.8948
vt 0.8677 0.9002
vt 0.8643 0.8979
vt 0.8691 0.8967
vt 0.8677 0.9002
vt 0.8657 0.8948
vt 0.8691 0.8967
vt 0.8721 0.9016
vt 0.8677 0.9002
vt 0.8726 0.8979
vt 0.8721 0.9016
vt 0.8691 0.8967
vt 0.8726 0.8979
vt 0.8765 0.9022
vt 0.8721 0.9016
vt 0.876 0.8984
vt 0.8765 0.9022
vt 0.8726 0.8979
vt 0.876 0.8984
vt 0.8804 0.9017
vt 0.8765 0.9022
vt 0.8794 0.8981
vt 0.8804 0.9017
vt 0.876 0.8984
vt 0.8794 0.8981
vt 0.8843 0.9004
vt 0.8804 0.9017
vt 0.8823 0.897
vt 0.8843 0.9004
vt 0.8794 0.8981
vt 0.8823 0.897
vt 0.8877 0.8984
vt 0.8843 0.9004
vt 0.8853 0.8954
vt 0.8877 0.8984
vt 0.8823 0.897
vt 0.8853 0.8954
vt 0.8911 0.8954
vt 0.8877 0.8984
vt 0.8877 0.8931
vt 0.8911 0.8954
vt 0.8853 0.8954
vt 0.8877 0.8931
vt 0.8936 0.8916
vt 0.8911 0.8954
vt 0.8896 0.8898
vt 0.8936 0.8916
vt 0.8877 0.8931
vt 0.8896 0.8898
vt 0.896 0.8868
vt 0.8936 0.8916
vt 0.8906 0.8857
vt 0.896 0.8868
vt 0.8896 0.8898
vt 0.8906 0.8857
vt 0.897 0.8812
vt 0.896 0.8868
vt 0.8911 0.8807
vt 0.897 0.8812
vt 0.8906 0.8857
vt 0.8911 0.8807
vt 0.8975 0.8745
vt 0.897 0.8812
vt 0.8906 0.8749
vt 0.8975 0.8745
vt 0.8911 0.8807
vt 0.8906 0.8749
vt 0.897 0.8667
vt 0.8975 0.8745
vt 0.8892 0.8682
vt 0.897 0.8667
vt 0.8906 0.8749
vt 0.8892 0.8682
vt 0.8955 0.8579
vt 0.897 0.8667
vt 0.8867 0.8604
vt 0.8955 0.8579
vt 0.8892 0.8682
vt 0.8867 0.8604
vt 0.8936 0.848
vt 0.8955 0.8579
vt 0.8833 0.8513
vt 0.8936 0.848
vt 0.8867 0.8604
vt 0.8833 0.8513
vt 0.8901 0.8373
vt 0.8936 0.848
vt 0.8789 0.8414
vt 0.8901 0.8373
vt 0.8833 0.8513
vt 0.8789 0.8414
vt 0.8862 0.8258
vt 0.8901 0.8373
vt 0.8745 0.8307
vt 0.8862 0.8258
vt 0.8789 0.8414
vt 0.8745 0.8307
vt 0.8813 0.814
vt 0.8862 0.8258
vt 0.8687 0.8192
vt 0.8813 0.814
vt 0.8745 0.8307
vt 0.8687 0.8192
vt 0.876 0.8019
vt 0.8813 0.814
vt 0.8633 0.8074
vt 0.876 0.8019
vt 0.8687 0.8192
vt 0.8633 0.8074
vt 0.8701 0.7899
vt 0.876 0.8019
vt 0.8579 0.7955
vt 0.8701 0.7899
vt 0.8633 0.8074
vt 0.8579 0.7955
vt 0.8643 0.7787
vt 0.8701 0.7899
vt 0.8525 0.7841
vt 0.8643 0.7787
vt 0.8579 0.7955
vt 0.8525 0.7841
vt 0.8589 0.7683
vt 0.8643 0.7787
vt 0.8481 0.7731
vt 0.8589 0.7683
vt 0.8525 0.7841
vt 0.8481 0.7731
vt 0.855 0.7587
vt 0.8589 0.7683
vt 0.8438 0.7622
vt 0.855 0.7587
vt 0.8481 0.7731
vt 0.8438 0.7622
vt 0.8535 0.7476
vt 0.855 0.7587
vt 0.8398 0.7498
vt 0.8535 0.7476
vt 0.8438 0.7622
vt 0.8398 0.7498
vt 0.8535 0.7327
vt 0.8535 0.7476
vt 0.8359 0.7346
vt 0.8535 0.7327
vt 0.8398 0.7498
vt 0.8359 0.7346
vt 0.855 0.7136
vt 0.8535 0.7327
vt 0.832 0.7166
vt 0.855 0.7136
vt 0.8359 0.7346
vt 0.8613 0.8956
vt 0.8613 0.9014
vt 0.8574 0.8966
vt 0.8643 0.8979
vt 0.8613 0.9014
vt 0.8613 0.8956
vt 0.8643 0.8979
vt 0.8662 0.9045
vt 0.8613 0.9014
vt 0.8677 0.9002
vt 0.8662 0.9045
vt 0.8643 0.8979
vt 0.8677 0.9002
vt 0.8711 0.9063
vt 0.8662 0.9045
vt 0.8721 0.9016
vt 0.8711 0.9063
vt 0.8677 0.9002
vt 0.8721 0.9016
vt 0.8765 0.9068
vt 0.8711 0.9063
vt 0.8765 0.9022
vt 0.8765 0.9068
vt 0.8721 0.9016
vt 0.8765 0.9022
vt 0.8818 0.9062
vt 0.8765 0.9068
vt 0.8804 0.9017
vt 0.8818 0.9062
vt 0.8765 0.9022
vt 0.8804 0.9017
vt 0.8867 0.9045
vt 0.8818 0.9062
vt 0.8843 0.9004
vt 0.8867 0.9045
vt 0.8804 0.9017
vt 0.8843 0.9004
vt 0.8911 0.902
vt 0.8867 0.9045
vt 0.8877 0.8984
vt 0.8911 0.902
vt 0.8843 0.9004
vt 0.8877 0.8984
vt 0.895 0.8987
vt 0.8911 0.902
vt 0.8911 0.8954
vt 0.895 0.8987
vt 0.8877 0.8984
vt 0.8911 0.8954
vt 0.8984 0.8942
vt 0.895 0.8987
vt 0.8936 0.8916
vt 0.8984 0.8942
vt 0.8911 0.8954
vt 0.8936 0.8916
vt 0.9014 0.8889
vt 0.8984 0.8942
vt 0.896 0.8868
vt 0.9014 0.8889
vt 0.8936 0.8916
vt 0.896 0.8868
vt 0.9038 0.8825
vt 0.9014 0.8889
vt 0.897 0.8812
vt 0.9038 0.8825
vt 0.896 0.8868
vt 0.897 0.8812
vt 0.9053 0.875
vt 0.9038 0.8825
vt 0.8975 0.8745
vt 0.9053 0.875
vt 0.897 0.8812
vt 0.8975 0.8745
vt 0.9058 0.8663
vt 0.9053 0.875
vt 0.897 0.8667
vt 0.9058 0.8663
vt 0.8975 0.8745
vt 0.897 0.8667
vt 0.9053 0.8566
vt 0.9058 0.8663
vt 0.8955 0.8579
vt 0.9053 0.8566
vt 0.897 0.8667
vt 0.8955 0.8579
vt 0.9043 0.8457
vt 0.9053 0.8566
vt 0.8936 0.848
vt 0.9043 0.8457
vt 0.8955 0.8579
vt 0.8936 0.848
vt 0.9019 0.8341
vt 0.9043 0.8457
vt 0.8901 0.8373
vt 0.9019 0.8341
vt 0.8936 0.848
vt 0.8901 0.8373
vt 0.8989 0.8217
vt 0.9019 0.8341
vt 0.8862 0.8258
vt 0.8989 0.8217
vt 0.8901 0.8373
vt 0.8862 0.8258
vt 0.894 0.809
vt 0.8989 0.8217
vt 0.8813 0.814
vt 0.894 0.809
vt 0.8862 0.8258
vt 0.8813 0.814
vt 0.8887 0.7963
vt 0.894 0.809
vt 0.876 0.8019
vt 0.8887 0.7963
vt 0.8813 0.814
vt 0.876 0.8019
vt 0.8823 0.7839
vt 0.8887 0.7963
vt 0.8701 0.7899
vt 0.8823 0.7839
vt 0.876 0.8019
vt 0.8701 0.7899
vt 0.8755 0.7726
vt 0.8823 0.7839
vt 0.8643 0.7787
vt 0.8755 0.7726
vt 0.8701 0.7899
vt 0.8643 0.7787
vt 0.8682 0.7633
vt 0.8755 0.7726
vt 0.8589 0.7683
vt 0.8682 0.7633
vt 0.8643 0.7787
vt 0.8589 0.7683
vt 0.8633 0.7568
vt 0.8682 0.7633
vt 0.855 0.7587
vt 0.8633 0.7568
vt 0.8589 0.7683
vt 0.855 0.7587
vt 0.8662 0.7488
vt 0.8633 0.7568
vt 0.8535 0.7476
vt 0.8662 0.7488
vt 0.855 0.7587
vt 0.8535 0.7476
vt 0.8706 0.7354
vt 0.8662 0.7488
vt 0.8535 0.7327
vt 0.8706 0.7354
vt 0.8535 0.7476
vt 0.8535 0.7327
vt 0.8784 0.7183
vt 0.8706 0.7354
vt 0.855 0.7136
vt 0.8784 0.7183
vt 0.8535 0.7327
vt 0.8613 0.9014
vt 0.8521 0.8998
vt 0.8574 0.8966
vt 0.8574 0.9063
vt 0.8521 0.8998
vt 0.8613 0.9014
vt 0.8574 0.9063
vt 0.8433 0.9067
vt 0.8521 0.8998
vt 0.8525 0.913
vt 0.8433 0.9067
vt 0.8574 0.9063
vt 0.8525 0.913
vt 0.8379 0.9186
vt 0.8433 0.9067
vt 0.8481 0.9224
vt 0.8379 0.9186
vt 0.8525 0.913
vt 0.8481 0.9224
vt 0.835 0.9276
vt 0.8379 0.9186
vt 0.8442 0.9313
vt 0.835 0.9276
vt 0.8481 0.9224
vt 0.8613 0.9014
vt 0.8638 0.91
vt 0.8574 0.9063
vt 0.8662 0.9045
vt 0.8638 0.91
vt 0.8613 0.9014
vt 0.8662 0.9045
vt 0.8701 0.912
vt 0.8638 0.91
vt 0.8711 0.9063
vt 0.8701 0.912
vt 0.8662 0.9045
vt 0.8711 0.9063
vt 0.877 0.9124
vt 0.8701 0.912
vt 0.8765 0.9068
vt 0.877 0.9124
vt 0.8711 0.9063
vt 0.8765 0.9068
vt 0.8833 0.9115
vt 0.877 0.9124
vt 0.8818 0.9062
vt 0.8833 0.9115
vt 0.8765 0.9068
vt 0.8818 0.9062
vt 0.8887 0.9097
vt 0.8833 0.9115
vt 0.8867 0.9045
vt 0.8887 0.9097
vt 0.8818 0.9062
vt 0.8867 0.9045
vt 0.894 0.9066
vt 0.8887 0.9097
vt 0.8911 0.902
vt 0.894 0.9066
vt 0.8867 0.9045
vt 0.8911 0.902
vt 0.8994 0.9027
vt 0.894 0.9066
vt 0.895 0.8987
vt 0.8994 0.9027
vt 0.8911 0.902
vt 0.895 0.8987
vt 0.9038 0.8978
vt 0.8994 0.9027
vt 0.8984 0.8942
vt 0.9038 0.8978
vt 0.895 0.8987
vt 0.8984 0.8942
vt 0.9077 0.892
vt 0.9038 0.8978
vt 0.9014 0.8889
vt 0.9077 0.892
vt 0.8984 0.8942
vt 0.9014 0.8889
vt 0.9111 0.8849
vt 0.9077 0.892
vt 0.9038 0.8825
vt 0.9111 0.8849
vt 0.9014 0.8889
vt 0.9038 0.8825
vt 0.9141 0.8766
vt 0.9111 0.8849
vt 0.9053 0.875
vt 0.9141 0.8766
vt 0.9038 0.8825
vt 0.9053 0.875
vt 0.916 0.8672
vt 0.9141 0.8766
vt 0.9058 0.8663
vt 0.916 0.8672
vt 0.9053 0.875
vt 0.9058 0.8663
vt 0.9165 0.8563
vt 0.916 0.8672
vt 0.9053 0.8566
vt 0.9165 0.8563
vt 0.9058 0.8663
vt 0.9053 0.8566
vt 0.916 0.8445
vt 0.9165 0.8563
vt 0.9043 0.8457
vt 0.916 0.8445
vt 0.9053 0.8566
vt 0.9043 0.8457
vt 0.915 0.8317
vt 0.916 0.8445
vt 0.9019 0.8341
vt 0.915 0.8317
vt 0.9043 0.8457
vt 0.9019 0.8341
vt 0.9121 0.8182
vt 0.915 0.8317
vt 0.8989 0.8217
vt 0.9121 0.8182
vt 0.9019 0.8341
vt 0.8989 0.8217
vt 0.9082 0.8043
vt 0.9121 0.8182
vt 0.894 0.809
vt 0.9082 0.8043
vt 0.8989 0.8217
vt 0.894 0.809
vt 0.9023 0.7905
vt 0.9082 0.8043
vt 0.8887 0.7963
vt 0.9023 0.7905
vt 0.894 0.809
vt 0.8887 0.7963
vt 0.895 0.7772
vt 0.9023 0.7905
vt 0.8823 0.7839
vt 0.895 0.7772
vt 0.8887 0.7963
vt 0.8823 0.7839
vt 0.8862 0.7649
vt 0.895 0.7772
vt 0.8755 0.7726
vt 0.8862 0.7649
vt 0.8823 0.7839
vt 0.8755 0.7726
vt 0.8765 0.7549
vt 0.8862 0.7649
vt 0.8682 0.7633
vt 0.8765 0.7549
vt 0.8755 0.7726
vt 0.8682 0.7633
vt 0.8662 0.7488
vt 0.8765 0.7549
vt 0.8633 0.7568
vt 0.8662 0.7488
vt 0.8682 0.7633
vt 0.8569 0.8887
vt 0.8652 0.89
vt 0.8623 0.8922
vt 0.8623 0.8873
vt 0.8652 0.89
vt 0.8569 0.8887
vt 0.8623 0.8873
vt 0.8677 0.8888
vt 0.8652 0.89
vt 0.8662 0.8868
vt 0.8677 0.8888
vt 0.8623 0.8873
vt 0.8662 0.8868
vt 0.8696 0.8882
vt 0.8677 0.8888
vt 0.8696 0.8873
vt 0.8696 0.8882
vt 0.8662 0.8868
vt 0.8696 0.8873
vt 0.8711 0.8889
vt 0.8696 0.8882
vt 0.8716 0.8879
vt 0.8711 0.8889
vt 0.8696 0.8873
vt 0.8716 0.8879
vt 0.8726 0.8896
vt 0.8711 0.8889
vt 0.8726 0.8883
vt 0.8726 0.8896
vt 0.8716 0.8879
vt 0.8726 0.8883
vt 0.8755 0.8903
vt 0.8726 0.8896
vt 0.8745 0.8882
vt 0.8755 0.8903
vt 0.8726 0.8883
vt 0.8745 0.8882
vt 0.8779 0.8893
vt 0.8755 0.8903
vt 0.8765 0.8873
vt 0.8779 0.8893
vt 0.8745 0.8882
vt 0.8765 0.8873
vt 0.8804 0.8885
vt 0.8779 0.8893
vt 0.8794 0.8862
vt 0.8804 0.8885
vt 0.8765 0.8873
vt 0.8794 0.8862
vt 0.8828 0.8883
vt 0.8804 0.8885
vt 0.8823 0.8854
vt 0.8828 0.8883
vt 0.8794 0.8862
vt 0.8823 0.8854
vt 0.8862 0.8887
vt 0.8828 0.8883
vt 0.8862 0.8852
vt 0.8862 0.8887
vt 0.8823 0.8854
vt 0.8862 0.8852
vt 0.8896 0.8898
vt 0.8862 0.8887
vt 0.8906 0.8857
vt 0.8896 0.8898
vt 0.8862 0.8852
vt 0.8711 0.8889
vt 0.8677 0.8888
vt 0.8696 0.8882
vt 0.8696 0.8904
vt 0.8677 0.8888
vt 0.8711 0.8889
vt 0.8696 0.8904
vt 0.8652 0.89
vt 0.8677 0.8888
vt 0.8677 0.8923
vt 0.8652 0.89
vt 0.8696 0.8904
vt 0.8677 0.8923
vt 0.8623 0.8922
vt 0.8652 0.89
vt 0.8657 0.8948
vt 0.8623 0.8922
vt 0.8677 0.8923
vt 0.8711 0.8889
vt 0.8716 0.8916
vt 0.8696 0.8904
vt 0.8726 0.8896
vt 0.8716 0.8916
vt 0.8711 0.8889
vt 0.8726 0.8896
vt 0.874 0.8926
vt 0.8716 0.8916
vt 0.8755 0.8903
vt 0.874 0.8926
vt 0.8726 0.8896
vt 0.8755 0.8903
vt 0.8765 0.8935
vt 0.874 0.8926
vt 0.8774 0.892
vt 0.8765 0.8935
vt 0.8755 0.8903
vt 0.8774 0.892
vt 0.8779 0.894
vt 0.8765 0.8935
vt 0.8789 0.8931
vt 0.8779 0.894
vt 0.8774 0.892
vt 0.8789 0.8931
vt 0.8789 0.8954
vt 0.8779 0.894
vt 0.8809 0.8942
vt 0.8789 0.8954
vt 0.8789 0.8931
vt 0.8809 0.8942
vt 0.8794 0.8981
vt 0.8789 0.8954
vt 0.8823 0.897
vt 0.8794 0.8981
vt 0.8809 0.8942
vt 0.8696 0.8904
vt 0.8706 0.8939
vt 0.8677 0.8923
vt 0.8716 0.8916
vt 0.8706 0.8939
vt 0.8696 0.8904
vt 0.8716 0.8916
vt 0.8735 0.895
vt 0.8706 0.8939
vt 0.874 0.8926
vt 0.8735 0.895
vt 0.8716 0.8916
vt 0.874 0.8926
vt 0.876 0.8956
vt 0.8735 0.895
vt 0.8765 0.8935
vt 0.876 0.8956
vt 0.874 0.8926
vt 0.8765 0.8935
vt 0.8789 0.8954
vt 0.876 0.8956
vt 0.8779 0.894
vt 0.8789 0.8954
vt 0.8765 0.8935
vt 0.8677 0.8923
vt 0.8691 0.8967
vt 0.8657 0.8948
vt 0.8706 0.8939
vt 0.8691 0.8967
vt 0.8677 0.8923
vt 0.8706 0.8939
vt 0.8726 0.8979
vt 0.8691 0.8967
vt 0.8735 0.895
vt 0.8726 0.8979
vt 0.8706 0.8939
vt 0.8735 0.895
vt 0.876 0.8984
vt 0.8726 0.8979
vt 0.876 0.8956
vt 0.876 0.8984
vt 0.8735 0.895
vt 0.876 0.8956
vt 0.8794 0.8981
vt 0.876 0.8984
vt 0.8789 0.8954
vt 0.8794 0.8981
vt 0.876 0.8956
vt 0.8574 0.9063
vt 0.8608 0.9171
vt 0.8525 0.913
vt 0.8638 0.91
vt 0.8608 0.9171
vt 0.8574 0.9063
vt 0.8638 0.91
vt 0.8696 0.9189
vt 0.8608 0.9171
vt 0.8701 0.912
vt 0.8696 0.9189
vt 0.8638 0.91
vt 0.8701 0.912
vt 0.8774 0.919
vt 0.8696 0.9189
vt 0.877 0.9124
vt 0.8774 0.919
vt 0.8701 0.912
vt 0.877 0.9124
vt 0.8848 0.9178
vt 0.8774 0.919
vt 0.8833 0.9115
vt 0.8848 0.9178
vt 0.877 0.9124
vt 0.8833 0.9115
vt 0.8916 0.9157
vt 0.8848 0.9178
vt 0.8887 0.9097
vt 0.8916 0.9157
vt 0.8833 0.9115
vt 0.8887 0.9097
vt 0.8979 0.9124
vt 0.8916 0.9157
vt 0.894 0.9066
vt 0.8979 0.9124
vt 0.8887 0.9097
vt 0.894 0.9066
vt 0.9038 0.908
vt 0.8979 0.9124
vt 0.8994 0.9027
vt 0.9038 0.908
vt 0.894 0.9066
vt 0.8994 0.9027
vt 0.9097 0.9026
vt 0.9038 0.908
vt 0.9038 0.8978
vt 0.9097 0.9026
vt 0.8994 0.9027
vt 0.9038 0.8978
vt 0.9146 0.8961
vt 0.9097 0.9026
vt 0.9077 0.892
vt 0.9146 0.8961
vt 0.9038 0.8978
vt 0.9077 0.892
vt 0.9189 0.8884
vt 0.9146 0.8961
vt 0.9111 0.8849
vt 0.9189 0.8884
vt 0.9077 0.892
vt 0.9111 0.8849
vt 0.9233 0.8796
vt 0.9189 0.8884
vt 0.9141 0.8766
vt 0.9233 0.8796
vt 0.9111 0.8849
vt 0.9141 0.8766
vt 0.9263 0.8691
vt 0.9233 0.8796
vt 0.916 0.8672
vt 0.9263 0.8691
vt 0.9141 0.8766
vt 0.916 0.8672
vt 0.9282 0.8573
vt 0.9263 0.8691
vt 0.9165 0.8563
vt 0.9282 0.8573
vt 0.916 0.8672
vt 0.9165 0.8563
vt 0.9292 0.8441
vt 0.9282 0.8573
vt 0.916 0.8445
vt 0.9292 0.8441
vt 0.9165 0.8563
vt 0.916 0.8445
vt 0.9287 0.8302
vt 0.9292 0.8441
vt 0.915 0.8317
vt 0.9287 0.8302
vt 0.916 0.8445
vt 0.915 0.8317
vt 0.9272 0.8154
vt 0.9287 0.8302
vt 0.9121 0.8182
vt 0.9272 0.8154
vt 0.915 0.8317
vt 0.9121 0.8182
vt 0.9233 0.8002
vt 0.9272 0.8154
vt 0.9082 0.8043
vt 0.9233 0.8002
vt 0.9121 0.8182
vt 0.9082 0.8043
vt 0.917 0.7847
vt 0.9233 0.8002
vt 0.9023 0.7905
vt 0.917 0.7847
vt 0.9082 0.8043
vt 0.9023 0.7905
vt 0.9087 0.7695
vt 0.917 0.7847
vt 0.895 0.7772
vt 0.9087 0.7695
vt 0.9023 0.7905
vt 0.895 0.7772
vt 0.8979 0.7545
vt 0.9087 0.7695
vt 0.8862 0.7649
vt 0.8979 0.7545
vt 0.895 0.7772
vt 0.8862 0.7649
vt 0.8853 0.7429
vt 0.8979 0.7545
vt 0.8765 0.7549
vt 0.8853 0.7429
vt 0.8862 0.7649
vt 0.8765 0.7549
vt 0.8706 0.7354
vt 0.8853 0.7429
vt 0.8662 0.7488
vt 0.8706 0.7354
vt 0.8765 0.7549
vt 0.8784 0.7183
vt 0.8853 0.7429
vt 0.8706 0.7354
vt 0.8965 0.7271
vt 0.8853 0.7429
vt 0.8784 0.7183
vt 0.8965 0.7271
vt 0.8979 0.7545
vt 0.8853 0.7429
vt 0.9116 0.7419
vt 0.8979 0.7545
vt 0.8965 0.7271
vt 0.9116 0.7419
vt 0.9087 0.7695
vt 0.8979 0.7545
vt 0.9248 0.7625
vt 0.9087 0.7695
vt 0.9116 0.7419
vt 0.9248 0.7625
vt 0.917 0.7847
vt 0.9087 0.7695
vt 0.9341 0.7788
vt 0.917 0.7847
vt 0.9248 0.7625
vt 0.9341 0.7788
vt 0.9233 0.8002
vt 0.917 0.7847
vt 0.9399 0.7964
vt 0.9233 0.8002
vt 0.9341 0.7788
vt 0.9399 0.7964
vt 0.9272 0.8154
vt 0.9233 0.8002
vt 0.9434 0.8132
vt 0.9272 0.8154
vt 0.9399 0.7964
vt 0.9434 0.8132
vt 0.9287 0.8302
vt 0.9272 0.8154
vt 0.9443 0.8293
vt 0.9287 0.8302
vt 0.9434 0.8132
vt 0.9443 0.8293
vt 0.9292 0.8441
vt 0.9287 0.8302
vt 0.9438 0.8448
vt 0.9292 0.8441
vt 0.9443 0.8293
vt 0.9438 0.8448
vt 0.9282 0.8573
vt 0.9292 0.8441
vt 0.9419 0.8595
vt 0.9282 0.8573
vt 0.9438 0.8448
vt 0.9419 0.8595
vt 0.9263 0.8691
vt 0.9282 0.8573
vt 0.9385 0.8727
vt 0.9263 0.8691
vt 0.9419 0.8595
vt 0.9385 0.8727
vt 0.9233 0.8796
vt 0.9263 0.8691
vt 0.9336 0.884
vt 0.9233 0.8796
vt 0.9385 0.8727
vt 0.9336 0.884
vt 0.9189 0.8884
vt 0.9233 0.8796
vt 0.9277 0.8934
vt 0.9189 0.8884
vt 0.9336 0.884
vt 0.9277 0.8934
vt 0.9146 0.8961
vt 0.9189 0.8884
vt 0.9214 0.9016
vt 0.9146 0.8961
vt 0.9277 0.8934
vt 0.9214 0.9016
vt 0.9097 0.9026
vt 0.9146 0.8961
vt 0.9155 0.9083
vt 0.9097 0.9026
vt 0.9214 0.9016
vt 0.9155 0.9083
vt 0.9038 0.908
vt 0.9097 0.9026
vt 0.9092 0.9142
vt 0.9038 0.908
vt 0.9155 0.9083
vt 0.9092 0.9142
vt 0.8979 0.9124
vt 0.9038 0.908
vt 0.9019 0.9188
vt 0.8979 0.9124
vt 0.9092 0.9142
vt 0.9019 0.9188
vt 0.8916 0.9157
vt 0.8979 0.9124
vt 0.8945 0.9225
vt 0.8916 0.9157
vt 0.9019 0.9188
vt 0.8945 0.9225
vt 0.8848 0.9178
vt 0.8916 0.9157
vt 0.8867 0.9251
vt 0.8848 0.9178
vt 0.8945 0.9225
vt 0.8867 0.9251
vt 0.8774 0.919
vt 0.8848 0.9178
vt 0.8784 0.9271
vt 0.8774 0.919
vt 0.8867 0.9251
vt 0.8784 0.9271
vt 0.8696 0.9189
vt 0.8774 0.919
vt 0.8687 0.9272
vt 0.8696 0.9189
vt 0.8784 0.9271
vt 0.8687 0.9272
vt 0.8608 0.9171
vt 0.8696 0.9189
vt 0.8584 0.9254
vt 0.8608 0.9171
vt 0.8687 0.9272
vt 0.8584 0.9254
vt 0.8525 0.913
vt 0.8608 0.9171
vt 0.8481 0.9224
vt 0.8525 0.913
vt 0.8584 0.9254
vt 0.8481 0.9224
vt 0.856 0.9351
vt 0.8442 0.9313
vt 0.8584 0.9254
vt 0.856 0.9351
vt 0.8481 0.9224
vt 0.8584 0.9254
vt 0.8687 0.9365
vt 0.856 0.9351
vt 0.8687 0.9272
vt 0.8687 0.9365
vt 0.8584 0.9254
vt 0.8687 0.9272
vt 0.8799 0.9353
vt 0.8687 0.9365
vt 0.8784 0.9271
vt 0.8799 0.9353
vt 0.8687 0.9272
vt 0.8784 0.9271
vt 0.8892 0.9335
vt 0.8799 0.9353
vt 0.8867 0.9251
vt 0.8892 0.9335
vt 0.8784 0.9271
vt 0.8867 0.9251
vt 0.897 0.9299
vt 0.8892 0.9335
vt 0.8945 0.9225
vt 0.897 0.9299
vt 0.8867 0.9251
vt 0.8945 0.9225
vt 0.9058 0.9264
vt 0.897 0.9299
vt 0.9019 0.9188
vt 0.9058 0.9264
vt 0.8945 0.9225
vt 0.9019 0.9188
vt 0.9146 0.9214
vt 0.9058 0.9264
vt 0.9092 0.9142
vt 0.9146 0.9214
vt 0.9019 0.9188
vt 0.9092 0.9142
vt 0.9214 0.9149
vt 0.9146 0.9214
vt 0.9155 0.9083
vt 0.9214 0.9149
vt 0.9092 0.9142
vt 0.9155 0.9083
vt 0.9277 0.9084
vt 0.9214 0.9149
vt 0.9214 0.9016
vt 0.9277 0.9084
vt 0.9155 0.9083
vt 0.9214 0.9016
vt 0.9365 0.8999
vt 0.9277 0.9084
vt 0.9277 0.8934
vt 0.9365 0.8999
vt 0.9214 0.9016
vt 0.9277 0.8934
vt 0.9453 0.8901
vt 0.9365 0.8999
vt 0.9336 0.884
vt 0.9453 0.8901
vt 0.9277 0.8934
vt 0.9336 0.884
vt 0.9512 0.8776
vt 0.9453 0.8901
vt 0.9385 0.8727
vt 0.9512 0.8776
vt 0.9336 0.884
vt 0.9385 0.8727
vt 0.9565 0.8634
vt 0.9512 0.8776
vt 0.9419 0.8595
vt 0.9565 0.8634
vt 0.9385 0.8727
vt 0.9419 0.8595
vt 0.959 0.8469
vt 0.9565 0.8634
vt 0.9438 0.8448
vt 0.959 0.8469
vt 0.9419 0.8595
vt 0.9438 0.8448
vt 0.9624 0.8297
vt 0.959 0.8469
vt 0.9443 0.8293
vt 0.9624 0.8297
vt 0.9438 0.8448
vt 0.9443 0.8293
vt 0.9619 0.8132
vt 0.9624 0.8297
vt 0.9434 0.8132
vt 0.9619 0.8132
vt 0.9443 0.8293
vt 0.9434 0.8132
vt 0.9595 0.7948
vt 0.9619 0.8132
vt 0.9399 0.7964
vt 0.9595 0.7948
vt 0.9434 0.8132
vt 0.9399 0.7964
vt 0.9541 0.7742
vt 0.9595 0.7948
vt 0.9341 0.7788
vt 0.9541 0.7742
vt 0.9399 0.7964
vt 0.9341 0.7788
vt 0.9497 0.7529
vt 0.9541 0.7742
vt 0.9248 0.7625
vt 0.9497 0.7529
vt 0.9341 0.7788
vt 0.8779 0.8893
vt 0.8774 0.892
vt 0.8755 0.8903
vt 0.8789 0.8909
vt 0.8774 0.892
vt 0.8779 0.8893
vt 0.8789 0.8909
vt 0.8789 0.8931
vt 0.8774 0.892
vt 0.8794 0.892
vt 0.8789 0.8931
vt 0.8789 0.8909
vt 0.8794 0.892
vt 0.8809 0.8942
vt 0.8789 0.8931
vt 0.8809 0.8922
vt 0.8809 0.8942
vt 0.8794 0.892
vt 0.8809 0.8922
vt 0.8833 0.8932
vt 0.8809 0.8942
vt 0.8823 0.892
vt 0.8833 0.8932
vt 0.8809 0.8922
vt 0.8823 0.892
vt 0.8853 0.8914
vt 0.8833 0.8932
vt 0.8828 0.8905
vt 0.8853 0.8914
vt 0.8823 0.892
vt 0.8828 0.8905
vt 0.8862 0.8887
vt 0.8853 0.8914
vt 0.8828 0.8883
vt 0.8862 0.8887
vt 0.8828 0.8905
vt 0.8896 0.8898
vt 0.8853 0.8914
vt 0.8862 0.8887
vt 0.8877 0.8931
vt 0.8853 0.8914
vt 0.8896 0.8898
vt 0.8877 0.8931
vt 0.8833 0.8932
vt 0.8853 0.8914
vt 0.8853 0.8954
vt 0.8833 0.8932
vt 0.8877 0.8931
vt 0.8853 0.8954
vt 0.8809 0.8942
vt 0.8833 0.8932
vt 0.8823 0.897
vt 0.8809 0.8942
vt 0.8853 0.8954
vt 0.8828 0.8905
vt 0.8804 0.8885
vt 0.8828 0.8883
vt 0.8809 0.8906
vt 0.8804 0.8885
vt 0.8828 0.8905
vt 0.8809 0.8906
vt 0.8779 0.8893
vt 0.8804 0.8885
vt 0.8789 0.8909
vt 0.8779 0.8893
vt 0.8809 0.8906
vt 0.8823 0.892
vt 0.8809 0.8906
vt 0.8828 0.8905
vt 0.8809 0.8922
vt 0.8809 0.8906
vt 0.8823 0.892
vt 0.8809 0.8922
vt 0.8789 0.8909
vt 0.8809 0.8906
vt 0.8794 0.892
vt 0.8789 0.8909
vt 0.8809 0.8922
vt 0.832 0.7166
vt 0.8184 0.7407
vt 0.8096 0.7241
vt 0.8359 0.7346
vt 0.8184 0.7407
vt 0.832 0.7166
vt 0.8359 0.7346
vt 0.8262 0.755
vt 0.8184 0.7407
vt 0.8398 0.7498
vt 0.8262 0.755
vt 0.8359 0.7346
vt 0.8398 0.7498
vt 0.832 0.7668
vt 0.8262 0.755
vt 0.8438 0.7622
vt 0.832 0.7668
vt 0.8398 0.7498
vt 0.8438 0.7622
vt 0.8364 0.7778
vt 0.832 0.7668
vt 0.8481 0.7731
vt 0.8364 0.7778
vt 0.8438 0.7622
vt 0.8481 0.7731
vt 0.8408 0.7892
vt 0.8364 0.7778
vt 0.8525 0.7841
vt 0.8408 0.7892
vt 0.8481 0.7731
vt 0.8525 0.7841
vt 0.8457 0.801
vt 0.8408 0.7892
vt 0.8579 0.7955
vt 0.8457 0.801
vt 0.8525 0.7841
vt 0.8579 0.7955
vt 0.8506 0.8132
vt 0.8457 0.801
vt 0.8633 0.8074
vt 0.8506 0.8132
vt 0.8579 0.7955
vt 0.8633 0.8074
vt 0.8564 0.825
vt 0.8506 0.8132
vt 0.8687 0.8192
vt 0.8564 0.825
vt 0.8633 0.8074
vt 0.8687 0.8192
vt 0.8623 0.8364
vt 0.8564 0.825
vt 0.8745 0.8307
vt 0.8623 0.8364
vt 0.8687 0.8192
vt 0.8745 0.8307
vt 0.8682 0.8469
vt 0.8623 0.8364
vt 0.8789 0.8414
vt 0.8682 0.8469
vt 0.8745 0.8307
vt 0.8789 0.8414
vt 0.874 0.856
vt 0.8682 0.8469
vt 0.8833 0.8513
vt 0.874 0.856
vt 0.8789 0.8414
vt 0.8833 0.8513
vt 0.8789 0.8638
vt 0.874 0.856
vt 0.8867 0.8604
vt 0.8789 0.8638
vt 0.8833 0.8513
vt 0.8867 0.8604
vt 0.8823 0.8705
vt 0.8789 0.8638
vt 0.8892 0.8682
vt 0.8823 0.8705
vt 0.8867 0.8604
vt 0.8892 0.8682
vt 0.8848 0.876
vt 0.8823 0.8705
vt 0.8906 0.8749
vt 0.8848 0.876
vt 0.8892 0.8682
vt 0.8906 0.8749
vt 0.8857 0.881
vt 0.8848 0.876
vt 0.8911 0.8807
vt 0.8857 0.881
vt 0.8906 0.8749
vt 0.8911 0.8807
vt 0.8862 0.8852
vt 0.8857 0.881
vt 0.8906 0.8857
vt 0.8862 0.8852
vt 0.8911 0.8807
vt 0.8862 0.8852
vt 0.8813 0.882
vt 0.8857 0.881
vt 0.8823 0.8854
vt 0.8813 0.882
vt 0.8862 0.8852
vt 0.8823 0.8854
vt 0.8779 0.8835
vt 0.8813 0.882
vt 0.8794 0.8862
vt 0.8779 0.8835
vt 0.8823 0.8854
vt 0.8794 0.8862
vt 0.875 0.8852
vt 0.8779 0.8835
vt 0.8765 0.8873
vt 0.875 0.8852
vt 0.8794 0.8862
vt 0.8765 0.8873
vt 0.873 0.8867
vt 0.875 0.8852
vt 0.8745 0.8882
vt 0.873 0.8867
vt 0.8765 0.8873
vt 0.8745 0.8882
vt 0.8716 0.8879
vt 0.873 0.8867
vt 0.8726 0.8883
vt 0.8716 0.8879
vt 0.8745 0.8882
vt 0.8716 0.8879
vt 0.8706 0.8855
vt 0.873 0.8867
vt 0.8696 0.8873
vt 0.8706 0.8855
vt 0.8716 0.8879
vt 0.8696 0.8873
vt 0.8672 0.8846
vt 0.8706 0.8855
vt 0.8662 0.8868
vt 0.8672 0.8846
vt 0.8696 0.8873
vt 0.8662 0.8868
vt 0.8628 0.884
vt 0.8672 0.8846
vt 0.8623 0.8873
vt 0.8628 0.884
vt 0.8662 0.8868
vt 0.8623 0.8873
vt 0.8555 0.8848
vt 0.8628 0.884
vt 0.8569 0.8887
vt 0.8555 0.8848
vt 0.8623 0.8873
vt 0.8569 0.8887
vt 0.8477 0.8878
vt 0.8555 0.8848
vt 0.8486 0.8934
vt 0.8477 0.8878
vt 0.8569 0.8887
vt 0.8486 0.8934
vt 0.8394 0.8958
vt 0.8477 0.8878
vt 0.8403 0.9038
vt 0.8394 0.8958
vt 0.8486 0.8934
vt 0.8403 0.9038
vt 0.833 0.9071
vt 0.8394 0.8958
vt 0.835 0.917
vt 0.833 0.9071
vt 0.8403 0.9038
vt 0.835 0.917
vt 0.8296 0.9172
vt 0.833 0.9071
vt 0.8335 0.9236
vt 0.8296 0.9172
vt 0.835 0.917
vt 0.8184 0.7407
vt 0.7905 0.7385
vt 0.8096 0.7241
vt 0.8037 0.7512
vt 0.7905 0.7385
vt 0.8184 0.7407
vt 0.8037 0.7512
vt 0.7769 0.7549
vt 0.7905 0.7385
vt 0.793 0.7648
vt 0.7769 0.7549
vt 0.8037 0.7512
vt 0.793 0.7648
vt 0.7686 0.7765
vt 0.7769 0.7549
vt 0.7866 0.7817
vt 0.7686 0.7765
vt 0.793 0.7648
vt 0.7866 0.7817
vt 0.7637 0.804
vt 0.7686 0.7765
vt 0.7847 0.8016
vt 0.7637 0.804
vt 0.7866 0.7817
vt 0.7847 0.8016
vt 0.7671 0.8285
vt 0.7637 0.804
vt 0.7871 0.8217
vt 0.7671 0.8285
vt 0.7847 0.8016
vt 0.7871 0.8217
vt 0.7783 0.8551
vt 0.7671 0.8285
vt 0.7939 0.8416
vt 0.7783 0.8551
vt 0.7871 0.8217
vt 0.7939 0.8416
vt 0.7876 0.87
vt 0.7783 0.8551
vt 0.8022 0.8575
vt 0.7876 0.87
vt 0.7939 0.8416
vt 0.8022 0.8575
vt 0.7998 0.8852
vt 0.7876 0.87
vt 0.8115 0.8728
vt 0.7998 0.8852
vt 0.8022 0.8575
vt 0.8115 0.8728
vt 0.812 0.8977
vt 0.7998 0.8852
vt 0.8213 0.8858
vt 0.812 0.8977
vt 0.8115 0.8728
vt 0.8213 0.8858
vt 0.8228 0.9102
vt 0.812 0.8977
vt 0.8281 0.8972
vt 0.8228 0.9102
vt 0.8213 0.8858
vt 0.8281 0.8972
vt 0.8296 0.9172
vt 0.8228 0.9102
vt 0.833 0.9071
vt 0.8296 0.9172
vt 0.8281 0.8972
vt 0.8262 0.755
vt 0.8037 0.7512
vt 0.8184 0.7407
vt 0.814 0.7626
vt 0.8037 0.7512
vt 0.8262 0.755
vt 0.814 0.7626
vt 0.793 0.7648
vt 0.8037 0.7512
vt 0.8057 0.7721
vt 0.793 0.7648
vt 0.814 0.7626
vt 0.8057 0.7721
vt 0.7866 0.7817
vt 0.793 0.7648
vt 0.8022 0.7848
vt 0.7866 0.7817
vt 0.8057 0.7721
vt 0.8022 0.7848
vt 0.7847 0.8016
vt 0.7866 0.7817
vt 0.8018 0.8
vt 0.7847 0.8016
vt 0.8022 0.7848
vt 0.8018 0.8
vt 0.7871 0.8217
vt 0.7847 0.8016
vt 0.8047 0.8162
vt 0.7871 0.8217
vt 0.8018 0.8
vt 0.8047 0.8162
vt 0.7939 0.8416
vt 0.7871 0.8217
vt 0.8096 0.8325
vt 0.7939 0.8416
vt 0.8047 0.8162
vt 0.8096 0.8325
vt 0.8022 0.8575
vt 0.7939 0.8416
vt 0.8164 0.8474
vt 0.8022 0.8575
vt 0.8096 0.8325
vt 0.8164 0.8474
vt 0.8115 0.8728
vt 0.8022 0.8575
vt 0.8242 0.8617
vt 0.8115 0.8728
vt 0.8164 0.8474
vt 0.8242 0.8617
vt 0.8213 0.8858
vt 0.8115 0.8728
vt 0.8325 0.8744
vt 0.8213 0.8858
vt 0.8242 0.8617
vt 0.8325 0.8744
vt 0.8281 0.8972
vt 0.8213 0.8858
vt 0.8364 0.8864
vt 0.8281 0.8972
vt 0.8325 0.8744
vt 0.8364 0.8864
vt 0.833 0.9071
vt 0.8281 0.8972
vt 0.8394 0.8958
vt 0.833 0.9071
vt 0.8364 0.8864
vt 0.8262 0.755
vt 0.8213 0.772
vt 0.814 0.7626
vt 0.832 0.7668
vt 0.8213 0.772
vt 0.8262 0.755
vt 0.832 0.7668
vt 0.8252 0.7822
vt 0.8213 0.772
vt 0.8364 0.7778
vt 0.8252 0.7822
vt 0.832 0.7668
vt 0.8364 0.7778
vt 0.8291 0.7937
vt 0.8252 0.7822
vt 0.8408 0.7892
vt 0.8291 0.7937
vt 0.8364 0.7778
vt 0.8408 0.7892
vt 0.833 0.8062
vt 0.8291 0.7937
vt 0.8457 0.801
vt 0.833 0.8062
vt 0.8408 0.7892
vt 0.8457 0.801
vt 0.8379 0.819
vt 0.833 0.8062
vt 0.8506 0.8132
vt 0.8379 0.819
vt 0.8457 0.801
vt 0.8506 0.8132
vt 0.8438 0.8315
vt 0.8379 0.819
vt 0.8564 0.825
vt 0.8438 0.8315
vt 0.8506 0.8132
vt 0.8564 0.825
vt 0.8501 0.8434
vt 0.8438 0.8315
vt 0.8623 0.8364
vt 0.8501 0.8434
vt 0.8564 0.825
vt 0.8623 0.8364
vt 0.8574 0.8544
vt 0.8501 0.8434
vt 0.8682 0.8469
vt 0.8574 0.8544
vt 0.8623 0.8364
vt 0.8682 0.8469
vt 0.8657 0.8623
vt 0.8574 0.8544
vt 0.874 0.856
vt 0.8657 0.8623
vt 0.8682 0.8469
vt 0.874 0.856
vt 0.8721 0.8684
vt 0.8657 0.8623
vt 0.8789 0.8638
vt 0.8721 0.8684
vt 0.874 0.856
vt 0.8789 0.8638
vt 0.8765 0.8737
vt 0.8721 0.8684
vt 0.8823 0.8705
vt 0.8765 0.8737
vt 0.8789 0.8638
vt 0.8823 0.8705
vt 0.8794 0.8781
vt 0.8765 0.8737
vt 0.8848 0.876
vt 0.8794 0.8781
vt 0.8823 0.8705
vt 0.8848 0.876
vt 0.8813 0.882
vt 0.8794 0.8781
vt 0.8857 0.881
vt 0.8813 0.882
vt 0.8848 0.876
vt 0.814 0.7626
vt 0.814 0.7764
vt 0.8057 0.7721
vt 0.8213 0.772
vt 0.814 0.7764
vt 0.814 0.7626
vt 0.8213 0.772
vt 0.8145 0.7852
vt 0.814 0.7764
vt 0.8252 0.7822
vt 0.8145 0.7852
vt 0.8213 0.772
vt 0.8252 0.7822
vt 0.8164 0.7975
vt 0.8145 0.7852
vt 0.8291 0.7937
vt 0.8164 0.7975
vt 0.8252 0.7822
vt 0.8291 0.7937
vt 0.8193 0.8112
vt 0.8164 0.7975
vt 0.833 0.8062
vt 0.8193 0.8112
vt 0.8291 0.7937
vt 0.833 0.8062
vt 0.8242 0.8253
vt 0.8193 0.8112
vt 0.8379 0.819
vt 0.8242 0.8253
vt 0.833 0.8062
vt 0.8379 0.819
vt 0.8296 0.839
vt 0.8242 0.8253
vt 0.8438 0.8315
vt 0.8296 0.839
vt 0.8379 0.819
vt 0.8438 0.8315
vt 0.8374 0.8523
vt 0.8296 0.839
vt 0.8501 0.8434
vt 0.8374 0.8523
vt 0.8438 0.8315
vt 0.8501 0.8434
vt 0.8467 0.866
vt 0.8374 0.8523
vt 0.8574 0.8544
vt 0.8467 0.866
vt 0.8501 0.8434
vt 0.8574 0.8544
vt 0.8589 0.8704
vt 0.8467 0.866
vt 0.8657 0.8623
vt 0.8589 0.8704
vt 0.8574 0.8544
vt 0.8657 0.8623
vt 0.8662 0.8741
vt 0.8589 0.8704
vt 0.8721 0.8684
vt 0.8662 0.8741
vt 0.8657 0.8623
vt 0.8721 0.8684
vt 0.8716 0.8775
vt 0.8662 0.8741
vt 0.8765 0.8737
vt 0.8716 0.8775
vt 0.8721 0.8684
vt 0.8765 0.8737
vt 0.8755 0.8807
vt 0.8716 0.8775
vt 0.8794 0.8781
vt 0.8755 0.8807
vt 0.8765 0.8737
vt 0.8794 0.8781
vt 0.8779 0.8835
vt 0.8755 0.8807
vt 0.8813 0.882
vt 0.8779 0.8835
vt 0.8794 0.8781
vt 0.814 0.7764
vt 0.8022 0.7848
vt 0.8057 0.7721
vt 0.8145 0.7852
vt 0.8022 0.7848
vt 0.814 0.7764
vt 0.8145 0.7852
vt 0.8018 0.8
vt 0.8022 0.7848
vt 0.8164 0.7975
vt 0.8018 0.8
vt 0.8145 0.7852
vt 0.8164 0.7975
vt 0.8047 0.8162
vt 0.8018 0.8
vt 0.8193 0.8112
vt 0.8047 0.8162
vt 0.8164 0.7975
vt 0.8193 0.8112
vt 0.8096 0.8325
vt 0.8047 0.8162
vt 0.8242 0.8253
vt 0.8096 0.8325
vt 0.8193 0.8112
vt 0.8242 0.8253
vt 0.8164 0.8474
vt 0.8096 0.8325
vt 0.8296 0.839
vt 0.8164 0.8474
vt 0.8242 0.8253
vt 0.8296 0.839
vt 0.8242 0.8617
vt 0.8164 0.8474
vt 0.8374 0.8523
vt 0.8242 0.8617
vt 0.8296 0.839
vt 0.8374 0.8523
vt 0.8325 0.8744
vt 0.8242 0.8617
vt 0.8467 0.866
vt 0.8325 0.8744
vt 0.8374 0.8523
vt 0.8467 0.866
vt 0.8364 0.8864
vt 0.8325 0.8744
vt 0.8462 0.8797
vt 0.8364 0.8864
vt 0.8467 0.866
vt 0.8462 0.8797
vt 0.8394 0.8958
vt 0.8364 0.8864
vt 0.8477 0.8878
vt 0.8394 0.8958
vt 0.8462 0.8797
vt 0.8589 0.8704
vt 0.8462 0.8797
vt 0.8467 0.866
vt 0.856 0.8791
vt 0.8462 0.8797
vt 0.8589 0.8704
vt 0.856 0.8791
vt 0.8477 0.8878
vt 0.8462 0.8797
vt 0.8555 0.8848
vt 0.8477 0.8878
vt 0.856 0.8791
vt 0.8589 0.8704
vt 0.8643 0.8798
vt 0.856 0.8791
vt 0.8662 0.8741
vt 0.8643 0.8798
vt 0.8589 0.8704
vt 0.8662 0.8741
vt 0.8691 0.8815
vt 0.8643 0.8798
vt 0.8716 0.8775
vt 0.8691 0.8815
vt 0.8662 0.8741
vt 0.8716 0.8775
vt 0.8726 0.8832
vt 0.8691 0.8815
vt 0.8755 0.8807
vt 0.8726 0.8832
vt 0.8716 0.8775
vt 0.8755 0.8807
vt 0.875 0.8852
vt 0.8726 0.8832
vt 0.8779 0.8835
vt 0.875 0.8852
vt 0.8755 0.8807
vt 0.856 0.8791
vt 0.8628 0.884
vt 0.8555 0.8848
vt 0.8643 0.8798
vt 0.8628 0.884
vt 0.856 0.8791
vt 0.8643 0.8798
vt 0.8672 0.8846
vt 0.8628 0.884
vt 0.8691 0.8815
vt 0.8672 0.8846
vt 0.8643 0.8798
vt 0.8691 0.8815
vt 0.8706 0.8855
vt 0.8672 0.8846
vt 0.8726 0.8832
vt 0.8706 0.8855
vt 0.8691 0.8815
vt 0.8726 0.8832
vt 0.873 0.8867
vt 0.8706 0.8855
vt 0.875 0.8852
vt 0.873 0.8867
vt 0.8726 0.8832
vt 0.4053 0.593
vt 0.3987 0.6541
vt 0.3655 0.6204
vt 0.4336 0.6436
vt 0.3987 0.6541
vt 0.4053 0.593
vt 0.4336 0.6436
vt 0.4199 0.6963
vt 0.3987 0.6541
vt 0.4509 0.6956
vt 0.4199 0.6963
vt 0.4336 0.6436
vt 0.4509 0.6956
vt 0.4268 0.7427
vt 0.4199 0.6963
vt 0.458 0.7524
vt 0.4268 0.7427
vt 0.4509 0.6956
vt 0.458 0.7524
vt 0.4189 0.7886
vt 0.4268 0.7427
vt 0.4502 0.8202
vt 0.4189 0.7886
vt 0.458 0.7524
vt 0.4502 0.8202
vt 0.3977 0.8298
vt 0.4189 0.7886
vt 0.4209 0.8955
vt 0.3977 0.8298
vt 0.4502 0.8202
vt 0.4209 0.8955
vt 0.365 0.8625
vt 0.3977 0.8298
vt 0.3542 0.9439
vt 0.365 0.8625
vt 0.4209 0.8955
vt 0.3542 0.9439
vt 0.3237 0.884
vt 0.365 0.8625
vt 0.2935 0.946
vt 0.3237 0.884
vt 0.3542 0.9439
vt 0.2935 0.946
vt 0.2781 0.892
vt 0.3237 0.884
vt 0.2424 0.9374
vt 0.2781 0.892
vt 0.2935 0.946
vt 0.2424 0.9374
vt 0.2317 0.8855
vt 0.2781 0.892
vt 0.1987 0.9172
vt 0.2317 0.8855
vt 0.2424 0.9374
vt 0.1987 0.9172
vt 0.1893 0.8649
vt 0.2317 0.8855
vt 0.1572 0.8894
vt 0.1893 0.8649
vt 0.1987 0.9172
vt 0.1572 0.8894
vt 0.1554 0.8319
vt 0.1893 0.8649
vt 0.1233 0.8502
vt 0.1554 0.8319
vt 0.1572 0.8894
vt 0.1233 0.8502
vt 0.1333 0.7899
vt 0.1554 0.8319
vt 0.0963 0.8033
vt 0.1333 0.7899
vt 0.1233 0.8502
vt 0.0963 0.8033
vt 0.1254 0.7432
vt 0.1333 0.7899
vt 0.0809 0.7495
vt 0.1254 0.7432
vt 0.0963 0.8033
vt 0.0809 0.7495
vt 0.1326 0.696
vt 0.1254 0.7432
vt 0.0779 0.6934
vt 0.1326 0.696
vt 0.0809 0.7495
vt 0.0779 0.6934
vt 0.1537 0.6536
vt 0.1326 0.696
vt 0.103 0.6389
vt 0.1537 0.6536
vt 0.0779 0.6934
vt 0.103 0.6389
vt 0.1874 0.6196
vt 0.1537 0.6536
vt 0.171 0.6001
vt 0.1874 0.6196
vt 0.103 0.6389
vt 0.171 0.6001
vt 0.23 0.5981
vt 0.1874 0.6196
vt 0.2273 0.5669
vt 0.23 0.5981
vt 0.171 0.6001
vt 0.2273 0.5669
vt 0.2769 0.5911
vt 0.23 0.5981
vt 0.2834 0.5439
vt 0.2769 0.5911
vt 0.2273 0.5669
vt 0.2834 0.5439
vt 0.3235 0.5986
vt 0.2769 0.5911
vt 0.3582 0.5393
vt 0.3235 0.5986
vt 0.2834 0.5439
vt 0.3582 0.5393
vt 0.3655 0.6204
vt 0.3235 0.5986
vt 0.4053 0.593
vt 0.3655 0.6204
vt 0.3582 0.5393
vt 0.1874 0.6196
vt 0.2344 0.6118
vt 0.1959 0.6313
vt 0.23 0.5981
vt 0.2344 0.6118
vt 0.1874 0.6196
vt 0.23 0.5981
vt 0.2769 0.6055
vt 0.2344 0.6118
vt 0.2769 0.5911
vt 0.2769 0.6055
vt 0.23 0.5981
vt 0.2769 0.5911
vt 0.3191 0.6123
vt 0.2769 0.6055
vt 0.3235 0.5986
vt 0.3191 0.6123
vt 0.2769 0.5911
vt 0.3235 0.5986
vt 0.3572 0.6318
vt 0.3191 0.6123
vt 0.3655 0.6204
vt 0.3572 0.6318
vt 0.3235 0.5986
vt 0.3655 0.6204
vt 0.3872 0.6624
vt 0.3572 0.6318
vt 0.3987 0.6541
vt 0.3872 0.6624
vt 0.3655 0.6204
vt 0.3987 0.6541
vt 0.4063 0.7004
vt 0.3872 0.6624
vt 0.4199 0.6963
vt 0.4063 0.7004
vt 0.3987 0.6541
vt 0.4199 0.6963
vt 0.4126 0.7424
vt 0.4063 0.7004
vt 0.4268 0.7427
vt 0.4126 0.7424
vt 0.4199 0.6963
vt 0.4268 0.7427
vt 0.4055 0.7842
vt 0.4126 0.7424
vt 0.4189 0.7886
vt 0.4055 0.7842
vt 0.4268 0.7427
vt 0.4189 0.7886
vt 0.3862 0.8215
vt 0.4055 0.7842
vt 0.3977 0.8298
vt 0.3862 0.8215
vt 0.4189 0.7886
vt 0.3977 0.8298
vt 0.3567 0.8513
vt 0.3862 0.8215
vt 0.365 0.8625
vt 0.3567 0.8513
vt 0.3977 0.8298
vt 0.365 0.8625
vt 0.3193 0.8707
vt 0.3567 0.8513
vt 0.3237 0.884
vt 0.3193 0.8707
vt 0.365 0.8625
vt 0.3237 0.884
vt 0.2778 0.8779
vt 0.3193 0.8707
vt 0.2781 0.892
vt 0.2778 0.8779
vt 0.3237 0.884
vt 0.2781 0.892
vt 0.2358 0.8719
vt 0.2778 0.8779
vt 0.2317 0.8855
vt 0.2358 0.8719
vt 0.2781 0.892
vt 0.2317 0.8855
vt 0.1975 0.8531
vt 0.2358 0.8719
vt 0.1893 0.8649
vt 0.1975 0.8531
vt 0.2317 0.8855
vt 0.1893 0.8649
vt 0.1669 0.8234
vt 0.1975 0.8531
vt 0.1554 0.8319
vt 0.1669 0.8234
vt 0.1893 0.8649
vt 0.1554 0.8319
vt 0.147 0.7854
vt 0.1669 0.8234
vt 0.1333 0.7899
vt 0.147 0.7854
vt 0.1554 0.8319
vt 0.1333 0.7899
vt 0.1398 0.7429
vt 0.147 0.7854
vt 0.1254 0.7432
vt 0.1398 0.7429
vt 0.1333 0.7899
vt 0.1254 0.7432
vt 0.1462 0.7004
vt 0.1398 0.7429
vt 0.1326 0.696
vt 0.1462 0.7004
vt 0.1254 0.7432
vt 0.1326 0.696
vt 0.1659 0.6624
vt 0.1462 0.7004
vt 0.1537 0.6536
vt 0.1659 0.6624
vt 0.1326 0.696
vt 0.1537 0.6536
vt 0.1959 0.6313
vt 0.1659 0.6624
vt 0.1874 0.6196
vt 0.1959 0.6313
vt 0.1537 0.6536
vt 0.1959 0.6313
vt 0.1869 0.6772
vt 0.1659 0.6624
vt 0.2113 0.6526
vt 0.1869 0.6772
vt 0.1959 0.6313
vt 0.2113 0.6526
vt 0.2091 0.6934
vt 0.1869 0.6772
vt 0.2275 0.6748
vt 0.2091 0.6934
vt 0.2113 0.6526
vt 0.2275 0.6748
vt 0.1971 0.7168
vt 0.2091 0.6934
vt 0.2292 0.708
vt 0.1971 0.7168
vt 0.2275 0.6748
vt 0.2292 0.708
vt 0.1931 0.7427
vt 0.1971 0.7168
vt 0.2319 0.7356
vt 0.1931 0.7427
vt 0.2292 0.708
vt 0.2319 0.7356
vt 0.1974 0.7684
vt 0.1931 0.7427
vt 0.2363 0.7626
vt 0.1974 0.7684
vt 0.2319 0.7356
vt 0.2363 0.7626
vt 0.2096 0.7916
vt 0.1974 0.7684
vt 0.2427 0.7896
vt 0.2096 0.7916
vt 0.2363 0.7626
vt 0.2427 0.7896
vt 0.2283 0.8098
vt 0.2096 0.7916
vt 0.2515 0.8214
vt 0.2283 0.8098
vt 0.2427 0.7896
vt 0.2515 0.8214
vt 0.2124 0.8322
vt 0.2283 0.8098
vt 0.2434 0.8474
vt 0.2124 0.8322
vt 0.2515 0.8214
vt 0.2434 0.8474
vt 0.1975 0.8531
vt 0.2124 0.8322
vt 0.2358 0.8719
vt 0.1975 0.8531
vt 0.2434 0.8474
vt 0.1959 0.6313
vt 0.2424 0.6367
vt 0.2113 0.6526
vt 0.2344 0.6118
vt 0.2424 0.6367
vt 0.1959 0.6313
vt 0.2344 0.6118
vt 0.2766 0.6313
vt 0.2424 0.6367
vt 0.2769 0.6055
vt 0.2766 0.6313
vt 0.2344 0.6118
vt 0.2769 0.6055
vt 0.311 0.637
vt 0.2766 0.6313
vt 0.3191 0.6123
vt 0.311 0.637
vt 0.2769 0.6055
vt 0.3191 0.6123
vt 0.3418 0.6528
vt 0.311 0.637
vt 0.3572 0.6318
vt 0.3418 0.6528
vt 0.3191 0.6123
vt 0.3572 0.6318
vt 0.3662 0.6772
vt 0.3418 0.6528
vt 0.3872 0.6624
vt 0.3662 0.6772
vt 0.3572 0.6318
vt 0.3872 0.6624
vt 0.3818 0.7083
vt 0.3662 0.6772
vt 0.4063 0.7004
vt 0.3818 0.7083
vt 0.3872 0.6624
vt 0.4063 0.7004
vt 0.387 0.7424
vt 0.3818 0.7083
vt 0.4126 0.7424
vt 0.387 0.7424
vt 0.4063 0.7004
vt 0.4126 0.7424
vt 0.3813 0.7761
vt 0.387 0.7424
vt 0.4055 0.7842
vt 0.3813 0.7761
vt 0.4126 0.7424
vt 0.4055 0.7842
vt 0.3657 0.8066
vt 0.3813 0.7761
vt 0.3862 0.8215
vt 0.3657 0.8066
vt 0.4055 0.7842
vt 0.3862 0.8215
vt 0.3416 0.8308
vt 0.3657 0.8066
vt 0.3567 0.8513
vt 0.3416 0.8308
vt 0.3862 0.8215
vt 0.3567 0.8513
vt 0.3113 0.8466
vt 0.3416 0.8308
vt 0.3193 0.8707
vt 0.3113 0.8466
vt 0.3567 0.8513
vt 0.3193 0.8707
vt 0.2773 0.8523
vt 0.3113 0.8466
vt 0.2778 0.8779
vt 0.2773 0.8523
vt 0.3193 0.8707
vt 0.2778 0.8779
vt 0.2434 0.8474
vt 0.2773 0.8523
vt 0.2358 0.8719
vt 0.2434 0.8474
vt 0.2778 0.8779
vt 0.1669 0.8234
vt 0.2124 0.8322
vt 0.1975 0.8531
vt 0.1876 0.8079
vt 0.2124 0.8322
vt 0.1669 0.8234
vt 0.1876 0.8079
vt 0.2283 0.8098
vt 0.2124 0.8322
vt 0.2096 0.7916
vt 0.2283 0.8098
vt 0.1876 0.8079
vt 0.1659 0.6624
vt 0.171 0.7085
vt 0.1462 0.7004
vt 0.1869 0.6772
vt 0.171 0.7085
vt 0.1659 0.6624
vt 0.1869 0.6772
vt 0.1971 0.7168
vt 0.171 0.7085
vt 0.2091 0.6934
vt 0.1971 0.7168
vt 0.1869 0.6772
vt 0.1462 0.7004
vt 0.1658 0.7429
vt 0.1398 0.7429
vt 0.171 0.7085
vt 0.1658 0.7429
vt 0.1462 0.7004
vt 0.171 0.7085
vt 0.1931 0.7427
vt 0.1658 0.7429
vt 0.1971 0.7168
vt 0.1931 0.7427
vt 0.171 0.7085
vt 0.1398 0.7429
vt 0.1715 0.7771
vt 0.147 0.7854
vt 0.1658 0.7429
vt 0.1715 0.7771
vt 0.1398 0.7429
vt 0.1658 0.7429
vt 0.1974 0.7684
vt 0.1715 0.7771
vt 0.1931 0.7427
vt 0.1974 0.7684
vt 0.1658 0.7429
vt 0.147 0.7854
vt 0.1876 0.8079
vt 0.1669 0.8234
vt 0.1715 0.7771
vt 0.1876 0.8079
vt 0.147 0.7854
vt 0.1715 0.7771
vt 0.2096 0.7916
vt 0.1876 0.8079
vt 0.1974 0.7684
vt 0.2096 0.7916
vt 0.1715 0.7771
vt 0.2515 0.8214
vt 0.2773 0.8523
vt 0.2434 0.8474
vt 0.2771 0.8253
vt 0.2773 0.8523
vt 0.2515 0.8214
vt 0.2771 0.8253
vt 0.3113 0.8466
vt 0.2773 0.8523
vt 0.3027 0.821
vt 0.3113 0.8466
vt 0.2771 0.8253
vt 0.3027 0.821
vt 0.3416 0.8308
vt 0.3113 0.8466
vt 0.3257 0.8091
vt 0.3416 0.8308
vt 0.3027 0.821
vt 0.3257 0.8091
vt 0.3657 0.8066
vt 0.3416 0.8308
vt 0.344 0.7908
vt 0.3657 0.8066
vt 0.3257 0.8091
vt 0.344 0.7908
vt 0.3813 0.7761
vt 0.3657 0.8066
vt 0.3557 0.7677
vt 0.3813 0.7761
vt 0.344 0.7908
vt 0.3557 0.7677
vt 0.387 0.7424
vt 0.3813 0.7761
vt 0.3599 0.7422
vt 0.387 0.7424
vt 0.3557 0.7677
vt 0.3599 0.7422
vt 0.3818 0.7083
vt 0.387 0.7424
vt 0.356 0.7166
vt 0.3818 0.7083
vt 0.3599 0.7422
vt 0.356 0.7166
vt 0.3662 0.6772
vt 0.3818 0.7083
vt 0.344 0.6934
vt 0.3662 0.6772
vt 0.356 0.7166
vt 0.344 0.6934
vt 0.3418 0.6528
vt 0.3662 0.6772
vt 0.3257 0.6748
vt 0.3418 0.6528
vt 0.344 0.6934
vt 0.3257 0.6748
vt 0.311 0.637
vt 0.3418 0.6528
vt 0.3025 0.6628
vt 0.311 0.637
vt 0.3257 0.6748
vt 0.3025 0.6628
vt 0.2766 0.6313
vt 0.311 0.637
vt 0.2766 0.6587
vt 0.2766 0.6313
vt 0.3025 0.6628
vt 0.2766 0.6587
vt 0.2424 0.6367
vt 0.2766 0.6313
vt 0.2507 0.6626
vt 0.2424 0.6367
vt 0.2766 0.6587
vt 0.2507 0.6626
vt 0.2113 0.6526
vt 0.2424 0.6367
vt 0.2275 0.6748
vt 0.2113 0.6526
vt 0.2507 0.6626
vt 0.2275 0.6748
vt 0.2563 0.7017
vt 0.2292 0.708
vt 0.2507 0.6626
vt 0.2563 0.7017
vt 0.2275 0.6748
vt 0.2507 0.6626
vt 0.2834 0.6973
vt 0.2563 0.7017
vt 0.2766 0.6587
vt 0.2834 0.6973
vt 0.2507 0.6626
vt 0.2766 0.6587
vt 0.311 0.6948
vt 0.2834 0.6973
vt 0.3025 0.6628
vt 0.311 0.6948
vt 0.2766 0.6587
vt 0.3025 0.6628
vt 0.344 0.6934
vt 0.311 0.6948
vt 0.3257 0.6748
vt 0.344 0.6934
vt 0.3025 0.6628
vt 0.2292 0.708
vt 0.2607 0.7307
vt 0.2319 0.7356
vt 0.2563 0.7017
vt 0.2607 0.7307
vt 0.2292 0.708
vt 0.2563 0.7017
vt 0.2883 0.7263
vt 0.2607 0.7307
vt 0.2834 0.6973
vt 0.2883 0.7263
vt 0.2563 0.7017
vt 0.2834 0.6973
vt 0.3171 0.7219
vt 0.2883 0.7263
vt 0.311 0.6948
vt 0.3171 0.7219
vt 0.2834 0.6973
vt 0.311 0.6948
vt 0.356 0.7166
vt 0.3171 0.7219
vt 0.344 0.6934
vt 0.356 0.7166
vt 0.311 0.6948
vt 0.2427 0.7896
vt 0.2771 0.8253
vt 0.2515 0.8214
vt 0.27 0.7869
vt 0.2771 0.8253
vt 0.2427 0.7896
vt 0.27 0.7869
vt 0.3027 0.821
vt 0.2771 0.8253
vt 0.2971 0.7825
vt 0.3027 0.821
vt 0.27 0.7869
vt 0.2971 0.7825
vt 0.3257 0.8091
vt 0.3027 0.821
vt 0.324 0.7762
vt 0.3257 0.8091
vt 0.2971 0.7825
vt 0.324 0.7762
vt 0.344 0.7908
vt 0.3257 0.8091
vt 0.3557 0.7677
vt 0.344 0.7908
vt 0.324 0.7762
vt 0.2319 0.7356
vt 0.2651 0.7582
vt 0.2363 0.7626
vt 0.2607 0.7307
vt 0.2651 0.7582
vt 0.2319 0.7356
vt 0.2607 0.7307
vt 0.2927 0.7537
vt 0.2651 0.7582
vt 0.2883 0.7263
vt 0.2927 0.7537
vt 0.2607 0.7307
vt 0.2883 0.7263
vt 0.3213 0.7488
vt 0.2927 0.7537
vt 0.3171 0.7219
vt 0.3213 0.7488
vt 0.2883 0.7263
vt 0.3171 0.7219
vt 0.3599 0.7422
vt 0.3213 0.7488
vt 0.356 0.7166
vt 0.3599 0.7422
vt 0.3171 0.7219
vt 0.3557 0.7677
vt 0.3213 0.7488
vt 0.3599 0.7422
vt 0.324 0.7762
vt 0.3213 0.7488
vt 0.3557 0.7677
vt 0.324 0.7762
vt 0.2927 0.7537
vt 0.3213 0.7488
vt 0.2971 0.7825
vt 0.2927 0.7537
vt 0.324 0.7762
vt 0.2971 0.7825
vt 0.2651 0.7582
vt 0.2927 0.7537
vt 0.27 0.7869
vt 0.2651 0.7582
vt 0.2971 0.7825
vt 0.27 0.7869
vt 0.2363 0.7626
vt 0.2651 0.7582
vt 0.2427 0.7896
vt 0.2363 0.7626
vt 0.27 0.7869
vt 0.4343 0.6436
vt 0.3662 0.6204
vt 0.3992 0.6541
vt 0.4058 0.593
vt 0.3662 0.6204
vt 0.4343 0.6436
vt 0.4058 0.593
vt 0.324 0.5986
vt 0.3662 0.6204
vt 0.3586 0.5393
vt 0.324 0.5986
vt 0.4058 0.593
vt 0.3586 0.5393
vt 0.2773 0.5911
vt 0.324 0.5986
vt 0.2839 0.5439
vt 0.2773 0.5911
vt 0.3586 0.5393
vt 0.2839 0.5439
vt 0.2305 0.5981
vt 0.2773 0.5911
vt 0.2278 0.5669
vt 0.2305 0.5981
vt 0.2839 0.5439
vt 0.2278 0.5669
vt 0.1879 0.6196
vt 0.2305 0.5981
vt 0.1715 0.6001
vt 0.1879 0.6196
vt 0.2278 0.5669
vt 0.1715 0.6001
vt 0.1542 0.6536
vt 0.1879 0.6196
vt 0.1036 0.6389
vt 0.1542 0.6536
vt 0.1715 0.6001
vt 0.1036 0.6389
vt 0.1331 0.696
vt 0.1542 0.6536
vt 0.0784 0.6934
vt 0.1331 0.696
vt 0.1036 0.6389
vt 0.0784 0.6934
vt 0.126 0.7432
vt 0.1331 0.696
vt 0.0814 0.7495
vt 0.126 0.7432
vt 0.0784 0.6934
vt 0.0814 0.7495
vt 0.1338 0.7899
vt 0.126 0.7432
vt 0.0967 0.8033
vt 0.1338 0.7899
vt 0.0814 0.7495
vt 0.0967 0.8033
vt 0.1559 0.8319
vt 0.1338 0.7899
vt 0.1238 0.8502
vt 0.1559 0.8319
vt 0.0967 0.8033
vt 0.1238 0.8502
vt 0.1898 0.8649
vt 0.1559 0.8319
vt 0.1577 0.8894
vt 0.1898 0.8649
vt 0.1238 0.8502
vt 0.1577 0.8894
vt 0.2322 0.8855
vt 0.1898 0.8649
vt 0.1992 0.9172
vt 0.2322 0.8855
vt 0.1577 0.8894
vt 0.1992 0.9172
vt 0.2786 0.892
vt 0.2322 0.8855
vt 0.2429 0.9374
vt 0.2786 0.892
vt 0.1992 0.9172
vt 0.2429 0.9374
vt 0.3242 0.884
vt 0.2786 0.892
vt 0.2939 0.946
vt 0.3242 0.884
vt 0.2429 0.9374
vt 0.2939 0.946
vt 0.3655 0.8625
vt 0.3242 0.884
vt 0.3547 0.9439
vt 0.3655 0.8625
vt 0.2939 0.946
vt 0.3547 0.9439
vt 0.3982 0.8298
vt 0.3655 0.8625
vt 0.4214 0.8955
vt 0.3982 0.8298
vt 0.3547 0.9439
vt 0.4214 0.8955
vt 0.4194 0.7886
vt 0.3982 0.8298
vt 0.4507 0.8202
vt 0.4194 0.7886
vt 0.4214 0.8955
vt 0.4507 0.8202
vt 0.4272 0.7427
vt 0.4194 0.7886
vt 0.4585 0.7524
vt 0.4272 0.7427
vt 0.4507 0.8202
vt 0.4585 0.7524
vt 0.4204 0.6963
vt 0.4272 0.7427
vt 0.4514 0.6956
vt 0.4204 0.6963
vt 0.4585 0.7524
vt 0.4514 0.6956
vt 0.3992 0.6541
vt 0.4204 0.6963
vt 0.4343 0.6436
vt 0.3992 0.6541
vt 0.4514 0.6956
vt 0.2305 0.5981
vt 0.1964 0.6313
vt 0.2349 0.6118
vt 0.1879 0.6196
vt 0.1964 0.6313
vt 0.2305 0.5981
vt 0.1879 0.6196
vt 0.1664 0.6624
vt 0.1964 0.6313
vt 0.1542 0.6536
vt 0.1664 0.6624
vt 0.1879 0.6196
vt 0.1542 0.6536
vt 0.1469 0.7004
vt 0.1664 0.6624
vt 0.1331 0.696
vt 0.1469 0.7004
vt 0.1542 0.6536
vt 0.1331 0.696
vt 0.1403 0.7429
vt 0.1469 0.7004
vt 0.126 0.7432
vt 0.1403 0.7429
vt 0.1331 0.696
vt 0.126 0.7432
vt 0.1475 0.7854
vt 0.1403 0.7429
vt 0.1338 0.7899
vt 0.1475 0.7854
vt 0.126 0.7432
vt 0.1338 0.7899
vt 0.1674 0.8234
vt 0.1475 0.7854
vt 0.1559 0.8319
vt 0.1674 0.8234
vt 0.1338 0.7899
vt 0.1559 0.8319
vt 0.1981 0.8531
vt 0.1674 0.8234
vt 0.1898 0.8649
vt 0.1981 0.8531
vt 0.1559 0.8319
vt 0.1898 0.8649
vt 0.2363 0.8719
vt 0.1981 0.8531
vt 0.2322 0.8855
vt 0.2363 0.8719
vt 0.1898 0.8649
vt 0.2322 0.8855
vt 0.2783 0.8779
vt 0.2363 0.8719
vt 0.2786 0.892
vt 0.2783 0.8779
vt 0.2322 0.8855
vt 0.2786 0.892
vt 0.3198 0.8707
vt 0.2783 0.8779
vt 0.3242 0.884
vt 0.3198 0.8707
vt 0.2786 0.892
vt 0.3242 0.884
vt 0.3572 0.8513
vt 0.3198 0.8707
vt 0.3655 0.8625
vt 0.3572 0.8513
vt 0.3242 0.884
vt 0.3655 0.8625
vt 0.3867 0.8215
vt 0.3572 0.8513
vt 0.3982 0.8298
vt 0.3867 0.8215
vt 0.3655 0.8625
vt 0.3982 0.8298
vt 0.406 0.7842
vt 0.3867 0.8215
vt 0.4194 0.7886
vt 0.406 0.7842
vt 0.3982 0.8298
vt 0.4194 0.7886
vt 0.4131 0.7424
vt 0.406 0.7842
vt 0.4272 0.7427
vt 0.4131 0.7424
vt 0.4194 0.7886
vt 0.4272 0.7427
vt 0.4067 0.7004
vt 0.4131 0.7424
vt 0.4204 0.6963
vt 0.4067 0.7004
vt 0.4272 0.7427
vt 0.4204 0.6963
vt 0.3877 0.6624
vt 0.4067 0.7004
vt 0.3992 0.6541
vt 0.3877 0.6624
vt 0.4204 0.6963
vt 0.3992 0.6541
vt 0.3577 0.6318
vt 0.3877 0.6624
vt 0.3662 0.6204
vt 0.3577 0.6318
vt 0.3992 0.6541
vt 0.3662 0.6204
vt 0.3196 0.6123
vt 0.3577 0.6318
vt 0.324 0.5986
vt 0.3196 0.6123
vt 0.3662 0.6204
vt 0.324 0.5986
vt 0.2773 0.6055
vt 0.3196 0.6123
vt 0.2773 0.5911
vt 0.2773 0.6055
vt 0.324 0.5986
vt 0.2773 0.5911
vt 0.2349 0.6118
vt 0.2773 0.6055
vt 0.2305 0.5981
vt 0.2349 0.6118
vt 0.2773 0.5911
vt 0.1874 0.6772
vt 0.1964 0.6313
vt 0.1664 0.6624
vt 0.2118 0.6526
vt 0.1964 0.6313
vt 0.1874 0.6772
vt 0.2118 0.6526
vt 0.2349 0.6118
vt 0.1964 0.6313
vt 0.2429 0.6367
vt 0.2349 0.6118
vt 0.2118 0.6526
vt 0.2429 0.6367
vt 0.2773 0.6055
vt 0.2349 0.6118
vt 0.2771 0.6313
vt 0.2773 0.6055
vt 0.2429 0.6367
vt 0.2771 0.6313
vt 0.3196 0.6123
vt 0.2773 0.6055
vt 0.3115 0.637
vt 0.3196 0.6123
vt 0.2771 0.6313
vt 0.3115 0.637
vt 0.3577 0.6318
vt 0.3196 0.6123
vt 0.3423 0.6528
vt 0.3577 0.6318
vt 0.3115 0.637
vt 0.3423 0.6528
vt 0.3877 0.6624
vt 0.3577 0.6318
vt 0.3667 0.6772
vt 0.3877 0.6624
vt 0.3423 0.6528
vt 0.3667 0.6772
vt 0.4067 0.7004
vt 0.3877 0.6624
vt 0.3823 0.7083
vt 0.4067 0.7004
vt 0.3667 0.6772
vt 0.3823 0.7083
vt 0.4131 0.7424
vt 0.4067 0.7004
vt 0.3875 0.7424
vt 0.4131 0.7424
vt 0.3823 0.7083
vt 0.3875 0.7424
vt 0.406 0.7842
vt 0.4131 0.7424
vt 0.3818 0.7761
vt 0.406 0.7842
vt 0.3875 0.7424
vt 0.3818 0.7761
vt 0.3867 0.8215
vt 0.406 0.7842
vt 0.3662 0.8066
vt 0.3867 0.8215
vt 0.3818 0.7761
vt 0.3662 0.8066
vt 0.3572 0.8513
vt 0.3867 0.8215
vt 0.342 0.8308
vt 0.3572 0.8513
vt 0.3662 0.8066
vt 0.342 0.8308
vt 0.3198 0.8707
vt 0.3572 0.8513
vt 0.3118 0.8466
vt 0.3198 0.8707
vt 0.342 0.8308
vt 0.3118 0.8466
vt 0.2783 0.8779
vt 0.3198 0.8707
vt 0.2778 0.8523
vt 0.2783 0.8779
vt 0.3118 0.8466
vt 0.2778 0.8523
vt 0.2363 0.8719
vt 0.2783 0.8779
vt 0.2439 0.8474
vt 0.2363 0.8719
vt 0.2778 0.8523
vt 0.2439 0.8474
vt 0.1981 0.8531
vt 0.2363 0.8719
vt 0.213 0.8322
vt 0.1981 0.8531
vt 0.2439 0.8474
vt 0.213 0.8322
vt 0.1674 0.8234
vt 0.1981 0.8531
vt 0.1881 0.8079
vt 0.1674 0.8234
vt 0.213 0.8322
vt 0.1881 0.8079
vt 0.1475 0.7854
vt 0.1674 0.8234
vt 0.172 0.7771
vt 0.1475 0.7854
vt 0.1881 0.8079
vt 0.172 0.7771
vt 0.1403 0.7429
vt 0.1475 0.7854
vt 0.1663 0.7429
vt 0.1403 0.7429
vt 0.172 0.7771
vt 0.1663 0.7429
vt 0.1469 0.7004
vt 0.1403 0.7429
vt 0.1716 0.7085
vt 0.1469 0.7004
vt 0.1663 0.7429
vt 0.1716 0.7085
vt 0.1664 0.6624
vt 0.1469 0.7004
vt 0.1874 0.6772
vt 0.1664 0.6624
vt 0.1716 0.7085
vt 0.3662 0.8066
vt 0.3562 0.7677
vt 0.3445 0.7908
vt 0.3818 0.7761
vt 0.3562 0.7677
vt 0.3662 0.8066
vt 0.3818 0.7761
vt 0.3604 0.7422
vt 0.3562 0.7677
vt 0.3875 0.7424
vt 0.3604 0.7422
vt 0.3818 0.7761
vt 0.3875 0.7424
vt 0.3564 0.7166
vt 0.3604 0.7422
vt 0.3823 0.7083
vt 0.3564 0.7166
vt 0.3875 0.7424
vt 0.3823 0.7083
vt 0.3445 0.6934
vt 0.3564 0.7166
vt 0.3667 0.6772
vt 0.3445 0.6934
vt 0.3823 0.7083
vt 0.3667 0.6772
vt 0.3262 0.6748
vt 0.3445 0.6934
vt 0.3423 0.6528
vt 0.3262 0.6748
vt 0.3667 0.6772
vt 0.3423 0.6528
vt 0.303 0.6628
vt 0.3262 0.6748
vt 0.3115 0.637
vt 0.303 0.6628
vt 0.3423 0.6528
vt 0.3115 0.637
vt 0.2771 0.6587
vt 0.303 0.6628
vt 0.2771 0.6313
vt 0.2771 0.6587
vt 0.3115 0.637
vt 0.2771 0.6313
vt 0.2512 0.6626
vt 0.2771 0.6587
vt 0.2429 0.6367
vt 0.2512 0.6626
vt 0.2771 0.6313
vt 0.2429 0.6367
vt 0.228 0.6748
vt 0.2512 0.6626
vt 0.2118 0.6526
vt 0.228 0.6748
vt 0.2429 0.6367
vt 0.2118 0.6526
vt 0.2096 0.6934
vt 0.228 0.6748
vt 0.1874 0.6772
vt 0.2096 0.6934
vt 0.2118 0.6526
vt 0.1874 0.6772
vt 0.1978 0.7168
vt 0.2096 0.6934
vt 0.1716 0.7085
vt 0.1978 0.7168
vt 0.1874 0.6772
vt 0.1716 0.7085
vt 0.1936 0.7427
vt 0.1978 0.7168
vt 0.1663 0.7429
vt 0.1936 0.7427
vt 0.1716 0.7085
vt 0.1663 0.7429
vt 0.1979 0.7684
vt 0.1936 0.7427
vt 0.172 0.7771
vt 0.1979 0.7684
vt 0.1663 0.7429
vt 0.172 0.7771
vt 0.2101 0.7916
vt 0.1979 0.7684
vt 0.1881 0.8079
vt 0.2101 0.7916
vt 0.172 0.7771
vt 0.1881 0.8079
vt 0.2288 0.8098
vt 0.2101 0.7916
vt 0.213 0.8322
vt 0.2288 0.8098
vt 0.1881 0.8079
vt 0.213 0.8322
vt 0.252 0.8214
vt 0.2288 0.8098
vt 0.2439 0.8474
vt 0.252 0.8214
vt 0.213 0.8322
vt 0.2439 0.8474
vt 0.2776 0.8253
vt 0.252 0.8214
vt 0.2778 0.8523
vt 0.2776 0.8253
vt 0.2439 0.8474
vt 0.2778 0.8523
vt 0.3032 0.821
vt 0.2776 0.8253
vt 0.3118 0.8466
vt 0.3032 0.821
vt 0.2778 0.8523
vt 0.3118 0.8466
vt 0.3262 0.8091
vt 0.3032 0.821
vt 0.342 0.8308
vt 0.3262 0.8091
vt 0.3118 0.8466
vt 0.342 0.8308
vt 0.3445 0.7908
vt 0.3262 0.8091
vt 0.3662 0.8066
vt 0.3445 0.7908
vt 0.342 0.8308
vt 0.2096 0.6934
vt 0.2297 0.708
vt 0.228 0.6748
vt 0.1978 0.7168
vt 0.2297 0.708
vt 0.2096 0.6934
vt 0.1978 0.7168
vt 0.2324 0.7356
vt 0.2297 0.708
vt 0.1936 0.7427
vt 0.2324 0.7356
vt 0.1978 0.7168
vt 0.1936 0.7427
vt 0.2368 0.7626
vt 0.2324 0.7356
vt 0.1979 0.7684
vt 0.2368 0.7626
vt 0.1936 0.7427
vt 0.1979 0.7684
vt 0.2432 0.7896
vt 0.2368 0.7626
vt 0.2101 0.7916
vt 0.2432 0.7896
vt 0.1979 0.7684
vt 0.2101 0.7916
vt 0.252 0.8214
vt 0.2432 0.7896
vt 0.2288 0.8098
vt 0.252 0.8214
vt 0.2101 0.7916
vt 0.228 0.6748
vt 0.2568 0.7017
vt 0.2512 0.6626
vt 0.2297 0.708
vt 0.2568 0.7017
vt 0.228 0.6748
vt 0.2297 0.708
vt 0.2612 0.7307
vt 0.2568 0.7017
vt 0.2324 0.7356
vt 0.2612 0.7307
vt 0.2297 0.708
vt 0.2324 0.7356
vt 0.2656 0.7582
vt 0.2612 0.7307
vt 0.2368 0.7626
vt 0.2656 0.7582
vt 0.2324 0.7356
vt 0.2368 0.7626
vt 0.2705 0.7869
vt 0.2656 0.7582
vt 0.2432 0.7896
vt 0.2705 0.7869
vt 0.2368 0.7626
vt 0.2432 0.7896
vt 0.2776 0.8253
vt 0.2705 0.7869
vt 0.252 0.8214
vt 0.2776 0.8253
vt 0.2432 0.7896
vt 0.3445 0.7908
vt 0.3245 0.7762
vt 0.3262 0.8091
vt 0.3562 0.7677
vt 0.3245 0.7762
vt 0.3445 0.7908
vt 0.3562 0.7677
vt 0.3218 0.7488
vt 0.3245 0.7762
vt 0.3604 0.7422
vt 0.3218 0.7488
vt 0.3562 0.7677
vt 0.3604 0.7422
vt 0.3176 0.7219
vt 0.3218 0.7488
vt 0.3564 0.7166
vt 0.3176 0.7219
vt 0.3604 0.7422
vt 0.3564 0.7166
vt 0.3115 0.6948
vt 0.3176 0.7219
vt 0.3445 0.6934
vt 0.3115 0.6948
vt 0.3564 0.7166
vt 0.3445 0.6934
vt 0.303 0.6628
vt 0.3115 0.6948
vt 0.3262 0.6748
vt 0.303 0.6628
vt 0.3445 0.6934
vt 0.3262 0.8091
vt 0.2976 0.7825
vt 0.3032 0.821
vt 0.3245 0.7762
vt 0.2976 0.7825
vt 0.3262 0.8091
vt 0.3245 0.7762
vt 0.2932 0.7537
vt 0.2976 0.7825
vt 0.3218 0.7488
vt 0.2932 0.7537
vt 0.3245 0.7762
vt 0.3218 0.7488
vt 0.2888 0.7263
vt 0.2932 0.7537
vt 0.3176 0.7219
vt 0.2888 0.7263
vt 0.3218 0.7488
vt 0.3176 0.7219
vt 0.2839 0.6973
vt 0.2888 0.7263
vt 0.3115 0.6948
vt 0.2839 0.6973
vt 0.3176 0.7219
vt 0.3115 0.6948
vt 0.2771 0.6587
vt 0.2839 0.6973
vt 0.303 0.6628
vt 0.2771 0.6587
vt 0.3115 0.6948
vt 0.2512 0.6626
vt 0.2839 0.6973
vt 0.2771 0.6587
vt 0.2568 0.7017
vt 0.2839 0.6973
vt 0.2512 0.6626
vt 0.2568 0.7017
vt 0.2888 0.7263
vt 0.2839 0.6973
vt 0.2612 0.7307
vt 0.2888 0.7263
vt 0.2568 0.7017
vt 0.2612 0.7307
vt 0.2932 0.7537
vt 0.2888 0.7263
vt 0.2656 0.7582
vt 0.2932 0.7537
vt 0.2612 0.7307
vt 0.2656 0.7582
vt 0.2976 0.7825
vt 0.2932 0.7537
vt 0.2705 0.7869
vt 0.2976 0.7825
vt 0.2656 0.7582
vt 0.2705 0.7869
vt 0.3032 0.821
vt 0.2976 0.7825
vt 0.2776 0.8253
vt 0.3032 0.821
vt 0.2705 0.7869
vt 0.5742 0.2788
vt 0.5566 0.2944
vt 0.5698 0.292
vt 0.5576 0.2773
vt 0.5566 0.2944
vt 0.5742 0.2788
vt 0.1711 2.7969
vt 0.1199 2.8828
vt 0.0839 2.8145
vt 0.183 2.8711
vt 0.1199 2.8828
vt 0.1711 2.7969
vt 0.183 2.8711
vt 0.1417 2.9424
vt 0.1199 2.8828
vt 0.1926 2.9385
vt 0.1417 2.9424
vt 0.183 2.8711
vt 0.1926 2.9385
vt 0.25 2.8662
vt 0.25 2.9365
vt 0.183 2.8711
vt 0.25 2.8662
vt 0.1926 2.9385
vt 0.183 2.8711
vt 0.25 2.792
vt 0.25 2.8662
vt 0.1711 2.7969
vt 0.25 2.792
vt 0.183 2.8711
vt 0.3799 2.8828
vt 0.3286 2.7969
vt 0.416 2.8145
vt 0.3169 2.8711
vt 0.3286 2.7969
vt 0.3799 2.8828
vt 0.3169 2.8711
vt 0.25 2.792
vt 0.3286 2.7969
vt 0.25 2.8662
vt 0.25 2.792
vt 0.3169 2.8711
vt 0.3582 2.9424
vt 0.3169 2.8711
vt 0.3799 2.8828
vt 0.3071 2.9385
vt 0.3169 2.8711
vt 0.3582 2.9424
vt 0.3071 2.9385
vt 0.25 2.8662
vt 0.3169 2.8711
vt 0.25 2.9365
vt 0.25 2.8662
vt 0.3071 2.9385
vt 0.9683 0.1191
vt 0.939 0.1123
vt 0.9517 0.1309
vt 0.9526 0.0991
vt 0.939 0.1123
vt 0.9683 0.1191
vt 0.9526 0.0991
vt 0.9233 0.0972
vt 0.939 0.1123
vt 0.9331 0.0825
vt 0.9233 0.0972
vt 0.9526 0.0991
vt 0.9331 0.0825
vt 0.9048 0.0859
vt 0.9233 0.0972
vt 0.9116 0.0698
vt 0.9048 0.0859
vt 0.9331 0.0825
vt 0.9116 0.0698
vt 0.8848 0.0791
vt 0.9048 0.0859
vt 0.8882 0.0605
vt 0.8848 0.0791
vt 0.9116 0.0698
vt 0.8882 0.0605
vt 0.8638 0.0762
vt 0.8848 0.0791
vt 0.8638 0.0591
vt 0.8638 0.0762
vt 0.8882 0.0605
vt 0.8638 0.0591
vt 0.8438 0.0771
vt 0.8638 0.0762
vt 0.8413 0.0605
vt 0.8438 0.0771
vt 0.8638 0.0591
vt 0.8413 0.0605
vt 0.8237 0.0825
vt 0.8438 0.0771
vt 0.8179 0.0654
vt 0.8237 0.0825
vt 0.8413 0.0605
vt 0.8179 0.0654
vt 0.8047 0.0908
vt 0.8237 0.0825
vt 0.7954 0.0752
vt 0.8047 0.0908
vt 0.8179 0.0654
vt 0.7954 0.0752
vt 0.7876 0.1025
vt 0.8047 0.0908
vt 0.7764 0.0869
vt 0.7876 0.1025
vt 0.7954 0.0752
vt 0.7764 0.0869
vt 0.771 0.1182
vt 0.7876 0.1025
vt 0.7568 0.104
vt 0.771 0.1182
vt 0.7764 0.0869
vt 0.7886 0.1328
vt 0.7876 0.1025
vt 0.771 0.1182
vt 0.8013 0.1196
vt 0.7876 0.1025
vt 0.7886 0.1328
vt 0.8013 0.1196
vt 0.8047 0.0908
vt 0.7876 0.1025
vt 0.8154 0.1099
vt 0.8047 0.0908
vt 0.8013 0.1196
vt 0.8154 0.1099
vt 0.8237 0.0825
vt 0.8047 0.0908
vt 0.8306 0.103
vt 0.8237 0.0825
vt 0.8154 0.1099
vt 0.8306 0.103
vt 0.8438 0.0771
vt 0.8237 0.0825
vt 0.8467 0.0986
vt 0.8438 0.0771
vt 0.8306 0.103
vt 0.8467 0.0986
vt 0.8638 0.0762
vt 0.8438 0.0771
vt 0.8623 0.0962
vt 0.8638 0.0762
vt 0.8467 0.0986
vt 0.8623 0.0962
vt 0.8848 0.0791
vt 0.8638 0.0762
vt 0.8789 0.0981
vt 0.8848 0.0791
vt 0.8623 0.0962
vt 0.8789 0.0981
vt 0.9048 0.0859
vt 0.8848 0.0791
vt 0.8945 0.104
vt 0.9048 0.0859
vt 0.8789 0.0981
vt 0.8945 0.104
vt 0.9233 0.0972
vt 0.9048 0.0859
vt 0.9092 0.1147
vt 0.9233 0.0972
vt 0.8945 0.104
vt 0.9092 0.1147
vt 0.939 0.1123
vt 0.9233 0.0972
vt 0.9219 0.1274
vt 0.939 0.1123
vt 0.9092 0.1147
vt 0.9219 0.1274
vt 0.9517 0.1309
vt 0.939 0.1123
vt 0.9316 0.1431
vt 0.9517 0.1309
vt 0.9219 0.1274
vt 0.9316 0.1431
vt 0.9058 0.1396
vt 0.9121 0.1519
vt 0.9219 0.1274
vt 0.9058 0.1396
vt 0.9316 0.1431
vt 0.9219 0.1274
vt 0.8965 0.1299
vt 0.9058 0.1396
vt 0.9092 0.1147
vt 0.8965 0.1299
vt 0.9219 0.1274
vt 0.9092 0.1147
vt 0.8848 0.1216
vt 0.8965 0.1299
vt 0.8945 0.104
vt 0.8848 0.1216
vt 0.9092 0.1147
vt 0.8945 0.104
vt 0.873 0.1167
vt 0.8848 0.1216
vt 0.8789 0.0981
vt 0.873 0.1167
vt 0.8945 0.104
vt 0.8789 0.0981
vt 0.8604 0.1172
vt 0.873 0.1167
vt 0.8623 0.0962
vt 0.8604 0.1172
vt 0.8789 0.0981
vt 0.8623 0.0962
vt 0.8486 0.1172
vt 0.8604 0.1172
vt 0.8467 0.0986
vt 0.8486 0.1172
vt 0.8623 0.0962
vt 0.8467 0.0986
vt 0.8364 0.1206
vt 0.8486 0.1172
vt 0.8306 0.103
vt 0.8364 0.1206
vt 0.8467 0.0986
vt 0.8306 0.103
vt 0.8252 0.1255
vt 0.8364 0.1206
vt 0.8154 0.1099
vt 0.8252 0.1255
vt 0.8306 0.103
vt 0.8154 0.1099
vt 0.8145 0.1333
vt 0.8252 0.1255
vt 0.8013 0.1196
vt 0.8145 0.1333
vt 0.8154 0.1099
vt 0.8013 0.1196
vt 0.8057 0.144
vt 0.8145 0.1333
vt 0.7886 0.1328
vt 0.8057 0.144
vt 0.8013 0.1196
vt 0.8193 0.1499
vt 0.8145 0.1333
vt 0.8057 0.144
vt 0.8257 0.1436
vt 0.8145 0.1333
vt 0.8193 0.1499
vt 0.8257 0.1436
vt 0.8252 0.1255
vt 0.8145 0.1333
vt 0.832 0.1367
vt 0.8252 0.1255
vt 0.8257 0.1436
vt 0.832 0.1367
vt 0.8364 0.1206
vt 0.8252 0.1255
vt 0.8418 0.1343
vt 0.8364 0.1206
vt 0.832 0.1367
vt 0.8418 0.1343
vt 0.8486 0.1172
vt 0.8364 0.1206
vt 0.8506 0.1299
vt 0.8486 0.1172
vt 0.8418 0.1343
vt 0.8506 0.1299
vt 0.8604 0.1172
vt 0.8486 0.1172
vt 0.8599 0.1299
vt 0.8604 0.1172
vt 0.8506 0.1299
vt 0.8599 0.1299
vt 0.873 0.1167
vt 0.8604 0.1172
vt 0.8691 0.1304
vt 0.873 0.1167
vt 0.8599 0.1299
vt 0.8691 0.1304
vt 0.8848 0.1216
vt 0.873 0.1167
vt 0.8774 0.1357
vt 0.8848 0.1216
vt 0.8691 0.1304
vt 0.8774 0.1357
vt 0.8965 0.1299
vt 0.8848 0.1216
vt 0.8872 0.1401
vt 0.8965 0.1299
vt 0.8774 0.1357
vt 0.8872 0.1401
vt 0.9058 0.1396
vt 0.8965 0.1299
vt 0.8921 0.1479
vt 0.9058 0.1396
vt 0.8872 0.1401
vt 0.8921 0.1479
vt 0.9121 0.1519
vt 0.9058 0.1396
vt 0.8975 0.1558
vt 0.9121 0.1519
vt 0.8921 0.1479
vt 0.5771 0.6677
vt 0.5674 0.6816
vt 0.583 0.6719
vt 0.5679 0.677
vt 0.5674 0.6816
vt 0.5771 0.6677
vt 0.5679 0.677
vt 0.5537 0.6765
vt 0.5674 0.6816
vt 0.5562 0.6736
vt 0.5537 0.6765
vt 0.5679 0.677
vt 0.5562 0.6736
vt 0.5479 0.6677
vt 0.5537 0.6765
vt 0.5508 0.6655
vt 0.5479 0.6677
vt 0.5562 0.6736
vt 0.5508 0.6655
vt 0.5444 0.6555
vt 0.5479 0.6677
vt 0.5483 0.6555
vt 0.5444 0.6555
vt 0.5508 0.6655
vt 0.5483 0.6555
vt 0.5449 0.6443
vt 0.5444 0.6555
vt 0.5493 0.645
vt 0.5449 0.6443
vt 0.5483 0.6555
vt 0.5493 0.645
vt 0.5508 0.6338
vt 0.5449 0.6443
vt 0.5552 0.6365
vt 0.5508 0.6338
vt 0.5493 0.645
vt 0.5552 0.6365
vt 0.5649 0.6299
vt 0.5508 0.6338
vt 0.5645 0.6348
vt 0.5649 0.6299
vt 0.5552 0.6365
vt 0.5645 0.6348
vt 0.5776 0.637
vt 0.5649 0.6299
vt 0.5742 0.6418
vt 0.5776 0.637
vt 0.5645 0.6348
vt 0.5742 0.6418
vt 0.585 0.6526
vt 0.5776 0.637
vt 0.5791 0.6543
vt 0.585 0.6526
vt 0.5742 0.6418
vt 0.5791 0.6543
vt 0.583 0.6719
vt 0.585 0.6526
vt 0.5771 0.6677
vt 0.583 0.6719
vt 0.5791 0.6543
vt 0.8667 0.1553
vt 0.8638 0.145
vt 0.8623 0.1484
vt 0.874 0.1489
vt 0.8638 0.145
vt 0.8667 0.1553
vt 0.874 0.1489
vt 0.8647 0.1416
vt 0.8638 0.145
vt 0.8726 0.1392
vt 0.8647 0.1416
vt 0.874 0.1489
vt 0.8726 0.1392
vt 0.8613 0.1392
vt 0.8647 0.1416
vt 0.8691 0.1304
vt 0.8613 0.1392
vt 0.8726 0.1392
vt 0.8691 0.1304
vt 0.8594 0.1377
vt 0.8613 0.1392
vt 0.8599 0.1299
vt 0.8594 0.1377
vt 0.8691 0.1304
vt 0.8599 0.1299
vt 0.8574 0.1392
vt 0.8594 0.1377
vt 0.8506 0.1299
vt 0.8574 0.1392
vt 0.8599 0.1299
vt 0.8506 0.1299
vt 0.854 0.1416
vt 0.8574 0.1392
vt 0.8467 0.1382
vt 0.854 0.1416
vt 0.8506 0.1299
vt 0.8467 0.1382
vt 0.855 0.1445
vt 0.854 0.1416
vt 0.8442 0.1475
vt 0.855 0.1445
vt 0.8467 0.1382
vt 0.8442 0.1475
vt 0.856 0.1479
vt 0.855 0.1445
vt 0.8506 0.1543
vt 0.856 0.1479
vt 0.8442 0.1475
vt 0.8506 0.1543
vt 0.8589 0.1479
vt 0.856 0.1479
vt 0.8584 0.1592
vt 0.8589 0.1479
vt 0.8506 0.1543
vt 0.8584 0.1592
vt 0.8623 0.1484
vt 0.8589 0.1479
vt 0.8667 0.1553
vt 0.8623 0.1484
vt 0.8584 0.1592
vt 0.8589 0.1479
vt 0.8594 0.1436
vt 0.856 0.1479
vt 0.8623 0.1484
vt 0.8594 0.1436
vt 0.8589 0.1479
vt 0.8623 0.1484
vt 0.8647 0.1416
vt 0.8594 0.1436
vt 0.8638 0.145
vt 0.8647 0.1416
vt 0.8623 0.1484
vt 0.8613 0.1392
vt 0.8594 0.1436
vt 0.8647 0.1416
vt 0.8594 0.1377
vt 0.8594 0.1436
vt 0.8613 0.1392
vt 0.8594 0.1377
vt 0.854 0.1416
vt 0.8594 0.1436
vt 0.8574 0.1392
vt 0.854 0.1416
vt 0.8594 0.1377
vt 0.854 0.1416
vt 0.856 0.1479
vt 0.8594 0.1436
vt 0.855 0.1445
vt 0.856 0.1479
vt 0.854 0.1416
vt 0.9688 0.1191
vt 0.9395 0.1123
vt 0.9531 0.0991
vt 0.9521 0.1309
vt 0.9395 0.1123
vt 0.9688 0.1191
vt 0.9521 0.1309
vt 0.9224 0.1274
vt 0.9395 0.1123
vt 0.9321 0.1431
vt 0.9224 0.1274
vt 0.9521 0.1309
vt 0.9321 0.1431
vt 0.9058 0.1396
vt 0.9224 0.1274
vt 0.9121 0.1519
vt 0.9058 0.1396
vt 0.9321 0.1431
vt 0.9121 0.1519
vt 0.8926 0.1479
vt 0.9058 0.1396
vt 0.8979 0.1558
vt 0.8926 0.1479
vt 0.9121 0.1519
vt 0.9531 0.0991
vt 0.9233 0.0972
vt 0.9336 0.0825
vt 0.9395 0.1123
vt 0.9233 0.0972
vt 0.9531 0.0991
vt 0.9395 0.1123
vt 0.9097 0.1147
vt 0.9233 0.0972
vt 0.9224 0.1274
vt 0.9097 0.1147
vt 0.9395 0.1123
vt 0.9224 0.1274
vt 0.8965 0.1299
vt 0.9097 0.1147
vt 0.9058 0.1396
vt 0.8965 0.1299
vt 0.9224 0.1274
vt 0.9058 0.1396
vt 0.8872 0.1401
vt 0.8965 0.1299
vt 0.8926 0.1479
vt 0.8872 0.1401
vt 0.9058 0.1396
vt 0.9336 0.0825
vt 0.9048 0.0859
vt 0.9121 0.0698
vt 0.9233 0.0972
vt 0.9048 0.0859
vt 0.9336 0.0825
vt 0.9233 0.0972
vt 0.8945 0.104
vt 0.9048 0.0859
vt 0.9097 0.1147
vt 0.8945 0.104
vt 0.9233 0.0972
vt 0.9097 0.1147
vt 0.8853 0.1216
vt 0.8945 0.104
vt 0.8965 0.1299
vt 0.8853 0.1216
vt 0.9097 0.1147
vt 0.8965 0.1299
vt 0.8779 0.1357
vt 0.8853 0.1216
vt 0.8872 0.1401
vt 0.8779 0.1357
vt 0.8965 0.1299
vt 0.9121 0.0698
vt 0.8848 0.0791
vt 0.8887 0.0605
vt 0.9048 0.0859
vt 0.8848 0.0791
vt 0.9121 0.0698
vt 0.9048 0.0859
vt 0.8789 0.0981
vt 0.8848 0.0791
vt 0.8945 0.104
vt 0.8789 0.0981
vt 0.9048 0.0859
vt 0.8945 0.104
vt 0.8735 0.1167
vt 0.8789 0.0981
vt 0.8853 0.1216
vt 0.8735 0.1167
vt 0.8945 0.104
vt 0.8853 0.1216
vt 0.8691 0.1304
vt 0.8735 0.1167
vt 0.8779 0.1357
vt 0.8691 0.1304
vt 0.8853 0.1216
vt 0.7769 0.0869
vt 0.771 0.1182
vt 0.7573 0.104
vt 0.7881 0.1025
vt 0.771 0.1182
vt 0.7769 0.0869
vt 0.7881 0.1025
vt 0.7886 0.1328
vt 0.771 0.1182
vt 0.8018 0.1196
vt 0.7886 0.1328
vt 0.7881 0.1025
vt 0.8018 0.1196
vt 0.8062 0.144
vt 0.7886 0.1328
vt 0.8149 0.1333
vt 0.8062 0.144
vt 0.8018 0.1196
vt 0.8149 0.1333
vt 0.8193 0.1499
vt 0.8062 0.144
vt 0.8262 0.1436
vt 0.8193 0.1499
vt 0.8149 0.1333
vt 0.7954 0.0752
vt 0.7881 0.1025
vt 0.7769 0.0869
vt 0.8052 0.0908
vt 0.7881 0.1025
vt 0.7954 0.0752
vt 0.8052 0.0908
vt 0.8018 0.1196
vt 0.7881 0.1025
vt 0.8154 0.1099
vt 0.8018 0.1196
vt 0.8052 0.0908
vt 0.8154 0.1099
vt 0.8149 0.1333
vt 0.8018 0.1196
vt 0.8252 0.1255
vt 0.8149 0.1333
vt 0.8154 0.1099
vt 0.8252 0.1255
vt 0.8262 0.1436
vt 0.8149 0.1333
vt 0.8325 0.1367
vt 0.8262 0.1436
vt 0.8252 0.1255
vt 0.8179 0.0654
vt 0.8052 0.0908
vt 0.7954 0.0752
vt 0.8237 0.0825
vt 0.8052 0.0908
vt 0.8179 0.0654
vt 0.8237 0.0825
vt 0.8154 0.1099
vt 0.8052 0.0908
vt 0.8311 0.103
vt 0.8154 0.1099
vt 0.8237 0.0825
vt 0.8311 0.103
vt 0.8252 0.1255
vt 0.8154 0.1099
vt 0.8369 0.1206
vt 0.8252 0.1255
vt 0.8311 0.103
vt 0.8369 0.1206
vt 0.8325 0.1367
vt 0.8252 0.1255
vt 0.8418 0.1343
vt 0.8325 0.1367
vt 0.8369 0.1206
vt 0.8413 0.0605
vt 0.8237 0.0825
vt 0.8179 0.0654
vt 0.8438 0.0771
vt 0.8237 0.0825
vt 0.8413 0.0605
vt 0.8438 0.0771
vt 0.8311 0.103
vt 0.8237 0.0825
vt 0.8467 0.0986
vt 0.8311 0.103
vt 0.8438 0.0771
vt 0.8467 0.0986
vt 0.8369 0.1206
vt 0.8311 0.103
vt 0.8491 0.1172
vt 0.8369 0.1206
vt 0.8467 0.0986
vt 0.8491 0.1172
vt 0.8418 0.1343
vt 0.8369 0.1206
vt 0.8511 0.1299
vt 0.8418 0.1343
vt 0.8491 0.1172
vt 0.8638 0.0591
vt 0.8438 0.0771
vt 0.8413 0.0605
vt 0.8643 0.0762
vt 0.8438 0.0771
vt 0.8638 0.0591
vt 0.8643 0.0762
vt 0.8467 0.0986
vt 0.8438 0.0771
vt 0.8623 0.0962
vt 0.8467 0.0986
vt 0.8643 0.0762
vt 0.8623 0.0962
vt 0.8491 0.1172
vt 0.8467 0.0986
vt 0.8608 0.1172
vt 0.8491 0.1172
vt 0.8623 0.0962
vt 0.8608 0.1172
vt 0.8511 0.1299
vt 0.8491 0.1172
vt 0.8599 0.1299
vt 0.8511 0.1299
vt 0.8608 0.1172
vt 0.8599 0.1299
vt 0.8574 0.1392
vt 0.8511 0.1299
vt 0.8599 0.1377
vt 0.8574 0.1392
vt 0.8599 0.1299
vt 0.8599 0.1377
vt 0.8545 0.1416
vt 0.8574 0.1392
vt 0.8594 0.1436
vt 0.8545 0.1416
vt 0.8599 0.1377
vt 0.8594 0.1436
vt 0.855 0.1445
vt 0.8545 0.1416
vt 0.856 0.1479
vt 0.855 0.1445
vt 0.8594 0.1436
vt 0.856 0.1479
vt 0.8447 0.1475
vt 0.855 0.1445
vt 0.8511 0.1543
vt 0.8447 0.1475
vt 0.856 0.1479
vt 0.8887 0.0605
vt 0.8643 0.0762
vt 0.8638 0.0591
vt 0.8848 0.0791
vt 0.8643 0.0762
vt 0.8887 0.0605
vt 0.8848 0.0791
vt 0.8623 0.0962
vt 0.8643 0.0762
vt 0.8789 0.0981
vt 0.8623 0.0962
vt 0.8848 0.0791
vt 0.8789 0.0981
vt 0.8608 0.1172
vt 0.8623 0.0962
vt 0.8735 0.1167
vt 0.8608 0.1172
vt 0.8789 0.0981
vt 0.8735 0.1167
vt 0.8599 0.1299
vt 0.8608 0.1172
vt 0.8691 0.1304
vt 0.8599 0.1299
vt 0.8735 0.1167
vt 0.8691 0.1304
vt 0.8599 0.1377
vt 0.8599 0.1299
vt 0.8618 0.1392
vt 0.8599 0.1377
vt 0.8691 0.1304
vt 0.8618 0.1392
vt 0.8594 0.1436
vt 0.8599 0.1377
vt 0.8647 0.1416
vt 0.8594 0.1436
vt 0.8618 0.1392
vt 0.8647 0.1416
vt 0.8628 0.1484
vt 0.8594 0.1436
vt 0.8638 0.145
vt 0.8628 0.1484
vt 0.8647 0.1416
vt 0.8638 0.145
vt 0.8672 0.1553
vt 0.8628 0.1484
vt 0.874 0.1489
vt 0.8672 0.1553
vt 0.8638 0.145
vt 0.8691 0.1304
vt 0.8647 0.1416
vt 0.8618 0.1392
vt 0.873 0.1392
vt 0.8647 0.1416
vt 0.8691 0.1304
vt 0.873 0.1392
vt 0.8638 0.145
vt 0.8647 0.1416
vt 0.874 0.1489
vt 0.8638 0.145
vt 0.873 0.1392
vt 0.8574 0.1392
vt 0.8467 0.1382
vt 0.8511 0.1299
vt 0.8545 0.1416
vt 0.8467 0.1382
vt 0.8574 0.1392
vt 0.8545 0.1416
vt 0.8447 0.1475
vt 0.8467 0.1382
vt 0.855 0.1445
vt 0.8447 0.1475
vt 0.8545 0.1416
vt 0.8672 0.1553
vt 0.8594 0.1479
vt 0.8628 0.1484
vt 0.8589 0.1592
vt 0.8594 0.1479
vt 0.8672 0.1553
vt 0.8589 0.1592
vt 0.856 0.1479
vt 0.8594 0.1479
vt 0.8511 0.1543
vt 0.856 0.1479
vt 0.8589 0.1592
vt 0.5679 0.677
vt 0.583 0.6719
vt 0.5679 0.6816
vt 0.5776 0.6677
vt 0.583 0.6719
vt 0.5679 0.677
vt 0.5776 0.6677
vt 0.5854 0.6526
vt 0.583 0.6719
vt 0.5791 0.6543
vt 0.5854 0.6526
vt 0.5776 0.6677
vt 0.5791 0.6543
vt 0.5776 0.637
vt 0.5854 0.6526
vt 0.5742 0.6418
vt 0.5776 0.637
vt 0.5791 0.6543
vt 0.5742 0.6418
vt 0.5649 0.6299
vt 0.5776 0.637
vt 0.5649 0.6348
vt 0.5649 0.6299
vt 0.5742 0.6418
vt 0.5649 0.6348
vt 0.5513 0.6338
vt 0.5649 0.6299
vt 0.5552 0.6365
vt 0.5513 0.6338
vt 0.5649 0.6348
vt 0.5552 0.6365
vt 0.5454 0.6443
vt 0.5513 0.6338
vt 0.5493 0.645
vt 0.5454 0.6443
vt 0.5552 0.6365
vt 0.5493 0.645
vt 0.5449 0.6555
vt 0.5454 0.6443
vt 0.5488 0.6555
vt 0.5449 0.6555
vt 0.5493 0.645
vt 0.5488 0.6555
vt 0.5479 0.6677
vt 0.5449 0.6555
vt 0.5513 0.6655
vt 0.5479 0.6677
vt 0.5488 0.6555
vt 0.5513 0.6655
vt 0.5537 0.6765
vt 0.5479 0.6677
vt 0.5562 0.6736
vt 0.5537 0.6765
vt 0.5513 0.6655
vt 0.5562 0.6736
vt 0.5679 0.6816
vt 0.5537 0.6765
vt 0.5679 0.677
vt 0.5679 0.6816
vt 0.5562 0.6736
vt 0.8628 0.1484
vt 0.856 0.1479
vt 0.8594 0.1436
vt 0.8594 0.1479
vt 0.856 0.1479
vt 0.8628 0.1484
vt 0.9297 0.2329
vt 0.9263 0.2368
vt 0.9326 0.2363
vt 0.9253 0.2324
vt 0.9263 0.2368
vt 0.9297 0.2329
vt 0.9253 0.2324
vt 0.9199 0.2368
vt 0.9263 0.2368
vt 0.9199 0.2324
vt 0.9199 0.2368
vt 0.9253 0.2324
vt 0.9199 0.2324
vt 0.9136 0.2368
vt 0.9199 0.2368
vt 0.915 0.2324
vt 0.9136 0.2368
vt 0.9199 0.2324
vt 0.915 0.2324
vt 0.9077 0.2363
vt 0.9136 0.2368
vt 0.9106 0.2329
vt 0.9077 0.2363
vt 0.915 0.2324
vt 0.9326 0.2363
vt 0.9282 0.2437
vt 0.9365 0.2432
vt 0.9263 0.2368
vt 0.9282 0.2437
vt 0.9326 0.2363
vt 0.9263 0.2368
vt 0.9199 0.2437
vt 0.9282 0.2437
vt 0.9199 0.2368
vt 0.9199 0.2437
vt 0.9263 0.2368
vt 0.9199 0.2368
vt 0.9121 0.2437
vt 0.9199 0.2437
vt 0.9136 0.2368
vt 0.9121 0.2437
vt 0.9199 0.2368
vt 0.9136 0.2368
vt 0.9033 0.2427
vt 0.9121 0.2437
vt 0.9077 0.2363
vt 0.9033 0.2427
vt 0.9136 0.2368
vt 0.9365 0.2432
vt 0.9302 0.2524
vt 0.9404 0.252
vt 0.9282 0.2437
vt 0.9302 0.2524
vt 0.9365 0.2432
vt 0.9282 0.2437
vt 0.9199 0.2524
vt 0.9302 0.2524
vt 0.9199 0.2437
vt 0.9199 0.2524
vt 0.9282 0.2437
vt 0.9199 0.2437
vt 0.9102 0.2524
vt 0.9199 0.2524
vt 0.9121 0.2437
vt 0.9102 0.2524
vt 0.9199 0.2437
vt 0.9121 0.2437
vt 0.8999 0.252
vt 0.9102 0.2524
vt 0.9033 0.2427
vt 0.8999 0.252
vt 0.9121 0.2437
vt 0.9404 0.252
vt 0.9316 0.2632
vt 0.9438 0.2627
vt 0.9302 0.2524
vt 0.9316 0.2632
vt 0.9404 0.252
vt 0.9302 0.2524
vt 0.9199 0.2632
vt 0.9316 0.2632
vt 0.9199 0.2524
vt 0.9199 0.2632
vt 0.9302 0.2524
vt 0.9199 0.2524
vt 0.9082 0.2632
vt 0.9199 0.2632
vt 0.9102 0.2524
vt 0.9082 0.2632
vt 0.9199 0.2524
vt 0.9102 0.2524
vt 0.8965 0.2627
vt 0.9082 0.2632
vt 0.8999 0.252
vt 0.8965 0.2627
vt 0.9102 0.2524
vt 0.9438 0.2627
vt 0.9331 0.2754
vt 0.9463 0.2754
vt 0.9316 0.2632
vt 0.9331 0.2754
vt 0.9438 0.2627
vt 0.9316 0.2632
vt 0.9199 0.2754
vt 0.9331 0.2754
vt 0.9199 0.2632
vt 0.9199 0.2754
vt 0.9316 0.2632
vt 0.9199 0.2632
vt 0.9072 0.2754
vt 0.9199 0.2754
vt 0.9082 0.2632
vt 0.9072 0.2754
vt 0.9199 0.2632
vt 0.9082 0.2632
vt 0.894 0.2754
vt 0.9072 0.2754
vt 0.8965 0.2627
vt 0.894 0.2754
vt 0.9082 0.2632
vt 0.9463 0.2754
vt 0.9341 0.2891
vt 0.9478 0.2886
vt 0.9331 0.2754
vt 0.9341 0.2891
vt 0.9463 0.2754
vt 0.9331 0.2754
vt 0.9199 0.2891
vt 0.9341 0.2891
vt 0.9199 0.2754
vt 0.9199 0.2891
vt 0.9331 0.2754
vt 0.9199 0.2754
vt 0.9063 0.2891
vt 0.9199 0.2891
vt 0.9072 0.2754
vt 0.9063 0.2891
vt 0.9199 0.2754
vt 0.9072 0.2754
vt 0.8921 0.2886
vt 0.9063 0.2891
vt 0.894 0.2754
vt 0.8921 0.2886
vt 0.9072 0.2754
vt 0.9478 0.2886
vt 0.9341 0.3027
vt 0.9487 0.3027
vt 0.9341 0.2891
vt 0.9341 0.3027
vt 0.9478 0.2886
vt 0.9341 0.2891
vt 0.9199 0.3027
vt 0.9341 0.3027
vt 0.9199 0.2891
vt 0.9199 0.3027
vt 0.9341 0.2891
vt 0.9199 0.2891
vt 0.9058 0.3027
vt 0.9199 0.3027
vt 0.9063 0.2891
vt 0.9058 0.3027
vt 0.9199 0.2891
vt 0.9063 0.2891
vt 0.8916 0.3027
vt 0.9058 0.3027
vt 0.8921 0.2886
vt 0.8916 0.3027
vt 0.9063 0.2891
vt 0.9341 0.3027
vt 0.9487 0.3169
vt 0.9487 0.3027
vt 0.9346 0.3169
vt 0.9487 0.3169
vt 0.9341 0.3027
vt 0.9346 0.3169
vt 0.9478 0.3306
vt 0.9487 0.3169
vt 0.9336 0.3306
vt 0.9478 0.3306
vt 0.9346 0.3169
vt 0.9336 0.3306
vt 0.9458 0.3433
vt 0.9478 0.3306
vt 0.9326 0.3428
vt 0.9458 0.3433
vt 0.9336 0.3306
vt 0.9326 0.3428
vt 0.9419 0.354
vt 0.9458 0.3433
vt 0.9312 0.3535
vt 0.9419 0.354
vt 0.9326 0.3428
vt 0.9312 0.3535
vt 0.938 0.3633
vt 0.9419 0.354
vt 0.9287 0.3623
vt 0.938 0.3633
vt 0.9312 0.3535
vt 0.9287 0.3623
vt 0.9331 0.3696
vt 0.938 0.3633
vt 0.9268 0.3687
vt 0.9331 0.3696
vt 0.9287 0.3623
vt 0.9268 0.3687
vt 0.9302 0.3726
vt 0.9331 0.3696
vt 0.9253 0.373
vt 0.9302 0.3726
vt 0.9268 0.3687
vt 0.9199 0.3027
vt 0.9346 0.3169
vt 0.9341 0.3027
vt 0.9199 0.3169
vt 0.9346 0.3169
vt 0.9199 0.3027
vt 0.9199 0.3169
vt 0.9336 0.3306
vt 0.9346 0.3169
vt 0.9199 0.3301
vt 0.9336 0.3306
vt 0.9199 0.3169
vt 0.9199 0.3301
vt 0.9326 0.3428
vt 0.9336 0.3306
vt 0.9199 0.3428
vt 0.9326 0.3428
vt 0.9199 0.3301
vt 0.9199 0.3428
vt 0.9312 0.3535
vt 0.9326 0.3428
vt 0.9199 0.3535
vt 0.9312 0.3535
vt 0.9199 0.3428
vt 0.9199 0.3535
vt 0.9287 0.3623
vt 0.9312 0.3535
vt 0.9199 0.3623
vt 0.9287 0.3623
vt 0.9199 0.3535
vt 0.9199 0.3623
vt 0.9268 0.3687
vt 0.9287 0.3623
vt 0.9199 0.3687
vt 0.9268 0.3687
vt 0.9199 0.3623
vt 0.9199 0.3687
vt 0.9253 0.373
vt 0.9268 0.3687
vt 0.9199 0.373
vt 0.9253 0.373
vt 0.9199 0.3687
vt 0.9058 0.3027
vt 0.9199 0.3169
vt 0.9199 0.3027
vt 0.9058 0.3169
vt 0.9199 0.3169
vt 0.9058 0.3027
vt 0.9058 0.3169
vt 0.9199 0.3301
vt 0.9199 0.3169
vt 0.9063 0.3306
vt 0.9199 0.3301
vt 0.9058 0.3169
vt 0.9063 0.3306
vt 0.9199 0.3428
vt 0.9199 0.3301
vt 0.9072 0.3428
vt 0.9199 0.3428
vt 0.9063 0.3306
vt 0.9072 0.3428
vt 0.9199 0.3535
vt 0.9199 0.3428
vt 0.9092 0.3535
vt 0.9199 0.3535
vt 0.9072 0.3428
vt 0.9092 0.3535
vt 0.9199 0.3623
vt 0.9199 0.3535
vt 0.9111 0.3623
vt 0.9199 0.3623
vt 0.9092 0.3535
vt 0.9111 0.3623
vt 0.9199 0.3687
vt 0.9199 0.3623
vt 0.9131 0.3687
vt 0.9199 0.3687
vt 0.9111 0.3623
vt 0.9131 0.3687
vt 0.9199 0.373
vt 0.9199 0.3687
vt 0.9146 0.373
vt 0.9199 0.373
vt 0.9131 0.3687
vt 0.8916 0.3027
vt 0.9058 0.3169
vt 0.9058 0.3027
vt 0.8916 0.3169
vt 0.9058 0.3169
vt 0.8916 0.3027
vt 0.8916 0.3169
vt 0.9063 0.3306
vt 0.9058 0.3169
vt 0.8926 0.3306
vt 0.9063 0.3306
vt 0.8916 0.3169
vt 0.8926 0.3306
vt 0.9072 0.3428
vt 0.9063 0.3306
vt 0.8945 0.3433
vt 0.9072 0.3428
vt 0.8926 0.3306
vt 0.8945 0.3433
vt 0.9092 0.3535
vt 0.9072 0.3428
vt 0.8979 0.354
vt 0.9092 0.3535
vt 0.8945 0.3433
vt 0.8979 0.354
vt 0.9111 0.3623
vt 0.9092 0.3535
vt 0.9023 0.3633
vt 0.9111 0.3623
vt 0.8979 0.354
vt 0.9023 0.3633
vt 0.9131 0.3687
vt 0.9111 0.3623
vt 0.9072 0.3696
vt 0.9131 0.3687
vt 0.9023 0.3633
vt 0.9072 0.3696
vt 0.9146 0.373
vt 0.9131 0.3687
vt 0.9102 0.3726
vt 0.9146 0.373
vt 0.9072 0.3696
vt 0.9302 0.2329
vt 0.9268 0.2368
vt 0.9253 0.2324
vt 0.9326 0.2363
vt 0.9268 0.2368
vt 0.9302 0.2329
vt 0.9326 0.2363
vt 0.9287 0.2437
vt 0.9268 0.2368
vt 0.937 0.2432
vt 0.9287 0.2437
vt 0.9326 0.2363
vt 0.937 0.2432
vt 0.9307 0.2524
vt 0.9287 0.2437
vt 0.9409 0.252
vt 0.9307 0.2524
vt 0.937 0.2432
vt 0.9409 0.252
vt 0.9321 0.2632
vt 0.9307 0.2524
vt 0.9438 0.2627
vt 0.9321 0.2632
vt 0.9409 0.252
vt 0.9438 0.2627
vt 0.9331 0.2754
vt 0.9321 0.2632
vt 0.9463 0.2754
vt 0.9331 0.2754
vt 0.9438 0.2627
vt 0.9463 0.2754
vt 0.9341 0.2891
vt 0.9331 0.2754
vt 0.9482 0.2886
vt 0.9341 0.2891
vt 0.9463 0.2754
vt 0.9482 0.2886
vt 0.9346 0.3027
vt 0.9341 0.2891
vt 0.9492 0.3027
vt 0.9346 0.3027
vt 0.9482 0.2886
vt 0.9492 0.3027
vt 0.9346 0.3169
vt 0.9346 0.3027
vt 0.9492 0.3169
vt 0.9346 0.3169
vt 0.9492 0.3027
vt 0.9492 0.3169
vt 0.9341 0.3306
vt 0.9346 0.3169
vt 0.9482 0.3306
vt 0.9341 0.3306
vt 0.9492 0.3169
vt 0.9482 0.3306
vt 0.9331 0.3428
vt 0.9341 0.3306
vt 0.9458 0.3433
vt 0.9331 0.3428
vt 0.9482 0.3306
vt 0.9458 0.3433
vt 0.9312 0.3535
vt 0.9331 0.3428
vt 0.9424 0.354
vt 0.9312 0.3535
vt 0.9458 0.3433
vt 0.9424 0.354
vt 0.9292 0.3623
vt 0.9312 0.3535
vt 0.938 0.3633
vt 0.9292 0.3623
vt 0.9424 0.354
vt 0.938 0.3633
vt 0.9272 0.3687
vt 0.9292 0.3623
vt 0.9331 0.3696
vt 0.9272 0.3687
vt 0.938 0.3633
vt 0.9331 0.3696
vt 0.9258 0.373
vt 0.9272 0.3687
vt 0.9307 0.3726
vt 0.9258 0.373
vt 0.9331 0.3696
vt 0.9253 0.2324
vt 0.9204 0.2368
vt 0.9204 0.2324
vt 0.9268 0.2368
vt 0.9204 0.2368
vt 0.9253 0.2324
vt 0.9268 0.2368
vt 0.9204 0.2437
vt 0.9204 0.2368
vt 0.9287 0.2437
vt 0.9204 0.2437
vt 0.9268 0.2368
vt 0.9287 0.2437
vt 0.9204 0.2524
vt 0.9204 0.2437
vt 0.9307 0.2524
vt 0.9204 0.2524
vt 0.9287 0.2437
vt 0.9307 0.2524
vt 0.9204 0.2632
vt 0.9204 0.2524
vt 0.9321 0.2632
vt 0.9204 0.2632
vt 0.9307 0.2524
vt 0.9321 0.2632
vt 0.9204 0.2754
vt 0.9204 0.2632
vt 0.9331 0.2754
vt 0.9204 0.2754
vt 0.9321 0.2632
vt 0.9331 0.2754
vt 0.9204 0.2891
vt 0.9204 0.2754
vt 0.9341 0.2891
vt 0.9204 0.2891
vt 0.9331 0.2754
vt 0.9341 0.2891
vt 0.9204 0.3027
vt 0.9204 0.2891
vt 0.9346 0.3027
vt 0.9204 0.3027
vt 0.9341 0.2891
vt 0.9346 0.3027
vt 0.9204 0.3169
vt 0.9204 0.3027
vt 0.9346 0.3169
vt 0.9204 0.3169
vt 0.9346 0.3027
vt 0.9346 0.3169
vt 0.9204 0.3301
vt 0.9204 0.3169
vt 0.9341 0.3306
vt 0.9204 0.3301
vt 0.9346 0.3169
vt 0.9341 0.3306
vt 0.9204 0.3428
vt 0.9204 0.3301
vt 0.9331 0.3428
vt 0.9204 0.3428
vt 0.9341 0.3306
vt 0.9331 0.3428
vt 0.9204 0.3535
vt 0.9204 0.3428
vt 0.9312 0.3535
vt 0.9204 0.3535
vt 0.9331 0.3428
vt 0.9312 0.3535
vt 0.9204 0.3623
vt 0.9204 0.3535
vt 0.9292 0.3623
vt 0.9204 0.3623
vt 0.9312 0.3535
vt 0.9292 0.3623
vt 0.9204 0.3687
vt 0.9204 0.3623
vt 0.9272 0.3687
vt 0.9204 0.3687
vt 0.9292 0.3623
vt 0.9272 0.3687
vt 0.9204 0.373
vt 0.9204 0.3687
vt 0.9258 0.373
vt 0.9204 0.373
vt 0.9272 0.3687
vt 0.9204 0.2324
vt 0.9141 0.2368
vt 0.915 0.2324
vt 0.9204 0.2368
vt 0.9141 0.2368
vt 0.9204 0.2324
vt 0.9204 0.2368
vt 0.9121 0.2437
vt 0.9141 0.2368
vt 0.9204 0.2437
vt 0.9121 0.2437
vt 0.9204 0.2368
vt 0.9204 0.2437
vt 0.9102 0.2524
vt 0.9121 0.2437
vt 0.9204 0.2524
vt 0.9102 0.2524
vt 0.9204 0.2437
vt 0.9204 0.2524
vt 0.9087 0.2632
vt 0.9102 0.2524
vt 0.9204 0.2632
vt 0.9087 0.2632
vt 0.9204 0.2524
vt 0.9204 0.2632
vt 0.9072 0.2754
vt 0.9087 0.2632
vt 0.9204 0.2754
vt 0.9072 0.2754
vt 0.9204 0.2632
vt 0.9204 0.2754
vt 0.9067 0.2891
vt 0.9072 0.2754
vt 0.9204 0.2891
vt 0.9067 0.2891
vt 0.9204 0.2754
vt 0.9204 0.2891
vt 0.9063 0.3027
vt 0.9067 0.2891
vt 0.9204 0.3027
vt 0.9063 0.3027
vt 0.9204 0.2891
vt 0.9204 0.3027
vt 0.9063 0.3169
vt 0.9063 0.3027
vt 0.9204 0.3169
vt 0.9063 0.3169
vt 0.9204 0.3027
vt 0.9204 0.3169
vt 0.9067 0.3306
vt 0.9063 0.3169
vt 0.9204 0.3301
vt 0.9067 0.3306
vt 0.9204 0.3169
vt 0.9204 0.3301
vt 0.9077 0.3428
vt 0.9067 0.3306
vt 0.9204 0.3428
vt 0.9077 0.3428
vt 0.9204 0.3301
vt 0.9204 0.3428
vt 0.9092 0.3535
vt 0.9077 0.3428
vt 0.9204 0.3535
vt 0.9092 0.3535
vt 0.9204 0.3428
vt 0.9204 0.3535
vt 0.9116 0.3623
vt 0.9092 0.3535
vt 0.9204 0.3623
vt 0.9116 0.3623
vt 0.9204 0.3535
vt 0.9204 0.3623
vt 0.9136 0.3687
vt 0.9116 0.3623
vt 0.9204 0.3687
vt 0.9136 0.3687
vt 0.9204 0.3623
vt 0.9204 0.3687
vt 0.915 0.373
vt 0.9136 0.3687
vt 0.9204 0.373
vt 0.915 0.373
vt 0.9204 0.3687
vt 0.915 0.2324
vt 0.9082 0.2363
vt 0.9106 0.2329
vt 0.9141 0.2368
vt 0.9082 0.2363
vt 0.915 0.2324
vt 0.9141 0.2368
vt 0.9038 0.2427
vt 0.9082 0.2363
vt 0.9121 0.2437
vt 0.9038 0.2427
vt 0.9141 0.2368
vt 0.9121 0.2437
vt 0.8999 0.252
vt 0.9038 0.2427
vt 0.9102 0.2524
vt 0.8999 0.252
vt 0.9121 0.2437
vt 0.9102 0.2524
vt 0.8965 0.2627
vt 0.8999 0.252
vt 0.9087 0.2632
vt 0.8965 0.2627
vt 0.9102 0.2524
vt 0.9087 0.2632
vt 0.894 0.2754
vt 0.8965 0.2627
vt 0.9072 0.2754
vt 0.894 0.2754
vt 0.9087 0.2632
vt 0.9072 0.2754
vt 0.8926 0.2886
vt 0.894 0.2754
vt 0.9067 0.2891
vt 0.8926 0.2886
vt 0.9072 0.2754
vt 0.9067 0.2891
vt 0.8916 0.3027
vt 0.8926 0.2886
vt 0.9063 0.3027
vt 0.8916 0.3027
vt 0.9067 0.2891
vt 0.9063 0.3027
vt 0.8916 0.3169
vt 0.8916 0.3027
vt 0.9063 0.3169
vt 0.8916 0.3169
vt 0.9063 0.3027
vt 0.9063 0.3169
vt 0.8926 0.3306
vt 0.8916 0.3169
vt 0.9067 0.3306
vt 0.8926 0.3306
vt 0.9063 0.3169
vt 0.9067 0.3306
vt 0.895 0.3433
vt 0.8926 0.3306
vt 0.9077 0.3428
vt 0.895 0.3433
vt 0.9067 0.3306
vt 0.9077 0.3428
vt 0.8984 0.354
vt 0.895 0.3433
vt 0.9092 0.3535
vt 0.8984 0.354
vt 0.9077 0.3428
vt 0.9092 0.3535
vt 0.9028 0.3633
vt 0.8984 0.354
vt 0.9116 0.3623
vt 0.9028 0.3633
vt 0.9092 0.3535
vt 0.9116 0.3623
vt 0.9072 0.3696
vt 0.9028 0.3633
vt 0.9136 0.3687
vt 0.9072 0.3696
vt 0.9116 0.3623
vt 0.9136 0.3687
vt 0.9102 0.3726
vt 0.9072 0.3696
vt 0.915 0.373
vt 0.9102 0.3726
vt 0.9136 0.3687
vt 0.7412 0.2832
vt 0.7456 0.3032
vt 0.7485 0.2852
vt 0.7378 0.3032
vt 0.7456 0.3032
vt 0.7412 0.2832
vt 0.7378 0.3032
vt 0.748 0.3218
vt 0.7456 0.3032
vt 0.7407 0.3228
vt 0.748 0.3218
vt 0.7378 0.3032
vt 0.7407 0.3228
vt 0.7534 0.3374
vt 0.748 0.3218
vt 0.7466 0.3398
vt 0.7534 0.3374
vt 0.7407 0.3228
vt 0.7466 0.3398
vt 0.7603 0.3511
vt 0.7534 0.3374
vt 0.7544 0.354
vt 0.7603 0.3511
vt 0.7466 0.3398
vt 0.7544 0.354
vt 0.7681 0.3618
vt 0.7603 0.3511
vt 0.7632 0.3652
vt 0.7681 0.3618
vt 0.7544 0.354
vt 0.7632 0.3652
vt 0.7764 0.3696
vt 0.7681 0.3618
vt 0.7725 0.3735
vt 0.7764 0.3696
vt 0.7632 0.3652
vt 0.7725 0.3735
vt 0.7847 0.375
vt 0.7764 0.3696
vt 0.7817 0.3794
vt 0.7847 0.375
vt 0.7725 0.3735
vt 0.7817 0.3794
vt 0.791 0.3779
vt 0.7847 0.375
vt 0.7876 0.3813
vt 0.791 0.3779
vt 0.7817 0.3794
vt 0.7876 0.3813
vt 0.7969 0.3794
vt 0.791 0.3779
vt 0.7939 0.3848
vt 0.7969 0.3794
vt 0.7876 0.3813
vt 0.7939 0.3848
vt 0.8022 0.3799
vt 0.7969 0.3794
vt 0.8022 0.3857
vt 0.8022 0.3799
vt 0.7939 0.3848
vt 0.8022 0.3857
vt 0.8081 0.3794
vt 0.8022 0.3799
vt 0.8105 0.3848
vt 0.8081 0.3794
vt 0.8022 0.3857
vt 0.8105 0.3848
vt 0.814 0.3779
vt 0.8081 0.3794
vt 0.8174 0.3813
vt 0.814 0.3779
vt 0.8105 0.3848
vt 0.8174 0.3813
vt 0.8203 0.375
vt 0.814 0.3779
vt 0.8232 0.3794
vt 0.8203 0.375
vt 0.8174 0.3813
vt 0.8232 0.3794
vt 0.8286 0.3696
vt 0.8203 0.375
vt 0.832 0.3735
vt 0.8286 0.3696
vt 0.8232 0.3794
vt 0.832 0.3735
vt 0.8369 0.3618
vt 0.8286 0.3696
vt 0.8413 0.3652
vt 0.8369 0.3618
vt 0.832 0.3735
vt 0.8413 0.3652
vt 0.8447 0.3511
vt 0.8369 0.3618
vt 0.8506 0.354
vt 0.8447 0.3511
vt 0.8413 0.3652
vt 0.8506 0.354
vt 0.8516 0.3374
vt 0.8447 0.3511
vt 0.8579 0.3398
vt 0.8516 0.3374
vt 0.8506 0.354
vt 0.8579 0.3398
vt 0.8564 0.3218
vt 0.8516 0.3374
vt 0.8638 0.3228
vt 0.8564 0.3218
vt 0.8579 0.3398
vt 0.8638 0.3228
vt 0.8589 0.3032
vt 0.8564 0.3218
vt 0.8667 0.3032
vt 0.8589 0.3032
vt 0.8638 0.3228
vt 0.8667 0.3032
vt 0.8564 0.2852
vt 0.8589 0.3032
vt 0.8633 0.2832
vt 0.8564 0.2852
vt 0.8667 0.3032
vt 0.8633 0.2832
vt 0.8511 0.2686
vt 0.8564 0.2852
vt 0.8574 0.2661
vt 0.8511 0.2686
vt 0.8633 0.2832
vt 0.8574 0.2661
vt 0.8438 0.2549
vt 0.8511 0.2686
vt 0.8496 0.252
vt 0.8438 0.2549
vt 0.8574 0.2661
vt 0.8496 0.252
vt 0.8359 0.2441
vt 0.8438 0.2549
vt 0.8403 0.2402
vt 0.8359 0.2441
vt 0.8496 0.252
vt 0.8403 0.2402
vt 0.8276 0.2363
vt 0.8359 0.2441
vt 0.8311 0.2319
vt 0.8276 0.2363
vt 0.8403 0.2402
vt 0.8311 0.2319
vt 0.8198 0.231
vt 0.8276 0.2363
vt 0.8218 0.2271
vt 0.8198 0.231
vt 0.8311 0.2319
vt 0.8218 0.2271
vt 0.813 0.228
vt 0.8198 0.231
vt 0.8164 0.2251
vt 0.813 0.228
vt 0.8218 0.2271
vt 0.8164 0.2251
vt 0.8076 0.2271
vt 0.813 0.228
vt 0.8101 0.2217
vt 0.8076 0.2271
vt 0.8164 0.2251
vt 0.8101 0.2217
vt 0.8022 0.2266
vt 0.8076 0.2271
vt 0.8022 0.2207
vt 0.8022 0.2266
vt 0.8101 0.2217
vt 0.8022 0.2207
vt 0.7969 0.2271
vt 0.8022 0.2266
vt 0.7949 0.2217
vt 0.7969 0.2271
vt 0.8022 0.2207
vt 0.7949 0.2217
vt 0.792 0.228
vt 0.7969 0.2271
vt 0.7881 0.2251
vt 0.792 0.228
vt 0.7949 0.2217
vt 0.7881 0.2251
vt 0.7852 0.231
vt 0.792 0.228
vt 0.7827 0.2271
vt 0.7852 0.231
vt 0.7881 0.2251
vt 0.7827 0.2271
vt 0.7769 0.2363
vt 0.7852 0.231
vt 0.7734 0.2319
vt 0.7769 0.2363
vt 0.7827 0.2271
vt 0.7734 0.2319
vt 0.7686 0.2441
vt 0.7769 0.2363
vt 0.7642 0.2402
vt 0.7686 0.2441
vt 0.7734 0.2319
vt 0.7642 0.2402
vt 0.7607 0.2549
vt 0.7686 0.2441
vt 0.7549 0.252
vt 0.7607 0.2549
vt 0.7642 0.2402
vt 0.7549 0.252
vt 0.7534 0.2686
vt 0.7607 0.2549
vt 0.7471 0.2661
vt 0.7534 0.2686
vt 0.7549 0.252
vt 0.7471 0.2661
vt 0.7485 0.2852
vt 0.7534 0.2686
vt 0.7412 0.2832
vt 0.7485 0.2852
vt 0.7471 0.2661
vt 0.7485 0.2852
vt 0.752 0.3037
vt 0.7539 0.2861
vt 0.7456 0.3032
vt 0.752 0.3037
vt 0.7485 0.2852
vt 0.7456 0.3032
vt 0.7539 0.3208
vt 0.752 0.3037
vt 0.748 0.3218
vt 0.7539 0.3208
vt 0.7456 0.3032
vt 0.748 0.3218
vt 0.7583 0.3359
vt 0.7539 0.3208
vt 0.7534 0.3374
vt 0.7583 0.3359
vt 0.748 0.3218
vt 0.7534 0.3374
vt 0.7646 0.3486
vt 0.7583 0.3359
vt 0.7603 0.3511
vt 0.7646 0.3486
vt 0.7534 0.3374
vt 0.7603 0.3511
vt 0.7715 0.3589
vt 0.7646 0.3486
vt 0.7681 0.3618
vt 0.7715 0.3589
vt 0.7603 0.3511
vt 0.7681 0.3618
vt 0.7793 0.3662
vt 0.7715 0.3589
vt 0.7764 0.3696
vt 0.7793 0.3662
vt 0.7681 0.3618
vt 0.7764 0.3696
vt 0.7866 0.3716
vt 0.7793 0.3662
vt 0.7847 0.375
vt 0.7866 0.3716
vt 0.7764 0.3696
vt 0.7847 0.375
vt 0.7925 0.374
vt 0.7866 0.3716
vt 0.791 0.3779
vt 0.7925 0.374
vt 0.7847 0.375
vt 0.791 0.3779
vt 0.7979 0.375
vt 0.7925 0.374
vt 0.7969 0.3794
vt 0.7979 0.375
vt 0.791 0.3779
vt 0.7969 0.3794
vt 0.8022 0.375
vt 0.7979 0.375
vt 0.8022 0.3799
vt 0.8022 0.375
vt 0.7969 0.3794
vt 0.8022 0.3799
vt 0.8071 0.375
vt 0.8022 0.375
vt 0.8081 0.3794
vt 0.8071 0.375
vt 0.8022 0.3799
vt 0.8081 0.3794
vt 0.812 0.374
vt 0.8071 0.375
vt 0.814 0.3779
vt 0.812 0.374
vt 0.8081 0.3794
vt 0.814 0.3779
vt 0.8179 0.3716
vt 0.812 0.374
vt 0.8203 0.375
vt 0.8179 0.3716
vt 0.814 0.3779
vt 0.8203 0.375
vt 0.8252 0.3662
vt 0.8179 0.3716
vt 0.8286 0.3696
vt 0.8252 0.3662
vt 0.8203 0.375
vt 0.8286 0.3696
vt 0.833 0.3589
vt 0.8252 0.3662
vt 0.8369 0.3618
vt 0.833 0.3589
vt 0.8286 0.3696
vt 0.8369 0.3618
vt 0.8403 0.3486
vt 0.833 0.3589
vt 0.8447 0.3511
vt 0.8403 0.3486
vt 0.8369 0.3618
vt 0.8447 0.3511
vt 0.8467 0.3359
vt 0.8403 0.3486
vt 0.8516 0.3374
vt 0.8467 0.3359
vt 0.8447 0.3511
vt 0.8516 0.3374
vt 0.8511 0.3208
vt 0.8467 0.3359
vt 0.8564 0.3218
vt 0.8511 0.3208
vt 0.8516 0.3374
vt 0.8564 0.3218
vt 0.853 0.3037
vt 0.8511 0.3208
vt 0.8589 0.3032
vt 0.853 0.3037
vt 0.8564 0.3218
vt 0.8589 0.3032
vt 0.8511 0.2861
vt 0.853 0.3037
vt 0.8564 0.2852
vt 0.8511 0.2861
vt 0.8589 0.3032
vt 0.8564 0.2852
vt 0.8462 0.2705
vt 0.8511 0.2861
vt 0.8511 0.2686
vt 0.8462 0.2705
vt 0.8564 0.2852
vt 0.8511 0.2686
vt 0.8394 0.2568
vt 0.8462 0.2705
vt 0.8438 0.2549
vt 0.8394 0.2568
vt 0.8511 0.2686
vt 0.8438 0.2549
vt 0.832 0.2471
vt 0.8394 0.2568
vt 0.8359 0.2441
vt 0.832 0.2471
vt 0.8438 0.2549
vt 0.8359 0.2441
vt 0.8242 0.2393
vt 0.832 0.2471
vt 0.8276 0.2363
vt 0.8242 0.2393
vt 0.8359 0.2441
vt 0.8276 0.2363
vt 0.8169 0.2349
vt 0.8242 0.2393
vt 0.8198 0.231
vt 0.8169 0.2349
vt 0.8276 0.2363
vt 0.8198 0.231
vt 0.811 0.2324
vt 0.8169 0.2349
vt 0.813 0.228
vt 0.811 0.2324
vt 0.8198 0.231
vt 0.813 0.228
vt 0.8066 0.2314
vt 0.811 0.2324
vt 0.8076 0.2271
vt 0.8066 0.2314
vt 0.813 0.228
vt 0.8076 0.2271
vt 0.8022 0.2314
vt 0.8066 0.2314
vt 0.8022 0.2266
vt 0.8022 0.2314
vt 0.8076 0.2271
vt 0.8022 0.2266
vt 0.7983 0.2314
vt 0.8022 0.2314
vt 0.7969 0.2271
vt 0.7983 0.2314
vt 0.8022 0.2266
vt 0.7969 0.2271
vt 0.7935 0.2324
vt 0.7983 0.2314
vt 0.792 0.228
vt 0.7935 0.2324
vt 0.7969 0.2271
vt 0.792 0.228
vt 0.7876 0.2349
vt 0.7935 0.2324
vt 0.7852 0.231
vt 0.7876 0.2349
vt 0.792 0.228
vt 0.7852 0.231
vt 0.7803 0.2393
vt 0.7876 0.2349
vt 0.7769 0.2363
vt 0.7803 0.2393
vt 0.7852 0.231
vt 0.7769 0.2363
vt 0.7725 0.2471
vt 0.7803 0.2393
vt 0.7686 0.2441
vt 0.7725 0.2471
vt 0.7769 0.2363
vt 0.7686 0.2441
vt 0.7651 0.2568
vt 0.7725 0.2471
vt 0.7607 0.2549
vt 0.7651 0.2568
vt 0.7686 0.2441
vt 0.7607 0.2549
vt 0.7588 0.2705
vt 0.7651 0.2568
vt 0.7534 0.2686
vt 0.7588 0.2705
vt 0.7607 0.2549
vt 0.7534 0.2686
vt 0.7539 0.2861
vt 0.7588 0.2705
vt 0.7485 0.2852
vt 0.7539 0.2861
vt 0.7534 0.2686
vt 0.7539 0.2861
vt 0.7646 0.3037
vt 0.7656 0.2881
vt 0.752 0.3037
vt 0.7646 0.3037
vt 0.7539 0.2861
vt 0.752 0.3037
vt 0.7656 0.3188
vt 0.7646 0.3037
vt 0.7539 0.3208
vt 0.7656 0.3188
vt 0.752 0.3037
vt 0.7539 0.3208
vt 0.7681 0.333
vt 0.7656 0.3188
vt 0.7583 0.3359
vt 0.7681 0.333
vt 0.7539 0.3208
vt 0.7583 0.3359
vt 0.7725 0.3447
vt 0.7681 0.333
vt 0.7646 0.3486
vt 0.7725 0.3447
vt 0.7583 0.3359
vt 0.7646 0.3486
vt 0.7778 0.355
vt 0.7725 0.3447
vt 0.7715 0.3589
vt 0.7778 0.355
vt 0.7646 0.3486
vt 0.7715 0.3589
vt 0.7837 0.3633
vt 0.7778 0.355
vt 0.7793 0.3662
vt 0.7837 0.3633
vt 0.7715 0.3589
vt 0.7793 0.3662
vt 0.7896 0.3682
vt 0.7837 0.3633
vt 0.7866 0.3716
vt 0.7896 0.3682
vt 0.7793 0.3662
vt 0.7866 0.3716
vt 0.7939 0.3711
vt 0.7896 0.3682
vt 0.7925 0.374
vt 0.7939 0.3711
vt 0.7866 0.3716
vt 0.7925 0.374
vt 0.7983 0.3721
vt 0.7939 0.3711
vt 0.7979 0.375
vt 0.7983 0.3721
vt 0.7925 0.374
vt 0.7979 0.375
vt 0.8022 0.3721
vt 0.7983 0.3721
vt 0.8022 0.375
vt 0.8022 0.3721
vt 0.7979 0.375
vt 0.8022 0.375
vt 0.8066 0.3721
vt 0.8022 0.3721
vt 0.8071 0.375
vt 0.8066 0.3721
vt 0.8022 0.375
vt 0.8071 0.375
vt 0.8105 0.3711
vt 0.8066 0.3721
vt 0.812 0.374
vt 0.8105 0.3711
vt 0.8071 0.375
vt 0.812 0.374
vt 0.8154 0.3682
vt 0.8105 0.3711
vt 0.8179 0.3716
vt 0.8154 0.3682
vt 0.812 0.374
vt 0.8179 0.3716
vt 0.8213 0.3628
vt 0.8154 0.3682
vt 0.8252 0.3662
vt 0.8213 0.3628
vt 0.8179 0.3716
vt 0.8252 0.3662
vt 0.8271 0.355
vt 0.8213 0.3628
vt 0.833 0.3589
vt 0.8271 0.355
vt 0.8252 0.3662
vt 0.833 0.3589
vt 0.832 0.3447
vt 0.8271 0.355
vt 0.8403 0.3486
vt 0.832 0.3447
vt 0.833 0.3589
vt 0.8403 0.3486
vt 0.8364 0.333
vt 0.832 0.3447
vt 0.8467 0.3359
vt 0.8364 0.333
vt 0.8403 0.3486
vt 0.8467 0.3359
vt 0.8394 0.3188
vt 0.8364 0.333
vt 0.8511 0.3208
vt 0.8394 0.3188
vt 0.8467 0.3359
vt 0.8511 0.3208
vt 0.8403 0.3037
vt 0.8394 0.3188
vt 0.853 0.3037
vt 0.8403 0.3037
vt 0.8511 0.3208
vt 0.853 0.3037
vt 0.8389 0.2881
vt 0.8403 0.3037
vt 0.8511 0.2861
vt 0.8389 0.2881
vt 0.853 0.3037
vt 0.8511 0.2861
vt 0.8354 0.2734
vt 0.8389 0.2881
vt 0.8462 0.2705
vt 0.8354 0.2734
vt 0.8511 0.2861
vt 0.8462 0.2705
vt 0.8311 0.2607
vt 0.8354 0.2734
vt 0.8394 0.2568
vt 0.8311 0.2607
vt 0.8462 0.2705
vt 0.8394 0.2568
vt 0.8257 0.2505
vt 0.8311 0.2607
vt 0.832 0.2471
vt 0.8257 0.2505
vt 0.8394 0.2568
vt 0.832 0.2471
vt 0.8198 0.2427
vt 0.8257 0.2505
vt 0.8242 0.2393
vt 0.8198 0.2427
vt 0.832 0.2471
vt 0.8242 0.2393
vt 0.814 0.2378
vt 0.8198 0.2427
vt 0.8169 0.2349
vt 0.814 0.2378
vt 0.8242 0.2393
vt 0.8169 0.2349
vt 0.8096 0.2349
vt 0.814 0.2378
vt 0.811 0.2324
vt 0.8096 0.2349
vt 0.8169 0.2349
vt 0.811 0.2324
vt 0.8062 0.2344
vt 0.8096 0.2349
vt 0.8066 0.2314
vt 0.8062 0.2344
vt 0.811 0.2324
vt 0.8066 0.2314
vt 0.8022 0.2339
vt 0.8062 0.2344
vt 0.8022 0.2314
vt 0.8022 0.2339
vt 0.8066 0.2314
vt 0.8022 0.2314
vt 0.7988 0.2344
vt 0.8022 0.2339
vt 0.7983 0.2314
vt 0.7988 0.2344
vt 0.8022 0.2314
vt 0.7983 0.2314
vt 0.7949 0.2354
vt 0.7988 0.2344
vt 0.7935 0.2324
vt 0.7949 0.2354
vt 0.7983 0.2314
vt 0.7935 0.2324
vt 0.7905 0.2378
vt 0.7949 0.2354
vt 0.7876 0.2349
vt 0.7905 0.2378
vt 0.7935 0.2324
vt 0.7876 0.2349
vt 0.7847 0.2427
vt 0.7905 0.2378
vt 0.7803 0.2393
vt 0.7847 0.2427
vt 0.7876 0.2349
vt 0.7803 0.2393
vt 0.7793 0.2505
vt 0.7847 0.2427
vt 0.7725 0.2471
vt 0.7793 0.2505
vt 0.7803 0.2393
vt 0.7725 0.2471
vt 0.7734 0.2607
vt 0.7793 0.2505
vt 0.7651 0.2568
vt 0.7734 0.2607
vt 0.7725 0.2471
vt 0.7651 0.2568
vt 0.769 0.2734
vt 0.7734 0.2607
vt 0.7588 0.2705
vt 0.769 0.2734
vt 0.7651 0.2568
vt 0.7588 0.2705
vt 0.7656 0.2881
vt 0.769 0.2734
vt 0.7539 0.2861
vt 0.7656 0.2881
vt 0.7588 0.2705
vt 0.8389 0.2881
vt 0.8271 0.3032
vt 0.8403 0.3037
vt 0.8262 0.2896
vt 0.8271 0.3032
vt 0.8389 0.2881
vt 0.8262 0.2896
vt 0.8145 0.3032
vt 0.8271 0.3032
vt 0.8145 0.29
vt 0.8145 0.3032
vt 0.8262 0.2896
vt 0.8145 0.29
vt 0.8022 0.3032
vt 0.8145 0.3032
vt 0.8022 0.29
vt 0.8022 0.3032
vt 0.8145 0.29
vt 0.8022 0.29
vt 0.79 0.3032
vt 0.8022 0.3032
vt 0.7905 0.29
vt 0.79 0.3032
vt 0.8022 0.29
vt 0.7905 0.29
vt 0.7773 0.3032
vt 0.79 0.3032
vt 0.7783 0.2896
vt 0.7773 0.3032
vt 0.7905 0.29
vt 0.7783 0.2896
vt 0.7646 0.3037
vt 0.7773 0.3032
vt 0.7656 0.2881
vt 0.7646 0.3037
vt 0.7783 0.2896
vt 0.8354 0.2734
vt 0.8262 0.2896
vt 0.8389 0.2881
vt 0.8242 0.2759
vt 0.8262 0.2896
vt 0.8354 0.2734
vt 0.8242 0.2759
vt 0.8145 0.29
vt 0.8262 0.2896
vt 0.8135 0.2773
vt 0.8145 0.29
vt 0.8242 0.2759
vt 0.8135 0.2773
vt 0.8022 0.29
vt 0.8145 0.29
vt 0.8022 0.2778
vt 0.8022 0.29
vt 0.8135 0.2773
vt 0.8022 0.2778
vt 0.7905 0.29
vt 0.8022 0.29
vt 0.7915 0.2773
vt 0.7905 0.29
vt 0.8022 0.2778
vt 0.7915 0.2773
vt 0.7783 0.2896
vt 0.7905 0.29
vt 0.7803 0.2759
vt 0.7783 0.2896
vt 0.7915 0.2773
vt 0.7803 0.2759
vt 0.7656 0.2881
vt 0.7783 0.2896
vt 0.769 0.2734
vt 0.7656 0.2881
vt 0.7803 0.2759
vt 0.8311 0.2607
vt 0.8242 0.2759
vt 0.8354 0.2734
vt 0.8213 0.2642
vt 0.8242 0.2759
vt 0.8311 0.2607
vt 0.8213 0.2642
vt 0.8135 0.2773
vt 0.8242 0.2759
vt 0.812 0.2661
vt 0.8135 0.2773
vt 0.8213 0.2642
vt 0.812 0.2661
vt 0.8022 0.2778
vt 0.8135 0.2773
vt 0.8022 0.2666
vt 0.8022 0.2778
vt 0.812 0.2661
vt 0.8022 0.2666
vt 0.7915 0.2773
vt 0.8022 0.2778
vt 0.793 0.2661
vt 0.7915 0.2773
vt 0.8022 0.2666
vt 0.793 0.2661
vt 0.7803 0.2759
vt 0.7915 0.2773
vt 0.7832 0.2642
vt 0.7803 0.2759
vt 0.793 0.2661
vt 0.7832 0.2642
vt 0.769 0.2734
vt 0.7803 0.2759
vt 0.7734 0.2607
vt 0.769 0.2734
vt 0.7832 0.2642
vt 0.8257 0.2505
vt 0.8213 0.2642
vt 0.8311 0.2607
vt 0.8179 0.2539
vt 0.8213 0.2642
vt 0.8257 0.2505
vt 0.8179 0.2539
vt 0.812 0.2661
vt 0.8213 0.2642
vt 0.8101 0.2559
vt 0.812 0.2661
vt 0.8179 0.2539
vt 0.8101 0.2559
vt 0.8022 0.2666
vt 0.812 0.2661
vt 0.8022 0.2563
vt 0.8022 0.2666
vt 0.8101 0.2559
vt 0.8022 0.2563
vt 0.793 0.2661
vt 0.8022 0.2666
vt 0.7944 0.2559
vt 0.793 0.2661
vt 0.8022 0.2563
vt 0.7944 0.2559
vt 0.7832 0.2642
vt 0.793 0.2661
vt 0.7866 0.2539
vt 0.7832 0.2642
vt 0.7944 0.2559
vt 0.7866 0.2539
vt 0.7734 0.2607
vt 0.7832 0.2642
vt 0.7793 0.2505
vt 0.7734 0.2607
vt 0.7866 0.2539
vt 0.8198 0.2427
vt 0.8179 0.2539
vt 0.8257 0.2505
vt 0.8145 0.2456
vt 0.8179 0.2539
vt 0.8198 0.2427
vt 0.8145 0.2456
vt 0.8101 0.2559
vt 0.8179 0.2539
vt 0.8086 0.2476
vt 0.8101 0.2559
vt 0.8145 0.2456
vt 0.8086 0.2476
vt 0.8022 0.2563
vt 0.8101 0.2559
vt 0.8022 0.248
vt 0.8022 0.2563
vt 0.8086 0.2476
vt 0.8022 0.248
vt 0.7944 0.2559
vt 0.8022 0.2563
vt 0.7964 0.2476
vt 0.7944 0.2559
vt 0.8022 0.248
vt 0.7964 0.2476
vt 0.7866 0.2539
vt 0.7944 0.2559
vt 0.79 0.2456
vt 0.7866 0.2539
vt 0.7964 0.2476
vt 0.79 0.2456
vt 0.7793 0.2505
vt 0.7866 0.2539
vt 0.7847 0.2427
vt 0.7793 0.2505
vt 0.79 0.2456
vt 0.814 0.2378
vt 0.8145 0.2456
vt 0.8198 0.2427
vt 0.811 0.2402
vt 0.8145 0.2456
vt 0.814 0.2378
vt 0.811 0.2402
vt 0.8086 0.2476
vt 0.8145 0.2456
vt 0.8066 0.2417
vt 0.8086 0.2476
vt 0.811 0.2402
vt 0.8066 0.2417
vt 0.8022 0.248
vt 0.8086 0.2476
vt 0.8022 0.2417
vt 0.8022 0.248
vt 0.8066 0.2417
vt 0.8022 0.2417
vt 0.7964 0.2476
vt 0.8022 0.248
vt 0.7979 0.2417
vt 0.7964 0.2476
vt 0.8022 0.2417
vt 0.7979 0.2417
vt 0.79 0.2456
vt 0.7964 0.2476
vt 0.7939 0.2402
vt 0.79 0.2456
vt 0.7979 0.2417
vt 0.7939 0.2402
vt 0.7847 0.2427
vt 0.79 0.2456
vt 0.7905 0.2378
vt 0.7847 0.2427
vt 0.7939 0.2402
vt 0.8096 0.2349
vt 0.811 0.2402
vt 0.814 0.2378
vt 0.8086 0.2373
vt 0.811 0.2402
vt 0.8096 0.2349
vt 0.8086 0.2373
vt 0.8066 0.2417
vt 0.811 0.2402
vt 0.8057 0.2373
vt 0.8066 0.2417
vt 0.8086 0.2373
vt 0.8057 0.2373
vt 0.8022 0.2417
vt 0.8066 0.2417
vt 0.8022 0.2373
vt 0.8022 0.2417
vt 0.8057 0.2373
vt 0.8022 0.2373
vt 0.7979 0.2417
vt 0.8022 0.2417
vt 0.7988 0.2373
vt 0.7979 0.2417
vt 0.8022 0.2373
vt 0.7988 0.2373
vt 0.7939 0.2402
vt 0.7979 0.2417
vt 0.7959 0.2373
vt 0.7939 0.2402
vt 0.7988 0.2373
vt 0.7959 0.2373
vt 0.7905 0.2378
vt 0.7939 0.2402
vt 0.7949 0.2354
vt 0.7905 0.2378
vt 0.7959 0.2373
vt 0.8096 0.2349
vt 0.8057 0.2373
vt 0.8086 0.2373
vt 0.8062 0.2344
vt 0.8057 0.2373
vt 0.8096 0.2349
vt 0.8062 0.2344
vt 0.8022 0.2373
vt 0.8057 0.2373
vt 0.8022 0.2339
vt 0.8022 0.2373
vt 0.8062 0.2344
vt 0.8022 0.2339
vt 0.7988 0.2373
vt 0.8022 0.2373
vt 0.7988 0.2344
vt 0.7988 0.2373
vt 0.8022 0.2339
vt 0.7988 0.2344
vt 0.7959 0.2373
vt 0.7988 0.2373
vt 0.7949 0.2354
vt 0.7959 0.2373
vt 0.7988 0.2344
vt 0.8271 0.3032
vt 0.8394 0.3188
vt 0.8403 0.3037
vt 0.8267 0.3174
vt 0.8394 0.3188
vt 0.8271 0.3032
vt 0.8267 0.3174
vt 0.8364 0.333
vt 0.8394 0.3188
vt 0.8252 0.3306
vt 0.8364 0.333
vt 0.8267 0.3174
vt 0.8252 0.3306
vt 0.832 0.3447
vt 0.8364 0.333
vt 0.8228 0.3418
vt 0.832 0.3447
vt 0.8252 0.3306
vt 0.8228 0.3418
vt 0.8271 0.355
vt 0.832 0.3447
vt 0.8193 0.3521
vt 0.8271 0.355
vt 0.8228 0.3418
vt 0.8193 0.3521
vt 0.8213 0.3628
vt 0.8271 0.355
vt 0.8154 0.3599
vt 0.8213 0.3628
vt 0.8193 0.3521
vt 0.8154 0.3599
vt 0.8154 0.3682
vt 0.8213 0.3628
vt 0.812 0.3657
vt 0.8154 0.3682
vt 0.8154 0.3599
vt 0.812 0.3657
vt 0.8105 0.3711
vt 0.8154 0.3682
vt 0.8096 0.3687
vt 0.8105 0.3711
vt 0.812 0.3657
vt 0.8096 0.3687
vt 0.8066 0.3721
vt 0.8105 0.3711
vt 0.8066 0.3687
vt 0.8066 0.3721
vt 0.8096 0.3687
vt 0.8066 0.3687
vt 0.8022 0.3721
vt 0.8066 0.3721
vt 0.8022 0.3687
vt 0.8022 0.3721
vt 0.8066 0.3687
vt 0.8022 0.3687
vt 0.7983 0.3721
vt 0.8022 0.3721
vt 0.7983 0.3687
vt 0.7983 0.3721
vt 0.8022 0.3687
vt 0.7983 0.3687
vt 0.7939 0.3711
vt 0.7983 0.3721
vt 0.7954 0.3687
vt 0.7939 0.3711
vt 0.7983 0.3687
vt 0.7954 0.3687
vt 0.7896 0.3682
vt 0.7939 0.3711
vt 0.793 0.3657
vt 0.7896 0.3682
vt 0.7954 0.3687
vt 0.793 0.3657
vt 0.7837 0.3633
vt 0.7896 0.3682
vt 0.7891 0.3599
vt 0.7837 0.3633
vt 0.793 0.3657
vt 0.7891 0.3599
vt 0.7778 0.355
vt 0.7837 0.3633
vt 0.7856 0.3521
vt 0.7778 0.355
vt 0.7891 0.3599
vt 0.7856 0.3521
vt 0.7725 0.3447
vt 0.7778 0.355
vt 0.7822 0.3418
vt 0.7725 0.3447
vt 0.7856 0.3521
vt 0.7822 0.3418
vt 0.7681 0.333
vt 0.7725 0.3447
vt 0.7793 0.3306
vt 0.7681 0.333
vt 0.7822 0.3418
vt 0.7793 0.3306
vt 0.7656 0.3188
vt 0.7681 0.333
vt 0.7778 0.3174
vt 0.7656 0.3188
vt 0.7793 0.3306
vt 0.7778 0.3174
vt 0.7646 0.3037
vt 0.7656 0.3188
vt 0.7773 0.3032
vt 0.7646 0.3037
vt 0.7778 0.3174
vt 0.8145 0.3032
vt 0.8267 0.3174
vt 0.8271 0.3032
vt 0.8145 0.3164
vt 0.8267 0.3174
vt 0.8145 0.3032
vt 0.8145 0.3164
vt 0.8252 0.3306
vt 0.8267 0.3174
vt 0.814 0.3291
vt 0.8252 0.3306
vt 0.8145 0.3164
vt 0.814 0.3291
vt 0.8228 0.3418
vt 0.8252 0.3306
vt 0.8125 0.3403
vt 0.8228 0.3418
vt 0.814 0.3291
vt 0.8125 0.3403
vt 0.8193 0.3521
vt 0.8228 0.3418
vt 0.811 0.3501
vt 0.8193 0.3521
vt 0.8125 0.3403
vt 0.811 0.3501
vt 0.8154 0.3599
vt 0.8193 0.3521
vt 0.8091 0.3584
vt 0.8154 0.3599
vt 0.811 0.3501
vt 0.8091 0.3584
vt 0.812 0.3657
vt 0.8154 0.3599
vt 0.8071 0.3647
vt 0.812 0.3657
vt 0.8091 0.3584
vt 0.8071 0.3647
vt 0.8096 0.3687
vt 0.812 0.3657
vt 0.8066 0.3687
vt 0.8096 0.3687
vt 0.8071 0.3647
vt 0.8022 0.3032
vt 0.8145 0.3164
vt 0.8145 0.3032
vt 0.8022 0.3159
vt 0.8145 0.3164
vt 0.8022 0.3032
vt 0.8022 0.3159
vt 0.814 0.3291
vt 0.8145 0.3164
vt 0.8022 0.3286
vt 0.814 0.3291
vt 0.8022 0.3159
vt 0.8022 0.3286
vt 0.8125 0.3403
vt 0.814 0.3291
vt 0.8022 0.3398
vt 0.8125 0.3403
vt 0.8022 0.3286
vt 0.8022 0.3398
vt 0.811 0.3501
vt 0.8125 0.3403
vt 0.8022 0.3496
vt 0.811 0.3501
vt 0.8022 0.3398
vt 0.8022 0.3496
vt 0.8091 0.3584
vt 0.811 0.3501
vt 0.8022 0.3574
vt 0.8091 0.3584
vt 0.8022 0.3496
vt 0.8022 0.3574
vt 0.8071 0.3647
vt 0.8091 0.3584
vt 0.8022 0.3643
vt 0.8071 0.3647
vt 0.8022 0.3574
vt 0.8022 0.3643
vt 0.8066 0.3687
vt 0.8071 0.3647
vt 0.8022 0.3687
vt 0.8066 0.3687
vt 0.8022 0.3643
vt 0.79 0.3032
vt 0.8022 0.3159
vt 0.8022 0.3032
vt 0.79 0.3164
vt 0.8022 0.3159
vt 0.79 0.3032
vt 0.79 0.3164
vt 0.8022 0.3286
vt 0.8022 0.3159
vt 0.791 0.3291
vt 0.8022 0.3286
vt 0.79 0.3164
vt 0.791 0.3291
vt 0.8022 0.3398
vt 0.8022 0.3286
vt 0.792 0.3403
vt 0.8022 0.3398
vt 0.791 0.3291
vt 0.792 0.3403
vt 0.8022 0.3496
vt 0.8022 0.3398
vt 0.7939 0.3501
vt 0.8022 0.3496
vt 0.792 0.3403
vt 0.7939 0.3501
vt 0.8022 0.3574
vt 0.8022 0.3496
vt 0.7954 0.3584
vt 0.8022 0.3574
vt 0.7939 0.3501
vt 0.7954 0.3584
vt 0.8022 0.3643
vt 0.8022 0.3574
vt 0.7974 0.3643
vt 0.8022 0.3643
vt 0.7954 0.3584
vt 0.7974 0.3643
vt 0.8022 0.3687
vt 0.8022 0.3643
vt 0.7983 0.3687
vt 0.8022 0.3687
vt 0.7974 0.3643
vt 0.7773 0.3032
vt 0.79 0.3164
vt 0.79 0.3032
vt 0.7778 0.3174
vt 0.79 0.3164
vt 0.7773 0.3032
vt 0.7778 0.3174
vt 0.791 0.3291
vt 0.79 0.3164
vt 0.7793 0.3306
vt 0.791 0.3291
vt 0.7778 0.3174
vt 0.7793 0.3306
vt 0.792 0.3403
vt 0.791 0.3291
vt 0.7822 0.3418
vt 0.792 0.3403
vt 0.7793 0.3306
vt 0.7822 0.3418
vt 0.7939 0.3501
vt 0.792 0.3403
vt 0.7856 0.3521
vt 0.7939 0.3501
vt 0.7822 0.3418
vt 0.7856 0.3521
vt 0.7954 0.3584
vt 0.7939 0.3501
vt 0.7891 0.3599
vt 0.7954 0.3584
vt 0.7856 0.3521
vt 0.7891 0.3599
vt 0.7974 0.3643
vt 0.7954 0.3584
vt 0.793 0.3657
vt 0.7974 0.3643
vt 0.7891 0.3599
vt 0.793 0.3657
vt 0.7983 0.3687
vt 0.7974 0.3643
vt 0.7954 0.3687
vt 0.7983 0.3687
vt 0.793 0.3657
vt 0.7383 0.3032
vt 0.7485 0.2852
vt 0.7461 0.3032
vt 0.7412 0.2832
vt 0.7485 0.2852
vt 0.7383 0.3032
vt 0.7412 0.2832
vt 0.7539 0.2686
vt 0.7485 0.2852
vt 0.7476 0.2661
vt 0.7539 0.2686
vt 0.7412 0.2832
vt 0.7476 0.2661
vt 0.7612 0.2549
vt 0.7539 0.2686
vt 0.7554 0.252
vt 0.7612 0.2549
vt 0.7476 0.2661
vt 0.7554 0.252
vt 0.7686 0.2441
vt 0.7612 0.2549
vt 0.7646 0.2402
vt 0.7686 0.2441
vt 0.7554 0.252
vt 0.7646 0.2402
vt 0.7773 0.2363
vt 0.7686 0.2441
vt 0.7739 0.2319
vt 0.7773 0.2363
vt 0.7646 0.2402
vt 0.7739 0.2319
vt 0.7852 0.231
vt 0.7773 0.2363
vt 0.7827 0.2271
vt 0.7852 0.231
vt 0.7739 0.2319
vt 0.7827 0.2271
vt 0.792 0.228
vt 0.7852 0.231
vt 0.7886 0.2251
vt 0.792 0.228
vt 0.7827 0.2271
vt 0.7886 0.2251
vt 0.7974 0.2271
vt 0.792 0.228
vt 0.7949 0.2217
vt 0.7974 0.2271
vt 0.7886 0.2251
vt 0.7949 0.2217
vt 0.8027 0.2266
vt 0.7974 0.2271
vt 0.8027 0.2207
vt 0.8027 0.2266
vt 0.7949 0.2217
vt 0.8027 0.2207
vt 0.8076 0.2271
vt 0.8027 0.2266
vt 0.8101 0.2217
vt 0.8076 0.2271
vt 0.8027 0.2207
vt 0.8101 0.2217
vt 0.813 0.228
vt 0.8076 0.2271
vt 0.8164 0.2251
vt 0.813 0.228
vt 0.8101 0.2217
vt 0.8164 0.2251
vt 0.8198 0.231
vt 0.813 0.228
vt 0.8223 0.2271
vt 0.8198 0.231
vt 0.8164 0.2251
vt 0.8223 0.2271
vt 0.8281 0.2363
vt 0.8198 0.231
vt 0.8315 0.2319
vt 0.8281 0.2363
vt 0.8223 0.2271
vt 0.8315 0.2319
vt 0.8364 0.2441
vt 0.8281 0.2363
vt 0.8408 0.2402
vt 0.8364 0.2441
vt 0.8315 0.2319
vt 0.8408 0.2402
vt 0.8442 0.2549
vt 0.8364 0.2441
vt 0.8496 0.252
vt 0.8442 0.2549
vt 0.8408 0.2402
vt 0.8496 0.252
vt 0.8516 0.2686
vt 0.8442 0.2549
vt 0.8579 0.2661
vt 0.8516 0.2686
vt 0.8496 0.252
vt 0.8579 0.2661
vt 0.8564 0.2852
vt 0.8516 0.2686
vt 0.8638 0.2832
vt 0.8564 0.2852
vt 0.8579 0.2661
vt 0.8638 0.2832
vt 0.8594 0.3032
vt 0.8564 0.2852
vt 0.8672 0.3032
vt 0.8594 0.3032
vt 0.8638 0.2832
vt 0.8672 0.3032
vt 0.8569 0.3218
vt 0.8594 0.3032
vt 0.8643 0.3228
vt 0.8569 0.3218
vt 0.8672 0.3032
vt 0.8643 0.3228
vt 0.8516 0.3374
vt 0.8569 0.3218
vt 0.8584 0.3398
vt 0.8516 0.3374
vt 0.8643 0.3228
vt 0.8584 0.3398
vt 0.8447 0.3511
vt 0.8516 0.3374
vt 0.8506 0.354
vt 0.8447 0.3511
vt 0.8584 0.3398
vt 0.8506 0.354
vt 0.8369 0.3618
vt 0.8447 0.3511
vt 0.8418 0.3652
vt 0.8369 0.3618
vt 0.8506 0.354
vt 0.8418 0.3652
vt 0.8286 0.3696
vt 0.8369 0.3618
vt 0.8325 0.3735
vt 0.8286 0.3696
vt 0.8418 0.3652
vt 0.8325 0.3735
vt 0.8203 0.375
vt 0.8286 0.3696
vt 0.8232 0.3794
vt 0.8203 0.375
vt 0.8325 0.3735
vt 0.8232 0.3794
vt 0.814 0.3779
vt 0.8203 0.375
vt 0.8174 0.3813
vt 0.814 0.3779
vt 0.8232 0.3794
vt 0.8174 0.3813
vt 0.8086 0.3794
vt 0.814 0.3779
vt 0.811 0.3848
vt 0.8086 0.3794
vt 0.8174 0.3813
vt 0.811 0.3848
vt 0.8027 0.3799
vt 0.8086 0.3794
vt 0.8027 0.3857
vt 0.8027 0.3799
vt 0.811 0.3848
vt 0.8027 0.3857
vt 0.7969 0.3794
vt 0.8027 0.3799
vt 0.7944 0.3848
vt 0.7969 0.3794
vt 0.8027 0.3857
vt 0.7944 0.3848
vt 0.7915 0.3779
vt 0.7969 0.3794
vt 0.7876 0.3813
vt 0.7915 0.3779
vt 0.7944 0.3848
vt 0.7876 0.3813
vt 0.7847 0.375
vt 0.7915 0.3779
vt 0.7817 0.3794
vt 0.7847 0.375
vt 0.7876 0.3813
vt 0.7817 0.3794
vt 0.7769 0.3696
vt 0.7847 0.375
vt 0.7729 0.3735
vt 0.7769 0.3696
vt 0.7817 0.3794
vt 0.7729 0.3735
vt 0.7681 0.3618
vt 0.7769 0.3696
vt 0.7637 0.3652
vt 0.7681 0.3618
vt 0.7729 0.3735
vt 0.7637 0.3652
vt 0.7603 0.3511
vt 0.7681 0.3618
vt 0.7544 0.354
vt 0.7603 0.3511
vt 0.7637 0.3652
vt 0.7544 0.354
vt 0.7534 0.3374
vt 0.7603 0.3511
vt 0.7471 0.3398
vt 0.7534 0.3374
vt 0.7544 0.354
vt 0.7471 0.3398
vt 0.7485 0.3218
vt 0.7534 0.3374
vt 0.7412 0.3228
vt 0.7485 0.3218
vt 0.7471 0.3398
vt 0.7412 0.3228
vt 0.7461 0.3032
vt 0.7485 0.3218
vt 0.7383 0.3032
vt 0.7461 0.3032
vt 0.7412 0.3228
vt 0.7461 0.3032
vt 0.7539 0.2861
vt 0.752 0.3037
vt 0.7485 0.2852
vt 0.7539 0.2861
vt 0.7461 0.3032
vt 0.7485 0.2852
vt 0.7588 0.2705
vt 0.7539 0.2861
vt 0.7539 0.2686
vt 0.7588 0.2705
vt 0.7485 0.2852
vt 0.7539 0.2686
vt 0.7656 0.2568
vt 0.7588 0.2705
vt 0.7612 0.2549
vt 0.7656 0.2568
vt 0.7539 0.2686
vt 0.7612 0.2549
vt 0.7729 0.2471
vt 0.7656 0.2568
vt 0.7686 0.2441
vt 0.7729 0.2471
vt 0.7612 0.2549
vt 0.7686 0.2441
vt 0.7808 0.2393
vt 0.7729 0.2471
vt 0.7773 0.2363
vt 0.7808 0.2393
vt 0.7686 0.2441
vt 0.7773 0.2363
vt 0.7881 0.2349
vt 0.7808 0.2393
vt 0.7852 0.231
vt 0.7881 0.2349
vt 0.7773 0.2363
vt 0.7852 0.231
vt 0.7939 0.2324
vt 0.7881 0.2349
vt 0.792 0.228
vt 0.7939 0.2324
vt 0.7852 0.231
vt 0.792 0.228
vt 0.7983 0.2314
vt 0.7939 0.2324
vt 0.7974 0.2271
vt 0.7983 0.2314
vt 0.792 0.228
vt 0.7974 0.2271
vt 0.8027 0.2314
vt 0.7983 0.2314
vt 0.8027 0.2266
vt 0.8027 0.2314
vt 0.7974 0.2271
vt 0.8027 0.2266
vt 0.8066 0.2314
vt 0.8027 0.2314
vt 0.8076 0.2271
vt 0.8066 0.2314
vt 0.8027 0.2266
vt 0.8076 0.2271
vt 0.811 0.2324
vt 0.8066 0.2314
vt 0.813 0.228
vt 0.811 0.2324
vt 0.8076 0.2271
vt 0.813 0.228
vt 0.8174 0.2349
vt 0.811 0.2324
vt 0.8198 0.231
vt 0.8174 0.2349
vt 0.813 0.228
vt 0.8198 0.231
vt 0.8247 0.2393
vt 0.8174 0.2349
vt 0.8281 0.2363
vt 0.8247 0.2393
vt 0.8198 0.231
vt 0.8281 0.2363
vt 0.8325 0.2471
vt 0.8247 0.2393
vt 0.8364 0.2441
vt 0.8325 0.2471
vt 0.8281 0.2363
vt 0.8364 0.2441
vt 0.8398 0.2568
vt 0.8325 0.2471
vt 0.8442 0.2549
vt 0.8398 0.2568
vt 0.8364 0.2441
vt 0.8442 0.2549
vt 0.8462 0.2705
vt 0.8398 0.2568
vt 0.8516 0.2686
vt 0.8462 0.2705
vt 0.8442 0.2549
vt 0.8516 0.2686
vt 0.8511 0.2861
vt 0.8462 0.2705
vt 0.8564 0.2852
vt 0.8511 0.2861
vt 0.8516 0.2686
vt 0.8564 0.2852
vt 0.853 0.3037
vt 0.8511 0.2861
vt 0.8594 0.3032
vt 0.853 0.3037
vt 0.8564 0.2852
vt 0.8594 0.3032
vt 0.8511 0.3208
vt 0.853 0.3037
vt 0.8569 0.3218
vt 0.8511 0.3208
vt 0.8594 0.3032
vt 0.8569 0.3218
vt 0.8467 0.3359
vt 0.8511 0.3208
vt 0.8516 0.3374
vt 0.8467 0.3359
vt 0.8569 0.3218
vt 0.8516 0.3374
vt 0.8403 0.3486
vt 0.8467 0.3359
vt 0.8447 0.3511
vt 0.8403 0.3486
vt 0.8516 0.3374
vt 0.8447 0.3511
vt 0.8335 0.3589
vt 0.8403 0.3486
vt 0.8369 0.3618
vt 0.8335 0.3589
vt 0.8447 0.3511
vt 0.8369 0.3618
vt 0.8257 0.3662
vt 0.8335 0.3589
vt 0.8286 0.3696
vt 0.8257 0.3662
vt 0.8369 0.3618
vt 0.8286 0.3696
vt 0.8184 0.3716
vt 0.8257 0.3662
vt 0.8203 0.375
vt 0.8184 0.3716
vt 0.8286 0.3696
vt 0.8203 0.375
vt 0.8125 0.374
vt 0.8184 0.3716
vt 0.814 0.3779
vt 0.8125 0.374
vt 0.8203 0.375
vt 0.814 0.3779
vt 0.8071 0.375
vt 0.8125 0.374
vt 0.8086 0.3794
vt 0.8071 0.375
vt 0.814 0.3779
vt 0.8086 0.3794
vt 0.8027 0.375
vt 0.8071 0.375
vt 0.8027 0.3799
vt 0.8027 0.375
vt 0.8086 0.3794
vt 0.8027 0.3799
vt 0.7979 0.375
vt 0.8027 0.375
vt 0.7969 0.3794
vt 0.7979 0.375
vt 0.8027 0.3799
vt 0.7969 0.3794
vt 0.793 0.374
vt 0.7979 0.375
vt 0.7915 0.3779
vt 0.793 0.374
vt 0.7969 0.3794
vt 0.7915 0.3779
vt 0.7871 0.3716
vt 0.793 0.374
vt 0.7847 0.375
vt 0.7871 0.3716
vt 0.7915 0.3779
vt 0.7847 0.375
vt 0.7798 0.3662
vt 0.7871 0.3716
vt 0.7769 0.3696
vt 0.7798 0.3662
vt 0.7847 0.375
vt 0.7769 0.3696
vt 0.772 0.3589
vt 0.7798 0.3662
vt 0.7681 0.3618
vt 0.772 0.3589
vt 0.7769 0.3696
vt 0.7681 0.3618
vt 0.7646 0.3486
vt 0.772 0.3589
vt 0.7603 0.3511
vt 0.7646 0.3486
vt 0.7681 0.3618
vt 0.7603 0.3511
vt 0.7583 0.3359
vt 0.7646 0.3486
vt 0.7534 0.3374
vt 0.7583 0.3359
vt 0.7603 0.3511
vt 0.7534 0.3374
vt 0.7539 0.3208
vt 0.7583 0.3359
vt 0.7485 0.3218
vt 0.7539 0.3208
vt 0.7534 0.3374
vt 0.7485 0.3218
vt 0.752 0.3037
vt 0.7539 0.3208
vt 0.7461 0.3032
vt 0.752 0.3037
vt 0.7485 0.3218
vt 0.752 0.3037
vt 0.7661 0.2881
vt 0.7646 0.3037
vt 0.7539 0.2861
vt 0.7661 0.2881
vt 0.752 0.3037
vt 0.7539 0.2861
vt 0.7695 0.2734
vt 0.7661 0.2881
vt 0.7588 0.2705
vt 0.7695 0.2734
vt 0.7539 0.2861
vt 0.7588 0.2705
vt 0.7739 0.2607
vt 0.7695 0.2734
vt 0.7656 0.2568
vt 0.7739 0.2607
vt 0.7588 0.2705
vt 0.7656 0.2568
vt 0.7793 0.2505
vt 0.7739 0.2607
vt 0.7729 0.2471
vt 0.7793 0.2505
vt 0.7656 0.2568
vt 0.7729 0.2471
vt 0.7852 0.2427
vt 0.7793 0.2505
vt 0.7808 0.2393
vt 0.7852 0.2427
vt 0.7729 0.2471
vt 0.7808 0.2393
vt 0.791 0.2378
vt 0.7852 0.2427
vt 0.7881 0.2349
vt 0.791 0.2378
vt 0.7808 0.2393
vt 0.7881 0.2349
vt 0.7949 0.2354
vt 0.791 0.2378
vt 0.7939 0.2324
vt 0.7949 0.2354
vt 0.7881 0.2349
vt 0.7939 0.2324
vt 0.7988 0.2344
vt 0.7949 0.2354
vt 0.7983 0.2314
vt 0.7988 0.2344
vt 0.7939 0.2324
vt 0.7983 0.2314
vt 0.8027 0.2339
vt 0.7988 0.2344
vt 0.8027 0.2314
vt 0.8027 0.2339
vt 0.7983 0.2314
vt 0.8027 0.2314
vt 0.8062 0.2344
vt 0.8027 0.2339
vt 0.8066 0.2314
vt 0.8062 0.2344
vt 0.8027 0.2314
vt 0.8066 0.2314
vt 0.8101 0.2349
vt 0.8062 0.2344
vt 0.811 0.2324
vt 0.8101 0.2349
vt 0.8066 0.2314
vt 0.811 0.2324
vt 0.8145 0.2378
vt 0.8101 0.2349
vt 0.8174 0.2349
vt 0.8145 0.2378
vt 0.811 0.2324
vt 0.8174 0.2349
vt 0.8203 0.2427
vt 0.8145 0.2378
vt 0.8247 0.2393
vt 0.8203 0.2427
vt 0.8174 0.2349
vt 0.8247 0.2393
vt 0.8257 0.2505
vt 0.8203 0.2427
vt 0.8325 0.2471
vt 0.8257 0.2505
vt 0.8247 0.2393
vt 0.8325 0.2471
vt 0.8311 0.2607
vt 0.8257 0.2505
vt 0.8398 0.2568
vt 0.8311 0.2607
vt 0.8325 0.2471
vt 0.8398 0.2568
vt 0.8359 0.2734
vt 0.8311 0.2607
vt 0.8462 0.2705
vt 0.8359 0.2734
vt 0.8398 0.2568
vt 0.8462 0.2705
vt 0.8394 0.2881
vt 0.8359 0.2734
vt 0.8511 0.2861
vt 0.8394 0.2881
vt 0.8462 0.2705
vt 0.8511 0.2861
vt 0.8403 0.3037
vt 0.8394 0.2881
vt 0.853 0.3037
vt 0.8403 0.3037
vt 0.8511 0.2861
vt 0.853 0.3037
vt 0.8394 0.3188
vt 0.8403 0.3037
vt 0.8511 0.3208
vt 0.8394 0.3188
vt 0.853 0.3037
vt 0.8511 0.3208
vt 0.8369 0.333
vt 0.8394 0.3188
vt 0.8467 0.3359
vt 0.8369 0.333
vt 0.8511 0.3208
vt 0.8467 0.3359
vt 0.8325 0.3447
vt 0.8369 0.333
vt 0.8403 0.3486
vt 0.8325 0.3447
vt 0.8467 0.3359
vt 0.8403 0.3486
vt 0.8271 0.355
vt 0.8325 0.3447
vt 0.8335 0.3589
vt 0.8271 0.355
vt 0.8403 0.3486
vt 0.8335 0.3589
vt 0.8213 0.3628
vt 0.8271 0.355
vt 0.8257 0.3662
vt 0.8213 0.3628
vt 0.8335 0.3589
vt 0.8257 0.3662
vt 0.8154 0.3682
vt 0.8213 0.3628
vt 0.8184 0.3716
vt 0.8154 0.3682
vt 0.8257 0.3662
vt 0.8184 0.3716
vt 0.811 0.3711
vt 0.8154 0.3682
vt 0.8125 0.374
vt 0.811 0.3711
vt 0.8184 0.3716
vt 0.8125 0.374
vt 0.8066 0.3721
vt 0.811 0.3711
vt 0.8071 0.375
vt 0.8066 0.3721
vt 0.8125 0.374
vt 0.8071 0.375
vt 0.8027 0.3721
vt 0.8066 0.3721
vt 0.8027 0.375
vt 0.8027 0.3721
vt 0.8071 0.375
vt 0.8027 0.375
vt 0.7983 0.3721
vt 0.8027 0.3721
vt 0.7979 0.375
vt 0.7983 0.3721
vt 0.8027 0.375
vt 0.7979 0.375
vt 0.7944 0.3711
vt 0.7983 0.3721
vt 0.793 0.374
vt 0.7944 0.3711
vt 0.7979 0.375
vt 0.793 0.374
vt 0.7896 0.3682
vt 0.7944 0.3711
vt 0.7871 0.3716
vt 0.7896 0.3682
vt 0.793 0.374
vt 0.7871 0.3716
vt 0.7837 0.3633
vt 0.7896 0.3682
vt 0.7798 0.3662
vt 0.7837 0.3633
vt 0.7871 0.3716
vt 0.7798 0.3662
vt 0.7778 0.355
vt 0.7837 0.3633
vt 0.772 0.3589
vt 0.7778 0.355
vt 0.7798 0.3662
vt 0.772 0.3589
vt 0.7729 0.3447
vt 0.7778 0.355
vt 0.7646 0.3486
vt 0.7729 0.3447
vt 0.772 0.3589
vt 0.7646 0.3486
vt 0.7686 0.333
vt 0.7729 0.3447
vt 0.7583 0.3359
vt 0.7686 0.333
vt 0.7646 0.3486
vt 0.7583 0.3359
vt 0.7656 0.3188
vt 0.7686 0.333
vt 0.7539 0.3208
vt 0.7656 0.3188
vt 0.7583 0.3359
vt 0.7539 0.3208
vt 0.7646 0.3037
vt 0.7656 0.3188
vt 0.752 0.3037
vt 0.7646 0.3037
vt 0.7539 0.3208
vt 0.8271 0.3032
vt 0.8394 0.2881
vt 0.8403 0.3037
vt 0.8267 0.2896
vt 0.8394 0.2881
vt 0.8271 0.3032
vt 0.8267 0.2896
vt 0.8359 0.2734
vt 0.8394 0.2881
vt 0.8247 0.2759
vt 0.8359 0.2734
vt 0.8267 0.2896
vt 0.8247 0.2759
vt 0.8311 0.2607
vt 0.8359 0.2734
vt 0.8218 0.2642
vt 0.8311 0.2607
vt 0.8247 0.2759
vt 0.8218 0.2642
vt 0.8257 0.2505
vt 0.8311 0.2607
vt 0.8184 0.2539
vt 0.8257 0.2505
vt 0.8218 0.2642
vt 0.8184 0.2539
vt 0.8203 0.2427
vt 0.8257 0.2505
vt 0.8149 0.2456
vt 0.8203 0.2427
vt 0.8184 0.2539
vt 0.8149 0.2456
vt 0.8145 0.2378
vt 0.8203 0.2427
vt 0.811 0.2402
vt 0.8145 0.2378
vt 0.8149 0.2456
vt 0.811 0.2402
vt 0.8101 0.2349
vt 0.8145 0.2378
vt 0.8091 0.2373
vt 0.8101 0.2349
vt 0.811 0.2402
vt 0.8091 0.2373
vt 0.8062 0.2344
vt 0.8101 0.2349
vt 0.8062 0.2373
vt 0.8062 0.2344
vt 0.8091 0.2373
vt 0.8062 0.2373
vt 0.8027 0.2339
vt 0.8062 0.2344
vt 0.8027 0.2373
vt 0.8027 0.2339
vt 0.8062 0.2373
vt 0.8027 0.2373
vt 0.7988 0.2344
vt 0.8027 0.2339
vt 0.7988 0.2373
vt 0.7988 0.2344
vt 0.8027 0.2373
vt 0.7988 0.2373
vt 0.7949 0.2354
vt 0.7988 0.2344
vt 0.7964 0.2373
vt 0.7949 0.2354
vt 0.7988 0.2373
vt 0.7964 0.2373
vt 0.791 0.2378
vt 0.7949 0.2354
vt 0.7939 0.2402
vt 0.791 0.2378
vt 0.7964 0.2373
vt 0.7939 0.2402
vt 0.7852 0.2427
vt 0.791 0.2378
vt 0.7905 0.2456
vt 0.7852 0.2427
vt 0.7939 0.2402
vt 0.7905 0.2456
vt 0.7793 0.2505
vt 0.7852 0.2427
vt 0.7871 0.2539
vt 0.7793 0.2505
vt 0.7905 0.2456
vt 0.7871 0.2539
vt 0.7739 0.2607
vt 0.7793 0.2505
vt 0.7832 0.2642
vt 0.7739 0.2607
vt 0.7871 0.2539
vt 0.7832 0.2642
vt 0.7695 0.2734
vt 0.7739 0.2607
vt 0.7808 0.2759
vt 0.7695 0.2734
vt 0.7832 0.2642
vt 0.7808 0.2759
vt 0.7661 0.2881
vt 0.7695 0.2734
vt 0.7788 0.2896
vt 0.7661 0.2881
vt 0.7808 0.2759
vt 0.7788 0.2896
vt 0.7646 0.3037
vt 0.7661 0.2881
vt 0.7778 0.3032
vt 0.7646 0.3037
vt 0.7788 0.2896
vt 0.7778 0.3032
vt 0.7656 0.3188
vt 0.7646 0.3037
vt 0.7783 0.3174
vt 0.7656 0.3188
vt 0.7778 0.3032
vt 0.7783 0.3174
vt 0.7686 0.333
vt 0.7656 0.3188
vt 0.7798 0.3306
vt 0.7686 0.333
vt 0.7783 0.3174
vt 0.7798 0.3306
vt 0.7729 0.3447
vt 0.7686 0.333
vt 0.7822 0.3418
vt 0.7729 0.3447
vt 0.7798 0.3306
vt 0.7822 0.3418
vt 0.7778 0.355
vt 0.7729 0.3447
vt 0.7856 0.3521
vt 0.7778 0.355
vt 0.7822 0.3418
vt 0.7856 0.3521
vt 0.7837 0.3633
vt 0.7778 0.355
vt 0.7896 0.3599
vt 0.7837 0.3633
vt 0.7856 0.3521
vt 0.7896 0.3599
vt 0.7896 0.3682
vt 0.7837 0.3633
vt 0.7935 0.3657
vt 0.7896 0.3682
vt 0.7896 0.3599
vt 0.7935 0.3657
vt 0.7944 0.3711
vt 0.7896 0.3682
vt 0.7954 0.3687
vt 0.7944 0.3711
vt 0.7935 0.3657
vt 0.7954 0.3687
vt 0.7983 0.3721
vt 0.7944 0.3711
vt 0.7988 0.3687
vt 0.7983 0.3721
vt 0.7954 0.3687
vt 0.7988 0.3687
vt 0.8027 0.3721
vt 0.7983 0.3721
vt 0.8027 0.3687
vt 0.8027 0.3721
vt 0.7988 0.3687
vt 0.8027 0.3687
vt 0.8066 0.3721
vt 0.8027 0.3721
vt 0.8066 0.3687
vt 0.8066 0.3721
vt 0.8027 0.3687
vt 0.8066 0.3687
vt 0.811 0.3711
vt 0.8066 0.3721
vt 0.8096 0.3687
vt 0.811 0.3711
vt 0.8066 0.3687
vt 0.8096 0.3687
vt 0.8154 0.3682
vt 0.811 0.3711
vt 0.812 0.3657
vt 0.8154 0.3682
vt 0.8096 0.3687
vt 0.812 0.3657
vt 0.8213 0.3628
vt 0.8154 0.3682
vt 0.8159 0.3599
vt 0.8213 0.3628
vt 0.812 0.3657
vt 0.8159 0.3599
vt 0.8271 0.355
vt 0.8213 0.3628
vt 0.8193 0.3521
vt 0.8271 0.355
vt 0.8159 0.3599
vt 0.8193 0.3521
vt 0.8325 0.3447
vt 0.8271 0.355
vt 0.8228 0.3418
vt 0.8325 0.3447
vt 0.8193 0.3521
vt 0.8228 0.3418
vt 0.8369 0.333
vt 0.8325 0.3447
vt 0.8257 0.3306
vt 0.8369 0.333
vt 0.8228 0.3418
vt 0.8257 0.3306
vt 0.8394 0.3188
vt 0.8369 0.333
vt 0.8271 0.3174
vt 0.8394 0.3188
vt 0.8257 0.3306
vt 0.8271 0.3174
vt 0.8403 0.3037
vt 0.8394 0.3188
vt 0.8271 0.3032
vt 0.8403 0.3037
vt 0.8271 0.3174
vt 0.8091 0.2373
vt 0.8071 0.2417
vt 0.8062 0.2373
vt 0.811 0.2402
vt 0.8071 0.2417
vt 0.8091 0.2373
vt 0.811 0.2402
vt 0.8086 0.2476
vt 0.8071 0.2417
vt 0.8149 0.2456
vt 0.8086 0.2476
vt 0.811 0.2402
vt 0.8149 0.2456
vt 0.8105 0.2559
vt 0.8086 0.2476
vt 0.8184 0.2539
vt 0.8105 0.2559
vt 0.8149 0.2456
vt 0.8184 0.2539
vt 0.812 0.2661
vt 0.8105 0.2559
vt 0.8218 0.2642
vt 0.812 0.2661
vt 0.8184 0.2539
vt 0.8218 0.2642
vt 0.8135 0.2773
vt 0.812 0.2661
vt 0.8247 0.2759
vt 0.8135 0.2773
vt 0.8218 0.2642
vt 0.8247 0.2759
vt 0.8145 0.29
vt 0.8135 0.2773
vt 0.8267 0.2896
vt 0.8145 0.29
vt 0.8247 0.2759
vt 0.8267 0.2896
vt 0.8149 0.3032
vt 0.8145 0.29
vt 0.8271 0.3032
vt 0.8149 0.3032
vt 0.8267 0.2896
vt 0.8271 0.3032
vt 0.8149 0.3164
vt 0.8149 0.3032
vt 0.8271 0.3174
vt 0.8149 0.3164
vt 0.8271 0.3032
vt 0.8271 0.3174
vt 0.814 0.3291
vt 0.8149 0.3164
vt 0.8257 0.3306
vt 0.814 0.3291
vt 0.8271 0.3174
vt 0.8257 0.3306
vt 0.813 0.3403
vt 0.814 0.3291
vt 0.8228 0.3418
vt 0.813 0.3403
vt 0.8257 0.3306
vt 0.8228 0.3418
vt 0.811 0.3501
vt 0.813 0.3403
vt 0.8193 0.3521
vt 0.811 0.3501
vt 0.8228 0.3418
vt 0.8193 0.3521
vt 0.8096 0.3584
vt 0.811 0.3501
vt 0.8159 0.3599
vt 0.8096 0.3584
vt 0.8193 0.3521
vt 0.8159 0.3599
vt 0.8076 0.3647
vt 0.8096 0.3584
vt 0.812 0.3657
vt 0.8076 0.3647
vt 0.8159 0.3599
vt 0.812 0.3657
vt 0.8066 0.3687
vt 0.8076 0.3647
vt 0.8096 0.3687
vt 0.8066 0.3687
vt 0.812 0.3657
vt 0.8062 0.2373
vt 0.8027 0.2417
vt 0.8027 0.2373
vt 0.8071 0.2417
vt 0.8027 0.2417
vt 0.8062 0.2373
vt 0.8071 0.2417
vt 0.8027 0.248
vt 0.8027 0.2417
vt 0.8086 0.2476
vt 0.8027 0.248
vt 0.8071 0.2417
vt 0.8086 0.2476
vt 0.8027 0.2563
vt 0.8027 0.248
vt 0.8105 0.2559
vt 0.8027 0.2563
vt 0.8086 0.2476
vt 0.8105 0.2559
vt 0.8027 0.2666
vt 0.8027 0.2563
vt 0.812 0.2661
vt 0.8027 0.2666
vt 0.8105 0.2559
vt 0.812 0.2661
vt 0.8027 0.2778
vt 0.8027 0.2666
vt 0.8135 0.2773
vt 0.8027 0.2778
vt 0.812 0.2661
vt 0.8135 0.2773
vt 0.8027 0.29
vt 0.8027 0.2778
vt 0.8145 0.29
vt 0.8027 0.29
vt 0.8135 0.2773
vt 0.8145 0.29
vt 0.8027 0.3032
vt 0.8027 0.29
vt 0.8149 0.3032
vt 0.8027 0.3032
vt 0.8145 0.29
vt 0.8149 0.3032
vt 0.8027 0.3159
vt 0.8027 0.3032
vt 0.8149 0.3164
vt 0.8027 0.3159
vt 0.8149 0.3032
vt 0.8149 0.3164
vt 0.8027 0.3286
vt 0.8027 0.3159
vt 0.814 0.3291
vt 0.8027 0.3286
vt 0.8149 0.3164
vt 0.814 0.3291
vt 0.8027 0.3398
vt 0.8027 0.3286
vt 0.813 0.3403
vt 0.8027 0.3398
vt 0.814 0.3291
vt 0.813 0.3403
vt 0.8027 0.3496
vt 0.8027 0.3398
vt 0.811 0.3501
vt 0.8027 0.3496
vt 0.813 0.3403
vt 0.811 0.3501
vt 0.8027 0.3574
vt 0.8027 0.3496
vt 0.8096 0.3584
vt 0.8027 0.3574
vt 0.811 0.3501
vt 0.8096 0.3584
vt 0.8027 0.3643
vt 0.8027 0.3574
vt 0.8076 0.3647
vt 0.8027 0.3643
vt 0.8096 0.3584
vt 0.8076 0.3647
vt 0.8027 0.3687
vt 0.8027 0.3643
vt 0.8066 0.3687
vt 0.8027 0.3687
vt 0.8076 0.3647
vt 0.8027 0.2373
vt 0.7979 0.2417
vt 0.7988 0.2373
vt 0.8027 0.2417
vt 0.7979 0.2417
vt 0.8027 0.2373
vt 0.8027 0.2417
vt 0.7964 0.2476
vt 0.7979 0.2417
vt 0.8027 0.248
vt 0.7964 0.2476
vt 0.8027 0.2417
vt 0.8027 0.248
vt 0.7944 0.2559
vt 0.7964 0.2476
vt 0.8027 0.2563
vt 0.7944 0.2559
vt 0.8027 0.248
vt 0.8027 0.2563
vt 0.793 0.2661
vt 0.7944 0.2559
vt 0.8027 0.2666
vt 0.793 0.2661
vt 0.8027 0.2563
vt 0.8027 0.2666
vt 0.7915 0.2773
vt 0.793 0.2661
vt 0.8027 0.2778
vt 0.7915 0.2773
vt 0.8027 0.2666
vt 0.8027 0.2778
vt 0.7905 0.29
vt 0.7915 0.2773
vt 0.8027 0.29
vt 0.7905 0.29
vt 0.8027 0.2778
vt 0.8027 0.29
vt 0.7905 0.3032
vt 0.7905 0.29
vt 0.8027 0.3032
vt 0.7905 0.3032
vt 0.8027 0.29
vt 0.8027 0.3032
vt 0.7905 0.3164
vt 0.7905 0.3032
vt 0.8027 0.3159
vt 0.7905 0.3164
vt 0.8027 0.3032
vt 0.8027 0.3159
vt 0.791 0.3291
vt 0.7905 0.3164
vt 0.8027 0.3286
vt 0.791 0.3291
vt 0.8027 0.3159
vt 0.8027 0.3286
vt 0.7925 0.3403
vt 0.791 0.3291
vt 0.8027 0.3398
vt 0.7925 0.3403
vt 0.8027 0.3286
vt 0.8027 0.3398
vt 0.7939 0.3501
vt 0.7925 0.3403
vt 0.8027 0.3496
vt 0.7939 0.3501
vt 0.8027 0.3398
vt 0.8027 0.3496
vt 0.7959 0.3584
vt 0.7939 0.3501
vt 0.8027 0.3574
vt 0.7959 0.3584
vt 0.8027 0.3496
vt 0.8027 0.3574
vt 0.7979 0.3643
vt 0.7959 0.3584
vt 0.8027 0.3643
vt 0.7979 0.3643
vt 0.8027 0.3574
vt 0.8027 0.3643
vt 0.7988 0.3687
vt 0.7979 0.3643
vt 0.8027 0.3687
vt 0.7988 0.3687
vt 0.8027 0.3643
vt 0.7988 0.2373
vt 0.7939 0.2402
vt 0.7964 0.2373
vt 0.7979 0.2417
vt 0.7939 0.2402
vt 0.7988 0.2373
vt 0.7979 0.2417
vt 0.7905 0.2456
vt 0.7939 0.2402
vt 0.7964 0.2476
vt 0.7905 0.2456
vt 0.7979 0.2417
vt 0.7964 0.2476
vt 0.7871 0.2539
vt 0.7905 0.2456
vt 0.7944 0.2559
vt 0.7871 0.2539
vt 0.7964 0.2476
vt 0.7944 0.2559
vt 0.7832 0.2642
vt 0.7871 0.2539
vt 0.793 0.2661
vt 0.7832 0.2642
vt 0.7944 0.2559
vt 0.793 0.2661
vt 0.7808 0.2759
vt 0.7832 0.2642
vt 0.7915 0.2773
vt 0.7808 0.2759
vt 0.793 0.2661
vt 0.7915 0.2773
vt 0.7788 0.2896
vt 0.7808 0.2759
vt 0.7905 0.29
vt 0.7788 0.2896
vt 0.7915 0.2773
vt 0.7905 0.29
vt 0.7778 0.3032
vt 0.7788 0.2896
vt 0.7905 0.3032
vt 0.7778 0.3032
vt 0.7905 0.29
vt 0.7905 0.3032
vt 0.7783 0.3174
vt 0.7778 0.3032
vt 0.7905 0.3164
vt 0.7783 0.3174
vt 0.7905 0.3032
vt 0.7905 0.3164
vt 0.7798 0.3306
vt 0.7783 0.3174
vt 0.791 0.3291
vt 0.7798 0.3306
vt 0.7905 0.3164
vt 0.791 0.3291
vt 0.7822 0.3418
vt 0.7798 0.3306
vt 0.7925 0.3403
vt 0.7822 0.3418
vt 0.791 0.3291
vt 0.7925 0.3403
vt 0.7856 0.3521
vt 0.7822 0.3418
vt 0.7939 0.3501
vt 0.7856 0.3521
vt 0.7925 0.3403
vt 0.7939 0.3501
vt 0.7896 0.3599
vt 0.7856 0.3521
vt 0.7959 0.3584
vt 0.7896 0.3599
vt 0.7939 0.3501
vt 0.7959 0.3584
vt 0.7935 0.3657
vt 0.7896 0.3599
vt 0.7979 0.3643
vt 0.7935 0.3657
vt 0.7959 0.3584
vt 0.7979 0.3643
vt 0.7954 0.3687
vt 0.7935 0.3657
vt 0.7988 0.3687
vt 0.7954 0.3687
vt 0.7979 0.3643

# 11994 Vertex Normals
vn -0.850194 0.306361 0.428151
vn -0.826137 -0.082725 0.557364
vn -0.808718 -0.030479 0.587406
vn -0.974436 0.081086 0.20952
vn -0.826137 -0.082725 0.557364
vn -0.850194 0.306361 0.428151
vn -0.974436 0.081086 0.20952
vn -0.862584 -0.108946 0.494044
vn -0.826137 -0.082725 0.557364
vn -0.977046 -0.190982 0.094379
vn -0.862584 -0.108946 0.494044
vn -0.974436 0.081086 0.20952
vn -0.977046 -0.190982 0.094379
vn -0.884211 -0.216047 0.41412
vn -0.862584 -0.108946 0.494044
vn -0.863856 -0.489667 0.118235
vn -0.884211 -0.216047 0.41412
vn -0.977046 -0.190982 0.094379
vn -0.863856 -0.489667 0.118235
vn -0.779041 -0.448843 0.437762
vn -0.884211 -0.216047 0.41412
vn -0.530935 -0.821635 0.207423
vn -0.779041 -0.448843 0.437762
vn -0.837217 -0.546633 0.016129
vn -0.54208 -0.782581 0.306132
vn -0.579268 -0.554126 0.597824
vn -0.779041 -0.448843 0.437762
vn -0.248381 -0.814718 0.523967
vn -0.579268 -0.554126 0.597824
vn -0.54208 -0.782581 0.306132
vn -0.248381 -0.814718 0.523967
vn -0.444738 -0.429129 0.786166
vn -0.579268 -0.554126 0.597824
vn -0.127254 -0.517278 0.846304
vn -0.444738 -0.429129 0.786166
vn -0.248381 -0.814718 0.523967
vn -0.127254 -0.517278 0.846304
vn -0.4391 -0.159718 0.884127
vn -0.444738 -0.429129 0.786166
vn -0.1724 -0.122444 0.977387
vn -0.4391 -0.159718 0.884127
vn -0.127254 -0.517278 0.846304
vn -0.1724 -0.122444 0.977387
vn -0.569817 0.027447 0.821313
vn -0.4391 -0.159718 0.884127
vn -0.22136 0.259052 0.940155
vn -0.569817 0.027447 0.821313
vn -0.1724 -0.122444 0.977387
vn -0.22136 0.259052 0.940155
vn -0.726578 0.039736 0.685934
vn -0.569817 0.027447 0.821313
vn -0.443077 0.531054 0.722263
vn -0.726578 0.039736 0.685934
vn -0.22136 0.259052 0.940155
vn -0.443077 0.531054 0.722263
vn -0.808718 -0.030479 0.587406
vn -0.726578 0.039736 0.685934
vn -0.850194 0.306361 0.428151
vn -0.808718 -0.030479 0.587406
vn -0.443077 0.531054 0.722263
vn 0.590582 -0.342473 0.730702
vn 0.834639 -0.18478 0.518878
vn 0.663741 -0.046879 0.746492
vn 0.57096 -0.274967 0.773562
vn 0.834639 -0.18478 0.518878
vn 0.590582 -0.342473 0.730702
vn 0.57096 -0.274967 0.773562
vn 0.823948 -0.351142 0.444758
vn 0.75749 -0.216189 0.616012
vn 0.64311 -0.202886 0.738408
vn 0.888169 -0.305605 0.343163
vn 0.57096 -0.274967 0.773562
vn 0.64311 -0.202886 0.738408
vn 0.734678 -0.649261 0.196745
vn 0.914403 -0.329047 0.235785
vn 0.697695 -0.301671 0.649782
vn 0.760432 -0.639575 0.11264
vn 0.64311 -0.202886 0.738408
vn 0.697695 -0.301671 0.649782
vn 0.400169 -0.856155 0.3269
vn 0.760432 -0.639575 0.11264
vn 0.61412 -0.465701 0.637165
vn 0.400169 -0.856155 0.3269
vn 0.697695 -0.301671 0.649782
vn 0.61412 -0.465701 0.637165
vn 0.075809 -0.791032 0.607059
vn 0.400169 -0.856155 0.3269
vn 0.467021 -0.480737 0.742147
vn 0.075809 -0.791032 0.607059
vn 0.61412 -0.465701 0.637165
vn 0.467021 -0.480737 0.742147
vn -0.109245 -0.484946 0.867694
vn 0.075809 -0.791032 0.607059
vn 0.435258 -0.325892 0.839253
vn -0.109245 -0.484946 0.867694
vn 0.467021 -0.480737 0.742147
vn 0.435258 -0.325892 0.839253
vn -0.11796 -0.05601 0.991437
vn -0.109245 -0.484946 0.867694
vn 0.53514 -0.200202 0.820697
vn -0.11796 -0.05601 0.991437
vn 0.435258 -0.325892 0.839253
vn 0.53514 -0.200202 0.820697
vn 0.161555 0.157965 0.974139
vn -0.11796 -0.05601 0.991437
vn 0.634488 -0.217926 0.741575
vn 0.263753 0.124542 0.956516
vn 0.53514 -0.200202 0.820697
vn 0.634488 -0.217926 0.741575
vn 0.543642 0.104825 0.832746
vn 0.161555 0.157965 0.974139
vn 0.650198 -0.310912 0.693236
vn 0.543642 0.104825 0.832746
vn 0.634488 -0.217926 0.741575
vn 0.650198 -0.310912 0.693236
vn 0.804079 0.185359 0.564889
vn 0.543642 0.104825 0.832746
vn 0.590582 -0.342473 0.730702
vn 0.825003 0.034221 0.564091
vn 0.650198 -0.310912 0.693236
vn 0.213503 -0.903986 0.370439
vn 0.106522 -0.934402 0.339919
vn -0.008144 -0.841507 0.540185
vn 0.163167 -0.948994 0.269792
vn 0.106522 -0.934402 0.339919
vn 0.616274 -0.787532 0.000892
vn 0.163167 -0.948994 0.269792
vn 0.225014 -0.90265 0.366868
vn 0.106522 -0.934402 0.339919
vn 0.160993 -0.888305 0.43011
vn 0.225014 -0.90265 0.366868
vn 0.163167 -0.948994 0.269792
vn 0.160993 -0.888305 0.43011
vn 0.476377 -0.773801 0.41749
vn 0.225014 -0.90265 0.366868
vn 0.441718 -0.818159 0.368103
vn 0.476377 -0.773801 0.41749
vn 0.160993 -0.888305 0.43011
vn 0.441718 -0.818159 0.368103
vn 0.726298 -0.585003 0.36092
vn 0.476377 -0.773801 0.41749
vn 0.68494 -0.688645 0.237962
vn 0.726298 -0.585003 0.36092
vn 0.441718 -0.818159 0.368103
vn 0.68494 -0.688645 0.237962
vn 0.88245 -0.403526 0.241764
vn 0.726298 -0.585003 0.36092
vn 0.837409 -0.537409 0.099693
vn 0.88245 -0.403526 0.241764
vn 0.68494 -0.688645 0.237962
vn 0.837409 -0.537409 0.099693
vn 0.948316 0.054965 0.312532
vn 0.88245 -0.403526 0.241764
vn 0.869493 -0.484287 0.097198
vn 0.948316 0.054965 0.312532
vn 0.837409 -0.537409 0.099693
vn -0.322405 0.147343 0.935064
vn -0.167964 0.227797 0.959113
vn -0.281351 0.243062 0.928312
vn -0.161318 0.109857 0.980769
vn -0.167964 0.227797 0.959113
vn -0.322405 0.147343 0.935064
vn -0.161318 0.109857 0.980769
vn -0.075605 0.21991 0.972586
vn -0.167964 0.227797 0.959113
vn -0.07367 0.110947 0.991092
vn -0.075605 0.21991 0.972586
vn -0.161318 0.109857 0.980769
vn -0.07367 0.110947 0.991092
vn 0.013136 0.216 0.976305
vn -0.075605 0.21991 0.972586
vn 0.012384 0.103045 0.9946
vn 0.013136 0.216 0.976305
vn -0.07367 0.110947 0.991092
vn 0.012384 0.103045 0.9946
vn 0.162863 0.194951 0.967197
vn 0.013136 0.216 0.976305
vn 0.194132 0.112812 0.974467
vn 0.162863 0.194951 0.967197
vn 0.012384 0.103045 0.9946
vn -0.281351 0.243062 0.928312
vn -0.158721 0.325899 0.931986
vn -0.237004 0.327096 0.914788
vn -0.167964 0.227797 0.959113
vn -0.158721 0.325899 0.931986
vn -0.281351 0.243062 0.928312
vn -0.167964 0.227797 0.959113
vn -0.066753 0.324073 0.943674
vn -0.158721 0.325899 0.931986
vn -0.075605 0.21991 0.972586
vn -0.066753 0.324073 0.943674
vn -0.167964 0.227797 0.959113
vn -0.075605 0.21991 0.972586
vn 0.020378 0.31923 0.947458
vn -0.066753 0.324073 0.943674
vn 0.013136 0.216 0.976305
vn 0.020378 0.31923 0.947458
vn -0.075605 0.21991 0.972586
vn 0.013136 0.216 0.976305
vn 0.12704 0.280311 0.951466
vn 0.020378 0.31923 0.947458
vn 0.162863 0.194951 0.967197
vn 0.12704 0.280311 0.951466
vn 0.013136 0.216 0.976305
vn -0.237004 0.327096 0.914788
vn -0.165499 0.413794 0.895201
vn -0.223889 0.418931 0.879983
vn -0.158721 0.325899 0.931986
vn -0.165499 0.413794 0.895201
vn -0.237004 0.327096 0.914788
vn -0.158721 0.325899 0.931986
vn -0.057792 0.410853 0.909868
vn -0.165499 0.413794 0.895201
vn -0.066753 0.324073 0.943674
vn -0.057792 0.410853 0.909868
vn -0.158721 0.325899 0.931986
vn -0.066753 0.324073 0.943674
vn 0.046172 0.40482 0.91323
vn -0.057792 0.410853 0.909868
vn 0.020378 0.31923 0.947458
vn 0.046172 0.40482 0.91323
vn -0.066753 0.324073 0.943674
vn 0.020378 0.31923 0.947458
vn 0.110775 0.371469 0.921813
vn 0.046172 0.40482 0.91323
vn 0.12704 0.280311 0.951466
vn 0.110775 0.371469 0.921813
vn 0.020378 0.31923 0.947458
vn -0.223889 0.418931 0.879983
vn -0.175693 0.501853 0.846921
vn -0.257972 0.509646 0.820799
vn -0.165499 0.413794 0.895201
vn -0.175693 0.501853 0.846921
vn -0.223889 0.418931 0.879983
vn -0.165499 0.413794 0.895201
vn -0.054373 0.501962 0.863179
vn -0.175693 0.501853 0.846921
vn -0.057792 0.410853 0.909868
vn -0.054373 0.501962 0.863179
vn -0.165499 0.413794 0.895201
vn -0.057792 0.410853 0.909868
vn 0.069922 0.485889 0.871219
vn -0.054373 0.501962 0.863179
vn 0.046172 0.40482 0.91323
vn 0.069922 0.485889 0.871219
vn -0.057792 0.410853 0.909868
vn 0.046172 0.40482 0.91323
vn 0.15959 0.467409 0.869517
vn 0.069922 0.485889 0.871219
vn 0.110775 0.371469 0.921813
vn 0.15959 0.467409 0.869517
vn 0.046172 0.40482 0.91323
vn -0.16631 0.15634 0.973601
vn 0.198639 0.301748 0.932465
vn -0.157496 0.130676 0.978836
vn -0.379663 0.506277 0.774299
vn 0.198639 0.301748 0.932465
vn -0.16631 0.15634 0.973601
vn -0.518573 0.53695 0.665407
vn -0.02463 0.270979 0.96227
vn 0.198639 0.301748 0.932465
vn -0.573542 0.53479 0.620523
vn -0.02463 0.270979 0.96227
vn -0.518573 0.53695 0.665407
vn -0.573542 0.53479 0.620523
vn -0.161336 0.273089 0.948363
vn -0.02463 0.270979 0.96227
vn -0.591326 0.564619 0.575794
vn -0.161336 0.273089 0.948363
vn -0.573542 0.53479 0.620523
vn -0.591326 0.564619 0.575794
vn -0.270119 0.253227 0.928931
vn -0.161336 0.273089 0.948363
vn -0.577831 0.586227 0.567847
vn -0.270119 0.253227 0.928931
vn -0.591326 0.564619 0.575794
vn -0.577831 0.586227 0.567847
vn -0.316675 0.179604 0.931375
vn -0.270119 0.253227 0.928931
vn -0.541743 0.574519 0.613549
vn -0.316675 0.179604 0.931375
vn -0.577831 0.586227 0.567847
vn -0.541743 0.574519 0.613549
vn -0.350275 -0.01316 0.936554
vn -0.316675 0.179604 0.931375
vn -0.547447 0.48758 0.680123
vn -0.350275 -0.01316 0.936554
vn -0.541743 0.574519 0.613549
vn -0.547447 0.48758 0.680123
vn -0.290415 -0.126741 0.94847
vn -0.350275 -0.01316 0.936554
vn -0.50392 0.474957 0.721444
vn -0.290415 -0.126741 0.94847
vn -0.547447 0.48758 0.680123
vn -0.50392 0.474957 0.721444
vn 0.009386 0.350666 0.936453
vn -0.290415 -0.126741 0.94847
vn -0.291503 0.735731 0.611332
vn 0.009386 0.350666 0.936453
vn -0.50392 0.474957 0.721444
vn -0.622992 0.372861 0.687645
vn -0.796324 -0.178782 0.577846
vn -0.964348 0.098665 0.245556
vn -0.157496 0.130676 0.978836
vn -0.796324 -0.178782 0.577846
vn -0.622992 0.372861 0.687645
vn -0.157496 0.130676 0.978836
vn -0.815264 -0.145423 0.560533
vn -0.796324 -0.178782 0.577846
vn -0.168136 0.121383 0.978262
vn -0.815264 -0.145423 0.560533
vn -0.157496 0.130676 0.978836
vn -0.168136 0.121383 0.978262
vn -0.831091 -0.09948 0.547167
vn -0.815264 -0.145423 0.560533
vn -0.175434 0.104626 0.978916
vn -0.831091 -0.09948 0.547167
vn -0.168136 0.121383 0.978262
vn -0.175434 0.104626 0.978916
vn -0.819888 -0.026627 0.571905
vn -0.831091 -0.09948 0.547167
vn -0.172596 0.113567 0.978424
vn -0.819888 -0.026627 0.571905
vn -0.175434 0.104626 0.978916
vn -0.172596 0.113567 0.978424
vn -0.769028 0.05867 0.636516
vn -0.819888 -0.026627 0.571905
vn -0.135916 0.101964 0.985459
vn -0.769028 0.05867 0.636516
vn -0.172596 0.113567 0.978424
vn -0.135916 0.101964 0.985459
vn -0.643259 0.196246 0.740071
vn -0.769028 0.05867 0.636516
vn -0.050885 0.110998 0.992517
vn -0.643259 0.196246 0.740071
vn -0.135916 0.101964 0.985459
vn -0.050885 0.110998 0.992517
vn -0.354687 0.45939 0.814345
vn -0.643259 0.196246 0.740071
vn -0.094106 0.17053 0.980848
vn -0.354687 0.45939 0.814345
vn -0.050885 0.110998 0.992517
vn -0.094106 0.17053 0.980848
vn -0.097076 0.66319 0.742129
vn -0.354687 0.45939 0.814345
vn -0.085279 0.115943 0.989588
vn -0.097076 0.66319 0.742129
vn -0.094106 0.17053 0.980848
vn -0.085279 0.115943 0.989588
vn 0.072443 0.765035 0.639902
vn -0.097076 0.66319 0.742129
vn -0.086545 0.114357 0.989663
vn 0.072443 0.765035 0.639902
vn -0.085279 0.115943 0.989588
vn -0.086545 0.114357 0.989663
vn 0.169292 0.815277 0.553773
vn 0.072443 0.765035 0.639902
vn -0.0699 0.282696 0.956659
vn 0.169292 0.815277 0.553773
vn -0.086545 0.114357 0.989663
vn -0.0699 0.282696 0.956659
vn 0.2489 0.843325 0.476289
vn 0.169292 0.815277 0.553773
vn -0.033996 0.341934 0.939109
vn 0.2489 0.843325 0.476289
vn -0.0699 0.282696 0.956659
vn -0.033996 0.341934 0.939109
vn 0.298521 0.856287 0.421494
vn 0.2489 0.843325 0.476289
vn -0.028056 0.37412 0.926956
vn 0.298521 0.856287 0.421494
vn -0.033996 0.341934 0.939109
vn -0.028056 0.37412 0.926956
vn 0.319773 0.855024 0.408265
vn 0.298521 0.856287 0.421494
vn 0.009386 0.350666 0.936453
vn 0.319773 0.855024 0.408265
vn -0.028056 0.37412 0.926956
vn 0.009386 0.350666 0.936453
vn -0.041001 0.964194 0.26201
vn 0.319773 0.855024 0.408265
vn -0.338192 0.811945 0.475785
vn -0.041001 0.964194 0.26201
vn 0.009386 0.350666 0.936453
vn -0.964348 0.098665 0.245556
vn -0.9338 -0.350991 -0.069451
vn -0.982652 -0.034643 -0.182197
vn -0.796324 -0.178782 0.577846
vn -0.9338 -0.350991 -0.069451
vn -0.964348 0.098665 0.245556
vn -0.796324 -0.178782 0.577846
vn -0.965193 -0.261246 -0.012373
vn -0.9338 -0.350991 -0.069451
vn -0.815264 -0.145423 0.560533
vn -0.965193 -0.261246 -0.012373
vn -0.796324 -0.178782 0.577846
vn -0.815264 -0.145423 0.560533
vn -0.984521 -0.171218 0.03744
vn -0.965193 -0.261246 -0.012373
vn -0.831091 -0.09948 0.547167
vn -0.984521 -0.171218 0.03744
vn -0.815264 -0.145423 0.560533
vn -0.831091 -0.09948 0.547167
vn -0.994307 -0.086776 0.061836
vn -0.984521 -0.171218 0.03744
vn -0.819888 -0.026627 0.571905
vn -0.994307 -0.086776 0.061836
vn -0.831091 -0.09948 0.547167
vn -0.819888 -0.026627 0.571905
vn -0.994662 0.02452 0.100231
vn -0.994307 -0.086776 0.061836
vn -0.769028 0.05867 0.636516
vn -0.994662 0.02452 0.100231
vn -0.819888 -0.026627 0.571905
vn -0.769028 0.05867 0.636516
vn -0.957906 0.253666 0.134421
vn -0.994662 0.02452 0.100231
vn -0.643259 0.196246 0.740071
vn -0.957906 0.253666 0.134421
vn -0.769028 0.05867 0.636516
vn -0.643259 0.196246 0.740071
vn -0.643197 0.740119 0.196269
vn -0.957906 0.253666 0.134421
vn -0.354687 0.45939 0.814345
vn -0.643197 0.740119 0.196269
vn -0.643259 0.196246 0.740071
vn -0.354687 0.45939 0.814345
vn -0.118149 0.969006 0.216952
vn -0.643197 0.740119 0.196269
vn -0.097076 0.66319 0.742129
vn -0.118149 0.969006 0.216952
vn -0.354687 0.45939 0.814345
vn -0.097076 0.66319 0.742129
vn 0.118244 0.978949 0.166363
vn -0.118149 0.969006 0.216952
vn 0.072443 0.765035 0.639902
vn 0.118244 0.978949 0.166363
vn -0.097076 0.66319 0.742129
vn 0.072443 0.765035 0.639902
vn 0.231308 0.966353 0.112506
vn 0.118244 0.978949 0.166363
vn 0.169292 0.815277 0.553773
vn 0.231308 0.966353 0.112506
vn 0.072443 0.765035 0.639902
vn 0.169292 0.815277 0.553773
vn 0.320676 0.943177 0.087081
vn 0.231308 0.966353 0.112506
vn 0.2489 0.843325 0.476289
vn 0.320676 0.943177 0.087081
vn 0.169292 0.815277 0.553773
vn 0.2489 0.843325 0.476289
vn 0.37564 0.92456 0.063906
vn 0.320676 0.943177 0.087081
vn 0.298521 0.856287 0.421494
vn 0.37564 0.92456 0.063906
vn 0.2489 0.843325 0.476289
vn 0.298521 0.856287 0.421494
vn 0.401234 0.9154 0.032471
vn 0.37564 0.92456 0.063906
vn 0.319773 0.855024 0.408265
vn 0.401234 0.9154 0.032471
vn 0.298521 0.856287 0.421494
vn 0.319773 0.855024 0.408265
vn 0.115319 0.993257 -0.011919
vn 0.401234 0.9154 0.032471
vn -0.041001 0.964194 0.26201
vn 0.115319 0.993257 -0.011919
vn 0.319773 0.855024 0.408265
vn -0.157496 0.130676 0.978836
vn 0.315516 0.278136 0.907243
vn -0.168136 0.121383 0.978262
vn 0.198639 0.301748 0.932465
vn 0.315516 0.278136 0.907243
vn -0.157496 0.130676 0.978836
vn 0.198639 0.301748 0.932465
vn 0.115678 0.26171 0.958189
vn 0.315516 0.278136 0.907243
vn -0.02463 0.270979 0.96227
vn 0.115678 0.26171 0.958189
vn 0.198639 0.301748 0.932465
vn -0.02463 0.270979 0.96227
vn -0.058229 0.233483 0.970616
vn 0.115678 0.26171 0.958189
vn -0.161336 0.273089 0.948363
vn -0.058229 0.233483 0.970616
vn -0.02463 0.270979 0.96227
vn -0.161336 0.273089 0.948363
vn -0.171418 0.174634 0.969597
vn -0.058229 0.233483 0.970616
vn -0.270119 0.253227 0.928931
vn -0.171418 0.174634 0.969597
vn -0.161336 0.273089 0.948363
vn -0.270119 0.253227 0.928931
vn -0.260038 0.07009 0.963051
vn -0.171418 0.174634 0.969597
vn -0.316675 0.179604 0.931375
vn -0.260038 0.07009 0.963051
vn -0.270119 0.253227 0.928931
vn -0.316675 0.179604 0.931375
vn -0.347536 -0.127506 0.928957
vn -0.260038 0.07009 0.963051
vn -0.350275 -0.01316 0.936554
vn -0.347536 -0.127506 0.928957
vn -0.316675 0.179604 0.931375
vn -0.350275 -0.01316 0.936554
vn -0.33963 -0.20656 0.917597
vn -0.347536 -0.127506 0.928957
vn -0.290415 -0.126741 0.94847
vn -0.33963 -0.20656 0.917597
vn -0.350275 -0.01316 0.936554
vn -0.290415 -0.126741 0.94847
vn -0.028056 0.37412 0.926956
vn -0.33963 -0.20656 0.917597
vn 0.009386 0.350666 0.936453
vn -0.028056 0.37412 0.926956
vn -0.290415 -0.126741 0.94847
vn -0.168136 0.121383 0.978262
vn 0.387913 0.231008 0.892277
vn -0.175434 0.104626 0.978916
vn 0.315516 0.278136 0.907243
vn 0.387913 0.231008 0.892277
vn -0.168136 0.121383 0.978262
vn 0.315516 0.278136 0.907243
vn 0.229652 0.227646 0.946276
vn 0.387913 0.231008 0.892277
vn 0.115678 0.26171 0.958189
vn 0.229652 0.227646 0.946276
vn 0.315516 0.278136 0.907243
vn 0.115678 0.26171 0.958189
vn 0.045934 0.1741 0.983656
vn 0.229652 0.227646 0.946276
vn -0.058229 0.233483 0.970616
vn 0.045934 0.1741 0.983656
vn 0.115678 0.26171 0.958189
vn -0.058229 0.233483 0.970616
vn -0.08748 0.095307 0.991597
vn 0.045934 0.1741 0.983656
vn -0.171418 0.174634 0.969597
vn -0.08748 0.095307 0.991597
vn -0.058229 0.233483 0.970616
vn -0.171418 0.174634 0.969597
vn -0.206015 -0.031239 0.97805
vn -0.08748 0.095307 0.991597
vn -0.260038 0.07009 0.963051
vn -0.206015 -0.031239 0.97805
vn -0.171418 0.174634 0.969597
vn -0.260038 0.07009 0.963051
vn -0.311529 -0.2502 0.916706
vn -0.206015 -0.031239 0.97805
vn -0.347536 -0.127506 0.928957
vn -0.311529 -0.2502 0.916706
vn -0.260038 0.07009 0.963051
vn -0.347536 -0.127506 0.928957
vn -0.298998 -0.302852 0.904921
vn -0.311529 -0.2502 0.916706
vn -0.33963 -0.20656 0.917597
vn -0.298998 -0.302852 0.904921
vn -0.347536 -0.127506 0.928957
vn -0.33963 -0.20656 0.917597
vn -0.033996 0.341934 0.939109
vn -0.298998 -0.302852 0.904921
vn -0.028056 0.37412 0.926956
vn -0.033996 0.341934 0.939109
vn -0.33963 -0.20656 0.917597
vn -0.175434 0.104626 0.978916
vn 0.45489 0.168978 0.874369
vn -0.172596 0.113567 0.978424
vn 0.387913 0.231008 0.892277
vn 0.45489 0.168978 0.874369
vn -0.175434 0.104626 0.978916
vn 0.387913 0.231008 0.892277
vn 0.348208 0.172261 0.921454
vn 0.45489 0.168978 0.874369
vn 0.229652 0.227646 0.946276
vn 0.348208 0.172261 0.921454
vn 0.387913 0.231008 0.892277
vn 0.229652 0.227646 0.946276
vn 0.140236 0.107331 0.984283
vn 0.348208 0.172261 0.921454
vn 0.045934 0.1741 0.983656
vn 0.140236 0.107331 0.984283
vn 0.229652 0.227646 0.946276
vn 0.045934 0.1741 0.983656
vn -0.004881 0.008312 0.999954
vn 0.140236 0.107331 0.984283
vn -0.08748 0.095307 0.991597
vn -0.004881 0.008312 0.999954
vn 0.045934 0.1741 0.983656
vn -0.08748 0.095307 0.991597
vn -0.127951 -0.118474 0.984679
vn -0.004881 0.008312 0.999954
vn -0.206015 -0.031239 0.97805
vn -0.127951 -0.118474 0.984679
vn -0.08748 0.095307 0.991597
vn -0.206015 -0.031239 0.97805
vn -0.265949 -0.36071 0.893957
vn -0.127951 -0.118474 0.984679
vn -0.311529 -0.2502 0.916706
vn -0.265949 -0.36071 0.893957
vn -0.206015 -0.031239 0.97805
vn -0.311529 -0.2502 0.916706
vn -0.265587 -0.37842 0.886714
vn -0.265949 -0.36071 0.893957
vn -0.298998 -0.302852 0.904921
vn -0.265587 -0.37842 0.886714
vn -0.311529 -0.2502 0.916706
vn -0.298998 -0.302852 0.904921
vn -0.0699 0.282696 0.956659
vn -0.265587 -0.37842 0.886714
vn -0.033996 0.341934 0.939109
vn -0.0699 0.282696 0.956659
vn -0.298998 -0.302852 0.904921
vn -0.172596 0.113567 0.978424
vn 0.425559 0.092905 0.900149
vn -0.135916 0.101964 0.985459
vn 0.45489 0.168978 0.874369
vn 0.425559 0.092905 0.900149
vn -0.172596 0.113567 0.978424
vn 0.45489 0.168978 0.874369
vn 0.467135 0.110493 0.877255
vn 0.425559 0.092905 0.900149
vn 0.348208 0.172261 0.921454
vn 0.467135 0.110493 0.877255
vn 0.45489 0.168978 0.874369
vn 0.348208 0.172261 0.921454
vn 0.31304 0.027483 0.949342
vn 0.467135 0.110493 0.877255
vn 0.140236 0.107331 0.984283
vn 0.31304 0.027483 0.949342
vn 0.348208 0.172261 0.921454
vn 0.140236 0.107331 0.984283
vn 0.119263 -0.11055 0.986689
vn 0.31304 0.027483 0.949342
vn -0.004881 0.008312 0.999954
vn 0.119263 -0.11055 0.986689
vn 0.140236 0.107331 0.984283
vn -0.004881 0.008312 0.999954
vn -0.040809 -0.279693 0.959222
vn 0.119263 -0.11055 0.986689
vn -0.127951 -0.118474 0.984679
vn -0.040809 -0.279693 0.959222
vn -0.004881 0.008312 0.999954
vn -0.127951 -0.118474 0.984679
vn -0.160188 -0.406389 0.899549
vn -0.040809 -0.279693 0.959222
vn -0.265949 -0.36071 0.893957
vn -0.160188 -0.406389 0.899549
vn -0.127951 -0.118474 0.984679
vn -0.265949 -0.36071 0.893957
vn -0.170989 -0.452456 0.875241
vn -0.160188 -0.406389 0.899549
vn -0.265587 -0.37842 0.886714
vn -0.170989 -0.452456 0.875241
vn -0.265949 -0.36071 0.893957
vn -0.265587 -0.37842 0.886714
vn -0.086545 0.114357 0.989663
vn -0.170989 -0.452456 0.875241
vn -0.0699 0.282696 0.956659
vn -0.086545 0.114357 0.989663
vn -0.265587 -0.37842 0.886714
vn -0.135916 0.101964 0.985459
vn 0.337345 -0.002542 0.941378
vn -0.050885 0.110998 0.992517
vn 0.425559 0.092905 0.900149
vn 0.337345 -0.002542 0.941378
vn -0.135916 0.101964 0.985459
vn 0.425559 0.092905 0.900149
vn 0.31304 0.027483 0.949342
vn 0.337345 -0.002542 0.941378
vn 0.467135 0.110493 0.877255
vn 0.31304 0.027483 0.949342
vn 0.425559 0.092905 0.900149
vn -0.050885 0.110998 0.992517
vn 0.142152 -0.158839 0.977018
vn -0.094106 0.17053 0.980848
vn 0.337345 -0.002542 0.941378
vn 0.142152 -0.158839 0.977018
vn -0.050885 0.110998 0.992517
vn 0.337345 -0.002542 0.941378
vn 0.119263 -0.11055 0.986689
vn 0.142152 -0.158839 0.977018
vn 0.31304 0.027483 0.949342
vn 0.119263 -0.11055 0.986689
vn 0.337345 -0.002542 0.941378
vn -0.982652 -0.034643 -0.182197
vn -0.825959 -0.355345 -0.437633
vn -0.916461 0.040312 -0.398087
vn -0.9338 -0.350991 -0.069451
vn -0.825959 -0.355345 -0.437633
vn -0.982652 -0.034643 -0.182197
vn -0.9338 -0.350991 -0.069451
vn -0.871804 -0.279928 -0.401993
vn -0.825959 -0.355345 -0.437633
vn -0.965193 -0.261246 -0.012373
vn -0.871804 -0.279928 -0.401993
vn -0.9338 -0.350991 -0.069451
vn -0.965193 -0.261246 -0.012373
vn -0.916144 -0.168616 -0.36366
vn -0.871804 -0.279928 -0.401993
vn -0.984521 -0.171218 0.03744
vn -0.916144 -0.168616 -0.36366
vn -0.965193 -0.261246 -0.012373
vn -0.984521 -0.171218 0.03744
vn -0.935057 -0.072629 -0.346978
vn -0.916144 -0.168616 -0.36366
vn -0.994307 -0.086776 0.061836
vn -0.935057 -0.072629 -0.346978
vn -0.984521 -0.171218 0.03744
vn -0.994307 -0.086776 0.061836
vn -0.942899 0.037022 -0.331016
vn -0.935057 -0.072629 -0.346978
vn -0.994662 0.02452 0.100231
vn -0.942899 0.037022 -0.331016
vn -0.994307 -0.086776 0.061836
vn -0.994662 0.02452 0.100231
vn -0.879195 0.246631 -0.407663
vn -0.942899 0.037022 -0.331016
vn -0.957906 0.253666 0.134421
vn -0.879195 0.246631 -0.407663
vn -0.994662 0.02452 0.100231
vn -0.957906 0.253666 0.134421
vn -0.596655 0.628557 -0.498918
vn -0.879195 0.246631 -0.407663
vn -0.643197 0.740119 0.196269
vn -0.596655 0.628557 -0.498918
vn -0.957906 0.253666 0.134421
vn -0.643197 0.740119 0.196269
vn -0.146771 0.901796 -0.406475
vn -0.596655 0.628557 -0.498918
vn -0.118149 0.969006 0.216952
vn -0.146771 0.901796 -0.406475
vn -0.643197 0.740119 0.196269
vn -0.118149 0.969006 0.216952
vn 0.090481 0.948036 -0.305025
vn -0.146771 0.901796 -0.406475
vn 0.118244 0.978949 0.166363
vn 0.090481 0.948036 -0.305025
vn -0.118149 0.969006 0.216952
vn 0.118244 0.978949 0.166363
vn 0.194743 0.935052 -0.296232
vn 0.090481 0.948036 -0.305025
vn 0.231308 0.966353 0.112506
vn 0.194743 0.935052 -0.296232
vn 0.118244 0.978949 0.166363
vn 0.231308 0.966353 0.112506
vn 0.279843 0.906968 -0.314797
vn 0.194743 0.935052 -0.296232
vn 0.320676 0.943177 0.087081
vn 0.279843 0.906968 -0.314797
vn 0.231308 0.966353 0.112506
vn 0.320676 0.943177 0.087081
vn 0.355688 0.874659 -0.329329
vn 0.279843 0.906968 -0.314797
vn 0.37564 0.92456 0.063906
vn 0.355688 0.874659 -0.329329
vn 0.320676 0.943177 0.087081
vn 0.37564 0.92456 0.063906
vn 0.374667 0.869268 -0.322486
vn 0.355688 0.874659 -0.329329
vn 0.401234 0.9154 0.032471
vn 0.374667 0.869268 -0.322486
vn 0.37564 0.92456 0.063906
vn 0.401234 0.9154 0.032471
vn 0.046223 0.966353 -0.253033
vn 0.374667 0.869268 -0.322486
vn 0.115319 0.993257 -0.011919
vn 0.046223 0.966353 -0.253033
vn 0.401234 0.9154 0.032471
vn -0.916461 0.040312 -0.398087
vn -0.720484 -0.325638 -0.612261
vn -0.839464 0.019453 -0.543067
vn -0.825959 -0.355345 -0.437633
vn -0.720484 -0.325638 -0.612261
vn -0.916461 0.040312 -0.398087
vn -0.825959 -0.355345 -0.437633
vn -0.775255 -0.242779 -0.583128
vn -0.720484 -0.325638 -0.612261
vn -0.871804 -0.279928 -0.401993
vn -0.775255 -0.242779 -0.583128
vn -0.825959 -0.355345 -0.437633
vn -0.871804 -0.279928 -0.401993
vn -0.831185 -0.12294 -0.542233
vn -0.775255 -0.242779 -0.583128
vn -0.916144 -0.168616 -0.36366
vn -0.831185 -0.12294 -0.542233
vn -0.871804 -0.279928 -0.401993
vn -0.916144 -0.168616 -0.36366
vn -0.853326 -0.029381 -0.520549
vn -0.831185 -0.12294 -0.542233
vn -0.935057 -0.072629 -0.346978
vn -0.853326 -0.029381 -0.520549
vn -0.916144 -0.168616 -0.36366
vn -0.935057 -0.072629 -0.346978
vn -0.844926 0.085489 -0.528008
vn -0.853326 -0.029381 -0.520549
vn -0.942899 0.037022 -0.331016
vn -0.844926 0.085489 -0.528008
vn -0.935057 -0.072629 -0.346978
vn -0.942899 0.037022 -0.331016
vn -0.754929 0.240287 -0.6102
vn -0.844926 0.085489 -0.528008
vn -0.879195 0.246631 -0.407663
vn -0.754929 0.240287 -0.6102
vn -0.942899 0.037022 -0.331016
vn -0.879195 0.246631 -0.407663
vn -0.499782 0.527396 -0.687075
vn -0.754929 0.240287 -0.6102
vn -0.596655 0.628557 -0.498918
vn -0.499782 0.527396 -0.687075
vn -0.879195 0.246631 -0.407663
vn -0.596655 0.628557 -0.498918
vn -0.173316 0.768159 -0.616355
vn -0.499782 0.527396 -0.687075
vn -0.146771 0.901796 -0.406475
vn -0.173316 0.768159 -0.616355
vn -0.596655 0.628557 -0.498918
vn -0.146771 0.901796 -0.406475
vn 0.037334 0.852619 -0.521197
vn -0.173316 0.768159 -0.616355
vn 0.090481 0.948036 -0.305025
vn 0.037334 0.852619 -0.521197
vn -0.146771 0.901796 -0.406475
vn 0.090481 0.948036 -0.305025
vn 0.119355 0.84236 -0.525532
vn 0.037334 0.852619 -0.521197
vn 0.194743 0.935052 -0.296232
vn 0.119355 0.84236 -0.525532
vn 0.090481 0.948036 -0.305025
vn 0.194743 0.935052 -0.296232
vn 0.206436 0.812201 -0.545631
vn 0.119355 0.84236 -0.525532
vn 0.279843 0.906968 -0.314797
vn 0.206436 0.812201 -0.545631
vn 0.194743 0.935052 -0.296232
vn 0.279843 0.906968 -0.314797
vn 0.294762 0.759378 -0.580053
vn 0.206436 0.812201 -0.545631
vn 0.355688 0.874659 -0.329329
vn 0.294762 0.759378 -0.580053
vn 0.279843 0.906968 -0.314797
vn 0.355688 0.874659 -0.329329
vn 0.287749 0.741085 -0.606625
vn 0.294762 0.759378 -0.580053
vn 0.374667 0.869268 -0.322486
vn 0.287749 0.741085 -0.606625
vn 0.355688 0.874659 -0.329329
vn 0.374667 0.869268 -0.322486
vn -0.018623 0.883826 -0.467445
vn 0.287749 0.741085 -0.606625
vn 0.046223 0.966353 -0.253033
vn -0.018623 0.883826 -0.467445
vn 0.374667 0.869268 -0.322486
vn -0.839464 0.019453 -0.543067
vn -0.57865 -0.216958 -0.786189
vn -0.717131 0.113575 -0.687622
vn -0.720484 -0.325638 -0.612261
vn -0.57865 -0.216958 -0.786189
vn -0.839464 0.019453 -0.543067
vn -0.720484 -0.325638 -0.612261
vn -0.626011 -0.136309 -0.767808
vn -0.57865 -0.216958 -0.786189
vn -0.775255 -0.242779 -0.583128
vn -0.626011 -0.136309 -0.767808
vn -0.720484 -0.325638 -0.612261
vn -0.775255 -0.242779 -0.583128
vn -0.683829 -0.027902 -0.729109
vn -0.626011 -0.136309 -0.767808
vn -0.831185 -0.12294 -0.542233
vn -0.683829 -0.027902 -0.729109
vn -0.775255 -0.242779 -0.583128
vn -0.831185 -0.12294 -0.542233
vn -0.728762 0.057811 -0.682322
vn -0.683829 -0.027902 -0.729109
vn -0.853326 -0.029381 -0.520549
vn -0.728762 0.057811 -0.682322
vn -0.831185 -0.12294 -0.542233
vn -0.853326 -0.029381 -0.520549
vn -0.774637 0.112938 -0.62224
vn -0.728762 0.057811 -0.682322
vn -0.844926 0.085489 -0.528008
vn -0.774637 0.112938 -0.62224
vn -0.853326 -0.029381 -0.520549
vn -0.844926 0.085489 -0.528008
vn -0.668993 0.222902 -0.709058
vn -0.774637 0.112938 -0.62224
vn -0.754929 0.240287 -0.6102
vn -0.668993 0.222902 -0.709058
vn -0.844926 0.085489 -0.528008
vn -0.754929 0.240287 -0.6102
vn -0.429532 0.424457 -0.797081
vn -0.668993 0.222902 -0.709058
vn -0.499782 0.527396 -0.687075
vn -0.429532 0.424457 -0.797081
vn -0.754929 0.240287 -0.6102
vn -0.499782 0.527396 -0.687075
vn -0.182954 0.635922 -0.749754
vn -0.429532 0.424457 -0.797081
vn -0.173316 0.768159 -0.616355
vn -0.182954 0.635922 -0.749754
vn -0.499782 0.527396 -0.687075
vn -0.173316 0.768159 -0.616355
vn -0.036906 0.756748 -0.652664
vn -0.182954 0.635922 -0.749754
vn 0.037334 0.852619 -0.521197
vn -0.036906 0.756748 -0.652664
vn -0.173316 0.768159 -0.616355
vn 0.037334 0.852619 -0.521197
vn 0.006309 0.72263 -0.691206
vn -0.036906 0.756748 -0.652664
vn 0.119355 0.84236 -0.525532
vn 0.006309 0.72263 -0.691206
vn 0.037334 0.852619 -0.521197
vn 0.119355 0.84236 -0.525532
vn 0.067779 0.681279 -0.728879
vn 0.006309 0.72263 -0.691206
vn 0.206436 0.812201 -0.545631
vn 0.067779 0.681279 -0.728879
vn 0.119355 0.84236 -0.525532
vn 0.206436 0.812201 -0.545631
vn 0.155978 0.621772 -0.767509
vn 0.067779 0.681279 -0.728879
vn 0.294762 0.759378 -0.580053
vn 0.155978 0.621772 -0.767509
vn 0.206436 0.812201 -0.545631
vn 0.294762 0.759378 -0.580053
vn 0.194496 0.585896 -0.7867
vn 0.155978 0.621772 -0.767509
vn 0.287749 0.741085 -0.606625
vn 0.194496 0.585896 -0.7867
vn 0.294762 0.759378 -0.580053
vn 0.287749 0.741085 -0.606625
vn -0.087087 0.707702 -0.701123
vn 0.194496 0.585896 -0.7867
vn -0.018623 0.883826 -0.467445
vn -0.087087 0.707702 -0.701123
vn 0.287749 0.741085 -0.606625
vn -0.717131 0.113575 -0.687622
vn -0.36912 -0.043584 -0.928359
vn -0.548474 0.260991 -0.794393
vn -0.57865 -0.216958 -0.786189
vn -0.36912 -0.043584 -0.928359
vn -0.717131 0.113575 -0.687622
vn -0.57865 -0.216958 -0.786189
vn -0.439229 0.03159 -0.89782
vn -0.36912 -0.043584 -0.928359
vn -0.626011 -0.136309 -0.767808
vn -0.439229 0.03159 -0.89782
vn -0.57865 -0.216958 -0.786189
vn -0.626011 -0.136309 -0.767808
vn -0.49529 0.127532 -0.859315
vn -0.439229 0.03159 -0.89782
vn -0.683829 -0.027902 -0.729109
vn -0.49529 0.127532 -0.859315
vn -0.626011 -0.136309 -0.767808
vn -0.683829 -0.027902 -0.729109
vn -0.556277 0.197828 -0.807106
vn -0.49529 0.127532 -0.859315
vn -0.728762 0.057811 -0.682322
vn -0.556277 0.197828 -0.807106
vn -0.683829 -0.027902 -0.729109
vn -0.728762 0.057811 -0.682322
vn -0.668993 0.222902 -0.709058
vn -0.556277 0.197828 -0.807106
vn -0.774637 0.112938 -0.62224
vn -0.668993 0.222902 -0.709058
vn -0.728762 0.057811 -0.682322
vn -0.548474 0.260991 -0.794393
vn -0.154597 0.130931 -0.979263
vn -0.453711 0.434473 -0.778061
vn -0.36912 -0.043584 -0.928359
vn -0.154597 0.130931 -0.979263
vn -0.548474 0.260991 -0.794393
vn -0.36912 -0.043584 -0.928359
vn -0.216073 0.215628 -0.952269
vn -0.154597 0.130931 -0.979263
vn -0.439229 0.03159 -0.89782
vn -0.216073 0.215628 -0.952269
vn -0.36912 -0.043584 -0.928359
vn -0.439229 0.03159 -0.89782
vn -0.287481 0.299214 -0.909849
vn -0.216073 0.215628 -0.952269
vn -0.49529 0.127532 -0.859315
vn -0.287481 0.299214 -0.909849
vn -0.439229 0.03159 -0.89782
vn -0.49529 0.127532 -0.859315
vn -0.33556 0.370124 -0.866261
vn -0.287481 0.299214 -0.909849
vn -0.556277 0.197828 -0.807106
vn -0.33556 0.370124 -0.866261
vn -0.49529 0.127532 -0.859315
vn -0.556277 0.197828 -0.807106
vn -0.429532 0.424457 -0.797081
vn -0.33556 0.370124 -0.866261
vn -0.668993 0.222902 -0.709058
vn -0.429532 0.424457 -0.797081
vn -0.556277 0.197828 -0.807106
vn -0.086545 0.114357 0.989663
vn -0.045956 -0.328781 0.943288
vn -0.170989 -0.452456 0.875241
vn -0.085279 0.115943 0.989588
vn -0.045956 -0.328781 0.943288
vn -0.086545 0.114357 0.989663
vn -0.085279 0.115943 0.989588
vn 0.142152 -0.158839 0.977018
vn -0.045956 -0.328781 0.943288
vn -0.094106 0.17053 0.980848
vn 0.142152 -0.158839 0.977018
vn -0.085279 0.115943 0.989588
vn -0.170989 -0.452456 0.875241
vn -0.040809 -0.279693 0.959222
vn -0.160188 -0.406389 0.899549
vn -0.045956 -0.328781 0.943288
vn -0.040809 -0.279693 0.959222
vn -0.170989 -0.452456 0.875241
vn -0.045956 -0.328781 0.943288
vn 0.119263 -0.11055 0.986689
vn -0.040809 -0.279693 0.959222
vn 0.142152 -0.158839 0.977018
vn 0.119263 -0.11055 0.986689
vn -0.045956 -0.328781 0.943288
vn -0.154597 0.130931 -0.979263
vn -0.267897 0.512286 -0.815962
vn -0.453711 0.434473 -0.778061
vn 0.011806 0.374704 -0.927069
vn -0.267897 0.512286 -0.815962
vn -0.154597 0.130931 -0.979263
vn 0.011806 0.374704 -0.927069
vn -0.087087 0.707702 -0.701123
vn -0.267897 0.512286 -0.815962
vn 0.194496 0.585896 -0.7867
vn -0.087087 0.707702 -0.701123
vn 0.011806 0.374704 -0.927069
vn -0.216073 0.215628 -0.952269
vn 0.011806 0.374704 -0.927069
vn -0.154597 0.130931 -0.979263
vn -0.01293 0.42983 -0.902817
vn 0.011806 0.374704 -0.927069
vn -0.216073 0.215628 -0.952269
vn -0.01293 0.42983 -0.902817
vn 0.194496 0.585896 -0.7867
vn 0.011806 0.374704 -0.927069
vn 0.155978 0.621772 -0.767509
vn 0.194496 0.585896 -0.7867
vn -0.01293 0.42983 -0.902817
vn 0.155978 0.621772 -0.767509
vn -0.094334 0.501116 -0.860223
vn 0.067779 0.681279 -0.728879
vn -0.01293 0.42983 -0.902817
vn -0.094334 0.501116 -0.860223
vn 0.155978 0.621772 -0.767509
vn -0.01293 0.42983 -0.902817
vn -0.287481 0.299214 -0.909849
vn -0.094334 0.501116 -0.860223
vn -0.216073 0.215628 -0.952269
vn -0.287481 0.299214 -0.909849
vn -0.01293 0.42983 -0.902817
vn 0.067779 0.681279 -0.728879
vn -0.147308 0.562613 -0.81349
vn 0.006309 0.72263 -0.691206
vn -0.094334 0.501116 -0.860223
vn -0.147308 0.562613 -0.81349
vn 0.067779 0.681279 -0.728879
vn -0.094334 0.501116 -0.860223
vn -0.33556 0.370124 -0.866261
vn -0.147308 0.562613 -0.81349
vn -0.287481 0.299214 -0.909849
vn -0.33556 0.370124 -0.866261
vn -0.094334 0.501116 -0.860223
vn -0.429532 0.424457 -0.797081
vn -0.147308 0.562613 -0.81349
vn -0.33556 0.370124 -0.866261
vn -0.182954 0.635922 -0.749754
vn -0.147308 0.562613 -0.81349
vn -0.429532 0.424457 -0.797081
vn -0.182954 0.635922 -0.749754
vn 0.006309 0.72263 -0.691206
vn -0.147308 0.562613 -0.81349
vn -0.036906 0.756748 -0.652664
vn 0.006309 0.72263 -0.691206
vn -0.182954 0.635922 -0.749754
vn -0.916461 0.040312 -0.398087
vn -0.872105 0.327061 -0.363955
vn -0.924211 0.2767 -0.263195
vn -0.839464 0.019453 -0.543067
vn -0.872105 0.327061 -0.363955
vn -0.916461 0.040312 -0.398087
vn -0.839464 0.019453 -0.543067
vn -0.824778 0.349164 -0.444776
vn -0.872105 0.327061 -0.363955
vn -0.717131 0.113575 -0.687622
vn -0.824778 0.349164 -0.444776
vn -0.839464 0.019453 -0.543067
vn -0.717131 0.113575 -0.687622
vn -0.732831 0.458403 -0.502817
vn -0.824778 0.349164 -0.444776
vn -0.548474 0.260991 -0.794393
vn -0.732831 0.458403 -0.502817
vn -0.717131 0.113575 -0.687622
vn -0.548474 0.260991 -0.794393
vn -0.602919 0.591112 -0.535794
vn -0.732831 0.458403 -0.502817
vn -0.453711 0.434473 -0.778061
vn -0.602919 0.591112 -0.535794
vn -0.548474 0.260991 -0.794393
vn -0.453711 0.434473 -0.778061
vn -0.467561 0.684461 -0.559374
vn -0.602919 0.591112 -0.535794
vn -0.267897 0.512286 -0.815962
vn -0.467561 0.684461 -0.559374
vn -0.453711 0.434473 -0.778061
vn -0.267897 0.512286 -0.815962
vn -0.360409 0.780847 -0.510278
vn -0.467561 0.684461 -0.559374
vn -0.087087 0.707702 -0.701123
vn -0.360409 0.780847 -0.510278
vn -0.267897 0.512286 -0.815962
vn -0.087087 0.707702 -0.701123
vn -0.290326 0.878071 -0.380397
vn -0.360409 0.780847 -0.510278
vn -0.018623 0.883826 -0.467445
vn -0.290326 0.878071 -0.380397
vn -0.087087 0.707702 -0.701123
vn -0.018623 0.883826 -0.467445
vn -0.265845 0.932074 -0.246099
vn -0.290326 0.878071 -0.380397
vn 0.046223 0.966353 -0.253033
vn -0.265845 0.932074 -0.246099
vn -0.018623 0.883826 -0.467445
vn 0.046223 0.966353 -0.253033
vn -0.288603 0.948506 -0.130559
vn -0.265845 0.932074 -0.246099
vn 0.115319 0.993257 -0.011919
vn -0.288603 0.948506 -0.130559
vn 0.046223 0.966353 -0.253033
vn -0.924211 0.2767 -0.263195
vn -0.893786 0.215476 -0.39334
vn -0.950762 0.19545 -0.240522
vn -0.872105 0.327061 -0.363955
vn -0.893786 0.215476 -0.39334
vn -0.924211 0.2767 -0.263195
vn -0.872105 0.327061 -0.363955
vn -0.825432 0.238237 -0.511767
vn -0.893786 0.215476 -0.39334
vn -0.824778 0.349164 -0.444776
vn -0.825432 0.238237 -0.511767
vn -0.872105 0.327061 -0.363955
vn -0.824778 0.349164 -0.444776
vn -0.735555 0.392004 -0.552533
vn -0.825432 0.238237 -0.511767
vn -0.732831 0.458403 -0.502817
vn -0.735555 0.392004 -0.552533
vn -0.824778 0.349164 -0.444776
vn -0.732831 0.458403 -0.502817
vn -0.598291 0.549038 -0.583614
vn -0.735555 0.392004 -0.552533
vn -0.602919 0.591112 -0.535794
vn -0.598291 0.549038 -0.583614
vn -0.732831 0.458403 -0.502817
vn -0.602919 0.591112 -0.535794
vn -0.390506 0.687452 -0.612303
vn -0.598291 0.549038 -0.583614
vn -0.467561 0.684461 -0.559374
vn -0.390506 0.687452 -0.612303
vn -0.602919 0.591112 -0.535794
vn -0.467561 0.684461 -0.559374
vn -0.284995 0.790101 -0.542696
vn -0.390506 0.687452 -0.612303
vn -0.360409 0.780847 -0.510278
vn -0.284995 0.790101 -0.542696
vn -0.467561 0.684461 -0.559374
vn -0.360409 0.780847 -0.510278
vn -0.227884 0.879404 -0.417993
vn -0.284995 0.790101 -0.542696
vn -0.290326 0.878071 -0.380397
vn -0.227884 0.879404 -0.417993
vn -0.360409 0.780847 -0.510278
vn -0.290326 0.878071 -0.380397
vn -0.204305 0.940953 -0.26994
vn -0.227884 0.879404 -0.417993
vn -0.265845 0.932074 -0.246099
vn -0.204305 0.940953 -0.26994
vn -0.290326 0.878071 -0.380397
vn -0.265845 0.932074 -0.246099
vn -0.193688 0.973224 -0.123776
vn -0.204305 0.940953 -0.26994
vn -0.288603 0.948506 -0.130559
vn -0.193688 0.973224 -0.123776
vn -0.265845 0.932074 -0.246099
vn -0.950762 0.19545 -0.240522
vn -0.921243 0.07634 -0.381422
vn -0.977537 0.045631 -0.205766
vn -0.893786 0.215476 -0.39334
vn -0.921243 0.07634 -0.381422
vn -0.950762 0.19545 -0.240522
vn -0.893786 0.215476 -0.39334
vn -0.856822 0.082 -0.509051
vn -0.921243 0.07634 -0.381422
vn -0.825432 0.238237 -0.511767
vn -0.856822 0.082 -0.509051
vn -0.893786 0.215476 -0.39334
vn -0.825432 0.238237 -0.511767
vn -0.780231 0.048677 -0.623594
vn -0.856822 0.082 -0.509051
vn -0.746363 0.168145 -0.643948
vn -0.780231 0.048677 -0.623594
vn -0.825432 0.238237 -0.511767
vn -0.746363 0.168145 -0.643948
vn -0.654098 -0.004901 -0.756394
vn -0.780231 0.048677 -0.623594
vn -0.598935 0.11642 -0.79229
vn -0.654098 -0.004901 -0.756394
vn -0.746363 0.168145 -0.643948
vn -0.598935 0.11642 -0.79229
vn -0.485408 -0.039339 -0.873402
vn -0.654098 -0.004901 -0.756394
vn -0.415946 0.115199 -0.902063
vn -0.485408 -0.039339 -0.873402
vn -0.598935 0.11642 -0.79229
vn -0.415946 0.115199 -0.902063
vn -0.303564 -0.047666 -0.951618
vn -0.485408 -0.039339 -0.873402
vn -0.240523 0.125964 -0.962435
vn -0.303564 -0.047666 -0.951618
vn -0.415946 0.115199 -0.902063
vn -0.240523 0.125964 -0.962435
vn -0.118516 -0.050069 -0.991689
vn -0.303564 -0.047666 -0.951618
vn -0.069287 0.129253 -0.989188
vn -0.118516 -0.050069 -0.991689
vn -0.240523 0.125964 -0.962435
vn -0.069287 0.129253 -0.989188
vn 0.085476 -0.055164 -0.994812
vn -0.118516 -0.050069 -0.991689
vn 0.115108 0.105384 -0.987747
vn 0.085476 -0.055164 -0.994812
vn -0.069287 0.129253 -0.989188
vn 0.115108 0.105384 -0.987747
vn 0.290164 -0.061475 -0.955
vn 0.085476 -0.055164 -0.994812
vn 0.283798 0.106969 -0.952899
vn 0.290164 -0.061475 -0.955
vn 0.115108 0.105384 -0.987747
vn 0.283798 0.106969 -0.952899
vn 0.462754 -0.07617 -0.883208
vn 0.290164 -0.061475 -0.955
vn 0.449434 0.092025 -0.888561
vn 0.462754 -0.07617 -0.883208
vn 0.283798 0.106969 -0.952899
vn 0.449434 0.092025 -0.888561
vn 0.622447 -0.084466 -0.778091
vn 0.462754 -0.07617 -0.883208
vn 0.627202 0.044624 -0.777578
vn 0.622447 -0.084466 -0.778091
vn 0.449434 0.092025 -0.888561
vn 0.627202 0.044624 -0.777578
vn 0.769693 -0.070544 -0.634504
vn 0.622447 -0.084466 -0.778091
vn 0.758231 0.061262 -0.649101
vn 0.769693 -0.070544 -0.634504
vn 0.627202 0.044624 -0.777578
vn 0.758231 0.061262 -0.649101
vn 0.878451 -0.035669 -0.476499
vn 0.769693 -0.070544 -0.634504
vn 0.875933 0.121381 -0.466913
vn 0.878451 -0.035669 -0.476499
vn 0.758231 0.061262 -0.649101
vn 0.875933 0.121381 -0.466913
vn 0.940236 -0.007164 -0.340448
vn 0.878451 -0.035669 -0.476499
vn 0.922539 0.168502 -0.347173
vn 0.940236 -0.007164 -0.340448
vn 0.875933 0.121381 -0.466913
vn 0.922539 0.168502 -0.347173
vn 0.976028 -0.015341 -0.217104
vn 0.940236 -0.007164 -0.340448
vn 0.965252 0.131162 -0.226018
vn 0.976028 -0.015341 -0.217104
vn 0.922539 0.168502 -0.347173
vn 0.965252 0.131162 -0.226018
vn 0.99862 0.016775 -0.049775
vn 0.976028 -0.015341 -0.217104
vn 0.988724 0.120798 -0.0885
vn 0.99862 0.016775 -0.049775
vn 0.965252 0.131162 -0.226018
vn -0.977537 0.045631 -0.205766
vn -0.933607 -0.110021 -0.340988
vn -0.976492 -0.133256 -0.169428
vn -0.921243 0.07634 -0.381422
vn -0.933607 -0.110021 -0.340988
vn -0.977537 0.045631 -0.205766
vn -0.921243 0.07634 -0.381422
vn -0.873136 -0.105827 -0.475851
vn -0.933607 -0.110021 -0.340988
vn -0.856822 0.082 -0.509051
vn -0.873136 -0.105827 -0.475851
vn -0.921243 0.07634 -0.381422
vn -0.856822 0.082 -0.509051
vn -0.786866 -0.124688 -0.604397
vn -0.873136 -0.105827 -0.475851
vn -0.780231 0.048677 -0.623594
vn -0.786866 -0.124688 -0.604397
vn -0.856822 0.082 -0.509051
vn -0.780231 0.048677 -0.623594
vn -0.65658 -0.165239 -0.735934
vn -0.786866 -0.124688 -0.604397
vn -0.654098 -0.004901 -0.756394
vn -0.65658 -0.165239 -0.735934
vn -0.780231 0.048677 -0.623594
vn -0.654098 -0.004901 -0.756394
vn -0.495349 -0.205863 -0.843949
vn -0.65658 -0.165239 -0.735934
vn -0.485408 -0.039339 -0.873402
vn -0.495349 -0.205863 -0.843949
vn -0.654098 -0.004901 -0.756394
vn -0.485408 -0.039339 -0.873402
vn -0.320632 -0.230931 -0.918622
vn -0.495349 -0.205863 -0.843949
vn -0.303564 -0.047666 -0.951618
vn -0.320632 -0.230931 -0.918622
vn -0.485408 -0.039339 -0.873402
vn -0.303564 -0.047666 -0.951618
vn -0.134696 -0.240989 -0.961135
vn -0.320632 -0.230931 -0.918622
vn -0.118516 -0.050069 -0.991689
vn -0.134696 -0.240989 -0.961135
vn -0.303564 -0.047666 -0.951618
vn -0.118516 -0.050069 -0.991689
vn 0.076402 -0.252244 -0.964643
vn -0.134696 -0.240989 -0.961135
vn 0.085476 -0.055164 -0.994812
vn 0.076402 -0.252244 -0.964643
vn -0.118516 -0.050069 -0.991689
vn 0.085476 -0.055164 -0.994812
vn 0.274926 -0.265464 -0.924091
vn 0.076402 -0.252244 -0.964643
vn 0.290164 -0.061475 -0.955
vn 0.274926 -0.265464 -0.924091
vn 0.085476 -0.055164 -0.994812
vn 0.290164 -0.061475 -0.955
vn 0.453405 -0.262687 -0.851715
vn 0.274926 -0.265464 -0.924091
vn 0.462754 -0.07617 -0.883208
vn 0.453405 -0.262687 -0.851715
vn 0.290164 -0.061475 -0.955
vn 0.462754 -0.07617 -0.883208
vn 0.612347 -0.252398 -0.749217
vn 0.453405 -0.262687 -0.851715
vn 0.622447 -0.084466 -0.778091
vn 0.612347 -0.252398 -0.749217
vn 0.462754 -0.07617 -0.883208
vn 0.622447 -0.084466 -0.778091
vn 0.757575 -0.229494 -0.611075
vn 0.612347 -0.252398 -0.749217
vn 0.769693 -0.070544 -0.634504
vn 0.757575 -0.229494 -0.611075
vn 0.622447 -0.084466 -0.778091
vn 0.769693 -0.070544 -0.634504
vn 0.866985 -0.2014 -0.455824
vn 0.757575 -0.229494 -0.611075
vn 0.878451 -0.035669 -0.476499
vn 0.866985 -0.2014 -0.455824
vn 0.769693 -0.070544 -0.634504
vn 0.878451 -0.035669 -0.476499
vn 0.932748 -0.1845 -0.309745
vn 0.866985 -0.2014 -0.455824
vn 0.940236 -0.007164 -0.340448
vn 0.932748 -0.1845 -0.309745
vn 0.878451 -0.035669 -0.476499
vn 0.940236 -0.007164 -0.340448
vn 0.965161 -0.194917 -0.17456
vn 0.932748 -0.1845 -0.309745
vn 0.976028 -0.015341 -0.217104
vn 0.965161 -0.194917 -0.17456
vn 0.940236 -0.007164 -0.340448
vn 0.976028 -0.015341 -0.217104
vn 0.984967 -0.172484 -0.009485
vn 0.965161 -0.194917 -0.17456
vn 0.99862 0.016775 -0.049775
vn 0.984967 -0.172484 -0.009485
vn 0.976028 -0.015341 -0.217104
vn -0.976492 -0.133256 -0.169428
vn -0.917173 -0.275367 -0.28804
vn -0.947018 -0.290809 -0.136331
vn -0.933607 -0.110021 -0.340988
vn -0.917173 -0.275367 -0.28804
vn -0.976492 -0.133256 -0.169428
vn -0.933607 -0.110021 -0.340988
vn -0.860877 -0.273883 -0.428812
vn -0.917173 -0.275367 -0.28804
vn -0.873136 -0.105827 -0.475851
vn -0.860877 -0.273883 -0.428812
vn -0.933607 -0.110021 -0.340988
vn -0.873136 -0.105827 -0.475851
vn -0.772955 -0.286316 -0.566184
vn -0.860877 -0.273883 -0.428812
vn -0.786866 -0.124688 -0.604397
vn -0.772955 -0.286316 -0.566184
vn -0.873136 -0.105827 -0.475851
vn -0.786866 -0.124688 -0.604397
vn -0.638515 -0.318317 -0.700695
vn -0.772955 -0.286316 -0.566184
vn -0.65658 -0.165239 -0.735934
vn -0.638515 -0.318317 -0.700695
vn -0.786866 -0.124688 -0.604397
vn -0.65658 -0.165239 -0.735934
vn -0.47863 -0.365566 -0.798295
vn -0.638515 -0.318317 -0.700695
vn -0.495349 -0.205863 -0.843949
vn -0.47863 -0.365566 -0.798295
vn -0.65658 -0.165239 -0.735934
vn -0.495349 -0.205863 -0.843949
vn -0.317201 -0.409332 -0.855471
vn -0.47863 -0.365566 -0.798295
vn -0.320632 -0.230931 -0.918622
vn -0.317201 -0.409332 -0.855471
vn -0.495349 -0.205863 -0.843949
vn -0.320632 -0.230931 -0.918622
vn -0.148109 -0.441482 -0.884962
vn -0.317201 -0.409332 -0.855471
vn -0.134696 -0.240989 -0.961135
vn -0.148109 -0.441482 -0.884962
vn -0.320632 -0.230931 -0.918622
vn -0.134696 -0.240989 -0.961135
vn 0.056096 -0.453027 -0.88973
vn -0.148109 -0.441482 -0.884962
vn 0.076402 -0.252244 -0.964643
vn 0.056096 -0.453027 -0.88973
vn -0.134696 -0.240989 -0.961135
vn 0.076402 -0.252244 -0.964643
vn 0.257401 -0.44692 -0.856742
vn 0.056096 -0.453027 -0.88973
vn 0.274926 -0.265464 -0.924091
vn 0.257401 -0.44692 -0.856742
vn 0.076402 -0.252244 -0.964643
vn 0.274926 -0.265464 -0.924091
vn 0.419525 -0.434922 -0.796769
vn 0.257401 -0.44692 -0.856742
vn 0.453405 -0.262687 -0.851715
vn 0.419525 -0.434922 -0.796769
vn 0.274926 -0.265464 -0.924091
vn 0.453405 -0.262687 -0.851715
vn 0.576294 -0.406917 -0.708734
vn 0.419525 -0.434922 -0.796769
vn 0.612347 -0.252398 -0.749217
vn 0.576294 -0.406917 -0.708734
vn 0.453405 -0.262687 -0.851715
vn 0.612347 -0.252398 -0.749217
vn 0.721784 -0.380618 -0.578064
vn 0.576294 -0.406917 -0.708734
vn 0.757575 -0.229494 -0.611075
vn 0.721784 -0.380618 -0.578064
vn 0.612347 -0.252398 -0.749217
vn 0.757575 -0.229494 -0.611075
vn 0.830446 -0.363795 -0.421915
vn 0.721784 -0.380618 -0.578064
vn 0.866985 -0.2014 -0.455824
vn 0.830446 -0.363795 -0.421915
vn 0.757575 -0.229494 -0.611075
vn 0.866985 -0.2014 -0.455824
vn 0.894526 -0.355876 -0.27051
vn 0.830446 -0.363795 -0.421915
vn 0.932748 -0.1845 -0.309745
vn 0.894526 -0.355876 -0.27051
vn 0.866985 -0.2014 -0.455824
vn 0.932748 -0.1845 -0.309745
vn 0.926157 -0.354972 -0.127386
vn 0.894526 -0.355876 -0.27051
vn 0.965161 -0.194917 -0.17456
vn 0.926157 -0.354972 -0.127386
vn 0.932748 -0.1845 -0.309745
vn 0.965161 -0.194917 -0.17456
vn 0.945564 -0.324653 0.022552
vn 0.926157 -0.354972 -0.127386
vn 0.984967 -0.172484 -0.009485
vn 0.945564 -0.324653 0.022552
vn 0.965161 -0.194917 -0.17456
vn -0.947018 -0.290809 -0.136331
vn -0.868295 -0.444101 -0.220993
vn -0.888615 -0.447376 -0.101083
vn -0.917173 -0.275367 -0.28804
vn -0.868295 -0.444101 -0.220993
vn -0.947018 -0.290809 -0.136331
vn -0.917173 -0.275367 -0.28804
vn -0.814538 -0.456427 -0.358052
vn -0.868295 -0.444101 -0.220993
vn -0.860877 -0.273883 -0.428812
vn -0.814538 -0.456427 -0.358052
vn -0.917173 -0.275367 -0.28804
vn -0.860877 -0.273883 -0.428812
vn -0.737501 -0.437347 -0.514607
vn -0.814538 -0.456427 -0.358052
vn -0.772955 -0.286316 -0.566184
vn -0.737501 -0.437347 -0.514607
vn -0.860877 -0.273883 -0.428812
vn -0.772955 -0.286316 -0.566184
vn -0.599043 -0.454153 -0.659463
vn -0.737501 -0.437347 -0.514607
vn -0.638515 -0.318317 -0.700695
vn -0.599043 -0.454153 -0.659463
vn -0.772955 -0.286316 -0.566184
vn -0.638515 -0.318317 -0.700695
vn -0.434517 -0.510851 -0.741773
vn -0.599043 -0.454153 -0.659463
vn -0.47863 -0.365566 -0.798295
vn -0.434517 -0.510851 -0.741773
vn -0.638515 -0.318317 -0.700695
vn -0.47863 -0.365566 -0.798295
vn -0.289653 -0.56613 -0.771749
vn -0.434517 -0.510851 -0.741773
vn -0.317201 -0.409332 -0.855471
vn -0.289653 -0.56613 -0.771749
vn -0.47863 -0.365566 -0.798295
vn -0.317201 -0.409332 -0.855471
vn -0.132572 -0.598311 -0.79022
vn -0.289653 -0.56613 -0.771749
vn -0.148109 -0.441482 -0.884962
vn -0.132572 -0.598311 -0.79022
vn -0.317201 -0.409332 -0.855471
vn -0.148109 -0.441482 -0.884962
vn 0.032822 -0.621983 -0.782342
vn -0.132572 -0.598311 -0.79022
vn 0.056096 -0.453027 -0.88973
vn 0.032822 -0.621983 -0.782342
vn -0.148109 -0.441482 -0.884962
vn 0.056096 -0.453027 -0.88973
vn 0.210545 -0.620743 -0.755215
vn 0.032822 -0.621983 -0.782342
vn 0.257401 -0.44692 -0.856742
vn 0.210545 -0.620743 -0.755215
vn 0.056096 -0.453027 -0.88973
vn 0.257401 -0.44692 -0.856742
vn 0.356956 -0.594813 -0.720264
vn 0.210545 -0.620743 -0.755215
vn 0.419525 -0.434922 -0.796769
vn 0.356956 -0.594813 -0.720264
vn 0.257401 -0.44692 -0.856742
vn 0.419525 -0.434922 -0.796769
vn 0.511 -0.546425 -0.66355
vn 0.356956 -0.594813 -0.720264
vn 0.576294 -0.406917 -0.708734
vn 0.511 -0.546425 -0.66355
vn 0.419525 -0.434922 -0.796769
vn 0.576294 -0.406917 -0.708734
vn 0.668747 -0.511718 -0.539373
vn 0.511 -0.546425 -0.66355
vn 0.721784 -0.380618 -0.578064
vn 0.668747 -0.511718 -0.539373
vn 0.576294 -0.406917 -0.708734
vn 0.721784 -0.380618 -0.578064
vn 0.770922 -0.512351 -0.378386
vn 0.668747 -0.511718 -0.539373
vn 0.830446 -0.363795 -0.421915
vn 0.770922 -0.512351 -0.378386
vn 0.721784 -0.380618 -0.578064
vn 0.830446 -0.363795 -0.421915
vn 0.828352 -0.502997 -0.246632
vn 0.770922 -0.512351 -0.378386
vn 0.894526 -0.355876 -0.27051
vn 0.828352 -0.502997 -0.246632
vn 0.830446 -0.363795 -0.421915
vn 0.894526 -0.355876 -0.27051
vn 0.843932 -0.524555 -0.112346
vn 0.828352 -0.502997 -0.246632
vn 0.926157 -0.354972 -0.127386
vn 0.843932 -0.524555 -0.112346
vn 0.894526 -0.355876 -0.27051
vn 0.926157 -0.354972 -0.127386
vn 0.864681 -0.501251 0.032774
vn 0.843932 -0.524555 -0.112346
vn 0.945564 -0.324653 0.022552
vn 0.864681 -0.501251 0.032774
vn 0.926157 -0.354972 -0.127386
vn -0.868295 -0.444101 -0.220993
vn -0.79307 -0.602847 -0.087262
vn -0.888615 -0.447376 -0.101083
vn -0.76578 -0.610726 -0.201479
vn -0.79307 -0.602847 -0.087262
vn -0.868295 -0.444101 -0.220993
vn -0.76578 -0.610726 -0.201479
vn -0.663781 -0.745558 -0.059477
vn -0.79307 -0.602847 -0.087262
vn -0.636249 -0.752777 -0.168861
vn -0.663781 -0.745558 -0.059477
vn -0.76578 -0.610726 -0.201479
vn -0.636249 -0.752777 -0.168861
vn -0.515536 -0.85588 -0.041133
vn -0.663781 -0.745558 -0.059477
vn -0.483522 -0.861229 -0.156499
vn -0.515536 -0.85588 -0.041133
vn -0.636249 -0.752777 -0.168861
vn -0.483522 -0.861229 -0.156499
vn -0.364506 -0.930798 -0.027401
vn -0.515536 -0.85588 -0.041133
vn -0.332284 -0.929796 -0.158323
vn -0.364506 -0.930798 -0.027401
vn -0.483522 -0.861229 -0.156499
vn -0.332284 -0.929796 -0.158323
vn -0.206878 -0.978266 -0.014011
vn -0.364506 -0.930798 -0.027401
vn -0.184222 -0.969632 -0.160858
vn -0.206878 -0.978266 -0.014011
vn -0.332284 -0.929796 -0.158323
vn -0.184222 -0.969632 -0.160858
vn -0.048662 -0.998796 0.006285
vn -0.206878 -0.978266 -0.014011
vn -0.033313 -0.988575 -0.147003
vn -0.048662 -0.998796 0.006285
vn -0.184222 -0.969632 -0.160858
vn -0.033313 -0.988575 -0.147003
vn 0.124217 -0.992175 0.012612
vn -0.048662 -0.998796 0.006285
vn 0.130499 -0.98201 -0.13648
vn 0.124217 -0.992175 0.012612
vn -0.033313 -0.988575 -0.147003
vn 0.130499 -0.98201 -0.13648
vn 0.277797 -0.960283 0.026185
vn 0.124217 -0.992175 0.012612
vn 0.270404 -0.956314 -0.111113
vn 0.277797 -0.960283 0.026185
vn 0.130499 -0.98201 -0.13648
vn 0.270404 -0.956314 -0.111113
vn 0.435782 -0.89917 0.039837
vn 0.277797 -0.960283 0.026185
vn 0.422375 -0.902791 -0.081041
vn 0.435782 -0.89917 0.039837
vn 0.270404 -0.956314 -0.111113
vn 0.422375 -0.902791 -0.081041
vn 0.591691 -0.804569 0.050709
vn 0.435782 -0.89917 0.039837
vn 0.580524 -0.811981 -0.060651
vn 0.591691 -0.804569 0.050709
vn 0.422375 -0.902791 -0.081041
vn 0.580524 -0.811981 -0.060651
vn 0.739318 -0.671435 0.050833
vn 0.591691 -0.804569 0.050709
vn 0.730847 -0.679376 -0.065663
vn 0.739318 -0.671435 0.050833
vn 0.580524 -0.811981 -0.060651
vn 0.730847 -0.679376 -0.065663
vn 0.864681 -0.501251 0.032774
vn 0.739318 -0.671435 0.050833
vn 0.843932 -0.524555 -0.112346
vn 0.864681 -0.501251 0.032774
vn 0.730847 -0.679376 -0.065663
vn -0.814538 -0.456427 -0.358052
vn -0.76578 -0.610726 -0.201479
vn -0.868295 -0.444101 -0.220993
vn -0.712166 -0.632286 -0.305016
vn -0.76578 -0.610726 -0.201479
vn -0.814538 -0.456427 -0.358052
vn -0.712166 -0.632286 -0.305016
vn -0.636249 -0.752777 -0.168861
vn -0.76578 -0.610726 -0.201479
vn -0.587749 -0.766334 -0.259392
vn -0.636249 -0.752777 -0.168861
vn -0.712166 -0.632286 -0.305016
vn -0.587749 -0.766334 -0.259392
vn -0.483522 -0.861229 -0.156499
vn -0.636249 -0.752777 -0.168861
vn -0.434004 -0.859925 -0.268644
vn -0.483522 -0.861229 -0.156499
vn -0.587749 -0.766334 -0.259392
vn -0.434004 -0.859925 -0.268644
vn -0.332284 -0.929796 -0.158323
vn -0.483522 -0.861229 -0.156499
vn -0.281628 -0.915204 -0.28825
vn -0.332284 -0.929796 -0.158323
vn -0.434004 -0.859925 -0.268644
vn -0.281628 -0.915204 -0.28825
vn -0.184222 -0.969632 -0.160858
vn -0.332284 -0.929796 -0.158323
vn -0.151093 -0.941651 -0.300774
vn -0.184222 -0.969632 -0.160858
vn -0.281628 -0.915204 -0.28825
vn -0.151093 -0.941651 -0.300774
vn -0.033313 -0.988575 -0.147003
vn -0.184222 -0.969632 -0.160858
vn -0.017578 -0.956075 -0.292596
vn -0.033313 -0.988575 -0.147003
vn -0.151093 -0.941651 -0.300774
vn -0.017578 -0.956075 -0.292596
vn 0.130499 -0.98201 -0.13648
vn -0.033313 -0.988575 -0.147003
vn 0.124827 -0.952522 -0.277704
vn 0.130499 -0.98201 -0.13648
vn -0.017578 -0.956075 -0.292596
vn 0.124827 -0.952522 -0.277704
vn 0.270404 -0.956314 -0.111113
vn 0.130499 -0.98201 -0.13648
vn 0.246271 -0.938516 -0.241948
vn 0.270404 -0.956314 -0.111113
vn 0.124827 -0.952522 -0.277704
vn 0.246271 -0.938516 -0.241948
vn 0.422375 -0.902791 -0.081041
vn 0.270404 -0.956314 -0.111113
vn 0.393385 -0.897824 -0.197886
vn 0.422375 -0.902791 -0.081041
vn 0.246271 -0.938516 -0.241948
vn 0.393385 -0.897824 -0.197886
vn 0.580524 -0.811981 -0.060651
vn 0.422375 -0.902791 -0.081041
vn 0.572629 -0.800283 -0.177887
vn 0.580524 -0.811981 -0.060651
vn 0.393385 -0.897824 -0.197886
vn 0.572629 -0.800283 -0.177887
vn 0.730847 -0.679376 -0.065663
vn 0.580524 -0.811981 -0.060651
vn 0.735893 -0.649089 -0.192728
vn 0.730847 -0.679376 -0.065663
vn 0.572629 -0.800283 -0.177887
vn 0.735893 -0.649089 -0.192728
vn 0.843932 -0.524555 -0.112346
vn 0.730847 -0.679376 -0.065663
vn 0.828352 -0.502997 -0.246632
vn 0.843932 -0.524555 -0.112346
vn 0.735893 -0.649089 -0.192728
vn -0.814538 -0.456427 -0.358052
vn -0.67353 -0.589099 -0.446452
vn -0.712166 -0.632286 -0.305016
vn -0.737501 -0.437347 -0.514607
vn -0.67353 -0.589099 -0.446452
vn -0.814538 -0.456427 -0.358052
vn -0.737501 -0.437347 -0.514607
vn -0.53204 -0.587333 -0.609896
vn -0.67353 -0.589099 -0.446452
vn -0.599043 -0.454153 -0.659463
vn -0.53204 -0.587333 -0.609896
vn -0.737501 -0.437347 -0.514607
vn -0.599043 -0.454153 -0.659463
vn -0.370396 -0.645833 -0.667613
vn -0.53204 -0.587333 -0.609896
vn -0.434517 -0.510851 -0.741773
vn -0.370396 -0.645833 -0.667613
vn -0.599043 -0.454153 -0.659463
vn -0.434517 -0.510851 -0.741773
vn -0.251095 -0.70591 -0.662301
vn -0.370396 -0.645833 -0.667613
vn -0.289653 -0.56613 -0.771749
vn -0.251095 -0.70591 -0.662301
vn -0.434517 -0.510851 -0.741773
vn -0.289653 -0.56613 -0.771749
vn -0.129455 -0.738911 -0.66125
vn -0.251095 -0.70591 -0.662301
vn -0.132572 -0.598311 -0.79022
vn -0.129455 -0.738911 -0.66125
vn -0.289653 -0.56613 -0.771749
vn -0.132572 -0.598311 -0.79022
vn 0.023355 -0.750194 -0.660805
vn -0.129455 -0.738911 -0.66125
vn 0.032822 -0.621983 -0.782342
vn 0.023355 -0.750194 -0.660805
vn -0.132572 -0.598311 -0.79022
vn 0.032822 -0.621983 -0.782342
vn 0.166625 -0.75101 -0.638921
vn 0.023355 -0.750194 -0.660805
vn 0.210545 -0.620743 -0.755215
vn 0.166625 -0.75101 -0.638921
vn 0.032822 -0.621983 -0.782342
vn 0.210545 -0.620743 -0.755215
vn 0.286965 -0.731254 -0.618804
vn 0.166625 -0.75101 -0.638921
vn 0.356956 -0.594813 -0.720264
vn 0.286965 -0.731254 -0.618804
vn 0.210545 -0.620743 -0.755215
vn 0.356956 -0.594813 -0.720264
vn 0.415968 -0.684295 -0.598925
vn 0.286965 -0.731254 -0.618804
vn 0.511 -0.546425 -0.66355
vn 0.415968 -0.684295 -0.598925
vn 0.356956 -0.594813 -0.720264
vn 0.511 -0.546425 -0.66355
vn 0.586825 -0.64443 -0.490251
vn 0.415968 -0.684295 -0.598925
vn 0.668747 -0.511718 -0.539373
vn 0.586825 -0.64443 -0.490251
vn 0.511 -0.546425 -0.66355
vn 0.668747 -0.511718 -0.539373
vn 0.680192 -0.655017 -0.329077
vn 0.586825 -0.64443 -0.490251
vn 0.770922 -0.512351 -0.378386
vn 0.680192 -0.655017 -0.329077
vn 0.668747 -0.511718 -0.539373
vn 0.770922 -0.512351 -0.378386
vn 0.735893 -0.649089 -0.192728
vn 0.680192 -0.655017 -0.329077
vn 0.828352 -0.502997 -0.246632
vn 0.735893 -0.649089 -0.192728
vn 0.770922 -0.512351 -0.378386
vn -0.712166 -0.632286 -0.305016
vn -0.554739 -0.746743 -0.366933
vn -0.587749 -0.766334 -0.259392
vn -0.67353 -0.589099 -0.446452
vn -0.554739 -0.746743 -0.366933
vn -0.712166 -0.632286 -0.305016
vn -0.67353 -0.589099 -0.446452
vn -0.477097 -0.716853 -0.508429
vn -0.554739 -0.746743 -0.366933
vn -0.53204 -0.587333 -0.609896
vn -0.477097 -0.716853 -0.508429
vn -0.67353 -0.589099 -0.446452
vn -0.53204 -0.587333 -0.609896
vn -0.323557 -0.765867 -0.555661
vn -0.477097 -0.716853 -0.508429
vn -0.370396 -0.645833 -0.667613
vn -0.323557 -0.765867 -0.555661
vn -0.53204 -0.587333 -0.609896
vn -0.370396 -0.645833 -0.667613
vn -0.216535 -0.811926 -0.542116
vn -0.323557 -0.765867 -0.555661
vn -0.251095 -0.70591 -0.662301
vn -0.216535 -0.811926 -0.542116
vn -0.370396 -0.645833 -0.667613
vn -0.251095 -0.70591 -0.662301
vn -0.127771 -0.843077 -0.522394
vn -0.216535 -0.811926 -0.542116
vn -0.129455 -0.738911 -0.66125
vn -0.127771 -0.843077 -0.522394
vn -0.251095 -0.70591 -0.662301
vn -0.129455 -0.738911 -0.66125
vn 0.006216 -0.856736 -0.515719
vn -0.127771 -0.843077 -0.522394
vn 0.023355 -0.750194 -0.660805
vn 0.006216 -0.856736 -0.515719
vn -0.129455 -0.738911 -0.66125
vn 0.023355 -0.750194 -0.660805
vn 0.130379 -0.854956 -0.502047
vn 0.006216 -0.856736 -0.515719
vn 0.166625 -0.75101 -0.638921
vn 0.130379 -0.854956 -0.502047
vn 0.023355 -0.750194 -0.660805
vn 0.166625 -0.75101 -0.638921
vn 0.236248 -0.838685 -0.490707
vn 0.130379 -0.854956 -0.502047
vn 0.286965 -0.731254 -0.618804
vn 0.236248 -0.838685 -0.490707
vn 0.166625 -0.75101 -0.638921
vn 0.286965 -0.731254 -0.618804
vn 0.343783 -0.81526 -0.466009
vn 0.236248 -0.838685 -0.490707
vn 0.415968 -0.684295 -0.598925
vn 0.343783 -0.81526 -0.466009
vn 0.286965 -0.731254 -0.618804
vn 0.415968 -0.684295 -0.598925
vn 0.474408 -0.75687 -0.449539
vn 0.343783 -0.81526 -0.466009
vn 0.586825 -0.64443 -0.490251
vn 0.474408 -0.75687 -0.449539
vn 0.415968 -0.684295 -0.598925
vn 0.586825 -0.64443 -0.490251
vn 0.521666 -0.792533 -0.315841
vn 0.474408 -0.75687 -0.449539
vn 0.680192 -0.655017 -0.329077
vn 0.521666 -0.792533 -0.315841
vn 0.586825 -0.64443 -0.490251
vn 0.680192 -0.655017 -0.329077
vn 0.572629 -0.800283 -0.177887
vn 0.521666 -0.792533 -0.315841
vn 0.735893 -0.649089 -0.192728
vn 0.572629 -0.800283 -0.177887
vn 0.680192 -0.655017 -0.329077
vn -0.477097 -0.716853 -0.508429
vn -0.368184 -0.844834 -0.388196
vn -0.554739 -0.746743 -0.366933
vn -0.323557 -0.765867 -0.555661
vn -0.368184 -0.844834 -0.388196
vn -0.477097 -0.716853 -0.508429
vn -0.323557 -0.765867 -0.555661
vn -0.229603 -0.880852 -0.413983
vn -0.368184 -0.844834 -0.388196
vn -0.216535 -0.811926 -0.542116
vn -0.229603 -0.880852 -0.413983
vn -0.323557 -0.765867 -0.555661
vn -0.216535 -0.811926 -0.542116
vn -0.12745 -0.901484 -0.413622
vn -0.229603 -0.880852 -0.413983
vn -0.127771 -0.843077 -0.522394
vn -0.12745 -0.901484 -0.413622
vn -0.216535 -0.811926 -0.542116
vn -0.127771 -0.843077 -0.522394
vn -0.00526 -0.915635 -0.401977
vn -0.12745 -0.901484 -0.413622
vn 0.006216 -0.856736 -0.515719
vn -0.00526 -0.915635 -0.401977
vn -0.127771 -0.843077 -0.522394
vn 0.006216 -0.856736 -0.515719
vn 0.11429 -0.915829 -0.384961
vn -0.00526 -0.915635 -0.401977
vn 0.130379 -0.854956 -0.502047
vn 0.11429 -0.915829 -0.384961
vn 0.006216 -0.856736 -0.515719
vn 0.130379 -0.854956 -0.502047
vn 0.22601 -0.90388 -0.363209
vn 0.11429 -0.915829 -0.384961
vn 0.236248 -0.838685 -0.490707
vn 0.22601 -0.90388 -0.363209
vn 0.130379 -0.854956 -0.502047
vn 0.236248 -0.838685 -0.490707
vn 0.357169 -0.876064 -0.323947
vn 0.22601 -0.90388 -0.363209
vn 0.343783 -0.81526 -0.466009
vn 0.357169 -0.876064 -0.323947
vn 0.236248 -0.838685 -0.490707
vn 0.343783 -0.81526 -0.466009
vn 0.521666 -0.792533 -0.315841
vn 0.357169 -0.876064 -0.323947
vn 0.474408 -0.75687 -0.449539
vn 0.521666 -0.792533 -0.315841
vn 0.343783 -0.81526 -0.466009
vn -0.554739 -0.746743 -0.366933
vn -0.434004 -0.859925 -0.268644
vn -0.587749 -0.766334 -0.259392
vn -0.368184 -0.844834 -0.388196
vn -0.434004 -0.859925 -0.268644
vn -0.554739 -0.746743 -0.366933
vn -0.368184 -0.844834 -0.388196
vn -0.281628 -0.915204 -0.28825
vn -0.434004 -0.859925 -0.268644
vn -0.229603 -0.880852 -0.413983
vn -0.281628 -0.915204 -0.28825
vn -0.368184 -0.844834 -0.388196
vn -0.229603 -0.880852 -0.413983
vn -0.151093 -0.941651 -0.300774
vn -0.281628 -0.915204 -0.28825
vn -0.12745 -0.901484 -0.413622
vn -0.151093 -0.941651 -0.300774
vn -0.229603 -0.880852 -0.413983
vn -0.12745 -0.901484 -0.413622
vn -0.017578 -0.956075 -0.292596
vn -0.151093 -0.941651 -0.300774
vn -0.00526 -0.915635 -0.401977
vn -0.017578 -0.956075 -0.292596
vn -0.12745 -0.901484 -0.413622
vn -0.00526 -0.915635 -0.401977
vn 0.124827 -0.952522 -0.277704
vn -0.017578 -0.956075 -0.292596
vn 0.11429 -0.915829 -0.384961
vn 0.124827 -0.952522 -0.277704
vn -0.00526 -0.915635 -0.401977
vn 0.11429 -0.915829 -0.384961
vn 0.246271 -0.938516 -0.241948
vn 0.124827 -0.952522 -0.277704
vn 0.22601 -0.90388 -0.363209
vn 0.246271 -0.938516 -0.241948
vn 0.11429 -0.915829 -0.384961
vn 0.22601 -0.90388 -0.363209
vn 0.393385 -0.897824 -0.197886
vn 0.246271 -0.938516 -0.241948
vn 0.357169 -0.876064 -0.323947
vn 0.393385 -0.897824 -0.197886
vn 0.22601 -0.90388 -0.363209
vn 0.357169 -0.876064 -0.323947
vn 0.572629 -0.800283 -0.177887
vn 0.393385 -0.897824 -0.197886
vn 0.521666 -0.792533 -0.315841
vn 0.572629 -0.800283 -0.177887
vn 0.357169 -0.876064 -0.323947
vn -0.138338 0.980594 -0.138915
vn -0.204305 0.940953 -0.26994
vn -0.193688 0.973224 -0.123776
vn -0.125522 0.947131 -0.295274
vn -0.204305 0.940953 -0.26994
vn -0.138338 0.980594 -0.138915
vn -0.125522 0.947131 -0.295274
vn -0.227884 0.879404 -0.417993
vn -0.204305 0.940953 -0.26994
vn -0.143478 0.887238 -0.438432
vn -0.227884 0.879404 -0.417993
vn -0.125522 0.947131 -0.295274
vn -0.143478 0.887238 -0.438432
vn -0.284995 0.790101 -0.542696
vn -0.227884 0.879404 -0.417993
vn -0.17977 0.807262 -0.562149
vn -0.284995 0.790101 -0.542696
vn -0.143478 0.887238 -0.438432
vn -0.17977 0.807262 -0.562149
vn -0.390506 0.687452 -0.612303
vn -0.284995 0.790101 -0.542696
vn -0.206629 0.728596 -0.653033
vn -0.390506 0.687452 -0.612303
vn -0.17977 0.807262 -0.562149
vn -0.206629 0.728596 -0.653033
vn -0.354397 0.614127 -0.70516
vn -0.390506 0.687452 -0.612303
vn -0.200427 0.627746 -0.752173
vn -0.354397 0.614127 -0.70516
vn -0.206629 0.728596 -0.653033
vn -0.200427 0.627746 -0.752173
vn -0.330233 0.442461 -0.833771
vn -0.354397 0.614127 -0.70516
vn -0.192509 0.462677 -0.865373
vn -0.330233 0.442461 -0.833771
vn -0.200427 0.627746 -0.752173
vn -0.192509 0.462677 -0.865373
vn -0.385946 0.259161 -0.885371
vn -0.330233 0.442461 -0.833771
vn -0.226281 0.280225 -0.932883
vn -0.385946 0.259161 -0.885371
vn -0.192509 0.462677 -0.865373
vn -0.226281 0.280225 -0.932883
vn -0.415946 0.115199 -0.902063
vn -0.385946 0.259161 -0.885371
vn -0.240523 0.125964 -0.962435
vn -0.415946 0.115199 -0.902063
vn -0.226281 0.280225 -0.932883
vn -0.240523 0.125964 -0.962435
vn -0.082546 0.291527 -0.952994
vn -0.069287 0.129253 -0.989188
vn -0.226281 0.280225 -0.932883
vn -0.082546 0.291527 -0.952994
vn -0.240523 0.125964 -0.962435
vn -0.226281 0.280225 -0.932883
vn -0.064774 0.467759 -0.881479
vn -0.082546 0.291527 -0.952994
vn -0.192509 0.462677 -0.865373
vn -0.064774 0.467759 -0.881479
vn -0.226281 0.280225 -0.932883
vn -0.192509 0.462677 -0.865373
vn -0.066607 0.627486 -0.775774
vn -0.064774 0.467759 -0.881479
vn -0.200427 0.627746 -0.752173
vn -0.066607 0.627486 -0.775774
vn -0.192509 0.462677 -0.865373
vn -0.200427 0.627746 -0.752173
vn -0.067251 0.739662 -0.669609
vn -0.066607 0.627486 -0.775774
vn -0.206629 0.728596 -0.653033
vn -0.067251 0.739662 -0.669609
vn -0.200427 0.627746 -0.752173
vn -0.206629 0.728596 -0.653033
vn -0.047695 0.819206 -0.571512
vn -0.067251 0.739662 -0.669609
vn -0.17977 0.807262 -0.562149
vn -0.047695 0.819206 -0.571512
vn -0.206629 0.728596 -0.653033
vn -0.17977 0.807262 -0.562149
vn -0.031044 0.893201 -0.448585
vn -0.047695 0.819206 -0.571512
vn -0.143478 0.887238 -0.438432
vn -0.031044 0.893201 -0.448585
vn -0.17977 0.807262 -0.562149
vn -0.143478 0.887238 -0.438432
vn -0.028891 0.949713 -0.311786
vn -0.031044 0.893201 -0.448585
vn -0.125522 0.947131 -0.295274
vn -0.028891 0.949713 -0.311786
vn -0.143478 0.887238 -0.438432
vn -0.125522 0.947131 -0.295274
vn -0.051249 0.985224 -0.163426
vn -0.028891 0.949713 -0.311786
vn -0.138338 0.980594 -0.138915
vn -0.051249 0.985224 -0.163426
vn -0.125522 0.947131 -0.295274
vn -0.069287 0.129253 -0.989188
vn 0.096696 0.254089 -0.962335
vn 0.115108 0.105384 -0.987747
vn -0.082546 0.291527 -0.952994
vn 0.096696 0.254089 -0.962335
vn -0.069287 0.129253 -0.989188
vn -0.082546 0.291527 -0.952994
vn 0.112556 0.453681 -0.884028
vn 0.096696 0.254089 -0.962335
vn -0.064774 0.467759 -0.881479
vn 0.112556 0.453681 -0.884028
vn -0.082546 0.291527 -0.952994
vn -0.064774 0.467759 -0.881479
vn 0.096874 0.623682 -0.775652
vn 0.112556 0.453681 -0.884028
vn -0.066607 0.627486 -0.775774
vn 0.096874 0.623682 -0.775652
vn -0.064774 0.467759 -0.881479
vn -0.066607 0.627486 -0.775774
vn 0.090229 0.73847 -0.668222
vn 0.096874 0.623682 -0.775652
vn -0.067251 0.739662 -0.669609
vn 0.090229 0.73847 -0.668222
vn -0.066607 0.627486 -0.775774
vn -0.067251 0.739662 -0.669609
vn 0.0816 0.822789 -0.562459
vn 0.090229 0.73847 -0.668222
vn -0.047695 0.819206 -0.571512
vn 0.0816 0.822789 -0.562459
vn -0.067251 0.739662 -0.669609
vn -0.047695 0.819206 -0.571512
vn 0.068278 0.885915 -0.458795
vn 0.0816 0.822789 -0.562459
vn -0.031044 0.893201 -0.448585
vn 0.068278 0.885915 -0.458795
vn -0.047695 0.819206 -0.571512
vn -0.031044 0.893201 -0.448585
vn 0.073525 0.939632 -0.334194
vn 0.068278 0.885915 -0.458795
vn -0.028891 0.949713 -0.311786
vn 0.073525 0.939632 -0.334194
vn -0.031044 0.893201 -0.448585
vn -0.028891 0.949713 -0.311786
vn 0.054285 0.98182 -0.181884
vn 0.073525 0.939632 -0.334194
vn -0.051249 0.985224 -0.163426
vn 0.054285 0.98182 -0.181884
vn -0.028891 0.949713 -0.311786
vn -0.390506 0.687452 -0.612303
vn -0.558409 0.527004 -0.64066
vn -0.598291 0.549038 -0.583614
vn -0.354397 0.614127 -0.70516
vn -0.558409 0.527004 -0.64066
vn -0.390506 0.687452 -0.612303
vn -0.354397 0.614127 -0.70516
vn -0.49869 0.43074 -0.752178
vn -0.558409 0.527004 -0.64066
vn -0.330233 0.442461 -0.833771
vn -0.49869 0.43074 -0.752178
vn -0.354397 0.614127 -0.70516
vn -0.330233 0.442461 -0.833771
vn -0.564338 0.249207 -0.787032
vn -0.49869 0.43074 -0.752178
vn -0.385946 0.259161 -0.885371
vn -0.564338 0.249207 -0.787032
vn -0.330233 0.442461 -0.833771
vn -0.385946 0.259161 -0.885371
vn -0.598935 0.11642 -0.79229
vn -0.564338 0.249207 -0.787032
vn -0.415946 0.115199 -0.902063
vn -0.598935 0.11642 -0.79229
vn -0.385946 0.259161 -0.885371
vn -0.746363 0.168145 -0.643948
vn -0.564338 0.249207 -0.787032
vn -0.598935 0.11642 -0.79229
vn -0.705712 0.330756 -0.626555
vn -0.564338 0.249207 -0.787032
vn -0.746363 0.168145 -0.643948
vn -0.705712 0.330756 -0.626555
vn -0.49869 0.43074 -0.752178
vn -0.564338 0.249207 -0.787032
vn -0.558409 0.527004 -0.64066
vn -0.49869 0.43074 -0.752178
vn -0.705712 0.330756 -0.626555
vn -0.558409 0.527004 -0.64066
vn -0.735555 0.392004 -0.552533
vn -0.598291 0.549038 -0.583614
vn -0.705712 0.330756 -0.626555
vn -0.735555 0.392004 -0.552533
vn -0.558409 0.527004 -0.64066
vn -0.705712 0.330756 -0.626555
vn -0.825432 0.238237 -0.511767
vn -0.735555 0.392004 -0.552533
vn -0.746363 0.168145 -0.643948
vn -0.825432 0.238237 -0.511767
vn -0.705712 0.330756 -0.626555
vn -0.916461 0.040312 -0.398087
vn -0.957105 0.256399 -0.134943
vn -0.982652 -0.034643 -0.182197
vn -0.924211 0.2767 -0.263195
vn -0.957105 0.256399 -0.134943
vn -0.916461 0.040312 -0.398087
vn -0.924211 0.2767 -0.263195
vn -0.9774 0.198769 -0.071979
vn -0.957105 0.256399 -0.134943
vn -0.950762 0.19545 -0.240522
vn -0.9774 0.198769 -0.071979
vn -0.924211 0.2767 -0.263195
vn -0.950762 0.19545 -0.240522
vn -0.993462 0.112334 -0.020349
vn -0.9774 0.198769 -0.071979
vn -0.977537 0.045631 -0.205766
vn -0.993462 0.112334 -0.020349
vn -0.950762 0.19545 -0.240522
vn -0.977537 0.045631 -0.205766
vn -0.997497 -0.070694 -0.001424
vn -0.993462 0.112334 -0.020349
vn -0.976492 -0.133256 -0.169428
vn -0.997497 -0.070694 -0.001424
vn -0.977537 0.045631 -0.205766
vn -0.976492 -0.133256 -0.169428
vn -0.973448 -0.228888 0.003061
vn -0.997497 -0.070694 -0.001424
vn -0.947018 -0.290809 -0.136331
vn -0.973448 -0.228888 0.003061
vn -0.976492 -0.133256 -0.169428
vn -0.947018 -0.290809 -0.136331
vn -0.915224 -0.402746 0.012706
vn -0.973448 -0.228888 0.003061
vn -0.888615 -0.447376 -0.101083
vn -0.915224 -0.402746 0.012706
vn -0.947018 -0.290809 -0.136331
vn -0.888615 -0.447376 -0.101083
vn -0.813116 -0.581187 0.032635
vn -0.915224 -0.402746 0.012706
vn -0.79307 -0.602847 -0.087262
vn -0.813116 -0.581187 0.032635
vn -0.888615 -0.447376 -0.101083
vn -0.79307 -0.602847 -0.087262
vn -0.681849 -0.729146 0.058548
vn -0.813116 -0.581187 0.032635
vn -0.663781 -0.745558 -0.059477
vn -0.681849 -0.729146 0.058548
vn -0.79307 -0.602847 -0.087262
vn -0.663781 -0.745558 -0.059477
vn -0.535413 -0.840323 0.084791
vn -0.681849 -0.729146 0.058548
vn -0.515536 -0.85588 -0.041133
vn -0.535413 -0.840323 0.084791
vn -0.663781 -0.745558 -0.059477
vn -0.515536 -0.85588 -0.041133
vn -0.38087 -0.918335 0.107697
vn -0.535413 -0.840323 0.084791
vn -0.364506 -0.930798 -0.027401
vn -0.38087 -0.918335 0.107697
vn -0.515536 -0.85588 -0.041133
vn -0.364506 -0.930798 -0.027401
vn -0.219172 -0.967281 0.127793
vn -0.38087 -0.918335 0.107697
vn -0.206878 -0.978266 -0.014011
vn -0.219172 -0.967281 0.127793
vn -0.364506 -0.930798 -0.027401
vn -0.206878 -0.978266 -0.014011
vn -0.061059 -0.987032 0.148454
vn -0.219172 -0.967281 0.127793
vn -0.048662 -0.998796 0.006285
vn -0.061059 -0.987032 0.148454
vn -0.206878 -0.978266 -0.014011
vn -0.048662 -0.998796 0.006285
vn 0.107301 -0.981794 0.156738
vn -0.061059 -0.987032 0.148454
vn 0.124217 -0.992175 0.012612
vn 0.107301 -0.981794 0.156738
vn -0.048662 -0.998796 0.006285
vn 0.124217 -0.992175 0.012612
vn 0.271764 -0.94845 0.163052
vn 0.107301 -0.981794 0.156738
vn 0.277797 -0.960283 0.026185
vn 0.271764 -0.94845 0.163052
vn 0.124217 -0.992175 0.012612
vn 0.277797 -0.960283 0.026185
vn 0.43347 -0.8854 0.167841
vn 0.271764 -0.94845 0.163052
vn 0.435782 -0.89917 0.039837
vn 0.43347 -0.8854 0.167841
vn 0.277797 -0.960283 0.026185
vn 0.435782 -0.89917 0.039837
vn 0.593125 -0.787036 0.169636
vn 0.43347 -0.8854 0.167841
vn 0.591691 -0.804569 0.050709
vn 0.593125 -0.787036 0.169636
vn 0.435782 -0.89917 0.039837
vn 0.591691 -0.804569 0.050709
vn 0.740482 -0.649785 0.171659
vn 0.593125 -0.787036 0.169636
vn 0.739318 -0.671435 0.050833
vn 0.740482 -0.649785 0.171659
vn 0.591691 -0.804569 0.050709
vn 0.739318 -0.671435 0.050833
vn 0.859185 -0.481167 0.174012
vn 0.740482 -0.649785 0.171659
vn 0.864681 -0.501251 0.032774
vn 0.859185 -0.481167 0.174012
vn 0.739318 -0.671435 0.050833
vn 0.864681 -0.501251 0.032774
vn 0.931644 -0.315152 0.180881
vn 0.859185 -0.481167 0.174012
vn 0.945564 -0.324653 0.022552
vn 0.931644 -0.315152 0.180881
vn 0.864681 -0.501251 0.032774
vn 0.945564 -0.324653 0.022552
vn 0.970177 -0.155294 0.186121
vn 0.931644 -0.315152 0.180881
vn 0.984967 -0.172484 -0.009485
vn 0.970177 -0.155294 0.186121
vn 0.945564 -0.324653 0.022552
vn 0.984967 -0.172484 -0.009485
vn 0.985961 0.003412 0.166941
vn 0.970177 -0.155294 0.186121
vn 0.99862 0.016775 -0.049775
vn 0.985961 0.003412 0.166941
vn 0.984967 -0.172484 -0.009485
vn 0.99862 0.016775 -0.049775
vn 0.98825 0.109955 0.106168
vn 0.985961 0.003412 0.166941
vn 0.988724 0.120798 -0.0885
vn 0.98825 0.109955 0.106168
vn 0.99862 0.016775 -0.049775
vn 0.988724 0.120798 -0.0885
vn 0.980187 0.192564 0.046385
vn 0.98825 0.109955 0.106168
vn 0.964974 0.239574 -0.106906
vn 0.980187 0.192564 0.046385
vn 0.988724 0.120798 -0.0885
vn 0.964974 0.239574 -0.106906
vn 0.993851 -0.107833 -0.025139
vn 0.980187 0.192564 0.046385
vn 0.948049 -0.162169 -0.273686
vn 0.993851 -0.107833 -0.025139
vn 0.964974 0.239574 -0.106906
vn -0.982652 -0.034643 -0.182197
vn -0.946561 0.320443 0.036589
vn -0.964348 0.098665 0.245556
vn -0.957105 0.256399 -0.134943
vn -0.946561 0.320443 0.036589
vn -0.982652 -0.034643 -0.182197
vn -0.957105 0.256399 -0.134943
vn -0.968431 0.233816 0.086442
vn -0.946561 0.320443 0.036589
vn -0.9774 0.198769 -0.071979
vn -0.968431 0.233816 0.086442
vn -0.957105 0.256399 -0.134943
vn -0.9774 0.198769 -0.071979
vn -0.970842 0.18644 0.150685
vn -0.968431 0.233816 0.086442
vn -0.993462 0.112334 -0.020349
vn -0.970842 0.18644 0.150685
vn -0.9774 0.198769 -0.071979
vn -0.993462 0.112334 -0.020349
vn -0.986727 0.009348 0.162118
vn -0.970842 0.18644 0.150685
vn -0.997497 -0.070694 -0.001424
vn -0.986727 0.009348 0.162118
vn -0.993462 0.112334 -0.020349
vn -0.997497 -0.070694 -0.001424
vn -0.974577 -0.170345 0.145542
vn -0.986727 0.009348 0.162118
vn -0.973448 -0.228888 0.003061
vn -0.974577 -0.170345 0.145542
vn -0.997497 -0.070694 -0.001424
vn -0.973448 -0.228888 0.003061
vn -0.923998 -0.356892 0.137316
vn -0.974577 -0.170345 0.145542
vn -0.915224 -0.402746 0.012706
vn -0.923998 -0.356892 0.137316
vn -0.973448 -0.228888 0.003061
vn -0.915224 -0.402746 0.012706
vn -0.821787 -0.548776 0.153335
vn -0.923998 -0.356892 0.137316
vn -0.813116 -0.581187 0.032635
vn -0.821787 -0.548776 0.153335
vn -0.915224 -0.402746 0.012706
vn -0.813116 -0.581187 0.032635
vn -0.688885 -0.700807 0.185221
vn -0.821787 -0.548776 0.153335
vn -0.681849 -0.729146 0.058548
vn -0.688885 -0.700807 0.185221
vn -0.813116 -0.581187 0.032635
vn -0.681849 -0.729146 0.058548
vn -0.541895 -0.811395 0.21906
vn -0.688885 -0.700807 0.185221
vn -0.535413 -0.840323 0.084791
vn -0.541895 -0.811395 0.21906
vn -0.681849 -0.729146 0.058548
vn -0.535413 -0.840323 0.084791
vn -0.387406 -0.887598 0.249171
vn -0.541895 -0.811395 0.21906
vn -0.38087 -0.918335 0.107697
vn -0.387406 -0.887598 0.249171
vn -0.535413 -0.840323 0.084791
vn -0.38087 -0.918335 0.107697
vn -0.226439 -0.935402 0.271566
vn -0.387406 -0.887598 0.249171
vn -0.219172 -0.967281 0.127793
vn -0.226439 -0.935402 0.271566
vn -0.38087 -0.918335 0.107697
vn -0.219172 -0.967281 0.127793
vn -0.071192 -0.954442 0.289779
vn -0.226439 -0.935402 0.271566
vn -0.061059 -0.987032 0.148454
vn -0.071192 -0.954442 0.289779
vn -0.219172 -0.967281 0.127793
vn -0.061059 -0.987032 0.148454
vn 0.088807 -0.949843 0.299851
vn -0.071192 -0.954442 0.289779
vn 0.107301 -0.981794 0.156738
vn 0.088807 -0.949843 0.299851
vn -0.061059 -0.987032 0.148454
vn 0.107301 -0.981794 0.156738
vn 0.254656 -0.917868 0.304416
vn 0.088807 -0.949843 0.299851
vn 0.271764 -0.94845 0.163052
vn 0.254656 -0.917868 0.304416
vn 0.107301 -0.981794 0.156738
vn 0.271764 -0.94845 0.163052
vn 0.418614 -0.856651 0.301515
vn 0.254656 -0.917868 0.304416
vn 0.43347 -0.8854 0.167841
vn 0.418614 -0.856651 0.301515
vn 0.271764 -0.94845 0.163052
vn 0.43347 -0.8854 0.167841
vn 0.580758 -0.759106 0.294072
vn 0.418614 -0.856651 0.301515
vn 0.593125 -0.787036 0.169636
vn 0.580758 -0.759106 0.294072
vn 0.43347 -0.8854 0.167841
vn 0.593125 -0.787036 0.169636
vn 0.733493 -0.615002 0.289414
vn 0.580758 -0.759106 0.294072
vn 0.740482 -0.649785 0.171659
vn 0.733493 -0.615002 0.289414
vn 0.593125 -0.787036 0.169636
vn 0.740482 -0.649785 0.171659
vn 0.850849 -0.432507 0.298318
vn 0.733493 -0.615002 0.289414
vn 0.859185 -0.481167 0.174012
vn 0.850849 -0.432507 0.298318
vn 0.740482 -0.649785 0.171659
vn 0.859185 -0.481167 0.174012
vn 0.913172 -0.260965 0.313071
vn 0.850849 -0.432507 0.298318
vn 0.931644 -0.315152 0.180881
vn 0.913172 -0.260965 0.313071
vn 0.859185 -0.481167 0.174012
vn 0.931644 -0.315152 0.180881
vn 0.944301 -0.096234 0.314696
vn 0.913172 -0.260965 0.313071
vn 0.970177 -0.155294 0.186121
vn 0.944301 -0.096234 0.314696
vn 0.931644 -0.315152 0.180881
vn 0.970177 -0.155294 0.186121
vn 0.942504 0.073332 0.326051
vn 0.944301 -0.096234 0.314696
vn 0.985961 0.003412 0.166941
vn 0.942504 0.073332 0.326051
vn 0.970177 -0.155294 0.186121
vn 0.985961 0.003412 0.166941
vn 0.951779 0.150337 0.267422
vn 0.942504 0.073332 0.326051
vn 0.98825 0.109955 0.106168
vn 0.951779 0.150337 0.267422
vn 0.985961 0.003412 0.166941
vn 0.98825 0.109955 0.106168
vn 0.951244 0.229429 0.206149
vn 0.951779 0.150337 0.267422
vn 0.980187 0.192564 0.046385
vn 0.951244 0.229429 0.206149
vn 0.98825 0.109955 0.106168
vn 0.980187 0.192564 0.046385
vn 0.93264 0.059544 0.355861
vn 0.951244 0.229429 0.206149
vn 0.993851 -0.107833 -0.025139
vn 0.93264 0.059544 0.355861
vn 0.980187 0.192564 0.046385
vn -0.964348 0.098665 0.245556
vn -0.902957 0.419128 0.094867
vn -0.863949 0.294908 0.408192
vn -0.946561 0.320443 0.036589
vn -0.902957 0.419128 0.094867
vn -0.964348 0.098665 0.245556
vn -0.946561 0.320443 0.036589
vn -0.927598 0.338334 0.158404
vn -0.902957 0.419128 0.094867
vn -0.968431 0.233816 0.086442
vn -0.927598 0.338334 0.158404
vn -0.946561 0.320443 0.036589
vn -0.968431 0.233816 0.086442
vn -0.92843 0.308361 0.207198
vn -0.927598 0.338334 0.158404
vn -0.970842 0.18644 0.150685
vn -0.92843 0.308361 0.207198
vn -0.968431 0.233816 0.086442
vn -0.970842 0.18644 0.150685
vn -0.912967 0.292248 0.28475
vn -0.92843 0.308361 0.207198
vn -0.947787 0.175708 0.266134
vn -0.912967 0.292248 0.28475
vn -0.970842 0.18644 0.150685
vn -0.947787 0.175708 0.266134
vn -0.877218 0.298219 0.376237
vn -0.912967 0.292248 0.28475
vn -0.903614 0.173425 0.391669
vn -0.877218 0.298219 0.376237
vn -0.947787 0.175708 0.266134
vn -0.903614 0.173425 0.391669
vn -0.807168 0.284951 0.516993
vn -0.877218 0.298219 0.376237
vn -0.827 0.151083 0.541521
vn -0.807168 0.284951 0.516993
vn -0.903614 0.173425 0.391669
vn -0.986727 0.009348 0.162118
vn -0.947787 0.175708 0.266134
vn -0.970842 0.18644 0.150685
vn -0.956316 0.037266 0.289952
vn -0.947787 0.175708 0.266134
vn -0.986727 0.009348 0.162118
vn -0.956316 0.037266 0.289952
vn -0.903614 0.173425 0.391669
vn -0.947787 0.175708 0.266134
vn -0.906116 0.028453 0.422071
vn -0.903614 0.173425 0.391669
vn -0.956316 0.037266 0.289952
vn -0.906116 0.028453 0.422071
vn -0.827 0.151083 0.541521
vn -0.903614 0.173425 0.391669
vn -0.818008 0.024537 0.574683
vn -0.827 0.151083 0.541521
vn -0.906116 0.028453 0.422071
vn -0.986727 0.009348 0.162118
vn -0.950771 -0.101165 0.292917
vn -0.956316 0.037266 0.289952
vn -0.974577 -0.170345 0.145542
vn -0.950771 -0.101165 0.292917
vn -0.986727 0.009348 0.162118
vn -0.974577 -0.170345 0.145542
vn -0.920271 -0.296495 0.255327
vn -0.950771 -0.101165 0.292917
vn -0.923998 -0.356892 0.137316
vn -0.920271 -0.296495 0.255327
vn -0.974577 -0.170345 0.145542
vn -0.923998 -0.356892 0.137316
vn -0.818842 -0.504792 0.273281
vn -0.920271 -0.296495 0.255327
vn -0.821787 -0.548776 0.153335
vn -0.818842 -0.504792 0.273281
vn -0.923998 -0.356892 0.137316
vn -0.821787 -0.548776 0.153335
vn -0.679017 -0.66101 0.319378
vn -0.818842 -0.504792 0.273281
vn -0.688885 -0.700807 0.185221
vn -0.679017 -0.66101 0.319378
vn -0.821787 -0.548776 0.153335
vn -0.688885 -0.700807 0.185221
vn -0.53376 -0.764139 0.362204
vn -0.679017 -0.66101 0.319378
vn -0.541895 -0.811395 0.21906
vn -0.53376 -0.764139 0.362204
vn -0.688885 -0.700807 0.185221
vn -0.541895 -0.811395 0.21906
vn -0.386009 -0.833382 0.395565
vn -0.53376 -0.764139 0.362204
vn -0.387406 -0.887598 0.249171
vn -0.386009 -0.833382 0.395565
vn -0.541895 -0.811395 0.21906
vn -0.387406 -0.887598 0.249171
vn -0.231485 -0.878841 0.417197
vn -0.386009 -0.833382 0.395565
vn -0.226439 -0.935402 0.271566
vn -0.231485 -0.878841 0.417197
vn -0.387406 -0.887598 0.249171
vn -0.226439 -0.935402 0.271566
vn -0.079885 -0.898046 0.432588
vn -0.231485 -0.878841 0.417197
vn -0.071192 -0.954442 0.289779
vn -0.079885 -0.898046 0.432588
vn -0.226439 -0.935402 0.271566
vn -0.071192 -0.954442 0.289779
vn 0.072622 -0.892536 0.44509
vn -0.079885 -0.898046 0.432588
vn 0.088807 -0.949843 0.299851
vn 0.072622 -0.892536 0.44509
vn -0.071192 -0.954442 0.289779
vn 0.088807 -0.949843 0.299851
vn 0.228537 -0.86344 0.449713
vn 0.072622 -0.892536 0.44509
vn 0.254656 -0.917868 0.304416
vn 0.228537 -0.86344 0.449713
vn 0.088807 -0.949843 0.299851
vn 0.254656 -0.917868 0.304416
vn 0.388202 -0.809286 0.440858
vn 0.228537 -0.86344 0.449713
vn 0.418614 -0.856651 0.301515
vn 0.388202 -0.809286 0.440858
vn 0.254656 -0.917868 0.304416
vn 0.418614 -0.856651 0.301515
vn 0.552983 -0.717347 0.42382
vn 0.388202 -0.809286 0.440858
vn 0.580758 -0.759106 0.294072
vn 0.552983 -0.717347 0.42382
vn 0.418614 -0.856651 0.301515
vn 0.580758 -0.759106 0.294072
vn 0.717358 -0.567027 0.404817
vn 0.552983 -0.717347 0.42382
vn 0.733493 -0.615002 0.289414
vn 0.717358 -0.567027 0.404817
vn 0.580758 -0.759106 0.294072
vn 0.733493 -0.615002 0.289414
vn 0.832807 -0.36422 0.416865
vn 0.717358 -0.567027 0.404817
vn 0.850849 -0.432507 0.298318
vn 0.832807 -0.36422 0.416865
vn 0.733493 -0.615002 0.289414
vn 0.850849 -0.432507 0.298318
vn 0.867742 -0.210709 0.450139
vn 0.832807 -0.36422 0.416865
vn 0.913172 -0.260965 0.313071
vn 0.867742 -0.210709 0.450139
vn 0.850849 -0.432507 0.298318
vn 0.913172 -0.260965 0.313071
vn 0.895682 -0.069072 0.439299
vn 0.867742 -0.210709 0.450139
vn 0.944301 -0.096234 0.314696
vn 0.895682 -0.069072 0.439299
vn 0.913172 -0.260965 0.313071
vn 0.944301 -0.096234 0.314696
vn 0.89869 0.090682 0.429107
vn 0.895682 -0.069072 0.439299
vn 0.942504 0.073332 0.326051
vn 0.89869 0.090682 0.429107
vn 0.944301 -0.096234 0.314696
vn 0.942504 0.073332 0.326051
vn 0.864001 0.213253 0.456098
vn 0.89869 0.090682 0.429107
vn 0.897841 0.220795 0.380961
vn 0.864001 0.213253 0.456098
vn 0.942504 0.073332 0.326051
vn 0.897841 0.220795 0.380961
vn 0.807664 0.332741 0.486788
vn 0.864001 0.213253 0.456098
vn 0.842729 0.347503 0.411157
vn 0.807664 0.332741 0.486788
vn 0.897841 0.220795 0.380961
vn 0.842729 0.347503 0.411157
vn 0.735651 0.44697 0.508956
vn 0.807664 0.332741 0.486788
vn 0.776685 0.456998 0.43349
vn 0.735651 0.44697 0.508956
vn 0.842729 0.347503 0.411157
vn 0.776685 0.456998 0.43349
vn 0.653811 0.539719 0.530315
vn 0.735651 0.44697 0.508956
vn 0.699933 0.557816 0.446021
vn 0.653811 0.539719 0.530315
vn 0.776685 0.456998 0.43349
vn 0.699933 0.557816 0.446021
vn 0.572794 0.607607 0.5502
vn 0.653811 0.539719 0.530315
vn 0.621199 0.641417 0.450218
vn 0.572794 0.607607 0.5502
vn 0.699933 0.557816 0.446021
vn 0.621199 0.641417 0.450218
vn 0.496822 0.656825 0.56723
vn 0.572794 0.607607 0.5502
vn 0.546226 0.704678 0.452842
vn 0.496822 0.656825 0.56723
vn 0.621199 0.641417 0.450218
vn 0.546226 0.704678 0.452842
vn 0.432811 0.689745 0.580454
vn 0.496822 0.656825 0.56723
vn 0.484729 0.738861 0.468104
vn 0.432811 0.689745 0.580454
vn 0.546226 0.704678 0.452842
vn 0.484729 0.738861 0.468104
vn 0.330986 0.731469 0.596156
vn 0.432811 0.689745 0.580454
vn 0.867167 0.27056 0.418112
vn 0.330986 0.731469 0.596156
vn 0.484729 0.738861 0.468104
vn 0.733604 0.483734 0.477312
vn 0.196127 0.769602 0.607657
vn 0.330986 0.731469 0.596156
vn 0.184532 0.806926 0.561087
vn 0.196127 0.769602 0.607657
vn 0.733604 0.483734 0.477312
vn 0.184532 0.806926 0.561087
vn 0.081243 0.790646 0.60686
vn 0.196127 0.769602 0.607657
vn 0.069563 0.830353 0.552879
vn 0.081243 0.790646 0.60686
vn 0.184532 0.806926 0.561087
vn 0.069563 0.830353 0.552879
vn -0.01692 0.799672 0.600199
vn 0.081243 0.790646 0.60686
vn -0.025476 0.836059 0.548047
vn -0.01692 0.799672 0.600199
vn 0.069563 0.830353 0.552879
vn -0.025476 0.836059 0.548047
vn -0.11352 0.799953 0.589227
vn -0.01692 0.799672 0.600199
vn -0.123221 0.835394 0.535662
vn -0.11352 0.799953 0.589227
vn -0.025476 0.836059 0.548047
vn -0.123221 0.835394 0.535662
vn -0.221567 0.791221 0.569981
vn -0.11352 0.799953 0.589227
vn -0.245174 0.825821 0.507848
vn -0.221567 0.791221 0.569981
vn -0.123221 0.835394 0.535662
vn -0.245174 0.825821 0.507848
vn -0.357322 0.763552 0.537875
vn -0.221567 0.791221 0.569981
vn -0.407397 0.801615 0.43754
vn -0.357322 0.763552 0.537875
vn -0.245174 0.825821 0.507848
vn -0.407397 0.801615 0.43754
vn -0.455996 0.733613 0.503865
vn -0.357322 0.763552 0.537875
vn -0.485091 0.786895 0.381423
vn -0.455996 0.733613 0.503865
vn -0.407397 0.801615 0.43754
vn -0.485091 0.786895 0.381423
vn -0.529599 0.708312 0.466711
vn -0.455996 0.733613 0.503865
vn -0.551773 0.752911 0.358708
vn -0.529599 0.708312 0.466711
vn -0.485091 0.786895 0.381423
vn -0.551773 0.752911 0.358708
vn -0.603107 0.665946 0.439065
vn -0.529599 0.708312 0.466711
vn -0.628186 0.699678 0.340344
vn -0.603107 0.665946 0.439065
vn -0.551773 0.752911 0.358708
vn -0.628186 0.699678 0.340344
vn -0.684604 0.602012 0.410972
vn -0.603107 0.665946 0.439065
vn -0.715122 0.624071 0.314858
vn -0.684604 0.602012 0.410972
vn -0.628186 0.699678 0.340344
vn -0.715122 0.624071 0.314858
vn -0.769777 0.516358 0.375257
vn -0.684604 0.602012 0.410972
vn -0.796757 0.531293 0.287934
vn -0.769777 0.516358 0.375257
vn -0.715122 0.624071 0.314858
vn -0.796757 0.531293 0.287934
vn -0.847278 0.41057 0.336975
vn -0.769777 0.516358 0.375257
vn -0.868041 0.424306 0.257817
vn -0.847278 0.41057 0.336975
vn -0.796757 0.531293 0.287934
vn -0.868041 0.424306 0.257817
vn -0.912967 0.292248 0.28475
vn -0.847278 0.41057 0.336975
vn -0.92843 0.308361 0.207198
vn -0.912967 0.292248 0.28475
vn -0.868041 0.424306 0.257817
vn -0.92843 0.308361 0.207198
vn -0.880365 0.435192 0.188591
vn -0.927598 0.338334 0.158404
vn -0.868041 0.424306 0.257817
vn -0.880365 0.435192 0.188591
vn -0.92843 0.308361 0.207198
vn -0.868041 0.424306 0.257817
vn -0.817983 0.536471 0.20761
vn -0.880365 0.435192 0.188591
vn -0.796757 0.531293 0.287934
vn -0.817983 0.536471 0.20761
vn -0.868041 0.424306 0.257817
vn -0.796757 0.531293 0.287934
vn -0.744376 0.630482 0.219992
vn -0.817983 0.536471 0.20761
vn -0.715122 0.624071 0.314858
vn -0.744376 0.630482 0.219992
vn -0.796757 0.531293 0.287934
vn -0.715122 0.624071 0.314858
vn -0.665893 0.708602 0.233386
vn -0.744376 0.630482 0.219992
vn -0.628186 0.699678 0.340344
vn -0.665893 0.708602 0.233386
vn -0.715122 0.624071 0.314858
vn -0.628186 0.699678 0.340344
vn -0.588661 0.768368 0.251175
vn -0.665893 0.708602 0.233386
vn -0.551773 0.752911 0.358708
vn -0.588661 0.768368 0.251175
vn -0.628186 0.699678 0.340344
vn -0.551773 0.752911 0.358708
vn -0.508813 0.816028 0.27424
vn -0.588661 0.768368 0.251175
vn -0.485091 0.786895 0.381423
vn -0.508813 0.816028 0.27424
vn -0.551773 0.752911 0.358708
vn -0.485091 0.786895 0.381423
vn -0.459433 0.827519 0.322698
vn -0.508813 0.816028 0.27424
vn -0.407397 0.801615 0.43754
vn -0.459433 0.827519 0.322698
vn -0.485091 0.786895 0.381423
vn -0.880365 0.435192 0.188591
vn -0.902957 0.419128 0.094867
vn -0.927598 0.338334 0.158404
vn -0.863716 0.493495 0.10226
vn -0.902957 0.419128 0.094867
vn -0.880365 0.435192 0.188591
vn -0.863716 0.493495 0.10226
vn -0.863949 0.294908 0.408192
vn -0.902957 0.419128 0.094867
vn -0.65656 0.533916 0.532788
vn -0.863949 0.294908 0.408192
vn -0.863716 0.493495 0.10226
vn -0.818008 0.024537 0.574683
vn -0.89473 -0.061233 0.44239
vn -0.787813 0.024897 0.615411
vn -0.906116 0.028453 0.422071
vn -0.89473 -0.061233 0.44239
vn -0.818008 0.024537 0.574683
vn -0.906116 0.028453 0.422071
vn -0.950771 -0.101165 0.292917
vn -0.89473 -0.061233 0.44239
vn -0.956316 0.037266 0.289952
vn -0.950771 -0.101165 0.292917
vn -0.906116 0.028453 0.422071
vn -0.817983 0.536471 0.20761
vn -0.863716 0.493495 0.10226
vn -0.880365 0.435192 0.188591
vn -0.805583 0.581296 0.114588
vn -0.863716 0.493495 0.10226
vn -0.817983 0.536471 0.20761
vn -0.805583 0.581296 0.114588
vn -0.518573 0.53695 0.665407
vn -0.863716 0.493495 0.10226
vn -0.573542 0.53479 0.620523
vn -0.518573 0.53695 0.665407
vn -0.805583 0.581296 0.114588
vn -0.744376 0.630482 0.219992
vn -0.805583 0.581296 0.114588
vn -0.817983 0.536471 0.20761
vn -0.74218 0.659467 0.119463
vn -0.805583 0.581296 0.114588
vn -0.744376 0.630482 0.219992
vn -0.74218 0.659467 0.119463
vn -0.573542 0.53479 0.620523
vn -0.805583 0.581296 0.114588
vn -0.591326 0.564619 0.575794
vn -0.573542 0.53479 0.620523
vn -0.74218 0.659467 0.119463
vn -0.665893 0.708602 0.233386
vn -0.74218 0.659467 0.119463
vn -0.744376 0.630482 0.219992
vn -0.677704 0.722943 0.134427
vn -0.74218 0.659467 0.119463
vn -0.665893 0.708602 0.233386
vn -0.677704 0.722943 0.134427
vn -0.591326 0.564619 0.575794
vn -0.74218 0.659467 0.119463
vn -0.577831 0.586227 0.567847
vn -0.591326 0.564619 0.575794
vn -0.677704 0.722943 0.134427
vn -0.807168 0.284951 0.516993
vn -0.807044 0.407833 0.427028
vn -0.877218 0.298219 0.376237
vn -0.740754 0.392177 0.545419
vn -0.807044 0.407833 0.427028
vn -0.807168 0.284951 0.516993
vn -0.740754 0.392177 0.545419
vn -0.728764 0.502294 0.465407
vn -0.807044 0.407833 0.427028
vn -0.677354 0.470043 0.565907
vn -0.728764 0.502294 0.465407
vn -0.740754 0.392177 0.545419
vn -0.677354 0.470043 0.565907
vn -0.646375 0.573691 0.503069
vn -0.728764 0.502294 0.465407
vn -0.604148 0.530453 0.594664
vn -0.646375 0.573691 0.503069
vn -0.677354 0.470043 0.565907
vn -0.604148 0.530453 0.594664
vn -0.56516 0.620657 0.543488
vn -0.646375 0.573691 0.503069
vn -0.520605 0.568548 0.636965
vn -0.56516 0.620657 0.543488
vn -0.604148 0.530453 0.594664
vn -0.520605 0.568548 0.636965
vn -0.482324 0.644403 0.593387
vn -0.56516 0.620657 0.543488
vn -0.433393 0.585045 0.685487
vn -0.482324 0.644403 0.593387
vn -0.520605 0.568548 0.636965
vn -0.433393 0.585045 0.685487
vn -0.419563 0.650206 0.633403
vn -0.482324 0.644403 0.593387
vn -0.36476 0.565429 0.739757
vn -0.419563 0.650206 0.633403
vn -0.433393 0.585045 0.685487
vn -0.36476 0.565429 0.739757
vn -0.358753 0.674814 0.644921
vn -0.419563 0.650206 0.633403
vn -0.333199 0.604403 0.723654
vn -0.358753 0.674814 0.644921
vn -0.36476 0.565429 0.739757
vn -0.333199 0.604403 0.723654
vn -0.226906 0.702271 0.674781
vn -0.358753 0.674814 0.644921
vn -0.251499 0.588491 0.768392
vn -0.226906 0.702271 0.674781
vn -0.333199 0.604403 0.723654
vn -0.251499 0.588491 0.768392
vn -0.13058 0.708732 0.693287
vn -0.226906 0.702271 0.674781
vn -0.157933 0.59973 0.784462
vn -0.13058 0.708732 0.693287
vn -0.251499 0.588491 0.768392
vn -0.157933 0.59973 0.784462
vn -0.031985 0.710635 0.702834
vn -0.13058 0.708732 0.693287
vn -0.047574 0.605078 0.794743
vn -0.031985 0.710635 0.702834
vn -0.157933 0.59973 0.784462
vn -0.047574 0.605078 0.794743
vn 0.072209 0.700423 0.710065
vn -0.031985 0.710635 0.702834
vn 0.068745 0.59115 0.803627
vn 0.072209 0.700423 0.710065
vn -0.047574 0.605078 0.794743
vn 0.068745 0.59115 0.803627
vn 0.177346 0.681476 0.710027
vn 0.072209 0.700423 0.710065
vn 0.167009 0.574403 0.801355
vn 0.177346 0.681476 0.710027
vn 0.068745 0.59115 0.803627
vn 0.167009 0.574403 0.801355
vn 0.288578 0.651333 0.701774
vn 0.177346 0.681476 0.710027
vn 0.264706 0.556749 0.787376
vn 0.288578 0.651333 0.701774
vn 0.167009 0.574403 0.801355
vn 0.264706 0.556749 0.787376
vn 0.379506 0.604609 0.700302
vn 0.288578 0.651333 0.701774
vn 0.271386 0.535293 0.799882
vn 0.379506 0.604609 0.700302
vn 0.264706 0.556749 0.787376
vn 0.271386 0.535293 0.799882
vn 0.423594 0.603465 0.675572
vn 0.379506 0.604609 0.700302
vn 0.34648 0.560521 0.752176
vn 0.423594 0.603465 0.675572
vn 0.271386 0.535293 0.799882
vn 0.34648 0.560521 0.752176
vn 0.508896 0.574768 0.640833
vn 0.423594 0.603465 0.675572
vn 0.446763 0.53282 0.718684
vn 0.508896 0.574768 0.640833
vn 0.34648 0.560521 0.752176
vn 0.446763 0.53282 0.718684
vn 0.596173 0.51534 0.615632
vn 0.508896 0.574768 0.640833
vn 0.536288 0.483754 0.691648
vn 0.596173 0.51534 0.615632
vn 0.446763 0.53282 0.718684
vn 0.536288 0.483754 0.691648
vn 0.679055 0.433643 0.592316
vn 0.596173 0.51534 0.615632
vn 0.613493 0.41497 0.671883
vn 0.679055 0.433643 0.592316
vn 0.536288 0.483754 0.691648
vn 0.613493 0.41497 0.671883
vn 0.754181 0.332877 0.566042
vn 0.679055 0.433643 0.592316
vn 0.676852 0.325258 0.660363
vn 0.754181 0.332877 0.566042
vn 0.613493 0.41497 0.671883
vn 0.676852 0.325258 0.660363
vn 0.809423 0.228473 0.540958
vn 0.754181 0.332877 0.566042
vn 0.718916 0.223376 0.658227
vn 0.809423 0.228473 0.540958
vn 0.676852 0.325258 0.660363
vn 0.718916 0.223376 0.658227
vn 0.831974 0.093024 0.54696
vn 0.809423 0.228473 0.540958
vn 0.728996 0.097485 0.677541
vn 0.831974 0.093024 0.54696
vn 0.718916 0.223376 0.658227
vn 0.728996 0.097485 0.677541
vn 0.816671 -0.050869 0.574858
vn 0.831974 0.093024 0.54696
vn 0.707698 -0.024446 0.706092
vn 0.816671 -0.050869 0.574858
vn 0.728996 0.097485 0.677541
vn 0.707698 -0.024446 0.706092
vn 0.807594 -0.138885 0.573151
vn 0.816671 -0.050869 0.574858
vn 0.670065 -0.041633 0.741134
vn 0.807594 -0.138885 0.573151
vn 0.707698 -0.024446 0.706092
vn 0.670065 -0.041633 0.741134
vn 0.762785 -0.148781 0.629303
vn 0.807594 -0.138885 0.573151
vn 0.678403 -0.064355 0.731866
vn 0.762785 -0.148781 0.629303
vn 0.670065 -0.041633 0.741134
vn 0.678403 -0.064355 0.731866
vn 0.882222 -0.089962 0.462159
vn 0.762785 -0.148781 0.629303
vn 0.837932 0.288656 0.463192
vn 0.977433 0.047088 0.205929
vn 0.678403 -0.064355 0.731866
vn -0.36476 0.565429 0.739757
vn -0.251499 0.588491 0.768392
vn -0.333199 0.604403 0.723654
vn -0.257972 0.509646 0.820799
vn -0.251499 0.588491 0.768392
vn -0.36476 0.565429 0.739757
vn -0.257972 0.509646 0.820799
vn -0.157933 0.59973 0.784462
vn -0.251499 0.588491 0.768392
vn -0.175693 0.501853 0.846921
vn -0.157933 0.59973 0.784462
vn -0.257972 0.509646 0.820799
vn -0.175693 0.501853 0.846921
vn -0.047574 0.605078 0.794743
vn -0.157933 0.59973 0.784462
vn -0.054373 0.501962 0.863179
vn -0.047574 0.605078 0.794743
vn -0.175693 0.501853 0.846921
vn -0.054373 0.501962 0.863179
vn 0.068745 0.59115 0.803627
vn -0.047574 0.605078 0.794743
vn 0.069922 0.485889 0.871219
vn 0.068745 0.59115 0.803627
vn -0.054373 0.501962 0.863179
vn 0.069922 0.485889 0.871219
vn 0.167009 0.574403 0.801355
vn 0.068745 0.59115 0.803627
vn 0.15959 0.467409 0.869517
vn 0.167009 0.574403 0.801355
vn 0.069922 0.485889 0.871219
vn 0.15959 0.467409 0.869517
vn 0.264706 0.556749 0.787376
vn 0.167009 0.574403 0.801355
vn 0.271386 0.535293 0.799882
vn 0.264706 0.556749 0.787376
vn 0.15959 0.467409 0.869517
vn -0.877218 0.298219 0.376237
vn -0.847278 0.41057 0.336975
vn -0.912967 0.292248 0.28475
vn -0.807044 0.407833 0.427028
vn -0.847278 0.41057 0.336975
vn -0.877218 0.298219 0.376237
vn -0.807044 0.407833 0.427028
vn -0.769777 0.516358 0.375257
vn -0.847278 0.41057 0.336975
vn -0.728764 0.502294 0.465407
vn -0.769777 0.516358 0.375257
vn -0.807044 0.407833 0.427028
vn -0.728764 0.502294 0.465407
vn -0.684604 0.602012 0.410972
vn -0.769777 0.516358 0.375257
vn -0.646375 0.573691 0.503069
vn -0.684604 0.602012 0.410972
vn -0.728764 0.502294 0.465407
vn -0.646375 0.573691 0.503069
vn -0.603107 0.665946 0.439065
vn -0.684604 0.602012 0.410972
vn -0.56516 0.620657 0.543488
vn -0.603107 0.665946 0.439065
vn -0.646375 0.573691 0.503069
vn -0.56516 0.620657 0.543488
vn -0.529599 0.708312 0.466711
vn -0.603107 0.665946 0.439065
vn -0.482324 0.644403 0.593387
vn -0.529599 0.708312 0.466711
vn -0.56516 0.620657 0.543488
vn -0.482324 0.644403 0.593387
vn -0.455996 0.733613 0.503865
vn -0.529599 0.708312 0.466711
vn -0.419563 0.650206 0.633403
vn -0.455996 0.733613 0.503865
vn -0.482324 0.644403 0.593387
vn -0.419563 0.650206 0.633403
vn -0.357322 0.763552 0.537875
vn -0.455996 0.733613 0.503865
vn -0.358753 0.674814 0.644921
vn -0.357322 0.763552 0.537875
vn -0.419563 0.650206 0.633403
vn -0.358753 0.674814 0.644921
vn -0.221567 0.791221 0.569981
vn -0.357322 0.763552 0.537875
vn -0.226906 0.702271 0.674781
vn -0.221567 0.791221 0.569981
vn -0.358753 0.674814 0.644921
vn -0.226906 0.702271 0.674781
vn -0.11352 0.799953 0.589227
vn -0.221567 0.791221 0.569981
vn -0.13058 0.708732 0.693287
vn -0.11352 0.799953 0.589227
vn -0.226906 0.702271 0.674781
vn -0.13058 0.708732 0.693287
vn -0.01692 0.799672 0.600199
vn -0.11352 0.799953 0.589227
vn -0.031985 0.710635 0.702834
vn -0.01692 0.799672 0.600199
vn -0.13058 0.708732 0.693287
vn -0.031985 0.710635 0.702834
vn 0.081243 0.790646 0.60686
vn -0.01692 0.799672 0.600199
vn 0.072209 0.700423 0.710065
vn 0.081243 0.790646 0.60686
vn -0.031985 0.710635 0.702834
vn 0.072209 0.700423 0.710065
vn 0.196127 0.769602 0.607657
vn 0.081243 0.790646 0.60686
vn 0.177346 0.681476 0.710027
vn 0.196127 0.769602 0.607657
vn 0.072209 0.700423 0.710065
vn 0.177346 0.681476 0.710027
vn 0.330986 0.731469 0.596156
vn 0.196127 0.769602 0.607657
vn 0.288578 0.651333 0.701774
vn 0.330986 0.731469 0.596156
vn 0.177346 0.681476 0.710027
vn 0.288578 0.651333 0.701774
vn 0.432811 0.689745 0.580454
vn 0.330986 0.731469 0.596156
vn 0.379506 0.604609 0.700302
vn 0.432811 0.689745 0.580454
vn 0.288578 0.651333 0.701774
vn 0.379506 0.604609 0.700302
vn 0.496822 0.656825 0.56723
vn 0.432811 0.689745 0.580454
vn 0.423594 0.603465 0.675572
vn 0.496822 0.656825 0.56723
vn 0.379506 0.604609 0.700302
vn 0.423594 0.603465 0.675572
vn 0.572794 0.607607 0.5502
vn 0.496822 0.656825 0.56723
vn 0.508896 0.574768 0.640833
vn 0.572794 0.607607 0.5502
vn 0.423594 0.603465 0.675572
vn 0.508896 0.574768 0.640833
vn 0.653811 0.539719 0.530315
vn 0.572794 0.607607 0.5502
vn 0.596173 0.51534 0.615632
vn 0.653811 0.539719 0.530315
vn 0.508896 0.574768 0.640833
vn 0.596173 0.51534 0.615632
vn 0.735651 0.44697 0.508956
vn 0.653811 0.539719 0.530315
vn 0.679055 0.433643 0.592316
vn 0.735651 0.44697 0.508956
vn 0.596173 0.51534 0.615632
vn 0.679055 0.433643 0.592316
vn 0.807664 0.332741 0.486788
vn 0.735651 0.44697 0.508956
vn 0.754181 0.332877 0.566042
vn 0.807664 0.332741 0.486788
vn 0.679055 0.433643 0.592316
vn 0.754181 0.332877 0.566042
vn 0.864001 0.213253 0.456098
vn 0.807664 0.332741 0.486788
vn 0.809423 0.228473 0.540958
vn 0.864001 0.213253 0.456098
vn 0.754181 0.332877 0.566042
vn 0.809423 0.228473 0.540958
vn 0.89869 0.090682 0.429107
vn 0.864001 0.213253 0.456098
vn 0.831974 0.093024 0.54696
vn 0.89869 0.090682 0.429107
vn 0.809423 0.228473 0.540958
vn 0.831974 0.093024 0.54696
vn 0.895682 -0.069072 0.439299
vn 0.89869 0.090682 0.429107
vn 0.816671 -0.050869 0.574858
vn 0.895682 -0.069072 0.439299
vn 0.831974 0.093024 0.54696
vn 0.816671 -0.050869 0.574858
vn 0.867742 -0.210709 0.450139
vn 0.895682 -0.069072 0.439299
vn 0.807594 -0.138885 0.573151
vn 0.867742 -0.210709 0.450139
vn 0.816671 -0.050869 0.574858
vn 0.807594 -0.138885 0.573151
vn 0.832807 -0.36422 0.416865
vn 0.867742 -0.210709 0.450139
vn 0.806283 -0.313693 0.501502
vn 0.832807 -0.36422 0.416865
vn 0.807594 -0.138885 0.573151
vn 0.806283 -0.313693 0.501502
vn 0.717358 -0.567027 0.404817
vn 0.832807 -0.36422 0.416865
vn 0.698364 -0.515419 0.496619
vn 0.717358 -0.567027 0.404817
vn 0.806283 -0.313693 0.501502
vn 0.698364 -0.515419 0.496619
vn 0.552983 -0.717347 0.42382
vn 0.717358 -0.567027 0.404817
vn 0.511094 -0.664538 0.545135
vn 0.552983 -0.717347 0.42382
vn 0.698364 -0.515419 0.496619
vn 0.511094 -0.664538 0.545135
vn 0.388202 -0.809286 0.440858
vn 0.552983 -0.717347 0.42382
vn 0.343126 -0.733571 0.586633
vn 0.388202 -0.809286 0.440858
vn 0.511094 -0.664538 0.545135
vn 0.343126 -0.733571 0.586633
vn 0.228537 -0.86344 0.449713
vn 0.388202 -0.809286 0.440858
vn 0.199991 -0.779473 0.593654
vn 0.228537 -0.86344 0.449713
vn 0.343126 -0.733571 0.586633
vn 0.199991 -0.779473 0.593654
vn 0.072622 -0.892536 0.44509
vn 0.228537 -0.86344 0.449713
vn 0.061612 -0.805104 0.589926
vn 0.072622 -0.892536 0.44509
vn 0.199991 -0.779473 0.593654
vn 0.061612 -0.805104 0.589926
vn -0.079885 -0.898046 0.432588
vn 0.072622 -0.892536 0.44509
vn -0.087583 -0.81112 0.578285
vn -0.079885 -0.898046 0.432588
vn 0.061612 -0.805104 0.589926
vn -0.087583 -0.81112 0.578285
vn -0.231485 -0.878841 0.417197
vn -0.079885 -0.898046 0.432588
vn -0.238594 -0.791098 0.563238
vn -0.231485 -0.878841 0.417197
vn -0.087583 -0.81112 0.578285
vn -0.238594 -0.791098 0.563238
vn -0.386009 -0.833382 0.395565
vn -0.231485 -0.878841 0.417197
vn -0.378462 -0.750606 0.541625
vn -0.386009 -0.833382 0.395565
vn -0.238594 -0.791098 0.563238
vn -0.378462 -0.750606 0.541625
vn -0.53376 -0.764139 0.362204
vn -0.386009 -0.833382 0.395565
vn -0.514854 -0.684451 0.516191
vn -0.53376 -0.764139 0.362204
vn -0.378462 -0.750606 0.541625
vn -0.514854 -0.684451 0.516191
vn -0.679017 -0.66101 0.319378
vn -0.53376 -0.764139 0.362204
vn -0.651935 -0.607723 0.453491
vn -0.679017 -0.66101 0.319378
vn -0.514854 -0.684451 0.516191
vn -0.651935 -0.607723 0.453491
vn -0.818842 -0.504792 0.273281
vn -0.679017 -0.66101 0.319378
vn -0.817338 -0.456682 0.351284
vn -0.818842 -0.504792 0.273281
vn -0.651935 -0.607723 0.453491
vn -0.817338 -0.456682 0.351284
vn -0.920271 -0.296495 0.255327
vn -0.818842 -0.504792 0.273281
vn -0.898464 -0.230874 0.373443
vn -0.920271 -0.296495 0.255327
vn -0.817338 -0.456682 0.351284
vn -0.898464 -0.230874 0.373443
vn -0.950771 -0.101165 0.292917
vn -0.920271 -0.296495 0.255327
vn -0.89473 -0.061233 0.44239
vn -0.950771 -0.101165 0.292917
vn -0.898464 -0.230874 0.373443
vn -0.773745 0.624531 -0.106209
vn -0.508813 0.816028 0.27424
vn -0.459433 0.827519 0.322698
vn -0.431288 0.876856 0.212401
vn -0.508813 0.816028 0.27424
vn -0.773745 0.624531 -0.106209
vn -0.431288 0.876856 0.212401
vn -0.570657 0.803706 0.168543
vn -0.508813 0.816028 0.27424
vn -0.504962 0.850192 0.148951
vn -0.570657 0.803706 0.168543
vn -0.431288 0.876856 0.212401
vn -0.504962 0.850192 0.148951
vn -0.547447 0.48758 0.680123
vn -0.570657 0.803706 0.168543
vn -0.50392 0.474957 0.721444
vn -0.547447 0.48758 0.680123
vn -0.504962 0.850192 0.148951
vn -0.508813 0.816028 0.27424
vn -0.613824 0.774354 0.153609
vn -0.588661 0.768368 0.251175
vn -0.570657 0.803706 0.168543
vn -0.613824 0.774354 0.153609
vn -0.508813 0.816028 0.27424
vn -0.570657 0.803706 0.168543
vn -0.541743 0.574519 0.613549
vn -0.613824 0.774354 0.153609
vn -0.547447 0.48758 0.680123
vn -0.541743 0.574519 0.613549
vn -0.570657 0.803706 0.168543
vn -0.588661 0.768368 0.251175
vn -0.677704 0.722943 0.134427
vn -0.665893 0.708602 0.233386
vn -0.613824 0.774354 0.153609
vn -0.677704 0.722943 0.134427
vn -0.588661 0.768368 0.251175
vn -0.613824 0.774354 0.153609
vn -0.577831 0.586227 0.567847
vn -0.677704 0.722943 0.134427
vn -0.541743 0.574519 0.613549
vn -0.577831 0.586227 0.567847
vn -0.613824 0.774354 0.153609
vn -0.536933 0.835958 -0.113478
vn -0.431288 0.876856 0.212401
vn -0.773745 0.624531 -0.106209
vn -0.335342 0.932029 0.13736
vn -0.431288 0.876856 0.212401
vn -0.536933 0.835958 -0.113478
vn -0.335342 0.932029 0.13736
vn -0.504962 0.850192 0.148951
vn -0.431288 0.876856 0.212401
vn -0.403366 0.910548 0.090544
vn -0.504962 0.850192 0.148951
vn -0.335342 0.932029 0.13736
vn -0.403366 0.910548 0.090544
vn -0.50392 0.474957 0.721444
vn -0.504962 0.850192 0.148951
vn -0.338192 0.811945 0.475785
vn -0.50392 0.474957 0.721444
vn -0.403366 0.910548 0.090544
vn -0.536933 0.835958 -0.113478
vn -0.201192 0.979078 0.030459
vn -0.335342 0.932029 0.13736
vn -0.422681 0.863801 -0.274205
vn -0.201192 0.979078 0.030459
vn -0.536933 0.835958 -0.113478
vn -0.422681 0.863801 -0.274205
vn -0.120768 0.992678 -0.002214
vn -0.201192 0.979078 0.030459
vn -0.280626 0.860812 -0.424561
vn -0.120768 0.992678 -0.002214
vn -0.422681 0.863801 -0.274205
vn -0.280626 0.860812 -0.424561
vn -0.037456 0.999122 -0.018777
vn -0.120768 0.992678 -0.002214
vn -0.063532 0.916881 -0.394071
vn -0.037456 0.999122 -0.018777
vn -0.280626 0.860812 -0.424561
vn -0.063532 0.916881 -0.394071
vn 0.046154 0.998594 -0.02608
vn -0.037456 0.999122 -0.018777
vn 0.118536 0.912157 -0.392325
vn 0.046154 0.998594 -0.02608
vn -0.063532 0.916881 -0.394071
vn 0.118536 0.912157 -0.392325
vn 0.13985 0.990168 -0.003011
vn 0.046154 0.998594 -0.02608
vn 0.257331 0.929997 -0.262461
vn 0.13985 0.990168 -0.003011
vn 0.118536 0.912157 -0.392325
vn 0.257331 0.929997 -0.262461
vn 0.209007 0.977436 0.030588
vn 0.13985 0.990168 -0.003011
vn 0.42602 0.846141 -0.320237
vn 0.209007 0.977436 0.030588
vn 0.257331 0.929997 -0.262461
vn 0.42602 0.846141 -0.320237
vn 0.28102 0.956421 0.079287
vn 0.209007 0.977436 0.030588
vn 0.570991 0.783975 -0.243624
vn 0.28102 0.956421 0.079287
vn 0.42602 0.846141 -0.320237
vn 0.570991 0.783975 -0.243624
vn 0.364388 0.911642 0.190077
vn 0.28102 0.956421 0.079287
vn 0.714303 0.694844 -0.083441
vn 0.364388 0.911642 0.190077
vn 0.570991 0.783975 -0.243624
vn 0.714303 0.694844 -0.083441
vn 0.472547 0.832119 0.290307
vn 0.364388 0.911642 0.190077
vn 0.800283 0.58719 0.121467
vn 0.472547 0.832119 0.290307
vn 0.714303 0.694844 -0.083441
vn 0.800283 0.58719 0.121467
vn 0.531897 0.766082 0.360838
vn 0.472547 0.832119 0.290307
vn 0.81907 0.488224 0.301266
vn 0.531897 0.766082 0.360838
vn 0.800283 0.58719 0.121467
vn 0.81907 0.488224 0.301266
vn 0.484729 0.738861 0.468104
vn 0.531897 0.766082 0.360838
vn 0.867167 0.27056 0.418112
vn 0.484729 0.738861 0.468104
vn 0.81907 0.488224 0.301266
vn -0.051249 0.985224 -0.163426
vn -0.120768 0.992678 -0.002214
vn -0.037456 0.999122 -0.018777
vn -0.138338 0.980594 -0.138915
vn -0.120768 0.992678 -0.002214
vn -0.051249 0.985224 -0.163426
vn -0.138338 0.980594 -0.138915
vn -0.201192 0.979078 0.030459
vn -0.120768 0.992678 -0.002214
vn -0.193688 0.973224 -0.123776
vn -0.201192 0.979078 0.030459
vn -0.138338 0.980594 -0.138915
vn -0.193688 0.973224 -0.123776
vn -0.312404 0.9499 -0.009727
vn -0.201192 0.979078 0.030459
vn -0.288603 0.948506 -0.130559
vn -0.312404 0.9499 -0.009727
vn -0.193688 0.973224 -0.123776
vn -0.288603 0.948506 -0.130559
vn -0.041001 0.964194 0.26201
vn -0.312404 0.9499 -0.009727
vn 0.115319 0.993257 -0.011919
vn -0.041001 0.964194 0.26201
vn -0.288603 0.948506 -0.130559
vn -0.037456 0.999122 -0.018777
vn 0.054285 0.98182 -0.181884
vn -0.051249 0.985224 -0.163426
vn 0.046154 0.998594 -0.02608
vn 0.054285 0.98182 -0.181884
vn -0.037456 0.999122 -0.018777
vn 0.046154 0.998594 -0.02608
vn 0.154951 0.976236 -0.151507
vn 0.054285 0.98182 -0.181884
vn 0.13985 0.990168 -0.003011
vn 0.154951 0.976236 -0.151507
vn 0.046154 0.998594 -0.02608
vn 0.13985 0.990168 -0.003011
vn 0.237816 0.96433 -0.116236
vn 0.154951 0.976236 -0.151507
vn 0.209007 0.977436 0.030588
vn 0.237816 0.96433 -0.116236
vn 0.13985 0.990168 -0.003011
vn 0.209007 0.977436 0.030588
vn 0.285716 0.955502 -0.073368
vn 0.237816 0.96433 -0.116236
vn 0.28102 0.956421 0.079287
vn 0.285716 0.955502 -0.073368
vn 0.209007 0.977436 0.030588
vn 0.28102 0.956421 0.079287
vn 0.344511 0.935541 -0.077941
vn 0.285716 0.955502 -0.073368
vn 0.40109 0.914098 0.059593
vn 0.344511 0.935541 -0.077941
vn 0.28102 0.956421 0.079287
vn 0.40109 0.914098 0.059593
vn 0.121219 0.991744 -0.041833
vn 0.344511 0.935541 -0.077941
vn 0.011919 0.944307 0.328849
vn 0.121219 0.991744 -0.041833
vn 0.40109 0.914098 0.059593
vn -0.201192 0.979078 0.030459
vn -0.403366 0.910548 0.090544
vn -0.335342 0.932029 0.13736
vn -0.312404 0.9499 -0.009727
vn -0.403366 0.910548 0.090544
vn -0.201192 0.979078 0.030459
vn -0.312404 0.9499 -0.009727
vn -0.302673 0.919359 0.251333
vn -0.403366 0.910548 0.090544
vn -0.041001 0.964194 0.26201
vn -0.338192 0.811945 0.475785
vn -0.312404 0.9499 -0.009727
vn 0.988724 0.120798 -0.0885
vn 0.953552 0.233611 -0.190172
vn 0.964974 0.239574 -0.106906
vn 0.965252 0.131162 -0.226018
vn 0.953552 0.233611 -0.190172
vn 0.988724 0.120798 -0.0885
vn 0.965252 0.131162 -0.226018
vn 0.911955 0.268282 -0.310424
vn 0.953552 0.233611 -0.190172
vn 0.922539 0.168502 -0.347173
vn 0.911955 0.268282 -0.310424
vn 0.965252 0.131162 -0.226018
vn 0.922539 0.168502 -0.347173
vn 0.856174 0.372051 -0.358529
vn 0.911955 0.268282 -0.310424
vn 0.857998 0.313545 -0.406853
vn 0.856174 0.372051 -0.358529
vn 0.922539 0.168502 -0.347173
vn 0.857998 0.313545 -0.406853
vn 0.754263 0.508658 -0.415156
vn 0.856174 0.372051 -0.358529
vn 0.727576 0.495625 -0.47433
vn 0.754263 0.508658 -0.415156
vn 0.857998 0.313545 -0.406853
vn 0.727576 0.495625 -0.47433
vn 0.617402 0.635028 -0.464278
vn 0.754263 0.508658 -0.415156
vn 0.537314 0.646057 -0.54213
vn 0.617402 0.635028 -0.464278
vn 0.727576 0.495625 -0.47433
vn 0.537314 0.646057 -0.54213
vn 0.50441 0.74932 -0.429056
vn 0.617402 0.635028 -0.464278
vn 0.443458 0.760761 -0.473907
vn 0.50441 0.74932 -0.429056
vn 0.537314 0.646057 -0.54213
vn 0.443458 0.760761 -0.473907
vn 0.427881 0.845845 -0.318534
vn 0.50441 0.74932 -0.429056
vn 0.371785 0.859088 -0.351773
vn 0.427881 0.845845 -0.318534
vn 0.443458 0.760761 -0.473907
vn 0.371785 0.859088 -0.351773
vn 0.394349 0.896902 -0.200138
vn 0.427881 0.845845 -0.318534
vn 0.324566 0.923323 -0.205258
vn 0.394349 0.896902 -0.200138
vn 0.371785 0.859088 -0.351773
vn 0.324566 0.923323 -0.205258
vn 0.344511 0.935541 -0.077941
vn 0.394349 0.896902 -0.200138
vn 0.285716 0.955502 -0.073368
vn 0.344511 0.935541 -0.077941
vn 0.324566 0.923323 -0.205258
vn 0.964974 0.239574 -0.106906
vn 0.927434 -0.062498 -0.368727
vn 0.948049 -0.162169 -0.273686
vn 0.953552 0.233611 -0.190172
vn 0.927434 -0.062498 -0.368727
vn 0.964974 0.239574 -0.106906
vn 0.953552 0.233611 -0.190172
vn 0.838385 0.024254 -0.544539
vn 0.927434 -0.062498 -0.368727
vn 0.911955 0.268282 -0.310424
vn 0.838385 0.024254 -0.544539
vn 0.953552 0.233611 -0.190172
vn 0.911955 0.268282 -0.310424
vn 0.709993 0.165154 -0.684568
vn 0.838385 0.024254 -0.544539
vn 0.856174 0.372051 -0.358529
vn 0.709993 0.165154 -0.684568
vn 0.911955 0.268282 -0.310424
vn 0.856174 0.372051 -0.358529
vn 0.593807 0.343599 -0.727552
vn 0.709993 0.165154 -0.684568
vn 0.754263 0.508658 -0.415156
vn 0.593807 0.343599 -0.727552
vn 0.856174 0.372051 -0.358529
vn 0.754263 0.508658 -0.415156
vn 0.466467 0.520701 -0.715037
vn 0.593807 0.343599 -0.727552
vn 0.617402 0.635028 -0.464278
vn 0.466467 0.520701 -0.715037
vn 0.754263 0.508658 -0.415156
vn 0.617402 0.635028 -0.464278
vn 0.325622 0.700984 -0.634501
vn 0.466467 0.520701 -0.715037
vn 0.50441 0.74932 -0.429056
vn 0.325622 0.700984 -0.634501
vn 0.617402 0.635028 -0.464278
vn 0.50441 0.74932 -0.429056
vn 0.182399 0.858751 -0.478829
vn 0.325622 0.700984 -0.634501
vn 0.427881 0.845845 -0.318534
vn 0.182399 0.858751 -0.478829
vn 0.50441 0.74932 -0.429056
vn 0.427881 0.845845 -0.318534
vn 0.081763 0.957695 -0.275926
vn 0.182399 0.858751 -0.478829
vn 0.394349 0.896902 -0.200138
vn 0.081763 0.957695 -0.275926
vn 0.427881 0.845845 -0.318534
vn 0.394349 0.896902 -0.200138
vn 0.121219 0.991744 -0.041833
vn 0.081763 0.957695 -0.275926
vn 0.344511 0.935541 -0.077941
vn 0.121219 0.991744 -0.041833
vn 0.394349 0.896902 -0.200138
vn 0.484729 0.738861 0.468104
vn 0.591468 0.720484 0.362035
vn 0.531897 0.766082 0.360838
vn 0.546226 0.704678 0.452842
vn 0.591468 0.720484 0.362035
vn 0.484729 0.738861 0.468104
vn 0.546226 0.704678 0.452842
vn 0.661927 0.660309 0.354745
vn 0.591468 0.720484 0.362035
vn 0.621199 0.641417 0.450218
vn 0.661927 0.660309 0.354745
vn 0.546226 0.704678 0.452842
vn 0.621199 0.641417 0.450218
vn 0.734317 0.579992 0.352686
vn 0.661927 0.660309 0.354745
vn 0.699933 0.557816 0.446021
vn 0.734317 0.579992 0.352686
vn 0.621199 0.641417 0.450218
vn 0.699933 0.557816 0.446021
vn 0.803595 0.478091 0.354492
vn 0.734317 0.579992 0.352686
vn 0.776685 0.456998 0.43349
vn 0.803595 0.478091 0.354492
vn 0.699933 0.557816 0.446021
vn 0.776685 0.456998 0.43349
vn 0.8608 0.372112 0.347212
vn 0.803595 0.478091 0.354492
vn 0.842729 0.347503 0.411157
vn 0.8608 0.372112 0.347212
vn 0.776685 0.456998 0.43349
vn 0.842729 0.347503 0.411157
vn 0.908343 0.261012 0.326781
vn 0.8608 0.372112 0.347212
vn 0.897841 0.220795 0.380961
vn 0.908343 0.261012 0.326781
vn 0.842729 0.347503 0.411157
vn 0.897841 0.220795 0.380961
vn 0.951779 0.150337 0.267422
vn 0.908343 0.261012 0.326781
vn 0.942504 0.073332 0.326051
vn 0.951779 0.150337 0.267422
vn 0.897841 0.220795 0.380961
vn 0.951244 0.229429 0.206149
vn 0.908343 0.261012 0.326781
vn 0.951779 0.150337 0.267422
vn 0.90984 0.341922 0.235119
vn 0.908343 0.261012 0.326781
vn 0.951244 0.229429 0.206149
vn 0.90984 0.341922 0.235119
vn 0.8608 0.372112 0.347212
vn 0.908343 0.261012 0.326781
vn 0.879314 0.410739 0.241039
vn 0.8608 0.372112 0.347212
vn 0.90984 0.341922 0.235119
vn 0.879314 0.410739 0.241039
vn 0.803595 0.478091 0.354492
vn 0.8608 0.372112 0.347212
vn 0.825448 0.506565 0.249053
vn 0.803595 0.478091 0.354492
vn 0.879314 0.410739 0.241039
vn 0.825448 0.506565 0.249053
vn 0.734317 0.579992 0.352686
vn 0.803595 0.478091 0.354492
vn 0.768246 0.590943 0.246139
vn 0.734317 0.579992 0.352686
vn 0.825448 0.506565 0.249053
vn 0.768246 0.590943 0.246139
vn 0.661927 0.660309 0.354745
vn 0.734317 0.579992 0.352686
vn 0.710425 0.654713 0.258163
vn 0.661927 0.660309 0.354745
vn 0.768246 0.590943 0.246139
vn 0.710425 0.654713 0.258163
vn 0.591468 0.720484 0.362035
vn 0.661927 0.660309 0.354745
vn 0.646518 0.713488 0.270092
vn 0.591468 0.720484 0.362035
vn 0.710425 0.654713 0.258163
vn 0.646518 0.713488 0.270092
vn 0.531897 0.766082 0.360838
vn 0.591468 0.720484 0.362035
vn 0.601431 0.749391 0.276937
vn 0.531897 0.766082 0.360838
vn 0.646518 0.713488 0.270092
vn 0.601431 0.749391 0.276937
vn 0.472547 0.832119 0.290307
vn 0.531897 0.766082 0.360838
vn 0.545649 0.800473 0.248012
vn 0.472547 0.832119 0.290307
vn 0.601431 0.749391 0.276937
vn 0.545649 0.800473 0.248012
vn 0.364388 0.911642 0.190077
vn 0.472547 0.832119 0.290307
vn 0.459309 0.866375 0.196034
vn 0.364388 0.911642 0.190077
vn 0.545649 0.800473 0.248012
vn 0.459309 0.866375 0.196034
vn 0.28102 0.956421 0.079287
vn 0.364388 0.911642 0.190077
vn 0.40109 0.914098 0.059593
vn 0.28102 0.956421 0.079287
vn 0.459309 0.866375 0.196034
vn 0.93264 0.059544 0.355861
vn 0.90984 0.341922 0.235119
vn 0.951244 0.229429 0.206149
vn 0.815771 0.216369 0.536378
vn 0.90984 0.341922 0.235119
vn 0.93264 0.059544 0.355861
vn 0.815771 0.216369 0.536378
vn 0.879314 0.410739 0.241039
vn 0.90984 0.341922 0.235119
vn 0.760719 0.458311 0.459628
vn 0.879314 0.410739 0.241039
vn 0.815771 0.216369 0.536378
vn 0.584856 0.503409 0.63602
vn 0.825448 0.506565 0.249053
vn 0.879314 0.410739 0.241039
vn 0.473227 0.494131 0.729308
vn 0.825448 0.506565 0.249053
vn 0.584856 0.503409 0.63602
vn 0.473227 0.494131 0.729308
vn 0.768246 0.590943 0.246139
vn 0.825448 0.506565 0.249053
vn 0.509777 0.511321 0.691866
vn 0.768246 0.590943 0.246139
vn 0.473227 0.494131 0.729308
vn 0.509777 0.511321 0.691866
vn 0.710425 0.654713 0.258163
vn 0.768246 0.590943 0.246139
vn 0.513291 0.536186 0.670102
vn 0.710425 0.654713 0.258163
vn 0.509777 0.511321 0.691866
vn 0.513291 0.536186 0.670102
vn 0.646518 0.713488 0.270092
vn 0.710425 0.654713 0.258163
vn 0.475614 0.549554 0.686864
vn 0.646518 0.713488 0.270092
vn 0.513291 0.536186 0.670102
vn 0.475614 0.549554 0.686864
vn 0.601431 0.749391 0.276937
vn 0.646518 0.713488 0.270092
vn 0.45005 0.490232 0.74641
vn 0.601431 0.749391 0.276937
vn 0.475614 0.549554 0.686864
vn 0.45005 0.490232 0.74641
vn 0.545649 0.800473 0.248012
vn 0.601431 0.749391 0.276937
vn 0.362861 0.314958 0.877002
vn 0.545649 0.800473 0.248012
vn 0.45005 0.490232 0.74641
vn 0.407562 0.417206 0.812301
vn 0.459309 0.866375 0.196034
vn 0.545649 0.800473 0.248012
vn 0.311209 0.764075 0.5651
vn 0.459309 0.866375 0.196034
vn 0.362861 0.314958 0.877002
vn 0.331103 0.877852 0.346045
vn 0.40109 0.914098 0.059593
vn 0.459309 0.866375 0.196034
vn 0.011919 0.944307 0.328849
vn 0.40109 0.914098 0.059593
vn 0.331103 0.877852 0.346045
vn 0.324566 0.923323 -0.205258
vn 0.237816 0.96433 -0.116236
vn 0.285716 0.955502 -0.073368
vn 0.261798 0.929434 -0.260027
vn 0.237816 0.96433 -0.116236
vn 0.324566 0.923323 -0.205258
vn 0.261798 0.929434 -0.260027
vn 0.154951 0.976236 -0.151507
vn 0.237816 0.96433 -0.116236
vn 0.170711 0.940559 -0.293609
vn 0.154951 0.976236 -0.151507
vn 0.261798 0.929434 -0.260027
vn 0.170711 0.940559 -0.293609
vn 0.054285 0.98182 -0.181884
vn 0.154951 0.976236 -0.151507
vn 0.073525 0.939632 -0.334194
vn 0.054285 0.98182 -0.181884
vn 0.170711 0.940559 -0.293609
vn 0.371785 0.859088 -0.351773
vn 0.261798 0.929434 -0.260027
vn 0.324566 0.923323 -0.205258
vn 0.276946 0.872518 -0.402508
vn 0.261798 0.929434 -0.260027
vn 0.371785 0.859088 -0.351773
vn 0.276946 0.872518 -0.402508
vn 0.170711 0.940559 -0.293609
vn 0.261798 0.929434 -0.260027
vn 0.172042 0.886103 -0.430375
vn 0.170711 0.940559 -0.293609
vn 0.276946 0.872518 -0.402508
vn 0.172042 0.886103 -0.430375
vn 0.073525 0.939632 -0.334194
vn 0.170711 0.940559 -0.293609
vn 0.068278 0.885915 -0.458795
vn 0.073525 0.939632 -0.334194
vn 0.172042 0.886103 -0.430375
vn 0.371785 0.859088 -0.351773
vn 0.341646 0.785962 -0.515307
vn 0.276946 0.872518 -0.402508
vn 0.443458 0.760761 -0.473907
vn 0.341646 0.785962 -0.515307
vn 0.371785 0.859088 -0.351773
vn 0.443458 0.760761 -0.473907
vn 0.386527 0.69506 -0.606209
vn 0.341646 0.785962 -0.515307
vn 0.537314 0.646057 -0.54213
vn 0.386527 0.69506 -0.606209
vn 0.443458 0.760761 -0.473907
vn 0.537314 0.646057 -0.54213
vn 0.391775 0.596803 -0.700241
vn 0.386527 0.69506 -0.606209
vn 0.520105 0.55544 -0.648827
vn 0.391775 0.596803 -0.700241
vn 0.537314 0.646057 -0.54213
vn 0.520105 0.55544 -0.648827
vn 0.391464 0.463108 -0.795165
vn 0.391775 0.596803 -0.700241
vn 0.510336 0.372914 -0.774915
vn 0.391464 0.463108 -0.795165
vn 0.520105 0.55544 -0.648827
vn 0.510336 0.372914 -0.774915
vn 0.397084 0.283372 -0.87294
vn 0.391464 0.463108 -0.795165
vn 0.570517 0.186339 -0.799868
vn 0.397084 0.283372 -0.87294
vn 0.510336 0.372914 -0.774915
vn 0.570517 0.186339 -0.799868
vn 0.449434 0.092025 -0.888561
vn 0.397084 0.283372 -0.87294
vn 0.627202 0.044624 -0.777578
vn 0.449434 0.092025 -0.888561
vn 0.570517 0.186339 -0.799868
vn 0.449434 0.092025 -0.888561
vn 0.274059 0.27473 -0.921637
vn 0.397084 0.283372 -0.87294
vn 0.283798 0.106969 -0.952899
vn 0.274059 0.27473 -0.921637
vn 0.449434 0.092025 -0.888561
vn 0.283798 0.106969 -0.952899
vn 0.096696 0.254089 -0.962335
vn 0.274059 0.27473 -0.921637
vn 0.115108 0.105384 -0.987747
vn 0.096696 0.254089 -0.962335
vn 0.283798 0.106969 -0.952899
vn 0.397084 0.283372 -0.87294
vn 0.284185 0.452097 -0.845486
vn 0.391464 0.463108 -0.795165
vn 0.274059 0.27473 -0.921637
vn 0.284185 0.452097 -0.845486
vn 0.397084 0.283372 -0.87294
vn 0.274059 0.27473 -0.921637
vn 0.112556 0.453681 -0.884028
vn 0.284185 0.452097 -0.845486
vn 0.096696 0.254089 -0.962335
vn 0.112556 0.453681 -0.884028
vn 0.274059 0.27473 -0.921637
vn 0.276946 0.872518 -0.402508
vn 0.218461 0.809315 -0.545238
vn 0.172042 0.886103 -0.430375
vn 0.341646 0.785962 -0.515307
vn 0.218461 0.809315 -0.545238
vn 0.276946 0.872518 -0.402508
vn 0.341646 0.785962 -0.515307
vn 0.248708 0.721163 -0.646581
vn 0.218461 0.809315 -0.545238
vn 0.386527 0.69506 -0.606209
vn 0.248708 0.721163 -0.646581
vn 0.341646 0.785962 -0.515307
vn 0.386527 0.69506 -0.606209
vn 0.261001 0.611127 -0.747263
vn 0.248708 0.721163 -0.646581
vn 0.391775 0.596803 -0.700241
vn 0.261001 0.611127 -0.747263
vn 0.386527 0.69506 -0.606209
vn 0.391775 0.596803 -0.700241
vn 0.284185 0.452097 -0.845486
vn 0.261001 0.611127 -0.747263
vn 0.391464 0.463108 -0.795165
vn 0.284185 0.452097 -0.845486
vn 0.391775 0.596803 -0.700241
vn 0.172042 0.886103 -0.430375
vn 0.0816 0.822789 -0.562459
vn 0.068278 0.885915 -0.458795
vn 0.218461 0.809315 -0.545238
vn 0.0816 0.822789 -0.562459
vn 0.172042 0.886103 -0.430375
vn 0.218461 0.809315 -0.545238
vn 0.090229 0.73847 -0.668222
vn 0.0816 0.822789 -0.562459
vn 0.248708 0.721163 -0.646581
vn 0.090229 0.73847 -0.668222
vn 0.218461 0.809315 -0.545238
vn 0.248708 0.721163 -0.646581
vn 0.096874 0.623682 -0.775652
vn 0.090229 0.73847 -0.668222
vn 0.261001 0.611127 -0.747263
vn 0.096874 0.623682 -0.775652
vn 0.248708 0.721163 -0.646581
vn 0.261001 0.611127 -0.747263
vn 0.112556 0.453681 -0.884028
vn 0.096874 0.623682 -0.775652
vn 0.284185 0.452097 -0.845486
vn 0.112556 0.453681 -0.884028
vn 0.261001 0.611127 -0.747263
vn 0.670065 -0.041633 0.741134
vn 0.532933 -0.013842 0.846044
vn 0.678403 -0.064355 0.731866
vn 0.488224 0.005065 0.872704
vn 0.532933 -0.013842 0.846044
vn 0.670065 -0.041633 0.741134
vn 0.488224 0.005065 0.872704
vn 0.408579 -0.072313 0.909854
vn 0.532933 -0.013842 0.846044
vn 0.387537 -0.051095 0.920437
vn 0.408579 -0.072313 0.909854
vn 0.488224 0.005065 0.872704
vn 0.387537 -0.051095 0.920437
vn 0.403221 -0.221717 0.887837
vn 0.408579 -0.072313 0.909854
vn 0.319648 -0.263054 0.91029
vn 0.403221 -0.221717 0.887837
vn 0.387537 -0.051095 0.920437
vn 0.319648 -0.263054 0.91029
vn 0.367416 -0.433621 0.822787
vn 0.403221 -0.221717 0.887837
vn 0.316682 -0.486372 0.814343
vn 0.367416 -0.433621 0.822787
vn 0.319648 -0.263054 0.91029
vn 0.316682 -0.486372 0.814343
vn 0.399543 -0.575626 0.713456
vn 0.367416 -0.433621 0.822787
vn 0.378708 -0.620101 0.687062
vn 0.399543 -0.575626 0.713456
vn 0.316682 -0.486372 0.814343
vn 0.378708 -0.620101 0.687062
vn 0.536218 -0.581617 0.611713
vn 0.399543 -0.575626 0.713456
vn 0.511094 -0.664538 0.545135
vn 0.536218 -0.581617 0.611713
vn 0.378708 -0.620101 0.687062
vn 0.511094 -0.664538 0.545135
vn 0.692585 -0.462127 0.553863
vn 0.536218 -0.581617 0.611713
vn 0.698364 -0.515419 0.496619
vn 0.692585 -0.462127 0.553863
vn 0.511094 -0.664538 0.545135
vn 0.698364 -0.515419 0.496619
vn 0.751316 -0.313703 0.580615
vn 0.692585 -0.462127 0.553863
vn 0.806283 -0.313693 0.501502
vn 0.751316 -0.313703 0.580615
vn 0.698364 -0.515419 0.496619
vn 0.806283 -0.313693 0.501502
vn 0.762785 -0.148781 0.629303
vn 0.751316 -0.313703 0.580615
vn 0.807594 -0.138885 0.573151
vn 0.762785 -0.148781 0.629303
vn 0.806283 -0.313693 0.501502
vn 0.96349 -0.034712 0.265484
vn 0.751316 -0.313703 0.580615
vn 0.762785 -0.148781 0.629303
vn 0.953891 -0.295359 0.053443
vn 0.751316 -0.313703 0.580615
vn 0.96349 -0.034712 0.265484
vn 0.953891 -0.295359 0.053443
vn 0.692585 -0.462127 0.553863
vn 0.751316 -0.313703 0.580615
vn 0.760432 -0.639575 0.11264
vn 0.692585 -0.462127 0.553863
vn 0.953891 -0.295359 0.053443
vn 0.760432 -0.639575 0.11264
vn 0.536218 -0.581617 0.611713
vn 0.692585 -0.462127 0.553863
vn 0.400169 -0.856155 0.3269
vn 0.536218 -0.581617 0.611713
vn 0.760432 -0.639575 0.11264
vn 0.400169 -0.856155 0.3269
vn 0.399543 -0.575626 0.713456
vn 0.536218 -0.581617 0.611713
vn 0.075809 -0.791032 0.607059
vn 0.399543 -0.575626 0.713456
vn 0.400169 -0.856155 0.3269
vn 0.075809 -0.791032 0.607059
vn 0.367416 -0.433621 0.822787
vn 0.399543 -0.575626 0.713456
vn -0.109245 -0.484946 0.867694
vn 0.367416 -0.433621 0.822787
vn 0.075809 -0.791032 0.607059
vn -0.109245 -0.484946 0.867694
vn 0.403221 -0.221717 0.887837
vn 0.367416 -0.433621 0.822787
vn -0.11796 -0.05601 0.991437
vn 0.403221 -0.221717 0.887837
vn -0.109245 -0.484946 0.867694
vn -0.11796 -0.05601 0.991437
vn 0.408579 -0.072313 0.909854
vn 0.403221 -0.221717 0.887837
vn 0.058509 0.325897 0.943593
vn 0.408579 -0.072313 0.909854
vn -0.11796 -0.05601 0.991437
vn 0.058509 0.325897 0.943593
vn 0.532933 -0.013842 0.846044
vn 0.408579 -0.072313 0.909854
vn 0.466693 0.336898 0.817739
vn 0.532933 -0.013842 0.846044
vn 0.058509 0.325897 0.943593
vn 0.466693 0.336898 0.817739
vn 0.678403 -0.064355 0.731866
vn 0.532933 -0.013842 0.846044
vn 0.804079 0.185359 0.564889
vn 0.678403 -0.064355 0.731866
vn 0.547108 0.235625 0.803214
vn 0.387537 -0.051095 0.920437
vn 0.272185 -0.250174 0.929155
vn 0.319648 -0.263054 0.91029
vn 0.33656 -0.084619 0.937852
vn 0.272185 -0.250174 0.929155
vn 0.387537 -0.051095 0.920437
vn 0.33656 -0.084619 0.937852
vn 0.177126 -0.282173 0.94287
vn 0.272185 -0.250174 0.929155
vn 0.233371 -0.104035 0.966806
vn 0.177126 -0.282173 0.94287
vn 0.33656 -0.084619 0.937852
vn 0.233371 -0.104035 0.966806
vn 0.062466 -0.309953 0.948698
vn 0.177126 -0.282173 0.94287
vn 0.06334 -0.162837 0.984618
vn 0.062466 -0.309953 0.948698
vn 0.233371 -0.104035 0.966806
vn 0.06334 -0.162837 0.984618
vn -0.081303 -0.298818 0.950841
vn 0.062466 -0.309953 0.948698
vn -0.10559 -0.14848 0.983262
vn -0.081303 -0.298818 0.950841
vn 0.06334 -0.162837 0.984618
vn -0.10559 -0.14848 0.983262
vn -0.226906 -0.303874 0.925297
vn -0.081303 -0.298818 0.950841
vn -0.269221 -0.141284 0.952659
vn -0.226906 -0.303874 0.925297
vn -0.10559 -0.14848 0.983262
vn -0.269221 -0.141284 0.952659
vn -0.349416 -0.271676 0.896717
vn -0.226906 -0.303874 0.925297
vn -0.417631 -0.061086 0.906561
vn -0.349416 -0.271676 0.896717
vn -0.269221 -0.141284 0.952659
vn -0.417631 -0.061086 0.906561
vn -0.425243 -0.239883 0.872711
vn -0.349416 -0.271676 0.896717
vn -0.499645 -0.030446 0.865695
vn -0.425243 -0.239883 0.872711
vn -0.417631 -0.061086 0.906561
vn -0.499645 -0.030446 0.865695
vn -0.510683 -0.203385 0.835366
vn -0.425243 -0.239883 0.872711
vn -0.553641 -0.002677 0.832751
vn -0.510683 -0.203385 0.835366
vn -0.499645 -0.030446 0.865695
vn -0.553641 -0.002677 0.832751
vn -0.565591 -0.187282 0.803139
vn -0.510683 -0.203385 0.835366
vn -0.565299 -0.028253 0.824402
vn -0.565591 -0.187282 0.803139
vn -0.553641 -0.002677 0.832751
vn -0.565299 -0.028253 0.824402
vn -0.1724 -0.122444 0.977387
vn -0.565591 -0.187282 0.803139
vn -0.22136 0.259052 0.940155
vn -0.1724 -0.122444 0.977387
vn -0.565299 -0.028253 0.824402
vn -0.640288 0.0839 0.76354
vn -0.565299 -0.028253 0.824402
vn -0.553641 -0.002677 0.832751
vn -0.679612 0.033548 0.732804
vn -0.565299 -0.028253 0.824402
vn -0.640288 0.0839 0.76354
vn -0.679612 0.033548 0.732804
vn -0.22136 0.259052 0.940155
vn -0.565299 -0.028253 0.824402
vn -0.443077 0.531054 0.722263
vn -0.22136 0.259052 0.940155
vn -0.679612 0.033548 0.732804
vn -0.640288 0.0839 0.76354
vn -0.793798 0.019337 0.607875
vn -0.679612 0.033548 0.732804
vn -0.787813 0.024897 0.615411
vn -0.793798 0.019337 0.607875
vn -0.640288 0.0839 0.76354
vn -0.787813 0.024897 0.615411
vn -0.870524 -0.080621 0.485478
vn -0.793798 0.019337 0.607875
vn -0.89473 -0.061233 0.44239
vn -0.870524 -0.080621 0.485478
vn -0.787813 0.024897 0.615411
vn -0.89473 -0.061233 0.44239
vn -0.879294 -0.207895 0.42851
vn -0.870524 -0.080621 0.485478
vn -0.898464 -0.230874 0.373443
vn -0.879294 -0.207895 0.42851
vn -0.89473 -0.061233 0.44239
vn -0.898464 -0.230874 0.373443
vn -0.818183 -0.378641 0.432675
vn -0.879294 -0.207895 0.42851
vn -0.817338 -0.456682 0.351284
vn -0.818183 -0.378641 0.432675
vn -0.898464 -0.230874 0.373443
vn -0.817338 -0.456682 0.351284
vn -0.687682 -0.533492 0.492421
vn -0.818183 -0.378641 0.432675
vn -0.651935 -0.607723 0.453491
vn -0.687682 -0.533492 0.492421
vn -0.817338 -0.456682 0.351284
vn -0.651935 -0.607723 0.453491
vn -0.563594 -0.535366 0.629083
vn -0.687682 -0.533492 0.492421
vn -0.537408 -0.560406 0.630189
vn -0.563594 -0.535366 0.629083
vn -0.651935 -0.607723 0.453491
vn -0.537408 -0.560406 0.630189
vn -0.544499 -0.393364 0.7408
vn -0.563594 -0.535366 0.629083
vn -0.510117 -0.41396 0.753935
vn -0.544499 -0.393364 0.7408
vn -0.537408 -0.560406 0.630189
vn -0.510117 -0.41396 0.753935
vn -0.565591 -0.187282 0.803139
vn -0.544499 -0.393364 0.7408
vn -0.510683 -0.203385 0.835366
vn -0.565591 -0.187282 0.803139
vn -0.510117 -0.41396 0.753935
vn -0.1724 -0.122444 0.977387
vn -0.544499 -0.393364 0.7408
vn -0.565591 -0.187282 0.803139
vn -0.127254 -0.517278 0.846304
vn -0.544499 -0.393364 0.7408
vn -0.1724 -0.122444 0.977387
vn -0.127254 -0.517278 0.846304
vn -0.563594 -0.535366 0.629083
vn -0.544499 -0.393364 0.7408
vn -0.248381 -0.814718 0.523967
vn -0.563594 -0.535366 0.629083
vn -0.127254 -0.517278 0.846304
vn -0.248381 -0.814718 0.523967
vn -0.687682 -0.533492 0.492421
vn -0.563594 -0.535366 0.629083
vn -0.54208 -0.782581 0.306132
vn -0.687682 -0.533492 0.492421
vn -0.248381 -0.814718 0.523967
vn -0.54208 -0.782581 0.306132
vn -0.818183 -0.378641 0.432675
vn -0.687682 -0.533492 0.492421
vn -0.863856 -0.489667 0.118235
vn -0.818183 -0.378641 0.432675
vn -0.54208 -0.782581 0.306132
vn -0.863856 -0.489667 0.118235
vn -0.879294 -0.207895 0.42851
vn -0.818183 -0.378641 0.432675
vn -0.977046 -0.190982 0.094379
vn -0.879294 -0.207895 0.42851
vn -0.863856 -0.489667 0.118235
vn -0.977046 -0.190982 0.094379
vn -0.870524 -0.080621 0.485478
vn -0.879294 -0.207895 0.42851
vn -0.974436 0.081086 0.20952
vn -0.870524 -0.080621 0.485478
vn -0.977046 -0.190982 0.094379
vn -0.974436 0.081086 0.20952
vn -0.793798 0.019337 0.607875
vn -0.870524 -0.080621 0.485478
vn -0.850194 0.306361 0.428151
vn -0.793798 0.019337 0.607875
vn -0.974436 0.081086 0.20952
vn -0.850194 0.306361 0.428151
vn -0.679612 0.033548 0.732804
vn -0.793798 0.019337 0.607875
vn -0.443077 0.531054 0.722263
vn -0.679612 0.033548 0.732804
vn -0.850194 0.306361 0.428151
vn -0.514854 -0.684451 0.516191
vn -0.537408 -0.560406 0.630189
vn -0.651935 -0.607723 0.453491
vn -0.47513 -0.575066 0.665996
vn -0.537408 -0.560406 0.630189
vn -0.514854 -0.684451 0.516191
vn -0.47513 -0.575066 0.665996
vn -0.510117 -0.41396 0.753935
vn -0.537408 -0.560406 0.630189
vn -0.432563 -0.432552 0.791068
vn -0.510117 -0.41396 0.753935
vn -0.47513 -0.575066 0.665996
vn -0.432563 -0.432552 0.791068
vn -0.510683 -0.203385 0.835366
vn -0.510117 -0.41396 0.753935
vn -0.425243 -0.239883 0.872711
vn -0.510683 -0.203385 0.835366
vn -0.432563 -0.432552 0.791068
vn -0.514854 -0.684451 0.516191
vn -0.382863 -0.623338 0.68181
vn -0.47513 -0.575066 0.665996
vn -0.378462 -0.750606 0.541625
vn -0.382863 -0.623338 0.68181
vn -0.514854 -0.684451 0.516191
vn -0.378462 -0.750606 0.541625
vn -0.268513 -0.65598 0.705401
vn -0.382863 -0.623338 0.68181
vn -0.238594 -0.791098 0.563238
vn -0.268513 -0.65598 0.705401
vn -0.378462 -0.750606 0.541625
vn -0.238594 -0.791098 0.563238
vn -0.106743 -0.669447 0.73515
vn -0.268513 -0.65598 0.705401
vn -0.087583 -0.81112 0.578285
vn -0.106743 -0.669447 0.73515
vn -0.238594 -0.791098 0.563238
vn -0.087583 -0.81112 0.578285
vn 0.055212 -0.675744 0.735065
vn -0.106743 -0.669447 0.73515
vn 0.061612 -0.805104 0.589926
vn 0.055212 -0.675744 0.735065
vn -0.087583 -0.81112 0.578285
vn 0.061612 -0.805104 0.589926
vn 0.178528 -0.654511 0.734672
vn 0.055212 -0.675744 0.735065
vn 0.199991 -0.779473 0.593654
vn 0.178528 -0.654511 0.734672
vn 0.061612 -0.805104 0.589926
vn 0.199991 -0.779473 0.593654
vn 0.28936 -0.626544 0.72368
vn 0.178528 -0.654511 0.734672
vn 0.343126 -0.733571 0.586633
vn 0.28936 -0.626544 0.72368
vn 0.199991 -0.779473 0.593654
vn 0.343126 -0.733571 0.586633
vn 0.378708 -0.620101 0.687062
vn 0.28936 -0.626544 0.72368
vn 0.511094 -0.664538 0.545135
vn 0.378708 -0.620101 0.687062
vn 0.343126 -0.733571 0.586633
vn -0.425243 -0.239883 0.872711
vn -0.358127 -0.456249 0.814605
vn -0.349416 -0.271676 0.896717
vn -0.432563 -0.432552 0.791068
vn -0.358127 -0.456249 0.814605
vn -0.425243 -0.239883 0.872711
vn -0.432563 -0.432552 0.791068
vn -0.382863 -0.623338 0.68181
vn -0.358127 -0.456249 0.814605
vn -0.47513 -0.575066 0.665996
vn -0.382863 -0.623338 0.68181
vn -0.432563 -0.432552 0.791068
vn -0.349416 -0.271676 0.896717
vn -0.248785 -0.485587 0.83804
vn -0.226906 -0.303874 0.925297
vn -0.358127 -0.456249 0.814605
vn -0.248785 -0.485587 0.83804
vn -0.349416 -0.271676 0.896717
vn -0.358127 -0.456249 0.814605
vn -0.268513 -0.65598 0.705401
vn -0.248785 -0.485587 0.83804
vn -0.382863 -0.623338 0.68181
vn -0.268513 -0.65598 0.705401
vn -0.358127 -0.456249 0.814605
vn -0.226906 -0.303874 0.925297
vn -0.09875 -0.47329 0.875354
vn -0.081303 -0.298818 0.950841
vn -0.248785 -0.485587 0.83804
vn -0.09875 -0.47329 0.875354
vn -0.226906 -0.303874 0.925297
vn -0.248785 -0.485587 0.83804
vn -0.106743 -0.669447 0.73515
vn -0.09875 -0.47329 0.875354
vn -0.268513 -0.65598 0.705401
vn -0.106743 -0.669447 0.73515
vn -0.248785 -0.485587 0.83804
vn 0.319648 -0.263054 0.91029
vn 0.247032 -0.464448 0.850449
vn 0.316682 -0.486372 0.814343
vn 0.272185 -0.250174 0.929155
vn 0.247032 -0.464448 0.850449
vn 0.319648 -0.263054 0.91029
vn 0.272185 -0.250174 0.929155
vn 0.166722 -0.480498 0.861003
vn 0.247032 -0.464448 0.850449
vn 0.177126 -0.282173 0.94287
vn 0.166722 -0.480498 0.861003
vn 0.272185 -0.250174 0.929155
vn 0.177126 -0.282173 0.94287
vn 0.051995 -0.499379 0.864822
vn 0.166722 -0.480498 0.861003
vn 0.062466 -0.309953 0.948698
vn 0.051995 -0.499379 0.864822
vn 0.177126 -0.282173 0.94287
vn 0.062466 -0.309953 0.948698
vn -0.09875 -0.47329 0.875354
vn 0.051995 -0.499379 0.864822
vn -0.081303 -0.298818 0.950841
vn -0.09875 -0.47329 0.875354
vn 0.062466 -0.309953 0.948698
vn 0.316682 -0.486372 0.814343
vn 0.28936 -0.626544 0.72368
vn 0.378708 -0.620101 0.687062
vn 0.247032 -0.464448 0.850449
vn 0.28936 -0.626544 0.72368
vn 0.316682 -0.486372 0.814343
vn 0.247032 -0.464448 0.850449
vn 0.178528 -0.654511 0.734672
vn 0.28936 -0.626544 0.72368
vn 0.166722 -0.480498 0.861003
vn 0.178528 -0.654511 0.734672
vn 0.247032 -0.464448 0.850449
vn 0.166722 -0.480498 0.861003
vn 0.055212 -0.675744 0.735065
vn 0.178528 -0.654511 0.734672
vn 0.051995 -0.499379 0.864822
vn 0.055212 -0.675744 0.735065
vn 0.166722 -0.480498 0.861003
vn 0.051995 -0.499379 0.864822
vn -0.106743 -0.669447 0.73515
vn 0.055212 -0.675744 0.735065
vn -0.09875 -0.47329 0.875354
vn -0.106743 -0.669447 0.73515
vn 0.051995 -0.499379 0.864822
vn 0.537314 0.646057 -0.54213
vn 0.707131 0.45017 -0.545264
vn 0.520105 0.55544 -0.648827
vn 0.727576 0.495625 -0.47433
vn 0.707131 0.45017 -0.545264
vn 0.537314 0.646057 -0.54213
vn 0.727576 0.495625 -0.47433
vn 0.822553 0.286858 -0.491039
vn 0.707131 0.45017 -0.545264
vn 0.857998 0.313545 -0.406853
vn 0.822553 0.286858 -0.491039
vn 0.727576 0.495625 -0.47433
vn 0.857998 0.313545 -0.406853
vn 0.875933 0.121381 -0.466913
vn 0.822553 0.286858 -0.491039
vn 0.922539 0.168502 -0.347173
vn 0.875933 0.121381 -0.466913
vn 0.857998 0.313545 -0.406853
vn 0.875933 0.121381 -0.466913
vn 0.727052 0.211294 -0.653261
vn 0.822553 0.286858 -0.491039
vn 0.758231 0.061262 -0.649101
vn 0.727052 0.211294 -0.653261
vn 0.875933 0.121381 -0.466913
vn 0.758231 0.061262 -0.649101
vn 0.570517 0.186339 -0.799868
vn 0.727052 0.211294 -0.653261
vn 0.627202 0.044624 -0.777578
vn 0.570517 0.186339 -0.799868
vn 0.758231 0.061262 -0.649101
vn 0.727052 0.211294 -0.653261
vn 0.707131 0.45017 -0.545264
vn 0.822553 0.286858 -0.491039
vn 0.641039 0.386223 -0.66325
vn 0.707131 0.45017 -0.545264
vn 0.727052 0.211294 -0.653261
vn 0.641039 0.386223 -0.66325
vn 0.520105 0.55544 -0.648827
vn 0.707131 0.45017 -0.545264
vn 0.510336 0.372914 -0.774915
vn 0.520105 0.55544 -0.648827
vn 0.641039 0.386223 -0.66325
vn 0.021619 0.153545 0.987905
vn -0.265906 0.326197 0.907133
vn 0.430603 0.507274 0.746494
vn 0.001713 0.121949 0.992535
vn -0.265906 0.326197 0.907133
vn 0.021619 0.153545 0.987905
vn 0.001713 0.121949 0.992535
vn -0.358702 0.356789 0.862574
vn -0.265906 0.326197 0.907133
vn 0.004807 0.102296 0.994742
vn -0.358702 0.356789 0.862574
vn 0.001713 0.121949 0.992535
vn 0.004807 0.102296 0.994742
vn -0.437627 0.338407 0.833044
vn -0.358702 0.356789 0.862574
vn 0.010714 0.080916 0.996663
vn -0.437627 0.338407 0.833044
vn 0.004807 0.102296 0.994742
vn 0.010714 0.080916 0.996663
vn -0.526288 0.314985 0.789814
vn -0.437627 0.338407 0.833044
vn 0.006214 0.084933 0.996367
vn -0.526288 0.314985 0.789814
vn 0.010714 0.080916 0.996663
vn 0.006214 0.084933 0.996367
vn -0.542891 0.228198 0.808205
vn -0.526288 0.314985 0.789814
vn -0.02887 0.100204 0.994548
vn -0.542891 0.228198 0.808205
vn 0.006214 0.084933 0.996367
vn -0.02887 0.100204 0.994548
vn -0.47065 0.122709 0.873745
vn -0.542891 0.228198 0.808205
vn -0.096697 0.11096 0.989109
vn -0.47065 0.122709 0.873745
vn -0.02887 0.100204 0.994548
vn -0.096697 0.11096 0.989109
vn -0.3616 -0.083867 0.928554
vn -0.47065 0.122709 0.873745
vn -0.133457 0.020493 0.990843
vn -0.3616 -0.083867 0.928554
vn -0.096697 0.11096 0.989109
vn -0.133457 0.020493 0.990843
vn -0.22253 -0.328753 0.917825
vn -0.3616 -0.083867 0.928554
vn -0.057221 0.058249 0.996661
vn -0.22253 -0.328753 0.917825
vn -0.133457 0.020493 0.990843
vn -0.057221 0.058249 0.996661
vn -0.108011 -0.451432 0.885744
vn -0.22253 -0.328753 0.917825
vn -0.04985 0.232089 0.971416
vn -0.108011 -0.451432 0.885744
vn -0.057221 0.058249 0.996661
vn -0.04985 0.232089 0.971416
vn -0.048663 -0.411882 0.909937
vn -0.108011 -0.451432 0.885744
vn -0.048732 0.274155 0.96045
vn -0.048663 -0.411882 0.909937
vn -0.04985 0.232089 0.971416
vn -0.048732 0.274155 0.96045
vn 0.019846 -0.376261 0.926301
vn -0.048663 -0.411882 0.909937
vn -0.06694 0.340649 0.937805
vn 0.019846 -0.376261 0.926301
vn -0.048732 0.274155 0.96045
vn -0.06694 0.340649 0.937805
vn 0.073904 -0.294845 0.952683
vn 0.019846 -0.376261 0.926301
vn -0.075994 0.374265 0.924203
vn 0.073904 -0.294845 0.952683
vn -0.06694 0.340649 0.937805
vn -0.075994 0.374265 0.924203
vn 0.083435 -0.208382 0.974482
vn 0.073904 -0.294845 0.952683
vn -0.12916 0.357704 0.92486
vn 0.083435 -0.208382 0.974482
vn -0.075994 0.374265 0.924203
vn -0.12916 0.357704 0.92486
vn 0.362861 0.314958 0.877002
vn 0.083435 -0.208382 0.974482
vn 0.126197 0.525403 0.841443
vn 0.362861 0.314958 0.877002
vn -0.12916 0.357704 0.92486
vn 0.541956 0.32598 0.77461
vn 0.640538 -0.292319 0.710113
vn 0.001713 0.121949 0.992535
vn 0.93264 0.059544 0.355861
vn 0.640538 -0.292319 0.710113
vn 0.541956 0.32598 0.77461
vn 0.93264 0.059544 0.355861
vn 0.868891 -0.485453 0.096763
vn 0.640538 -0.292319 0.710113
vn 0.993851 -0.107833 -0.025139
vn 0.868891 -0.485453 0.096763
vn 0.93264 0.059544 0.355861
vn 0.993851 -0.107833 -0.025139
vn 0.828805 -0.480041 -0.287475
vn 0.868891 -0.485453 0.096763
vn 0.948049 -0.162169 -0.273686
vn 0.828805 -0.480041 -0.287475
vn 0.993851 -0.107833 -0.025139
vn 0.948049 -0.162169 -0.273686
vn 0.758734 -0.442226 -0.478287
vn 0.828805 -0.480041 -0.287475
vn 0.927434 -0.062498 -0.368727
vn 0.758734 -0.442226 -0.478287
vn 0.948049 -0.162169 -0.273686
vn 0.927434 -0.062498 -0.368727
vn 0.666886 -0.315797 -0.674933
vn 0.758734 -0.442226 -0.478287
vn 0.838385 0.024254 -0.544539
vn 0.666886 -0.315797 -0.674933
vn 0.927434 -0.062498 -0.368727
vn 0.838385 0.024254 -0.544539
vn 0.51803 -0.112828 -0.847888
vn 0.666886 -0.315797 -0.674933
vn 0.709993 0.165154 -0.684568
vn 0.51803 -0.112828 -0.847888
vn 0.838385 0.024254 -0.544539
vn 0.709993 0.165154 -0.684568
vn 0.343312 0.111079 -0.93263
vn 0.51803 -0.112828 -0.847888
vn 0.593807 0.343599 -0.727552
vn 0.343312 0.111079 -0.93263
vn 0.709993 0.165154 -0.684568
vn 0.593807 0.343599 -0.727552
vn 0.1861 0.354688 -0.916277
vn 0.343312 0.111079 -0.93263
vn 0.466467 0.520701 -0.715037
vn 0.1861 0.354688 -0.916277
vn 0.593807 0.343599 -0.727552
vn 0.466467 0.520701 -0.715037
vn 0.054176 0.584666 -0.809463
vn 0.1861 0.354688 -0.916277
vn 0.325622 0.700984 -0.634501
vn 0.054176 0.584666 -0.809463
vn 0.466467 0.520701 -0.715037
vn 0.325622 0.700984 -0.634501
vn -0.059726 0.768283 -0.637318
vn 0.054176 0.584666 -0.809463
vn 0.182399 0.858751 -0.478829
vn -0.059726 0.768283 -0.637318
vn 0.325622 0.700984 -0.634501
vn 0.182399 0.858751 -0.478829
vn -0.176083 0.911214 -0.372404
vn -0.059726 0.768283 -0.637318
vn 0.081763 0.957695 -0.275926
vn -0.176083 0.911214 -0.372404
vn 0.182399 0.858751 -0.478829
vn 0.081763 0.957695 -0.275926
vn -0.255748 0.966383 -0.02642
vn -0.176083 0.911214 -0.372404
vn 0.121219 0.991744 -0.041833
vn -0.255748 0.966383 -0.02642
vn 0.081763 0.957695 -0.275926
vn 0.121219 0.991744 -0.041833
vn -0.253282 0.899369 0.356347
vn -0.255748 0.966383 -0.02642
vn 0.011919 0.944307 0.328849
vn -0.253282 0.899369 0.356347
vn 0.121219 0.991744 -0.041833
vn 0.011919 0.944307 0.328849
vn -0.12916 0.357704 0.92486
vn -0.253282 0.899369 0.356347
vn 0.311209 0.764075 0.5651
vn -0.12916 0.357704 0.92486
vn 0.011919 0.944307 0.328849
vn 0.001713 0.121949 0.992535
vn 0.641457 -0.306517 0.703264
vn 0.004807 0.102296 0.994742
vn 0.640538 -0.292319 0.710113
vn 0.641457 -0.306517 0.703264
vn 0.001713 0.121949 0.992535
vn 0.640538 -0.292319 0.710113
vn 0.873093 -0.459383 0.163326
vn 0.641457 -0.306517 0.703264
vn 0.868891 -0.485453 0.096763
vn 0.873093 -0.459383 0.163326
vn 0.640538 -0.292319 0.710113
vn 0.868891 -0.485453 0.096763
vn 0.850663 -0.465775 -0.243774
vn 0.873093 -0.459383 0.163326
vn 0.828805 -0.480041 -0.287475
vn 0.850663 -0.465775 -0.243774
vn 0.868891 -0.485453 0.096763
vn 0.828805 -0.480041 -0.287475
vn 0.79652 -0.41349 -0.441114
vn 0.850663 -0.465775 -0.243774
vn 0.758734 -0.442226 -0.478287
vn 0.79652 -0.41349 -0.441114
vn 0.828805 -0.480041 -0.287475
vn 0.758734 -0.442226 -0.478287
vn 0.707837 -0.277919 -0.649406
vn 0.79652 -0.41349 -0.441114
vn 0.666886 -0.315797 -0.674933
vn 0.707837 -0.277919 -0.649406
vn 0.758734 -0.442226 -0.478287
vn 0.666886 -0.315797 -0.674933
vn 0.587094 -0.072929 -0.806227
vn 0.707837 -0.277919 -0.649406
vn 0.51803 -0.112828 -0.847888
vn 0.587094 -0.072929 -0.806227
vn 0.666886 -0.315797 -0.674933
vn 0.51803 -0.112828 -0.847888
vn 0.440049 0.165243 -0.882639
vn 0.587094 -0.072929 -0.806227
vn 0.343312 0.111079 -0.93263
vn 0.440049 0.165243 -0.882639
vn 0.51803 -0.112828 -0.847888
vn 0.343312 0.111079 -0.93263
vn 0.265703 0.40834 -0.873304
vn 0.440049 0.165243 -0.882639
vn 0.1861 0.354688 -0.916277
vn 0.265703 0.40834 -0.873304
vn 0.343312 0.111079 -0.93263
vn 0.1861 0.354688 -0.916277
vn 0.107295 0.62463 -0.773515
vn 0.265703 0.40834 -0.873304
vn 0.054176 0.584666 -0.809463
vn 0.107295 0.62463 -0.773515
vn 0.1861 0.354688 -0.916277
vn 0.054176 0.584666 -0.809463
vn -0.012583 0.799172 -0.60097
vn 0.107295 0.62463 -0.773515
vn -0.059726 0.768283 -0.637318
vn -0.012583 0.799172 -0.60097
vn 0.054176 0.584666 -0.809463
vn -0.059726 0.768283 -0.637318
vn -0.092308 0.925835 -0.366482
vn -0.012583 0.799172 -0.60097
vn -0.176083 0.911214 -0.372404
vn -0.092308 0.925835 -0.366482
vn -0.059726 0.768283 -0.637318
vn -0.176083 0.911214 -0.372404
vn -0.173711 0.984697 0.013998
vn -0.092308 0.925835 -0.366482
vn -0.255748 0.966383 -0.02642
vn -0.173711 0.984697 0.013998
vn -0.176083 0.911214 -0.372404
vn -0.255748 0.966383 -0.02642
vn -0.182317 0.907685 0.377979
vn -0.173711 0.984697 0.013998
vn -0.253282 0.899369 0.356347
vn -0.182317 0.907685 0.377979
vn -0.255748 0.966383 -0.02642
vn -0.253282 0.899369 0.356347
vn -0.075994 0.374265 0.924203
vn -0.182317 0.907685 0.377979
vn -0.12916 0.357704 0.92486
vn -0.075994 0.374265 0.924203
vn -0.253282 0.899369 0.356347
vn 0.004807 0.102296 0.994742
vn 0.661164 -0.29125 0.691401
vn 0.010714 0.080916 0.996663
vn 0.641457 -0.306517 0.703264
vn 0.661164 -0.29125 0.691401
vn 0.004807 0.102296 0.994742
vn 0.641457 -0.306517 0.703264
vn 0.888097 -0.406008 0.215502
vn 0.661164 -0.29125 0.691401
vn 0.873093 -0.459383 0.163326
vn 0.888097 -0.406008 0.215502
vn 0.641457 -0.306517 0.703264
vn 0.873093 -0.459383 0.163326
vn 0.898334 -0.394299 -0.193712
vn 0.888097 -0.406008 0.215502
vn 0.850663 -0.465775 -0.243774
vn 0.898334 -0.394299 -0.193712
vn 0.873093 -0.459383 0.163326
vn 0.850663 -0.465775 -0.243774
vn 0.859307 -0.331721 -0.389297
vn 0.898334 -0.394299 -0.193712
vn 0.79652 -0.41349 -0.441114
vn 0.859307 -0.331721 -0.389297
vn 0.850663 -0.465775 -0.243774
vn 0.79652 -0.41349 -0.441114
vn 0.775014 -0.201318 -0.599019
vn 0.859307 -0.331721 -0.389297
vn 0.707837 -0.277919 -0.649406
vn 0.775014 -0.201318 -0.599019
vn 0.79652 -0.41349 -0.441114
vn 0.707837 -0.277919 -0.649406
vn 0.65622 -0.003068 -0.754563
vn 0.775014 -0.201318 -0.599019
vn 0.587094 -0.072929 -0.806227
vn 0.65622 -0.003068 -0.754563
vn 0.707837 -0.277919 -0.649406
vn 0.587094 -0.072929 -0.806227
vn 0.519673 0.227184 -0.823606
vn 0.65622 -0.003068 -0.754563
vn 0.440049 0.165243 -0.882639
vn 0.519673 0.227184 -0.823606
vn 0.587094 -0.072929 -0.806227
vn 0.440049 0.165243 -0.882639
vn 0.37122 0.453126 -0.810477
vn 0.519673 0.227184 -0.823606
vn 0.265703 0.40834 -0.873304
vn 0.37122 0.453126 -0.810477
vn 0.440049 0.165243 -0.882639
vn 0.265703 0.40834 -0.873304
vn 0.216727 0.664835 -0.714859
vn 0.37122 0.453126 -0.810477
vn 0.107295 0.62463 -0.773515
vn 0.216727 0.664835 -0.714859
vn 0.265703 0.40834 -0.873304
vn 0.107295 0.62463 -0.773515
vn 0.097578 0.832918 -0.544726
vn 0.216727 0.664835 -0.714859
vn -0.012583 0.799172 -0.60097
vn 0.097578 0.832918 -0.544726
vn 0.107295 0.62463 -0.773515
vn -0.012583 0.799172 -0.60097
vn 0.0103 0.943312 -0.331747
vn 0.097578 0.832918 -0.544726
vn -0.092308 0.925835 -0.366482
vn 0.0103 0.943312 -0.331747
vn -0.012583 0.799172 -0.60097
vn -0.092308 0.925835 -0.366482
vn -0.090444 0.994576 0.051364
vn 0.0103 0.943312 -0.331747
vn -0.173711 0.984697 0.013998
vn -0.090444 0.994576 0.051364
vn -0.092308 0.925835 -0.366482
vn -0.173711 0.984697 0.013998
vn -0.118579 0.888553 0.443184
vn -0.090444 0.994576 0.051364
vn -0.182317 0.907685 0.377979
vn -0.118579 0.888553 0.443184
vn -0.173711 0.984697 0.013998
vn -0.182317 0.907685 0.377979
vn -0.06694 0.340649 0.937805
vn -0.118579 0.888553 0.443184
vn -0.075994 0.374265 0.924203
vn -0.06694 0.340649 0.937805
vn -0.182317 0.907685 0.377979
vn 0.010714 0.080916 0.996663
vn 0.662169 -0.233994 0.711884
vn 0.006214 0.084933 0.996367
vn 0.661164 -0.29125 0.691401
vn 0.662169 -0.233994 0.711884
vn 0.010714 0.080916 0.996663
vn 0.661164 -0.29125 0.691401
vn 0.905856 -0.346675 0.243396
vn 0.662169 -0.233994 0.711884
vn 0.888097 -0.406008 0.215502
vn 0.905856 -0.346675 0.243396
vn 0.661164 -0.29125 0.691401
vn 0.888097 -0.406008 0.215502
vn 0.930628 -0.32545 -0.167376
vn 0.905856 -0.346675 0.243396
vn 0.898334 -0.394299 -0.193712
vn 0.930628 -0.32545 -0.167376
vn 0.888097 -0.406008 0.215502
vn 0.898334 -0.394299 -0.193712
vn 0.894625 -0.262856 -0.361321
vn 0.930628 -0.32545 -0.167376
vn 0.859307 -0.331721 -0.389297
vn 0.894625 -0.262856 -0.361321
vn 0.898334 -0.394299 -0.193712
vn 0.859307 -0.331721 -0.389297
vn 0.826634 -0.140732 -0.544859
vn 0.894625 -0.262856 -0.361321
vn 0.775014 -0.201318 -0.599019
vn 0.826634 -0.140732 -0.544859
vn 0.859307 -0.331721 -0.389297
vn 0.775014 -0.201318 -0.599019
vn 0.720079 0.04328 -0.692541
vn 0.826634 -0.140732 -0.544859
vn 0.65622 -0.003068 -0.754563
vn 0.720079 0.04328 -0.692541
vn 0.775014 -0.201318 -0.599019
vn 0.65622 -0.003068 -0.754563
vn 0.570347 0.282467 -0.771308
vn 0.720079 0.04328 -0.692541
vn 0.519673 0.227184 -0.823606
vn 0.570347 0.282467 -0.771308
vn 0.65622 -0.003068 -0.754563
vn 0.519673 0.227184 -0.823606
vn 0.437419 0.491643 -0.752962
vn 0.570347 0.282467 -0.771308
vn 0.37122 0.453126 -0.810477
vn 0.437419 0.491643 -0.752962
vn 0.519673 0.227184 -0.823606
vn 0.37122 0.453126 -0.810477
vn 0.30322 0.692902 -0.654174
vn 0.437419 0.491643 -0.752962
vn 0.216727 0.664835 -0.714859
vn 0.30322 0.692902 -0.654174
vn 0.37122 0.453126 -0.810477
vn 0.216727 0.664835 -0.714859
vn 0.210456 0.835544 -0.507519
vn 0.30322 0.692902 -0.654174
vn 0.097578 0.832918 -0.544726
vn 0.210456 0.835544 -0.507519
vn 0.216727 0.664835 -0.714859
vn 0.097578 0.832918 -0.544726
vn 0.118628 0.94765 -0.296458
vn 0.210456 0.835544 -0.507519
vn 0.0103 0.943312 -0.331747
vn 0.118628 0.94765 -0.296458
vn 0.097578 0.832918 -0.544726
vn 0.0103 0.943312 -0.331747
vn 0.013397 0.995232 0.096611
vn 0.118628 0.94765 -0.296458
vn -0.090444 0.994576 0.051364
vn 0.013397 0.995232 0.096611
vn 0.0103 0.943312 -0.331747
vn -0.090444 0.994576 0.051364
vn -0.053547 0.841274 0.537951
vn 0.013397 0.995232 0.096611
vn -0.118579 0.888553 0.443184
vn -0.053547 0.841274 0.537951
vn -0.090444 0.994576 0.051364
vn -0.118579 0.888553 0.443184
vn -0.048732 0.274155 0.96045
vn -0.053547 0.841274 0.537951
vn -0.06694 0.340649 0.937805
vn -0.048732 0.274155 0.96045
vn -0.118579 0.888553 0.443184
vn -0.265906 0.326197 0.907133
vn 0.473227 0.494131 0.729308
vn 0.584856 0.503409 0.63602
vn -0.107599 0.305117 0.946217
vn 0.473227 0.494131 0.729308
vn -0.265906 0.326197 0.907133
vn -0.107599 0.305117 0.946217
vn 0.509777 0.511321 0.691866
vn 0.473227 0.494131 0.729308
vn 0.041284 0.286308 0.957248
vn 0.509777 0.511321 0.691866
vn -0.107599 0.305117 0.946217
vn 0.041284 0.286308 0.957248
vn 0.513291 0.536186 0.670102
vn 0.509777 0.511321 0.691866
vn 0.111487 0.239557 0.96446
vn 0.513291 0.536186 0.670102
vn 0.041284 0.286308 0.957248
vn 0.111487 0.239557 0.96446
vn 0.475614 0.549554 0.686864
vn 0.513291 0.536186 0.670102
vn 0.116817 0.132165 0.98432
vn 0.475614 0.549554 0.686864
vn 0.111487 0.239557 0.96446
vn 0.116817 0.132165 0.98432
vn 0.45005 0.490232 0.74641
vn 0.475614 0.549554 0.686864
vn 0.109183 -0.070881 0.991491
vn 0.45005 0.490232 0.74641
vn 0.116817 0.132165 0.98432
vn 0.109183 -0.070881 0.991491
vn 0.362861 0.314958 0.877002
vn 0.45005 0.490232 0.74641
vn 0.083435 -0.208382 0.974482
vn 0.289725 0.180316 0.939971
vn 0.109183 -0.070881 0.991491
vn -0.358702 0.356789 0.862574
vn -0.107599 0.305117 0.946217
vn -0.265906 0.326197 0.907133
vn -0.222077 0.328563 0.918002
vn -0.107599 0.305117 0.946217
vn -0.358702 0.356789 0.862574
vn -0.222077 0.328563 0.918002
vn 0.041284 0.286308 0.957248
vn -0.107599 0.305117 0.946217
vn -0.079113 0.259101 0.962605
vn 0.041284 0.286308 0.957248
vn -0.222077 0.328563 0.918002
vn -0.079113 0.259101 0.962605
vn 0.111487 0.239557 0.96446
vn 0.041284 0.286308 0.957248
vn 0.011778 0.165746 0.986098
vn 0.111487 0.239557 0.96446
vn -0.079113 0.259101 0.962605
vn 0.011778 0.165746 0.986098
vn 0.116817 0.132165 0.98432
vn 0.111487 0.239557 0.96446
vn 0.065592 0.028001 0.997454
vn 0.116817 0.132165 0.98432
vn 0.011778 0.165746 0.986098
vn 0.065592 0.028001 0.997454
vn 0.109183 -0.070881 0.991491
vn 0.116817 0.132165 0.98432
vn 0.100009 -0.184293 0.97777
vn 0.109183 -0.070881 0.991491
vn 0.065592 0.028001 0.997454
vn 0.100009 -0.184293 0.97777
vn 0.083435 -0.208382 0.974482
vn 0.109183 -0.070881 0.991491
vn 0.073904 -0.294845 0.952683
vn 0.083435 -0.208382 0.974482
vn 0.100009 -0.184293 0.97777
vn -0.437627 0.338407 0.833044
vn -0.222077 0.328563 0.918002
vn -0.358702 0.356789 0.862574
vn -0.344867 0.318462 0.882977
vn -0.222077 0.328563 0.918002
vn -0.437627 0.338407 0.833044
vn -0.344867 0.318462 0.882977
vn -0.079113 0.259101 0.962605
vn -0.222077 0.328563 0.918002
vn -0.18457 0.220244 0.957824
vn -0.079113 0.259101 0.962605
vn -0.344867 0.318462 0.882977
vn -0.18457 0.220244 0.957824
vn 0.011778 0.165746 0.986098
vn -0.079113 0.259101 0.962605
vn -0.086953 0.096563 0.991521
vn 0.011778 0.165746 0.986098
vn -0.18457 0.220244 0.957824
vn -0.086953 0.096563 0.991521
vn 0.065592 0.028001 0.997454
vn 0.011778 0.165746 0.986098
vn -0.015847 -0.060509 0.998042
vn 0.065592 0.028001 0.997454
vn -0.086953 0.096563 0.991521
vn -0.015847 -0.060509 0.998042
vn 0.100009 -0.184293 0.97777
vn 0.065592 0.028001 0.997454
vn 0.042113 -0.286737 0.957083
vn 0.100009 -0.184293 0.97777
vn -0.015847 -0.060509 0.998042
vn 0.042113 -0.286737 0.957083
vn 0.073904 -0.294845 0.952683
vn 0.100009 -0.184293 0.97777
vn 0.019846 -0.376261 0.926301
vn 0.073904 -0.294845 0.952683
vn 0.042113 -0.286737 0.957083
vn -0.526288 0.314985 0.789814
vn -0.344867 0.318462 0.882977
vn -0.437627 0.338407 0.833044
vn -0.417244 0.299375 0.858069
vn -0.344867 0.318462 0.882977
vn -0.526288 0.314985 0.789814
vn -0.417244 0.299375 0.858069
vn -0.18457 0.220244 0.957824
vn -0.344867 0.318462 0.882977
vn -0.28415 0.167667 0.944006
vn -0.18457 0.220244 0.957824
vn -0.417244 0.299375 0.858069
vn -0.28415 0.167667 0.944006
vn -0.086953 0.096563 0.991521
vn -0.18457 0.220244 0.957824
vn -0.184299 0.02958 0.982425
vn -0.086953 0.096563 0.991521
vn -0.28415 0.167667 0.944006
vn -0.184299 0.02958 0.982425
vn -0.015847 -0.060509 0.998042
vn -0.086953 0.096563 0.991521
vn -0.104005 -0.130136 0.986026
vn -0.015847 -0.060509 0.998042
vn -0.184299 0.02958 0.982425
vn -0.104005 -0.130136 0.986026
vn 0.042113 -0.286737 0.957083
vn -0.015847 -0.060509 0.998042
vn -0.034812 -0.418794 0.907414
vn 0.042113 -0.286737 0.957083
vn -0.104005 -0.130136 0.986026
vn -0.034812 -0.418794 0.907414
vn 0.019846 -0.376261 0.926301
vn 0.042113 -0.286737 0.957083
vn -0.048663 -0.411882 0.909937
vn 0.019846 -0.376261 0.926301
vn -0.034812 -0.418794 0.907414
vn 0.006214 0.084933 0.996367
vn 0.621029 -0.139136 0.771339
vn -0.02887 0.100204 0.994548
vn 0.662169 -0.233994 0.711884
vn 0.621029 -0.139136 0.771339
vn 0.006214 0.084933 0.996367
vn 0.662169 -0.233994 0.711884
vn 0.926387 -0.247619 0.28371
vn 0.621029 -0.139136 0.771339
vn 0.905856 -0.346675 0.243396
vn 0.926387 -0.247619 0.28371
vn 0.662169 -0.233994 0.711884
vn 0.905856 -0.346675 0.243396
vn 0.962956 -0.243885 -0.115043
vn 0.926387 -0.247619 0.28371
vn 0.930628 -0.32545 -0.167376
vn 0.962956 -0.243885 -0.115043
vn 0.905856 -0.346675 0.243396
vn 0.930628 -0.32545 -0.167376
vn 0.925974 -0.184539 -0.329421
vn 0.962956 -0.243885 -0.115043
vn 0.894625 -0.262856 -0.361321
vn 0.925974 -0.184539 -0.329421
vn 0.930628 -0.32545 -0.167376
vn 0.894625 -0.262856 -0.361321
vn 0.86876 -0.109366 -0.483006
vn 0.925974 -0.184539 -0.329421
vn 0.826634 -0.140732 -0.544859
vn 0.86876 -0.109366 -0.483006
vn 0.894625 -0.262856 -0.361321
vn 0.826634 -0.140732 -0.544859
vn 0.790049 0.068484 -0.609207
vn 0.86876 -0.109366 -0.483006
vn 0.720079 0.04328 -0.692541
vn 0.790049 0.068484 -0.609207
vn 0.826634 -0.140732 -0.544859
vn 0.720079 0.04328 -0.692541
vn 0.639714 0.336273 -0.691149
vn 0.790049 0.068484 -0.609207
vn 0.570347 0.282467 -0.771308
vn 0.639714 0.336273 -0.691149
vn 0.720079 0.04328 -0.692541
vn 0.570347 0.282467 -0.771308
vn 0.474882 0.57552 -0.665781
vn 0.639714 0.336273 -0.691149
vn 0.437419 0.491643 -0.752962
vn 0.474882 0.57552 -0.665781
vn 0.570347 0.282467 -0.771308
vn 0.437419 0.491643 -0.752962
vn 0.37364 0.689973 -0.619945
vn 0.474882 0.57552 -0.665781
vn 0.30322 0.692902 -0.654174
vn 0.37364 0.689973 -0.619945
vn 0.437419 0.491643 -0.752962
vn 0.30322 0.692902 -0.654174
vn 0.323357 0.795821 -0.511965
vn 0.37364 0.689973 -0.619945
vn 0.210456 0.835544 -0.507519
vn 0.323357 0.795821 -0.511965
vn 0.30322 0.692902 -0.654174
vn 0.210456 0.835544 -0.507519
vn 0.25374 0.9164 -0.30956
vn 0.323357 0.795821 -0.511965
vn 0.118628 0.94765 -0.296458
vn 0.25374 0.9164 -0.30956
vn 0.210456 0.835544 -0.507519
vn 0.118628 0.94765 -0.296458
vn 0.131434 0.977069 0.167518
vn 0.25374 0.9164 -0.30956
vn 0.013397 0.995232 0.096611
vn 0.131434 0.977069 0.167518
vn 0.118628 0.94765 -0.296458
vn 0.013397 0.995232 0.096611
vn 0.015769 0.809376 0.58708
vn 0.131434 0.977069 0.167518
vn -0.053547 0.841274 0.537951
vn 0.015769 0.809376 0.58708
vn 0.013397 0.995232 0.096611
vn -0.053547 0.841274 0.537951
vn -0.04985 0.232089 0.971416
vn 0.015769 0.809376 0.58708
vn -0.048732 0.274155 0.96045
vn -0.04985 0.232089 0.971416
vn -0.053547 0.841274 0.537951
vn 0.86876 -0.109366 -0.483006
vn 0.889249 0.037819 -0.455857
vn 0.925974 -0.184539 -0.329421
vn 0.790049 0.068484 -0.609207
vn 0.889249 0.037819 -0.455857
vn 0.86876 -0.109366 -0.483006
vn 0.790049 0.068484 -0.609207
vn 0.715143 0.40104 -0.572484
vn 0.889249 0.037819 -0.455857
vn 0.639714 0.336273 -0.691149
vn 0.715143 0.40104 -0.572484
vn 0.790049 0.068484 -0.609207
vn 0.639714 0.336273 -0.691149
vn 0.466193 0.695992 -0.546131
vn 0.715143 0.40104 -0.572484
vn 0.474882 0.57552 -0.665781
vn 0.466193 0.695992 -0.546131
vn 0.639714 0.336273 -0.691149
vn 0.474882 0.57552 -0.665781
vn 0.323357 0.795821 -0.511965
vn 0.466193 0.695992 -0.546131
vn 0.37364 0.689973 -0.619945
vn 0.323357 0.795821 -0.511965
vn 0.474882 0.57552 -0.665781
vn 0.925974 -0.184539 -0.329421
vn 0.97823 -0.065853 -0.1968
vn 0.962956 -0.243885 -0.115043
vn 0.889249 0.037819 -0.455857
vn 0.97823 -0.065853 -0.1968
vn 0.925974 -0.184539 -0.329421
vn 0.889249 0.037819 -0.455857
vn 0.86444 0.365492 -0.345195
vn 0.97823 -0.065853 -0.1968
vn 0.715143 0.40104 -0.572484
vn 0.86444 0.365492 -0.345195
vn 0.889249 0.037819 -0.455857
vn 0.715143 0.40104 -0.572484
vn 0.503037 0.787577 -0.355915
vn 0.86444 0.365492 -0.345195
vn 0.466193 0.695992 -0.546131
vn 0.503037 0.787577 -0.355915
vn 0.715143 0.40104 -0.572484
vn 0.466193 0.695992 -0.546131
vn 0.25374 0.9164 -0.30956
vn 0.503037 0.787577 -0.355915
vn 0.323357 0.795821 -0.511965
vn 0.25374 0.9164 -0.30956
vn 0.466193 0.695992 -0.546131
vn -0.02887 0.100204 0.994548
vn 0.503499 0.035716 0.863258
vn -0.096697 0.11096 0.989109
vn 0.621029 -0.139136 0.771339
vn 0.503499 0.035716 0.863258
vn -0.02887 0.100204 0.994548
vn 0.621029 -0.139136 0.771339
vn 0.947696 -0.015023 0.318821
vn 0.503499 0.035716 0.863258
vn 0.926387 -0.247619 0.28371
vn 0.947696 -0.015023 0.318821
vn 0.621029 -0.139136 0.771339
vn 0.926387 -0.247619 0.28371
vn 0.97823 -0.065853 -0.1968
vn 0.947696 -0.015023 0.318821
vn 0.962956 -0.243885 -0.115043
vn 0.97823 -0.065853 -0.1968
vn 0.926387 -0.247619 0.28371
vn -0.096697 0.11096 0.989109
vn 0.273796 0.353163 0.894602
vn -0.133457 0.020493 0.990843
vn 0.503499 0.035716 0.863258
vn 0.273796 0.353163 0.894602
vn -0.096697 0.11096 0.989109
vn 0.503499 0.035716 0.863258
vn 0.765304 0.546647 0.339833
vn 0.273796 0.353163 0.894602
vn 0.947696 -0.015023 0.318821
vn 0.765304 0.546647 0.339833
vn 0.503499 0.035716 0.863258
vn 0.947696 -0.015023 0.318821
vn 0.86444 0.365492 -0.345195
vn 0.765304 0.546647 0.339833
vn 0.97823 -0.065853 -0.1968
vn 0.86444 0.365492 -0.345195
vn 0.947696 -0.015023 0.318821
vn -0.526288 0.314985 0.789814
vn -0.540971 0.238044 0.80665
vn -0.417244 0.299375 0.858069
vn -0.542891 0.228198 0.808205
vn -0.540971 0.238044 0.80665
vn -0.526288 0.314985 0.789814
vn -0.542891 0.228198 0.808205
vn -0.444775 0.110686 0.888777
vn -0.540971 0.238044 0.80665
vn -0.47065 0.122709 0.873745
vn -0.444775 0.110686 0.888777
vn -0.542891 0.228198 0.808205
vn -0.47065 0.122709 0.873745
vn -0.316914 -0.039625 0.947626
vn -0.444775 0.110686 0.888777
vn -0.3616 -0.083867 0.928554
vn -0.316914 -0.039625 0.947626
vn -0.47065 0.122709 0.873745
vn -0.3616 -0.083867 0.928554
vn -0.209527 -0.241837 0.947425
vn -0.316914 -0.039625 0.947626
vn -0.22253 -0.328753 0.917825
vn -0.209527 -0.241837 0.947425
vn -0.3616 -0.083867 0.928554
vn -0.22253 -0.328753 0.917825
vn -0.134031 -0.470553 0.872133
vn -0.209527 -0.241837 0.947425
vn -0.108011 -0.451432 0.885744
vn -0.134031 -0.470553 0.872133
vn -0.22253 -0.328753 0.917825
vn -0.108011 -0.451432 0.885744
vn -0.034812 -0.418794 0.907414
vn -0.134031 -0.470553 0.872133
vn -0.048663 -0.411882 0.909937
vn -0.034812 -0.418794 0.907414
vn -0.108011 -0.451432 0.885744
vn -0.540971 0.238044 0.80665
vn -0.28415 0.167667 0.944006
vn -0.417244 0.299375 0.858069
vn -0.444775 0.110686 0.888777
vn -0.28415 0.167667 0.944006
vn -0.540971 0.238044 0.80665
vn -0.444775 0.110686 0.888777
vn -0.184299 0.02958 0.982425
vn -0.28415 0.167667 0.944006
vn -0.316914 -0.039625 0.947626
vn -0.184299 0.02958 0.982425
vn -0.444775 0.110686 0.888777
vn -0.316914 -0.039625 0.947626
vn -0.104005 -0.130136 0.986026
vn -0.184299 0.02958 0.982425
vn -0.209527 -0.241837 0.947425
vn -0.104005 -0.130136 0.986026
vn -0.316914 -0.039625 0.947626
vn -0.209527 -0.241837 0.947425
vn -0.034812 -0.418794 0.907414
vn -0.104005 -0.130136 0.986026
vn -0.134031 -0.470553 0.872133
vn -0.034812 -0.418794 0.907414
vn -0.209527 -0.241837 0.947425
vn -0.04985 0.232089 0.971416
vn 0.116994 0.653373 0.747942
vn 0.015769 0.809376 0.58708
vn -0.057221 0.058249 0.996661
vn 0.116994 0.653373 0.747942
vn -0.04985 0.232089 0.971416
vn -0.057221 0.058249 0.996661
vn 0.273796 0.353163 0.894602
vn 0.116994 0.653373 0.747942
vn -0.133457 0.020493 0.990843
vn 0.273796 0.353163 0.894602
vn -0.057221 0.058249 0.996661
vn 0.273796 0.353163 0.894602
vn 0.337429 0.904572 0.260558
vn 0.116994 0.653373 0.747942
vn 0.765304 0.546647 0.339833
vn 0.337429 0.904572 0.260558
vn 0.273796 0.353163 0.894602
vn 0.765304 0.546647 0.339833
vn 0.503037 0.787577 -0.355915
vn 0.337429 0.904572 0.260558
vn 0.86444 0.365492 -0.345195
vn 0.503037 0.787577 -0.355915
vn 0.765304 0.546647 0.339833
vn 0.116994 0.653373 0.747942
vn 0.131434 0.977069 0.167518
vn 0.015769 0.809376 0.58708
vn 0.337429 0.904572 0.260558
vn 0.131434 0.977069 0.167518
vn 0.116994 0.653373 0.747942
vn 0.337429 0.904572 0.260558
vn 0.25374 0.9164 -0.30956
vn 0.131434 0.977069 0.167518
vn 0.503037 0.787577 -0.355915
vn 0.25374 0.9164 -0.30956
vn 0.337429 0.904572 0.260558
vn 0.454602 0.637093 -0.622455
vn 0.668284 0.447883 -0.593968
vn 0.629298 0.481843 -0.609763
vn 0.605662 0.598817 -0.524014
vn 0.668284 0.447883 -0.593968
vn 0.454602 0.637093 -0.622455
vn 0.605662 0.598817 -0.524014
vn 0.79262 0.490358 -0.362356
vn 0.668284 0.447883 -0.593968
vn 0.668774 0.698052 -0.25586
vn 0.79262 0.490358 -0.362356
vn 0.605662 0.598817 -0.524014
vn 0.668774 0.698052 -0.25586
vn 0.814101 0.570354 -0.109253
vn 0.79262 0.490358 -0.362356
vn 0.690078 0.723608 -0.013533
vn 0.814101 0.570354 -0.109253
vn 0.668774 0.698052 -0.25586
vn 0.690078 0.723608 -0.013533
vn 0.734797 0.661567 0.149674
vn 0.814101 0.570354 -0.109253
vn 0.532438 0.786893 0.311944
vn 0.734797 0.661567 0.149674
vn 0.690078 0.723608 -0.013533
vn 0.532438 0.786893 0.311944
vn 0.694631 0.650079 0.308034
vn 0.734797 0.661567 0.149674
vn 0.54192 0.706004 0.45594
vn 0.694631 0.650079 0.308034
vn 0.532438 0.786893 0.311944
vn 0.54192 0.706004 0.45594
vn 0.781962 0.482298 0.394871
vn 0.694631 0.650079 0.308034
vn 0.613201 0.546296 0.570565
vn 0.781962 0.482298 0.394871
vn 0.54192 0.706004 0.45594
vn 0.613201 0.546296 0.570565
vn 0.826333 0.302283 0.475184
vn 0.781962 0.482298 0.394871
vn 0.643398 0.44028 0.626252
vn 0.826333 0.302283 0.475184
vn 0.613201 0.546296 0.570565
vn 0.643398 0.44028 0.626252
vn 0.828403 0.205449 0.521094
vn 0.826333 0.302283 0.475184
vn 0.66796 0.36484 0.64863
vn 0.828403 0.205449 0.521094
vn 0.643398 0.44028 0.626252
vn 0.66796 0.36484 0.64863
vn 0.793736 0.113361 0.597606
vn 0.828403 0.205449 0.521094
vn 0.666156 0.296072 0.684527
vn 0.793736 0.113361 0.597606
vn 0.66796 0.36484 0.64863
vn 0.666156 0.296072 0.684527
vn 0.744164 0.031032 0.667276
vn 0.793736 0.113361 0.597606
vn 0.677783 0.273454 0.682519
vn 0.744164 0.031032 0.667276
vn 0.666156 0.296072 0.684527
vn 0.677783 0.273454 0.682519
vn 0.66737 -0.07224 0.741214
vn 0.744164 0.031032 0.667276
vn 0.670665 0.161174 0.724038
vn 0.66737 -0.07224 0.741214
vn 0.677783 0.273454 0.682519
vn 0.670665 0.161174 0.724038
vn 0.505114 -0.187803 0.842371
vn 0.66737 -0.07224 0.741214
vn 0.595227 0.098648 0.797479
vn 0.505114 -0.187803 0.842371
vn 0.670665 0.161174 0.724038
vn 0.595227 0.098648 0.797479
vn 0.257203 -0.235443 0.937237
vn 0.505114 -0.187803 0.842371
vn 0.410055 0.064145 0.909802
vn 0.257203 -0.235443 0.937237
vn 0.595227 0.098648 0.797479
vn 0.410055 0.064145 0.909802
vn -0.015923 -0.171344 0.985083
vn 0.257203 -0.235443 0.937237
vn 0.228137 0.122422 0.965902
vn -0.015923 -0.171344 0.985083
vn 0.410055 0.064145 0.909802
vn 0.228137 0.122422 0.965902
vn -0.23578 -0.041188 0.970933
vn -0.015923 -0.171344 0.985083
vn -0.018023 0.166239 0.985921
vn -0.23578 -0.041188 0.970933
vn 0.228137 0.122422 0.965902
vn -0.018023 0.166239 0.985921
vn -0.391265 0.111729 0.91347
vn -0.23578 -0.041188 0.970933
vn -0.102248 0.270717 0.957213
vn -0.391265 0.111729 0.91347
vn -0.018023 0.166239 0.985921
vn -0.102248 0.270717 0.957213
vn -0.485972 0.267325 0.832087
vn -0.391265 0.111729 0.91347
vn -0.200548 0.396095 0.896041
vn -0.485972 0.267325 0.832087
vn -0.102248 0.270717 0.957213
vn -0.200548 0.396095 0.896041
vn -0.523726 0.418275 0.74213
vn -0.485972 0.267325 0.832087
vn -0.23744 0.524126 0.817872
vn -0.523726 0.418275 0.74213
vn -0.200548 0.396095 0.896041
vn -0.23744 0.524126 0.817872
vn -0.51601 0.554068 0.653255
vn -0.523726 0.418275 0.74213
vn -0.22425 0.64449 0.730989
vn -0.51601 0.554068 0.653255
vn -0.23744 0.524126 0.817872
vn -0.22425 0.64449 0.730989
vn -0.48146 0.669411 0.565761
vn -0.51601 0.554068 0.653255
vn -0.183624 0.741145 0.645745
vn -0.48146 0.669411 0.565761
vn -0.22425 0.64449 0.730989
vn -0.183624 0.741145 0.645745
vn -0.433029 0.760742 0.483485
vn -0.48146 0.669411 0.565761
vn -0.137065 0.811463 0.568103
vn -0.433029 0.760742 0.483485
vn -0.183624 0.741145 0.645745
vn -0.137065 0.811463 0.568103
vn -0.381907 0.832775 0.40079
vn -0.433029 0.760742 0.483485
vn -0.09767 0.868136 0.486622
vn -0.381907 0.832775 0.40079
vn -0.137065 0.811463 0.568103
vn -0.09767 0.868136 0.486622
vn -0.333126 0.888318 0.3161
vn -0.381907 0.832775 0.40079
vn -0.067775 0.915447 0.396691
vn -0.333126 0.888318 0.3161
vn -0.09767 0.868136 0.486622
vn -0.067775 0.915447 0.396691
vn -0.281758 0.932441 0.2262
vn -0.333126 0.888318 0.3161
vn -0.037541 0.952941 0.300822
vn -0.281758 0.932441 0.2262
vn -0.067775 0.915447 0.396691
vn -0.037541 0.952941 0.300822
vn -0.230327 0.965788 0.119175
vn -0.281758 0.932441 0.2262
vn -0.006772 0.981728 0.19017
vn -0.230327 0.965788 0.119175
vn -0.037541 0.952941 0.300822
vn -0.006772 0.981728 0.19017
vn -0.172804 0.984903 -0.010278
vn -0.230327 0.965788 0.119175
vn 0.033067 0.99815 0.051019
vn -0.172804 0.984903 -0.010278
vn -0.006772 0.981728 0.19017
vn 0.033067 0.99815 0.051019
vn -0.09275 0.981086 -0.169907
vn -0.172804 0.984903 -0.010278
vn 0.089243 0.986649 -0.136236
vn -0.09275 0.981086 -0.169907
vn 0.033067 0.99815 0.051019
vn 0.089243 0.986649 -0.136236
vn -0.012168 0.908517 -0.41767
vn -0.09275 0.981086 -0.169907
vn 0.142794 0.914527 -0.378484
vn -0.012168 0.908517 -0.41767
vn 0.089243 0.986649 -0.136236
vn 0.142794 0.914527 -0.378484
vn -0.036271 0.789104 -0.613188
vn -0.012168 0.908517 -0.41767
vn 0.150445 0.794532 -0.58829
vn -0.036271 0.789104 -0.613188
vn 0.142794 0.914527 -0.378484
vn 0.150445 0.794532 -0.58829
vn -0.091389 0.674779 -0.732339
vn -0.036271 0.789104 -0.613188
vn 0.132073 0.682855 -0.718516
vn -0.091389 0.674779 -0.732339
vn 0.150445 0.794532 -0.58829
vn 0.132073 0.682855 -0.718516
vn -0.063532 0.916881 -0.394071
vn -0.091389 0.674779 -0.732339
vn 0.118536 0.912157 -0.392325
vn -0.063532 0.916881 -0.394071
vn 0.132073 0.682855 -0.718516
vn 0.694631 0.650079 0.308034
vn 0.916468 0.38808 0.097367
vn 0.734797 0.661567 0.149674
vn 0.781962 0.482298 0.394871
vn 0.916468 0.38808 0.097367
vn 0.694631 0.650079 0.308034
vn 0.781962 0.482298 0.394871
vn 0.971195 0.152376 0.1832
vn 0.916468 0.38808 0.097367
vn 0.826333 0.302283 0.475184
vn 0.971195 0.152376 0.1832
vn 0.781962 0.482298 0.394871
vn 0.826333 0.302283 0.475184
vn 0.966685 0.026449 0.254599
vn 0.971195 0.152376 0.1832
vn 0.828403 0.205449 0.521094
vn 0.966685 0.026449 0.254599
vn 0.826333 0.302283 0.475184
vn 0.828403 0.205449 0.521094
vn 0.915115 -0.101046 0.390325
vn 0.966685 0.026449 0.254599
vn 0.793736 0.113361 0.597606
vn 0.915115 -0.101046 0.390325
vn 0.828403 0.205449 0.521094
vn 0.793736 0.113361 0.597606
vn 0.804569 -0.23077 0.547187
vn 0.915115 -0.101046 0.390325
vn 0.744164 0.031032 0.667276
vn 0.804569 -0.23077 0.547187
vn 0.793736 0.113361 0.597606
vn 0.744164 0.031032 0.667276
vn 0.643565 -0.353488 0.678874
vn 0.804569 -0.23077 0.547187
vn 0.66737 -0.07224 0.741214
vn 0.643565 -0.353488 0.678874
vn 0.744164 0.031032 0.667276
vn 0.66737 -0.07224 0.741214
vn 0.421259 -0.445779 0.789824
vn 0.643565 -0.353488 0.678874
vn 0.505114 -0.187803 0.842371
vn 0.421259 -0.445779 0.789824
vn 0.66737 -0.07224 0.741214
vn 0.505114 -0.187803 0.842371
vn 0.143021 -0.466613 0.872822
vn 0.421259 -0.445779 0.789824
vn 0.257203 -0.235443 0.937237
vn 0.143021 -0.466613 0.872822
vn 0.505114 -0.187803 0.842371
vn 0.257203 -0.235443 0.937237
vn -0.149445 -0.397399 0.905395
vn 0.143021 -0.466613 0.872822
vn -0.015923 -0.171344 0.985083
vn -0.149445 -0.397399 0.905395
vn 0.257203 -0.235443 0.937237
vn -0.015923 -0.171344 0.985083
vn -0.396567 -0.259985 0.880422
vn -0.149445 -0.397399 0.905395
vn -0.23578 -0.041188 0.970933
vn -0.396567 -0.259985 0.880422
vn -0.015923 -0.171344 0.985083
vn -0.23578 -0.041188 0.970933
vn -0.575298 -0.092473 0.8127
vn -0.396567 -0.259985 0.880422
vn -0.391265 0.111729 0.91347
vn -0.575298 -0.092473 0.8127
vn -0.23578 -0.041188 0.970933
vn -0.391265 0.111729 0.91347
vn -0.682896 0.079995 0.726122
vn -0.575298 -0.092473 0.8127
vn -0.485972 0.267325 0.832087
vn -0.682896 0.079995 0.726122
vn -0.391265 0.111729 0.91347
vn -0.485972 0.267325 0.832087
vn -0.733146 0.239322 0.63657
vn -0.682896 0.079995 0.726122
vn -0.523726 0.418275 0.74213
vn -0.733146 0.239322 0.63657
vn -0.485972 0.267325 0.832087
vn -0.523726 0.418275 0.74213
vn -0.740524 0.389026 0.547982
vn -0.733146 0.239322 0.63657
vn -0.51601 0.554068 0.653255
vn -0.740524 0.389026 0.547982
vn -0.523726 0.418275 0.74213
vn -0.51601 0.554068 0.653255
vn -0.72178 0.514133 0.463358
vn -0.740524 0.389026 0.547982
vn -0.48146 0.669411 0.565761
vn -0.72178 0.514133 0.463358
vn -0.51601 0.554068 0.653255
vn -0.48146 0.669411 0.565761
vn -0.684262 0.622171 0.38038
vn -0.72178 0.514133 0.463358
vn -0.433029 0.760742 0.483485
vn -0.684262 0.622171 0.38038
vn -0.48146 0.669411 0.565761
vn -0.433029 0.760742 0.483485
vn -0.635704 0.710644 0.301439
vn -0.684262 0.622171 0.38038
vn -0.381907 0.832775 0.40079
vn -0.635704 0.710644 0.301439
vn -0.433029 0.760742 0.483485
vn -0.381907 0.832775 0.40079
vn -0.582989 0.782672 0.218059
vn -0.635704 0.710644 0.301439
vn -0.333126 0.888318 0.3161
vn -0.582989 0.782672 0.218059
vn -0.381907 0.832775 0.40079
vn -0.333126 0.888318 0.3161
vn -0.52896 0.839108 0.126879
vn -0.582989 0.782672 0.218059
vn -0.281758 0.932441 0.2262
vn -0.52896 0.839108 0.126879
vn -0.333126 0.888318 0.3161
vn -0.281758 0.932441 0.2262
vn -0.466406 0.884512 0.010245
vn -0.52896 0.839108 0.126879
vn -0.230327 0.965788 0.119175
vn -0.466406 0.884512 0.010245
vn -0.281758 0.932441 0.2262
vn -0.230327 0.965788 0.119175
vn -0.398791 0.908545 -0.124543
vn -0.466406 0.884512 0.010245
vn -0.172804 0.984903 -0.010278
vn -0.398791 0.908545 -0.124543
vn -0.230327 0.965788 0.119175
vn -0.172804 0.984903 -0.010278
vn -0.326343 0.906276 -0.268635
vn -0.398791 0.908545 -0.124543
vn -0.09275 0.981086 -0.169907
vn -0.326343 0.906276 -0.268635
vn -0.172804 0.984903 -0.010278
vn -0.09275 0.981086 -0.169907
vn -0.19767 0.894189 -0.401687
vn -0.326343 0.906276 -0.268635
vn -0.012168 0.908517 -0.41767
vn -0.19767 0.894189 -0.401687
vn -0.09275 0.981086 -0.169907
vn -0.012168 0.908517 -0.41767
vn -0.262562 0.791285 -0.552204
vn -0.19767 0.894189 -0.401687
vn -0.036271 0.789104 -0.613188
vn -0.262562 0.791285 -0.552204
vn -0.012168 0.908517 -0.41767
vn -0.036271 0.789104 -0.613188
vn -0.316518 0.670011 -0.671492
vn -0.262562 0.791285 -0.552204
vn -0.091389 0.674779 -0.732339
vn -0.316518 0.670011 -0.671492
vn -0.036271 0.789104 -0.613188
vn -0.091389 0.674779 -0.732339
vn -0.280626 0.860812 -0.424561
vn -0.316518 0.670011 -0.671492
vn -0.063532 0.916881 -0.394071
vn -0.280626 0.860812 -0.424561
vn -0.091389 0.674779 -0.732339
vn 0.916468 0.38808 0.097367
vn 0.814101 0.570354 -0.109253
vn 0.734797 0.661567 0.149674
vn 0.945806 0.251119 -0.205887
vn 0.814101 0.570354 -0.109253
vn 0.916468 0.38808 0.097367
vn 0.945806 0.251119 -0.205887
vn 0.79262 0.490358 -0.362356
vn 0.814101 0.570354 -0.109253
vn 0.879651 0.182696 -0.439132
vn 0.79262 0.490358 -0.362356
vn 0.945806 0.251119 -0.205887
vn 0.879651 0.182696 -0.439132
vn 0.668284 0.447883 -0.593968
vn 0.79262 0.490358 -0.362356
vn 0.797705 0.192338 -0.571553
vn 0.668284 0.447883 -0.593968
vn 0.879651 0.182696 -0.439132
vn 0.797705 0.192338 -0.571553
vn 0.768583 0.168201 -0.617243
vn 0.668284 0.447883 -0.593968
vn 0.78465 0.245467 -0.569272
vn 0.629298 0.481843 -0.609763
vn 0.797705 0.192338 -0.571553
vn 0.916468 0.38808 0.097367
vn 0.990482 0.050163 -0.128176
vn 0.945806 0.251119 -0.205887
vn 0.971195 0.152376 0.1832
vn 0.990482 0.050163 -0.128176
vn 0.916468 0.38808 0.097367
vn 0.971195 0.152376 0.1832
vn 0.992627 -0.116234 -0.034363
vn 0.990482 0.050163 -0.128176
vn 0.966685 0.026449 0.254599
vn 0.992627 -0.116234 -0.034363
vn 0.971195 0.152376 0.1832
vn 0.966685 0.026449 0.254599
vn 0.953422 -0.281959 0.107174
vn 0.992627 -0.116234 -0.034363
vn 0.915115 -0.101046 0.390325
vn 0.953422 -0.281959 0.107174
vn 0.966685 0.026449 0.254599
vn 0.915115 -0.101046 0.390325
vn 0.833034 -0.462492 0.303572
vn 0.953422 -0.281959 0.107174
vn 0.804569 -0.23077 0.547187
vn 0.833034 -0.462492 0.303572
vn 0.915115 -0.101046 0.390325
vn 0.804569 -0.23077 0.547187
vn 0.623449 -0.600707 0.500462
vn 0.833034 -0.462492 0.303572
vn 0.643565 -0.353488 0.678874
vn 0.623449 -0.600707 0.500462
vn 0.804569 -0.23077 0.547187
vn 0.643565 -0.353488 0.678874
vn 0.364379 -0.672849 0.643818
vn 0.623449 -0.600707 0.500462
vn 0.421259 -0.445779 0.789824
vn 0.364379 -0.672849 0.643818
vn 0.643565 -0.353488 0.678874
vn 0.421259 -0.445779 0.789824
vn 0.074617 -0.671578 0.737167
vn 0.364379 -0.672849 0.643818
vn 0.143021 -0.466613 0.872822
vn 0.074617 -0.671578 0.737167
vn 0.421259 -0.445779 0.789824
vn 0.143021 -0.466613 0.872822
vn -0.223422 -0.589985 0.775887
vn 0.074617 -0.671578 0.737167
vn -0.149445 -0.397399 0.905395
vn -0.223422 -0.589985 0.775887
vn 0.143021 -0.466613 0.872822
vn -0.149445 -0.397399 0.905395
vn -0.478488 -0.457293 0.749622
vn -0.223422 -0.589985 0.775887
vn -0.396567 -0.259985 0.880422
vn -0.478488 -0.457293 0.749622
vn -0.149445 -0.397399 0.905395
vn -0.396567 -0.259985 0.880422
vn -0.673 -0.297398 0.677219
vn -0.478488 -0.457293 0.749622
vn -0.575298 -0.092473 0.8127
vn -0.673 -0.297398 0.677219
vn -0.396567 -0.259985 0.880422
vn -0.575298 -0.092473 0.8127
vn -0.796517 -0.138082 0.588637
vn -0.673 -0.297398 0.677219
vn -0.682896 0.079995 0.726122
vn -0.796517 -0.138082 0.588637
vn -0.575298 -0.092473 0.8127
vn -0.682896 0.079995 0.726122
vn -0.863783 0.015184 0.503636
vn -0.796517 -0.138082 0.588637
vn -0.733146 0.239322 0.63657
vn -0.863783 0.015184 0.503636
vn -0.682896 0.079995 0.726122
vn -0.733146 0.239322 0.63657
vn -0.891388 0.165532 0.421933
vn -0.863783 0.015184 0.503636
vn -0.740524 0.389026 0.547982
vn -0.891388 0.165532 0.421933
vn -0.733146 0.239322 0.63657
vn -0.740524 0.389026 0.547982
vn -0.890809 0.29971 0.341515
vn -0.891388 0.165532 0.421933
vn -0.72178 0.514133 0.463358
vn -0.890809 0.29971 0.341515
vn -0.740524 0.389026 0.547982
vn -0.72178 0.514133 0.463358
vn -0.871486 0.413826 0.263175
vn -0.890809 0.29971 0.341515
vn -0.684262 0.622171 0.38038
vn -0.871486 0.413826 0.263175
vn -0.72178 0.514133 0.463358
vn -0.684262 0.622171 0.38038
vn -0.837525 0.513706 0.186164
vn -0.871486 0.413826 0.263175
vn -0.635704 0.710644 0.301439
vn -0.837525 0.513706 0.186164
vn -0.684262 0.622171 0.38038
vn -0.635704 0.710644 0.301439
vn -0.792348 0.601963 0.099119
vn -0.837525 0.513706 0.186164
vn -0.582989 0.782672 0.218059
vn -0.792348 0.601963 0.099119
vn -0.635704 0.710644 0.301439
vn -0.582989 0.782672 0.218059
vn -0.737486 0.675358 0.002533
vn -0.792348 0.601963 0.099119
vn -0.52896 0.839108 0.126879
vn -0.737486 0.675358 0.002533
vn -0.582989 0.782672 0.218059
vn -0.52896 0.839108 0.126879
vn -0.663419 0.737843 -0.124349
vn -0.737486 0.675358 0.002533
vn -0.466406 0.884512 0.010245
vn -0.663419 0.737843 -0.124349
vn -0.52896 0.839108 0.126879
vn -0.466406 0.884512 0.010245
vn -0.574419 0.772311 -0.271254
vn -0.663419 0.737843 -0.124349
vn -0.398791 0.908545 -0.124543
vn -0.574419 0.772311 -0.271254
vn -0.466406 0.884512 0.010245
vn -0.398791 0.908545 -0.124543
vn -0.457838 0.78049 -0.4257
vn -0.574419 0.772311 -0.271254
vn -0.326343 0.906276 -0.268635
vn -0.457838 0.78049 -0.4257
vn -0.398791 0.908545 -0.124543
vn -0.326343 0.906276 -0.268635
vn -0.262562 0.791285 -0.552204
vn -0.457838 0.78049 -0.4257
vn -0.19767 0.894189 -0.401687
vn -0.262562 0.791285 -0.552204
vn -0.326343 0.906276 -0.268635
vn 0.532438 0.786893 0.311944
vn 0.359199 0.762111 0.538668
vn 0.54192 0.706004 0.45594
vn 0.263284 0.827535 0.49585
vn 0.359199 0.762111 0.538668
vn 0.532438 0.786893 0.311944
vn 0.263284 0.827535 0.49585
vn 0.153787 0.762251 0.628748
vn 0.359199 0.762111 0.538668
vn 0.03468 0.804024 0.593584
vn 0.153787 0.762251 0.628748
vn 0.263284 0.827535 0.49585
vn 0.03468 0.804024 0.593584
vn -0.036748 0.741346 0.670116
vn 0.153787 0.762251 0.628748
vn -0.128514 0.732588 0.66843
vn -0.036748 0.741346 0.670116
vn 0.03468 0.804024 0.593584
vn -0.128514 0.732588 0.66843
vn 0.002903 0.667717 0.74441
vn -0.036748 0.741346 0.670116
vn 0.519764 0.59501 0.613033
vn 0.002903 0.667717 0.74441
vn -0.128514 0.732588 0.66843
vn 0.519764 0.59501 0.613033
vn 0.159503 0.715586 0.68007
vn 0.002903 0.667717 0.74441
vn 0.631602 0.654816 0.415083
vn 0.159503 0.715586 0.68007
vn 0.761344 0.34907 0.546356
vn 0.631602 0.654816 0.415083
vn 0.511854 0.664267 0.544752
vn 0.159503 0.715586 0.68007
vn 0.892761 0.342381 0.292835
vn 0.511854 0.664267 0.544752
vn 0.631602 0.654816 0.415083
vn 0.892761 0.342381 0.292835
vn 0.749717 0.439031 0.495152
vn 0.511854 0.664267 0.544752
vn 0.911028 0.163852 0.378392
vn 0.749717 0.439031 0.495152
vn 0.892761 0.342381 0.292835
vn 0.911028 0.163852 0.378392
vn 0.82702 0.332577 0.453244
vn 0.749717 0.439031 0.495152
vn 0.860434 0.139669 0.490048
vn 0.82702 0.332577 0.453244
vn 0.911028 0.163852 0.378392
vn 0.860434 0.139669 0.490048
vn 0.739427 0.331156 0.58616
vn 0.82702 0.332577 0.453244
vn 0.699374 0.228918 0.677106
vn 0.739427 0.331156 0.58616
vn 0.860434 0.139669 0.490048
vn 0.699374 0.228918 0.677106
vn 0.555707 0.318172 0.768086
vn 0.739427 0.331156 0.58616
vn 0.3589 0.270562 0.893301
vn 0.555707 0.318172 0.768086
vn 0.699374 0.228918 0.677106
vn 0.3589 0.270562 0.893301
vn 0.228137 0.122422 0.965902
vn 0.555707 0.318172 0.768086
vn -0.018023 0.166239 0.985921
vn 0.228137 0.122422 0.965902
vn 0.3589 0.270562 0.893301
vn 0.002903 0.667717 0.74441
vn 0.153787 0.762251 0.628748
vn -0.036748 0.741346 0.670116
vn 0.273142 0.665474 0.694649
vn 0.153787 0.762251 0.628748
vn 0.002903 0.667717 0.74441
vn 0.273142 0.665474 0.694649
vn 0.359199 0.762111 0.538668
vn 0.153787 0.762251 0.628748
vn 0.460454 0.618187 0.637045
vn 0.359199 0.762111 0.538668
vn 0.273142 0.665474 0.694649
vn 0.460454 0.618187 0.637045
vn 0.54192 0.706004 0.45594
vn 0.359199 0.762111 0.538668
vn 0.613201 0.546296 0.570565
vn 0.54192 0.706004 0.45594
vn 0.460454 0.618187 0.637045
vn 0.002903 0.667717 0.74441
vn 0.246158 0.619081 0.745752
vn 0.273142 0.665474 0.694649
vn 0.159503 0.715586 0.68007
vn 0.246158 0.619081 0.745752
vn 0.002903 0.667717 0.74441
vn 0.159503 0.715586 0.68007
vn 0.350723 0.615246 0.706021
vn 0.246158 0.619081 0.745752
vn 0.511854 0.664267 0.544752
vn 0.350723 0.615246 0.706021
vn 0.159503 0.715586 0.68007
vn 0.511854 0.664267 0.544752
vn 0.448482 0.562789 0.694358
vn 0.350723 0.615246 0.706021
vn 0.530836 0.572098 0.625233
vn 0.448482 0.562789 0.694358
vn 0.511854 0.664267 0.544752
vn 0.530836 0.572098 0.625233
vn 0.493504 0.565891 0.660471
vn 0.448482 0.562789 0.694358
vn 0.521267 0.591793 0.614867
vn 0.493504 0.565891 0.660471
vn 0.530836 0.572098 0.625233
vn 0.521267 0.591793 0.614867
vn 0.566326 0.497164 0.657345
vn 0.493504 0.565891 0.660471
vn 0.636793 0.487409 0.597434
vn 0.566326 0.497164 0.657345
vn 0.521267 0.591793 0.614867
vn 0.636793 0.487409 0.597434
vn 0.677783 0.273454 0.682519
vn 0.566326 0.497164 0.657345
vn 0.670665 0.161174 0.724038
vn 0.677783 0.273454 0.682519
vn 0.636793 0.487409 0.597434
vn 0.273142 0.665474 0.694649
vn 0.485847 0.542884 0.685004
vn 0.460454 0.618187 0.637045
vn 0.246158 0.619081 0.745752
vn 0.485847 0.542884 0.685004
vn 0.273142 0.665474 0.694649
vn 0.246158 0.619081 0.745752
vn 0.513875 0.491348 0.703214
vn 0.485847 0.542884 0.685004
vn 0.350723 0.615246 0.706021
vn 0.513875 0.491348 0.703214
vn 0.246158 0.619081 0.745752
vn 0.350723 0.615246 0.706021
vn 0.531579 0.456265 0.713614
vn 0.513875 0.491348 0.703214
vn 0.448482 0.562789 0.694358
vn 0.531579 0.456265 0.713614
vn 0.350723 0.615246 0.706021
vn 0.448482 0.562789 0.694358
vn 0.566326 0.497164 0.657345
vn 0.531579 0.456265 0.713614
vn 0.493504 0.565891 0.660471
vn 0.566326 0.497164 0.657345
vn 0.448482 0.562789 0.694358
vn 0.460454 0.618187 0.637045
vn 0.643398 0.44028 0.626252
vn 0.613201 0.546296 0.570565
vn 0.485847 0.542884 0.685004
vn 0.643398 0.44028 0.626252
vn 0.460454 0.618187 0.637045
vn 0.485847 0.542884 0.685004
vn 0.66796 0.36484 0.64863
vn 0.643398 0.44028 0.626252
vn 0.513875 0.491348 0.703214
vn 0.66796 0.36484 0.64863
vn 0.485847 0.542884 0.685004
vn 0.513875 0.491348 0.703214
vn 0.666156 0.296072 0.684527
vn 0.66796 0.36484 0.64863
vn 0.531579 0.456265 0.713614
vn 0.666156 0.296072 0.684527
vn 0.513875 0.491348 0.703214
vn 0.531579 0.456265 0.713614
vn 0.677783 0.273454 0.682519
vn 0.666156 0.296072 0.684527
vn 0.566326 0.497164 0.657345
vn 0.677783 0.273454 0.682519
vn 0.531579 0.456265 0.713614
vn 0.945806 0.251119 -0.205887
vn 0.927391 -0.019806 -0.373569
vn 0.879651 0.182696 -0.439132
vn 0.990482 0.050163 -0.128176
vn 0.927391 -0.019806 -0.373569
vn 0.945806 0.251119 -0.205887
vn 0.990482 0.050163 -0.128176
vn 0.933215 -0.201369 -0.29759
vn 0.927391 -0.019806 -0.373569
vn 0.992627 -0.116234 -0.034363
vn 0.933215 -0.201369 -0.29759
vn 0.990482 0.050163 -0.128176
vn 0.992627 -0.116234 -0.034363
vn 0.909747 -0.384057 -0.157674
vn 0.933215 -0.201369 -0.29759
vn 0.953422 -0.281959 0.107174
vn 0.909747 -0.384057 -0.157674
vn 0.992627 -0.116234 -0.034363
vn 0.953422 -0.281959 0.107174
vn 0.804454 -0.592067 0.048058
vn 0.909747 -0.384057 -0.157674
vn 0.833034 -0.462492 0.303572
vn 0.804454 -0.592067 0.048058
vn 0.953422 -0.281959 0.107174
vn 0.833034 -0.462492 0.303572
vn 0.588555 -0.765845 0.259006
vn 0.804454 -0.592067 0.048058
vn 0.623449 -0.600707 0.500462
vn 0.588555 -0.765845 0.259006
vn 0.833034 -0.462492 0.303572
vn 0.623449 -0.600707 0.500462
vn 0.322647 -0.85115 0.414057
vn 0.588555 -0.765845 0.259006
vn 0.364379 -0.672849 0.643818
vn 0.322647 -0.85115 0.414057
vn 0.623449 -0.600707 0.500462
vn 0.364379 -0.672849 0.643818
vn 0.053408 -0.847507 0.52809
vn 0.322647 -0.85115 0.414057
vn 0.074617 -0.671578 0.737167
vn 0.053408 -0.847507 0.52809
vn 0.364379 -0.672849 0.643818
vn 0.074617 -0.671578 0.737167
vn -0.235245 -0.766535 0.597564
vn 0.053408 -0.847507 0.52809
vn -0.223422 -0.589985 0.775887
vn -0.235245 -0.766535 0.597564
vn 0.074617 -0.671578 0.737167
vn -0.223422 -0.589985 0.775887
vn -0.504367 -0.636903 0.583069
vn -0.235245 -0.766535 0.597564
vn -0.478488 -0.457293 0.749622
vn -0.504367 -0.636903 0.583069
vn -0.223422 -0.589985 0.775887
vn -0.478488 -0.457293 0.749622
vn -0.702722 -0.50038 0.505768
vn -0.504367 -0.636903 0.583069
vn -0.673 -0.297398 0.677219
vn -0.702722 -0.50038 0.505768
vn -0.478488 -0.457293 0.749622
vn -0.673 -0.297398 0.677219
vn -0.832329 -0.362978 0.418898
vn -0.702722 -0.50038 0.505768
vn -0.796517 -0.138082 0.588637
vn -0.832329 -0.362978 0.418898
vn -0.673 -0.297398 0.677219
vn -0.796517 -0.138082 0.588637
vn -0.910786 -0.227857 0.34431
vn -0.832329 -0.362978 0.418898
vn -0.863783 0.015184 0.503636
vn -0.910786 -0.227857 0.34431
vn -0.796517 -0.138082 0.588637
vn -0.863783 0.015184 0.503636
vn -0.957148 -0.092958 0.274274
vn -0.910786 -0.227857 0.34431
vn -0.891388 0.165532 0.421933
vn -0.957148 -0.092958 0.274274
vn -0.863783 0.015184 0.503636
vn -0.891388 0.165532 0.421933
vn -0.979255 0.038961 0.19885
vn -0.957148 -0.092958 0.274274
vn -0.890809 0.29971 0.341515
vn -0.979255 0.038961 0.19885
vn -0.891388 0.165532 0.421933
vn -0.890809 0.29971 0.341515
vn -0.980792 0.146218 0.129102
vn -0.979255 0.038961 0.19885
vn -0.871486 0.413826 0.263175
vn -0.980792 0.146218 0.129102
vn -0.890809 0.29971 0.341515
vn -0.871486 0.413826 0.263175
vn -0.966591 0.250206 0.055665
vn -0.980792 0.146218 0.129102
vn -0.837525 0.513706 0.186164
vn -0.966591 0.250206 0.055665
vn -0.871486 0.413826 0.263175
vn -0.837525 0.513706 0.186164
vn -0.934098 0.355541 -0.032436
vn -0.966591 0.250206 0.055665
vn -0.792348 0.601963 0.099119
vn -0.934098 0.355541 -0.032436
vn -0.837525 0.513706 0.186164
vn -0.792348 0.601963 0.099119
vn -0.881293 0.451431 -0.139761
vn -0.934098 0.355541 -0.032436
vn -0.737486 0.675358 0.002533
vn -0.881293 0.451431 -0.139761
vn -0.792348 0.601963 0.099119
vn -0.737486 0.675358 0.002533
vn -0.808794 0.530396 -0.254033
vn -0.881293 0.451431 -0.139761
vn -0.663419 0.737843 -0.124349
vn -0.808794 0.530396 -0.254033
vn -0.737486 0.675358 0.002533
vn -0.663419 0.737843 -0.124349
vn -0.683973 0.609188 -0.401336
vn -0.808794 0.530396 -0.254033
vn -0.574419 0.772311 -0.271254
vn -0.683973 0.609188 -0.401336
vn -0.663419 0.737843 -0.124349
vn -0.574419 0.772311 -0.271254
vn -0.534375 0.64117 -0.550768
vn -0.683973 0.609188 -0.401336
vn -0.457838 0.78049 -0.4257
vn -0.534375 0.64117 -0.550768
vn -0.574419 0.772311 -0.271254
vn -0.457838 0.78049 -0.4257
vn -0.316518 0.670011 -0.671492
vn -0.534375 0.64117 -0.550768
vn -0.262562 0.791285 -0.552204
vn -0.316518 0.670011 -0.671492
vn -0.457838 0.78049 -0.4257
vn -0.280626 0.860812 -0.424561
vn -0.534375 0.64117 -0.550768
vn -0.316518 0.670011 -0.671492
vn -0.422681 0.863801 -0.274205
vn -0.534375 0.64117 -0.550768
vn -0.280626 0.860812 -0.424561
vn -0.422681 0.863801 -0.274205
vn -0.683973 0.609188 -0.401336
vn -0.534375 0.64117 -0.550768
vn -0.536933 0.835958 -0.113478
vn -0.683973 0.609188 -0.401336
vn -0.422681 0.863801 -0.274205
vn -0.536933 0.835958 -0.113478
vn -0.808794 0.530396 -0.254033
vn -0.683973 0.609188 -0.401336
vn -0.773745 0.624531 -0.106209
vn -0.808794 0.530396 -0.254033
vn -0.536933 0.835958 -0.113478
vn -0.773745 0.624531 -0.106209
vn -0.881293 0.451431 -0.139761
vn -0.808794 0.530396 -0.254033
vn -0.936143 0.164104 -0.310975
vn -0.881293 0.451431 -0.139761
vn -0.773745 0.624531 -0.106209
vn -0.936143 0.164104 -0.310975
vn -0.934098 0.355541 -0.032436
vn -0.881293 0.451431 -0.139761
vn -0.981743 0.039499 -0.186067
vn -0.934098 0.355541 -0.032436
vn -0.936143 0.164104 -0.310975
vn -0.981743 0.039499 -0.186067
vn -0.966591 0.250206 0.055665
vn -0.934098 0.355541 -0.032436
vn -0.992937 -0.068663 -0.096751
vn -0.966591 0.250206 0.055665
vn -0.981743 0.039499 -0.186067
vn -0.992937 -0.068663 -0.096751
vn -0.980792 0.146218 0.129102
vn -0.966591 0.250206 0.055665
vn -0.984592 -0.170629 -0.038258
vn -0.980792 0.146218 0.129102
vn -0.992937 -0.068663 -0.096751
vn -0.984592 -0.170629 -0.038258
vn -0.979255 0.038961 0.19885
vn -0.980792 0.146218 0.129102
vn -0.965587 -0.259545 0.016689
vn -0.979255 0.038961 0.19885
vn -0.984592 -0.170629 -0.038258
vn -0.965587 -0.259545 0.016689
vn -0.957148 -0.092958 0.274274
vn -0.979255 0.038961 0.19885
vn -0.926677 -0.365037 0.08954
vn -0.957148 -0.092958 0.274274
vn -0.965587 -0.259545 0.016689
vn -0.926677 -0.365037 0.08954
vn -0.910786 -0.227857 0.34431
vn -0.957148 -0.092958 0.274274
vn -0.866834 -0.474624 0.152743
vn -0.910786 -0.227857 0.34431
vn -0.926677 -0.365037 0.08954
vn -0.866834 -0.474624 0.152743
vn -0.832329 -0.362978 0.418898
vn -0.910786 -0.227857 0.34431
vn -0.77668 -0.593881 0.209937
vn -0.832329 -0.362978 0.418898
vn -0.866834 -0.474624 0.152743
vn -0.77668 -0.593881 0.209937
vn -0.702722 -0.50038 0.505768
vn -0.832329 -0.362978 0.418898
vn -0.659452 -0.700708 0.272272
vn -0.702722 -0.50038 0.505768
vn -0.77668 -0.593881 0.209937
vn -0.659452 -0.700708 0.272272
vn -0.504367 -0.636903 0.583069
vn -0.702722 -0.50038 0.505768
vn -0.468664 -0.813311 0.344788
vn -0.504367 -0.636903 0.583069
vn -0.659452 -0.700708 0.272272
vn -0.468664 -0.813311 0.344788
vn -0.235245 -0.766535 0.597564
vn -0.504367 -0.636903 0.583069
vn -0.172596 -0.927586 0.331352
vn -0.235245 -0.766535 0.597564
vn -0.468664 -0.813311 0.344788
vn -0.172596 -0.927586 0.331352
vn 0.053408 -0.847507 0.52809
vn -0.235245 -0.766535 0.597564
vn 0.053541 -0.978587 0.198748
vn 0.053408 -0.847507 0.52809
vn -0.172596 -0.927586 0.331352
vn 0.053541 -0.978587 0.198748
vn 0.322647 -0.85115 0.414057
vn 0.053408 -0.847507 0.52809
vn 0.241855 -0.967438 0.074631
vn 0.322647 -0.85115 0.414057
vn 0.053541 -0.978587 0.198748
vn 0.241855 -0.967438 0.074631
vn 0.588555 -0.765845 0.259006
vn 0.322647 -0.85115 0.414057
vn 0.498772 -0.866592 0.015639
vn 0.588555 -0.765845 0.259006
vn 0.241855 -0.967438 0.074631
vn 0.498772 -0.866592 0.015639
vn 0.804454 -0.592067 0.048058
vn 0.588555 -0.765845 0.259006
vn 0.7663 -0.617147 -0.178645
vn 0.804454 -0.592067 0.048058
vn 0.498772 -0.866592 0.015639
vn 0.7663 -0.617147 -0.178645
vn 0.909747 -0.384057 -0.157674
vn 0.804454 -0.592067 0.048058
vn 0.840922 -0.424037 -0.336218
vn 0.909747 -0.384057 -0.157674
vn 0.7663 -0.617147 -0.178645
vn 0.840922 -0.424037 -0.336218
vn 0.933215 -0.201369 -0.29759
vn 0.909747 -0.384057 -0.157674
vn 0.870688 -0.223788 -0.437973
vn 0.933215 -0.201369 -0.29759
vn 0.840922 -0.424037 -0.336218
vn 0.870688 -0.223788 -0.437973
vn 0.927391 -0.019806 -0.373569
vn 0.933215 -0.201369 -0.29759
vn 0.854471 -0.051808 -0.51691
vn 0.927391 -0.019806 -0.373569
vn 0.870688 -0.223788 -0.437973
vn 0.854471 -0.051808 -0.51691
vn 0.879651 0.182696 -0.439132
vn 0.927391 -0.019806 -0.373569
vn 0.797705 0.192338 -0.571553
vn 0.879651 0.182696 -0.439132
vn 0.854471 -0.051808 -0.51691
vn 0.797705 0.192338 -0.571553
vn 0.817227 -0.020506 -0.575951
vn 0.78465 0.245467 -0.569272
vn 0.854471 -0.051808 -0.51691
vn 0.817227 -0.020506 -0.575951
vn 0.797705 0.192338 -0.571553
vn 0.854471 -0.051808 -0.51691
vn 0.841365 -0.186955 -0.507102
vn 0.817227 -0.020506 -0.575951
vn 0.870688 -0.223788 -0.437973
vn 0.841365 -0.186955 -0.507102
vn 0.854471 -0.051808 -0.51691
vn 0.870688 -0.223788 -0.437973
vn 0.841389 -0.37602 -0.388167
vn 0.841365 -0.186955 -0.507102
vn 0.840922 -0.424037 -0.336218
vn 0.841389 -0.37602 -0.388167
vn 0.870688 -0.223788 -0.437973
vn 0.840922 -0.424037 -0.336218
vn 0.754527 -0.577736 -0.311303
vn 0.841389 -0.37602 -0.388167
vn 0.7663 -0.617147 -0.178645
vn 0.754527 -0.577736 -0.311303
vn 0.840922 -0.424037 -0.336218
vn 0.7663 -0.617147 -0.178645
vn 0.556445 -0.823143 -0.113159
vn 0.754527 -0.577736 -0.311303
vn 0.498772 -0.866592 0.015639
vn 0.556445 -0.823143 -0.113159
vn 0.7663 -0.617147 -0.178645
vn 0.498772 -0.866592 0.015639
vn 0.168742 -0.980824 -0.097525
vn 0.556445 -0.823143 -0.113159
vn 0.241855 -0.967438 0.074631
vn 0.168742 -0.980824 -0.097525
vn 0.498772 -0.866592 0.015639
vn 0.241855 -0.967438 0.074631
vn 0.083648 -0.994028 -0.070079
vn 0.168742 -0.980824 -0.097525
vn 0.053541 -0.978587 0.198748
vn 0.083648 -0.994028 -0.070079
vn 0.241855 -0.967438 0.074631
vn 0.053541 -0.978587 0.198748
vn -0.050596 -0.994354 0.093277
vn 0.083648 -0.994028 -0.070079
vn -0.172596 -0.927586 0.331352
vn -0.050596 -0.994354 0.093277
vn 0.053541 -0.978587 0.198748
vn -0.172596 -0.927586 0.331352
vn -0.327897 -0.924591 0.193946
vn -0.050596 -0.994354 0.093277
vn -0.468664 -0.813311 0.344788
vn -0.327897 -0.924591 0.193946
vn -0.172596 -0.927586 0.331352
vn -0.468664 -0.813311 0.344788
vn -0.575713 -0.808046 0.124964
vn -0.327897 -0.924591 0.193946
vn -0.659452 -0.700708 0.272272
vn -0.575713 -0.808046 0.124964
vn -0.468664 -0.813311 0.344788
vn -0.659452 -0.700708 0.272272
vn -0.676733 -0.731007 0.087529
vn -0.575713 -0.808046 0.124964
vn -0.77668 -0.593881 0.209937
vn -0.676733 -0.731007 0.087529
vn -0.659452 -0.700708 0.272272
vn -0.77668 -0.593881 0.209937
vn -0.777407 -0.626566 0.055253
vn -0.676733 -0.731007 0.087529
vn -0.866834 -0.474624 0.152743
vn -0.777407 -0.626566 0.055253
vn -0.77668 -0.593881 0.209937
vn -0.866834 -0.474624 0.152743
vn -0.857627 -0.514251 -0.004727
vn -0.777407 -0.626566 0.055253
vn -0.926677 -0.365037 0.08954
vn -0.857627 -0.514251 -0.004727
vn -0.866834 -0.474624 0.152743
vn -0.926677 -0.365037 0.08954
vn -0.904121 -0.420155 -0.077682
vn -0.857627 -0.514251 -0.004727
vn -0.965587 -0.259545 0.016689
vn -0.904121 -0.420155 -0.077682
vn -0.926677 -0.365037 0.08954
vn -0.965587 -0.259545 0.016689
vn -0.924791 -0.35765 -0.129798
vn -0.904121 -0.420155 -0.077682
vn -0.984592 -0.170629 -0.038258
vn -0.924791 -0.35765 -0.129798
vn -0.965587 -0.259545 0.016689
vn -0.984592 -0.170629 -0.038258
vn -0.946902 -0.277687 -0.162067
vn -0.924791 -0.35765 -0.129798
vn -0.992937 -0.068663 -0.096751
vn -0.946902 -0.277687 -0.162067
vn -0.984592 -0.170629 -0.038258
vn -0.992937 -0.068663 -0.096751
vn -0.956954 -0.162874 -0.240232
vn -0.946902 -0.277687 -0.162067
vn -0.981743 0.039499 -0.186067
vn -0.956954 -0.162874 -0.240232
vn -0.992937 -0.068663 -0.096751
vn -0.981743 0.039499 -0.186067
vn -0.930711 -0.041485 -0.363395
vn -0.956954 -0.162874 -0.240232
vn -0.936143 0.164104 -0.310975
vn -0.930711 -0.041485 -0.363395
vn -0.981743 0.039499 -0.186067
vn -0.936143 0.164104 -0.310975
vn -0.881219 0.060992 -0.468757
vn -0.930711 -0.041485 -0.363395
vn -0.773745 0.624531 -0.106209
vn -0.881219 0.060992 -0.468757
vn -0.936143 0.164104 -0.310975
vn 0.749717 0.439031 0.495152
vn 0.530836 0.572098 0.625233
vn 0.511854 0.664267 0.544752
vn 0.664033 0.531796 0.525598
vn 0.530836 0.572098 0.625233
vn 0.749717 0.439031 0.495152
vn 0.664033 0.531796 0.525598
vn 0.521267 0.591793 0.614867
vn 0.530836 0.572098 0.625233
vn 0.64229 0.597611 0.479921
vn 0.521267 0.591793 0.614867
vn 0.664033 0.531796 0.525598
vn 0.64229 0.597611 0.479921
vn 0.636793 0.487409 0.597434
vn 0.521267 0.591793 0.614867
vn 0.699265 0.562972 0.440558
vn 0.636793 0.487409 0.597434
vn 0.64229 0.597611 0.479921
vn 0.699265 0.562972 0.440558
vn 0.651667 0.363993 0.665461
vn 0.636793 0.487409 0.597434
vn 0.678108 0.508 0.531137
vn 0.651667 0.363993 0.665461
vn 0.699265 0.562972 0.440558
vn 0.678108 0.508 0.531137
vn 0.553428 0.339119 0.760734
vn 0.651667 0.363993 0.665461
vn 0.692665 0.460211 0.555357
vn 0.553428 0.339119 0.760734
vn 0.678108 0.508 0.531137
vn 0.692665 0.460211 0.555357
vn 0.555707 0.318172 0.768086
vn 0.553428 0.339119 0.760734
vn 0.739427 0.331156 0.58616
vn 0.555707 0.318172 0.768086
vn 0.692665 0.460211 0.555357
vn 0.228137 0.122422 0.965902
vn 0.553428 0.339119 0.760734
vn 0.555707 0.318172 0.768086
vn 0.410055 0.064145 0.909802
vn 0.553428 0.339119 0.760734
vn 0.228137 0.122422 0.965902
vn 0.410055 0.064145 0.909802
vn 0.651667 0.363993 0.665461
vn 0.553428 0.339119 0.760734
vn 0.595227 0.098648 0.797479
vn 0.651667 0.363993 0.665461
vn 0.410055 0.064145 0.909802
vn 0.595227 0.098648 0.797479
vn 0.636793 0.487409 0.597434
vn 0.651667 0.363993 0.665461
vn 0.670665 0.161174 0.724038
vn 0.636793 0.487409 0.597434
vn 0.595227 0.098648 0.797479
vn 0.692665 0.460211 0.555357
vn 0.82702 0.332577 0.453244
vn 0.739427 0.331156 0.58616
vn 0.738687 0.507844 0.443212
vn 0.82702 0.332577 0.453244
vn 0.692665 0.460211 0.555357
vn 0.738687 0.507844 0.443212
vn 0.749717 0.439031 0.495152
vn 0.82702 0.332577 0.453244
vn 0.664033 0.531796 0.525598
vn 0.749717 0.439031 0.495152
vn 0.738687 0.507844 0.443212
vn 0.678108 0.508 0.531137
vn 0.738687 0.507844 0.443212
vn 0.692665 0.460211 0.555357
vn 0.699265 0.562972 0.440558
vn 0.738687 0.507844 0.443212
vn 0.678108 0.508 0.531137
vn 0.699265 0.562972 0.440558
vn 0.664033 0.531796 0.525598
vn 0.738687 0.507844 0.443212
vn 0.64229 0.597611 0.479921
vn 0.664033 0.531796 0.525598
vn 0.699265 0.562972 0.440558
vn 0.118536 0.912157 -0.392325
vn 0.344842 0.62425 -0.700997
vn 0.257331 0.929997 -0.262461
vn 0.132073 0.682855 -0.718516
vn 0.344842 0.62425 -0.700997
vn 0.118536 0.912157 -0.392325
vn 0.132073 0.682855 -0.718516
vn 0.322409 0.760764 -0.563285
vn 0.344842 0.62425 -0.700997
vn 0.150445 0.794532 -0.58829
vn 0.322409 0.760764 -0.563285
vn 0.132073 0.682855 -0.718516
vn 0.150445 0.794532 -0.58829
vn 0.27409 0.90078 -0.336852
vn 0.322409 0.760764 -0.563285
vn 0.142794 0.914527 -0.378484
vn 0.27409 0.90078 -0.336852
vn 0.150445 0.794532 -0.58829
vn 0.142794 0.914527 -0.378484
vn 0.25119 0.963051 -0.097136
vn 0.27409 0.90078 -0.336852
vn 0.089243 0.986649 -0.136236
vn 0.25119 0.963051 -0.097136
vn 0.142794 0.914527 -0.378484
vn 0.089243 0.986649 -0.136236
vn 0.229654 0.96817 0.099526
vn 0.25119 0.963051 -0.097136
vn 0.033067 0.99815 0.051019
vn 0.229654 0.96817 0.099526
vn 0.089243 0.986649 -0.136236
vn 0.033067 0.99815 0.051019
vn 0.214673 0.944487 0.248717
vn 0.229654 0.96817 0.099526
vn -0.006772 0.981728 0.19017
vn 0.214673 0.944487 0.248717
vn 0.033067 0.99815 0.051019
vn -0.006772 0.981728 0.19017
vn 0.205545 0.90665 0.368425
vn 0.214673 0.944487 0.248717
vn -0.037541 0.952941 0.300822
vn 0.205545 0.90665 0.368425
vn -0.006772 0.981728 0.19017
vn -0.037541 0.952941 0.300822
vn 0.200172 0.859801 0.469759
vn 0.205545 0.90665 0.368425
vn -0.067775 0.915447 0.396691
vn 0.200172 0.859801 0.469759
vn -0.037541 0.952941 0.300822
vn -0.067775 0.915447 0.396691
vn 0.199544 0.806292 0.556844
vn 0.200172 0.859801 0.469759
vn -0.09767 0.868136 0.486622
vn 0.199544 0.806292 0.556844
vn -0.067775 0.915447 0.396691
vn -0.09767 0.868136 0.486622
vn 0.18785 0.760647 0.621392
vn 0.199544 0.806292 0.556844
vn -0.137065 0.811463 0.568103
vn 0.18785 0.760647 0.621392
vn -0.09767 0.868136 0.486622
vn -0.137065 0.811463 0.568103
vn 0.14752 0.70575 0.692932
vn 0.18785 0.760647 0.621392
vn -0.183624 0.741145 0.645745
vn 0.14752 0.70575 0.692932
vn -0.137065 0.811463 0.568103
vn -0.183624 0.741145 0.645745
vn 0.117482 0.624885 0.771827
vn 0.14752 0.70575 0.692932
vn -0.22425 0.64449 0.730989
vn 0.117482 0.624885 0.771827
vn -0.183624 0.741145 0.645745
vn -0.22425 0.64449 0.730989
vn 0.105871 0.518882 0.848265
vn 0.117482 0.624885 0.771827
vn -0.23744 0.524126 0.817872
vn 0.105871 0.518882 0.848265
vn -0.22425 0.64449 0.730989
vn -0.23744 0.524126 0.817872
vn 0.154515 0.414671 0.896757
vn 0.105871 0.518882 0.848265
vn -0.200548 0.396095 0.896041
vn 0.154515 0.414671 0.896757
vn -0.23744 0.524126 0.817872
vn -0.200548 0.396095 0.896041
vn 0.197322 0.339057 0.919839
vn 0.154515 0.414671 0.896757
vn -0.102248 0.270717 0.957213
vn 0.197322 0.339057 0.919839
vn -0.200548 0.396095 0.896041
vn -0.102248 0.270717 0.957213
vn 0.3589 0.270562 0.893301
vn 0.197322 0.339057 0.919839
vn -0.018023 0.166239 0.985921
vn 0.3589 0.270562 0.893301
vn -0.102248 0.270717 0.957213
vn 0.3589 0.270562 0.893301
vn 0.549581 0.268113 0.79125
vn 0.197322 0.339057 0.919839
vn 0.699374 0.228918 0.677106
vn 0.549581 0.268113 0.79125
vn 0.3589 0.270562 0.893301
vn 0.699374 0.228918 0.677106
vn 0.787946 0.08011 0.61051
vn 0.549581 0.268113 0.79125
vn 0.860434 0.139669 0.490048
vn 0.787946 0.08011 0.61051
vn 0.699374 0.228918 0.677106
vn 0.860434 0.139669 0.490048
vn 0.904808 -0.080054 0.418227
vn 0.787946 0.08011 0.61051
vn 0.911028 0.163852 0.378392
vn 0.904808 -0.080054 0.418227
vn 0.860434 0.139669 0.490048
vn 0.911028 0.163852 0.378392
vn 0.951732 -0.101483 0.289667
vn 0.904808 -0.080054 0.418227
vn 0.892761 0.342381 0.292835
vn 0.951732 -0.101483 0.289667
vn 0.911028 0.163852 0.378392
vn 0.892761 0.342381 0.292835
vn 0.761344 0.34907 0.546356
vn 0.951732 -0.101483 0.289667
vn 0.631602 0.654816 0.415083
vn 0.761344 0.34907 0.546356
vn 0.892761 0.342381 0.292835
vn 0.944926 0.11194 0.307545
vn 0.898024 -0.344331 0.273841
vn 0.951732 -0.101483 0.289667
vn 0.901813 -0.410648 0.134544
vn 0.898024 -0.344331 0.273841
vn 0.944926 0.11194 0.307545
vn 0.901813 -0.410648 0.134544
vn 0.809439 -0.51305 0.285634
vn 0.898024 -0.344331 0.273841
vn 0.748914 -0.643293 0.159063
vn 0.809439 -0.51305 0.285634
vn 0.901813 -0.410648 0.134544
vn 0.748914 -0.643293 0.159063
vn 0.672796 -0.636879 0.376473
vn 0.809439 -0.51305 0.285634
vn 0.557176 -0.792804 0.247014
vn 0.672796 -0.636879 0.376473
vn 0.748914 -0.643293 0.159063
vn 0.557176 -0.792804 0.247014
vn 0.585481 -0.713354 0.385146
vn 0.672796 -0.636879 0.376473
vn 0.442152 -0.853379 0.276126
vn 0.585481 -0.713354 0.385146
vn 0.557176 -0.792804 0.247014
vn 0.442152 -0.853379 0.276126
vn 0.597708 -0.723047 0.346336
vn 0.585481 -0.713354 0.385146
vn 0.357383 -0.898171 0.25606
vn 0.597708 -0.723047 0.346336
vn 0.442152 -0.853379 0.276126
vn 0.357383 -0.898171 0.25606
vn 0.471257 -0.842448 0.261146
vn 0.597708 -0.723047 0.346336
vn 0.158044 -0.959041 0.235079
vn 0.471257 -0.842448 0.261146
vn 0.357383 -0.898171 0.25606
vn 0.158044 -0.959041 0.235079
vn 0.195057 -0.93603 0.292918
vn 0.471257 -0.842448 0.261146
vn -0.025201 -0.94407 0.32878
vn 0.195057 -0.93603 0.292918
vn 0.158044 -0.959041 0.235079
vn -0.025201 -0.94407 0.32878
vn 0.106522 -0.934402 0.339919
vn 0.195057 -0.93603 0.292918
vn -0.008144 -0.841507 0.540185
vn 0.106522 -0.934402 0.339919
vn -0.025201 -0.94407 0.32878
vn 0.344842 0.62425 -0.700997
vn 0.42602 0.846141 -0.320237
vn 0.257331 0.929997 -0.262461
vn 0.546663 0.559994 -0.622548
vn 0.42602 0.846141 -0.320237
vn 0.344842 0.62425 -0.700997
vn 0.546663 0.559994 -0.622548
vn 0.570991 0.783975 -0.243624
vn 0.42602 0.846141 -0.320237
vn 0.747694 0.465234 -0.473825
vn 0.570991 0.783975 -0.243624
vn 0.546663 0.559994 -0.622548
vn 0.747694 0.465234 -0.473825
vn 0.714303 0.694844 -0.083441
vn 0.570991 0.783975 -0.243624
vn 0.889518 0.383753 -0.247977
vn 0.714303 0.694844 -0.083441
vn 0.747694 0.465234 -0.473825
vn 0.889518 0.383753 -0.247977
vn 0.800283 0.58719 0.121467
vn 0.714303 0.694844 -0.083441
vn 0.949626 0.313219 -0.01026
vn 0.800283 0.58719 0.121467
vn 0.889518 0.383753 -0.247977
vn 0.949626 0.313219 -0.01026
vn 0.81907 0.488224 0.301266
vn 0.800283 0.58719 0.121467
vn 0.965522 0.200233 0.166354
vn 0.81907 0.488224 0.301266
vn 0.949626 0.313219 -0.01026
vn 0.965522 0.200233 0.166354
vn 0.867167 0.27056 0.418112
vn 0.81907 0.488224 0.301266
vn 0.957855 0.072055 0.278067
vn 0.867167 0.27056 0.418112
vn 0.965522 0.200233 0.166354
vn 0.957855 0.072055 0.278067
vn 0.88245 -0.403526 0.241764
vn 0.867167 0.27056 0.418112
vn 0.91386 -0.080413 0.397986
vn 0.88245 -0.403526 0.241764
vn 0.957855 0.072055 0.278067
vn 0.91386 -0.080413 0.397986
vn 0.726298 -0.585003 0.36092
vn 0.88245 -0.403526 0.241764
vn 0.825514 -0.299675 0.478248
vn 0.726298 -0.585003 0.36092
vn 0.91386 -0.080413 0.397986
vn 0.825514 -0.299675 0.478248
vn 0.476377 -0.773801 0.41749
vn 0.726298 -0.585003 0.36092
vn 0.670553 -0.574867 0.468921
vn 0.476377 -0.773801 0.41749
vn 0.825514 -0.299675 0.478248
vn 0.670553 -0.574867 0.468921
vn 0.225014 -0.90265 0.366868
vn 0.476377 -0.773801 0.41749
vn 0.431229 -0.82185 0.372296
vn 0.225014 -0.90265 0.366868
vn 0.670553 -0.574867 0.468921
vn 0.431229 -0.82185 0.372296
vn 0.106522 -0.934402 0.339919
vn 0.225014 -0.90265 0.366868
vn 0.195057 -0.93603 0.292918
vn 0.106522 -0.934402 0.339919
vn 0.431229 -0.82185 0.372296
vn 0.322409 0.760764 -0.563285
vn 0.546663 0.559994 -0.622548
vn 0.344842 0.62425 -0.700997
vn 0.520947 0.699506 -0.489189
vn 0.546663 0.559994 -0.622548
vn 0.322409 0.760764 -0.563285
vn 0.520947 0.699506 -0.489189
vn 0.747694 0.465234 -0.473825
vn 0.546663 0.559994 -0.622548
vn 0.722839 0.595649 -0.350293
vn 0.747694 0.465234 -0.473825
vn 0.520947 0.699506 -0.489189
vn 0.722839 0.595649 -0.350293
vn 0.889518 0.383753 -0.247977
vn 0.747694 0.465234 -0.473825
vn 0.817981 0.563203 -0.117086
vn 0.889518 0.383753 -0.247977
vn 0.722839 0.595649 -0.350293
vn 0.817981 0.563203 -0.117086
vn 0.949626 0.313219 -0.01026
vn 0.889518 0.383753 -0.247977
vn 0.843177 0.530565 0.086914
vn 0.949626 0.313219 -0.01026
vn 0.817981 0.563203 -0.117086
vn 0.843177 0.530565 0.086914
vn 0.965522 0.200233 0.166354
vn 0.949626 0.313219 -0.01026
vn 0.854972 0.462534 0.234702
vn 0.965522 0.200233 0.166354
vn 0.843177 0.530565 0.086914
vn 0.854972 0.462534 0.234702
vn 0.957855 0.072055 0.278067
vn 0.965522 0.200233 0.166354
vn 0.855093 0.366005 0.367228
vn 0.957855 0.072055 0.278067
vn 0.854972 0.462534 0.234702
vn 0.855093 0.366005 0.367228
vn 0.91386 -0.080413 0.397986
vn 0.957855 0.072055 0.278067
vn 0.839429 0.23474 0.490158
vn 0.91386 -0.080413 0.397986
vn 0.855093 0.366005 0.367228
vn 0.839429 0.23474 0.490158
vn 0.825514 -0.299675 0.478248
vn 0.91386 -0.080413 0.397986
vn 0.822229 0.048005 0.567128
vn 0.825514 -0.299675 0.478248
vn 0.839429 0.23474 0.490158
vn 0.822229 0.048005 0.567128
vn 0.670553 -0.574867 0.468921
vn 0.825514 -0.299675 0.478248
vn 0.791605 -0.232502 0.56507
vn 0.670553 -0.574867 0.468921
vn 0.822229 0.048005 0.567128
vn 0.791605 -0.232502 0.56507
vn 0.431229 -0.82185 0.372296
vn 0.670553 -0.574867 0.468921
vn 0.68538 -0.59274 0.422982
vn 0.431229 -0.82185 0.372296
vn 0.791605 -0.232502 0.56507
vn 0.68538 -0.59274 0.422982
vn 0.195057 -0.93603 0.292918
vn 0.431229 -0.82185 0.372296
vn 0.471257 -0.842448 0.261146
vn 0.195057 -0.93603 0.292918
vn 0.68538 -0.59274 0.422982
vn 0.322409 0.760764 -0.563285
vn 0.422406 0.862199 -0.279616
vn 0.520947 0.699506 -0.489189
vn 0.27409 0.90078 -0.336852
vn 0.422406 0.862199 -0.279616
vn 0.322409 0.760764 -0.563285
vn 0.27409 0.90078 -0.336852
vn 0.430822 0.901531 -0.040422
vn 0.422406 0.862199 -0.279616
vn 0.25119 0.963051 -0.097136
vn 0.430822 0.901531 -0.040422
vn 0.27409 0.90078 -0.336852
vn 0.25119 0.963051 -0.097136
vn 0.4473 0.883031 0.142054
vn 0.430822 0.901531 -0.040422
vn 0.229654 0.96817 0.099526
vn 0.4473 0.883031 0.142054
vn 0.25119 0.963051 -0.097136
vn 0.229654 0.96817 0.099526
vn 0.450785 0.844614 0.288824
vn 0.4473 0.883031 0.142054
vn 0.214673 0.944487 0.248717
vn 0.450785 0.844614 0.288824
vn 0.229654 0.96817 0.099526
vn 0.214673 0.944487 0.248717
vn 0.453396 0.790216 0.412298
vn 0.450785 0.844614 0.288824
vn 0.205545 0.90665 0.368425
vn 0.453396 0.790216 0.412298
vn 0.214673 0.944487 0.248717
vn 0.205545 0.90665 0.368425
vn 0.458235 0.721528 0.519055
vn 0.453396 0.790216 0.412298
vn 0.200172 0.859801 0.469759
vn 0.458235 0.721528 0.519055
vn 0.205545 0.90665 0.368425
vn 0.200172 0.859801 0.469759
vn 0.474207 0.639695 0.604911
vn 0.458235 0.721528 0.519055
vn 0.199544 0.806292 0.556844
vn 0.474207 0.639695 0.604911
vn 0.200172 0.859801 0.469759
vn 0.199544 0.806292 0.556844
vn 0.499159 0.589309 0.63526
vn 0.474207 0.639695 0.604911
vn 0.18785 0.760647 0.621392
vn 0.499159 0.589309 0.63526
vn 0.199544 0.806292 0.556844
vn 0.18785 0.760647 0.621392
vn 0.454655 0.548408 0.70181
vn 0.499159 0.589309 0.63526
vn 0.14752 0.70575 0.692932
vn 0.454655 0.548408 0.70181
vn 0.18785 0.760647 0.621392
vn 0.14752 0.70575 0.692932
vn 0.427627 0.470735 0.771715
vn 0.454655 0.548408 0.70181
vn 0.117482 0.624885 0.771827
vn 0.427627 0.470735 0.771715
vn 0.14752 0.70575 0.692932
vn 0.117482 0.624885 0.771827
vn 0.441455 0.381683 0.812056
vn 0.427627 0.470735 0.771715
vn 0.105871 0.518882 0.848265
vn 0.441455 0.381683 0.812056
vn 0.117482 0.624885 0.771827
vn 0.105871 0.518882 0.848265
vn 0.487123 0.287587 0.824624
vn 0.441455 0.381683 0.812056
vn 0.154515 0.414671 0.896757
vn 0.487123 0.287587 0.824624
vn 0.105871 0.518882 0.848265
vn 0.154515 0.414671 0.896757
vn 0.549581 0.268113 0.79125
vn 0.487123 0.287587 0.824624
vn 0.197322 0.339057 0.919839
vn 0.549581 0.268113 0.79125
vn 0.154515 0.414671 0.896757
vn 0.520947 0.699506 -0.489189
vn 0.617319 0.748028 -0.243663
vn 0.722839 0.595649 -0.350293
vn 0.422406 0.862199 -0.279616
vn 0.617319 0.748028 -0.243663
vn 0.520947 0.699506 -0.489189
vn 0.422406 0.862199 -0.279616
vn 0.637635 0.770206 -0.014279
vn 0.617319 0.748028 -0.243663
vn 0.430822 0.901531 -0.040422
vn 0.637635 0.770206 -0.014279
vn 0.422406 0.862199 -0.279616
vn 0.430822 0.901531 -0.040422
vn 0.663534 0.732869 0.15042
vn 0.637635 0.770206 -0.014279
vn 0.4473 0.883031 0.142054
vn 0.663534 0.732869 0.15042
vn 0.430822 0.901531 -0.040422
vn 0.4473 0.883031 0.142054
vn 0.673837 0.681411 0.285698
vn 0.663534 0.732869 0.15042
vn 0.450785 0.844614 0.288824
vn 0.673837 0.681411 0.285698
vn 0.4473 0.883031 0.142054
vn 0.450785 0.844614 0.288824
vn 0.673415 0.610488 0.416913
vn 0.673837 0.681411 0.285698
vn 0.453396 0.790216 0.412298
vn 0.673415 0.610488 0.416913
vn 0.450785 0.844614 0.288824
vn 0.453396 0.790216 0.412298
vn 0.67643 0.512323 0.52912
vn 0.673415 0.610488 0.416913
vn 0.458235 0.721528 0.519055
vn 0.67643 0.512323 0.52912
vn 0.453396 0.790216 0.412298
vn 0.458235 0.721528 0.519055
vn 0.69394 0.379383 0.611977
vn 0.67643 0.512323 0.52912
vn 0.474207 0.639695 0.604911
vn 0.69394 0.379383 0.611977
vn 0.458235 0.721528 0.519055
vn 0.474207 0.639695 0.604911
vn 0.771195 0.195133 0.605955
vn 0.69394 0.379383 0.611977
vn 0.499159 0.589309 0.63526
vn 0.771195 0.195133 0.605955
vn 0.474207 0.639695 0.604911
vn 0.499159 0.589309 0.63526
vn 0.726665 0.208746 0.65451
vn 0.771195 0.195133 0.605955
vn 0.454655 0.548408 0.70181
vn 0.726665 0.208746 0.65451
vn 0.499159 0.589309 0.63526
vn 0.454655 0.548408 0.70181
vn 0.673104 0.161318 0.721739
vn 0.726665 0.208746 0.65451
vn 0.427627 0.470735 0.771715
vn 0.673104 0.161318 0.721739
vn 0.454655 0.548408 0.70181
vn 0.427627 0.470735 0.771715
vn 0.69289 0.099302 0.714173
vn 0.673104 0.161318 0.721739
vn 0.441455 0.381683 0.812056
vn 0.69289 0.099302 0.714173
vn 0.427627 0.470735 0.771715
vn 0.441455 0.381683 0.812056
vn 0.744679 0.045407 0.665876
vn 0.69289 0.099302 0.714173
vn 0.487123 0.287587 0.824624
vn 0.744679 0.045407 0.665876
vn 0.441455 0.381683 0.812056
vn 0.487123 0.287587 0.824624
vn 0.787946 0.08011 0.61051
vn 0.744679 0.045407 0.665876
vn 0.549581 0.268113 0.79125
vn 0.787946 0.08011 0.61051
vn 0.487123 0.287587 0.824624
vn 0.617319 0.748028 -0.243663
vn 0.817981 0.563203 -0.117086
vn 0.722839 0.595649 -0.350293
vn 0.637635 0.770206 -0.014279
vn 0.817981 0.563203 -0.117086
vn 0.617319 0.748028 -0.243663
vn 0.637635 0.770206 -0.014279
vn 0.843177 0.530565 0.086914
vn 0.817981 0.563203 -0.117086
vn 0.663534 0.732869 0.15042
vn 0.843177 0.530565 0.086914
vn 0.637635 0.770206 -0.014279
vn 0.663534 0.732869 0.15042
vn 0.854972 0.462534 0.234702
vn 0.843177 0.530565 0.086914
vn 0.673837 0.681411 0.285698
vn 0.854972 0.462534 0.234702
vn 0.663534 0.732869 0.15042
vn 0.673837 0.681411 0.285698
vn 0.855093 0.366005 0.367228
vn 0.854972 0.462534 0.234702
vn 0.673415 0.610488 0.416913
vn 0.855093 0.366005 0.367228
vn 0.673837 0.681411 0.285698
vn 0.673415 0.610488 0.416913
vn 0.839429 0.23474 0.490158
vn 0.855093 0.366005 0.367228
vn 0.67643 0.512323 0.52912
vn 0.839429 0.23474 0.490158
vn 0.673415 0.610488 0.416913
vn 0.67643 0.512323 0.52912
vn 0.822229 0.048005 0.567128
vn 0.839429 0.23474 0.490158
vn 0.69394 0.379383 0.611977
vn 0.822229 0.048005 0.567128
vn 0.67643 0.512323 0.52912
vn 0.69394 0.379383 0.611977
vn 0.791605 -0.232502 0.56507
vn 0.822229 0.048005 0.567128
vn 0.771195 0.195133 0.605955
vn 0.791605 -0.232502 0.56507
vn 0.69394 0.379383 0.611977
vn 0.771195 0.195133 0.605955
vn 0.68538 -0.59274 0.422982
vn 0.791605 -0.232502 0.56507
vn 0.828189 -0.321576 0.459012
vn 0.68538 -0.59274 0.422982
vn 0.771195 0.195133 0.605955
vn 0.828189 -0.321576 0.459012
vn 0.471257 -0.842448 0.261146
vn 0.68538 -0.59274 0.422982
vn 0.597708 -0.723047 0.346336
vn 0.471257 -0.842448 0.261146
vn 0.828189 -0.321576 0.459012
vn 0.726665 0.208746 0.65451
vn 0.828189 -0.321576 0.459012
vn 0.771195 0.195133 0.605955
vn 0.753397 -0.342933 0.561061
vn 0.828189 -0.321576 0.459012
vn 0.726665 0.208746 0.65451
vn 0.753397 -0.342933 0.561061
vn 0.597708 -0.723047 0.346336
vn 0.828189 -0.321576 0.459012
vn 0.585481 -0.713354 0.385146
vn 0.597708 -0.723047 0.346336
vn 0.753397 -0.342933 0.561061
vn 0.726665 0.208746 0.65451
vn 0.764273 -0.277878 0.581954
vn 0.753397 -0.342933 0.561061
vn 0.673104 0.161318 0.721739
vn 0.764273 -0.277878 0.581954
vn 0.726665 0.208746 0.65451
vn 0.673104 0.161318 0.721739
vn 0.811073 -0.262726 0.522623
vn 0.764273 -0.277878 0.581954
vn 0.69289 0.099302 0.714173
vn 0.811073 -0.262726 0.522623
vn 0.673104 0.161318 0.721739
vn 0.69289 0.099302 0.714173
vn 0.857204 -0.211842 0.469388
vn 0.811073 -0.262726 0.522623
vn 0.744679 0.045407 0.665876
vn 0.857204 -0.211842 0.469388
vn 0.69289 0.099302 0.714173
vn 0.744679 0.045407 0.665876
vn 0.904808 -0.080054 0.418227
vn 0.857204 -0.211842 0.469388
vn 0.787946 0.08011 0.61051
vn 0.904808 -0.080054 0.418227
vn 0.744679 0.045407 0.665876
vn 0.753397 -0.342933 0.561061
vn 0.672796 -0.636879 0.376473
vn 0.585481 -0.713354 0.385146
vn 0.764273 -0.277878 0.581954
vn 0.672796 -0.636879 0.376473
vn 0.753397 -0.342933 0.561061
vn 0.764273 -0.277878 0.581954
vn 0.809439 -0.51305 0.285634
vn 0.672796 -0.636879 0.376473
vn 0.811073 -0.262726 0.522623
vn 0.809439 -0.51305 0.285634
vn 0.764273 -0.277878 0.581954
vn 0.811073 -0.262726 0.522623
vn 0.898024 -0.344331 0.273841
vn 0.809439 -0.51305 0.285634
vn 0.857204 -0.211842 0.469388
vn 0.898024 -0.344331 0.273841
vn 0.811073 -0.262726 0.522623
vn 0.857204 -0.211842 0.469388
vn 0.951732 -0.101483 0.289667
vn 0.898024 -0.344331 0.273841
vn 0.904808 -0.080054 0.418227
vn 0.951732 -0.101483 0.289667
vn 0.857204 -0.211842 0.469388
vn -0.386377 0.038702 0.921529
vn -0.272374 0.062929 0.960131
vn -0.325644 -0.045602 0.944392
vn -0.322405 0.147343 0.935064
vn -0.272374 0.062929 0.960131
vn -0.386377 0.038702 0.921529
vn -0.322405 0.147343 0.935064
vn -0.213112 0.171666 0.961829
vn -0.272374 0.062929 0.960131
vn -0.281351 0.243062 0.928312
vn -0.213112 0.171666 0.961829
vn -0.322405 0.147343 0.935064
vn -0.281351 0.243062 0.928312
vn -0.16077 0.28401 0.945247
vn -0.213112 0.171666 0.961829
vn -0.237004 0.327096 0.914788
vn -0.16077 0.28401 0.945247
vn -0.281351 0.243062 0.928312
vn -0.237004 0.327096 0.914788
vn -0.13923 0.401949 0.905015
vn -0.16077 0.28401 0.945247
vn -0.223889 0.418931 0.879983
vn -0.13923 0.401949 0.905015
vn -0.237004 0.327096 0.914788
vn -0.223889 0.418931 0.879983
vn -0.172258 0.511265 0.841983
vn -0.13923 0.401949 0.905015
vn -0.257972 0.509646 0.820799
vn -0.172258 0.511265 0.841983
vn -0.223889 0.418931 0.879983
vn -0.257972 0.509646 0.820799
vn -0.253859 0.595951 0.761839
vn -0.172258 0.511265 0.841983
vn -0.36476 0.565429 0.739757
vn -0.253859 0.595951 0.761839
vn -0.257972 0.509646 0.820799
vn -0.36476 0.565429 0.739757
vn -0.359362 0.633615 0.685121
vn -0.253859 0.595951 0.761839
vn -0.433393 0.585045 0.685487
vn -0.359362 0.633615 0.685121
vn -0.36476 0.565429 0.739757
vn -0.433393 0.585045 0.685487
vn -0.4727 0.629068 0.617112
vn -0.359362 0.633615 0.685121
vn -0.520605 0.568548 0.636965
vn -0.4727 0.629068 0.617112
vn -0.433393 0.585045 0.685487
vn -0.520605 0.568548 0.636965
vn -0.586345 0.58573 0.559571
vn -0.4727 0.629068 0.617112
vn -0.604148 0.530453 0.594664
vn -0.586345 0.58573 0.559571
vn -0.520605 0.568548 0.636965
vn -0.604148 0.530453 0.594664
vn -0.687141 0.51062 0.516821
vn -0.586345 0.58573 0.559571
vn -0.677354 0.470043 0.565907
vn -0.687141 0.51062 0.516821
vn -0.604148 0.530453 0.594664
vn -0.677354 0.470043 0.565907
vn -0.762852 0.408575 0.501122
vn -0.687141 0.51062 0.516821
vn -0.740754 0.392177 0.545419
vn -0.762852 0.408575 0.501122
vn -0.677354 0.470043 0.565907
vn -0.740754 0.392177 0.545419
vn -0.810031 0.286888 0.511415
vn -0.762852 0.408575 0.501122
vn -0.807168 0.284951 0.516993
vn -0.810031 0.286888 0.511415
vn -0.740754 0.392177 0.545419
vn -0.807168 0.284951 0.516993
vn -0.83581 0.155527 0.526529
vn -0.810031 0.286888 0.511415
vn -0.827 0.151083 0.541521
vn -0.83581 0.155527 0.526529
vn -0.807168 0.284951 0.516993
vn -0.827 0.151083 0.541521
vn -0.828272 0.019347 0.559992
vn -0.83581 0.155527 0.526529
vn -0.818008 0.024537 0.574683
vn -0.828272 0.019347 0.559992
vn -0.827 0.151083 0.541521
vn -0.818008 0.024537 0.574683
vn -0.780022 -0.123882 0.613367
vn -0.828272 0.019347 0.559992
vn -0.787813 0.024897 0.615411
vn -0.780022 -0.123882 0.613367
vn -0.818008 0.024537 0.574683
vn -0.787813 0.024897 0.615411
vn -0.691137 -0.126269 0.711608
vn -0.780022 -0.123882 0.613367
vn -0.640288 0.0839 0.76354
vn -0.691137 -0.126269 0.711608
vn -0.787813 0.024897 0.615411
vn -0.640288 0.0839 0.76354
vn -0.577679 -0.14569 0.803157
vn -0.691137 -0.126269 0.711608
vn -0.553641 -0.002677 0.832751
vn -0.577679 -0.14569 0.803157
vn -0.640288 0.0839 0.76354
vn -0.553641 -0.002677 0.832751
vn -0.492357 -0.143755 0.85844
vn -0.577679 -0.14569 0.803157
vn -0.499645 -0.030446 0.865695
vn -0.492357 -0.143755 0.85844
vn -0.553641 -0.002677 0.832751
vn -0.499645 -0.030446 0.865695
vn -0.389184 -0.11283 0.914224
vn -0.492357 -0.143755 0.85844
vn -0.417631 -0.061086 0.906561
vn -0.389184 -0.11283 0.914224
vn -0.499645 -0.030446 0.865695
vn -0.417631 -0.061086 0.906561
vn -0.325644 -0.045602 0.944392
vn -0.389184 -0.11283 0.914224
vn -0.386377 0.038702 0.921529
vn -0.325644 -0.045602 0.944392
vn -0.417631 -0.061086 0.906561
vn -0.691137 -0.126269 0.711608
vn -0.595421 -0.229327 0.769989
vn -0.695019 -0.17391 0.697642
vn -0.577679 -0.14569 0.803157
vn -0.595421 -0.229327 0.769989
vn -0.691137 -0.126269 0.711608
vn -0.577679 -0.14569 0.803157
vn -0.486862 -0.229665 0.842745
vn -0.595421 -0.229327 0.769989
vn -0.492357 -0.143755 0.85844
vn -0.486862 -0.229665 0.842745
vn -0.577679 -0.14569 0.803157
vn -0.492357 -0.143755 0.85844
vn -0.371751 -0.192363 0.908184
vn -0.486862 -0.229665 0.842745
vn -0.389184 -0.11283 0.914224
vn -0.371751 -0.192363 0.908184
vn -0.492357 -0.143755 0.85844
vn -0.389184 -0.11283 0.914224
vn -0.266628 -0.114122 0.957019
vn -0.371751 -0.192363 0.908184
vn -0.325644 -0.045602 0.944392
vn -0.266628 -0.114122 0.957019
vn -0.389184 -0.11283 0.914224
vn -0.325644 -0.045602 0.944392
vn -0.182628 -0.007611 0.983153
vn -0.266628 -0.114122 0.957019
vn -0.272374 0.062929 0.960131
vn -0.182628 -0.007611 0.983153
vn -0.325644 -0.045602 0.944392
vn -0.272374 0.062929 0.960131
vn -0.13175 0.121359 0.983826
vn -0.182628 -0.007611 0.983153
vn -0.213112 0.171666 0.961829
vn -0.13175 0.121359 0.983826
vn -0.272374 0.062929 0.960131
vn -0.213112 0.171666 0.961829
vn -0.105368 0.259964 0.959852
vn -0.13175 0.121359 0.983826
vn -0.16077 0.28401 0.945247
vn -0.105368 0.259964 0.959852
vn -0.213112 0.171666 0.961829
vn -0.16077 0.28401 0.945247
vn -0.115047 0.388268 0.914337
vn -0.105368 0.259964 0.959852
vn -0.13923 0.401949 0.905015
vn -0.115047 0.388268 0.914337
vn -0.16077 0.28401 0.945247
vn -0.13923 0.401949 0.905015
vn -0.166738 0.49754 0.851265
vn -0.115047 0.388268 0.914337
vn -0.172258 0.511265 0.841983
vn -0.166738 0.49754 0.851265
vn -0.13923 0.401949 0.905015
vn -0.172258 0.511265 0.841983
vn -0.247559 0.578498 0.777209
vn -0.166738 0.49754 0.851265
vn -0.253859 0.595951 0.761839
vn -0.247559 0.578498 0.777209
vn -0.172258 0.511265 0.841983
vn -0.253859 0.595951 0.761839
vn -0.347837 0.62374 0.69997
vn -0.247559 0.578498 0.777209
vn -0.359362 0.633615 0.685121
vn -0.347837 0.62374 0.69997
vn -0.253859 0.595951 0.761839
vn -0.359362 0.633615 0.685121
vn -0.458981 0.629341 0.62711
vn -0.347837 0.62374 0.69997
vn -0.4727 0.629068 0.617112
vn -0.458981 0.629341 0.62711
vn -0.359362 0.633615 0.685121
vn -0.4727 0.629068 0.617112
vn -0.56298 0.61455 0.552613
vn -0.458981 0.629341 0.62711
vn -0.586345 0.58573 0.559571
vn -0.56298 0.61455 0.552613
vn -0.4727 0.629068 0.617112
vn -0.586345 0.58573 0.559571
vn -0.665588 0.5355 0.51984
vn -0.56298 0.61455 0.552613
vn -0.687141 0.51062 0.516821
vn -0.665588 0.5355 0.51984
vn -0.586345 0.58573 0.559571
vn -0.687141 0.51062 0.516821
vn -0.755727 0.436501 0.488205
vn -0.665588 0.5355 0.51984
vn -0.762852 0.408575 0.501122
vn -0.755727 0.436501 0.488205
vn -0.687141 0.51062 0.516821
vn -0.762852 0.408575 0.501122
vn -0.810407 0.314601 0.494234
vn -0.755727 0.436501 0.488205
vn -0.810031 0.286888 0.511415
vn -0.810407 0.314601 0.494234
vn -0.762852 0.408575 0.501122
vn -0.810031 0.286888 0.511415
vn -0.836874 0.183107 0.515863
vn -0.810407 0.314601 0.494234
vn -0.83581 0.155527 0.526529
vn -0.836874 0.183107 0.515863
vn -0.810031 0.286888 0.511415
vn -0.83581 0.155527 0.526529
vn -0.830712 0.054647 0.554014
vn -0.836874 0.183107 0.515863
vn -0.828272 0.019347 0.559992
vn -0.830712 0.054647 0.554014
vn -0.83581 0.155527 0.526529
vn -0.828272 0.019347 0.559992
vn -0.785316 -0.076048 0.614406
vn -0.830712 0.054647 0.554014
vn -0.780022 -0.123882 0.613367
vn -0.785316 -0.076048 0.614406
vn -0.828272 0.019347 0.559992
vn -0.780022 -0.123882 0.613367
vn -0.695019 -0.17391 0.697642
vn -0.785316 -0.076048 0.614406
vn -0.691137 -0.126269 0.711608
vn -0.695019 -0.17391 0.697642
vn -0.780022 -0.123882 0.613367
vn -0.695019 -0.17391 0.697642
vn -0.701738 0.019482 0.712168
vn -0.785316 -0.076048 0.614406
vn -0.641237 -0.024932 0.766937
vn -0.701738 0.019482 0.712168
vn -0.695019 -0.17391 0.697642
vn -0.641237 -0.024932 0.766937
vn -0.626985 0.109435 0.771307
vn -0.701738 0.019482 0.712168
vn -0.58441 0.11236 0.803641
vn -0.626985 0.109435 0.771307
vn -0.641237 -0.024932 0.766937
vn -0.58441 0.11236 0.803641
vn -0.637418 0.170099 0.751509
vn -0.626985 0.109435 0.771307
vn -0.594465 0.180747 0.783544
vn -0.637418 0.170099 0.751509
vn -0.58441 0.11236 0.803641
vn -0.594465 0.180747 0.783544
vn -0.660544 0.209595 0.720938
vn -0.637418 0.170099 0.751509
vn -0.590668 0.220433 0.776222
vn -0.660544 0.209595 0.720938
vn -0.594465 0.180747 0.783544
vn -0.590668 0.220433 0.776222
vn -0.657768 0.248997 0.710874
vn -0.660544 0.209595 0.720938
vn -0.583057 0.262585 0.768826
vn -0.657768 0.248997 0.710874
vn -0.590668 0.220433 0.776222
vn -0.583057 0.262585 0.768826
vn -0.639627 0.300059 0.707702
vn -0.657768 0.248997 0.710874
vn -0.562126 0.314187 0.76505
vn -0.639627 0.300059 0.707702
vn -0.583057 0.262585 0.768826
vn -0.562126 0.314187 0.76505
vn -0.610626 0.357968 0.706396
vn -0.639627 0.300059 0.707702
vn -0.554559 0.399266 0.730104
vn -0.610626 0.357968 0.706396
vn -0.562126 0.314187 0.76505
vn -0.554559 0.399266 0.730104
vn -0.641762 0.427985 0.636373
vn -0.610626 0.357968 0.706396
vn -0.571821 0.49064 0.65749
vn -0.641762 0.427985 0.636373
vn -0.554559 0.399266 0.730104
vn -0.571821 0.49064 0.65749
vn -0.665588 0.5355 0.51984
vn -0.641762 0.427985 0.636373
vn -0.56298 0.61455 0.552613
vn -0.665588 0.5355 0.51984
vn -0.571821 0.49064 0.65749
vn -0.695019 -0.17391 0.697642
vn -0.581947 -0.070559 0.81016
vn -0.641237 -0.024932 0.766937
vn -0.595421 -0.229327 0.769989
vn -0.581947 -0.070559 0.81016
vn -0.695019 -0.17391 0.697642
vn -0.595421 -0.229327 0.769989
vn -0.515955 -0.068982 0.853834
vn -0.581947 -0.070559 0.81016
vn -0.486862 -0.229665 0.842745
vn -0.515955 -0.068982 0.853834
vn -0.595421 -0.229327 0.769989
vn -0.486862 -0.229665 0.842745
vn -0.440634 -0.045625 0.896527
vn -0.515955 -0.068982 0.853834
vn -0.371751 -0.192363 0.908184
vn -0.440634 -0.045625 0.896527
vn -0.486862 -0.229665 0.842745
vn -0.371751 -0.192363 0.908184
vn -0.367709 0.006496 0.929918
vn -0.440634 -0.045625 0.896527
vn -0.266628 -0.114122 0.957019
vn -0.367709 0.006496 0.929918
vn -0.371751 -0.192363 0.908184
vn -0.266628 -0.114122 0.957019
vn -0.311364 0.084449 0.946531
vn -0.367709 0.006496 0.929918
vn -0.182628 -0.007611 0.983153
vn -0.311364 0.084449 0.946531
vn -0.266628 -0.114122 0.957019
vn -0.182628 -0.007611 0.983153
vn -0.285125 0.169384 0.943405
vn -0.311364 0.084449 0.946531
vn -0.13175 0.121359 0.983826
vn -0.285125 0.169384 0.943405
vn -0.182628 -0.007611 0.983153
vn -0.13175 0.121359 0.983826
vn -0.269674 0.254183 0.928799
vn -0.285125 0.169384 0.943405
vn -0.105368 0.259964 0.959852
vn -0.269674 0.254183 0.928799
vn -0.13175 0.121359 0.983826
vn -0.105368 0.259964 0.959852
vn -0.272405 0.339268 0.900385
vn -0.269674 0.254183 0.928799
vn -0.115047 0.388268 0.914337
vn -0.272405 0.339268 0.900385
vn -0.105368 0.259964 0.959852
vn -0.115047 0.388268 0.914337
vn -0.3037 0.414096 0.858074
vn -0.272405 0.339268 0.900385
vn -0.166738 0.49754 0.851265
vn -0.3037 0.414096 0.858074
vn -0.115047 0.388268 0.914337
vn -0.166738 0.49754 0.851265
vn -0.358203 0.466794 0.808575
vn -0.3037 0.414096 0.858074
vn -0.247559 0.578498 0.777209
vn -0.358203 0.466794 0.808575
vn -0.166738 0.49754 0.851265
vn -0.247559 0.578498 0.777209
vn -0.424006 0.491498 0.76069
vn -0.358203 0.466794 0.808575
vn -0.347837 0.62374 0.69997
vn -0.424006 0.491498 0.76069
vn -0.247559 0.578498 0.777209
vn -0.347837 0.62374 0.69997
vn -0.493149 0.497576 0.713598
vn -0.424006 0.491498 0.76069
vn -0.458981 0.629341 0.62711
vn -0.493149 0.497576 0.713598
vn -0.347837 0.62374 0.69997
vn -0.458981 0.629341 0.62711
vn -0.571821 0.49064 0.65749
vn -0.493149 0.497576 0.713598
vn -0.56298 0.61455 0.552613
vn -0.571821 0.49064 0.65749
vn -0.458981 0.629341 0.62711
vn -0.755727 0.436501 0.488205
vn -0.641762 0.427985 0.636373
vn -0.665588 0.5355 0.51984
vn -0.697773 0.354598 0.622392
vn -0.641762 0.427985 0.636373
vn -0.755727 0.436501 0.488205
vn -0.697773 0.354598 0.622392
vn -0.610626 0.357968 0.706396
vn -0.641762 0.427985 0.636373
vn -0.639627 0.300059 0.707702
vn -0.610626 0.357968 0.706396
vn -0.697773 0.354598 0.622392
vn -0.785316 -0.076048 0.614406
vn -0.734226 0.109006 0.670097
vn -0.830712 0.054647 0.554014
vn -0.701738 0.019482 0.712168
vn -0.734226 0.109006 0.670097
vn -0.785316 -0.076048 0.614406
vn -0.701738 0.019482 0.712168
vn -0.637418 0.170099 0.751509
vn -0.734226 0.109006 0.670097
vn -0.626985 0.109435 0.771307
vn -0.637418 0.170099 0.751509
vn -0.701738 0.019482 0.712168
vn -0.830712 0.054647 0.554014
vn -0.740086 0.192114 0.644488
vn -0.836874 0.183107 0.515863
vn -0.734226 0.109006 0.670097
vn -0.740086 0.192114 0.644488
vn -0.830712 0.054647 0.554014
vn -0.734226 0.109006 0.670097
vn -0.660544 0.209595 0.720938
vn -0.740086 0.192114 0.644488
vn -0.637418 0.170099 0.751509
vn -0.660544 0.209595 0.720938
vn -0.734226 0.109006 0.670097
vn -0.836874 0.183107 0.515863
vn -0.728974 0.271805 0.628267
vn -0.810407 0.314601 0.494234
vn -0.740086 0.192114 0.644488
vn -0.728974 0.271805 0.628267
vn -0.836874 0.183107 0.515863
vn -0.740086 0.192114 0.644488
vn -0.657768 0.248997 0.710874
vn -0.728974 0.271805 0.628267
vn -0.660544 0.209595 0.720938
vn -0.657768 0.248997 0.710874
vn -0.740086 0.192114 0.644488
vn -0.810407 0.314601 0.494234
vn -0.697773 0.354598 0.622392
vn -0.755727 0.436501 0.488205
vn -0.728974 0.271805 0.628267
vn -0.697773 0.354598 0.622392
vn -0.810407 0.314601 0.494234
vn -0.728974 0.271805 0.628267
vn -0.639627 0.300059 0.707702
vn -0.697773 0.354598 0.622392
vn -0.657768 0.248997 0.710874
vn -0.639627 0.300059 0.707702
vn -0.728974 0.271805 0.628267
vn -0.554559 0.399266 0.730104
vn -0.493149 0.497576 0.713598
vn -0.571821 0.49064 0.65749
vn -0.50966 0.393656 0.765037
vn -0.493149 0.497576 0.713598
vn -0.554559 0.399266 0.730104
vn -0.50966 0.393656 0.765037
vn -0.424006 0.491498 0.76069
vn -0.493149 0.497576 0.713598
vn -0.470305 0.396084 0.788626
vn -0.424006 0.491498 0.76069
vn -0.50966 0.393656 0.765037
vn -0.470305 0.396084 0.788626
vn -0.358203 0.466794 0.808575
vn -0.424006 0.491498 0.76069
vn -0.428642 0.380131 0.819614
vn -0.358203 0.466794 0.808575
vn -0.470305 0.396084 0.788626
vn -0.428642 0.380131 0.819614
vn -0.3037 0.414096 0.858074
vn -0.358203 0.466794 0.808575
vn -0.383739 0.350536 0.854323
vn -0.3037 0.414096 0.858074
vn -0.428642 0.380131 0.819614
vn -0.383739 0.350536 0.854323
vn -0.272405 0.339268 0.900385
vn -0.3037 0.414096 0.858074
vn -0.376353 0.292551 0.879075
vn -0.272405 0.339268 0.900385
vn -0.383739 0.350536 0.854323
vn -0.376353 0.292551 0.879075
vn -0.269674 0.254183 0.928799
vn -0.272405 0.339268 0.900385
vn -0.373764 0.238268 0.896398
vn -0.269674 0.254183 0.928799
vn -0.376353 0.292551 0.879075
vn -0.373764 0.238268 0.896398
vn -0.285125 0.169384 0.943405
vn -0.269674 0.254183 0.928799
vn -0.38363 0.193597 0.902966
vn -0.285125 0.169384 0.943405
vn -0.373764 0.238268 0.896398
vn -0.38363 0.193597 0.902966
vn -0.311364 0.084449 0.946531
vn -0.285125 0.169384 0.943405
vn -0.421263 0.152899 0.893957
vn -0.311364 0.084449 0.946531
vn -0.38363 0.193597 0.902966
vn -0.421263 0.152899 0.893957
vn -0.367709 0.006496 0.929918
vn -0.311364 0.084449 0.946531
vn -0.446515 0.096786 0.889526
vn -0.367709 0.006496 0.929918
vn -0.421263 0.152899 0.893957
vn -0.446515 0.096786 0.889526
vn -0.440634 -0.045625 0.896527
vn -0.367709 0.006496 0.929918
vn -0.494218 0.086998 0.864974
vn -0.440634 -0.045625 0.896527
vn -0.446515 0.096786 0.889526
vn -0.494218 0.086998 0.864974
vn -0.515955 -0.068982 0.853834
vn -0.440634 -0.045625 0.896527
vn -0.525934 0.052827 0.848883
vn -0.515955 -0.068982 0.853834
vn -0.494218 0.086998 0.864974
vn -0.525934 0.052827 0.848883
vn -0.581947 -0.070559 0.81016
vn -0.515955 -0.068982 0.853834
vn -0.562326 0.050907 0.825347
vn -0.581947 -0.070559 0.81016
vn -0.525934 0.052827 0.848883
vn -0.562326 0.050907 0.825347
vn -0.641237 -0.024932 0.766937
vn -0.581947 -0.070559 0.81016
vn -0.58441 0.11236 0.803641
vn -0.641237 -0.024932 0.766937
vn -0.562326 0.050907 0.825347
vn -0.58441 0.11236 0.803641
vn -0.552465 0.161184 0.817803
vn -0.594465 0.180747 0.783544
vn -0.562326 0.050907 0.825347
vn -0.552465 0.161184 0.817803
vn -0.58441 0.11236 0.803641
vn -0.562326 0.050907 0.825347
vn -0.517342 0.150059 0.84252
vn -0.552465 0.161184 0.817803
vn -0.525934 0.052827 0.848883
vn -0.517342 0.150059 0.84252
vn -0.562326 0.050907 0.825347
vn -0.525934 0.052827 0.848883
vn -0.474311 0.154398 0.866712
vn -0.517342 0.150059 0.84252
vn -0.494218 0.086998 0.864974
vn -0.474311 0.154398 0.866712
vn -0.525934 0.052827 0.848883
vn -0.494218 0.086998 0.864974
vn -0.421263 0.152899 0.893957
vn -0.474311 0.154398 0.866712
vn -0.446515 0.096786 0.889526
vn -0.421263 0.152899 0.893957
vn -0.494218 0.086998 0.864974
vn -0.594465 0.180747 0.783544
vn -0.545286 0.218133 0.809371
vn -0.590668 0.220433 0.776222
vn -0.552465 0.161184 0.817803
vn -0.545286 0.218133 0.809371
vn -0.594465 0.180747 0.783544
vn -0.552465 0.161184 0.817803
vn -0.515205 0.218435 0.828764
vn -0.545286 0.218133 0.809371
vn -0.517342 0.150059 0.84252
vn -0.515205 0.218435 0.828764
vn -0.552465 0.161184 0.817803
vn -0.517342 0.150059 0.84252
vn -0.461511 0.209634 0.86201
vn -0.515205 0.218435 0.828764
vn -0.474311 0.154398 0.866712
vn -0.461511 0.209634 0.86201
vn -0.517342 0.150059 0.84252
vn -0.474311 0.154398 0.866712
vn -0.38363 0.193597 0.902966
vn -0.461511 0.209634 0.86201
vn -0.421263 0.152899 0.893957
vn -0.38363 0.193597 0.902966
vn -0.474311 0.154398 0.866712
vn -0.562126 0.314187 0.76505
vn -0.50966 0.393656 0.765037
vn -0.554559 0.399266 0.730104
vn -0.529585 0.313108 0.788355
vn -0.50966 0.393656 0.765037
vn -0.562126 0.314187 0.76505
vn -0.529585 0.313108 0.788355
vn -0.470305 0.396084 0.788626
vn -0.50966 0.393656 0.765037
vn -0.494902 0.306217 0.813206
vn -0.470305 0.396084 0.788626
vn -0.529585 0.313108 0.788355
vn -0.494902 0.306217 0.813206
vn -0.428642 0.380131 0.819614
vn -0.470305 0.396084 0.788626
vn -0.459101 0.298345 0.83679
vn -0.428642 0.380131 0.819614
vn -0.494902 0.306217 0.813206
vn -0.459101 0.298345 0.83679
vn -0.383739 0.350536 0.854323
vn -0.428642 0.380131 0.819614
vn -0.376353 0.292551 0.879075
vn -0.383739 0.350536 0.854323
vn -0.459101 0.298345 0.83679
vn -0.590668 0.220433 0.776222
vn -0.536697 0.25193 0.805287
vn -0.583057 0.262585 0.768826
vn -0.545286 0.218133 0.809371
vn -0.536697 0.25193 0.805287
vn -0.590668 0.220433 0.776222
vn -0.545286 0.218133 0.809371
vn -0.506819 0.255124 0.823435
vn -0.536697 0.25193 0.805287
vn -0.515205 0.218435 0.828764
vn -0.506819 0.255124 0.823435
vn -0.545286 0.218133 0.809371
vn -0.515205 0.218435 0.828764
vn -0.460443 0.254235 0.850504
vn -0.506819 0.255124 0.823435
vn -0.461511 0.209634 0.86201
vn -0.460443 0.254235 0.850504
vn -0.515205 0.218435 0.828764
vn -0.461511 0.209634 0.86201
vn -0.373764 0.238268 0.896398
vn -0.460443 0.254235 0.850504
vn -0.38363 0.193597 0.902966
vn -0.373764 0.238268 0.896398
vn -0.461511 0.209634 0.86201
vn -0.376353 0.292551 0.879075
vn -0.460443 0.254235 0.850504
vn -0.373764 0.238268 0.896398
vn -0.459101 0.298345 0.83679
vn -0.460443 0.254235 0.850504
vn -0.376353 0.292551 0.879075
vn -0.459101 0.298345 0.83679
vn -0.506819 0.255124 0.823435
vn -0.460443 0.254235 0.850504
vn -0.494902 0.306217 0.813206
vn -0.506819 0.255124 0.823435
vn -0.459101 0.298345 0.83679
vn -0.494902 0.306217 0.813206
vn -0.536697 0.25193 0.805287
vn -0.506819 0.255124 0.823435
vn -0.529585 0.313108 0.788355
vn -0.536697 0.25193 0.805287
vn -0.494902 0.306217 0.813206
vn -0.529585 0.313108 0.788355
vn -0.583057 0.262585 0.768826
vn -0.536697 0.25193 0.805287
vn -0.562126 0.314187 0.76505
vn -0.583057 0.262585 0.768826
vn -0.529585 0.313108 0.788355
vn 0.194132 0.112812 0.974467
vn 0.172757 -0.058873 0.983204
vn 0.103417 0.031518 0.994139
vn 0.216861 -0.001486 0.976201
vn 0.172757 -0.058873 0.983204
vn 0.194132 0.112812 0.974467
vn 0.216861 -0.001486 0.976201
vn 0.240936 -0.155948 0.95793
vn 0.172757 -0.058873 0.983204
vn 0.233371 -0.104035 0.966806
vn 0.240936 -0.155948 0.95793
vn 0.216861 -0.001486 0.976201
vn 0.233371 -0.104035 0.966806
vn 0.324813 -0.188149 0.926875
vn 0.240936 -0.155948 0.95793
vn 0.33656 -0.084619 0.937852
vn 0.324813 -0.188149 0.926875
vn 0.233371 -0.104035 0.966806
vn 0.33656 -0.084619 0.937852
vn 0.435074 -0.201653 0.877523
vn 0.324813 -0.188149 0.926875
vn 0.387537 -0.051095 0.920437
vn 0.435074 -0.201653 0.877523
vn 0.33656 -0.084619 0.937852
vn 0.387537 -0.051095 0.920437
vn 0.516754 -0.161342 0.840793
vn 0.435074 -0.201653 0.877523
vn 0.488224 0.005065 0.872704
vn 0.516754 -0.161342 0.840793
vn 0.387537 -0.051095 0.920437
vn 0.488224 0.005065 0.872704
vn 0.643565 -0.131433 0.754022
vn 0.516754 -0.161342 0.840793
vn 0.670065 -0.041633 0.741134
vn 0.643565 -0.131433 0.754022
vn 0.488224 0.005065 0.872704
vn 0.670065 -0.041633 0.741134
vn 0.72058 -0.045277 0.691892
vn 0.643565 -0.131433 0.754022
vn 0.707698 -0.024446 0.706092
vn 0.72058 -0.045277 0.691892
vn 0.670065 -0.041633 0.741134
vn 0.707698 -0.024446 0.706092
vn 0.745322 0.090021 0.6606
vn 0.72058 -0.045277 0.691892
vn 0.728996 0.097485 0.677541
vn 0.745322 0.090021 0.6606
vn 0.707698 -0.024446 0.706092
vn 0.728996 0.097485 0.677541
vn 0.731914 0.22618 0.642763
vn 0.745322 0.090021 0.6606
vn 0.718916 0.223376 0.658227
vn 0.731914 0.22618 0.642763
vn 0.728996 0.097485 0.677541
vn 0.718916 0.223376 0.658227
vn 0.693252 0.353536 0.628023
vn 0.731914 0.22618 0.642763
vn 0.676852 0.325258 0.660363
vn 0.693252 0.353536 0.628023
vn 0.718916 0.223376 0.658227
vn 0.676852 0.325258 0.660363
vn 0.620182 0.460363 0.63517
vn 0.693252 0.353536 0.628023
vn 0.613493 0.41497 0.671883
vn 0.620182 0.460363 0.63517
vn 0.676852 0.325258 0.660363
vn 0.613493 0.41497 0.671883
vn 0.520104 0.545654 0.65708
vn 0.620182 0.460363 0.63517
vn 0.536288 0.483754 0.691648
vn 0.520104 0.545654 0.65708
vn 0.613493 0.41497 0.671883
vn 0.536288 0.483754 0.691648
vn 0.401282 0.597062 0.694615
vn 0.520104 0.545654 0.65708
vn 0.446763 0.53282 0.718684
vn 0.401282 0.597062 0.694615
vn 0.536288 0.483754 0.691648
vn 0.446763 0.53282 0.718684
vn 0.268422 0.616658 0.740056
vn 0.401282 0.597062 0.694615
vn 0.34648 0.560521 0.752176
vn 0.268422 0.616658 0.740056
vn 0.446763 0.53282 0.718684
vn 0.34648 0.560521 0.752176
vn 0.139775 0.591186 0.794331
vn 0.268422 0.616658 0.740056
vn 0.271386 0.535293 0.799882
vn 0.139775 0.591186 0.794331
vn 0.34648 0.560521 0.752176
vn 0.271386 0.535293 0.799882
vn 0.044549 0.511354 0.858215
vn 0.139775 0.591186 0.794331
vn 0.15959 0.467409 0.869517
vn 0.044549 0.511354 0.858215
vn 0.271386 0.535293 0.799882
vn 0.15959 0.467409 0.869517
vn -0.017266 0.395799 0.918175
vn 0.044549 0.511354 0.858215
vn 0.110775 0.371469 0.921813
vn -0.017266 0.395799 0.918175
vn 0.15959 0.467409 0.869517
vn 0.110775 0.371469 0.921813
vn -0.017942 0.265297 0.964
vn -0.017266 0.395799 0.918175
vn 0.12704 0.280311 0.951466
vn -0.017942 0.265297 0.964
vn 0.110775 0.371469 0.921813
vn 0.12704 0.280311 0.951466
vn 0.029831 0.134311 0.99049
vn -0.017942 0.265297 0.964
vn 0.162863 0.194951 0.967197
vn 0.029831 0.134311 0.99049
vn 0.12704 0.280311 0.951466
vn 0.162863 0.194951 0.967197
vn 0.103417 0.031518 0.994139
vn 0.029831 0.134311 0.99049
vn 0.194132 0.112812 0.974467
vn 0.103417 0.031518 0.994139
vn 0.162863 0.194951 0.967197
vn 0.435074 -0.201653 0.877523
vn 0.536176 -0.253185 0.805241
vn 0.418575 -0.281388 0.863491
vn 0.516754 -0.161342 0.840793
vn 0.536176 -0.253185 0.805241
vn 0.435074 -0.201653 0.877523
vn 0.516754 -0.161342 0.840793
vn 0.637511 -0.16696 0.752133
vn 0.536176 -0.253185 0.805241
vn 0.643565 -0.131433 0.754022
vn 0.637511 -0.16696 0.752133
vn 0.516754 -0.161342 0.840793
vn 0.643565 -0.131433 0.754022
vn 0.713642 -0.04779 0.698879
vn 0.637511 -0.16696 0.752133
vn 0.72058 -0.045277 0.691892
vn 0.713642 -0.04779 0.698879
vn 0.643565 -0.131433 0.754022
vn 0.72058 -0.045277 0.691892
vn 0.747726 0.082182 0.658902
vn 0.713642 -0.04779 0.698879
vn 0.745322 0.090021 0.6606
vn 0.747726 0.082182 0.658902
vn 0.72058 -0.045277 0.691892
vn 0.745322 0.090021 0.6606
vn 0.73887 0.214955 0.638644
vn 0.747726 0.082182 0.658902
vn 0.731914 0.22618 0.642763
vn 0.73887 0.214955 0.638644
vn 0.745322 0.090021 0.6606
vn 0.731914 0.22618 0.642763
vn 0.702332 0.345618 0.622317
vn 0.73887 0.214955 0.638644
vn 0.693252 0.353536 0.628023
vn 0.702332 0.345618 0.622317
vn 0.731914 0.22618 0.642763
vn 0.693252 0.353536 0.628023
vn 0.631283 0.458412 0.625573
vn 0.702332 0.345618 0.622317
vn 0.620182 0.460363 0.63517
vn 0.631283 0.458412 0.625573
vn 0.693252 0.353536 0.628023
vn 0.620182 0.460363 0.63517
vn 0.527088 0.541918 0.654602
vn 0.631283 0.458412 0.625573
vn 0.520104 0.545654 0.65708
vn 0.527088 0.541918 0.654602
vn 0.620182 0.460363 0.63517
vn 0.520104 0.545654 0.65708
vn 0.407776 0.588215 0.698371
vn 0.527088 0.541918 0.654602
vn 0.401282 0.597062 0.694615
vn 0.407776 0.588215 0.698371
vn 0.520104 0.545654 0.65708
vn 0.401282 0.597062 0.694615
vn 0.284286 0.596194 0.750822
vn 0.407776 0.588215 0.698371
vn 0.268422 0.616658 0.740056
vn 0.284286 0.596194 0.750822
vn 0.401282 0.597062 0.694615
vn 0.268422 0.616658 0.740056
vn 0.162428 0.567153 0.807437
vn 0.284286 0.596194 0.750822
vn 0.139775 0.591186 0.794331
vn 0.162428 0.567153 0.807437
vn 0.268422 0.616658 0.740056
vn 0.139775 0.591186 0.794331
vn 0.065079 0.494579 0.866693
vn 0.162428 0.567153 0.807437
vn 0.044549 0.511354 0.858215
vn 0.065079 0.494579 0.866693
vn 0.139775 0.591186 0.794331
vn 0.044549 0.511354 0.858215
vn -0.004496 0.390338 0.92066
vn 0.065079 0.494579 0.866693
vn -0.017266 0.395799 0.918175
vn -0.004496 0.390338 0.92066
vn 0.044549 0.511354 0.858215
vn -0.017266 0.395799 0.918175
vn -0.0402 0.268469 0.962449
vn -0.004496 0.390338 0.92066
vn -0.017942 0.265297 0.964
vn -0.0402 0.268469 0.962449
vn -0.017266 0.395799 0.918175
vn -0.017942 0.265297 0.964
vn -0.040325 0.127567 0.99101
vn -0.0402 0.268469 0.962449
vn 0.029831 0.134311 0.99049
vn -0.040325 0.127567 0.99101
vn -0.017942 0.265297 0.964
vn 0.029831 0.134311 0.99049
vn -0.002341 -0.013448 0.999907
vn -0.040325 0.127567 0.99101
vn 0.103417 0.031518 0.994139
vn -0.002341 -0.013448 0.999907
vn 0.029831 0.134311 0.99049
vn 0.103417 0.031518 0.994139
vn 0.076785 -0.125321 0.98914
vn -0.002341 -0.013448 0.999907
vn 0.172757 -0.058873 0.983204
vn 0.076785 -0.125321 0.98914
vn 0.103417 0.031518 0.994139
vn 0.172757 -0.058873 0.983204
vn 0.181917 -0.209342 0.960772
vn 0.076785 -0.125321 0.98914
vn 0.240936 -0.155948 0.95793
vn 0.181917 -0.209342 0.960772
vn 0.172757 -0.058873 0.983204
vn 0.240936 -0.155948 0.95793
vn 0.298052 -0.262115 0.917857
vn 0.181917 -0.209342 0.960772
vn 0.324813 -0.188149 0.926875
vn 0.298052 -0.262115 0.917857
vn 0.240936 -0.155948 0.95793
vn 0.324813 -0.188149 0.926875
vn 0.418575 -0.281388 0.863491
vn 0.298052 -0.262115 0.917857
vn 0.435074 -0.201653 0.877523
vn 0.418575 -0.281388 0.863491
vn 0.324813 -0.188149 0.926875
vn 0.56627 -0.038393 0.823325
vn 0.536176 -0.253185 0.805241
vn 0.637511 -0.16696 0.752133
vn 0.49693 -0.095966 0.862468
vn 0.536176 -0.253185 0.805241
vn 0.56627 -0.038393 0.823325
vn 0.49693 -0.095966 0.862468
vn 0.418575 -0.281388 0.863491
vn 0.536176 -0.253185 0.805241
vn 0.416031 -0.114739 0.902083
vn 0.418575 -0.281388 0.863491
vn 0.49693 -0.095966 0.862468
vn 0.416031 -0.114739 0.902083
vn 0.298052 -0.262115 0.917857
vn 0.418575 -0.281388 0.863491
vn 0.340961 -0.107795 0.933877
vn 0.298052 -0.262115 0.917857
vn 0.416031 -0.114739 0.902083
vn 0.340961 -0.107795 0.933877
vn 0.181917 -0.209342 0.960772
vn 0.298052 -0.262115 0.917857
vn 0.265563 -0.079027 0.960849
vn 0.181917 -0.209342 0.960772
vn 0.340961 -0.107795 0.933877
vn 0.265563 -0.079027 0.960849
vn 0.076785 -0.125321 0.98914
vn 0.181917 -0.209342 0.960772
vn 0.193444 -0.021106 0.980884
vn 0.076785 -0.125321 0.98914
vn 0.265563 -0.079027 0.960849
vn 0.193444 -0.021106 0.980884
vn -0.002341 -0.013448 0.999907
vn 0.076785 -0.125321 0.98914
vn 0.144577 0.063117 0.987478
vn -0.002341 -0.013448 0.999907
vn 0.193444 -0.021106 0.980884
vn 0.144577 0.063117 0.987478
vn -0.040325 0.127567 0.99101
vn -0.002341 -0.013448 0.999907
vn 0.128497 0.16228 0.978342
vn -0.040325 0.127567 0.99101
vn 0.144577 0.063117 0.987478
vn 0.128497 0.16228 0.978342
vn -0.0402 0.268469 0.962449
vn -0.040325 0.127567 0.99101
vn 0.12636 0.245042 0.961243
vn -0.0402 0.268469 0.962449
vn 0.128497 0.16228 0.978342
vn 0.12636 0.245042 0.961243
vn -0.004496 0.390338 0.92066
vn -0.0402 0.268469 0.962449
vn 0.141307 0.323123 0.935748
vn -0.004496 0.390338 0.92066
vn 0.12636 0.245042 0.961243
vn 0.141307 0.323123 0.935748
vn 0.065079 0.494579 0.866693
vn -0.004496 0.390338 0.92066
vn 0.185326 0.394856 0.899857
vn 0.065079 0.494579 0.866693
vn 0.141307 0.323123 0.935748
vn 0.185326 0.394856 0.899857
vn 0.162428 0.567153 0.807437
vn 0.065079 0.494579 0.866693
vn 0.255197 0.44123 0.860343
vn 0.162428 0.567153 0.807437
vn 0.185326 0.394856 0.899857
vn 0.255197 0.44123 0.860343
vn 0.284286 0.596194 0.750822
vn 0.162428 0.567153 0.807437
vn 0.335252 0.458083 0.823266
vn 0.284286 0.596194 0.750822
vn 0.255197 0.44123 0.860343
vn 0.335252 0.458083 0.823266
vn 0.407776 0.588215 0.698371
vn 0.284286 0.596194 0.750822
vn 0.411789 0.451194 0.791741
vn 0.407776 0.588215 0.698371
vn 0.335252 0.458083 0.823266
vn 0.411789 0.451194 0.791741
vn 0.527088 0.541918 0.654602
vn 0.407776 0.588215 0.698371
vn 0.48562 0.425745 0.763488
vn 0.527088 0.541918 0.654602
vn 0.411789 0.451194 0.791741
vn 0.48562 0.425745 0.763488
vn 0.631283 0.458412 0.625573
vn 0.527088 0.541918 0.654602
vn 0.557292 0.372985 0.741827
vn 0.631283 0.458412 0.625573
vn 0.48562 0.425745 0.763488
vn 0.557292 0.372985 0.741827
vn 0.702332 0.345618 0.622317
vn 0.631283 0.458412 0.625573
vn 0.607832 0.295982 0.736841
vn 0.702332 0.345618 0.622317
vn 0.557292 0.372985 0.741827
vn 0.607832 0.295982 0.736841
vn 0.73887 0.214955 0.638644
vn 0.702332 0.345618 0.622317
vn 0.629402 0.210336 0.748072
vn 0.73887 0.214955 0.638644
vn 0.607832 0.295982 0.736841
vn 0.629402 0.210336 0.748072
vn 0.747726 0.082182 0.658902
vn 0.73887 0.214955 0.638644
vn 0.630358 0.127419 0.765777
vn 0.747726 0.082182 0.658902
vn 0.629402 0.210336 0.748072
vn 0.630358 0.127419 0.765777
vn 0.713642 -0.04779 0.698879
vn 0.747726 0.082182 0.658902
vn 0.612365 0.043798 0.789361
vn 0.713642 -0.04779 0.698879
vn 0.630358 0.127419 0.765777
vn 0.612365 0.043798 0.789361
vn 0.637511 -0.16696 0.752133
vn 0.713642 -0.04779 0.698879
vn 0.56627 -0.038393 0.823325
vn 0.637511 -0.16696 0.752133
vn 0.612365 0.043798 0.789361
vn 0.185326 0.394856 0.899857
vn 0.243953 0.275874 0.929721
vn 0.269746 0.329053 0.904965
vn 0.141307 0.323123 0.935748
vn 0.243953 0.275874 0.929721
vn 0.185326 0.394856 0.899857
vn 0.141307 0.323123 0.935748
vn 0.228927 0.222446 0.947687
vn 0.243953 0.275874 0.929721
vn 0.12636 0.245042 0.961243
vn 0.228927 0.222446 0.947687
vn 0.141307 0.323123 0.935748
vn 0.12636 0.245042 0.961243
vn 0.238009 0.178033 0.954807
vn 0.228927 0.222446 0.947687
vn 0.128497 0.16228 0.978342
vn 0.238009 0.178033 0.954807
vn 0.12636 0.245042 0.961243
vn 0.128497 0.16228 0.978342
vn 0.27421 0.140018 0.951422
vn 0.238009 0.178033 0.954807
vn 0.144577 0.063117 0.987478
vn 0.27421 0.140018 0.951422
vn 0.128497 0.16228 0.978342
vn 0.144577 0.063117 0.987478
vn 0.282294 0.081619 0.95585
vn 0.27421 0.140018 0.951422
vn 0.193444 -0.021106 0.980884
vn 0.282294 0.081619 0.95585
vn 0.144577 0.063117 0.987478
vn 0.193444 -0.021106 0.980884
vn 0.331805 0.055342 0.941723
vn 0.282294 0.081619 0.95585
vn 0.265563 -0.079027 0.960849
vn 0.331805 0.055342 0.941723
vn 0.193444 -0.021106 0.980884
vn 0.265563 -0.079027 0.960849
vn 0.360709 0.010998 0.932614
vn 0.331805 0.055342 0.941723
vn 0.340961 -0.107795 0.933877
vn 0.360709 0.010998 0.932614
vn 0.265563 -0.079027 0.960849
vn 0.340961 -0.107795 0.933877
vn 0.404785 0.004664 0.9144
vn 0.360709 0.010998 0.932614
vn 0.416031 -0.114739 0.902083
vn 0.404785 0.004664 0.9144
vn 0.340961 -0.107795 0.933877
vn 0.416031 -0.114739 0.902083
vn 0.451122 0.01951 0.892249
vn 0.404785 0.004664 0.9144
vn 0.49693 -0.095966 0.862468
vn 0.451122 0.01951 0.892249
vn 0.416031 -0.114739 0.902083
vn 0.49693 -0.095966 0.862468
vn 0.50525 0.041075 0.861995
vn 0.451122 0.01951 0.892249
vn 0.56627 -0.038393 0.823325
vn 0.50525 0.041075 0.861995
vn 0.49693 -0.095966 0.862468
vn 0.56627 -0.038393 0.823325
vn 0.532088 0.102623 0.840447
vn 0.50525 0.041075 0.861995
vn 0.612365 0.043798 0.789361
vn 0.532088 0.102623 0.840447
vn 0.56627 -0.038393 0.823325
vn 0.612365 0.043798 0.789361
vn 0.544445 0.159215 0.823547
vn 0.532088 0.102623 0.840447
vn 0.630358 0.127419 0.765777
vn 0.544445 0.159215 0.823547
vn 0.612365 0.043798 0.789361
vn 0.630358 0.127419 0.765777
vn 0.538127 0.203475 0.817935
vn 0.544445 0.159215 0.823547
vn 0.629402 0.210336 0.748072
vn 0.538127 0.203475 0.817935
vn 0.630358 0.127419 0.765777
vn 0.629402 0.210336 0.748072
vn 0.508034 0.239056 0.827498
vn 0.538127 0.203475 0.817935
vn 0.607832 0.295982 0.736841
vn 0.508034 0.239056 0.827498
vn 0.629402 0.210336 0.748072
vn 0.607832 0.295982 0.736841
vn 0.496872 0.291141 0.81753
vn 0.508034 0.239056 0.827498
vn 0.557292 0.372985 0.741827
vn 0.496872 0.291141 0.81753
vn 0.607832 0.295982 0.736841
vn 0.557292 0.372985 0.741827
vn 0.446638 0.315724 0.837158
vn 0.496872 0.291141 0.81753
vn 0.48562 0.425745 0.763488
vn 0.446638 0.315724 0.837158
vn 0.557292 0.372985 0.741827
vn 0.48562 0.425745 0.763488
vn 0.411807 0.352448 0.840354
vn 0.446638 0.315724 0.837158
vn 0.411789 0.451194 0.791741
vn 0.411807 0.352448 0.840354
vn 0.48562 0.425745 0.763488
vn 0.411789 0.451194 0.791741
vn 0.371312 0.35783 0.856788
vn 0.411807 0.352448 0.840354
vn 0.335252 0.458083 0.823266
vn 0.371312 0.35783 0.856788
vn 0.411789 0.451194 0.791741
vn 0.335252 0.458083 0.823266
vn 0.322172 0.346817 0.880865
vn 0.371312 0.35783 0.856788
vn 0.255197 0.44123 0.860343
vn 0.322172 0.346817 0.880865
vn 0.335252 0.458083 0.823266
vn 0.255197 0.44123 0.860343
vn 0.269746 0.329053 0.904965
vn 0.322172 0.346817 0.880865
vn 0.185326 0.394856 0.899857
vn 0.269746 0.329053 0.904965
vn 0.255197 0.44123 0.860343
vn 0.50525 0.041075 0.861995
vn 0.453379 0.121173 0.883043
vn 0.451122 0.01951 0.892249
vn 0.532088 0.102623 0.840447
vn 0.453379 0.121173 0.883043
vn 0.50525 0.041075 0.861995
vn 0.532088 0.102623 0.840447
vn 0.459949 0.17014 0.871492
vn 0.453379 0.121173 0.883043
vn 0.544445 0.159215 0.823547
vn 0.459949 0.17014 0.871492
vn 0.532088 0.102623 0.840447
vn 0.544445 0.159215 0.823547
vn 0.464352 0.211766 0.859961
vn 0.459949 0.17014 0.871492
vn 0.538127 0.203475 0.817935
vn 0.464352 0.211766 0.859961
vn 0.544445 0.159215 0.823547
vn 0.538127 0.203475 0.817935
vn 0.454797 0.259057 0.852085
vn 0.464352 0.211766 0.859961
vn 0.508034 0.239056 0.827498
vn 0.454797 0.259057 0.852085
vn 0.538127 0.203475 0.817935
vn 0.508034 0.239056 0.827498
vn 0.446638 0.315724 0.837158
vn 0.454797 0.259057 0.852085
vn 0.496872 0.291141 0.81753
vn 0.446638 0.315724 0.837158
vn 0.508034 0.239056 0.827498
vn 0.451122 0.01951 0.892249
vn 0.414533 0.114823 0.902762
vn 0.404785 0.004664 0.9144
vn 0.453379 0.121173 0.883043
vn 0.414533 0.114823 0.902762
vn 0.451122 0.01951 0.892249
vn 0.453379 0.121173 0.883043
vn 0.412752 0.173708 0.894126
vn 0.414533 0.114823 0.902762
vn 0.459949 0.17014 0.871492
vn 0.412752 0.173708 0.894126
vn 0.453379 0.121173 0.883043
vn 0.459949 0.17014 0.871492
vn 0.409819 0.209394 0.887808
vn 0.412752 0.173708 0.894126
vn 0.464352 0.211766 0.859961
vn 0.409819 0.209394 0.887808
vn 0.459949 0.17014 0.871492
vn 0.464352 0.211766 0.859961
vn 0.412166 0.269992 0.870186
vn 0.409819 0.209394 0.887808
vn 0.454797 0.259057 0.852085
vn 0.412166 0.269992 0.870186
vn 0.464352 0.211766 0.859961
vn 0.454797 0.259057 0.852085
vn 0.411807 0.352448 0.840354
vn 0.412166 0.269992 0.870186
vn 0.446638 0.315724 0.837158
vn 0.411807 0.352448 0.840354
vn 0.454797 0.259057 0.852085
vn 0.269746 0.329053 0.904965
vn 0.329759 0.260532 0.907404
vn 0.322172 0.346817 0.880865
vn 0.243953 0.275874 0.929721
vn 0.329759 0.260532 0.907404
vn 0.269746 0.329053 0.904965
vn 0.243953 0.275874 0.929721
vn 0.325795 0.21875 0.919786
vn 0.329759 0.260532 0.907404
vn 0.228927 0.222446 0.947687
vn 0.325795 0.21875 0.919786
vn 0.243953 0.275874 0.929721
vn 0.228927 0.222446 0.947687
vn 0.318719 0.172109 0.932093
vn 0.325795 0.21875 0.919786
vn 0.238009 0.178033 0.954807
vn 0.318719 0.172109 0.932093
vn 0.228927 0.222446 0.947687
vn 0.238009 0.178033 0.954807
vn 0.326131 0.118731 0.937839
vn 0.318719 0.172109 0.932093
vn 0.27421 0.140018 0.951422
vn 0.326131 0.118731 0.937839
vn 0.238009 0.178033 0.954807
vn 0.27421 0.140018 0.951422
vn 0.331805 0.055342 0.941723
vn 0.326131 0.118731 0.937839
vn 0.282294 0.081619 0.95585
vn 0.331805 0.055342 0.941723
vn 0.27421 0.140018 0.951422
vn 0.322172 0.346817 0.880865
vn 0.369417 0.265172 0.890626
vn 0.371312 0.35783 0.856788
vn 0.329759 0.260532 0.907404
vn 0.369417 0.265172 0.890626
vn 0.322172 0.346817 0.880865
vn 0.329759 0.260532 0.907404
vn 0.374146 0.214379 0.902251
vn 0.369417 0.265172 0.890626
vn 0.325795 0.21875 0.919786
vn 0.374146 0.214379 0.902251
vn 0.329759 0.260532 0.907404
vn 0.325795 0.21875 0.919786
vn 0.378737 0.177849 0.908256
vn 0.374146 0.214379 0.902251
vn 0.318719 0.172109 0.932093
vn 0.378737 0.177849 0.908256
vn 0.325795 0.21875 0.919786
vn 0.318719 0.172109 0.932093
vn 0.372338 0.109411 0.921626
vn 0.378737 0.177849 0.908256
vn 0.326131 0.118731 0.937839
vn 0.372338 0.109411 0.921626
vn 0.318719 0.172109 0.932093
vn 0.326131 0.118731 0.937839
vn 0.360709 0.010998 0.932614
vn 0.372338 0.109411 0.921626
vn 0.331805 0.055342 0.941723
vn 0.360709 0.010998 0.932614
vn 0.326131 0.118731 0.937839
vn 0.404785 0.004664 0.9144
vn 0.372338 0.109411 0.921626
vn 0.360709 0.010998 0.932614
vn 0.414533 0.114823 0.902762
vn 0.372338 0.109411 0.921626
vn 0.404785 0.004664 0.9144
vn 0.414533 0.114823 0.902762
vn 0.378737 0.177849 0.908256
vn 0.372338 0.109411 0.921626
vn 0.412752 0.173708 0.894126
vn 0.378737 0.177849 0.908256
vn 0.414533 0.114823 0.902762
vn 0.412752 0.173708 0.894126
vn 0.374146 0.214379 0.902251
vn 0.378737 0.177849 0.908256
vn 0.409819 0.209394 0.887808
vn 0.374146 0.214379 0.902251
vn 0.412752 0.173708 0.894126
vn 0.409819 0.209394 0.887808
vn 0.369417 0.265172 0.890626
vn 0.374146 0.214379 0.902251
vn 0.412166 0.269992 0.870186
vn 0.369417 0.265172 0.890626
vn 0.409819 0.209394 0.887808
vn 0.412166 0.269992 0.870186
vn 0.371312 0.35783 0.856788
vn 0.369417 0.265172 0.890626
vn 0.411807 0.352448 0.840354
vn 0.371312 0.35783 0.856788
vn 0.412166 0.269992 0.870186
vn 0.727052 0.211294 -0.653261
vn 0.510336 0.372914 -0.774915
vn 0.641039 0.386223 -0.66325
vn 0.570517 0.186339 -0.799868
vn 0.510336 0.372914 -0.774915
vn 0.727052 0.211294 -0.653261
vn -0.269221 -0.141284 0.952659
vn -0.386377 0.038702 0.921529
vn -0.417631 -0.061086 0.906561
vn -0.207137 -0.01404 0.978211
vn -0.386377 0.038702 0.921529
vn -0.269221 -0.141284 0.952659
vn -0.207137 -0.01404 0.978211
vn -0.322405 0.147343 0.935064
vn -0.386377 0.038702 0.921529
vn -0.161318 0.109857 0.980769
vn -0.322405 0.147343 0.935064
vn -0.207137 -0.01404 0.978211
vn -0.161318 0.109857 0.980769
vn -0.08759 -0.001091 0.996156
vn -0.07367 0.110947 0.991092
vn -0.207137 -0.01404 0.978211
vn -0.08759 -0.001091 0.996156
vn -0.161318 0.109857 0.980769
vn -0.207137 -0.01404 0.978211
vn -0.10559 -0.14848 0.983262
vn -0.08759 -0.001091 0.996156
vn -0.269221 -0.141284 0.952659
vn -0.10559 -0.14848 0.983262
vn -0.207137 -0.01404 0.978211
vn 0.216861 -0.001486 0.976201
vn 0.06334 -0.162837 0.984618
vn 0.233371 -0.104035 0.966806
vn 0.030621 -0.025744 0.9992
vn 0.06334 -0.162837 0.984618
vn 0.216861 -0.001486 0.976201
vn 0.030621 -0.025744 0.9992
vn -0.10559 -0.14848 0.983262
vn 0.06334 -0.162837 0.984618
vn -0.08759 -0.001091 0.996156
vn -0.10559 -0.14848 0.983262
vn 0.030621 -0.025744 0.9992
vn 0.194132 0.112812 0.974467
vn 0.030621 -0.025744 0.9992
vn 0.216861 -0.001486 0.976201
vn 0.012384 0.103045 0.9946
vn 0.030621 -0.025744 0.9992
vn 0.194132 0.112812 0.974467
vn 0.012384 0.103045 0.9946
vn -0.08759 -0.001091 0.996156
vn 0.030621 -0.025744 0.9992
vn -0.07367 0.110947 0.991092
vn -0.08759 -0.001091 0.996156
vn 0.012384 0.103045 0.9946
vn -0.73185 0.616207 0.291007
vn -0.659952 0.525017 -0.537421
vn -0.395938 0.909065 -0.129748
vn -0.942802 0.323298 -0.081258
vn -0.659952 0.525017 -0.537421
vn -0.73185 0.616207 0.291007
vn -0.942802 0.323298 -0.081258
vn -0.726148 -0.010185 -0.687463
vn -0.659952 0.525017 -0.537421
vn -0.956116 -0.109896 -0.271599
vn -0.726148 -0.010185 -0.687463
vn -0.942802 0.323298 -0.081258
vn -0.956116 -0.109896 -0.271599
vn -0.637359 -0.526873 -0.562298
vn -0.726148 -0.010185 -0.687463
vn -0.812149 -0.541125 -0.218169
vn -0.637359 -0.526873 -0.562298
vn -0.956116 -0.109896 -0.271599
vn -0.812149 -0.541125 -0.218169
vn -0.345806 -0.927289 -0.143364
vn -0.637359 -0.526873 -0.562298
vn -0.508358 -0.853385 0.115352
vn -0.345806 -0.927289 -0.143364
vn -0.812149 -0.541125 -0.218169
vn -0.508358 -0.853385 0.115352
vn 0.026129 -0.926638 0.375046
vn -0.345806 -0.927289 -0.143364
vn -0.248381 -0.814718 0.523967
vn 0.026129 -0.926638 0.375046
vn -0.508358 -0.853385 0.115352
vn -0.248381 -0.814718 0.523967
vn 0.282768 -0.584809 0.76029
vn 0.026129 -0.926638 0.375046
vn -0.127254 -0.517278 0.846304
vn 0.282768 -0.584809 0.76029
vn -0.248381 -0.814718 0.523967
vn -0.127254 -0.517278 0.846304
vn 0.387922 -0.005106 0.921678
vn 0.282768 -0.584809 0.76029
vn -0.1724 -0.122444 0.977387
vn 0.387922 -0.005106 0.921678
vn -0.127254 -0.517278 0.846304
vn -0.1724 -0.122444 0.977387
vn 0.257758 0.536811 0.803365
vn 0.387922 -0.005106 0.921678
vn -0.22136 0.259052 0.940155
vn 0.257758 0.536811 0.803365
vn -0.1724 -0.122444 0.977387
vn -0.22136 0.259052 0.940155
vn -0.034892 0.911454 0.409919
vn 0.257758 0.536811 0.803365
vn -0.400697 0.622228 0.672513
vn -0.034892 0.911454 0.409919
vn -0.22136 0.259052 0.940155
vn -0.400697 0.622228 0.672513
vn -0.395938 0.909065 -0.129748
vn -0.034892 0.911454 0.409919
vn -0.73185 0.616207 0.291007
vn -0.395938 0.909065 -0.129748
vn -0.400697 0.622228 0.672513
vn -0.378554 0.908375 -0.177627
vn -0.034892 0.911454 0.409919
vn -0.395938 0.909065 -0.129748
vn -0.082167 0.918523 0.386735
vn -0.034892 0.911454 0.409919
vn -0.378554 0.908375 -0.177627
vn -0.082167 0.918523 0.386735
vn 0.257758 0.536811 0.803365
vn -0.034892 0.911454 0.409919
vn 0.128676 0.567532 0.813234
vn 0.257758 0.536811 0.803365
vn -0.082167 0.918523 0.386735
vn 0.128676 0.567532 0.813234
vn 0.387922 -0.005106 0.921678
vn 0.257758 0.536811 0.803365
vn 0.166764 0.010913 0.985936
vn 0.387922 -0.005106 0.921678
vn 0.128676 0.567532 0.813234
vn 0.166764 0.010913 0.985936
vn 0.282768 -0.584809 0.76029
vn 0.387922 -0.005106 0.921678
vn 0.042306 -0.53827 0.84171
vn 0.282768 -0.584809 0.76029
vn 0.166764 0.010913 0.985936
vn 0.042306 -0.53827 0.84171
vn 0.026129 -0.926638 0.375046
vn 0.282768 -0.584809 0.76029
vn -0.197915 -0.855705 0.47812
vn 0.026129 -0.926638 0.375046
vn 0.042306 -0.53827 0.84171
vn -0.197915 -0.855705 0.47812
vn -0.345806 -0.927289 -0.143364
vn 0.026129 -0.926638 0.375046
vn -0.516415 -0.855986 -0.024568
vn -0.345806 -0.927289 -0.143364
vn -0.197915 -0.855705 0.47812
vn -0.516415 -0.855986 -0.024568
vn -0.637359 -0.526873 -0.562298
vn -0.345806 -0.927289 -0.143364
vn -0.717269 -0.517912 -0.466146
vn -0.637359 -0.526873 -0.562298
vn -0.516415 -0.855986 -0.024568
vn -0.717269 -0.517912 -0.466146
vn -0.726148 -0.010185 -0.687463
vn -0.637359 -0.526873 -0.562298
vn -0.749138 0.000718 -0.662414
vn -0.726148 -0.010185 -0.687463
vn -0.717269 -0.517912 -0.466146
vn -0.749138 0.000718 -0.662414
vn -0.659952 0.525017 -0.537421
vn -0.726148 -0.010185 -0.687463
vn -0.626212 0.536338 -0.565862
vn -0.659952 0.525017 -0.537421
vn -0.749138 0.000718 -0.662414
vn -0.626212 0.536338 -0.565862
vn -0.395938 0.909065 -0.129748
vn -0.659952 0.525017 -0.537421
vn -0.378554 0.908375 -0.177627
vn -0.395938 0.909065 -0.129748
vn -0.626212 0.536338 -0.565862
vn -0.378554 0.908375 -0.177627
vn -0.711868 0.528204 -0.462866
vn -0.484088 0.870035 -0.093265
vn -0.626212 0.536338 -0.565862
vn -0.711868 0.528204 -0.462866
vn -0.378554 0.908375 -0.177627
vn -0.626212 0.536338 -0.565862
vn -0.844934 0.019765 -0.534505
vn -0.711868 0.528204 -0.462866
vn -0.749138 0.000718 -0.662414
vn -0.844934 0.019765 -0.534505
vn -0.626212 0.536338 -0.565862
vn -0.749138 0.000718 -0.662414
vn -0.835537 -0.451997 -0.312371
vn -0.844934 0.019765 -0.534505
vn -0.717269 -0.517912 -0.466146
vn -0.835537 -0.451997 -0.312371
vn -0.749138 0.000718 -0.662414
vn -0.717269 -0.517912 -0.466146
vn -0.678389 -0.728204 0.097504
vn -0.835537 -0.451997 -0.312371
vn -0.516415 -0.855986 -0.024568
vn -0.678389 -0.728204 0.097504
vn -0.717269 -0.517912 -0.466146
vn -0.516415 -0.855986 -0.024568
vn -0.441752 -0.721646 0.532994
vn -0.678389 -0.728204 0.097504
vn -0.197915 -0.855705 0.47812
vn -0.441752 -0.721646 0.532994
vn -0.516415 -0.855986 -0.024568
vn -0.197915 -0.855705 0.47812
vn -0.207791 -0.426746 0.880177
vn -0.441752 -0.721646 0.532994
vn 0.042306 -0.53827 0.84171
vn -0.207791 -0.426746 0.880177
vn -0.197915 -0.855705 0.47812
vn 0.042306 -0.53827 0.84171
vn -0.062514 0.066468 0.995828
vn -0.207791 -0.426746 0.880177
vn 0.166764 0.010913 0.985936
vn -0.062514 0.066468 0.995828
vn 0.042306 -0.53827 0.84171
vn 0.166764 0.010913 0.985936
vn -0.0686 0.571042 0.81805
vn -0.062514 0.066468 0.995828
vn 0.128676 0.567532 0.813234
vn -0.0686 0.571042 0.81805
vn 0.166764 0.010913 0.985936
vn 0.128676 0.567532 0.813234
vn -0.231743 0.877905 0.41902
vn -0.0686 0.571042 0.81805
vn -0.082167 0.918523 0.386735
vn -0.231743 0.877905 0.41902
vn 0.128676 0.567532 0.813234
vn -0.082167 0.918523 0.386735
vn -0.484088 0.870035 -0.093265
vn -0.231743 0.877905 0.41902
vn -0.378554 0.908375 -0.177627
vn -0.484088 0.870035 -0.093265
vn -0.082167 0.918523 0.386735
vn -0.675379 0.73322 0.079075
vn -0.231743 0.877905 0.41902
vn -0.484088 0.870035 -0.093265
vn -0.462184 0.748084 0.47619
vn -0.231743 0.877905 0.41902
vn -0.675379 0.73322 0.079075
vn -0.462184 0.748084 0.47619
vn -0.0686 0.571042 0.81805
vn -0.231743 0.877905 0.41902
vn -0.33008 0.517629 0.789371
vn -0.0686 0.571042 0.81805
vn -0.462184 0.748084 0.47619
vn -0.33008 0.517629 0.789371
vn -0.062514 0.066468 0.995828
vn -0.0686 0.571042 0.81805
vn -0.342605 0.073817 0.936575
vn -0.062514 0.066468 0.995828
vn -0.33008 0.517629 0.789371
vn -0.342605 0.073817 0.936575
vn -0.207791 -0.426746 0.880177
vn -0.062514 0.066468 0.995828
vn -0.454202 -0.307734 0.836062
vn -0.207791 -0.426746 0.880177
vn -0.342605 0.073817 0.936575
vn -0.454202 -0.307734 0.836062
vn -0.441752 -0.721646 0.532994
vn -0.207791 -0.426746 0.880177
vn -0.631517 -0.545176 0.551334
vn -0.441752 -0.721646 0.532994
vn -0.454202 -0.307734 0.836062
vn -0.631517 -0.545176 0.551334
vn -0.678389 -0.728204 0.097504
vn -0.441752 -0.721646 0.532994
vn -0.799421 -0.55586 0.227914
vn -0.678389 -0.728204 0.097504
vn -0.631517 -0.545176 0.551334
vn -0.799421 -0.55586 0.227914
vn -0.835537 -0.451997 -0.312371
vn -0.678389 -0.728204 0.097504
vn -0.935098 -0.337829 -0.107066
vn -0.835537 -0.451997 -0.312371
vn -0.799421 -0.55586 0.227914
vn -0.935098 -0.337829 -0.107066
vn -0.844934 0.019765 -0.534505
vn -0.835537 -0.451997 -0.312371
vn -0.960456 0.047281 -0.274386
vn -0.844934 0.019765 -0.534505
vn -0.935098 -0.337829 -0.107066
vn -0.960456 0.047281 -0.274386
vn -0.711868 0.528204 -0.462866
vn -0.844934 0.019765 -0.534505
vn -0.86316 0.459783 -0.208697
vn -0.711868 0.528204 -0.462866
vn -0.960456 0.047281 -0.274386
vn -0.86316 0.459783 -0.208697
vn -0.484088 0.870035 -0.093265
vn -0.711868 0.528204 -0.462866
vn -0.675379 0.73322 0.079075
vn -0.484088 0.870035 -0.093265
vn -0.86316 0.459783 -0.208697
vn -0.409518 0.578166 -0.705705
vn 0.010895 0.906666 -0.42171
vn -0.128669 0.529969 -0.838199
vn -0.193263 0.952153 -0.236756
vn 0.010895 0.906666 -0.42171
vn -0.409518 0.578166 -0.705705
vn -0.193263 0.952153 -0.236756
vn 0.167257 0.9708 0.171966
vn 0.010895 0.906666 -0.42171
vn 0.058292 0.921414 0.384185
vn 0.167257 0.9708 0.171966
vn -0.193263 0.952153 -0.236756
vn -0.400697 0.622228 0.672513
vn 0.222161 0.603241 0.765993
vn 0.167257 0.9708 0.171966
vn -0.22136 0.259052 0.940155
vn 0.222161 0.603241 0.765993
vn -0.400697 0.622228 0.672513
vn -0.22136 0.259052 0.940155
vn 0.190766 0.015979 0.981506
vn 0.222161 0.603241 0.765993
vn -0.1724 -0.122444 0.977387
vn 0.190766 0.015979 0.981506
vn -0.22136 0.259052 0.940155
vn -0.1724 -0.122444 0.977387
vn 0.148982 -0.482851 0.862936
vn 0.190766 0.015979 0.981506
vn -0.127254 -0.517278 0.846304
vn 0.148982 -0.482851 0.862936
vn -0.1724 -0.122444 0.977387
vn -0.127254 -0.517278 0.846304
vn 0.135755 -0.889367 0.436574
vn 0.148982 -0.482851 0.862936
vn -0.248381 -0.814718 0.523967
vn 0.135755 -0.889367 0.436574
vn -0.127254 -0.517278 0.846304
vn -0.248381 -0.814718 0.523967
vn 0.074797 -0.9491 -0.305965
vn 0.135755 -0.889367 0.436574
vn -0.508358 -0.853385 0.115352
vn 0.074797 -0.9491 -0.305965
vn -0.248381 -0.814718 0.523967
vn -0.09476 -0.93073 -0.353216
vn -0.062237 -0.476239 -0.877111
vn 0.074797 -0.9491 -0.305965
vn -0.461719 -0.542658 -0.701668
vn -0.062237 -0.476239 -0.877111
vn -0.221012 -0.940521 -0.258018
vn -0.34121 -0.480238 -0.808052
vn -0.100205 0.030933 -0.994486
vn -0.062237 -0.476239 -0.877111
vn -0.441132 0.046721 -0.896225
vn -0.100205 0.030933 -0.994486
vn -0.34121 -0.480238 -0.808052
vn -0.441132 0.046721 -0.896225
vn -0.128669 0.529969 -0.838199
vn -0.100205 0.030933 -0.994486
vn -0.409518 0.578166 -0.705705
vn -0.128669 0.529969 -0.838199
vn -0.441132 0.046721 -0.896225
vn -0.86316 0.459783 -0.208697
vn -0.994033 0.09998 -0.043614
vn -0.943278 0.315518 0.103316
vn -0.960456 0.047281 -0.274386
vn -0.994033 0.09998 -0.043614
vn -0.86316 0.459783 -0.208697
vn -0.960456 0.047281 -0.274386
vn -0.9828 -0.129433 0.131727
vn -0.994033 0.09998 -0.043614
vn -0.935098 -0.337829 -0.107066
vn -0.9828 -0.129433 0.131727
vn -0.960456 0.047281 -0.274386
vn -0.935098 -0.337829 -0.107066
vn -0.881535 -0.34968 0.317206
vn -0.9828 -0.129433 0.131727
vn -0.799421 -0.55586 0.227914
vn -0.881535 -0.34968 0.317206
vn -0.935098 -0.337829 -0.107066
vn -0.799421 -0.55586 0.227914
vn -0.773732 -0.300854 0.557518
vn -0.881535 -0.34968 0.317206
vn -0.631517 -0.545176 0.551334
vn -0.773732 -0.300854 0.557518
vn -0.799421 -0.55586 0.227914
vn -0.631517 -0.545176 0.551334
vn -0.632057 -0.237552 0.737613
vn -0.773732 -0.300854 0.557518
vn -0.454202 -0.307734 0.836062
vn -0.632057 -0.237552 0.737613
vn -0.631517 -0.545176 0.551334
vn -0.454202 -0.307734 0.836062
vn -0.647533 0.065835 0.759188
vn -0.632057 -0.237552 0.737613
vn -0.342605 0.073817 0.936575
vn -0.647533 0.065835 0.759188
vn -0.454202 -0.307734 0.836062
vn -0.342605 0.073817 0.936575
vn -0.545934 0.368656 0.752362
vn -0.647533 0.065835 0.759188
vn -0.33008 0.517629 0.789371
vn -0.545934 0.368656 0.752362
vn -0.342605 0.073817 0.936575
vn -0.33008 0.517629 0.789371
vn -0.682431 0.489146 0.54316
vn -0.545934 0.368656 0.752362
vn -0.462184 0.748084 0.47619
vn -0.682431 0.489146 0.54316
vn -0.33008 0.517629 0.789371
vn -0.462184 0.748084 0.47619
vn -0.790579 0.546887 0.2755
vn -0.682431 0.489146 0.54316
vn -0.675379 0.73322 0.079075
vn -0.790579 0.546887 0.2755
vn -0.462184 0.748084 0.47619
vn -0.675379 0.73322 0.079075
vn -0.943278 0.315518 0.103316
vn -0.790579 0.546887 0.2755
vn -0.86316 0.459783 -0.208697
vn -0.943278 0.315518 0.103316
vn -0.675379 0.73322 0.079075
vn -0.790579 0.546887 0.2755
vn -0.886683 0.085536 0.454398
vn -0.682431 0.489146 0.54316
vn -0.943278 0.315518 0.103316
vn -0.886683 0.085536 0.454398
vn -0.790579 0.546887 0.2755
vn -0.943278 0.315518 0.103316
vn -0.9828 -0.129433 0.131727
vn -0.886683 0.085536 0.454398
vn -0.994033 0.09998 -0.043614
vn -0.9828 -0.129433 0.131727
vn -0.943278 0.315518 0.103316
vn -0.881535 -0.34968 0.317206
vn -0.886683 0.085536 0.454398
vn -0.9828 -0.129433 0.131727
vn -0.773732 -0.300854 0.557518
vn -0.886683 0.085536 0.454398
vn -0.881535 -0.34968 0.317206
vn -0.773732 -0.300854 0.557518
vn -0.647533 0.065835 0.759188
vn -0.886683 0.085536 0.454398
vn -0.632057 -0.237552 0.737613
vn -0.647533 0.065835 0.759188
vn -0.773732 -0.300854 0.557518
vn -0.647533 0.065835 0.759188
vn -0.682431 0.489146 0.54316
vn -0.886683 0.085536 0.454398
vn -0.545934 0.368656 0.752362
vn -0.682431 0.489146 0.54316
vn -0.647533 0.065835 0.759188
vn 0.764898 0.589667 0.259273
vn 0.797111 0.452908 -0.39936
vn 0.980674 0.186994 -0.057541
vn 0.504303 0.862744 -0.036747
vn 0.797111 0.452908 -0.39936
vn 0.764898 0.589667 0.259273
vn 0.504303 0.862744 -0.036747
vn 0.781682 0.463869 -0.416892
vn 0.797111 0.452908 -0.39936
vn 0.51324 0.855656 -0.066608
vn 0.781682 0.463869 -0.416892
vn 0.504303 0.862744 -0.036747
vn 0.51324 0.855656 -0.066608
vn 0.849875 0.438322 -0.292551
vn 0.781682 0.463869 -0.416892
vn 0.601645 0.797596 0.043179
vn 0.849875 0.438322 -0.292551
vn 0.51324 0.855656 -0.066608
vn 0.601645 0.797596 0.043179
vn 0.933194 0.359325 0.005785
vn 0.849875 0.438322 -0.292551
vn 0.685108 0.665431 0.296359
vn 0.933194 0.359325 0.005785
vn 0.601645 0.797596 0.043179
vn 0.987809 0.086303 0.129561
vn 0.832775 -0.085688 -0.546939
vn 0.959024 -0.28079 -0.037806
vn 0.797111 0.452908 -0.39936
vn 0.832775 -0.085688 -0.546939
vn 0.977433 0.047088 0.205929
vn 0.797111 0.452908 -0.39936
vn 0.854435 -0.082286 -0.513
vn 0.832775 -0.085688 -0.546939
vn 0.781682 0.463869 -0.416892
vn 0.854435 -0.082286 -0.513
vn 0.797111 0.452908 -0.39936
vn 0.781682 0.463869 -0.416892
vn 0.928758 -0.080167 -0.361914
vn 0.854435 -0.082286 -0.513
vn 0.849875 0.438322 -0.292551
vn 0.928758 -0.080167 -0.361914
vn 0.781682 0.463869 -0.416892
vn 0.849875 0.438322 -0.292551
vn 0.992406 -0.03117 -0.118987
vn 0.928758 -0.080167 -0.361914
vn 0.933194 0.359325 0.005785
vn 0.992406 -0.03117 -0.118987
vn 0.849875 0.438322 -0.292551
vn 0.953891 -0.295359 0.053443
vn 0.669837 -0.589825 -0.451026
vn 0.760432 -0.639575 0.11264
vn 0.832775 -0.085688 -0.546939
vn 0.669837 -0.589825 -0.451026
vn 0.953891 -0.295359 0.053443
vn 0.832775 -0.085688 -0.546939
vn 0.726494 -0.59478 -0.344156
vn 0.669837 -0.589825 -0.451026
vn 0.854435 -0.082286 -0.513
vn 0.726494 -0.59478 -0.344156
vn 0.832775 -0.085688 -0.546939
vn 0.854435 -0.082286 -0.513
vn 0.817213 -0.551495 -0.167378
vn 0.726494 -0.59478 -0.344156
vn 0.928758 -0.080167 -0.361914
vn 0.817213 -0.551495 -0.167378
vn 0.854435 -0.082286 -0.513
vn 0.928758 -0.080167 -0.361914
vn 0.909569 -0.414637 0.027557
vn 0.817213 -0.551495 -0.167378
vn 0.992406 -0.03117 -0.118987
vn 0.909569 -0.414637 0.027557
vn 0.928758 -0.080167 -0.361914
vn 0.760432 -0.639575 0.11264
vn 0.269477 -0.95787 -0.099329
vn 0.400169 -0.856155 0.3269
vn 0.669837 -0.589825 -0.451026
vn 0.269477 -0.95787 -0.099329
vn 0.760432 -0.639575 0.11264
vn 0.669837 -0.589825 -0.451026
vn 0.410478 -0.910952 0.040929
vn 0.269477 -0.95787 -0.099329
vn 0.726494 -0.59478 -0.344156
vn 0.410478 -0.910952 0.040929
vn 0.669837 -0.589825 -0.451026
vn 0.726494 -0.59478 -0.344156
vn 0.553602 -0.811052 0.188995
vn 0.410478 -0.910952 0.040929
vn 0.817213 -0.551495 -0.167378
vn 0.553602 -0.811052 0.188995
vn 0.726494 -0.59478 -0.344156
vn 0.817213 -0.551495 -0.167378
vn 0.692539 -0.639911 0.333023
vn 0.553602 -0.811052 0.188995
vn 0.909569 -0.414637 0.027557
vn 0.692539 -0.639911 0.333023
vn 0.817213 -0.551495 -0.167378
vn 0.417987 0.544104 0.727487
vn 0.504303 0.862744 -0.036747
vn 0.752397 0.598756 0.274572
vn 0.054938 0.901327 0.429642
vn 0.504303 0.862744 -0.036747
vn 0.238991 0.788482 0.566727
vn 0.054938 0.901327 0.429642
vn 0.51324 0.855656 -0.066608
vn 0.504303 0.862744 -0.036747
vn 0.118457 0.894723 0.430626
vn 0.51324 0.855656 -0.066608
vn 0.054938 0.901327 0.429642
vn 0.118457 0.894723 0.430626
vn 0.601645 0.797596 0.043179
vn 0.51324 0.855656 -0.066608
vn 0.257141 0.83119 0.492953
vn 0.601645 0.797596 0.043179
vn 0.118457 0.894723 0.430626
vn 0.257141 0.83119 0.492953
vn 0.685108 0.665431 0.296359
vn 0.601645 0.797596 0.043179
vn 0.41644 0.677117 0.606705
vn 0.685108 0.665431 0.296359
vn 0.257141 0.83119 0.492953
vn 0.058509 0.325897 0.943593
vn 0.054938 0.901327 0.429642
vn 0.417987 0.544104 0.727487
vn -0.341472 0.55827 0.756129
vn 0.054938 0.901327 0.429642
vn 0.058509 0.325897 0.943593
vn -0.341472 0.55827 0.756129
vn 0.118457 0.894723 0.430626
vn 0.054938 0.901327 0.429642
vn -0.209646 0.569758 0.794622
vn 0.118457 0.894723 0.430626
vn -0.341472 0.55827 0.756129
vn -0.209646 0.569758 0.794622
vn 0.257141 0.83119 0.492953
vn 0.118457 0.894723 0.430626
vn -0.017164 0.53792 0.842821
vn 0.257141 0.83119 0.492953
vn -0.209646 0.569758 0.794622
vn -0.017164 0.53792 0.842821
vn 0.41644 0.677117 0.606705
vn 0.257141 0.83119 0.492953
vn 0.242376 0.404432 0.881867
vn 0.41644 0.677117 0.606705
vn -0.017164 0.53792 0.842821
vn -0.11796 -0.05601 0.991437
vn -0.341472 0.55827 0.756129
vn 0.058509 0.325897 0.943593
vn -0.545784 0.033282 0.837265
vn -0.341472 0.55827 0.756129
vn -0.11796 -0.05601 0.991437
vn -0.545784 0.033282 0.837265
vn -0.209646 0.569758 0.794622
vn -0.341472 0.55827 0.756129
vn -0.344431 0.019204 0.938615
vn -0.209646 0.569758 0.794622
vn -0.545784 0.033282 0.837265
vn -0.344431 0.019204 0.938615
vn -0.017164 0.53792 0.842821
vn -0.209646 0.569758 0.794622
vn -0.119808 0.038983 0.992031
vn -0.017164 0.53792 0.842821
vn -0.344431 0.019204 0.938615
vn -0.119808 0.038983 0.992031
vn 0.242376 0.404432 0.881867
vn -0.017164 0.53792 0.842821
vn 0.158479 -0.036338 0.986694
vn 0.242376 0.404432 0.881867
vn -0.119808 0.038983 0.992031
vn -0.109245 -0.484946 0.867694
vn -0.545784 0.033282 0.837265
vn -0.11796 -0.05601 0.991437
vn -0.474953 -0.553112 0.684461
vn -0.545784 0.033282 0.837265
vn -0.109245 -0.484946 0.867694
vn -0.474953 -0.553112 0.684461
vn -0.344431 0.019204 0.938615
vn -0.545784 0.033282 0.837265
vn -0.259173 -0.539094 0.801378
vn -0.344431 0.019204 0.938615
vn -0.474953 -0.553112 0.684461
vn -0.259173 -0.539094 0.801378
vn -0.119808 0.038983 0.992031
vn -0.344431 0.019204 0.938615
vn -0.019818 -0.463861 0.885687
vn -0.119808 0.038983 0.992031
vn -0.259173 -0.539094 0.801378
vn -0.019818 -0.463861 0.885687
vn 0.158479 -0.036338 0.986694
vn -0.119808 0.038983 0.992031
vn 0.231985 -0.428545 0.873231
vn 0.158479 -0.036338 0.986694
vn -0.019818 -0.463861 0.885687
vn 0.075809 -0.791032 0.607059
vn -0.474953 -0.553112 0.684461
vn -0.109245 -0.484946 0.867694
vn -0.187315 -0.92038 0.343241
vn -0.474953 -0.553112 0.684461
vn 0.075809 -0.791032 0.607059
vn -0.187315 -0.92038 0.343241
vn -0.259173 -0.539094 0.801378
vn -0.474953 -0.553112 0.684461
vn 0.00568 -0.879128 0.476552
vn -0.259173 -0.539094 0.801378
vn -0.187315 -0.92038 0.343241
vn 0.00568 -0.879128 0.476552
vn -0.019818 -0.463861 0.885687
vn -0.259173 -0.539094 0.801378
vn 0.238971 -0.782802 0.574556
vn -0.019818 -0.463861 0.885687
vn 0.00568 -0.879128 0.476552
vn 0.238971 -0.782802 0.574556
vn 0.231985 -0.428545 0.873231
vn -0.019818 -0.463861 0.885687
vn 0.444074 -0.633796 0.633326
vn 0.231985 -0.428545 0.873231
vn 0.238971 -0.782802 0.574556
vn 0.444074 -0.633796 0.633326
vn 0.419637 -0.298415 0.857236
vn 0.231985 -0.428545 0.873231
vn 0.616222 -0.408232 0.673511
vn 0.419637 -0.298415 0.857236
vn 0.444074 -0.633796 0.633326
vn 0.616222 -0.408232 0.673511
vn 0.459993 -0.005203 0.887907
vn 0.419637 -0.298415 0.857236
vn 0.763485 -0.050171 0.643874
vn 0.459993 -0.005203 0.887907
vn 0.616222 -0.408232 0.673511
vn 0.763485 -0.050171 0.643874
vn 0.502415 0.272714 0.820491
vn 0.459993 -0.005203 0.887907
vn 0.653789 0.436855 0.617833
vn 0.502415 0.272714 0.820491
vn 0.763485 -0.050171 0.643874
vn 0.653789 0.436855 0.617833
vn 0.242376 0.404432 0.881867
vn 0.502415 0.272714 0.820491
vn 0.41644 0.677117 0.606705
vn 0.242376 0.404432 0.881867
vn 0.653789 0.436855 0.617833
vn 0.400169 -0.856155 0.3269
vn -0.187315 -0.92038 0.343241
vn 0.075809 -0.791032 0.607059
vn 0.269477 -0.95787 -0.099329
vn -0.187315 -0.92038 0.343241
vn 0.400169 -0.856155 0.3269
vn 0.269477 -0.95787 -0.099329
vn 0.00568 -0.879128 0.476552
vn -0.187315 -0.92038 0.343241
vn 0.410478 -0.910952 0.040929
vn 0.00568 -0.879128 0.476552
vn 0.269477 -0.95787 -0.099329
vn 0.410478 -0.910952 0.040929
vn 0.238971 -0.782802 0.574556
vn 0.00568 -0.879128 0.476552
vn 0.553602 -0.811052 0.188995
vn 0.238971 -0.782802 0.574556
vn 0.410478 -0.910952 0.040929
vn 0.553602 -0.811052 0.188995
vn 0.444074 -0.633796 0.633326
vn 0.238971 -0.782802 0.574556
vn 0.692539 -0.639911 0.333023
vn 0.444074 -0.633796 0.633326
vn 0.553602 -0.811052 0.188995
vn 0.692539 -0.639911 0.333023
vn 0.616222 -0.408232 0.673511
vn 0.444074 -0.633796 0.633326
vn 0.740318 -0.452178 0.497458
vn 0.616222 -0.408232 0.673511
vn 0.692539 -0.639911 0.333023
vn 0.740318 -0.452178 0.497458
vn 0.763485 -0.050171 0.643874
vn 0.616222 -0.408232 0.673511
vn 0.88563 -0.307283 0.348191
vn 0.763485 -0.050171 0.643874
vn 0.740318 -0.452178 0.497458
vn 0.88563 -0.307283 0.348191
vn 0.918647 0.146321 0.366984
vn 0.763485 -0.050171 0.643874
vn 0.986444 -0.079968 0.143296
vn 0.918647 0.146321 0.366984
vn 0.88563 -0.307283 0.348191
vn 0.986444 -0.079968 0.143296
vn 0.933194 0.359325 0.005785
vn 0.918647 0.146321 0.366984
vn 0.992406 -0.03117 -0.118987
vn 0.933194 0.359325 0.005785
vn 0.986444 -0.079968 0.143296
vn 0.692539 -0.639911 0.333023
vn 0.88563 -0.307283 0.348191
vn 0.740318 -0.452178 0.497458
vn 0.909569 -0.414637 0.027557
vn 0.88563 -0.307283 0.348191
vn 0.692539 -0.639911 0.333023
vn 0.909569 -0.414637 0.027557
vn 0.986444 -0.079968 0.143296
vn 0.88563 -0.307283 0.348191
vn 0.992406 -0.03117 -0.118987
vn 0.986444 -0.079968 0.143296
vn 0.909569 -0.414637 0.027557
vn 0.419637 -0.298415 0.857236
vn 0.158479 -0.036338 0.986694
vn 0.231985 -0.428545 0.873231
vn 0.459993 -0.005203 0.887907
vn 0.158479 -0.036338 0.986694
vn 0.419637 -0.298415 0.857236
vn 0.459993 -0.005203 0.887907
vn 0.242376 0.404432 0.881867
vn 0.158479 -0.036338 0.986694
vn 0.502415 0.272714 0.820491
vn 0.242376 0.404432 0.881867
vn 0.459993 -0.005203 0.887907
vn 0.933194 0.359325 0.005785
vn 0.82442 0.44011 0.355859
vn 0.918647 0.146321 0.366984
vn 0.685108 0.665431 0.296359
vn 0.82442 0.44011 0.355859
vn 0.933194 0.359325 0.005785
vn 0.685108 0.665431 0.296359
vn 0.653789 0.436855 0.617833
vn 0.82442 0.44011 0.355859
vn 0.41644 0.677117 0.606705
vn 0.653789 0.436855 0.617833
vn 0.685108 0.665431 0.296359
vn 0.457905 0.867609 -0.19385
vn 0.572246 0.621637 -0.534885
vn 0.124166 0.979513 -0.158549
vn 0.851185 0.342291 -0.397895
vn 0.572246 0.621637 -0.534885
vn 0.569457 0.818821 -0.072471
vn 0.960249 0.22434 -0.16611
vn 0.732976 0.020564 -0.679944
vn 0.572246 0.621637 -0.534885
vn 0.931012 -0.258539 -0.257631
vn 0.732976 0.020564 -0.679944
vn 0.960249 0.22434 -0.16611
vn 0.950229 -0.277185 -0.142243
vn 0.623399 -0.521726 -0.582387
vn 0.732976 0.020564 -0.679944
vn 0.751375 -0.658995 0.034079
vn 0.623399 -0.521726 -0.582387
vn 0.931012 -0.258539 -0.257631
vn 0.760432 -0.639575 0.11264
vn 0.263499 -0.93255 -0.246819
vn 0.623399 -0.521726 -0.582387
vn 0.400169 -0.856155 0.3269
vn 0.263499 -0.93255 -0.246819
vn 0.760432 -0.639575 0.11264
vn 0.400169 -0.856155 0.3269
vn -0.218843 -0.948055 0.230865
vn 0.263499 -0.93255 -0.246819
vn 0.075809 -0.791032 0.607059
vn -0.218843 -0.948055 0.230865
vn 0.400169 -0.856155 0.3269
vn 0.075809 -0.791032 0.607059
vn -0.550741 -0.588999 0.591409
vn -0.218843 -0.948055 0.230865
vn -0.109245 -0.484946 0.867694
vn -0.550741 -0.588999 0.591409
vn 0.075809 -0.791032 0.607059
vn -0.109245 -0.484946 0.867694
vn -0.692868 -0.032347 0.720338
vn -0.550741 -0.588999 0.591409
vn -0.11796 -0.05601 0.991437
vn -0.692868 -0.032347 0.720338
vn -0.109245 -0.484946 0.867694
vn -0.11796 -0.05601 0.991437
vn -0.591338 0.54459 0.594762
vn -0.692868 -0.032347 0.720338
vn -0.013921 0.369721 0.929039
vn -0.591338 0.54459 0.594762
vn -0.11796 -0.05601 0.991437
vn -0.16012 0.492758 0.855308
vn -0.271827 0.928453 0.253149
vn -0.591338 0.54459 0.594762
vn 0.155186 0.860575 0.485106
vn -0.271827 0.928453 0.253149
vn -0.16012 0.492758 0.855308
vn -0.02263 0.969878 0.242537
vn 0.124166 0.979513 -0.158549
vn -0.271827 0.928453 0.253149
vn 0.457905 0.867609 -0.19385
vn 0.124166 0.979513 -0.158549
vn -0.02263 0.969878 0.242537
vn 0.918647 0.146321 0.366984
vn 0.653789 0.436855 0.617833
vn 0.763485 -0.050171 0.643874
vn 0.82442 0.44011 0.355859
vn 0.653789 0.436855 0.617833
vn 0.918647 0.146321 0.366984
vn 0.081005 -0.894411 0.439849
vn 0.0 -1.0 0.0
vn 0.200886 -0.935613 0.290298
vn -0.077277 -0.952912 0.293237
vn 0.0 -1.0 0.0
vn 0.081005 -0.894411 0.439849
vn -0.077277 -0.952912 0.293237
vn 0.0 -1.0 0.0
vn 0.0 -1.0 0.0
vn -0.093886 -0.966849 0.237462
vn 0.0 -1.0 0.0
vn -0.077277 -0.952912 0.293237
vn -0.093886 -0.966849 0.237462
vn -0.0 -1.0 0.0
vn 0.0 -1.0 0.0
vn -0.125178 -0.965926 0.226535
vn -0.0 -1.0 0.0
vn -0.093886 -0.966849 0.237462
vn -0.125178 -0.965926 0.226535
vn -0.378115 -0.921 0.093742
vn -0.0 -1.0 0.0
vn -0.4154 -0.858663 0.300234
vn -0.378115 -0.921 0.093742
vn -0.125178 -0.965926 0.226535
vn 0.200886 -0.935613 0.290298
vn 0.025073 -0.999672 0.005248
vn 0.200578 -0.954265 0.221688
vn 0.0 -1.0 0.0
vn 0.025073 -0.999672 0.005248
vn 0.200886 -0.935613 0.290298
vn 0.0 -1.0 0.0
vn 0.0 -1.0 0.0
vn 0.025073 -0.999672 0.005248
vn 0.0 -1.0 0.0
vn 0.0 -1.0 0.0
vn 0.0 -1.0 0.0
vn 0.0 -1.0 0.0
vn -0.0 -1.0 0.0
vn 0.0 -1.0 0.0
vn -0.0 -1.0 0.0
vn -0.0 -1.0 0.0
vn 0.0 -1.0 0.0
vn -0.0 -1.0 0.0
vn -0.314568 -0.94887 0.026325
vn -0.0 -1.0 0.0
vn -0.378115 -0.921 0.093742
vn -0.314568 -0.94887 0.026325
vn -0.0 -1.0 0.0
vn 0.200578 -0.954265 0.221688
vn 0.005477 -0.999856 0.016059
vn 0.1759 -0.968597 0.175725
vn 0.025073 -0.999672 0.005248
vn 0.005477 -0.999856 0.016059
vn 0.200578 -0.954265 0.221688
vn 0.025073 -0.999672 0.005248
vn 0.0 -1.0 0.0
vn 0.005477 -0.999856 0.016059
vn 0.0 -1.0 0.0
vn 0.0 -1.0 0.0
vn 0.025073 -0.999672 0.005248
vn 0.0 -1.0 0.0
vn -0.005102 -0.999942 -0.009449
vn 0.0 -1.0 0.0
vn -0.0 -1.0 0.0
vn -0.005102 -0.999942 -0.009449
vn 0.0 -1.0 0.0
vn -0.0 -1.0 0.0
vn -0.27435 -0.960818 -0.039511
vn -0.005102 -0.999942 -0.009449
vn -0.314568 -0.94887 0.026325
vn -0.27435 -0.960818 -0.039511
vn -0.0 -1.0 0.0
vn 0.1759 -0.968597 0.175725
vn 0.00551 -0.999646 -0.026016
vn 0.179419 -0.978177 0.104782
vn 0.005477 -0.999856 0.016059
vn 0.00551 -0.999646 -0.026016
vn 0.1759 -0.968597 0.175725
vn 0.005477 -0.999856 0.016059
vn 0.01145 -0.999107 -0.040664
vn 0.00551 -0.999646 -0.026016
vn 0.0 -1.0 0.0
vn 0.01145 -0.999107 -0.040664
vn 0.005477 -0.999856 0.016059
vn 0.0 -1.0 0.0
vn -0.001834 -0.998557 -0.053668
vn 0.01145 -0.999107 -0.040664
vn -0.005102 -0.999942 -0.009449
vn -0.001834 -0.998557 -0.053668
vn 0.0 -1.0 0.0
vn -0.005102 -0.999942 -0.009449
vn -0.25457 -0.961122 -0.106948
vn -0.001834 -0.998557 -0.053668
vn -0.27435 -0.960818 -0.039511
vn -0.25457 -0.961122 -0.106948
vn -0.005102 -0.999942 -0.009449
vn 0.179419 -0.978177 0.104782
vn -0.003185 -0.996035 -0.088907
vn 0.192505 -0.980452 0.040682
vn 0.00551 -0.999646 -0.026016
vn -0.003185 -0.996035 -0.088907
vn 0.179419 -0.978177 0.104782
vn 0.00551 -0.999646 -0.026016
vn 0.012412 -0.992869 -0.118559
vn -0.003185 -0.996035 -0.088907
vn 0.01145 -0.999107 -0.040664
vn 0.012412 -0.992869 -0.118559
vn 0.00551 -0.999646 -0.026016
vn 0.01145 -0.999107 -0.040664
vn 0.023068 -0.988769 -0.14766
vn 0.012412 -0.992869 -0.118559
vn -0.001834 -0.998557 -0.053668
vn 0.023068 -0.988769 -0.14766
vn 0.01145 -0.999107 -0.040664
vn -0.001834 -0.998557 -0.053668
vn -0.21944 -0.954224 -0.203231
vn 0.023068 -0.988769 -0.14766
vn -0.25457 -0.961122 -0.106948
vn -0.21944 -0.954224 -0.203231
vn -0.001834 -0.998557 -0.053668
vn 0.192505 -0.980452 0.040682
vn -0.006278 -0.985923 -0.167082
vn 0.194827 -0.979256 -0.055676
vn -0.003185 -0.996035 -0.088907
vn -0.006278 -0.985923 -0.167082
vn 0.192505 -0.980452 0.040682
vn -0.003185 -0.996035 -0.088907
vn 0.003844 -0.982265 -0.187457
vn -0.006278 -0.985923 -0.167082
vn 0.012412 -0.992869 -0.118559
vn 0.003844 -0.982265 -0.187457
vn -0.003185 -0.996035 -0.088907
vn 0.012412 -0.992869 -0.118559
vn 0.011804 -0.977998 -0.208281
vn 0.003844 -0.982265 -0.187457
vn 0.023068 -0.988769 -0.14766
vn 0.011804 -0.977998 -0.208281
vn 0.012412 -0.992869 -0.118559
vn 0.023068 -0.988769 -0.14766
vn -0.206057 -0.934134 -0.291435
vn 0.011804 -0.977998 -0.208281
vn -0.21944 -0.954224 -0.203231
vn -0.206057 -0.934134 -0.291435
vn 0.023068 -0.988769 -0.14766
vn 0.194827 -0.979256 -0.055676
vn -0.00668 -0.977069 -0.212819
vn 0.242782 -0.966044 -0.08841
vn -0.006278 -0.985923 -0.167082
vn -0.00668 -0.977069 -0.212819
vn 0.194827 -0.979256 -0.055676
vn -0.006278 -0.985923 -0.167082
vn -0.002196 -0.974716 -0.223437
vn -0.00668 -0.977069 -0.212819
vn 0.003844 -0.982265 -0.187457
vn -0.002196 -0.974716 -0.223437
vn -0.006278 -0.985923 -0.167082
vn 0.003844 -0.982265 -0.187457
vn 0.002941 -0.972378 -0.233393
vn -0.002196 -0.974716 -0.223437
vn 0.011804 -0.977998 -0.208281
vn 0.002941 -0.972378 -0.233393
vn 0.003844 -0.982265 -0.187457
vn 0.011804 -0.977998 -0.208281
vn -0.180062 -0.933549 -0.309942
vn 0.002941 -0.972378 -0.233393
vn -0.206057 -0.934134 -0.291435
vn -0.180062 -0.933549 -0.309942
vn 0.011804 -0.977998 -0.208281
vn -0.00668 -0.977069 -0.212819
vn 0.204239 -0.969615 -0.134663
vn 0.242782 -0.966044 -0.08841
vn -0.011715 -0.973836 -0.226952
vn 0.204239 -0.969615 -0.134663
vn -0.00668 -0.977069 -0.212819
vn -0.011715 -0.973836 -0.226952
vn 0.208358 -0.967209 -0.145239
vn 0.204239 -0.969615 -0.134663
vn -0.018835 -0.975157 -0.220713
vn 0.208358 -0.967209 -0.145239
vn -0.011715 -0.973836 -0.226952
vn -0.018835 -0.975157 -0.220713
vn 0.219612 -0.961473 -0.165351
vn 0.208358 -0.967209 -0.145239
vn -0.020569 -0.976225 -0.215783
vn 0.219612 -0.961473 -0.165351
vn -0.018835 -0.975157 -0.220713
vn -0.020569 -0.976225 -0.215783
vn 0.244824 -0.950208 -0.192784
vn 0.219612 -0.961473 -0.165351
vn -0.020916 -0.97657 -0.214179
vn 0.244824 -0.950208 -0.192784
vn -0.020569 -0.976225 -0.215783
vn -0.020916 -0.97657 -0.214179
vn 0.284813 -0.928412 -0.238604
vn 0.244824 -0.950208 -0.192784
vn -0.019639 -0.976331 -0.215387
vn 0.284813 -0.928412 -0.238604
vn -0.020916 -0.97657 -0.214179
vn -0.019639 -0.976331 -0.215387
vn 0.355681 -0.886104 -0.29717
vn 0.284813 -0.928412 -0.238604
vn -0.018956 -0.976196 -0.216062
vn 0.355681 -0.886104 -0.29717
vn -0.019639 -0.976331 -0.215387
vn -0.018956 -0.976196 -0.216062
vn 0.330824 -0.836398 -0.437028
vn 0.355681 -0.886104 -0.29717
vn 0.107172 -0.895489 -0.431989
vn 0.330824 -0.836398 -0.437028
vn -0.018956 -0.976196 -0.216062
vn -0.002196 -0.974716 -0.223437
vn -0.011715 -0.973836 -0.226952
vn -0.00668 -0.977069 -0.212819
vn -0.009106 -0.972702 -0.231879
vn -0.011715 -0.973836 -0.226952
vn -0.002196 -0.974716 -0.223437
vn -0.009106 -0.972702 -0.231879
vn -0.018835 -0.975157 -0.220713
vn -0.011715 -0.973836 -0.226952
vn -0.017077 -0.975325 -0.220114
vn -0.018835 -0.975157 -0.220713
vn -0.009106 -0.972702 -0.231879
vn -0.017077 -0.975325 -0.220114
vn -0.020569 -0.976225 -0.215783
vn -0.018835 -0.975157 -0.220713
vn -0.020059 -0.976187 -0.216001
vn -0.020569 -0.976225 -0.215783
vn -0.017077 -0.975325 -0.220114
vn -0.020059 -0.976187 -0.216001
vn -0.020916 -0.97657 -0.214179
vn -0.020569 -0.976225 -0.215783
vn -0.021358 -0.976577 -0.214106
vn -0.020916 -0.97657 -0.214179
vn -0.020059 -0.976187 -0.216001
vn -0.021358 -0.976577 -0.214106
vn -0.019639 -0.976331 -0.215387
vn -0.020916 -0.97657 -0.214179
vn -0.022197 -0.975709 -0.217943
vn -0.019639 -0.976331 -0.215387
vn -0.021358 -0.976577 -0.214106
vn -0.022197 -0.975709 -0.217943
vn -0.018956 -0.976196 -0.216062
vn -0.019639 -0.976331 -0.215387
vn -0.022355 -0.976754 -0.213192
vn -0.018956 -0.976196 -0.216062
vn -0.022197 -0.975709 -0.217943
vn -0.022355 -0.976754 -0.213192
vn 0.107172 -0.895489 -0.431989
vn -0.018956 -0.976196 -0.216062
vn 0.073254 -0.896694 -0.436547
vn 0.107172 -0.895489 -0.431989
vn -0.022355 -0.976754 -0.213192
vn 0.002941 -0.972378 -0.233393
vn -0.009106 -0.972702 -0.231879
vn -0.002196 -0.974716 -0.223437
vn -0.006192 -0.971944 -0.235132
vn -0.009106 -0.972702 -0.231879
vn 0.002941 -0.972378 -0.233393
vn -0.006192 -0.971944 -0.235132
vn -0.017077 -0.975325 -0.220114
vn -0.009106 -0.972702 -0.231879
vn -0.016129 -0.975051 -0.221396
vn -0.017077 -0.975325 -0.220114
vn -0.006192 -0.971944 -0.235132
vn -0.016129 -0.975051 -0.221396
vn -0.020059 -0.976187 -0.216001
vn -0.017077 -0.975325 -0.220114
vn -0.01961 -0.976175 -0.216098
vn -0.020059 -0.976187 -0.216001
vn -0.016129 -0.975051 -0.221396
vn -0.01961 -0.976175 -0.216098
vn -0.021358 -0.976577 -0.214106
vn -0.020059 -0.976187 -0.216001
vn -0.020924 -0.976166 -0.216015
vn -0.021358 -0.976577 -0.214106
vn -0.01961 -0.976175 -0.216098
vn -0.020924 -0.976166 -0.216015
vn -0.022197 -0.975709 -0.217943
vn -0.021358 -0.976577 -0.214106
vn -0.0207 -0.976457 -0.214717
vn -0.022197 -0.975709 -0.217943
vn -0.020924 -0.976166 -0.216015
vn -0.0207 -0.976457 -0.214717
vn -0.022355 -0.976754 -0.213192
vn -0.022197 -0.975709 -0.217943
vn -0.020823 -0.976503 -0.214494
vn -0.022355 -0.976754 -0.213192
vn -0.0207 -0.976457 -0.214717
vn -0.020823 -0.976503 -0.214494
vn 0.073254 -0.896694 -0.436547
vn -0.022355 -0.976754 -0.213192
vn 0.057864 -0.869632 -0.490297
vn 0.073254 -0.896694 -0.436547
vn -0.020823 -0.976503 -0.214494
vn -0.180062 -0.933549 -0.309942
vn -0.006192 -0.971944 -0.235132
vn 0.002941 -0.972378 -0.233393
vn -0.214313 -0.919894 -0.328429
vn -0.006192 -0.971944 -0.235132
vn -0.180062 -0.933549 -0.309942
vn -0.214313 -0.919894 -0.328429
vn -0.016129 -0.975051 -0.221396
vn -0.006192 -0.971944 -0.235132
vn -0.218277 -0.919027 -0.328245
vn -0.016129 -0.975051 -0.221396
vn -0.214313 -0.919894 -0.328429
vn -0.218277 -0.919027 -0.328245
vn -0.01961 -0.976175 -0.216098
vn -0.016129 -0.975051 -0.221396
vn -0.212234 -0.915563 -0.341616
vn -0.01961 -0.976175 -0.216098
vn -0.218277 -0.919027 -0.328245
vn -0.212234 -0.915563 -0.341616
vn -0.020924 -0.976166 -0.216015
vn -0.01961 -0.976175 -0.216098
vn -0.202184 -0.906837 -0.369821
vn -0.020924 -0.976166 -0.216015
vn -0.212234 -0.915563 -0.341616
vn -0.202184 -0.906837 -0.369821
vn -0.0207 -0.976457 -0.214717
vn -0.020924 -0.976166 -0.216015
vn -0.190368 -0.892526 -0.40885
vn -0.0207 -0.976457 -0.214717
vn -0.202184 -0.906837 -0.369821
vn -0.190368 -0.892526 -0.40885
vn -0.020823 -0.976503 -0.214494
vn -0.0207 -0.976457 -0.214717
vn -0.179021 -0.862029 -0.474192
vn -0.020823 -0.976503 -0.214494
vn -0.190368 -0.892526 -0.40885
vn -0.179021 -0.862029 -0.474192
vn 0.057864 -0.869632 -0.490297
vn -0.020823 -0.976503 -0.214494
vn -0.091781 -0.712562 -0.69558
vn 0.057864 -0.869632 -0.490297
vn -0.179021 -0.862029 -0.474192
vn -0.076652 -0.922979 0.37714
vn 0.0 -1.0 0.0
vn 0.056647 -0.974303 0.218001
vn -0.199102 -0.928332 0.313939
vn 0.0 -1.0 0.0
vn -0.076652 -0.922979 0.37714
vn -0.199102 -0.928332 0.313939
vn -0.0 -1.0 0.0
vn 0.0 -1.0 0.0
vn -0.207487 -0.951086 0.228876
vn -0.0 -1.0 0.0
vn -0.199102 -0.928332 0.313939
vn -0.207487 -0.951086 0.228876
vn -0.0 -1.0 0.0
vn -0.0 -1.0 0.0
vn -0.204847 -0.965574 0.160327
vn -0.0 -1.0 0.0
vn -0.207487 -0.951086 0.228876
vn -0.204847 -0.965574 0.160327
vn -0.004393 -0.999613 -0.027456
vn -0.0 -1.0 0.0
vn -0.182395 -0.977933 0.101878
vn -0.004393 -0.999613 -0.027456
vn -0.204847 -0.965574 0.160327
vn -0.182395 -0.977933 0.101878
vn 0.006884 -0.995842 -0.09084
vn -0.004393 -0.999613 -0.027456
vn -0.206854 -0.977867 0.03143
vn 0.006884 -0.995842 -0.09084
vn -0.182395 -0.977933 0.101878
vn -0.206854 -0.977867 0.03143
vn 0.007338 -0.986161 -0.165625
vn 0.006884 -0.995842 -0.09084
vn -0.217291 -0.974645 -0.053409
vn 0.007338 -0.986161 -0.165625
vn -0.206854 -0.977867 0.03143
vn -0.217291 -0.974645 -0.053409
vn 0.007398 -0.978626 -0.205514
vn 0.007338 -0.986161 -0.165625
vn -0.210964 -0.97107 -0.111879
vn 0.007398 -0.978626 -0.205514
vn -0.217291 -0.974645 -0.053409
vn -0.210964 -0.97107 -0.111879
vn 0.012289 -0.976945 -0.213137
vn 0.007398 -0.978626 -0.205514
vn -0.206885 -0.968713 -0.13709
vn 0.012289 -0.976945 -0.213137
vn -0.210964 -0.97107 -0.111879
vn -0.206885 -0.968713 -0.13709
vn 0.017713 -0.978595 -0.205032
vn 0.012289 -0.976945 -0.213137
vn -0.208422 -0.967142 -0.145593
vn 0.017713 -0.978595 -0.205032
vn -0.206885 -0.968713 -0.13709
vn -0.208422 -0.967142 -0.145593
vn 0.019612 -0.979136 -0.202257
vn 0.017713 -0.978595 -0.205032
vn -0.217466 -0.962297 -0.163381
vn 0.019612 -0.979136 -0.202257
vn -0.208422 -0.967142 -0.145593
vn -0.217466 -0.962297 -0.163381
vn 0.018994 -0.979229 -0.201865
vn 0.019612 -0.979136 -0.202257
vn -0.228383 -0.954812 -0.190201
vn 0.018994 -0.979229 -0.201865
vn -0.217466 -0.962297 -0.163381
vn -0.228383 -0.954812 -0.190201
vn 0.018958 -0.979494 -0.20058
vn 0.018994 -0.979229 -0.201865
vn -0.247255 -0.942018 -0.226863
vn 0.018958 -0.979494 -0.20058
vn -0.228383 -0.954812 -0.190201
vn -0.247255 -0.942018 -0.226863
vn 0.017939 -0.978793 -0.204064
vn 0.018958 -0.979494 -0.20058
vn -0.290901 -0.913331 -0.284962
vn 0.017939 -0.978793 -0.204064
vn -0.247255 -0.942018 -0.226863
vn -0.290901 -0.913331 -0.284962
vn -0.123082 -0.883178 -0.452601
vn 0.017939 -0.978793 -0.204064
vn -0.400196 -0.773654 -0.491226
vn -0.123082 -0.883178 -0.452601
vn -0.290901 -0.913331 -0.284962
vn 0.056647 -0.974303 0.218001
vn -0.0 -1.0 0.0
vn 0.078146 -0.976303 0.201805
vn 0.0 -1.0 0.0
vn -0.0 -1.0 0.0
vn 0.056647 -0.974303 0.218001
vn 0.0 -1.0 0.0
vn -0.0 -1.0 0.0
vn -0.0 -1.0 0.0
vn -0.0 -1.0 0.0
vn -0.0 -1.0 0.0
vn 0.0 -1.0 0.0
vn -0.0 -1.0 0.0
vn -0.0 -1.0 0.0
vn -0.0 -1.0 0.0
vn -0.0 -1.0 0.0
vn -0.0 -1.0 0.0
vn -0.0 -1.0 0.0
vn -0.0 -1.0 0.0
vn -0.008394 -0.999132 -0.040795
vn -0.0 -1.0 0.0
vn -0.004393 -0.999613 -0.027456
vn -0.008394 -0.999132 -0.040795
vn -0.0 -1.0 0.0
vn -0.004393 -0.999613 -0.027456
vn -0.006138 -0.993233 -0.115975
vn -0.008394 -0.999132 -0.040795
vn 0.006884 -0.995842 -0.09084
vn -0.006138 -0.993233 -0.115975
vn -0.004393 -0.999613 -0.027456
vn 0.006884 -0.995842 -0.09084
vn 0.000763 -0.983702 -0.179803
vn -0.006138 -0.993233 -0.115975
vn 0.007338 -0.986161 -0.165625
vn 0.000763 -0.983702 -0.179803
vn 0.006884 -0.995842 -0.09084
vn 0.007338 -0.986161 -0.165625
vn 0.00377 -0.976897 -0.213677
vn 0.000763 -0.983702 -0.179803
vn 0.007398 -0.978626 -0.205514
vn 0.00377 -0.976897 -0.213677
vn 0.007338 -0.986161 -0.165625
vn 0.007398 -0.978626 -0.205514
vn 0.011246 -0.976209 -0.216542
vn 0.00377 -0.976897 -0.213677
vn 0.012289 -0.976945 -0.213137
vn 0.011246 -0.976209 -0.216542
vn 0.007398 -0.978626 -0.205514
vn 0.012289 -0.976945 -0.213137
vn 0.018072 -0.978338 -0.206225
vn 0.011246 -0.976209 -0.216542
vn 0.017713 -0.978595 -0.205032
vn 0.018072 -0.978338 -0.206225
vn 0.012289 -0.976945 -0.213137
vn 0.017713 -0.978595 -0.205032
vn 0.019743 -0.979038 -0.202718
vn 0.018072 -0.978338 -0.206225
vn 0.019612 -0.979136 -0.202257
vn 0.019743 -0.979038 -0.202718
vn 0.017713 -0.978595 -0.205032
vn 0.019612 -0.979136 -0.202257
vn 0.020926 -0.979095 -0.202325
vn 0.019743 -0.979038 -0.202718
vn 0.018994 -0.979229 -0.201865
vn 0.020926 -0.979095 -0.202325
vn 0.019612 -0.979136 -0.202257
vn 0.018994 -0.979229 -0.201865
vn 0.020729 -0.979401 -0.200858
vn 0.020926 -0.979095 -0.202325
vn 0.018958 -0.979494 -0.20058
vn 0.020729 -0.979401 -0.200858
vn 0.018994 -0.979229 -0.201865
vn 0.018958 -0.979494 -0.20058
vn 0.018443 -0.978986 -0.20309
vn 0.020729 -0.979401 -0.200858
vn 0.017939 -0.978793 -0.204064
vn 0.018443 -0.978986 -0.20309
vn 0.018958 -0.979494 -0.20058
vn 0.017939 -0.978793 -0.204064
vn -0.073925 -0.900751 -0.427999
vn 0.018443 -0.978986 -0.20309
vn -0.123082 -0.883178 -0.452601
vn -0.073925 -0.900751 -0.427999
vn 0.017939 -0.978793 -0.204064
vn 0.078146 -0.976303 0.201805
vn 0.0 -1.0 0.0
vn 0.126454 -0.966087 0.225136
vn -0.0 -1.0 0.0
vn 0.0 -1.0 0.0
vn 0.078146 -0.976303 0.201805
vn -0.0 -1.0 0.0
vn 0.0 -1.0 0.0
vn 0.0 -1.0 0.0
vn -0.0 -1.0 0.0
vn 0.0 -1.0 0.0
vn -0.0 -1.0 0.0
vn -0.0 -1.0 0.0
vn 0.0 -1.0 0.0
vn 0.0 -1.0 0.0
vn -0.0 -1.0 0.0
vn 0.0 -1.0 0.0
vn -0.0 -1.0 0.0
vn -0.0 -1.0 0.0
vn -0.01208 -0.998524 -0.05295
vn 0.0 -1.0 0.0
vn -0.008394 -0.999132 -0.040795
vn -0.01208 -0.998524 -0.05295
vn -0.0 -1.0 0.0
vn -0.008394 -0.999132 -0.040795
vn -0.015332 -0.989956 -0.140541
vn -0.01208 -0.998524 -0.05295
vn -0.006138 -0.993233 -0.115975
vn -0.015332 -0.989956 -0.140541
vn -0.008394 -0.999132 -0.040795
vn -0.006138 -0.993233 -0.115975
vn -0.003475 -0.98034 -0.197283
vn -0.015332 -0.989956 -0.140541
vn 0.000763 -0.983702 -0.179803
vn -0.003475 -0.98034 -0.197283
vn -0.006138 -0.993233 -0.115975
vn 0.000763 -0.983702 -0.179803
vn 0.00528 -0.975297 -0.220836
vn -0.003475 -0.98034 -0.197283
vn 0.00377 -0.976897 -0.213677
vn 0.00528 -0.975297 -0.220836
vn 0.000763 -0.983702 -0.179803
vn 0.00377 -0.976897 -0.213677
vn 0.009671 -0.975338 -0.220504
vn 0.00528 -0.975297 -0.220836
vn 0.011246 -0.976209 -0.216542
vn 0.009671 -0.975338 -0.220504
vn 0.00377 -0.976897 -0.213677
vn 0.011246 -0.976209 -0.216542
vn 0.016912 -0.978144 -0.20724
vn 0.009671 -0.975338 -0.220504
vn 0.018072 -0.978338 -0.206225
vn 0.016912 -0.978144 -0.20724
vn 0.011246 -0.976209 -0.216542
vn 0.018072 -0.978338 -0.206225
vn 0.019605 -0.979013 -0.202853
vn 0.016912 -0.978144 -0.20724
vn 0.019743 -0.979038 -0.202718
vn 0.019605 -0.979013 -0.202853
vn 0.018072 -0.978338 -0.206225
vn 0.019743 -0.979038 -0.202718
vn 0.019738 -0.979072 -0.202553
vn 0.019605 -0.979013 -0.202853
vn 0.020926 -0.979095 -0.202325
vn 0.019738 -0.979072 -0.202553
vn 0.019743 -0.979038 -0.202718
vn 0.020926 -0.979095 -0.202325
vn 0.022914 -0.979374 -0.200751
vn 0.019738 -0.979072 -0.202553
vn 0.020729 -0.979401 -0.200858
vn 0.022914 -0.979374 -0.200751
vn 0.020926 -0.979095 -0.202325
vn 0.020729 -0.979401 -0.200858
vn 0.022552 -0.978703 -0.204039
vn 0.022914 -0.979374 -0.200751
vn 0.018443 -0.978986 -0.20309
vn 0.022552 -0.978703 -0.204039
vn 0.020729 -0.979401 -0.200858
vn 0.018443 -0.978986 -0.20309
vn -0.048871 -0.896071 -0.441212
vn 0.022552 -0.978703 -0.204039
vn -0.073925 -0.900751 -0.427999
vn -0.048871 -0.896071 -0.441212
vn 0.018443 -0.978986 -0.20309
vn 0.126454 -0.966087 0.225136
vn 0.300659 -0.950038 0.083863
vn 0.393718 -0.875136 0.281288
vn 0.0 -1.0 0.0
vn 0.300659 -0.950038 0.083863
vn 0.126454 -0.966087 0.225136
vn 0.0 -1.0 0.0
vn 0.272453 -0.961868 0.024068
vn 0.300659 -0.950038 0.083863
vn 0.0 -1.0 0.0
vn 0.272453 -0.961868 0.024068
vn 0.0 -1.0 0.0
vn 0.0 -1.0 0.0
vn 0.271383 -0.962243 -0.020976
vn 0.272453 -0.961868 0.024068
vn 0.0 -1.0 0.0
vn 0.271383 -0.962243 -0.020976
vn 0.0 -1.0 0.0
vn 0.0 -1.0 0.0
vn 0.265533 -0.959294 -0.096167
vn 0.271383 -0.962243 -0.020976
vn -0.01208 -0.998524 -0.05295
vn 0.265533 -0.959294 -0.096167
vn 0.0 -1.0 0.0
vn -0.01208 -0.998524 -0.05295
vn 0.22383 -0.952808 -0.205077
vn 0.265533 -0.959294 -0.096167
vn -0.015332 -0.989956 -0.140541
vn 0.22383 -0.952808 -0.205077
vn -0.01208 -0.998524 -0.05295
vn -0.015332 -0.989956 -0.140541
vn 0.219802 -0.938679 -0.265647
vn 0.22383 -0.952808 -0.205077
vn -0.003475 -0.98034 -0.197283
vn 0.219802 -0.938679 -0.265647
vn -0.015332 -0.989956 -0.140541
vn -0.003475 -0.98034 -0.197283
vn 0.219741 -0.930881 -0.291847
vn 0.219802 -0.938679 -0.265647
vn 0.00528 -0.975297 -0.220836
vn 0.219741 -0.930881 -0.291847
vn -0.003475 -0.98034 -0.197283
vn 0.00528 -0.975297 -0.220836
vn 0.227212 -0.926405 -0.300247
vn 0.219741 -0.930881 -0.291847
vn 0.009671 -0.975338 -0.220504
vn 0.227212 -0.926405 -0.300247
vn 0.00528 -0.975297 -0.220836
vn 0.009671 -0.975338 -0.220504
vn 0.230048 -0.924367 -0.304342
vn 0.227212 -0.926405 -0.300247
vn 0.016912 -0.978144 -0.20724
vn 0.230048 -0.924367 -0.304342
vn 0.009671 -0.975338 -0.220504
vn 0.016912 -0.978144 -0.20724
vn 0.22623 -0.918559 -0.324143
vn 0.230048 -0.924367 -0.304342
vn 0.019605 -0.979013 -0.202853
vn 0.22623 -0.918559 -0.324143
vn 0.016912 -0.978144 -0.20724
vn 0.019605 -0.979013 -0.202853
vn 0.218963 -0.906653 -0.360606
vn 0.22623 -0.918559 -0.324143
vn 0.019738 -0.979072 -0.202553
vn 0.218963 -0.906653 -0.360606
vn 0.019605 -0.979013 -0.202853
vn 0.019738 -0.979072 -0.202553
vn 0.212653 -0.883201 -0.418014
vn 0.218963 -0.906653 -0.360606
vn 0.022914 -0.979374 -0.200751
vn 0.212653 -0.883201 -0.418014
vn 0.019738 -0.979072 -0.202553
vn 0.022914 -0.979374 -0.200751
vn 0.223584 -0.831531 -0.508494
vn 0.212653 -0.883201 -0.418014
vn 0.022552 -0.978703 -0.204039
vn 0.223584 -0.831531 -0.508494
vn 0.022914 -0.979374 -0.200751
vn 0.022552 -0.978703 -0.204039
vn 0.103465 -0.796158 -0.596177
vn 0.223584 -0.831531 -0.508494
vn -0.048871 -0.896071 -0.441212
vn 0.103465 -0.796158 -0.596177
vn 0.022552 -0.978703 -0.204039
vn 0.194827 -0.979256 -0.055676
vn 0.651065 -0.74114 0.163786
vn 0.636239 -0.732098 0.243376
vn 0.242782 -0.966044 -0.08841
vn 0.651065 -0.74114 0.163786
vn 0.194827 -0.979256 -0.055676
vn 0.242782 -0.966044 -0.08841
vn 0.661169 -0.742873 0.104856
vn 0.651065 -0.74114 0.163786
vn 0.204239 -0.969615 -0.134663
vn 0.661169 -0.742873 0.104856
vn 0.242782 -0.966044 -0.08841
vn 0.204239 -0.969615 -0.134663
vn 0.678595 -0.732462 0.054855
vn 0.661169 -0.742873 0.104856
vn 0.208358 -0.967209 -0.145239
vn 0.678595 -0.732462 0.054855
vn 0.204239 -0.969615 -0.134663
vn 0.208358 -0.967209 -0.145239
vn 0.708372 -0.705719 -0.013054
vn 0.678595 -0.732462 0.054855
vn 0.219612 -0.961473 -0.165351
vn 0.708372 -0.705719 -0.013054
vn 0.208358 -0.967209 -0.145239
vn 0.219612 -0.961473 -0.165351
vn 0.738301 -0.664977 -0.112772
vn 0.708372 -0.705719 -0.013054
vn 0.244824 -0.950208 -0.192784
vn 0.738301 -0.664977 -0.112772
vn 0.219612 -0.961473 -0.165351
vn 0.244824 -0.950208 -0.192784
vn 0.766219 -0.592934 -0.247662
vn 0.738301 -0.664977 -0.112772
vn 0.284813 -0.928412 -0.238604
vn 0.766219 -0.592934 -0.247662
vn 0.244824 -0.950208 -0.192784
vn 0.284813 -0.928412 -0.238604
vn 0.769036 -0.503149 -0.394239
vn 0.766219 -0.592934 -0.247662
vn 0.355681 -0.886104 -0.29717
vn 0.769036 -0.503149 -0.394239
vn 0.284813 -0.928412 -0.238604
vn 0.355681 -0.886104 -0.29717
vn 0.703496 -0.422637 -0.571377
vn 0.769036 -0.503149 -0.394239
vn 0.330824 -0.836398 -0.437028
vn 0.703496 -0.422637 -0.571377
vn 0.355681 -0.886104 -0.29717
vn 0.330824 -0.836398 -0.437028
vn 0.436931 -0.489228 -0.754816
vn 0.703496 -0.422637 -0.571377
vn 0.107172 -0.895489 -0.431989
vn 0.436931 -0.489228 -0.754816
vn 0.330824 -0.836398 -0.437028
vn 0.107172 -0.895489 -0.431989
vn 0.273156 -0.51912 -0.809877
vn 0.436931 -0.489228 -0.754816
vn 0.073254 -0.896694 -0.436547
vn 0.273156 -0.51912 -0.809877
vn 0.107172 -0.895489 -0.431989
vn 0.073254 -0.896694 -0.436547
vn 0.117359 -0.477091 -0.870983
vn 0.273156 -0.51912 -0.809877
vn 0.057864 -0.869632 -0.490297
vn 0.117359 -0.477091 -0.870983
vn 0.073254 -0.896694 -0.436547
vn 0.057864 -0.869632 -0.490297
vn -0.076208 -0.351589 -0.933048
vn 0.117359 -0.477091 -0.870983
vn -0.091781 -0.712562 -0.69558
vn -0.076208 -0.351589 -0.933048
vn 0.057864 -0.869632 -0.490297
vn -0.091781 -0.712562 -0.69558
vn -0.336642 -0.336009 -0.879642
vn -0.076208 -0.351589 -0.933048
vn -0.179021 -0.862029 -0.474192
vn -0.336642 -0.336009 -0.879642
vn -0.091781 -0.712562 -0.69558
vn -0.179021 -0.862029 -0.474192
vn -0.462305 -0.448187 -0.765116
vn -0.336642 -0.336009 -0.879642
vn -0.190368 -0.892526 -0.40885
vn -0.462305 -0.448187 -0.765116
vn -0.179021 -0.862029 -0.474192
vn -0.190368 -0.892526 -0.40885
vn -0.548267 -0.517751 -0.656763
vn -0.462305 -0.448187 -0.765116
vn -0.202184 -0.906837 -0.369821
vn -0.548267 -0.517751 -0.656763
vn -0.190368 -0.892526 -0.40885
vn -0.202184 -0.906837 -0.369821
vn -0.598965 -0.559225 -0.573156
vn -0.548267 -0.517751 -0.656763
vn -0.212234 -0.915563 -0.341616
vn -0.598965 -0.559225 -0.573156
vn -0.202184 -0.906837 -0.369821
vn -0.212234 -0.915563 -0.341616
vn -0.633343 -0.582972 -0.50894
vn -0.598965 -0.559225 -0.573156
vn -0.218277 -0.919027 -0.328245
vn -0.633343 -0.582972 -0.50894
vn -0.212234 -0.915563 -0.341616
vn -0.218277 -0.919027 -0.328245
vn -0.654235 -0.590977 -0.471934
vn -0.633343 -0.582972 -0.50894
vn -0.214313 -0.919894 -0.328429
vn -0.654235 -0.590977 -0.471934
vn -0.218277 -0.919027 -0.328245
vn -0.214313 -0.919894 -0.328429
vn -0.668766 -0.601885 -0.436447
vn -0.654235 -0.590977 -0.471934
vn -0.180062 -0.933549 -0.309942
vn -0.668766 -0.601885 -0.436447
vn -0.214313 -0.919894 -0.328429
vn -0.180062 -0.933549 -0.309942
vn -0.68135 -0.619051 -0.390562
vn -0.668766 -0.601885 -0.436447
vn -0.206057 -0.934134 -0.291435
vn -0.68135 -0.619051 -0.390562
vn -0.180062 -0.933549 -0.309942
vn -0.206057 -0.934134 -0.291435
vn -0.698597 -0.640675 -0.318588
vn -0.68135 -0.619051 -0.390562
vn -0.21944 -0.954224 -0.203231
vn -0.698597 -0.640675 -0.318588
vn -0.206057 -0.934134 -0.291435
vn -0.21944 -0.954224 -0.203231
vn -0.730654 -0.652278 -0.201688
vn -0.698597 -0.640675 -0.318588
vn -0.25457 -0.961122 -0.106948
vn -0.730654 -0.652278 -0.201688
vn -0.21944 -0.954224 -0.203231
vn -0.25457 -0.961122 -0.106948
vn -0.764482 -0.639986 -0.07737
vn -0.730654 -0.652278 -0.201688
vn -0.27435 -0.960818 -0.039511
vn -0.764482 -0.639986 -0.07737
vn -0.25457 -0.961122 -0.106948
vn -0.27435 -0.960818 -0.039511
vn -0.789332 -0.607775 0.08697
vn -0.764482 -0.639986 -0.07737
vn -0.314568 -0.94887 0.026325
vn -0.789332 -0.607775 0.08697
vn -0.27435 -0.960818 -0.039511
vn -0.314568 -0.94887 0.026325
vn -0.789756 -0.559308 0.251914
vn -0.789332 -0.607775 0.08697
vn -0.378115 -0.921 0.093742
vn -0.789756 -0.559308 0.251914
vn -0.314568 -0.94887 0.026325
vn -0.378115 -0.921 0.093742
vn -0.70885 -0.5399 0.453917
vn -0.789756 -0.559308 0.251914
vn -0.4154 -0.858663 0.300234
vn -0.70885 -0.5399 0.453917
vn -0.378115 -0.921 0.093742
vn -0.4154 -0.858663 0.300234
vn -0.441531 -0.647664 0.620953
vn -0.70885 -0.5399 0.453917
vn -0.125178 -0.965926 0.226535
vn -0.441531 -0.647664 0.620953
vn -0.4154 -0.858663 0.300234
vn -0.125178 -0.965926 0.226535
vn -0.279405 -0.684734 0.673106
vn -0.441531 -0.647664 0.620953
vn -0.093886 -0.966849 0.237462
vn -0.279405 -0.684734 0.673106
vn -0.125178 -0.965926 0.226535
vn -0.093886 -0.966849 0.237462
vn -0.130652 -0.653236 0.745796
vn -0.279405 -0.684734 0.673106
vn -0.077277 -0.952912 0.293237
vn -0.130652 -0.653236 0.745796
vn -0.093886 -0.966849 0.237462
vn -0.077277 -0.952912 0.293237
vn 0.088608 -0.544866 0.833829
vn -0.130652 -0.653236 0.745796
vn 0.081005 -0.894411 0.439849
vn 0.088608 -0.544866 0.833829
vn -0.077277 -0.952912 0.293237
vn 0.081005 -0.894411 0.439849
vn 0.361106 -0.493649 0.791147
vn 0.088608 -0.544866 0.833829
vn 0.200886 -0.935613 0.290298
vn 0.361106 -0.493649 0.791147
vn 0.081005 -0.894411 0.439849
vn 0.200886 -0.935613 0.290298
vn 0.485969 -0.593413 0.641635
vn 0.361106 -0.493649 0.791147
vn 0.200578 -0.954265 0.221688
vn 0.485969 -0.593413 0.641635
vn 0.200886 -0.935613 0.290298
vn 0.200578 -0.954265 0.221688
vn 0.551711 -0.646284 0.527193
vn 0.485969 -0.593413 0.641635
vn 0.1759 -0.968597 0.175725
vn 0.551711 -0.646284 0.527193
vn 0.200578 -0.954265 0.221688
vn 0.1759 -0.968597 0.175725
vn 0.59289 -0.690769 0.413908
vn 0.551711 -0.646284 0.527193
vn 0.179419 -0.978177 0.104782
vn 0.59289 -0.690769 0.413908
vn 0.1759 -0.968597 0.175725
vn 0.179419 -0.978177 0.104782
vn 0.619159 -0.711007 0.333334
vn 0.59289 -0.690769 0.413908
vn 0.192505 -0.980452 0.040682
vn 0.619159 -0.711007 0.333334
vn 0.179419 -0.978177 0.104782
vn 0.192505 -0.980452 0.040682
vn 0.636239 -0.732098 0.243376
vn 0.619159 -0.711007 0.333334
vn 0.194827 -0.979256 -0.055676
vn 0.636239 -0.732098 0.243376
vn 0.192505 -0.980452 0.040682
vn 0.636239 -0.732098 0.243376
vn 0.893226 -0.216273 0.394173
vn 0.868219 -0.200305 0.453954
vn 0.651065 -0.74114 0.163786
vn 0.893226 -0.216273 0.394173
vn 0.636239 -0.732098 0.243376
vn 0.651065 -0.74114 0.163786
vn 0.918165 -0.216753 0.331649
vn 0.893226 -0.216273 0.394173
vn 0.661169 -0.742873 0.104856
vn 0.918165 -0.216753 0.331649
vn 0.651065 -0.74114 0.163786
vn 0.661169 -0.742873 0.104856
vn 0.944572 -0.209118 0.253089
vn 0.918165 -0.216753 0.331649
vn 0.678595 -0.732462 0.054855
vn 0.944572 -0.209118 0.253089
vn 0.661169 -0.742873 0.104856
vn 0.678595 -0.732462 0.054855
vn 0.972013 -0.182401 0.148054
vn 0.944572 -0.209118 0.253089
vn 0.708372 -0.705719 -0.013054
vn 0.972013 -0.182401 0.148054
vn 0.678595 -0.732462 0.054855
vn 0.708372 -0.705719 -0.013054
vn 0.989033 -0.147656 0.003494
vn 0.972013 -0.182401 0.148054
vn 0.738301 -0.664977 -0.112772
vn 0.989033 -0.147656 0.003494
vn 0.708372 -0.705719 -0.013054
vn 0.738301 -0.664977 -0.112772
vn 0.976798 -0.097312 -0.190778
vn 0.989033 -0.147656 0.003494
vn 0.766219 -0.592934 -0.247662
vn 0.976798 -0.097312 -0.190778
vn 0.738301 -0.664977 -0.112772
vn 0.766219 -0.592934 -0.247662
vn 0.930272 -0.047187 -0.363824
vn 0.976798 -0.097312 -0.190778
vn 0.769036 -0.503149 -0.394239
vn 0.930272 -0.047187 -0.363824
vn 0.766219 -0.592934 -0.247662
vn 0.769036 -0.503149 -0.394239
vn 0.817528 -0.042282 -0.574335
vn 0.930272 -0.047187 -0.363824
vn 0.703496 -0.422637 -0.571377
vn 0.817528 -0.042282 -0.574335
vn 0.769036 -0.503149 -0.394239
vn 0.703496 -0.422637 -0.571377
vn 0.614089 -0.046283 -0.787878
vn 0.817528 -0.042282 -0.574335
vn 0.436931 -0.489228 -0.754816
vn 0.614089 -0.046283 -0.787878
vn 0.703496 -0.422637 -0.571377
vn 0.436931 -0.489228 -0.754816
vn 0.389206 -0.048732 -0.919861
vn 0.614089 -0.046283 -0.787878
vn 0.273156 -0.51912 -0.809877
vn 0.389206 -0.048732 -0.919861
vn 0.436931 -0.489228 -0.754816
vn 0.273156 -0.51912 -0.809877
vn 0.147549 -0.017773 -0.988895
vn 0.389206 -0.048732 -0.919861
vn 0.117359 -0.477091 -0.870983
vn 0.147549 -0.017773 -0.988895
vn 0.273156 -0.51912 -0.809877
vn 0.117359 -0.477091 -0.870983
vn -0.129304 0.055915 -0.990027
vn 0.147549 -0.017773 -0.988895
vn -0.076208 -0.351589 -0.933048
vn -0.129304 0.055915 -0.990027
vn 0.117359 -0.477091 -0.870983
vn -0.076208 -0.351589 -0.933048
vn -0.342531 0.119345 -0.931895
vn -0.129304 0.055915 -0.990027
vn -0.336642 -0.336009 -0.879642
vn -0.342531 0.119345 -0.931895
vn -0.076208 -0.351589 -0.933048
vn -0.336642 -0.336009 -0.879642
vn -0.530047 0.10538 -0.841395
vn -0.342531 0.119345 -0.931895
vn -0.462305 -0.448187 -0.765116
vn -0.530047 0.10538 -0.841395
vn -0.336642 -0.336009 -0.879642
vn -0.462305 -0.448187 -0.765116
vn -0.689126 0.064404 -0.721774
vn -0.530047 0.10538 -0.841395
vn -0.548267 -0.517751 -0.656763
vn -0.689126 0.064404 -0.721774
vn -0.462305 -0.448187 -0.765116
vn -0.548267 -0.517751 -0.656763
vn -0.78547 0.03188 -0.618078
vn -0.689126 0.064404 -0.721774
vn -0.598965 -0.559225 -0.573156
vn -0.78547 0.03188 -0.618078
vn -0.548267 -0.517751 -0.656763
vn -0.598965 -0.559225 -0.573156
vn -0.85097 0.000682 -0.525213
vn -0.78547 0.03188 -0.618078
vn -0.633343 -0.582972 -0.50894
vn -0.85097 0.000682 -0.525213
vn -0.598965 -0.559225 -0.573156
vn -0.633343 -0.582972 -0.50894
vn -0.88949 -0.018014 -0.456599
vn -0.85097 0.000682 -0.525213
vn -0.654235 -0.590977 -0.471934
vn -0.88949 -0.018014 -0.456599
vn -0.633343 -0.582972 -0.50894
vn -0.654235 -0.590977 -0.471934
vn -0.916203 -0.033065 -0.399348
vn -0.88949 -0.018014 -0.456599
vn -0.668766 -0.601885 -0.436447
vn -0.916203 -0.033065 -0.399348
vn -0.654235 -0.590977 -0.471934
vn -0.668766 -0.601885 -0.436447
vn -0.93538 -0.05812 -0.348835
vn -0.916203 -0.033065 -0.399348
vn -0.68135 -0.619051 -0.390562
vn -0.93538 -0.05812 -0.348835
vn -0.668766 -0.601885 -0.436447
vn -0.68135 -0.619051 -0.390562
vn -0.94955 -0.087476 -0.301168
vn -0.93538 -0.05812 -0.348835
vn -0.698597 -0.640675 -0.318588
vn -0.94955 -0.087476 -0.301168
vn -0.68135 -0.619051 -0.390562
vn -0.698597 -0.640675 -0.318588
vn -0.971539 -0.099466 -0.214983
vn -0.94955 -0.087476 -0.301168
vn -0.730654 -0.652278 -0.201688
vn -0.971539 -0.099466 -0.214983
vn -0.698597 -0.640675 -0.318588
vn -0.730654 -0.652278 -0.201688
vn -0.990165 -0.114698 -0.080114
vn -0.971539 -0.099466 -0.214983
vn -0.764482 -0.639986 -0.07737
vn -0.990165 -0.114698 -0.080114
vn -0.730654 -0.652278 -0.201688
vn -0.764482 -0.639986 -0.07737
vn -0.983789 -0.126396 0.127213
vn -0.990165 -0.114698 -0.080114
vn -0.789332 -0.607775 0.08697
vn -0.983789 -0.126396 0.127213
vn -0.764482 -0.639986 -0.07737
vn -0.789332 -0.607775 0.08697
vn -0.939204 -0.116298 0.323064
vn -0.983789 -0.126396 0.127213
vn -0.789756 -0.559308 0.251914
vn -0.939204 -0.116298 0.323064
vn -0.789332 -0.607775 0.08697
vn -0.789756 -0.559308 0.251914
vn -0.824758 -0.147335 0.545955
vn -0.939204 -0.116298 0.323064
vn -0.70885 -0.5399 0.453917
vn -0.824758 -0.147335 0.545955
vn -0.789756 -0.559308 0.251914
vn -0.70885 -0.5399 0.453917
vn -0.615973 -0.189624 0.764605
vn -0.824758 -0.147335 0.545955
vn -0.441531 -0.647664 0.620953
vn -0.615973 -0.189624 0.764605
vn -0.70885 -0.5399 0.453917
vn -0.441531 -0.647664 0.620953
vn -0.397065 -0.210278 0.893377
vn -0.615973 -0.189624 0.764605
vn -0.279405 -0.684734 0.673106
vn -0.397065 -0.210278 0.893377
vn -0.441531 -0.647664 0.620953
vn -0.279405 -0.684734 0.673106
vn -0.154254 -0.201441 0.967278
vn -0.397065 -0.210278 0.893377
vn -0.130652 -0.653236 0.745796
vn -0.154254 -0.201441 0.967278
vn -0.279405 -0.684734 0.673106
vn -0.130652 -0.653236 0.745796
vn 0.132288 -0.143614 0.980752
vn -0.154254 -0.201441 0.967278
vn 0.088608 -0.544866 0.833829
vn 0.132288 -0.143614 0.980752
vn -0.130652 -0.653236 0.745796
vn 0.088608 -0.544866 0.833829
vn 0.364466 -0.090522 0.926806
vn 0.132288 -0.143614 0.980752
vn 0.361106 -0.493649 0.791147
vn 0.364466 -0.090522 0.926806
vn 0.088608 -0.544866 0.833829
vn 0.361106 -0.493649 0.791147
vn 0.563212 -0.085192 0.821909
vn 0.364466 -0.090522 0.926806
vn 0.485969 -0.593413 0.641635
vn 0.563212 -0.085192 0.821909
vn 0.361106 -0.493649 0.791147
vn 0.485969 -0.593413 0.641635
vn 0.720095 -0.101535 0.686406
vn 0.563212 -0.085192 0.821909
vn 0.551711 -0.646284 0.527193
vn 0.720095 -0.101535 0.686406
vn 0.485969 -0.593413 0.641635
vn 0.551711 -0.646284 0.527193
vn 0.799575 -0.128688 0.586616
vn 0.720095 -0.101535 0.686406
vn 0.59289 -0.690769 0.413908
vn 0.799575 -0.128688 0.586616
vn 0.551711 -0.646284 0.527193
vn 0.59289 -0.690769 0.413908
vn 0.843556 -0.161481 0.512188
vn 0.799575 -0.128688 0.586616
vn 0.619159 -0.711007 0.333334
vn 0.843556 -0.161481 0.512188
vn 0.59289 -0.690769 0.413908
vn 0.619159 -0.711007 0.333334
vn 0.868219 -0.200305 0.453954
vn 0.843556 -0.161481 0.512188
vn 0.636239 -0.732098 0.243376
vn 0.868219 -0.200305 0.453954
vn 0.619159 -0.711007 0.333334
vn 0.868219 -0.200305 0.453954
vn 0.816341 0.324096 0.478067
vn 0.802239 0.305733 0.512776
vn 0.893226 -0.216273 0.394173
vn 0.816341 0.324096 0.478067
vn 0.868219 -0.200305 0.453954
vn 0.893226 -0.216273 0.394173
vn 0.859128 0.299933 0.414655
vn 0.816341 0.324096 0.478067
vn 0.918165 -0.216753 0.331649
vn 0.859128 0.299933 0.414655
vn 0.893226 -0.216273 0.394173
vn 0.918165 -0.216753 0.331649
vn 0.889453 0.31269 0.333315
vn 0.859128 0.299933 0.414655
vn 0.944572 -0.209118 0.253089
vn 0.889453 0.31269 0.333315
vn 0.918165 -0.216753 0.331649
vn 0.944572 -0.209118 0.253089
vn 0.919251 0.325099 0.222012
vn 0.889453 0.31269 0.333315
vn 0.972013 -0.182401 0.148054
vn 0.919251 0.325099 0.222012
vn 0.944572 -0.209118 0.253089
vn 0.972013 -0.182401 0.148054
vn 0.940636 0.33126 0.07396
vn 0.919251 0.325099 0.222012
vn 0.989033 -0.147656 0.003494
vn 0.940636 0.33126 0.07396
vn 0.972013 -0.182401 0.148054
vn 0.989033 -0.147656 0.003494
vn 0.936684 0.326073 -0.127668
vn 0.940636 0.33126 0.07396
vn 0.976798 -0.097312 -0.190778
vn 0.936684 0.326073 -0.127668
vn 0.989033 -0.147656 0.003494
vn 0.976798 -0.097312 -0.190778
vn 0.903511 0.316466 -0.288993
vn 0.936684 0.326073 -0.127668
vn 0.930272 -0.047187 -0.363824
vn 0.903511 0.316466 -0.288993
vn 0.976798 -0.097312 -0.190778
vn 0.930272 -0.047187 -0.363824
vn 0.811125 0.30148 -0.501185
vn 0.903511 0.316466 -0.288993
vn 0.817528 -0.042282 -0.574335
vn 0.811125 0.30148 -0.501185
vn 0.930272 -0.047187 -0.363824
vn 0.817528 -0.042282 -0.574335
vn 0.629116 0.355639 -0.691183
vn 0.811125 0.30148 -0.501185
vn 0.614089 -0.046283 -0.787878
vn 0.629116 0.355639 -0.691183
vn 0.817528 -0.042282 -0.574335
vn 0.614089 -0.046283 -0.787878
vn 0.415628 0.391133 -0.821139
vn 0.629116 0.355639 -0.691183
vn 0.389206 -0.048732 -0.919861
vn 0.415628 0.391133 -0.821139
vn 0.614089 -0.046283 -0.787878
vn 0.389206 -0.048732 -0.919861
vn 0.169091 0.375401 -0.911308
vn 0.415628 0.391133 -0.821139
vn 0.147549 -0.017773 -0.988895
vn 0.169091 0.375401 -0.911308
vn 0.389206 -0.048732 -0.919861
vn 0.147549 -0.017773 -0.988895
vn -0.135469 0.385654 -0.912644
vn 0.169091 0.375401 -0.911308
vn -0.129304 0.055915 -0.990027
vn -0.135469 0.385654 -0.912644
vn 0.147549 -0.017773 -0.988895
vn -0.129304 0.055915 -0.990027
vn -0.310446 0.458783 -0.832551
vn -0.135469 0.385654 -0.912644
vn -0.342531 0.119345 -0.931895
vn -0.310446 0.458783 -0.832551
vn -0.129304 0.055915 -0.990027
vn -0.342531 0.119345 -0.931895
vn -0.456104 0.502351 -0.734584
vn -0.310446 0.458783 -0.832551
vn -0.530047 0.10538 -0.841395
vn -0.456104 0.502351 -0.734584
vn -0.342531 0.119345 -0.931895
vn -0.530047 0.10538 -0.841395
vn -0.605637 0.519608 -0.60267
vn -0.456104 0.502351 -0.734584
vn -0.689126 0.064404 -0.721774
vn -0.605637 0.519608 -0.60267
vn -0.530047 0.10538 -0.841395
vn -0.689126 0.064404 -0.721774
vn -0.701514 0.519311 -0.488052
vn -0.605637 0.519608 -0.60267
vn -0.78547 0.03188 -0.618078
vn -0.701514 0.519311 -0.488052
vn -0.689126 0.064404 -0.721774
vn -0.78547 0.03188 -0.618078
vn -0.768609 0.507492 -0.389477
vn -0.701514 0.519311 -0.488052
vn -0.85097 0.000682 -0.525213
vn -0.768609 0.507492 -0.389477
vn -0.78547 0.03188 -0.618078
vn -0.85097 0.000682 -0.525213
vn -0.816049 0.487271 -0.310855
vn -0.768609 0.507492 -0.389477
vn -0.88949 -0.018014 -0.456599
vn -0.816049 0.487271 -0.310855
vn -0.85097 0.000682 -0.525213
vn -0.88949 -0.018014 -0.456599
vn -0.864377 0.422889 -0.272061
vn -0.816049 0.487271 -0.310855
vn -0.916203 -0.033065 -0.399348
vn -0.864377 0.422889 -0.272061
vn -0.88949 -0.018014 -0.456599
vn -0.916203 -0.033065 -0.399348
vn -0.871507 0.440047 -0.216411
vn -0.864377 0.422889 -0.272061
vn -0.93538 -0.05812 -0.348835
vn -0.871507 0.440047 -0.216411
vn -0.916203 -0.033065 -0.399348
vn -0.93538 -0.05812 -0.348835
vn -0.893446 0.403325 -0.197697
vn -0.871507 0.440047 -0.216411
vn -0.94955 -0.087476 -0.301168
vn -0.893446 0.403325 -0.197697
vn -0.93538 -0.05812 -0.348835
vn -0.94955 -0.087476 -0.301168
vn -0.910926 0.377909 -0.165524
vn -0.893446 0.403325 -0.197697
vn -0.971539 -0.099466 -0.214983
vn -0.910926 0.377909 -0.165524
vn -0.94955 -0.087476 -0.301168
vn -0.971539 -0.099466 -0.214983
vn -0.933881 0.352356 -0.060925
vn -0.910926 0.377909 -0.165524
vn -0.990165 -0.114698 -0.080114
vn -0.933881 0.352356 -0.060925
vn -0.971539 -0.099466 -0.214983
vn -0.990165 -0.114698 -0.080114
vn -0.943094 0.309339 0.121999
vn -0.933881 0.352356 -0.060925
vn -0.983789 -0.126396 0.127213
vn -0.943094 0.309339 0.121999
vn -0.990165 -0.114698 -0.080114
vn -0.983789 -0.126396 0.127213
vn -0.9033 0.265432 0.33704
vn -0.943094 0.309339 0.121999
vn -0.939204 -0.116298 0.323064
vn -0.9033 0.265432 0.33704
vn -0.983789 -0.126396 0.127213
vn -0.939204 -0.116298 0.323064
vn -0.809233 0.247134 0.532979
vn -0.9033 0.265432 0.33704
vn -0.824758 -0.147335 0.545955
vn -0.809233 0.247134 0.532979
vn -0.939204 -0.116298 0.323064
vn -0.824758 -0.147335 0.545955
vn -0.612944 0.236157 0.754009
vn -0.809233 0.247134 0.532979
vn -0.615973 -0.189624 0.764605
vn -0.612944 0.236157 0.754009
vn -0.824758 -0.147335 0.545955
vn -0.615973 -0.189624 0.764605
vn -0.40742 0.251142 0.87803
vn -0.612944 0.236157 0.754009
vn -0.397065 -0.210278 0.893377
vn -0.40742 0.251142 0.87803
vn -0.615973 -0.189624 0.764605
vn -0.397065 -0.210278 0.893377
vn -0.173457 0.224797 0.958842
vn -0.40742 0.251142 0.87803
vn -0.154254 -0.201441 0.967278
vn -0.173457 0.224797 0.958842
vn -0.397065 -0.210278 0.893377
vn -0.154254 -0.201441 0.967278
vn 0.089842 0.179124 0.979716
vn -0.173457 0.224797 0.958842
vn 0.132288 -0.143614 0.980752
vn 0.089842 0.179124 0.979716
vn -0.154254 -0.201441 0.967278
vn 0.132288 -0.143614 0.980752
vn 0.29934 0.26174 0.917544
vn 0.089842 0.179124 0.979716
vn 0.364466 -0.090522 0.926806
vn 0.29934 0.26174 0.917544
vn 0.132288 -0.143614 0.980752
vn 0.364466 -0.090522 0.926806
vn 0.451821 0.311593 0.835923
vn 0.29934 0.26174 0.917544
vn 0.563212 -0.085192 0.821909
vn 0.451821 0.311593 0.835923
vn 0.364466 -0.090522 0.926806
vn 0.563212 -0.085192 0.821909
vn 0.637889 0.351398 0.685286
vn 0.451821 0.311593 0.835923
vn 0.720095 -0.101535 0.686406
vn 0.637889 0.351398 0.685286
vn 0.563212 -0.085192 0.821909
vn 0.720095 -0.101535 0.686406
vn 0.725935 0.345881 0.594462
vn 0.637889 0.351398 0.685286
vn 0.799575 -0.128688 0.586616
vn 0.725935 0.345881 0.594462
vn 0.720095 -0.101535 0.686406
vn 0.799575 -0.128688 0.586616
vn 0.774743 0.332471 0.537807
vn 0.725935 0.345881 0.594462
vn 0.843556 -0.161481 0.512188
vn 0.774743 0.332471 0.537807
vn 0.799575 -0.128688 0.586616
vn 0.843556 -0.161481 0.512188
vn 0.802239 0.305733 0.512776
vn 0.774743 0.332471 0.537807
vn 0.868219 -0.200305 0.453954
vn 0.802239 0.305733 0.512776
vn 0.843556 -0.161481 0.512188
vn -0.871507 0.440047 -0.216411
vn -0.660943 0.742345 -0.109897
vn -0.864377 0.422889 -0.272061
vn -0.653997 0.753888 -0.062771
vn -0.660943 0.742345 -0.109897
vn -0.871507 0.440047 -0.216411
vn -0.653997 0.753888 -0.062771
vn -0.366212 0.929314 0.047595
vn -0.660943 0.742345 -0.109897
vn -0.353531 0.931585 0.084648
vn -0.366212 0.929314 0.047595
vn -0.653997 0.753888 -0.062771
vn -0.353531 0.931585 0.084648
vn -0.045932 0.980309 0.192056
vn -0.366212 0.929314 0.047595
vn -0.023741 0.973502 0.227444
vn -0.045932 0.980309 0.192056
vn -0.353531 0.931585 0.084648
vn -0.023741 0.973502 0.227444
vn 0.267561 0.90894 0.319748
vn -0.045932 0.980309 0.192056
vn 0.29986 0.883512 0.359848
vn 0.267561 0.90894 0.319748
vn -0.023741 0.973502 0.227444
vn 0.29986 0.883512 0.359848
vn 0.563166 0.708588 0.425143
vn 0.267561 0.90894 0.319748
vn 0.592258 0.655585 0.468442
vn 0.563166 0.708588 0.425143
vn 0.29986 0.883512 0.359848
vn 0.592258 0.655585 0.468442
vn 0.816341 0.324096 0.478067
vn 0.563166 0.708588 0.425143
vn 0.802239 0.305733 0.512776
vn 0.816341 0.324096 0.478067
vn 0.592258 0.655585 0.468442
vn -0.893446 0.403325 -0.197697
vn -0.653997 0.753888 -0.062771
vn -0.871507 0.440047 -0.216411
vn -0.686539 0.723831 -0.068799
vn -0.653997 0.753888 -0.062771
vn -0.893446 0.403325 -0.197697
vn -0.686539 0.723831 -0.068799
vn -0.353531 0.931585 0.084648
vn -0.653997 0.753888 -0.062771
vn -0.390842 0.917505 0.07367
vn -0.353531 0.931585 0.084648
vn -0.686539 0.723831 -0.068799
vn -0.390842 0.917505 0.07367
vn -0.023741 0.973502 0.227444
vn -0.353531 0.931585 0.084648
vn -0.057569 0.973496 0.22134
vn -0.023741 0.973502 0.227444
vn -0.390842 0.917505 0.07367
vn -0.057569 0.973496 0.22134
vn 0.29986 0.883512 0.359848
vn -0.023741 0.973502 0.227444
vn 0.275857 0.890428 0.361995
vn 0.29986 0.883512 0.359848
vn -0.057569 0.973496 0.22134
vn 0.275857 0.890428 0.361995
vn 0.592258 0.655585 0.468442
vn 0.29986 0.883512 0.359848
vn 0.569523 0.672734 0.472305
vn 0.592258 0.655585 0.468442
vn 0.275857 0.890428 0.361995
vn 0.569523 0.672734 0.472305
vn 0.802239 0.305733 0.512776
vn 0.592258 0.655585 0.468442
vn 0.774743 0.332471 0.537807
vn 0.802239 0.305733 0.512776
vn 0.569523 0.672734 0.472305
vn -0.910926 0.377909 -0.165524
vn -0.686539 0.723831 -0.068799
vn -0.893446 0.403325 -0.197697
vn -0.711261 0.701913 -0.03777
vn -0.686539 0.723831 -0.068799
vn -0.910926 0.377909 -0.165524
vn -0.711261 0.701913 -0.03777
vn -0.390842 0.917505 0.07367
vn -0.686539 0.723831 -0.068799
vn -0.42172 0.901007 0.101685
vn -0.390842 0.917505 0.07367
vn -0.711261 0.701913 -0.03777
vn -0.42172 0.901007 0.101685
vn -0.057569 0.973496 0.22134
vn -0.390842 0.917505 0.07367
vn -0.092084 0.963796 0.250235
vn -0.057569 0.973496 0.22134
vn -0.42172 0.901007 0.101685
vn -0.092084 0.963796 0.250235
vn 0.275857 0.890428 0.361995
vn -0.057569 0.973496 0.22134
vn 0.238747 0.888295 0.392342
vn 0.275857 0.890428 0.361995
vn -0.092084 0.963796 0.250235
vn 0.238747 0.888295 0.392342
vn 0.569523 0.672734 0.472305
vn 0.275857 0.890428 0.361995
vn 0.528987 0.678275 0.510015
vn 0.569523 0.672734 0.472305
vn 0.238747 0.888295 0.392342
vn 0.528987 0.678275 0.510015
vn 0.774743 0.332471 0.537807
vn 0.569523 0.672734 0.472305
vn 0.725935 0.345881 0.594462
vn 0.774743 0.332471 0.537807
vn 0.528987 0.678275 0.510015
vn -0.933881 0.352356 -0.060925
vn -0.711261 0.701913 -0.03777
vn -0.910926 0.377909 -0.165524
vn -0.736675 0.673135 0.064807
vn -0.711261 0.701913 -0.03777
vn -0.933881 0.352356 -0.060925
vn -0.736675 0.673135 0.064807
vn -0.42172 0.901007 0.101685
vn -0.711261 0.701913 -0.03777
vn -0.462138 0.864666 0.19693
vn -0.42172 0.901007 0.101685
vn -0.736675 0.673135 0.064807
vn -0.462138 0.864666 0.19693
vn -0.092084 0.963796 0.250235
vn -0.42172 0.901007 0.101685
vn -0.148894 0.928401 0.340445
vn -0.092084 0.963796 0.250235
vn -0.462138 0.864666 0.19693
vn -0.148894 0.928401 0.340445
vn 0.238747 0.888295 0.392342
vn -0.092084 0.963796 0.250235
vn 0.16681 0.864119 0.474839
vn 0.238747 0.888295 0.392342
vn -0.148894 0.928401 0.340445
vn 0.16681 0.864119 0.474839
vn 0.528987 0.678275 0.510015
vn 0.238747 0.888295 0.392342
vn 0.450519 0.671659 0.588139
vn 0.528987 0.678275 0.510015
vn 0.16681 0.864119 0.474839
vn 0.450519 0.671659 0.588139
vn 0.725935 0.345881 0.594462
vn 0.528987 0.678275 0.510015
vn 0.637889 0.351398 0.685286
vn 0.725935 0.345881 0.594462
vn 0.450519 0.671659 0.588139
vn -0.943094 0.309339 0.121999
vn -0.736675 0.673135 0.064807
vn -0.933881 0.352356 -0.060925
vn -0.745185 0.618575 0.249128
vn -0.736675 0.673135 0.064807
vn -0.943094 0.309339 0.121999
vn -0.745185 0.618575 0.249128
vn -0.462138 0.864666 0.19693
vn -0.736675 0.673135 0.064807
vn -0.50306 0.790986 0.348242
vn -0.462138 0.864666 0.19693
vn -0.745185 0.618575 0.249128
vn -0.50306 0.790986 0.348242
vn -0.148894 0.928401 0.340445
vn -0.462138 0.864666 0.19693
vn -0.215406 0.85178 0.477569
vn -0.148894 0.928401 0.340445
vn -0.50306 0.790986 0.348242
vn -0.215406 0.85178 0.477569
vn 0.16681 0.864119 0.474839
vn -0.148894 0.928401 0.340445
vn 0.058865 0.802188 0.594162
vn 0.16681 0.864119 0.474839
vn -0.215406 0.85178 0.477569
vn 0.058865 0.802188 0.594162
vn 0.450519 0.671659 0.588139
vn 0.16681 0.864119 0.474839
vn 0.317099 0.621942 0.715986
vn 0.450519 0.671659 0.588139
vn 0.058865 0.802188 0.594162
vn 0.317099 0.621942 0.715986
vn 0.637889 0.351398 0.685286
vn 0.450519 0.671659 0.588139
vn 0.451821 0.311593 0.835923
vn 0.637889 0.351398 0.685286
vn 0.317099 0.621942 0.715986
vn -0.9033 0.265432 0.33704
vn -0.745185 0.618575 0.249128
vn -0.943094 0.309339 0.121999
vn -0.749506 0.537802 0.386017
vn -0.745185 0.618575 0.249128
vn -0.9033 0.265432 0.33704
vn -0.749506 0.537802 0.386017
vn -0.50306 0.790986 0.348242
vn -0.745185 0.618575 0.249128
vn -0.519358 0.688292 0.50648
vn -0.50306 0.790986 0.348242
vn -0.749506 0.537802 0.386017
vn -0.519358 0.688292 0.50648
vn -0.215406 0.85178 0.477569
vn -0.50306 0.790986 0.348242
vn -0.28293 0.722073 0.631317
vn -0.215406 0.85178 0.477569
vn -0.519358 0.688292 0.50648
vn -0.28293 0.722073 0.631317
vn 0.058865 0.802188 0.594162
vn -0.215406 0.85178 0.477569
vn -0.054263 0.673561 0.737137
vn 0.058865 0.802188 0.594162
vn -0.28293 0.722073 0.631317
vn -0.054263 0.673561 0.737137
vn 0.317099 0.621942 0.715986
vn 0.058865 0.802188 0.594162
vn 0.170866 0.548213 0.818699
vn 0.317099 0.621942 0.715986
vn -0.054263 0.673561 0.737137
vn 0.170866 0.548213 0.818699
vn 0.451821 0.311593 0.835923
vn 0.317099 0.621942 0.715986
vn 0.29934 0.26174 0.917544
vn 0.451821 0.311593 0.835923
vn 0.170866 0.548213 0.818699
vn -0.809233 0.247134 0.532979
vn -0.749506 0.537802 0.386017
vn -0.9033 0.265432 0.33704
vn -0.695545 0.484828 0.530245
vn -0.749506 0.537802 0.386017
vn -0.809233 0.247134 0.532979
vn -0.695545 0.484828 0.530245
vn -0.519358 0.688292 0.50648
vn -0.749506 0.537802 0.386017
vn -0.526944 0.516971 0.674589
vn -0.519358 0.688292 0.50648
vn -0.695545 0.484828 0.530245
vn -0.526944 0.516971 0.674589
vn -0.28293 0.722073 0.631317
vn -0.519358 0.688292 0.50648
vn -0.3478 0.554434 0.756068
vn -0.28293 0.722073 0.631317
vn -0.526944 0.516971 0.674589
vn -0.3478 0.554434 0.756068
vn -0.054263 0.673561 0.737137
vn -0.28293 0.722073 0.631317
vn -0.145534 0.545771 0.825199
vn -0.054263 0.673561 0.737137
vn -0.3478 0.554434 0.756068
vn -0.145534 0.545771 0.825199
vn 0.170866 0.548213 0.818699
vn -0.054263 0.673561 0.737137
vn 0.064383 0.467122 0.881846
vn 0.170866 0.548213 0.818699
vn -0.145534 0.545771 0.825199
vn 0.064383 0.467122 0.881846
vn 0.29934 0.26174 0.917544
vn 0.170866 0.548213 0.818699
vn 0.089842 0.179124 0.979716
vn 0.29934 0.26174 0.917544
vn 0.064383 0.467122 0.881846
vn -0.809233 0.247134 0.532979
vn -0.526944 0.516971 0.674589
vn -0.695545 0.484828 0.530245
vn -0.612944 0.236157 0.754009
vn -0.526944 0.516971 0.674589
vn -0.809233 0.247134 0.532979
vn -0.612944 0.236157 0.754009
vn -0.3478 0.554434 0.756068
vn -0.526944 0.516971 0.674589
vn -0.40742 0.251142 0.87803
vn -0.3478 0.554434 0.756068
vn -0.612944 0.236157 0.754009
vn -0.40742 0.251142 0.87803
vn -0.145534 0.545771 0.825199
vn -0.3478 0.554434 0.756068
vn -0.173457 0.224797 0.958842
vn -0.145534 0.545771 0.825199
vn -0.40742 0.251142 0.87803
vn -0.173457 0.224797 0.958842
vn 0.064383 0.467122 0.881846
vn -0.145534 0.545771 0.825199
vn 0.089842 0.179124 0.979716
vn 0.064383 0.467122 0.881846
vn -0.173457 0.224797 0.958842
vn -0.660943 0.742345 -0.109897
vn -0.816049 0.487271 -0.310855
vn -0.864377 0.422889 -0.272061
vn -0.575273 0.806654 -0.135538
vn -0.816049 0.487271 -0.310855
vn -0.660943 0.742345 -0.109897
vn -0.575273 0.806654 -0.135538
vn -0.768609 0.507492 -0.389477
vn -0.816049 0.487271 -0.310855
vn -0.52478 0.823613 -0.215101
vn -0.768609 0.507492 -0.389477
vn -0.575273 0.806654 -0.135538
vn -0.52478 0.823613 -0.215101
vn -0.701514 0.519311 -0.488052
vn -0.768609 0.507492 -0.389477
vn -0.467377 0.829111 -0.306812
vn -0.701514 0.519311 -0.488052
vn -0.52478 0.823613 -0.215101
vn -0.467377 0.829111 -0.306812
vn -0.605637 0.519608 -0.60267
vn -0.701514 0.519311 -0.488052
vn -0.385801 0.820306 -0.422203
vn -0.605637 0.519608 -0.60267
vn -0.467377 0.829111 -0.306812
vn -0.385801 0.820306 -0.422203
vn -0.456104 0.502351 -0.734584
vn -0.605637 0.519608 -0.60267
vn -0.271934 0.783789 -0.558325
vn -0.456104 0.502351 -0.734584
vn -0.385801 0.820306 -0.422203
vn -0.271934 0.783789 -0.558325
vn -0.310446 0.458783 -0.832551
vn -0.456104 0.502351 -0.734584
vn -0.182616 0.724441 -0.664708
vn -0.310446 0.458783 -0.832551
vn -0.271934 0.783789 -0.558325
vn -0.182616 0.724441 -0.664708
vn -0.135469 0.385654 -0.912644
vn -0.310446 0.458783 -0.832551
vn -0.046682 0.667714 -0.742952
vn -0.135469 0.385654 -0.912644
vn -0.182616 0.724441 -0.664708
vn -0.046682 0.667714 -0.742952
vn 0.169091 0.375401 -0.911308
vn -0.135469 0.385654 -0.912644
vn 0.186427 0.726604 -0.66128
vn 0.169091 0.375401 -0.911308
vn -0.046682 0.667714 -0.742952
vn 0.186427 0.726604 -0.66128
vn 0.415628 0.391133 -0.821139
vn 0.169091 0.375401 -0.911308
vn 0.380874 0.722349 -0.577189
vn 0.415628 0.391133 -0.821139
vn 0.186427 0.726604 -0.66128
vn 0.380874 0.722349 -0.577189
vn 0.629116 0.355639 -0.691183
vn 0.415628 0.391133 -0.821139
vn 0.570887 0.659274 -0.489332
vn 0.629116 0.355639 -0.691183
vn 0.380874 0.722349 -0.577189
vn 0.570887 0.659274 -0.489332
vn 0.811125 0.30148 -0.501185
vn 0.629116 0.355639 -0.691183
vn 0.736606 0.553806 -0.388214
vn 0.811125 0.30148 -0.501185
vn 0.570887 0.659274 -0.489332
vn 0.736606 0.553806 -0.388214
vn 0.903511 0.316466 -0.288993
vn 0.811125 0.30148 -0.501185
vn 0.730622 0.629745 -0.263844
vn 0.903511 0.316466 -0.288993
vn 0.736606 0.553806 -0.388214
vn 0.730622 0.629745 -0.263844
vn 0.936684 0.326073 -0.127668
vn 0.903511 0.316466 -0.288993
vn 0.741859 0.66026 -0.11706
vn 0.936684 0.326073 -0.127668
vn 0.730622 0.629745 -0.263844
vn 0.741859 0.66026 -0.11706
vn 0.940636 0.33126 0.07396
vn 0.936684 0.326073 -0.127668
vn 0.71973 0.69107 0.066413
vn 0.940636 0.33126 0.07396
vn 0.741859 0.66026 -0.11706
vn 0.71973 0.69107 0.066413
vn 0.919251 0.325099 0.222012
vn 0.940636 0.33126 0.07396
vn 0.692179 0.693318 0.200494
vn 0.919251 0.325099 0.222012
vn 0.71973 0.69107 0.066413
vn 0.692179 0.693318 0.200494
vn 0.889453 0.31269 0.333315
vn 0.919251 0.325099 0.222012
vn 0.661047 0.685422 0.305309
vn 0.889453 0.31269 0.333315
vn 0.692179 0.693318 0.200494
vn 0.661047 0.685422 0.305309
vn 0.859128 0.299933 0.414655
vn 0.889453 0.31269 0.333315
vn 0.634261 0.670838 0.384304
vn 0.859128 0.299933 0.414655
vn 0.661047 0.685422 0.305309
vn 0.634261 0.670838 0.384304
vn 0.816341 0.324096 0.478067
vn 0.859128 0.299933 0.414655
vn 0.563166 0.708588 0.425143
vn 0.816341 0.324096 0.478067
vn 0.634261 0.670838 0.384304
vn -0.366212 0.929314 0.047595
vn -0.575273 0.806654 -0.135538
vn -0.660943 0.742345 -0.109897
vn -0.273979 0.961371 0.02647
vn -0.575273 0.806654 -0.135538
vn -0.366212 0.929314 0.047595
vn -0.273979 0.961371 0.02647
vn -0.52478 0.823613 -0.215101
vn -0.575273 0.806654 -0.135538
vn -0.226061 0.972884 -0.048923
vn -0.52478 0.823613 -0.215101
vn -0.273979 0.961371 0.02647
vn -0.226061 0.972884 -0.048923
vn -0.467377 0.829111 -0.306812
vn -0.52478 0.823613 -0.215101
vn -0.177559 0.974813 -0.134953
vn -0.467377 0.829111 -0.306812
vn -0.226061 0.972884 -0.048923
vn -0.177559 0.974813 -0.134953
vn -0.385801 0.820306 -0.422203
vn -0.467377 0.829111 -0.306812
vn -0.1109 0.962902 -0.246011
vn -0.385801 0.820306 -0.422203
vn -0.177559 0.974813 -0.134953
vn -0.1109 0.962902 -0.246011
vn -0.271934 0.783789 -0.558325
vn -0.385801 0.820306 -0.422203
vn -0.02173 0.921701 -0.387293
vn -0.271934 0.783789 -0.558325
vn -0.1109 0.962902 -0.246011
vn -0.02173 0.921701 -0.387293
vn -0.182616 0.724441 -0.664708
vn -0.271934 0.783789 -0.558325
vn 0.057074 0.860808 -0.505719
vn -0.182616 0.724441 -0.664708
vn -0.02173 0.921701 -0.387293
vn 0.057074 0.860808 -0.505719
vn -0.046682 0.667714 -0.742952
vn -0.182616 0.724441 -0.664708
vn 0.186427 0.726604 -0.66128
vn -0.046682 0.667714 -0.742952
vn 0.057074 0.860808 -0.505719
vn -0.045932 0.980309 0.192056
vn -0.273979 0.961371 0.02647
vn -0.366212 0.929314 0.047595
vn 0.039554 0.984647 0.170016
vn -0.273979 0.961371 0.02647
vn -0.045932 0.980309 0.192056
vn 0.039554 0.984647 0.170016
vn -0.226061 0.972884 -0.048923
vn -0.273979 0.961371 0.02647
vn 0.074742 0.99273 0.09434
vn -0.226061 0.972884 -0.048923
vn 0.039554 0.984647 0.170016
vn 0.074742 0.99273 0.09434
vn -0.177559 0.974813 -0.134953
vn -0.226061 0.972884 -0.048923
vn 0.115207 0.993329 0.004989
vn -0.177559 0.974813 -0.134953
vn 0.074742 0.99273 0.09434
vn 0.115207 0.993329 0.004989
vn -0.1109 0.962902 -0.246011
vn -0.177559 0.974813 -0.134953
vn 0.16823 0.979621 -0.109736
vn -0.1109 0.962902 -0.246011
vn 0.115207 0.993329 0.004989
vn 0.16823 0.979621 -0.109736
vn -0.02173 0.921701 -0.387293
vn -0.1109 0.962902 -0.246011
vn 0.226471 0.939654 -0.25644
vn -0.02173 0.921701 -0.387293
vn 0.16823 0.979621 -0.109736
vn 0.226471 0.939654 -0.25644
vn 0.057074 0.860808 -0.505719
vn -0.02173 0.921701 -0.387293
vn 0.283876 0.867187 -0.409147
vn 0.057074 0.860808 -0.505719
vn 0.226471 0.939654 -0.25644
vn 0.283876 0.867187 -0.409147
vn 0.186427 0.726604 -0.66128
vn 0.057074 0.860808 -0.505719
vn 0.380874 0.722349 -0.577189
vn 0.186427 0.726604 -0.66128
vn 0.283876 0.867187 -0.409147
vn 0.267561 0.90894 0.319748
vn 0.039554 0.984647 0.170016
vn -0.045932 0.980309 0.192056
vn 0.343914 0.892061 0.293172
vn 0.039554 0.984647 0.170016
vn 0.267561 0.90894 0.319748
vn 0.343914 0.892061 0.293172
vn 0.074742 0.99273 0.09434
vn 0.039554 0.984647 0.170016
vn 0.374878 0.901665 0.215562
vn 0.074742 0.99273 0.09434
vn 0.343914 0.892061 0.293172
vn 0.374878 0.901665 0.215562
vn 0.115207 0.993329 0.004989
vn 0.074742 0.99273 0.09434
vn 0.407541 0.905356 0.119335
vn 0.115207 0.993329 0.004989
vn 0.374878 0.901665 0.215562
vn 0.407541 0.905356 0.119335
vn 0.16823 0.979621 -0.109736
vn 0.115207 0.993329 0.004989
vn 0.441565 0.897221 -0.003786
vn 0.16823 0.979621 -0.109736
vn 0.407541 0.905356 0.119335
vn 0.441565 0.897221 -0.003786
vn 0.226471 0.939654 -0.25644
vn 0.16823 0.979621 -0.109736
vn 0.47659 0.863811 -0.163378
vn 0.226471 0.939654 -0.25644
vn 0.441565 0.897221 -0.003786
vn 0.47659 0.863811 -0.163378
vn 0.283876 0.867187 -0.409147
vn 0.226471 0.939654 -0.25644
vn 0.508238 0.796277 -0.328081
vn 0.283876 0.867187 -0.409147
vn 0.47659 0.863811 -0.163378
vn 0.508238 0.796277 -0.328081
vn 0.380874 0.722349 -0.577189
vn 0.283876 0.867187 -0.409147
vn 0.570887 0.659274 -0.489332
vn 0.380874 0.722349 -0.577189
vn 0.508238 0.796277 -0.328081
vn 0.563166 0.708588 0.425143
vn 0.343914 0.892061 0.293172
vn 0.267561 0.90894 0.319748
vn 0.634261 0.670838 0.384304
vn 0.343914 0.892061 0.293172
vn 0.563166 0.708588 0.425143
vn 0.634261 0.670838 0.384304
vn 0.374878 0.901665 0.215562
vn 0.343914 0.892061 0.293172
vn 0.661047 0.685422 0.305309
vn 0.374878 0.901665 0.215562
vn 0.634261 0.670838 0.384304
vn 0.661047 0.685422 0.305309
vn 0.407541 0.905356 0.119335
vn 0.374878 0.901665 0.215562
vn 0.692179 0.693318 0.200494
vn 0.407541 0.905356 0.119335
vn 0.661047 0.685422 0.305309
vn 0.692179 0.693318 0.200494
vn 0.441565 0.897221 -0.003786
vn 0.407541 0.905356 0.119335
vn 0.71973 0.69107 0.066413
vn 0.441565 0.897221 -0.003786
vn 0.692179 0.693318 0.200494
vn 0.71973 0.69107 0.066413
vn 0.47659 0.863811 -0.163378
vn 0.441565 0.897221 -0.003786
vn 0.741859 0.66026 -0.11706
vn 0.47659 0.863811 -0.163378
vn 0.71973 0.69107 0.066413
vn 0.741859 0.66026 -0.11706
vn 0.508238 0.796277 -0.328081
vn 0.47659 0.863811 -0.163378
vn 0.730622 0.629745 -0.263844
vn 0.508238 0.796277 -0.328081
vn 0.741859 0.66026 -0.11706
vn 0.730622 0.629745 -0.263844
vn 0.570887 0.659274 -0.489332
vn 0.508238 0.796277 -0.328081
vn 0.736606 0.553806 -0.388214
vn 0.570887 0.659274 -0.489332
vn 0.730622 0.629745 -0.263844
vn -0.210964 -0.97107 -0.111879
vn -0.662623 -0.725814 0.184728
vn -0.673001 -0.7309 0.113384
vn -0.217291 -0.974645 -0.053409
vn -0.662623 -0.725814 0.184728
vn -0.210964 -0.97107 -0.111879
vn -0.217291 -0.974645 -0.053409
vn -0.663865 -0.696416 0.272558
vn -0.662623 -0.725814 0.184728
vn -0.206854 -0.977867 0.03143
vn -0.663865 -0.696416 0.272558
vn -0.217291 -0.974645 -0.053409
vn -0.206854 -0.977867 0.03143
vn -0.622518 -0.691083 0.367254
vn -0.663865 -0.696416 0.272558
vn -0.182395 -0.977933 0.101878
vn -0.622518 -0.691083 0.367254
vn -0.206854 -0.977867 0.03143
vn -0.182395 -0.977933 0.101878
vn -0.580074 -0.66613 0.468813
vn -0.622518 -0.691083 0.367254
vn -0.204847 -0.965574 0.160327
vn -0.580074 -0.66613 0.468813
vn -0.182395 -0.977933 0.101878
vn -0.204847 -0.965574 0.160327
vn -0.511233 -0.610254 0.60517
vn -0.580074 -0.66613 0.468813
vn -0.207487 -0.951086 0.228876
vn -0.511233 -0.610254 0.60517
vn -0.204847 -0.965574 0.160327
vn -0.207487 -0.951086 0.228876
vn -0.398305 -0.56391 0.723435
vn -0.511233 -0.610254 0.60517
vn -0.199102 -0.928332 0.313939
vn -0.398305 -0.56391 0.723435
vn -0.207487 -0.951086 0.228876
vn -0.199102 -0.928332 0.313939
vn -0.199532 -0.557685 0.805714
vn -0.398305 -0.56391 0.723435
vn -0.076652 -0.922979 0.37714
vn -0.199532 -0.557685 0.805714
vn -0.199102 -0.928332 0.313939
vn -0.076652 -0.922979 0.37714
vn 0.098302 -0.670086 0.735745
vn -0.199532 -0.557685 0.805714
vn 0.056647 -0.974303 0.218001
vn 0.098302 -0.670086 0.735745
vn -0.076652 -0.922979 0.37714
vn 0.056647 -0.974303 0.218001
vn 0.246915 -0.711968 0.657369
vn 0.098302 -0.670086 0.735745
vn 0.078146 -0.976303 0.201805
vn 0.246915 -0.711968 0.657369
vn 0.056647 -0.974303 0.218001
vn 0.078146 -0.976303 0.201805
vn 0.400084 -0.689972 0.603217
vn 0.246915 -0.711968 0.657369
vn 0.126454 -0.966087 0.225136
vn 0.400084 -0.689972 0.603217
vn 0.078146 -0.976303 0.201805
vn 0.126454 -0.966087 0.225136
vn 0.617652 -0.596494 0.512543
vn 0.400084 -0.689972 0.603217
vn 0.393718 -0.875136 0.281288
vn 0.617652 -0.596494 0.512543
vn 0.126454 -0.966087 0.225136
vn 0.393718 -0.875136 0.281288
vn 0.776176 -0.549741 0.308765
vn 0.617652 -0.596494 0.512543
vn 0.300659 -0.950038 0.083863
vn 0.776176 -0.549741 0.308765
vn 0.393718 -0.875136 0.281288
vn 0.300659 -0.950038 0.083863
vn 0.781903 -0.610048 0.12833
vn 0.776176 -0.549741 0.308765
vn 0.272453 -0.961868 0.024068
vn 0.781903 -0.610048 0.12833
vn 0.300659 -0.950038 0.083863
vn 0.272453 -0.961868 0.024068
vn 0.768882 -0.638893 -0.02521
vn 0.781903 -0.610048 0.12833
vn 0.271383 -0.962243 -0.020976
vn 0.768882 -0.638893 -0.02521
vn 0.272453 -0.961868 0.024068
vn 0.271383 -0.962243 -0.020976
vn 0.762026 -0.632607 -0.138291
vn 0.768882 -0.638893 -0.02521
vn 0.265533 -0.959294 -0.096167
vn 0.762026 -0.632607 -0.138291
vn 0.271383 -0.962243 -0.020976
vn 0.265533 -0.959294 -0.096167
vn 0.729304 -0.637033 -0.249609
vn 0.762026 -0.632607 -0.138291
vn 0.22383 -0.952808 -0.205077
vn 0.729304 -0.637033 -0.249609
vn 0.265533 -0.959294 -0.096167
vn 0.22383 -0.952808 -0.205077
vn 0.708664 -0.627283 -0.322973
vn 0.729304 -0.637033 -0.249609
vn 0.219802 -0.938679 -0.265647
vn 0.708664 -0.627283 -0.322973
vn 0.22383 -0.952808 -0.205077
vn 0.219802 -0.938679 -0.265647
vn 0.688751 -0.621658 -0.373045
vn 0.708664 -0.627283 -0.322973
vn 0.219741 -0.930881 -0.291847
vn 0.688751 -0.621658 -0.373045
vn 0.219802 -0.938679 -0.265647
vn 0.219741 -0.930881 -0.291847
vn 0.673513 -0.614016 -0.411539
vn 0.688751 -0.621658 -0.373045
vn 0.227212 -0.926405 -0.300247
vn 0.673513 -0.614016 -0.411539
vn 0.219741 -0.930881 -0.291847
vn 0.227212 -0.926405 -0.300247
vn 0.658766 -0.598745 -0.455556
vn 0.673513 -0.614016 -0.411539
vn 0.230048 -0.924367 -0.304342
vn 0.658766 -0.598745 -0.455556
vn 0.227212 -0.926405 -0.300247
vn 0.230048 -0.924367 -0.304342
vn 0.634335 -0.569789 -0.522455
vn 0.658766 -0.598745 -0.455556
vn 0.22623 -0.918559 -0.324143
vn 0.634335 -0.569789 -0.522455
vn 0.230048 -0.924367 -0.304342
vn 0.22623 -0.918559 -0.324143
vn 0.582702 -0.531479 -0.614808
vn 0.634335 -0.569789 -0.522455
vn 0.218963 -0.906653 -0.360606
vn 0.582702 -0.531479 -0.614808
vn 0.22623 -0.918559 -0.324143
vn 0.218963 -0.906653 -0.360606
vn 0.494009 -0.475613 -0.727837
vn 0.582702 -0.531479 -0.614808
vn 0.212653 -0.883201 -0.418014
vn 0.494009 -0.475613 -0.727837
vn 0.218963 -0.906653 -0.360606
vn 0.212653 -0.883201 -0.418014
vn 0.378477 -0.401974 -0.83377
vn 0.494009 -0.475613 -0.727837
vn 0.223584 -0.831531 -0.508494
vn 0.378477 -0.401974 -0.83377
vn 0.212653 -0.883201 -0.418014
vn 0.223584 -0.831531 -0.508494
vn 0.2083 -0.340345 -0.916939
vn 0.378477 -0.401974 -0.83377
vn 0.103465 -0.796158 -0.596177
vn 0.2083 -0.340345 -0.916939
vn 0.223584 -0.831531 -0.508494
vn 0.103465 -0.796158 -0.596177
vn -0.09387 -0.471737 -0.876728
vn 0.2083 -0.340345 -0.916939
vn -0.048871 -0.896071 -0.441212
vn -0.09387 -0.471737 -0.876728
vn 0.103465 -0.796158 -0.596177
vn -0.048871 -0.896071 -0.441212
vn -0.243778 -0.530114 -0.812128
vn -0.09387 -0.471737 -0.876728
vn -0.073925 -0.900751 -0.427999
vn -0.243778 -0.530114 -0.812128
vn -0.048871 -0.896071 -0.441212
vn -0.073925 -0.900751 -0.427999
vn -0.406737 -0.515953 -0.753895
vn -0.243778 -0.530114 -0.812128
vn -0.123082 -0.883178 -0.452601
vn -0.406737 -0.515953 -0.753895
vn -0.073925 -0.900751 -0.427999
vn -0.123082 -0.883178 -0.452601
vn -0.613753 -0.434219 -0.659364
vn -0.406737 -0.515953 -0.753895
vn -0.400196 -0.773654 -0.491226
vn -0.613753 -0.434219 -0.659364
vn -0.123082 -0.883178 -0.452601
vn -0.400196 -0.773654 -0.491226
vn -0.770604 -0.456959 -0.444249
vn -0.613753 -0.434219 -0.659364
vn -0.290901 -0.913331 -0.284962
vn -0.770604 -0.456959 -0.444249
vn -0.400196 -0.773654 -0.491226
vn -0.290901 -0.913331 -0.284962
vn -0.764157 -0.578308 -0.2857
vn -0.770604 -0.456959 -0.444249
vn -0.247255 -0.942018 -0.226863
vn -0.764157 -0.578308 -0.2857
vn -0.290901 -0.913331 -0.284962
vn -0.247255 -0.942018 -0.226863
vn -0.740147 -0.65556 -0.149744
vn -0.764157 -0.578308 -0.2857
vn -0.228383 -0.954812 -0.190201
vn -0.740147 -0.65556 -0.149744
vn -0.247255 -0.942018 -0.226863
vn -0.228383 -0.954812 -0.190201
vn -0.71416 -0.697772 -0.055595
vn -0.740147 -0.65556 -0.149744
vn -0.217466 -0.962297 -0.163381
vn -0.71416 -0.697772 -0.055595
vn -0.228383 -0.954812 -0.190201
vn -0.217466 -0.962297 -0.163381
vn -0.693156 -0.720642 0.014492
vn -0.71416 -0.697772 -0.055595
vn -0.208422 -0.967142 -0.145593
vn -0.693156 -0.720642 0.014492
vn -0.217466 -0.962297 -0.163381
vn -0.208422 -0.967142 -0.145593
vn -0.681171 -0.729507 0.061861
vn -0.693156 -0.720642 0.014492
vn -0.206885 -0.968713 -0.13709
vn -0.681171 -0.729507 0.061861
vn -0.208422 -0.967142 -0.145593
vn -0.206885 -0.968713 -0.13709
vn -0.673001 -0.7309 0.113384
vn -0.681171 -0.729507 0.061861
vn -0.210964 -0.97107 -0.111879
vn -0.673001 -0.7309 0.113384
vn -0.206885 -0.968713 -0.13709
vn -0.673001 -0.7309 0.113384
vn -0.90806 -0.190926 0.372792
vn -0.927366 -0.201076 0.315532
vn -0.662623 -0.725814 0.184728
vn -0.90806 -0.190926 0.372792
vn -0.673001 -0.7309 0.113384
vn -0.662623 -0.725814 0.184728
vn -0.886767 -0.166702 0.431109
vn -0.90806 -0.190926 0.372792
vn -0.663865 -0.696416 0.272558
vn -0.886767 -0.166702 0.431109
vn -0.662623 -0.725814 0.184728
vn -0.663865 -0.696416 0.272558
vn -0.84764 -0.141529 0.511347
vn -0.886767 -0.166702 0.431109
vn -0.622518 -0.691083 0.367254
vn -0.84764 -0.141529 0.511347
vn -0.663865 -0.696416 0.272558
vn -0.622518 -0.691083 0.367254
vn -0.773952 -0.124145 0.620956
vn -0.84764 -0.141529 0.511347
vn -0.580074 -0.66613 0.468813
vn -0.773952 -0.124145 0.620956
vn -0.622518 -0.691083 0.367254
vn -0.580074 -0.66613 0.468813
vn -0.623001 -0.121172 0.772779
vn -0.773952 -0.124145 0.620956
vn -0.511233 -0.610254 0.60517
vn -0.623001 -0.121172 0.772779
vn -0.580074 -0.66613 0.468813
vn -0.511233 -0.610254 0.60517
vn -0.457603 -0.103882 0.883067
vn -0.623001 -0.121172 0.772779
vn -0.398305 -0.56391 0.723435
vn -0.457603 -0.103882 0.883067
vn -0.511233 -0.610254 0.60517
vn -0.398305 -0.56391 0.723435
vn -0.219953 -0.144369 0.964769
vn -0.457603 -0.103882 0.883067
vn -0.199532 -0.557685 0.805714
vn -0.219953 -0.144369 0.964769
vn -0.398305 -0.56391 0.723435
vn -0.199532 -0.557685 0.805714
vn 0.078791 -0.192682 0.978093
vn -0.219953 -0.144369 0.964769
vn 0.098302 -0.670086 0.735745
vn 0.078791 -0.192682 0.978093
vn -0.199532 -0.557685 0.805714
vn 0.098302 -0.670086 0.735745
vn 0.325022 -0.21952 0.919876
vn 0.078791 -0.192682 0.978093
vn 0.246915 -0.711968 0.657369
vn 0.325022 -0.21952 0.919876
vn 0.098302 -0.670086 0.735745
vn 0.246915 -0.711968 0.657369
vn 0.548442 -0.21523 0.808015
vn 0.325022 -0.21952 0.919876
vn 0.400084 -0.689972 0.603217
vn 0.548442 -0.21523 0.808015
vn 0.246915 -0.711968 0.657369
vn 0.400084 -0.689972 0.603217
vn 0.769418 -0.162981 0.617603
vn 0.548442 -0.21523 0.808015
vn 0.617652 -0.596494 0.512543
vn 0.769418 -0.162981 0.617603
vn 0.400084 -0.689972 0.603217
vn 0.617652 -0.596494 0.512543
vn 0.903568 -0.111338 0.413725
vn 0.769418 -0.162981 0.617603
vn 0.776176 -0.549741 0.308765
vn 0.903568 -0.111338 0.413725
vn 0.617652 -0.596494 0.512543
vn 0.776176 -0.549741 0.308765
vn 0.973793 -0.102355 0.203101
vn 0.903568 -0.111338 0.413725
vn 0.781903 -0.610048 0.12833
vn 0.973793 -0.102355 0.203101
vn 0.776176 -0.549741 0.308765
vn 0.781903 -0.610048 0.12833
vn 0.995502 -0.094607 0.004996
vn 0.973793 -0.102355 0.203101
vn 0.768882 -0.638893 -0.02521
vn 0.995502 -0.094607 0.004996
vn 0.781903 -0.610048 0.12833
vn 0.768882 -0.638893 -0.02521
vn 0.987718 -0.093555 -0.12514
vn 0.995502 -0.094607 0.004996
vn 0.762026 -0.632607 -0.138291
vn 0.987718 -0.093555 -0.12514
vn 0.768882 -0.638893 -0.02521
vn 0.762026 -0.632607 -0.138291
vn 0.973532 -0.091802 -0.209304
vn 0.987718 -0.093555 -0.12514
vn 0.729304 -0.637033 -0.249609
vn 0.973532 -0.091802 -0.209304
vn 0.762026 -0.632607 -0.138291
vn 0.729304 -0.637033 -0.249609
vn 0.961982 -0.070235 -0.263928
vn 0.973532 -0.091802 -0.209304
vn 0.708664 -0.627283 -0.322973
vn 0.961982 -0.070235 -0.263928
vn 0.729304 -0.637033 -0.249609
vn 0.708664 -0.627283 -0.322973
vn 0.946721 -0.051079 -0.317978
vn 0.961982 -0.070235 -0.263928
vn 0.688751 -0.621658 -0.373045
vn 0.946721 -0.051079 -0.317978
vn 0.708664 -0.627283 -0.322973
vn 0.688751 -0.621658 -0.373045
vn 0.92405 -0.039347 -0.380241
vn 0.946721 -0.051079 -0.317978
vn 0.673513 -0.614016 -0.411539
vn 0.92405 -0.039347 -0.380241
vn 0.688751 -0.621658 -0.373045
vn 0.673513 -0.614016 -0.411539
vn 0.890005 -0.02618 -0.455199
vn 0.92405 -0.039347 -0.380241
vn 0.658766 -0.598745 -0.455556
vn 0.890005 -0.02618 -0.455199
vn 0.673513 -0.614016 -0.411539
vn 0.658766 -0.598745 -0.455556
vn 0.834367 -0.002248 -0.551205
vn 0.890005 -0.02618 -0.455199
vn 0.634335 -0.569789 -0.522455
vn 0.834367 -0.002248 -0.551205
vn 0.658766 -0.598745 -0.455556
vn 0.634335 -0.569789 -0.522455
vn 0.745933 0.02952 -0.665367
vn 0.834367 -0.002248 -0.551205
vn 0.582702 -0.531479 -0.614808
vn 0.745933 0.02952 -0.665367
vn 0.634335 -0.569789 -0.522455
vn 0.582702 -0.531479 -0.614808
vn 0.599281 0.057559 -0.798466
vn 0.745933 0.02952 -0.665367
vn 0.494009 -0.475613 -0.727837
vn 0.599281 0.057559 -0.798466
vn 0.582702 -0.531479 -0.614808
vn 0.494009 -0.475613 -0.727837
vn 0.436363 0.076973 -0.896472
vn 0.599281 0.057559 -0.798466
vn 0.378477 -0.401974 -0.83377
vn 0.436363 0.076973 -0.896472
vn 0.494009 -0.475613 -0.727837
vn 0.378477 -0.401974 -0.83377
vn 0.213782 0.042762 -0.975945
vn 0.436363 0.076973 -0.896472
vn 0.2083 -0.340345 -0.916939
vn 0.213782 0.042762 -0.975945
vn 0.378477 -0.401974 -0.83377
vn 0.2083 -0.340345 -0.916939
vn -0.06947 -0.007539 -0.997556
vn 0.213782 0.042762 -0.975945
vn -0.09387 -0.471737 -0.876728
vn -0.06947 -0.007539 -0.997556
vn 0.2083 -0.340345 -0.916939
vn -0.09387 -0.471737 -0.876728
vn -0.321618 -0.048716 -0.945615
vn -0.06947 -0.007539 -0.997556
vn -0.243778 -0.530114 -0.812128
vn -0.321618 -0.048716 -0.945615
vn -0.09387 -0.471737 -0.876728
vn -0.243778 -0.530114 -0.812128
vn -0.550162 -0.063901 -0.83261
vn -0.321618 -0.048716 -0.945615
vn -0.406737 -0.515953 -0.753895
vn -0.550162 -0.063901 -0.83261
vn -0.243778 -0.530114 -0.812128
vn -0.406737 -0.515953 -0.753895
vn -0.765397 -0.038326 -0.642416
vn -0.550162 -0.063901 -0.83261
vn -0.613753 -0.434219 -0.659364
vn -0.765397 -0.038326 -0.642416
vn -0.406737 -0.515953 -0.753895
vn -0.613753 -0.434219 -0.659364
vn -0.890971 -0.013832 -0.453848
vn -0.765397 -0.038326 -0.642416
vn -0.770604 -0.456959 -0.444249
vn -0.890971 -0.013832 -0.453848
vn -0.613753 -0.434219 -0.659364
vn -0.770604 -0.456959 -0.444249
vn -0.963172 -0.05689 -0.262799
vn -0.890971 -0.013832 -0.453848
vn -0.764157 -0.578308 -0.2857
vn -0.963172 -0.05689 -0.262799
vn -0.770604 -0.456959 -0.444249
vn -0.764157 -0.578308 -0.2857
vn -0.991226 -0.111967 -0.070241
vn -0.963172 -0.05689 -0.262799
vn -0.740147 -0.65556 -0.149744
vn -0.991226 -0.111967 -0.070241
vn -0.764157 -0.578308 -0.2857
vn -0.740147 -0.65556 -0.149744
vn -0.985866 -0.152867 0.068558
vn -0.991226 -0.111967 -0.070241
vn -0.71416 -0.697772 -0.055595
vn -0.985866 -0.152867 0.068558
vn -0.740147 -0.65556 -0.149744
vn -0.71416 -0.697772 -0.055595
vn -0.96644 -0.185702 0.177506
vn -0.985866 -0.152867 0.068558
vn -0.693156 -0.720642 0.014492
vn -0.96644 -0.185702 0.177506
vn -0.71416 -0.697772 -0.055595
vn -0.693156 -0.720642 0.014492
vn -0.945964 -0.201145 0.254348
vn -0.96644 -0.185702 0.177506
vn -0.681171 -0.729507 0.061861
vn -0.945964 -0.201145 0.254348
vn -0.693156 -0.720642 0.014492
vn -0.681171 -0.729507 0.061861
vn -0.927366 -0.201076 0.315532
vn -0.945964 -0.201145 0.254348
vn -0.673001 -0.7309 0.113384
vn -0.927366 -0.201076 0.315532
vn -0.681171 -0.729507 0.061861
vn -0.927366 -0.201076 0.315532
vn -0.844804 0.308692 0.437053
vn -0.864971 0.307815 0.396326
vn -0.90806 -0.190926 0.372792
vn -0.844804 0.308692 0.437053
vn -0.927366 -0.201076 0.315532
vn -0.90806 -0.190926 0.372792
vn -0.823787 0.326918 0.463142
vn -0.844804 0.308692 0.437053
vn -0.886767 -0.166702 0.431109
vn -0.823787 0.326918 0.463142
vn -0.90806 -0.190926 0.372792
vn -0.886767 -0.166702 0.431109
vn -0.785457 0.335818 0.519888
vn -0.823787 0.326918 0.463142
vn -0.84764 -0.141529 0.511347
vn -0.785457 0.335818 0.519888
vn -0.886767 -0.166702 0.431109
vn -0.84764 -0.141529 0.511347
vn -0.712995 0.340138 0.613143
vn -0.785457 0.335818 0.519888
vn -0.773952 -0.124145 0.620956
vn -0.712995 0.340138 0.613143
vn -0.84764 -0.141529 0.511347
vn -0.773952 -0.124145 0.620956
vn -0.562737 0.30177 0.769586
vn -0.712995 0.340138 0.613143
vn -0.623001 -0.121172 0.772779
vn -0.562737 0.30177 0.769586
vn -0.773952 -0.124145 0.620956
vn -0.623001 -0.121172 0.772779
vn -0.404308 0.254304 0.878558
vn -0.562737 0.30177 0.769586
vn -0.457603 -0.103882 0.883067
vn -0.404308 0.254304 0.878558
vn -0.623001 -0.121172 0.772779
vn -0.457603 -0.103882 0.883067
vn -0.193391 0.216195 0.957006
vn -0.404308 0.254304 0.878558
vn -0.219953 -0.144369 0.964769
vn -0.193391 0.216195 0.957006
vn -0.457603 -0.103882 0.883067
vn -0.219953 -0.144369 0.964769
vn 0.075978 0.230663 0.970063
vn -0.193391 0.216195 0.957006
vn 0.078791 -0.192682 0.978093
vn 0.075978 0.230663 0.970063
vn -0.219953 -0.144369 0.964769
vn 0.078791 -0.192682 0.978093
vn 0.309998 0.240204 0.919893
vn 0.075978 0.230663 0.970063
vn 0.325022 -0.21952 0.919876
vn 0.309998 0.240204 0.919893
vn 0.078791 -0.192682 0.978093
vn 0.325022 -0.21952 0.919876
vn 0.535396 0.211561 0.817675
vn 0.309998 0.240204 0.919893
vn 0.548442 -0.21523 0.808015
vn 0.535396 0.211561 0.817675
vn 0.325022 -0.21952 0.919876
vn 0.548442 -0.21523 0.808015
vn 0.755419 0.208899 0.621051
vn 0.535396 0.211561 0.817675
vn 0.769418 -0.162981 0.617603
vn 0.755419 0.208899 0.621051
vn 0.548442 -0.21523 0.808015
vn 0.769418 -0.162981 0.617603
vn 0.857159 0.261954 0.443462
vn 0.755419 0.208899 0.621051
vn 0.903568 -0.111338 0.413725
vn 0.857159 0.261954 0.443462
vn 0.769418 -0.162981 0.617603
vn 0.903568 -0.111338 0.413725
vn 0.918076 0.305601 0.252477
vn 0.857159 0.261954 0.443462
vn 0.973793 -0.102355 0.203101
vn 0.918076 0.305601 0.252477
vn 0.903568 -0.111338 0.413725
vn 0.973793 -0.102355 0.203101
vn 0.936706 0.346754 0.048409
vn 0.918076 0.305601 0.252477
vn 0.995502 -0.094607 0.004996
vn 0.936706 0.346754 0.048409
vn 0.973793 -0.102355 0.203101
vn 0.995502 -0.094607 0.004996
vn 0.926053 0.371389 -0.067057
vn 0.936706 0.346754 0.048409
vn 0.987718 -0.093555 -0.12514
vn 0.926053 0.371389 -0.067057
vn 0.995502 -0.094607 0.004996
vn 0.987718 -0.093555 -0.12514
vn 0.91254 0.391052 -0.119785
vn 0.926053 0.371389 -0.067057
vn 0.973532 -0.091802 -0.209304
vn 0.91254 0.391052 -0.119785
vn 0.987718 -0.093555 -0.12514
vn 0.973532 -0.091802 -0.209304
vn 0.896125 0.420551 -0.141764
vn 0.91254 0.391052 -0.119785
vn 0.961982 -0.070235 -0.263928
vn 0.896125 0.420551 -0.141764
vn 0.973532 -0.091802 -0.209304
vn 0.961982 -0.070235 -0.263928
vn 0.875081 0.448073 -0.182932
vn 0.896125 0.420551 -0.141764
vn 0.946721 -0.051079 -0.317978
vn 0.875081 0.448073 -0.182932
vn 0.961982 -0.070235 -0.263928
vn 0.946721 -0.051079 -0.317978
vn 0.847592 0.471179 -0.244088
vn 0.875081 0.448073 -0.182932
vn 0.92405 -0.039347 -0.380241
vn 0.847592 0.471179 -0.244088
vn 0.946721 -0.051079 -0.317978
vn 0.92405 -0.039347 -0.380241
vn 0.809302 0.487753 -0.327304
vn 0.847592 0.471179 -0.244088
vn 0.890005 -0.02618 -0.455199
vn 0.809302 0.487753 -0.327304
vn 0.92405 -0.039347 -0.380241
vn 0.890005 -0.02618 -0.455199
vn 0.753812 0.496108 -0.430864
vn 0.809302 0.487753 -0.327304
vn 0.834367 -0.002248 -0.551205
vn 0.753812 0.496108 -0.430864
vn 0.890005 -0.02618 -0.455199
vn 0.834367 -0.002248 -0.551205
vn 0.66874 0.493575 -0.556031
vn 0.753812 0.496108 -0.430864
vn 0.745933 0.02952 -0.665367
vn 0.66874 0.493575 -0.556031
vn 0.834367 -0.002248 -0.551205
vn 0.745933 0.02952 -0.665367
vn 0.536046 0.47324 -0.699069
vn 0.66874 0.493575 -0.556031
vn 0.599281 0.057559 -0.798466
vn 0.536046 0.47324 -0.699069
vn 0.745933 0.02952 -0.665367
vn 0.599281 0.057559 -0.798466
vn 0.40525 0.437601 -0.802669
vn 0.536046 0.47324 -0.699069
vn 0.436363 0.076973 -0.896472
vn 0.40525 0.437601 -0.802669
vn 0.599281 0.057559 -0.798466
vn 0.436363 0.076973 -0.896472
vn 0.193865 0.382046 -0.90358
vn 0.40525 0.437601 -0.802669
vn 0.213782 0.042762 -0.975945
vn 0.193865 0.382046 -0.90358
vn 0.436363 0.076973 -0.896472
vn 0.213782 0.042762 -0.975945
vn -0.070014 0.394084 -0.916404
vn 0.193865 0.382046 -0.90358
vn -0.06947 -0.007539 -0.997556
vn -0.070014 0.394084 -0.916404
vn 0.213782 0.042762 -0.975945
vn -0.06947 -0.007539 -0.997556
vn -0.321112 0.389829 -0.863088
vn -0.070014 0.394084 -0.916404
vn -0.321618 -0.048716 -0.945615
vn -0.321112 0.389829 -0.863088
vn -0.06947 -0.007539 -0.997556
vn -0.321618 -0.048716 -0.945615
vn -0.549323 0.339048 -0.763735
vn -0.321112 0.389829 -0.863088
vn -0.550162 -0.063901 -0.83261
vn -0.549323 0.339048 -0.763735
vn -0.321618 -0.048716 -0.945615
vn -0.550162 -0.063901 -0.83261
vn -0.775391 0.291616 -0.560115
vn -0.549323 0.339048 -0.763735
vn -0.765397 -0.038326 -0.642416
vn -0.775391 0.291616 -0.560115
vn -0.550162 -0.063901 -0.83261
vn -0.765397 -0.038326 -0.642416
vn -0.860738 0.333606 -0.384497
vn -0.775391 0.291616 -0.560115
vn -0.890971 -0.013832 -0.453848
vn -0.860738 0.333606 -0.384497
vn -0.765397 -0.038326 -0.642416
vn -0.890971 -0.013832 -0.453848
vn -0.910422 0.354892 -0.212563
vn -0.860738 0.333606 -0.384497
vn -0.963172 -0.05689 -0.262799
vn -0.910422 0.354892 -0.212563
vn -0.890971 -0.013832 -0.453848
vn -0.963172 -0.05689 -0.262799
vn -0.934689 0.3553 -0.010869
vn -0.910422 0.354892 -0.212563
vn -0.991226 -0.111967 -0.070241
vn -0.934689 0.3553 -0.010869
vn -0.963172 -0.05689 -0.262799
vn -0.991226 -0.111967 -0.070241
vn -0.927508 0.347729 0.137161
vn -0.934689 0.3553 -0.010869
vn -0.985866 -0.152867 0.068558
vn -0.927508 0.347729 0.137161
vn -0.991226 -0.111967 -0.070241
vn -0.985866 -0.152867 0.068558
vn -0.908061 0.335327 0.250961
vn -0.927508 0.347729 0.137161
vn -0.96644 -0.185702 0.177506
vn -0.908061 0.335327 0.250961
vn -0.985866 -0.152867 0.068558
vn -0.96644 -0.185702 0.177506
vn -0.885961 0.319722 0.335932
vn -0.908061 0.335327 0.250961
vn -0.945964 -0.201145 0.254348
vn -0.885961 0.319722 0.335932
vn -0.96644 -0.185702 0.177506
vn -0.945964 -0.201145 0.254348
vn -0.864971 0.307815 0.396326
vn -0.885961 0.319722 0.335932
vn -0.927366 -0.201076 0.315532
vn -0.864971 0.307815 0.396326
vn -0.945964 -0.201145 0.254348
vn 0.632737 0.773315 -0.040343
vn 0.896125 0.420551 -0.141764
vn 0.875081 0.448073 -0.182932
vn 0.66433 0.74727 -0.015926
vn 0.896125 0.420551 -0.141764
vn 0.632737 0.773315 -0.040343
vn 0.66433 0.74727 -0.015926
vn 0.91254 0.391052 -0.119785
vn 0.896125 0.420551 -0.141764
vn 0.692625 0.721241 -0.009019
vn 0.91254 0.391052 -0.119785
vn 0.66433 0.74727 -0.015926
vn 0.692625 0.721241 -0.009019
vn 0.926053 0.371389 -0.067057
vn 0.91254 0.391052 -0.119785
vn 0.711831 0.701752 0.028996
vn 0.926053 0.371389 -0.067057
vn 0.692625 0.721241 -0.009019
vn 0.711831 0.701752 0.028996
vn 0.936706 0.346754 0.048409
vn 0.926053 0.371389 -0.067057
vn 0.726638 0.673564 0.13531
vn 0.936706 0.346754 0.048409
vn 0.711831 0.701752 0.028996
vn 0.726638 0.673564 0.13531
vn 0.918076 0.305601 0.252477
vn 0.936706 0.346754 0.048409
vn 0.719646 0.616274 0.31987
vn 0.918076 0.305601 0.252477
vn 0.726638 0.673564 0.13531
vn 0.719646 0.616274 0.31987
vn 0.857159 0.261954 0.443462
vn 0.918076 0.305601 0.252477
vn 0.70945 0.534753 0.459042
vn 0.857159 0.261954 0.443462
vn 0.719646 0.616274 0.31987
vn 0.70945 0.534753 0.459042
vn 0.755419 0.208899 0.621051
vn 0.857159 0.261954 0.443462
vn 0.636627 0.472084 0.609789
vn 0.755419 0.208899 0.621051
vn 0.70945 0.534753 0.459042
vn 0.636627 0.472084 0.609789
vn 0.535396 0.211561 0.817675
vn 0.755419 0.208899 0.621051
vn 0.42764 0.531338 0.731303
vn 0.535396 0.211561 0.817675
vn 0.636627 0.472084 0.609789
vn 0.42764 0.531338 0.731303
vn 0.309998 0.240204 0.919893
vn 0.535396 0.211561 0.817675
vn 0.242538 0.54576 0.802073
vn 0.309998 0.240204 0.919893
vn 0.42764 0.531338 0.731303
vn 0.242538 0.54576 0.802073
vn 0.075978 0.230663 0.970063
vn 0.309998 0.240204 0.919893
vn 0.032872 0.51678 0.855487
vn 0.075978 0.230663 0.970063
vn 0.242538 0.54576 0.802073
vn 0.032872 0.51678 0.855487
vn -0.193391 0.216195 0.957006
vn 0.075978 0.230663 0.970063
vn -0.163711 0.467888 0.868493
vn -0.193391 0.216195 0.957006
vn 0.032872 0.51678 0.855487
vn -0.163711 0.467888 0.868493
vn -0.404308 0.254304 0.878558
vn -0.193391 0.216195 0.957006
vn -0.243983 0.540953 0.804887
vn -0.404308 0.254304 0.878558
vn -0.163711 0.467888 0.868493
vn -0.243983 0.540953 0.804887
vn -0.562737 0.30177 0.769586
vn -0.404308 0.254304 0.878558
vn -0.377628 0.612474 0.694458
vn -0.562737 0.30177 0.769586
vn -0.243983 0.540953 0.804887
vn -0.377628 0.612474 0.694458
vn -0.712995 0.340138 0.613143
vn -0.562737 0.30177 0.769586
vn -0.498568 0.664625 0.556511
vn -0.712995 0.340138 0.613143
vn -0.377628 0.612474 0.694458
vn -0.498568 0.664625 0.556511
vn -0.785457 0.335818 0.519888
vn -0.712995 0.340138 0.613143
vn -0.56934 0.67647 0.467162
vn -0.785457 0.335818 0.519888
vn -0.498568 0.664625 0.556511
vn -0.56934 0.67647 0.467162
vn -0.823787 0.326918 0.463142
vn -0.785457 0.335818 0.519888
vn -0.603439 0.675729 0.423382
vn -0.823787 0.326918 0.463142
vn -0.56934 0.67647 0.467162
vn -0.603439 0.675729 0.423382
vn -0.844804 0.308692 0.437053
vn -0.823787 0.326918 0.463142
vn -0.622157 0.666336 0.410994
vn -0.844804 0.308692 0.437053
vn -0.603439 0.675729 0.423382
vn -0.622157 0.666336 0.410994
vn -0.864971 0.307815 0.396326
vn -0.844804 0.308692 0.437053
vn -0.634447 0.676548 0.373845
vn -0.864971 0.307815 0.396326
vn -0.622157 0.666336 0.410994
vn -0.634447 0.676548 0.373845
vn -0.885961 0.319722 0.335932
vn -0.864971 0.307815 0.396326
vn -0.650977 0.687405 0.322029
vn -0.885961 0.319722 0.335932
vn -0.634447 0.676548 0.373845
vn -0.650977 0.687405 0.322029
vn -0.908061 0.335327 0.250961
vn -0.885961 0.319722 0.335932
vn -0.673712 0.69984 0.237353
vn -0.908061 0.335327 0.250961
vn -0.650977 0.687405 0.322029
vn -0.673712 0.69984 0.237353
vn -0.927508 0.347729 0.137161
vn -0.908061 0.335327 0.250961
vn -0.693586 0.708258 0.131567
vn -0.927508 0.347729 0.137161
vn -0.673712 0.69984 0.237353
vn -0.693586 0.708258 0.131567
vn -0.934689 0.3553 -0.010869
vn -0.927508 0.347729 0.137161
vn -0.709469 0.704706 -0.006504
vn -0.934689 0.3553 -0.010869
vn -0.693586 0.708258 0.131567
vn -0.709469 0.704706 -0.006504
vn -0.910422 0.354892 -0.212563
vn -0.934689 0.3553 -0.010869
vn -0.708805 0.679077 -0.190917
vn -0.910422 0.354892 -0.212563
vn -0.709469 0.704706 -0.006504
vn -0.708805 0.679077 -0.190917
vn -0.860738 0.333606 -0.384497
vn -0.910422 0.354892 -0.212563
vn -0.703115 0.629904 -0.329923
vn -0.860738 0.333606 -0.384497
vn -0.708805 0.679077 -0.190917
vn -0.703115 0.629904 -0.329923
vn -0.775391 0.291616 -0.560115
vn -0.860738 0.333606 -0.384497
vn -0.643908 0.596066 -0.479675
vn -0.775391 0.291616 -0.560115
vn -0.703115 0.629904 -0.329923
vn -0.643908 0.596066 -0.479675
vn -0.549323 0.339048 -0.763735
vn -0.775391 0.291616 -0.560115
vn -0.438122 0.694019 -0.571303
vn -0.549323 0.339048 -0.763735
vn -0.643908 0.596066 -0.479675
vn -0.438122 0.694019 -0.571303
vn -0.321112 0.389829 -0.863088
vn -0.549323 0.339048 -0.763735
vn -0.243054 0.72644 -0.642814
vn -0.321112 0.389829 -0.863088
vn -0.438122 0.694019 -0.571303
vn -0.243054 0.72644 -0.642814
vn -0.070014 0.394084 -0.916404
vn -0.321112 0.389829 -0.863088
vn -0.034011 0.70072 -0.712625
vn -0.070014 0.394084 -0.916404
vn -0.243054 0.72644 -0.642814
vn -0.034011 0.70072 -0.712625
vn 0.193865 0.382046 -0.90358
vn -0.070014 0.394084 -0.916404
vn 0.171849 0.626949 -0.75987
vn 0.193865 0.382046 -0.90358
vn -0.034011 0.70072 -0.712625
vn 0.171849 0.626949 -0.75987
vn 0.40525 0.437601 -0.802669
vn 0.193865 0.382046 -0.90358
vn 0.238992 0.724943 -0.646019
vn 0.40525 0.437601 -0.802669
vn 0.171849 0.626949 -0.75987
vn 0.238992 0.724943 -0.646019
vn 0.536046 0.47324 -0.699069
vn 0.40525 0.437601 -0.802669
vn 0.338973 0.767914 -0.543512
vn 0.536046 0.47324 -0.699069
vn 0.238992 0.724943 -0.646019
vn 0.338973 0.767914 -0.543512
vn 0.66874 0.493575 -0.556031
vn 0.536046 0.47324 -0.699069
vn 0.439288 0.807732 -0.393185
vn 0.66874 0.493575 -0.556031
vn 0.338973 0.767914 -0.543512
vn 0.439288 0.807732 -0.393185
vn 0.753812 0.496108 -0.430864
vn 0.66874 0.493575 -0.556031
vn 0.508104 0.817067 -0.272454
vn 0.753812 0.496108 -0.430864
vn 0.439288 0.807732 -0.393185
vn 0.508104 0.817067 -0.272454
vn 0.809302 0.487753 -0.327304
vn 0.753812 0.496108 -0.430864
vn 0.558372 0.810824 -0.175457
vn 0.809302 0.487753 -0.327304
vn 0.508104 0.817067 -0.272454
vn 0.558372 0.810824 -0.175457
vn 0.847592 0.471179 -0.244088
vn 0.809302 0.487753 -0.327304
vn 0.599295 0.794793 -0.095647
vn 0.847592 0.471179 -0.244088
vn 0.558372 0.810824 -0.175457
vn 0.599295 0.794793 -0.095647
vn 0.875081 0.448073 -0.182932
vn 0.847592 0.471179 -0.244088
vn 0.632737 0.773315 -0.040343
vn 0.875081 0.448073 -0.182932
vn 0.599295 0.794793 -0.095647
vn 0.636627 0.472084 0.609789
vn 0.469896 0.683318 0.558815
vn 0.42764 0.531338 0.731303
vn 0.70945 0.534753 0.459042
vn 0.469896 0.683318 0.558815
vn 0.636627 0.472084 0.609789
vn 0.70945 0.534753 0.459042
vn 0.46688 0.788114 0.401123
vn 0.469896 0.683318 0.558815
vn 0.719646 0.616274 0.31987
vn 0.46688 0.788114 0.401123
vn 0.70945 0.534753 0.459042
vn 0.719646 0.616274 0.31987
vn 0.442008 0.862745 0.245562
vn 0.46688 0.788114 0.401123
vn 0.726638 0.673564 0.13531
vn 0.442008 0.862745 0.245562
vn 0.719646 0.616274 0.31987
vn 0.726638 0.673564 0.13531
vn 0.414331 0.898971 0.14206
vn 0.442008 0.862745 0.245562
vn 0.711831 0.701752 0.028996
vn 0.414331 0.898971 0.14206
vn 0.726638 0.673564 0.13531
vn 0.711831 0.701752 0.028996
vn 0.387758 0.915393 0.10816
vn 0.414331 0.898971 0.14206
vn 0.692625 0.721241 -0.009019
vn 0.387758 0.915393 0.10816
vn 0.711831 0.701752 0.028996
vn 0.692625 0.721241 -0.009019
vn 0.355616 0.928891 0.103435
vn 0.387758 0.915393 0.10816
vn 0.66433 0.74727 -0.015926
vn 0.355616 0.928891 0.103435
vn 0.692625 0.721241 -0.009019
vn 0.66433 0.74727 -0.015926
vn 0.321671 0.942957 0.08579
vn 0.355616 0.928891 0.103435
vn 0.632737 0.773315 -0.040343
vn 0.321671 0.942957 0.08579
vn 0.66433 0.74727 -0.015926
vn 0.632737 0.773315 -0.040343
vn 0.2904 0.956079 0.039767
vn 0.321671 0.942957 0.08579
vn 0.599295 0.794793 -0.095647
vn 0.2904 0.956079 0.039767
vn 0.632737 0.773315 -0.040343
vn 0.599295 0.794793 -0.095647
vn 0.252995 0.966689 -0.038801
vn 0.2904 0.956079 0.039767
vn 0.558372 0.810824 -0.175457
vn 0.252995 0.966689 -0.038801
vn 0.599295 0.794793 -0.095647
vn 0.558372 0.810824 -0.175457
vn 0.210007 0.96862 -0.132937
vn 0.252995 0.966689 -0.038801
vn 0.508104 0.817067 -0.272454
vn 0.210007 0.96862 -0.132937
vn 0.558372 0.810824 -0.175457
vn 0.508104 0.817067 -0.272454
vn 0.153077 0.957299 -0.245246
vn 0.210007 0.96862 -0.132937
vn 0.439288 0.807732 -0.393185
vn 0.153077 0.957299 -0.245246
vn 0.508104 0.817067 -0.272454
vn 0.439288 0.807732 -0.393185
vn 0.078144 0.915695 -0.394203
vn 0.153077 0.957299 -0.245246
vn 0.338973 0.767914 -0.543512
vn 0.078144 0.915695 -0.394203
vn 0.439288 0.807732 -0.393185
vn 0.338973 0.767914 -0.543512
vn 0.004488 0.845587 -0.533818
vn 0.078144 0.915695 -0.394203
vn 0.238992 0.724943 -0.646019
vn 0.004488 0.845587 -0.533818
vn 0.338973 0.767914 -0.543512
vn 0.238992 0.724943 -0.646019
vn -0.034011 0.70072 -0.712625
vn 0.004488 0.845587 -0.533818
vn 0.171849 0.626949 -0.75987
vn -0.034011 0.70072 -0.712625
vn 0.238992 0.724943 -0.646019
vn 0.42764 0.531338 0.731303
vn 0.22331 0.716034 0.661383
vn 0.242538 0.54576 0.802073
vn 0.469896 0.683318 0.558815
vn 0.22331 0.716034 0.661383
vn 0.42764 0.531338 0.731303
vn 0.469896 0.683318 0.558815
vn 0.169546 0.846562 0.504566
vn 0.22331 0.716034 0.661383
vn 0.46688 0.788114 0.401123
vn 0.169546 0.846562 0.504566
vn 0.469896 0.683318 0.558815
vn 0.46688 0.788114 0.401123
vn 0.117514 0.923958 0.363994
vn 0.169546 0.846562 0.504566
vn 0.442008 0.862745 0.245562
vn 0.117514 0.923958 0.363994
vn 0.46688 0.788114 0.401123
vn 0.442008 0.862745 0.245562
vn 0.073069 0.961695 0.264203
vn 0.117514 0.923958 0.363994
vn 0.414331 0.898971 0.14206
vn 0.073069 0.961695 0.264203
vn 0.442008 0.862745 0.245562
vn 0.414331 0.898971 0.14206
vn 0.045192 0.973303 0.22503
vn 0.073069 0.961695 0.264203
vn 0.387758 0.915393 0.10816
vn 0.045192 0.973303 0.22503
vn 0.414331 0.898971 0.14206
vn 0.387758 0.915393 0.10816
vn 0.016337 0.97548 0.21948
vn 0.045192 0.973303 0.22503
vn 0.355616 0.928891 0.103435
vn 0.016337 0.97548 0.21948
vn 0.387758 0.915393 0.10816
vn 0.355616 0.928891 0.103435
vn -0.00746 0.980081 0.198455
vn 0.016337 0.97548 0.21948
vn 0.321671 0.942957 0.08579
vn -0.00746 0.980081 0.198455
vn 0.355616 0.928891 0.103435
vn 0.321671 0.942957 0.08579
vn -0.032054 0.98741 0.154899
vn -0.00746 0.980081 0.198455
vn 0.2904 0.956079 0.039767
vn -0.032054 0.98741 0.154899
vn 0.321671 0.942957 0.08579
vn 0.2904 0.956079 0.039767
vn -0.063447 0.995049 0.076499
vn -0.032054 0.98741 0.154899
vn 0.252995 0.966689 -0.038801
vn -0.063447 0.995049 0.076499
vn 0.2904 0.956079 0.039767
vn 0.252995 0.966689 -0.038801
vn -0.095352 0.995285 -0.017789
vn -0.063447 0.995049 0.076499
vn 0.210007 0.96862 -0.132937
vn -0.095352 0.995285 -0.017789
vn 0.252995 0.966689 -0.038801
vn 0.210007 0.96862 -0.132937
vn -0.132346 0.981745 -0.13661
vn -0.095352 0.995285 -0.017789
vn 0.153077 0.957299 -0.245246
vn -0.132346 0.981745 -0.13661
vn 0.210007 0.96862 -0.132937
vn 0.153077 0.957299 -0.245246
vn -0.181381 0.940446 -0.287511
vn -0.132346 0.981745 -0.13661
vn 0.078144 0.915695 -0.394203
vn -0.181381 0.940446 -0.287511
vn 0.153077 0.957299 -0.245246
vn 0.078144 0.915695 -0.394203
vn -0.225651 0.867713 -0.442894
vn -0.181381 0.940446 -0.287511
vn 0.004488 0.845587 -0.533818
vn -0.225651 0.867713 -0.442894
vn 0.078144 0.915695 -0.394203
vn 0.004488 0.845587 -0.533818
vn -0.243054 0.72644 -0.642814
vn -0.225651 0.867713 -0.442894
vn -0.034011 0.70072 -0.712625
vn -0.243054 0.72644 -0.642814
vn 0.004488 0.845587 -0.533818
vn 0.242538 0.54576 0.802073
vn -0.016133 0.665034 0.746638
vn 0.032872 0.51678 0.855487
vn 0.22331 0.716034 0.661383
vn -0.016133 0.665034 0.746638
vn 0.242538 0.54576 0.802073
vn 0.22331 0.716034 0.661383
vn -0.112613 0.793751 0.597727
vn -0.016133 0.665034 0.746638
vn 0.169546 0.846562 0.504566
vn -0.112613 0.793751 0.597727
vn 0.22331 0.716034 0.661383
vn 0.169546 0.846562 0.504566
vn -0.206236 0.858664 0.469215
vn -0.112613 0.793751 0.597727
vn 0.117514 0.923958 0.363994
vn -0.206236 0.858664 0.469215
vn 0.169546 0.846562 0.504566
vn 0.117514 0.923958 0.363994
vn -0.269302 0.885827 0.377871
vn -0.206236 0.858664 0.469215
vn 0.073069 0.961695 0.264203
vn -0.269302 0.885827 0.377871
vn 0.117514 0.923958 0.363994
vn 0.073069 0.961695 0.264203
vn -0.300853 0.891784 0.337947
vn -0.269302 0.885827 0.377871
vn 0.045192 0.973303 0.22503
vn -0.300853 0.891784 0.337947
vn 0.073069 0.961695 0.264203
vn 0.045192 0.973303 0.22503
vn -0.319905 0.889669 0.325805
vn -0.300853 0.891784 0.337947
vn 0.016337 0.97548 0.21948
vn -0.319905 0.889669 0.325805
vn 0.045192 0.973303 0.22503
vn 0.016337 0.97548 0.21948
vn -0.333738 0.894237 0.298259
vn -0.319905 0.889669 0.325805
vn -0.00746 0.980081 0.198455
vn -0.333738 0.894237 0.298259
vn 0.016337 0.97548 0.21948
vn -0.00746 0.980081 0.198455
vn -0.351662 0.901151 0.253498
vn -0.333738 0.894237 0.298259
vn -0.032054 0.98741 0.154899
vn -0.351662 0.901151 0.253498
vn -0.00746 0.980081 0.198455
vn -0.032054 0.98741 0.154899
vn -0.373683 0.911865 0.169892
vn -0.351662 0.901151 0.253498
vn -0.063447 0.995049 0.076499
vn -0.373683 0.911865 0.169892
vn -0.032054 0.98741 0.154899
vn -0.063447 0.995049 0.076499
vn -0.396443 0.91513 0.073276
vn -0.373683 0.911865 0.169892
vn -0.095352 0.995285 -0.017789
vn -0.396443 0.91513 0.073276
vn -0.063447 0.995049 0.076499
vn -0.095352 0.995285 -0.017789
vn -0.418507 0.906626 -0.05368
vn -0.396443 0.91513 0.073276
vn -0.132346 0.981745 -0.13661
vn -0.418507 0.906626 -0.05368
vn -0.095352 0.995285 -0.017789
vn -0.132346 0.981745 -0.13661
vn -0.439846 0.8705 -0.220828
vn -0.418507 0.906626 -0.05368
vn -0.181381 0.940446 -0.287511
vn -0.439846 0.8705 -0.220828
vn -0.132346 0.981745 -0.13661
vn -0.181381 0.940446 -0.287511
vn -0.449358 0.815282 -0.365228
vn -0.439846 0.8705 -0.220828
vn -0.225651 0.867713 -0.442894
vn -0.449358 0.815282 -0.365228
vn -0.181381 0.940446 -0.287511
vn -0.225651 0.867713 -0.442894
vn -0.438122 0.694019 -0.571303
vn -0.449358 0.815282 -0.365228
vn -0.243054 0.72644 -0.642814
vn -0.438122 0.694019 -0.571303
vn -0.225651 0.867713 -0.442894
vn 0.032872 0.51678 0.855487
vn -0.243983 0.540953 0.804887
vn -0.163711 0.467888 0.868493
vn -0.016133 0.665034 0.746638
vn -0.243983 0.540953 0.804887
vn 0.032872 0.51678 0.855487
vn -0.016133 0.665034 0.746638
vn -0.377628 0.612474 0.694458
vn -0.243983 0.540953 0.804887
vn -0.112613 0.793751 0.597727
vn -0.377628 0.612474 0.694458
vn -0.016133 0.665034 0.746638
vn -0.112613 0.793751 0.597727
vn -0.498568 0.664625 0.556511
vn -0.377628 0.612474 0.694458
vn -0.206236 0.858664 0.469215
vn -0.498568 0.664625 0.556511
vn -0.112613 0.793751 0.597727
vn -0.206236 0.858664 0.469215
vn -0.56934 0.67647 0.467162
vn -0.498568 0.664625 0.556511
vn -0.269302 0.885827 0.377871
vn -0.56934 0.67647 0.467162
vn -0.206236 0.858664 0.469215
vn -0.269302 0.885827 0.377871
vn -0.603439 0.675729 0.423382
vn -0.56934 0.67647 0.467162
vn -0.300853 0.891784 0.337947
vn -0.603439 0.675729 0.423382
vn -0.269302 0.885827 0.377871
vn -0.300853 0.891784 0.337947
vn -0.622157 0.666336 0.410994
vn -0.603439 0.675729 0.423382
vn -0.319905 0.889669 0.325805
vn -0.622157 0.666336 0.410994
vn -0.300853 0.891784 0.337947
vn -0.319905 0.889669 0.325805
vn -0.634447 0.676548 0.373845
vn -0.622157 0.666336 0.410994
vn -0.333738 0.894237 0.298259
vn -0.634447 0.676548 0.373845
vn -0.319905 0.889669 0.325805
vn -0.333738 0.894237 0.298259
vn -0.650977 0.687405 0.322029
vn -0.634447 0.676548 0.373845
vn -0.351662 0.901151 0.253498
vn -0.650977 0.687405 0.322029
vn -0.333738 0.894237 0.298259
vn -0.351662 0.901151 0.253498
vn -0.673712 0.69984 0.237353
vn -0.650977 0.687405 0.322029
vn -0.373683 0.911865 0.169892
vn -0.673712 0.69984 0.237353
vn -0.351662 0.901151 0.253498
vn -0.373683 0.911865 0.169892
vn -0.693586 0.708258 0.131567
vn -0.673712 0.69984 0.237353
vn -0.396443 0.91513 0.073276
vn -0.693586 0.708258 0.131567
vn -0.373683 0.911865 0.169892
vn -0.396443 0.91513 0.073276
vn -0.709469 0.704706 -0.006504
vn -0.693586 0.708258 0.131567
vn -0.418507 0.906626 -0.05368
vn -0.709469 0.704706 -0.006504
vn -0.396443 0.91513 0.073276
vn -0.418507 0.906626 -0.05368
vn -0.708805 0.679077 -0.190917
vn -0.709469 0.704706 -0.006504
vn -0.439846 0.8705 -0.220828
vn -0.708805 0.679077 -0.190917
vn -0.418507 0.906626 -0.05368
vn -0.439846 0.8705 -0.220828
vn -0.703115 0.629904 -0.329923
vn -0.708805 0.679077 -0.190917
vn -0.449358 0.815282 -0.365228
vn -0.703115 0.629904 -0.329923
vn -0.439846 0.8705 -0.220828
vn -0.449358 0.815282 -0.365228
vn -0.643908 0.596066 -0.479675
vn -0.703115 0.629904 -0.329923
vn -0.438122 0.694019 -0.571303
vn -0.643908 0.596066 -0.479675
vn -0.449358 0.815282 -0.365228

# Purin_O_OBJ_O_HIR_2, 2698 grouped triangles

usemtl 48_1_34_115
o Purin_O_OBJ_O_HIR_2
g Purin_O_OBJ_O_HIR_2

f 1/1/1 2/2/2 3/3/3
f 4/4/4 2/5/5 1/6/6
f 4/7/7 5/8/8 2/9/9
f 6/10/10 5/11/11 4/12/12
f 6/13/13 7/14/14 5/15/15
f 8/16/16 7/17/17 6/18/18
f 8/19/19 9/20/20 7/21/21
f 10/22/22 9/23/23 8/24/24
f 10/25/25 11/26/26 9/27/27
f 12/28/28 11/29/29 10/30/30
f 12/31/31 13/32/32 11/33/33
f 14/34/34 13/35/35 12/36/36
f 14/37/37 15/38/38 13/39/39
f 16/40/40 15/41/41 14/42/42
f 16/43/43 17/44/44 15/45/45
f 18/46/46 17/47/47 16/48/48
f 18/49/49 19/50/50 17/51/51
f 20/52/52 19/53/53 18/54/54
f 20/55/55 3/56/56 19/57/57
f 1/58/58 3/59/59 20/60/60
f 21/61/61 22/62/62 23/63/63
f 24/64/64 22/65/65 21/66/66
f 24/67/67 25/68/68 22/69/69
f 26/70/70 25/71/71 24/72/72
f 26/73/73 27/74/74 25/75/75
f 28/76/76 27/77/77 26/78/78
f 28/79/79 29/80/80 27/81/81
f 30/82/82 29/83/83 28/84/84
f 30/85/85 31/86/86 29/87/87
f 32/88/88 31/89/89 30/90/90
f 32/91/91 33/92/92 31/93/93
f 34/94/94 33/95/95 32/96/96
f 34/97/97 35/98/98 33/99/99
f 36/100/100 35/101/101 34/102/102
f 36/103/103 37/104/104 35/105/105
f 38/106/106 37/107/107 36/108/108
f 38/109/109 39/110/110 37/111/111
f 40/112/112 39/113/113 38/114/114
f 40/115/115 23/116/116 39/117/117
f 21/118/118 23/119/119 40/120/120
f 41/121/121 42/122/122 43/123/123
f 44/124/124 42/125/125 41/126/126
f 44/127/127 45/128/128 42/129/129
f 46/130/130 45/131/131 44/132/132
f 46/133/133 47/134/134 45/135/135
f 48/136/136 47/137/137 46/138/138
f 48/139/139 49/140/140 47/141/141
f 50/142/142 49/143/143 48/144/144
f 50/145/145 51/146/146 49/147/147
f 52/148/148 51/149/149 50/150/150
f 52/151/151 53/152/152 51/153/153
f 54/154/154 53/155/155 52/156/156
f 55/157/157 56/158/158 57/159/159
f 58/160/160 56/161/161 55/162/162
f 58/163/163 59/164/164 56/165/165
f 60/166/166 59/167/167 58/168/168
f 60/169/169 61/170/170 59/171/171
f 62/172/172 61/173/173 60/174/174
f 62/175/175 63/176/176 61/177/177
f 64/178/178 63/179/179 62/180/180
f 57/181/181 65/182/182 66/183/183
f 56/184/184 65/185/185 57/186/186
f 56/187/187 67/188/188 65/189/189
f 59/190/190 67/191/191 56/192/192
f 59/193/193 68/194/194 67/195/195
f 61/196/196 68/197/197 59/198/198
f 61/199/199 69/200/200 68/201/201
f 63/202/202 69/203/203 61/204/204
f 66/205/205 70/206/206 71/207/207
f 65/208/208 70/209/209 66/210/210
f 65/211/211 72/212/212 70/213/213
f 67/214/214 72/215/215 65/216/216
f 67/217/217 73/218/218 72/219/219
f 68/220/220 73/221/221 67/222/222
f 68/223/223 74/224/224 73/225/225
f 69/226/226 74/227/227 68/228/228
f 71/229/229 75/230/230 76/231/231
f 70/232/232 75/233/233 71/234/234
f 70/235/235 77/236/236 75/237/237
f 72/238/238 77/239/239 70/240/240
f 72/241/241 78/242/242 77/243/243
f 73/244/244 78/245/245 72/246/246
f 73/247/247 79/248/248 78/249/249
f 74/250/250 79/251/251 73/252/252
f 80/253/253 81/254/254 82/255/255
f 83/256/256 81/257/257 80/258/258
f 83/259/259 84/260/260 81/261/261
f 85/262/262 84/263/263 83/264/264
f 85/265/265 86/266/266 84/267/267
f 87/268/268 86/269/269 85/270/270
f 87/271/271 88/272/272 86/273/273
f 89/274/274 88/275/275 87/276/276
f 89/277/277 90/278/278 88/279/279
f 91/280/280 90/281/281 89/282/282
f 91/283/283 92/284/284 90/285/285
f 93/286/286 92/287/287 91/288/288
f 93/289/289 94/290/290 92/291/291
f 95/292/292 94/293/293 93/294/294
f 95/295/295 96/296/296 94/297/297
f 97/298/298 96/299/299 95/300/300
f 80/301/301 98/302/302 99/303/303
f 82/304/304 98/305/305 80/306/306
f 82/307/307 100/308/308 98/309/309
f 101/310/310 100/311/311 82/312/312
f 101/313/313 102/314/314 100/315/315
f 103/316/316 102/317/317 101/318/318
f 103/319/319 104/320/320 102/321/321
f 105/322/322 104/323/323 103/324/324
f 105/325/325 106/326/326 104/327/327
f 107/328/328 106/329/329 105/330/330
f 107/331/331 108/332/332 106/333/333
f 109/334/334 108/335/335 107/336/336
f 109/337/337 110/338/338 108/339/339
f 111/340/340 110/341/341 109/342/342
f 111/343/343 112/344/344 110/345/345
f 113/346/346 112/347/347 111/348/348
f 113/349/349 114/350/350 112/351/351
f 115/352/352 114/353/353 113/354/354
f 115/355/355 116/356/356 114/357/357
f 117/358/358 116/359/359 115/360/360
f 117/361/361 118/362/362 116/363/363
f 119/364/364 118/365/365 117/366/366
f 119/367/367 120/368/368 118/369/369
f 121/370/370 120/371/371 119/372/372
f 121/373/373 122/374/374 120/375/375
f 96/376/376 122/377/377 121/378/378
f 96/379/379 123/380/380 122/381/381
f 97/382/382 123/383/383 96/384/384
f 99/385/385 124/386/386 125/387/387
f 98/388/388 124/389/389 99/390/390
f 98/391/391 126/392/392 124/393/393
f 100/394/394 126/395/395 98/396/396
f 100/397/397 127/398/398 126/399/399
f 102/400/400 127/401/401 100/402/402
f 102/403/403 128/404/404 127/405/405
f 104/406/406 128/407/407 102/408/408
f 104/409/409 129/410/410 128/411/411
f 106/412/412 129/413/413 104/414/414
f 106/415/415 130/416/416 129/417/417
f 108/418/418 130/419/419 106/420/420
f 108/421/421 131/422/422 130/423/423
f 110/424/424 131/425/425 108/426/426
f 110/427/427 132/428/428 131/429/429
f 112/430/430 132/431/431 110/432/432
f 112/433/433 133/434/434 132/435/435
f 114/436/436 133/437/437 112/438/438
f 114/439/439 134/440/440 133/441/441
f 116/442/442 134/443/443 114/444/444
f 116/445/445 135/446/446 134/447/447
f 118/448/448 135/449/449 116/450/450
f 118/451/451 136/452/452 135/453/453
f 120/454/454 136/455/455 118/456/456
f 120/457/457 137/458/458 136/459/459
f 122/460/460 137/461/461 120/462/462
f 122/463/463 138/464/464 137/465/465
f 123/466/466 138/467/467 122/468/468
f 82/469/469 139/470/470 101/471/471
f 81/472/472 139/473/473 82/474/474
f 81/475/475 140/476/476 139/477/477
f 84/478/478 140/479/479 81/480/480
f 84/481/481 141/482/482 140/483/483
f 86/484/484 141/485/485 84/486/486
f 86/487/487 142/488/488 141/489/489
f 88/490/490 142/491/491 86/492/492
f 88/493/493 143/494/494 142/495/495
f 90/496/496 143/497/497 88/498/498
f 90/499/499 144/500/500 143/501/501
f 92/502/502 144/503/503 90/504/504
f 92/505/505 145/506/506 144/507/507
f 94/508/508 145/509/509 92/510/510
f 94/511/511 121/512/512 145/513/513
f 96/514/514 121/515/515 94/516/516
f 101/517/517 146/518/518 103/519/519
f 139/520/520 146/521/521 101/522/522
f 139/523/523 147/524/524 146/525/525
f 140/526/526 147/527/527 139/528/528
f 140/529/529 148/530/530 147/531/531
f 141/532/532 148/533/533 140/534/534
f 141/535/535 149/536/536 148/537/537
f 142/538/538 149/539/539 141/540/540
f 142/541/541 150/542/542 149/543/543
f 143/544/544 150/545/545 142/546/546
f 143/547/547 151/548/548 150/549/549
f 144/550/550 151/551/551 143/552/552
f 144/553/553 152/554/554 151/555/555
f 145/556/556 152/557/557 144/558/558
f 145/559/559 119/560/560 152/561/561
f 121/562/562 119/563/563 145/564/564
f 103/565/565 153/566/566 105/567/567
f 146/568/568 153/569/569 103/570/570
f 146/571/571 154/572/572 153/573/573
f 147/574/574 154/575/575 146/576/576
f 147/577/577 155/578/578 154/579/579
f 148/580/580 155/581/581 147/582/582
f 148/583/583 156/584/584 155/585/585
f 149/586/586 156/587/587 148/588/588
f 149/589/589 157/590/590 156/591/591
f 150/592/592 157/593/593 149/594/594
f 150/595/595 158/596/596 157/597/597
f 151/598/598 158/599/599 150/600/600
f 151/601/601 159/602/602 158/603/603
f 152/604/604 159/605/605 151/606/606
f 152/607/607 117/608/608 159/609/609
f 119/610/610 117/611/611 152/612/612
f 105/613/613 160/614/614 107/615/615
f 153/616/616 160/617/617 105/618/618
f 153/619/619 161/620/620 160/621/621
f 154/622/622 161/623/623 153/624/624
f 154/625/625 162/626/626 161/627/627
f 155/628/628 162/629/629 154/630/630
f 155/631/631 163/632/632 162/633/633
f 156/634/634 163/635/635 155/636/636
f 156/637/637 164/638/638 163/639/639
f 157/640/640 164/641/641 156/642/642
f 157/643/643 165/644/644 164/645/645
f 158/646/646 165/647/647 157/648/648
f 158/649/649 166/650/650 165/651/651
f 159/652/652 166/653/653 158/654/654
f 159/655/655 115/656/656 166/657/657
f 117/658/658 115/659/659 159/660/660
f 107/661/661 167/662/662 109/663/663
f 160/664/664 167/665/665 107/666/666
f 160/667/667 162/668/668 167/669/669
f 161/670/670 162/671/671 160/672/672
f 109/673/673 168/674/674 111/675/675
f 167/676/676 168/677/677 109/678/678
f 167/679/679 163/680/680 168/681/681
f 162/682/682 163/683/683 167/684/684
f 125/685/685 169/686/686 170/687/687
f 124/688/688 169/689/689 125/690/690
f 124/691/691 171/692/692 169/693/693
f 126/694/694 171/695/695 124/696/696
f 126/697/697 172/698/698 171/699/699
f 127/700/700 172/701/701 126/702/702
f 127/703/703 173/704/704 172/705/705
f 128/706/706 173/707/707 127/708/708
f 128/709/709 174/710/710 173/711/711
f 129/712/712 174/713/713 128/714/714
f 129/715/715 175/716/716 174/717/717
f 130/718/718 175/719/719 129/720/720
f 130/721/721 176/722/722 175/723/723
f 131/724/724 176/725/725 130/726/726
f 131/727/727 177/728/728 176/729/729
f 132/730/730 177/731/731 131/732/732
f 132/733/733 178/734/734 177/735/735
f 133/736/736 178/737/737 132/738/738
f 133/739/739 179/740/740 178/741/741
f 134/742/742 179/743/743 133/744/744
f 134/745/745 180/746/746 179/747/747
f 135/748/748 180/749/749 134/750/750
f 135/751/751 181/752/752 180/753/753
f 136/754/754 181/755/755 135/756/756
f 136/757/757 182/758/758 181/759/759
f 137/760/760 182/761/761 136/762/762
f 137/763/763 183/764/764 182/765/765
f 138/766/766 183/767/767 137/768/768
f 170/769/769 184/770/770 185/771/771
f 169/772/772 184/773/773 170/774/774
f 169/775/775 186/776/776 184/777/777
f 171/778/778 186/779/779 169/780/780
f 171/781/781 187/782/782 186/783/783
f 172/784/784 187/785/785 171/786/786
f 172/787/787 188/788/788 187/789/789
f 173/790/790 188/791/791 172/792/792
f 173/793/793 189/794/794 188/795/795
f 174/796/796 189/797/797 173/798/798
f 174/799/799 190/800/800 189/801/801
f 175/802/802 190/803/803 174/804/804
f 175/805/805 191/806/806 190/807/807
f 176/808/808 191/809/809 175/810/810
f 176/811/811 192/812/812 191/813/813
f 177/814/814 192/815/815 176/816/816
f 177/817/817 193/818/818 192/819/819
f 178/820/820 193/821/821 177/822/822
f 178/823/823 194/824/824 193/825/825
f 179/826/826 194/827/827 178/828/828
f 179/829/829 195/830/830 194/831/831
f 180/832/832 195/833/833 179/834/834
f 180/835/835 196/836/836 195/837/837
f 181/838/838 196/839/839 180/840/840
f 181/841/841 197/842/842 196/843/843
f 182/844/844 197/845/845 181/846/846
f 182/847/847 198/848/848 197/849/849
f 183/850/850 198/851/851 182/852/852
f 185/853/853 199/854/854 200/855/855
f 184/856/856 199/857/857 185/858/858
f 184/859/859 201/860/860 199/861/861
f 186/862/862 201/863/863 184/864/864
f 186/865/865 202/866/866 201/867/867
f 187/868/868 202/869/869 186/870/870
f 187/871/871 203/872/872 202/873/873
f 188/874/874 203/875/875 187/876/876
f 188/877/877 204/878/878 203/879/879
f 189/880/880 204/881/881 188/882/882
f 189/883/883 205/884/884 204/885/885
f 190/886/886 205/887/887 189/888/888
f 190/889/889 206/890/890 205/891/891
f 191/892/892 206/893/893 190/894/894
f 191/895/895 207/896/896 206/897/897
f 192/898/898 207/899/899 191/900/900
f 192/901/901 208/902/902 207/903/903
f 193/904/904 208/905/905 192/906/906
f 193/907/907 209/908/908 208/909/909
f 194/910/910 209/911/911 193/912/912
f 194/913/913 210/914/914 209/915/915
f 195/916/916 210/917/917 194/918/918
f 195/919/919 211/920/920 210/921/921
f 196/922/922 211/923/923 195/924/924
f 196/925/925 212/926/926 211/927/927
f 197/928/928 212/929/929 196/930/930
f 197/931/931 213/932/932 212/933/933
f 198/934/934 213/935/935 197/936/936
f 200/937/937 214/938/938 215/939/939
f 199/940/940 214/941/941 200/942/942
f 199/943/943 216/944/944 214/945/945
f 201/946/946 216/947/947 199/948/948
f 201/949/949 217/950/950 216/951/951
f 202/952/952 217/953/953 201/954/954
f 202/955/955 218/956/956 217/957/957
f 203/958/958 218/959/959 202/960/960
f 203/961/961 205/962/962 218/963/963
f 204/964/964 205/965/965 203/966/966
f 215/967/967 219/968/968 220/969/969
f 214/970/970 219/971/971 215/972/972
f 214/973/973 221/974/974 219/975/975
f 216/976/976 221/977/977 214/978/978
f 216/979/979 222/980/980 221/981/981
f 217/982/982 222/983/983 216/984/984
f 217/985/985 223/986/986 222/987/987
f 218/988/988 223/989/989 217/990/990
f 218/991/991 206/992/992 223/993/993
f 205/994/994 206/995/995 218/996/996
f 115/997/997 224/998/998 166/999/999
f 113/1000/1000 224/1001/1001 115/1002/1002
f 113/1003/1003 168/1004/1004 224/1005/1005
f 111/1006/1006 168/1007/1007 113/1008/1008
f 166/1009/1009 164/1010/1010 165/1011/1011
f 224/1012/1012 164/1013/1013 166/1014/1014
f 224/1015/1015 163/1016/1016 164/1017/1017
f 168/1018/1018 163/1019/1019 224/1020/1020
f 219/1021/1021 225/1022/1022 220/1023/1023
f 226/1024/1024 225/1025/1025 219/1026/1026
f 226/1027/1027 213/1028/1028 225/1029/1029
f 212/1030/1030 213/1031/1031 226/1032/1032
f 221/1033/1033 226/1034/1034 219/1035/1035
f 227/1036/1036 226/1037/1037 221/1038/1038
f 227/1039/1039 212/1040/1040 226/1041/1041
f 211/1042/1042 212/1043/1043 227/1044/1044
f 211/1045/1045 228/1046/1046 210/1047/1047
f 227/1048/1048 228/1049/1049 211/1050/1050
f 227/1051/1051 222/1052/1052 228/1053/1053
f 221/1054/1054 222/1055/1055 227/1056/1056
f 210/1057/1057 229/1058/1058 209/1059/1059
f 228/1060/1060 229/1061/1061 210/1062/1062
f 228/1063/1063 223/1064/1064 229/1065/1065
f 222/1066/1066 223/1067/1067 228/1068/1068
f 206/1069/1069 229/1070/1070 223/1071/1071
f 207/1072/1072 229/1073/1073 206/1074/1074
f 207/1075/1075 209/1076/1076 229/1077/1077
f 208/1078/1078 209/1079/1079 207/1080/1080
f 170/1081/1081 230/1082/1082 231/1083/1083
f 185/1084/1084 230/1085/1085 170/1086/1086
f 185/1087/1087 232/1088/1088 230/1089/1089
f 200/1090/1090 232/1091/1091 185/1092/1092
f 200/1093/1093 233/1094/1094 232/1095/1095
f 215/1096/1096 233/1097/1097 200/1098/1098
f 215/1099/1099 234/1100/1100 233/1101/1101
f 220/1102/1102 234/1103/1103 215/1104/1104
f 220/1105/1105 235/1106/1106 234/1107/1107
f 225/1108/1108 235/1109/1109 220/1110/1110
f 225/1111/1111 236/1112/1112 235/1113/1113
f 213/1114/1114 236/1115/1115 225/1116/1116
f 213/1117/1117 237/1118/1118 236/1119/1119
f 198/1120/1120 237/1121/1121 213/1122/1122
f 198/1123/1123 238/1124/1124 237/1125/1125
f 183/1126/1126 238/1127/1127 198/1128/1128
f 183/1129/1129 239/1130/1130 238/1131/1131
f 138/1132/1132 239/1133/1133 183/1134/1134
f 231/1135/1135 240/1136/1136 241/1137/1137
f 230/1138/1138 240/1139/1139 231/1140/1140
f 230/1141/1141 242/1142/1142 240/1143/1143
f 232/1144/1144 242/1145/1145 230/1146/1146
f 232/1147/1147 243/1148/1148 242/1149/1149
f 233/1150/1150 243/1151/1151 232/1152/1152
f 233/1153/1153 244/1154/1154 243/1155/1155
f 234/1156/1156 244/1157/1157 233/1158/1158
f 234/1159/1159 245/1160/1160 244/1161/1161
f 235/1162/1162 245/1163/1163 234/1164/1164
f 235/1165/1165 246/1166/1166 245/1167/1167
f 236/1168/1168 246/1169/1169 235/1170/1170
f 236/1171/1171 247/1172/1172 246/1173/1173
f 237/1174/1174 247/1175/1175 236/1176/1176
f 237/1177/1177 248/1178/1178 247/1179/1179
f 238/1180/1180 248/1181/1181 237/1182/1182
f 238/1183/1183 249/1184/1184 248/1185/1185
f 239/1186/1186 249/1187/1187 238/1188/1188
f 241/1189/1189 250/1190/1190 251/1191/1191
f 240/1192/1192 250/1193/1193 241/1194/1194
f 240/1195/1195 252/1196/1196 250/1197/1197
f 242/1198/1198 252/1199/1199 240/1200/1200
f 242/1201/1201 253/1202/1202 252/1203/1203
f 254/1204/1204 253/1205/1205 242/1206/1206
f 254/1207/1207 255/1208/1208 253/1209/1209
f 256/1210/1210 255/1211/1211 254/1212/1212
f 256/1213/1213 257/1214/1214 255/1215/1215
f 258/1216/1216 257/1217/1217 256/1218/1218
f 258/1219/1219 259/1220/1220 257/1221/1221
f 260/1222/1222 259/1223/1223 258/1224/1224
f 260/1225/1225 261/1226/1226 259/1227/1227
f 262/1228/1228 261/1229/1229 260/1230/1230
f 262/1231/1231 263/1232/1232 261/1233/1233
f 264/1234/1234 263/1235/1235 262/1236/1236
f 264/1237/1237 265/1238/1238 263/1239/1239
f 266/1240/1240 265/1241/1241 264/1242/1242
f 266/1243/1243 267/1244/1244 265/1245/1245
f 268/1246/1246 267/1247/1247 266/1248/1248
f 268/1249/1249 269/1250/1250 267/1251/1251
f 270/1252/1252 269/1253/1253 268/1254/1254
f 270/1255/1255 271/1256/1256 269/1257/1257
f 272/1258/1258 271/1259/1259 270/1260/1260
f 272/1261/1261 273/1262/1262 271/1263/1263
f 274/1264/1264 273/1265/1265 272/1266/1266
f 274/1267/1267 275/1268/1268 273/1269/1269
f 276/1270/1270 275/1271/1271 274/1272/1272
f 276/1273/1273 277/1274/1274 275/1275/1275
f 278/1276/1276 277/1277/1277 276/1278/1278
f 278/1279/1279 279/1280/1280 277/1281/1281
f 280/1282/1282 279/1283/1283 278/1284/1284
f 251/1285/1285 281/1286/1286 282/1287/1287
f 250/1288/1288 281/1289/1289 251/1290/1290
f 250/1291/1291 283/1292/1292 281/1293/1293
f 252/1294/1294 283/1295/1295 250/1296/1296
f 252/1297/1297 284/1298/1298 283/1299/1299
f 253/1300/1300 284/1301/1301 252/1302/1302
f 253/1303/1303 285/1304/1304 284/1305/1305
f 255/1306/1306 285/1307/1307 253/1308/1308
f 255/1309/1309 286/1310/1310 285/1311/1311
f 257/1312/1312 286/1313/1313 255/1314/1314
f 257/1315/1315 287/1316/1316 286/1317/1317
f 259/1318/1318 287/1319/1319 257/1320/1320
f 259/1321/1321 288/1322/1322 287/1323/1323
f 261/1324/1324 288/1325/1325 259/1326/1326
f 261/1327/1327 289/1328/1328 288/1329/1329
f 263/1330/1330 289/1331/1331 261/1332/1332
f 263/1333/1333 290/1334/1334 289/1335/1335
f 265/1336/1336 290/1337/1337 263/1338/1338
f 265/1339/1339 291/1340/1340 290/1341/1341
f 267/1342/1342 291/1343/1343 265/1344/1344
f 267/1345/1345 292/1346/1346 291/1347/1347
f 269/1348/1348 292/1349/1349 267/1350/1350
f 269/1351/1351 293/1352/1352 292/1353/1353
f 271/1354/1354 293/1355/1355 269/1356/1356
f 271/1357/1357 294/1358/1358 293/1359/1359
f 273/1360/1360 294/1361/1361 271/1362/1362
f 273/1363/1363 295/1364/1364 294/1365/1365
f 275/1366/1366 295/1367/1367 273/1368/1368
f 275/1369/1369 296/1370/1370 295/1371/1371
f 277/1372/1372 296/1373/1373 275/1374/1374
f 277/1375/1375 297/1376/1376 296/1377/1377
f 279/1378/1378 297/1379/1379 277/1380/1380
f 282/1381/1381 298/1382/1382 299/1383/1383
f 281/1384/1384 298/1385/1385 282/1386/1386
f 281/1387/1387 300/1388/1388 298/1389/1389
f 283/1390/1390 300/1391/1391 281/1392/1392
f 283/1393/1393 301/1394/1394 300/1395/1395
f 284/1396/1396 301/1397/1397 283/1398/1398
f 284/1399/1399 302/1400/1400 301/1401/1401
f 285/1402/1402 302/1403/1403 284/1404/1404
f 285/1405/1405 303/1406/1406 302/1407/1407
f 286/1408/1408 303/1409/1409 285/1410/1410
f 286/1411/1411 304/1412/1412 303/1413/1413
f 287/1414/1414 304/1415/1415 286/1416/1416
f 287/1417/1417 305/1418/1418 304/1419/1419
f 288/1420/1420 305/1421/1421 287/1422/1422
f 288/1423/1423 306/1424/1424 305/1425/1425
f 289/1426/1426 306/1427/1427 288/1428/1428
f 289/1429/1429 307/1430/1430 306/1431/1431
f 290/1432/1432 307/1433/1433 289/1434/1434
f 290/1435/1435 308/1436/1436 307/1437/1437
f 291/1438/1438 308/1439/1439 290/1440/1440
f 291/1441/1441 309/1442/1442 308/1443/1443
f 292/1444/1444 309/1445/1445 291/1446/1446
f 292/1447/1447 310/1448/1448 309/1449/1449
f 293/1450/1450 310/1451/1451 292/1452/1452
f 293/1453/1453 311/1454/1454 310/1455/1455
f 294/1456/1456 311/1457/1457 293/1458/1458
f 294/1459/1459 312/1460/1460 311/1461/1461
f 295/1462/1462 312/1463/1463 294/1464/1464
f 295/1465/1465 313/1466/1466 312/1467/1467
f 296/1468/1468 313/1469/1469 295/1470/1470
f 296/1471/1471 314/1472/1472 313/1473/1473
f 297/1474/1474 314/1475/1475 296/1476/1476
f 299/1477/1477 315/1478/1478 316/1479/1479
f 298/1480/1480 315/1481/1481 299/1482/1482
f 298/1483/1483 317/1484/1484 315/1485/1485
f 300/1486/1486 317/1487/1487 298/1488/1488
f 300/1489/1489 318/1490/1490 317/1491/1491
f 301/1492/1492 318/1493/1493 300/1494/1494
f 301/1495/1495 319/1496/1496 318/1497/1497
f 302/1498/1498 319/1499/1499 301/1500/1500
f 302/1501/1501 320/1502/1502 319/1503/1503
f 303/1504/1504 320/1505/1505 302/1506/1506
f 303/1507/1507 321/1508/1508 320/1509/1509
f 304/1510/1510 321/1511/1511 303/1512/1512
f 304/1513/1513 322/1514/1514 321/1515/1515
f 305/1516/1516 322/1517/1517 304/1518/1518
f 305/1519/1519 323/1520/1520 322/1521/1521
f 306/1522/1522 323/1523/1523 305/1524/1524
f 306/1525/1525 324/1526/1526 323/1527/1527
f 307/1528/1528 324/1529/1529 306/1530/1530
f 307/1531/1531 325/1532/1532 324/1533/1533
f 308/1534/1534 325/1535/1535 307/1536/1536
f 308/1537/1537 326/1538/1538 325/1539/1539
f 309/1540/1540 326/1541/1541 308/1542/1542
f 309/1543/1543 327/1544/1544 326/1545/1545
f 310/1546/1546 327/1547/1547 309/1548/1548
f 310/1549/1549 328/1550/1550 327/1551/1551
f 311/1552/1552 328/1553/1553 310/1554/1554
f 311/1555/1555 329/1556/1556 328/1557/1557
f 312/1558/1558 329/1559/1559 311/1560/1560
f 312/1561/1561 330/1562/1562 329/1563/1563
f 313/1564/1564 330/1565/1565 312/1566/1566
f 313/1567/1567 331/1568/1568 330/1569/1569
f 314/1570/1570 331/1571/1571 313/1572/1572
f 315/1573/1573 332/1574/1574 316/1575/1575
f 333/1576/1576 332/1577/1577 315/1578/1578
f 333/1579/1579 334/1580/1580 332/1581/1581
f 335/1582/1582 334/1583/1583 333/1584/1584
f 335/1585/1585 336/1586/1586 334/1587/1587
f 337/1588/1588 336/1589/1589 335/1590/1590
f 337/1591/1591 338/1592/1592 336/1593/1593
f 339/1594/1594 338/1595/1595 337/1596/1596
f 339/1597/1597 340/1598/1598 338/1599/1599
f 341/1600/1600 340/1601/1601 339/1602/1602
f 341/1603/1603 342/1604/1604 340/1605/1605
f 343/1606/1606 342/1607/1607 341/1608/1608
f 343/1609/1609 344/1610/1610 342/1611/1611
f 345/1612/1612 344/1613/1613 343/1614/1614
f 345/1615/1615 346/1616/1616 344/1617/1617
f 347/1618/1618 346/1619/1619 345/1620/1620
f 347/1621/1621 348/1622/1622 346/1623/1623
f 349/1624/1624 348/1625/1625 347/1626/1626
f 349/1627/1627 350/1628/1628 348/1629/1629
f 351/1630/1630 350/1631/1631 349/1632/1632
f 351/1633/1633 352/1634/1634 350/1635/1635
f 353/1636/1636 352/1637/1637 351/1638/1638
f 353/1639/1639 331/1640/1640 352/1641/1641
f 330/1642/1642 331/1643/1643 353/1644/1644
f 317/1645/1645 333/1646/1646 315/1647/1647
f 354/1648/1648 333/1649/1649 317/1650/1650
f 354/1651/1651 335/1652/1652 333/1653/1653
f 355/1654/1654 335/1655/1655 354/1656/1656
f 355/1657/1657 337/1658/1658 335/1659/1659
f 356/1660/1660 337/1661/1661 355/1662/1662
f 356/1663/1663 339/1664/1664 337/1665/1665
f 357/1666/1666 339/1667/1667 356/1668/1668
f 357/1669/1669 341/1670/1670 339/1671/1671
f 358/1672/1672 341/1673/1673 357/1674/1674
f 358/1675/1675 343/1676/1676 341/1677/1677
f 359/1678/1678 343/1679/1679 358/1680/1680
f 359/1681/1681 345/1682/1682 343/1683/1683
f 360/1684/1684 345/1685/1685 359/1686/1686
f 360/1687/1687 347/1688/1688 345/1689/1689
f 361/1690/1690 347/1691/1691 360/1692/1692
f 361/1693/1693 349/1694/1694 347/1695/1695
f 362/1696/1696 349/1697/1697 361/1698/1698
f 362/1699/1699 351/1700/1700 349/1701/1701
f 363/1702/1702 351/1703/1703 362/1704/1704
f 363/1705/1705 353/1706/1706 351/1707/1707
f 364/1708/1708 353/1709/1709 363/1710/1710
f 364/1711/1711 330/1712/1712 353/1713/1713
f 329/1714/1714 330/1715/1715 364/1716/1716
f 317/1717/1717 365/1718/1718 354/1719/1719
f 318/1720/1720 365/1721/1721 317/1722/1722
f 318/1723/1723 366/1724/1724 365/1725/1725
f 319/1726/1726 366/1727/1727 318/1728/1728
f 319/1729/1729 367/1730/1730 366/1731/1731
f 320/1732/1732 367/1733/1733 319/1734/1734
f 320/1735/1735 368/1736/1736 367/1737/1737
f 321/1738/1738 368/1739/1739 320/1740/1740
f 321/1741/1741 369/1742/1742 368/1743/1743
f 322/1744/1744 369/1745/1745 321/1746/1746
f 322/1747/1747 370/1748/1748 369/1749/1749
f 323/1750/1750 370/1751/1751 322/1752/1752
f 323/1753/1753 371/1754/1754 370/1755/1755
f 324/1756/1756 371/1757/1757 323/1758/1758
f 324/1759/1759 372/1760/1760 371/1761/1761
f 325/1762/1762 372/1763/1763 324/1764/1764
f 325/1765/1765 373/1766/1766 372/1767/1767
f 326/1768/1768 373/1769/1769 325/1770/1770
f 326/1771/1771 374/1772/1772 373/1773/1773
f 327/1774/1774 374/1775/1775 326/1776/1776
f 327/1777/1777 375/1778/1778 374/1779/1779
f 328/1780/1780 375/1781/1781 327/1782/1782
f 328/1783/1783 364/1784/1784 375/1785/1785
f 329/1786/1786 364/1787/1787 328/1788/1788
f 354/1789/1789 376/1790/1790 355/1791/1791
f 365/1792/1792 376/1793/1793 354/1794/1794
f 365/1795/1795 377/1796/1796 376/1797/1797
f 366/1798/1798 377/1799/1799 365/1800/1800
f 366/1801/1801 378/1802/1802 377/1803/1803
f 367/1804/1804 378/1805/1805 366/1806/1806
f 367/1807/1807 379/1808/1808 378/1809/1809
f 368/1810/1810 379/1811/1811 367/1812/1812
f 368/1813/1813 380/1814/1814 379/1815/1815
f 369/1816/1816 380/1817/1817 368/1818/1818
f 369/1819/1819 381/1820/1820 380/1821/1821
f 370/1822/1822 381/1823/1823 369/1824/1824
f 370/1825/1825 382/1826/1826 381/1827/1827
f 371/1828/1828 382/1829/1829 370/1830/1830
f 371/1831/1831 383/1832/1832 382/1833/1833
f 372/1834/1834 383/1835/1835 371/1836/1836
f 372/1837/1837 384/1838/1838 383/1839/1839
f 373/1840/1840 384/1841/1841 372/1842/1842
f 373/1843/1843 385/1844/1844 384/1845/1845
f 374/1846/1846 385/1847/1847 373/1848/1848
f 374/1849/1849 386/1850/1850 385/1851/1851
f 375/1852/1852 386/1853/1853 374/1854/1854
f 375/1855/1855 363/1856/1856 386/1857/1857
f 364/1858/1858 363/1859/1859 375/1860/1860
f 377/1861/1861 387/1862/1862 376/1863/1863
f 378/1864/1864 387/1865/1865 377/1866/1866
f 378/1867/1867 388/1868/1868 387/1869/1869
f 379/1870/1870 388/1871/1871 378/1872/1872
f 379/1873/1873 389/1874/1874 388/1875/1875
f 380/1876/1876 389/1877/1877 379/1878/1878
f 380/1879/1879 390/1880/1880 389/1881/1881
f 381/1882/1882 390/1883/1883 380/1884/1884
f 381/1885/1885 391/1886/1886 390/1887/1887
f 382/1888/1888 391/1889/1889 381/1890/1890
f 382/1891/1891 392/1892/1892 391/1893/1893
f 383/1894/1894 392/1895/1895 382/1896/1896
f 383/1897/1897 393/1898/1898 392/1899/1899
f 384/1900/1900 393/1901/1901 383/1902/1902
f 384/1903/1903 386/1904/1904 393/1905/1905
f 385/1906/1906 386/1907/1907 384/1908/1908
f 376/1909/1909 356/1910/1910 355/1911/1911
f 387/1912/1912 356/1913/1913 376/1914/1914
f 387/1915/1915 357/1916/1916 356/1917/1917
f 388/1918/1918 357/1919/1919 387/1920/1920
f 388/1921/1921 358/1922/1922 357/1923/1923
f 389/1924/1924 358/1925/1925 388/1926/1926
f 389/1927/1927 359/1928/1928 358/1929/1929
f 390/1930/1930 359/1931/1931 389/1932/1932
f 390/1933/1933 360/1934/1934 359/1935/1935
f 391/1936/1936 360/1937/1937 390/1938/1938
f 391/1939/1939 361/1940/1940 360/1941/1941
f 392/1942/1942 361/1943/1943 391/1944/1944
f 392/1945/1945 362/1946/1946 361/1947/1947
f 393/1948/1948 362/1949/1949 392/1950/1950
f 393/1951/1951 363/1952/1952 362/1953/1953
f 386/1954/1954 363/1955/1955 393/1956/1956
f 394/1957/1957 248/1958/1958 249/1959/1959
f 395/1960/1960 248/1961/1961 394/1962/1962
f 395/1963/1963 247/1964/1964 248/1965/1965
f 396/1966/1966 247/1967/1967 395/1968/1968
f 396/1969/1969 246/1970/1970 247/1971/1971
f 397/1972/1972 246/1973/1973 396/1974/1974
f 397/1975/1975 245/1976/1976 246/1977/1977
f 398/1978/1978 245/1979/1979 397/1980/1980
f 398/1981/1981 399/1982/1982 245/1983/1983
f 400/1984/1984 399/1985/1985 398/1986/1986
f 400/1987/1987 401/1988/1988 399/1989/1989
f 402/1990/1990 401/1991/1991 400/1992/1992
f 402/1993/1993 403/1994/1994 401/1995/1995
f 404/1996/1996 403/1997/1997 402/1998/1998
f 404/1999/1999 258/2000/2000 403/2001/2001
f 260/2002/2002 258/2003/2003 404/2004/2004
f 260/2005/2005 405/2006/2006 262/2007/2007
f 404/2008/2008 405/2009/2009 260/2010/2010
f 404/2011/2011 406/2012/2012 405/2013/2013
f 402/2014/2014 406/2015/2015 404/2016/2016
f 402/2017/2017 407/2018/2018 406/2019/2019
f 400/2020/2020 407/2021/2021 402/2022/2022
f 400/2023/2023 408/2024/2024 407/2025/2025
f 398/2026/2026 408/2027/2027 400/2028/2028
f 398/2029/2029 409/2030/2030 408/2031/2031
f 397/2032/2032 409/2033/2033 398/2034/2034
f 397/2035/2035 410/2036/2036 409/2037/2037
f 396/2038/2038 410/2039/2039 397/2040/2040
f 396/2041/2041 411/2042/2042 410/2043/2043
f 395/2044/2044 411/2045/2045 396/2046/2046
f 395/2047/2047 412/2048/2048 411/2049/2049
f 394/2050/2050 412/2051/2051 395/2052/2052
f 262/2053/2053 413/2054/2054 264/2055/2055
f 405/2056/2056 413/2057/2057 262/2058/2058
f 405/2059/2059 414/2060/2060 413/2061/2061
f 406/2062/2062 414/2063/2063 405/2064/2064
f 406/2065/2065 415/2066/2066 414/2067/2067
f 407/2068/2068 415/2069/2069 406/2070/2070
f 407/2071/2071 416/2072/2072 415/2073/2073
f 408/2074/2074 416/2075/2075 407/2076/2076
f 408/2077/2077 417/2078/2078 416/2079/2079
f 409/2080/2080 417/2081/2081 408/2082/2082
f 409/2083/2083 418/2084/2084 417/2085/2085
f 410/2086/2086 418/2087/2087 409/2088/2088
f 410/2089/2089 419/2090/2090 418/2091/2091
f 411/2092/2092 419/2093/2093 410/2094/2094
f 411/2095/2095 420/2096/2096 419/2097/2097
f 412/2098/2098 420/2099/2099 411/2100/2100
f 245/2101/2101 421/2102/2102 244/2103/2103
f 399/2104/2104 421/2105/2105 245/2106/2106
f 399/2107/2107 422/2108/2108 421/2109/2109
f 401/2110/2110 422/2111/2111 399/2112/2112
f 401/2113/2113 423/2114/2114 422/2115/2115
f 403/2116/2116 423/2117/2117 401/2118/2118
f 403/2119/2119 256/2120/2120 423/2121/2121
f 258/2122/2122 256/2123/2123 403/2124/2124
f 254/2125/2125 423/2126/2126 256/2127/2127
f 424/2128/2128 423/2129/2129 254/2130/2130
f 424/2131/2131 422/2132/2132 423/2133/2133
f 421/2134/2134 422/2135/2135 424/2136/2136
f 421/2137/2137 243/2138/2138 244/2139/2139
f 424/2140/2140 243/2141/2141 421/2142/2142
f 424/2143/2143 242/2144/2144 243/2145/2145
f 254/2146/2146 242/2147/2147 424/2148/2148
f 170/2149/2149 425/2150/2150 125/2151/2151
f 231/2152/2152 425/2153/2153 170/2154/2154
f 231/2155/2155 426/2156/2156 425/2157/2157
f 241/2158/2158 426/2159/2159 231/2160/2160
f 241/2161/2161 427/2162/2162 426/2163/2163
f 251/2164/2164 427/2165/2165 241/2166/2166
f 251/2167/2167 428/2168/2168 427/2169/2169
f 282/2170/2170 428/2171/2171 251/2172/2172
f 282/2173/2173 429/2174/2174 428/2175/2175
f 299/2176/2176 429/2177/2177 282/2178/2178
f 299/2179/2179 430/2180/2180 429/2181/2181
f 316/2182/2182 430/2183/2183 299/2184/2184
f 316/2185/2185 431/2186/2186 430/2187/2187
f 332/2188/2188 431/2189/2189 316/2190/2190
f 332/2191/2191 432/2192/2192 431/2193/2193
f 334/2194/2194 432/2195/2195 332/2196/2196
f 334/2197/2197 433/2198/2198 432/2199/2199
f 336/2200/2200 433/2201/2201 334/2202/2202
f 336/2203/2203 434/2204/2204 433/2205/2205
f 338/2206/2206 434/2207/2207 336/2208/2208
f 338/2209/2209 435/2210/2210 434/2211/2211
f 340/2212/2212 435/2213/2213 338/2214/2214
f 340/2215/2215 436/2216/2216 435/2217/2217
f 342/2218/2218 436/2219/2219 340/2220/2220
f 342/2221/2221 437/2222/2222 436/2223/2223
f 344/2224/2224 437/2225/2225 342/2226/2226
f 344/2227/2227 438/2228/2228 437/2229/2229
f 346/2230/2230 438/2231/2231 344/2232/2232
f 346/2233/2233 439/2234/2234 438/2235/2235
f 348/2236/2236 439/2237/2237 346/2238/2238
f 348/2239/2239 440/2240/2240 439/2241/2241
f 350/2242/2242 440/2243/2243 348/2244/2244
f 350/2245/2245 441/2246/2246 440/2247/2247
f 352/2248/2248 441/2249/2249 350/2250/2250
f 352/2251/2251 442/2252/2252 441/2253/2253
f 331/2254/2254 442/2255/2255 352/2256/2256
f 331/2257/2257 443/2258/2258 442/2259/2259
f 314/2260/2260 443/2261/2261 331/2262/2262
f 314/2263/2263 444/2264/2264 443/2265/2265
f 297/2266/2266 444/2267/2267 314/2268/2268
f 297/2269/2269 445/2270/2270 444/2271/2271
f 279/2272/2272 445/2273/2273 297/2274/2274
f 279/2275/2275 446/2276/2276 445/2277/2277
f 280/2278/2278 446/2279/2279 279/2280/2280
f 280/2281/2281 447/2282/2282 446/2283/2283
f 448/2284/2284 447/2285/2285 280/2286/2286
f 448/2287/2287 449/2288/2288 447/2289/2289
f 450/2290/2290 449/2291/2291 448/2292/2292
f 125/2293/2293 451/2294/2294 99/2295/2295
f 425/2296/2296 451/2297/2297 125/2298/2298
f 425/2299/2299 452/2300/2300 451/2301/2301
f 426/2302/2302 452/2303/2303 425/2304/2304
f 426/2305/2305 453/2306/2306 452/2307/2307
f 427/2308/2308 453/2309/2309 426/2310/2310
f 427/2311/2311 454/2312/2312 453/2313/2313
f 428/2314/2314 454/2315/2315 427/2316/2316
f 428/2317/2317 455/2318/2318 454/2319/2319
f 429/2320/2320 455/2321/2321 428/2322/2322
f 429/2323/2323 456/2324/2324 455/2325/2325
f 430/2326/2326 456/2327/2327 429/2328/2328
f 430/2329/2329 457/2330/2330 456/2331/2331
f 431/2332/2332 457/2333/2333 430/2334/2334
f 431/2335/2335 458/2336/2336 457/2337/2337
f 432/2338/2338 458/2339/2339 431/2340/2340
f 432/2341/2341 459/2342/2342 458/2343/2343
f 433/2344/2344 459/2345/2345 432/2346/2346
f 433/2347/2347 460/2348/2348 459/2349/2349
f 434/2350/2350 460/2351/2351 433/2352/2352
f 434/2353/2353 461/2354/2354 460/2355/2355
f 435/2356/2356 461/2357/2357 434/2358/2358
f 435/2359/2359 462/2360/2360 461/2361/2361
f 436/2362/2362 462/2363/2363 435/2364/2364
f 436/2365/2365 463/2366/2366 462/2367/2367
f 437/2368/2368 463/2369/2369 436/2370/2370
f 437/2371/2371 464/2372/2372 463/2373/2373
f 438/2374/2374 464/2375/2375 437/2376/2376
f 438/2377/2377 465/2378/2378 464/2379/2379
f 439/2380/2380 465/2381/2381 438/2382/2382
f 439/2383/2383 466/2384/2384 465/2385/2385
f 440/2386/2386 466/2387/2387 439/2388/2388
f 440/2389/2389 467/2390/2390 466/2391/2391
f 441/2392/2392 467/2393/2393 440/2394/2394
f 441/2395/2395 468/2396/2396 467/2397/2397
f 442/2398/2398 468/2399/2399 441/2400/2400
f 442/2401/2401 469/2402/2402 468/2403/2403
f 443/2404/2404 469/2405/2405 442/2406/2406
f 443/2407/2407 470/2408/2408 469/2409/2409
f 444/2410/2410 470/2411/2411 443/2412/2412
f 444/2413/2413 471/2414/2414 470/2415/2415
f 445/2416/2416 471/2417/2417 444/2418/2418
f 445/2419/2419 472/2420/2420 471/2421/2421
f 446/2422/2422 472/2423/2423 445/2424/2424
f 446/2425/2425 473/2426/2426 472/2427/2427
f 447/2428/2428 473/2429/2429 446/2430/2430
f 447/2431/2431 474/2432/2432 473/2433/2433
f 449/2434/2434 474/2435/2435 447/2436/2436
f 99/2437/2437 475/2438/2438 80/2439/2439
f 451/2440/2440 475/2441/2441 99/2442/2442
f 451/2443/2443 476/2444/2444 475/2445/2445
f 452/2446/2446 476/2447/2447 451/2448/2448
f 452/2449/2449 477/2450/2450 476/2451/2451
f 453/2452/2452 477/2453/2453 452/2454/2454
f 453/2455/2455 478/2456/2456 477/2457/2457
f 479/2458/2458 478/2459/2459 453/2460/2460
f 479/2461/2461 480/2462/2462 478/2463/2463
f 481/2464/2464 480/2465/2465 479/2466/2466
f 481/2467/2467 482/2468/2468 480/2469/2469
f 483/2470/2470 482/2471/2471 481/2472/2472
f 454/2473/2473 479/2474/2474 453/2475/2475
f 484/2476/2476 479/2477/2477 454/2478/2478
f 484/2479/2479 481/2480/2480 479/2481/2481
f 485/2482/2482 481/2483/2483 484/2484/2484
f 485/2485/2485 483/2486/2486 481/2487/2487
f 486/2488/2488 483/2489/2489 485/2490/2490
f 454/2491/2491 487/2492/2492 484/2493/2493
f 455/2494/2494 487/2495/2495 454/2496/2496
f 455/2497/2497 488/2498/2498 487/2499/2499
f 456/2500/2500 488/2501/2501 455/2502/2502
f 456/2503/2503 489/2504/2504 488/2505/2505
f 457/2506/2506 489/2507/2507 456/2508/2508
f 457/2509/2509 490/2510/2510 489/2511/2511
f 458/2512/2512 490/2513/2513 457/2514/2514
f 458/2515/2515 491/2516/2516 490/2517/2517
f 459/2518/2518 491/2519/2519 458/2520/2520
f 459/2521/2521 492/2522/2522 491/2523/2523
f 460/2524/2524 492/2525/2525 459/2526/2526
f 460/2527/2527 493/2528/2528 492/2529/2529
f 461/2530/2530 493/2531/2531 460/2532/2532
f 461/2533/2533 494/2534/2534 493/2535/2535
f 462/2536/2536 494/2537/2537 461/2538/2538
f 462/2539/2539 495/2540/2540 494/2541/2541
f 463/2542/2542 495/2543/2543 462/2544/2544
f 463/2545/2545 496/2546/2546 495/2547/2547
f 464/2548/2548 496/2549/2549 463/2550/2550
f 464/2551/2551 497/2552/2552 496/2553/2553
f 465/2554/2554 497/2555/2555 464/2556/2556
f 465/2557/2557 498/2558/2558 497/2559/2559
f 466/2560/2560 498/2561/2561 465/2562/2562
f 466/2563/2563 499/2564/2564 498/2565/2565
f 467/2566/2566 499/2567/2567 466/2568/2568
f 467/2569/2569 500/2570/2570 499/2571/2571
f 468/2572/2572 500/2573/2573 467/2574/2574
f 468/2575/2575 501/2576/2576 500/2577/2577
f 469/2578/2578 501/2579/2579 468/2580/2580
f 469/2581/2581 502/2582/2582 501/2583/2583
f 470/2584/2584 502/2585/2585 469/2586/2586
f 470/2587/2587 503/2588/2588 502/2589/2589
f 471/2590/2590 503/2591/2591 470/2592/2592
f 471/2593/2593 504/2594/2594 503/2595/2595
f 505/2596/2596 504/2597/2597 471/2598/2598
f 505/2599/2599 506/2600/2600 504/2601/2601
f 507/2602/2602 506/2603/2603 505/2604/2604
f 507/2605/2605 508/2606/2606 506/2607/2607
f 509/2608/2608 508/2609/2609 507/2610/2610
f 509/2611/2611 510/2612/2612 508/2613/2613
f 511/2614/2614 510/2615/2615 509/2616/2616
f 511/2617/2617 512/2618/2618 510/2619/2619
f 513/2620/2620 512/2621/2621 511/2622/2622
f 513/2623/2623 514/2624/2624 512/2625/2625
f 515/2626/2626 514/2627/2627 513/2628/2628
f 515/2629/2629 516/2630/2630 514/2631/2631
f 517/2632/2632 516/2633/2633 515/2634/2634
f 517/2635/2635 518/2636/2636 516/2637/2637
f 53/2638/2638 518/2639/2639 517/2640/2640
f 53/2641/2641 519/2642/2642 518/2643/2643
f 520/2644/2644 519/2645/2645 53/2646/2646
f 520/2647/2647 521/2648/2648 519/2649/2649
f 522/2650/2650 521/2651/2651 520/2652/2652
f 522/2653/2653 523/2654/2654 521/2655/2655
f 524/2656/2656 523/2657/2657 522/2658/2658
f 524/2659/2659 525/2660/2660 523/2661/2661
f 526/2662/2662 525/2663/2663 524/2664/2664
f 526/2665/2665 527/2666/2666 525/2667/2667
f 528/2668/2668 527/2669/2669 526/2670/2670
f 528/2671/2671 529/2672/2672 527/2673/2673
f 530/2674/2674 529/2675/2675 528/2676/2676
f 530/2677/2677 531/2678/2678 529/2679/2679
f 532/2680/2680 531/2681/2681 530/2682/2682
f 532/2683/2683 533/2684/2684 531/2685/2685
f 534/2686/2686 533/2687/2687 532/2688/2688
f 534/2689/2689 535/2690/2690 533/2691/2691
f 536/2692/2692 535/2693/2693 534/2694/2694
f 536/2695/2695 537/2696/2696 535/2697/2697
f 538/2698/2698 537/2699/2699 536/2700/2700
f 538/2701/2701 539/2702/2702 537/2703/2703
f 540/2704/2704 539/2705/2705 538/2706/2706
f 540/2707/2707 541/2708/2708 539/2709/2709
f 542/2710/2710 541/2711/2711 540/2712/2712
f 542/2713/2713 478/2714/2714 541/2715/2715
f 477/2716/2716 478/2717/2717 542/2718/2718
f 477/2719/2719 543/2720/2720 476/2721/2721
f 542/2722/2722 543/2723/2723 477/2724/2724
f 542/2725/2725 544/2726/2726 543/2727/2727
f 540/2728/2728 544/2729/2729 542/2730/2730
f 540/2731/2731 545/2732/2732 544/2733/2733
f 538/2734/2734 545/2735/2735 540/2736/2736
f 538/2737/2737 546/2738/2738 545/2739/2739
f 536/2740/2740 546/2741/2741 538/2742/2742
f 536/2743/2743 547/2744/2744 546/2745/2745
f 534/2746/2746 547/2747/2747 536/2748/2748
f 534/2749/2749 548/2750/2750 547/2751/2751
f 532/2752/2752 548/2753/2753 534/2754/2754
f 532/2755/2755 549/2756/2756 548/2757/2757
f 530/2758/2758 549/2759/2759 532/2760/2760
f 543/2761/2761 475/2762/2762 476/2763/2763
f 550/2764/2764 475/2765/2765 543/2766/2766
f 550/2767/2767 80/2768/2768 475/2769/2769
f 83/2770/2770 80/2771/2771 550/2772/2772
f 486/2773/2773 551/2774/2774 552/2775/2775
f 485/2776/2776 551/2777/2777 486/2778/2778
f 485/2779/2779 487/2780/2780 551/2781/2781
f 484/2782/2782 487/2783/2783 485/2784/2784
f 544/2785/2785 550/2786/2786 543/2787/2787
f 553/2788/2788 550/2789/2789 544/2790/2790
f 553/2791/2791 83/2792/2792 550/2793/2793
f 85/2794/2794 83/2795/2795 553/2796/2796
f 545/2797/2797 553/2798/2798 544/2799/2799
f 554/2800/2800 553/2801/2801 545/2802/2802
f 554/2803/2803 85/2804/2804 553/2805/2805
f 87/2806/2806 85/2807/2807 554/2808/2808
f 546/2809/2809 554/2810/2810 545/2811/2811
f 555/2812/2812 554/2813/2813 546/2814/2814
f 555/2815/2815 87/2816/2816 554/2817/2817
f 89/2818/2818 87/2819/2819 555/2820/2820
f 482/2821/2821 556/2822/2822 480/2823/2823
f 557/2824/2824 556/2825/2825 482/2826/2826
f 557/2827/2827 558/2828/2828 556/2829/2829
f 559/2830/2830 558/2831/2831 557/2832/2832
f 559/2833/2833 560/2834/2834 558/2835/2835
f 561/2836/2836 560/2837/2837 559/2838/2838
f 561/2839/2839 562/2840/2840 560/2841/2841
f 563/2842/2842 562/2843/2843 561/2844/2844
f 563/2845/2845 564/2846/2846 562/2847/2847
f 565/2848/2848 564/2849/2849 563/2850/2850
f 565/2851/2851 566/2852/2852 564/2853/2853
f 567/2854/2854 566/2855/2855 565/2856/2856
f 567/2857/2857 568/2858/2858 566/2859/2859
f 569/2860/2860 568/2861/2861 567/2862/2862
f 569/2863/2863 570/2864/2864 568/2865/2865
f 571/2866/2866 570/2867/2867 569/2868/2868
f 571/2869/2869 572/2870/2870 570/2871/2871
f 573/2872/2872 572/2873/2873 571/2874/2874
f 573/2875/2875 574/2876/2876 572/2877/2877
f 575/2878/2878 574/2879/2879 573/2880/2880
f 575/2881/2881 576/2882/2882 574/2883/2883
f 577/2884/2884 576/2885/2885 575/2886/2886
f 577/2887/2887 578/2888/2888 576/2889/2889
f 579/2890/2890 578/2891/2891 577/2892/2892
f 579/2893/2893 580/2894/2894 578/2895/2895
f 581/2896/2896 580/2897/2897 579/2898/2898
f 581/2899/2899 582/2900/2900 580/2901/2901
f 583/2902/2902 582/2903/2903 581/2904/2904
f 583/2905/2905 584/2906/2906 582/2907/2907
f 585/2908/2908 584/2909/2909 583/2910/2910
f 585/2911/2911 586/2912/2912 584/2913/2913
f 587/2914/2914 586/2915/2915 585/2916/2916
f 587/2917/2917 588/2918/2918 586/2919/2919
f 589/2920/2920 588/2921/2921 587/2922/2922
f 589/2923/2923 590/2924/2924 588/2925/2925
f 591/2926/2926 590/2927/2927 589/2928/2928
f 591/2929/2929 592/2930/2930 590/2931/2931
f 593/2932/2932 592/2933/2933 591/2934/2934
f 593/2935/2935 594/2936/2936 592/2937/2937
f 595/2938/2938 594/2939/2939 593/2940/2940
f 595/2941/2941 596/2942/2942 594/2943/2943
f 597/2944/2944 596/2945/2945 595/2946/2946
f 597/2947/2947 598/2948/2948 596/2949/2949
f 599/2950/2950 598/2951/2951 597/2952/2952
f 599/2953/2953 600/2954/2954 598/2955/2955
f 601/2956/2956 600/2957/2957 599/2958/2958
f 601/2959/2959 602/2960/2960 600/2961/2961
f 603/2962/2962 602/2963/2963 601/2964/2964
f 603/2965/2965 22/2966/2966 602/2967/2967
f 23/2968/2968 22/2969/2969 603/2970/2970
f 567/2971/2971 571/2972/2972 569/2973/2973
f 76/2974/2974 571/2975/2975 567/2976/2976
f 76/2977/2977 573/2978/2978 571/2979/2979
f 75/2980/2980 573/2981/2981 76/2982/2982
f 75/2983/2983 575/2984/2984 573/2985/2985
f 77/2986/2986 575/2987/2987 75/2988/2988
f 77/2989/2989 577/2990/2990 575/2991/2991
f 78/2992/2992 577/2993/2993 77/2994/2994
f 78/2995/2995 579/2996/2996 577/2997/2997
f 79/2998/2998 579/2999/2999 78/3000/3000
f 79/3001/3001 581/3002/3002 579/3003/3003
f 583/3004/3004 581/3005/3005 79/3006/3006
f 480/3007/3007 541/3008/3008 478/3009/3009
f 556/3010/3010 541/3011/3011 480/3012/3012
f 556/3013/3013 539/3014/3014 541/3015/3015
f 558/3016/3016 539/3017/3017 556/3018/3018
f 558/3019/3019 537/3020/3020 539/3021/3021
f 560/3022/3022 537/3023/3023 558/3024/3024
f 560/3025/3025 535/3026/3026 537/3027/3027
f 562/3028/3028 535/3029/3029 560/3030/3030
f 562/3031/3031 533/3032/3032 535/3033/3033
f 564/3034/3034 533/3035/3035 562/3036/3036
f 564/3037/3037 531/3038/3038 533/3039/3039
f 566/3040/3040 531/3041/3041 564/3042/3042
f 566/3043/3043 529/3044/3044 531/3045/3045
f 568/3046/3046 529/3047/3047 566/3048/3048
f 568/3049/3049 527/3050/3050 529/3051/3051
f 570/3052/3052 527/3053/3053 568/3054/3054
f 570/3055/3055 525/3056/3056 527/3057/3057
f 572/3058/3058 525/3059/3059 570/3060/3060
f 572/3061/3061 523/3062/3062 525/3063/3063
f 574/3064/3064 523/3065/3065 572/3066/3066
f 574/3067/3067 521/3068/3068 523/3069/3069
f 576/3070/3070 521/3071/3071 574/3072/3072
f 576/3073/3073 519/3074/3074 521/3075/3075
f 578/3076/3076 519/3077/3077 576/3078/3078
f 578/3079/3079 518/3080/3080 519/3081/3081
f 580/3082/3082 518/3083/3083 578/3084/3084
f 580/3085/3085 516/3086/3086 518/3087/3087
f 582/3088/3088 516/3089/3089 580/3090/3090
f 582/3091/3091 514/3092/3092 516/3093/3093
f 584/3094/3094 514/3095/3095 582/3096/3096
f 584/3097/3097 512/3098/3098 514/3099/3099
f 586/3100/3100 512/3101/3101 584/3102/3102
f 586/3103/3103 510/3104/3104 512/3105/3105
f 588/3106/3106 510/3107/3107 586/3108/3108
f 588/3109/3109 508/3110/3110 510/3111/3111
f 590/3112/3112 508/3113/3113 588/3114/3114
f 590/3115/3115 506/3116/3116 508/3117/3117
f 592/3118/3118 506/3119/3119 590/3120/3120
f 592/3121/3121 504/3122/3122 506/3123/3123
f 594/3124/3124 504/3125/3125 592/3126/3126
f 594/3127/3127 503/3128/3128 504/3129/3129
f 596/3130/3130 503/3131/3131 594/3132/3132
f 596/3133/3133 502/3134/3134 503/3135/3135
f 598/3136/3136 502/3137/3137 596/3138/3138
f 598/3139/3139 501/3140/3140 502/3141/3141
f 600/3142/3142 501/3143/3143 598/3144/3144
f 600/3145/3145 500/3146/3146 501/3147/3147
f 604/3148/3148 500/3149/3149 600/3150/3150
f 604/3151/3151 499/3152/3152 500/3153/3153
f 605/3154/3154 499/3155/3155 604/3156/3156
f 605/3157/3157 498/3158/3158 499/3159/3159
f 606/3160/3160 498/3161/3161 605/3162/3162
f 606/3163/3163 497/3164/3164 498/3165/3165
f 607/3166/3166 497/3167/3167 606/3168/3168
f 607/3169/3169 496/3170/3170 497/3171/3171
f 608/3172/3172 496/3173/3173 607/3174/3174
f 608/3175/3175 495/3176/3176 496/3177/3177
f 609/3178/3178 495/3179/3179 608/3180/3180
f 609/3181/3181 494/3182/3182 495/3183/3183
f 610/3184/3184 494/3185/3185 609/3186/3186
f 610/3187/3187 493/3188/3188 494/3189/3189
f 611/3190/3190 493/3191/3191 610/3192/3192
f 611/3193/3193 492/3194/3194 493/3195/3195
f 612/3196/3196 492/3197/3197 611/3198/3198
f 612/3199/3199 491/3200/3200 492/3201/3201
f 613/3202/3202 491/3203/3203 612/3204/3204
f 613/3205/3205 490/3206/3206 491/3207/3207
f 614/3208/3208 490/3209/3209 613/3210/3210
f 614/3211/3211 489/3212/3212 490/3213/3213
f 615/3214/3214 489/3215/3215 614/3216/3216
f 615/3217/3217 488/3218/3218 489/3219/3219
f 616/3220/3220 488/3221/3221 615/3222/3222
f 616/3223/3223 487/3224/3224 488/3225/3225
f 551/3226/3226 487/3227/3227 616/3228/3228
f 617/3229/3229 548/3230/3230 549/3231/3231
f 618/3232/3232 548/3233/3233 617/3234/3234
f 618/3235/3235 619/3236/3236 548/3237/3237
f 620/3238/3238 619/3239/3239 618/3240/3240
f 620/3241/3241 93/3242/3242 619/3243/3243
f 95/3244/3244 93/3245/3245 620/3246/3246
f 548/3247/3247 621/3248/3248 547/3249/3249
f 619/3250/3250 621/3251/3251 548/3252/3252
f 619/3253/3253 91/3254/3254 621/3255/3255
f 93/3256/3256 91/3257/3257 619/3258/3258
f 547/3259/3259 555/3260/3260 546/3261/3261
f 621/3262/3262 555/3263/3263 547/3264/3264
f 621/3265/3265 89/3266/3266 555/3267/3267
f 91/3268/3268 89/3269/3269 621/3270/3270
f 622/3271/3271 618/3272/3272 617/3273/3273
f 623/3274/3274 618/3275/3275 622/3276/3276
f 623/3277/3277 620/3278/3278 618/3279/3279
f 624/3280/3280 620/3281/3281 623/3282/3282
f 624/3283/3283 95/3284/3284 620/3285/3285
f 97/3286/3286 95/3287/3287 624/3288/3288
f 622/3289/3289 625/3290/3290 623/3291/3291
f 626/3292/3292 625/3293/3293 622/3294/3294
f 626/3295/3295 627/3296/3296 625/3297/3297
f 628/3298/3298 627/3299/3299 626/3300/3300
f 628/3301/3301 629/3302/3302 627/3303/3303
f 630/3304/3304 629/3305/3305 628/3306/3306
f 630/3307/3307 631/3308/3308 629/3309/3309
f 632/3310/3310 631/3311/3311 630/3312/3312
f 632/3313/3313 633/3314/3314 631/3315/3315
f 634/3316/3316 633/3317/3317 632/3318/3318
f 634/3319/3319 635/3320/3320 633/3321/3321
f 636/3322/3322 635/3323/3323 634/3324/3324
f 636/3325/3325 637/3326/3326 635/3327/3327
f 638/3328/3328 637/3329/3329 636/3330/3330
f 638/3331/3331 639/3332/3332 637/3333/3333
f 640/3334/3334 639/3335/3335 638/3336/3336
f 640/3337/3337 641/3338/3338 639/3339/3339
f 642/3340/3340 641/3341/3341 640/3342/3342
f 642/3343/3343 643/3344/3344 641/3345/3345
f 644/3346/3346 643/3347/3347 642/3348/3348
f 644/3349/3349 517/3350/3350 643/3351/3351
f 53/3352/3352 517/3353/3353 644/3354/3354
f 412/3355/3355 627/3356/3356 629/3357/3357
f 394/3358/3358 627/3359/3359 412/3360/3360
f 394/3361/3361 625/3362/3362 627/3363/3363
f 249/3364/3364 625/3365/3365 394/3366/3366
f 249/3367/3367 645/3368/3368 625/3369/3369
f 239/3370/3370 645/3371/3371 249/3372/3372
f 239/3373/3373 123/3374/3374 645/3375/3375
f 138/3376/3376 123/3377/3377 239/3378/3378
f 629/3379/3379 420/3380/3380 412/3381/3381
f 631/3382/3382 420/3383/3383 629/3384/3384
f 631/3385/3385 646/3386/3386 420/3387/3387
f 633/3388/3388 646/3389/3389 631/3390/3390
f 633/3391/3391 647/3392/3392 646/3393/3393
f 635/3394/3394 647/3395/3395 633/3396/3396
f 635/3397/3397 648/3398/3398 647/3399/3399
f 637/3400/3400 648/3401/3401 635/3402/3402
f 637/3403/3403 649/3404/3404 648/3405/3405
f 650/3406/3406 649/3407/3407 637/3408/3408
f 650/3409/3409 651/3410/3410 649/3411/3411
f 652/3412/3412 651/3413/3413 650/3414/3414
f 625/3415/3415 624/3416/3416 623/3417/3417
f 645/3418/3418 624/3419/3419 625/3420/3420
f 645/3421/3421 97/3422/3422 624/3423/3423
f 123/3424/3424 97/3425/3425 645/3426/3426
f 280/3427/3427 653/3428/3428 448/3429/3429
f 278/3430/3430 653/3431/3431 280/3432/3432
f 278/3433/3433 654/3434/3434 653/3435/3435
f 276/3436/3436 654/3437/3437 278/3438/3438
f 276/3439/3439 655/3440/3440 654/3441/3441
f 656/3442/3442 655/3443/3443 276/3444/3444
f 656/3445/3445 657/3446/3446 655/3447/3447
f 658/3448/3448 657/3449/3449 656/3450/3450
f 658/3451/3451 659/3452/3452 657/3453/3453
f 660/3454/3454 659/3455/3455 658/3456/3456
f 660/3457/3457 661/3458/3458 659/3459/3459
f 662/3460/3460 661/3461/3461 660/3462/3462
f 662/3463/3463 663/3464/3464 661/3465/3465
f 664/3466/3466 663/3467/3467 662/3468/3468
f 664/3469/3469 665/3470/3470 663/3471/3471
f 666/3472/3472 665/3473/3473 664/3474/3474
f 666/3475/3475 649/3476/3476 665/3477/3477
f 648/3478/3478 649/3479/3479 666/3480/3480
f 448/3481/3481 667/3482/3482 450/3483/3483
f 653/3484/3484 667/3485/3485 448/3486/3486
f 653/3487/3487 668/3488/3488 667/3489/3489
f 654/3490/3490 668/3491/3491 653/3492/3492
f 654/3493/3493 669/3494/3494 668/3495/3495
f 655/3496/3496 669/3497/3497 654/3498/3498
f 655/3499/3499 670/3500/3500 669/3501/3501
f 657/3502/3502 670/3503/3503 655/3504/3504
f 657/3505/3505 671/3506/3506 670/3507/3507
f 659/3508/3508 671/3509/3509 657/3510/3510
f 659/3511/3511 672/3512/3512 671/3513/3513
f 661/3514/3514 672/3515/3515 659/3516/3516
f 661/3517/3517 673/3518/3518 672/3519/3519
f 663/3520/3520 673/3521/3521 661/3522/3522
f 663/3523/3523 674/3524/3524 673/3525/3525
f 665/3526/3526 674/3527/3527 663/3528/3528
f 665/3529/3529 651/3530/3530 674/3531/3531
f 649/3532/3532 651/3533/3533 665/3534/3534
f 517/3535/3535 675/3536/3536 643/3537/3537
f 515/3538/3538 675/3539/3539 517/3540/3540
f 515/3541/3541 676/3542/3542 675/3543/3543
f 513/3544/3544 676/3545/3545 515/3546/3546
f 513/3547/3547 677/3548/3548 676/3549/3549
f 511/3550/3550 677/3551/3551 513/3552/3552
f 511/3553/3553 678/3554/3554 677/3555/3555
f 509/3556/3556 678/3557/3557 511/3558/3558
f 509/3559/3559 679/3560/3560 678/3561/3561
f 507/3562/3562 679/3563/3563 509/3564/3564
f 507/3565/3565 680/3566/3566 679/3567/3567
f 505/3568/3568 680/3569/3569 507/3570/3570
f 505/3571/3571 472/3572/3572 680/3573/3573
f 471/3574/3574 472/3575/3575 505/3576/3576
f 473/3577/3577 680/3578/3578 472/3579/3579
f 681/3580/3580 680/3581/3581 473/3582/3582
f 681/3583/3583 679/3584/3584 680/3585/3585
f 682/3586/3586 679/3587/3587 681/3588/3588
f 682/3589/3589 678/3590/3590 679/3591/3591
f 683/3592/3592 678/3593/3593 682/3594/3594
f 683/3595/3595 677/3596/3596 678/3597/3597
f 684/3598/3598 677/3599/3599 683/3600/3600
f 684/3601/3601 676/3602/3602 677/3603/3603
f 685/3604/3604 676/3605/3605 684/3606/3606
f 685/3607/3607 675/3608/3608 676/3609/3609
f 686/3610/3610 675/3611/3611 685/3612/3612
f 686/3613/3613 643/3614/3614 675/3615/3615
f 687/3616/3616 643/3617/3617 686/3618/3618
f 687/3619/3619 641/3620/3620 643/3621/3621
f 688/3622/3622 641/3623/3623 687/3624/3624
f 688/3625/3625 639/3626/3626 641/3627/3627
f 689/3628/3628 639/3629/3629 688/3630/3630
f 689/3631/3631 637/3632/3632 639/3633/3633
f 650/3634/3634 637/3635/3635 689/3636/3636
f 474/3637/3637 681/3638/3638 473/3639/3639
f 690/3640/3640 681/3641/3641 474/3642/3642
f 690/3643/3643 682/3644/3644 681/3645/3645
f 691/3646/3646 682/3647/3647 690/3648/3648
f 691/3649/3649 683/3650/3650 682/3651/3651
f 692/3652/3652 683/3653/3653 691/3654/3654
f 692/3655/3655 684/3656/3656 683/3657/3657
f 693/3658/3658 684/3659/3659 692/3660/3660
f 693/3661/3661 685/3662/3662 684/3663/3663
f 694/3664/3664 685/3665/3665 693/3666/3666
f 694/3667/3667 686/3668/3668 685/3669/3669
f 695/3670/3670 686/3671/3671 694/3672/3672
f 695/3673/3673 687/3674/3674 686/3675/3675
f 696/3676/3676 687/3677/3677 695/3678/3678
f 696/3679/3679 688/3680/3680 687/3681/3681
f 697/3682/3682 688/3683/3683 696/3684/3684
f 697/3685/3685 689/3686/3686 688/3687/3687
f 698/3688/3688 689/3689/3689 697/3690/3690
f 698/3691/3691 650/3692/3692 689/3693/3693
f 652/3694/3694 650/3695/3695 698/3696/3696
f 666/3697/3697 647/3698/3698 648/3699/3699
f 699/3700/3700 647/3701/3701 666/3702/3702
f 699/3703/3703 646/3704/3704 647/3705/3705
f 700/3706/3706 646/3707/3707 699/3708/3708
f 700/3709/3709 420/3710/3710 646/3711/3711
f 419/3712/3712 420/3713/3713 700/3714/3714
f 664/3715/3715 699/3716/3716 666/3717/3717
f 701/3718/3718 699/3719/3719 664/3720/3720
f 701/3721/3721 700/3722/3722 699/3723/3723
f 702/3724/3724 700/3725/3725 701/3726/3726
f 702/3727/3727 419/3728/3728 700/3729/3729
f 418/3730/3730 419/3731/3731 702/3732/3732
f 664/3733/3733 703/3734/3734 701/3735/3735
f 662/3736/3736 703/3737/3737 664/3738/3738
f 662/3739/3739 704/3740/3740 703/3741/3741
f 660/3742/3742 704/3743/3743 662/3744/3744
f 660/3745/3745 705/3746/3746 704/3747/3747
f 706/3748/3748 705/3749/3749 660/3750/3750
f 706/3751/3751 707/3752/3752 705/3753/3753
f 708/3754/3754 707/3755/3755 706/3756/3756
f 708/3757/3757 709/3758/3758 707/3759/3759
f 710/3760/3760 709/3761/3761 708/3762/3762
f 710/3763/3763 268/3764/3764 709/3765/3765
f 270/3766/3766 268/3767/3767 710/3768/3768
f 268/3769/3769 711/3770/3770 709/3771/3771
f 266/3772/3772 711/3773/3773 268/3774/3774
f 266/3775/3775 413/3776/3776 711/3777/3777
f 264/3778/3778 413/3779/3779 266/3780/3780
f 709/3781/3781 712/3782/3782 707/3783/3783
f 711/3784/3784 712/3785/3785 709/3786/3786
f 711/3787/3787 414/3788/3788 712/3789/3789
f 413/3790/3790 414/3791/3791 711/3792/3792
f 701/3793/3793 713/3794/3794 702/3795/3795
f 703/3796/3796 713/3797/3797 701/3798/3798
f 703/3799/3799 714/3800/3800 713/3801/3801
f 704/3802/3802 714/3803/3803 703/3804/3804
f 704/3805/3805 715/3806/3806 714/3807/3807
f 705/3808/3808 715/3809/3809 704/3810/3810
f 705/3811/3811 712/3812/3812 715/3813/3813
f 707/3814/3814 712/3815/3815 705/3816/3816
f 702/3817/3817 417/3818/3818 418/3819/3819
f 713/3820/3820 417/3821/3821 702/3822/3822
f 713/3823/3823 416/3824/3824 417/3825/3825
f 714/3826/3826 416/3827/3827 713/3828/3828
f 714/3829/3829 415/3830/3830 416/3831/3831
f 715/3832/3832 415/3833/3833 714/3834/3834
f 715/3835/3835 414/3836/3836 415/3837/3837
f 712/3838/3838 414/3839/3839 715/3840/3840
f 601/3841/3841 716/3842/3842 603/3843/3843
f 717/3844/3844 716/3845/3845 601/3846/3846
f 717/3847/3847 718/3848/3848 716/3849/3849
f 719/3850/3850 718/3851/3851 717/3852/3852
f 719/3853/3853 720/3854/3854 718/3855/3855
f 721/3856/3856 720/3857/3857 719/3858/3858
f 721/3859/3859 722/3860/3860 720/3861/3861
f 723/3862/3862 722/3863/3863 721/3864/3864
f 723/3865/3865 724/3866/3866 722/3867/3867
f 725/3868/3868 724/3869/3869 723/3870/3870
f 725/3871/3871 726/3872/3872 724/3873/3873
f 606/3874/3874 726/3875/3875 725/3876/3876
f 606/3877/3877 727/3878/3878 726/3879/3879
f 605/3880/3880 727/3881/3881 606/3882/3882
f 605/3883/3883 728/3884/3884 727/3885/3885
f 604/3886/3886 728/3887/3887 605/3888/3888
f 604/3889/3889 602/3890/3890 728/3891/3891
f 600/3892/3892 602/3893/3893 604/3894/3894
f 22/3895/3895 728/3896/3896 602/3897/3897
f 25/3898/3898 728/3899/3899 22/3900/3900
f 25/3901/3901 727/3902/3902 728/3903/3903
f 27/3904/3904 727/3905/3905 25/3906/3906
f 27/3907/3907 726/3908/3908 727/3909/3909
f 29/3910/3910 726/3911/3911 27/3912/3912
f 29/3913/3913 724/3914/3914 726/3915/3915
f 31/3916/3916 724/3917/3917 29/3918/3918
f 31/3919/3919 722/3920/3920 724/3921/3921
f 33/3922/3922 722/3923/3923 31/3924/3924
f 33/3925/3925 720/3926/3926 722/3927/3927
f 35/3928/3928 720/3929/3929 33/3930/3930
f 35/3931/3931 718/3932/3932 720/3933/3933
f 37/3934/3934 718/3935/3935 35/3936/3936
f 37/3937/3937 716/3938/3938 718/3939/3939
f 39/3940/3940 716/3941/3941 37/3942/3942
f 39/3943/3943 603/3944/3944 716/3945/3945
f 23/3946/3946 603/3947/3947 39/3948/3948
f 719/3949/3949 729/3950/3950 721/3951/3951
f 730/3952/3952 729/3953/3953 719/3954/3954
f 730/3955/3955 731/3956/3956 729/3957/3957
f 732/3958/3958 731/3959/3959 730/3960/3960
f 732/3961/3961 733/3962/3962 731/3963/3963
f 734/3964/3964 733/3965/3965 732/3966/3966
f 734/3967/3967 735/3968/3968 733/3969/3969
f 736/3970/3970 735/3971/3971 734/3972/3972
f 736/3973/3973 737/3974/3974 735/3975/3975
f 738/3976/3976 737/3977/3977 736/3978/3978
f 738/3979/3979 739/3980/3980 737/3981/3981
f 740/3982/3982 739/3983/3983 738/3984/3984
f 740/3985/3985 741/3986/3986 739/3987/3987
f 742/3988/3988 741/3989/3989 740/3990/3990
f 742/3991/3991 743/3992/3992 741/3993/3993
f 744/3994/3994 743/3995/3995 742/3996/3996
f 744/3997/3997 745/3998/3998 743/3999/3999
f 746/4000/4000 745/4001/4001 744/4002/4002
f 746/4003/4003 16/4004/4004 745/4005/4005
f 18/4006/4006 16/4007/4007 746/4008/4008
f 747/4009/4009 746/4010/4010 744/4011/4011
f 748/4012/4012 746/4013/4013 747/4014/4014
f 748/4015/4015 18/4016/4016 746/4017/4017
f 20/4018/4018 18/4019/4019 748/4020/4020
f 747/4021/4021 749/4022/4022 748/4023/4023
f 552/4024/4024 749/4025/4025 747/4026/4026
f 552/4027/4027 750/4028/4028 749/4029/4029
f 551/4030/4030 750/4031/4031 552/4032/4032
f 551/4033/4033 751/4034/4034 750/4035/4035
f 616/4036/4036 751/4037/4037 551/4038/4038
f 616/4039/4039 752/4040/4040 751/4041/4041
f 615/4042/4042 752/4043/4043 616/4044/4044
f 615/4045/4045 753/4046/4046 752/4047/4047
f 614/4048/4048 753/4049/4049 615/4050/4050
f 614/4051/4051 754/4052/4052 753/4053/4053
f 755/4054/4054 754/4055/4055 614/4056/4056
f 755/4057/4057 756/4058/4058 754/4059/4059
f 757/4060/4060 756/4061/4061 755/4062/4062
f 757/4063/4063 745/4064/4064 756/4065/4065
f 743/4066/4066 745/4067/4067 757/4068/4068
f 16/4069/4069 756/4070/4070 745/4071/4071
f 14/4072/4072 756/4073/4073 16/4074/4074
f 14/4075/4075 754/4076/4076 756/4077/4077
f 12/4078/4078 754/4079/4079 14/4080/4080
f 12/4081/4081 753/4082/4082 754/4083/4083
f 10/4084/4084 753/4085/4085 12/4086/4086
f 10/4087/4087 752/4088/4088 753/4089/4089
f 8/4090/4090 752/4091/4091 10/4092/4092
f 8/4093/4093 751/4094/4094 752/4095/4095
f 6/4096/4096 751/4097/4097 8/4098/4098
f 6/4099/4099 750/4100/4100 751/4101/4101
f 4/4102/4102 750/4103/4103 6/4104/4104
f 4/4105/4105 749/4106/4106 750/4107/4107
f 1/4108/4108 749/4109/4109 4/4110/4110
f 1/4111/4111 748/4112/4112 749/4113/4113
f 20/4114/4114 748/4115/4115 1/4116/4116
f 613/4117/4117 755/4118/4118 614/4119/4119
f 758/4120/4120 755/4121/4121 613/4122/4122
f 758/4123/4123 757/4124/4124 755/4125/4125
f 759/4126/4126 757/4127/4127 758/4128/4128
f 759/4129/4129 743/4130/4130 757/4131/4131
f 741/4132/4132 743/4133/4133 759/4134/4134
f 613/4135/4135 760/4136/4136 758/4137/4137
f 612/4138/4138 760/4139/4139 613/4140/4140
f 612/4141/4141 761/4142/4142 760/4143/4143
f 611/4144/4144 761/4145/4145 612/4146/4146
f 611/4147/4147 762/4148/4148 761/4149/4149
f 610/4150/4150 762/4151/4151 611/4152/4152
f 610/4153/4153 763/4154/4154 762/4155/4155
f 609/4156/4156 763/4157/4157 610/4158/4158
f 609/4159/4159 764/4160/4160 763/4161/4161
f 608/4162/4162 764/4163/4163 609/4164/4164
f 608/4165/4165 765/4166/4166 764/4167/4167
f 607/4168/4168 765/4169/4169 608/4170/4170
f 607/4171/4171 725/4172/4172 765/4173/4173
f 606/4174/4174 725/4175/4175 607/4176/4176
f 741/4177/4177 766/4178/4178 739/4179/4179
f 759/4180/4180 766/4181/4181 741/4182/4182
f 759/4183/4183 760/4184/4184 766/4185/4185
f 758/4186/4186 760/4187/4187 759/4188/4188
f 739/4189/4189 767/4190/4190 737/4191/4191
f 766/4192/4192 767/4193/4193 739/4194/4194
f 766/4195/4195 761/4196/4196 767/4197/4197
f 760/4198/4198 761/4199/4199 766/4200/4200
f 737/4201/4201 768/4202/4202 735/4203/4203
f 767/4204/4204 768/4205/4205 737/4206/4206
f 767/4207/4207 762/4208/4208 768/4209/4209
f 761/4210/4210 762/4211/4211 767/4212/4212
f 721/4213/4213 769/4214/4214 723/4215/4215
f 729/4216/4216 769/4217/4217 721/4218/4218
f 729/4219/4219 770/4220/4220 769/4221/4221
f 731/4222/4222 770/4223/4223 729/4224/4224
f 731/4225/4225 771/4226/4226 770/4227/4227
f 733/4228/4228 771/4229/4229 731/4230/4230
f 733/4231/4231 768/4232/4232 771/4233/4233
f 735/4234/4234 768/4235/4235 733/4236/4236
f 723/4237/4237 765/4238/4238 725/4239/4239
f 769/4240/4240 765/4241/4241 723/4242/4242
f 769/4243/4243 764/4244/4244 765/4245/4245
f 770/4246/4246 764/4247/4247 769/4248/4248
f 770/4249/4249 763/4250/4250 764/4251/4251
f 771/4252/4252 763/4253/4253 770/4254/4254
f 771/4255/4255 762/4256/4256 763/4257/4257
f 768/4258/4258 762/4259/4259 771/4260/4260
f 660/4261/4261 772/4262/4262 706/4263/4263
f 658/4264/4264 772/4265/4265 660/4266/4266
f 658/4267/4267 773/4268/4268 772/4269/4269
f 656/4270/4270 773/4271/4271 658/4272/4272
f 656/4273/4273 274/4274/4274 773/4275/4275
f 276/4276/4276 274/4277/4277 656/4278/4278
f 274/4279/4279 774/4280/4280 773/4281/4281
f 272/4282/4282 774/4283/4283 274/4284/4284
f 272/4285/4285 710/4286/4286 774/4287/4287
f 270/4288/4288 710/4289/4289 272/4290/4290
f 774/4291/4291 772/4292/4292 773/4293/4293
f 775/4294/4294 772/4295/4295 774/4296/4296
f 775/4297/4297 706/4298/4298 772/4299/4299
f 708/4300/4300 706/4301/4301 775/4302/4302
f 690/4303/4303 776/4304/4304 691/4305/4305
f 777/4306/4306 776/4307/4307 690/4308/4308
f 777/4309/4309 778/4310/4310 776/4311/4311
f 779/4312/4312 778/4313/4313 777/4314/4314
f 779/4315/4315 780/4316/4316 778/4317/4317
f 781/4318/4318 780/4319/4319 779/4320/4320
f 781/4321/4321 782/4322/4322 780/4323/4323
f 783/4324/4324 782/4325/4325 781/4326/4326
f 783/4327/4327 784/4328/4328 782/4329/4329
f 785/4330/4330 784/4331/4331 783/4332/4332
f 785/4333/4333 786/4334/4334 784/4335/4335
f 787/4336/4336 786/4337/4337 785/4338/4338
f 787/4339/4339 788/4340/4340 786/4341/4341
f 789/4342/4342 788/4343/4343 787/4344/4344
f 789/4345/4345 790/4346/4346 788/4347/4347
f 791/4348/4348 790/4349/4349 789/4350/4350
f 791/4351/4351 792/4352/4352 790/4353/4353
f 793/4354/4354 792/4355/4355 791/4356/4356
f 793/4357/4357 794/4358/4358 792/4359/4359
f 795/4360/4360 794/4361/4361 793/4362/4362
f 795/4363/4363 796/4364/4364 794/4365/4365
f 797/4366/4366 796/4367/4367 795/4368/4368
f 797/4369/4369 798/4370/4370 796/4371/4371
f 799/4372/4372 798/4373/4373 797/4374/4374
f 799/4375/4375 800/4376/4376 798/4377/4377
f 801/4378/4378 800/4379/4379 799/4380/4380
f 801/4381/4381 697/4382/4382 800/4383/4383
f 698/4384/4384 697/4385/4385 801/4386/4386
f 690/4387/4387 802/4388/4388 777/4389/4389
f 474/4390/4390 802/4391/4391 690/4392/4392
f 474/4393/4393 803/4394/4394 802/4395/4395
f 449/4396/4396 803/4397/4397 474/4398/4398
f 449/4399/4399 804/4400/4400 803/4401/4401
f 450/4402/4402 804/4403/4403 449/4404/4404
f 450/4405/4405 805/4406/4406 804/4407/4407
f 667/4408/4408 805/4409/4409 450/4410/4410
f 667/4411/4411 806/4412/4412 805/4413/4413
f 668/4414/4414 806/4415/4415 667/4416/4416
f 668/4417/4417 807/4418/4418 806/4419/4419
f 669/4420/4420 807/4421/4421 668/4422/4422
f 669/4423/4423 808/4424/4424 807/4425/4425
f 670/4426/4426 808/4427/4427 669/4428/4428
f 670/4429/4429 809/4430/4430 808/4431/4431
f 671/4432/4432 809/4433/4433 670/4434/4434
f 671/4435/4435 810/4436/4436 809/4437/4437
f 672/4438/4438 810/4439/4439 671/4440/4440
f 672/4441/4441 811/4442/4442 810/4443/4443
f 673/4444/4444 811/4445/4445 672/4446/4446
f 673/4447/4447 812/4448/4448 811/4449/4449
f 674/4450/4450 812/4451/4451 673/4452/4452
f 674/4453/4453 813/4454/4454 812/4455/4455
f 651/4456/4456 813/4457/4457 674/4458/4458
f 651/4459/4459 814/4460/4460 813/4461/4461
f 652/4462/4462 814/4463/4463 651/4464/4464
f 652/4465/4465 801/4466/4466 814/4467/4467
f 698/4468/4468 801/4469/4469 652/4470/4470
f 777/4471/4471 815/4472/4472 779/4473/4473
f 802/4474/4474 815/4475/4475 777/4476/4476
f 802/4477/4477 816/4478/4478 815/4479/4479
f 803/4480/4480 816/4481/4481 802/4482/4482
f 803/4483/4483 817/4484/4484 816/4485/4485
f 804/4486/4486 817/4487/4487 803/4488/4488
f 804/4489/4489 818/4490/4490 817/4491/4491
f 805/4492/4492 818/4493/4493 804/4494/4494
f 805/4495/4495 819/4496/4496 818/4497/4497
f 806/4498/4498 819/4499/4499 805/4500/4500
f 806/4501/4501 820/4502/4502 819/4503/4503
f 807/4504/4504 820/4505/4505 806/4506/4506
f 807/4507/4507 821/4508/4508 820/4509/4509
f 808/4510/4510 821/4511/4511 807/4512/4512
f 808/4513/4513 822/4514/4514 821/4515/4515
f 809/4516/4516 822/4517/4517 808/4518/4518
f 809/4519/4519 823/4520/4520 822/4521/4521
f 810/4522/4522 823/4523/4523 809/4524/4524
f 810/4525/4525 824/4526/4526 823/4527/4527
f 811/4528/4528 824/4529/4529 810/4530/4530
f 811/4531/4531 825/4532/4532 824/4533/4533
f 812/4534/4534 825/4535/4535 811/4536/4536
f 812/4537/4537 826/4538/4538 825/4539/4539
f 813/4540/4540 826/4541/4541 812/4542/4542
f 813/4543/4543 827/4544/4544 826/4545/4545
f 814/4546/4546 827/4547/4547 813/4548/4548
f 814/4549/4549 799/4550/4550 827/4551/4551
f 801/4552/4552 799/4553/4553 814/4554/4554
f 779/4555/4555 828/4556/4556 781/4557/4557
f 815/4558/4558 828/4559/4559 779/4560/4560
f 815/4561/4561 829/4562/4562 828/4563/4563
f 816/4564/4564 829/4565/4565 815/4566/4566
f 816/4567/4567 830/4568/4568 829/4569/4569
f 817/4570/4570 830/4571/4571 816/4572/4572
f 817/4573/4573 831/4574/4574 830/4575/4575
f 818/4576/4576 831/4577/4577 817/4578/4578
f 818/4579/4579 832/4580/4580 831/4581/4581
f 819/4582/4582 832/4583/4583 818/4584/4584
f 819/4585/4585 833/4586/4586 832/4587/4587
f 820/4588/4588 833/4589/4589 819/4590/4590
f 820/4591/4591 834/4592/4592 833/4593/4593
f 821/4594/4594 834/4595/4595 820/4596/4596
f 821/4597/4597 835/4598/4598 834/4599/4599
f 822/4600/4600 835/4601/4601 821/4602/4602
f 822/4603/4603 836/4604/4604 835/4605/4605
f 823/4606/4606 836/4607/4607 822/4608/4608
f 823/4609/4609 837/4610/4610 836/4611/4611
f 824/4612/4612 837/4613/4613 823/4614/4614
f 824/4615/4615 838/4616/4616 837/4617/4617
f 825/4618/4618 838/4619/4619 824/4620/4620
f 825/4621/4621 839/4622/4622 838/4623/4623
f 826/4624/4624 839/4625/4625 825/4626/4626
f 826/4627/4627 840/4628/4628 839/4629/4629
f 827/4630/4630 840/4631/4631 826/4632/4632
f 827/4633/4633 797/4634/4634 840/4635/4635
f 799/4636/4636 797/4637/4637 827/4638/4638
f 781/4639/4639 841/4640/4640 783/4641/4641
f 828/4642/4642 841/4643/4643 781/4644/4644
f 828/4645/4645 842/4646/4646 841/4647/4647
f 829/4648/4648 842/4649/4649 828/4650/4650
f 829/4651/4651 843/4652/4652 842/4653/4653
f 830/4654/4654 843/4655/4655 829/4656/4656
f 830/4657/4657 844/4658/4658 843/4659/4659
f 831/4660/4660 844/4661/4661 830/4662/4662
f 831/4663/4663 845/4664/4664 844/4665/4665
f 832/4666/4666 845/4667/4667 831/4668/4668
f 832/4669/4669 846/4670/4670 845/4671/4671
f 833/4672/4672 846/4673/4673 832/4674/4674
f 833/4675/4675 847/4676/4676 846/4677/4677
f 834/4678/4678 847/4679/4679 833/4680/4680
f 834/4681/4681 848/4682/4682 847/4683/4683
f 835/4684/4684 848/4685/4685 834/4686/4686
f 835/4687/4687 849/4688/4688 848/4689/4689
f 836/4690/4690 849/4691/4691 835/4692/4692
f 836/4693/4693 850/4694/4694 849/4695/4695
f 837/4696/4696 850/4697/4697 836/4698/4698
f 837/4699/4699 851/4700/4700 850/4701/4701
f 838/4702/4702 851/4703/4703 837/4704/4704
f 838/4705/4705 852/4706/4706 851/4707/4707
f 839/4708/4708 852/4709/4709 838/4710/4710
f 839/4711/4711 853/4712/4712 852/4713/4713
f 840/4714/4714 853/4715/4715 839/4716/4716
f 840/4717/4717 795/4718/4718 853/4719/4719
f 797/4720/4720 795/4721/4721 840/4722/4722
f 776/4723/4723 692/4724/4724 691/4725/4725
f 854/4726/4726 692/4727/4727 776/4728/4728
f 854/4729/4729 693/4730/4730 692/4731/4731
f 855/4732/4732 693/4733/4733 854/4734/4734
f 855/4735/4735 694/4736/4736 693/4737/4737
f 856/4738/4738 694/4739/4739 855/4740/4740
f 856/4741/4741 695/4742/4742 694/4743/4743
f 857/4744/4744 695/4745/4745 856/4746/4746
f 857/4747/4747 696/4748/4748 695/4749/4749
f 858/4750/4750 696/4751/4751 857/4752/4752
f 858/4753/4753 697/4754/4754 696/4755/4755
f 800/4756/4756 697/4757/4757 858/4758/4758
f 778/4759/4759 854/4760/4760 776/4761/4761
f 859/4762/4762 854/4763/4763 778/4764/4764
f 859/4765/4765 855/4766/4766 854/4767/4767
f 860/4768/4768 855/4769/4769 859/4770/4770
f 860/4771/4771 856/4772/4772 855/4773/4773
f 861/4774/4774 856/4775/4775 860/4776/4776
f 861/4777/4777 857/4778/4778 856/4779/4779
f 862/4780/4780 857/4781/4781 861/4782/4782
f 862/4783/4783 858/4784/4784 857/4785/4785
f 863/4786/4786 858/4787/4787 862/4788/4788
f 863/4789/4789 800/4790/4790 858/4791/4791
f 798/4792/4792 800/4793/4793 863/4794/4794
f 780/4795/4795 859/4796/4796 778/4797/4797
f 864/4798/4798 859/4799/4799 780/4800/4800
f 864/4801/4801 860/4802/4802 859/4803/4803
f 865/4804/4804 860/4805/4805 864/4806/4806
f 865/4807/4807 861/4808/4808 860/4809/4809
f 866/4810/4810 861/4811/4811 865/4812/4812
f 866/4813/4813 862/4814/4814 861/4815/4815
f 867/4816/4816 862/4817/4817 866/4818/4818
f 867/4819/4819 863/4820/4820 862/4821/4821
f 868/4822/4822 863/4823/4823 867/4824/4824
f 868/4825/4825 798/4826/4826 863/4827/4827
f 796/4828/4828 798/4829/4829 868/4830/4830
f 782/4831/4831 864/4832/4832 780/4833/4833
f 869/4834/4834 864/4835/4835 782/4836/4836
f 869/4837/4837 865/4838/4838 864/4839/4839
f 870/4840/4840 865/4841/4841 869/4842/4842
f 870/4843/4843 866/4844/4844 865/4845/4845
f 871/4846/4846 866/4847/4847 870/4848/4848
f 871/4849/4849 867/4850/4850 866/4851/4851
f 872/4852/4852 867/4853/4853 871/4854/4854
f 872/4855/4855 868/4856/4856 867/4857/4857
f 873/4858/4858 868/4859/4859 872/4860/4860
f 873/4861/4861 796/4862/4862 868/4863/4863
f 794/4864/4864 796/4865/4865 873/4866/4866
f 783/4867/4867 874/4868/4868 785/4869/4869
f 841/4870/4870 874/4871/4871 783/4872/4872
f 841/4873/4873 875/4874/4874 874/4875/4875
f 842/4876/4876 875/4877/4877 841/4878/4878
f 842/4879/4879 876/4880/4880 875/4881/4881
f 843/4882/4882 876/4883/4883 842/4884/4884
f 843/4885/4885 877/4886/4886 876/4887/4887
f 844/4888/4888 877/4889/4889 843/4890/4890
f 844/4891/4891 878/4892/4892 877/4893/4893
f 845/4894/4894 878/4895/4895 844/4896/4896
f 845/4897/4897 879/4898/4898 878/4899/4899
f 846/4900/4900 879/4901/4901 845/4902/4902
f 846/4903/4903 880/4904/4904 879/4905/4905
f 847/4906/4906 880/4907/4907 846/4908/4908
f 847/4909/4909 881/4910/4910 880/4911/4911
f 848/4912/4912 881/4913/4913 847/4914/4914
f 848/4915/4915 882/4916/4916 881/4917/4917
f 849/4918/4918 882/4919/4919 848/4920/4920
f 849/4921/4921 883/4922/4922 882/4923/4923
f 850/4924/4924 883/4925/4925 849/4926/4926
f 850/4927/4927 884/4928/4928 883/4929/4929
f 851/4930/4930 884/4931/4931 850/4932/4932
f 851/4933/4933 885/4934/4934 884/4935/4935
f 852/4936/4936 885/4937/4937 851/4938/4938
f 852/4939/4939 886/4940/4940 885/4941/4941
f 853/4942/4942 886/4943/4943 852/4944/4944
f 853/4945/4945 793/4946/4946 886/4947/4947
f 795/4948/4948 793/4949/4949 853/4950/4950
f 878/4951/4951 887/4952/4952 877/4953/4953
f 879/4954/4954 887/4955/4955 878/4956/4956
f 879/4957/4957 888/4958/4958 887/4959/4959
f 880/4960/4960 888/4961/4961 879/4962/4962
f 880/4963/4963 889/4964/4964 888/4965/4965
f 881/4966/4966 889/4967/4967 880/4968/4968
f 881/4969/4969 883/4970/4970 889/4971/4971
f 882/4972/4972 883/4973/4973 881/4974/4974
f 877/4975/4975 890/4976/4976 876/4977/4977
f 887/4978/4978 890/4979/4979 877/4980/4980
f 887/4981/4981 891/4982/4982 890/4983/4983
f 888/4984/4984 891/4985/4985 887/4986/4986
f 888/4987/4987 892/4988/4988 891/4989/4989
f 889/4990/4990 892/4991/4991 888/4992/4992
f 889/4993/4993 884/4994/4994 892/4995/4995
f 883/4996/4996 884/4997/4997 889/4998/4998
f 785/4999/4999 893/5000/5000 787/5001/5001
f 874/5002/5002 893/5003/5003 785/5004/5004
f 874/5005/5005 894/5006/5006 893/5007/5007
f 875/5008/5008 894/5009/5009 874/5010/5010
f 875/5011/5011 890/5012/5012 894/5013/5013
f 876/5014/5014 890/5015/5015 875/5016/5016
f 787/5017/5017 895/5018/5018 789/5019/5019
f 893/5020/5020 895/5021/5021 787/5022/5022
f 893/5023/5023 896/5024/5024 895/5025/5025
f 894/5026/5026 896/5027/5027 893/5028/5028
f 894/5029/5029 891/5030/5030 896/5031/5031
f 890/5032/5032 891/5033/5033 894/5034/5034
f 782/5035/5035 897/5036/5036 869/5037/5037
f 784/5038/5038 897/5039/5039 782/5040/5040
f 784/5041/5041 898/5042/5042 897/5043/5043
f 786/5044/5044 898/5045/5045 784/5046/5046
f 786/5047/5047 899/5048/5048 898/5049/5049
f 788/5050/5050 899/5051/5051 786/5052/5052
f 788/5053/5053 900/5054/5054 899/5055/5055
f 790/5056/5056 900/5057/5057 788/5058/5058
f 790/5059/5059 901/5060/5060 900/5061/5061
f 792/5062/5062 901/5063/5063 790/5064/5064
f 792/5065/5065 873/5066/5066 901/5067/5067
f 794/5068/5068 873/5069/5069 792/5070/5070
f 897/5071/5071 870/5072/5072 869/5073/5073
f 898/5074/5074 870/5075/5075 897/5076/5076
f 898/5077/5077 871/5078/5078 870/5079/5079
f 899/5080/5080 871/5081/5081 898/5082/5082
f 899/5083/5083 872/5084/5084 871/5085/5085
f 900/5086/5086 872/5087/5087 899/5088/5088
f 900/5089/5089 873/5090/5090 872/5091/5091
f 901/5092/5092 873/5093/5093 900/5094/5094
f 793/5095/5095 902/5096/5096 886/5097/5097
f 791/5098/5098 902/5099/5099 793/5100/5100
f 791/5101/5101 895/5102/5102 902/5103/5103
f 789/5104/5104 895/5105/5105 791/5106/5106
f 895/5107/5107 903/5108/5108 902/5109/5109
f 896/5110/5110 903/5111/5111 895/5112/5112
f 896/5113/5113 892/5114/5114 903/5115/5115
f 891/5116/5116 892/5117/5117 896/5118/5118
f 902/5119/5119 885/5120/5120 886/5121/5121
f 903/5122/5122 885/5123/5123 902/5124/5124
f 903/5125/5125 884/5126/5126 885/5127/5127
f 892/5128/5128 884/5129/5129 903/5130/5130
f 43/5131/5131 904/5132/5132 41/5133/5133
f 905/5134/5134 904/5135/5135 43/5136/5136
f 905/5137/5137 906/5138/5138 904/5139/5139
f 907/5140/5140 906/5141/5141 905/5142/5142
f 907/5143/5143 908/5144/5144 906/5145/5145
f 909/5146/5146 908/5147/5147 907/5148/5148
f 909/5149/5149 910/5150/5150 908/5151/5151
f 911/5152/5152 910/5153/5153 909/5154/5154
f 911/5155/5155 912/5156/5156 910/5157/5157
f 913/5158/5158 912/5159/5159 911/5160/5160
f 913/5161/5161 914/5162/5162 912/5163/5163
f 915/5164/5164 914/5165/5165 913/5166/5166
f 915/5167/5167 916/5168/5168 914/5169/5169
f 917/5170/5170 916/5171/5171 915/5172/5172
f 917/5173/5173 918/5174/5174 916/5175/5175
f 919/5176/5176 918/5177/5177 917/5178/5178
f 919/5179/5179 920/5180/5180 918/5181/5181
f 921/5182/5182 920/5183/5183 919/5184/5184
f 921/5185/5185 922/5186/5186 920/5187/5187
f 923/5188/5188 922/5189/5189 921/5190/5190
f 923/5191/5191 924/5192/5192 922/5193/5193
f 925/5194/5194 924/5195/5195 923/5196/5196
f 925/5197/5197 926/5198/5198 924/5199/5199
f 927/5200/5200 926/5201/5201 925/5202/5202
f 927/5203/5203 928/5204/5204 926/5205/5205
f 929/5206/5206 928/5207/5207 927/5208/5208
f 929/5209/5209 930/5210/5210 928/5211/5211
f 931/5212/5212 930/5213/5213 929/5214/5214
f 931/5215/5215 932/5216/5216 930/5217/5217
f 933/5218/5218 932/5219/5219 931/5220/5220
f 933/5221/5221 934/5222/5222 932/5223/5223
f 935/5224/5224 934/5225/5225 933/5226/5226
f 935/5227/5227 936/5228/5228 934/5229/5229
f 937/5230/5230 936/5231/5231 935/5232/5232
f 937/5233/5233 938/5234/5234 936/5235/5235
f 939/5236/5236 938/5237/5237 937/5238/5238
f 939/5239/5239 940/5240/5240 938/5241/5241
f 941/5242/5242 940/5243/5243 939/5244/5244
f 941/5245/5245 942/5246/5246 940/5247/5247
f 943/5248/5248 942/5249/5249 941/5250/5250
f 943/5251/5251 944/5252/5252 942/5253/5253
f 945/5254/5254 944/5255/5255 943/5256/5256
f 945/5257/5257 946/5258/5258 944/5259/5259
f 947/5260/5260 946/5261/5261 945/5262/5262
f 947/5263/5263 948/5264/5264 946/5265/5265
f 949/5266/5266 948/5267/5267 947/5268/5268
f 949/5269/5269 950/5270/5270 948/5271/5271
f 951/5272/5272 950/5273/5273 949/5274/5274
f 951/5275/5275 952/5276/5276 950/5277/5277
f 953/5278/5278 952/5279/5279 951/5280/5280
f 953/5281/5281 954/5282/5282 952/5283/5283
f 955/5284/5284 954/5285/5285 953/5286/5286
f 955/5287/5287 956/5288/5288 954/5289/5289
f 957/5290/5290 956/5291/5291 955/5292/5292
f 957/5293/5293 958/5294/5294 956/5295/5295
f 959/5296/5296 958/5297/5297 957/5298/5298
f 959/5299/5299 960/5300/5300 958/5301/5301
f 961/5302/5302 960/5303/5303 959/5304/5304
f 961/5305/5305 962/5306/5306 960/5307/5307
f 963/5308/5308 962/5309/5309 961/5310/5310
f 963/5311/5311 630/5312/5312 962/5313/5313
f 632/5314/5314 630/5315/5315 963/5316/5316
f 912/5317/5317 964/5318/5318 910/5319/5319
f 914/5320/5320 964/5321/5321 912/5322/5322
f 914/5323/5323 965/5324/5324 964/5325/5325
f 916/5326/5326 965/5327/5327 914/5328/5328
f 916/5329/5329 966/5330/5330 965/5331/5331
f 918/5332/5332 966/5333/5333 916/5334/5334
f 918/5335/5335 967/5336/5336 966/5337/5337
f 920/5338/5338 967/5339/5339 918/5340/5340
f 920/5341/5341 968/5342/5342 967/5343/5343
f 922/5344/5344 968/5345/5345 920/5346/5346
f 922/5347/5347 969/5348/5348 968/5349/5349
f 924/5350/5350 969/5351/5351 922/5352/5352
f 924/5353/5353 970/5354/5354 969/5355/5355
f 926/5356/5356 970/5357/5357 924/5358/5358
f 926/5359/5359 971/5360/5360 970/5361/5361
f 928/5362/5362 971/5363/5363 926/5364/5364
f 928/5365/5365 972/5366/5366 971/5367/5367
f 930/5368/5368 972/5369/5369 928/5370/5370
f 930/5371/5371 973/5372/5372 972/5373/5373
f 932/5374/5374 973/5375/5375 930/5376/5376
f 932/5377/5377 974/5378/5378 973/5379/5379
f 934/5380/5380 974/5381/5381 932/5382/5382
f 934/5383/5383 975/5384/5384 974/5385/5385
f 936/5386/5386 975/5387/5387 934/5388/5388
f 936/5389/5389 976/5390/5390 975/5391/5391
f 938/5392/5392 976/5393/5393 936/5394/5394
f 938/5395/5395 977/5396/5396 976/5397/5397
f 940/5398/5398 977/5399/5399 938/5400/5400
f 940/5401/5401 978/5402/5402 977/5403/5403
f 942/5404/5404 978/5405/5405 940/5406/5406
f 942/5407/5407 979/5408/5408 978/5409/5409
f 944/5410/5410 979/5411/5411 942/5412/5412
f 944/5413/5413 980/5414/5414 979/5415/5415
f 946/5416/5416 980/5417/5417 944/5418/5418
f 946/5419/5419 981/5420/5420 980/5421/5421
f 948/5422/5422 981/5423/5423 946/5424/5424
f 948/5425/5425 982/5426/5426 981/5427/5427
f 950/5428/5428 982/5429/5429 948/5430/5430
f 950/5431/5431 983/5432/5432 982/5433/5433
f 952/5434/5434 983/5435/5435 950/5436/5436
f 952/5437/5437 984/5438/5438 983/5439/5439
f 954/5440/5440 984/5441/5441 952/5442/5442
f 954/5443/5443 985/5444/5444 984/5445/5445
f 956/5446/5446 985/5447/5447 954/5448/5448
f 956/5449/5449 986/5450/5450 985/5451/5451
f 958/5452/5452 986/5453/5453 956/5454/5454
f 958/5455/5455 987/5456/5456 986/5457/5457
f 960/5458/5458 987/5459/5459 958/5460/5460
f 960/5461/5461 988/5462/5462 987/5463/5463
f 962/5464/5464 988/5465/5465 960/5466/5466
f 962/5467/5467 628/5468/5468 988/5469/5469
f 630/5470/5470 628/5471/5471 962/5472/5472
f 964/5473/5473 908/5474/5474 910/5475/5475
f 989/5476/5476 908/5477/5477 964/5478/5478
f 989/5479/5479 906/5480/5480 908/5481/5481
f 990/5482/5482 906/5483/5483 989/5484/5484
f 990/5485/5485 904/5486/5486 906/5487/5487
f 991/5488/5488 904/5489/5489 990/5490/5490
f 991/5491/5491 41/5492/5492 904/5493/5493
f 992/5494/5494 41/5495/5495 991/5496/5496
f 964/5497/5497 993/5498/5498 989/5499/5499
f 965/5500/5500 993/5501/5501 964/5502/5502
f 965/5503/5503 994/5504/5504 993/5505/5505
f 966/5506/5506 994/5507/5507 965/5508/5508
f 966/5509/5509 995/5510/5510 994/5511/5511
f 967/5512/5512 995/5513/5513 966/5514/5514
f 967/5515/5515 996/5516/5516 995/5517/5517
f 968/5518/5518 996/5519/5519 967/5520/5520
f 968/5521/5521 997/5522/5522 996/5523/5523
f 969/5524/5524 997/5525/5525 968/5526/5526
f 969/5527/5527 998/5528/5528 997/5529/5529
f 970/5530/5530 998/5531/5531 969/5532/5532
f 970/5533/5533 999/5534/5534 998/5535/5535
f 971/5536/5536 999/5537/5537 970/5538/5538
f 971/5539/5539 1000/5540/5540 999/5541/5541
f 972/5542/5542 1000/5543/5543 971/5544/5544
f 972/5545/5545 1001/5546/5546 1000/5547/5547
f 973/5548/5548 1001/5549/5549 972/5550/5550
f 973/5551/5551 1002/5552/5552 1001/5553/5553
f 974/5554/5554 1002/5555/5555 973/5556/5556
f 974/5557/5557 1003/5558/5558 1002/5559/5559
f 975/5560/5560 1003/5561/5561 974/5562/5562
f 975/5563/5563 1004/5564/5564 1003/5565/5565
f 976/5566/5566 1004/5567/5567 975/5568/5568
f 976/5569/5569 1005/5570/5570 1004/5571/5571
f 977/5572/5572 1005/5573/5573 976/5574/5574
f 977/5575/5575 1006/5576/5576 1005/5577/5577
f 978/5578/5578 1006/5579/5579 977/5580/5580
f 978/5581/5581 1007/5582/5582 1006/5583/5583
f 979/5584/5584 1007/5585/5585 978/5586/5586
f 979/5587/5587 1008/5588/5588 1007/5589/5589
f 980/5590/5590 1008/5591/5591 979/5592/5592
f 980/5593/5593 1009/5594/5594 1008/5595/5595
f 981/5596/5596 1009/5597/5597 980/5598/5598
f 981/5599/5599 1010/5600/5600 1009/5601/5601
f 982/5602/5602 1010/5603/5603 981/5604/5604
f 982/5605/5605 1011/5606/5606 1010/5607/5607
f 983/5608/5608 1011/5609/5609 982/5610/5610
f 983/5611/5611 1012/5612/5612 1011/5613/5613
f 984/5614/5614 1012/5615/5615 983/5616/5616
f 984/5617/5617 1013/5618/5618 1012/5619/5619
f 985/5620/5620 1013/5621/5621 984/5622/5622
f 985/5623/5623 987/5624/5624 1013/5625/5625
f 986/5626/5626 987/5627/5627 985/5628/5628
f 911/5629/5629 1014/5630/5630 913/5631/5631
f 1015/5632/5632 1014/5633/5633 911/5634/5634
f 1015/5635/5635 1016/5636/5636 1014/5637/5637
f 1017/5638/5638 1016/5639/5639 1015/5640/5640
f 1017/5641/5641 1018/5642/5642 1016/5643/5643
f 1019/5644/5644 1018/5645/5645 1017/5646/5646
f 1019/5647/5647 1020/5648/5648 1018/5649/5649
f 1021/5650/5650 1020/5651/5651 1019/5652/5652
f 1021/5653/5653 1022/5654/5654 1020/5655/5655
f 1023/5656/5656 1022/5657/5657 1021/5658/5658
f 1023/5659/5659 1024/5660/5660 1022/5661/5661
f 1025/5662/5662 1024/5663/5663 1023/5664/5664
f 1025/5665/5665 1026/5666/5666 1024/5667/5667
f 1027/5668/5668 1026/5669/5669 1025/5670/5670
f 1027/5671/5671 1028/5672/5672 1026/5673/5673
f 1029/5674/5674 1028/5675/5675 1027/5676/5676
f 1029/5677/5677 1030/5678/5678 1028/5679/5679
f 1031/5680/5680 1030/5681/5681 1029/5682/5682
f 1031/5683/5683 1032/5684/5684 1030/5685/5685
f 1033/5686/5686 1032/5687/5687 1031/5688/5688
f 1033/5689/5689 931/5690/5690 1032/5691/5691
f 933/5692/5692 931/5693/5693 1033/5694/5694
f 1020/5695/5695 1016/5696/5696 1018/5697/5697
f 1034/5698/5698 1016/5699/5699 1020/5700/5700
f 1034/5701/5701 1014/5702/5702 1016/5703/5703
f 1035/5704/5704 1014/5705/5705 1034/5706/5706
f 1035/5707/5707 913/5708/5708 1014/5709/5709
f 915/5710/5710 913/5711/5711 1035/5712/5712
f 1020/5713/5713 1036/5714/5714 1034/5715/5715
f 1022/5716/5716 1036/5717/5717 1020/5718/5718
f 1022/5719/5719 1037/5720/5720 1036/5721/5721
f 1024/5722/5722 1037/5723/5723 1022/5724/5724
f 1024/5725/5725 1038/5726/5726 1037/5727/5727
f 1039/5728/5728 1038/5729/5729 1024/5730/5730
f 1039/5731/5731 1040/5732/5732 1038/5733/5733
f 1041/5734/5734 1040/5735/5735 1039/5736/5736
f 1041/5737/5737 1042/5738/5738 1040/5739/5739
f 1043/5740/5740 1042/5741/5741 1041/5742/5742
f 1043/5743/5743 923/5744/5744 1042/5745/5745
f 925/5746/5746 923/5747/5747 1043/5748/5748
f 1034/5749/5749 1044/5750/5750 1035/5751/5751
f 1036/5752/5752 1044/5753/5753 1034/5754/5754
f 1036/5755/5755 1045/5756/5756 1044/5757/5757
f 1037/5758/5758 1045/5759/5759 1036/5760/5760
f 1037/5761/5761 1046/5762/5762 1045/5763/5763
f 1038/5764/5764 1046/5765/5765 1037/5766/5766
f 1038/5767/5767 1042/5768/5768 1046/5769/5769
f 1040/5770/5770 1042/5771/5771 1038/5772/5772
f 1035/5773/5773 917/5774/5774 915/5775/5775
f 1044/5776/5776 917/5777/5777 1035/5778/5778
f 1044/5779/5779 919/5780/5780 917/5781/5781
f 1045/5782/5782 919/5783/5783 1044/5784/5784
f 1045/5785/5785 921/5786/5786 919/5787/5787
f 1046/5788/5788 921/5789/5789 1045/5790/5790
f 1046/5791/5791 923/5792/5792 921/5793/5793
f 1042/5794/5794 923/5795/5795 1046/5796/5796
f 989/5797/5797 1047/5798/5798 990/5799/5799
f 993/5800/5800 1047/5801/5801 989/5802/5802
f 993/5803/5803 1048/5804/5804 1047/5805/5805
f 994/5806/5806 1048/5807/5807 993/5808/5808
f 994/5809/5809 1049/5810/5810 1048/5811/5811
f 995/5812/5812 1049/5813/5813 994/5814/5814
f 995/5815/5815 1050/5816/5816 1049/5817/5817
f 996/5818/5818 1050/5819/5819 995/5820/5820
f 996/5821/5821 1051/5822/5822 1050/5823/5823
f 997/5824/5824 1051/5825/5825 996/5826/5826
f 997/5827/5827 1052/5828/5828 1051/5829/5829
f 998/5830/5830 1052/5831/5831 997/5832/5832
f 998/5833/5833 1053/5834/5834 1052/5835/5835
f 999/5836/5836 1053/5837/5837 998/5838/5838
f 999/5839/5839 1054/5840/5840 1053/5841/5841
f 1000/5842/5842 1054/5843/5843 999/5844/5844
f 1000/5845/5845 1055/5846/5846 1054/5847/5847
f 1001/5848/5848 1055/5849/5849 1000/5850/5850
f 1001/5851/5851 1056/5852/5852 1055/5853/5853
f 1002/5854/5854 1056/5855/5855 1001/5856/5856
f 1002/5857/5857 1057/5858/5858 1056/5859/5859
f 1003/5860/5860 1057/5861/5861 1002/5862/5862
f 1003/5863/5863 1058/5864/5864 1057/5865/5865
f 1004/5866/5866 1058/5867/5867 1003/5868/5868
f 1004/5869/5869 1059/5870/5870 1058/5871/5871
f 1005/5872/5872 1059/5873/5873 1004/5874/5874
f 1005/5875/5875 1060/5876/5876 1059/5877/5877
f 1006/5878/5878 1060/5879/5879 1005/5880/5880
f 1006/5881/5881 1061/5882/5882 1060/5883/5883
f 1007/5884/5884 1061/5885/5885 1006/5886/5886
f 1007/5887/5887 1062/5888/5888 1061/5889/5889
f 1008/5890/5890 1062/5891/5891 1007/5892/5892
f 1008/5893/5893 1063/5894/5894 1062/5895/5895
f 1009/5896/5896 1063/5897/5897 1008/5898/5898
f 1009/5899/5899 1064/5900/5900 1063/5901/5901
f 1010/5902/5902 1064/5903/5903 1009/5904/5904
f 1010/5905/5905 1065/5906/5906 1064/5907/5907
f 1011/5908/5908 1065/5909/5909 1010/5910/5910
f 1011/5911/5911 1066/5912/5912 1065/5913/5913
f 1012/5914/5914 1066/5915/5915 1011/5916/5916
f 1012/5917/5917 1067/5918/5918 1066/5919/5919
f 1013/5920/5920 1067/5921/5921 1012/5922/5922
f 1013/5923/5923 988/5924/5924 1067/5925/5925
f 987/5926/5926 988/5927/5927 1013/5928/5928
f 628/5929/5929 1067/5930/5930 988/5931/5931
f 626/5932/5932 1067/5933/5933 628/5934/5934
f 626/5935/5935 1066/5936/5936 1067/5937/5937
f 622/5938/5938 1066/5939/5939 626/5940/5940
f 622/5941/5941 1065/5942/5942 1066/5943/5943
f 617/5944/5944 1065/5945/5945 622/5946/5946
f 617/5947/5947 1064/5948/5948 1065/5949/5949
f 1068/5950/5950 1064/5951/5951 617/5952/5952
f 1068/5953/5953 1063/5954/5954 1064/5955/5955
f 1069/5956/5956 1063/5957/5957 1068/5958/5958
f 1069/5959/5959 1062/5960/5960 1063/5961/5961
f 1070/5962/5962 1062/5963/5963 1069/5964/5964
f 1070/5965/5965 1061/5966/5966 1062/5967/5967
f 1071/5968/5968 1061/5969/5969 1070/5970/5970
f 1071/5971/5971 1060/5972/5972 1061/5973/5973
f 1072/5974/5974 1060/5975/5975 1071/5976/5976
f 1072/5977/5977 1059/5978/5978 1060/5979/5979
f 1073/5980/5980 1059/5981/5981 1072/5982/5982
f 1073/5983/5983 1058/5984/5984 1059/5985/5985
f 1074/5986/5986 1058/5987/5987 1073/5988/5988
f 1074/5989/5989 1057/5990/5990 1058/5991/5991
f 1075/5992/5992 1057/5993/5993 1074/5994/5994
f 1075/5995/5995 1056/5996/5996 1057/5997/5997
f 1076/5998/5998 1056/5999/5999 1075/6000/6000
f 1076/6001/6001 1055/6002/6002 1056/6003/6003
f 1077/6004/6004 1055/6005/6005 1076/6006/6006
f 1077/6007/6007 1054/6008/6008 1055/6009/6009
f 1078/6010/6010 1054/6011/6011 1077/6012/6012
f 1078/6013/6013 1053/6014/6014 1054/6015/6015
f 1079/6016/6016 1053/6017/6017 1078/6018/6018
f 1079/6019/6019 1052/6020/6020 1053/6021/6021
f 1080/6022/6022 1052/6023/6023 1079/6024/6024
f 1080/6025/6025 1051/6026/6026 1052/6027/6027
f 1081/6028/6028 1051/6029/6029 1080/6030/6030
f 1081/6031/6031 1050/6032/6032 1051/6033/6033
f 1082/6034/6034 1050/6035/6035 1081/6036/6036
f 1082/6037/6037 1049/6038/6038 1050/6039/6039
f 1083/6040/6040 1049/6041/6041 1082/6042/6042
f 1083/6043/6043 1048/6044/6044 1049/6045/6045
f 1084/6046/6046 1048/6047/6047 1083/6048/6048
f 1084/6049/6049 1047/6050/6050 1048/6051/6051
f 1085/6052/6052 1047/6053/6053 1084/6054/6054
f 1085/6055/6055 990/6056/6056 1047/6057/6057
f 991/6058/6058 990/6059/6059 1085/6060/6060
f 991/6061/6061 1086/6062/6062 992/6063/6063
f 1085/6064/6064 1086/6065/6065 991/6066/6066
f 1085/6067/6067 1087/6068/6068 1086/6069/6069
f 1084/6070/6070 1087/6071/6071 1085/6072/6072
f 1084/6073/6073 1088/6074/6074 1087/6075/6075
f 1083/6076/6076 1088/6077/6077 1084/6078/6078
f 1083/6079/6079 1089/6080/6080 1088/6081/6081
f 1082/6082/6082 1089/6083/6083 1083/6084/6084
f 1082/6085/6085 1090/6086/6086 1089/6087/6087
f 1081/6088/6088 1090/6089/6089 1082/6090/6090
f 1081/6091/6091 1091/6092/6092 1090/6093/6093
f 1080/6094/6094 1091/6095/6095 1081/6096/6096
f 1080/6097/6097 1092/6098/6098 1091/6099/6099
f 1079/6100/6100 1092/6101/6101 1080/6102/6102
f 1079/6103/6103 1093/6104/6104 1092/6105/6105
f 1078/6106/6106 1093/6107/6107 1079/6108/6108
f 1078/6109/6109 1094/6110/6110 1093/6111/6111
f 1077/6112/6112 1094/6113/6113 1078/6114/6114
f 1077/6115/6115 1095/6116/6116 1094/6117/6117
f 1076/6118/6118 1095/6119/6119 1077/6120/6120
f 1076/6121/6121 1096/6122/6122 1095/6123/6123
f 1075/6124/6124 1096/6125/6125 1076/6126/6126
f 1075/6127/6127 1097/6128/6128 1096/6129/6129
f 1074/6130/6130 1097/6131/6131 1075/6132/6132
f 1074/6133/6133 1098/6134/6134 1097/6135/6135
f 1073/6136/6136 1098/6137/6137 1074/6138/6138
f 1073/6139/6139 1099/6140/6140 1098/6141/6141
f 1072/6142/6142 1099/6143/6143 1073/6144/6144
f 1072/6145/6145 1100/6146/6146 1099/6147/6147
f 1071/6148/6148 1100/6149/6149 1072/6150/6150
f 1071/6151/6151 1101/6152/6152 1100/6153/6153
f 1070/6154/6154 1101/6155/6155 1071/6156/6156
f 1070/6157/6157 1102/6158/6158 1101/6159/6159
f 1069/6160/6160 1102/6161/6161 1070/6162/6162
f 1069/6163/6163 1103/6164/6164 1102/6165/6165
f 1068/6166/6166 1103/6167/6167 1069/6168/6168
f 1068/6169/6169 1104/6170/6170 1103/6171/6171
f 617/6172/6172 1104/6173/6173 1068/6174/6174
f 1026/6175/6175 1039/6176/6176 1024/6177/6177
f 1105/6178/6178 1039/6179/6179 1026/6180/6180
f 1105/6181/6181 1041/6182/6182 1039/6183/6183
f 1106/6184/6184 1041/6185/6185 1105/6186/6186
f 1106/6187/6187 1043/6188/6188 1041/6189/6189
f 1107/6190/6190 1043/6191/6191 1106/6192/6192
f 1107/6193/6193 1108/6194/6194 1043/6195/6195
f 1109/6196/6196 1108/6197/6197 1107/6198/6198
f 1109/6199/6199 1110/6200/6200 1108/6201/6201
f 1111/6202/6202 1110/6203/6203 1109/6204/6204
f 1111/6205/6205 1032/6206/6206 1110/6207/6207
f 1030/6208/6208 1032/6209/6209 1111/6210/6210
f 931/6211/6211 1110/6212/6212 1032/6213/6213
f 929/6214/6214 1110/6215/6215 931/6216/6216
f 929/6217/6217 1108/6218/6218 1110/6219/6219
f 927/6220/6220 1108/6221/6221 929/6222/6222
f 927/6223/6223 1043/6224/6224 1108/6225/6225
f 925/6226/6226 1043/6227/6227 927/6228/6228
f 1111/6229/6229 1028/6230/6230 1030/6231/6231
f 1112/6232/6232 1028/6233/6233 1111/6234/6234
f 1112/6235/6235 1026/6236/6236 1028/6237/6237
f 1105/6238/6238 1026/6239/6239 1112/6240/6240
f 1109/6241/6241 1112/6242/6242 1111/6243/6243
f 1107/6244/6244 1112/6245/6245 1109/6246/6246
f 1107/6247/6247 1105/6248/6248 1112/6249/6249
f 1106/6250/6250 1105/6251/6251 1107/6252/6252
f 632/6253/6253 1113/6254/6254 634/6255/6255
f 963/6256/6256 1113/6257/6257 632/6258/6258
f 963/6259/6259 1114/6260/6260 1113/6261/6261
f 961/6262/6262 1114/6263/6263 963/6264/6264
f 961/6265/6265 1115/6266/6266 1114/6267/6267
f 959/6268/6268 1115/6269/6269 961/6270/6270
f 959/6271/6271 1116/6272/6272 1115/6273/6273
f 957/6274/6274 1116/6275/6275 959/6276/6276
f 957/6277/6277 1117/6278/6278 1116/6279/6279
f 955/6280/6280 1117/6281/6281 957/6282/6282
f 955/6283/6283 1118/6284/6284 1117/6285/6285
f 953/6286/6286 1118/6287/6287 955/6288/6288
f 953/6289/6289 1119/6290/6290 1118/6291/6291
f 951/6292/6292 1119/6293/6293 953/6294/6294
f 951/6295/6295 1120/6296/6296 1119/6297/6297
f 949/6298/6298 1120/6299/6299 951/6300/6300
f 949/6301/6301 1121/6302/6302 1120/6303/6303
f 947/6304/6304 1121/6305/6305 949/6306/6306
f 947/6307/6307 1122/6308/6308 1121/6309/6309
f 945/6310/6310 1122/6311/6311 947/6312/6312
f 945/6313/6313 1123/6314/6314 1122/6315/6315
f 943/6316/6316 1123/6317/6317 945/6318/6318
f 943/6319/6319 1124/6320/6320 1123/6321/6321
f 941/6322/6322 1124/6323/6323 943/6324/6324
f 941/6325/6325 1125/6326/6326 1124/6327/6327
f 939/6328/6328 1125/6329/6329 941/6330/6330
f 939/6331/6331 1126/6332/6332 1125/6333/6333
f 937/6334/6334 1126/6335/6335 939/6336/6336
f 937/6337/6337 1127/6338/6338 1126/6339/6339
f 935/6340/6340 1127/6341/6341 937/6342/6342
f 935/6343/6343 1033/6344/6344 1127/6345/6345
f 933/6346/6346 1033/6347/6347 935/6348/6348
f 1033/6349/6349 1128/6350/6350 1127/6351/6351
f 1031/6352/6352 1128/6353/6353 1033/6354/6354
f 1031/6355/6355 1129/6356/6356 1128/6357/6357
f 1029/6358/6358 1129/6359/6359 1031/6360/6360
f 1029/6361/6361 1130/6362/6362 1129/6363/6363
f 1027/6364/6364 1130/6365/6365 1029/6366/6366
f 1027/6367/6367 1131/6368/6368 1130/6369/6369
f 1025/6370/6370 1131/6371/6371 1027/6372/6372
f 1025/6373/6373 1021/6374/6374 1131/6375/6375
f 1023/6376/6376 1021/6377/6377 1025/6378/6378
f 1021/6379/6379 1132/6380/6380 1131/6381/6381
f 1019/6382/6382 1132/6383/6383 1021/6384/6384
f 1019/6385/6385 1133/6386/6386 1132/6387/6387
f 1017/6388/6388 1133/6389/6389 1019/6390/6390
f 1017/6391/6391 1134/6392/6392 1133/6393/6393
f 1015/6394/6394 1134/6395/6395 1017/6396/6396
f 1015/6397/6397 1135/6398/6398 1134/6399/6399
f 911/6400/6400 1135/6401/6401 1015/6402/6402
f 911/6403/6403 1136/6404/6404 1135/6405/6405
f 909/6406/6406 1136/6407/6407 911/6408/6408
f 909/6409/6409 1137/6410/6410 1136/6411/6411
f 907/6412/6412 1137/6413/6413 909/6414/6414
f 907/6415/6415 1138/6416/6416 1137/6417/6417
f 905/6418/6418 1138/6419/6419 907/6420/6420
f 905/6421/6421 42/6422/6422 1138/6423/6423
f 43/6424/6424 42/6425/6425 905/6426/6426
f 1113/6427/6427 636/6428/6428 634/6429/6429
f 1139/6430/6430 636/6431/6431 1113/6432/6432
f 1139/6433/6433 638/6434/6434 636/6435/6435
f 1140/6436/6436 638/6437/6437 1139/6438/6438
f 1140/6439/6439 640/6440/6440 638/6441/6441
f 1141/6442/6442 640/6443/6443 1140/6444/6444
f 1141/6445/6445 642/6446/6446 640/6447/6447
f 1142/6448/6448 642/6449/6449 1141/6450/6450
f 1142/6451/6451 644/6452/6452 642/6453/6453
f 1143/6454/6454 644/6455/6455 1142/6456/6456
f 1143/6457/6457 53/6458/6458 644/6459/6459
f 1144/6460/6460 53/6461/6461 1143/6462/6462
f 1144/6463/6463 51/6464/6464 53/6465/6465
f 1145/6466/6466 51/6467/6467 1144/6468/6468
f 1145/6469/6469 49/6470/6470 51/6471/6471
f 1146/6472/6472 49/6473/6473 1145/6474/6474
f 1146/6475/6475 47/6476/6476 49/6477/6477
f 1147/6478/6478 47/6479/6479 1146/6480/6480
f 1147/6481/6481 45/6482/6482 47/6483/6483
f 1148/6484/6484 45/6485/6485 1147/6486/6486
f 1148/6487/6487 42/6488/6488 45/6489/6489
f 1138/6490/6490 42/6491/6491 1148/6492/6492
f 1114/6493/6493 1139/6494/6494 1113/6495/6495
f 1149/6496/6496 1139/6497/6497 1114/6498/6498
f 1149/6499/6499 1140/6500/6500 1139/6501/6501
f 1150/6502/6502 1140/6503/6503 1149/6504/6504
f 1150/6505/6505 1141/6506/6506 1140/6507/6507
f 1151/6508/6508 1141/6509/6509 1150/6510/6510
f 1151/6511/6511 1142/6512/6512 1141/6513/6513
f 1152/6514/6514 1142/6515/6515 1151/6516/6516
f 1152/6517/6517 1143/6518/6518 1142/6519/6519
f 1153/6520/6520 1143/6521/6521 1152/6522/6522
f 1153/6523/6523 1144/6524/6524 1143/6525/6525
f 1154/6526/6526 1144/6527/6527 1153/6528/6528
f 1154/6529/6529 1145/6530/6530 1144/6531/6531
f 1155/6532/6532 1145/6533/6533 1154/6534/6534
f 1155/6535/6535 1146/6536/6536 1145/6537/6537
f 1156/6538/6538 1146/6539/6539 1155/6540/6540
f 1156/6541/6541 1147/6542/6542 1146/6543/6543
f 1157/6544/6544 1147/6545/6545 1156/6546/6546
f 1157/6547/6547 1148/6548/6548 1147/6549/6549
f 1158/6550/6550 1148/6551/6551 1157/6552/6552
f 1158/6553/6553 1138/6554/6554 1148/6555/6555
f 1137/6556/6556 1138/6557/6557 1158/6558/6558
f 1114/6559/6559 1159/6560/6560 1149/6561/6561
f 1115/6562/6562 1159/6563/6563 1114/6564/6564
f 1115/6565/6565 1160/6566/6566 1159/6567/6567
f 1116/6568/6568 1160/6569/6569 1115/6570/6570
f 1116/6571/6571 1161/6572/6572 1160/6573/6573
f 1117/6574/6574 1161/6575/6575 1116/6576/6576
f 1117/6577/6577 1162/6578/6578 1161/6579/6579
f 1118/6580/6580 1162/6581/6581 1117/6582/6582
f 1118/6583/6583 1163/6584/6584 1162/6585/6585
f 1119/6586/6586 1163/6587/6587 1118/6588/6588
f 1119/6589/6589 1164/6590/6590 1163/6591/6591
f 1120/6592/6592 1164/6593/6593 1119/6594/6594
f 1120/6595/6595 1165/6596/6596 1164/6597/6597
f 1121/6598/6598 1165/6599/6599 1120/6600/6600
f 1121/6601/6601 1166/6602/6602 1165/6603/6603
f 1122/6604/6604 1166/6605/6605 1121/6606/6606
f 1122/6607/6607 1167/6608/6608 1166/6609/6609
f 1123/6610/6610 1167/6611/6611 1122/6612/6612
f 1123/6613/6613 1168/6614/6614 1167/6615/6615
f 1124/6616/6616 1168/6617/6617 1123/6618/6618
f 1124/6619/6619 1169/6620/6620 1168/6621/6621
f 1125/6622/6622 1169/6623/6623 1124/6624/6624
f 1125/6625/6625 1170/6626/6626 1169/6627/6627
f 1126/6628/6628 1170/6629/6629 1125/6630/6630
f 1126/6631/6631 1128/6632/6632 1170/6633/6633
f 1127/6634/6634 1128/6635/6635 1126/6636/6636
f 1149/6637/6637 1171/6638/6638 1150/6639/6639
f 1159/6640/6640 1171/6641/6641 1149/6642/6642
f 1159/6643/6643 1172/6644/6644 1171/6645/6645
f 1160/6646/6646 1172/6647/6647 1159/6648/6648
f 1160/6649/6649 1173/6650/6650 1172/6651/6651
f 1161/6652/6652 1173/6653/6653 1160/6654/6654
f 1161/6655/6655 1174/6656/6656 1173/6657/6657
f 1162/6658/6658 1174/6659/6659 1161/6660/6660
f 1162/6661/6661 1175/6662/6662 1174/6663/6663
f 1163/6664/6664 1175/6665/6665 1162/6666/6666
f 1163/6667/6667 1176/6668/6668 1175/6669/6669
f 1164/6670/6670 1176/6671/6671 1163/6672/6672
f 1164/6673/6673 1177/6674/6674 1176/6675/6675
f 1165/6676/6676 1177/6677/6677 1164/6678/6678
f 1165/6679/6679 1178/6680/6680 1177/6681/6681
f 1166/6682/6682 1178/6683/6683 1165/6684/6684
f 1166/6685/6685 1179/6686/6686 1178/6687/6687
f 1167/6688/6688 1179/6689/6689 1166/6690/6690
f 1167/6691/6691 1180/6692/6692 1179/6693/6693
f 1168/6694/6694 1180/6695/6695 1167/6696/6696
f 1168/6697/6697 1181/6698/6698 1180/6699/6699
f 1169/6700/6700 1181/6701/6701 1168/6702/6702
f 1169/6703/6703 1182/6704/6704 1181/6705/6705
f 1170/6706/6706 1182/6707/6707 1169/6708/6708
f 1170/6709/6709 1129/6710/6710 1182/6711/6711
f 1128/6712/6712 1129/6713/6713 1170/6714/6714
f 1171/6715/6715 1151/6716/6716 1150/6717/6717
f 1172/6718/6718 1151/6719/6719 1171/6720/6720
f 1172/6721/6721 1152/6722/6722 1151/6723/6723
f 1173/6724/6724 1152/6725/6725 1172/6726/6726
f 1173/6727/6727 1153/6728/6728 1152/6729/6729
f 1174/6730/6730 1153/6731/6731 1173/6732/6732
f 1174/6733/6733 1154/6734/6734 1153/6735/6735
f 1175/6736/6736 1154/6737/6737 1174/6738/6738
f 1175/6739/6739 1155/6740/6740 1154/6741/6741
f 1176/6742/6742 1155/6743/6743 1175/6744/6744
f 1176/6745/6745 1156/6746/6746 1155/6747/6747
f 1177/6748/6748 1156/6749/6749 1176/6750/6750
f 1177/6751/6751 1157/6752/6752 1156/6753/6753
f 1178/6754/6754 1157/6755/6755 1177/6756/6756
f 1178/6757/6757 1158/6758/6758 1157/6759/6759
f 1183/6760/6760 1158/6761/6761 1178/6762/6762
f 1183/6763/6763 1137/6764/6764 1158/6765/6765
f 1136/6766/6766 1137/6767/6767 1183/6768/6768
f 1179/6769/6769 1183/6770/6770 1178/6771/6771
f 1184/6772/6772 1183/6773/6773 1179/6774/6774
f 1184/6775/6775 1136/6776/6776 1183/6777/6777
f 1135/6778/6778 1136/6779/6779 1184/6780/6780
f 1179/6781/6781 1185/6782/6782 1184/6783/6783
f 1180/6784/6784 1185/6785/6785 1179/6786/6786
f 1180/6787/6787 1186/6788/6788 1185/6789/6789
f 1181/6790/6790 1186/6791/6791 1180/6792/6792
f 1181/6793/6793 1187/6794/6794 1186/6795/6795
f 1182/6796/6796 1187/6797/6797 1181/6798/6798
f 1182/6799/6799 1130/6800/6800 1187/6801/6801
f 1129/6802/6802 1130/6803/6803 1182/6804/6804
f 1184/6805/6805 1134/6806/6806 1135/6807/6807
f 1185/6808/6808 1134/6809/6809 1184/6810/6810
f 1185/6811/6811 1133/6812/6812 1134/6813/6813
f 1186/6814/6814 1133/6815/6815 1185/6816/6816
f 1186/6817/6817 1132/6818/6818 1133/6819/6819
f 1187/6820/6820 1132/6821/6821 1186/6822/6822
f 1187/6823/6823 1131/6824/6824 1132/6825/6825
f 1130/6826/6826 1131/6827/6827 1187/6828/6828
f 1188/6829/6829 1189/6830/6830 1190/6831/6831
f 55/6832/6832 1189/6833/6833 1188/6834/6834
f 55/6835/6835 1191/6836/6836 1189/6837/6837
f 57/6838/6838 1191/6839/6839 55/6840/6840
f 57/6841/6841 1192/6842/6842 1191/6843/6843
f 66/6844/6844 1192/6845/6845 57/6846/6846
f 66/6847/6847 1193/6848/6848 1192/6849/6849
f 71/6850/6850 1193/6851/6851 66/6852/6852
f 71/6853/6853 1194/6854/6854 1193/6855/6855
f 76/6856/6856 1194/6857/6857 71/6858/6858
f 76/6859/6859 1195/6860/6860 1194/6861/6861
f 567/6862/6862 1195/6863/6863 76/6864/6864
f 567/6865/6865 1196/6866/6866 1195/6867/6867
f 565/6868/6868 1196/6869/6869 567/6870/6870
f 565/6871/6871 1197/6872/6872 1196/6873/6873
f 563/6874/6874 1197/6875/6875 565/6876/6876
f 563/6877/6877 1198/6878/6878 1197/6879/6879
f 561/6880/6880 1198/6881/6881 563/6882/6882
f 561/6883/6883 1199/6884/6884 1198/6885/6885
f 559/6886/6886 1199/6887/6887 561/6888/6888
f 559/6889/6889 1200/6890/6890 1199/6891/6891
f 557/6892/6892 1200/6893/6893 559/6894/6894
f 557/6895/6895 1201/6896/6896 1200/6897/6897
f 482/6898/6898 1201/6899/6899 557/6900/6900
f 482/6901/6901 1202/6902/6902 1201/6903/6903
f 483/6904/6904 1202/6905/6905 482/6906/6906
f 483/6907/6907 1203/6908/6908 1202/6909/6909
f 486/6910/6910 1203/6911/6911 483/6912/6912
f 486/6913/6913 1204/6914/6914 1203/6915/6915
f 552/6916/6916 1204/6917/6917 486/6918/6918
f 552/6919/6919 1205/6920/6920 1204/6921/6921
f 747/6922/6922 1205/6923/6923 552/6924/6924
f 747/6925/6925 1206/6926/6926 1205/6927/6927
f 744/6928/6928 1206/6929/6929 747/6930/6930
f 744/6931/6931 1207/6932/6932 1206/6933/6933
f 742/6934/6934 1207/6935/6935 744/6936/6936
f 742/6937/6937 1208/6938/6938 1207/6939/6939
f 740/6940/6940 1208/6941/6941 742/6942/6942
f 740/6943/6943 1190/6944/6944 1208/6945/6945
f 1188/6946/6946 1190/6947/6947 740/6948/6948
f 1205/6949/6949 1209/6950/6950 1210/6951/6951
f 1206/6952/6952 1209/6953/6953 1205/6954/6954
f 1206/6955/6955 1211/6956/6956 1209/6957/6957
f 1207/6958/6958 1211/6959/6959 1206/6960/6960
f 1207/6961/6961 1212/6962/6962 1211/6963/6963
f 1208/6964/6964 1212/6965/6965 1207/6966/6966
f 1208/6967/6967 1213/6968/6968 1212/6969/6969
f 1190/6970/6970 1213/6971/6971 1208/6972/6972
f 1190/6973/6973 1214/6974/6974 1213/6975/6975
f 1189/6976/6976 1214/6977/6977 1190/6978/6978
f 1189/6979/6979 1215/6980/6980 1214/6981/6981
f 1191/6982/6982 1215/6983/6983 1189/6984/6984
f 1191/6985/6985 1216/6986/6986 1215/6987/6987
f 1192/6988/6988 1216/6989/6989 1191/6990/6990
f 1192/6991/6991 1217/6992/6992 1216/6993/6993
f 1193/6994/6994 1217/6995/6995 1192/6996/6996
f 1193/6997/6997 1218/6998/6998 1217/6999/6999
f 1194/7000/7000 1218/7001/7001 1193/7002/7002
f 1194/7003/7003 1219/7004/7004 1218/7005/7005
f 1195/7006/7006 1219/7007/7007 1194/7008/7008
f 1195/7009/7009 1220/7010/7010 1219/7011/7011
f 1196/7012/7012 1220/7013/7013 1195/7014/7014
f 1196/7015/7015 1221/7016/7016 1220/7017/7017
f 1197/7018/7018 1221/7019/7019 1196/7020/7020
f 1197/7021/7021 1222/7022/7022 1221/7023/7023
f 1198/7024/7024 1222/7025/7025 1197/7026/7026
f 1198/7027/7027 1223/7028/7028 1222/7029/7029
f 1199/7030/7030 1223/7031/7031 1198/7032/7032
f 1199/7033/7033 1224/7034/7034 1223/7035/7035
f 1200/7036/7036 1224/7037/7037 1199/7038/7038
f 1200/7039/7039 1225/7040/7040 1224/7041/7041
f 1201/7042/7042 1225/7043/7043 1200/7044/7044
f 1201/7045/7045 1226/7046/7046 1225/7047/7047
f 1202/7048/7048 1226/7049/7049 1201/7050/7050
f 1202/7051/7051 1227/7052/7052 1226/7053/7053
f 1203/7054/7054 1227/7055/7055 1202/7056/7056
f 1203/7057/7057 1228/7058/7058 1227/7059/7059
f 1204/7060/7060 1228/7061/7061 1203/7062/7062
f 1204/7063/7063 1210/7064/7064 1228/7065/7065
f 1205/7066/7066 1210/7067/7067 1204/7068/7068
f 1210/7069/7069 1229/7070/7070 1228/7071/7071
f 1230/7072/7072 1229/7073/7073 1210/7074/7074
f 1230/7075/7075 1231/7076/7076 1229/7077/7077
f 1232/7078/7078 1231/7079/7079 1230/7080/7080
f 1232/7081/7081 1233/7082/7082 1231/7083/7083
f 1234/7084/7084 1233/7085/7085 1232/7086/7086
f 1234/7087/7087 1235/7088/7088 1233/7089/7089
f 1236/7090/7090 1235/7091/7091 1234/7092/7092
f 1236/7093/7093 1237/7094/7094 1235/7095/7095
f 1238/7096/7096 1237/7097/7097 1236/7098/7098
f 1238/7099/7099 1239/7100/7100 1237/7101/7101
f 1240/7102/7102 1239/7103/7103 1238/7104/7104
f 1240/7105/7105 1241/7106/7106 1239/7107/7107
f 1242/7108/7108 1241/7109/7109 1240/7110/7110
f 1242/7111/7111 1243/7112/7112 1241/7113/7113
f 1244/7114/7114 1243/7115/7115 1242/7116/7116
f 1244/7117/7117 1223/7118/7118 1243/7119/7119
f 1222/7120/7120 1223/7121/7121 1244/7122/7122
f 1210/7123/7123 1245/7124/7124 1230/7125/7125
f 1209/7126/7126 1245/7127/7127 1210/7128/7128
f 1209/7129/7129 1246/7130/7130 1245/7131/7131
f 1211/7132/7132 1246/7133/7133 1209/7134/7134
f 1211/7135/7135 1247/7136/7136 1246/7137/7137
f 1212/7138/7138 1247/7139/7139 1211/7140/7140
f 1212/7141/7141 1248/7142/7142 1247/7143/7143
f 1213/7144/7144 1248/7145/7145 1212/7146/7146
f 1213/7147/7147 1249/7148/7148 1248/7149/7149
f 1214/7150/7150 1249/7151/7151 1213/7152/7152
f 1214/7153/7153 1250/7154/7154 1249/7155/7155
f 1215/7156/7156 1250/7157/7157 1214/7158/7158
f 1215/7159/7159 1251/7160/7160 1250/7161/7161
f 1216/7162/7162 1251/7163/7163 1215/7164/7164
f 1216/7165/7165 1252/7166/7166 1251/7167/7167
f 1217/7168/7168 1252/7169/7169 1216/7170/7170
f 1217/7171/7171 1253/7172/7172 1252/7173/7173
f 1218/7174/7174 1253/7175/7175 1217/7176/7176
f 1218/7177/7177 1254/7178/7178 1253/7179/7179
f 1219/7180/7180 1254/7181/7181 1218/7182/7182
f 1219/7183/7183 1255/7184/7184 1254/7185/7185
f 1220/7186/7186 1255/7187/7187 1219/7188/7188
f 1220/7189/7189 1256/7190/7190 1255/7191/7191
f 1221/7192/7192 1256/7193/7193 1220/7194/7194
f 1221/7195/7195 1244/7196/7196 1256/7197/7197
f 1222/7198/7198 1244/7199/7199 1221/7200/7200
f 1224/7201/7201 1243/7202/7202 1223/7203/7203
f 1257/7204/7204 1243/7205/7205 1224/7206/7206
f 1257/7207/7207 1241/7208/7208 1243/7209/7209
f 1239/7210/7210 1241/7211/7211 1257/7212/7212
f 1228/7213/7213 1258/7214/7214 1227/7215/7215
f 1229/7216/7216 1258/7217/7217 1228/7218/7218
f 1229/7219/7219 1233/7220/7220 1258/7221/7221
f 1231/7222/7222 1233/7223/7223 1229/7224/7224
f 1227/7225/7225 1259/7226/7226 1226/7227/7227
f 1258/7228/7228 1259/7229/7229 1227/7230/7230
f 1258/7231/7231 1235/7232/7232 1259/7233/7233
f 1233/7234/7234 1235/7235/7235 1258/7236/7236
f 1226/7237/7237 1260/7238/7238 1225/7239/7239
f 1259/7240/7240 1260/7241/7241 1226/7242/7242
f 1259/7243/7243 1237/7244/7244 1260/7245/7245
f 1235/7246/7246 1237/7247/7247 1259/7248/7248
f 1225/7249/7249 1257/7250/7250 1224/7251/7251
f 1260/7252/7252 1257/7253/7253 1225/7254/7254
f 1260/7255/7255 1239/7256/7256 1257/7257/7257
f 1237/7258/7258 1239/7259/7259 1260/7260/7260
f 1242/7261/7261 1256/7262/7262 1244/7263/7263
f 1261/7264/7264 1256/7265/7265 1242/7266/7266
f 1261/7267/7267 1255/7268/7268 1256/7269/7269
f 1262/7270/7270 1255/7271/7271 1261/7272/7272
f 1262/7273/7273 1254/7274/7274 1255/7275/7275
f 1263/7276/7276 1254/7277/7277 1262/7278/7278
f 1263/7279/7279 1253/7280/7280 1254/7281/7281
f 1264/7282/7282 1253/7283/7283 1263/7284/7284
f 1264/7285/7285 1252/7286/7286 1253/7287/7287
f 1265/7288/7288 1252/7289/7289 1264/7290/7290
f 1265/7291/7291 1251/7292/7292 1252/7293/7293
f 1266/7294/7294 1251/7295/7295 1265/7296/7296
f 1266/7297/7297 1250/7298/7298 1251/7299/7299
f 1267/7300/7300 1250/7301/7301 1266/7302/7302
f 1267/7303/7303 1249/7304/7304 1250/7305/7305
f 1268/7306/7306 1249/7307/7307 1267/7308/7308
f 1268/7309/7309 1248/7310/7310 1249/7311/7311
f 1269/7312/7312 1248/7313/7313 1268/7314/7314
f 1269/7315/7315 1247/7316/7316 1248/7317/7317
f 1270/7318/7318 1247/7319/7319 1269/7320/7320
f 1270/7321/7321 1246/7322/7322 1247/7323/7323
f 1271/7324/7324 1246/7325/7325 1270/7326/7326
f 1271/7327/7327 1245/7328/7328 1246/7329/7329
f 1272/7330/7330 1245/7331/7331 1271/7332/7332
f 1272/7333/7333 1230/7334/7334 1245/7335/7335
f 1232/7336/7336 1230/7337/7337 1272/7338/7338
f 1232/7339/7339 1273/7340/7340 1234/7341/7341
f 1272/7342/7342 1273/7343/7343 1232/7344/7344
f 1272/7345/7345 1274/7346/7346 1273/7347/7347
f 1271/7348/7348 1274/7349/7349 1272/7350/7350
f 1271/7351/7351 1275/7352/7352 1274/7353/7353
f 1270/7354/7354 1275/7355/7355 1271/7356/7356
f 1270/7357/7357 1268/7358/7358 1275/7359/7359
f 1269/7360/7360 1268/7361/7361 1270/7362/7362
f 1234/7363/7363 1276/7364/7364 1236/7365/7365
f 1273/7366/7366 1276/7367/7367 1234/7368/7368
f 1273/7369/7369 1277/7370/7370 1276/7371/7371
f 1274/7372/7372 1277/7373/7373 1273/7374/7374
f 1274/7375/7375 1278/7376/7376 1277/7377/7377
f 1275/7378/7378 1278/7379/7379 1274/7380/7380
f 1275/7381/7381 1267/7382/7382 1278/7383/7383
f 1268/7384/7384 1267/7385/7385 1275/7386/7386
f 1240/7387/7387 1261/7388/7388 1242/7389/7389
f 1279/7390/7390 1261/7391/7391 1240/7392/7392
f 1279/7393/7393 1262/7394/7394 1261/7395/7395
f 1280/7396/7396 1262/7397/7397 1279/7398/7398
f 1280/7399/7399 1263/7400/7400 1262/7401/7401
f 1281/7402/7402 1263/7403/7403 1280/7404/7404
f 1281/7405/7405 1264/7406/7406 1263/7407/7407
f 1265/7408/7408 1264/7409/7409 1281/7410/7410
f 1236/7411/7411 1282/7412/7412 1238/7413/7413
f 1276/7414/7414 1282/7415/7415 1236/7416/7416
f 1276/7417/7417 1283/7418/7418 1282/7419/7419
f 1277/7420/7420 1283/7421/7421 1276/7422/7422
f 1277/7423/7423 1284/7424/7424 1283/7425/7425
f 1278/7426/7426 1284/7427/7427 1277/7428/7428
f 1278/7429/7429 1266/7430/7430 1284/7431/7431
f 1267/7432/7432 1266/7433/7433 1278/7434/7434
f 1265/7435/7435 1284/7436/7436 1266/7437/7437
f 1281/7438/7438 1284/7439/7439 1265/7440/7440
f 1281/7441/7441 1283/7442/7442 1284/7443/7443
f 1280/7444/7444 1283/7445/7445 1281/7446/7446
f 1280/7447/7447 1282/7448/7448 1283/7449/7449
f 1279/7450/7450 1282/7451/7451 1280/7452/7452
f 1279/7453/7453 1238/7454/7454 1282/7455/7455
f 1240/7456/7456 1238/7457/7457 1279/7458/7458
f 64/7459/7459 1285/7460/7460 1286/7461/7461
f 1287/7462/7462 1285/7463/7463 64/7464/7464
f 1287/7465/7465 1288/7466/7466 1285/7467/7467
f 732/7468/7468 1288/7469/7469 1287/7470/7470
f 732/7471/7471 1289/7472/7472 1288/7473/7473
f 730/7474/7474 1289/7475/7475 732/7476/7476
f 730/7477/7477 1290/7478/7478 1289/7479/7479
f 719/7480/7480 1290/7481/7481 730/7482/7482
f 719/7483/7483 1291/7484/7484 1290/7485/7485
f 717/7486/7486 1291/7487/7487 719/7488/7488
f 717/7489/7489 1292/7490/7490 1291/7491/7491
f 601/7492/7492 1292/7493/7493 717/7494/7494
f 601/7495/7495 1293/7496/7496 1292/7497/7497
f 599/7498/7498 1293/7499/7499 601/7500/7500
f 599/7501/7501 1294/7502/7502 1293/7503/7503
f 597/7504/7504 1294/7505/7505 599/7506/7506
f 597/7507/7507 1295/7508/7508 1294/7509/7509
f 595/7510/7510 1295/7511/7511 597/7512/7512
f 595/7513/7513 1296/7514/7514 1295/7515/7515
f 593/7516/7516 1296/7517/7517 595/7518/7518
f 593/7519/7519 1297/7520/7520 1296/7521/7521
f 591/7522/7522 1297/7523/7523 593/7524/7524
f 591/7525/7525 1298/7526/7526 1297/7527/7527
f 589/7528/7528 1298/7529/7529 591/7530/7530
f 589/7531/7531 1299/7532/7532 1298/7533/7533
f 587/7534/7534 1299/7535/7535 589/7536/7536
f 587/7537/7537 1300/7538/7538 1299/7539/7539
f 585/7540/7540 1300/7541/7541 587/7542/7542
f 585/7543/7543 1301/7544/7544 1300/7545/7545
f 583/7546/7546 1301/7547/7547 585/7548/7548
f 583/7549/7549 1302/7550/7550 1301/7551/7551
f 79/7552/7552 1302/7553/7553 583/7554/7554
f 79/7555/7555 1303/7556/7556 1302/7557/7557
f 74/7558/7558 1303/7559/7559 79/7560/7560
f 74/7561/7561 1304/7562/7562 1303/7563/7563
f 69/7564/7564 1304/7565/7565 74/7566/7566
f 69/7567/7567 1305/7568/7568 1304/7569/7569
f 63/7570/7570 1305/7571/7571 69/7572/7572
f 63/7573/7573 1286/7574/7574 1305/7575/7575
f 64/7576/7576 1286/7577/7577 63/7578/7578
f 1290/7579/7579 1306/7580/7580 1307/7581/7581
f 1291/7582/7582 1306/7583/7583 1290/7584/7584
f 1291/7585/7585 1308/7586/7586 1306/7587/7587
f 1292/7588/7588 1308/7589/7589 1291/7590/7590
f 1292/7591/7591 1309/7592/7592 1308/7593/7593
f 1293/7594/7594 1309/7595/7595 1292/7596/7596
f 1293/7597/7597 1310/7598/7598 1309/7599/7599
f 1294/7600/7600 1310/7601/7601 1293/7602/7602
f 1294/7603/7603 1311/7604/7604 1310/7605/7605
f 1295/7606/7606 1311/7607/7607 1294/7608/7608
f 1295/7609/7609 1312/7610/7610 1311/7611/7611
f 1296/7612/7612 1312/7613/7613 1295/7614/7614
f 1296/7615/7615 1313/7616/7616 1312/7617/7617
f 1297/7618/7618 1313/7619/7619 1296/7620/7620
f 1297/7621/7621 1314/7622/7622 1313/7623/7623
f 1298/7624/7624 1314/7625/7625 1297/7626/7626
f 1298/7627/7627 1315/7628/7628 1314/7629/7629
f 1299/7630/7630 1315/7631/7631 1298/7632/7632
f 1299/7633/7633 1316/7634/7634 1315/7635/7635
f 1300/7636/7636 1316/7637/7637 1299/7638/7638
f 1300/7639/7639 1317/7640/7640 1316/7641/7641
f 1301/7642/7642 1317/7643/7643 1300/7644/7644
f 1301/7645/7645 1318/7646/7646 1317/7647/7647
f 1302/7648/7648 1318/7649/7649 1301/7650/7650
f 1302/7651/7651 1319/7652/7652 1318/7653/7653
f 1303/7654/7654 1319/7655/7655 1302/7656/7656
f 1303/7657/7657 1320/7658/7658 1319/7659/7659
f 1304/7660/7660 1320/7661/7661 1303/7662/7662
f 1304/7663/7663 1321/7664/7664 1320/7665/7665
f 1305/7666/7666 1321/7667/7667 1304/7668/7668
f 1305/7669/7669 1322/7670/7670 1321/7671/7671
f 1286/7672/7672 1322/7673/7673 1305/7674/7674
f 1286/7675/7675 1323/7676/7676 1322/7677/7677
f 1285/7678/7678 1323/7679/7679 1286/7680/7680
f 1285/7681/7681 1324/7682/7682 1323/7683/7683
f 1288/7684/7684 1324/7685/7685 1285/7686/7686
f 1288/7687/7687 1325/7688/7688 1324/7689/7689
f 1289/7690/7690 1325/7691/7691 1288/7692/7692
f 1289/7693/7693 1307/7694/7694 1325/7695/7695
f 1290/7696/7696 1307/7697/7697 1289/7698/7698
f 1326/7699/7699 1306/7700/7700 1308/7701/7701
f 1327/7702/7702 1306/7703/7703 1326/7704/7704
f 1327/7705/7705 1307/7706/7706 1306/7707/7707
f 1328/7708/7708 1307/7709/7709 1327/7710/7710
f 1328/7711/7711 1325/7712/7712 1307/7713/7713
f 1329/7714/7714 1325/7715/7715 1328/7716/7716
f 1329/7717/7717 1324/7718/7718 1325/7719/7719
f 1330/7720/7720 1324/7721/7721 1329/7722/7722
f 1330/7723/7723 1323/7724/7724 1324/7725/7725
f 1331/7726/7726 1323/7727/7727 1330/7728/7728
f 1331/7729/7729 1322/7730/7730 1323/7731/7731
f 1332/7732/7732 1322/7733/7733 1331/7734/7734
f 1332/7735/7735 1321/7736/7736 1322/7737/7737
f 1333/7738/7738 1321/7739/7739 1332/7740/7740
f 1333/7741/7741 1320/7742/7742 1321/7743/7743
f 1334/7744/7744 1320/7745/7745 1333/7746/7746
f 1334/7747/7747 1319/7748/7748 1320/7749/7749
f 1335/7750/7750 1319/7751/7751 1334/7752/7752
f 1335/7753/7753 1318/7754/7754 1319/7755/7755
f 1336/7756/7756 1318/7757/7757 1335/7758/7758
f 1336/7759/7759 1317/7760/7760 1318/7761/7761
f 1337/7762/7762 1317/7763/7763 1336/7764/7764
f 1337/7765/7765 1316/7766/7766 1317/7767/7767
f 1338/7768/7768 1316/7769/7769 1337/7770/7770
f 1338/7771/7771 1315/7772/7772 1316/7773/7773
f 1339/7774/7774 1315/7775/7775 1338/7776/7776
f 1339/7777/7777 1314/7778/7778 1315/7779/7779
f 1340/7780/7780 1314/7781/7781 1339/7782/7782
f 1340/7783/7783 1313/7784/7784 1314/7785/7785
f 1341/7786/7786 1313/7787/7787 1340/7788/7788
f 1341/7789/7789 1312/7790/7790 1313/7791/7791
f 1342/7792/7792 1312/7793/7793 1341/7794/7794
f 1342/7795/7795 1311/7796/7796 1312/7797/7797
f 1343/7798/7798 1311/7799/7799 1342/7800/7800
f 1343/7801/7801 1310/7802/7802 1311/7803/7803
f 1344/7804/7804 1310/7805/7805 1343/7806/7806
f 1344/7807/7807 1309/7808/7808 1310/7809/7809
f 1345/7810/7810 1309/7811/7811 1344/7812/7812
f 1345/7813/7813 1308/7814/7814 1309/7815/7815
f 1326/7816/7816 1308/7817/7817 1345/7818/7818
f 1336/7819/7819 1346/7820/7820 1347/7821/7821
f 1335/7822/7822 1346/7823/7823 1336/7824/7824
f 1335/7825/7825 1348/7826/7826 1346/7827/7827
f 1334/7828/7828 1348/7829/7829 1335/7830/7830
f 1334/7831/7831 1349/7832/7832 1348/7833/7833
f 1333/7834/7834 1349/7835/7835 1334/7836/7836
f 1333/7837/7837 1350/7838/7838 1349/7839/7839
f 1332/7840/7840 1350/7841/7841 1333/7842/7842
f 1332/7843/7843 1351/7844/7844 1350/7845/7845
f 1331/7846/7846 1351/7847/7847 1332/7848/7848
f 1331/7849/7849 1352/7850/7850 1351/7851/7851
f 1330/7852/7852 1352/7853/7853 1331/7854/7854
f 1330/7855/7855 1353/7856/7856 1352/7857/7857
f 1329/7858/7858 1353/7859/7859 1330/7860/7860
f 1329/7861/7861 1354/7862/7862 1353/7863/7863
f 1328/7864/7864 1354/7865/7865 1329/7866/7866
f 1328/7867/7867 1355/7868/7868 1354/7869/7869
f 1327/7870/7870 1355/7871/7871 1328/7872/7872
f 1327/7873/7873 1356/7874/7874 1355/7875/7875
f 1326/7876/7876 1356/7877/7877 1327/7878/7878
f 1326/7879/7879 1357/7880/7880 1356/7881/7881
f 1345/7882/7882 1357/7883/7883 1326/7884/7884
f 1345/7885/7885 1358/7886/7886 1357/7887/7887
f 1344/7888/7888 1358/7889/7889 1345/7890/7890
f 1344/7891/7891 1359/7892/7892 1358/7893/7893
f 1343/7894/7894 1359/7895/7895 1344/7896/7896
f 1343/7897/7897 1360/7898/7898 1359/7899/7899
f 1342/7900/7900 1360/7901/7901 1343/7902/7902
f 1342/7903/7903 1361/7904/7904 1360/7905/7905
f 1341/7906/7906 1361/7907/7907 1342/7908/7908
f 1341/7909/7909 1362/7910/7910 1361/7911/7911
f 1340/7912/7912 1362/7913/7913 1341/7914/7914
f 1340/7915/7915 1363/7916/7916 1362/7917/7917
f 1339/7918/7918 1363/7919/7919 1340/7920/7920
f 1339/7921/7921 1364/7922/7922 1363/7923/7923
f 1338/7924/7924 1364/7925/7925 1339/7926/7926
f 1338/7927/7927 1365/7928/7928 1364/7929/7929
f 1337/7930/7930 1365/7931/7931 1338/7932/7932
f 1337/7933/7933 1347/7934/7934 1365/7935/7935
f 1336/7936/7936 1347/7937/7937 1337/7938/7938
f 1356/7939/7939 1366/7940/7940 1355/7941/7941
f 1357/7942/7942 1366/7943/7943 1356/7944/7944
f 1357/7945/7945 1367/7946/7946 1366/7947/7947
f 1358/7948/7948 1367/7949/7949 1357/7950/7950
f 1358/7951/7951 1368/7952/7952 1367/7953/7953
f 1359/7954/7954 1368/7955/7955 1358/7956/7956
f 1359/7957/7957 1369/7958/7958 1368/7959/7959
f 1360/7960/7960 1369/7961/7961 1359/7962/7962
f 1360/7963/7963 1362/7964/7964 1369/7965/7965
f 1361/7966/7966 1362/7967/7967 1360/7968/7968
f 1355/7969/7969 1370/7970/7970 1354/7971/7971
f 1366/7972/7972 1370/7973/7973 1355/7974/7974
f 1366/7975/7975 1371/7976/7976 1370/7977/7977
f 1367/7978/7978 1371/7979/7979 1366/7980/7980
f 1367/7981/7981 1372/7982/7982 1371/7983/7983
f 1368/7984/7984 1372/7985/7985 1367/7986/7986
f 1368/7987/7987 1373/7988/7988 1372/7989/7989
f 1369/7990/7990 1373/7991/7991 1368/7992/7992
f 1369/7993/7993 1363/7994/7994 1373/7995/7995
f 1362/7996/7996 1363/7997/7997 1369/7998/7998
f 1347/7999/7999 1374/8000/8000 1365/8001/8001
f 1346/8002/8002 1374/8003/8003 1347/8004/8004
f 1346/8005/8005 1375/8006/8006 1374/8007/8007
f 1348/8008/8008 1375/8009/8009 1346/8010/8010
f 1348/8011/8011 1376/8012/8012 1375/8013/8013
f 1349/8014/8014 1376/8015/8015 1348/8016/8016
f 1349/8017/8017 1377/8018/8018 1376/8019/8019
f 1350/8020/8020 1377/8021/8021 1349/8022/8022
f 1350/8023/8023 1352/8024/8024 1377/8025/8025
f 1351/8026/8026 1352/8027/8027 1350/8028/8028
f 1365/8029/8029 1378/8030/8030 1364/8031/8031
f 1374/8032/8032 1378/8033/8033 1365/8034/8034
f 1374/8035/8035 1379/8036/8036 1378/8037/8037
f 1375/8038/8038 1379/8039/8039 1374/8040/8040
f 1375/8041/8041 1380/8042/8042 1379/8043/8043
f 1376/8044/8044 1380/8045/8045 1375/8046/8046
f 1376/8047/8047 1381/8048/8048 1380/8049/8049
f 1377/8050/8050 1381/8051/8051 1376/8052/8052
f 1377/8053/8053 1353/8054/8054 1381/8055/8055
f 1352/8056/8056 1353/8057/8057 1377/8058/8058
f 1354/8059/8059 1381/8060/8060 1353/8061/8061
f 1370/8062/8062 1381/8063/8063 1354/8064/8064
f 1370/8065/8065 1380/8066/8066 1381/8067/8067
f 1371/8068/8068 1380/8069/8069 1370/8070/8070
f 1371/8071/8071 1379/8072/8072 1380/8073/8073
f 1372/8074/8074 1379/8075/8075 1371/8076/8076
f 1372/8077/8077 1378/8078/8078 1379/8079/8079
f 1373/8080/8080 1378/8081/8081 1372/8082/8082
f 1373/8083/8083 1364/8084/8084 1378/8085/8085
f 1363/8086/8086 1364/8087/8087 1373/8088/8088
f 774/8089/8089 708/8090/8090 775/8091/8091
f 710/8092/8092 708/8093/8093 774/8094/8094
# Purin_O_OBJ_O_HIR_2, 16 grouped triangles

usemtl 48_1_34_114
o Purin_O_OBJ_O_HIR_2
g Purin_O_OBJ_O_HIR_2

f 738/8095/8095 1188/8096/8096 740/8097/8097
f 1382/8098/8098 1188/8099/8099 738/8100/8100
f 1382/8101/8101 55/8102/8102 1188/8103/8103
f 58/8104/8104 55/8105/8105 1382/8106/8106
f 58/8107/8107 1383/8108/8108 60/8109/8109
f 1382/8110/8110 1383/8111/8111 58/8112/8112
f 1382/8113/8113 736/8114/8114 1383/8115/8115
f 738/8116/8116 736/8117/8117 1382/8118/8118
f 1287/8119/8119 734/8120/8120 732/8121/8121
f 1384/8122/8122 734/8123/8123 1287/8124/8124
f 1384/8125/8125 736/8126/8126 734/8127/8127
f 1383/8128/8128 736/8129/8129 1384/8130/8130
f 64/8131/8131 1384/8132/8132 1287/8133/8133
f 62/8134/8134 1384/8135/8135 64/8136/8136
f 62/8137/8137 1383/8138/8138 1384/8139/8139
f 60/8140/8140 1383/8141/8141 62/8142/8142
# PurinArmR_O_OBJ_O_HIR_2, 130 grouped triangles

usemtl 48_1_34_115
o PurinArmR_O_OBJ_O_HIR_2
g PurinArmR_O_OBJ_O_HIR_2

f 1/8143/8143 1385/8144/8144 1386/8145/8145
f 4/8146/8146 1385/8147/8147 1/8148/8148
f 4/8149/8149 1387/8150/8150 1385/8151/8151
f 6/8152/8152 1387/8153/8153 4/8154/8154
f 6/8155/8155 1388/8156/8156 1387/8157/8157
f 8/8158/8158 1388/8159/8159 6/8160/8160
f 8/8161/8161 1389/8162/8162 1388/8163/8163
f 10/8164/8164 1389/8165/8165 8/8166/8166
f 10/8167/8167 1390/8168/8168 1389/8169/8169
f 12/8170/8170 1390/8171/8171 10/8172/8172
f 12/8173/8173 1391/8174/8174 1390/8175/8175
f 14/8176/8176 1391/8177/8177 12/8178/8178
f 14/8179/8179 1392/8180/8180 1391/8181/8181
f 16/8182/8182 1392/8183/8183 14/8184/8184
f 16/8185/8185 1393/8186/8186 1392/8187/8187
f 18/8188/8188 1393/8189/8189 16/8190/8190
f 18/8191/8191 1394/8192/8192 1393/8193/8193
f 20/8194/8194 1394/8195/8195 18/8196/8196
f 20/8197/8197 1386/8198/8198 1394/8199/8199
f 1/8200/8200 1386/8201/8201 20/8202/8202
f 1395/8203/8203 1394/8204/8204 1386/8205/8205
f 1396/8206/8206 1394/8207/8207 1395/8208/8208
f 1396/8209/8209 1393/8210/8210 1394/8211/8211
f 1397/8212/8212 1393/8213/8213 1396/8214/8214
f 1397/8215/8215 1392/8216/8216 1393/8217/8217
f 1398/8218/8218 1392/8219/8219 1397/8220/8220
f 1398/8221/8221 1391/8222/8222 1392/8223/8223
f 1399/8224/8224 1391/8225/8225 1398/8226/8226
f 1399/8227/8227 1390/8228/8228 1391/8229/8229
f 1400/8230/8230 1390/8231/8231 1399/8232/8232
f 1400/8233/8233 1389/8234/8234 1390/8235/8235
f 1401/8236/8236 1389/8237/8237 1400/8238/8238
f 1401/8239/8239 1388/8240/8240 1389/8241/8241
f 1402/8242/8242 1388/8243/8243 1401/8244/8244
f 1402/8245/8245 1387/8246/8246 1388/8247/8247
f 1403/8248/8248 1387/8249/8249 1402/8250/8250
f 1403/8251/8251 1385/8252/8252 1387/8253/8253
f 1404/8254/8254 1385/8255/8255 1403/8256/8256
f 1404/8257/8257 1386/8258/8258 1385/8259/8259
f 1395/8260/8260 1386/8261/8261 1404/8262/8262
f 1395/8263/8263 1405/8264/8264 1406/8265/8265
f 1404/8266/8266 1405/8267/8267 1395/8268/8268
f 1404/8269/8269 1407/8270/8270 1405/8271/8271
f 1403/8272/8272 1407/8273/8273 1404/8274/8274
f 1403/8275/8275 1408/8276/8276 1407/8277/8277
f 1402/8278/8278 1408/8279/8279 1403/8280/8280
f 1402/8281/8281 1409/8282/8282 1408/8283/8283
f 1401/8284/8284 1409/8285/8285 1402/8286/8286
f 1401/8287/8287 1410/8288/8288 1409/8289/8289
f 1400/8290/8290 1410/8291/8291 1401/8292/8292
f 1400/8293/8293 1411/8294/8294 1410/8295/8295
f 1399/8296/8296 1411/8297/8297 1400/8298/8298
f 1399/8299/8299 1412/8300/8300 1411/8301/8301
f 1398/8302/8302 1412/8303/8303 1399/8304/8304
f 1398/8305/8305 1413/8306/8306 1412/8307/8307
f 1397/8308/8308 1413/8309/8309 1398/8310/8310
f 1397/8311/8311 1414/8312/8312 1413/8313/8313
f 1396/8314/8314 1414/8315/8315 1397/8316/8316
f 1396/8317/8317 1406/8318/8318 1414/8319/8319
f 1395/8320/8320 1406/8321/8321 1396/8322/8322
f 1415/8323/8323 1414/8324/8324 1406/8325/8325
f 1416/8326/8326 1414/8327/8327 1415/8328/8328
f 1416/8329/8329 1413/8330/8330 1414/8331/8331
f 1417/8332/8332 1413/8333/8333 1416/8334/8334
f 1417/8335/8335 1412/8336/8336 1413/8337/8337
f 1418/8338/8338 1412/8339/8339 1417/8340/8340
f 1418/8341/8341 1411/8342/8342 1412/8343/8343
f 1419/8344/8344 1411/8345/8345 1418/8346/8346
f 1419/8347/8347 1410/8348/8348 1411/8349/8349
f 1420/8350/8350 1410/8351/8351 1419/8352/8352
f 1420/8353/8353 1409/8354/8354 1410/8355/8355
f 1421/8356/8356 1409/8357/8357 1420/8358/8358
f 1421/8359/8359 1408/8360/8360 1409/8361/8361
f 1422/8362/8362 1408/8363/8363 1421/8364/8364
f 1422/8365/8365 1407/8366/8366 1408/8367/8367
f 1423/8368/8368 1407/8369/8369 1422/8370/8370
f 1423/8371/8371 1405/8372/8372 1407/8373/8373
f 1424/8374/8374 1405/8375/8375 1423/8376/8376
f 1424/8377/8377 1406/8378/8378 1405/8379/8379
f 1415/8380/8380 1406/8381/8381 1424/8382/8382
f 4/8383/8383 1425/8384/8384 1426/8385/8385
f 1/8386/8386 1425/8387/8387 4/8388/8388
f 1/8389/8389 1427/8390/8390 1425/8391/8391
f 20/8392/8392 1427/8393/8393 1/8394/8394
f 20/8395/8395 1428/8396/8396 1427/8397/8397
f 18/8398/8398 1428/8399/8399 20/8400/8400
f 18/8401/8401 1429/8402/8402 1428/8403/8403
f 16/8404/8404 1429/8405/8405 18/8406/8406
f 16/8407/8407 1430/8408/8408 1429/8409/8409
f 14/8410/8410 1430/8411/8411 16/8412/8412
f 14/8413/8413 1431/8414/8414 1430/8415/8415
f 12/8416/8416 1431/8417/8417 14/8418/8418
f 12/8419/8419 1432/8420/8420 1431/8421/8421
f 10/8422/8422 1432/8423/8423 12/8424/8424
f 10/8425/8425 1433/8426/8426 1432/8427/8427
f 8/8428/8428 1433/8429/8429 10/8430/8430
f 8/8431/8431 1434/8432/8432 1433/8433/8433
f 6/8434/8434 1434/8435/8435 8/8436/8436
f 6/8437/8437 1426/8438/8438 1434/8439/8439
f 4/8440/8440 1426/8441/8441 6/8442/8442
f 1424/8443/8443 1435/8444/8444 1436/8445/8445
f 1423/8446/8446 1435/8447/8447 1424/8448/8448
f 1423/8449/8449 1437/8450/8450 1435/8451/8451
f 1422/8452/8452 1437/8453/8453 1423/8454/8454
f 1422/8455/8455 1438/8456/8456 1437/8457/8457
f 1421/8458/8458 1438/8459/8459 1422/8460/8460
f 1421/8461/8461 1439/8462/8462 1438/8463/8463
f 1420/8464/8464 1439/8465/8465 1421/8466/8466
f 1420/8467/8467 1440/8468/8468 1439/8469/8469
f 1419/8470/8470 1440/8471/8471 1420/8472/8472
f 1419/8473/8473 1441/8474/8474 1440/8475/8475
f 1418/8476/8476 1441/8477/8477 1419/8478/8478
f 1418/8479/8479 1442/8480/8480 1441/8481/8481
f 1417/8482/8482 1442/8483/8483 1418/8484/8484
f 1417/8485/8485 1443/8486/8486 1442/8487/8487
f 1416/8488/8488 1443/8489/8489 1417/8490/8490
f 1416/8491/8491 1444/8492/8492 1443/8493/8493
f 1415/8494/8494 1444/8495/8495 1416/8496/8496
f 1415/8497/8497 1436/8498/8498 1444/8499/8499
f 1424/8500/8500 1436/8501/8501 1415/8502/8502
f 1444/8503/8503 1445/8504/8504 1443/8505/8505
f 1436/8506/8506 1445/8507/8507 1444/8508/8508
f 1436/8509/8509 1437/8510/8510 1445/8511/8511
f 1435/8512/8512 1437/8513/8513 1436/8514/8514
f 1438/8515/8515 1445/8516/8516 1437/8517/8517
f 1439/8518/8518 1445/8519/8519 1438/8520/8520
f 1439/8521/8521 1441/8522/8522 1445/8523/8523
f 1440/8524/8524 1441/8525/8525 1439/8526/8526
f 1441/8527/8527 1443/8528/8528 1445/8529/8529
f 1442/8530/8530 1443/8531/8531 1441/8532/8532
# PurinArmL_O_OBJ_O_HIR_, 130 grouped triangles

usemtl 48_1_34_115
o PurinArmL_O_OBJ_O_HIR_
g PurinArmL_O_OBJ_O_HIR_

f 23/8533/8533 1446/8534/8534 22/8535/8535
f 1447/8536/8536 1446/8537/8537 23/8538/8538
f 1447/8539/8539 1448/8540/8540 1446/8541/8541
f 1449/8542/8542 1448/8543/8543 1447/8544/8544
f 1449/8545/8545 1450/8546/8546 1448/8547/8547
f 1451/8548/8548 1450/8549/8549 1449/8550/8550
f 1451/8551/8551 1452/8552/8552 1450/8553/8553
f 1453/8554/8554 1452/8555/8555 1451/8556/8556
f 22/8557/8557 1454/8558/8558 25/8559/8559
f 1446/8560/8560 1454/8561/8561 22/8562/8562
f 1446/8563/8563 1455/8564/8564 1454/8565/8565
f 1448/8566/8566 1455/8567/8567 1446/8568/8568
f 1448/8569/8569 1456/8570/8570 1455/8571/8571
f 1450/8572/8572 1456/8573/8573 1448/8574/8574
f 1450/8575/8575 1457/8576/8576 1456/8577/8577
f 1452/8578/8578 1457/8579/8579 1450/8580/8580
f 25/8581/8581 1458/8582/8582 27/8583/8583
f 1454/8584/8584 1458/8585/8585 25/8586/8586
f 1454/8587/8587 1459/8588/8588 1458/8589/8589
f 1455/8590/8590 1459/8591/8591 1454/8592/8592
f 1455/8593/8593 1460/8594/8594 1459/8595/8595
f 1456/8596/8596 1460/8597/8597 1455/8598/8598
f 1456/8599/8599 1461/8600/8600 1460/8601/8601
f 1457/8602/8602 1461/8603/8603 1456/8604/8604
f 27/8605/8605 1462/8606/8606 29/8607/8607
f 1458/8608/8608 1462/8609/8609 27/8610/8610
f 1458/8611/8611 1463/8612/8612 1462/8613/8613
f 1459/8614/8614 1463/8615/8615 1458/8616/8616
f 1459/8617/8617 1464/8618/8618 1463/8619/8619
f 1460/8620/8620 1464/8621/8621 1459/8622/8622
f 1460/8623/8623 1465/8624/8624 1464/8625/8625
f 1461/8626/8626 1465/8627/8627 1460/8628/8628
f 39/8629/8629 1447/8630/8630 23/8631/8631
f 1466/8632/8632 1447/8633/8633 39/8634/8634
f 1466/8635/8635 1449/8636/8636 1447/8637/8637
f 1467/8638/8638 1449/8639/8639 1466/8640/8640
f 1467/8641/8641 1451/8642/8642 1449/8643/8643
f 1468/8644/8644 1451/8645/8645 1467/8646/8646
f 1468/8647/8647 1453/8648/8648 1451/8649/8649
f 1469/8650/8650 1453/8651/8651 1468/8652/8652
f 37/8653/8653 1466/8654/8654 39/8655/8655
f 1470/8656/8656 1466/8657/8657 37/8658/8658
f 1470/8659/8659 1467/8660/8660 1466/8661/8661
f 1471/8662/8662 1467/8663/8663 1470/8664/8664
f 1471/8665/8665 1468/8666/8666 1467/8667/8667
f 1472/8668/8668 1468/8669/8669 1471/8670/8670
f 1472/8671/8671 1469/8672/8672 1468/8673/8673
f 1473/8674/8674 1469/8675/8675 1472/8676/8676
f 35/8677/8677 1470/8678/8678 37/8679/8679
f 1474/8680/8680 1470/8681/8681 35/8682/8682
f 1474/8683/8683 1471/8684/8684 1470/8685/8685
f 1475/8686/8686 1471/8687/8687 1474/8688/8688
f 1475/8689/8689 1472/8690/8690 1471/8691/8691
f 1476/8692/8692 1472/8693/8693 1475/8694/8694
f 1476/8695/8695 1473/8696/8696 1472/8697/8697
f 1477/8698/8698 1473/8699/8699 1476/8700/8700
f 33/8701/8701 1474/8702/8702 35/8703/8703
f 1478/8704/8704 1474/8705/8705 33/8706/8706
f 1478/8707/8707 1475/8708/8708 1474/8709/8709
f 1479/8710/8710 1475/8711/8711 1478/8712/8712
f 1479/8713/8713 1476/8714/8714 1475/8715/8715
f 1480/8716/8716 1476/8717/8717 1479/8718/8718
f 1480/8719/8719 1477/8720/8720 1476/8721/8721
f 1481/8722/8722 1477/8723/8723 1480/8724/8724
f 31/8725/8725 1478/8726/8726 33/8727/8727
f 1482/8728/8728 1478/8729/8729 31/8730/8730
f 1482/8731/8731 1479/8732/8732 1478/8733/8733
f 1483/8734/8734 1479/8735/8735 1482/8736/8736
f 1483/8737/8737 1480/8738/8738 1479/8739/8739
f 1484/8740/8740 1480/8741/8741 1483/8742/8742
f 1484/8743/8743 1481/8744/8744 1480/8745/8745
f 1485/8746/8746 1481/8747/8747 1484/8748/8748
f 1485/8749/8749 1486/8750/8750 1481/8751/8751
f 1487/8752/8752 1486/8753/8753 1485/8754/8754
f 1487/8755/8755 1488/8756/8756 1486/8757/8757
f 1489/8758/8758 1488/8759/8759 1487/8760/8760
f 1489/8761/8761 1490/8762/8762 1488/8763/8763
f 1491/8764/8764 1490/8765/8765 1489/8766/8766
f 1491/8767/8767 1473/8768/8768 1490/8769/8769
f 1469/8770/8770 1473/8771/8771 1491/8772/8772
f 29/8773/8773 1482/8774/8774 31/8775/8775
f 1462/8776/8776 1482/8777/8777 29/8778/8778
f 1462/8779/8779 1483/8780/8780 1482/8781/8781
f 1463/8782/8782 1483/8783/8783 1462/8784/8784
f 1463/8785/8785 1484/8786/8786 1483/8787/8787
f 1464/8788/8788 1484/8789/8789 1463/8790/8790
f 1464/8791/8791 1485/8792/8792 1484/8793/8793
f 1465/8794/8794 1485/8795/8795 1464/8796/8796
f 1465/8797/8797 1487/8798/8798 1485/8799/8799
f 1492/8800/8800 1487/8801/8801 1465/8802/8802
f 1492/8803/8803 1489/8804/8804 1487/8805/8805
f 1493/8806/8806 1489/8807/8807 1492/8808/8808
f 1493/8809/8809 1494/8810/8810 1489/8811/8811
f 1495/8812/8812 1494/8813/8813 1493/8814/8814
f 1495/8815/8815 1452/8816/8816 1494/8817/8817
f 1457/8818/8818 1452/8819/8819 1495/8820/8820
f 1465/8821/8821 1493/8822/8822 1492/8823/8823
f 1461/8824/8824 1493/8825/8825 1465/8826/8826
f 1461/8827/8827 1495/8828/8828 1493/8829/8829
f 1457/8830/8830 1495/8831/8831 1461/8832/8832
f 1486/8833/8833 1477/8834/8834 1481/8835/8835
f 1488/8836/8836 1477/8837/8837 1486/8838/8838
f 1488/8839/8839 1473/8840/8840 1477/8841/8841
f 1490/8842/8842 1473/8843/8843 1488/8844/8844
f 1452/8845/8845 1496/8846/8846 1494/8847/8847
f 1453/8848/8848 1496/8849/8849 1452/8850/8850
f 1453/8851/8851 1491/8852/8852 1496/8853/8853
f 1469/8854/8854 1491/8855/8855 1453/8856/8856
f 23/8857/8857 1497/8858/8858 1498/8859/8859
f 22/8860/8860 1497/8861/8861 23/8862/8862
f 22/8863/8863 1499/8864/8864 1497/8865/8865
f 25/8866/8866 1499/8867/8867 22/8868/8868
f 25/8869/8869 1500/8870/8870 1499/8871/8871
f 27/8872/8872 1500/8873/8873 25/8874/8874
f 27/8875/8875 1501/8876/8876 1500/8877/8877
f 29/8878/8878 1501/8879/8879 27/8880/8880
f 29/8881/8881 1502/8882/8882 1501/8883/8883
f 31/8884/8884 1502/8885/8885 29/8886/8886
f 31/8887/8887 1503/8888/8888 1502/8889/8889
f 33/8890/8890 1503/8891/8891 31/8892/8892
f 33/8893/8893 1504/8894/8894 1503/8895/8895
f 35/8896/8896 1504/8897/8897 33/8898/8898
f 35/8899/8899 1505/8900/8900 1504/8901/8901
f 37/8902/8902 1505/8903/8903 35/8904/8904
f 37/8905/8905 1506/8906/8906 1505/8907/8907
f 39/8908/8908 1506/8909/8909 37/8910/8910
f 39/8911/8911 1498/8912/8912 1506/8913/8913
f 23/8914/8914 1498/8915/8915 39/8916/8916
f 1494/8917/8917 1491/8918/8918 1489/8919/8919
f 1496/8920/8920 1491/8921/8921 1494/8922/8922
# PurinLeg_O_OBJ_O_HIR_, 1024 grouped triangles

usemtl 48_1_34_115
o PurinLeg_O_OBJ_O_HIR_
g PurinLeg_O_OBJ_O_HIR_

f 1507/8923/8923 1508/8924/8924 1509/8925/8925
f 1510/8926/8926 1508/8927/8927 1507/8928/8928
f 1510/8929/8929 1511/8930/8930 1508/8931/8931
f 1512/8932/8932 1511/8933/8933 1510/8934/8934
f 1512/8935/8935 1513/8936/8936 1511/8937/8937
f 1514/8938/8938 1513/8939/8939 1512/8940/8940
f 1514/8941/8941 1515/8942/8942 1513/8943/8943
f 1516/8944/8944 1515/8945/8945 1514/8946/8946
f 1509/8947/8947 1517/8948/8948 1518/8949/8949
f 1508/8950/8950 1517/8951/8951 1509/8952/8952
f 1508/8953/8953 1519/8954/8954 1517/8955/8955
f 1511/8956/8956 1519/8957/8957 1508/8958/8958
f 1511/8959/8959 1520/8960/8960 1519/8961/8961
f 1513/8962/8962 1520/8963/8963 1511/8964/8964
f 1513/8965/8965 1521/8966/8966 1520/8967/8967
f 1515/8968/8968 1521/8969/8969 1513/8970/8970
f 1518/8971/8971 1522/8972/8972 1523/8973/8973
f 1517/8974/8974 1522/8975/8975 1518/8976/8976
f 1517/8977/8977 1524/8978/8978 1522/8979/8979
f 1519/8980/8980 1524/8981/8981 1517/8982/8982
f 1519/8983/8983 1525/8984/8984 1524/8985/8985
f 1520/8986/8986 1525/8987/8987 1519/8988/8988
f 1520/8989/8989 1526/8990/8990 1525/8991/8991
f 1521/8992/8992 1526/8993/8993 1520/8994/8994
f 1523/8995/8995 1527/8996/8996 1528/8997/8997
f 1522/8998/8998 1527/8999/8999 1523/9000/9000
f 1522/9001/9001 1529/9002/9002 1527/9003/9003
f 1524/9004/9004 1529/9005/9005 1522/9006/9006
f 1524/9007/9007 1530/9008/9008 1529/9009/9009
f 1525/9010/9010 1530/9011/9011 1524/9012/9012
f 1525/9013/9013 1531/9014/9014 1530/9015/9015
f 1526/9016/9016 1531/9017/9017 1525/9018/9018
f 1528/9019/9019 1532/9020/9020 1533/9021/9021
f 1527/9022/9022 1532/9023/9023 1528/9024/9024
f 1527/9025/9025 1534/9026/9026 1532/9027/9027
f 1529/9028/9028 1534/9029/9029 1527/9030/9030
f 1529/9031/9031 1535/9032/9032 1534/9033/9033
f 1530/9034/9034 1535/9035/9035 1529/9036/9036
f 1530/9037/9037 1536/9038/9038 1535/9039/9039
f 1531/9040/9040 1536/9041/9041 1530/9042/9042
f 1533/9043/9043 1537/9044/9044 1538/9045/9045
f 1532/9046/9046 1537/9047/9047 1533/9048/9048
f 1532/9049/9049 1539/9050/9050 1537/9051/9051
f 1534/9052/9052 1539/9053/9053 1532/9054/9054
f 1534/9055/9055 1540/9056/9056 1539/9057/9057
f 1535/9058/9058 1540/9059/9059 1534/9060/9060
f 1535/9061/9061 1541/9062/9062 1540/9063/9063
f 1536/9064/9064 1541/9065/9065 1535/9066/9066
f 1538/9067/9067 1542/9068/9068 1543/9069/9069
f 1537/9070/9070 1542/9071/9071 1538/9072/9072
f 1537/9073/9073 1544/9074/9074 1542/9075/9075
f 1539/9076/9076 1544/9077/9077 1537/9078/9078
f 1539/9079/9079 1545/9080/9080 1544/9081/9081
f 1540/9082/9082 1545/9083/9083 1539/9084/9084
f 1540/9085/9085 1546/9086/9086 1545/9087/9087
f 1541/9088/9088 1546/9089/9089 1540/9090/9090
f 1542/9091/9091 1547/9092/9092 1543/9093/9093
f 1548/9094/9094 1547/9095/9095 1542/9096/9096
f 1548/9097/9097 1549/9098/9098 1547/9099/9099
f 1550/9100/9100 1549/9101/9101 1548/9102/9102
f 1550/9103/9103 1551/9104/9104 1549/9105/9105
f 1552/9106/9106 1551/9107/9107 1550/9108/9108
f 1552/9109/9109 1553/9110/9110 1551/9111/9111
f 1554/9112/9112 1553/9113/9113 1552/9114/9114
f 1554/9115/9115 1555/9116/9116 1553/9117/9117
f 1556/9118/9118 1555/9119/9119 1554/9120/9120
f 1556/9121/9121 1557/9122/9122 1555/9123/9123
f 1558/9124/9124 1557/9125/9125 1556/9126/9126
f 1558/9127/9127 1559/9128/9128 1557/9129/9129
f 1560/9130/9130 1559/9131/9131 1558/9132/9132
f 1544/9133/9133 1548/9134/9134 1542/9135/9135
f 1561/9136/9136 1548/9137/9137 1544/9138/9138
f 1561/9139/9139 1550/9140/9140 1548/9141/9141
f 1562/9142/9142 1550/9143/9143 1561/9144/9144
f 1562/9145/9145 1552/9146/9146 1550/9147/9147
f 1563/9148/9148 1552/9149/9149 1562/9150/9150
f 1563/9151/9151 1554/9152/9152 1552/9153/9153
f 1564/9154/9154 1554/9155/9155 1563/9156/9156
f 1564/9157/9157 1556/9158/9158 1554/9159/9159
f 1565/9160/9160 1556/9161/9161 1564/9162/9162
f 1565/9163/9163 1558/9164/9164 1556/9165/9165
f 1566/9166/9166 1558/9167/9167 1565/9168/9168
f 1566/9169/9169 1560/9170/9170 1558/9171/9171
f 1567/9172/9172 1560/9173/9173 1566/9174/9174
f 1545/9175/9175 1561/9176/9176 1544/9177/9177
f 1568/9178/9178 1561/9179/9179 1545/9180/9180
f 1568/9181/9181 1562/9182/9182 1561/9183/9183
f 1569/9184/9184 1562/9185/9185 1568/9186/9186
f 1569/9187/9187 1563/9188/9188 1562/9189/9189
f 1570/9190/9190 1563/9191/9191 1569/9192/9192
f 1570/9193/9193 1564/9194/9194 1563/9195/9195
f 1571/9196/9196 1564/9197/9197 1570/9198/9198
f 1571/9199/9199 1565/9200/9200 1564/9201/9201
f 1572/9202/9202 1565/9203/9203 1571/9204/9204
f 1572/9205/9205 1566/9206/9206 1565/9207/9207
f 1573/9208/9208 1566/9209/9209 1572/9210/9210
f 1573/9211/9211 1567/9212/9212 1566/9213/9213
f 1574/9214/9214 1567/9215/9215 1573/9216/9216
f 1546/9217/9217 1568/9218/9218 1545/9219/9219
f 1575/9220/9220 1568/9221/9221 1546/9222/9222
f 1575/9223/9223 1569/9224/9224 1568/9225/9225
f 1576/9226/9226 1569/9227/9227 1575/9228/9228
f 1576/9229/9229 1570/9230/9230 1569/9231/9231
f 1577/9232/9232 1570/9233/9233 1576/9234/9234
f 1577/9235/9235 1571/9236/9236 1570/9237/9237
f 1578/9238/9238 1571/9239/9239 1577/9240/9240
f 1578/9241/9241 1572/9242/9242 1571/9243/9243
f 1579/9244/9244 1572/9245/9245 1578/9246/9246
f 1579/9247/9247 1573/9248/9248 1572/9249/9249
f 1580/9250/9250 1573/9251/9251 1579/9252/9252
f 1580/9253/9253 1574/9254/9254 1573/9255/9255
f 1581/9256/9256 1574/9257/9257 1580/9258/9258
f 1582/9259/9259 1583/9260/9260 1584/9261/9261
f 1585/9262/9262 1583/9263/9263 1582/9264/9264
f 1585/9265/9265 1586/9266/9266 1583/9267/9267
f 1587/9268/9268 1586/9269/9269 1585/9270/9270
f 1587/9271/9271 1588/9272/9272 1586/9273/9273
f 1589/9274/9274 1588/9275/9275 1587/9276/9276
f 1589/9277/9277 1590/9278/9278 1588/9279/9279
f 1591/9280/9280 1590/9281/9281 1589/9282/9282
f 1591/9283/9283 1592/9284/9284 1590/9285/9285
f 1593/9286/9286 1592/9287/9287 1591/9288/9288
f 1593/9289/9289 1594/9290/9290 1592/9291/9291
f 1595/9292/9292 1594/9293/9293 1593/9294/9294
f 1595/9295/9295 1596/9296/9296 1594/9297/9297
f 1597/9298/9298 1596/9299/9299 1595/9300/9300
f 1597/9301/9301 1598/9302/9302 1596/9303/9303
f 1599/9304/9304 1598/9305/9305 1597/9306/9306
f 1599/9307/9307 1600/9308/9308 1598/9309/9309
f 1601/9310/9310 1600/9311/9311 1599/9312/9312
f 1601/9313/9313 1602/9314/9314 1600/9315/9315
f 1603/9316/9316 1602/9317/9317 1601/9318/9318
f 1603/9319/9319 1604/9320/9320 1602/9321/9321
f 1605/9322/9322 1604/9323/9323 1603/9324/9324
f 1605/9325/9325 1606/9326/9326 1604/9327/9327
f 1607/9328/9328 1606/9329/9329 1605/9330/9330
f 1607/9331/9331 1608/9332/9332 1606/9333/9333
f 1609/9334/9334 1608/9335/9335 1607/9336/9336
f 1609/9337/9337 1610/9338/9338 1608/9339/9339
f 1611/9340/9340 1610/9341/9341 1609/9342/9342
f 1584/9343/9343 1612/9344/9344 1613/9345/9345
f 1583/9346/9346 1612/9347/9347 1584/9348/9348
f 1583/9349/9349 1614/9350/9350 1612/9351/9351
f 1586/9352/9352 1614/9353/9353 1583/9354/9354
f 1586/9355/9355 1615/9356/9356 1614/9357/9357
f 1588/9358/9358 1615/9359/9359 1586/9360/9360
f 1588/9361/9361 1616/9362/9362 1615/9363/9363
f 1590/9364/9364 1616/9365/9365 1588/9366/9366
f 1590/9367/9367 1617/9368/9368 1616/9369/9369
f 1592/9370/9370 1617/9371/9371 1590/9372/9372
f 1592/9373/9373 1618/9374/9374 1617/9375/9375
f 1594/9376/9376 1618/9377/9377 1592/9378/9378
f 1594/9379/9379 1619/9380/9380 1618/9381/9381
f 1596/9382/9382 1619/9383/9383 1594/9384/9384
f 1596/9385/9385 1620/9386/9386 1619/9387/9387
f 1598/9388/9388 1620/9389/9389 1596/9390/9390
f 1598/9391/9391 1621/9392/9392 1620/9393/9393
f 1600/9394/9394 1621/9395/9395 1598/9396/9396
f 1600/9397/9397 1622/9398/9398 1621/9399/9399
f 1602/9400/9400 1622/9401/9401 1600/9402/9402
f 1602/9403/9403 1623/9404/9404 1622/9405/9405
f 1604/9406/9406 1623/9407/9407 1602/9408/9408
f 1604/9409/9409 1624/9410/9410 1623/9411/9411
f 1606/9412/9412 1624/9413/9413 1604/9414/9414
f 1606/9415/9415 1625/9416/9416 1624/9417/9417
f 1608/9418/9418 1625/9419/9419 1606/9420/9420
f 1608/9421/9421 1626/9422/9422 1625/9423/9423
f 1610/9424/9424 1626/9425/9425 1608/9426/9426
f 1613/9427/9427 1627/9428/9428 1628/9429/9429
f 1612/9430/9430 1627/9431/9431 1613/9432/9432
f 1612/9433/9433 1629/9434/9434 1627/9435/9435
f 1614/9436/9436 1629/9437/9437 1612/9438/9438
f 1614/9439/9439 1630/9440/9440 1629/9441/9441
f 1615/9442/9442 1630/9443/9443 1614/9444/9444
f 1615/9445/9445 1631/9446/9446 1630/9447/9447
f 1616/9448/9448 1631/9449/9449 1615/9450/9450
f 1616/9451/9451 1632/9452/9452 1631/9453/9453
f 1617/9454/9454 1632/9455/9455 1616/9456/9456
f 1617/9457/9457 1633/9458/9458 1632/9459/9459
f 1618/9460/9460 1633/9461/9461 1617/9462/9462
f 1618/9463/9463 1634/9464/9464 1633/9465/9465
f 1619/9466/9466 1634/9467/9467 1618/9468/9468
f 1619/9469/9469 1635/9470/9470 1634/9471/9471
f 1620/9472/9472 1635/9473/9473 1619/9474/9474
f 1620/9475/9475 1636/9476/9476 1635/9477/9477
f 1621/9478/9478 1636/9479/9479 1620/9480/9480
f 1621/9481/9481 1637/9482/9482 1636/9483/9483
f 1622/9484/9484 1637/9485/9485 1621/9486/9486
f 1622/9487/9487 1638/9488/9488 1637/9489/9489
f 1623/9490/9490 1638/9491/9491 1622/9492/9492
f 1623/9493/9493 1639/9494/9494 1638/9495/9495
f 1624/9496/9496 1639/9497/9497 1623/9498/9498
f 1624/9499/9499 1640/9500/9500 1639/9501/9501
f 1625/9502/9502 1640/9503/9503 1624/9504/9504
f 1625/9505/9505 1641/9506/9506 1640/9507/9507
f 1626/9508/9508 1641/9509/9509 1625/9510/9510
f 1628/9511/9511 1642/9512/9512 1643/9513/9513
f 1627/9514/9514 1642/9515/9515 1628/9516/9516
f 1627/9517/9517 1644/9518/9518 1642/9519/9519
f 1629/9520/9520 1644/9521/9521 1627/9522/9522
f 1629/9523/9523 1645/9524/9524 1644/9525/9525
f 1630/9526/9526 1645/9527/9527 1629/9528/9528
f 1630/9529/9529 1646/9530/9530 1645/9531/9531
f 1631/9532/9532 1646/9533/9533 1630/9534/9534
f 1631/9535/9535 1647/9536/9536 1646/9537/9537
f 1632/9538/9538 1647/9539/9539 1631/9540/9540
f 1632/9541/9541 1648/9542/9542 1647/9543/9543
f 1633/9544/9544 1648/9545/9545 1632/9546/9546
f 1633/9547/9547 1649/9548/9548 1648/9549/9549
f 1634/9550/9550 1649/9551/9551 1633/9552/9552
f 1634/9553/9553 1650/9554/9554 1649/9555/9555
f 1635/9556/9556 1650/9557/9557 1634/9558/9558
f 1635/9559/9559 1651/9560/9560 1650/9561/9561
f 1636/9562/9562 1651/9563/9563 1635/9564/9564
f 1636/9565/9565 1652/9566/9566 1651/9567/9567
f 1637/9568/9568 1652/9569/9569 1636/9570/9570
f 1637/9571/9571 1653/9572/9572 1652/9573/9573
f 1638/9574/9574 1653/9575/9575 1637/9576/9576
f 1638/9577/9577 1654/9578/9578 1653/9579/9579
f 1639/9580/9580 1654/9581/9581 1638/9582/9582
f 1639/9583/9583 1655/9584/9584 1654/9585/9585
f 1640/9586/9586 1655/9587/9587 1639/9588/9588
f 1640/9589/9589 1656/9590/9590 1655/9591/9591
f 1641/9592/9592 1656/9593/9593 1640/9594/9594
f 1538/9595/9595 1657/9596/9596 1658/9597/9597
f 1543/9598/9598 1657/9599/9599 1538/9600/9600
f 1543/9601/9601 1659/9602/9602 1657/9603/9603
f 1547/9604/9604 1659/9605/9605 1543/9606/9606
f 1547/9607/9607 1660/9608/9608 1659/9609/9609
f 1549/9610/9610 1660/9611/9611 1547/9612/9612
f 1549/9613/9613 1661/9614/9614 1660/9615/9615
f 1551/9616/9616 1661/9617/9617 1549/9618/9618
f 1551/9619/9619 1662/9620/9620 1661/9621/9621
f 1553/9622/9622 1662/9623/9623 1551/9624/9624
f 1553/9625/9625 1663/9626/9626 1662/9627/9627
f 1555/9628/9628 1663/9629/9629 1553/9630/9630
f 1555/9631/9631 1664/9632/9632 1663/9633/9633
f 1557/9634/9634 1664/9635/9635 1555/9636/9636
f 1557/9637/9637 1665/9638/9638 1664/9639/9639
f 1559/9640/9640 1665/9641/9641 1557/9642/9642
f 1559/9643/9643 1666/9644/9644 1665/9645/9645
f 1560/9646/9646 1666/9647/9647 1559/9648/9648
f 1560/9649/9649 1667/9650/9650 1666/9651/9651
f 1567/9652/9652 1667/9653/9653 1560/9654/9654
f 1567/9655/9655 1668/9656/9656 1667/9657/9657
f 1574/9658/9658 1668/9659/9659 1567/9660/9660
f 1574/9661/9661 1669/9662/9662 1668/9663/9663
f 1581/9664/9664 1669/9665/9665 1574/9666/9666
f 1581/9667/9667 1670/9668/9668 1669/9669/9669
f 1580/9670/9670 1670/9671/9671 1581/9672/9672
f 1580/9673/9673 1671/9674/9674 1670/9675/9675
f 1579/9676/9676 1671/9677/9677 1580/9678/9678
f 1579/9679/9679 1672/9680/9680 1671/9681/9681
f 1578/9682/9682 1672/9683/9683 1579/9684/9684
f 1578/9685/9685 1673/9686/9686 1672/9687/9687
f 1577/9688/9688 1673/9689/9689 1578/9690/9690
f 1577/9691/9691 1674/9692/9692 1673/9693/9693
f 1576/9694/9694 1674/9695/9695 1577/9696/9696
f 1576/9697/9697 1675/9698/9698 1674/9699/9699
f 1575/9700/9700 1675/9701/9701 1576/9702/9702
f 1575/9703/9703 1676/9704/9704 1675/9705/9705
f 1546/9706/9706 1676/9707/9707 1575/9708/9708
f 1546/9709/9709 1677/9710/9710 1676/9711/9711
f 1541/9712/9712 1677/9713/9713 1546/9714/9714
f 1541/9715/9715 1678/9716/9716 1677/9717/9717
f 1536/9718/9718 1678/9719/9719 1541/9720/9720
f 1536/9721/9721 1679/9722/9722 1678/9723/9723
f 1531/9724/9724 1679/9725/9725 1536/9726/9726
f 1531/9727/9727 1680/9728/9728 1679/9729/9729
f 1526/9730/9730 1680/9731/9731 1531/9732/9732
f 1526/9733/9733 1681/9734/9734 1680/9735/9735
f 1521/9736/9736 1681/9737/9737 1526/9738/9738
f 1521/9739/9739 1682/9740/9740 1681/9741/9741
f 1515/9742/9742 1682/9743/9743 1521/9744/9744
f 1515/9745/9745 1683/9746/9746 1682/9747/9747
f 1516/9748/9748 1683/9749/9749 1515/9750/9750
f 1516/9751/9751 1684/9752/9752 1683/9753/9753
f 1514/9754/9754 1684/9755/9755 1516/9756/9756
f 1514/9757/9757 1685/9758/9758 1684/9759/9759
f 1512/9760/9760 1685/9761/9761 1514/9762/9762
f 1512/9763/9763 1686/9764/9764 1685/9765/9765
f 1510/9766/9766 1686/9767/9767 1512/9768/9768
f 1510/9769/9769 1687/9770/9770 1686/9771/9771
f 1507/9772/9772 1687/9773/9773 1510/9774/9774
f 1507/9775/9775 1688/9776/9776 1687/9777/9777
f 1509/9778/9778 1688/9779/9779 1507/9780/9780
f 1509/9781/9781 1689/9782/9782 1688/9783/9783
f 1518/9784/9784 1689/9785/9785 1509/9786/9786
f 1518/9787/9787 1690/9788/9788 1689/9789/9789
f 1523/9790/9790 1690/9791/9791 1518/9792/9792
f 1523/9793/9793 1691/9794/9794 1690/9795/9795
f 1528/9796/9796 1691/9797/9797 1523/9798/9798
f 1528/9799/9799 1692/9800/9800 1691/9801/9801
f 1533/9802/9802 1692/9803/9803 1528/9804/9804
f 1533/9805/9805 1658/9806/9806 1692/9807/9807
f 1538/9808/9808 1658/9809/9809 1533/9810/9810
f 1658/9811/9811 1693/9812/9812 1694/9813/9813
f 1657/9814/9814 1693/9815/9815 1658/9816/9816
f 1657/9817/9817 1695/9818/9818 1693/9819/9819
f 1659/9820/9820 1695/9821/9821 1657/9822/9822
f 1659/9823/9823 1696/9824/9824 1695/9825/9825
f 1660/9826/9826 1696/9827/9827 1659/9828/9828
f 1660/9829/9829 1697/9830/9830 1696/9831/9831
f 1661/9832/9832 1697/9833/9833 1660/9834/9834
f 1661/9835/9835 1698/9836/9836 1697/9837/9837
f 1662/9838/9838 1698/9839/9839 1661/9840/9840
f 1662/9841/9841 1699/9842/9842 1698/9843/9843
f 1663/9844/9844 1699/9845/9845 1662/9846/9846
f 1663/9847/9847 1700/9848/9848 1699/9849/9849
f 1664/9850/9850 1700/9851/9851 1663/9852/9852
f 1664/9853/9853 1701/9854/9854 1700/9855/9855
f 1665/9856/9856 1701/9857/9857 1664/9858/9858
f 1665/9859/9859 1702/9860/9860 1701/9861/9861
f 1666/9862/9862 1702/9863/9863 1665/9864/9864
f 1666/9865/9865 1703/9866/9866 1702/9867/9867
f 1667/9868/9868 1703/9869/9869 1666/9870/9870
f 1667/9871/9871 1704/9872/9872 1703/9873/9873
f 1668/9874/9874 1704/9875/9875 1667/9876/9876
f 1668/9877/9877 1705/9878/9878 1704/9879/9879
f 1669/9880/9880 1705/9881/9881 1668/9882/9882
f 1669/9883/9883 1706/9884/9884 1705/9885/9885
f 1670/9886/9886 1706/9887/9887 1669/9888/9888
f 1670/9889/9889 1707/9890/9890 1706/9891/9891
f 1671/9892/9892 1707/9893/9893 1670/9894/9894
f 1671/9895/9895 1708/9896/9896 1707/9897/9897
f 1672/9898/9898 1708/9899/9899 1671/9900/9900
f 1672/9901/9901 1709/9902/9902 1708/9903/9903
f 1673/9904/9904 1709/9905/9905 1672/9906/9906
f 1673/9907/9907 1710/9908/9908 1709/9909/9909
f 1674/9910/9910 1710/9911/9911 1673/9912/9912
f 1674/9913/9913 1711/9914/9914 1710/9915/9915
f 1675/9916/9916 1711/9917/9917 1674/9918/9918
f 1675/9919/9919 1712/9920/9920 1711/9921/9921
f 1676/9922/9922 1712/9923/9923 1675/9924/9924
f 1676/9925/9925 1713/9926/9926 1712/9927/9927
f 1677/9928/9928 1713/9929/9929 1676/9930/9930
f 1677/9931/9931 1714/9932/9932 1713/9933/9933
f 1678/9934/9934 1714/9935/9935 1677/9936/9936
f 1678/9937/9937 1715/9938/9938 1714/9939/9939
f 1679/9940/9940 1715/9941/9941 1678/9942/9942
f 1679/9943/9943 1716/9944/9944 1715/9945/9945
f 1680/9946/9946 1716/9947/9947 1679/9948/9948
f 1680/9949/9949 1717/9950/9950 1716/9951/9951
f 1681/9952/9952 1717/9953/9953 1680/9954/9954
f 1681/9955/9955 1718/9956/9956 1717/9957/9957
f 1682/9958/9958 1718/9959/9959 1681/9960/9960
f 1682/9961/9961 1719/9962/9962 1718/9963/9963
f 1683/9964/9964 1719/9965/9965 1682/9966/9966
f 1683/9967/9967 1720/9968/9968 1719/9969/9969
f 1684/9970/9970 1720/9971/9971 1683/9972/9972
f 1684/9973/9973 1721/9974/9974 1720/9975/9975
f 1685/9976/9976 1721/9977/9977 1684/9978/9978
f 1685/9979/9979 1722/9980/9980 1721/9981/9981
f 1686/9982/9982 1722/9983/9983 1685/9984/9984
f 1686/9985/9985 1723/9986/9986 1722/9987/9987
f 1687/9988/9988 1723/9989/9989 1686/9990/9990
f 1687/9991/9991 1724/9992/9992 1723/9993/9993
f 1688/9994/9994 1724/9995/9995 1687/9996/9996
f 1688/9997/9997 1725/9998/9998 1724/9999/9999
f 1689/10000/10000 1725/10001/10001 1688/10002/10002
f 1689/10003/10003 1726/10004/10004 1725/10005/10005
f 1690/10006/10006 1726/10007/10007 1689/10008/10008
f 1690/10009/10009 1727/10010/10010 1726/10011/10011
f 1691/10012/10012 1727/10013/10013 1690/10014/10014
f 1691/10015/10015 1728/10016/10016 1727/10017/10017
f 1692/10018/10018 1728/10019/10019 1691/10020/10020
f 1692/10021/10021 1694/10022/10022 1728/10023/10023
f 1658/10024/10024 1694/10025/10025 1692/10026/10026
f 1694/10027/10027 1729/10028/10028 1730/10029/10029
f 1693/10030/10030 1729/10031/10031 1694/10032/10032
f 1693/10033/10033 1731/10034/10034 1729/10035/10035
f 1695/10036/10036 1731/10037/10037 1693/10038/10038
f 1695/10039/10039 1732/10040/10040 1731/10041/10041
f 1696/10042/10042 1732/10043/10043 1695/10044/10044
f 1696/10045/10045 1733/10046/10046 1732/10047/10047
f 1697/10048/10048 1733/10049/10049 1696/10050/10050
f 1697/10051/10051 1734/10052/10052 1733/10053/10053
f 1698/10054/10054 1734/10055/10055 1697/10056/10056
f 1698/10057/10057 1735/10058/10058 1734/10059/10059
f 1699/10060/10060 1735/10061/10061 1698/10062/10062
f 1699/10063/10063 1736/10064/10064 1735/10065/10065
f 1700/10066/10066 1736/10067/10067 1699/10068/10068
f 1700/10069/10069 1737/10070/10070 1736/10071/10071
f 1701/10072/10072 1737/10073/10073 1700/10074/10074
f 1701/10075/10075 1738/10076/10076 1737/10077/10077
f 1702/10078/10078 1738/10079/10079 1701/10080/10080
f 1702/10081/10081 1739/10082/10082 1738/10083/10083
f 1703/10084/10084 1739/10085/10085 1702/10086/10086
f 1703/10087/10087 1740/10088/10088 1739/10089/10089
f 1704/10090/10090 1740/10091/10091 1703/10092/10092
f 1704/10093/10093 1741/10094/10094 1740/10095/10095
f 1705/10096/10096 1741/10097/10097 1704/10098/10098
f 1705/10099/10099 1742/10100/10100 1741/10101/10101
f 1706/10102/10102 1742/10103/10103 1705/10104/10104
f 1706/10105/10105 1743/10106/10106 1742/10107/10107
f 1707/10108/10108 1743/10109/10109 1706/10110/10110
f 1707/10111/10111 1744/10112/10112 1743/10113/10113
f 1708/10114/10114 1744/10115/10115 1707/10116/10116
f 1708/10117/10117 1745/10118/10118 1744/10119/10119
f 1709/10120/10120 1745/10121/10121 1708/10122/10122
f 1709/10123/10123 1746/10124/10124 1745/10125/10125
f 1710/10126/10126 1746/10127/10127 1709/10128/10128
f 1710/10129/10129 1747/10130/10130 1746/10131/10131
f 1711/10132/10132 1747/10133/10133 1710/10134/10134
f 1711/10135/10135 1748/10136/10136 1747/10137/10137
f 1712/10138/10138 1748/10139/10139 1711/10140/10140
f 1712/10141/10141 1749/10142/10142 1748/10143/10143
f 1713/10144/10144 1749/10145/10145 1712/10146/10146
f 1713/10147/10147 1750/10148/10148 1749/10149/10149
f 1714/10150/10150 1750/10151/10151 1713/10152/10152
f 1714/10153/10153 1751/10154/10154 1750/10155/10155
f 1715/10156/10156 1751/10157/10157 1714/10158/10158
f 1715/10159/10159 1752/10160/10160 1751/10161/10161
f 1716/10162/10162 1752/10163/10163 1715/10164/10164
f 1716/10165/10165 1753/10166/10166 1752/10167/10167
f 1717/10168/10168 1753/10169/10169 1716/10170/10170
f 1717/10171/10171 1754/10172/10172 1753/10173/10173
f 1718/10174/10174 1754/10175/10175 1717/10176/10176
f 1718/10177/10177 1755/10178/10178 1754/10179/10179
f 1719/10180/10180 1755/10181/10181 1718/10182/10182
f 1719/10183/10183 1756/10184/10184 1755/10185/10185
f 1720/10186/10186 1756/10187/10187 1719/10188/10188
f 1720/10189/10189 1757/10190/10190 1756/10191/10191
f 1721/10192/10192 1757/10193/10193 1720/10194/10194
f 1721/10195/10195 1758/10196/10196 1757/10197/10197
f 1722/10198/10198 1758/10199/10199 1721/10200/10200
f 1722/10201/10201 1759/10202/10202 1758/10203/10203
f 1723/10204/10204 1759/10205/10205 1722/10206/10206
f 1723/10207/10207 1760/10208/10208 1759/10209/10209
f 1724/10210/10210 1760/10211/10211 1723/10212/10212
f 1724/10213/10213 1761/10214/10214 1760/10215/10215
f 1725/10216/10216 1761/10217/10217 1724/10218/10218
f 1725/10219/10219 1762/10220/10220 1761/10221/10221
f 1726/10222/10222 1762/10223/10223 1725/10224/10224
f 1726/10225/10225 1763/10226/10226 1762/10227/10227
f 1727/10228/10228 1763/10229/10229 1726/10230/10230
f 1727/10231/10231 1764/10232/10232 1763/10233/10233
f 1728/10234/10234 1764/10235/10235 1727/10236/10236
f 1728/10237/10237 1730/10238/10238 1764/10239/10239
f 1694/10240/10240 1730/10241/10241 1728/10242/10242
f 1749/10243/10243 1765/10244/10244 1748/10245/10245
f 1766/10246/10246 1765/10247/10247 1749/10248/10248
f 1766/10249/10249 1767/10250/10250 1765/10251/10251
f 1768/10252/10252 1767/10253/10253 1766/10254/10254
f 1768/10255/10255 1769/10256/10256 1767/10257/10257
f 1770/10258/10258 1769/10259/10259 1768/10260/10260
f 1770/10261/10261 1771/10262/10262 1769/10263/10263
f 1772/10264/10264 1771/10265/10265 1770/10266/10266
f 1772/10267/10267 1773/10268/10268 1771/10269/10269
f 1774/10270/10270 1773/10271/10271 1772/10272/10272
f 1774/10273/10273 1729/10274/10274 1773/10275/10275
f 1730/10276/10276 1729/10277/10277 1774/10278/10278
f 1750/10279/10279 1766/10280/10280 1749/10281/10281
f 1775/10282/10282 1766/10283/10283 1750/10284/10284
f 1775/10285/10285 1768/10286/10286 1766/10287/10287
f 1776/10288/10288 1768/10289/10289 1775/10290/10290
f 1776/10291/10291 1770/10292/10292 1768/10293/10293
f 1777/10294/10294 1770/10295/10295 1776/10296/10296
f 1777/10297/10297 1772/10298/10298 1770/10299/10299
f 1778/10300/10300 1772/10301/10301 1777/10302/10302
f 1778/10303/10303 1774/10304/10304 1772/10305/10305
f 1779/10306/10306 1774/10307/10307 1778/10308/10308
f 1779/10309/10309 1730/10310/10310 1774/10311/10311
f 1764/10312/10312 1730/10313/10313 1779/10314/10314
f 1751/10315/10315 1775/10316/10316 1750/10317/10317
f 1780/10318/10318 1775/10319/10319 1751/10320/10320
f 1780/10321/10321 1776/10322/10322 1775/10323/10323
f 1781/10324/10324 1776/10325/10325 1780/10326/10326
f 1781/10327/10327 1777/10328/10328 1776/10329/10329
f 1782/10330/10330 1777/10331/10331 1781/10332/10332
f 1782/10333/10333 1778/10334/10334 1777/10335/10335
f 1783/10336/10336 1778/10337/10337 1782/10338/10338
f 1783/10339/10339 1779/10340/10340 1778/10341/10341
f 1784/10342/10342 1779/10343/10343 1783/10344/10344
f 1784/10345/10345 1764/10346/10346 1779/10347/10347
f 1763/10348/10348 1764/10349/10349 1784/10350/10350
f 1752/10351/10351 1780/10352/10352 1751/10353/10353
f 1785/10354/10354 1780/10355/10355 1752/10356/10356
f 1785/10357/10357 1781/10358/10358 1780/10359/10359
f 1786/10360/10360 1781/10361/10361 1785/10362/10362
f 1786/10363/10363 1782/10364/10364 1781/10365/10365
f 1787/10366/10366 1782/10367/10367 1786/10368/10368
f 1787/10369/10369 1783/10370/10370 1782/10371/10371
f 1788/10372/10372 1783/10373/10373 1787/10374/10374
f 1788/10375/10375 1784/10376/10376 1783/10377/10377
f 1789/10378/10378 1784/10379/10379 1788/10380/10380
f 1789/10381/10381 1763/10382/10382 1784/10383/10383
f 1762/10384/10384 1763/10385/10385 1789/10386/10386
f 1753/10387/10387 1785/10388/10388 1752/10389/10389
f 1790/10390/10390 1785/10391/10391 1753/10392/10392
f 1790/10393/10393 1786/10394/10394 1785/10395/10395
f 1791/10396/10396 1786/10397/10397 1790/10398/10398
f 1791/10399/10399 1787/10400/10400 1786/10401/10401
f 1792/10402/10402 1787/10403/10403 1791/10404/10404
f 1792/10405/10405 1788/10406/10406 1787/10407/10407
f 1793/10408/10408 1788/10409/10409 1792/10410/10410
f 1793/10411/10411 1789/10412/10412 1788/10413/10413
f 1794/10414/10414 1789/10415/10415 1793/10416/10416
f 1794/10417/10417 1762/10418/10418 1789/10419/10419
f 1761/10420/10420 1762/10421/10421 1794/10422/10422
f 1754/10423/10423 1790/10424/10424 1753/10425/10425
f 1795/10426/10426 1790/10427/10427 1754/10428/10428
f 1795/10429/10429 1791/10430/10430 1790/10431/10431
f 1796/10432/10432 1791/10433/10433 1795/10434/10434
f 1796/10435/10435 1792/10436/10436 1791/10437/10437
f 1797/10438/10438 1792/10439/10439 1796/10440/10440
f 1797/10441/10441 1793/10442/10442 1792/10443/10443
f 1798/10444/10444 1793/10445/10445 1797/10446/10446
f 1798/10447/10447 1794/10448/10448 1793/10449/10449
f 1799/10450/10450 1794/10451/10451 1798/10452/10452
f 1799/10453/10453 1761/10454/10454 1794/10455/10455
f 1760/10456/10456 1761/10457/10457 1799/10458/10458
f 1755/10459/10459 1795/10460/10460 1754/10461/10461
f 1800/10462/10462 1795/10463/10463 1755/10464/10464
f 1800/10465/10465 1796/10466/10466 1795/10467/10467
f 1801/10468/10468 1796/10469/10469 1800/10470/10470
f 1801/10471/10471 1797/10472/10472 1796/10473/10473
f 1802/10474/10474 1797/10475/10475 1801/10476/10476
f 1802/10477/10477 1798/10478/10478 1797/10479/10479
f 1803/10480/10480 1798/10481/10481 1802/10482/10482
f 1803/10483/10483 1799/10484/10484 1798/10485/10485
f 1804/10486/10486 1799/10487/10487 1803/10488/10488
f 1804/10489/10489 1760/10490/10490 1799/10491/10491
f 1759/10492/10492 1760/10493/10493 1804/10494/10494
f 1755/10495/10495 1801/10496/10496 1800/10497/10497
f 1756/10498/10498 1801/10499/10499 1755/10500/10500
f 1756/10501/10501 1802/10502/10502 1801/10503/10503
f 1757/10504/10504 1802/10505/10505 1756/10506/10506
f 1757/10507/10507 1803/10508/10508 1802/10509/10509
f 1758/10510/10510 1803/10511/10511 1757/10512/10512
f 1758/10513/10513 1804/10514/10514 1803/10515/10515
f 1759/10516/10516 1804/10517/10517 1758/10518/10518
f 1765/10519/10519 1747/10520/10520 1748/10521/10521
f 1805/10522/10522 1747/10523/10523 1765/10524/10524
f 1805/10525/10525 1746/10526/10526 1747/10527/10527
f 1806/10528/10528 1746/10529/10529 1805/10530/10530
f 1806/10531/10531 1745/10532/10532 1746/10533/10533
f 1807/10534/10534 1745/10535/10535 1806/10536/10536
f 1807/10537/10537 1744/10538/10538 1745/10539/10539
f 1808/10540/10540 1744/10541/10541 1807/10542/10542
f 1808/10543/10543 1743/10544/10544 1744/10545/10545
f 1809/10546/10546 1743/10547/10547 1808/10548/10548
f 1809/10549/10549 1742/10550/10550 1743/10551/10551
f 1810/10552/10552 1742/10553/10553 1809/10554/10554
f 1810/10555/10555 1741/10556/10556 1742/10557/10557
f 1811/10558/10558 1741/10559/10559 1810/10560/10560
f 1811/10561/10561 1740/10562/10562 1741/10563/10563
f 1812/10564/10564 1740/10565/10565 1811/10566/10566
f 1812/10567/10567 1739/10568/10568 1740/10569/10569
f 1813/10570/10570 1739/10571/10571 1812/10572/10572
f 1813/10573/10573 1738/10574/10574 1739/10575/10575
f 1814/10576/10576 1738/10577/10577 1813/10578/10578
f 1814/10579/10579 1737/10580/10580 1738/10581/10581
f 1815/10582/10582 1737/10583/10583 1814/10584/10584
f 1815/10585/10585 1736/10586/10586 1737/10587/10587
f 1816/10588/10588 1736/10589/10589 1815/10590/10590
f 1816/10591/10591 1735/10592/10592 1736/10593/10593
f 1817/10594/10594 1735/10595/10595 1816/10596/10596
f 1817/10597/10597 1734/10598/10598 1735/10599/10599
f 1818/10600/10600 1734/10601/10601 1817/10602/10602
f 1818/10603/10603 1733/10604/10604 1734/10605/10605
f 1819/10606/10606 1733/10607/10607 1818/10608/10608
f 1819/10609/10609 1732/10610/10610 1733/10611/10611
f 1820/10612/10612 1732/10613/10613 1819/10614/10614
f 1820/10615/10615 1731/10616/10616 1732/10617/10617
f 1821/10618/10618 1731/10619/10619 1820/10620/10620
f 1821/10621/10621 1729/10622/10622 1731/10623/10623
f 1773/10624/10624 1729/10625/10625 1821/10626/10626
f 1767/10627/10627 1805/10628/10628 1765/10629/10629
f 1822/10630/10630 1805/10631/10631 1767/10632/10632
f 1822/10633/10633 1806/10634/10634 1805/10635/10635
f 1823/10636/10636 1806/10637/10637 1822/10638/10638
f 1823/10639/10639 1807/10640/10640 1806/10641/10641
f 1824/10642/10642 1807/10643/10643 1823/10644/10644
f 1824/10645/10645 1808/10646/10646 1807/10647/10647
f 1825/10648/10648 1808/10649/10649 1824/10650/10650
f 1825/10651/10651 1809/10652/10652 1808/10653/10653
f 1826/10654/10654 1809/10655/10655 1825/10656/10656
f 1826/10657/10657 1810/10658/10658 1809/10659/10659
f 1827/10660/10660 1810/10661/10661 1826/10662/10662
f 1827/10663/10663 1811/10664/10664 1810/10665/10665
f 1812/10666/10666 1811/10667/10667 1827/10668/10668
f 1769/10669/10669 1822/10670/10670 1767/10671/10671
f 1828/10672/10672 1822/10673/10673 1769/10674/10674
f 1828/10675/10675 1823/10676/10676 1822/10677/10677
f 1829/10678/10678 1823/10679/10679 1828/10680/10680
f 1829/10681/10681 1824/10682/10682 1823/10683/10683
f 1830/10684/10684 1824/10685/10685 1829/10686/10686
f 1830/10687/10687 1825/10688/10688 1824/10689/10689
f 1831/10690/10690 1825/10691/10691 1830/10692/10692
f 1831/10693/10693 1826/10694/10694 1825/10695/10695
f 1832/10696/10696 1826/10697/10697 1831/10698/10698
f 1832/10699/10699 1827/10700/10700 1826/10701/10701
f 1833/10702/10702 1827/10703/10703 1832/10704/10704
f 1833/10705/10705 1812/10706/10706 1827/10707/10707
f 1813/10708/10708 1812/10709/10709 1833/10710/10710
f 1771/10711/10711 1828/10712/10712 1769/10713/10713
f 1834/10714/10714 1828/10715/10715 1771/10716/10716
f 1834/10717/10717 1829/10718/10718 1828/10719/10719
f 1835/10720/10720 1829/10721/10721 1834/10722/10722
f 1835/10723/10723 1830/10724/10724 1829/10725/10725
f 1836/10726/10726 1830/10727/10727 1835/10728/10728
f 1836/10729/10729 1831/10730/10730 1830/10731/10731
f 1837/10732/10732 1831/10733/10733 1836/10734/10734
f 1837/10735/10735 1832/10736/10736 1831/10737/10737
f 1838/10738/10738 1832/10739/10739 1837/10740/10740
f 1838/10741/10741 1833/10742/10742 1832/10743/10743
f 1839/10744/10744 1833/10745/10745 1838/10746/10746
f 1839/10747/10747 1813/10748/10748 1833/10749/10749
f 1814/10750/10750 1813/10751/10751 1839/10752/10752
f 1773/10753/10753 1834/10754/10754 1771/10755/10755
f 1821/10756/10756 1834/10757/10757 1773/10758/10758
f 1821/10759/10759 1835/10760/10760 1834/10761/10761
f 1820/10762/10762 1835/10763/10763 1821/10764/10764
f 1820/10765/10765 1836/10766/10766 1835/10767/10767
f 1819/10768/10768 1836/10769/10769 1820/10770/10770
f 1819/10771/10771 1837/10772/10772 1836/10773/10773
f 1818/10774/10774 1837/10775/10775 1819/10776/10776
f 1818/10777/10777 1838/10778/10778 1837/10779/10779
f 1817/10780/10780 1838/10781/10781 1818/10782/10782
f 1817/10783/10783 1839/10784/10784 1838/10785/10785
f 1816/10786/10786 1839/10787/10787 1817/10788/10788
f 1816/10789/10789 1814/10790/10790 1839/10791/10791
f 1815/10792/10792 1814/10793/10793 1816/10794/10794
f 1597/10795/10795 1840/10796/10796 1841/10797/10797
f 1595/10798/10798 1840/10799/10799 1597/10800/10800
f 1595/10801/10801 1842/10802/10802 1840/10803/10803
f 1593/10804/10804 1842/10805/10805 1595/10806/10806
f 1593/10807/10807 1843/10808/10808 1842/10809/10809
f 1591/10810/10810 1843/10811/10811 1593/10812/10812
f 1591/10813/10813 1844/10814/10814 1843/10815/10815
f 1589/10816/10816 1844/10817/10817 1591/10818/10818
f 1589/10819/10819 1845/10820/10820 1844/10821/10821
f 1587/10822/10822 1845/10823/10823 1589/10824/10824
f 1587/10825/10825 1846/10826/10826 1845/10827/10827
f 1585/10828/10828 1846/10829/10829 1587/10830/10830
f 1585/10831/10831 1847/10832/10832 1846/10833/10833
f 1582/10834/10834 1847/10835/10835 1585/10836/10836
f 1582/10837/10837 1848/10838/10838 1847/10839/10839
f 1584/10840/10840 1848/10841/10841 1582/10842/10842
f 1584/10843/10843 1849/10844/10844 1848/10845/10845
f 1613/10846/10846 1849/10847/10847 1584/10848/10848
f 1613/10849/10849 1850/10850/10850 1849/10851/10851
f 1628/10852/10852 1850/10853/10853 1613/10854/10854
f 1628/10855/10855 1851/10856/10856 1850/10857/10857
f 1643/10858/10858 1851/10859/10859 1628/10860/10860
f 1643/10861/10861 1852/10862/10862 1851/10863/10863
f 1642/10864/10864 1852/10865/10865 1643/10866/10866
f 1642/10867/10867 1853/10868/10868 1852/10869/10869
f 1644/10870/10870 1853/10871/10871 1642/10872/10872
f 1644/10873/10873 1854/10874/10874 1853/10875/10875
f 1645/10876/10876 1854/10877/10877 1644/10878/10878
f 1645/10879/10879 1855/10880/10880 1854/10881/10881
f 1646/10882/10882 1855/10883/10883 1645/10884/10884
f 1646/10885/10885 1856/10886/10886 1855/10887/10887
f 1647/10888/10888 1856/10889/10889 1646/10890/10890
f 1647/10891/10891 1857/10892/10892 1856/10893/10893
f 1648/10894/10894 1857/10895/10895 1647/10896/10896
f 1648/10897/10897 1858/10898/10898 1857/10899/10899
f 1649/10900/10900 1858/10901/10901 1648/10902/10902
f 1649/10903/10903 1859/10904/10904 1858/10905/10905
f 1650/10906/10906 1859/10907/10907 1649/10908/10908
f 1650/10909/10909 1860/10910/10910 1859/10911/10911
f 1651/10912/10912 1860/10913/10913 1650/10914/10914
f 1651/10915/10915 1861/10916/10916 1860/10917/10917
f 1652/10918/10918 1861/10919/10919 1651/10920/10920
f 1652/10921/10921 1862/10922/10922 1861/10923/10923
f 1653/10924/10924 1862/10925/10925 1652/10926/10926
f 1653/10927/10927 1863/10928/10928 1862/10929/10929
f 1654/10930/10930 1863/10931/10931 1653/10932/10932
f 1654/10933/10933 1864/10934/10934 1863/10935/10935
f 1655/10936/10936 1864/10937/10937 1654/10938/10938
f 1655/10939/10939 1865/10940/10940 1864/10941/10941
f 1656/10942/10942 1865/10943/10943 1655/10944/10944
f 1656/10945/10945 1866/10946/10946 1865/10947/10947
f 1641/10948/10948 1866/10949/10949 1656/10950/10950
f 1641/10951/10951 1867/10952/10952 1866/10953/10953
f 1626/10954/10954 1867/10955/10955 1641/10956/10956
f 1626/10957/10957 1868/10958/10958 1867/10959/10959
f 1610/10960/10960 1868/10961/10961 1626/10962/10962
f 1610/10963/10963 1869/10964/10964 1868/10965/10965
f 1611/10966/10966 1869/10967/10967 1610/10968/10968
f 1611/10969/10969 1870/10970/10970 1869/10971/10971
f 1609/10972/10972 1870/10973/10973 1611/10974/10974
f 1609/10975/10975 1871/10976/10976 1870/10977/10977
f 1607/10978/10978 1871/10979/10979 1609/10980/10980
f 1607/10981/10981 1872/10982/10982 1871/10983/10983
f 1605/10984/10984 1872/10985/10985 1607/10986/10986
f 1605/10987/10987 1873/10988/10988 1872/10989/10989
f 1603/10990/10990 1873/10991/10991 1605/10992/10992
f 1603/10993/10993 1874/10994/10994 1873/10995/10995
f 1601/10996/10996 1874/10997/10997 1603/10998/10998
f 1601/10999/10999 1875/11000/11000 1874/11001/11001
f 1599/11002/11002 1875/11003/11003 1601/11004/11004
f 1599/11005/11005 1841/11006/11006 1875/11007/11007
f 1597/11008/11008 1841/11009/11009 1599/11010/11010
f 1841/11011/11011 1876/11012/11012 1877/11013/11013
f 1840/11014/11014 1876/11015/11015 1841/11016/11016
f 1840/11017/11017 1878/11018/11018 1876/11019/11019
f 1842/11020/11020 1878/11021/11021 1840/11022/11022
f 1842/11023/11023 1879/11024/11024 1878/11025/11025
f 1843/11026/11026 1879/11027/11027 1842/11028/11028
f 1843/11029/11029 1880/11030/11030 1879/11031/11031
f 1844/11032/11032 1880/11033/11033 1843/11034/11034
f 1844/11035/11035 1881/11036/11036 1880/11037/11037
f 1845/11038/11038 1881/11039/11039 1844/11040/11040
f 1845/11041/11041 1882/11042/11042 1881/11043/11043
f 1846/11044/11044 1882/11045/11045 1845/11046/11046
f 1846/11047/11047 1883/11048/11048 1882/11049/11049
f 1847/11050/11050 1883/11051/11051 1846/11052/11052
f 1847/11053/11053 1884/11054/11054 1883/11055/11055
f 1848/11056/11056 1884/11057/11057 1847/11058/11058
f 1848/11059/11059 1885/11060/11060 1884/11061/11061
f 1849/11062/11062 1885/11063/11063 1848/11064/11064
f 1849/11065/11065 1886/11066/11066 1885/11067/11067
f 1850/11068/11068 1886/11069/11069 1849/11070/11070
f 1850/11071/11071 1887/11072/11072 1886/11073/11073
f 1851/11074/11074 1887/11075/11075 1850/11076/11076
f 1851/11077/11077 1888/11078/11078 1887/11079/11079
f 1852/11080/11080 1888/11081/11081 1851/11082/11082
f 1852/11083/11083 1889/11084/11084 1888/11085/11085
f 1853/11086/11086 1889/11087/11087 1852/11088/11088
f 1853/11089/11089 1890/11090/11090 1889/11091/11091
f 1854/11092/11092 1890/11093/11093 1853/11094/11094
f 1854/11095/11095 1891/11096/11096 1890/11097/11097
f 1855/11098/11098 1891/11099/11099 1854/11100/11100
f 1855/11101/11101 1892/11102/11102 1891/11103/11103
f 1856/11104/11104 1892/11105/11105 1855/11106/11106
f 1856/11107/11107 1893/11108/11108 1892/11109/11109
f 1857/11110/11110 1893/11111/11111 1856/11112/11112
f 1857/11113/11113 1894/11114/11114 1893/11115/11115
f 1858/11116/11116 1894/11117/11117 1857/11118/11118
f 1858/11119/11119 1895/11120/11120 1894/11121/11121
f 1859/11122/11122 1895/11123/11123 1858/11124/11124
f 1859/11125/11125 1896/11126/11126 1895/11127/11127
f 1860/11128/11128 1896/11129/11129 1859/11130/11130
f 1860/11131/11131 1897/11132/11132 1896/11133/11133
f 1861/11134/11134 1897/11135/11135 1860/11136/11136
f 1861/11137/11137 1898/11138/11138 1897/11139/11139
f 1862/11140/11140 1898/11141/11141 1861/11142/11142
f 1862/11143/11143 1899/11144/11144 1898/11145/11145
f 1863/11146/11146 1899/11147/11147 1862/11148/11148
f 1863/11149/11149 1900/11150/11150 1899/11151/11151
f 1864/11152/11152 1900/11153/11153 1863/11154/11154
f 1864/11155/11155 1901/11156/11156 1900/11157/11157
f 1865/11158/11158 1901/11159/11159 1864/11160/11160
f 1865/11161/11161 1902/11162/11162 1901/11163/11163
f 1866/11164/11164 1902/11165/11165 1865/11166/11166
f 1866/11167/11167 1903/11168/11168 1902/11169/11169
f 1867/11170/11170 1903/11171/11171 1866/11172/11172
f 1867/11173/11173 1904/11174/11174 1903/11175/11175
f 1868/11176/11176 1904/11177/11177 1867/11178/11178
f 1868/11179/11179 1905/11180/11180 1904/11181/11181
f 1869/11182/11182 1905/11183/11183 1868/11184/11184
f 1869/11185/11185 1906/11186/11186 1905/11187/11187
f 1870/11188/11188 1906/11189/11189 1869/11190/11190
f 1870/11191/11191 1907/11192/11192 1906/11193/11193
f 1871/11194/11194 1907/11195/11195 1870/11196/11196
f 1871/11197/11197 1908/11198/11198 1907/11199/11199
f 1872/11200/11200 1908/11201/11201 1871/11202/11202
f 1872/11203/11203 1909/11204/11204 1908/11205/11205
f 1873/11206/11206 1909/11207/11207 1872/11208/11208
f 1873/11209/11209 1910/11210/11210 1909/11211/11211
f 1874/11212/11212 1910/11213/11213 1873/11214/11214
f 1874/11215/11215 1911/11216/11216 1910/11217/11217
f 1875/11218/11218 1911/11219/11219 1874/11220/11220
f 1875/11221/11221 1877/11222/11222 1911/11223/11223
f 1841/11224/11224 1877/11225/11225 1875/11226/11226
f 1877/11227/11227 1912/11228/11228 1913/11229/11229
f 1876/11230/11230 1912/11231/11231 1877/11232/11232
f 1876/11233/11233 1914/11234/11234 1912/11235/11235
f 1878/11236/11236 1914/11237/11237 1876/11238/11238
f 1878/11239/11239 1915/11240/11240 1914/11241/11241
f 1879/11242/11242 1915/11243/11243 1878/11244/11244
f 1879/11245/11245 1916/11246/11246 1915/11247/11247
f 1880/11248/11248 1916/11249/11249 1879/11250/11250
f 1880/11251/11251 1917/11252/11252 1916/11253/11253
f 1881/11254/11254 1917/11255/11255 1880/11256/11256
f 1881/11257/11257 1918/11258/11258 1917/11259/11259
f 1882/11260/11260 1918/11261/11261 1881/11262/11262
f 1882/11263/11263 1919/11264/11264 1918/11265/11265
f 1883/11266/11266 1919/11267/11267 1882/11268/11268
f 1883/11269/11269 1920/11270/11270 1919/11271/11271
f 1884/11272/11272 1920/11273/11273 1883/11274/11274
f 1884/11275/11275 1921/11276/11276 1920/11277/11277
f 1885/11278/11278 1921/11279/11279 1884/11280/11280
f 1885/11281/11281 1922/11282/11282 1921/11283/11283
f 1886/11284/11284 1922/11285/11285 1885/11286/11286
f 1886/11287/11287 1923/11288/11288 1922/11289/11289
f 1887/11290/11290 1923/11291/11291 1886/11292/11292
f 1887/11293/11293 1924/11294/11294 1923/11295/11295
f 1888/11296/11296 1924/11297/11297 1887/11298/11298
f 1888/11299/11299 1925/11300/11300 1924/11301/11301
f 1889/11302/11302 1925/11303/11303 1888/11304/11304
f 1889/11305/11305 1926/11306/11306 1925/11307/11307
f 1890/11308/11308 1926/11309/11309 1889/11310/11310
f 1890/11311/11311 1927/11312/11312 1926/11313/11313
f 1891/11314/11314 1927/11315/11315 1890/11316/11316
f 1891/11317/11317 1928/11318/11318 1927/11319/11319
f 1892/11320/11320 1928/11321/11321 1891/11322/11322
f 1892/11323/11323 1929/11324/11324 1928/11325/11325
f 1893/11326/11326 1929/11327/11327 1892/11328/11328
f 1893/11329/11329 1930/11330/11330 1929/11331/11331
f 1894/11332/11332 1930/11333/11333 1893/11334/11334
f 1894/11335/11335 1931/11336/11336 1930/11337/11337
f 1895/11338/11338 1931/11339/11339 1894/11340/11340
f 1895/11341/11341 1932/11342/11342 1931/11343/11343
f 1896/11344/11344 1932/11345/11345 1895/11346/11346
f 1896/11347/11347 1933/11348/11348 1932/11349/11349
f 1897/11350/11350 1933/11351/11351 1896/11352/11352
f 1897/11353/11353 1934/11354/11354 1933/11355/11355
f 1898/11356/11356 1934/11357/11357 1897/11358/11358
f 1898/11359/11359 1935/11360/11360 1934/11361/11361
f 1899/11362/11362 1935/11363/11363 1898/11364/11364
f 1899/11365/11365 1936/11366/11366 1935/11367/11367
f 1900/11368/11368 1936/11369/11369 1899/11370/11370
f 1900/11371/11371 1937/11372/11372 1936/11373/11373
f 1901/11374/11374 1937/11375/11375 1900/11376/11376
f 1901/11377/11377 1938/11378/11378 1937/11379/11379
f 1902/11380/11380 1938/11381/11381 1901/11382/11382
f 1902/11383/11383 1939/11384/11384 1938/11385/11385
f 1903/11386/11386 1939/11387/11387 1902/11388/11388
f 1903/11389/11389 1940/11390/11390 1939/11391/11391
f 1904/11392/11392 1940/11393/11393 1903/11394/11394
f 1904/11395/11395 1941/11396/11396 1940/11397/11397
f 1905/11398/11398 1941/11399/11399 1904/11400/11400
f 1905/11401/11401 1942/11402/11402 1941/11403/11403
f 1906/11404/11404 1942/11405/11405 1905/11406/11406
f 1906/11407/11407 1943/11408/11408 1942/11409/11409
f 1907/11410/11410 1943/11411/11411 1906/11412/11412
f 1907/11413/11413 1944/11414/11414 1943/11415/11415
f 1908/11416/11416 1944/11417/11417 1907/11418/11418
f 1908/11419/11419 1945/11420/11420 1944/11421/11421
f 1909/11422/11422 1945/11423/11423 1908/11424/11424
f 1909/11425/11425 1946/11426/11426 1945/11427/11427
f 1910/11428/11428 1946/11429/11429 1909/11430/11430
f 1910/11431/11431 1947/11432/11432 1946/11433/11433
f 1911/11434/11434 1947/11435/11435 1910/11436/11436
f 1911/11437/11437 1913/11438/11438 1947/11439/11439
f 1877/11440/11440 1913/11441/11441 1911/11442/11442
f 1948/11443/11443 1929/11444/11444 1930/11445/11445
f 1949/11446/11446 1929/11447/11447 1948/11448/11448
f 1949/11449/11449 1928/11450/11450 1929/11451/11451
f 1950/11452/11452 1928/11453/11453 1949/11454/11454
f 1950/11455/11455 1927/11456/11456 1928/11457/11457
f 1951/11458/11458 1927/11459/11459 1950/11460/11460
f 1951/11461/11461 1926/11462/11462 1927/11463/11463
f 1952/11464/11464 1926/11465/11465 1951/11466/11466
f 1952/11467/11467 1925/11468/11468 1926/11469/11469
f 1953/11470/11470 1925/11471/11471 1952/11472/11472
f 1953/11473/11473 1924/11474/11474 1925/11475/11475
f 1954/11476/11476 1924/11477/11477 1953/11478/11478
f 1954/11479/11479 1923/11480/11480 1924/11481/11481
f 1955/11482/11482 1923/11483/11483 1954/11484/11484
f 1955/11485/11485 1922/11486/11486 1923/11487/11487
f 1956/11488/11488 1922/11489/11489 1955/11490/11490
f 1956/11491/11491 1921/11492/11492 1922/11493/11493
f 1957/11494/11494 1921/11495/11495 1956/11496/11496
f 1957/11497/11497 1920/11498/11498 1921/11499/11499
f 1958/11500/11500 1920/11501/11501 1957/11502/11502
f 1958/11503/11503 1919/11504/11504 1920/11505/11505
f 1959/11506/11506 1919/11507/11507 1958/11508/11508
f 1959/11509/11509 1918/11510/11510 1919/11511/11511
f 1960/11512/11512 1918/11513/11513 1959/11514/11514
f 1960/11515/11515 1917/11516/11516 1918/11517/11517
f 1961/11518/11518 1917/11519/11519 1960/11520/11520
f 1961/11521/11521 1916/11522/11522 1917/11523/11523
f 1962/11524/11524 1916/11525/11525 1961/11526/11526
f 1962/11527/11527 1915/11528/11528 1916/11529/11529
f 1963/11530/11530 1915/11531/11531 1962/11532/11532
f 1963/11533/11533 1914/11534/11534 1915/11535/11535
f 1964/11536/11536 1914/11537/11537 1963/11538/11538
f 1964/11539/11539 1912/11540/11540 1914/11541/11541
f 1965/11542/11542 1912/11543/11543 1964/11544/11544
f 1965/11545/11545 1913/11546/11546 1912/11547/11547
f 1966/11548/11548 1913/11549/11549 1965/11550/11550
f 1966/11551/11551 1947/11552/11552 1913/11553/11553
f 1967/11554/11554 1947/11555/11555 1966/11556/11556
f 1967/11557/11557 1946/11558/11558 1947/11559/11559
f 1968/11560/11560 1946/11561/11561 1967/11562/11562
f 1968/11563/11563 1945/11564/11564 1946/11565/11565
f 1969/11566/11566 1945/11567/11567 1968/11568/11568
f 1969/11569/11569 1944/11570/11570 1945/11571/11571
f 1970/11572/11572 1944/11573/11573 1969/11574/11574
f 1970/11575/11575 1943/11576/11576 1944/11577/11577
f 1971/11578/11578 1943/11579/11579 1970/11580/11580
f 1971/11581/11581 1942/11582/11582 1943/11583/11583
f 1972/11584/11584 1942/11585/11585 1971/11586/11586
f 1972/11587/11587 1941/11588/11588 1942/11589/11589
f 1973/11590/11590 1941/11591/11591 1972/11592/11592
f 1973/11593/11593 1940/11594/11594 1941/11595/11595
f 1974/11596/11596 1940/11597/11597 1973/11598/11598
f 1974/11599/11599 1939/11600/11600 1940/11601/11601
f 1975/11602/11602 1939/11603/11603 1974/11604/11604
f 1975/11605/11605 1938/11606/11606 1939/11607/11607
f 1976/11608/11608 1938/11609/11609 1975/11610/11610
f 1976/11611/11611 1937/11612/11612 1938/11613/11613
f 1977/11614/11614 1937/11615/11615 1976/11616/11616
f 1977/11617/11617 1936/11618/11618 1937/11619/11619
f 1978/11620/11620 1936/11621/11621 1977/11622/11622
f 1978/11623/11623 1935/11624/11624 1936/11625/11625
f 1979/11626/11626 1935/11627/11627 1978/11628/11628
f 1979/11629/11629 1934/11630/11630 1935/11631/11631
f 1980/11632/11632 1934/11633/11633 1979/11634/11634
f 1980/11635/11635 1933/11636/11636 1934/11637/11637
f 1981/11638/11638 1933/11639/11639 1980/11640/11640
f 1981/11641/11641 1932/11642/11642 1933/11643/11643
f 1982/11644/11644 1932/11645/11645 1981/11646/11646
f 1982/11647/11647 1931/11648/11648 1932/11649/11649
f 1983/11650/11650 1931/11651/11651 1982/11652/11652
f 1983/11653/11653 1930/11654/11654 1931/11655/11655
f 1948/11656/11656 1930/11657/11657 1983/11658/11658
f 1955/11659/11659 1984/11660/11660 1956/11661/11661
f 1954/11662/11662 1984/11663/11663 1955/11664/11664
f 1954/11665/11665 1985/11666/11666 1984/11667/11667
f 1953/11668/11668 1985/11669/11669 1954/11670/11670
f 1953/11671/11671 1986/11672/11672 1985/11673/11673
f 1952/11674/11674 1986/11675/11675 1953/11676/11676
f 1952/11677/11677 1987/11678/11678 1986/11679/11679
f 1951/11680/11680 1987/11681/11681 1952/11682/11682
f 1951/11683/11683 1988/11684/11684 1987/11685/11685
f 1950/11686/11686 1988/11687/11687 1951/11688/11688
f 1950/11689/11689 1989/11690/11690 1988/11691/11691
f 1949/11692/11692 1989/11693/11693 1950/11694/11694
f 1949/11695/11695 1990/11696/11696 1989/11697/11697
f 1948/11698/11698 1990/11699/11699 1949/11700/11700
f 1948/11701/11701 1991/11702/11702 1990/11703/11703
f 1983/11704/11704 1991/11705/11705 1948/11706/11706
f 1983/11707/11707 1992/11708/11708 1991/11709/11709
f 1982/11710/11710 1992/11711/11711 1983/11712/11712
f 1982/11713/11713 1993/11714/11714 1992/11715/11715
f 1981/11716/11716 1993/11717/11717 1982/11718/11718
f 1981/11719/11719 1994/11720/11720 1993/11721/11721
f 1980/11722/11722 1994/11723/11723 1981/11724/11724
f 1980/11725/11725 1995/11726/11726 1994/11727/11727
f 1979/11728/11728 1995/11729/11729 1980/11730/11730
f 1979/11731/11731 1996/11732/11732 1995/11733/11733
f 1978/11734/11734 1996/11735/11735 1979/11736/11736
f 1978/11737/11737 1976/11738/11738 1996/11739/11739
f 1977/11740/11740 1976/11741/11741 1978/11742/11742
f 1956/11743/11743 1997/11744/11744 1957/11745/11745
f 1984/11746/11746 1997/11747/11747 1956/11748/11748
f 1984/11749/11749 1998/11750/11750 1997/11751/11751
f 1985/11752/11752 1998/11753/11753 1984/11754/11754
f 1985/11755/11755 1999/11756/11756 1998/11757/11757
f 1986/11758/11758 1999/11759/11759 1985/11760/11760
f 1986/11761/11761 2000/11762/11762 1999/11763/11763
f 1987/11764/11764 2000/11765/11765 1986/11766/11766
f 1987/11767/11767 2001/11768/11768 2000/11769/11769
f 1988/11770/11770 2001/11771/11771 1987/11772/11772
f 1988/11773/11773 2002/11774/11774 2001/11775/11775
f 1989/11776/11776 2002/11777/11777 1988/11778/11778
f 1989/11779/11779 2003/11780/11780 2002/11781/11781
f 1990/11782/11782 2003/11783/11783 1989/11784/11784
f 1990/11785/11785 2004/11786/11786 2003/11787/11787
f 1991/11788/11788 2004/11789/11789 1990/11790/11790
f 1991/11791/11791 2005/11792/11792 2004/11793/11793
f 1992/11794/11794 2005/11795/11795 1991/11796/11796
f 1992/11797/11797 2006/11798/11798 2005/11799/11799
f 1993/11800/11800 2006/11801/11801 1992/11802/11802
f 1993/11803/11803 2007/11804/11804 2006/11805/11805
f 1994/11806/11806 2007/11807/11807 1993/11808/11808
f 1994/11809/11809 2008/11810/11810 2007/11811/11811
f 1995/11812/11812 2008/11813/11813 1994/11814/11814
f 1995/11815/11815 2009/11816/11816 2008/11817/11817
f 1996/11818/11818 2009/11819/11819 1995/11820/11820
f 1996/11821/11821 1975/11822/11822 2009/11823/11823
f 1976/11824/11824 1975/11825/11825 1996/11826/11826
f 1957/11827/11827 2010/11828/11828 1958/11829/11829
f 1997/11830/11830 2010/11831/11831 1957/11832/11832
f 1997/11833/11833 2011/11834/11834 2010/11835/11835
f 1998/11836/11836 2011/11837/11837 1997/11838/11838
f 1998/11839/11839 2012/11840/11840 2011/11841/11841
f 1999/11842/11842 2012/11843/11843 1998/11844/11844
f 1999/11845/11845 2013/11846/11846 2012/11847/11847
f 2000/11848/11848 2013/11849/11849 1999/11850/11850
f 2000/11851/11851 2014/11852/11852 2013/11853/11853
f 2001/11854/11854 2014/11855/11855 2000/11856/11856
f 2001/11857/11857 2015/11858/11858 2014/11859/11859
f 2002/11860/11860 2015/11861/11861 2001/11862/11862
f 2002/11863/11863 2016/11864/11864 2015/11865/11865
f 2003/11866/11866 2016/11867/11867 2002/11868/11868
f 2003/11869/11869 2017/11870/11870 2016/11871/11871
f 2004/11872/11872 2017/11873/11873 2003/11874/11874
f 2004/11875/11875 2018/11876/11876 2017/11877/11877
f 2005/11878/11878 2018/11879/11879 2004/11880/11880
f 2005/11881/11881 2019/11882/11882 2018/11883/11883
f 2006/11884/11884 2019/11885/11885 2005/11886/11886
f 2006/11887/11887 2020/11888/11888 2019/11889/11889
f 2007/11890/11890 2020/11891/11891 2006/11892/11892
f 2007/11893/11893 2021/11894/11894 2020/11895/11895
f 2008/11896/11896 2021/11897/11897 2007/11898/11898
f 2008/11899/11899 2022/11900/11900 2021/11901/11901
f 2009/11902/11902 2022/11903/11903 2008/11904/11904
f 2009/11905/11905 1974/11906/11906 2022/11907/11907
f 1975/11908/11908 1974/11909/11909 2009/11910/11910
f 1958/11911/11911 1960/11912/11912 1959/11913/11913
f 2010/11914/11914 1960/11915/11915 1958/11916/11916
f 2010/11917/11917 1961/11918/11918 1960/11919/11919
f 2011/11920/11920 1961/11921/11921 2010/11922/11922
f 2011/11923/11923 1962/11924/11924 1961/11925/11925
f 2012/11926/11926 1962/11927/11927 2011/11928/11928
f 2012/11929/11929 1963/11930/11930 1962/11931/11931
f 2013/11932/11932 1963/11933/11933 2012/11934/11934
f 2013/11935/11935 1964/11936/11936 1963/11937/11937
f 2014/11938/11938 1964/11939/11939 2013/11940/11940
f 2014/11941/11941 1965/11942/11942 1964/11943/11943
f 2015/11944/11944 1965/11945/11945 2014/11946/11946
f 2015/11947/11947 1966/11948/11948 1965/11949/11949
f 2016/11950/11950 1966/11951/11951 2015/11952/11952
f 2016/11953/11953 1967/11954/11954 1966/11955/11955
f 2017/11956/11956 1967/11957/11957 2016/11958/11958
f 2017/11959/11959 1968/11960/11960 1967/11961/11961
f 2018/11962/11962 1968/11963/11963 2017/11964/11964
f 2018/11965/11965 1969/11966/11966 1968/11967/11967
f 2019/11968/11968 1969/11969/11969 2018/11970/11970
f 2019/11971/11971 1970/11972/11972 1969/11973/11973
f 2020/11974/11974 1970/11975/11975 2019/11976/11976
f 2020/11977/11977 1971/11978/11978 1970/11979/11979
f 2021/11980/11980 1971/11981/11981 2020/11982/11982
f 2021/11983/11983 1972/11984/11984 1971/11985/11985
f 2022/11986/11986 1972/11987/11987 2021/11988/11988
f 2022/11989/11989 1973/11990/11990 1972/11991/11991
f 1974/11992/11992 1973/11993/11993 2022/11994/11994
