# File generated by ImageToStl.com - Free Image and 3D model conversion tools

mtllib zelda_ocarina_of_time_boomerang.mtl

o obj1
v 13.94231656 25.48164492 1.91447747
v 13.69054731 25.38576132 1.72343314
v 13.76991392 25.49357638 1.85021008
v 17.02037122 23.84294113 6.69684569
v 16.99540752 24.07074199 6.47134425
v 16.97980982 24.01020985 6.64111609
v 6.67726492 17.26985829 -0.03975598
v 6.56474522 16.98582041 0.08479713
v 6.5700045 17.15363872 0.03528141
v 6.66698074 16.49495237 0.62352759
v 6.84706381 16.39402122 0.90772501
v 6.71467489 16.45902423 0.79762293
v 14.35732955 18.63374068 8.32755152
v 14.59463575 18.84643468 8.40115211
v 14.43328752 18.76490691 8.43028689
v 16.37006964 23.24660252 -0.73416984
v 16.62183889 23.34248612 -0.54312552
v 16.56506172 23.22349697 -0.69406356
v 19.67492953 21.93158356 4.01374142
v 19.69989325 21.70378249 4.23924307
v 19.74675361 21.75316401 4.05474608
v 8.37968185 15.53689139 -1.57982556
v 8.49220169 15.8209292 -1.70437886
v 8.49623921 15.6410836 -1.67389314
v 8.6620002 14.94509247 -0.75689756
v 8.48191714 15.04602354 -1.04109489
v 8.63452385 14.97711983 -0.94518926
v 17.27415777 16.70727613 5.94354941
v 17.03685157 16.49458213 5.86994882
v 17.22236578 16.55345493 5.82836537
v 17.00696939 16.94521867 5.34467788
v 8.97637158 15.49006442 -0.95653113
v 8.99266382 15.78735449 -0.66389815
v 16.59600577 17.23833414 5.42931764
v 8.93253419 15.7005411 -1.18753115
v 16.44215802 22.72023549 -0.29785409
v 16.05598439 22.7598718 0.03444957
v 8.95075066 15.98859315 -0.88475877
v 14.2696077 19.11458646 7.94751053
v 7.04716202 16.92675009 0.75305099
v 6.71468296 16.45906629 0.79763277
v 14.43325732 18.7649449 8.4302743
v 6.99465749 17.17884044 0.47638023
v 13.69386749 24.99680158 2.19975559
v 13.76988921 25.49356061 1.85025067
v 6.57001806 17.153651 0.03532173
v 16.49654871 23.7016184 6.38287549
v 16.97975984 24.01020605 6.64111779
v 19.19340657 21.44882077 3.80850097
v 18.68647496 21.54426257 3.96056699
v 7.06852005 17.17703974 0.50984581
v 7.1124312 16.96620831 0.74123462
v 7.69488277 16.90963889 0.6118632
v 7.65350394 17.10831056 0.39381983
v 13.70602884 24.91489432 2.21250717
v 14.02599062 24.30583894 1.89023732
v 14.27179178 19.13015109 7.86454194
v 16.4619113 23.64133794 6.32577792
v 16.62292687 23.1057359 5.76627372
v 14.55912333 18.85473321 7.21628917
v 8.93424149 15.39868832 -0.98538875
v 17.07486889 16.86861192 5.39317553
v 17.22237518 16.55346132 5.82831646
v 8.63455979 14.9771396 -0.94520493
v 19.31119887 21.47498252 3.82194442
v 19.74674273 21.75312899 4.05471191
v 8.87902941 15.66377887 -1.27632785
v 8.4962795 15.64107453 -1.67387733
v 13.94231656 25.48164492 1.91447747
v 16.99540752 24.07074199 6.47134425
v 13.69054731 25.38576132 1.72343314
v 16.37006964 23.24660252 -0.73416984
v 17.02037122 23.84294113 6.69684569
v 16.49655461 22.77569384 -0.37903141
v 16.56507676 23.22344947 -0.69405943
v 13.69054731 25.38576132 1.72343314
v 14.59463575 18.84643468 8.40115211
v 14.43328752 18.76490691 8.43028689
v 6.67726492 17.26985829 -0.03975598
v 6.5700045 17.15363872 0.03528141
v 16.56506172 23.22349697 -0.69406356
v 8.49220169 15.8209292 -1.70437886
v 16.37006964 23.24660252 -0.73416984
v 8.49623921 15.6410836 -1.67389314
v 6.56474522 16.98582041 0.08479713
v 6.66698074 16.49495237 0.62352759
v 6.71467489 16.45902423 0.79762293
v 7.65350394 17.10831056 0.39381983
v 16.62292687 23.1057359 5.76627372
v 14.02599062 24.30583894 1.89023732
v 7.69488277 16.90963889 0.6118632
v 14.55912333 18.85473321 7.21628917
v 6.84706381 16.39402122 0.90772501
v 14.35732955 18.63374068 8.32755152
v 16.48676015 23.46697491 6.14976375
v 7.15303736 17.09987344 0.4287917
v 13.75946224 24.72732085 2.07915731
v 7.19649314 16.89122867 0.6577803
v 14.31935728 19.00257955 7.67256724
v 19.74675361 21.75316401 4.05474608
v 19.69989325 21.70378249 4.23924307
v 17.27415777 16.70727613 5.94354941
v 17.22236578 16.55345493 5.82836537
v 16.62183889 23.34248612 -0.54312552
v 19.67492953 21.93158356 4.01374142
v 8.63452385 14.97711983 -0.94518926
v 8.6620002 14.94509247 -0.75689756
v 17.03685157 16.49458213 5.86994882
v 8.37968185 15.53689139 -1.57982556
v 8.48191714 15.04602354 -1.04109489
vn -0.74829 0.58956 0.30409
vn -0.92749 -0.13825 0.34733
vn -0.87123 0.23814 0.42925
vn 0.39431 0.86848 0.30043
vn -0.38552 0.87242 0.30043
vn 0.00461 0.92004 0.39181
vn -0.76239 -0.5494 0.34193
vn -0.15342 -0.90721 0.39171
vn -0.50064 -0.78628 0.36211
vn 0.25395 -0.87986 0.40169
vn 0.75895 -0.54837 0.35112
vn 0.52832 -0.73915 0.41778
vn 0.92362 -0.16718 0.34492
vn 0.75755 0.57834 0.30272
vn 0.87804 0.21849 0.4258
vn -0.92845 -0.11594 -0.35289
vn -0.75807 0.57196 -0.31334
vn -0.75111 0.20549 -0.62738
vn -0.36422 0.87792 -0.31081
vn 0.37304 0.87421 -0.31081
vn 0.004 0.79941 -0.60077
vn -0.16923 -0.90172 -0.39782
vn -0.75072 -0.55885 -0.35229
vn -0.40865 -0.64102 -0.64969
vn 0.74997 -0.55529 -0.35945
vn 0.26564 -0.87436 -0.40611
vn 0.43441 -0.60761 -0.6649
vn 0.76738 0.55997 -0.31236
vn 0.92522 -0.14417 -0.35097
vn 0.75553 0.18812 -0.62753
vn -0.61011 -0.18888 -0.76948
vn -0.35405 0.43059 -0.83021
vn -0.44152 0.40053 -0.80289
vn -0.65421 -0.12659 -0.74564
vn 0.32005 0.41689 -0.85075
vn 0.61163 -0.20405 -0.76438
vn 0.65174 -0.14198 -0.74504
vn 0.42224 0.41986 -0.80339
vn -0.14554 -0.07593 0.98643
vn -0.09259 0.08026 0.99246
vn 0.21699 -0.31655 0.92342
vn 0.38833 0.09006 0.91711
vn 0.07862 0.06821 0.99457
vn 0.14857 -0.07938 0.98571
vn -0.38561 0.09965 0.91726
vn -0.20012 -0.3232 0.92493
vn -0.0007 -0.1392 0.99026
vn 0.0022 0.43721 0.89936
vn -0.00299 -0.60113 -0.79914
vn -0.00305 -0.6271 -0.77893
vn 0.33596 0.44625 0.82945
vn -0.37209 0.45919 0.80665
vn -0.44676 0.42842 0.7854
vn 0.42581 0.45004 0.78496
vn 0.63803 -0.21138 0.74043
vn 0.66921 -0.1507 0.72763
vn -0.63685 -0.19569 0.74574
vn -0.00317 -0.63343 0.77379
vn -0.0032 -0.65231 0.75794
vn -0.67215 -0.13499 0.728
vn -0.08784 0.07486 -0.99332
vn -0.13901 -0.07395 -0.98753
vn 0.38833 0.09028 -0.91709
vn 0.21717 -0.3163 -0.92347
vn -0.00067 -0.13184 -0.99127
vn 0.0022 0.43722 -0.89935
vn 0.07477 0.06336 -0.99519
vn -0.20024 -0.32301 -0.92497
vn 0.14197 -0.07727 -0.98685
vn -0.38573 0.09986 -0.91719
vn 0.01187 0.99262 -0.1207
vn -0.35491 -0.92833 -0.11069
vn -0.96601 0.23686 -0.10358
vn 0.44537 -0.88799 -0.11451
vn 0.97271 0.21162 -0.09513
vt 0.64022 0.01476
vt 0.62523 0.0235
vt 0.63207 0.018
vt 0.94805 0.0588
vt 0.93604 0.04692
vt 0.94308 0.05181
vt 0.30572 0.89727
vt 0.31501 0.89727
vt 0.31036 0.89562
vt 0.33575 0.89727
vt 0.34564 0.89727
vt 0.3407 0.89572
vt 0.6491 0.87788
vt 0.65831 0.87788
vt 0.6537 0.87556
vt 0.99994 0.99674
vt 0.99063 0.99674
vt 0.99529 0.99994
vt 0.83106 0.99674
vt 0.822 0.99674
vt 0.82653 0.99993
vt 0.31501 0.97777
vt 0.30572 0.97777
vt 0.31036 0.97997
vt 0.34564 0.97777
vt 0.33575 0.97777
vt 0.3407 0.98002
vt 0.65831 0.99674
vt 0.6491 0.99674
vt 0.6537 0.99993
vt 0.94912 0.35186
vt 0.44921 0.55737
vt 0.45935 0.54682
vt 0.93732 0.35033
vt 0.43653 0.54669
vt 0.64992 0.04969
vt 0.65125 0.06142
vt 0.44723 0.53661
vt 0.95306 0.35355
vt 0.4476 0.56135
vt 0.44293 0.59122
vt 0.98107 0.36999
vt 0.43241 0.54855
vt 0.64828 0.04577
vt 0.63207 0.018
vt 0.40108 0.55598
vt 0.91984 0.0753
vt 0.94308 0.05181
vt 0.9165 0.07867
vt 0.90613 0.08913
vt 0.43612 0.54708
vt 0.44882 0.55778
vt 0.46217 0.54388
vt 0.4502 0.5338
vt 0.64987 0.04924
vt 0.65162 0.06467
vt 0.94957 0.35192
vt 0.9169 0.07827
vt 0.90325 0.09203
vt 0.93404 0.3499
vt 0.44746 0.56222
vt 0.95389 0.35403
vt 0.97913 0.36885
vt 0.44325 0.58915
vt 0.92052 0.07461
vt 0.94147 0.05344
vt 0.43149 0.54877
vt 0.40325 0.55546
vt 0.99063 0.87788
vt 0.83106 0.87788
vt 6E-05 0.87788
vt 6E-05 0.99674
vt 0.822 0.87788
vt 0.64781 0.04496
vt 0.63319 0.01992
vt 0.99994 0.87788
vt 0.98424 0.36189
vt 0.98107 0.36999
vt 0.40037 0.54724
vt 0.40108 0.55598
vt 0.63319 0.01992
vt 0.40325 0.55546
vt 0.40436 0.56411
vt 0.43394 0.58902
vt 0.44293 0.59123
vt 6E-05 0.74052
vt 0.33813 0.77371
vt 0.2624 0.66107
vt 6E-05 0.74891
vt 0.24301 0.87544
vt 0.45217 0.59186
vt 0.97553 0.37671
vt 0.91184 0.08353
vt 0.43606 0.54748
vt 0.64759 0.0548
vt 0.44863 0.55806
vt 0.94418 0.35434
vt 0.94147 0.05344
vt 0.97913 0.36885
vt 0.44325 0.58916
usemtl mat0
f 1/1/1 2/2/2 3/3/3
f 4/4/4 5/5/5 6/6/6
f 7/7/7 8/8/8 9/9/9
f 10/10/10 11/11/11 12/12/12
f 13/13/13 14/14/14 15/15/15
f 16/16/16 17/17/17 18/18/18
f 19/19/19 20/20/20 21/21/21
f 22/22/22 23/23/23 24/24/24
f 25/25/25 26/26/26 27/27/27
f 28/28/28 29/29/29 30/30/30
f 31/31/31 32/32/32 33/33/33
f 31/31/31 33/33/33 34/34/34
f 35/35/35 36/36/36 37/37/37
f 35/35/35 37/37/37 38/38/38
f 39/39/39 40/40/40 41/41/41
f 39/39/39 41/41/41 42/42/42
f 43/43/43 44/44/44 45/45/45
f 43/43/43 45/45/45 46/46/46
f 47/47/47 39/39/39 42/42/42
f 47/47/47 42/42/42 48/48/48
f 32/32/32 35/35/35 38/38/38
f 32/32/32 38/38/38 33/33/33
f 36/36/36 49/49/49 50/50/50
f 36/36/36 50/50/50 37/37/37
f 51/51/51 52/52/52 53/53/53
f 51/51/51 53/53/53 54/54/54
f 55/55/55 51/51/51 54/54/54
f 55/55/55 54/54/54 56/56/56
f 57/57/57 58/58/58 59/59/59
f 57/57/57 59/59/59 60/60/60
f 52/52/52 57/57/57 60/60/60
f 52/52/52 60/60/60 53/53/53
f 58/58/58 55/55/55 56/56/56
f 58/58/58 56/56/56 59/59/59
f 40/40/40 43/43/43 46/46/46
f 40/40/40 46/46/46 41/41/41
f 61/61/61 62/62/62 63/63/63
f 61/61/61 63/63/63 64/64/64
f 62/62/62 65/65/65 66/66/66
f 62/62/62 66/66/66 63/63/63
f 67/67/67 61/61/61 64/64/64
f 67/67/67 64/64/64 68/68/68
f 55/55/55 58/58/58 47/47/47
f 55/55/55 47/47/47 44/44/44
f 51/51/51 55/55/55 44/44/44
f 51/51/51 44/44/44 43/43/43
f 52/52/52 51/51/51 43/43/43
f 52/52/52 43/43/43 40/40/40
f 57/57/57 52/52/52 40/40/40
f 57/57/57 40/40/40 39/39/39
f 58/58/58 57/57/57 39/39/39
f 58/58/58 39/39/39 47/47/47
f 44/44/44 47/47/47 48/48/48
f 44/44/44 48/48/48 45/45/45
f 69/69/1 70/70/5 19/19/19
f 69/69/1 19/19/19 17/17/17
f 7/7/7 71/71/2 72/72/16
f 7/7/7 72/72/16 23/23/23
f 10/10/10 8/8/8 22/22/22
f 10/10/10 22/22/22 26/26/26
f 13/13/13 11/11/11 25/25/25
f 13/13/13 25/25/25 29/29/29
f 73/73/4 14/14/14 28/28/28
f 73/73/4 28/28/28 20/20/20
f 74/74/69 67/67/67 68/68/68
f 74/74/69 68/68/68 75/75/70
f 49/49/49 31/31/31 34/34/34
f 49/49/49 34/34/34 50/50/50
f 74/74/69 65/65/65 49/49/49
f 74/74/69 49/49/49 36/36/36
f 67/67/67 74/74/69 36/36/36
f 67/67/67 36/36/36 35/35/35
f 61/61/61 67/67/67 35/35/35
f 61/61/61 35/35/35 32/32/32
f 62/62/62 61/61/61 32/32/32
f 62/62/62 32/32/32 31/31/31
f 65/65/65 62/62/62 31/31/31
f 65/65/65 31/31/31 49/49/49
f 65/65/65 74/74/69 75/75/70
f 65/65/65 75/75/70 66/66/66
f 22/22/22 8/8/8 7/7/7
f 22/22/22 7/7/7 23/23/23
f 69/69/1 17/17/17 16/16/16
f 69/69/1 16/16/16 76/76/2
f 73/73/4 20/20/20 19/19/19
f 73/73/4 19/19/19 70/70/5
f 13/13/13 29/29/29 28/28/28
f 13/13/13 28/28/28 14/14/14
f 25/25/25 11/11/11 10/10/10
f 25/25/25 10/10/10 26/26/26
f 42/42/42 6/6/6 48/48/48
f 6/6/6 42/42/42 4/4/4
f 4/4/4 42/42/42 77/77/14
f 77/77/14 42/42/42 78/78/15
f 79/79/7 3/3/3 2/2/2
f 3/3/3 79/79/7 45/45/45
f 45/45/45 79/79/7 46/46/46
f 46/46/46 79/79/7 80/80/9
f 81/81/18 82/79/23 83/2/16
f 82/79/23 81/81/18 75/75/70
f 82/79/23 75/75/70 68/68/68
f 82/79/23 68/68/68 84/82/24
f 85/83/8 46/46/46 80/80/9
f 46/46/46 85/83/8 41/41/41
f 41/41/41 85/83/8 86/84/10
f 41/41/41 86/84/10 87/85/12
f 88/86/54 89/87/59 90/88/56
f 89/87/59 88/86/54 91/89/53
f 89/87/59 91/89/53 92/90/60
f 87/85/12 42/42/42 41/41/41
f 42/42/42 87/85/12 93/91/11
f 42/42/42 93/91/11 94/92/13
f 42/42/42 94/92/13 78/78/15
f 50/50/50 38/38/38 37/37/37
f 38/38/38 50/50/50 33/33/33
f 33/33/33 50/50/50 34/34/34
f 95/93/71 96/94/72 97/95/73
f 96/94/72 95/93/71 98/96/74
f 98/96/74 95/93/71 99/97/75
f 100/98/21 63/63/63 66/66/66
f 63/63/63 100/98/21 101/4/20
f 63/63/63 101/4/20 102/77/28
f 63/63/63 102/77/28 103/99/30
f 104/1/17 75/75/70 81/81/18
f 75/75/70 104/1/17 66/66/66
f 66/66/66 104/1/17 105/5/19
f 66/66/66 105/5/19 100/98/21
f 63/63/63 106/100/27 64/64/64
f 106/100/27 63/63/63 107/91/25
f 107/91/25 63/63/63 108/92/29
f 108/92/29 63/63/63 103/99/30
f 68/68/68 109/83/22 84/82/24
f 109/83/22 68/68/68 64/64/64
f 109/83/22 64/64/64 110/84/26
f 110/84/26 64/64/64 106/100/27
f 45/45/45 1/1/1 3/3/3
f 1/1/1 45/45/45 48/48/48
f 1/1/1 48/48/48 5/5/5
f 5/5/5 48/48/48 6/6/6
# Vertices: 110, normals: 75, texture coordinates: 100, faces: 139

o obj2
v 7.19649314 16.89122867 0.6577803
v 14.31935728 19.00257955 7.67256724
v 13.11974333 22.57306506 5.48386711
v 13.11974332 22.57306513 5.48386704
v 13.75946224 24.72732085 2.07915731
v 7.15303736 17.09987344 0.4287917
v 16.48676015 23.46697491 6.14976375
v 8.85568716 15.56663456 -0.86399846
v 17.21757183 19.30162163 1.72542268
v 17.21757184 19.30162156 1.72542275
v 16.76894557 17.04698534 5.42585504
v 16.2090511 22.77172619 -0.16755541
v 8.81223198 15.77527886 -1.09298763
v 18.93634844 21.5113807 3.90305155
vn 0.44537 -0.88799 -0.11451
vn 0.97271 0.21162 -0.09513
vn 0.29606 0.07987 0.95182
vn 0.10407 -0.13239 0.98572
vn -0.96601 0.23686 -0.10358
vn -0.35491 -0.92833 -0.11069
vn -0.10422 -0.13187 0.98577
vn 0.01187 0.99262 -0.1207
vn -0.00348 0.36608 0.93058
vn -0.31344 0.09022 0.94531
vn 0.07492 -0.19899 -0.97713
vn 0.15571 -0.19599 -0.96816
vn 0.29601 0.08094 -0.95175
vn 0.29762 0.01654 -0.95454
vn -0.31701 0.02933 -0.94797
vn -0.15577 -0.1948 -0.96839
vn -0.05829 -0.19868 -0.97833
vn -0.00348 0.36608 -0.93058
vn 0.00436 0.36587 -0.93066
vn -0.31337 0.09125 -0.94524
vt 1.02268 0.97638
vt 0.40885 -0.55269
vt -0.05983 -0.07123
vt -0.51984 0.35171
vt 0.9898 1.01477
vt -0.42475 -0.46016
usemtl mat1
f 111/101/76 112/102/77 113/103/78
f 111/101/76 113/103/78 114/103/79
f 115/104/80 116/105/81 114/103/82
f 112/102/77 117/106/83 114/103/84
f 116/105/81 111/101/76 114/103/79
f 117/106/83 115/104/80 113/103/85
f 117/106/83 113/103/85 114/103/84
f 118/101/86 119/103/87 120/103/88
f 118/101/86 120/103/88 121/102/89
f 122/104/90 119/103/91 123/105/92
f 121/102/89 119/103/93 124/106/94
f 123/105/92 119/103/87 118/101/86
f 124/106/94 119/103/93 120/103/95
f 124/106/94 120/103/95 122/104/90
# Vertices: 14, normals: 20, texture coordinates: 6, faces: 14

o obj3
v -2.39015256 27.6236231 -19.50477298
v -2.46698694 27.56080105 -19.50989768
v -1.49274515 27.17700472 -17.96767903
v -1.40599957 27.24868718 -17.96143018
v -0.00343185 26.57086727 -15.69335888
v 0.09594178 26.65441729 -15.68533099
v -2.54307855 27.49585286 -19.51663708
v -1.57873126 27.1029742 -17.97568254
v -0.10208557 26.4847298 -15.70327249
v -1.31870674 27.31785243 -17.95695223
v -2.31276341 27.68416826 -19.50127374
v -1.23107522 27.38433084 -17.95425617
v -2.23500496 27.74228852 -19.4994101
v 0.19579412 26.7351813 -15.67920574
v 0.29588475 26.81296073 -15.67500038
v -2.96790293 27.87704535 -20.55665688
v -3.03642145 27.82370747 -20.55958986
v -3.46564989 27.93940097 -21.36758652
v -3.52471333 27.89342595 -21.37011761
v -2.89903225 27.92822074 -20.55518997
v -3.40628532 27.98351419 -21.36632355
v -3.10442535 27.76833935 -20.56398319
v -3.17174796 27.71107228 -20.5698264
v -3.58332973 27.84569967 -21.37390292
v -3.6413612 27.7963375 -21.37894117
v 7.13705582 26.15748254 -8.92008745
v 7.05676334 26.1479038 -8.89130422
v 9.79149655 25.42771142 -5.25633603
v 9.87890419 25.44213753 -5.28523539
v 12.05378805 24.83198949 -2.2516966
v 12.14693329 24.85048994 -2.28058887
v 6.97122794 26.13166182 -8.8643176
v 9.69802052 25.40573095 -5.22942114
v 11.95389444 24.80520279 -2.22494008
v 9.96003989 25.4489836 -5.31604711
v 7.21191787 26.16038289 -8.95059566
v 10.03470122 25.44822244 -5.34869691
v 7.28116218 26.15658967 -8.98275736
v 12.23311353 24.86067015 -2.31154538
v 12.31211309 24.86249381 -2.34449169
v 4.3996124 26.88866475 -12.6742573
v 4.33151737 26.88963259 -12.6443113
v 1.93399167 27.52762203 -15.94609133
v 1.8724204 27.53169284 -15.91706858
v 4.46297393 26.88195106 -12.70566097
v 1.99161683 27.51865968 -15.97639106
v 4.25885893 26.88485929 -12.61589344
v 4.1818071 26.87434962 -12.5890741
v 1.80705596 27.53086795 -15.88939127
v 1.73805197 27.52514387 -15.86312778
v 2.12285072 21.00043894 -9.89824846
v 2.12910739 20.93277952 -9.9421401
v 4.15096664 19.47442745 -6.44926891
v 4.14823978 19.54822475 -6.40316198
v 5.82696874 18.27203358 -3.56124284
v 5.82725588 18.35078482 -3.51341909
v 2.14198392 20.87101258 -9.98529803
v 4.16120546 19.40740999 -6.49448765
v 5.83492449 18.20079019 -3.60804908
v 4.1530206 19.62861398 -6.35627943
v 2.12322275 21.07382255 -9.85372938
v 4.16530902 19.71540926 -6.30873082
v 2.13022846 21.15275787 -9.80869002
v 5.83577512 18.43684573 -3.46469503
v 5.85251705 18.53001624 -3.41518485
v 0.05517704 22.56142834 -13.43593905
v 0.05910524 22.49551349 -13.47776468
v -1.74231616 23.88038615 -16.58179534
v -1.73498404 23.82152561 -16.62079345
v 0.05697535 22.63201498 -13.3937378
v -1.74474287 23.94313592 -16.54254408
v 0.06874324 22.43442337 -13.51911436
v 0.08407571 22.37831223 -13.55988756
v -1.72277028 23.76669119 -16.6594448
v -1.70569871 23.71601987 -16.69765573
v 7.203688 24.56053714 -9.92111056
v 7.27357675 24.68263024 -9.87690444
v 9.93851585 23.83352163 -6.29033741
v 9.85564377 23.696376 -6.33811093
v 12.14084236 23.13388053 -3.32311721
v 12.04721953 22.98442132 -3.37375303
v 7.33769935 24.80158686 -9.8321221
v 10.01496435 23.96695005 -6.242059
v 12.22750611 23.27914068 -3.27203783
v 9.76655569 23.55584836 -6.38526497
v 7.12820862 24.4356058 -9.96463453
v 9.67146016 23.41227224 -6.43168278
v 7.04731419 24.30813437 -10.00737053
v 11.94687129 22.83112909 -3.42382434
v 11.84003288 22.67436771 -3.47320746
v 4.42356058 25.34298757 -13.62566418
v 4.48512343 25.45163222 -13.58605672
v 2.04434511 26.15057557 -16.83207826
v 2.09372384 26.24438663 -16.79624945
v 4.35720752 25.2323191 -13.66443871
v 1.99075518 26.05518883 -16.86705091
v 4.54175355 25.55799375 -13.54571276
v 4.59330842 25.6618129 -13.5047287
v 2.13877739 26.3363977 -16.75965192
v 2.17939178 26.42638449 -16.72237307
v 7.40210446 26.12892692 -9.0517397
v 7.34460154 26.14608791 -9.01650094
v 10.10268368 25.43982972 -5.38311499
v 10.16384845 25.4238527 -5.41921158
v 12.38371418 24.85592815 -2.37935861
v 12.44777279 24.84101724 -2.41605247
v 10.21805603 25.4003394 -5.45689844
v 7.4535395 26.10515599 -9.08838696
v 10.26516823 25.36933609 -5.49608429
v 7.49877533 26.07482459 -9.12635597
v 12.50414243 24.81780903 -2.45448568
v 12.55267928 24.78634774 -2.49456455
v 4.62314788 26.82750997 -12.80786057
v 4.57486433 26.85132298 -12.77254635
v 2.13943967 27.46264884 -16.07422166
v 2.09445427 27.48612194 -16.04053627
v 4.66616014 26.79809855 -12.84431086
v 2.17998415 27.43444036 -16.10887564
v 4.5214323 26.86948707 -12.73845188
v 2.04514222 27.50480933 -16.00789937
v 2.16410814 21.32655414 -9.71748052
v 2.14387539 21.23707525 -9.76323694
v 4.18510181 19.80842605 -6.26063069
v 4.21232455 19.90741787 -6.21209582
v 5.87746891 18.63009854 -3.36500822
v 5.91054339 18.73682638 -3.31428488
v 4.2469015 20.01213855 -6.16324464
v 2.19086881 21.4209712 -9.67153178
v 4.28875922 20.12234102 -6.11419235
v 2.22410062 21.52010462 -9.6255013
v 5.95164892 18.84993551 -3.26314098
v 6.00069774 18.96915942 -3.21169619
v 0.09667751 22.87010449 -13.26589363
v 0.07776425 22.78654963 -13.30861207
v -1.72254303 24.15320481 -16.42421471
v -1.73483234 24.07971867 -16.46365851
v 0.12121652 22.95758724 -13.22320905
v -1.70539632 24.22992293 -16.38489723
v 0.06451757 22.70712113 -13.35126112
v -1.74224029 24.00963791 -16.50313337
v 6.87003203 24.04678522 -10.09006359
v 6.96118016 24.17842115 -10.04921256
v 9.57056391 23.26598442 -6.47725203
v 9.46413025 23.11734537 -6.52186557
v 11.72693704 22.51450456 -3.52178379
v 11.60787934 22.3519328 -3.56943664
v 9.35242239 22.96671678 -6.56541784
v 6.77409576 23.91354681 -10.12982605
v 9.23570414 22.81445816 -6.60780012
v 6.67359678 23.77902478 -10.16840299
v 11.48315256 22.18704931 -3.61605533
v 11.353052 22.02024741 -3.66152296
v 4.13101225 24.89083349 -13.77483557
v 4.21074624 25.00596573 -13.73911199
v 1.80601517 25.76186835 -16.96599447
v 1.87143662 25.86059771 -16.9340874
v 4.04719324 24.77476674 -13.80936702
v 1.73695613 25.66249894 -16.99672301
v 4.2862071 25.11988643 -13.70228384
v 1.93306812 25.95845064 -16.90108006
v 2.30969111 21.73159155 -9.53363718
v 2.26374683 21.62373251 -9.5794997
v 4.33782262 20.23778137 -6.06505865
v 4.39394828 20.35816293 -6.01596114
v 6.05759868 19.09423416 -3.16007667
v 6.12218882 19.22483708 -3.10840388
v 4.45699234 20.4831904 -5.96701879
v 2.36181279 21.84341463 -9.48802431
v 4.52681093 20.61256524 -5.91834777
v 2.41999419 21.95893708 -9.44277152
v 6.19430084 19.36064769 -3.05680556
v 6.27377158 19.50134295 -3.0054033
v 0.22799256 23.2414993 -13.09638242
v 0.18696651 23.14351709 -13.13835178
v -1.62523223 24.47762175 -16.26864617
v -1.65667067 24.39233405 -16.30701986
v 0.27432945 23.34251634 -13.05485488
v -1.58917103 24.56536 -16.2307734
v 0.1513434 23.04880188 -13.18066132
v -1.68341543 24.30970021 -16.34580126
v 6.45985642 23.50741944 -10.24162287
v 6.56876153 23.64353957 -10.20569692
v 9.11423789 22.66093226 -6.64890823
v 8.98833245 22.50651151 -6.68864739
v 11.2178706 21.85192428 -3.70572874
v 11.07795248 21.68248733 -3.74856822
v 8.85829689 22.35157003 -6.72692422
v 6.34714959 23.37099366 -10.27609592
v 8.72444077 22.19647955 -6.76364229
v 6.23090834 23.23459097 -10.30903118
v 10.93363955 21.51234856 -3.78994271
v 10.78527601 21.34191589 -3.82974749
v 3.77324227 24.42374354 -13.90498266
v 3.86808317 24.54093874 -13.87451585
v 1.50962228 25.36293907 -17.0811026
v 1.58857277 25.46279301 -17.0543434
v 3.67517709 24.30673783 -13.93394407
v 1.42774778 25.26340555 -17.10640614
v 3.95947473 24.65804037 -13.84261895
v 1.66441309 25.56272668 -17.02619482
v 2.55400492 22.19998609 -9.35378323
v 2.48411617 22.07789299 -9.39798934
v 4.60325967 20.74599296 -5.8700687
v 4.68613133 20.88313817 -5.82229526
v 6.3604351 19.64660366 -2.95432466
v 6.45405779 19.79606193 -2.90368817
v 4.77521859 21.02366657 -5.77514278
v 2.62948348 22.32491659 -9.31025942
v 4.87031421 21.16724117 -5.72872356
v 2.71037748 22.45238744 -9.26752359
v 6.55440501 19.94935472 -2.85361845
v 6.66124345 20.10611452 -2.80423393
v 0.44407638 23.6613406 -12.93391967
v 0.3825135 23.55269598 -12.9735271
v -1.45412491 24.84116815 -16.12106845
v -1.50350298 24.74735777 -16.15689713
v 0.51042919 23.77200867 -12.89514527
v -1.40053494 24.93655486 -16.08609583
v 0.32588374 23.44633476 -13.01387103
v -1.54855661 24.65534676 -16.1934946
v 5.98892327 22.96316702 -10.36996393
v 6.11139984 23.09854024 -10.34034359
v 8.5870721 22.04161514 -6.79870961
v 8.44653358 21.88734713 -6.83204723
v 10.63320352 21.17160079 -3.86788409
v 10.47780228 21.00181058 -3.90426367
v 8.30316783 21.73404754 -6.86357757
v 5.86377744 22.82879716 -10.39782261
v 8.15731856 21.5820861 -6.89322011
v 5.73626063 22.69575514 -10.42385068
v 10.31944944 20.8329553 -3.93880391
v 10.15852495 20.66544175 -3.97141619
v 3.36399857 23.95966708 -14.01110394
v 3.47030157 24.07442134 -13.98706477
v 1.16655634 24.96911877 -17.17297873
v 1.2560019 25.06625982 -17.15239584
v 3.25545657 23.84621953 -14.03338226
v 1.07501302 24.87324628 -17.19188488
v 3.57411226 24.19020437 -13.96132475
v 1.34313664 25.16443398 -17.13018772
v 2.88765965 22.7137366 -9.18483053
v 2.79651177 22.58210107 -9.22568142
v 4.97121013 21.31352865 -5.68315437
v 5.07764395 21.46216787 -5.6385408
v 6.77433864 20.26597875 -2.75565904
v 6.89339719 20.42854964 -2.70800471
v 5.18935148 21.61279774 -5.59498999
v 2.98359609 22.84697546 -9.14506786
v 5.30607079 21.7650557 -5.55260619
v 3.08409522 22.98149738 -9.10649106
v 7.01812377 20.59343439 -2.66138754
v 7.14822531 20.76023555 -2.61591841
v 0.73662388 24.11349354 -12.78474861
v 0.65689021 23.99836164 -12.82047213
v -1.21579518 25.22987494 -15.98715241
v -1.28121704 25.1311453 -16.01905947
v 0.82044362 24.22956091 -12.7502171
v -1.1467364 25.32924396 -15.956424
v 0.58142928 23.88444101 -12.85730021
v -1.34284788 25.03329306 -16.05206668
v 5.47533097 22.4349437 -10.47015474
v 5.60667221 22.56436754 -10.44797836
v 8.00932657 21.43183457 -6.92089902
v 7.859556 21.28364798 -6.94655392
v 9.99540596 20.49968054 -4.00201785
v 9.83049355 20.3360616 -4.03053966
v 7.7083695 21.13788144 -6.97012614
v 5.34255497 22.30779288 -10.49032865
v 7.55613121 20.99488808 -6.99155409
v 5.20866323 22.18322481 -10.50844905
v 9.66418609 20.17497862 -4.0569184
v 9.49688448 20.01682137 -4.08108485
v 2.9190092 23.51643902 -14.08912125
v 3.0326892 23.62434242 -14.07243354
v 0.79000178 24.59554178 -17.23809234
v 0.88650457 24.68623649 -17.22447676
v 2.80416161 23.41090943 -14.10386032
v 0.69230774 24.50701476 -17.24987456
v 3.14492918 23.73435698 -14.05383964
v 0.98158551 24.77887861 -17.20906253
v 3.29783622 23.25310282 -9.0332714
v 3.18893104 23.11698274 -9.06919727
v 5.42753753 21.91858182 -5.51149815
v 5.55344296 22.07300257 -5.47175899
v 7.28340637 20.9285598 -2.57171418
v 7.42332547 21.09799602 -2.52887319
v 5.68347818 22.22794503 -5.4334838
v 3.41054345 23.38952887 -8.99879835
v 5.81733494 22.38303429 -5.39676437
v 3.52678478 23.52593149 -8.96586316
v 7.56763789 21.26813545 -2.48750045
v 7.71600208 21.43856704 -2.44769423
v 1.09439522 24.5805842 -12.65460168
v 0.99955425 24.46338907 -12.68506842
v -0.91940126 25.6288046 -15.87204449
v -0.99835248 25.52895004 -15.89880376
v 1.19246048 24.69758986 -12.62564034
v -0.83752702 25.72833772 -15.84674109
v 0.9081622 24.34628722 -12.71696524
v -1.07419287 25.42901643 -15.92695227
v 4.93881578 21.94304838 -10.53834494
v 5.07397495 22.06154965 -10.52446471
v 7.40320333 20.85502376 -7.01078083
v 7.24995607 20.71861311 -7.02776712
v 9.32898743 19.86198416 -4.10297557
v 9.1609008 19.71082392 -4.12254347
v 7.0967588 20.58598121 -7.04247548
v 4.80351226 21.82800304 -10.55005881
v 6.94398203 20.45745082 -7.05486553
v 4.66839087 21.71669573 -10.5595753
v 8.99302994 19.5637038 -4.13974695
v 8.82578063 19.42098077 -4.15453885
v 2.4553732 23.11109097 -14.13603657
v 2.57206241 23.20799779 -14.12734142
v 0.39442779 24.25656287 -17.27394144
v 0.49428013 24.33732688 -17.26781618
v 2.33863339 23.01753455 -14.14267003
v 0.2943365 24.17878275 -17.27814693
v 2.68841884 23.30801637 -14.11660821
v 0.59365402 24.42087729 -17.25978817
v 3.76876985 23.79735545 -8.90493041
v 3.64629295 23.66198188 -8.93455081
v 5.95470386 22.53789881 -5.36169709
v 6.09524245 22.69216675 -5.32835954
v 7.86807416 21.60888318 -2.40955919
v 8.02347621 21.77867263 -2.37317806
v 6.23860746 22.84546733 -5.29683066
v 3.89391634 23.93172599 -8.8770716
v 6.38445789 22.99742835 -5.26718649
v 4.02143282 24.06476767 -8.85104359
v 8.18182856 21.94752901 -2.33863932
v 8.34275395 22.11504174 -2.30602554
v 1.50363932 25.04466094 -12.5484804
v 1.39733566 24.929906 -12.5725197
v -0.57633525 26.02262484 -15.78016843
v -0.66578073 25.92548373 -15.80075139
v 1.61218133 25.15810849 -12.52620208
v -0.4847916 26.11849767 -15.76126222
v 1.29352497 24.81412297 -12.59825971
v -0.75291587 25.82730929 -15.82295951
v 4.39999536 21.50638375 -10.57191423
v 4.53377832 21.60940839 -10.56686361
v 6.79199464 20.33334841 -7.06490112
v 6.6411592 20.21395536 -7.07256605
v 8.65955709 19.2830171 -4.16687763
v 8.49475624 19.15012508 -4.17673951
v 6.49183816 20.09955474 -7.07784542
v 4.2673637 21.407865 -10.57471779
v 6.34439443 19.99042723 -7.08072122
v 4.13620565 21.31409606 -10.57526473
v 8.33177242 19.0226207 -4.18410685
v 8.17100278 18.90081668 -4.18895574
v 1.99090922 22.75920159 -14.15004673
v 2.10612232 22.84138665 -14.14967851
v -0.00496345 23.96520969 -17.27914803
v 0.09440099 24.03293905 -17.28074855
v 1.87676292 22.68121321 -14.14831971
v -0.10360435 23.90116641 -17.27561516
v 2.22212321 22.92756513 -14.14721855
v 0.19424781 24.10418602 -17.28041536
v 4.28236303 24.32557927 -8.80473968
v 4.15102131 24.1961552 -8.82691599
v 6.53244996 23.14767982 -5.23950765
v 6.68222093 23.29586669 -5.21385275
v 8.50587245 22.28080405 -2.27542537
v 8.67078584 22.4444224 -2.24690197
v 6.83340669 23.44163423 -5.19028199
v 4.41513896 24.45273014 -8.7845657
v 6.9856459 23.58462705 -5.16885238
v 4.54903063 24.57729828 -8.76644523
v 8.83709265 22.60550631 -2.22052477
v 9.00439499 22.76366257 -2.19635685
v 1.9486291 25.48788928 -12.47046309
v 1.83494877 25.37998555 -12.48715087
v -0.19977995 26.39620244 -15.71505477
v -0.2962834 26.30550706 -15.72867047
v 2.06347702 25.59341921 -12.45572396
v 1.72270839 25.26997071 -12.50574477
v -0.39136442 26.212865 -15.74408463
v 3.8795766 21.14173063 -10.56957267
v 4.00684163 21.22531934 -10.5735456
v 6.1991888 19.88685584 -7.08118026
v 6.05656294 19.78906943 -7.07922929
v 8.01284113 18.78502883 -4.1912684
v 7.85765976 18.6755121 -4.19104537
v 5.91685704 19.69729723 -7.07487661
v 3.75471405 21.06352448 -10.56335832
v 5.78041242 19.61176616 -7.06812764
v 3.63255985 20.99089776 -10.55491454
v 7.70582722 18.57252423 -4.18829336
v 7.55771567 18.47632029 -4.18301277
v 1.54346467 22.47429157 -14.13061396
v 1.65277474 22.53859742 -14.13858658
v -0.3928218 23.73267995 -17.25351207
v -0.29776509 23.78477051 -17.26277713
v 1.43630024 22.41486993 -14.1205926
v -0.48622292 23.68483349 -17.24237675
v 1.76396323 22.60762534 -14.144494
v -0.20128201 23.84097648 -17.27015146
v 4.81887848 24.81747499 -8.73654934
v 4.68371956 24.69897411 -8.75042944
v 7.13857393 23.72449124 -5.14962578
v 7.29182119 23.8609019 -5.13263949
v 9.17229171 22.91850105 -2.17446759
v 9.34037852 23.06965999 -2.15489818
v 7.44501764 23.99353456 -5.1179327
v 4.95418167 24.93251999 -8.72483554
v 7.59779498 24.12206379 -5.10554121
v 5.08930313 25.04382723 -8.71531912
v 9.5082488 23.21678113 -2.13769621
v 9.67549884 23.35950302 -2.12290294
v 2.4122651 25.89323733 -12.42354778
v 2.29557622 25.79633085 -12.43224286
v 2.52900465 25.98679335 -12.41691445
v 2.17921979 25.69631227 -12.44297607
v 3.3975604 20.86310421 -10.5314098
v 3.51341679 20.92404439 -10.54425383
v 5.64756915 19.53270658 -7.05899229
v 5.51863349 19.46028474 -7.0475002
v 7.41369442 18.38715861 -4.17521027
v 7.27409558 18.30522574 -4.16491071
v 5.3939107 19.3946669 -7.03368292
v 3.28526553 20.80821642 -10.51641622
v 5.2737088 19.33601936 -7.01756843
v 3.17680944 20.75952312 -10.49930609
v 7.13924895 18.23071228 -4.15214498
v 7.00948739 18.16380539 -4.13693787
v 1.13023818 22.26731398 -14.07848407
v 1.22944347 22.31126807 -14.09449151
v -0.75424385 23.56790812 -17.19801892
v -0.66714663 23.60235924 -17.21459226
v 1.03417206 22.228741 -14.06055369
v -0.83881392 23.53809923 -17.17970865
v 1.33154546 22.36049117 -14.10853973
v -0.57773531 23.64136392 -17.22939083
v 5.35769832 25.25413888 -8.70298025
v 5.22391593 25.15111469 -8.70803085
v 7.74978197 24.24616592 -5.09550562
v 7.90061707 24.36555863 -5.08784075
v 9.84172131 23.49746735 -2.11056568
v 10.00652245 23.6303582 -2.10070226
v 8.04993729 24.47996001 -5.08256295
v 5.49032974 25.35265752 -8.70017666
v 8.19738175 24.58908653 -5.07968569
v 5.6214881 25.44642651 -8.69962982
v 10.16950533 23.75786322 -2.0933365
v 10.33027575 23.87966617 -2.08848623
v 2.87672891 26.24512625 -12.40953782
v 2.76151606 26.16294159 -12.4099059
v 0.59518444 27.0265334 -15.67399941
v 0.49582025 26.95880443 -15.67239875
v 2.99087521 26.32311463 -12.41126484
v 0.69382575 27.09057696 -15.67753228
v 2.64551491 26.07676271 -12.412366
v 0.39597344 26.88755747 -15.67273195
v 2.97246825 20.68121017 -10.45889239
v 3.07246443 20.71716071 -10.48011374
v 5.15833233 19.28450933 -6.99918978
v 5.04804174 19.24023497 -6.9785983
v 6.88514057 18.10469576 -4.11932017
v 6.76648849 18.05349481 -4.09933999
v 4.94309504 19.20329316 -6.95584744
v 2.87705673 20.65175039 -10.43569567
v 4.84375449 19.17378199 -6.93098694
v 2.78646564 20.62886028 -10.41057716
v 6.65380916 18.01031837 -4.07705142
v 6.54738377 17.9752793 -4.0525022
v 0.76710694 22.14622013 -13.9956608
v 0.85239613 22.16813452 -14.01908764
v -1.07533904 23.47722801 -17.11480065
v -0.99954806 23.49271615 -17.13804528
v 0.68583113 22.12997813 -13.97051056
v -1.14783057 23.4665995 -17.09001967
v 0.9414877 22.19566112 -14.04073677
v -0.92064452 23.51302057 -17.15969941
v 7.57018442 25.99474042 -9.20590053
v 7.53768064 26.0379822 -9.16556002
v 10.30504486 25.33089174 -5.53668244
v 10.33761656 25.2851251 -5.57858949
v 12.59323642 24.74668091 -2.53620158
v 12.62574672 24.69893173 -2.57928803
v 10.36281335 25.23215588 -5.62170357
v 7.59621658 25.94521177 -9.24727879
v 10.38056646 25.17210182 -5.6659198
v 7.61570602 25.88950776 -9.28959623
v 12.6501402 24.64322697 -2.62372132
v 12.66634947 24.57968958 -2.6693928
v 4.76254849 26.67699268 -12.9596003
v 4.73593153 26.72273607 -12.92027458
v 2.2740113 27.32209316 -16.21781444
v 2.24733999 27.3640666 -16.18076062
v 4.78355887 26.62601363 -12.99969667
v 2.29591749 27.27572258 -16.25549115
v 4.7037783 26.76313922 -12.88181349
v 2.21597443 27.4015478 -16.14441813
v 5.87811738 25.61879176 -8.70532209
v 5.7508522 25.53520317 -8.70134902
v 8.34258746 24.69265786 -5.07922672
v 8.4852138 24.79044449 -5.08117776
v 10.48843692 23.99545498 -2.08617515
v 10.64361959 24.10497117 -2.08639669
v 8.62491969 24.88221801 -5.08553201
v 6.00297984 25.69699768 -8.71153655
v 8.76136529 24.96774834 -5.09227947
v 6.12513498 25.76962515 -8.71998026
v 10.79545197 24.20796006 -2.08915039
v 10.9435645 24.3041634 -2.09442939
v 3.32417342 26.53003569 -12.42897093
v 3.21486361 26.46573024 -12.42099818
v 0.98304438 27.25906428 -15.69963535
v 0.88798694 27.2069731 -15.69037035
v 3.43133888 26.58945832 -12.43899213
v 1.07644488 27.30691003 -15.71077084
v 3.10367562 26.39670312 -12.41509049
v 0.79150374 27.15076722 -15.68299592
v 2.62063688 20.60303846 -10.3548076
v 2.70093011 20.61261811 -10.3835906
v 4.75027893 19.15180111 -6.90407133
v 4.66287193 19.13737551 -6.87517193
v 6.44748933 17.94849241 -4.02574663
v 6.35434431 17.92999128 -3.99685368
v 4.58173503 19.13052985 -6.84436182
v 2.54577532 20.60013861 -10.32429929
v 4.50707441 19.13129024 -6.81171042
v 2.47653089 20.60393178 -10.29213758
v 6.26816358 17.91981217 -3.96589867
v 6.18916462 17.91798763 -3.93295078
v 0.46802597 22.1156629 -13.88532747
v 0.5361208 22.11469492 -13.91527347
v -1.34376984 23.4641216 -17.00705614
v -1.28219857 23.46005079 -17.03607889
v 0.40466405 22.1223763 -13.85392381
v -1.40139535 23.47308362 -16.97675646
v 0.60877903 22.11946808 -13.94369133
v -1.2168345 23.46087537 -17.06375622
v 7.63483858 25.76008071 -9.37664595
v 7.62858245 25.82774076 -9.33275417
v 10.39080526 25.10508353 -5.71113784
v 10.39353254 25.03128666 -5.75724469
v 12.67430463 24.50844641 -2.71619983
v 12.67401767 24.42969452 -2.76402286
v 10.38875049 24.95089775 -5.8041289
v 7.63446734 25.68669798 -9.42116484
v 10.37646255 24.86410142 -5.85167598
v 7.62746171 25.60776274 -9.46620418
v 12.66549794 24.3436347 -2.81274842
v 12.64875718 24.25046376 -2.86225699
v 4.81245802 26.44289804 -13.12364506
v 4.80853016 26.50881322 -13.08181939
v 2.33253493 27.1113563 -16.37135152
v 2.32520314 27.17021719 -16.33235335
v 4.81065919 26.37231091 -13.16584639
v 2.3349616 27.04860656 -16.41060275
v 4.79889167 26.56990283 -13.04046981
v 2.31298971 27.22505194 -16.29370194
v 6.36013465 25.89741913 -8.74348483
v 6.24427816 25.83647872 -8.73064091
v 8.89420885 25.04680808 -5.10141485
v 9.02314459 25.11923015 -5.11290684
v 11.0875855 24.39332636 -2.10223338
v 11.22718504 24.47525841 -2.11253136
v 9.14786619 25.1848485 -5.12672567
v 6.47242902 25.95230641 -8.75847851
v 9.26806852 25.24349515 -5.14283851
v 6.58088582 26.00100065 -8.77558838
v 11.36203073 24.54977265 -2.12529859
v 11.49179275 24.61667854 -2.14050412
v 3.73740086 26.73701433 -12.4811006
v 3.63819565 26.69306018 -12.46509322
v 1.34446635 27.42383617 -15.75512844
v 1.25736888 27.38938465 -15.73855522
v 3.83346687 26.7755874 -12.49903087
v 1.42903638 27.45364509 -15.77343867
v 3.53609366 26.64383708 -12.451045
v 1.1679576 27.35037994 -15.7237567
v 2.35558756 20.63159417 -10.223155
v 2.41309097 20.61443324 -10.25839393
v 4.43909166 19.13968291 -6.77729223
v 4.37792644 19.15565991 -6.74119548
v 6.11756296 17.9245546 -3.8980852
v 6.05350444 17.93946443 -3.86138965
v 4.32371784 19.17917422 -6.70350993
v 2.3041527 20.65536572 -10.18650745
v 4.27660555 19.21017625 -6.66432244
v 2.25891574 20.68569635 -10.14853841
v 5.99713363 17.96267352 -3.82295778
v 5.94859706 17.99413389 -3.7828772
v 0.24448819 22.1768165 -13.75172392
v 0.29277264 22.15300398 -13.78703824
v -1.54921942 23.52909424 -16.87892545
v -1.50423347 23.50562131 -16.91261099
v 0.20147572 22.20622809 -13.71527345
v -1.58976509 23.55730187 -16.84427149
v 0.34620522 22.13484005 -13.82113285
v -1.4549209 23.48693409 -16.945248
v 7.59358245 25.43396704 -9.55741351
v 7.61381445 25.52344502 -9.51165732
v 10.35667026 24.77108514 -5.89977601
v 10.32944844 24.67209434 -5.94831066
v 12.62380483 24.15038256 -2.91243511
v 12.59073179 24.04365467 -2.96315673
v 10.29487136 24.5673752 -5.99716322
v 7.56682243 25.33955065 -9.60336212
v 10.2530145 24.45717201 -6.04621394
v 7.53359066 25.24041721 -9.64939263
v 12.54962606 23.93054701 -3.01430203
v 12.50057848 23.8113229 -3.0657451
v 4.77095864 26.13422312 -13.29369021
v 4.78987058 26.21777663 -13.25097202
v 2.31276242 26.83853835 -16.52893199
v 2.32505104 26.91202385 -16.48948828
v 4.74641963 26.04674038 -13.33637479
v 2.29561567 26.76182027 -16.56824943
v 4.80311697 26.29720476 -13.20832307
v 2.33245895 26.98210464 -16.45001339
v 6.78522525 26.07931199 -8.8160023
v 6.68522977 26.0433621 -8.79478085
v 9.38344466 25.29500484 -5.16121722
v 9.49373525 25.33927927 -5.18180866
v 11.61613871 24.67578904 -2.1581233
v 11.73479095 24.72698855 -2.17810206
v 9.59868026 25.37622096 -5.20456125
v 6.88063677 26.10877178 -8.83919902
v 11.84746908 24.77016449 -2.2003916
v 4.10053158 26.858108 -12.56392375
v 4.01524269 26.83619397 -12.54049681
v 1.66556135 27.51451643 -15.83834654
v 1.5897707 27.49902863 -15.81510183
v 3.92615112 26.80866737 -12.51884769
v 1.51086687 27.47872384 -15.7934478
v 2.18750633 20.76578063 -10.06899365
v 2.22001069 20.72253928 -10.10933415
v 4.23672864 19.2486206 -6.62372418
v 4.20415635 19.29438679 -6.58181715
v 5.9080386 18.03380127 -3.74124166
v 5.87552837 18.08154909 -3.69815369
v 2.25891574 20.68569635 -10.14853841
v 4.27660555 19.21017625 -6.66432244
v 5.94859706 17.99413389 -3.7828772
v 4.17895855 19.34735667 -6.53870461
v 2.16147338 20.81530856 -10.02761549
v 5.85113417 18.13725402 -3.65372117
v 0.10508661 22.32733366 -13.59998386
v 0.13170412 22.28159073 -13.63930953
v -1.68379183 23.66964994 -16.73533233
v -1.65712048 23.62767647 -16.77238619
v 0.1638571 22.24118718 -13.67777076
v 0.20147572 22.20622809 -13.71527345
v -1.62575484 23.5901952 -16.80872875
v -1.58976509 23.55730187 -16.84427149
v 7.4480014 25.02893141 -9.7412566
v 7.49394429 25.13678914 -9.69539427
v 10.20395143 24.34173199 -6.09534758
v 10.14782625 24.22135086 -6.14444503
v 12.44367725 23.68624948 -3.11736607
v 12.37908862 23.55564637 -3.16903725
v 10.0847824 24.09632515 -6.19338878
v 7.39588018 24.91710886 -9.78686934
v 12.30697648 23.41983644 -3.2206363
v 4.63964461 25.7628293 -13.46320126
v 4.68067001 25.86081083 -13.42123203
v 2.21545331 26.51412307 -16.68450025
v 2.24689138 26.59941047 -16.64612658
v 4.71629283 25.95552568 -13.37892258
v 2.27363519 26.68204326 -16.6073454
v -5.4859598 27.55536668 -24.60980789
v -5.48650058 27.55886144 -24.60739939
v -5.31494293 27.60071746 -24.47404761
v -5.31345602 27.5958347 -24.47766149
v -4.9785971 27.68045055 -24.20972759
v -4.97610528 27.67226203 -24.21579217
v -5.48729782 27.56211971 -24.60503382
v -5.31683356 27.60526425 -24.47046422
v -4.98177037 27.68807757 -24.20372061
v -5.31237663 27.59062744 -24.48129726
v -5.48482931 27.55228992 -24.61212095
v -5.3117079 27.5851078 -24.48494619
v -5.48397128 27.54903998 -24.61443151
v -4.97429453 27.66352531 -24.22188738
v -4.97317368 27.65426995 -24.22801046
v -5.54923287 27.53494947 -24.65704593
v -5.55148981 27.53634997 -24.65538681
v -5.5622155 27.52553454 -24.65908491
v -5.56749226 27.52469847 -24.65762842
v -5.54719407 27.53349366 -24.65863991
v -5.55632071 27.5275832 -24.65975545
v -5.55054763 27.54012081 -24.65333055
v -5.54977244 27.54363424 -24.65135427
v -5.56356894 27.5308583 -24.65526006
v -5.55865318 27.53675367 -24.65316647
v -2.83998882 25.19190353 -20.79138984
v -2.76875492 25.2191769 -20.80549444
v -1.89411688 24.56598654 -19.38435524
v -1.9736425 24.53396363 -19.36956533
v -2.69605381 25.24996025 -20.81809454
v -1.81286691 24.60194675 -19.39748895
v -2.05125482 24.50595301 -19.35315977
v -2.90958616 25.16820109 -20.77581662
v -2.12676481 24.4820248 -19.33517499
v -2.97737487 25.14813319 -20.75881025
v -3.47802733 25.64140684 -21.69789911
v -3.41613164 25.66199826 -21.71204379
v -3.90536651 26.01232455 -22.35131511
v -3.85201559 26.0300749 -22.36351055
v -3.53834093 25.62403713 -21.68247257
v -3.95735725 25.9973521 -22.33801949
v -3.35280774 25.68575814 -21.72487746
v -3.28820561 25.71263251 -21.73636595
v -3.79743099 26.05055451 -22.3745714
v -3.74174638 26.07372009 -22.38447589
v -2.07912575 27.85068353 -19.50061575
v -2.157063 27.79783499 -19.49919263
v -1.1433171 27.44795154 -17.95335698
v -1.05563976 27.5085714 -17.95424526
v -0.96825757 27.56604931 -17.95692165
v -2.0013797 27.90071108 -19.503674
v -0.88138056 27.62024263 -17.96138006
v -1.92401428 27.94779205 -19.50836217
v -2.69196583 28.06755445 -20.55962618
v -2.76089663 28.0235834 -20.55667845
v -3.22779728 28.10361633 -21.37014594
v -3.28721507 28.06571635 -21.3676078
v -2.6233467 28.10890497 -20.56403268
v -3.16865007 28.13926012 -21.37394587
v -2.82997406 27.97710273 -20.55519785
v -3.34675821 28.02564958 -21.3663301
v -3.10687106 25.11910591 -20.72065582
v -3.04318685 25.13175938 -20.74040694
v -2.19998224 24.46225377 -19.31564985
v -2.27073894 24.44666813 -19.29463254
v -2.33886813 24.43530442 -19.27217986
v -3.1682757 25.11019959 -20.699606
v -2.4042023 24.42819337 -19.24834292
v -3.2272503 25.10506591 -20.67730685
v -3.70835711 25.59166375 -21.62888666
v -3.65363958 25.5991426 -21.6479203
v -4.1039064 25.96944688 -22.29182774
v -4.05674301 25.97589441 -22.30823736
v -3.76093884 25.58752535 -21.60873759
v -4.14923153 25.96588058 -22.27446115
v -3.59692304 25.60994073 -21.66579718
v -4.00785348 25.98520152 -22.32364533
v -0.66282261 28.09478726 -19.962582
v -0.6907869 28.12659511 -19.93116005
v 0.48690185 27.84839713 -18.41235693
v 0.51689065 27.8136916 -18.44641354
v -0.72228612 28.15491307 -19.90033895
v 0.45290583 27.8791374 -18.37898461
v 0.54280263 27.77511029 -18.48107472
v -0.63845629 28.05957055 -19.99452829
v 0.56457213 27.7327419 -18.51625576
v -0.6177513 28.02102565 -20.02692249
v -1.47714572 28.19899892 -21.00332261
v -1.49920362 28.2305305 -20.97461282
v -2.18064659 28.2169181 -21.75260386
v -2.19966081 28.24409994 -21.72785933
v -1.45832556 28.16452925 -21.03242304
v -2.16442404 28.18720743 -21.77768929
v -1.5244426 28.25905428 -20.94636529
v -1.55280402 28.28449778 -20.91864706
v -2.22141535 28.26868629 -21.70350891
v -2.24586347 28.29061855 -21.67961795
v -1.7711687 28.03264994 -19.5225905
v -1.84721552 27.9918042 -19.51467449
v -0.79522048 27.67100975 -17.96761781
v -0.70998002 27.71823808 -17.97560892
v -0.62586643 27.76181991 -17.98533677
v -1.69605381 28.0702371 -19.53208873
v -0.54308204 27.80164619 -17.99677814
v -1.62205483 28.10446947 -19.54314842
v -2.4210142 28.21624868 -20.58590508
v -2.48770852 28.18333385 -20.57718996
v -2.99424216 28.23178795 -21.39279783
v -3.05173227 28.20341809 -21.38528833
v -2.35528447 28.2461845 -20.59601573
v -2.93758533 28.25759268 -21.40151461
v -2.55520643 28.14752533 -20.5698926
v -3.10991413 28.17255019 -21.37899679
v -3.33732994 25.10618463 -20.62916883
v -3.28364377 25.10373108 -20.65380753
v -2.46657337 24.42536968 -19.22317545
v -2.52584225 24.42681978 -19.19673852
v -2.58186991 24.4325398 -19.16910159
v -3.38818266 25.1124161 -20.60345149
v -2.63451662 24.44252006 -19.14032838
v -3.4360751 25.1224157 -20.57671614
v -3.90461646 25.59524909 -21.54209355
v -3.85918003 25.58932782 -21.56528461
v -4.27307844 25.97253711 -22.2170138
v -4.23391558 25.96743355 -22.23700713
v -3.94744345 25.60450333 -21.5179958
v -4.30999639 25.98051374 -22.19624377
v -3.81125 25.58674979 -21.58751756
v -4.19259894 25.96521163 -22.25616975
v -0.58754183 27.93430643 -20.09274504
v -0.60077068 27.97923356 -20.0596881
v 0.58212987 27.68667463 -18.5518755
v 0.59545143 27.63703029 -18.58784209
v 0.60450774 27.58393555 -18.62407302
v -0.57809207 27.8863563 -20.12601331
v 0.60927239 27.52751341 -18.66047963
v -0.57244806 27.83549594 -20.15941275
v -1.4217318 28.04434018 -21.121376
v -1.43059205 28.08709946 -21.09151994
v -2.13288017 28.08360595 -21.85436348
v -2.14051953 28.12046455 -21.82863114
v -1.41624203 27.99901594 -21.15133829
v -2.12814846 28.04453856 -21.88019186
v -1.44279847 28.12719574 -21.06184504
v -2.15104059 28.15502584 -21.8030504
v -1.4781185 28.16252754 -19.56985287
v -1.54935236 28.13525414 -19.5557483
v -0.4618324 27.83760767 -18.00991331
v -0.38230587 27.86962845 -18.02470016
v -0.30469329 27.89763946 -18.04110559
v -1.40852189 28.18622936 -19.58542614
v -0.22918367 27.92156737 -18.0590904
v -1.3407326 28.206298 -19.60243232
v -2.16546414 28.31741048 -20.63448416
v -2.22735782 28.29681785 -20.62033632
v -2.77396263 28.31898777 -21.434672
v -2.82731549 28.30123857 -21.42247978
v -2.10514996 28.33478093 -20.64991049
v -2.72197389 28.33396142 -21.44797079
v -2.29068171 28.27305797 -20.60750265
v -2.88189874 28.28075707 -21.41141591
v -3.52250772 25.15363777 -20.52044432
v -3.48088244 25.13617163 -20.54902379
v -2.68364468 24.45675212 -19.1104858
v -2.72914725 24.47518319 -19.07964489
v -2.77092083 24.49776673 -19.04788577
v -3.56085463 25.17476733 -20.49104773
v -2.80885795 24.52445386 -19.01528214
v -3.59582557 25.19951487 -20.46090377
v -4.05926073 25.65202802 -21.44085448
v -4.02485189 25.63293361 -21.46731183
v -4.40637972 26.02147852 -22.12974785
v -4.37672078 26.00502166 -22.15255635
v -4.09068939 25.67431708 -21.41373449
v -4.43347082 26.04069266 -22.10637238
v -3.98755114 25.61707746 -21.4930467
v -4.34456776 25.99135285 -22.17473781
v -0.57265315 27.72551663 -20.22628502
v -0.57063854 27.78183613 -20.19286353
v 0.60971762 27.46788872 -18.69697633
v 0.6058605 27.40521391 -18.73347053
v 0.59771337 27.33964642 -18.76987882
v -0.57848231 27.6666766 -20.25959661
v 0.5852912 27.27133996 -18.8061117
v -0.58811702 27.60545447 -20.29271793
v -1.42011874 27.84875781 -21.24115135
v -1.4154417 27.90110053 -21.21129655
v -2.13149007 27.91501738 -21.95760759
v -2.12745949 27.96013782 -21.93187611
v -1.42817058 27.79432049 -21.27082414
v -2.13843032 27.86809533 -21.98318632
v -1.41414694 27.95122789 -21.18133479
v -2.12634239 28.00334613 -21.90604804
v -1.2112374 28.23532427 -19.64058695
v -1.27492063 28.22267181 -19.62083563
v -0.15596727 27.94134063 -18.07861849
v -0.08520958 27.95692407 -18.09963281
v -0.0170804 27.9682878 -18.12208548
v -1.14983309 28.24423025 -19.66163682
v 0.04825317 27.97539812 -18.14592259
v -1.09085846 28.2493639 -19.68393601
v -1.93513445 28.36715365 -20.70349652
v -1.98984934 28.3596743 -20.68445956
v -2.57542281 28.36186548 -21.49415932
v -2.62258817 28.35541914 -21.47775289
v -1.88255335 28.37129134 -20.72364575
v -2.5301003 28.36543228 -21.51152924
v -2.04656655 28.34887548 -20.66658281
v -2.67147571 28.34611083 -21.46234175
v -3.65528927 25.25964083 -20.39866056
v -3.62732491 25.22783293 -20.43008257
v -2.84285508 24.55519482 -18.9819113
v -2.8728423 24.58989888 -18.94785151
v -3.59582557 25.19951487 -20.46090377
v -2.80885795 24.52445386 -19.01528214
v -2.89875431 24.62848023 -18.91319029
v -3.6796553 25.29485791 -20.36671417
v -2.92052382 24.67084862 -18.87800924
v -3.7003603 25.33340282 -20.33431996
v -4.16634856 25.75981703 -21.32906028
v -4.14428996 25.72828289 -21.35776717
v -4.49868655 26.11439139 -22.03338325
v -4.47967295 26.08721206 -22.05813075
v -4.18516807 25.79428739 -21.29995971
v -4.51490975 26.1441046 -22.00830076
v -4.11905026 25.69975973 -21.38601463
v -4.09068939 25.67431708 -21.41373449
v -4.4579177 26.06262313 -22.08247828
v -4.43347082 26.04069266 -22.10637238
v -0.61872822 27.47644196 -20.35807002
v -0.60154768 27.5419894 -20.32556836
v 0.56860708 27.20044936 -18.84208292
v 0.54771939 27.12715243 -18.87770225
v 0.52268092 27.05163089 -18.91288895
v -0.63961297 27.40897246 -20.39014498
v 0.49354808 26.97406371 -18.94755599
v -0.66415625 27.33974118 -20.42171535
v -1.47236936 27.61976676 -21.35804612
v -1.4543343 27.67968193 -21.32933968
v -2.17652837 27.71763228 -22.05836846
v -2.1609844 27.76927903 -22.03362705
v -1.4936525 27.55830929 -21.38628891
v -2.19487544 27.66465721 -22.08271493
v -1.43958834 27.73791387 -21.30024247
v -2.14827254 27.8194734 -22.00854419
v -0.98077973 28.2482441 -19.7320743
v -1.0344656 28.25069801 -19.70743549
v 0.11062328 27.97822398 -18.17109309
v 0.16989255 27.97677095 -18.19752721
v 0.22592054 27.97105128 -18.22516408
v -0.92992734 28.24201229 -19.7577917
v 0.27856788 27.96107172 -18.25393713
v -0.88203428 28.2320134 -19.78452688
v -1.73887629 28.36356686 -20.79029
v -1.78431074 28.36948693 -20.76709576
v -2.40625263 28.35877314 -21.56897375
v -2.44541747 28.36387788 -21.5489836
v -1.69604868 28.35431332 -20.81438758
v -2.3693367 28.35079773 -21.58974692
v -1.83224083 28.37206501 -20.74486276
v -2.48673085 28.36609999 -21.52981751
v -3.73056979 25.42012206 -20.26849739
v -3.71734026 25.37519558 -20.30155422
v -2.9380829 24.71691776 -18.84239255
v -2.95140316 24.76656026 -18.80642288
v -2.96045882 24.81965568 -18.77019182
v -3.7400189 25.46807286 -20.23522899
v -2.96522414 24.87607715 -18.73378532
v -3.7456629 25.51893322 -20.20182955
v -4.22176184 25.91447646 -21.21100674
v -4.21290027 25.87171533 -21.24085974
v -4.54645165 26.2477049 -21.93162338
v -4.53881493 26.21084681 -21.95735903
v -4.22725227 25.95980003 -21.18104458
v -4.55118468 26.28677415 -21.90579805
v -4.20069384 25.83161904 -21.27053465
v -4.52829255 26.17628365 -21.98293671
v -0.7239974 27.19665326 -20.48303578
v -0.692311 27.26890973 -20.45270302
v 0.46037558 26.89463148 -18.9816194
v 0.42325957 26.8135288 -19.01499499
v 0.38229262 26.73095614 -19.04760775
v -0.75913519 27.12314717 -20.51264142
v 0.33756881 26.64710937 -19.07937663
v -0.79764346 27.04856756 -20.5414476
v -1.57647561 27.36616753 -21.46756783
v -1.54577544 27.43135261 -21.44111292
v -2.26626666 27.49903387 -22.15277422
v -2.23980495 27.55522388 -22.12997344
v -1.61017353 27.30005021 -21.49329558
v -2.29531381 27.44204336 -22.17495253
v -1.51814458 27.49545157 -21.41399845
v -2.21598614 27.61047595 -22.10659958
v -0.79560263 28.2007909 -19.84079854
v -0.83722707 28.21825757 -19.81221911
v 0.32769447 27.94684163 -18.28378263
v 0.37319751 27.92840818 -18.31462043
v 0.41496956 27.90582345 -18.34637962
v -0.75725657 28.17966082 -19.87019508
v -1.58423319 28.30678765 -20.89152874
v -1.61863988 28.32588073 -20.86506836
v -2.27295312 28.30983073 -21.65623954
v -2.30261256 28.32629001 -21.63343411
v -1.65594047 28.34173676 -20.83933364
v -2.33476412 28.33995683 -21.61124973
v -3.74545849 25.62891187 -20.1349574
v -3.7474731 25.57259236 -20.16837889
v -2.96567139 24.93570306 -18.69729177
v -2.96181363 24.99837534 -18.66079463
v -2.9536658 25.06394348 -18.62438624
v -3.7396287 25.6877526 -20.10164564
v -2.94124235 25.13225133 -18.58815307
v -3.72999396 25.74897471 -20.06852435
v -4.22337427 26.11005954 -21.09123122
v -4.22804998 26.05771495 -21.12108298
v -4.54784178 26.41629348 -21.82837925
v -4.55187369 26.37117492 -21.85411376
v -4.21532311 26.1644962 -21.06155855
v -4.54090218 26.46321807 -21.80280345
v -4.22934603 26.00758622 -21.15104502
v -4.55298945 26.32796473 -21.8799388
v -0.88441535 26.89690232 -20.5963801
v -0.83944074 26.97309127 -20.5693818
v 0.28918265 26.56218784 -19.11022335
v 0.23726508 26.47639625 -19.14007262
v 0.18194388 26.38994552 -19.16885822
v -0.93245611 26.82018393 -20.62237889
v 0.12334802 26.30304154 -19.19650803
v -0.98344945 26.74312221 -20.64731381
v -1.72843795 27.09770389 -21.56550827
v -1.68625241 27.1656541 -21.54232132
v -2.39725504 27.26762366 -22.23719693
v -2.36089328 27.32619694 -22.21721315
v -1.77325456 27.02946857 -21.58773213
v -2.43588629 27.20880756 -22.25635489
v -1.64679833 27.23315707 -21.51823148
v -2.3268838 27.3843825 -22.19644657
v -3.6993821 25.87798789 -20.00317214
v -3.71656334 25.81243981 -20.03567389
v -2.92455954 25.20314379 -18.55218491
v -2.90367017 25.27643916 -18.51656249
v -2.87863162 25.35196065 -18.48137585
v -3.67849698 25.9454577 -19.97109715
v -2.84949809 25.42952847 -18.44670872
v -3.65395403 26.01468864 -19.93952684
v -4.17112298 26.33905125 -20.97433635
v -4.18915804 26.27913287 -21.00303999
v -4.50280281 26.61367926 -21.72761825
v -4.5183488 26.56203372 -21.75236281
v -4.14983984 26.40050872 -20.94609355
v -4.48445769 26.66665548 -21.703275
v -4.20390404 26.22090096 -21.03213716
v -4.53105932 26.51183748 -21.77744263
v -1.09381783 26.58870795 -20.69374726
v -1.03728288 26.66590175 -20.67112098
v 0.06160798 26.21589466 -19.22295261
v -0.00311578 26.1287113 -19.24812832
v -0.07066533 26.04170477 -19.27198051
v -1.15291386 26.51172715 -20.71513973
v -0.14088144 25.95508329 -19.29444867
v -1.21443256 26.43514488 -20.73524511
v -1.92241413 26.82469555 -21.64810298
v -1.87036536 26.89279841 -21.62907527
v -2.56445855 27.03229598 -22.30839191
v -2.5195945 27.09100125 -22.29199324
v -1.97662836 26.75696359 -21.66596893
v -2.61119078 26.97391323 -22.32379359
v -1.8206046 26.96111087 -21.60893593
v -2.47670114 27.14988423 -22.274632
v -3.59411222 26.15777724 -19.87820628
v -3.62579924 26.08552006 -19.9085392
v -2.81632691 25.50896256 -18.41264837
v -2.77920925 25.59006372 -18.37926966
v -2.73824292 25.67263567 -18.34665706
v -3.55897506 26.23128263 -19.8486008
v -2.69351973 25.75648173 -18.31488835
v -3.5204674 26.30586152 -19.81979478
v -4.06701735 26.59264978 -20.8648148
v -4.0977162 26.52746284 -20.89126665
v -4.41306448 26.83227764 -21.63321252
v -4.43952821 26.77608884 -21.65601645
v -4.03332009 26.65876642 -20.83908718
v -4.38401862 26.88926998 -21.61103731
v -4.12534706 26.46336388 -20.91838112
v -4.46334439 26.72083627 -21.679387
v -1.34415509 26.28391646 -20.77139502
v -1.27823371 26.35914766 -20.75401029
v -0.21360348 25.8690596 -19.3154749
v -0.28864625 25.78383483 -19.33500945
v -0.3658286 25.69961577 -19.35301165
v -1.41203747 26.20962983 -20.78735923
v -0.44496534 25.61660677 -19.36943455
v -1.48171723 26.13647004 -20.80186249
v -2.15095212 26.55763202 -21.71217812
v -2.09103915 26.62327144 -21.69804063
v -2.76145413 26.80209214 -22.36362349
v -2.70981093 26.85867433 -22.35144003
v -2.21247915 26.49300757 -21.72499941
v -2.81449 26.74638792 -22.37467676
v -2.03288332 26.68976891 -21.68262558
v -2.65968148 26.91599244 -22.33815114
v -3.43369413 26.45752806 -19.7648621
v -3.47867009 26.38133778 -19.79186063
v -2.64513485 25.8414051 -18.28404471
v -2.59321597 25.92719483 -18.25419239
v -2.53789469 26.0136455 -18.22540686
v -3.38565461 26.53424504 -19.73886364
v -2.47929949 26.1005488 -18.19775718
v -3.33466127 26.61130675 -19.71392872
v -3.91505551 26.86111262 -20.76687463
v -3.95723981 26.79316061 -20.79005845
v -4.28207797 27.06368573 -21.5487903
v -4.31844039 27.00511498 -21.56877701
v -3.87023949 26.92934721 -20.74465096
v -4.2434473 27.12250431 -21.52963534
v -3.99669389 26.72565764 -20.81414829
v -4.35244862 26.94692762 -21.58954046
v -1.62580979 25.9942383 -20.82633966
v -1.55303375 26.06461694 -20.81486455
v -0.52587463 25.53501207 -19.38423456
v -0.60835293 25.45502056 -19.39737729
v -0.69220073 25.37682677 -19.40883745
v -1.69986751 25.92550263 -20.83626191
v -0.77721843 25.30061874 -19.41858423
v -1.77503105 25.85857642 -20.84460573
v -2.40526763 26.30677797 -21.75527109
v -2.33979315 26.3674311 -21.74656715
v -2.98066881 26.58586111 -22.40076877
v -2.92423222 26.63814481 -22.39326893
v -2.47174374 26.24774362 -21.76255525
v -3.03797074 26.53497545 -22.40704912
v -2.27547837 26.42955681 -21.73646905
v -2.86879354 26.69169492 -22.38456308
v -3.22429273 26.7657209 -19.66749541
v -3.28082768 26.68852709 -19.69012169
v -2.41755995 26.1876981 -18.17131567
v -2.3528348 26.27487954 -18.14613697
v -2.28528451 26.36188669 -18.12228472
v -3.16519655 26.84270158 -19.64610308
v -2.21506899 26.44850743 -18.09981676
v -3.10367778 26.91928379 -19.62599776
v -3.72107837 27.1341214 -20.68428007
v -3.77312722 27.06601539 -20.7033049
v -4.11487288 27.29901454 -21.4775953
v -4.15973898 27.24031052 -21.4939971
v -3.66686477 27.20185265 -20.66641428
v -4.06814193 27.35739913 -21.46219672
v -3.82288806 26.99770298 -20.72344418
v -4.20263109 27.18142574 -21.5113552
v -1.92795573 25.73080753 -20.85646957
v -1.85112208 25.79362897 -20.85134494
v -0.8632052 25.22658915 -19.42658926
v -0.94994881 25.15490551 -19.43283493
v -1.03724222 25.08573952 -19.43731308
v -2.0053448 25.67026232 -20.85996889
v -1.12487381 25.01926117 -19.44000907
v -2.08310398 25.61214144 -20.86183258
v -2.67558811 26.08177283 -21.77572605
v -2.60706827 26.13510885 -21.77279001
v -3.21368011 26.39191083 -22.41840055
v -3.1546186 26.437887 -22.41587268
v -2.74445937 26.0305967 -21.77719315
v -3.27304665 26.34779879 -22.4196667
v -2.53906507 26.19047632 -21.76839677
v -3.09600023 26.4856121 -22.41208418
v -2.97395451 27.07051282 -19.5898478
v -3.03987663 26.995281 -19.60723259
v -2.14234893 26.5345323 -18.07879372
v -2.06730418 26.61975588 -18.05925598
v -1.99012117 26.70397562 -18.04125365
v -2.90607287 27.14479883 -19.57388365
v -1.91098443 26.78698462 -18.02483075
v -2.83639237 27.21795924 -19.55938033
v -3.49254023 27.40118481 -20.62020506
v -3.55245254 27.33554284 -20.63433962
v -3.91787718 27.52921829 -21.42236384
v -3.9695217 27.47263797 -21.43455035
v -3.4310132 27.46580926 -20.60738377
v -3.86484267 27.58492441 -21.41131359
v -3.61060845 27.26904543 -20.6497546
v -4.01964979 27.41531796 -21.44783621
v -2.23898386 25.50374575 -20.86062707
v -2.16104587 25.55659491 -20.86205013
v -1.21263383 24.9556416 -19.44091152
v -1.30031019 24.89501953 -19.44002024
v -1.38769267 24.83754125 -19.43734395
v -2.31672986 25.45371817 -20.85756885
v -1.4745703 24.78334722 -19.43288571
v -2.39409587 25.40663646 -20.85288088
v -2.95152711 25.89126164 -21.7727572
v -2.88259437 25.93523154 -21.77570171
v -3.45153396 26.22769404 -22.41584145
v -3.39211624 26.2655973 -22.41838232
v -3.02014554 25.84991177 -21.76835061
v -3.51068244 26.19205209 -22.41204461
v -2.81351632 25.98171291 -21.77718215
v -3.33257245 26.30566153 -22.41965709
v -2.69229989 27.36019104 -19.53490308
v -2.76507658 27.28981172 -19.54637833
v -1.83007712 26.86858051 -18.01003392
v -1.74759742 26.9485701 -17.99688821
v -1.66374896 27.02676457 -17.98542792
v -2.61824217 27.42892671 -19.52498084
v -3.23822477 27.65203888 -20.57711206
v -3.30369792 27.59138389 -20.58581294
v -3.69866185 27.74545001 -21.38521842
v -3.75510045 27.69316752 -21.39272141
v -3.36801337 27.52925751 -20.59591117
v -3.81053777 27.63961552 -21.40142424
v -2.54694133 25.32177848 -20.83865265
v -2.47089323 25.36262561 -20.84656837
v -1.56073096 24.73258258 -19.42665096
v -1.64596937 24.68535301 -19.41865672
v -1.73008222 24.6417718 -19.40892882
v -2.62205483 25.28419262 -20.82915423
v -3.22247723 25.74256862 -21.74647822
v -3.15578163 25.77548161 -21.75519025
v -3.68508827 26.09952299 -22.39318958
v -3.62759951 26.12789474 -22.40070209
v -3.08828449 25.81128955 -21.76248763
v -3.56941642 26.15876083 -22.40699051
v -5.63624914 27.47122143 -24.66293014
v -5.59737198 27.5138882 -24.65256131
v -5.58574253 27.52212442 -24.65217006
v -5.59358322 27.51086349 -24.65603629
v -5.56794749 27.53751764 -24.64931788
v -5.57081081 27.53163557 -24.6519741
v -5.57658747 27.53624728 -24.64667587
v -5.57027958 27.53937943 -24.64717893
v -5.56388759 27.5434019 -24.64686208
v -5.58205198 27.51744038 -24.65661298
v -5.59140609 27.50631422 -24.65974469
v -5.56356894 27.5308583 -24.65526006
v -5.56749226 27.52469847 -24.65762842
v -5.56490763 27.53365995 -24.65297715
v -5.55865318 27.53675367 -24.65316647
v -5.58040934 27.51097596 -24.661257
v -5.59092543 27.50041402 -24.66354424
v -5.56191992 27.52190251 -24.66142369
v -5.56675932 27.51570263 -24.6634215
v -5.5622155 27.52553454 -24.65908491
v -5.55632071 27.5275832 -24.65975545
v -5.58087481 27.50298258 -24.66592308
v -5.59215917 27.49339019 -24.6672888
v -5.56306177 27.51099651 -24.66757152
v -5.56863987 27.50499404 -24.66913067
v -5.56230326 27.51531896 -24.66526681
v -5.55698203 27.51624062 -24.66637625
v -5.58343191 27.49376601 -24.67043217
v -5.59506038 27.48551216 -24.67083458
v -5.56695352 27.49855644 -24.67346785
v -5.57306224 27.49298361 -24.67453665
v -5.56516849 27.50340482 -24.67128547
v -5.56060916 27.50316449 -24.67277392
v -5.58798269 27.48368007 -24.67461107
v -5.5995166 27.47708365 -24.67404511
v -5.57344392 27.48506208 -24.67888575
v -5.57985668 27.48013271 -24.67943172
v -5.57070209 27.49024894 -24.67690979
v -5.56706667 27.48885322 -24.67870338
v -5.59435036 27.47311433 -24.6782988
v -5.60535643 27.46842875 -24.676797
v -5.58228448 27.47103108 -24.68361721
v -5.58876179 27.46693546 -24.68362771
v -5.57868953 27.4763588 -24.68192327
v -5.57610286 27.47386043 -24.68393608
v -5.60229269 27.46247231 -24.68135413
v -5.61235693 27.45987852 -24.67898478
v -5.59313508 27.45700301 -24.68748032
v -5.59943501 27.4538994 -24.68696332
v -5.58882597 27.46226603 -24.68613366
v -5.5873719 27.45876082 -24.68827121
v -5.61150333 27.45216409 -24.68365943
v -5.6202481 27.45176255 -24.68052418
v -5.60557847 27.44351725 -24.69032658
v -5.61146642 27.44152524 -24.68931039
v -5.60072085 27.44851326 -24.68937896
v -5.60044038 27.44413503 -24.69154208
v -5.62162832 27.44258584 -24.6851261
v -5.62872691 27.4443925 -24.68135608
v -5.61913572 27.43109282 -24.69204645
v -5.62439359 27.4302886 -24.69057871
v -5.61391733 27.43562872 -24.6915345
v -5.61480556 27.43054565 -24.69362292
v -5.63227857 27.43410565 -24.68569778
v -5.63746721 27.43805194 -24.68144845
v -5.63328807 27.42020488 -24.69257427
v -5.63771933 27.4206217 -24.69071947
v -5.62790755 27.42410832 -24.69251729
v -5.62991683 27.41851343 -24.69443403
v -5.64304368 27.42705054 -24.68535227
v -5.64613263 27.43298499 -24.68079767
v -5.64748866 27.41127492 -24.69188919
v -5.6509318 27.41289575 -24.68972731
v -5.64215487 27.41439374 -24.69228977
v -5.64519248 27.40850181 -24.69394404
v -5.65351306 27.42168843 -24.68410349
v -5.65439197 27.42938454 -24.67942907
v -5.66119453 27.40464326 -24.69001806
v -5.66352429 27.40740661 -24.68764056
v -5.65611076 27.40685934 -24.69086049
v -5.66004554 27.40089543 -24.6921718
v -5.66328119 27.41822868 -24.68199877
v -5.66192621 27.42739063 -24.67739495
v -5.67387778 27.40056599 -24.68703257
v -5.67501177 27.40436637 -24.6845392
v -5.66923981 27.40179374 -24.68828455
v -5.67390561 27.39598621 -24.6891855
v -5.67197367 27.41680322 -24.67911921
v -5.66844629 27.42707937 -24.67477356
v -5.68505005 27.39920078 -24.68304726
v -5.68495272 27.40389189 -24.6805424
v -5.68103779 27.3993913 -24.684661
v -5.68624012 27.39396275 -24.6850999
v -5.67925719 27.41746607 -24.6755756
v -5.67370176 27.42846261 -24.67166567
v -5.69428489 27.4005971 -24.67821584
v -5.69296619 27.40600033 -24.67580396
v -5.691049 27.3997467 -24.68012864
v -5.69657509 27.39490275 -24.68007203
v -5.68485088 27.42019277 -24.67150394
v -5.67748988 27.431488 -24.66819056
v -5.70122402 27.40470478 -24.67272333
v -5.69874221 27.41061274 -24.67050558
v -5.69889192 27.40284299 -24.67486228
v -5.70451235 27.39877114 -24.6742949
v -5.68854078 27.4248775 -24.66706088
v -5.67966701 27.43603727 -24.66448215
v -5.70560192 27.41136481 -24.66678101
v -5.70206076 27.41754985 -24.66485126
v -5.70426323 27.40856316 -24.66906391
v -5.70974743 27.4054187 -24.66799063
v -5.69018408 27.43134124 -24.66241699
v -5.68014767 27.44193748 -24.6606826
v -5.70725226 27.42031925 -24.66061763
v -5.70279371 27.42654569 -24.65905818
v -5.70695536 27.41668857 -24.66295616
v -5.71207859 27.41459053 -24.66140138
v -5.68971861 27.43933462 -24.65775091
v -5.67891393 27.4489613 -24.65693804
v -5.70610843 27.43122728 -24.65446942
v -5.7009125 27.43725496 -24.65334887
v -5.70686826 27.42690347 -24.65677439
v -5.71141726 27.4259331 -24.65478059
v -5.68716086 27.44855187 -24.65324169
v -5.67601273 27.45683934 -24.65339226
v -5.70221669 27.44366736 -24.64857309
v -5.69648946 27.44926606 -24.64794277
v -5.70400237 27.43881829 -24.6507556
v -5.70778948 27.43900992 -24.64838278
v -5.68261073 27.45863713 -24.64906292
v -5.6715565 27.46526784 -24.65018173
v -5.69572628 27.45716171 -24.64315518
v -5.68969568 27.46211628 -24.64304783
v -5.69846812 27.45197485 -24.64513115
v -5.70133263 27.4533205 -24.64245345
v -5.67624239 27.46920354 -24.64537507
v -5.66571666 27.47392274 -24.64742985
v -5.68688571 27.4711927 -24.63842374
v -5.68079122 27.47531284 -24.63885198
v -5.69048133 27.46586431 -24.6401178
v -5.69229642 27.46831329 -24.63722076
v -5.66830006 27.47984556 -24.64231974
v -5.65871615 27.48247297 -24.64524207
v -5.67603576 27.48522008 -24.63456076
v -5.670118 27.48834889 -24.63551638
v -5.68034422 27.47995774 -24.63590729
v -5.68102737 27.48341289 -24.63288565
v -5.65908942 27.49015377 -24.64001445
v -5.65082498 27.49058894 -24.64370268
v -5.66359237 27.49870584 -24.63171451
v -5.65808658 27.50072305 -24.63316931
v -5.66844999 27.49370983 -24.63266213
v -5.66795955 27.498038 -24.6296149
v -5.64896442 27.49973202 -24.63854778
v -5.64234617 27.49795898 -24.64287078
v -5.65003445 27.51113094 -24.62999452
v -5.6451594 27.51195969 -24.63190099
v -5.6552535 27.50659437 -24.63050659
v -5.6535937 27.51162805 -24.62753394
v -5.63831417 27.50821221 -24.63797611
v -5.63360653 27.50429887 -24.64277853
v -5.63588277 27.5220182 -24.62946682
v -5.631833 27.52162726 -24.63176011
v -5.64126263 27.51811544 -24.62952368
v -5.63848177 27.52366094 -24.62672271
v -5.62754906 27.51526731 -24.63832162
v -5.62494045 27.50936648 -24.6434292
v -5.62168216 27.53094816 -24.63015192
v -5.61861987 27.52935388 -24.63275214
v -5.62701529 27.52783002 -24.6297512
v -5.62320678 27.53367188 -24.62721284
v -5.61708033 27.52062875 -24.63957053
v -5.6166811 27.51296693 -24.64479779
v -5.6079763 27.53757982 -24.63202304
v -5.60602804 27.53484235 -24.63483902
v -5.6130594 27.53536441 -24.63118048
v -5.60835305 27.54127894 -24.62898495
v -5.60731221 27.5240885 -24.64167525
v -5.60914687 27.51496084 -24.64683192
v -5.5952937 27.54165642 -24.63500865
v -5.59454123 27.53788192 -24.63794051
v -5.59993036 27.54043001 -24.63375642
v -5.59449364 27.54618748 -24.63197138
v -5.59861973 27.52551396 -24.64455481
v -5.60262679 27.51527211 -24.6494533
v -5.58412078 27.5430223 -24.63899385
v -5.58460026 27.53835639 -24.64193732
v -5.58813369 27.5428311 -24.63738023
v -5.58215914 27.54821094 -24.63605697
v -5.59133621 27.5248511 -24.64809842
v -5.57488726 27.54162463 -24.64382551
v -5.57812182 27.54247638 -24.64191246
v -5.57182548 27.54726959 -24.6410851
v -5.54846878 27.57181957 -24.57284208
v -5.55329228 27.57031064 -24.57163372
v -5.41820092 27.6184826 -24.41871536
v -5.41048933 27.62137589 -24.42027836
v -5.15178747 27.71024553 -24.11692215
v -5.1388545 27.71510022 -24.11954673
v -5.55818294 27.56857414 -24.57054448
v -5.42606854 27.61520965 -24.41731625
v -5.16498495 27.70475761 -24.1145786
v -5.40295177 27.62388341 -24.42200121
v -5.54336102 27.57382789 -24.57377376
v -5.39560621 27.62599907 -24.42387987
v -5.53841563 27.57557514 -24.5748039
v -5.12620992 27.71930504 -24.12243313
v -5.11389213 27.72285415 -24.12558739
v -5.59381725 27.55151068 -24.62774171
v -5.59846717 27.54871663 -24.62760479
v -5.59993036 27.54043001 -24.63375642
v -5.60602804 27.53484235 -24.63483902
v -5.58940179 27.55406509 -24.62791869
v -5.59449364 27.54618748 -24.63197138
v -5.60163262 27.54874237 -24.62605787
v -5.60472622 27.54863773 -24.62461655
v -5.6079763 27.53757982 -24.63202304
v -5.60835305 27.54127894 -24.62898495
v -5.68948788 27.36282941 -24.63929
v -5.68684787 27.36118063 -24.64138441
v -5.62485412 27.29502424 -24.52656122
v -5.62939683 27.29695523 -24.52342712
v -5.49839545 27.16772671 -24.29780605
v -5.50601651 27.1709668 -24.29255254
v -5.68401056 27.35980317 -24.6434082
v -5.6199694 27.29349292 -24.52959943
v -5.49020444 27.16515963 -24.30290503
v -5.63358747 27.29928027 -24.52020488
v -5.69253444 27.3639538 -24.63724441
v -5.63741467 27.30199508 -24.51690201
v -5.69533171 27.36532004 -24.63516856
v -5.51304307 27.17486548 -24.28714483
v -5.51946375 27.17942052 -24.28160821
v -5.70787851 27.39128608 -24.67612072
v -5.70445086 27.39164912 -24.67754396
v -5.69889192 27.40284299 -24.67486228
v -5.69296619 27.40600033 -24.67580396
v -5.71104959 27.3910664 -24.67471604
v -5.70451235 27.39877114 -24.6742949
v -5.70340329 27.3891045 -24.6793783
v -5.70227381 27.38678853 -24.68110397
v -5.69428489 27.4005971 -24.67821584
v -5.69657509 27.39490275 -24.68007203
v -5.48477114 27.54077456 -24.61920473
v -5.48423734 27.54501079 -24.61680804
v -5.31145297 27.57928791 -24.48859952
v -5.31161036 27.57318346 -24.49224835
v -4.97274497 27.64450651 -24.23413497
v -4.97301087 27.63426909 -24.24025813
v -5.31217992 27.56680875 -24.49588403
v -5.48471035 27.53688384 -24.6215522
v -5.31316083 27.56017878 -24.49949779
v -5.48491405 27.53286291 -24.62387444
v -4.97396461 27.62357553 -24.24635296
v -4.97560995 27.61245854 -24.25241694
v -5.54916695 27.52317071 -24.66424582
v -5.55059624 27.52538346 -24.66244898
v -5.56230326 27.51531896 -24.66526681
v -5.56675932 27.51570263 -24.6634215
v -5.54792484 27.52095256 -24.6659605
v -5.55698203 27.51624062 -24.66637625
v -5.54879467 27.52956573 -24.66051272
v -5.56191992 27.52190251 -24.66142369
v -5.52983538 27.57675096 -24.57787274
v -5.53406737 27.57628731 -24.57628297
v -5.38847198 27.62771542 -24.42591054
v -5.38156472 27.62903052 -24.42808766
v -5.10192506 27.72573093 -24.12899028
v -5.09034079 27.72793896 -24.13264483
v -5.3749014 27.62994106 -24.43040593
v -5.52522893 27.57773705 -24.57921067
v -5.36849834 27.63044443 -24.4328599
v -5.52082378 27.57846065 -24.58063115
v -5.07916352 27.72946424 -24.13653008
v -5.06842405 27.73031172 -24.1406488
v -5.57998867 27.55447022 -24.6319015
v -5.58446438 27.55242161 -24.63138582
v -5.58813369 27.5428311 -24.63738023
v -5.59454123 27.53788192 -24.63794051
v -5.57576323 27.55630264 -24.63243614
v -5.58215914 27.54821094 -24.63605697
v -5.58694368 27.55332923 -24.62959778
v -5.5952937 27.54165642 -24.63500865
v -5.69885807 27.37030997 -24.63069585
v -5.69720806 27.36768491 -24.63295786
v -5.64086901 27.30509337 -24.5135264
v -5.64394241 27.30856748 -24.51008621
v -5.52525598 27.18461549 -24.2759434
v -5.53041301 27.19044339 -24.27017658
v -5.69533171 27.36532004 -24.63516856
v -5.63741467 27.30199508 -24.51690201
v -5.51946375 27.17942052 -24.28160821
v -5.64662942 27.31240704 -24.5065901
v -5.70096053 27.37244727 -24.62844057
v -5.64892064 27.31660573 -24.50304595
v -5.70279785 27.37480173 -24.62617689
v -5.53491686 27.19688306 -24.26430937
v -5.53876276 27.20392547 -24.25836835
v -5.71428759 27.39779383 -24.66939544
v -5.71149305 27.39727115 -24.67108501
v -5.70426323 27.40856316 -24.66906391
v -5.69874221 27.41061274 -24.67050558
v -5.7168386 27.39841612 -24.66774545
v -5.70974743 27.4054187 -24.66799063
v -5.7113354 27.39404583 -24.67295013
v -5.71104959 27.3910664 -24.67471604
v -5.70122402 27.40470478 -24.67272333
v -5.70451235 27.39877114 -24.6742949
v -5.48782249 27.52340346 -24.62846561
v -5.48623206 27.5282198 -24.62617126
v -5.31455096 27.55330989 -24.50308059
v -5.31634657 27.54621836 -24.50662415
v -4.97794079 27.60093529 -24.25842323
v -4.98095405 27.58904265 -24.26436974
v -5.31854259 27.5389218 -24.51011991
v -5.4888322 27.51884865 -24.6307559
v -5.32113461 27.53143715 -24.51355947
v -5.49008833 27.51421178 -24.63299944
v -4.98463607 27.57680259 -24.27022995
v -4.98898573 27.56424994 -24.27600216
v -5.55233739 27.50938943 -24.6712697
v -5.55288831 27.51232939 -24.66940878
v -5.56516849 27.50340482 -24.67128547
v -5.56863987 27.50499404 -24.66913067
v -5.5519354 27.50649414 -24.67303447
v -5.56060916 27.50316449 -24.67277392
v -5.55029192 27.51676286 -24.66766223
v -5.56306177 27.51099651 -24.66757152
v -5.51371086 27.57752014 -24.58435593
v -5.51718649 27.57812062 -24.58244435
v -5.3623712 27.63053869 -24.43544401
v -5.35653431 27.63022444 -24.43815171
v -5.05814656 27.73046738 -24.14498004
v -5.04835768 27.7299425 -24.1495245
v -5.3510007 27.62950367 -24.44097617
v -5.50978146 27.5774462 -24.58604738
v -5.3457847 27.62837698 -24.44391084
v -5.50608504 27.57711822 -24.58780257
v -5.0390748 27.72873206 -24.15425869
v -5.03032852 27.72684327 -24.15918408
v -5.56821281 27.55422355 -24.63712842
v -5.57234569 27.55299996 -24.63625823
v -5.57812182 27.54247638 -24.64191246
v -5.58460026 27.53835639 -24.64193732
v -5.56433718 27.55526179 -24.63799579
v -5.57182548 27.54726959 -24.6410851
v -5.57404002 27.5547539 -24.63429332
v -5.58412078 27.5430223 -24.63899385
v -5.70424064 27.38156283 -24.62152407
v -5.70364451 27.37806065 -24.62386577
v -5.65081127 27.32115253 -24.49946257
v -5.65229752 27.32603596 -24.49584856
v -5.5419334 27.21154877 -24.25235526
v -5.54442785 27.21974101 -24.24629679
v -5.65337691 27.33124322 -24.49221278
v -5.70531512 27.38463285 -24.61914408
v -5.65404565 27.33676287 -24.48856386
v -5.70612374 27.38788214 -24.61677907
v -5.54623596 27.228474 -24.24019546
v -5.54735813 27.23773445 -24.23407823
v -5.7175877 27.40711704 -24.6622963
v -5.71553831 27.40572828 -24.66419194
v -5.70695536 27.41668857 -24.66295616
v -5.70206076 27.41754985 -24.66485126
v -5.71941631 27.40855737 -24.66045968
v -5.71207859 27.41459053 -24.66140138
v -5.71627294 27.4019457 -24.66601167
v -5.70560192 27.41136481 -24.66678101
v -5.49499561 27.50392198 -24.63723444
v -5.49240942 27.50913234 -24.63512947
v -5.32411691 27.5237827 -24.51693415
v -5.32748255 27.51597579 -24.5202364
v -4.99398677 27.5514094 -24.28165932
v -4.9996327 27.53831754 -24.287201
v -5.33122194 27.50803643 -24.52345816
v -5.49703648 27.49887744 -24.63937835
v -5.33532618 27.49998399 -24.52659147
v -5.49929695 27.49380164 -24.64145615
v -5.00590259 27.52500013 -24.29260148
v -5.01278667 27.51149714 -24.29785968
v -5.5586256 27.4941319 -24.67784829
v -5.55828076 27.49768653 -24.6759993
v -5.57070209 27.49024894 -24.67690979
v -5.57306224 27.49298361 -24.67453665
v -5.55907489 27.49067068 -24.67959061
v -5.56706667 27.48885322 -24.67870338
v -5.55498448 27.50220146 -24.67450488
v -5.56695352 27.49855644 -24.67346785
v -5.50071251 27.57410007 -24.59204201
v -5.50329848 27.57574007 -24.58988106
v -5.3409 27.62684568 -24.44694903
v -5.33635665 27.62491539 -24.45008299
v -5.0221349 27.72427249 -24.16427692
v -5.01451651 27.72103615 -24.16953651
v -5.33216603 27.62259036 -24.45330521
v -5.49760931 27.57296963 -24.59402052
v -5.3283382 27.61987624 -24.45660793
v -5.49476263 27.57160274 -24.59604191
v -5.00748669 27.71713445 -24.17493795
v -5.00106868 27.71258316 -24.18048065
v -5.55894138 27.55078109 -24.6432214
v -5.56257657 27.55042979 -24.64203468
v -5.57027958 27.53937943 -24.64717893
v -5.57658747 27.53624728 -24.64667587
v -5.55556012 27.55098531 -24.64438344
v -5.56388759 27.5434019 -24.64686208
v -5.5634179 27.55296129 -24.63996409
v -5.57488726 27.54162463 -24.64382551
v -5.70542864 27.39615564 -24.6121271
v -5.70590906 27.39190995 -24.61445737
v -5.65430058 27.34258275 -24.48491053
v -5.65414319 27.34868721 -24.4812617
v -5.54778486 27.24749349 -24.22794773
v -5.5475216 27.25773463 -24.22183069
v -5.65357297 27.3550626 -24.47762588
v -5.7054354 27.40003758 -24.60971308
v -5.65259271 27.36169189 -24.47401225
v -5.70518163 27.40405853 -24.60733626
v -5.54656523 27.26842447 -24.21572975
v -5.54492187 27.27954585 -24.20967175
v -5.71765429 27.41889512 -24.65509653
v -5.71643254 27.41669412 -24.65712989
v -5.70686826 27.42690347 -24.65677439
v -5.70279371 27.42654569 -24.65905818
v -5.7186862 27.4210978 -24.65313922
v -5.71141726 27.4259331 -24.65478059
v -5.71802656 27.41250009 -24.65882964
v -5.70725226 27.42031925 -24.66061763
v -5.50601681 27.48307675 -24.64517462
v -5.50253337 27.48848058 -24.64333868
v -5.33978634 27.49183782 -24.52962842
v -5.34459076 27.4836175 -24.53256209
v -5.02026729 27.49783097 -24.30295054
v -5.02832703 27.48404509 -24.30787414
v -5.34972908 27.47534122 -24.53538588
v -5.50900915 27.4777364 -24.64708845
v -5.35518634 27.46703195 -24.53809226
v -5.5121857 27.47241717 -24.64891952
v -5.03694251 27.47016333 -24.312607
v -5.04609832 27.45622716 -24.31714958
v -5.56778632 27.47798816 -24.68372805
v -5.56656311 27.48202091 -24.68196663
v -5.57868953 27.4763588 -24.68192327
v -5.57985668 27.48013271 -24.67943172
v -5.56906653 27.47409277 -24.6853765
v -5.57610286 27.47386043 -24.68393608
v -5.56269046 27.48644274 -24.68077739
v -5.57344392 27.48506208 -24.67888575
v -5.70237729 27.41352673 -24.60286623
v -5.70391303 27.4087023 -24.6050939
v -5.65120258 27.36856077 -24.47042945
v -5.64940632 27.37565298 -24.46688577
v -5.54258838 27.29106538 -24.20365935
v -5.53957776 27.30296174 -24.19771895
v -5.6472103 27.38294954 -24.46339001
v -5.70131289 27.41807344 -24.60050926
v -5.64461762 27.39043487 -24.45995032
v -5.70000603 27.42271102 -24.59821101
v -5.53589246 27.31519876 -24.1918525
v -5.53154674 27.32775377 -24.18608666
v -5.71448187 27.43267844 -24.64807226
v -5.7141385 27.42975021 -24.65016971
v -5.70400237 27.43881829 -24.6507556
v -5.7009125 27.43725496 -24.65334887
v -5.71467367 27.43555826 -24.64606486
v -5.70778948 27.43900992 -24.64838278
v -5.71652799 27.42530433 -24.65167986
v -5.70610843 27.43122728 -24.65446942
v -5.52046165 27.46166976 -24.65198085
v -5.51621389 27.46705911 -24.65048323
v -5.36095351 27.45870654 -24.54067486
v -5.36701338 27.45038736 -24.54312748
v -5.05576909 27.44226244 -24.321478
v -5.06593408 27.42831121 -24.32559467
v -5.37335203 27.44209338 -24.54544458
v -5.52428835 27.45623977 -24.65358955
v -5.37995489 27.43384425 -24.54762046
v -5.52825826 27.4508812 -24.65510254
v -5.07656465 27.4143979 -24.32947801
v -5.08764001 27.40056452 -24.33313045
v -5.57946953 27.46157653 -24.68868344
v -5.57741868 27.46593295 -24.68708177
v -5.58882597 27.46226603 -24.68613366
v -5.58876179 27.46693546 -24.68362771
v -5.58152641 27.45739741 -24.69016981
v -5.5873719 27.45876082 -24.68827121
v -5.57311549 27.47009049 -24.68623906
v -5.58228448 27.47103108 -24.68361721
v -5.69520352 27.43300889 -24.59409727
v -5.69773436 27.42779111 -24.59613543
v -5.64163533 27.39808932 -24.45657563
v -5.63826969 27.40589624 -24.45327338
v -5.52654242 27.34059128 -24.18042324
v -5.52089977 27.35368618 -24.17488783
v -5.63453095 27.41383492 -24.45005176
v -5.69310795 27.43804533 -24.59188668
v -5.63042802 27.42188599 -24.4469187
v -5.69079741 27.44312115 -24.58975431
v -5.51462724 27.36699986 -24.16948123
v -5.50774514 27.38050724 -24.16422903
v -5.70819432 27.44793529 -24.64149381
v -5.70874671 27.44439241 -24.64357931
v -5.69846812 27.45197485 -24.64513115
v -5.69648946 27.44926606 -24.64794277
v -5.70753483 27.45138103 -24.63950885
v -5.70133263 27.4533205 -24.64245345
v -5.71183544 27.43986573 -24.64483721
v -5.70221669 27.44366736 -24.64857309
v -5.53777361 27.44052514 -24.65739128
v -5.53292318 27.44569329 -24.65628815
v -5.3868054 27.42566165 -24.54964906
v -5.39388795 27.41756322 -24.55152639
v -5.09912956 27.38683754 -24.33653003
v -5.11100969 27.37325673 -24.33968175
v -5.40118364 27.40956996 -24.55324779
v -5.54228756 27.43521298 -24.65863195
v -5.40867753 27.40169882 -24.5548094
v -5.54689664 27.4300217 -24.65976754
v -5.12324626 27.35984694 -24.34256616
v -5.13581571 27.34664795 -24.34518822
v -5.59322488 27.4455291 -24.69252376
v -5.59042995 27.45004122 -24.69114808
v -5.60072085 27.44851326 -24.68937896
v -5.59943501 27.4538994 -24.68696332
v -5.59597687 27.44122499 -24.69378656
v -5.60044038 27.44413503 -24.69154208
v -5.58585627 27.45377583 -24.69067947
v -5.59313508 27.45700301 -24.68748032
v -5.68418362 27.45385276 -24.58615735
v -5.68761172 27.44844151 -24.58792649
v -5.62596786 27.43003216 -24.44388177
v -5.62116278 27.43825316 -24.44094797
v -5.50026318 27.39416833 -24.15913232
v -5.49220608 27.40795793 -24.15421483
v -5.61602512 27.44652876 -24.4381243
v -5.68113593 27.45918569 -24.58417672
v -5.61056719 27.4548387 -24.4354178
v -5.6779093 27.46450493 -24.58229108
v -5.48358794 27.42183595 -24.14947587
v -5.47443478 27.43577585 -24.14493941
v -5.69903359 27.46407902 -24.63561405
v -5.70046435 27.46005801 -24.63761199
v -5.69048133 27.46586431 -24.6401178
v -5.68969568 27.46211628 -24.64304783
v -5.69754319 27.46795894 -24.63372297
v -5.69229642 27.46831329 -24.63722076
v -5.70412946 27.45562444 -24.6385647
v -5.69572628 27.45716171 -24.64315518
v -5.55728908 27.42045371 -24.66119833
v -5.55202124 27.42520199 -24.6605308
v -5.41634939 27.39397217 -24.55620631
v -5.42418124 27.38640695 -24.55743596
v -5.14868193 27.33368668 -24.3475281
v -5.16182106 27.32099785 -24.34959396
v -5.43215508 27.37902006 -24.55849581
v -5.56231595 27.41546318 -24.66202205
v -5.44025096 27.37183049 -24.55938292
v -5.56738671 27.41063808 -24.66273566
v -5.17519348 27.30860676 -24.35136845
v -5.18877334 27.29655017 -24.35285937
v -5.60852517 27.43046113 -24.69510169
v -5.60509768 27.43495563 -24.69400944
v -5.61391733 27.43562872 -24.6915345
v -5.61146642 27.44152524 -24.68931039
v -5.61186119 27.42619846 -24.69608748
v -5.61480556 27.43054565 -24.69362292
v -5.60042502 27.43812385 -24.69392835
v -5.60557847 27.44351725 -24.69032658
v -5.66973942 27.47525906 -24.57935127
v -5.67393184 27.46986229 -24.58078207
v -5.60480066 27.46316342 -24.43283535
v -5.59874078 27.47148259 -24.43038273
v -5.46476135 27.44973683 -24.14060489
v -5.45459896 27.46369176 -24.13649437
v -5.59240146 27.47977725 -24.42806552
v -5.66585672 27.48068231 -24.57767563
v -5.58579926 27.4880257 -24.42588977
v -5.66183672 27.48604089 -24.57610807
v -5.44396575 27.47760134 -24.13260491
v -5.43289234 27.4914391 -24.12895848
v -5.68735037 27.48049064 -24.63065867
v -5.68960877 27.47614597 -24.63249686
v -5.68034422 27.47995774 -24.63590729
v -5.68079122 27.47531284 -24.63885198
v -5.6850833 27.48465428 -24.62892967
v -5.68102737 27.48341289 -24.63288565
v -5.69370442 27.47197669 -24.63310305
v -5.68688571 27.4711927 -24.63842374
v -5.57825842 27.4022265 -24.66325575
v -5.57277433 27.40637252 -24.66304813
v -5.44845022 27.36485582 -24.56009462
v -5.45673253 27.35811233 -24.56062976
v -5.20252364 27.28485067 -24.35404988
v -5.21641636 27.27354208 -24.35495051
v -5.46507689 27.35161694 -24.56098709
v -5.58360338 27.39774985 -24.66362947
v -5.47346429 27.34538455 -24.56116574
v -5.58893933 27.39347702 -24.6638925
v -5.23041039 27.26264608 -24.35554673
v -5.24447965 27.25219445 -24.35584949
v -5.62478126 27.41695287 -24.69631794
v -5.62085601 27.42125819 -24.69555546
v -5.62790755 27.42410832 -24.69251729
v -5.62439359 27.4302886 -24.69057871
v -5.6285688 27.41289542 -24.69698411
v -5.62991683 27.41851343 -24.69443403
v -5.61626072 27.42373723 -24.69586062
v -5.61913572 27.43109282 -24.69204645
v -5.65242614 27.49640503 -24.57394059
v -5.65722122 27.49122946 -24.5749769
v -5.57894743 27.49620965 -24.42386091
v -5.57186488 27.50430807 -24.42198359
v -5.42140017 27.50516236 -24.12555278
v -5.40952268 27.51874691 -24.12240717
v -5.56456918 27.51230133 -24.42026218
v -5.64785618 27.50171044 -24.57263298
v -5.55707595 27.52017179 -24.41870071
v -5.64319834 27.50690039 -24.57144308
v -5.3972828 27.53215364 -24.11951653
v -5.38471665 27.54535567 -24.11690071
v -5.67359501 27.49653806 -24.62681836
v -5.67659815 27.49203702 -24.62843069
v -5.66844999 27.49370983 -24.63266213
v -5.670118 27.48834889 -24.63551638
v -5.67063348 27.50082603 -24.62531306
v -5.66795955 27.498038 -24.6296149
v -5.68096363 27.48829134 -24.62866264
v -5.67603576 27.48522008 -24.63456076
v -5.59987424 27.38654557 -24.66348417
v -5.59438449 27.38992891 -24.66374334
v -5.48187438 27.33943143 -24.56116458
v -5.49028722 27.33377052 -24.56098432
v -5.25858433 27.24220753 -24.35584452
v -5.27269572 27.23271497 -24.35554519
v -5.49868218 27.32841545 -24.56062555
v -5.60533135 27.38275415 -24.66339234
v -5.50703867 27.32337987 -24.56008886
v -5.61072654 27.37919772 -24.66319364
v -5.28677396 27.22373225 -24.35494021
v -5.30079099 27.21528835 -24.35404308
v -5.64137028 27.40552154 -24.69612612
v -5.63710144 27.40947314 -24.69572713
v -5.64215487 27.41439374 -24.69228977
v -5.63771933 27.4206217 -24.69071947
v -5.64546077 27.40182389 -24.69644262
v -5.64519248 27.40850181 -24.69394404
v -5.63275622 27.41116742 -24.69640228
v -5.63328807 27.42020488 -24.69257427
v -5.63291066 27.51647645 -24.57013354
v -5.63812314 27.51172075 -24.57073428
v -5.54940409 27.52789844 -24.4173038
v -5.54157092 27.53546502 -24.41607389
v -5.37184648 27.55831458 -24.11455446
v -5.35871194 27.57100508 -24.11249511
v -5.53359773 27.54285122 -24.41501418
v -5.62782909 27.52145887 -24.56924315
v -5.52550119 27.55004147 -24.41412694
v -5.62270825 27.526284 -24.56847497
v -5.34533624 27.58339314 -24.11071436
v -5.331759 27.59545343 -24.10922957
v -5.65829536 27.51160535 -24.62424057
v -5.66193108 27.50712192 -24.62556946
v -5.6552535 27.50659437 -24.63050659
v -5.65808658 27.50072305 -24.63316931
v -5.6547485 27.51585323 -24.62301202
v -5.6535937 27.51162805 -24.62753394
v -5.66639486 27.50394331 -24.62541377
v -5.66359237 27.49870584 -24.63171451
v -5.62130571 27.37401364 -24.6618748
v -5.61602062 27.37650376 -24.66258958
v -5.51533673 27.31867671 -24.55937496
v -5.52355629 27.31431643 -24.55848614
v -5.31470894 27.20739673 -24.3528429
v -5.32849734 27.20008444 -24.35135535
v -5.5316786 27.31030814 -24.55742493
v -5.62666406 27.37105315 -24.66131964
v -5.53968359 27.30666229 -24.55619364
v -5.63191135 27.3683486 -24.66066604
v -5.34211918 27.19335962 -24.34957242
v -5.35554669 27.18724665 -24.34751026
v -5.65765203 27.39660918 -24.6945331
v -5.65320931 27.40005371 -24.6945178
v -5.65611076 27.40685934 -24.69086049
v -5.6509318 27.41289575 -24.68972731
v -5.6618828 27.39341462 -24.69448282
v -5.66004554 27.40089543 -24.6921718
v -5.64927689 27.40089819 -24.69553239
v -5.64748866 27.41127492 -24.69188919
v -5.61194131 27.53470365 -24.56807613
v -5.61737004 27.53055021 -24.56821695
v -5.51730258 27.55701545 -24.41341538
v -5.50902028 27.56375894 -24.41288024
v -5.31800607 27.60714922 -24.10803294
v -5.30411663 27.61846085 -24.10713858
v -5.50067657 27.57025366 -24.41252303
v -5.606541 27.53917287 -24.56763561
v -5.49228852 27.57648672 -24.41234426
v -5.60115498 27.54344573 -24.56731801
v -5.29011931 27.62935381 -24.1065361
v -5.27605269 27.63980915 -24.10623946
v -5.6420373 27.52511564 -24.62302393
v -5.64617076 27.52082139 -24.62402306
v -5.64126263 27.51811544 -24.62952368
v -5.6451594 27.51195969 -24.63190099
v -5.63803957 27.52915762 -24.62211513
v -5.63848177 27.52366094 -24.62672271
v -5.65055849 27.5183306 -24.62348139
v -5.65003445 27.51113094 -24.62999452
v -5.64173094 27.36511058 -24.65848981
v -5.63685208 27.36661208 -24.65963137
v -5.54755121 27.30338934 -24.55479453
v -5.55526346 27.30049538 -24.55323165
v -5.36874153 27.181755 -24.34516059
v -5.38167714 27.17690403 -24.34254213
v -5.56280169 27.29798718 -24.55150892
v -5.64678401 27.36309416 -24.65749145
v -5.57014724 27.29587152 -24.54963027
v -5.65167999 27.36134626 -24.65640686
v -5.39431844 27.17269618 -24.33964947
v -5.40664018 27.16914944 -24.33650158
v -5.67300262 27.39055647 -24.69160043
v -5.66855959 27.39336294 -24.69197374
v -5.66923981 27.40179374 -24.68828455
v -5.66352429 27.40740661 -24.68764056
v -5.6772092 27.38798523 -24.69118107
v -5.67390561 27.39598621 -24.6891855
v -5.66518659 27.39332546 -24.69328413
v -5.66119453 27.40464326 -24.69001806
v -5.59032614 27.5503839 -24.56784785
v -5.59575988 27.54699381 -24.56752174
v -5.48387842 27.58243984 -24.41234542
v -5.47546624 27.58810007 -24.41252581
v -5.26194537 27.64979236 -24.10623831
v -5.24783726 27.65928795 -24.10654391
v -5.46707061 27.59345581 -24.41288445
v -5.58481368 27.55416789 -24.56787288
v -5.45871412 27.5984914 -24.41342115
v -5.57936774 27.55772502 -24.56801687
v -5.23375506 27.6682683 -24.10714252
v -5.21974 27.67671659 -24.10804564
v -5.62544959 27.5365456 -24.62321602
v -5.62992533 27.53260644 -24.62385139
v -5.62701529 27.52783002 -24.6297512
v -5.631833 27.52162726 -24.63176011
v -5.6211489 27.54022778 -24.62265688
v -5.62320678 27.53367188 -24.62721284
v -5.63406365 27.53089973 -24.62293985
v -5.63588277 27.5220182 -24.62946682
v -5.66036566 27.36017784 -24.6534594
v -5.65607833 27.36063406 -24.65498237
v -5.57728214 27.29415449 -24.54759972
v -5.5841894 27.2928394 -24.54542259
v -5.41860528 27.16626826 -24.3330927
v -5.43019153 27.16406463 -24.32944414
v -5.59085272 27.29192885 -24.54310433
v -5.66491676 27.35918433 -24.65205466
v -5.59725577 27.29142548 -24.54065036
v -5.66927117 27.35846142 -24.65057948
v -5.44136681 27.16253495 -24.3255529
v -5.45210826 27.16169187 -24.32144018
v -5.68683186 27.38759626 -24.68744076
v -5.6825637 27.38965662 -24.68819296
v -5.68103779 27.3993913 -24.684661
v -5.67501177 27.40436637 -24.6845392
v -5.69084711 27.38574836 -24.68666349
v -5.68624012 27.39396275 -24.6850999
v -5.67987751 27.38873657 -24.68974461
v -5.67387778 27.40056599 -24.68703257
v -5.49134236 27.56661954 -24.60063611
v -5.49293637 27.56923785 -24.59830717
v -5.32488453 27.61677728 -24.45998366
v -5.32181113 27.61330318 -24.46342384
v -4.99527383 27.70738449 -24.18613933
v -4.99012011 27.70155964 -24.19191238
v -5.31912544 27.60946227 -24.46692021
v -5.48918587 27.56447347 -24.60282485
v -4.98561363 27.69511626 -24.19777347
v -5.55253364 27.544272 -24.64994691
v -5.55553507 27.5448071 -24.64849373
v -5.56490763 27.53365995 -24.65297715
v -5.57081081 27.53163557 -24.6519741
v -5.55548451 27.54802134 -24.64639197
v -5.56794749 27.53751764 -24.64931788
v -5.56889268 27.56291786 -24.56945684
v -5.57412308 27.56041963 -24.56867538
v -5.4504154 27.60319523 -24.41413492
v -5.44219518 27.60755618 -24.41502362
v -5.20582008 27.68460381 -24.10923984
v -5.19203431 27.69191982 -24.11073349
v -5.43407287 27.61156448 -24.41608482
v -5.56347965 27.56587024 -24.56994533
v -5.17840982 27.69864091 -24.11251032
v -5.60916783 27.54545796 -24.62480904
v -5.61381876 27.5420245 -24.62506099
v -5.6130594 27.53536441 -24.63118048
v -5.61861987 27.52935388 -24.63275214
v -5.61754298 27.54116895 -24.62380975
v -5.62168216 27.53094816 -24.63015192
v -5.67649017 27.35940864 -24.64697622
v -5.67295919 27.35880075 -24.648821
v -5.6033829 27.29133122 -24.53806625
v -5.60921979 27.29164546 -24.53535857
v -5.46238376 27.16153179 -24.31710296
v -5.47217527 27.1620604 -24.31256463
v -5.6147534 27.29236623 -24.53253411
v -5.68036422 27.35947516 -24.64521797
v -5.4814555 27.1632671 -24.30782432
v -5.69860705 27.38784359 -24.68221372
v -5.69468238 27.38907825 -24.68332056
v -5.691049 27.3997467 -24.68012864
v -5.68495272 27.40389189 -24.6805424
v -5.69278051 27.38731257 -24.68504894
v -5.68505005 27.39920078 -24.68304726
v 1.15136459 -3.61413147 11.54677004
v 1.92502045 -1.97548952 11.10776957
v 1.83237681 -1.98996039 11.04529086
v 1.06931574 -3.62655394 11.4920922
v 1.74041871 -2.00607196 10.98036116
v 0.98794398 -3.64048241 11.43518824
v 3.11104855 0.44571455 10.41457713
v 3.00488414 0.42829141 10.34158433
v 2.89935499 0.40909889 10.26590184
v 0.56997298 -4.74196183 11.74046822
v 0.64260392 -4.73110104 11.78864046
v 0.18862032 -5.59665599 11.84889692
v 0.2512632 -5.58728721 11.89044368
v 0.49796496 -4.75417261 11.6903036
v 0.1265163 -5.60718648 11.8056312
v 0.71568098 -4.72161714 11.83470765
v 1.23389037 -3.60324244 11.59909026
v 0.78903327 -4.71352927 11.8785569
v 1.31669981 -3.59391118 11.64892622
v 0.31429136 -5.57910598 11.93017562
v 0.37755469 -5.57212999 11.9679932
v 2.01812594 -1.96269025 11.16764885
v 3.21759075 0.46132613 10.48470972
v 2.11146852 -1.95159822 11.22478259
v 3.32425406 0.47508655 10.55180808
v 9.49528076 8.20659834 9.27745203
v 12.29662217 13.04536823 8.14756721
v 12.20339522 13.06491264 8.14156394
v 9.41136395 8.2268775 9.27652882
v 12.10330462 13.0818553 8.12838079
v 9.32168569 8.24487963 9.26942197
v 15.25376327 18.15014107 6.95499811
v 15.15089993 18.16879937 6.94352751
v 15.04001414 18.18451731 6.92383396
v 6.93028081 3.92054637 10.28535118
v 7.00553719 3.89983424 10.28196654
v 4.91561981 0.41177095 11.10495988
v 4.98319108 0.39107781 11.09842732
v 6.8502485 3.9392768 10.28345233
v 4.84408409 0.43073373 11.10696637
v 7.07584051 3.8771903 10.27331351
v 9.57323895 8.18409202 9.2721963
v 7.14101496 3.85266899 10.25940467
v 9.64504428 8.15941069 9.26076767
v 5.04664002 0.36870724 11.08738926
v 5.10580641 0.34470906 11.07186657
v 12.38276913 13.02327161 8.14638552
v 15.34836605 18.12859122 6.95822794
v 12.46162011 12.99867427 8.13801247
v 15.43446991 18.10419894 6.95319883
v 4.04128514 6.75301593 4.59620292
v 5.88889109 11.33759905 2.64771173
v 5.88736501 11.2921362 2.57127863
v 4.04461908 6.71062032 4.52689645
v 5.89418249 11.2483408 2.50107772
v 4.05511308 6.669599 4.46284265
v 7.84434485 16.17540473 0.59537864
v 7.8375696 16.12683668 0.51159338
v 7.84037899 16.08024472 0.43507121
v 2.41679203 2.63547461 6.27438038
v 2.40937616 2.67487919 6.33701072
v 1.11134043 -0.68011818 7.70966232
v 1.10101093 -0.64358877 7.76629232
v 2.4302984 2.59718231 6.21612427
v 1.12686442 -0.71574799 7.65668055
v 2.40805842 2.71529771 6.40385754
v 4.04510739 6.79667907 4.67058746
v 2.41285099 2.75663505 6.47476545
v 4.05608675 6.84150743 4.74987703
v 1.09589345 -0.60624928 7.82642876
v 1.0960052 -0.56819195 7.88993193
v 5.8987451 11.38461591 2.73018476
v 7.86067723 16.2258304 0.6862159
v 5.91691401 11.43307604 2.81850605
v 7.88653863 16.27799371 0.78389462
v 9.48977244 7.23221946 7.65053137
v 12.16779155 11.99828675 6.34837453
v 12.26355491 12.05434376 6.48148029
v 9.56814267 7.28244011 7.76670546
v 12.3523088 12.11023131 6.61140276
v 9.64037159 7.33265594 7.88033006
v 14.99214981 17.02930292 4.97786125
v 15.10627981 17.09141177 5.1286602
v 15.21249321 17.15317386 5.27560443
v 7.16735578 3.04086682 8.91673937
v 7.10443421 2.9960536 8.81597464
v 5.20850548 -0.40521293 9.86398639
v 5.15811347 -0.44526444 9.77634747
v 7.22492839 3.08581474 9.01551478
v 5.25422575 -0.36492612 9.95008585
v 7.03632065 2.95148209 8.71346553
v 9.40545818 7.18211637 7.53209052
v 6.96317552 2.90726251 8.60945748
v 9.3153948 7.13225006 7.41166597
v 5.10317654 -0.48498384 9.68738156
v 5.04382484 -0.52427258 9.59730317
v 12.06525744 11.94219564 6.21240942
v 14.87038802 16.96699756 4.82357577
v 11.95619268 11.88620617 6.07391033
v 14.74127941 16.90464607 4.66617224
v 9.76947496 8.10375194 9.21946908
v 12.59663959 12.94220089 8.09973835
v 12.53295856 12.97162602 8.12244264
v 9.71050133 8.13260651 9.24317089
v 15.58031266 18.04710747 6.9183738
v 15.51183705 18.07701258 6.93989374
v 7.20088506 3.8263211 10.24025616
v 7.25532671 3.79821745 10.21593249
v 5.16053268 0.31913576 11.05188061
v 5.21070357 0.29205513 11.02749499
v 7.30421514 3.76842823 10.18649804
v 9.82183196 8.07291826 9.18972856
v 7.3474249 3.73702133 10.1520185
v 9.8674372 8.04017631 9.15401382
v 5.25620416 0.26353448 10.99877405
v 5.29691984 0.23364067 10.96578293
v 12.65251894 12.91047196 8.06996346
v 15.63974214 18.01455863 6.88870076
v 12.70045256 12.87651292 8.03318151
v 15.68997101 17.97944091 6.85093655
v 4.09944462 6.93423403 4.92243154
v 5.97806287 11.5338682 3.01187206
v 5.94338483 11.48286869 2.9124839
v 4.07422262 6.88739761 4.833898
v 7.96664422 16.38703951 0.99886873
v 7.92190056 16.33177517 0.88820351
v 2.42376595 2.79879627 6.54957864
v 2.44075256 2.84167417 6.62810321
v 1.10136734 -0.52950175 7.95666005
v 1.11194478 -0.49027844 8.0264414
v 2.46376199 2.88516524 6.71014428
v 4.13168472 6.98190411 5.01525909
v 2.49274897 2.92916746 6.79550935
v 4.17087313 7.03029308 5.11216179
v 1.12771112 -0.45061167 8.09910545
v 1.14863031 -0.41059985 8.17447816
v 6.02085613 11.58595154 3.11642476
v 8.02065082 16.44365227 1.11561568
v 6.07166926 11.63899233 3.22589572
v 8.08380116 16.50147792 1.23817052
v 9.11886415 7.03371297 7.16601707
v 11.71948914 11.77507155 5.79062937
v 11.8408369 11.83045406 5.93320164
v 9.21978061 7.0827429 7.28954238
v 14.46222906 16.78040499 4.34350899
v 14.60510903 16.84239895 4.50601829
v 6.88515648 2.86350091 8.50419695
v 6.80246809 2.82030154 8.39794003
v 4.98018144 -0.56303805 9.50632384
v 4.91241648 -0.6011872 9.41466604
v 6.71531539 2.77776782 8.29094446
v 9.01289521 6.98527646 7.04139099
v 6.62390222 2.73600178 8.18346767
v 8.90212195 6.93755027 6.91596267
v 4.84069898 -0.63862846 9.32255179
v 4.76519649 -0.6752715 9.23020302
v 11.59244903 11.72019241 5.64653902
v 14.31299167 16.71881348 4.1790385
v 11.46001694 11.66594955 5.50127704
v 14.1577494 16.65777332 4.01300136
v 4.26975107 7.12876579 5.31727998
v 6.19690859 11.74744393 3.45856397
v 6.13041029 11.69286753 3.34003926
v 4.21694041 7.07928713 5.21292061
v 8.23696789 16.62021633 1.49955189
v 8.15597535 16.56038112 1.36625834
v 2.52766241 2.97357411 6.88400377
v 2.56840014 3.01827983 6.97540456
v 1.17467266 -0.37033761 8.25238975
v 1.20575577 -0.32992198 8.33264179
v 2.61485336 3.06317251 7.0694875
v 4.32916983 7.17860981 5.42498379
v 2.66691955 3.10814726 7.16602889
v 4.39506097 7.22869905 5.53577585
v 1.24179889 -0.28945231 8.41503963
v 1.28272016 -0.24902647 8.49938647
v 6.27099492 11.80258951 3.58117896
v 8.32657342 16.68083929 1.63772351
v 6.35249938 11.85817168 3.7075931
v 8.4245848 16.74210358 1.78044494
v 8.66720952 6.84469674 6.6639029
v 11.18022174 11.55989521 5.2086289
v 11.32249151 11.61247496 5.35518919
v 8.7867959 6.89065452 6.79003176
v 13.83071322 16.53793602 3.67781666
v 13.99685425 16.59743325 3.84579206
v 6.52843485 2.6951085 8.07576669
v 6.42915707 2.65518293 7.96810121
v 4.68607736 -0.71102383 9.13784024
v 4.60354366 -0.74580466 9.04568608
v 6.32631273 2.61631996 7.86073083
v 8.5436572 6.79978808 6.53788034
v 6.22014439 2.57861311 7.75391493
v 8.41643176 6.75603711 6.41226863
v 4.51780117 -0.77952874 8.95396313
v 4.4290498 -0.81211536 8.86289133
v 11.03355664 11.50833599 5.06195058
v 13.65973364 16.47942406 3.50948102
v 10.88284496 11.45792264 4.91550823
v 13.48432235 16.42203963 3.34119124
v 4.54565852 7.329133 5.76557489
v 6.5370148 11.970114 3.97062127
v 6.44125198 11.91405785 3.83751535
v 4.46728943 7.27891394 5.64940067
v 8.64492606 16.86597197 2.0781878
v 8.53079746 16.8038647 1.92738921
v 2.7244924 3.15309489 7.26480461
v 2.78741351 3.19790717 7.36556956
v 1.32844178 -0.20873834 8.58548615
v 1.37883354 -0.16868643 8.67312424
v 2.85552556 3.24247759 7.46807807
v 4.6299727 7.37923621 5.88401554
v 2.92867043 3.28669757 7.57208528
v 4.72003483 7.42910116 6.00443951
v 1.43376919 -0.12896841 8.76208985
v 1.4931222 -0.08967832 8.8521685
v 6.63954734 12.02620335 4.10658599
v 8.76668628 16.92827557 2.23247289
v 6.74861086 12.08219136 4.24508502
v 8.89579373 16.99062582 2.38987645
v 8.15216655 6.67243571 6.16348618
v 10.57071234 11.36102462 4.62474075
v 10.72843571 11.40878099 4.76965573
v 8.28582601 6.71355401 6.28737093
v 13.1218709 16.31121149 3.00636852
v 13.30488637 16.36592546 3.17335323
v 6.11089822 2.54216046 7.64791286
v 5.99884731 2.50704316 7.54297754
v 4.33749624 -0.8434806 8.77269564
v 4.24336734 -0.87355485 8.68358715
v 5.88426362 2.47334408 7.43935869
v 8.0157793 6.63278027 6.04091076
v 5.76742224 2.44114792 7.33730874
v 7.87699079 6.59468629 5.91994229
v 4.14689352 -0.90226713 8.59577984
v 4.04830649 -0.92954508 8.50948794
v 10.41005939 11.31476655 4.48111218
v 12.93572145 16.25802779 2.8406383
v 10.24686156 11.27012118 4.33911794
v 12.74688308 16.20650444 2.67656405
v 4.91656614 7.52763893 6.25008854
v 6.98531472 12.19332562 4.52836623
v 6.86396676 12.13794335 4.38579374
v 4.81564845 7.47860747 6.12656342
v 9.17484456 17.11486637 2.71254007
v 9.03196395 17.05287242 2.55003046
v 3.00668815 3.33045782 7.67734555
v 3.08937662 3.37365713 7.7836024
v 1.55676535 -0.05091244 8.94314699
v 1.62452767 -0.012766 9.03480429
v 3.17653071 3.41619215 7.89059816
v 5.02253531 7.57607514 6.37471493
v 3.26794256 3.45795683 7.99807469
v 5.13330865 7.62380127 6.50014317
v 1.69624657 0.02467655 9.12691872
v 1.7717484 0.0613173 9.21926876
v 7.11235511 12.24820516 4.67245654
v 9.32408269 17.17645844 2.87701088
v 7.24478822 12.30244904 4.81771855
v 9.4793257 17.23749921 3.04304808
v 7.59352793 6.52354905 5.68399748
v 9.91438428 11.18610101 4.06140472
v 10.08150104 11.22719998 4.19910553
v 7.73612505 6.55824803 5.80087861
v 12.36294247 16.10894233 2.35496941
v 12.55580085 16.15677156 2.51454724
v 5.64859464 2.41053492 7.23707959
v 5.5280748 2.38157489 7.13890525
v 3.94783516 -0.95531873 8.42492427
v 3.84572509 -0.97953379 8.34228495
v 5.40615459 2.3543343 7.04301986
v 7.4495462 6.49067019 5.56957938
v 5.28312793 2.3288829 6.94965803
v 7.30452626 6.45969424 5.45790313
v 3.74222872 -1.00212966 8.2617681
v 3.63759332 -1.0230512 8.1835708
v 9.74591622 11.14692117 3.92634461
v 12.16877509 16.06313011 2.19821237
v 9.57650155 11.10975766 3.79425404
v 11.97376534 16.01944778 2.04465779
v 5.36822048 7.71665417 6.75220223
v 7.5245839 12.40850365 5.11036636
v 7.38231373 12.35592356 4.96380633
v 5.24863503 7.67069817 6.62607346
v 9.8063625 17.3573374 3.37823207
v 9.64022125 17.29783962 3.21025711
v 3.36341034 3.49884958 8.10577637
v 3.46268959 3.53877639 8.21344197
v 1.85086893 0.09707093 9.31163173
v 1.93340113 0.13185075 9.40378473
v 3.56553276 3.57763789 8.32081195
v 5.49177419 7.76156413 6.87822498
v 3.67169995 3.61534314 8.42762798
v 5.61899922 7.80531413 7.00383687
v 2.01914435 0.16557384 9.49550914
v 2.10789514 0.19816133 9.58657934
v 7.67124925 12.46006332 5.25704455
v 9.97734193 17.41584955 3.54656738
v 7.82196133 12.51047695 5.40348689
v 10.15275338 17.47323386 3.71485702
v 7.01276088 6.4037576 5.24386313
v 9.2364596 11.04184846 3.54026738
v 9.40654594 11.07470802 3.66546233
v 7.15881348 6.43070238 5.34924763
v 11.58309223 15.93890448 1.74864898
v 11.77838112 15.97800895 1.89468766
v 5.15928627 2.3052877 6.85905319
v 5.03493011 2.28359838 6.77141302
v 3.53206402 -1.0422436 8.10788845
v 3.42590075 -1.05966504 8.03489501
v 4.91035958 2.26386492 6.68694552
v 6.86671919 6.37892135 5.14199874
v 4.78587509 2.24613704 6.60585844
v 6.72104143 6.35625504 5.04390611
v 3.31935715 -1.07527791 7.96476223
v 3.21269293 -1.08904021 7.8976643
v 9.06665127 11.01125423 3.41896579
v 11.38837008 15.90222629 1.60688916
v 8.89753228 10.98300319 3.30185522
v 11.19468408 15.86806491 1.46975546
v 5.88326516 7.88891615 7.25261938
v 8.1340945 12.60737438 5.69425467
v 7.97637106 12.55961807 5.54933975
v 5.7496057 7.84779784 7.12873463
v 10.51520574 17.58406196 4.04968059
v 10.33218985 17.52934819 3.88269525
v 3.78094711 3.65179761 8.53362954
v 3.89299966 3.68691581 8.63856588
v 2.19945042 0.2295274 9.67677598
v 2.2935794 0.25960159 9.76588441
v 4.00758367 3.72061453 8.74218497
v 6.01965258 7.92857135 7.37519518
v 4.1244262 3.75281228 8.8442348
v 6.15844182 7.96666595 7.49616371
v 2.39005322 0.28831386 9.85369172
v 2.48864149 0.31559323 9.93998394
v 8.29474762 12.65363215 5.83788387
v 10.70135572 17.63724536 4.21541143
v 8.45794637 12.69827786 5.97987882
v 10.89019435 17.68876834 4.37948628
v 6.43218235 6.31766603 4.85999476
v 8.56298935 10.93381048 3.08135448
v 8.72951133 10.95717043 3.18923325
v 6.57608071 6.33582323 4.94983403
v 10.81229033 15.80763377 1.21070762
v 11.00250578 15.83651213 1.33759514
v 4.66177708 2.23046448 6.5283595
v 4.53836329 2.21687929 6.45462185
v 3.10616301 -1.10091274 7.83377218
v 3.00002317 -1.11087322 7.77322832
v 4.4159294 2.20541016 6.38481868
v 6.28969232 6.30182447 4.77459967
v 4.2947705 2.19608645 6.31912261
v 6.14895529 6.28833948 4.69386001
v 2.89452992 -1.11890011 7.71617559
v 2.78993624 -1.12497352 7.66275501
v 8.39836601 10.91297651 2.97847314
v 10.62449447 15.78149671 1.0893927
v 8.23604072 10.89472194 2.88084338
v 10.43957497 15.75816788 0.97394977
v 6.44190484 8.03780296 7.7321089
v 8.79042306 12.78229723 6.25759211
v 8.62330622 12.74119838 6.1198911
v 6.29930855 8.00310442 7.61522828
v 11.27413453 17.78632946 4.70108132
v 11.0812764 17.73850067 4.54150338
v 4.24325381 3.78342528 8.94446395
v 4.36377265 3.81238349 9.04263879
v 2.58911413 0.34136824 10.02454786
v 2.69122157 0.36558059 10.10718668
v 4.4856927 3.83962431 9.1385238
v 6.58588519 8.07068053 7.84652682
v 4.60871929 3.86507577 9.2318857
v 6.73090578 8.10165715 7.95820319
v 2.79471951 0.3881774 10.18770461
v 8.95889054 12.82147634 6.39265201
v 11.468302 17.8321416 4.85783831
v 9.12830528 12.85863978 6.52474252
v 11.66331135 17.87582368 5.01139268
v 5.87410617 6.2685825 4.54714616
v 7.91985576 10.86613819 2.70230333
v 8.0764122 10.87909946 2.78871959
v 6.01031788 6.27725281 4.61798702
v 10.0801568 15.72017151 0.76181911
v 10.25798725 15.7377128 0.86467838
v 4.17518647 2.18894061 6.2577079
v 4.05745767 2.18398112 6.20070632
v 2.68649921 -1.12906956 7.61310824
v 2.58446386 -1.1311864 7.56734257
v 3.9418672 2.18121908 6.14825007
v 5.74064428 6.262346 4.48150193
v 3.82869313 2.18065978 6.10047117
v 5.61025773 6.25856074 4.42121878
v 2.48407381 -1.13132029 7.52556227
v 2.38557092 -1.12947125 7.48787248
v 7.76674435 10.85586551 2.62179608
v 9.90650599 15.7055812 0.66561169
v 7.61745158 10.84830954 2.54739923
v 9.73746019 15.69398206 0.57629641
v 7.02267206 8.15759418 8.17224363
v 9.4683477 12.92654984 6.77872935
v 9.2982607 12.89368966 6.65353401
v 6.87661873 8.13064878 8.06685908
v 12.05398429 17.95636721 5.30740111
v 11.85869575 17.91726271 5.16136263
v 4.73256219 3.88867239 9.32249087
v 4.8569185 3.91036158 9.4101309
v 4.98148903 3.93009505 9.4945984
v 7.16871432 8.18243128 8.2741077
v 5.10597359 3.94782287 9.57568541
v 7.31439142 8.20509691 8.37220021
v 9.63815611 12.95714407 6.90003061
v 12.2487071 17.99304614 5.4491608
v 9.80727522 12.98539574 7.01714076
v 12.44239298 18.02720764 5.58629448
v 5.35998044 6.25839456 4.3173414
v 7.33177732 10.84143433 2.41768219
v 7.4723518 10.84349894 2.47931447
v 5.48327275 6.2572461 4.36646144
v 9.41483108 15.67988154 0.41923566
v 9.57344336 15.68541224 0.49411408
v 3.71821852 2.18231446 6.05750131
v 3.61069862 2.18617099 6.01942653
v 2.28920247 -1.12563423 7.45438024
v 2.19519261 -1.11982477 7.42515082
v 3.50639152 2.19221978 5.98633318
v 5.24067457 6.2620013 4.27397059
v 3.40554997 2.2004459 5.95830666
v 5.1256482 6.26806097 4.23646035
v 2.10376176 -1.11206264 7.40024848
v 2.01513513 -1.10236162 7.37973789
v 7.19606113 10.84211698 2.36264313
v 9.26199862 15.67739921 0.35183309
v 7.06553816 10.84555019 2.3143384
v 9.11532268 15.67797512 0.29207837
v 7.60324968 8.24368547 8.55611104
v 10.14181708 13.03458755 7.23764112
v 9.97529592 13.01122805 7.12976286
v 7.45935132 8.22552828 8.46627178
v 12.82478685 18.08763866 5.84534234
v 12.63457161 18.05876061 5.71845477
v 5.23007036 3.96349402 9.65318402
v 5.35348415 3.97707921 9.72692167
v 3.43078414 0.48695896 10.61570007
v 3.53692192 0.49691906 10.67624221
v 5.47591804 3.98854833 9.79672484
v 7.74573946 8.25952583 8.6415067
v 5.59707562 3.99787069 9.86242066
v 7.88647566 8.27301038 8.72224585
v 3.64241682 0.50494685 10.73329597
v 3.7470105 0.51102025 10.78671655
v 10.30644066 13.05542122 7.34052277
v 13.01258238 18.11377538 5.9666572
v 10.46876635 13.07367608 7.43815253
v 13.19750184 18.13710427 6.08210003
v 4.90955912 6.28749077 4.17941078
v 6.82134801 10.86064357 2.23842819
v 6.94054017 10.85173377 2.27290848
v 5.01519301 6.27656677 4.20492234
v 8.84187777 15.68830928 0.19612264
v 8.97517774 15.68161811 0.24014264
v 3.30842943 2.21083703 5.93543281
v 3.21525201 2.22336368 5.91774783
v 1.92953793 -1.09073867 7.36368652
v 1.84716392 -1.07722775 7.35211511
v 3.12623533 2.23798986 5.90528828
v 4.80899394 6.30080231 4.15997971
v 3.04159911 2.25468306 5.89809017
v 4.71374752 6.31647349 4.14668341
v 1.76820827 -1.0618647 7.34504737
v 1.69286373 -1.04468525 7.34250459
v 6.70824251 10.87225551 2.21097209
v 8.71573535 15.69802848 0.16011469
v 6.60150322 10.88654405 2.19061479
v 8.59706394 15.71075597 0.13221553
v 9.93792085 7.96927717 9.06497259
v 12.77198275 12.80222048 7.93891566
v 12.74029618 12.84039766 7.98945566
v 9.90615617 8.00559923 9.11238814
v 15.76229854 17.90182374 6.75145813
v 15.73084451 17.94182956 6.80514251
v 7.38483154 3.70406807 10.11255762
v 7.4163669 3.66965351 10.0682287
v 5.33273208 0.20243971 10.92858316
v 5.36357594 0.17001185 10.88728255
v 7.44196114 3.63386185 10.01914404
v 9.96266257 7.93129799 9.01188956
v 7.46154478 3.59677678 9.9654167
v 9.98031417 7.89175226 8.95326061
v 5.3893816 0.13643789 10.84198299
v 5.41007819 0.10179361 10.79278973
v 12.79544537 12.76207543 7.88169163
v 15.78426858 17.85952321 6.69002192
v 12.81061867 12.72005766 7.81791432
v 15.79669061 17.81502704 6.62097358
v 8.16132608 8.29276888 8.86895917
v 10.78495136 13.10225979 7.61669246
v 10.62839448 13.0892983 7.53027611
v 8.0251129 8.28409734 8.7981182
v 13.55692077 18.17510096 6.29423041
v 13.3790895 18.15755912 6.19137115
v 5.71665949 4.00501676 9.92383499
v 5.8343884 4.00997616 9.98083647
v 3.85044603 0.51511529 10.83636215
v 3.95248311 0.51723296 10.88212878
v 5.94998079 4.01274037 10.03329261
v 8.29478879 8.29900583 8.93460392
v 6.06315586 4.01329988 10.0810724
v 8.42517604 8.30279178 8.9948869
v 4.05287455 0.51736814 10.92390926
v 4.15137616 0.51551771 10.96159877
v 10.93806321 13.11253274 7.69719954
v 13.73057156 18.18969119 6.39043748
v 11.08735668 13.12008939 7.77159636
v 13.89961781 18.20129098 6.47975268
v 4.54015135 6.3547532 4.13865317
v 6.40818292 10.92302864 2.17142717
v 6.501411 10.90348501 2.17743115
v 4.62406736 6.33447353 4.13957611
v 8.38331102 15.74512877 0.10105003
v 8.4861762 15.72647222 0.11252121
v 2.96156621 2.27341276 5.89619113
v 2.88631057 2.29412551 5.89957583
v 1.62132775 -1.02572206 7.34451024
v 1.55375555 -1.00503079 7.35104326
v 2.81600628 2.31676761 5.90822935
v 4.46219112 6.37725759 4.1439083
v 2.75083164 2.34128917 5.92213782
v 4.39038582 6.40193884 4.15533717
v 1.49030696 -0.9826607 7.36208207
v 1.43114053 -0.95866248 7.3776048
v 6.32203466 10.94512389 2.17260864
v 8.28870692 15.76667763 0.09781958
v 6.24318321 10.96972105 2.18098149
v 8.20260179 15.79106931 0.10284797
v 9.99414333 7.80833682 8.81990042
v 12.815911 12.6307997 7.67128106
v 12.81743623 12.67626214 7.7477136
v 9.99080792 7.8507313 8.88920623
v 15.79272496 17.7198666 6.46066669
v 15.79950002 17.7684351 6.54445141
v 7.47505131 3.55848424 9.90716097
v 7.48246799 3.51908013 9.84453115
v 5.42560216 0.06616381 10.73980797
v 5.43593428 0.02963714 10.68317851
v 7.48378573 3.47866161 9.77768434
v 9.99032085 7.76467241 8.74551669
v 7.47899248 3.4373236 9.70677632
v 9.9793414 7.71984416 8.66622692
v 5.44105273 -0.00770052 10.62304157
v 5.44094028 -0.0457601 10.55953971
v 12.8060569 12.58378218 7.58880847
v 15.77639325 17.66944119 6.36982989
v 12.78788802 12.53532199 7.50048731
v 15.75053288 17.6172783 6.27215188
v 8.67545362 8.30295753 9.09876507
v 11.37303294 13.12696655 7.90131409
v 11.23245725 13.1249005 7.83968153
v 8.55216175 8.30410699 9.04964456
v 14.22224886 18.2153929 6.63681433
v 14.06363559 18.20986138 6.56193554
v 6.17363054 4.01164514 10.1240422
v 6.28115037 4.00778868 10.16211705
v 4.24774596 0.51168202 10.99509122
v 4.34175772 0.50587305 11.0243225
v 6.38545871 4.0017413 10.19521072
v 8.79475991 8.2993517 9.14213596
v 6.48630015 3.99351528 10.22323734
v 8.90978682 8.29329286 9.17964617
v 4.43318784 0.49811191 11.04922338
v 4.52181307 0.48840959 11.06973378
v 11.50874916 13.12628382 7.95635346
v 14.37508171 18.2178759 6.70421715
v 11.63927278 13.1228512 8.00465879
v 14.52175833 18.21730076 6.76397204
v 4.26595445 6.45759835 4.19663533
v 6.10816376 11.02619577 2.21925552
v 6.17184493 10.99676976 2.19655153
v 4.32492935 6.42874371 4.17293442
v 8.05675986 15.84816298 0.1376731
v 8.12523486 15.81825642 0.11615313
v 2.69096187 2.36763811 5.94128623
v 2.63652 2.39574193 5.96561011
v 1.37641411 -0.93308906 7.39759089
v 1.32624401 -0.90600645 7.42197619
v 2.58763101 2.4255318 5.995044
v 4.21359885 6.48843472 4.2263757
v 2.54442055 2.45693795 6.02952398
v 4.16799159 6.52117457 4.26209062
v 1.2807432 -0.87748562 7.45069733
v 1.24002732 -0.84759166 7.48368863
v 6.05228421 11.05792561 2.24903007
v 7.99733059 15.88071292 0.16734611
v 6.00435087 11.09188575 2.28581194
v 7.94710201 15.91583175 0.20511029
v 9.93598494 7.62711875 8.49367313
v 12.72674054 12.43453107 7.30712182
v 12.76141801 12.4855298 7.40650996
v 9.96120681 7.67395537 8.58220625
v 15.67042883 17.50823388 6.05717855
v 15.71517164 17.56349761 6.16784316
v 7.46807944 3.39516446 9.63196356
v 7.45109399 3.35228654 9.55344027
v 5.43557907 -0.08444844 10.49281114
v 5.42500032 -0.12367311 10.42302953
v 7.42808373 3.30879503 9.47139869
v 9.9037457 7.57944902 8.40084631
v 7.39909824 3.26479393 9.38603426
v 9.86455796 7.53106073 8.30394374
v 5.40923431 -0.16334034 10.35036624
v 5.38831515 -0.20335219 10.2749935
v 12.68394901 12.38244932 7.20256962
v 15.61642335 17.45162249 5.94043164
v 12.63313658 12.3294091 7.09309904
v 15.5532746 17.39379807 5.81787745
v 9.12587578 8.27386315 9.23669586
v 11.8834617 13.10775712 8.08056836
v 11.76427025 13.11666755 8.04608821
v 9.02024132 8.28478636 9.21118436
v 14.79520264 18.20696606 6.85992769
v 14.661903 18.21365756 6.81590776
v 6.58342003 3.98312346 10.24611107
v 6.67659869 3.97059823 10.26379637
v 4.60741156 0.47678803 11.08578544
v 4.68978418 0.46327581 11.09735667
v 6.76561405 3.9559707 10.27625566
v 9.22643948 8.26055049 9.25612628
v 4.76874118 0.44791409 11.10442463
v 11.99656661 13.09614522 8.10802378
v 14.92134407 18.19724604 6.89593528
v 4.09750787 6.59207527 4.35113104
v 5.93282005 11.16617892 2.38007713
v 5.96450761 11.12800201 2.32953769
v 4.12927438 6.55575391 4.30371663
v 6.00435087 11.09188575 2.28581194
v 4.16799159 6.52117457 4.26209062
v 7.87477317 15.99344946 0.30458752
v 7.90622783 15.95344351 0.25090367
v 7.94710201 15.91583175 0.20511029
v 2.50701361 2.48989156 6.06898461
v 2.47547751 2.5243055 6.11331347
v 1.20421331 -0.81639149 7.52088749
v 1.17336937 -0.78396356 7.56218818
v 2.54442055 2.45693795 6.02952398
v 1.24002732 -0.84759166 7.48368863
v 2.44988289 2.56009766 6.16239741
v 4.07276452 6.6300535 4.4042133
v 1.14756366 -0.75038957 7.60748778
v 5.90935646 11.20632369 2.43730051
v 7.85280187 16.03574941 0.36602302
v 9.76568154 7.43258912 8.09882616
v 12.50789905 12.22095897 6.86043158
v 12.57439699 12.27553507 6.97895616
v 9.81849142 7.48206725 8.20318524
v 15.40010975 17.27506106 5.55649702
v 15.48110139 17.334896 5.68978991
v 7.3641848 3.22038728 9.29753984
v 7.32344839 3.17568291 9.20613931
v 5.36227416 -0.24361311 10.19708213
v 5.33119108 -0.28402876 10.11683006
v 7.27699441 3.13078973 9.11205578
v 9.70626274 7.38274512 7.99112238
v 5.2951483 -0.3244989 10.03443298
v 12.43381353 12.16581384 6.73781708
v 15.31050512 17.21443862 5.41832593
v -1.38352752 -9.00510842 11.68513559
v -1.2197877 -8.853788 11.7109286
v -1.22115181 -8.85032531 11.71614142
v -1.38391673 -9.00269714 11.68882751
v -1.22295634 -8.84693037 11.7210531
v -1.38458419 -9.00034688 11.6923
v -0.90392074 -8.55788097 11.75819307
v -0.90619029 -8.55211839 11.76686346
v -0.90919428 -8.54647341 11.77503523
v -1.44725471 -9.05746421 11.67532363
v -1.44857082 -9.05981809 11.67152139
v -1.46334754 -9.06294541 11.66702365
v -1.46801332 -9.06604777 11.66113885
v -1.44612857 -9.05521139 11.67887734
v -1.45729252 -9.0596298 11.67258929
v -1.4460826 -9.06105759 11.66981657
v -1.38242325 -9.00727301 11.68181389
v -1.44383039 -9.06225566 11.66808404
v -1.38161286 -9.00945632 11.67834215
v -1.46215171 -9.06661761 11.66140007
v -1.45522639 -9.06596513 11.66288568
v -1.21886996 -8.85731528 11.70542867
v -0.90239399 -8.56374844 11.74904255
v -1.21839931 -8.86089536 11.69965385
v -0.90161123 -8.56970545 11.73943603
v 0.58435653 -4.91308119 9.14624748
v 1.2247153 -3.40418931 8.43572625
v 1.30823914 -3.41093845 8.45904653
v 0.6591266 -4.91996249 9.16572365
v 1.39370788 -3.41590757 8.48614113
v 0.73556124 -4.92523327 9.18857295
v 0.22567267 -5.8990652 9.66864128
v 0.15920647 -5.89265942 9.65180996
v -0.10832536 -6.59461307 10.06202429
v -0.16564865 -6.5890871 10.04750836
v 0.29358977 -5.90403474 9.68846766
v -0.04974909 -6.59889966 10.07912476
v 0.09435204 -5.88483346 9.63801236
v 0.5114296 -4.90460736 9.1301874
v 0.03126734 -5.8756057 9.6272858
v 0.4405219 -4.89456185 9.11758567
v -0.22158238 -6.58233703 10.03560874
v -0.27599159 -6.57437931 10.02635716
v 1.14333718 -3.39567748 8.41623306
v 1.06430113 -3.38542354 8.40061731
v 1.48236195 -3.58002754 11.74064766
v 2.29796771 -1.93464585 11.33024568
v 2.20482307 -1.94224539 11.27902112
v 1.3995901 -3.58616784 11.69614595
v 0.86248313 -4.70686304 11.92007311
v 0.93585051 -4.70163271 11.95916462
v 0.44090039 -5.56638288 12.00379918
v 0.50417723 -5.56187166 12.03751407
v 1.00896244 -4.69784637 11.99574159
v 1.56481583 -3.57550182 11.78232593
v 1.08164116 -4.69551512 12.02971213
v 1.64675584 -3.57260087 11.82107817
v 0.5672349 -5.55860469 12.06906077
v 0.62991864 -5.55659363 12.09835967
v 2.39067542 -1.92881925 11.37833634
v 2.48272419 -1.92477939 11.42317338
v 0.30546151 -4.86984021 9.10289784
v 0.91403982 -3.35976835 8.38119224
v 0.98781051 -3.37344204 8.38893242
v 0.37181394 -4.88296218 9.10848707
v -0.02988942 -5.8649917 9.61966562
v -0.08898013 -5.85302523 9.61515978
v -0.32873652 -6.56522417 10.01978472
v -0.37969967 -6.55490415 10.01589948
v -0.14586339 -5.83973504 9.61377547
v 0.24162204 -4.85523331 9.10083087
v -0.20039744 -5.82515041 9.61552061
v 0.18045219 -4.83917144 9.10229201
v -0.42875961 -6.54344128 10.01470469
v -0.47579361 -6.53086267 10.01620944
v 0.84315876 -3.34444085 8.37740855
v 0.77534475 -3.32749261 8.37759654
v 2.95645228 -3.89398713 11.82733903
v 3.93580155 -2.26298823 11.46073346
v 3.90626504 -2.23265485 11.49908514
v 2.92888425 -3.86602648 11.86254671
v 3.87242224 -2.203377 11.53389374
v 2.89751719 -3.83899446 11.89463624
v 2.22404316 -4.96248721 12.05745169
v 2.24893704 -4.98761929 12.02585198
v 1.61519524 -5.78684908 12.12228391
v 1.63666405 -5.80852467 12.09502914
v 2.1957908 -4.93817427 12.08629664
v 1.59082913 -5.76587898 12.14716116
v 2.27041608 -5.01350929 11.99157692
v 2.9801576 -3.92280652 11.78909868
v 2.28842328 -5.04009508 11.95470439
v 2.99993846 -3.95241757 11.74791575
v 1.65518976 -5.83085336 12.06546871
v 1.67072227 -5.85377992 12.03366737
v 3.96096183 -2.29430571 11.41893378
v 3.98168321 -2.32653002 11.37378395
v 1.80829399 -3.57171819 11.88941542
v 2.66395296 -1.92211218 11.50264091
v 2.57388984 -1.92254354 11.46463828
v 1.72797873 -3.5713407 11.85679901
v 1.15371083 -4.69464936 12.06098505
v 1.22499841 -4.69524833 12.08949504
v 0.69207322 -5.5558495 12.12533061
v 0.75355602 -5.55636558 12.14991897
v 1.29533162 -4.69730909 12.11517538
v 1.88750868 -3.5737301 11.91885194
v 1.36454405 -4.70082411 12.13796198
v 1.96542765 -3.57737324 11.94503044
v 0.8142172 -5.55814102 12.17206733
v 0.87391025 -5.56117319 12.19172027
v 2.75270335 -1.9234795 11.53709579
v 2.83991949 -1.92664949 11.56791392
v 0.06672471 -4.80283317 9.11580623
v 0.64958368 -3.2888906 8.38990496
v 0.71077052 -3.30895981 8.3817692
v 0.12211103 -4.82168783 9.10729238
v -0.25244389 -5.80930232 9.62040116
v -0.30188756 -5.79223385 9.62839357
v -0.52068053 -6.5171931 10.02041902
v -0.56332455 -6.50247346 10.02731242
v -0.34861028 -5.77398587 9.63947557
v 0.01442732 -4.78264999 9.12780935
v -0.39249919 -5.75460464 9.65362388
v -0.03465331 -4.76118809 9.14327699
v -0.60362201 -6.48673642 10.03687029
v -0.64147412 -6.47002059 10.04907292
v 0.59192464 -3.26733578 8.40197661
v 0.53793673 -3.24434713 8.41796104
v 3.02752454 -4.01372695 11.65710584
v 4.00958491 -2.39339302 11.27384783
v 3.99789805 -2.35958652 11.3253788
v 3.01573413 -3.98275135 11.70387979
v 2.30290722 -5.06731278 11.91531686
v 2.31384199 -5.09509744 11.87351621
v 1.68321213 -5.8772565 11.999697
v 1.69264326 -5.90121977 11.96364589
v 2.32120728 -5.12337919 11.82940609
v 3.03527768 -4.04527877 11.60770949
v 2.32497949 -5.15209313 11.78309092
v 3.03897545 -4.07732547 11.55580757
v 1.69899497 -5.92561276 11.9256029
v 1.70224823 -5.95037763 11.88565784
v 4.01672199 -2.42786684 11.21931977
v 4.01928255 -2.46292793 11.16192033
v 2.11663397 -3.58952441 11.98735696
v 3.00891434 -1.93836454 11.61832858
v 2.92539086 -1.93161589 11.59500903
v 2.04186357 -3.58264264 11.96788003
v 1.43246149 -4.70579411 12.15778912
v 1.49892732 -4.7121994 12.17461971
v 0.93248624 -5.56545934 12.20881995
v 0.98980977 -5.57098573 12.22333671
v 1.56378299 -4.72002394 12.18841763
v 2.18956079 -3.59799815 12.00341715
v 1.62686667 -4.72925349 12.19914474
v 2.26046812 -3.60804316 12.01601815
v 1.04574482 -5.57773444 12.23523659
v 1.10015266 -5.58569346 12.24448796
v 3.09029267 -1.94687674 11.63782264
v 3.16932773 -1.9571325 11.65343889
v -0.12267443 -4.71462736 9.18447561
v 0.44151534 -3.19427588 8.46153227
v 0.48776359 -3.2199736 8.43783313
v -0.08038677 -4.73849451 9.16218497
v -0.43343682 -5.73413327 9.67081753
v -0.4713319 -5.71261798 9.69100211
v -0.6767818 -6.45236504 10.06390142
v -0.70946531 -6.43380897 10.08130943
v -0.50610239 -5.69011766 9.71412425
v -0.16142131 -4.68964604 9.21008846
v -0.53765735 -5.66668448 9.74013441
v -0.19652779 -4.66361005 9.23896815
v -0.73945282 -6.41440293 10.10125186
v -0.76666757 -6.39419158 10.1236839
v 0.39929418 -3.16732276 8.48899631
v 0.36120659 -3.1391762 8.52016184
v 3.03414762 -4.14259906 11.4449731
v 4.01063431 -2.53447342 11.03904944
v 4.01724512 -2.49849409 11.10177901
v 3.03859346 -4.1097929 11.50151642
v 2.32513566 -5.18117207 11.73467386
v 2.32169056 -5.21054087 11.68427757
v 1.70238462 -5.97545421 11.84389929
v 1.69941384 -6.00078377 11.800435
v 2.31465697 -5.24013124 11.63202855
v 3.02565349 -4.17566784 11.38631957
v 2.30404569 -5.26987212 11.57804871
v 3.01312467 -4.20892039 11.32569316
v 1.6933449 -6.02630661 11.75537118
v 1.68419374 -6.05195674 11.70881611
v 3.9994678 -2.5707835 10.97388601
v 3.98376823 -2.60733607 10.90644336
v 2.39552844 -3.63276474 12.03070604
v 3.31959128 -1.98278446 11.67286378
v 3.24581795 -1.96911348 11.6651231
v 2.32917637 -3.61964327 12.02511755
v 1.68802439 -4.73986565 12.20676443
v 1.74711409 -4.75183394 12.2112708
v 1.15290018 -5.59484586 12.25106094
v 1.20386202 -5.60516724 12.25494593
v 1.80399602 -4.76512546 12.21265487
v 2.45936725 -3.64737392 12.03277429
v 1.85853011 -4.77971012 12.21090969
v 2.52053517 -3.66343627 12.03131131
v 1.25292065 -5.61663146 12.25614047
v 1.29995566 -5.62920829 12.25463517
v 3.39046968 -1.99811466 11.67664698
v 3.45828241 -2.01506428 11.6764587
v -0.25546405 -4.60861907 9.30626603
v 0.29782511 -3.07956524 8.59332051
v 0.32736037 -3.10990004 8.55496851
v -0.22789496 -4.63657795 9.27105778
v 0.36120659 -3.1391762 8.52016184
v -0.19652779 -4.66361005 9.23896815
v -0.56590981 -5.64237145 9.76897945
v -0.59080507 -5.61724069 9.80057896
v -0.79103475 -6.37322324 10.14856174
v -0.81250526 -6.35154849 10.17581554
v -0.53765735 -5.66668448 9.74013441
v -0.76666757 -6.39419158 10.1236839
v -0.61228546 -5.59135201 9.83485379
v -0.27916973 -4.57979918 9.34450564
v -0.63029302 -5.56476574 9.87172559
v -0.29895357 -4.55019036 9.38568731
v -0.83103198 -6.32922161 10.20537649
v -0.84656384 -6.30629274 10.23717657
v 0.27266247 -3.0482509 8.63512048
v 0.2519401 -3.0160284 8.68027082
v 2.97606984 -4.27564979 11.19909474
v 3.93890347 -2.68081291 10.7653589
v 3.9635591 -2.64404095 10.83687571
v 2.9965787 -4.24227379 11.26323198
v 2.28986917 -5.29969151 11.52246098
v 2.27217742 -5.3295174 11.46540781
v 1.67196871 -6.07767356 11.66087448
v 1.656709 -6.10339721 11.61166696
v 2.25101569 -5.35927759 11.40702671
v 2.9516537 -4.30896563 11.13343752
v 2.22642964 -5.38890038 11.34745585
v 2.92338028 -4.34214347 11.06641468
v 1.63845674 -6.12906564 11.5613155
v 1.6172524 -6.15461441 11.50993826
v 3.90986534 -2.71756167 10.69206544
v 3.87651168 -2.75419789 10.61717198
v 2.63426374 -3.69977279 12.01779649
v 3.58404458 -2.05366456 11.66414966
v 3.52285606 -2.03359621 11.67228444
v 2.57887772 -3.68091856 12.02631115
v 1.91057662 -4.79555826 12.20602909
v 1.96001868 -4.81262765 12.19803562
v 1.34484129 -5.64287923 12.25042532
v 1.38748404 -5.65760026 12.24353161
v 2.00674371 -4.83087246 12.18695336
v 2.68656148 -3.71995645 12.00579413
v 2.05063258 -4.85025366 12.17280509
v 2.73564075 -3.74141967 11.99032627
v 1.42778248 -5.67333548 12.23397324
v 1.46563489 -5.69005175 12.22177139
v 3.6417033 -2.07521891 11.65207725
v 3.69568887 -2.09821072 11.6360931
v -0.32653442 -4.48887553 9.47649829
v 0.22403902 -2.94916308 8.78020571
v 0.23572458 -2.98297095 8.72867446
v -0.31474893 -4.51985703 9.42972405
v -0.64477697 -5.53754803 9.91111312
v -0.65571043 -5.50976201 9.95291404
v -0.85905206 -6.28281527 10.27114797
v -0.86848452 -6.25885335 10.30719883
v -0.66307473 -5.48147844 9.99702365
v -0.33429053 -4.45732596 9.52589336
v -0.66684825 -5.45276585 10.04333856
v -0.3379893 -4.42528106 9.5777958
v -0.87483491 -6.234459 10.34524207
v -0.87808817 -6.20969413 10.38518714
v 0.21690455 -2.91468655 8.8347343
v 0.21434398 -2.87962544 8.89213376
v 2.85552338 -4.40776104 10.9289158
v 3.79715071 -2.82678404 10.46329329
v 3.8389056 -2.79063317 10.54085146
v 2.89130879 -4.3750992 10.99818515
v 2.19846731 -5.41831417 11.28683591
v 2.16720642 -5.44745107 11.22531632
v 1.59313551 -6.17998416 11.45765667
v 1.56617598 -6.20511134 11.40459825
v 2.1327284 -5.47623868 11.16304643
v 2.81612177 -4.44004418 10.85877676
v 2.095112 -5.50460732 11.10017515
v 2.77319049 -4.47187371 10.78793458
v 1.5364394 -6.2299392 11.35089185
v 1.50399859 -6.25440509 11.29666913
v 3.75135841 -2.86255858 10.38468744
v 3.70162807 -2.89787371 10.30521894
v 2.82366485 -3.78797838 11.94912997
v 3.79211256 -2.14827899 11.59252269
v 3.74586187 -2.12258413 11.61622114
v 2.78137539 -3.76411179 11.97141867
v 2.09156943 -4.87072721 12.15561283
v 2.12946567 -4.89224102 12.13542865
v 1.50094016 -5.70771039 12.20694325
v 1.53362485 -5.72626499 12.18953562
v 2.16423599 -4.91474121 12.11230666
v 2.86240956 -3.81295997 11.92351551
v 1.56361353 -5.74566956 12.16959358
v 3.83433516 -2.17523106 11.56505986
v -0.33316217 -4.36000651 9.68862878
v 0.22299148 -2.80808217 9.01500599
v 0.21637905 -2.8440624 8.95227538
v -0.33760735 -4.39281359 9.63208699
v -0.66700412 -5.42368736 10.09175641
v -0.66355938 -5.39431807 10.14215197
v -0.87822491 -6.18461708 10.42694494
v -0.87525253 -6.1592866 10.47041029
v -0.65652548 -5.36472814 10.19440176
v -0.32466643 -4.3269368 9.74728337
v -0.64591519 -5.33498909 10.24838212
v -0.31213859 -4.29368607 9.80791028
v -0.86918523 -6.13376465 10.51547308
v -0.86003506 -6.10811633 10.56202866
v 0.23415766 -2.77177163 9.08016866
v 0.24985599 -2.73522047 9.14761098
v 2.67713927 -4.53386078 10.64482159
v 3.59082318 -2.96678079 10.1444629
v 3.64806935 -2.93264156 10.22507962
v 2.72682191 -4.50317019 10.71655844
v 2.05443754 -5.53248631 11.03685243
v 2.01081202 -5.5598129 10.97323219
v 1.46891659 -6.27845182 11.24205554
v 1.4312908 -6.30201955 11.18718472
v 1.96434401 -5.58652016 10.90946663
v 2.62426562 -4.56387228 10.57289641
v 1.91514189 -5.61254403 10.84570982
v 2.5683274 -4.59313002 10.50095827
v 1.3912148 -6.32505263 11.13218943
v 1.34878049 -6.34749626 11.07720143
v 3.5300338 -3.00020827 10.06356424
v 3.46583979 -3.03284582 9.98257733
v -0.27508471 -4.22695853 9.93450918
v 0.29472244 -2.66174277 9.28869643
v 0.27006644 -2.69851424 9.21717889
v -0.29559259 -4.2603327 9.87037142
v -0.631739 -5.30516923 10.30396908
v -0.61404684 -5.27534386 10.36102294
v -0.84780838 -6.08239863 10.60997131
v -0.83254998 -6.05667633 10.65917858
v -0.59288347 -5.24558279 10.41940507
v -0.25066557 -4.19364047 10.00016764
v -0.56829771 -5.21595957 10.47897512
v -0.2223931 -4.16046449 10.06719095
v -0.81429768 -6.03100793 10.70953
v -0.79309233 -6.00545737 10.7609067
v 0.32375924 -2.62499537 9.36198963
v 0.35711455 -2.58835826 9.43688411
v 2.44777137 -4.64910395 10.35772861
v 3.32785096 -3.09542146 9.82111997
v 3.39838803 -3.06460762 9.90169814
v 2.50944463 -4.621563 10.42917832
v 1.86331818 -5.63781673 10.78211753
v 1.80900284 -5.66228379 10.71884062
v 1.30408497 -6.36929338 11.02235638
v 1.25723904 -6.39039608 10.96778202
v 1.75232934 -5.68588618 10.65603001
v 2.38346039 -4.67568719 10.28678197
v 1.69343491 -5.70856361 10.59383934
v 2.31666336 -4.70124859 10.21651075
v 1.20836126 -6.41075142 10.91361059
v 1.15756639 -6.43031062 10.85997343
v 3.25440004 -3.12521696 9.74103663
v 3.17821173 -3.15391792 9.66164213
v -0.15453675 -4.09484607 10.2046882
v 0.43647531 -2.51577173 9.59076193
v 0.3947217 -2.55192122 9.51320405
v -0.19031957 -4.12750518 10.1354194
v -0.54033439 -5.18654395 10.53959456
v -0.50907614 -5.15740976 10.60111364
v -0.7689751 -5.98008809 10.81318906
v -0.74201421 -5.95495958 10.86624769
v -0.47459775 -5.12862264 10.66338425
v -0.11513379 -4.06256161 10.27482746
v -0.43698128 -5.10025407 10.72625547
v -0.07220251 -4.03073208 10.34566964
v -0.71227892 -5.93013311 10.91995381
v -0.67983646 -5.90566632 10.97417755
v 0.482269 -2.4799959 9.66936796
v 0.53199872 -2.44467987 9.74883491
v 2.17623863 -4.74905617 10.07867093
v 3.01834044 -3.20776031 9.50568972
v 3.09945907 -3.181453 9.58313138
v 2.24753008 -4.72572448 10.14708548
v 1.63245374 -5.730258 10.53242102
v 1.56953585 -5.75092511 10.47191935
v 1.10497039 -6.44902348 10.80700219
v 1.05070785 -6.46684584 10.75482163
v 1.50483704 -5.7705127 10.41247745
v 2.10296057 -4.77119159 10.0114295
v 1.43851221 -5.78897379 10.35424276
v 2.02787047 -4.79207665 9.94552591
v 0.99490805 -6.48373894 10.70355547
v 0.93770556 -6.49966184 10.65333124
v 2.93505202 -3.23277797 9.4294999
v 2.84979437 -3.256444 9.35474996
v 0.02384875 -3.96874504 10.48878259
v 0.64280229 -2.37577415 9.90959069
v 0.58555744 -2.40991202 9.82897423
v -0.02583418 -3.99943519 10.41704495
v -0.39630579 -5.07237329 10.78957764
v -0.3526799 -5.04504719 10.85319861
v -0.64475607 -5.88162052 11.02879008
v -0.60712896 -5.85805143 11.08366116
v -0.30621357 -5.01834079 10.91696319
v 0.07672083 -3.93873449 10.56070669
v -0.25701174 -4.99231649 10.9807192
v 0.13266077 -3.90947592 10.63264578
v -0.56705428 -5.8350197 11.13865619
v -0.52462187 -5.81257656 11.19364233
v 0.70359208 -2.34234719 9.99049005
v 0.7677851 -2.30971146 10.07147746
v 1.8729694 -4.82988407 9.81837128
v 2.67418272 -3.29948499 9.21029421
v 2.76276727 -3.27869522 9.28162546
v 1.95114346 -4.8116549 9.88112366
v 1.37071477 -5.80625925 10.29735871
v 1.30161249 -5.82233159 10.24195665
v 0.87923072 -6.51457076 10.60426933
v 0.81963417 -6.52843037 10.55648694
v 1.23137359 -5.83715388 10.1881686
v 1.7935413 -4.84671999 9.75741949
v 1.16016783 -5.85068822 10.13612766
v 1.71304479 -4.86212421 9.69841633
v 0.75905544 -6.54121531 10.51009758
v 0.69764332 -6.55288754 10.46521378
v 2.58425912 -3.31876277 9.14092723
v 2.49320927 -3.33648298 9.07369373
v 0.25321601 -3.85350397 10.77587577
v 0.90577547 -2.24713465 10.23293487
v 0.83523727 -2.27795019 10.15235734
v 0.19154391 -3.88104344 10.70442646
v -0.20518628 -4.96704299 11.04431241
v -0.15087053 -4.94257645 11.10759001
v -0.47992335 -5.79077722 11.24848863
v -0.43307829 -5.76967644 11.30306339
v -0.09419827 -4.91897548 11.17040029
v 0.31752673 -3.82692032 10.84682158
v -0.03530373 -4.89629814 11.23259086
v 0.38432416 -3.80135945 10.91709349
v -0.38420044 -5.74932116 11.35723475
v -0.33340681 -5.72976338 11.41087159
v 0.97922515 -2.21734056 10.31301788
v 1.05541354 -2.18863966 10.39241231
v 1.54962591 -4.88847432 9.58683548
v 2.30860654 -3.36706723 8.94628582
v 2.40125109 -3.35259448 9.00876409
v 1.63167409 -4.87605092 9.64151179
v 1.08816244 -5.8628963 10.08596355
v 1.0155315 -5.87375708 10.03779131
v 0.63554094 -6.56341715 10.42194909
v 0.57289902 -6.57278407 10.38040185
v 0.94245151 -5.88324326 9.99172281
v 1.46709709 -4.89936554 9.53451406
v 0.86909952 -5.89133156 9.94787435
v 1.38428801 -4.90869729 9.48467882
v 0.50987118 -6.58096577 10.34067067
v 0.44660617 -6.58794262 10.30285211
v 2.21550105 -3.3798665 8.88640654
v 2.12215873 -3.39095894 8.82927364
v 0.52475154 -3.75354916 11.05493383
v 1.21528754 -2.13479462 10.54836517
v 1.1341676 -2.16110328 10.47092325
v 0.45345745 -3.77688356 10.98651876
v 0.0256788 -4.87460243 11.29400941
v 0.08859661 -4.85393525 11.35451114
v -0.28080946 -5.71104919 11.46384305
v -0.22654691 -5.69322683 11.51602361
v 0.15329513 -4.83434723 11.41395224
v 0.59802933 -3.73141333 11.12217442
v 0.21961897 -4.81588796 11.47218744
v 0.67311852 -3.71053015 11.18807845
v -0.17074616 -5.67633187 11.5672893
v -0.11354404 -5.6604117 11.6175156
v 1.2985757 -2.10977656 10.62455415
v 1.38383328 -2.08611046 10.69930416
v 1.21862525 -4.92258003 9.39295582
v 1.93565903 -3.4079105 8.72380888
v 2.0288026 -3.40031272 8.77503402
v 1.30139743 -4.9164402 9.43745829
v 0.7956494 -5.89799738 9.90635731
v 0.72228038 -5.90322861 9.86726479
v 0.38326018 -6.5936893 10.26704533
v 0.3199821 -6.59820193 10.23333011
v 0.64916848 -5.90701497 9.83068777
v 1.1361714 -4.92710578 9.35127751
v 0.57649104 -5.90934484 9.79671753
v 1.05423246 -4.93000496 9.3125247
v 0.25692542 -6.60146708 10.20178291
v 0.19424369 -6.60347775 10.17248575
v 1.84295099 -3.41373663 8.67571746
v 1.75090188 -3.41777603 8.63087966
v 0.82801945 -3.67272261 11.31523322
v 1.55944386 -2.04307124 10.84376049
v 1.47085972 -2.06386153 10.77242994
v 0.74984539 -3.69095178 11.25248084
v 0.28741678 -4.79860299 11.52907222
v 0.35651869 -4.78253016 11.58447355
v -0.05507114 -5.64550323 11.66657569
v 0.0045264 -5.63164181 11.71435757
v 0.42675759 -4.76770787 11.6382616
v 0.90744754 -3.65588669 11.376185
v 0.06510283 -5.61886004 11.76074717
v 1.64936878 -2.0237921 10.91312773
v 0.89269482 -4.93088827 9.24418803
v 1.56967396 -3.42044431 8.55141348
v 1.65973796 -3.42001105 8.58941571
v 0.97300927 -4.9312647 9.27680306
v 0.5044231 -5.91020977 9.76544556
v 0.43313559 -5.90961086 9.7369355
v 0.13208779 -6.60422323 10.14551456
v 0.07060503 -6.60370718 10.12092617
v 0.36280085 -5.90755109 9.71125404
v 0.81348051 -4.92887685 9.21475224
v 0.00994392 -6.6019318 10.09877774
v 1.480925 -3.41907573 8.51695876
v -1.54419438 -9.0807894 11.61442706
v -1.49704377 -9.06847354 11.64992768
v -1.48804699 -9.06343034 11.66053474
v -1.50088307 -9.06540849 11.653449
v -1.47004439 -9.05558007 11.67653443
v -1.47708318 -9.05606984 11.67402245
v -1.47120638 -9.0607615 11.66863237
v -1.46767274 -9.05747344 11.67435921
v -1.46253344 -9.05387016 11.68003073
v -1.49379337 -9.05994803 11.66396031
v -1.50632967 -9.06285159 11.65546086
v -1.47816325 -9.0511175 11.68061231
v -1.48541792 -9.05215306 11.67710199
v -1.47479949 -9.05269708 11.67936883
v -1.47073918 -9.04889485 11.68492228
v -1.50140031 -9.05715498 11.66546841
v -1.51317167 -9.06089752 11.65588564
v -1.48868559 -9.04760066 11.68212365
v -1.49589258 -9.04916351 11.67775178
v -1.48445993 -9.04880816 11.6818607
v -1.48160298 -9.04490775 11.68707774
v -1.51057228 -9.05515595 11.6650023
v -1.5211459 -9.05962198 11.65470778
v -1.50120235 -9.04515845 11.68100994
v -1.50809885 -9.04721209 11.67594958
v -1.49627642 -9.04594592 11.68173716
v -1.49470542 -9.04205605 11.68641111
v -1.52095953 -9.05403131 11.66257999
v -1.52994819 -9.05907699 11.65197268
v -1.51523658 -9.04389269 11.67731648
v -1.52157454 -9.0463796 11.67176224
v -1.50979817 -9.04422798 11.67900592
v -1.50953816 -9.04044759 11.68295168
v -1.53215931 -9.05381982 11.6582946
v -1.53924064 -9.05928336 11.64778495
v -1.53024749 -9.04384518 11.6711809
v -1.53579629 -9.04669297 11.66535228
v -1.52450566 -9.04371699 11.67376892
v -1.52553386 -9.04014617 11.67683128
v -1.54374597 -9.05453407 11.65230951
v -1.54866489 -9.0602306 11.64230465
v -1.54565744 -9.04502171 11.66284324
v -1.5502222 -9.04814262 11.65696308
v -1.53983479 -9.04443616 11.66622933
v -1.5420808 -9.04116537 11.66828358
v -1.55527145 -9.05614325 11.64485484
v -1.5578591 -9.06188377 11.63574328
v -1.56087407 -9.04737388 11.65262131
v -1.56429543 -9.05067407 11.64692079
v -1.55519392 -9.04635216 11.6566747
v -1.55853902 -9.04346235 11.65763822
v -1.56629292 -9.05858756 11.63621872
v -1.56646933 -9.06417838 11.62835282
v -1.57531213 -9.05081261 11.64090961
v -1.57747449 -9.05418571 11.63560828
v -1.56999419 -9.0493962 11.64547487
v -1.57427942 -9.0469532 11.64530449
v -1.57638608 -9.06177037 11.62673156
v -1.57416288 -9.06702476 11.62041802
v -1.58841993 -9.05520761 11.62815641
v -1.58925338 -9.05854641 11.62346313
v -1.58366647 -9.05344849 11.63305827
v -1.58869577 -9.05150089 11.6317553
v -1.58516452 -9.06557302 11.6167595
v -1.58064964 -9.07031972 11.61224311
v -1.59968941 -9.06038632 11.61485336
v -1.59918006 -9.06358555 11.61094879
v -1.59568326 -9.05835301 11.61990405
v -1.60123142 -9.05692959 11.61751331
v -1.59228999 -9.06984638 11.60668415
v -1.58567377 -9.07392863 11.60414243
v -1.60869276 -9.06615539 11.60151083
v -1.60687478 -9.06911428 11.59854839
v -1.60558749 -9.06392475 11.60651559
v -1.61140928 -9.06303325 11.60312296
v -1.59748976 -9.07442691 11.59689208
v -1.58904777 -9.07771964 11.59642715
v -1.61507916 -9.07228743 11.58864191
v -1.61203643 -9.07491458 11.58673958
v -1.61299576 -9.0699469 11.59340809
v -1.61883619 -9.06957722 11.58913943
v -1.60056323 -9.07914133 11.5877628
v -1.59063976 -9.08154428 11.58939376
v -1.6186046 -9.07854989 11.57674226
v -1.61447154 -9.08076603 11.57597295
v -1.61762291 -9.07618833 11.58108599
v -1.62322387 -9.07630762 11.57610109
v -1.60139267 -9.08380485 11.57964363
v -1.59038631 -9.08525235 11.58331222
v -1.61913471 -9.08470058 11.56626668
v -1.61408691 -9.08644605 11.56666388
v -1.61929161 -9.08240912 11.57002227
v -1.62440934 -9.08297006 11.56450659
v -1.59994272 -9.08823783 11.57285
v -1.58830151 -9.08870825 11.5784175
v -1.61664819 -9.090504 11.55761948
v -1.61089353 -9.09173278 11.55917113
v -1.61793625 -9.08837007 11.56064362
v -1.62233992 -9.0893004 11.55480223
v -1.59627632 -9.09227488 11.56763943
v -1.58446252 -9.09177285 11.57489539
v -1.61124235 -9.09573767 11.55113154
v -1.60501736 -9.09642353 11.5537795
v -1.61361367 -9.09384476 11.55330754
v -1.61710097 -9.09506369 11.54736179
v -1.59052926 -9.09575493 11.56421258
v -1.57901724 -9.0943311 11.57288327
v -1.60312181 -9.10019937 11.54705466
v -1.5966836 -9.10034214 11.55070046
v -1.60648459 -9.09861796 11.54829764
v -1.60889619 -9.10003762 11.54246792
v -1.58292364 -9.09854933 11.56270422
v -1.57217426 -9.09628335 11.57245798
v -1.59260112 -9.10371709 11.5455423
v -1.58620828 -9.1033294 11.5500494
v -1.59682645 -9.10251006 11.54580601
v -1.59803271 -9.10402747 11.54031449
v -1.57374904 -9.10054565 11.56317084
v -1.56419903 -9.09755707 11.57363534
v -1.58008206 -9.10615613 11.54665576
v -1.57400003 -9.1052804 11.55185338
v -1.58500897 -9.10537047 11.54592905
v -1.58493093 -9.10687824 11.5409796
v -1.56336311 -9.10167164 11.56559289
v -1.55539642 -9.09810253 11.5763712
v -1.56604881 -9.10742372 11.55034972
v -1.56052467 -9.10611242 11.55603996
v -1.57148722 -9.10708843 11.54866029
v -1.5700972 -9.10848489 11.54443851
v -1.55216169 -9.10188224 11.56987931
v -1.54610496 -9.09789797 11.58055945
v -1.55103923 -9.10747257 11.55648506
v -1.5463026 -9.10579951 11.56245069
v -1.55677974 -9.10759941 11.55389728
v -1.55409986 -9.10878541 11.55055995
v -1.54057668 -9.10116888 11.57586339
v -1.53668236 -9.09695162 11.58603873
v -1.53562895 -9.10629651 11.56482349
v -1.53187801 -9.10435121 11.57083963
v -1.54145028 -9.1068807 11.56143765
v -1.53755261 -9.10776666 11.55910842
v -1.5290512 -9.0995597 11.58331806
v -1.5274865 -9.09529756 11.59260111
v -1.52041397 -9.10394522 11.57504439
v -1.5178061 -9.10182112 11.58088167
v -1.52609248 -9.10496605 11.57099203
v -1.52109471 -9.10546923 11.56975301
v -1.51803104 -9.09711675 11.59195392
v -1.51887791 -9.09300385 11.59999055
v -1.50597327 -9.10050378 11.58675661
v -1.50462704 -9.09830948 11.59219417
v -1.51129253 -9.10192155 11.58219109
v -1.50535398 -9.10197884 11.5820875
v -1.50793657 -9.09393257 11.60144134
v -1.51118174 -9.09015475 11.60792587
v -1.4928668 -9.09611013 11.59950956
v -1.49284683 -9.09394742 11.60433958
v -1.49762157 -9.09787061 11.59460744
v -1.4909406 -9.09743339 11.59563542
v -1.49915781 -9.09013039 11.61141417
v -1.50469597 -9.0868616 11.6161013
v -1.48159569 -9.09093052 11.61281364
v -1.48291886 -9.08890691 11.6168542
v -1.48560315 -9.09296519 11.60776268
v -1.478402 -9.09200243 11.6098787
v -1.49203235 -9.08585701 11.62148952
v -1.49967053 -9.08325133 11.62420224
v -1.47259399 -9.08516233 11.62615516
v -1.47522842 -9.08338178 11.62925307
v -1.47569926 -9.08739298 11.6211504
v -1.46822448 -9.0858983 11.6242683
v -1.48683292 -9.08127601 11.63128084
v -1.49629686 -9.07945986 11.63191676
v -1.46620628 -9.07902894 11.63902434
v -1.4700625 -9.07757787 11.64106343
v -1.46829067 -9.08137128 11.63425867
v -1.46080055 -9.07935656 11.63825056
v -1.48375911 -9.07656206 11.64041088
v -1.49470717 -9.07563839 11.63895039
v -1.46268051 -9.07276695 11.65092475
v -1.46762903 -9.07172732 11.65182903
v -1.46366286 -9.07512757 11.64657949
v -1.45641253 -9.07262664 11.65128966
v -1.48293132 -9.07189944 11.64852902
v -1.4949593 -9.07192897 11.64503219
v -1.46215171 -9.06661761 11.66140007
v -1.46801332 -9.06604777 11.66113885
v -1.46199514 -9.06890861 11.65764372
v -1.45522639 -9.06596513 11.66288568
v -1.48437797 -9.06746468 11.6553247
v -1.46463592 -9.06081102 11.67004702
v -1.46334754 -9.06294541 11.66702365
v -1.45729252 -9.0596298 11.67258929
v -1.44931061 -8.97419998 11.70943981
v -1.32139892 -8.80604631 11.74847265
v -1.32968616 -8.80524763 11.74637434
v -1.45447929 -8.97341953 11.70843697
v -1.33815394 -8.80462664 11.74390181
v -1.45972245 -8.97275643 11.70720324
v -1.07296385 -8.47845524 11.82065326
v -1.08675276 -8.47712799 11.81716158
v -1.10084062 -8.47609556 11.81304816
v -1.50107785 -9.03521889 11.69013599
v -1.49784955 -9.03666446 11.68972973
v -1.50979817 -9.04422798 11.67900592
v -1.50809885 -9.04721209 11.67594958
v -1.50423351 -9.03387656 11.69040286
v -1.50953816 -9.04044759 11.68295168
v -1.49266007 -9.03612958 11.69209912
v -1.44375849 -8.97457995 11.7109376
v -1.48773444 -9.03566182 11.69424988
v -1.43838918 -8.9750691 11.71217883
v -1.50120235 -9.04515845 11.68100994
v -1.49470542 -9.04205605 11.68641111
v -1.31331298 -8.80702332 11.75019342
v -1.05951146 -8.48007959 11.82351542
v -1.30544784 -8.80817471 11.75153078
v -1.04642594 -8.48199418 11.82574032
v -1.6083548 -9.05495603 11.50895617
v -1.56706552 -8.93078515 11.43879507
v -1.56234185 -8.93346963 11.43627832
v -1.60559781 -9.05675588 11.50693114
v -1.55723787 -8.93602275 11.43413448
v -1.60261815 -9.05845773 11.5051589
v -1.48166777 -8.68597824 11.30546033
v -1.47380784 -8.69044217 11.30127314
v -1.46531366 -8.69468769 11.29770816
v -1.61591008 -9.09871134 11.53673661
v -1.61699283 -9.09715983 11.5395425
v -1.60648459 -9.09861796 11.54829764
v -1.60501736 -9.09642353 11.5537795
v -1.61473562 -9.10014842 11.53415954
v -1.60889619 -9.10003762 11.54246792
v -1.62056754 -9.09589068 11.53951237
v -1.61152794 -9.05316131 11.5104662
v -1.62386293 -9.09461763 11.53960098
v -1.6144234 -9.05130752 11.5121947
v -1.61124235 -9.09573767 11.55113154
v -1.61710097 -9.09506369 11.54736179
v -1.57140158 -8.92798057 11.44167831
v -1.48887889 -8.68131056 11.31025812
v -1.5753368 -8.92505944 11.44492135
v -1.49542628 -8.67645102 11.31565282
v -1.38289643 -9.01442784 11.66985763
v -1.21880867 -8.8681828 11.68733353
v -1.21837975 -8.86452145 11.69361716
v -1.38210857 -9.01192233 11.67419529
v -0.9022936 -8.58182928 11.71893815
v -0.90157819 -8.57573659 11.72939252
v -1.4458509 -9.06448396 11.66420147
v -1.44809635 -9.06679963 11.66007831
v -1.46199514 -9.06890861 11.65764372
v -1.46762903 -9.07172732 11.65182903
v -1.44652059 -9.06826069 11.657623
v -1.3829635 -9.01673471 11.6658168
v -1.44514605 -9.06966165 11.65518869
v -1.38331599 -9.019036 11.66166684
v -1.46268051 -9.07276695 11.65092475
v -1.45641253 -9.07262664 11.65128966
v -1.21968577 -8.87187186 11.68081813
v -0.90375352 -8.58796822 11.70809958
v -1.22100911 -8.87558015 11.6740872
v -0.90595468 -8.59413721 11.69690192
v -1.42927605 -8.97739913 11.71239858
v -1.29045316 -8.81098885 11.7530429
v -1.29782063 -8.80949661 11.75248141
v -1.43376697 -8.97617669 11.71241376
v -1.02148188 -8.48667702 11.82825517
v -1.03373964 -8.48419586 11.82732122
v -1.48529573 -9.03730511 11.69318675
v -1.48284293 -9.03906259 11.69194569
v -1.49627642 -9.04594592 11.68173716
v -1.49589258 -9.04916351 11.67775178
v -1.47786448 -9.03892658 11.69356472
v -1.42430127 -8.97823839 11.71289356
v -1.47316577 -9.03883617 11.69498984
v -1.4195489 -8.97917323 11.7131359
v -1.48868559 -9.04760066 11.68212365
v -1.48160298 -9.04490775 11.68707774
v -1.28336026 -8.81264498 11.75321488
v -1.00968167 -8.48943372 11.82854279
v -1.27656142 -8.81446488 11.75299746
v -0.9983697 -8.4924597 11.8281809
v -1.61799851 -9.04725732 11.51780224
v -1.58196324 -8.91889438 11.45245856
v -1.57885891 -8.92202712 11.44851801
v -1.61633747 -9.0493219 11.51487846
v -1.5753368 -8.92505944 11.44492135
v -1.6144234 -9.05130752 11.5121947
v -1.50645021 -8.66619374 11.32819134
v -1.5012855 -8.67140571 11.32163614
v -1.49542628 -8.67645102 11.31565282
v -1.62411199 -9.09306122 11.54276434
v -1.62421707 -9.09139266 11.54616949
v -1.61361367 -9.09384476 11.55330754
v -1.61089353 -9.09173278 11.55917113
v -1.62386293 -9.09461763 11.53960098
v -1.61710097 -9.09506369 11.54736179
v -1.6270841 -9.08979092 11.54698626
v -1.62012303 -9.04515767 11.5202559
v -1.62968905 -9.08820836 11.54787705
v -1.62195731 -9.04301859 11.52289638
v -1.61664819 -9.090504 11.55761948
v -1.62233992 -9.0893004 11.55480223
v -1.58464217 -8.91566649 11.45673171
v -1.51090749 -8.66082419 11.33530017
v -1.58688804 -8.91235196 11.461329
v -1.5146408 -8.65530807 11.34294999
v -1.38689193 -9.02403105 11.65219068
v -1.22498506 -8.88301915 11.66004133
v -1.22277838 -8.87930013 11.66715589
v -1.3849562 -9.02152392 11.65700536
v -0.91256602 -8.60651138 11.67353677
v -0.90889578 -8.60032366 11.68537132
v -1.44799018 -9.07179115 11.65112882
v -1.45109028 -9.07399406 11.6468431
v -1.46366286 -9.07512757 11.64657949
v -1.4700625 -9.07757787 11.64106343
v -1.4504817 -9.0756116 11.64373025
v -1.388128 -9.02638773 11.64758241
v -1.45002876 -9.07715015 11.64068739
v -1.38962757 -9.02871568 11.64291367
v -1.46620628 -9.07902894 11.63902434
v -1.46080055 -9.07935656 11.63825056
v -1.22762193 -8.88672915 11.65276315
v -0.91695553 -8.61268279 11.66142494
v -1.23068675 -8.89042154 11.64533514
v -0.92205417 -8.61882717 11.64906893
v -1.41208893 -8.98230683 11.71133152
v -1.26390464 -8.81856827 11.75139388
v -1.27007048 -8.81644027 11.75238979
v -1.4157285 -8.98068424 11.71236077
v -0.97731611 -8.49928703 11.82551084
v -0.98757333 -8.49574693 11.82716834
v -1.4715466 -9.04072876 11.69317162
v -1.46996683 -9.04273689 11.69114536
v -1.48445993 -9.04880816 11.6818607
v -1.48541792 -9.05215306 11.67710199
v -1.46538268 -9.0429918 11.69194916
v -1.40787839 -8.98356769 11.71080464
v -1.4610836 -9.04327226 11.69259378
v -1.40392328 -8.98490779 11.71003742
v -1.47816325 -9.0511175 11.68061231
v -1.47073918 -9.04889485 11.68492228
v -1.25807975 -8.82084462 11.75001202
v -0.96762489 -8.50307337 11.82321213
v -1.25260641 -8.82325965 11.74824753
v -0.95852125 -8.50709393 11.82027691
v -1.6232376 -9.03858115 11.53009908
v -1.59005602 -8.90549204 11.47145223
v -1.58869256 -8.90895701 11.46624069
v -1.62273707 -9.0408313 11.52638827
v -1.51991335 -8.64389869 11.35979164
v -1.51764643 -8.64966398 11.35112074
v -1.6290095 -9.08660146 11.55150606
v -1.62814229 -9.08489346 11.55538106
v -1.61793625 -9.08837007 11.56064362
v -1.61408691 -9.08644605 11.56666388
v -1.63018227 -9.08300716 11.5570116
v -1.62422989 -9.03625314 11.53340062
v -1.63198855 -9.08116545 11.5586701
v -1.6249293 -9.03390822 11.53685271
v -1.61913471 -9.08470058 11.56626668
v -1.62440934 -9.08297006 11.56450659
v -1.59097474 -8.90196658 11.47695267
v -1.52144009 -8.63803123 11.36894216
v -1.59144539 -8.8983865 11.48272748
v -1.52222384 -8.63207604 11.37854918
v -1.39536689 -9.03355286 11.63281006
v -1.23807174 -8.89772312 11.63010603
v -1.23417459 -8.89409143 11.63777719
v -1.39235382 -9.03113661 11.63791759
v -0.934339 -8.63097356 11.62373373
v -0.92785505 -8.62492921 11.63649412
v -1.4535965 -9.07911189 11.63660732
v -1.45743922 -9.08112767 11.63232497
v -1.46829067 -9.08137128 11.63425867
v -1.47522842 -9.08338178 11.62925307
v -1.45780992 -9.08282372 11.62867273
v -1.397721 -9.03586546 11.62781231
v -1.45828767 -9.08442671 11.62513518
v -1.40030785 -9.03812684 11.62280331
v -1.47259399 -9.08516233 11.62615516
v -1.46822448 -9.0858983 11.6242683
v -1.24237006 -8.90131229 11.6223422
v -0.94149149 -8.63694478 11.61081587
v -1.24706044 -8.90484962 11.61450292
v -0.94929266 -8.64282849 11.59777525
v -1.3984106 -8.98873311 11.7062777
v -1.24277648 -8.82849405 11.74358672
v -1.24750244 -8.82581276 11.74610371
v -1.40105626 -8.98677213 11.70828383
v -0.94216653 -8.51580105 11.81252351
v -0.95002874 -8.51134032 11.81671093
v -1.46035475 -9.04535344 11.69009152
v -1.45972058 -9.04755129 11.68735916
v -1.47479949 -9.05269708 11.67936883
v -1.47708318 -9.05606984 11.67402245
v -1.45569731 -9.04817408 11.68731577
v -1.39512484 -8.99036532 11.70474905
v -1.45195501 -9.04880166 11.68715264
v -1.39211973 -8.99205886 11.70300065
v -1.47004439 -9.05558007 11.67653443
v -1.46253344 -9.05387016 11.68003073
v -1.23844176 -8.83129997 11.74070325
v -0.9349548 -8.52046963 11.80772729
v -1.23450657 -8.83422109 11.73746023
v -0.92840876 -8.5253305 11.80233236
v -1.62387198 -9.02926351 11.545375
v -1.59103472 -8.8910977 11.49504807
v -1.59146495 -8.89476041 11.48876418
v -1.62454721 -9.03160653 11.54101871
v -1.52154181 -8.61995174 11.39904631
v -1.5222559 -8.62604307 11.38859219
v -1.63041628 -9.07958396 11.56262695
v -1.62861677 -9.07791193 11.56682414
v -1.61929161 -9.08240912 11.57002227
v -1.61447154 -9.08076603 11.57597295
v -1.62974428 -9.07580405 11.56920518
v -1.62369229 -9.02679414 11.5493972
v -1.63067191 -9.07375763 11.57156494
v -1.62322683 -9.02433082 11.55352929
v -1.6186046 -9.07854989 11.57674226
v -1.62322387 -9.07630762 11.57610109
v -1.59015795 -8.88740818 11.5015627
v -1.52008355 -8.61381368 11.40988386
v -1.58883462 -8.88369988 11.50829365
v -1.51788107 -8.60764333 11.42108178
v -1.40798908 -9.04262007 11.61246128
v -1.25757054 -8.91173218 11.59867504
v -1.25213178 -8.90832531 11.60660721
v -1.4040158 -9.04038765 11.61766402
v -0.96678016 -8.65428048 11.57144232
v -0.95773097 -8.64861148 11.58463873
v -1.46244919 -9.08615693 11.62119388
v -1.46689311 -9.08791843 11.61708161
v -1.47569926 -9.08739298 11.6211504
v -1.48291886 -9.08890691 11.6168542
v -1.46822232 -9.08961887 11.61302965
v -1.41136895 -9.04479726 11.60726598
v -1.46960353 -9.0912121 11.60913201
v -1.41494273 -9.04690315 11.60210844
v -1.48159569 -9.09093052 11.61281364
v -1.478402 -9.09200243 11.6098787
v -1.26336417 -8.91506161 11.59072406
v -0.97641933 -8.6598211 11.55821553
v -1.2695001 -8.91830822 11.58277477
v -0.9866252 -8.66521912 11.5449903
v -1.61987518 -9.01965894 11.56304221
v -1.5848613 -8.87626359 11.522339
v -1.58706765 -8.87998308 11.5152252
v -1.62169925 -9.0220054 11.5582094
v -1.51127039 -8.59527144 11.44444822
v -1.51494227 -8.60146005 11.43261264
v -1.62827602 -9.07227494 11.5756991
v -1.62562383 -9.07071931 11.58005987
v -1.61762291 -9.07618833 11.58108599
v -1.61203643 -9.07491458 11.58673958
v -1.6257845 -9.06845449 11.58309767
v -1.61852614 -9.01714023 11.56763261
v -1.62579117 -9.06627277 11.58606727
v -1.61691525 -9.01465114 11.57228246
v -1.61507916 -9.07228743 11.58864191
v -1.61883619 -9.06957722 11.58913943
v -1.58222245 -8.87255317 11.52961896
v -1.50688153 -8.58909912 11.4565585
v -1.57915698 -8.86885849 11.53704571
v -1.50177993 -8.58295248 11.4689158
v -1.42428018 -9.05089303 11.59192666
v -1.28273514 -8.92451091 11.5669555
v -1.27596215 -8.92145888 11.57484483
v -1.41949577 -9.04892447 11.5970236
v -1.00864268 -8.67553686 11.51867257
v -0.99737552 -8.67046203 11.53179914
v -1.47421135 -9.09266013 11.60548115
v -1.47909919 -9.0941167 11.60169714
v -1.48560315 -9.09296519 11.60776268
v -1.49284683 -9.09394742 11.60433958
v -1.48132408 -9.09574011 11.59740002
v -1.4285547 -9.05284743 11.58673156
v -1.48354853 -9.09725194 11.59329082
v -1.43297527 -9.05471406 11.58162429
v -1.4928668 -9.09611013 11.59950956
v -1.4909406 -9.09743339 11.59563542
v -1.28980127 -8.92745246 11.55912298
v -1.02039906 -8.6804338 11.50564391
v -1.29714634 -8.93028269 11.55136903
v -1.03261609 -8.68513801 11.49274319
v -1.61140121 -9.01013895 11.58242335
v -1.57177429 -8.86156009 11.55227506
v -1.57567111 -8.86519225 11.54460467
v -1.61430131 -9.01239316 11.57729794
v -1.4894974 -8.57080928 11.49425123
v -1.49598168 -8.57685316 11.48149008
v -1.62267036 -9.06495648 11.59022187
v -1.61927456 -9.06358617 11.59457875
v -1.61299576 -9.0699469 11.59340809
v -1.60687478 -9.06911428 11.59854839
v -1.61845759 -9.06124373 11.59815493
v -1.60893445 -9.00766386 11.58740245
v -1.6175326 -9.05899575 11.6016187
v -1.6062376 -9.00524269 11.59239231
v -1.60869276 -9.06615539 11.60151083
v -1.61140928 -9.06303325 11.60312296
v -1.56747596 -8.85797092 11.56003889
v -1.48234655 -8.56483895 11.50716806
v -1.56278525 -8.85443407 11.56787893
v -1.47454273 -8.55895254 11.52020919
v -1.44361086 -9.05804848 11.57199432
v -1.31259539 -8.93556374 11.53616588
v -1.3047499 -8.93298704 11.54371036
v -1.43819556 -9.05641616 11.57679065
v -1.05831741 -8.69392363 11.46745084
v -1.04526713 -8.68963832 11.48000143
v -1.48843007 -9.09837109 11.59007361
v -1.49358032 -9.0994776 11.58676579
v -1.49762157 -9.09787061 11.59460744
v -1.50462704 -9.09830948 11.59219417
v -1.49660924 -9.10095055 11.58238575
v -1.44861284 -9.05970127 11.566999
v -1.49958055 -9.1023085 11.57822224
v -1.45370842 -9.06125352 11.56213739
v -1.50597327 -9.10050378 11.58675661
v -1.50535398 -9.10197884 11.5820875
v -1.3206616 -8.93800468 11.52875401
v -1.07173811 -8.69798732 11.45512111
v -1.32893197 -8.94030807 11.52149367
v -1.08549709 -8.70181781 11.44304113
v -1.59877703 -9.00106811 11.60277109
v -1.5522725 -8.8475488 11.58370731
v -1.55771292 -8.85095655 11.57577412
v -1.60263932 -9.00314214 11.5975515
v -1.45705391 -8.54749921 11.54654237
v -1.46610475 -8.55316908 11.53334495
v -1.61381668 -9.05790963 11.6056348
v -1.60981836 -9.05679224 11.60982185
v -1.60558749 -9.06392475 11.60651559
v -1.59918006 -9.06358555 11.61094879
v -1.60804221 -9.05444635 11.61379927
v -1.59528352 -8.99872983 11.60795005
v -1.60621407 -9.05220766 11.61762237
v -1.59159875 -8.99646233 11.61308793
v -1.59968941 -9.06038632 11.61485336
v -1.60123142 -9.05692959 11.61751331
v -1.54647755 -8.84421802 11.59165853
v -1.44741408 -8.54195951 11.55977069
v -1.54034293 -8.84097277 11.59960756
v -1.4372095 -8.53656287 11.57299565
v -1.46523873 -9.06381256 11.55343066
v -1.3460016 -8.94446698 11.50749273
v -1.3373853 -8.94246259 11.51440047
v -1.45940025 -9.06257736 11.5577409
v -1.11389342 -8.70873567 11.41974917
v -1.09956021 -8.70540307 11.43124157
v -1.50455996 -9.10307037 11.57556222
v -1.50978286 -9.10379685 11.57285975
v -1.51129253 -9.10192155 11.58219109
v -1.5178061 -9.10182112 11.58088167
v -1.51349024 -9.10505038 11.56856433
v -1.47077359 -9.06509983 11.54882933
v -1.51708651 -9.10619097 11.56450513
v -1.47634566 -9.06627328 11.54439901
v -1.52041397 -9.10394522 11.57504439
v -1.52109471 -9.10546923 11.56975301
v -1.35475957 -8.94631542 11.50078622
v -1.12846328 -8.71181045 11.40859191
v -1.36363922 -8.94800344 11.49429648
v -1.14323573 -8.71461998 11.39779653
v -1.58248688 -8.992797 11.62330619
v -1.52710919 -8.83477146 11.61542656
v -1.53388252 -8.83782301 11.60753648
v -1.58715966 -8.99460488 11.61819113
v -1.41519199 -8.52624515 11.59931334
v -1.42645916 -8.53131996 11.58618679
v -1.60205449 -9.05140645 11.6213475
v -1.59761522 -9.05059622 11.62520503
v -1.59568326 -9.05835301 11.61990405
v -1.58925338 -9.05854641 11.62346313
v -1.59494208 -9.04832601 11.62942786
v -1.57810071 -8.99068193 11.62848317
v -1.59227104 -9.04616827 11.63346176
v -1.57357013 -8.98865551 11.63357128
v -1.58841993 -9.05520761 11.62815641
v -1.58869577 -9.05150089 11.6317553
v -1.52004305 -8.83182991 11.62325907
v -1.40343822 -8.52135094 11.61234147
v -1.51269929 -8.82900105 11.63101275
v -1.39121987 -8.51664537 11.62524245
v -1.48833102 -9.06796258 11.53694985
v -1.38167263 -8.95087865 11.48203517
v -1.37261561 -8.94952389 11.48804208
v -1.4822915 -9.06716985 11.54060894
v -1.17323827 -8.71940545 11.3773984
v -1.15817139 -8.71715141 11.38739074
v -1.52197802 -9.10657582 11.56250674
v -1.52708058 -9.10690414 11.56051358
v -1.52609248 -9.10496605 11.57099203
v -1.53187801 -9.10435121 11.57083963
v -1.53131589 -9.1078796 11.55646753
v -1.49418479 -9.06883003 11.53291652
v -1.53539078 -9.10874602 11.55266618
v -1.5000153 -9.06957667 11.52908948
v -1.53562895 -9.10629651 11.56482349
v -1.53755261 -9.10776666 11.55910842
v -1.39078428 -8.95206104 11.47629121
v -1.18839775 -8.7213729 11.36784179
v -1.39992984 -8.95306977 11.47082465
v -1.20361354 -8.72305088 11.35874627
v -1.56315619 -8.98564156 11.64323852
v -1.49725056 -8.82371954 11.64621513
v -1.50509571 -8.82629671 11.63867141
v -1.56845984 -8.98711321 11.63842406
v -1.36551687 -8.50785568 11.65053298
v -1.37856948 -8.51214415 11.63798266
v -1.58783741 -9.04569639 11.63675401
v -1.58313375 -9.04523581 11.64013714
v -1.58366647 -9.05344849 11.63305827
v -1.57747449 -9.05418571 11.63560828
v -1.57965692 -9.04311557 11.64444213
v -1.55804157 -8.98382627 11.6482152
v -1.57623901 -9.04111171 11.64853033
v -1.55283763 -8.98211513 11.65305664
v -1.57531213 -9.05081261 11.64090961
v -1.57427942 -9.0469532 11.64530449
v -1.48918203 -8.82127543 11.65362675
v -1.35209584 -8.50379245 11.66286348
v -1.48091364 -8.81897567 11.6608881
v -1.33833918 -8.49996513 11.67494372
v -1.51200337 -9.07034283 11.52318516
v -1.4182374 -8.95455381 11.4607731
v -1.40908855 -8.95390037 11.46564712
v -1.50598996 -9.07001607 11.52605184
v -1.23406939 -8.72551812 11.34202412
v -1.21884834 -8.7244315 11.35013387
v -1.54001667 -9.10875357 11.55140765
v -1.54481315 -9.10868581 11.55020189
v -1.54145028 -9.1068807 11.56143765
v -1.5463026 -9.10579951 11.56245069
v -1.54940509 -9.10933171 11.54655782
v -1.51794848 -9.07075387 11.51987481
v -1.55379318 -9.10987879 11.5431597
v -1.52381302 -9.07104298 11.51679673
v -1.55103923 -9.10747257 11.55648506
v -1.55409986 -9.10878541 11.55055995
v -1.42735404 -8.9550269 11.45621273
v -1.24923637 -8.72630547 11.33443737
v -1.43641578 -8.95531692 11.45197693
v -1.26431158 -8.72678778 11.3273906
v -1.54152831 -8.97987748 11.66180217
v -1.46384302 -8.81481494 11.67488855
v -1.47245933 -8.81681933 11.66798081
v -1.54725547 -8.98095154 11.65747305
v -1.30994088 -8.49304362 11.69823467
v -1.32427474 -8.49637851 11.68674353
v -1.57170883 -9.04099847 11.65126514
v -1.56693253 -9.0409179 11.65404291
v -1.56999419 -9.0493962 11.64547487
v -1.56429543 -9.05067407 11.64692079
v -1.56277723 -9.0390171 11.65826329
v -1.53588181 -8.97842953 11.66638538
v -1.5587324 -9.03723017 11.66224897
v -1.53019842 -8.97709495 11.67079681
v -1.56087407 -9.04737388 11.65262131
v -1.55853902 -9.04346235 11.65763822
v -1.45508473 -8.81296696 11.68159582
v -1.29537068 -8.48996931 11.70939268
v -1.44620509 -8.81127894 11.68808556
v -1.2805989 -8.48716206 11.72018935
v -1.53534243 -9.07085699 11.51266527
v -1.4542889 -8.95534807 11.44452283
v -1.4454019 -8.9554248 11.44807762
v -1.52958803 -9.07100894 11.51462756
v -1.29404703 -8.72684209 11.31499074
v -1.27926064 -8.72696748 11.32090441
v -1.55798343 -9.10952001 11.54269075
v -1.5622985 -9.10907199 11.54232042
v -1.55677974 -9.10759941 11.55389728
v -1.56052467 -9.10611242 11.55603996
v -1.56706041 -9.10934908 11.53921691
v -1.54114812 -9.07079136 11.51020375
v -1.57158538 -9.10954459 11.53635123
v -1.54682029 -9.07061045 11.50799282
v -1.56604881 -9.10742372 11.55034972
v -1.5700972 -9.10848489 11.54443851
v -1.46305921 -8.95509194 11.44132084
v -1.30863717 -8.72641457 11.30966304
v -1.47168901 -8.95465441 11.43848045
v -1.32299461 -8.7256856 11.30493614
v -1.5184334 -8.97572474 11.67828351
v -1.42817167 -8.80840373 11.70034687
v -1.43722737 -8.80975714 11.69434021
v -1.52436258 -8.97635816 11.67460602
v -1.25059635 -8.4823766 11.74058746
v -1.26566323 -8.48463065 11.73059512
v -1.55428814 -9.0374903 11.66432114
v -1.54963119 -9.03780608 11.6663891
v -1.55519392 -9.04635216 11.6566747
v -1.5502222 -9.04814262 11.65696308
v -1.54494994 -9.03618699 11.67036112
v -1.51247061 -8.97469932 11.6822982
v -1.54042681 -9.03467376 11.67408818
v -1.50652615 -8.97378883 11.68610686
v -1.54565744 -9.04502171 11.66284324
v -1.5420808 -9.04116537 11.66828358
v -1.41905903 -8.80721953 11.70609032
v -1.23543688 -8.48040915 11.75014408
v -1.40991447 -8.80621261 11.71155739
v -1.22022109 -8.47873117 11.75923961
v -1.55745642 -9.06949007 11.50579302
v -1.488447 -8.95323699 11.43390833
v -1.48015942 -8.95403614 11.4360074
v -1.55217609 -9.07010985 11.50677772
v -1.35087138 -8.72332591 11.29733103
v -1.33708377 -8.72465453 11.30082245
v -1.57518829 -9.10884725 11.53669187
v -1.5788645 -9.10804895 11.53717318
v -1.57148722 -9.10708843 11.54866029
v -1.57400003 -9.1052804 11.55185338
v -1.58360608 -9.10793655 11.53472875
v -1.5628969 -9.06894942 11.5042771
v -1.58808347 -9.1077575 11.5325037
v -1.56815489 -9.06829912 11.50301698
v -1.58008206 -9.10615613 11.54665576
v -1.58493093 -9.10687824 11.5409796
v -1.49653426 -8.95226133 11.43218731
v -1.36432477 -8.72170339 11.29446938
v -1.50439941 -8.95110993 11.43084996
v -1.37741062 -8.71978832 11.29224373
v -1.49476236 -8.97334585 11.69204794
v -1.39160821 -8.80472994 11.72160867
v -1.40075608 -8.80538155 11.71673415
v -1.50066512 -8.97351375 11.68916364
v -1.18976589 -8.476263 11.77596021
v -1.20498529 -8.47734873 11.76785149
v -1.53624916 -9.03531302 11.67542099
v -1.53189828 -9.03602488 11.67670155
v -1.53983479 -9.04443616 11.66622933
v -1.53579629 -9.04669297 11.66535228
v -1.52686107 -9.03473442 11.68027006
v -1.48870659 -8.97277596 11.69534066
v -1.52202308 -9.03353964 11.68359491
v -1.48273073 -8.97232571 11.69839986
v -1.53024749 -9.04384518 11.6711809
v -1.52553386 -9.04014617 11.67683128
v -1.38249156 -8.80425685 11.72616904
v -1.17459989 -8.47547748 11.78354747
v -1.37342884 -8.803965 11.73040433
v -1.15952335 -8.47499382 11.79059448
v -1.57748935 -9.06629002 11.50283527
v -1.51939145 -8.94829308 11.42933836
v -1.51202365 -8.94978579 11.42990061
v -1.57288842 -9.06735268 11.50280094
v -1.40235469 -8.71510548 11.28972889
v -1.39009693 -8.71758664 11.29066283
v -1.5909691 -9.10675967 11.53364138
v -1.59387113 -9.10565081 11.53495723
v -1.58500897 -9.10537047 11.54592905
v -1.58620828 -9.1033294 11.5500494
v -1.59840101 -9.10514049 11.53326468
v -1.58235412 -9.06529098 11.50232115
v -1.60265312 -9.10458497 11.53176425
v -1.58699649 -9.06419635 11.50205966
v -1.59260112 -9.10371709 11.5455423
v -1.59803271 -9.10402747 11.54031449
v -1.52648336 -8.94663513 11.42916587
v -1.41415226 -8.71234607 11.28944178
v -1.53328484 -8.94481795 11.42938277
v -1.42546554 -8.70932145 11.2898034
v -1.38876661 -8.99643225 11.69743242
v -1.22787981 -8.8403866 11.7299238
v -1.23098414 -8.83725386 11.73386434
v -1.39031534 -8.99420472 11.7003368
v -0.91738387 -8.53558593 11.78979337
v -0.92254857 -8.53037397 11.79634856
v -1.45215254 -9.05100399 11.68406459
v -1.45249572 -9.05331936 11.68073372
v -1.46767274 -9.05747344 11.67435921
v -1.47120638 -9.0607615 11.66863237
v -1.44918044 -9.05427429 11.67984268
v -1.38652912 -8.99836987 11.6949609
v -1.46463592 -9.06081102 11.67004702
v -1.22520221 -8.84361584 11.72565039
v -0.91292923 -8.54095819 11.78268402
v -1.47142164 -8.97283081 11.70256883
v -1.35555439 -8.80393252 11.73785868
v -1.36444271 -8.80385713 11.73430364
v -1.47706605 -8.97251907 11.70058741
v -1.12978625 -8.47493863 11.80299536
v -1.14457429 -8.47481412 11.79708068
v -1.51828009 -9.03454341 11.68413764
v -1.51441293 -9.03563871 11.68458301
v -1.52450566 -9.04371699 11.67376892
v -1.52157454 -9.0463796 11.67176224
v -1.50920441 -9.0347157 11.68761121
v -1.46550594 -8.97273666 11.7050112
v -1.51523658 -9.04389269 11.67731648
v -1.34678506 -8.80419047 11.74106117
v -1.11519806 -8.47536659 11.80832125
v -1.59467612 -9.0613828 11.50390308
v -1.54593963 -8.94071414 11.43098813
v -1.53977412 -8.94284167 11.42999146
v -1.5909259 -9.06284331 11.50285342
v -1.44651747 -8.70249324 11.29247447
v -1.43626191 -8.70603422 11.29081596
v -1.60471921 -9.10333784 11.53365701
v -1.60674722 -9.10197652 11.53575755
v -1.59682645 -9.10251006 11.54580601
v -1.5966836 -9.10034214 11.55070046
v -1.61088313 -9.1010748 11.53487947
v -1.59877666 -9.05996216 11.50441082
v -1.60312181 -9.10019937 11.54705466
v -1.55176583 -8.93843915 11.43236972
v -1.45621132 -8.69870962 11.29477267
v 14.45015979 22.93773573 -0.40724606
v 14.52260497 23.07782608 -0.35318447
v 14.79826535 22.99715073 0.01333879
v 14.72477843 22.85580229 -0.04103967
v 14.85569597 22.98034265 0.08969983
v 14.78199199 22.83873216 0.03525539
v 14.58678077 23.21184196 -0.29925626
v 14.86340581 23.13235233 0.06757305
v 14.92103747 23.11579141 0.14399789
v 14.64313252 22.70865557 -0.09543095
v 14.36962999 22.79191619 -0.46131045
v 14.55351478 22.55605863 -0.14970382
v 14.28120027 22.64071251 -0.51524722
v 14.70011372 22.69130913 -0.01920395
v 14.61024855 22.53842188 -0.0735469
v 13.6630852 23.00700503 -1.40649462
v 13.74073155 23.14939585 -1.35327469
v 13.57772433 22.85940068 -1.45956296
v 13.81048537 23.28623637 -1.30003207
v 13.87216942 23.41718939 -1.24689445
v 7.42690576 16.95578591 -1.02152016
v 7.45935921 16.90619805 -1.06570277
v 7.66506023 16.75668076 -0.71093332
v 7.63261454 16.80651273 -0.66660543
v 7.70791582 16.72553052 -0.63702098
v 7.67547152 16.77541312 -0.59266286
v 7.50054934 16.865396 -1.10830266
v 7.70633414 16.71572818 -0.75366098
v 7.74920717 16.68454656 -0.67977527
v 7.60906421 16.86509285 -0.62078616
v 7.40325681 17.01402958 -0.97586322
v 7.59447744 16.93229088 -0.57358421
v 7.38848055 17.08079944 -0.92884027
v 7.65194216 16.83406375 -0.5468097
v 7.63739498 16.90135111 -0.49957043
v 6.87159 17.39878069 -1.89314122
v 6.89549425 17.34140665 -1.93837875
v 6.85632284 17.46444298 -1.84658098
v 6.92796703 17.2924491 -1.98218653
v 6.96894068 17.25203588 -2.02445636
v 13.81495218 24.15865672 0.60995625
v 13.68853949 24.10102857 0.62936776
v 13.96333442 24.02481685 0.9989818
v 14.09077635 24.08329758 0.97964566
v 14.02058493 24.008939 1.07598685
v 14.14824108 24.0675971 1.05666635
v 13.55586701 24.03486388 0.64628051
v 13.82955802 23.95771689 1.01580102
v 13.8865784 23.94164398 1.09278653
v 14.21158379 24.13302793 0.95784209
v 13.93480802 24.20761993 0.58809585
v 14.32545758 24.1738779 0.93362091
v 14.0478099 24.24778956 0.56383634
v 14.26924683 24.11748743 1.03487469
v 14.38330246 24.15847924 1.01066148
v 13.21980742 24.40031492 -0.36707734
v 13.10241018 24.35333403 -0.34506996
v 13.33055643 24.43872669 -0.39143588
v 12.97865572 24.29790802 -0.32546426
v 12.84883533 24.23415989 -0.30830978
v 14.6896685 23.4603334 -0.1923191
v 14.72817352 23.57424218 -0.13956602
v 15.0072072 23.49784731 0.22810913
v 14.96798197 23.38298636 0.17508682
v 15.06534086 23.4819314 0.30471027
v 15.02596554 23.36687197 0.25163181
v 14.75791467 23.68088182 -0.08746052
v 15.03758347 23.60535663 0.28047032
v 15.09584939 23.58962185 0.35712472
v 14.92001327 23.26105962 0.12153195
v 14.64250317 23.33943896 -0.2455918
v 14.97782931 23.24472997 0.19801811
v 13.92560538 23.54191809 -1.19399063
v 13.97069507 23.66014515 -1.14144652
v 14.00733943 23.77159435 -1.08938939
v 14.03544011 23.87598753 -1.03794442
v 7.60878585 16.81058453 -1.18833681
v 7.67553022 16.79666399 -1.22558675
v 7.88211256 16.6471086 -0.87122044
v 7.81501228 16.66089808 -0.83389686
v 7.92515196 16.61595061 -0.79739206
v 7.85797711 16.62971238 -0.76005321
v 7.75049118 16.79179342 -1.26086892
v 7.95751843 16.64246228 -0.90655788
v 8.00065062 16.61135115 -0.83274097
v 7.75636876 16.68378589 -0.79467961
v 7.55040861 16.83351007 -1.14921139
v 7.70633414 16.71572818 -0.75366098
v 7.50054934 16.865396 -1.10830266
v 7.79927834 16.65259255 -0.72081679
v 7.74920717 16.68454656 -0.67977527
v 7.01834665 17.22029522 -2.06508121
v 7.07603671 17.19727254 -2.10396893
v 6.96894068 17.25203588 -2.02445636
v 7.14186133 17.18301353 -2.14102902
v 7.2156716 17.17756213 -2.17616874
v 13.27298858 23.8775202 0.67243501
v 13.12349142 23.78675992 0.68162614
v 13.39344731 23.70633086 1.05075864
v 13.54425676 23.79826155 1.04171437
v 13.4496896 23.68957432 1.12766335
v 13.60077266 23.78174899 1.11864968
v 12.9690949 23.68822004 0.68819285
v 13.23767505 23.60654743 1.05716132
v 13.2936308 23.5895318 1.13403182
v 13.68974631 23.88212771 1.03005351
v 13.41723203 23.96029143 0.66064472
v 13.74652159 23.86584311 1.10701579
v 12.71323971 24.16221327 -0.29365715
v 12.57221554 24.08227041 -0.28153209
v 12.42610873 23.99453428 -0.27196195
v 12.27526613 23.89920648 -0.2649717
v 14.79077755 23.87129315 0.01430339
v 14.79386313 23.95464361 0.06372092
v 15.074911 23.88121074 0.43233113
v 15.07145444 23.79725057 0.38270231
v 15.1334642 23.8659118 0.50912703
v 15.1299306 23.78182479 0.45945421
v 14.78802708 24.02980933 0.11200142
v 15.06935591 23.95689647 0.48080711
v 15.12796777 23.94170594 0.55764374
v 15.05900563 23.70522851 0.33204172
v 14.77878883 23.77996911 -0.03613056
v 15.1173857 23.68965712 0.40874639
v 14.05489856 23.97304817 -0.98723805
v 14.06569897 24.06256885 -0.93738918
v 14.06782584 24.14434414 -0.88851797
v 14.06126378 24.21816639 -0.84074245
v 7.92438011 16.80929115 -1.32518143
v 8.02285076 16.83157327 -1.3540671
v 8.23174023 16.68347338 -0.99980925
v 8.13256253 16.66068889 -0.97092463
v 8.27525973 16.65261806 -0.92600357
v 8.17593514 16.62972941 -0.89711905
v 8.12870222 16.86282165 -1.38067565
v 8.33838094 16.71531255 -1.02639835
v 8.38206529 16.68458074 -0.95258855
v 8.04107872 16.64700402 -0.93981667
v 7.83351727 16.79601671 -1.2940913
v 8.08432191 16.61595892 -0.86600742
v 7.29731829 17.18096358 -2.20929682
v 7.38657702 17.19317729 -2.24034063
v 7.48322366 17.21416465 -2.26922885
v 7.58703454 17.24388494 -2.29588805
v 12.64706492 23.46871093 0.69337684
v 12.48022796 23.34830638 0.69199454
v 12.74433426 23.26249614 1.06037257
v 12.91271659 23.38434443 1.06196765
v 12.7993579 23.24461854 1.13712011
v 12.9680623 23.36676764 1.13875949
v 12.31004078 23.22117809 0.68796284
v 12.5725524 23.13386428 1.05611291
v 12.62724398 23.11567338 1.13281285
v 13.0772974 23.49912338 1.06089747
v 12.81015325 23.58210952 0.69210966
v 13.13295407 23.48183417 1.13773035
v 12.12003396 23.79648951 -0.26058795
v 11.96080136 23.68665658 -0.25881148
v 11.79795639 23.56998177 -0.25964454
v 11.63188846 23.44673789 -0.26308709
v 14.74960278 24.15482365 0.2046814
v 14.71715025 24.20441226 0.24886407
v 14.99877562 24.1325088 0.61815649
v 15.03122057 24.08267623 0.57382855
v 15.0574491 24.11752842 0.6950945
v 15.08989264 24.06764522 0.65073634
v 14.67596062 24.24521453 0.29146388
v 14.95750221 24.17346159 0.66088407
v 15.01615824 24.15851259 0.7378487
v 15.05476983 24.02409515 0.52800916
v 14.77325102 24.09657933 0.15902437
v 15.11342127 24.00899397 0.60488312
v 14.04599682 24.28382883 -0.7941822
v 14.02209346 24.34120327 -0.74894422
v 13.9896211 24.39016188 -0.70513716
v 13.94864794 24.43057531 -0.66286742
v 8.36156096 16.95195548 -1.42679539
v 8.48797448 17.00958447 -1.44620675
v 8.70050577 16.86437526 -1.09175896
v 8.57306345 16.80589425 -1.07242281
v 8.74478414 16.83412234 -1.01791366
v 8.61712762 16.77546393 -0.99859319
v 8.62064733 17.07574947 -1.46311946
v 8.83428283 16.9314759 -1.10857805
v 8.87879124 16.90141781 -1.03471331
v 8.45225538 16.75616319 -1.05061941
v 8.24170427 16.90299145 -1.40493513
v 8.49612121 16.72557292 -0.97680165
v 7.69778416 17.28229741 -2.32024642
v 7.81518222 17.32927875 -2.34225329
v 7.93893706 17.38470587 -2.36185966
v 8.0687579 17.4484544 -2.37901409
v 11.96123655 22.94794103 0.67197744
v 11.78347258 22.80252012 0.66007477
v 12.04094373 22.71037194 1.02745446
v 12.2204266 22.85745421 1.03962759
v 12.09458503 22.69117388 1.10399398
v 12.27442609 22.83860226 1.11622343
v 11.6040358 22.65168971 0.6455997
v 11.8597548 22.55783547 1.01269604
v 11.9130311 22.53828193 1.08917648
v 12.39777298 22.99873431 1.04918917
v 12.13690132 23.08760837 0.68128205
v 12.45212282 22.98021836 1.12583854
v 11.46298612 23.31719858 -0.26914066
v 11.29166547 23.18169729 -0.277781
v 11.11834176 23.04056855 -0.28898524
v 10.94343126 22.89414547 -0.30272825
v 8.90352588 17.23309306 -1.48927408
v 9.05302283 17.32385306 -1.49846528
v 9.27039378 17.18286175 -1.14353587
v 9.11958425 17.09093112 -1.13449153
v 9.31568068 17.15348786 -1.06959018
v 9.16459746 17.06131302 -1.06057653
v 9.20741955 17.42239322 -1.50503191
v 9.42616588 17.28264515 -1.1499385
v 9.47173919 17.25353 -1.07595875
v 8.97409466 17.00706499 -1.12283064
v 8.75928268 17.15032222 -1.47748365
v 9.01884812 16.97721861 -1.04894264
v 8.20435342 17.52040079 -2.39366683
v 8.345378 17.60034312 -2.40579119
v 8.49148463 17.68807974 -2.41536215
v 8.64232696 17.78340732 -2.42235241
v 11.24186187 22.33522472 0.60905893
v 11.06000147 22.17037569 0.58709351
v 11.3103069 22.07117609 0.9532692
v 11.49399352 22.23784056 0.97555264
v 11.36245526 22.05050895 1.02955791
v 11.54652247 22.21755158 1.05190751
v 10.87821011 22.00163888 0.56273127
v 11.12667328 21.9005964 0.92857915
v 11.17843781 21.8795453 1.00479955
v 11.67729047 22.40019267 0.99537848
v 11.42335273 22.4957937 0.62857776
v 11.7301957 22.38027518 1.07179732
v 10.76734971 22.742762 -0.31898653
v 10.59052443 22.58679938 -0.33771159
v 10.41338209 22.42663984 -0.35885643
v 10.23635028 22.26266399 -0.38237188
v 9.52944799 17.64190116 -1.51021595
v 9.69628463 17.76230566 -1.50883355
v 9.9195048 17.62669507 -1.15314978
v 9.75112304 17.50484709 -1.15474492
v 9.9660104 17.59844221 -1.07904694
v 9.79730672 17.47629344 -1.08068644
v 9.86647185 17.88943398 -1.50480184
v 10.0912866 17.75532728 -1.14888988
v 10.13812391 17.72738724 -1.07473959
v 9.58654287 17.39006867 -1.15367469
v 9.36636063 17.52850329 -1.50894875
v 9.63241544 17.36122727 -1.07965728
v 8.79755864 17.88612407 -2.42673609
v 8.95679118 17.99595639 -2.4285117
v 9.11963512 18.11263125 -2.42767938
v 9.28570268 18.23587487 -2.42423681
v 10.51658369 21.65410687 0.50703936
v 10.33761565 21.47616424 0.475855
v 10.58050003 21.36947106 0.84066755
v 10.76133168 21.54931309 0.87220494
v 10.63110233 21.34724273 0.91667226
v 10.81232221 21.52748032 0.94828311
v 10.16045594 21.29600536 0.44254168
v 10.40147855 21.1874032 0.80699459
v 10.45169299 21.1647772 0.88292439
v 10.94353552 21.72649835 0.90153317
v 10.6969264 21.82940716 0.5360223
v 10.99491378 21.70505854 0.97768345
v 10.05985579 22.09525363 -0.40821008
v 9.88432093 21.92482291 -0.43630033
v 9.7101671 21.75178695 -0.46657335
v 9.53781703 21.57655979 -0.4989575
v 10.21527632 18.16267171 -1.48881613
v 10.39304016 18.30809234 -1.47691357
v 10.62289554 18.1788199 -1.12023137
v 10.44341236 18.03173746 -1.13240449
v 10.67078361 18.15188765 -1.04592049
v 10.49094248 18.00445919 -1.05814996
v 10.57247757 18.45892326 -1.46243847
v 10.804085 18.33135692 -1.10547285
v 10.85233797 18.3047799 -1.031103
v 10.26606602 17.89045725 -1.14196614
v 10.03961104 18.02300385 -1.49812084
v 10.31324512 17.86284245 -1.06776519
v 9.45460514 18.36541459 -2.41818305
v 9.62592623 18.50091538 -2.40954201
v 9.79925024 18.64204511 -2.39833849
v 9.97416106 18.78846837 -2.38459551
v 9.81327412 20.930762 0.36983898
v 9.64407617 20.74656415 0.33063411
v 9.87956946 20.63222299 0.69397662
v 10.05059674 20.8183312 0.73355595
v 9.92863204 20.60840139 0.76967506
v 10.10004045 20.79490753 0.80933237
v 9.47835631 20.56190709 0.28965021
v 9.71203997 20.44566422 0.65261501
v 9.76072551 20.42144654 0.72823485
v 10.22470536 21.0035406 0.77125964
v 9.98553822 21.11405692 0.40717223
v 10.27453314 20.98051582 0.84711334
v 9.36769236 21.39955601 -0.53338275
v 9.20019382 21.22120684 -0.5697587
v 9.03572139 21.04194449 -0.60799643
v 8.87467626 20.86219991 -0.64800473
v 10.93465201 18.77538877 -1.4258976
v 11.11651213 18.9402378 -1.40393207
v 11.35353337 18.81801679 -1.04604592
v 11.16984659 18.65135214 -1.06832939
v 11.40291396 18.79255317 -0.97148431
v 11.21884673 18.62551052 -0.99383391
v 11.29830332 19.10897444 -1.37956985
v 11.53716683 18.98859631 -1.0213559
v 11.58693128 18.9635167 -0.94672598
v 10.98654969 18.48900009 -1.08815523
v 10.75316104 18.61481954 -1.44541653
v 11.03517351 18.46278678 -1.01372381
v 10.1502426 18.93985197 -2.36833714
v 10.32706833 19.09581425 -2.3496113
v 10.50421015 19.25597433 -2.32846709
v 10.68124219 19.41995014 -2.30495176
v 9.15896139 20.19298876 0.20273068
v 9.00603579 20.00961478 0.15701219
v 9.23445215 19.88776519 0.51883416
v 9.38910254 20.07298738 0.56493435
v 9.28203989 19.86237901 0.59421584
v 9.43704971 20.04798637 0.64039558
v 8.85812392 19.82755546 0.10993263
v 9.08485251 19.70388467 0.47137339
v 9.13208877 19.67811902 0.54667556
v 9.54842458 20.25910296 0.60956447
v 9.31652632 20.37723411 0.24697962
v 9.59673815 20.23449179 0.68510509
v 8.71745899 20.68240495 -0.68969394
v 8.56443375 20.50299144 -0.73295756
v 8.41596341 20.32439204 -0.77769038
v 8.27241229 20.14703764 -0.82378534
v 11.65992942 19.45650626 -1.32387792
v 11.83889729 19.63444872 -1.29269359
v 12.08333955 19.51972139 -0.93344424
v 11.90250799 19.33987944 -0.9649816
v 12.13426624 19.495819 -0.85859862
v 11.95304661 19.31558167 -0.89020942
v 12.01605668 19.81460725 -1.25938034
v 12.26236062 19.70178882 -0.89977135
v 12.31367534 19.67828428 -0.8248508
v 11.7203043 19.16269406 -0.99430998
v 11.47958703 19.28120602 -1.35286097
v 11.77045512 19.13800339 -0.91960982
v 10.85773636 19.58736031 -2.27911354
v 11.0332714 19.75779068 -2.25102239
v 11.20742448 19.93082669 -2.22075022
v 11.37977439 20.10605368 -2.1883661
v 8.57879039 19.46913933 0.01213632
v 8.44801392 19.29363573 -0.03833912
v 8.66993861 19.16470521 0.3219703
v 8.80226907 19.34192381 0.37281996
v 8.71617435 19.13784413 0.39703686
v 8.8488285 19.31541987 0.44796441
v 8.32359494 19.12117077 -0.08970528
v 8.54401846 18.99056975 0.27023423
v 8.58994125 18.9633604 0.34522366
v 8.9406824 19.52179377 0.42266148
v 8.71560132 19.64725473 0.0616004
v 8.98757582 19.49565559 0.49788464
v 8.13414425 19.97136054 -0.87113668
v 8.00147266 19.79777713 -0.9196254
v 7.87471014 19.62670365 -0.96913463
v 7.75416998 19.45855516 -1.01954494
v 12.36323809 20.17985019 -1.18667772
v 12.5324358 20.36404794 -1.14747282
v 12.78426914 20.25696844 -0.78675349
v 12.61324202 20.0708604 -0.82633279
v 12.83673588 20.23465966 -0.71160155
v 12.66532755 20.04815361 -0.75125884
v 12.69815565 20.54870485 -1.10648899
v 12.95179859 20.44352717 -0.7453919
v 13.00464229 20.42161453 -0.67016128
v 12.43913357 19.88565117 -0.86403645
v 12.19097423 19.99655553 -1.22401093
v 12.49083494 19.8625454 -0.78903979
v 11.54989906 20.28305746 -2.15394085
v 11.71739776 20.461406 -2.11756416
v 11.88186954 20.64066847 -2.07932726
v 12.04291434 20.82041286 -2.03931894
v 8.09505754 18.78703113 -0.19461983
v 7.99145642 18.62614328 -0.24791217
v 8.20772512 18.49083237 0.11095094
v 8.31264992 18.6532364 0.16459574
v 8.25278233 18.4626419 0.18571618
v 8.35798271 18.62536145 0.23943428
v 7.89531126 18.46990037 -0.30159081
v 8.11032348 18.33313398 0.0569278
v 8.15511837 18.30463967 0.13162115
v 8.42483485 18.81994772 0.21773309
v 8.20585649 18.95217132 -0.14184154
v 8.47045631 18.7924001 0.29264646
v 7.64016548 19.29374835 -1.07073828
v 7.53294658 19.13266604 -1.12258875
v 7.43276357 18.97569356 -1.17497141
v 7.33986641 18.82321294 -1.22775966
v 13.01755023 20.91762338 -1.0195692
v 13.17047577 21.10099744 -0.97385063
v 13.42938615 21.00142649 -0.61161076
v 13.27473601 20.81620428 -0.65771107
v 13.48332723 20.98068206 -0.53614198
v 13.32831778 20.7950748 -0.58232181
v 13.31838704 21.28305656 -0.92677094
v 13.57898541 21.18530689 -0.5641499
v 13.63327819 21.16494188 -0.48860173
v 13.11541379 20.63008851 -0.70234122
v 12.85998537 20.73337797 -1.06381821
v 13.16862954 20.60856931 -0.62703146
v 12.20013154 21.00020788 -1.99762966
v 12.35315712 21.17962107 -1.95436519
v 12.50162698 21.3582212 -1.90963291
v 12.64517769 21.53557532 -1.86353795
v 7.72635129 18.17287661 -0.40959211
v 7.65390541 18.03278561 -0.46365379
v 7.86557126 17.89204004 -0.10611522
v 7.9390588 18.03338919 -0.05173659
v 7.90966987 17.86271766 -0.03162587
v 7.98337402 18.00432832 0.02281859
v 7.58972895 17.89876906 -0.51758212
v 7.80043001 17.75683756 -0.16034967
v 7.84432734 17.72726791 -0.0859241
v 8.02070516 18.18053644 0.00265482
v 7.80688105 18.31869618 -0.35552767
v 8.06525319 18.15175242 0.0772782
v 7.2545052 18.67560824 -1.28082806
v 7.17685869 18.53321685 -1.33404767
v 7.10710388 18.39637612 -1.38729119
v 7.04541909 18.26542234 -1.44042895
v 13.59772006 21.64147231 -0.82897464
v 13.72849625 21.81697561 -0.77849927
v 13.99389778 21.7244852 -0.41474685
v 13.86156782 21.5472671 -0.46559641
v 14.04919128 21.70521581 -0.33896303
v 13.91653761 21.52764045 -0.38989057
v 13.85291506 21.9894404 -0.72713314
v 14.11981799 21.89862085 -0.36301068
v 14.17542434 21.87969965 -0.28714975
v 13.72315483 21.36739736 -0.51543795
v 13.46090942 21.46335706 -0.87843875
v 13.77779079 21.34740523 -0.43981071
v 12.78344516 21.71125183 -1.81618672
v 12.91611663 21.88483459 -1.76769715
v 13.04287868 22.0559084 -1.71818871
v 13.16341874 22.22405678 -1.66777843
v 7.48684018 17.65027634 -0.62451962
v 7.44833451 17.53636688 -0.67727283
v 7.65662725 17.39134096 -0.32088614
v 7.69585273 17.50620231 -0.2678637
v 7.70002292 17.36112664 -0.2466368
v 7.73939852 17.47618645 -0.19355825
v 7.41859253 17.4297264 -0.72937848
v 7.62625045 17.28383116 -0.3732474
v 7.66951406 17.25343586 -0.29905132
v 7.74382226 17.6281299 -0.21430867
v 7.5340058 17.77117116 -0.57124682
v 7.78753492 17.59832861 -0.13994452
v 6.99198248 18.14069296 -1.49333291
v 6.94689257 18.02246481 -1.54587639
v 6.91024739 17.91101556 -1.59793438
v 6.88214625 17.80662185 -1.64937949
v 14.5677251 24.30002611 0.37149766
v 14.50098098 24.31394645 0.40874738
v 14.78172502 24.24208109 0.77844294
v 14.84882539 24.22829213 0.74111965
v 14.84021486 24.22710862 0.85546494
v 14.90738945 24.21334705 0.81812632
v 14.42602019 24.31881688 0.44402938
v 14.70631917 24.24672709 0.81378018
v 14.76471605 24.23170758 0.89081361
v 14.90746831 24.2054042 0.70190258
v 14.62610192 24.27710061 0.33237245
v 14.9660878 24.19046692 0.77889011
v 13.8992422 24.46231579 -0.62224278
v 13.84155305 24.48533813 -0.58335447
v 13.77572868 24.49959775 -0.5462953
v 13.70191892 24.50504935 -0.51115568
v 14.08145325 22.32358099 -0.62221835
v 14.18505512 22.48446961 -0.56892586
v 14.45611248 22.39835941 -0.20372717
v 14.35118751 22.23595521 -0.25737201
v 14.51258434 22.38041925 -0.12764206
v 14.40738371 22.2176993 -0.1813603
v 14.23900192 22.06924321 -0.31050948
v 13.97065356 22.15844003 -0.67499678
v 14.29490937 22.05066004 -0.23457255
v 13.27742366 22.38886416 -1.61658492
v 13.38464334 22.54994633 -1.56473368
v 13.48482693 22.70691994 -1.51235117
v 7.38572965 17.23931507 -0.83114239
v 7.38264386 17.15596446 -0.88055992
v 7.58892237 17.00797659 -0.52510824
v 7.59237897 17.09193674 -0.47547947
v 7.63189824 16.97714491 -0.4510538
v 7.63543223 17.0612322 -0.40138098
v 7.60482811 17.18395913 -0.42481881
v 7.39771855 17.33063926 -0.78070842
v 7.64797727 17.15340006 -0.35067311
v 6.86268746 17.70956088 -1.70008591
v 6.85188703 17.62003941 -1.74993406
v 6.84976014 17.53826454 -1.7988056
v 14.25213167 24.30131943 0.50834189
v 14.15366043 24.27903687 0.53722755
v 14.43209802 24.20571668 0.90703169
v 14.53127547 24.22850076 0.87814693
v 14.49010758 24.19044138 0.98407636
v 14.58943188 24.21332965 0.95519173
v 14.62275929 24.24218563 0.84703896
v 14.34299453 24.31459385 0.47725174
v 14.68104498 24.22709994 0.92408004
v 13.62027229 24.50164785 -0.47802765
v 13.53101355 24.48943335 -0.44698313
v 13.43436668 24.46844627 -0.41809524
v -4.94812091 26.66415394 -23.45435517
v -4.92363278 26.66283721 -23.46571404
v -4.57089618 26.32990062 -22.89162528
v -4.60405098 26.33168352 -22.87624625
v -4.89792755 26.66323365 -23.47655455
v -4.53609391 26.33043681 -22.90630257
v -4.6354809 26.33577787 -22.86020353
v -4.97133425 26.6671787 -23.44250595
v -4.66510591 26.34217875 -22.84353461
v -4.99321448 26.67190706 -23.43019422
v -5.26015412 26.94894146 -23.93476531
v -5.24465145 26.94692176 -23.94267842
v -5.27476716 26.95209819 -23.92654345
v -5.22829851 26.94604163 -23.95026427
v -5.21113204 26.94630632 -23.95750382
v -4.24742758 27.98944673 -22.94953209
v -4.28191305 27.97115147 -22.94580395
v -3.70205974 28.10125283 -22.18770868
v -3.65536935 28.12602296 -22.19275632
v -4.31672535 27.9514203 -22.94280916
v -3.74919326 28.07453793 -22.18365406
v -3.60923479 28.14879028 -22.19878375
v -4.21335294 28.00626243 -22.95398395
v -3.56376744 28.16949809 -22.20577746
v -4.17977114 28.02155694 -22.95914951
v -4.75395745 27.84321115 -23.60851953
v -4.77671351 27.83198098 -23.60554654
v -4.7315315 27.85342443 -23.61196934
v -4.79974389 27.81976277 -23.60305685
v -4.82299211 27.80658606 -23.60105682
v -3.74239581 28.01355905 -23.1525777
v -3.7552908 28.02813174 -23.13814593
v -2.98905427 28.17840054 -22.44812419
v -2.97159602 28.15866973 -22.46766375
v -3.76978039 28.04113137 -23.12398446
v -3.0086728 28.19600022 -22.42895084
v -2.9563385 28.13685693 -22.48752217
v -3.73112619 27.99744869 -23.16724495
v -2.94331953 28.113014 -22.50765155
v -3.72151073 27.9798381 -23.18211249
v -4.43191633 27.83732459 -23.75094004
v -4.43944341 27.84808243 -23.74114512
v -4.42549499 27.82556375 -23.76086892
v -4.44805438 27.857815 -23.73150715
v -4.45773 27.86649731 -23.72204964
v -4.84310882 26.66916875 -23.49657411
v -4.81413147 26.67468613 -23.50570741
v -4.42264092 26.34594232 -22.94577326
v -4.46187317 26.33847299 -22.93340736
v -4.78420158 26.6818872 -23.51422625
v -4.38211819 26.35569204 -22.95730708
v -4.4997222 26.33329903 -22.92024027
v -4.87106288 26.66534839 -23.48684874
v -5.19319141 26.94771839 -23.96437854
v -5.17452269 26.9502701 -23.97087329
v -5.15517132 26.95395439 -23.97697277
v -5.13518339 26.95876353 -23.98266182
v -4.38700047 27.9078297 -22.93905261
v -4.42229287 27.88408211 -22.93829623
v -3.89212279 27.98336786 -22.17754384
v -3.84433987 28.01552005 -22.17856794
v -4.45757501 27.85910727 -22.93829149
v -3.93989152 27.94955446 -22.17753729
v -3.79665855 28.04593498 -22.18060596
v -4.35178311 27.93029417 -22.94055787
v -4.84640502 27.792477 -23.59955346
v -4.86992358 27.77747511 -23.59854815
v -4.89349207 27.76161652 -23.59804291
v -4.91705468 27.74493733 -23.59803983
v -4.72176365 26.70128317 -23.52933493
v -4.68941208 26.71342126 -23.5358919
v -4.25378034 26.39838708 -22.98664055
v -4.29758344 26.38195137 -22.97776327
v -4.65640577 26.72715226 -23.54176129
v -4.20909419 26.41697596 -22.99458758
v -4.34039711 26.36770782 -22.96797785
v -4.75338722 26.69076134 -23.52210776
v -5.1146043 26.96469044 -23.98792516
v -5.09348605 26.97171648 -23.99275174
v -5.07188059 26.97982293 -23.99713057
v -5.04983859 26.98899249 -24.00105033
v -4.52776853 27.80571104 -22.94054026
v -4.56251226 27.77742297 -22.94278488
v -4.08196827 27.83896031 -22.18362102
v -4.03492856 27.87725961 -22.18058205
v -4.59690775 27.74816492 -22.9457702
v -4.12853686 27.79934743 -22.18766286
v -3.98753166 27.91415458 -22.17855209
v -4.49276174 27.83296115 -22.939041
v -4.94055311 27.72747642 -23.59854036
v -4.96393208 27.70927752 -23.59954172
v -4.98713441 27.69038643 -23.60104068
v -5.01010417 27.67084756 -23.60303428
v -4.58875066 26.75926113 -23.55137894
v -4.55426589 26.77755575 -23.55510718
v -4.07080328 26.48521992 -23.01265655
v -4.11749298 26.46045044 -23.00760881
v -4.51945229 26.79728828 -23.55810169
v -4.02366914 26.51193553 -23.016711
v -4.16362752 26.4376831 -23.00158141
v -4.62282531 26.74244543 -23.54692709
v -5.02741264 26.99920576 -24.00450014
v -5.00465658 27.01043593 -24.00747313
v -4.98162688 27.02265348 -24.00996293
v -4.95837735 27.03583156 -24.01196268
v -4.66432123 27.68701595 -22.95393772
v -4.69718049 27.65527511 -22.95909698
v -4.26429802 27.67358214 -22.20570625
v -4.21980969 27.7165562 -22.19872113
v -4.72936695 27.62285875 -22.96495758
v -4.30787695 27.62969194 -22.21364122
v -4.17452032 27.75851168 -22.19270151
v -4.63087053 27.71800424 -22.94949163
v -5.03278549 27.65070536 -23.60551958
v -5.05512523 27.63001007 -23.6084889
v -5.07706828 27.60881395 -23.61193415
v -5.09856348 27.58716524 -23.61584804
v -4.44917717 26.84087889 -23.56185824
v -4.41388483 26.86462652 -23.56261457
v -3.88073902 26.60310633 -23.02282103
v -3.92852191 26.57095412 -23.02179696
v -4.37860333 26.88960067 -23.56261946
v -3.8329703 26.63691974 -23.02282758
v -3.97620385 26.54053848 -23.01975911
v -4.48439452 26.8184144 -23.560353
v -4.93496576 27.04993926 -24.0134663
v -4.9114472 27.06494116 -24.01447161
v -4.88787808 27.08080044 -24.0149767
v -4.86431546 27.09747963 -24.01497979
v -4.79141131 27.55630545 -22.97873022
v -4.82112357 27.52233143 -22.98660586
v -4.43210751 27.49358652 -22.24295119
v -4.39187993 27.53958421 -22.23228826
v -4.84986461 27.48800205 -22.99511657
v -4.47102118 27.44710671 -22.25447409
v -4.35043687 27.58498942 -22.22251008
v -4.76080194 27.58984126 -22.97150814
v -5.11955637 27.56511552 -23.62022264
v -5.13999798 27.54271955 -23.62504571
v -5.15984066 27.52003077 -23.63030527
v -5.1790348 27.49710462 -23.63598895
v -4.30840981 26.9429969 -23.56037069
v -4.27366674 26.9712843 -23.5581262
v -3.69089417 26.74751318 -23.01674401
v -3.73793392 26.70921391 -23.01978294
v -4.2392706 27.00054302 -23.55514074
v -3.64432562 26.78712609 -23.01270213
v -3.78533016 26.67231962 -23.02181277
v -4.3434166 26.91574679 -23.56186995
v -4.84081703 27.11494054 -24.01447925
v -4.81743938 27.13313808 -24.01347815
v -4.79423642 27.15202987 -24.01197905
v -4.77126665 27.17156873 -24.00998544
v -4.90415552 27.41860199 -23.01396508
v -4.92957859 27.38370086 -23.02425431
v -4.57894738 27.30589141 -22.29392423
v -4.54452609 27.35314527 -22.27999332
v -4.95377035 27.34877706 -23.03508819
v -4.6117012 27.25860725 -22.30859247
v -4.50852238 27.400255 -22.26683236
v -4.87756364 27.45339678 -23.00424447
v -5.19753272 27.47399452 -23.64208477
v -5.21529152 27.45075766 -23.64857641
v -5.2322696 27.42744991 -23.6554478
v -5.24842535 27.40412707 -23.66268289
v -4.17185713 27.061692 -23.54697321
v -4.13899787 27.09343284 -23.54181395
v -3.50856442 26.91289135 -22.99465877
v -3.55305274 26.86991729 -23.0016439
v -4.10681137 27.12584918 -23.53595339
v -3.46498614 26.95678088 -22.98672394
v -3.59834215 26.82796184 -23.00766349
v -4.20530783 27.03070372 -23.55141929
v -4.74858533 27.19171093 -24.00750014
v -4.72624625 27.21240555 -24.00453096
v -4.70430188 27.23360302 -24.00108545
v -4.68280734 27.25525105 -23.99717169
v -4.99821962 27.27919909 -23.05828789
v -5.01837684 27.24471157 -23.07059548
v -4.69917259 27.11771147 -22.35666643
v -4.67188149 27.16440464 -22.34000296
v -5.03708824 27.21053677 -23.08333599
v -4.7245065 27.07144144 -22.37391604
v -4.64270127 27.21140802 -22.32396506
v -4.9766671 27.31391572 -23.04644234
v -5.2637165 27.38084569 -23.67026549
v -5.27810986 27.35766106 -23.67817622
v -5.29157093 27.33462992 -23.68639543
v -5.30406652 27.31180758 -23.69490374
v -4.04476707 27.19240252 -23.52218069
v -4.01505547 27.22637586 -23.51430518
v -3.34075497 27.092887 -22.95741381
v -3.38098259 27.04688934 -22.9680767
v -3.98631375 27.26070591 -23.50579436
v -3.30184199 27.13936617 -22.945891
v -3.42242561 27.0014841 -22.97785492
v -4.07537708 27.15886602 -23.52940292
v -4.66181447 27.27730079 -23.99279707
v -4.64137286 27.29969676 -23.987974
v -4.62153084 27.32238487 -23.98271457
v -4.60233606 27.34531171 -23.97703074
v -5.06998844 27.14345406 -23.10999543
v -5.08410535 27.11070539 -23.12384839
v -4.7881646 26.93627699 -22.42876673
v -4.76905122 26.98061628 -22.4100109
v -5.09661962 27.07859071 -23.13800627
v -4.80510729 26.89279693 -22.44793525
v -4.74781582 27.02570684 -22.39171248
v -5.0543041 27.17675774 -23.09648029
v -5.31556344 27.28924938 -23.70368177
v -5.32603844 27.26700776 -23.71270761
v -5.33546564 27.24513789 -23.72195884
v -5.34382243 27.2236915 -23.7314137
v -3.93202358 27.33010535 -23.48694591
v -3.90660058 27.36500654 -23.47665661
v -3.19391664 27.28058094 -22.90644081
v -3.22833719 27.2333277 -22.92037166
v -3.88240886 27.39993037 -23.46582269
v -3.16116286 27.32786513 -22.89177254
v -3.26434083 27.1862179 -22.93353269
v -3.95861545 27.29531056 -23.49666652
v -4.58383879 27.36842113 -23.97093505
v -4.56608002 27.391658 -23.96444339
v -4.54910197 27.41496579 -23.95757196
v -4.53294625 27.43828864 -23.95033686
v -5.11670695 27.01658052 -23.16710112
v -5.12424149 26.98682876 -23.18196717
v -4.84250508 26.76855856 -22.50745482
v -4.83230515 26.80883882 -22.4873276
v -5.13007473 26.95801131 -23.19699783
v -4.85040374 26.72954113 -22.52780528
v -4.81982991 26.85028468 -22.46747162
v -5.10749335 27.04719168 -23.15243569
v -5.35108428 27.20272242 -23.74105
v -5.3572379 27.18227901 -23.75084401
v -5.36226941 27.16241035 -23.76077186
v -5.36616554 27.14316484 -23.77080977
v -3.83795965 27.46950838 -23.44262294
v -3.81780246 27.50399593 -23.43031531
v -3.07369089 27.46876165 -22.84369838
v -3.1009826 27.42206777 -22.86036201
v -3.79909036 27.53817138 -23.41757471
v -3.04835636 27.51503238 -22.82644861
v -3.13016283 27.37506439 -22.87639992
v -3.85951215 27.43479174 -23.45446851
v -4.51765513 27.46157005 -23.94275423
v -4.50326177 27.48475467 -23.9348435
v -4.48980072 27.50778584 -23.92662427
v -4.47730382 27.53060953 -23.9181157
v -5.13657815 26.90345581 -23.22741012
v -5.13723954 26.87784554 -23.24271775
v -4.86010329 26.62100414 -22.58970619
v -4.85920724 26.65567897 -22.5689808
v -5.13616891 26.85343145 -23.25804378
v -4.85865459 26.58794853 -22.6104566
v -4.85597246 26.69188638 -22.54833055
v -5.13418842 26.93019903 -23.21215781
v -5.36891241 27.12459154 -23.78093387
v -5.37050799 27.10673217 -23.79111963
v -5.37094962 27.08962913 -23.80134239
v -5.37023465 27.07332483 -23.81157747
v -3.80341643 28.06227399 -23.09661085
v -3.82247372 28.07037469 -23.08346289
v -3.08001511 28.23559359 -22.37408782
v -3.05421308 28.22462588 -22.3918891
v -3.84296442 28.07680012 -23.07071695
v -3.10775837 28.2442926 -22.35683093
v -3.03041246 28.21141826 -22.41019132
v -3.78583779 28.0525185 -23.11012886
v -4.46845368 27.87410169 -23.71279661
v -4.48019301 27.88061669 -23.70376896
v -4.49292022 27.88602618 -23.69498853
v -4.50660489 27.89031668 -23.68647661
v -3.76618957 27.60525482 -23.39091509
v -3.75207267 27.6380035 -23.37706211
v -2.98469763 27.65019754 -22.77159775
v -3.00381101 27.60585825 -22.79035359
v -3.73955904 27.67011749 -23.36290438
v -2.96775494 27.69367761 -22.75242923
v -3.02504638 27.56076766 -22.80865204
v -3.78187386 27.57195111 -23.40443027
v -4.46580692 27.55316775 -23.90933765
v -4.45533257 27.57540869 -23.90031194
v -4.44590474 27.59727926 -23.89106056
v -4.43754728 27.61872632 -23.88160558
v -5.1288378 26.80842789 -23.28860466
v -5.1226011 26.78794284 -23.30376566
v -4.84028462 26.49928241 -22.67236034
v -4.84872812 26.52701802 -22.65183346
v -5.11466859 26.76886942 -23.31879829
v -4.82954467 26.47345849 -22.69271333
v -4.85485703 26.55659672 -22.63118227
v -5.13336447 26.83027472 -23.27335175
v -5.36836174 27.05786031 -23.82180045
v -5.36533861 27.04327064 -23.83198666
v -5.36117434 27.02958951 -23.84211166
v -5.35587668 27.01685202 -23.85215075
v -3.88805796 28.08455323 -23.04655602
v -3.91254611 28.08586997 -23.03519714
v -3.20196546 28.25657344 -22.30873975
v -3.16881129 28.25478984 -22.32411892
v -3.93825071 28.08547422 -23.02435647
v -3.23676778 28.25603728 -22.29406242
v -3.13738268 28.25069413 -22.34016191
v -3.86484528 28.08152778 -23.05840537
v -4.52121726 27.89347408 -23.67825464
v -4.53671993 27.89549378 -23.67034152
v -4.55307288 27.89637392 -23.66275566
v -4.5702387 27.89610991 -23.65551597
v -3.71947106 27.73212835 -23.3338094
v -3.71193785 27.76187877 -23.31894359
v -2.93035847 27.81791462 -22.69290992
v -2.9405584 27.77763436 -22.71303714
v -3.70610395 27.79069691 -23.3039128
v -2.92245983 27.85693206 -22.67255945
v -2.95303299 27.73618917 -22.73289299
v -3.72868533 27.70151653 -23.34847495
v -4.43028544 27.6396954 -23.87196927
v -4.42413247 27.66013813 -23.86217539
v -4.41910162 27.68000611 -23.85224768
v -4.41520615 27.69925095 -23.84220989
v -5.09378416 26.73514778 -23.34833323
v -5.0808898 26.72057439 -23.36276515
v -4.78380986 26.4080719 -22.75224075
v -4.80126815 26.42780274 -22.73270115
v -5.06639949 26.70757539 -23.37692654
v -4.76419127 26.39047216 -22.77141417
v -4.81652635 26.44961488 -22.71284285
v -5.10505379 26.75125815 -23.33366596
v -5.34945535 27.00509119 -23.86207964
v -5.34192892 26.99433267 -23.87187469
v -5.33331793 26.98460008 -23.88151268
v -5.32364095 26.97591909 -23.89096996
v -3.99306947 28.07953914 -23.00433689
v -4.02204614 28.07402243 -22.99520348
v -3.35022011 28.24053245 -22.2545916
v -3.31098787 28.2480018 -22.26695748
v -4.05197603 28.06682135 -22.98668464
v -3.3907435 28.23078206 -22.2430579
v -3.27313951 28.25317508 -22.2801247
v -3.96511474 28.08336017 -23.01406214
v -4.58817869 27.89469853 -23.64864111
v -4.60684808 27.89214615 -23.64214649
v -4.62619944 27.88846186 -23.63604701
v -4.64618672 27.8836534 -23.63035783
v -3.69960119 27.84525172 -23.27350064
v -3.69893979 27.87086199 -23.25819302
v -2.91276028 27.96546905 -22.61065853
v -2.91365567 27.93079489 -22.6313838
v -3.70000976 27.89527675 -23.24286686
v -2.9142083 27.99852532 -22.58990802
v -2.91689044 27.89458747 -22.65203406
v -3.70199027 27.81850918 -23.28875282
v -4.41245863 27.71782493 -23.83208565
v -4.41086305 27.7356843 -23.82189989
v -4.4104214 27.75278732 -23.81167715
v -4.41113571 27.76909231 -23.80144194
v -5.03276328 26.68643263 -23.40430031
v -5.01370591 26.67833187 -23.41744835
v -4.69284861 26.35087851 -22.82627751
v -4.71865076 26.36184632 -22.80847611
v -4.7424515 26.37505404 -22.79017378
v -5.05034267 26.69618753 -23.39078234
v -4.76419127 26.39047216 -22.77141417
v -5.06639949 26.70757539 -23.37692654
v -5.31291788 26.968314 -23.90022317
v -5.30117849 26.96179894 -23.90925087
v -5.32364095 26.97591909 -23.89096996
v -5.28845122 26.95638941 -23.91803136
v -4.11441328 28.04742605 -22.97157585
v -4.14676551 28.03528728 -22.96501901
v -3.51908065 28.18808766 -22.21372434
v -3.47527754 28.20452337 -22.22260163
v -3.43246458 28.21876627 -22.23238714
v -4.08279105 28.05794654 -22.97880326
v -4.66676513 27.87772715 -23.62509438
v -4.68788337 27.87070111 -23.62026779
v -4.70948883 27.86259466 -23.61588897
v -3.70734218 27.94027896 -23.21230625
v -3.71357822 27.96076468 -23.19714512
v -2.93257958 28.08719008 -22.52800454
v -2.92413608 28.05945447 -22.54853142
v -2.91800651 28.02987645 -22.56918248
v -3.70281486 27.91843281 -23.22755902
v -4.41300994 27.78455547 -23.79121922
v -4.41603307 27.79914515 -23.78103301
v -4.42019734 27.81282626 -23.77090802
v -1.06972797 -7.79129229 10.76405568
v -0.82465344 -7.17892917 10.4122098
v -0.79039071 -7.19075825 10.40667038
v -1.04436087 -7.80004747 10.75995492
v -0.7543218 -7.2017405 10.40328916
v -1.01766061 -7.80817859 10.75745008
v -1.26538662 -8.31512001 11.0610705
v -1.28239828 -8.30924957 11.06382006
v -1.24748234 -8.320574 11.0593914
v -1.29847281 -8.30297238 11.06763283
v -1.0936978 -7.78193035 10.76974152
v -1.31357395 -8.29630578 11.07249926
v -1.11621552 -7.77198845 10.77699985
v -0.8570328 -7.16628465 10.41988955
v -0.88744702 -7.15285293 10.42969406
v -0.28638475 -7.22850154 12.02668157
v 0.23346467 -6.4187283 12.11773169
v 0.18406299 -6.41831286 12.09797412
v -0.32295789 -7.22819447 12.01205489
v 0.1341202 -6.4189117 12.07630217
v -0.35993177 -7.22863847 11.99601098
v -0.78162331 -7.93164247 11.90071106
v -0.75709954 -7.93184982 11.91051888
v -0.80641688 -7.93194027 11.88995291
v -0.73290256 -7.93255906 11.91935411
v -0.25030106 -7.22955815 12.03985642
v -0.70909222 -7.93376928 11.92719314
v -0.2147922 -7.23136099 12.05154687
v 0.28220659 -6.42015462 12.13552817
v 0.33017099 -6.42258973 12.15131921
v 0.23893065 -7.37849592 11.99403035
v 0.94304552 -6.62133914 12.07362809
v 0.92579462 -6.60392181 12.09552591
v 0.22615849 -7.36560316 12.01024192
v 0.90621665 -6.58707204 12.11551497
v 0.21166382 -7.35313019 12.02504035
v -0.41339497 -8.02378904 11.89949566
v -0.40483064 -8.03243559 11.88862459
v -0.42311426 -8.0154238 11.90941906
v -0.39744071 -8.04134152 11.87683237
v 0.24994873 -7.39178006 11.97644608
v -0.39124662 -8.05048853 11.8641465
v 0.2591887 -7.40541856 11.95753032
v 0.95793009 -6.63927986 12.04987481
v 0.97041076 -6.65770217 12.02432323
v -0.9604997 -7.82248025 10.75726598
v -0.67711027 -7.22105647 10.40303853
v -0.63616162 -7.22935048 10.40616149
v -0.93018473 -7.82862022 10.75957772
v -0.59378034 -7.23670552 10.41144207
v -0.8988077 -7.83406345 10.76348705
v -1.18882384 -8.33428254 11.06081699
v -1.20915138 -8.3301636 11.05926675
v -1.16778339 -8.33793407 11.0634391
v -1.22871975 -8.32559056 11.05879128
v -0.98968238 -7.81566159 10.75655576
v -0.71652949 -7.2118463 10.40207943
v -0.43472587 -7.23177475 11.95981731
v 0.03308857 -6.42315196 12.02741409
v -0.01775487 -6.42677662 12.00032367
v -0.47236724 -7.23446026 11.93976232
v -0.0686538 -6.43139533 11.97155374
v -0.51004888 -7.2378802 11.9184637
v -0.88181664 -7.93584667 11.85223312
v -0.85657499 -7.93404638 11.86568206
v -0.90708521 -7.93813913 11.83795001
v -0.83142136 -7.93274276 11.87826568
v -0.39721564 -7.22983146 11.97858337
v 0.0837557 -6.42052601 12.05276121
v -0.8331716 -7.84281343 10.77606858
v -0.50512024 -7.24852418 10.42843704
v -0.45906036 -7.252964 10.44010086
v -0.79907386 -7.84610112 10.78470295
v -0.41199417 -7.25640807 10.45384084
v -0.76422797 -7.84864955 10.79487601
v -1.10090125 -8.34600344 11.07766591
v -1.12376865 -8.34380035 11.07187504
v -1.07753418 -8.34771189 11.08448724
v -1.14607932 -8.3411071 11.06712895
v -0.86644343 -7.83879831 10.76899047
v -0.55006263 -7.24309966 10.4188756
v -0.58517359 -7.2468969 11.87233345
v -0.17012938 -6.4435743 11.90924269
v -0.22046385 -6.45110182 11.87585863
v -0.62243572 -7.25246911 11.84761963
v -0.27036272 -6.45956184 11.84109555
v -0.6593751 -7.25873052 11.8218842
v -0.98245055 -7.94792258 11.79044294
v -0.95746273 -7.944186 11.80701611
v -1.00722404 -7.95212424 11.77318486
v -0.93232021 -7.94092159 11.82286507
v -0.54768048 -7.24202918 11.89596789
v -0.11948684 -6.43700105 11.94116691
v -0.69263711 -7.85150986 10.81974033
v -0.31528891 -7.26027126 10.48742893
v -0.26588793 -7.26068575 10.50718501
v -0.65606365 -7.85181738 10.83436778
v -0.21594518 -7.26008688 10.52885699
v -0.61909017 -7.85137287 10.85041098
v -1.00500151 -8.34983776 11.11097039
v -1.02952656 -8.34963179 11.10116229
v -0.98020892 -8.34954178 11.12172906
v -1.05372354 -8.34892255 11.09232706
v -0.72872045 -7.85045373 10.80656623
v -0.36403079 -7.25884497 10.46963242
v -0.73194372 -7.27328017 11.76758886
v -0.36838484 -6.47921393 11.76775555
v -0.41627003 -6.49035033 11.72936332
v -0.76739503 -7.2815258 11.73916619
v -0.4632539 -6.50232905 11.68994237
v -0.80217847 -7.29039453 11.7099822
v -1.07965902 -7.96740798 11.71771508
v -1.05588507 -7.96187827 11.73677545
v -1.10298374 -7.97335581 11.6981458
v -1.03172039 -7.95677884 11.75528047
v -0.6959085 -7.26567632 11.79518464
v -0.31970833 -6.46894116 11.80503095
v -0.54429507 -7.84823477 10.88660415
v -0.11491486 -7.25584797 10.57774482
v -0.06407015 -7.25222192 10.60483553
v -0.50665468 -7.8455511 10.90665962
v -0.01317093 -7.24760365 10.63360626
v -0.46897274 -7.84213159 10.92795905
v -0.90480917 -8.34563537 11.15944884
v -0.93005083 -8.34743565 11.14599993
v -0.87954094 -8.34334244 11.17373121
v -0.95520477 -8.34873882 11.13341552
v -0.58180366 -7.85017717 10.86783911
v -0.16557936 -7.2584712 10.55239821
v -0.8693975 -7.30991385 11.64960999
v -0.55405194 -6.5286966 11.60839387
v -0.59765359 -6.5430186 11.56646645
v -0.90167527 -7.3205152 11.61857048
v -0.63991308 -6.55805264 11.52390406
v -0.93296202 -7.33164738 11.58706135
v -1.1697062 -7.99355511 11.63684565
v -1.14806007 -7.98644504 11.65766062
v -1.19068631 -8.00101947 11.61571584
v -1.12580086 -7.97970627 11.67811134
v -0.8362051 -7.29986505 11.68010556
v -0.50921688 -6.51512297 11.64958614
v -0.39384805 -7.83311487 10.97408931
v 0.08830531 -7.23542561 10.69591884
v 0.13863781 -7.22789852 10.72930111
v -0.35658691 -7.82754449 10.99880364
v 0.18853803 -7.21943717 10.76406441
v -0.31964487 -7.82128038 11.02453956
v -0.80417661 -8.33356079 11.2212388
v -0.82916278 -8.33729648 11.20466666
v -0.77940441 -8.32936051 11.23849661
v -0.85430398 -8.34055954 11.18881795
v -0.43134115 -7.83798261 10.95045486
v 0.03766112 -7.24199975 10.66399359
v -0.99225069 -7.35538865 11.52293181
v -0.72000031 -6.59012353 11.43727934
v -0.75764097 -6.60707906 11.39342858
v -1.02011761 -7.36794112 11.49046736
v -0.79355603 -6.62459433 11.3493593
v -1.04670524 -7.38090689 11.45784225
v -1.24912967 -8.02535568 11.55094175
v -1.23044386 -8.01693905 11.57271121
v -1.26696004 -8.03405192 11.52906398
v -1.21094879 -8.00882243 11.59432035
v -0.96317836 -7.34328326 11.55515528
v -0.68072791 -6.57376958 11.48080637
v -0.24707957 -7.80673249 11.07883288
v 0.28655685 -7.19978685 10.83740237
v 0.33444497 -7.18864818 10.87579591
v -0.21162694 -7.79848551 11.10725581
v 0.38142884 -7.17666946 10.91521687
v -0.17684445 -7.78961863 11.13644027
v -0.7069688 -8.31407446 11.29396513
v -0.73074142 -8.31960283 11.274905
v -0.68364373 -8.30812712 11.31353516
v -0.75490576 -8.32470273 11.25640075
v -0.28311312 -7.81433547 11.0512381
v 0.23788335 -7.21005741 10.80012821
v -1.09578613 -7.40795975 11.39242032
v -0.8598509 -6.6611345 11.26098977
v -0.89008384 -6.68007098 11.21690016
v -1.11816773 -7.42197836 11.35978004
v -0.91827319 -6.69939332 11.17301769
v -1.13903533 -7.43628207 11.3272939
v -1.31488149 -8.06159364 11.46330501
v -1.29987201 -8.05219157 11.48519265
v -1.3288759 -8.07118586 11.44151959
v -1.2838865 -8.04300418 11.50712966
v -1.07194686 -7.39425815 11.4251339
v -0.82764969 -6.64262708 11.30517846
v -0.10962577 -7.77009883 11.19681173
v 0.4722259 -7.15030373 10.99676587
v 0.51582623 -7.13598308 11.03869303
v -0.07734802 -7.75949746 11.22785126
v 0.55808802 -7.12094588 11.08125517
v -0.04606095 -7.74836574 11.25936118
v -0.6169226 -8.28792915 11.37483507
v -0.63856771 -8.29503743 11.35401955
v -0.59594219 -8.28046524 11.39596566
v -0.66082627 -8.30177714 11.33357036
v -0.14281816 -7.78014764 11.16631615
v 0.42739084 -7.16387736 10.9555736
v -1.17602142 -7.46560468 11.26309293
v -0.96823243 -6.73900071 11.08629666
v -0.98989574 -6.75919221 11.04366424
v -1.19205971 -7.48055344 11.23153139
v -1.00927256 -6.77957458 11.00165513
v -1.20640507 -7.49564377 11.20043168
v -1.36443236 -8.1008726 11.37730275
v -1.35367842 -8.09084978 11.39846766
v -1.37405163 -8.11099161 11.35644797
v -1.34181725 -8.08094551 11.41988974
v -1.15833391 -7.45083708 11.29503965
v -0.94434083 -6.71905275 11.12944901
v 0.01322895 -7.72462304 11.32349104
v 0.63817515 -7.08887489 11.16788
v 0.67581539 -7.07191884 11.21173006
v 0.04109548 -7.71207007 11.35595478
v 0.71172877 -7.05440442 11.25579836
v 0.06768274 -7.6991038 11.38857916
v -0.53749528 -8.25612444 11.46073983
v -0.55618237 -8.26454246 11.43897007
v -0.51966624 -8.24742954 11.48261736
v -0.57567973 -8.27266226 11.41736117
v -0.01584598 -7.73673118 11.29126702
v 0.59890019 -7.10523161 11.12435239
v -1.2298763 -7.52610989 11.13991791
v -1.04097665 -6.82072865 10.91991597
v -1.05323732 -6.84139752 10.88037807
v -1.23895229 -7.54141117 11.11064788
v -1.06306105 -6.86206196 10.84185661
v -1.24622437 -7.55670811 11.08212935
v -1.39587856 -8.14168344 11.29623964
v -1.38979162 -8.1314225 11.31586833
v -1.40075462 -8.15194241 11.27711694
v -1.38251117 -8.12118438 11.33595376
v -1.21901741 -7.51084057 11.16987047
v -1.02631156 -6.80010469 10.96037337
v 0.1167636 -7.67205092 11.45400112
v 0.77802686 -7.01786241 11.34417
v 0.80825848 -6.99892729 11.38825935
v 0.13914518 -7.65803228 11.48664142
v 0.83644652 -6.9796063 11.43214157
v 0.16001309 -7.64372903 11.51912834
v -0.47174388 -8.21988594 11.54837589
v -0.48675365 -8.22928757 11.52648745
v -0.45775243 -8.21029597 11.57016003
v -0.50274013 -8.2384768 11.50455094
v 0.09292303 -7.68575389 11.42128727
v 0.74582433 -7.03637119 11.29998105
v -1.25527785 -7.58714832 11.02763038
v -1.07529003 -6.90317775 10.76823928
v -1.07767774 -6.92353115 10.73331565
v -1.2570445 -7.60221425 11.00177516
v -1.07756961 -6.94368243 10.69976282
v -1.25696514 -7.61713323 10.97693523
v -1.40800971 -8.18245698 11.22323232
v -1.40682647 -8.17235512 11.24056985
v -1.4079566 -8.19246167 11.20657506
v -1.4044041 -8.1621723 11.25854567
v -1.25166644 -7.57196507 11.05443701
v -1.07041405 -6.88267125 10.80444882
v 0.1776379 -7.32956372 12.0502468
v 0.86025388 -6.55524101 12.14956326
v 0.83399165 -6.54033317 12.16355112
v 0.15819381 -7.31852882 12.06060179
v 0.80562214 -6.52614573 12.175465
v 0.13719269 -7.30802478 12.06942253
v -0.45897127 -7.99222209 11.93326652
v -0.44593271 -7.99962234 11.92632256
v -0.47305511 -7.98517809 11.93918062
v -0.43396939 -8.00736133 11.91836756
v 0.19547527 -7.34110765 12.03838394
v 0.88434854 -6.57083393 12.1335394
v 0.19699918 -7.61440642 11.58332931
v 0.88640703 -6.93999753 11.51886289
v 0.90806932 -6.91980782 11.56149584
v 0.21303647 -7.59945946 11.61489137
v 0.92744711 -6.89942362 11.60350447
v 0.22738182 -7.58436913 11.64599109
v -0.42219534 -8.18061015 11.63437842
v -0.43294928 -8.19063296 11.61321351
v -0.41257508 -8.17048932 11.65523269
v -0.44481109 -8.20053631 11.59178988
v 0.17931071 -7.62917585 11.55138308
v 0.86251445 -6.95994731 11.47571104
v -1.25125181 -7.64637512 10.93054451
v -1.06985186 -6.98318092 10.63709924
v -1.06227175 -7.00243266 10.60813192
v -1.24564093 -7.66062852 10.90909954
v -1.0522362 -7.02129603 10.58083636
v -1.23821196 -7.67459434 10.88889246
v -1.40036386 -8.22162891 11.16108411
v -1.40412574 -8.21206999 11.17546489
v -1.39538305 -8.23099465 11.14753287
v -1.40665908 -8.20233936 11.19064014
v -1.25502858 -7.63186391 10.95317498
v -1.07495501 -6.9635804 10.66766685
v 0.09070649 -7.28871962 12.08236694
v 0.74283024 -6.50006862 12.19295027
v 0.70856617 -6.48824088 12.19848945
v 0.06533938 -7.27996442 12.0864677
v 0.67249692 -6.47725814 12.20186991
v 0.03863845 -7.27183237 12.08897103
v -0.52123814 -7.96636026 11.95061091
v -0.50422746 -7.97223253 11.94786185
v -0.53914408 -7.96090715 11.952289
v -0.48815292 -7.97850972 11.94404908
v 0.11467665 -7.29808202 12.07668186
v 0.77520829 -6.5127145 12.18527025
v 0.25085102 -7.55390339 11.70650312
v 0.95914986 -6.85827089 11.68524339
v 0.97141051 -6.837602 11.72478131
v 0.2599287 -7.53860125 11.73577414
v 0.98123554 -6.81693619 11.76330304
v 0.26720142 -7.52330201 11.76429141
v -0.3907508 -8.13980018 11.71544052
v -0.39683642 -8.15005977 11.69581209
v -0.38587407 -8.12954214 11.73456474
v -0.40411817 -8.16029925 11.67572639
v 0.23999384 -7.56917187 11.67655153
v 0.94448347 -6.87889621 11.64478571
v -1.21795191 -7.70151335 10.85239138
v -1.02487192 -7.0576609 10.53153198
v -1.00761999 -7.07507644 10.50963361
v -1.20518103 -7.71440749 10.83617953
v -0.98803932 -7.09192356 10.489645
v -1.19068631 -7.72688051 10.82138105
v -1.37323038 -8.25769056 11.11218522
v -1.38179572 -8.24904582 11.12305681
v -1.36351204 -8.26605765 11.10226229
v -1.38918598 -8.24013942 11.13484828
v -1.22897362 -7.68823374 10.86997566
v -1.03975685 -7.0397197 10.55528451
v -0.01852349 -7.25753249 12.08915568
v 0.59528667 -6.45794079 12.20212084
v 0.55433703 -6.4496486 12.19899838
v -0.0488368 -7.25139165 12.08684494
v 0.51195579 -6.44229359 12.19371777
v -0.08021284 -7.24594659 12.0829351
v -0.5978049 -7.94720178 11.95086367
v -0.57747637 -7.9513189 11.95241339
v -0.61884499 -7.94355073 11.9482423
v -0.55790503 -7.95588969 11.95289014
v 0.01066054 -7.26434981 12.08986612
v 0.6347059 -6.46715098 12.20307992
v 0.27625426 -7.4928641 11.81879164
v 0.99346457 -6.77582044 11.83692032
v 0.9958523 -6.75546706 11.87184393
v 0.27802324 -7.47779501 11.84464659
v 0.99574251 -6.73531665 11.90539576
v 0.27794255 -7.46287738 11.86948627
v -0.37861666 -8.09902442 11.7884491
v -0.37980287 -8.10912851 11.77111029
v -0.37867009 -8.08901927 11.80510558
v -0.38222262 -8.11930861 11.753135
v 0.27264414 -7.50804598 11.79198528
v 0.98858856 -6.79632691 11.80071081
v -1.15665889 -7.75044576 10.7961747
v -0.94207895 -7.12375749 10.45559599
v -0.91581628 -7.13866588 10.44160879
v -1.13721835 -7.76148525 10.78581963
v -1.32765618 -8.28926085 11.07841442
v -1.34069381 -8.28185874 11.08535793
v -1.35265554 -8.2741188 11.093314
v -1.17449767 -7.73890311 10.80803739
v -1.36351204 -8.26605765 11.10226229
v -1.19068631 -7.72688051 10.82138105
v -0.96617373 -7.10816447 10.47161996
v -0.98803932 -7.09192356 10.489645
v -0.14585022 -7.237198 12.07035328
v 0.42329406 -6.43047584 12.17672176
v 0.37723553 -6.42603469 12.16505816
v -0.17994794 -7.23391032 12.06171889
v -0.68572514 -7.93547773 11.93401447
v -0.66286038 -7.93768353 11.93980482
v -0.64054808 -7.94037588 11.94455194
v -0.11257807 -7.24121358 12.07743215
v 0.46823774 -6.43589899 12.18628347
v 0.2722279 -7.43363685 11.91587673
v 0.98802377 -6.69581999 11.96805984
v 0.98044597 -6.67656508 11.9970269
v 0.26661835 -7.4193821 11.93732196
v -0.38626449 -8.05985291 11.85059551
v -0.38250129 -8.06941048 11.83621499
v -0.37996663 -8.07913975 11.82104
v 0.27600599 -7.4481467 11.89324652
v 0.99312825 -6.71541915 11.93749248
vn -0.98088 0.15147 -0.12217
vn -0.98562 0.12574 -0.11286
vn -0.98963 0.12012 -0.07871
vn -0.98557 0.14481 -0.08759
vn -0.99201 0.11084 -0.06024
vn -0.98864 0.13373 -0.06867
vn -0.98953 0.10023 -0.10383
vn -0.99294 0.09568 -0.07016
vn -0.99473 0.08826 -0.05216
vn -0.98069 0.16993 -0.09684
vn -0.97523 0.17759 -0.13187
vn -0.97489 0.19556 -0.10651
vn -0.96858 0.2042 -0.14194
vn -0.98455 0.15705 -0.07746
vn -0.97967 0.18092 -0.08667
vn -0.96511 0.1797 -0.19047
vn -0.97165 0.15345 -0.17985
vn -0.95058 0.17793 -0.25444
vn -0.95826 0.15211 -0.24208
vn -0.9575 0.20641 -0.20149
vn -0.94178 0.20408 -0.26722
vn -0.97724 0.12748 -0.16956
vn -0.98192 0.10175 -0.15961
vn -0.96491 0.12656 -0.23009
vn -0.9706 0.10111 -0.21843
vn -0.6128 0.72111 -0.32323
vn -0.6749 0.67359 -0.30132
vn -0.70966 0.64313 -0.2877
vn -0.64933 0.69395 -0.31112
vn -0.73417 0.61973 -0.27736
vn -0.67563 0.6727 -0.30165
vn -0.72712 0.6269 -0.2798
vn -0.75925 0.5943 -0.26524
vn -0.78152 0.56968 -0.25435
vn -0.57623 0.74554 -0.33485
vn -0.53934 0.7682 -0.34493
vn -0.48834 0.79585 -0.35799
vn -0.45324 0.81298 -0.36556
vn -0.60337 0.72743 -0.3268
vn -0.51473 0.78187 -0.35176
vn -0.49707 0.79162 -0.35534
vn -0.56988 0.74986 -0.33608
vn -0.45703 0.81151 -0.36412
vn -0.5282 0.77483 -0.34734
vn -0.41402 0.83027 -0.37315
vn -0.37774 0.84466 -0.3793
vn -0.63309 0.70658 -0.31612
vn -0.6876 0.663 -0.29604
vn -0.59146 0.73591 -0.32955
vn -0.64735 0.69575 -0.31124
vn -0.64002 -0.7542 0.14683
vn -0.5668 -0.80879 0.15684
vn -0.60371 -0.78228 0.15354
vn -0.67588 -0.7231 0.14253
vn -0.6308 -0.7613 0.15003
vn -0.70158 -0.69904 0.13831
vn -0.4793 -0.8617 0.16654
vn -0.51517 -0.84114 0.16456
vn -0.54209 -0.82457 0.16194
vn -0.73426 -0.66593 0.13187
vn -0.70078 -0.70011 0.13691
vn -0.78146 -0.61195 0.12183
vn -0.75098 -0.64792 0.12736
vn -0.7578 -0.63997 0.12721
vn -0.80248 -0.58512 0.11692
vn -0.66019 -0.73781 0.14066
vn -0.59765 -0.78769 0.14954
vn -0.61993 -0.77238 0.13825
vn -0.55661 -0.81783 0.14607
vn -0.71323 -0.68842 0.13184
vn -0.67495 -0.72626 0.13035
vn -0.52429 -0.83669 0.1583
vn -0.43917 -0.88283 0.16654
vn -0.48418 -0.8614 0.15351
vn -0.40222 -0.90139 0.16035
vn 0.95247 0.27934 -0.12156
vn 0.9429 0.30535 -0.13306
vn 0.95233 0.27977 -0.12165
vn 0.96043 0.2555 -0.11091
vn 0.9583 0.26201 -0.11408
vn 0.96544 0.23903 -0.10389
vn 0.93168 0.33293 -0.14536
vn 0.94279 0.30562 -0.13321
vn 0.94986 0.28658 -0.12507
vn 0.96733 0.23259 -0.10084
vn 0.96067 0.25465 -0.11072
vn 0.97325 0.21079 -0.0914
vn 0.96772 0.23109 -0.10053
vn 0.97151 0.21739 -0.0944
vn 0.9767 0.19685 -0.08551
vn 0.95133 0.28224 -0.12375
vn 0.94138 0.30897 -0.13541
vn 0.94013 0.31083 -0.13975
vn 0.92823 0.33952 -0.15201
vn 0.95993 0.25655 -0.11274
vn 0.9505 0.2831 -0.12806
vn 0.92985 0.33699 -0.14774
vn 0.91642 0.36647 -0.16083
vn 0.91453 0.36937 -0.16489
vn 0.89873 0.40053 -0.17851
vn -0.24418 0.88413 -0.39836
vn -0.35445 0.85266 -0.38385
vn -0.38497 0.84153 -0.37898
vn -0.26698 0.87859 -0.39599
vn -0.40838 0.83229 -0.37487
vn -0.28481 0.87389 -0.39395
vn -0.13703 0.90299 -0.40721
vn -0.12476 0.90453 -0.40774
vn 0 0.91157 -0.41115
vn 0 0.91164 -0.411
vn -0.14673 0.9017 -0.40669
vn 0 0.91155 -0.41119
vn -0.11179 0.90605 -0.40813
vn -0.21974 0.88955 -0.40051
vn -0.10038 0.90742 -0.40807
vn -0.19804 0.89401 -0.40191
vn 0 0.91175 -0.41075
vn 0 0.91202 -0.41015
vn -0.32112 0.86365 -0.38857
vn -0.29097 0.87267 -0.39214
vn -0.82633 -0.55236 0.10984
vn -0.79233 -0.59851 0.11832
vn -0.81956 -0.56183 0.11252
vn -0.85036 -0.51584 0.10395
vn -0.83806 -0.53488 0.10749
vn -0.86648 -0.48932 0.09891
vn -0.87549 -0.47359 0.09604
vn -0.85447 -0.50939 0.10193
vn -0.89617 -0.43475 0.08878
vn -0.87792 -0.46939 0.09452
vn -0.88944 -0.44787 0.09113
vn -0.90816 -0.41012 0.08396
vn -0.8271 -0.55172 0.1073
vn -0.79549 -0.59494 0.11509
vn -0.79781 -0.5933 0.10728
vn -0.76297 -0.63617 0.11475
vn -0.85386 -0.51083 0.09989
vn -0.82777 -0.55209 0.10001
vn -0.75794 -0.64057 0.12327
vn -0.72237 -0.68058 0.12244
vn 0.97894 0.18702 -0.08185
vn 0.97377 0.20857 -0.09092
vn 0.9783 0.19007 -0.08252
vn 0.9826 0.17027 -0.07416
vn 0.98111 0.17737 -0.07715
vn 0.98487 0.15879 -0.06934
vn 0.98627 0.15125 -0.06629
vn 0.98335 0.16627 -0.07328
vn 0.98939 0.13285 -0.05881
vn 0.98712 0.14616 -0.06513
vn 0.98807 0.141 -0.06195
vn 0.99079 0.12379 -0.05497
vn 0.97917 0.18531 -0.08301
vn 0.97371 0.2082 -0.09238
vn 0.97393 0.20539 -0.09629
vn 0.96724 0.23048 -0.10639
vn 0.98383 0.16306 -0.07404
vn 0.97967 0.18092 -0.08667
vn 0.96734 0.23192 -0.10227
vn 0.95949 0.25633 -0.11695
vn -0.9139 -0.39776 0.08112
vn -0.89751 -0.43221 0.08759
vn -0.91326 -0.39904 0.08204
vn -0.92744 -0.36623 0.07578
vn -0.92353 -0.37563 0.07743
vn -0.93621 -0.34411 0.07138
vn -0.93931 -0.33586 0.06995
vn -0.92772 -0.36565 0.07502
vn -0.94933 -0.3076 0.06443
vn -0.93947 -0.33556 0.06919
vn -0.94677 -0.31511 0.06577
vn -0.95565 -0.28822 0.06049
vn -0.91203 -0.40227 0.07981
vn -0.89568 -0.43627 0.08616
vn -0.89451 -0.43987 0.07978
vn -0.87551 -0.47543 0.08628
vn -0.92604 -0.37017 0.07367
vn -0.91094 -0.40594 0.07346
vn -0.8765 -0.47237 0.09284
vn -0.85347 -0.51278 0.09302
vn 0.99293 0.10767 -0.05002
vn 0.99029 0.12665 -0.05738
vn 0.99201 0.11506 -0.05173
vn 0.99419 0.09778 -0.04499
vn 0.99307 0.10715 -0.04834
vn 0.99496 0.09104 -0.04206
vn 0.99598 0.0809 -0.03858
vn 0.99509 0.08914 -0.043
vn 0.9974 0.06433 -0.03244
vn 0.99682 0.07093 -0.03629
vn 0.99651 0.07532 -0.03607
vn 0.99774 0.05988 -0.03034
vn 0.99378 0.09964 -0.04965
vn 0.99108 0.12031 -0.05741
vn 0.99201 0.11084 -0.06024
vn 0.98864 0.13373 -0.06867
vn 0.99596 0.07932 -0.04221
vn 0.99473 0.08826 -0.05216
vn 0.98778 0.1414 -0.06552
vn 0.98455 0.15705 -0.07746
vn -0.958 -0.28078 0.05832
vn -0.94948 -0.3073 0.06363
vn -0.95781 -0.28123 0.05921
vn -0.965 -0.25657 0.05423
vn -0.96314 -0.26322 0.05548
vn -0.96947 -0.23991 0.05075
vn -0.97114 -0.23335 0.04944
vn -0.96529 -0.25569 0.0532
vn -0.97639 -0.21134 0.04477
vn -0.97157 -0.23182 0.04816
vn -0.97485 -0.21803 0.04621
vn -0.97945 -0.19731 0.04181
vn -0.95721 -0.2838 0.05658
vn -0.94835 -0.31108 0.06211
vn -0.94802 -0.31334 0.05545
vn -0.9374 -0.34282 0.06131
vn -0.96488 -0.25768 0.05115
vn -0.95723 -0.28502 0.04965
vn -0.93805 -0.33981 0.06778
vn -0.92514 -0.37362 0.0673
vn 0.9991 0.03522 -0.02368
vn 0.99815 0.05295 -0.02985
vn 0.99849 0.04804 -0.02655
vn 0.99927 0.03195 -0.02094
vn 0.99869 0.04468 -0.02487
vn 0.99937 0.02969 -0.01962
vn 0.99975 0.01599 -0.01553
vn 0.99969 0.01764 -0.01773
vn 0.99995 6E-05 -0.01032
vn 0.99993 6E-05 -0.01199
vn 0.99978 0.01486 -0.01459
vn 0.99995 3E-05 -0.00971
vn 0.99957 0.01975 -0.02161
vn 0.99882 0.03943 -0.0282
vn 0.99932 0.02197 -0.0297
vn 0.99835 0.04389 -0.0369
vn 0.99988 9E-05 -0.01523
vn 0.99974 6E-05 -0.02271
vn 0.99763 0.05924 -0.03507
vn 0.99684 0.06595 -0.04437
vn -0.98155 -0.18732 0.03842
vn -0.97695 -0.20906 0.04325
vn -0.98088 -0.19041 0.04022
vn -0.98471 -0.17048 0.03574
vn -0.98337 -0.17768 0.03751
vn -0.98672 -0.159 0.03333
vn -0.98798 -0.15137 0.03134
vn -0.98548 -0.16645 0.0336
vn -0.99076 -0.13291 0.02692
vn -0.98883 -0.14622 0.02881
vn -0.98956 -0.14112 0.02918
vn -0.99199 -0.12385 0.02503
vn -0.98198 -0.18565 0.03525
vn -0.97714 -0.20872 0.0405
vn -0.97799 -0.20613 0.03247
vn -0.97208 -0.23151 0.03818
vn -0.98614 -0.16322 0.02997
vn -0.98305 -0.1814 0.02673
vn -0.97148 -0.23268 0.04581
vn -0.96522 -0.25773 0.04389
vn 0.99938 -0.03507 -0.00107
vn 0.99983 -0.01746 -0.00644
vn 0.99986 -0.01587 -0.00525
vn 0.99949 -0.03183 -0.00037
vn 0.99988 -0.01477 -0.00501
vn 0.99956 -0.02963 -0.00046
vn 0.99884 -0.04791 0.00436
vn 0.9986 -0.0528 0.00412
vn 0.99789 -0.06424 0.00903
vn 0.99745 -0.07077 0.00925
vn 0.999 -0.04462 0.00397
vn 0.99817 -0.05982 0.0083
vn 0.99825 -0.05908 0.00266
vn 0.99922 -0.03925 -0.00311
vn 0.99782 -0.06586 -0.00308
vn 0.999 -0.04376 -0.00943
vn 0.99683 -0.07917 0.00833
vn 0.9961 -0.08823 0.00311
vn 0.99977 -0.01953 -0.00906
vn 0.99963 -0.02182 -0.01596
vn -0.99401 -0.10761 0.01914
vn -0.99166 -0.12662 0.02399
vn -0.9931 -0.11505 0.02252
vn -0.99505 -0.09772 0.0181
vn -0.99402 -0.10718 0.02091
vn -0.99571 -0.09104 0.01675
vn -0.99663 -0.08085 0.01361
vn -0.99592 -0.08905 0.01425
vn -0.99789 -0.06424 0.00903
vn -0.99745 -0.07077 0.00925
vn -0.99708 -0.07529 0.01257
vn -0.99817 -0.05982 0.0083
vn -0.99494 -0.09955 0.01389
vn -0.99255 -0.12028 0.01932
vn -0.99379 -0.11091 0.00916
vn -0.99088 -0.13389 0.01511
vn -0.99683 -0.07917 0.00833
vn -0.9961 -0.08823 0.00311
vn -0.98964 -0.14146 0.02466
vn -0.98732 -0.15736 0.02097
vn 0.99401 -0.10761 0.01914
vn 0.99592 -0.08905 0.01425
vn 0.99663 -0.08085 0.01361
vn 0.99505 -0.09772 0.0181
vn 0.99708 -0.07529 0.01257
vn 0.99571 -0.09104 0.01675
vn 0.9931 -0.11505 0.02252
vn 0.99166 -0.12662 0.02399
vn 0.99076 -0.13291 0.02692
vn 0.98883 -0.14622 0.02881
vn 0.99402 -0.10718 0.02091
vn 0.99199 -0.12385 0.02503
vn 0.98964 -0.14146 0.02466
vn 0.99255 -0.12028 0.01932
vn 0.98732 -0.15736 0.02097
vn 0.99088 -0.13389 0.01511
vn 0.98614 -0.16322 0.02997
vn 0.98305 -0.1814 0.02673
vn 0.99493 -0.09958 0.01389
vn 0.99379 -0.11091 0.00919
vn -0.99938 -0.03507 -0.00107
vn -0.9986 -0.0528 0.00412
vn -0.99884 -0.04791 0.00436
vn -0.99949 -0.03183 -0.00037
vn -0.999 -0.04462 0.00397
vn -0.99956 -0.02963 -0.00046
vn -0.99986 -0.01587 -0.00525
vn -0.99983 -0.01746 -0.00644
vn -0.99995 6E-05 -0.01032
vn -0.99993 6E-05 -0.01199
vn -0.99988 -0.01477 -0.00501
vn -0.99995 3E-05 -0.00971
vn -0.99977 -0.01953 -0.00906
vn -0.99922 -0.03925 -0.00311
vn -0.99963 -0.02182 -0.01596
vn -0.999 -0.04376 -0.00943
vn -0.99988 9E-05 -0.01523
vn -0.99974 6E-05 -0.02271
vn -0.99825 -0.05908 0.00266
vn -0.99782 -0.06586 -0.00308
vn 0.98155 -0.18732 0.03842
vn 0.98548 -0.16645 0.0336
vn 0.98798 -0.15137 0.03134
vn 0.98471 -0.17048 0.03574
vn 0.98956 -0.14112 0.02918
vn 0.98672 -0.159 0.03333
vn 0.98088 -0.19041 0.04022
vn 0.97695 -0.20906 0.04325
vn 0.97639 -0.21134 0.04477
vn 0.97157 -0.23182 0.04816
vn 0.98337 -0.17768 0.03751
vn 0.97945 -0.19731 0.04181
vn 0.97148 -0.23268 0.04581
vn 0.97713 -0.20875 0.0405
vn 0.96522 -0.25773 0.04389
vn 0.97208 -0.23151 0.03818
vn 0.96488 -0.25768 0.05115
vn 0.95723 -0.28502 0.04965
vn 0.98198 -0.18565 0.03525
vn 0.97799 -0.20613 0.03247
vn -0.9991 0.03522 -0.02368
vn -0.99969 0.01764 -0.01773
vn -0.99975 0.01599 -0.01553
vn -0.99927 0.03195 -0.02094
vn -0.99978 0.01486 -0.01459
vn -0.99937 0.02969 -0.01962
vn -0.99849 0.04804 -0.02655
vn -0.99815 0.05295 -0.02985
vn -0.9974 0.06433 -0.03244
vn -0.99682 0.07093 -0.03629
vn -0.99869 0.04468 -0.02487
vn -0.99774 0.05988 -0.03034
vn -0.99763 0.05924 -0.03507
vn -0.99882 0.03943 -0.0282
vn -0.99684 0.06595 -0.04437
vn -0.99835 0.04389 -0.0369
vn -0.99596 0.07932 -0.04221
vn -0.99957 0.01975 -0.02161
vn -0.99932 0.02197 -0.0297
vn 0.958 -0.28078 0.05832
vn 0.96529 -0.25569 0.0532
vn 0.97114 -0.23335 0.04944
vn 0.965 -0.25657 0.05423
vn 0.97485 -0.21803 0.04621
vn 0.96947 -0.23991 0.05075
vn 0.95781 -0.28123 0.05921
vn 0.94948 -0.3073 0.06363
vn 0.94933 -0.3076 0.06443
vn 0.93947 -0.33556 0.06919
vn 0.96314 -0.26322 0.05548
vn 0.95565 -0.28822 0.06049
vn 0.93805 -0.33981 0.06778
vn 0.94835 -0.31108 0.06211
vn 0.92514 -0.37362 0.0673
vn 0.9374 -0.34282 0.06131
vn 0.92604 -0.37017 0.07367
vn 0.91094 -0.40594 0.07346
vn 0.95721 -0.2838 0.05658
vn 0.94802 -0.31334 0.05545
vn -0.99293 0.10767 -0.05002
vn -0.99509 0.08914 -0.043
vn -0.99598 0.0809 -0.03858
vn -0.99419 0.09778 -0.04499
vn -0.99651 0.07532 -0.03607
vn -0.99496 0.09104 -0.04206
vn -0.99201 0.11506 -0.05173
vn -0.99028 0.12665 -0.05741
vn -0.98939 0.13285 -0.05881
vn -0.98712 0.14616 -0.06513
vn -0.99307 0.10715 -0.04834
vn -0.99079 0.12379 -0.05497
vn -0.98778 0.1414 -0.06552
vn -0.99108 0.12031 -0.05741
vn -0.98383 0.16306 -0.07404
vn -0.99378 0.09964 -0.04965
vn 0.9139 -0.39776 0.08112
vn 0.92772 -0.36565 0.07502
vn 0.93931 -0.33586 0.06995
vn 0.92744 -0.36623 0.07578
vn 0.94677 -0.31511 0.06577
vn 0.93621 -0.34411 0.07138
vn 0.91326 -0.39904 0.08204
vn 0.8975 -0.43224 0.08759
vn 0.89617 -0.43475 0.08878
vn 0.87792 -0.46939 0.09452
vn 0.92353 -0.37563 0.07743
vn 0.90816 -0.41012 0.08396
vn 0.87649 -0.47238 0.09284
vn 0.89568 -0.43627 0.08616
vn 0.85347 -0.51278 0.09302
vn 0.87551 -0.47543 0.08628
vn 0.85386 -0.51083 0.09989
vn 0.82777 -0.55209 0.10001
vn 0.91202 -0.4023 0.07981
vn 0.89451 -0.43987 0.07978
vn -0.97894 0.18702 -0.08185
vn -0.98335 0.16627 -0.07328
vn -0.98627 0.15125 -0.06629
vn -0.9826 0.17027 -0.07416
vn -0.98807 0.141 -0.06195
vn -0.98487 0.15879 -0.06934
vn -0.9783 0.19007 -0.08252
vn -0.97377 0.20857 -0.09092
vn -0.97324 0.21082 -0.0914
vn -0.96772 0.23109 -0.10053
vn -0.98111 0.17737 -0.07715
vn -0.9767 0.19685 -0.08551
vn -0.96734 0.23192 -0.10227
vn -0.97371 0.2082 -0.09238
vn -0.95949 0.25633 -0.11695
vn -0.96724 0.23048 -0.10639
vn -0.95993 0.25655 -0.11274
vn -0.9505 0.2831 -0.12806
vn -0.97917 0.18531 -0.08301
vn -0.97393 0.20539 -0.09629
vn 0.82633 -0.55236 0.10984
vn 0.85447 -0.50939 0.10193
vn 0.87549 -0.47359 0.09604
vn 0.85036 -0.51584 0.10395
vn 0.88943 -0.44789 0.09113
vn 0.86648 -0.48932 0.09891
vn 0.81956 -0.56183 0.11252
vn 0.79233 -0.59851 0.11832
vn 0.78146 -0.61195 0.12183
vn 0.75098 -0.64792 0.12736
vn 0.83806 -0.53488 0.10749
vn 0.80248 -0.58512 0.11692
vn 0.75794 -0.64057 0.12327
vn 0.79549 -0.59494 0.11509
vn 0.72237 -0.68058 0.12244
vn 0.76297 -0.63617 0.11475
vn 0.71325 -0.6884 0.13185
vn 0.67495 -0.72626 0.13035
vn 0.8271 -0.55172 0.1073
vn 0.79781 -0.5933 0.10728
vn 0.24418 0.88413 -0.39836
vn 0.12479 0.90453 -0.40774
vn 0.13706 0.90299 -0.40721
vn 0.26701 0.87858 -0.39598
vn 0.14673 0.9017 -0.40669
vn 0.28481 0.87389 -0.39395
vn 0.38497 0.84153 -0.37898
vn 0.35445 0.85266 -0.38385
vn 0.48836 0.79584 -0.35796
vn 0.45324 0.81298 -0.36556
vn 0.40838 0.83229 -0.37487
vn 0.51473 0.78187 -0.35176
vn 0.32112 0.86365 -0.38857
vn 0.21977 0.88955 -0.40051
vn 0.29097 0.87267 -0.39214
vn 0.19804 0.89401 -0.40191
vn 0.41402 0.83027 -0.37315
vn 0.37774 0.84466 -0.3793
vn 0.11179 0.90605 -0.40813
vn 0.10038 0.90743 -0.40804
vn -0.95247 0.27934 -0.12156
vn -0.96067 0.25465 -0.11072
vn -0.96733 0.23259 -0.10084
vn -0.96043 0.2555 -0.11091
vn -0.97151 0.21739 -0.0944
vn -0.96544 0.23903 -0.10389
vn -0.95232 0.27977 -0.12168
vn -0.9429 0.30535 -0.13306
vn -0.94279 0.30561 -0.13324
vn -0.93168 0.33293 -0.14536
vn -0.9583 0.26201 -0.11408
vn -0.94986 0.28658 -0.12507
vn -0.92985 0.33699 -0.14774
vn -0.94138 0.30897 -0.13541
vn -0.91453 0.36937 -0.16492
vn -0.92823 0.33952 -0.15201
vn -0.91642 0.36647 -0.16083
vn -0.89874 0.40051 -0.17851
vn -0.95133 0.28224 -0.12375
vn -0.94013 0.31083 -0.13975
vn 0.64002 -0.7542 0.14683
vn 0.70078 -0.70011 0.13691
vn 0.73426 -0.66593 0.13187
vn 0.67588 -0.7231 0.14253
vn 0.7578 -0.63997 0.12721
vn 0.70158 -0.69904 0.13831
vn 0.60373 -0.78226 0.15354
vn 0.5668 -0.80879 0.15684
vn 0.51517 -0.84114 0.16456
vn 0.4793 -0.8617 0.16654
vn 0.6308 -0.7613 0.15003
vn 0.54209 -0.82457 0.16194
vn 0.52429 -0.83669 0.1583
vn 0.59763 -0.7877 0.14954
vn 0.48418 -0.8614 0.15351
vn 0.55661 -0.81783 0.14607
vn 0.43917 -0.88283 0.16654
vn 0.40222 -0.90139 0.16035
vn 0.66019 -0.73781 0.14066
vn 0.61993 -0.77238 0.13825
vn 0.6128 0.72111 -0.32323
vn 0.53934 0.7682 -0.34493
vn 0.57623 0.74554 -0.33485
vn 0.64933 0.69395 -0.31112
vn 0.60337 0.72743 -0.3268
vn 0.67563 0.6727 -0.30165
vn 0.70966 0.64313 -0.2877
vn 0.6749 0.67359 -0.30132
vn 0.75926 0.59428 -0.26524
vn 0.72714 0.62688 -0.2798
vn 0.73417 0.61973 -0.27736
vn 0.78152 0.56968 -0.25435
vn 0.63309 0.70658 -0.31612
vn 0.56988 0.74986 -0.33608
vn 0.5915 0.73589 -0.32955
vn 0.5282 0.77483 -0.34734
vn 0.6876 0.663 -0.29604
vn 0.64735 0.69575 -0.31124
vn 0.49707 0.79162 -0.35534
vn 0.45703 0.81151 -0.36412
vn -0.90311 0.3932 -0.17258
vn -0.91853 0.36217 -0.15855
vn -0.93152 0.33323 -0.14567
vn -0.91823 0.36272 -0.15904
vn -0.93986 0.31291 -0.13694
vn -0.928 0.34117 -0.14973
vn -0.90242 0.3944 -0.17347
vn -0.88493 0.42626 -0.18763
vn -0.88345 0.42865 -0.18913
vn -0.86335 0.46163 -0.2038
vn -0.9138 0.37175 -0.16364
vn -0.89666 0.40499 -0.17881
vn -0.8616 0.46436 -0.20497
vn -0.88273 0.43001 -0.1894
vn -0.83556 0.50189 -0.22349
vn -0.85964 0.46674 -0.20778
vn -0.83686 0.5006 -0.22151
vn -0.80773 0.53852 -0.23994
vn -0.90084 0.39745 -0.17472
vn -0.88055 0.43298 -0.19279
vn 0.261 -0.94795 0.18238
vn 0.37703 -0.90946 0.1753
vn 0.40878 -0.89575 0.17475
vn 0.28508 -0.94083 0.1832
vn 0.4332 -0.88449 0.17326
vn 0.30401 -0.93497 0.18278
vn 0.14689 -0.97096 0.18882
vn 0.1338 -0.9732 0.18702
vn 0 -0.98162 0.19084
vn 0 -0.98205 0.18864
vn 0.15733 -0.96924 0.18928
vn 0 -0.98147 0.1916
vn 0.12 -0.97574 0.18312
vn 0.23524 -0.95523 0.17945
vn 0.10801 -0.97888 0.17356
vn 0.21257 -0.96212 0.17072
vn 0 -0.98285 0.18439
vn 0 -0.98464 0.17457
vn 0.34236 -0.92336 0.17378
vn 0.31123 -0.93569 0.16621
vn 0.80723 0.53946 -0.23951
vn 0.77083 0.58197 -0.25911
vn 0.79991 0.54825 -0.24406
vn 0.83321 0.5054 -0.22435
vn 0.81977 0.52316 -0.23298
vn 0.8507 0.48041 -0.21336
vn 0.86067 0.4656 -0.20607
vn 0.83771 0.49935 -0.22111
vn 0.88345 0.42865 -0.18913
vn 0.86335 0.46163 -0.2038
vn 0.87593 0.44112 -0.19535
vn 0.89667 0.40498 -0.17881
vn 0.80788 0.53873 -0.23894
vn 0.774 0.57859 -0.25722
vn 0.77562 0.57648 -0.25707
vn 0.73872 0.61548 -0.27473
vn 0.83686 0.5006 -0.22151
vn 0.80773 0.53852 -0.23994
vn 0.73427 0.62009 -0.27629
vn 0.69623 0.65536 -0.29286
vn -0.80723 0.53946 -0.23951
vn -0.83771 0.49935 -0.22111
vn -0.86067 0.4656 -0.20607
vn -0.83321 0.5054 -0.22435
vn -0.87593 0.44112 -0.19535
vn -0.8507 0.48041 -0.21336
vn -0.79991 0.54825 -0.24406
vn -0.77083 0.58197 -0.25911
vn -0.81977 0.52316 -0.23298
vn -0.73427 0.62009 -0.27629
vn -0.774 0.57859 -0.25722
vn -0.69623 0.65536 -0.29286
vn -0.73872 0.61548 -0.27473
vn -0.80788 0.53873 -0.23894
vn -0.77562 0.57648 -0.25707
vn -0.261 -0.94795 0.18238
vn -0.1338 -0.9732 0.18702
vn -0.14689 -0.97096 0.18882
vn -0.28508 -0.94083 0.1832
vn -0.15733 -0.96924 0.18928
vn -0.30401 -0.93497 0.18278
vn -0.40878 -0.89575 0.17475
vn -0.37703 -0.90946 0.1753
vn -0.4332 -0.88449 0.17326
vn -0.34236 -0.92336 0.17378
vn -0.23527 -0.95522 0.17945
vn -0.31123 -0.93569 0.16621
vn -0.21257 -0.96212 0.17072
vn -0.12 -0.97574 0.18312
vn -0.10801 -0.97888 0.17356
vn 0.90311 0.3932 -0.17258
vn 0.88493 0.42626 -0.18763
vn 0.90242 0.3944 -0.17347
vn 0.91823 0.36272 -0.15904
vn 0.9138 0.37175 -0.16364
vn 0.928 0.34117 -0.14973
vn 0.93152 0.33323 -0.14567
vn 0.91853 0.36217 -0.15855
vn 0.93986 0.31291 -0.13694
vn 0.90084 0.39745 -0.17472
vn 0.88273 0.43001 -0.1894
vn 0.88055 0.43298 -0.19279
vn 0.85964 0.46674 -0.20778
vn 0.86161 0.46435 -0.20497
vn 0.83556 0.50189 -0.22349
vn 0.35509 0.57929 -0.73371
vn 0.4034 0.56927 -0.71638
vn 0.31389 0.61828 -0.72055
vn 0.3561 0.60639 -0.71098
vn 0.29954 0.62469 -0.72113
vn 0.35427 0.61005 -0.70875
vn 0.21656 0.61776 -0.75595
vn 0.23888 0.63505 -0.73461
vn 0.24247 0.63708 -0.73166
vn 0.3901 0.59593 -0.70192
vn 0.27422 0.60349 -0.74873
vn 0.4504 0.57452 -0.68342
vn 0.41439 0.56623 -0.71251
vn 0.40646 0.59343 -0.69472
vn 0.4559 0.57504 -0.67933
vn 0.0907 0.3676 -0.92555
vn 0.13956 0.26302 -0.95464
vn 0.01602 0.06385 -0.99783
vn 0.02301 0.04105 -0.99889
vn 0.33095 0.40361 -0.85298
vn 0.0665 0.08292 -0.99433
vn 0.30645 0.31832 -0.89709
vn 0.1782 0.45571 -0.87211
vn 0.05631 0.05851 -0.9967
vn 0.03415 0.08835 -0.9955
vn 0.84868 -0.5263 0.05246
vn 0.87102 -0.48913 0.04563
vn 0.87984 -0.47015 0.06964
vn 0.85872 -0.50674 0.07624
vn 0.89057 -0.45318 0.03888
vn 0.89823 -0.43495 0.0632
vn 0.83443 -0.54483 0.08295
vn 0.8231 -0.56479 0.05936
vn 0.8064 -0.5845 0.08985
vn 0.79373 -0.60464 0.06635
vn 0.8186 -0.57384 0.02445
vn 0.84462 -0.5351 0.01685
vn 0.81763 -0.57574 6E-05
vn 0.84362 -0.53687 -0.00876
vn 0.78876 -0.61386 0.03208
vn 0.78779 -0.61588 0.00897
vn 0.86736 -0.49759 0.00931
vn 0.88728 -0.46123 0.00177
vn 0.86629 -0.49923 -0.01764
vn 0.8861 -0.46273 -0.02655
vn -0.95197 0.25898 -0.16334
vn -0.96086 0.23133 -0.15244
vn -0.9681 0.22178 -0.11658
vn -0.96024 0.24858 -0.12705
vn -0.95118 0.27604 -0.13804
vn -0.94178 0.28727 -0.17469
vn -0.94074 0.3044 -0.14952
vn -0.93014 0.3163 -0.18653
vn -0.92745 0.2892 -0.23707
vn -0.93877 0.26112 -0.22477
vn -0.90781 0.28453 -0.30809
vn -0.92051 0.25733 -0.29402
vn -0.91458 0.31797 -0.24986
vn -0.89354 0.31221 -0.32265
vn -0.94874 0.23356 -0.21293
vn -0.93178 0.23054 -0.28041
vn 0.72179 -0.68742 0.08045
vn 0.76011 -0.64563 0.0734
vn 0.77409 -0.62561 0.0969
vn 0.73698 -0.66786 0.10404
vn 0.69433 -0.711 0.11127
vn 0.67807 -0.72977 0.0875
vn 0.6453 -0.75468 0.11851
vn 0.62824 -0.77226 0.09449
vn 0.67182 -0.73869 0.05472
vn 0.71591 -0.69659 0.04724
vn 0.67075 -0.74085 0.0351
vn 0.71488 -0.69874 0.02652
vn 0.62172 -0.78078 0.06202
vn 0.62063 -0.7829 0.04343
vn 0.75468 -0.65489 0.03971
vn 0.7537 -0.65698 0.01779
vn 0.17069 0.88198 -0.43929
vn 0.08622 0.89192 -0.4439
vn 0.09208 0.90544 -0.41436
vn 0.18205 0.8941 -0.4092
vn 0 0.89529 -0.44548
vn 0 0.90932 -0.4161
vn 0.26845 0.8759 -0.40093
vn 0.2523 0.86594 -0.43184
vn 0.35015 0.85167 -0.38994
vn 0.33007 0.84444 -0.42187
vn 0.2371 0.83201 -0.50155
vn 0.1601 0.84593 -0.50869
vn 0.22001 0.77586 -0.59131
vn 0.14832 0.7874 -0.59833
vn 0.3109 0.81325 -0.49191
vn 0.2892 0.76021 -0.58176
vn 0.08078 0.85451 -0.51312
vn 0 0.85743 -0.51461
vn 0.07474 0.79448 -0.60267
vn 0 0.79689 -0.60413
vn -0.90182 0.37667 -0.21174
vn -0.91686 0.34612 -0.1989
vn -0.92877 0.33361 -0.16154
vn -0.91512 0.36367 -0.17408
vn -0.89952 0.39473 -0.1872
vn -0.88476 0.40808 -0.22511
vn -0.88169 0.42691 -0.20094
vn -0.86538 0.44043 -0.23906
vn -0.86533 0.40799 -0.29113
vn -0.88372 0.37734 -0.27687
vn -0.83984 0.39798 -0.36917
vn -0.85973 0.36895 -0.3532
vn -0.84458 0.43941 -0.30595
vn -0.81763 0.42751 -0.38564
vn -0.90006 0.34736 -0.26313
vn -0.87755 0.34038 -0.3377
vn 0.50878 -0.85414 0.10767
vn 0.5719 -0.81405 0.10126
vn 0.5893 -0.79808 0.12565
vn 0.52599 -0.8401 0.13254
vn 0.45486 -0.87965 0.13898
vn 0.43856 -0.89149 0.11362
vn 0.37572 -0.91535 0.14478
vn 0.36119 -0.92488 0.11887
vn 0.4324 -0.89797 0.0817
vn 0.50225 -0.8614 0.07566
vn 0.43136 -0.89979 0.06565
vn 0.50115 -0.86335 0.05887
vn 0.3557 -0.93054 0.08701
vn 0.35476 -0.93221 0.0716
vn 0.56528 -0.822 0.06907
vn 0.56414 -0.82408 0.05139
vn 0.47015 0.78874 -0.39605
vn 0.40292 0.81837 -0.40978
vn 0.42594 0.82257 -0.37677
vn 0.49514 0.78983 -0.36195
vn 0.55772 0.75448 -0.346
vn 0.53167 0.75635 -0.38112
vn 0.61395 0.71738 -0.3293
vn 0.58762 0.72197 -0.36532
vn 0.50537 0.73506 -0.45199
vn 0.44544 0.76403 -0.46674
vn 0.47471 0.69384 -0.54152
vn 0.41693 0.71865 -0.55652
vn 0.56046 0.70399 -0.43621
vn 0.52838 0.66697 -0.52533
vn 0.38057 0.79032 -0.48016
vn 0.35506 0.74094 -0.57003
vn -0.81865 0.50766 -0.26851
vn -0.84342 0.47365 -0.25355
vn -0.86132 0.46017 -0.21532
vn -0.83815 0.49447 -0.23021
vn -0.81173 0.52982 -0.24571
vn -0.79062 0.54247 -0.28398
vn -0.78154 0.56626 -0.2618
vn -0.75892 0.57803 -0.29988
vn -0.76594 0.53726 -0.35311
vn -0.79518 0.50412 -0.33697
vn -0.73503 0.51813 -0.43734
vn -0.76546 0.4877 -0.41979
vn -0.73314 0.57087 -0.36962
vn -0.70123 0.54873 -0.45516
vn -0.82128 0.47149 -0.32125
vn -0.79289 0.45748 -0.40255
vn 0.1883 -0.97392 0.12656
vn 0.27735 -0.95283 0.12327
vn 0.28929 -0.94547 0.14966
vn 0.19682 -0.96837 0.15339
vn 0.09974 -0.98275 0.15571
vn 0.09531 -0.98711 0.12861
vn 0 -0.98768 0.1565
vn 0 -0.9916 0.12931
vn 0.09363 -0.9909 0.09669
vn 0.1851 -0.97815 0.09467
vn 0.09336 -0.99222 0.0824
vn 0.18455 -0.97955 0.08014
vn 0 -0.99525 0.09739
vn 0 -0.99653 0.08319
vn 0.27287 -0.9577 0.09138
vn 0.27208 -0.95923 0.07651
vn 0.68302 0.6503 -0.33257
vn 0.63801 0.68639 -0.34902
vn 0.664 0.67942 -0.31224
vn 0.7082 0.64134 -0.29518
vn 0.74717 0.60355 -0.27833
vn 0.72314 0.6141 -0.31614
vn 0.78154 0.56626 -0.2618
vn 0.75892 0.57803 -0.29988
vn 0.69649 0.60468 -0.38635
vn 0.65576 0.63831 -0.40316
vn 0.66389 0.5792 -0.47305
vn 0.62282 0.60923 -0.49085
vn 0.73314 0.57087 -0.36962
vn 0.70124 0.54871 -0.45517
vn 0.61054 0.67155 -0.41983
vn 0.57776 0.63859 -0.50833
vn -0.68302 0.6503 -0.33257
vn -0.72314 0.6141 -0.31614
vn -0.74717 0.60355 -0.27833
vn -0.70819 0.64135 -0.29518
vn -0.664 0.67942 -0.31224
vn -0.63801 0.68639 -0.34902
vn -0.61395 0.71738 -0.3293
vn -0.58762 0.72197 -0.36532
vn -0.61054 0.67154 -0.41985
vn -0.65576 0.63831 -0.40316
vn -0.57773 0.63862 -0.50833
vn -0.62283 0.60922 -0.49084
vn -0.56044 0.704 -0.43622
vn -0.52838 0.66697 -0.52533
vn -0.6965 0.60467 -0.38634
vn -0.66389 0.5792 -0.47305
vn -0.1883 -0.97392 0.12656
vn -0.09528 -0.98711 0.12861
vn -0.09974 -0.98275 0.15571
vn -0.19679 -0.96837 0.15339
vn -0.28929 -0.94547 0.14966
vn -0.27735 -0.95283 0.12327
vn -0.37572 -0.91535 0.14478
vn -0.36119 -0.92488 0.11887
vn -0.27287 -0.9577 0.09138
vn -0.1851 -0.97815 0.09467
vn -0.27211 -0.95922 0.07651
vn -0.18455 -0.97955 0.08014
vn -0.3557 -0.93054 0.08701
vn -0.35476 -0.93221 0.0716
vn -0.09363 -0.9909 0.09669
vn -0.09336 -0.99222 0.0824
vn 0.81865 0.50766 -0.26851
vn 0.79062 0.54247 -0.28398
vn 0.81173 0.52982 -0.24571
vn 0.83815 0.49447 -0.23021
vn 0.86132 0.46017 -0.21532
vn 0.84343 0.47366 -0.25352
vn 0.88169 0.42691 -0.20094
vn 0.86538 0.44043 -0.23906
vn 0.82128 0.47149 -0.32125
vn 0.79518 0.50412 -0.33697
vn 0.7929 0.45746 -0.40255
vn 0.76548 0.48766 -0.41979
vn 0.84459 0.43941 -0.30592
vn 0.81763 0.42751 -0.38564
vn 0.76594 0.53726 -0.35311
vn 0.73503 0.51813 -0.43734
vn -0.47015 0.78874 -0.39605
vn -0.53168 0.75634 -0.38113
vn -0.55772 0.75448 -0.346
vn -0.49511 0.78984 -0.36196
vn -0.42594 0.82257 -0.37677
vn -0.40292 0.81837 -0.40978
vn -0.35015 0.85167 -0.38994
vn -0.33009 0.84443 -0.42187
vn -0.38057 0.79031 -0.48018
vn -0.44544 0.76403 -0.46674
vn -0.35506 0.74094 -0.57003
vn -0.41695 0.71864 -0.55652
vn -0.3109 0.81325 -0.49191
vn -0.28917 0.76021 -0.58177
vn -0.50537 0.73506 -0.45199
vn -0.47473 0.69383 -0.54151
vn -0.50878 -0.85414 0.10767
vn -0.43856 -0.89149 0.11362
vn -0.45486 -0.87965 0.13898
vn -0.52599 -0.8401 0.13254
vn -0.5893 -0.79808 0.12565
vn -0.5719 -0.81405 0.10126
vn -0.64529 -0.75469 0.1185
vn -0.62824 -0.77226 0.09449
vn -0.56528 -0.822 0.06907
vn -0.50225 -0.8614 0.07566
vn -0.56414 -0.82408 0.05139
vn -0.50115 -0.86335 0.05887
vn -0.62172 -0.78078 0.06202
vn -0.62061 -0.78291 0.04343
vn -0.4324 -0.89797 0.0817
vn -0.43136 -0.89979 0.06565
vn 0.90182 0.37667 -0.21174
vn 0.88476 0.40808 -0.22511
vn 0.89952 0.39473 -0.1872
vn 0.91512 0.36367 -0.17408
vn 0.92877 0.33361 -0.16154
vn 0.91686 0.34612 -0.1989
vn 0.94074 0.3044 -0.14952
vn 0.93014 0.3163 -0.18653
vn 0.90006 0.34736 -0.26313
vn 0.88372 0.37734 -0.27687
vn 0.87755 0.34038 -0.3377
vn 0.85973 0.36895 -0.3532
vn 0.91458 0.31797 -0.24986
vn 0.89354 0.31221 -0.32265
vn 0.86532 0.40801 -0.29112
vn 0.83985 0.39797 -0.36916
vn -0.17069 0.88198 -0.43929
vn -0.2523 0.86594 -0.43184
vn -0.26845 0.8759 -0.40093
vn -0.18202 0.8941 -0.40921
vn -0.09205 0.90545 -0.41436
vn -0.08619 0.89192 -0.4439
vn -0.08075 0.85451 -0.51312
vn -0.1601 0.84593 -0.50869
vn -0.07474 0.79448 -0.60267
vn -0.14832 0.7874 -0.59833
vn -0.23707 0.83201 -0.50155
vn -0.22001 0.77586 -0.59131
vn -0.72179 -0.68742 0.08045
vn -0.67807 -0.72977 0.0875
vn -0.69432 -0.71101 0.11127
vn -0.73698 -0.66786 0.10404
vn -0.77409 -0.62561 0.0969
vn -0.76011 -0.64563 0.0734
vn -0.8064 -0.5845 0.08985
vn -0.79373 -0.60464 0.06635
vn -0.75469 -0.65489 0.03968
vn -0.71591 -0.69659 0.04724
vn -0.7537 -0.65698 0.01779
vn -0.71488 -0.69874 0.02652
vn -0.78876 -0.61386 0.03208
vn -0.78779 -0.61588 0.00897
vn -0.67182 -0.73869 0.05472
vn -0.67075 -0.74085 0.03507
vn 0.95197 0.25898 -0.16334
vn 0.94178 0.28727 -0.17469
vn 0.95118 0.27604 -0.13804
vn 0.96024 0.24858 -0.12705
vn 0.9681 0.22178 -0.11658
vn 0.96086 0.23133 -0.15244
vn 0.97489 0.19556 -0.10651
vn 0.96858 0.2042 -0.14194
vn 0.94874 0.23356 -0.21293
vn 0.93877 0.26112 -0.22477
vn 0.93178 0.23054 -0.28041
vn 0.92051 0.25733 -0.29402
vn 0.9575 0.2064 -0.20149
vn 0.94178 0.20408 -0.26722
vn 0.92745 0.2892 -0.23707
vn 0.90781 0.28453 -0.30809
vn -0.84869 -0.52628 0.05246
vn -0.8231 -0.56479 0.05936
vn -0.83444 -0.54482 0.08295
vn -0.85873 -0.50672 0.07624
vn -0.87984 -0.47015 0.06964
vn -0.87103 -0.48911 0.04563
vn -0.89823 -0.43495 0.0632
vn -0.89057 -0.45318 0.03888
vn -0.86736 -0.49759 0.00928
vn -0.84462 -0.5351 0.01685
vn -0.8663 -0.49921 -0.01764
vn -0.84362 -0.53687 -0.00876
vn -0.88728 -0.46123 0.00174
vn -0.88612 -0.4627 -0.02655
vn -0.8186 -0.57384 0.02445
vn -0.81763 -0.57574 9E-05
vn 0.98088 0.15147 -0.12217
vn 0.97523 0.17759 -0.13187
vn 0.98069 0.16993 -0.09684
vn 0.98557 0.14481 -0.08759
vn 0.98963 0.12012 -0.07871
vn 0.98562 0.12574 -0.11286
vn 0.99294 0.09568 -0.07016
vn 0.98953 0.10023 -0.10383
vn 0.97724 0.12748 -0.16956
vn 0.97165 0.15345 -0.17985
vn 0.96491 0.12656 -0.23009
vn 0.95826 0.15211 -0.24208
vn 0.98192 0.10172 -0.15962
vn 0.9706 0.10111 -0.21843
vn 0.96511 0.1797 -0.19047
vn 0.95058 0.17793 -0.25444
vn -0.92248 -0.38519 0.02561
vn -0.90763 -0.41853 0.03223
vn -0.91423 -0.40118 0.05686
vn -0.92812 -0.36882 0.05063
vn -0.94021 -0.33767 0.0445
vn -0.93542 -0.35302 0.01904
vn -0.95075 -0.30757 0.03836
vn -0.94672 -0.32183 0.01251
vn -0.93287 -0.35963 -0.0206
vn -0.91973 -0.39233 -0.01318
vn -0.93121 -0.36059 -0.05313
vn -0.91827 -0.39346 -0.04428
vn -0.9443 -0.3279 -0.02808
vn -0.94239 -0.32872 -0.06201
vn -0.90464 -0.42614 -0.00571
vn -0.90334 -0.42745 -0.03543
vn 0.99498 0.04993 -0.08673
vn 0.99264 0.07496 -0.09513
vn 0.99551 0.07154 -0.06192
vn 0.99741 0.04761 -0.05399
vn 0.99864 0.02384 -0.04633
vn 0.99659 0.02503 -0.07859
vn 0.99924 6E-05 -0.03891
vn 0.9975 6E-05 -0.07065
vn 0.99099 0.02551 -0.13151
vn 0.98876 0.05081 -0.1406
vn 0.98234 0.02548 -0.18534
vn 0.97928 0.05063 -0.19608
vn 0.99245 0.00018 -0.12263
vn 0.98459 0.00024 -0.17487
vn 0.98576 0.07617 -0.14994
vn 0.97538 0.07581 -0.20707
vn -0.96497 -0.26238 -0.00052
vn -0.95652 -0.29161 0.00598
vn -0.95989 -0.27852 0.03229
vn -0.96778 -0.25044 0.02622
vn -0.97457 -0.22319 0.02014
vn -0.97223 -0.23393 -0.00708
vn -0.98039 -0.19657 0.01401
vn -0.97843 -0.20612 -0.0137
vn -0.96987 -0.23835 -0.05048
vn -0.96264 -0.26735 -0.043
vn -0.96702 -0.23872 -0.08881
vn -0.96015 -0.26783 -0.07984
vn -0.97597 -0.21 -0.05808
vn -0.97274 -0.21022 -0.09788
vn -0.95418 -0.29713 -0.03552
vn -0.95199 -0.29781 -0.07093
vn 0.99721 -0.04987 -0.05548
vn 0.99771 -0.02487 -0.06296
vn 0.99922 -0.02371 -0.03171
vn 0.99856 -0.04755 -0.02472
vn 0.99728 -0.07154 -0.01791
vn 0.99602 -0.07505 -0.04819
vn 0.99534 -0.0958 -0.01126
vn 0.99409 -0.10053 -0.04105
vn 0.99232 -0.0763 -0.09732
vn 0.99312 -0.05066 -0.10557
vn 0.98653 -0.07615 -0.14478
vn 0.98669 -0.05048 -0.15458
vn 0.99075 -0.10227 -0.08921
vn 0.98555 -0.10215 -0.13511
vn 0.99316 -0.02521 -0.11399
vn 0.98604 -0.02506 -0.16459
vn -0.98794 -0.15241 -0.02716
vn -0.98364 -0.17896 -0.02042
vn -0.98531 -0.1706 0.00781
vn -0.98939 -0.14527 0.00156
vn -0.99272 -0.12037 -0.00476
vn -0.99141 -0.12629 -0.03403
vn -0.99534 -0.0958 -0.01126
vn -0.99409 -0.10053 -0.04105
vn -0.98837 -0.12855 -0.08124
vn -0.98515 -0.15519 -0.07343
vn -0.98373 -0.12849 -0.12559
vn -0.98102 -0.15519 -0.11625
vn -0.99075 -0.10227 -0.08921
vn -0.98555 -0.10215 -0.13511
vn -0.98105 -0.18229 -0.06571
vn -0.97738 -0.18238 -0.10703
vn 0.98794 -0.15241 -0.02716
vn 0.99141 -0.12629 -0.03403
vn 0.99272 -0.12037 -0.00476
vn 0.98939 -0.14527 0.00156
vn 0.98531 -0.1706 0.00781
vn 0.98364 -0.17896 -0.02042
vn 0.98039 -0.19657 0.01401
vn 0.97843 -0.20612 -0.0137
vn 0.98105 -0.18229 -0.06571
vn 0.98515 -0.15519 -0.07343
vn 0.97738 -0.18238 -0.10703
vn 0.98102 -0.15519 -0.11625
vn 0.97598 -0.21 -0.05805
vn 0.97274 -0.21022 -0.09788
vn 0.98837 -0.12855 -0.08124
vn 0.98373 -0.12849 -0.12559
vn -0.99721 -0.04987 -0.05548
vn -0.99602 -0.07505 -0.04819
vn -0.99728 -0.07154 -0.01791
vn -0.99856 -0.04755 -0.02472
vn -0.99922 -0.02371 -0.03171
vn -0.99771 -0.02487 -0.06296
vn -0.99924 3E-05 -0.03891
vn -0.9975 6E-05 -0.07065
vn -0.99316 -0.02521 -0.11399
vn -0.99312 -0.05066 -0.10557
vn -0.98604 -0.02506 -0.16459
vn -0.98669 -0.05048 -0.15458
vn -0.99245 0.00018 -0.12263
vn -0.98459 0.00024 -0.17487
vn -0.99232 -0.0763 -0.09732
vn -0.98653 -0.07615 -0.14478
vn 0.96497 -0.26238 -0.00052
vn 0.97223 -0.23393 -0.00708
vn 0.97457 -0.22319 0.02014
vn 0.96778 -0.25044 0.02622
vn 0.95989 -0.27852 0.03229
vn 0.95652 -0.29161 0.00598
vn 0.95075 -0.30757 0.03836
vn 0.94672 -0.32183 0.01251
vn 0.95418 -0.29713 -0.03552
vn 0.96264 -0.26735 -0.04297
vn 0.95199 -0.29781 -0.07093
vn 0.96015 -0.26783 -0.07984
vn 0.9443 -0.3279 -0.02808
vn 0.94239 -0.32872 -0.06201
vn 0.96987 -0.23835 -0.05048
vn 0.96702 -0.23872 -0.08881
vn -0.99498 0.04993 -0.08673
vn -0.99659 0.02503 -0.07859
vn -0.99864 0.02384 -0.04633
vn -0.99741 0.04761 -0.05399
vn -0.99552 0.07151 -0.06192
vn -0.99264 0.07496 -0.09513
vn -0.98576 0.07617 -0.14994
vn -0.98876 0.05081 -0.1406
vn -0.97538 0.07581 -0.20707
vn -0.97928 0.05063 -0.19609
vn -0.99099 0.02551 -0.13151
vn -0.98234 0.02548 -0.18534
vn 0.92248 -0.38519 0.02561
vn 0.93542 -0.35302 0.01904
vn 0.94021 -0.33767 0.0445
vn 0.92812 -0.36882 0.05063
vn 0.91423 -0.40118 0.05686
vn 0.90763 -0.41853 0.03223
vn 0.90464 -0.42614 -0.00571
vn 0.91973 -0.39233 -0.01318
vn 0.90334 -0.42745 -0.03543
vn 0.91827 -0.39346 -0.04428
vn 0.93287 -0.35963 -0.0206
vn 0.93121 -0.36059 -0.05313
vn 0 -0.00015 -1
vn -0.00342 0.01837 -0.99983
vn -0.00012 0.03275 -0.99946
vn 0.00351 0.01837 -0.99983
vn 0.03342 0.06281 -0.99747
vn 0.0076 0.04196 -0.99909
vn -0.00751 0.04196 -0.99909
vn -0.03323 0.06281 -0.99747
vn -0.00018 0.09018 -0.99593
vn 0.0123 0.03211 -0.99941
vn 0.0101 0.01779 -0.99979
vn -0.00897 0.06464 -0.99787
vn 0.02411 0.03015 -0.99925
vn 0.01642 0.01666 -0.99973
vn 0.0784 0.05188 -0.99557
vn 0.038 0.03928 -0.99851
vn 0.03479 0.02698 -0.99903
vn 0.02283 0.01502 -0.99963
vn 0.09617 0.04315 -0.99443
vn 0.05316 0.0365 -0.99792
vn 0.03845 0.06055 -0.99742
vn 0.09681 0.07401 -0.99255
vn 0.04428 0.02271 -0.99876
vn 0.02893 0.01288 -0.9995
vn 0.11142 0.03262 -0.99324
vn 0.06919 0.03223 -0.99708
vn 0.06 0.05493 -0.99669
vn 0.12223 0.06195 -0.99057
vn 0.05182 0.01752 -0.9985
vn 0.03412 0.01016 -0.99937
vn 0.12223 0.02066 -0.99229
vn 0.08341 0.02582 -0.99618
vn 0.07877 0.04767 -0.99575
vn 0.14249 0.0473 -0.98866
vn 0.05683 0.01172 -0.99832
vn 0.03849 0.00665 -0.99924
vn 0.12839 0.00766 -0.99169
vn 0.09476 0.01703 -0.99535
vn 0.0958 0.03925 -0.99463
vn 0.15571 0.03107 -0.98731
vn 0.05976 0.00577 -0.9982
vn 0.04117 0.00238 -0.99915
vn 0.12937 -0.0058 -0.99158
vn 0.10166 0.00632 -0.9948
vn 0.1103 0.02945 -0.99346
vn 0.16236 0.01462 -0.98662
vn 0.0607 -0.00015 -0.99816
vn 0.04138 -0.00229 -0.99914
vn 0.12519 -0.01914 -0.99195
vn 0.103 -0.00543 -0.99467
vn 0.12125 0.0181 -0.99246
vn 0.16489 -0.00131 -0.98631
vn 0.06015 -0.0061 -0.99817
vn 0.03903 -0.00668 -0.99922
vn 0.11603 -0.03159 -0.99274
vn 0.09815 -0.01694 -0.99503
vn 0.12781 0.0054 -0.99178
vn 0.16395 -0.01712 -0.98632
vn 0.05732 -0.01212 -0.99828
vn 0.03464 -0.01035 -0.99935
vn 0.10224 -0.04267 -0.99384
vn 0.08802 -0.02683 -0.99576
vn 0.12891 -0.00793 -0.99162
vn 0.15903 -0.03366 -0.9867
vn 0.05249 -0.01807 -0.99846
vn 0.02942 -0.01318 -0.99948
vn 0.08509 -0.05222 -0.995
vn 0.07373 -0.03427 -0.99669
vn 0.12504 -0.0213 -0.99192
vn 0.14829 -0.05085 -0.98764
vn 0.0455 -0.02347 -0.99869
vn 0.02368 -0.01541 -0.9996
vn 0.06455 -0.06037 -0.99609
vn 0.05725 -0.03922 -0.99759
vn 0.11573 -0.03409 -0.9927
vn 0.13044 -0.06732 -0.98917
vn 0.03601 -0.02799 -0.99896
vn 0.01715 -0.01712 -0.99971
vn 0.04151 -0.06665 -0.99691
vn 0.0409 -0.0423 -0.99827
vn 0.10206 -0.04572 -0.99373
vn 0.10517 -0.08149 -0.99111
vn 0.0249 -0.03137 -0.9992
vn 0.01041 -0.01828 -0.99978
vn 0.01614 -0.07038 -0.99739
vn 0.02448 -0.04419 -0.99872
vn 0.08359 -0.05567 -0.99494
vn 0.07291 -0.09226 -0.99306
vn 0.01251 -0.03345 -0.99936
vn 0.00333 -0.01889 -0.99982
vn -0.01047 -0.07108 -0.99742
vn 0.008 -0.04514 -0.99895
vn 0.06156 -0.06348 -0.99608
vn 0.03858 -0.09897 -0.99434
vn 9E-05 -0.03415 -0.99942
vn -0.00351 -0.01889 -0.99982
vn -0.03699 -0.06873 -0.99695
vn -0.00775 -0.04514 -0.99895
vn 0.03671 -0.0687 -0.99696
vn -0.00021 -0.10126 -0.99486
vn -0.01233 -0.03345 -0.99936
vn -0.01022 -0.01828 -0.99978
vn -0.06137 -0.06348 -0.99609
vn -0.02454 -0.04419 -0.99872
vn 0.01102 -0.07108 -0.99741
vn -0.03812 -0.09897 -0.99436
vn -0.0249 -0.03137 -0.9992
vn -0.01715 -0.01712 -0.99971
vn -0.0835 -0.05567 -0.99495
vn -0.04074 -0.0423 -0.99827
vn -0.01602 -0.07038 -0.99739
vn -0.07312 -0.09226 -0.99305
vn -0.03601 -0.02799 -0.99896
vn -0.02362 -0.01541 -0.9996
vn -0.10206 -0.04572 -0.99373
vn -0.05744 -0.03922 -0.99758
vn -0.04151 -0.06665 -0.99691
vn -0.10517 -0.08149 -0.99111
vn -0.04563 -0.02347 -0.99868
vn -0.02942 -0.01318 -0.99948
vn -0.11597 -0.03409 -0.99267
vn -0.07376 -0.03427 -0.99669
vn -0.06501 -0.06037 -0.99606
vn -0.1305 -0.06733 -0.98916
vn -0.05252 -0.01807 -0.99846
vn -0.03467 -0.01035 -0.99935
vn -0.12504 -0.0213 -0.99192
vn -0.08799 -0.02683 -0.99576
vn -0.08518 -0.05222 -0.995
vn -0.14878 -0.05084 -0.98756
vn -0.05728 -0.01212 -0.99828
vn -0.039 -0.00668 -0.99922
vn -0.12885 -0.00794 -0.99163
vn -0.09815 -0.01694 -0.99503
vn -0.10227 -0.04267 -0.99384
vn -0.15879 -0.03366 -0.98674
vn -0.06015 -0.0061 -0.99817
vn -0.04138 -0.00229 -0.99914
vn -0.1279 0.0054 -0.99177
vn -0.10297 -0.00543 -0.99467
vn -0.11607 -0.03159 -0.99274
vn -0.16407 -0.01712 -0.9863
vn -0.06067 -0.00015 -0.99816
vn -0.04117 0.00238 -0.99915
vn -0.12131 0.0181 -0.99245
vn -0.10166 0.00632 -0.9948
vn -0.12522 -0.01914 -0.99194
vn -0.16499 -0.00131 -0.98629
vn -0.0597 0.00577 -0.9982
vn -0.03845 0.00665 -0.99924
vn -0.11024 0.02945 -0.99347
vn -0.09485 0.01703 -0.99535
vn -0.12931 -0.0058 -0.99159
vn -0.16233 0.01462 -0.98663
vn -0.05686 0.01172 -0.99831
vn -0.03412 0.01016 -0.99937
vn -0.0958 0.03925 -0.99463
vn -0.08341 0.02582 -0.99618
vn -0.12861 0.00766 -0.99167
vn -0.15571 0.03107 -0.98731
vn -0.05191 0.01752 -0.9985
vn -0.02893 0.01288 -0.9995
vn -0.0788 0.04767 -0.99575
vn -0.06922 0.03223 -0.99708
vn -0.12223 0.02066 -0.99229
vn -0.14222 0.04727 -0.98871
vn -0.0444 0.02271 -0.99876
vn -0.02283 0.01502 -0.99963
vn -0.06018 0.05497 -0.99667
vn -0.05319 0.0365 -0.99792
vn -0.11136 0.03262 -0.99324
vn -0.12186 0.06195 -0.99061
vn -0.03461 0.02701 -0.99904
vn -0.01648 0.01666 -0.99973
vn -0.03839 0.06055 -0.99743
vn -0.03803 0.03928 -0.9985
vn -0.09613 0.04315 -0.99443
vn -0.09681 0.07401 -0.99255
vn -0.02417 0.03015 -0.99925
vn -0.0101 0.01779 -0.99979
vn -0.0156 0.06385 -0.99784
vn -0.02292 0.04105 -0.99889
vn -0.07785 0.05188 -0.99561
vn -0.06662 0.08292 -0.99433
vn -0.01212 0.03211 -0.99941
vn 0.00858 0.06461 -0.99787
vn -0.05667 0.0585 -0.99668
vn -0.03403 0.08835 -0.99551
vn -0.68851 0.41463 -0.595
vn -0.63072 0.45774 -0.62663
vn -0.71266 0.42254 -0.55997
vn -0.6942 0.43725 -0.57175
vn -0.72316 0.41683 -0.55072
vn -0.69316 0.44119 -0.56998
vn -0.71136 0.40117 -0.57708
vn -0.7459 0.39401 -0.53702
vn -0.75083 0.39217 -0.53146
vn -0.66825 0.45702 -0.58701
vn -0.71231 0.40062 -0.57629
vn -0.61967 0.48971 -0.61335
vn -0.58106 0.49054 -0.64942
vn -0.66069 0.46518 -0.58915
vn -0.62531 0.48886 -0.60828
vn -0.48978 0.22017 -0.84359
vn -0.33684 0.23369 -0.9121
vn -0.44864 0.33413 -0.82891
vn -0.33874 0.30608 -0.8897
vn -0.53385 0.2614 -0.80416
vn 0.17732 -0.98412 -0.0087
vn 0.06293 -0.99801 0.00336
vn 0.24724 -0.96615 0.07367
vn 0.18397 -0.97998 0.07611
vn 0.27189 -0.95891 0.08106
vn 0.1844 -0.97909 0.08588
vn 0.34185 -0.93975 -0.00226
vn 0.35515 -0.93245 0.06641
vn 0.35454 -0.93206 0.07456
vn 0.11979 -0.98964 0.07911
vn 0.29421 -0.95574 -0.00146
vn 0 -0.99668 0.08136
vn 0 -0.99996 0.00882
vn 0.09323 -0.99167 0.08887
vn 0 -0.99595 0.08988
vn 0.3286 -0.64918 -0.68599
vn 0.10544 -0.57263 -0.813
vn -9E-05 -0.85004 -0.52672
vn -0.0867 -0.72314 -0.68524
vn 0.25813 -0.803 -0.53717
vn 0.54489 0.50472 -0.66959
vn 0.57892 0.49164 -0.65049
vn 0.51371 0.54725 -0.66078
vn 0.54819 0.52997 -0.64701
vn 0.50277 0.55508 -0.66266
vn 0.54639 0.534 -0.64521
vn 0.57378 0.5164 -0.6357
vn 0.47281 0.5408 -0.69569
vn 0.61961 0.48975 -0.61338
vn 0.58106 0.49054 -0.64942
vn 0.58725 0.51184 -0.62702
vn 0.62531 0.48886 -0.60828
vn 0.22352 0.34463 -0.91174
vn 0.23918 0.25538 -0.93679
vn 0.44866 0.33412 -0.8289
vn 0.40795 0.27278 -0.8713
vn -0.54489 0.50472 -0.66959
vn -0.47284 0.54081 -0.69566
vn -0.57376 0.51641 -0.63571
vn -0.54811 0.53001 -0.64705
vn -0.58725 0.51184 -0.62702
vn -0.54633 0.53403 -0.64524
vn -0.51346 0.54733 -0.6609
vn -0.57886 0.49167 -0.65052
vn -0.45034 0.57455 -0.68344
vn -0.41439 0.56625 -0.71249
vn -0.50265 0.55511 -0.66272
vn -0.45592 0.57503 -0.67932
vn -0.40792 0.27278 -0.87132
vn -0.23899 0.25535 -0.93684
vn -0.33116 0.40362 -0.85289
vn -0.22355 0.34462 -0.91173
vn -0.17729 -0.98412 -0.0087
vn -0.29421 -0.95574 -0.00146
vn -0.11979 -0.98964 0.07911
vn -0.18394 -0.97999 0.07611
vn -0.09324 -0.99167 0.08887
vn -0.1844 -0.97909 0.08588
vn -0.24724 -0.96615 0.07367
vn -0.06293 -0.99801 0.00336
vn -0.35518 -0.93244 0.06641
vn -0.34187 -0.93974 -0.00223
vn -0.27189 -0.95891 0.08106
vn -0.35457 -0.93205 0.07456
vn 0.08719 -0.72311 -0.68521
vn -0.10523 -0.57263 -0.81303
vn -0.25786 -0.80305 -0.53723
vn -0.32891 -0.64912 -0.6859
vn 0.68848 0.41466 -0.59503
vn 0.71235 0.4006 -0.57626
vn 0.66819 0.45706 -0.58704
vn 0.69418 0.43725 -0.57177
vn 0.66062 0.46521 -0.58921
vn 0.69319 0.44116 -0.56998
vn 0.71256 0.4226 -0.56006
vn 0.63071 0.45776 -0.62662
vn 0.74592 0.39397 -0.53702
vn 0.71138 0.40118 -0.57706
vn 0.72316 0.41683 -0.55072
vn 0.75082 0.3922 -0.53145
vn 0.3387 0.30607 -0.88972
vn 0.33671 0.23368 -0.91215
vn 0.53391 0.2614 -0.80412
vn 0.4898 0.22016 -0.84358
vn -0.35476 0.57938 -0.73381
vn -0.27422 0.60349 -0.74873
vn -0.39019 0.5959 -0.70189
vn -0.35605 0.6064 -0.71099
vn -0.40646 0.59343 -0.69472
vn -0.3543 0.61006 -0.70873
vn -0.31398 0.61826 -0.72053
vn -0.40319 0.56934 -0.71644
vn -0.23899 0.63503 -0.73459
vn -0.21666 0.61775 -0.75594
vn -0.29964 0.62467 -0.72111
vn -0.2425 0.63708 -0.73166
vn -0.30605 0.31841 -0.89719
vn -0.13929 0.26305 -0.95468
vn -0.17808 0.45572 -0.87213
vn -0.0907 0.3676 -0.92555
vn -0.48647 -0.87323 -0.02854
vn -0.57644 -0.81672 -0.02622
vn -0.45193 -0.89031 0.05573
vn -0.5 -0.86465 0.0488
vn -0.43118 -0.8998 0.06665
vn -0.50103 -0.86351 0.05762
vn -0.54669 -0.83626 0.04248
vn -0.40285 -0.91517 -0.01309
vn -0.62143 -0.78291 0.02954
vn -0.60784 -0.79346 -0.03085
vn -0.56411 -0.82432 0.04764
vn -0.62064 -0.78322 0.03693
vn -0.17897 -0.70354 -0.68776
vn -0.29835 -0.51934 -0.80079
vn -0.46301 -0.68238 -0.56567
vn -0.49594 -0.52854 -0.68898
vn 0.79216 0.31929 -0.52014
vn 0.80918 0.30491 -0.50225
vn 0.78123 0.35945 -0.51037
vn 0.79985 0.33895 -0.49533
vn 0.77626 0.36739 -0.5123
vn 0.79944 0.34267 -0.49343
vn 0.81266 0.32426 -0.48418
vn 0.74908 0.36532 -0.55265
vn 0.8361 0.29546 -0.46221
vn 0.80794 0.30602 -0.50357
vn 0.82064 0.31792 -0.47485
vn 0.84005 0.29314 -0.45648
vn 0.4337 0.25782 -0.86338
vn 0.42235 0.19792 -0.88456
vn 0.59726 0.19053 -0.77909
vn 0.55396 0.16322 -0.81639
vn -0.12409 0.62303 -0.7723
vn -0.0463 0.63267 -0.77303
vn -0.16605 0.64639 -0.74472
vn -0.12418 0.65092 -0.74892
vn -0.18373 0.64695 -0.74007
vn -0.12339 0.65415 -0.74623
vn -0.07905 0.65471 -0.75173
vn -0.18916 0.62034 -0.76118
vn -3E-05 0.65729 -0.75364
vn -0.00034 0.63618 -0.77154
vn -0.06202 0.65855 -0.74998
vn 0 0.66004 -0.75123
vn -0.18519 0.35258 -0.91727
vn -0.04541 0.26341 -0.96361
vn -0.00052 0.47522 -0.87987
vn 0.04941 0.37025 -0.92762
vn -0.70041 -0.71118 -0.06046
vn -0.75886 -0.64826 -0.06247
vn -0.68391 -0.72941 0.01499
vn -0.71368 -0.70044 0.00659
vn -0.67078 -0.74121 0.02573
vn -0.71491 -0.69907 0.01413
vn -0.74295 -0.66934 -0.00131
vn -0.65035 -0.75839 -0.04361
vn -0.78837 -0.61499 -0.01633
vn -0.77977 -0.62226 -0.06891
vn -0.75366 -0.65726 0.00229
vn -0.78764 -0.61606 -0.00971
vn -0.39184 -0.60519 -0.69297
vn -0.44512 -0.43166 -0.78456
vn -0.59409 -0.53589 -0.59989
vn -0.59403 -0.40618 -0.69437
vn 0.86463 0.22364 -0.44988
vn 0.87691 0.2089 -0.43288
vn 0.86076 0.26088 -0.43707
vn 0.87356 0.24061 -0.42309
vn 0.85772 0.26844 -0.43846
vn 0.87373 0.24388 -0.42086
vn 0.88242 0.22596 -0.41264
vn 0.83462 0.26995 -0.48014
vn 0.89842 0.1974 -0.39226
vn 0.87651 0.2093 -0.4335
vn 0.88823 0.21943 -0.40361
vn 0.90136 0.19499 -0.38668
vn 0.50974 0.20396 -0.8358
vn 0.49196 0.15201 -0.85724
vn 0.64472 0.12104 -0.75477
vn 0.60252 0.10325 -0.7914
vn -0.83019 -0.5488 -0.098
vn -0.86568 -0.48974 -0.1037
vn -0.82475 -0.5646 -0.03183
vn -0.84177 -0.53832 -0.04038
vn -0.8173 -0.5758 -0.02185
vn -0.84304 -0.53678 -0.034
vn -0.85902 -0.50961 -0.04886
vn -0.80309 -0.59034 -0.08094
vn -0.88518 -0.46075 -0.06452
vn -0.8796 -0.46252 -0.11127
vn -0.8654 -0.49895 -0.04621
vn -0.88479 -0.46231 -0.05848
vn -0.5281 -0.48165 -0.69937
vn -0.53995 -0.33413 -0.77254
vn -0.6657 -0.40072 -0.6295
vn -0.64737 -0.29741 -0.70176
vn 0.91357 0.12876 -0.38577
vn 0.92239 0.11317 -0.36932
vn 0.91484 0.16337 -0.36928
vn 0.92318 0.14344 -0.35659
vn 0.91319 0.1706 -0.3701
vn 0.92373 0.14634 -0.35399
vn 0.929 0.12882 -0.34694
vn 0.89403 0.17454 -0.41262
vn 0.9393 0.10023 -0.32814
vn 0.92283 0.11197 -0.36858
vn 0.93313 0.12208 -0.33818
vn 0.94145 0.09778 -0.32268
vn 0.56943 0.14643 -0.80889
vn 0.54471 0.09983 -0.83266
vn 0.67976 0.05072 -0.73168
vn 0.63713 0.04035 -0.7697
vn -0.90409 -0.40434 -0.13831
vn -0.92477 -0.35082 -0.14738
vn -0.90539 -0.41696 -0.08005
vn -0.91468 -0.39439 -0.08844
vn -0.90154 -0.42687 -0.07074
vn -0.9159 -0.39272 -0.08301
vn -0.92436 -0.36894 -0.09717
vn -0.89055 -0.43835 -0.1215
vn -0.93863 -0.3258 -0.11326
vn -0.93348 -0.32283 -0.15623
vn -0.92819 -0.3597 -0.09528
vn -0.93864 -0.32768 -0.10764
vn -0.60633 -0.36535 -0.70631
vn -0.59296 -0.2415 -0.76817
vn -0.70167 -0.28597 -0.6526
vn -0.67202 -0.20335 -0.71206
vn 0.94422 0.03369 -0.32759
vn 0.95012 0.01666 -0.31145
vn 0.94933 0.06638 -0.3072
vn 0.95415 0.04654 -0.2957
vn 0.94871 0.07343 -0.30751
vn 0.95495 0.04911 -0.29268
vn 0.9575 0.03159 -0.28669
vn 0.93319 0.07898 -0.35061
vn 0.96308 0.00232 -0.26921
vn 0.95094 0.01309 -0.3091
vn 0.96023 0.02463 -0.27812
vn 0.96456 0 -0.26387
vn 0.61506 0.08585 -0.7838
vn 0.58295 0.04322 -0.81136
vn 0.70368 -0.0228 -0.71015
vn 0.65934 -0.02612 -0.75139
vn -0.9433 -0.27834 -0.18089
vn -0.95404 -0.22908 -0.19319
vn -0.94896 -0.28789 -0.12882
vn -0.9535 -0.26841 -0.13709
vn -0.94742 -0.29665 -0.12
vn -0.95467 -0.26659 -0.13242
vn -0.9583 -0.24553 -0.14622
vn -0.93777 -0.3059 -0.16438
vn -0.96473 -0.20674 -0.16294
vn -0.95833 -0.20024 -0.20375
vn -0.96055 -0.23738 -0.1449
vn -0.96518 -0.20884 -0.15754
vn -0.64804 -0.26402 -0.71438
vn -0.61676 -0.15818 -0.77109
vn -0.71616 -0.18803 -0.67213
vn -0.67795 -0.1207 -0.72513
vn 0.95942 -0.06363 -0.2747
vn 0.9624 -0.08298 -0.25865
vn 0.9677 -0.03201 -0.25007
vn 0.96947 -0.05219 -0.2396
vn 0.96797 -0.02487 -0.24983
vn 0.97045 -0.04993 -0.2361
vn 0.97058 -0.06797 -0.231
vn 0.95564 -0.01819 -0.29396
vn 0.9717 -0.09882 -0.21455
vn 0.96292 -0.08979 -0.25441
vn 0.972 -0.07529 -0.22258
vn 0.97263 -0.10108 -0.20921
vn 0.64814 0.02191 -0.76121
vn 0.60804 -0.01761 -0.79371
vn 0.71616 -0.1016 -0.6905
vn 0.66965 -0.09754 -0.73624
vn -0.9598 -0.16633 -0.22609
vn -0.96291 -0.1197 -0.2418
vn -0.96854 -0.17314 -0.17878
vn -0.96988 -0.15589 -0.18714
vn -0.96862 -0.18104 -0.17027
vn -0.97098 -0.15388 -0.18309
vn -0.97115 -0.13471 -0.19679
vn -0.95926 -0.1891 -0.20991
vn -0.97171 -0.09882 -0.21452
vn -0.96292 -0.08979 -0.2544
vn -0.9723 -0.12726 -0.19605
vn -0.97263 -0.10105 -0.20924
vn -0.66687 -0.17585 -0.72413
vn -0.62009 -0.08411 -0.78001
vn -0.71616 -0.1016 -0.6905
vn -0.66908 -0.04639 -0.74174
vn 0.9598 -0.16633 -0.22609
vn 0.95927 -0.18907 -0.20988
vn 0.97114 -0.13471 -0.19682
vn 0.96989 -0.15589 -0.18711
vn 0.9723 -0.12726 -0.19605
vn 0.97098 -0.15388 -0.18309
vn 0.96854 -0.17314 -0.17878
vn 0.96292 -0.1197 -0.24178
vn 0.96473 -0.20676 -0.16294
vn 0.95833 -0.20021 -0.20375
vn 0.96862 -0.18104 -0.17027
vn 0.96518 -0.20884 -0.15754
vn 0.66925 -0.04639 -0.74158
vn 0.62009 -0.08411 -0.78001
vn 0.7162 -0.188 -0.6721
vn 0.66687 -0.17585 -0.72413
vn -0.95942 -0.06363 -0.2747
vn -0.95564 -0.01819 -0.29396
vn -0.97057 -0.068 -0.23103
vn -0.96947 -0.05219 -0.2396
vn -0.972 -0.07529 -0.22258
vn -0.97045 -0.04993 -0.2361
vn -0.9677 -0.03201 -0.25007
vn -0.96241 -0.08298 -0.25862
vn -0.96308 0.00232 -0.26921
vn -0.95094 0.01309 -0.3091
vn -0.96797 -0.02487 -0.24983
vn -0.96456 0 -0.26387
vn -0.66968 -0.09751 -0.73622
vn -0.60807 -0.01761 -0.79369
vn -0.70371 -0.0228 -0.71012
vn -0.6482 0.02191 -0.76115
vn 0.9433 -0.27834 -0.18089
vn 0.93777 -0.3059 -0.16438
vn 0.95831 -0.2455 -0.14622
vn 0.9535 -0.26841 -0.13709
vn 0.96055 -0.23738 -0.1449
vn 0.95467 -0.26659 -0.13242
vn 0.94896 -0.28789 -0.12882
vn 0.95403 -0.22911 -0.19322
vn 0.93864 -0.32579 -0.11326
vn 0.93348 -0.3228 -0.15623
vn 0.94742 -0.29665 -0.12
vn 0.93865 -0.32765 -0.10761
vn 0.67774 -0.1207 -0.72532
vn 0.61683 -0.15818 -0.77104
vn 0.70155 -0.286 -0.65272
vn 0.64804 -0.26402 -0.71438
vn -0.94423 0.03369 -0.32756
vn -0.93318 0.07898 -0.35063
vn -0.9575 0.03156 -0.2867
vn -0.95415 0.04654 -0.2957
vn -0.96023 0.02463 -0.27812
vn -0.95495 0.04911 -0.29268
vn -0.94933 0.06638 -0.3072
vn -0.95012 0.01666 -0.31145
vn -0.93931 0.10019 -0.32811
vn -0.92283 0.11197 -0.36858
vn -0.94872 0.07343 -0.30748
vn -0.94145 0.09778 -0.32268
vn -0.65937 -0.02612 -0.75136
vn -0.58295 0.04322 -0.81136
vn -0.67975 0.05072 -0.73169
vn -0.61505 0.08588 -0.78379
vn 0.90407 -0.40438 -0.13834
vn 0.89055 -0.43838 -0.12147
vn 0.92437 -0.36892 -0.09717
vn 0.91466 -0.39443 -0.08844
vn 0.92819 -0.3597 -0.09528
vn 0.9159 -0.39272 -0.08301
vn 0.90539 -0.41696 -0.08005
vn 0.92477 -0.35082 -0.14738
vn 0.88519 -0.46073 -0.06452
vn 0.87959 -0.46254 -0.11127
vn 0.90154 -0.42687 -0.07074
vn 0.88479 -0.46231 -0.05848
vn 0.67204 -0.20335 -0.71205
vn 0.59292 -0.2415 -0.76819
vn 0.66569 -0.40075 -0.62949
vn 0.60627 -0.36538 -0.70635
vn -0.91358 0.12876 -0.38573
vn -0.89406 0.17448 -0.41256
vn -0.929 0.12882 -0.34694
vn -0.92318 0.14344 -0.35659
vn -0.93314 0.12208 -0.33815
vn -0.92373 0.14634 -0.35399
vn -0.91484 0.16337 -0.36928
vn -0.92241 0.11317 -0.36925
vn -0.89841 0.1974 -0.39229
vn -0.87653 0.2093 -0.43346
vn -0.91318 0.1706 -0.37013
vn -0.90136 0.19499 -0.38668
vn -0.63724 0.04035 -0.76961
vn -0.54492 0.0998 -0.83253
vn -0.64475 0.12107 -0.75474
vn -0.56949 0.1464 -0.80885
vn 0.83021 -0.54877 -0.098
vn 0.80311 -0.5903 -0.08097
vn 0.859 -0.50964 -0.04886
vn 0.84177 -0.53832 -0.04038
vn 0.86539 -0.49897 -0.04624
vn 0.84303 -0.5368 -0.034
vn 0.82477 -0.56457 -0.03183
vn 0.86568 -0.48974 -0.1037
vn 0.78839 -0.61495 -0.01636
vn 0.77978 -0.62224 -0.06894
vn 0.81731 -0.57578 -0.02182
vn 0.78767 -0.61603 -0.00971
vn 0.64737 -0.29741 -0.70176
vn 0.53988 -0.33412 -0.77259
vn 0.59409 -0.53589 -0.59989
vn 0.52796 -0.48166 -0.69948
vn -0.86461 0.22365 -0.44992
vn -0.83465 0.26994 -0.4801
vn -0.88241 0.226 -0.41265
vn -0.87357 0.24061 -0.42305
vn -0.88824 0.21943 -0.40359
vn -0.87373 0.24388 -0.42086
vn -0.86075 0.26088 -0.4371
vn -0.87693 0.20887 -0.43285
vn -0.83613 0.29542 -0.46218
vn -0.80799 0.30599 -0.50351
vn -0.85772 0.26845 -0.43847
vn -0.84006 0.29313 -0.45647
vn -0.60224 0.10328 -0.79161
vn -0.49203 0.15202 -0.8572
vn -0.59726 0.1905 -0.77909
vn -0.50974 0.20396 -0.8358
vn 0.70039 -0.71119 -0.06049
vn 0.65039 -0.75834 -0.04364
vn 0.74298 -0.66931 -0.00131
vn 0.71367 -0.70045 0.00659
vn 0.75366 -0.65726 0.00229
vn 0.71491 -0.69907 0.01413
vn 0.68385 -0.72947 0.01498
vn 0.75883 -0.64829 -0.06247
vn 0.62143 -0.78291 0.02954
vn 0.60784 -0.79346 -0.03085
vn 0.67078 -0.74121 0.0257
vn 0.62061 -0.78325 0.03696
vn 0.5937 -0.40628 -0.6946
vn 0.44509 -0.43163 -0.78459
vn 0.46305 -0.68239 -0.56562
vn 0.39187 -0.60517 -0.69297
vn 0.12409 0.62303 -0.7723
vn 0.18876 0.62037 -0.76125
vn 0.07895 0.65472 -0.75174
vn 0.12409 0.65091 -0.74894
vn 0.06208 0.65854 -0.74998
vn 0.12333 0.65418 -0.74622
vn 0.16596 0.6464 -0.74473
vn 0.04621 0.63268 -0.77303
vn 0.1836 0.64697 -0.74008
vn -0.04938 0.37029 -0.9276
vn 0.04553 0.26338 -0.96362
vn 0.185 0.35261 -0.9173
vn -0.79204 0.31938 -0.52026
vn -0.74912 0.36528 -0.55261
vn -0.81268 0.32424 -0.48417
vn -0.79979 0.33901 -0.49539
vn -0.82064 0.31792 -0.47485
vn -0.79942 0.34267 -0.49346
vn -0.78119 0.35948 -0.5104
vn -0.80919 0.30492 -0.50223
vn -0.77619 0.36745 -0.51235
vn -0.55359 0.16328 -0.81663
vn -0.42227 0.19792 -0.8846
vn -0.43374 0.25783 -0.86336
vn 0.48641 -0.87327 -0.02854
vn 0.40282 -0.91518 -0.01309
vn 0.54666 -0.83628 0.04248
vn 0.49999 -0.86466 0.0488
vn 0.56408 -0.82434 0.04764
vn 0.50103 -0.86351 0.05762
vn 0.45193 -0.89031 0.05573
vn 0.57644 -0.81672 -0.02622
vn 0.4312 -0.89979 0.06665
vn 0.49615 -0.52844 -0.68891
vn 0.29845 -0.51934 -0.80076
vn 0.17906 -0.70351 -0.68776
vn -0.98088 0.03009 0.19227
vn -0.98556 0.04837 0.16224
vn -0.98963 0.03604 0.13907
vn -0.98562 0.01727 0.16807
vn -0.99293 0.02368 0.11631
vn -0.98953 0.00446 0.14426
vn -0.98862 0.05289 0.14081
vn -0.992 0.0416 0.11918
vn -0.99473 0.03031 0.098
vn -0.97727 -0.01938 0.21113
vn -0.97168 -0.00708 0.23618
vn -0.96497 -0.06067 0.25527
vn -0.95833 -0.04978 0.28129
vn -0.98195 -0.03177 0.18644
vn -0.97066 -0.07169 0.22953
vn -0.96513 0.00522 0.2617
vn -0.97523 0.04294 0.21699
vn -0.95753 0.01758 0.28779
vn -0.96858 0.05588 0.24235
vn -0.95066 -0.03897 0.30778
vn -0.94186 -0.0282 0.33483
vn -0.98068 0.06076 0.18595
vn -0.98454 0.06427 0.16297
vn -0.97487 0.07328 0.21037
vn -0.97965 0.07578 0.18586
vn -0.61732 0.31542 0.72072
vn -0.66175 0.30049 0.68687
vn -0.7212 0.27815 0.63443
vn -0.6792 0.29478 0.67215
vn -0.76972 0.25682 0.58444
vn -0.73112 0.27455 0.62457
vn -0.67609 0.29524 0.67508
vn -0.73504 0.27214 0.62101
vn -0.78263 0.25032 0.56994
vn -0.63376 0.31065 0.70841
vn -0.57058 0.3293 0.75233
vn -0.5913 0.32359 0.73868
vn -0.52801 0.34047 0.778
vn -0.68824 0.29186 0.66419
vn -0.64717 0.30617 0.69816
vn -0.49775 0.34734 0.79473
vn -0.54389 0.33596 0.76897
vn -0.41466 0.364 0.834
vn -0.45758 0.35552 0.815
vn -0.45685 0.35635 0.81505
vn -0.37759 0.37069 0.84854
vn -0.58907 0.32341 0.74054
vn -0.60328 0.31911 0.73091
vn -0.50091 0.34597 0.79335
vn -0.51401 0.3428 0.78631
vn -0.64441 -0.45748 -0.61273
vn -0.68794 -0.43298 -0.58247
vn -0.61639 -0.47027 -0.63159
vn -0.57128 -0.49154 -0.65729
vn -0.52774 -0.50769 -0.68098
vn -0.48363 -0.52462 -0.70062
vn -0.71116 -0.41906 -0.56448
vn -0.64121 -0.45788 -0.61579
vn -0.55283 -0.49765 -0.66838
vn -0.52496 -0.51293 -0.6792
vn -0.5983 -0.48245 -0.63975
vn -0.48403 -0.53488 -0.69254
vn -0.55643 -0.50763 -0.65779
vn -0.43978 -0.54162 -0.71641
vn -0.40207 -0.55989 -0.72448
vn -0.66083 -0.45147 -0.59957
vn -0.70487 -0.42388 -0.56876
vn -0.71384 -0.42077 -0.55981
vn -0.75473 -0.39153 -0.52639
vn -0.61976 -0.47921 -0.6215
vn -0.67479 -0.45041 -0.58463
vn -0.74531 -0.39727 -0.53543
vn -0.76631 -0.38253 -0.51617
vn -0.79134 -0.36382 -0.49133
vn -0.80993 -0.34875 -0.47159
vn 0.95346 0.12397 0.27486
vn 0.96276 0.11118 0.24644
vn 0.9551 0.12168 0.27013
vn 0.94407 0.13538 0.30067
vn 0.94608 0.13279 0.29545
vn 0.93306 0.14744 0.32811
vn 0.96592 0.10633 0.236
vn 0.95888 0.11643 0.25883
vn 0.95055 0.1272 0.28334
vn 0.93005 0.15012 0.33538
vn 0.94155 0.13767 0.30745
vn 0.91445 0.16279 0.37051
vn 0.92818 0.14933 0.34087
vn 0.91667 0.16313 0.36483
vn 0.89866 0.17671 0.40149
vn 0.95148 0.12571 0.28087
vn 0.9615 0.11304 0.25047
vn 0.96006 0.11411 0.25547
vn 0.96841 0.10254 0.22731
vn 0.94008 0.13633 0.31252
vn 0.95046 0.12363 0.2852
vn 0.96927 0.10123 0.22419
vn 0.9719 0.09678 0.21458
vn 0.97485 0.09171 0.20314
vn 0.977 0.08765 0.1944
vn -0.24699 0.3868 0.88847
vn -0.27553 0.3836 0.88144
vn -0.39617 0.36666 0.84179
vn -0.35821 0.37295 0.85592
vn -0.2835 0.38263 0.87933
vn -0.40719 0.36465 0.83739
vn -0.32167 0.37844 0.86794
vn -0.22014 0.38961 0.89428
vn -0.29085 0.3828 0.87685
vn -0.19795 0.39202 0.89841
vn -0.11201 0.39675 0.91107
vn -0.12629 0.3958 0.90961
vn 0 0.39922 0.91685
vn 0 0.39894 0.91697
vn -0.10035 0.39782 0.91196
vn 0 0.39983 0.91659
vn -0.1417 0.39485 0.90775
vn -0.14585 0.39456 0.90722
vn 0 0.39882 0.91703
vn 0 0.39877 0.91705
vn -0.82933 -0.33247 -0.44909
vn -0.85796 -0.30477 -0.41354
vn -0.82826 -0.33297 -0.45068
vn -0.7957 -0.36095 -0.48639
vn -0.87198 -0.2902 -0.39424
vn -0.84446 -0.31801 -0.43099
vn -0.75849 -0.39107 -0.5213
vn -0.79596 -0.36281 -0.48458
vn -0.72221 -0.42187 -0.54813
vn -0.76283 -0.39416 -0.51257
vn -0.82753 -0.33602 -0.44976
vn -0.85709 -0.30604 -0.41441
vn -0.85423 -0.31075 -0.4168
vn -0.8802 -0.28148 -0.38213
vn -0.79768 -0.36742 -0.47824
vn -0.82765 -0.34178 -0.44518
vn -0.88207 -0.27904 -0.3796
vn -0.89414 -0.26502 -0.36094
vn -0.90183 -0.25548 -0.34847
vn -0.91218 -0.24211 -0.33061
vn 0.97939 0.08265 0.18428
vn 0.98366 0.07376 0.16425
vn 0.9796 0.08255 0.18321
vn 0.97433 0.09241 0.20527
vn 0.98505 0.0705 0.15721
vn 0.98135 0.07889 0.1753
vn 0.96746 0.10288 0.23118
vn 0.97379 0.09201 0.20799
vn 0.95945 0.11127 0.25898
vn 0.96721 0.09925 0.23378
vn 0.97924 0.08136 0.18568
vn 0.98372 0.07312 0.16416
vn 0.98389 0.07093 0.1641
vn 0.9874 0.06382 0.14482
vn 0.9739 0.08741 0.20945
vn 0.97965 0.07578 0.18586
vn 0.98711 0.06522 0.14619
vn 0.98819 0.06238 0.13999
vn 0.99003 0.05689 0.12885
vn 0.99085 0.05445 0.12348
vn -0.91558 -0.23769 -0.32436
vn -0.93157 -0.21421 -0.29375
vn -0.91811 -0.23393 -0.31993
vn -0.89946 -0.25871 -0.35219
vn -0.93913 -0.20231 -0.27769
vn -0.92695 -0.22129 -0.30296
vn -0.87682 -0.287 -0.38576
vn -0.89595 -0.26479 -0.35659
vn -0.85337 -0.31737 -0.41356
vn -0.87542 -0.29424 -0.38348
vn -0.91227 -0.24391 -0.32905
vn -0.92918 -0.21812 -0.29841
vn -0.92624 -0.22425 -0.30296
vn -0.94071 -0.19987 -0.27406
vn -0.89444 -0.27227 -0.35476
vn -0.91087 -0.25139 -0.32729
vn -0.94283 -0.19603 -0.26952
vn -0.94926 -0.18491 -0.2544
vn -0.95232 -0.17921 -0.24693
vn -0.95776 -0.16883 -0.2328
vn 0.99308 0.04566 0.10816
vn 0.99454 0.04071 0.09607
vn 0.99249 0.04874 0.11216
vn 0.9905 0.05466 0.12617
vn 0.99496 0.0391 0.09232
vn 0.9931 0.04669 0.10758
vn 0.98782 0.06064 0.14329
vn 0.99111 0.05048 0.12311
vn 0.98454 0.06427 0.16297
vn 0.98863 0.05289 0.14078
vn 0.9938 0.04044 0.10352
vn 0.9952 0.03675 0.0907
vn 0.99597 0.03037 0.08436
vn 0.9969 0.02786 0.07364
vn 0.992 0.0416 0.11918
vn 0.99473 0.03031 0.098
vn 0.99621 0.03278 0.08051
vn 0.99649 0.03159 0.07752
vn 0.99755 0.02487 0.06531
vn 0.99771 0.02414 0.06311
vn -0.95888 -0.16691 -0.22956
vn -0.96711 -0.14905 -0.20609
vn -0.96033 -0.16358 -0.22584
vn -0.95052 -0.18284 -0.25114
vn -0.97098 -0.14012 -0.19383
vn -0.96492 -0.15394 -0.21266
vn -0.93823 -0.20573 -0.27821
vn -0.9485 -0.1883 -0.25474
vn -0.92509 -0.23158 -0.30098
vn -0.93735 -0.21278 -0.27586
vn -0.95735 -0.17182 -0.23231
vn -0.96602 -0.15192 -0.20909
vn -0.96498 -0.15617 -0.21079
vn -0.97217 -0.13773 -0.18953
vn -0.94798 -0.19489 -0.25169
vn -0.95721 -0.17781 -0.22835
vn -0.97289 -0.13544 -0.18745
vn -0.97612 -0.12723 -0.17609
vn -0.97784 -0.12266 -0.16969
vn -0.98051 -0.11509 -0.15922
vn 0.99912 0.01013 0.04068
vn 0.99931 0.00913 0.03598
vn 0.99858 0.017 0.05048
vn 0.99819 0.01901 0.05701
vn 0.99933 0.00925 0.03534
vn 0.99866 0.01669 0.04908
vn 0.99764 0.02033 0.06562
vn 0.99883 0.01025 0.04727
vn 0.99683 0.01901 0.07721
vn 0.99835 0.00769 0.05686
vn 0.99957 0.00015 0.02918
vn 0.9997 0.00119 0.02466
vn 0.99989 -0.0101 0.01129
vn 0.99993 -0.00781 0.00879
vn 0.99932 -0.00366 0.03681
vn 0.99974 -0.01523 0.01691
vn 0.99976 0.00122 0.02173
vn 0.99976 0.00177 0.02185
vn 0.99995 -0.00678 0.0076
vn 0.99995 -0.00577 0.00851
vn -0.98194 -0.11161 -0.15275
vn -0.98566 -0.09916 -0.13651
vn -0.98207 -0.11057 -0.15272
vn -0.97744 -0.12434 -0.17075
vn -0.98744 -0.09287 -0.12778
vn -0.98426 -0.10364 -0.14313
vn -0.97155 -0.14127 -0.19007
vn -0.9772 -0.12708 -0.17008
vn -0.96519 -0.16148 -0.20576
vn -0.97206 -0.14585 -0.18391
vn -0.98204 -0.11353 -0.15067
vn -0.98579 -0.09949 -0.13532
vn -0.98617 -0.1005 -0.13175
vn -0.98908 -0.08787 -0.11835
vn -0.97797 -0.13089 -0.1626
vn -0.98303 -0.11643 -0.14176
vn -0.98874 -0.08829 -0.12086
vn -0.99016 -0.08262 -0.11295
vn -0.99135 -0.07791 -0.10566
vn -0.99246 -0.07282 -0.09858
vn 0.9994 -0.02631 -0.02255
vn 0.99953 -0.02319 -0.02026
vn 0.99987 -0.01492 -0.00635
vn 0.99983 -0.017 -0.00693
vn 0.99962 -0.02121 -0.01782
vn 0.9999 -0.01343 -0.0047
vn 0.99977 -0.02048 -0.00644
vn 0.99923 -0.03104 -0.02408
vn 0.99963 -0.02692 -0.00281
vn 0.999 -0.03879 -0.0224
vn 0.99826 -0.04181 -0.04166
vn 0.99863 -0.03583 -0.03818
vn 0.99684 -0.05289 -0.05933
vn 0.99751 -0.0456 -0.05387
vn 0.99782 -0.05088 -0.04196
vn 0.99609 -0.0633 -0.06159
vn 0.99892 -0.03162 -0.03412
vn 0.9991 -0.02918 -0.03095
vn 0.99803 -0.04028 -0.0481
vn 0.99833 -0.03735 -0.04416
vn -0.99414 -0.06601 -0.08561
vn -0.99537 -0.05841 -0.07639
vn -0.99354 -0.06797 -0.09085
vn -0.99184 -0.07673 -0.10181
vn -0.996 -0.05445 -0.0709
vn -0.9944 -0.06342 -0.08457
vn -0.98967 -0.08799 -0.11319
vn -0.99258 -0.0759 -0.09504
vn -0.98731 -0.10248 -0.12128
vn -0.99087 -0.08906 -0.1012
vn -0.99495 -0.06424 -0.07712
vn -0.99602 -0.05567 -0.06967
vn -0.99684 -0.05289 -0.05933
vn -0.99751 -0.0456 -0.05387
vn -0.99379 -0.07599 -0.08133
vn -0.99609 -0.0633 -0.06159
vn -0.99685 -0.04923 -0.06217
vn -0.9973 -0.04575 -0.05747
vn -0.99803 -0.04028 -0.0481
vn -0.99833 -0.03735 -0.04416
vn 0.99414 -0.06601 -0.08561
vn 0.99537 -0.05841 -0.07639
vn 0.99685 -0.04923 -0.06217
vn 0.99602 -0.05567 -0.06967
vn 0.996 -0.05445 -0.0709
vn 0.9973 -0.04578 -0.05747
vn 0.99495 -0.06424 -0.07712
vn 0.99258 -0.0759 -0.09504
vn 0.99379 -0.07599 -0.08133
vn 0.99087 -0.08906 -0.1012
vn 0.98967 -0.08799 -0.11319
vn 0.99184 -0.07673 -0.10181
vn 0.98617 -0.1005 -0.13175
vn 0.98908 -0.08787 -0.11835
vn 0.98731 -0.10251 -0.12128
vn 0.98303 -0.11643 -0.14176
vn 0.99354 -0.06797 -0.09085
vn 0.9944 -0.06342 -0.08457
vn 0.99135 -0.07791 -0.10566
vn 0.99246 -0.07282 -0.09858
vn -0.9994 -0.02631 -0.02255
vn -0.99953 -0.02319 -0.02026
vn -0.99892 -0.03162 -0.03412
vn -0.99863 -0.03583 -0.03818
vn -0.99962 -0.02121 -0.01782
vn -0.9991 -0.02918 -0.03095
vn -0.99826 -0.04181 -0.04166
vn -0.99923 -0.03104 -0.02408
vn -0.99782 -0.05088 -0.04196
vn -0.999 -0.03879 -0.0224
vn -0.99977 -0.02048 -0.00644
vn -0.99983 -0.017 -0.00693
vn -0.99989 -0.0101 0.01129
vn -0.99993 -0.00781 0.00879
vn -0.99963 -0.02692 -0.00281
vn -0.99974 -0.01523 0.01691
vn -0.99987 -0.01492 -0.00635
vn -0.9999 -0.01343 -0.0047
vn -0.99995 -0.00678 0.0076
vn -0.99995 -0.00577 0.00851
vn 0.98194 -0.11161 -0.15275
vn 0.98566 -0.09916 -0.13651
vn 0.98874 -0.08829 -0.12086
vn 0.98579 -0.09949 -0.13532
vn 0.98744 -0.09287 -0.12778
vn 0.99016 -0.08262 -0.11295
vn 0.98204 -0.11353 -0.15067
vn 0.9772 -0.12708 -0.17008
vn 0.97797 -0.13089 -0.1626
vn 0.97206 -0.14585 -0.18391
vn 0.97156 -0.14127 -0.19004
vn 0.97744 -0.12431 -0.17076
vn 0.96498 -0.15617 -0.21079
vn 0.97217 -0.13773 -0.18953
vn 0.96519 -0.16148 -0.20576
vn 0.95721 -0.17781 -0.22835
vn 0.98207 -0.11057 -0.15272
vn 0.98426 -0.10364 -0.14313
vn 0.97784 -0.12266 -0.16969
vn 0.98051 -0.11509 -0.15922
vn -0.99912 0.01013 0.04068
vn -0.99931 0.00913 0.03598
vn -0.99976 0.00122 0.02173
vn -0.9997 0.00119 0.02466
vn -0.99933 0.00925 0.03534
vn -0.99976 0.00177 0.02185
vn -0.99957 0.00015 0.02918
vn -0.99883 0.01025 0.04727
vn -0.99932 -0.00366 0.03681
vn -0.99835 0.00769 0.05686
vn -0.99764 0.02033 0.06562
vn -0.99819 0.01901 0.05701
vn -0.99597 0.03037 0.08436
vn -0.9969 0.02786 0.07364
vn -0.99683 0.01901 0.07721
vn -0.99858 0.017 0.05048
vn -0.99866 0.01669 0.04908
vn -0.99755 0.02487 0.06531
vn -0.99771 0.02414 0.06311
vn 0.95888 -0.16691 -0.22956
vn 0.96711 -0.14905 -0.20609
vn 0.97289 -0.13544 -0.18745
vn 0.96602 -0.15192 -0.20909
vn 0.97098 -0.14012 -0.19383
vn 0.97612 -0.12723 -0.17609
vn 0.95735 -0.17182 -0.23231
vn 0.9485 -0.1883 -0.25474
vn 0.94798 -0.19489 -0.25169
vn 0.93735 -0.21278 -0.27587
vn 0.93823 -0.20573 -0.27821
vn 0.95052 -0.18284 -0.25114
vn 0.92624 -0.22425 -0.30296
vn 0.94071 -0.19987 -0.27406
vn 0.92509 -0.23158 -0.30098
vn 0.91087 -0.25139 -0.32729
vn 0.96033 -0.16358 -0.22584
vn 0.96492 -0.15394 -0.21266
vn 0.95232 -0.17921 -0.24693
vn 0.95776 -0.16883 -0.2328
vn -0.99308 0.04566 0.10816
vn -0.99454 0.04071 0.09607
vn -0.99621 0.03278 0.08051
vn -0.9952 0.03675 0.0907
vn -0.99496 0.0391 0.09232
vn -0.99649 0.03159 0.07752
vn -0.9938 0.04044 0.10352
vn -0.99111 0.05048 0.12311
vn -0.98782 0.06064 0.14329
vn -0.9905 0.05466 0.12617
vn -0.98389 0.07093 0.1641
vn -0.9874 0.06382 0.14482
vn -0.99249 0.04874 0.11216
vn -0.9931 0.04669 0.10758
vn -0.99003 0.05689 0.12885
vn -0.99085 0.05445 0.12348
vn 0.91558 -0.23769 -0.32436
vn 0.93157 -0.21421 -0.29375
vn 0.94283 -0.19603 -0.26952
vn 0.92918 -0.21812 -0.29841
vn 0.93913 -0.20231 -0.27769
vn 0.94926 -0.18491 -0.2544
vn 0.91227 -0.24391 -0.32905
vn 0.89595 -0.26479 -0.35659
vn 0.89444 -0.27227 -0.35476
vn 0.87542 -0.29424 -0.38348
vn 0.87682 -0.287 -0.38576
vn 0.89946 -0.25871 -0.35219
vn 0.85423 -0.31075 -0.4168
vn 0.88019 -0.28147 -0.38215
vn 0.85337 -0.31737 -0.41356
vn 0.82765 -0.34178 -0.44518
vn 0.91811 -0.23393 -0.31993
vn 0.92695 -0.22129 -0.30296
vn 0.90183 -0.25548 -0.34847
vn 0.91218 -0.24211 -0.33061
vn -0.97939 0.08265 0.18428
vn -0.98366 0.07376 0.16425
vn -0.98711 0.06522 0.14619
vn -0.98372 0.07312 0.16416
vn -0.98505 0.0705 0.15721
vn -0.98819 0.06238 0.13999
vn -0.97924 0.08136 0.18568
vn -0.97379 0.09201 0.20799
vn -0.9739 0.08741 0.20945
vn -0.96721 0.09925 0.23378
vn -0.96746 0.10288 0.23118
vn -0.97433 0.09241 0.20527
vn -0.96006 0.11411 0.25547
vn -0.96841 0.10254 0.22731
vn -0.95945 0.11127 0.25898
vn -0.95045 0.12363 0.28523
vn -0.9796 0.08255 0.18321
vn -0.98135 0.07889 0.1753
vn -0.97485 0.09171 0.20314
vn -0.977 0.08765 0.1944
vn 0.82932 -0.33248 -0.4491
vn 0.85796 -0.30477 -0.41354
vn 0.88207 -0.27904 -0.3796
vn 0.85709 -0.30604 -0.41441
vn 0.87198 -0.2902 -0.39424
vn 0.89414 -0.26502 -0.36094
vn 0.82753 -0.33602 -0.44976
vn 0.79596 -0.36281 -0.48458
vn 0.79768 -0.36742 -0.47824
vn 0.76283 -0.39416 -0.51257
vn 0.75849 -0.39107 -0.5213
vn 0.7957 -0.36095 -0.48639
vn 0.71384 -0.42077 -0.55981
vn 0.75473 -0.39153 -0.52639
vn 0.72221 -0.42187 -0.54813
vn 0.67479 -0.45041 -0.58463
vn 0.82826 -0.33297 -0.45068
vn 0.84446 -0.31801 -0.43099
vn 0.79134 -0.36382 -0.49133
vn 0.80993 -0.34875 -0.47159
vn 0.24702 0.3868 0.88847
vn 0.27556 0.3836 0.88143
vn 0.1417 0.39485 0.90775
vn 0.12629 0.3958 0.90961
vn 0.28353 0.38262 0.87933
vn 0.14588 0.39455 0.90722
vn 0.11201 0.39675 0.91107
vn 0.22017 0.38961 0.89428
vn 0.10035 0.39782 0.91196
vn 0.19795 0.39202 0.89841
vn 0.32168 0.37841 0.86795
vn 0.35823 0.37294 0.85591
vn 0.41466 0.364 0.834
vn 0.45758 0.35552 0.815
vn 0.29085 0.3828 0.87685
vn 0.37759 0.37069 0.84854
vn 0.39617 0.36666 0.84179
vn 0.40719 0.36465 0.83739
vn 0.50091 0.34597 0.79335
vn 0.51401 0.3428 0.78631
vn -0.95345 0.12397 0.27489
vn -0.96276 0.11118 0.24644
vn -0.96927 0.10123 0.22419
vn -0.9615 0.11304 0.25047
vn -0.96592 0.10633 0.236
vn -0.9719 0.09678 0.21458
vn -0.95148 0.12571 0.28087
vn -0.94155 0.13767 0.30745
vn -0.94008 0.13633 0.31252
vn -0.92818 0.14933 0.34087
vn -0.93005 0.15009 0.33538
vn -0.94407 0.13538 0.30067
vn -0.91667 0.16313 0.36483
vn -0.93306 0.14744 0.32811
vn -0.91445 0.16279 0.37051
vn -0.89865 0.17674 0.40149
vn -0.9551 0.12168 0.27013
vn -0.95888 0.11643 0.25883
vn -0.94608 0.13279 0.29545
vn -0.95055 0.1272 0.28334
vn 0.64441 -0.45748 -0.61273
vn 0.68794 -0.43298 -0.58247
vn 0.74531 -0.39727 -0.53543
vn 0.70487 -0.42388 -0.56876
vn 0.71116 -0.41906 -0.56448
vn 0.76631 -0.38253 -0.51617
vn 0.66083 -0.45147 -0.59957
vn 0.5983 -0.48245 -0.63975
vn 0.61976 -0.47921 -0.6215
vn 0.55643 -0.50763 -0.65779
vn 0.52496 -0.51293 -0.6792
vn 0.57128 -0.49154 -0.65729
vn 0.43978 -0.54162 -0.71641
vn 0.48363 -0.52462 -0.70062
vn 0.48401 -0.53489 -0.69255
vn 0.40207 -0.55989 -0.72448
vn 0.61639 -0.47027 -0.63159
vn 0.64121 -0.45788 -0.61579
vn 0.52774 -0.50769 -0.68098
vn 0.55283 -0.49765 -0.66838
vn 0.61732 0.31542 0.72072
vn 0.66175 0.30049 0.68687
vn 0.58909 0.32342 0.74053
vn 0.54389 0.33596 0.76897
vn 0.67612 0.29524 0.67505
vn 0.60328 0.31911 0.73091
vn 0.49773 0.34734 0.79474
vn 0.57056 0.32931 0.75234
vn 0.45685 0.35635 0.81505
vn 0.52801 0.34047 0.778
vn 0.63376 0.31065 0.70841
vn 0.6792 0.29478 0.67215
vn 0.68824 0.29183 0.6642
vn 0.73112 0.27455 0.62457
vn 0.59128 0.3236 0.73869
vn 0.64717 0.30617 0.69816
vn 0.7212 0.27815 0.63443
vn 0.73505 0.27214 0.621
vn 0.76972 0.25682 0.58444
vn 0.78263 0.25032 0.56994
vn -0.90499 0.17362 0.38839
vn -0.92279 0.15724 0.35177
vn -0.93541 0.14463 0.32262
vn -0.92015 0.16016 0.35732
vn -0.92891 0.15098 0.33812
vn -0.94066 0.13868 0.30971
vn -0.90111 0.17674 0.39593
vn -0.88305 0.19096 0.42867
vn -0.88045 0.19117 0.43389
vn -0.85954 0.2061 0.46767
vn -0.86198 0.20591 0.46325
vn -0.8871 0.18794 0.42159
vn -0.83727 0.22166 0.49985
vn -0.86583 0.2032 0.45721
vn -0.83545 0.22157 0.50292
vn -0.8076 0.23765 0.53973
vn -0.90773 0.17078 0.38323
vn -0.91484 0.16425 0.36891
vn -0.88964 0.18544 0.41732
vn -0.8978 0.17869 0.40251
vn 0.26387 -0.57879 -0.77161
vn 0.2939 -0.57196 -0.76582
vn 0.42016 -0.54275 -0.72724
vn 0.38082 -0.55457 -0.73988
vn 0.31206 -0.56803 -0.76155
vn 0.4433 -0.53568 -0.7187
vn 0.34292 -0.56684 -0.74907
vn 0.23564 -0.58667 -0.77479
vn 0.31109 -0.58134 -0.75185
vn 0.21247 -0.59787 -0.77292
vn 0.12021 -0.59946 -0.79133
vn 0.13535 -0.5947 -0.79247
vn 0 -0.60388 -0.79707
vn 0 -0.60028 -0.79979
vn 0.10795 -0.60834 -0.7863
vn 0 -0.61196 -0.79089
vn 0.15174 -0.59164 -0.79179
vn 0.16187 -0.59018 -0.79088
vn 0 -0.59863 -0.80103
vn 0 -0.59814 -0.80139
vn 0.81045 0.23677 0.53583
vn 0.84141 0.21836 0.49432
vn 0.80923 0.23686 0.53763
vn 0.77442 0.25514 0.57895
vn 0.85197 0.21147 0.47899
vn 0.821 0.23006 0.52252
vn 0.73485 0.27333 0.62071
vn 0.77453 0.25542 0.57868
vn 0.69606 0.28862 0.65742
vn 0.73857 0.27126 0.6172
vn 0.80836 0.23817 0.53836
vn 0.84056 0.21946 0.49527
vn 0.83727 0.22166 0.49985
vn 0.86583 0.2032 0.45721
vn 0.77549 0.25425 0.57791
vn 0.8076 0.23765 0.53973
vn 0.86781 0.20127 0.45431
vn 0.87715 0.19438 0.43911
vn 0.88964 0.18544 0.41732
vn 0.8978 0.17869 0.40251
vn -0.81045 0.23677 0.53583
vn -0.84141 0.21836 0.49432
vn -0.86781 0.20127 0.45431
vn -0.84056 0.21946 0.49527
vn -0.85197 0.21147 0.47899
vn -0.87715 0.19441 0.43911
vn -0.80836 0.23817 0.53836
vn -0.77453 0.25542 0.57868
vn -0.77549 0.25425 0.57791
vn -0.73857 0.27126 0.6172
vn -0.73484 0.27333 0.62073
vn -0.77442 0.25514 0.57895
vn -0.69606 0.28862 0.65742
vn -0.80923 0.23686 0.53763
vn -0.821 0.23006 0.52252
vn -0.26387 -0.57879 -0.77161
vn -0.2939 -0.57196 -0.76582
vn -0.15174 -0.59164 -0.79179
vn -0.13535 -0.5947 -0.79247
vn -0.31206 -0.56803 -0.76155
vn -0.16187 -0.59018 -0.79088
vn -0.12021 -0.59946 -0.79133
vn -0.23564 -0.58667 -0.77479
vn -0.10795 -0.60834 -0.7863
vn -0.21247 -0.59787 -0.77292
vn -0.34292 -0.56684 -0.74907
vn -0.38085 -0.55456 -0.73987
vn -0.31111 -0.58133 -0.75184
vn -0.42016 -0.54275 -0.72724
vn -0.4433 -0.53568 -0.7187
vn 0.90499 0.17362 0.38839
vn 0.92279 0.15724 0.35177
vn 0.90773 0.17078 0.38323
vn 0.8871 0.18794 0.42159
vn 0.92891 0.15098 0.33812
vn 0.91484 0.16425 0.36891
vn 0.86198 0.20591 0.46325
vn 0.88305 0.19096 0.42867
vn 0.83544 0.22157 0.50293
vn 0.85954 0.2061 0.46767
vn 0.90111 0.17674 0.39593
vn 0.92015 0.16016 0.35732
vn 0.88045 0.19117 0.43389
vn 0.93541 0.14463 0.32262
vn 0.94066 0.13868 0.30971
vn 0.35521 -0.06253 0.93269
vn 0.35604 -0.02857 0.93404
vn 0.31355 -0.02619 0.94921
vn 0.39971 -0.05829 0.91479
vn 0.23903 -0.02323 0.97073
vn 0.21766 -0.04895 0.9748
vn 0.35426 -0.02442 0.93483
vn 0.29961 -0.02191 0.95381
vn 0.24262 -0.01981 0.96992
vn 0.34777 -0.31416 0.88338
vn 0.17597 -0.39342 0.90236
vn 0.11951 -0.56632 0.81548
vn 0.05164 -0.59961 0.79863
vn 0.18632 -0.20896 0.96001
vn 0.07145 -0.51993 0.85122
vn 0.10035 -0.29976 0.94872
vn 0.27964 -0.05487 0.95853
vn 0.35015 -0.23058 0.90787
vn 0.41634 -0.05802 0.90736
vn 0.03678 -0.56183 0.82643
vn 0.14112 -0.52468 0.83952
vn 0.39068 -0.03028 0.92003
vn 0.40639 -0.02731 0.91329
vn 0.4504 -0.03366 0.89219
vn 0.45587 -0.03058 0.88952
vn 0.84867 -0.35457 -0.39247
vn 0.85868 -0.32414 -0.39699
vn 0.87979 -0.30147 -0.36755
vn 0.87101 -0.33159 -0.36247
vn 0.89819 -0.27974 -0.3391
vn 0.89055 -0.30953 -0.33333
vn 0.86736 -0.36224 -0.34127
vn 0.84462 -0.38494 -0.37206
vn 0.8663 -0.38155 -0.32241
vn 0.84362 -0.40347 -0.35427
vn 0.88727 -0.34039 -0.31127
vn 0.88611 -0.36049 -0.2913
vn 0.81859 -0.40856 -0.40371
vn 0.82308 -0.37844 -0.42346
vn 0.78876 -0.43307 -0.43624
vn 0.79372 -0.40325 -0.45541
vn 0.81763 -0.42629 -0.38698
vn 0.78781 -0.45004 -0.4205
vn 0.83439 -0.34782 -0.42757
vn 0.80634 -0.3726 -0.45934
vn -0.95197 0.08206 0.29499
vn -0.96022 0.0987 0.26121
vn -0.96809 0.08591 0.23542
vn -0.96085 0.06891 0.26835
vn -0.94878 0.03 0.3145
vn -0.93882 0.04248 0.34178
vn -0.93187 -0.01746 0.36238
vn -0.9206 -0.00674 0.39046
vn -0.92749 0.05503 0.36976
vn -0.94178 0.0954 0.3224
vn -0.91464 0.06775 0.39855
vn -0.93013 0.10895 0.35069
vn -0.90792 0.00394 0.41912
vn -0.89365 0.01468 0.44853
vn -0.95116 0.1117 0.28779
vn -0.94071 0.12497 0.31535
vn 0.72176 -0.45511 -0.52149
vn 0.73691 -0.42479 -0.52584
vn 0.77402 -0.3983 -0.49218
vn 0.76008 -0.42889 -0.48819
vn 0.75468 -0.45834 -0.46945
vn 0.71592 -0.48412 -0.50308
vn 0.7537 -0.47457 -0.45467
vn 0.71489 -0.49964 -0.48917
vn 0.67181 -0.51031 -0.53689
vn 0.67804 -0.48171 -0.55517
vn 0.62171 -0.53656 -0.57059
vn 0.62821 -0.50851 -0.58887
vn 0.67074 -0.52508 -0.52383
vn 0.62061 -0.55063 -0.55826
vn 0.69425 -0.4519 -0.56018
vn 0.64521 -0.47936 -0.59491
vn 0.17069 0.35814 0.91793
vn 0.18198 0.38722 0.90385
vn 0.09205 0.39217 0.91527
vn 0.08622 0.36239 0.92803
vn 0 0.39385 0.91918
vn 0 0.36384 0.93146
vn 0.08078 0.28844 0.95409
vn 0.16017 0.28505 0.94504
vn 0.07477 0.18397 0.98008
vn 0.14838 0.18162 0.97211
vn 0 0.2896 0.95715
vn 0 0.18476 0.98278
vn 0.23717 0.27953 0.93039
vn 0.25233 0.35128 0.90163
vn 0.31096 0.27211 0.91064
vn 0.33009 0.34205 0.87979
vn 0.22014 0.17778 0.95913
vn 0.28932 0.17259 0.94155
vn 0.26839 0.3793 0.88549
vn 0.35008 0.36873 0.86109
vn -0.90182 0.13673 0.40991
vn -0.91509 0.15235 0.37337
vn -0.92873 0.13853 0.34389
vn -0.91686 0.12272 0.37987
vn -0.90012 0.0806 0.42813
vn -0.88378 0.09357 0.45846
vn -0.87768 0.02542 0.47858
vn -0.85986 0.03617 0.50925
vn -0.86538 0.10673 0.48962
vn -0.88476 0.15101 0.44091
vn -0.84464 0.12006 0.52169
vn -0.86538 0.1656 0.47296
vn -0.83998 0.04697 0.54058
vn -0.81776 0.05777 0.57266
vn -0.89949 0.16654 0.40395
vn -0.88163 0.18116 0.43578
vn 0.50875 -0.56027 -0.65366
vn 0.52591 -0.5332 -0.66266
vn 0.58924 -0.50668 -0.62934
vn 0.57188 -0.53489 -0.62197
vn 0.56526 -0.56239 -0.6035
vn 0.50226 -0.58713 -0.63483
vn 0.56415 -0.57574 -0.59183
vn 0.50113 -0.59983 -0.62376
vn 0.4324 -0.61015 -0.66389
vn 0.43854 -0.58394 -0.68316
vn 0.3557 -0.63071 -0.6897
vn 0.36117 -0.60514 -0.70948
vn 0.43136 -0.62226 -0.65324
vn 0.35476 -0.64228 -0.67943
vn 0.45477 -0.55814 -0.69402
vn 0.37566 -0.58066 -0.7223
vn 0.47015 0.31811 0.82326
vn 0.49502 0.34176 0.79885
vn 0.42586 0.35603 0.83179
vn 0.40291 0.33086 0.85334
vn 0.38063 0.26301 0.88654
vn 0.44552 0.25255 0.85891
vn 0.35518 0.16618 0.91991
vn 0.41707 0.15876 0.8949
vn 0.50546 0.24098 0.82851
vn 0.53168 0.30416 0.79045
vn 0.56054 0.22856 0.79596
vn 0.58763 0.28933 0.75564
vn 0.47487 0.15043 0.8671
vn 0.52853 0.1414 0.83705
vn 0.55763 0.32629 0.76327
vn 0.61387 0.31005 0.72597
vn -0.81865 0.19563 0.53995
vn -0.8381 0.21153 0.50284
vn -0.86128 0.19615 0.46874
vn -0.84343 0.18049 0.50601
vn -0.82136 0.13355 0.55456
vn -0.79526 0.14716 0.58813
vn -0.79304 0.06864 0.60529
vn -0.76563 0.07944 0.63836
vn -0.76603 0.16087 0.62235
vn -0.79062 0.21101 0.57479
vn -0.73323 0.17466 0.65717
vn -0.75891 0.22666 0.61047
vn -0.73521 0.09018 0.67182
vn -0.70139 0.1009 0.7056
vn -0.81166 0.22731 0.53809
vn -0.78148 0.24348 0.57446
vn 0.18827 -0.6363 -0.74812
vn 0.19673 -0.61417 -0.76426
vn 0.2892 -0.5997 -0.74614
vn 0.27733 -0.62287 -0.73152
vn 0.27284 -0.64789 -0.71119
vn 0.1851 -0.66083 -0.72736
vn 0.27208 -0.659 -0.70121
vn 0.18455 -0.6716 -0.71756
vn 0.09363 -0.66889 -0.73744
vn 0.09528 -0.64467 -0.7585
vn 0 -0.67167 -0.74085
vn 0 -0.64753 -0.76204
vn 0.09333 -0.67945 -0.72776
vn 0 -0.68214 -0.73122
vn 0.09971 -0.62326 -0.77564
vn 0 -0.62636 -0.77954
vn 0.68302 0.25822 0.68323
vn 0.7081 0.27665 0.64966
vn 0.66392 0.29338 0.68785
vn 0.638 0.27391 0.71967
vn 0.61064 0.21553 0.76202
vn 0.65585 0.20213 0.72733
vn 0.57792 0.13178 0.80538
vn 0.62299 0.12177 0.77269
vn 0.69657 0.18846 0.6923
vn 0.72313 0.24245 0.64677
vn 0.73323 0.17466 0.65717
vn 0.75891 0.22666 0.61047
vn 0.66405 0.11146 0.73934
vn 0.7014 0.1009 0.70559
vn 0.7471 0.25999 0.61175
vn 0.78148 0.24348 0.57446
vn -0.68302 0.25822 0.68323
vn -0.70812 0.27666 0.64964
vn -0.74709 0.26 0.61177
vn -0.72316 0.24245 0.64674
vn -0.69658 0.18846 0.69228
vn -0.65585 0.20213 0.72733
vn -0.66405 0.11146 0.73934
vn -0.62299 0.12177 0.77269
vn -0.61062 0.21553 0.76203
vn -0.638 0.27391 0.71967
vn -0.56052 0.22856 0.79598
vn -0.58761 0.28932 0.75565
vn -0.57792 0.13178 0.80538
vn -0.52853 0.1414 0.83705
vn -0.66392 0.29338 0.68785
vn -0.61386 0.31004 0.72598
vn -0.18827 -0.6363 -0.74812
vn -0.19676 -0.61416 -0.76426
vn -0.09971 -0.62326 -0.77564
vn -0.09528 -0.64467 -0.7585
vn -0.09363 -0.66889 -0.73744
vn -0.1851 -0.66083 -0.72736
vn -0.09333 -0.67945 -0.72776
vn -0.18455 -0.6716 -0.71756
vn -0.27287 -0.64789 -0.71118
vn -0.27733 -0.62287 -0.73152
vn -0.3557 -0.63071 -0.6897
vn -0.36117 -0.60514 -0.70948
vn -0.27211 -0.65899 -0.7012
vn -0.35479 -0.64228 -0.67942
vn -0.28923 -0.5997 -0.74613
vn -0.37566 -0.58066 -0.7223
vn 0.81864 0.19563 0.53997
vn 0.8381 0.21153 0.50284
vn 0.81166 0.22731 0.53809
vn 0.79062 0.21101 0.57479
vn 0.76603 0.16087 0.62235
vn 0.79526 0.14716 0.58813
vn 0.73521 0.09018 0.67182
vn 0.76563 0.07944 0.63836
vn 0.82136 0.13355 0.55456
vn 0.84342 0.18049 0.50603
vn 0.84464 0.12006 0.52169
vn 0.86538 0.1656 0.47296
vn 0.79304 0.06864 0.60529
vn 0.81777 0.05777 0.57264
vn 0.86127 0.19614 0.46877
vn 0.88163 0.18116 0.43578
vn -0.47015 0.31811 0.82326
vn -0.49505 0.34175 0.79883
vn -0.55763 0.32629 0.76327
vn -0.53168 0.30416 0.79045
vn -0.50546 0.24098 0.82851
vn -0.44552 0.25255 0.85891
vn -0.47487 0.15043 0.8671
vn -0.41708 0.15876 0.8949
vn -0.38064 0.26299 0.88654
vn -0.40291 0.33086 0.85334
vn -0.31096 0.27211 0.91064
vn -0.33006 0.34206 0.8798
vn -0.35518 0.16618 0.91991
vn -0.28932 0.17259 0.94155
vn -0.42586 0.35603 0.83179
vn -0.35008 0.36873 0.86109
vn -0.50875 -0.56027 -0.65366
vn -0.52591 -0.53318 -0.66267
vn -0.45477 -0.55814 -0.69402
vn -0.43856 -0.58393 -0.68315
vn -0.4324 -0.61015 -0.66389
vn -0.50222 -0.58713 -0.63486
vn -0.43136 -0.62226 -0.65324
vn -0.50112 -0.59985 -0.62375
vn -0.56526 -0.56239 -0.6035
vn -0.57186 -0.5349 -0.62197
vn -0.62171 -0.53656 -0.57059
vn -0.62821 -0.50851 -0.58887
vn -0.56415 -0.57574 -0.59183
vn -0.62061 -0.55063 -0.55826
vn -0.58922 -0.50669 -0.62935
vn -0.64521 -0.47936 -0.59491
vn 0.90182 0.13673 0.40991
vn 0.91509 0.15235 0.37337
vn 0.89949 0.16654 0.40395
vn 0.88476 0.15101 0.44091
vn 0.86539 0.10672 0.48961
vn 0.88378 0.09357 0.45846
vn 0.83998 0.04697 0.54058
vn 0.85987 0.03616 0.50924
vn 0.90012 0.0806 0.42812
vn 0.91686 0.12272 0.37987
vn 0.91464 0.06775 0.39855
vn 0.93013 0.10895 0.35069
vn 0.87768 0.02542 0.47858
vn 0.89366 0.01468 0.44851
vn 0.92873 0.13853 0.34389
vn 0.94071 0.12497 0.31535
vn -0.17069 0.35814 0.91793
vn -0.18198 0.38722 0.90385
vn -0.26839 0.3793 0.88549
vn -0.25233 0.35128 0.90163
vn -0.23714 0.27953 0.93039
vn -0.16017 0.28505 0.94504
vn -0.22011 0.17781 0.95913
vn -0.14838 0.18162 0.97211
vn -0.08078 0.28844 0.95409
vn -0.08622 0.36239 0.92803
vn -0.07477 0.18397 0.98008
vn -0.09205 0.39217 0.91527
vn -0.72176 -0.45511 -0.52149
vn -0.73691 -0.42479 -0.52584
vn -0.69425 -0.4519 -0.56018
vn -0.67804 -0.48171 -0.55517
vn -0.6718 -0.51032 -0.5369
vn -0.7159 -0.48414 -0.50309
vn -0.67076 -0.52509 -0.5238
vn -0.71489 -0.49964 -0.48917
vn -0.75468 -0.45834 -0.46945
vn -0.76008 -0.42889 -0.48819
vn -0.78876 -0.43307 -0.43624
vn -0.79372 -0.40325 -0.45541
vn -0.7537 -0.47457 -0.45467
vn -0.78781 -0.45004 -0.4205
vn -0.77402 -0.3983 -0.49218
vn -0.80634 -0.3726 -0.45934
vn 0.95197 0.08206 0.29499
vn 0.96022 0.0987 0.26121
vn 0.95116 0.1117 0.28779
vn 0.94178 0.0954 0.3224
vn 0.92749 0.05506 0.36976
vn 0.93882 0.04248 0.34178
vn 0.90792 0.00394 0.41912
vn 0.92061 -0.00674 0.39043
vn 0.94878 0.03 0.3145
vn 0.96085 0.06891 0.26835
vn 0.95753 0.01758 0.28779
vn 0.96858 0.05588 0.24235
vn 0.93187 -0.01746 0.36238
vn 0.94186 -0.0282 0.33483
vn 0.96809 0.08591 0.23542
vn 0.97487 0.07328 0.21037
vn -0.84867 -0.35457 -0.39247
vn -0.85868 -0.32414 -0.39699
vn -0.83439 -0.34782 -0.42757
vn -0.82308 -0.37844 -0.42346
vn -0.81861 -0.40853 -0.40371
vn -0.84462 -0.38494 -0.37206
vn -0.81764 -0.42629 -0.38695
vn -0.84362 -0.40347 -0.35427
vn -0.86736 -0.36224 -0.34127
vn -0.87102 -0.33159 -0.36245
vn -0.88728 -0.34038 -0.31126
vn -0.89056 -0.30953 -0.3333
vn -0.8663 -0.38154 -0.3224
vn -0.88612 -0.36046 -0.2913
vn -0.87979 -0.30146 -0.36754
vn -0.89819 -0.27974 -0.3391
vn 0.98088 0.03009 0.19227
vn 0.98556 0.04837 0.16224
vn 0.98068 0.06076 0.18595
vn 0.97523 0.04294 0.21699
vn 0.96513 0.00522 0.2617
vn 0.97168 -0.00708 0.23618
vn 0.95066 -0.03897 0.30778
vn 0.95833 -0.04978 0.28129
vn 0.97727 -0.01938 0.21113
vn 0.98562 0.01727 0.16807
vn 0.98195 -0.03177 0.18644
vn 0.98953 0.00446 0.14426
vn 0.96497 -0.06067 0.25526
vn 0.97066 -0.07169 0.22953
vn 0.98963 0.03604 0.13907
vn 0.99293 0.02368 0.11631
vn -0.92247 -0.26808 -0.27782
vn -0.9281 -0.23918 -0.28536
vn -0.9142 -0.25898 -0.31172
vn -0.90762 -0.28835 -0.3051
vn -0.90464 -0.31944 -0.28212
vn -0.91973 -0.29939 -0.25389
vn -0.90335 -0.34032 -0.26103
vn -0.91828 -0.32109 -0.23164
vn -0.93287 -0.28016 -0.22639
vn -0.93541 -0.24867 -0.25133
vn -0.9443 -0.26167 -0.19957
vn -0.94671 -0.22996 -0.22551
vn -0.93121 -0.30269 -0.20302
vn -0.9424 -0.28505 -0.17503
vn -0.94019 -0.22025 -0.25987
vn -0.95073 -0.20207 -0.23512
vn 0.99498 -0.02127 0.09778
vn 0.9974 -0.00104 0.07203
vn 0.99551 0.01132 0.09397
vn 0.99264 -0.00836 0.12083
vn 0.98578 -0.04422 0.16212
vn 0.98878 -0.05673 0.13816
vn 0.97543 -0.08283 0.20414
vn 0.97933 -0.09409 0.17906
vn 0.991 -0.06937 0.11445
vn 0.99659 -0.03424 0.07502
vn 0.99247 -0.08219 0.09085
vn 0.9975 -0.04743 0.0524
vn 0.98238 -0.1055 0.15424
vn 0.98463 -0.11716 0.12952
vn 0.99864 -0.01349 0.05036
vn 0.99924 -0.02612 0.02887
vn -0.96496 -0.19471 -0.17588
vn -0.96777 -0.16789 -0.18772
vn -0.95988 -0.18461 -0.21107
vn -0.95651 -0.21199 -0.20039
vn -0.95417 -0.24391 -0.17338
vn -0.96264 -0.22685 -0.14784
vn -0.952 -0.26814 -0.14765
vn -0.96016 -0.25193 -0.12092
vn -0.96986 -0.21043 -0.12281
vn -0.97222 -0.17805 -0.15193
vn -0.97598 -0.1945 -0.09815
vn -0.97843 -0.16191 -0.12833
vn -0.96704 -0.23637 -0.0947
vn -0.97276 -0.22135 -0.06885
vn -0.97456 -0.1518 -0.16489
vn -0.98038 -0.13621 -0.14246
vn 0.99721 -0.07422 0.00757
vn 0.99856 -0.05185 -0.01361
vn 0.99921 -0.03891 0.00754
vn 0.99771 -0.06073 0.02991
vn 0.99318 -0.09519 0.06739
vn 0.99313 -0.10837 0.04404
vn 0.98608 -0.12904 0.10489
vn 0.98672 -0.14115 0.08039
vn 0.99233 -0.12183 0.02072
vn 0.99601 -0.08799 -0.01471
vn 0.99076 -0.13562 -0.00272
vn 0.99409 -0.10205 -0.03714
vn 0.98656 -0.15354 0.05591
vn 0.98557 -0.16633 0.03128
vn 0.99728 -0.06507 -0.03476
vn 0.99533 -0.07859 -0.056
vn -0.98795 -0.13114 -0.08225
vn -0.98939 -0.10657 -0.09876
vn -0.9853 -0.12113 -0.12043
vn -0.98364 -0.14628 -0.10511
vn -0.98105 -0.17911 -0.07386
vn -0.98516 -0.16422 -0.04996
vn -0.9774 -0.20689 -0.0434
vn -0.98104 -0.19294 -0.01828
vn -0.98837 -0.14975 -0.02628
vn -0.99141 -0.11643 -0.05963
vn -0.99076 -0.13562 -0.00272
vn -0.99409 -0.10205 -0.03711
vn -0.98375 -0.17945 0.00653
vn -0.98557 -0.16633 0.03128
vn -0.99272 -0.09241 -0.0773
vn -0.99533 -0.07859 -0.056
vn 0.98794 -0.13114 -0.08228
vn 0.98939 -0.10657 -0.09876
vn 0.99271 -0.09241 -0.07733
vn 0.99141 -0.11643 -0.05963
vn 0.98837 -0.14975 -0.02628
vn 0.98516 -0.16422 -0.04996
vn 0.98375 -0.17945 0.00653
vn 0.98104 -0.19294 -0.01828
vn 0.98105 -0.17911 -0.07386
vn 0.98364 -0.14628 -0.10511
vn 0.97598 -0.1945 -0.09815
vn 0.97843 -0.16191 -0.12833
vn 0.9774 -0.20689 -0.0434
vn 0.97275 -0.22138 -0.06885
vn 0.9853 -0.12113 -0.12043
vn 0.98038 -0.13621 -0.14246
vn -0.99721 -0.07422 0.00757
vn -0.99856 -0.05185 -0.01361
vn -0.99728 -0.06507 -0.03476
vn -0.99601 -0.08799 -0.01471
vn -0.99233 -0.12183 0.02072
vn -0.99313 -0.10837 0.04404
vn -0.98656 -0.15354 0.05591
vn -0.98672 -0.14115 0.08039
vn -0.99318 -0.09519 0.06739
vn -0.99771 -0.06073 0.02991
vn -0.99247 -0.08219 0.09085
vn -0.9975 -0.04743 0.0524
vn -0.98608 -0.12904 0.10489
vn -0.98463 -0.11716 0.12952
vn -0.99921 -0.03891 0.00754
vn -0.99924 -0.02612 0.02887
vn 0.96496 -0.19471 -0.17588
vn 0.96777 -0.16789 -0.18772
vn 0.97456 -0.1518 -0.16489
vn 0.97222 -0.17805 -0.15193
vn 0.96986 -0.21043 -0.12281
vn 0.96264 -0.22685 -0.14784
vn 0.96704 -0.23637 -0.0947
vn 0.96016 -0.25193 -0.12092
vn 0.95417 -0.24391 -0.17338
vn 0.95651 -0.21199 -0.20039
vn 0.9443 -0.26167 -0.19957
vn 0.94671 -0.22996 -0.22551
vn 0.952 -0.26814 -0.14765
vn 0.9424 -0.28505 -0.17503
vn 0.95988 -0.18461 -0.21107
vn 0.95073 -0.20207 -0.23512
vn -0.99498 -0.02127 0.09778
vn -0.9974 -0.00104 0.07203
vn -0.99864 -0.01349 0.05036
vn -0.99659 -0.03427 0.07502
vn -0.991 -0.06937 0.11445
vn -0.98878 -0.05673 0.13816
vn -0.98238 -0.1055 0.15424
vn -0.97933 -0.09409 0.17906
vn -0.98578 -0.04422 0.16212
vn -0.99264 -0.00836 0.12083
vn -0.97543 -0.08283 0.20414
vn -0.99551 0.01132 0.09397
vn 0.92247 -0.26808 -0.27782
vn 0.9281 -0.23918 -0.28536
vn 0.94019 -0.22025 -0.25987
vn 0.93541 -0.24867 -0.25133
vn 0.93287 -0.28016 -0.22639
vn 0.91973 -0.29939 -0.25389
vn 0.93121 -0.30269 -0.20302
vn 0.91828 -0.32109 -0.23164
vn 0.90464 -0.31944 -0.28212
vn 0.90762 -0.28835 -0.3051
vn 0.90335 -0.34032 -0.26103
vn 0.9142 -0.25898 -0.31172
vn 0 -0.67271 0.73991
vn 0.00806 -0.63877 0.76936
vn 3E-05 -0.61335 0.78981
vn -0.00806 -0.63877 0.76936
vn -0.06876 -0.56205 0.82424
vn -0.01743 -0.5986 0.80086
vn 0.01746 -0.59867 0.8008
vn 0.0687 -0.56204 0.82425
vn 0 -0.51828 0.85521
vn -0.02857 -0.61423 0.78861
vn -0.02417 -0.63968 0.76826
vn -0.11948 -0.56628 0.8155
vn -0.05161 -0.59964 0.7986
vn 0.01563 -0.56052 0.82799
vn -0.07187 -0.51995 0.85117
vn -0.0567 -0.61695 0.78496
vn -0.04004 -0.64145 0.76612
vn -0.16645 -0.57336 0.80222
vn -0.08649 -0.60175 0.79399
vn -0.03678 -0.56183 0.82643
vn -0.14079 -0.52475 0.83953
vn -0.08237 -0.62159 0.779
vn -0.05475 -0.64394 0.76312
vn -0.20753 -0.58328 0.78531
vn -0.12046 -0.60465 0.78733
vn -0.08799 -0.56612 0.81961
vn -0.20435 -0.53298 0.82108
vn -0.1041 -0.62784 0.77135
vn -0.06845 -0.64728 0.75917
vn -0.24199 -0.59598 0.76567
vn -0.15467 -0.60941 0.77763
vn -0.13401 -0.57281 0.80866
vn -0.25886 -0.54516 0.79737
vn -0.12199 -0.63587 0.7621
vn -0.08127 -0.65161 0.75419
vn -0.26781 -0.61159 0.74447
vn -0.18608 -0.61683 0.76479
vn -0.175 -0.582 0.79414
vn -0.30306 -0.56156 0.76994
vn -0.13453 -0.64527 0.75202
vn -0.09208 -0.65711 0.74815
vn -0.28426 -0.6302 0.72252
vn -0.2118 -0.62802 0.74882
vn -0.21043 -0.5925 0.7776
vn -0.33455 -0.58194 0.74123
vn -0.14194 -0.65515 0.74204
vn -0.09888 -0.66431 0.74089
vn -0.29015 -0.65141 0.70106
vn -0.22871 -0.64304 0.73088
vn -0.24137 -0.60461 0.75907
vn -0.35305 -0.60523 0.71348
vn -0.14506 -0.66562 0.73206
vn -0.10007 -0.67268 0.73314
vn -0.28483 -0.67468 0.68094
vn -0.23473 -0.66127 0.71248
vn -0.26612 -0.61956 0.73846
vn -0.36166 -0.63047 0.68681
vn -0.14387 -0.67612 0.72261
vn -0.09522 -0.68073 0.72632
vn -0.26839 -0.69883 0.66303
vn -0.22798 -0.68159 0.69532
vn -0.28218 -0.63736 0.71704
vn -0.36141 -0.65641 0.6622
vn -0.13828 -0.68714 0.71324
vn -0.0853 -0.688 0.72068
vn -0.24104 -0.72251 0.64798
vn -0.20848 -0.70176 0.68122
vn -0.28776 -0.65826 0.69562
vn -0.35277 -0.68501 0.63743
vn -0.1272 -0.69855 0.70416
vn -0.07236 -0.69392 0.71641
vn -0.20399 -0.74446 0.63575
vn -0.17793 -0.71925 0.67158
vn -0.28197 -0.68113 0.67569
vn -0.33257 -0.71631 0.61343
vn -0.11036 -0.70935 0.69616
vn -0.05808 -0.69852 0.71323
vn -0.15815 -0.76436 0.6251
vn -0.14091 -0.73259 0.66593
vn -0.26457 -0.70548 0.6575
vn -0.296 -0.74985 0.5917
vn -0.08799 -0.71873 0.6897
vn -0.04227 -0.70213 0.7108
vn -0.10334 -0.78003 0.61715
vn -0.10093 -0.74185 0.66293
vn -0.23567 -0.72937 0.64224
vn -0.24189 -0.78238 0.57391
vn -0.06113 -0.726 0.68498
vn -0.02579 -0.70462 0.70911
vn -0.04154 -0.78932 0.61258
vn -0.06043 -0.74769 0.66129
vn -0.19572 -0.75162 0.62988
vn -0.17118 -0.80954 0.56155
vn -0.03144 -0.73052 0.68217
vn -0.00879 -0.70587 0.70828
vn 0.02298 -0.79085 0.61158
vn -0.02048 -0.75053 0.66052
vn -0.14548 -0.77073 0.62033
vn -0.08902 -0.82741 0.5545
vn 9E-05 -0.73212 0.68118
vn 0.0087 -0.70587 0.70828
vn 0.08722 -0.7843 0.61422
vn 0.02039 -0.7506 0.66044
vn -0.08695 -0.7843 0.61425
vn 0 -0.83378 0.55209
vn 0.03113 -0.73055 0.68215
vn 0.02591 -0.70461 0.70912
vn 0.14524 -0.77073 0.62039
vn 0.06049 -0.74763 0.66135
vn -0.02344 -0.79087 0.61154
vn 0.08872 -0.82756 0.55432
vn 0.0615 -0.72591 0.68504
vn 0.04242 -0.70212 0.71079
vn 0.19581 -0.75172 0.62974
vn 0.10102 -0.7418 0.66297
vn 0.04172 -0.78931 0.61258
vn 0.17158 -0.80932 0.56175
vn 0.08783 -0.71881 0.68963
vn 0.05786 -0.69853 0.71324
vn 0.23567 -0.72939 0.64222
vn 0.14075 -0.73264 0.6659
vn 0.10337 -0.77991 0.6173
vn 0.24189 -0.78238 0.57391
vn 0.11045 -0.70936 0.69614
vn 0.07233 -0.694 0.71634
vn 0.26476 -0.70534 0.65757
vn 0.17802 -0.71934 0.67146
vn 0.1584 -0.76423 0.62519
vn 0.2964 -0.74983 0.59153
vn 0.12714 -0.69859 0.70414
vn 0.0853 -0.68811 0.72058
vn 0.28197 -0.68107 0.67576
vn 0.20848 -0.70167 0.68132
vn 0.20393 -0.74465 0.63554
vn 0.33257 -0.71638 0.61335
vn 0.13825 -0.68726 0.71314
vn 0.09519 -0.68073 0.72632
vn 0.2878 -0.6583 0.69557
vn 0.22801 -0.68167 0.69522
vn 0.24107 -0.72248 0.64801
vn 0.35287 -0.68495 0.63743
vn 0.1439 -0.67604 0.72268
vn 0.10007 -0.67252 0.73328
vn 0.28221 -0.63737 0.71702
vn 0.23466 -0.66126 0.71251
vn 0.26839 -0.6988 0.66306
vn 0.36144 -0.65644 0.66215
vn 0.14503 -0.66559 0.73209
vn 0.09888 -0.66431 0.74089
vn 0.26619 -0.61958 0.73842
vn 0.22877 -0.64304 0.73087
vn 0.28483 -0.67465 0.68097
vn 0.36159 -0.63041 0.6869
vn 0.14201 -0.65513 0.74205
vn 0.09205 -0.65711 0.74815
vn 0.24137 -0.60461 0.75907
vn 0.21183 -0.62802 0.74881
vn 0.29011 -0.6514 0.70108
vn 0.35317 -0.60541 0.71327
vn 0.1345 -0.64517 0.75211
vn 0.0813 -0.65158 0.75421
vn 0.21046 -0.59248 0.77761
vn 0.18605 -0.61683 0.76479
vn 0.28417 -0.63032 0.72246
vn 0.33461 -0.58188 0.74125
vn 0.12198 -0.63599 0.762
vn 0.06842 -0.6473 0.75916
vn 0.17506 -0.58206 0.79408
vn 0.15458 -0.6094 0.77765
vn 0.2679 -0.61167 0.74437
vn 0.30327 -0.56159 0.76983
vn 0.10407 -0.62785 0.77135
vn 0.05469 -0.64396 0.7631
vn 0.13389 -0.57284 0.80866
vn 0.12052 -0.60466 0.78732
vn 0.24169 -0.5959 0.76583
vn 0.25892 -0.54525 0.79728
vn 0.08225 -0.62149 0.77909
vn 0.04001 -0.64145 0.76612
vn 0.08802 -0.56603 0.81967
vn 0.08622 -0.60165 0.7941
vn 0.20765 -0.58319 0.78535
vn 0.20442 -0.53304 0.82102
vn 0.05667 -0.61692 0.78499
vn 0.02417 -0.63966 0.76827
vn 0.16639 -0.57336 0.80223
vn 0.02857 -0.61419 0.78864
vn -0.01566 -0.56058 0.82795
vn -0.6887 -0.09131 0.71928
vn -0.69416 -0.06031 0.71729
vn -0.71296 -0.0633 0.69834
vn -0.63465 -0.08106 0.76854
vn -0.74602 -0.069 0.66234
vn -0.71317 -0.08951 0.69525
vn -0.69316 -0.05625 0.71858
vn -0.72321 -0.06134 0.6879
vn -0.75087 -0.06665 0.65708
vn -0.37874 -0.31932 0.86867
vn -0.4059 -0.38918 0.82691
vn -0.57593 -0.29415 0.76274
vn -0.5564 -0.34801 0.75453
vn -0.71071 -0.08906 0.69783
vn -0.47896 -0.26109 0.83811
vn -0.58323 -0.07181 0.80913
vn -0.66798 -0.05588 0.74208
vn -0.66061 -0.05136 0.74897
vn -0.61975 -0.04941 0.78324
vn -0.62535 -0.04669 0.77895
vn 0.17774 -0.73219 -0.6575
vn 0.18391 -0.67452 -0.71499
vn 0.24788 -0.66584 -0.70371
vn 0.07096 -0.73406 -0.67537
vn 0.35507 -0.64586 -0.67586
vn 0.34291 -0.69471 -0.63229
vn 0.18431 -0.6674 -0.72154
vn 0.2719 -0.65568 -0.70439
vn 0.35454 -0.64017 -0.68153
vn -0.09803 -0.99342 -0.05927
vn 0.12128 -0.98418 0.12919
vn 0.26573 -0.94221 -0.20402
vn 0.35802 -0.93364 -0.01184
vn 0.28737 -0.70786 -0.64526
vn -9E-05 -0.97034 -0.24174
vn -6E-05 -0.73198 -0.68132
vn 0.11915 -0.67972 -0.72373
vn 0.09327 -0.67469 -0.73219
vn -3E-05 -0.68337 -0.73007
vn 0 -0.67719 -0.73581
vn 0.5449 -0.07468 0.83517
vn 0.54803 -0.04221 0.83539
vn 0.51324 -0.03864 0.85737
vn 0.57644 -0.07151 0.814
vn 0.54641 -0.03806 0.83665
vn 0.50269 -0.03418 0.86379
vn 0.4634 -0.32897 0.82282
vn 0.29488 -0.38873 0.87289
vn 0.24922 -0.3069 0.91853
vn 0.4775 -0.0658 0.87617
vn 0.479 -0.26112 0.83808
vn 0.58323 -0.07181 0.80913
vn 0.57409 -0.04468 0.81757
vn 0.58722 -0.04224 0.80833
vn 0.61975 -0.04938 0.78324
vn 0.62528 -0.04669 0.779
vn -0.54498 -0.07465 0.83512
vn -0.54797 -0.04218 0.83543
vn -0.57416 -0.04468 0.81752
vn -0.47747 -0.0658 0.87618
vn -0.54638 -0.03806 0.83667
vn -0.58723 -0.04224 0.80832
vn -0.24922 -0.30687 0.91854
vn -0.29497 -0.38882 0.87282
vn -0.46322 -0.329 0.82292
vn -0.57642 -0.07151 0.81402
vn -0.35009 -0.2306 0.90789
vn -0.41638 -0.05802 0.90734
vn -0.5132 -0.03864 0.8574
vn -0.50265 -0.03418 0.86381
vn -0.4505 -0.03366 0.89214
vn -0.45593 -0.03058 0.88949
vn -0.17777 -0.73218 -0.6575
vn -0.18385 -0.67454 -0.71498
vn -0.11915 -0.67972 -0.72373
vn -0.28737 -0.70786 -0.64526
vn -0.18428 -0.6674 -0.72154
vn -0.09333 -0.6747 -0.73217
vn -0.35806 -0.93363 -0.01175
vn -0.12147 -0.98415 0.12922
vn 0.09739 -0.99349 -0.05915
vn -0.07105 -0.73405 -0.67536
vn -0.26582 -0.94222 -0.20384
vn -0.34295 -0.69474 -0.63224
vn -0.24782 -0.66585 -0.70372
vn -0.27186 -0.6557 -0.70438
vn -0.35516 -0.64585 -0.67582
vn -0.3546 -0.64014 -0.68152
vn 0.68867 -0.09131 0.71931
vn 0.69416 -0.06031 0.71729
vn 0.66798 -0.05588 0.74208
vn 0.71068 -0.08906 0.69786
vn 0.69322 -0.05625 0.71852
vn 0.66061 -0.05136 0.74897
vn 0.5563 -0.34804 0.75458
vn 0.4059 -0.38918 0.82691
vn 0.3789 -0.31945 0.86856
vn 0.63473 -0.08106 0.76847
vn 0.57611 -0.29423 0.76258
vn 0.71326 -0.08948 0.69516
vn 0.71298 -0.0633 0.69833
vn 0.72319 -0.06134 0.68791
vn 0.74602 -0.069 0.66234
vn 0.75082 -0.06665 0.65713
vn -0.35509 -0.06256 0.93273
vn -0.35604 -0.02857 0.93404
vn -0.39074 -0.03028 0.92
vn -0.27974 -0.05487 0.95851
vn -0.35435 -0.02442 0.93479
vn -0.40646 -0.02731 0.91326
vn -0.10041 -0.29982 0.9487
vn -0.17588 -0.39339 0.90239
vn -0.34798 -0.31413 0.88331
vn -0.39965 -0.05829 0.91481
vn -0.1865 -0.20896 0.95997
vn -0.2176 -0.04895 0.97481
vn -0.31346 -0.02619 0.94924
vn -0.29958 -0.02191 0.95382
vn -0.2389 -0.02322 0.97077
vn -0.24253 -0.01981 0.96994
vn -0.48746 -0.66325 -0.56788
vn -0.50003 -0.60746 -0.61722
vn -0.45145 -0.62196 -0.63981
vn -0.572 -0.62251 -0.53413
vn -0.50104 -0.60078 -0.62291
vn -0.4312 -0.62158 -0.65399
vn -0.54174 -0.83765 0.06971
vn -0.34077 -0.92664 0.15879
vn -0.18641 -0.98156 -0.04242
vn -0.40994 -0.6822 -0.60544
vn -0.48162 -0.86991 -0.10627
vn -0.60911 -0.60563 -0.51206
vn -0.54713 -0.59052 -0.59324
vn -0.56409 -0.57847 -0.58921
vn -0.6214 -0.5599 -0.54806
vn -0.62062 -0.55524 -0.55366
vn 0.7924 -0.11161 0.5997
vn 0.79979 -0.08173 0.5947
vn 0.78099 -0.07663 0.61982
vn 0.80815 -0.11011 0.57859
vn 0.79945 -0.07776 0.59568
vn 0.7762 -0.07212 0.62635
vn 0.62812 -0.37136 0.68378
vn 0.50091 -0.39782 0.76865
vn 0.48633 -0.33599 0.8066
vn 0.75236 -0.09992 0.65113
vn 0.64964 -0.32693 0.68636
vn 0.80948 -0.11066 0.57662
vn 0.8129 -0.08518 0.57614
vn 0.82065 -0.08359 0.56529
vn 0.83625 -0.09174 0.54061
vn 0.84005 -0.0896 0.53507
vn -0.12412 -0.05609 0.99068
vn -0.12409 -0.02109 0.99205
vn -0.16651 -0.02164 0.9858
vn -0.0513 -0.0495 0.99746
vn -0.12327 -0.01694 0.99223
vn -0.18354 -0.01813 0.98284
vn 0.05756 -0.29887 0.95256
vn -0.05832 -0.39782 0.91561
vn -0.21089 -0.30382 0.9291
vn -0.18427 -0.05063 0.98157
vn 6E-05 -0.20124 0.97954
vn 3E-05 -0.04575 0.99895
vn -0.0784 -0.02017 0.99672
vn -0.06201 -0.01621 0.99794
vn 0 -0.01953 0.99981
vn 0 -0.01596 0.99987
vn -0.70136 -0.56479 -0.43487
vn -0.71373 -0.5142 -0.47559
vn -0.6836 -0.53021 -0.50156
vn -0.75626 -0.52236 -0.39397
vn -0.71492 -0.50821 -0.48022
vn -0.67081 -0.53164 -0.51708
vn -0.65372 -0.74051 0.15586
vn -0.50491 -0.83751 0.20893
vn -0.41704 -0.90846 0.02768
vn -0.65525 -0.58634 -0.47629
vn -0.62622 -0.77955 0.01209
vn -0.78065 -0.50476 -0.36852
vn -0.74326 -0.49636 -0.44854
vn -0.75368 -0.4852 -0.44333
vn -0.78835 -0.4664 -0.40121
vn -0.78765 -0.46277 -0.40676
vn 0.86501 -0.13523 0.48318
vn 0.87352 -0.10602 0.47509
vn 0.86065 -0.10038 0.49921
vn 0.87636 -0.13459 0.46246
vn 0.8737 -0.10215 0.47561
vn 0.85771 -0.0958 0.50512
vn 0.68192 -0.39934 0.61279
vn 0.57573 -0.41434 0.70489
vn 0.57248 -0.35582 0.73869
vn 0.83705 -0.12196 0.53336
vn 0.70566 -0.35997 0.61029
vn 0.8777 -0.13529 0.45971
vn 0.88253 -0.1099 0.45724
vn 0.88822 -0.10868 0.44637
vn 0.89849 -0.11735 0.42303
vn 0.90136 -0.11542 0.41741
vn -0.831 -0.46996 -0.29762
vn -0.84181 -0.42574 -0.33181
vn -0.82454 -0.43966 -0.35613
vn -0.86427 -0.43264 -0.25663
vn -0.84305 -0.4204 -0.33546
vn -0.8173 -0.44112 -0.37072
vn -0.7166 -0.65611 0.23668
vn -0.60992 -0.74551 0.26872
vn -0.56928 -0.81419 0.11408
vn -0.80608 -0.48748 -0.33556
vn -0.7119 -0.69167 0.12162
vn -0.8801 -0.41543 -0.22987
vn -0.85917 -0.41005 -0.30608
vn -0.86539 -0.40059 -0.30104
vn -0.88516 -0.38458 -0.26192
vn -0.88478 -0.3817 -0.26735
vn 0.91402 -0.16239 0.37175
vn 0.92316 -0.13331 0.36055
vn 0.91478 -0.12705 0.38344
vn 0.92215 -0.16266 0.35096
vn 0.92375 -0.12946 0.36046
vn 0.91318 -0.12235 0.38875
vn 0.71938 -0.43283 0.54328
vn 0.63118 -0.43793 0.64018
vn 0.64002 -0.37939 0.66816
vn 0.89583 -0.14738 0.41924
vn 0.74695 -0.39613 0.53399
vn 0.92372 -0.16377 0.3463
vn 0.92911 -0.1377 0.34322
vn 0.93312 -0.13682 0.33251
vn 0.93936 -0.14622 0.3102
vn 0.94146 -0.14439 0.30464
vn -0.90471 -0.3904 -0.17054
vn -0.91469 -0.35146 -0.19956
vn -0.90529 -0.36266 -0.2212
vn -0.92418 -0.35894 -0.13056
vn -0.9159 -0.34663 -0.2024
vn -0.90153 -0.3637 -0.23445
vn -0.74816 -0.58546 0.31225
vn -0.66926 -0.6652 0.33105
vn -0.66132 -0.72383 0.19679
vn -0.89233 -0.40295 -0.20344
vn -0.75988 -0.61311 0.21608
vn -0.93389 -0.34252 -0.10267
vn -0.92446 -0.33837 -0.17576
vn -0.92819 -0.33043 -0.17112
vn -0.93865 -0.31734 -0.13505
vn -0.93865 -0.31499 -0.14042
vn 0.94468 -0.19367 0.26469
vn 0.95414 -0.16416 0.25035
vn 0.94929 -0.15717 0.27229
vn 0.95018 -0.19514 0.24305
vn 0.95495 -0.16029 0.24977
vn 0.94871 -0.15223 0.27708
vn 0.74197 -0.47289 0.47524
vn 0.66974 -0.46752 0.57696
vn 0.69122 -0.40727 0.59695
vn 0.93447 -0.17661 0.30916
vn 0.77424 -0.43758 0.45724
vn 0.95157 -0.197 0.23601
vn 0.95756 -0.16926 0.23329
vn 0.96022 -0.16865 0.22255
vn 0.9631 -0.17915 0.20085
vn 0.96456 -0.17732 0.19541
vn -0.94387 -0.32585 -0.05414
vn -0.95352 -0.29085 -0.0788
vn -0.94893 -0.29979 -0.09824
vn -0.95403 -0.29936 -0.01453
vn -0.95468 -0.2864 -0.081
vn -0.94743 -0.30031 -0.11039
vn -0.75771 -0.52741 0.38433
vn -0.69718 -0.59928 0.39345
vn -0.71439 -0.64487 0.27165
vn -0.93886 -0.33422 -0.08271
vn -0.78278 -0.54507 0.30027
vn -0.95874 -0.28392 0.01468
vn -0.95836 -0.27992 -0.05652
vn -0.96055 -0.27317 -0.05216
vn -0.96473 -0.26258 -0.0184
vn -0.96517 -0.26054 -0.02368
vn 0.95993 -0.23012 0.15995
vn 0.96948 -0.1996 0.1424
vn 0.96768 -0.19166 0.16389
vn 0.96274 -0.23322 0.13688
vn 0.97045 -0.19563 0.1413
vn 0.96797 -0.18632 0.16828
vn 0.7498 -0.52057 0.40841
vn 0.69337 -0.50323 0.51575
vn 0.72773 -0.44015 0.526
vn 0.95647 -0.21064 0.20198
vn 0.78672 -0.48672 0.37972
vn 0.96341 -0.2364 0.12629
vn 0.9706 -0.20558 0.12516
vn 0.972 -0.20533 0.11423
vn 0.97172 -0.21733 0.09232
vn 0.97263 -0.21543 0.08701
vn -0.96032 -0.27345 0.05484
vn -0.9699 -0.24113 0.03382
vn -0.96854 -0.24837 0.01581
vn -0.96334 -0.2509 0.09504
vn -0.97098 -0.23698 0.03217
vn -0.96862 -0.24849 0.00446
vn -0.7501 -0.4797 0.45523
vn -0.70335 -0.54642 0.45468
vn -0.74165 -0.57749 0.34127
vn -0.95992 -0.27873 0.02948
vn -0.78671 -0.48665 0.37981
vn -0.9634 -0.23637 0.12641
vn -0.97117 -0.23188 0.05536
vn -0.9723 -0.22599 0.05963
vn -0.97172 -0.21732 0.09235
vn -0.97263 -0.21543 0.08701
vn 0.96033 -0.27345 0.05472
vn 0.9699 -0.24113 0.03382
vn 0.97116 -0.23192 0.05533
vn 0.95991 -0.27876 0.02933
vn 0.97098 -0.23698 0.0322
vn 0.9723 -0.22599 0.05966
vn 0.74165 -0.57752 0.34121
vn 0.70341 -0.54642 0.45458
vn 0.7501 -0.47973 0.4552
vn 0.96333 -0.2509 0.09507
vn 0.78283 -0.54499 0.30025
vn 0.95873 -0.28395 0.01471
vn 0.96853 -0.2484 0.01578
vn 0.96862 -0.24849 0.00443
vn 0.96473 -0.26258 -0.01837
vn 0.96517 -0.26054 -0.02368
vn -0.95993 -0.23015 0.15989
vn -0.96947 -0.1996 0.14243
vn -0.97061 -0.20558 0.1251
vn -0.95648 -0.21065 0.20192
vn -0.97045 -0.19563 0.1413
vn -0.97201 -0.20533 0.1142
vn -0.7277 -0.44012 0.52606
vn -0.69343 -0.50324 0.51566
vn -0.74983 -0.52063 0.40829
vn -0.96275 -0.23322 0.13685
vn -0.77428 -0.43762 0.45715
vn -0.95162 -0.197 0.23582
vn -0.96769 -0.19163 0.16386
vn -0.96797 -0.18632 0.16828
vn -0.96312 -0.17915 0.20078
vn -0.96456 -0.17732 0.19538
vn 0.94386 -0.32588 -0.05417
vn 0.95352 -0.29085 -0.0788
vn 0.95835 -0.27995 -0.05652
vn 0.93885 -0.33424 -0.08277
vn 0.95467 -0.28642 -0.08103
vn 0.96055 -0.27317 -0.05216
vn 0.7144 -0.64487 0.27162
vn 0.69721 -0.59922 0.39349
vn 0.75767 -0.52738 0.38445
vn 0.95403 -0.29936 -0.01456
vn 0.7599 -0.6131 0.21599
vn 0.93388 -0.34251 -0.10273
vn 0.94893 -0.29979 -0.09827
vn 0.94743 -0.30031 -0.11042
vn 0.93863 -0.31734 -0.13514
vn 0.93865 -0.31499 -0.14045
vn -0.94468 -0.19367 0.26469
vn -0.95414 -0.16416 0.25032
vn -0.95756 -0.16926 0.23332
vn -0.93445 -0.17662 0.30922
vn -0.95495 -0.16029 0.24974
vn -0.96022 -0.16865 0.22257
vn -0.69117 -0.40725 0.59702
vn -0.66971 -0.46746 0.57703
vn -0.74195 -0.47277 0.4754
vn -0.95019 -0.19511 0.24306
vn -0.74684 -0.39608 0.53418
vn -0.9237 -0.16377 0.34636
vn -0.94929 -0.15717 0.27229
vn -0.94872 -0.15223 0.27705
vn -0.93936 -0.14625 0.3102
vn -0.94146 -0.14439 0.30464
vn 0.9047 -0.39043 -0.17057
vn 0.91469 -0.35146 -0.19953
vn 0.92445 -0.33836 -0.17579
vn 0.89231 -0.40297 -0.20347
vn 0.9159 -0.34663 -0.20243
vn 0.92818 -0.33043 -0.17115
vn 0.66125 -0.72394 0.1966
vn 0.66914 -0.66533 0.33105
vn 0.74822 -0.5854 0.31222
vn 0.9242 -0.3589 -0.13053
vn 0.71205 -0.69154 0.1215
vn 0.88015 -0.41537 -0.22978
vn 0.90531 -0.36265 -0.22114
vn 0.90154 -0.3637 -0.23442
vn 0.88519 -0.38454 -0.26185
vn 0.88479 -0.38168 -0.26732
vn -0.91402 -0.16239 0.37175
vn -0.92316 -0.13331 0.36055
vn -0.92912 -0.1377 0.34319
vn -0.89586 -0.14738 0.41918
vn -0.92375 -0.12946 0.36046
vn -0.93314 -0.13679 0.33248
vn -0.63996 -0.37939 0.66822
vn -0.63125 -0.43785 0.64016
vn -0.7194 -0.4328 0.54328
vn -0.92215 -0.16266 0.35096
vn -0.70564 -0.36007 0.61027
vn -0.87771 -0.13529 0.45969
vn -0.91477 -0.12705 0.38347
vn -0.91318 -0.12235 0.38875
vn -0.8985 -0.11735 0.423
vn -0.90137 -0.11543 0.41739
vn 0.831 -0.46996 -0.29762
vn 0.84181 -0.42571 -0.33184
vn 0.85919 -0.41003 -0.30605
vn 0.80611 -0.48745 -0.33553
vn 0.84303 -0.4204 -0.3355
vn 0.86541 -0.40057 -0.30101
vn 0.56936 -0.81413 0.11411
vn 0.60986 -0.74555 0.26875
vn 0.71656 -0.65611 0.23677
vn 0.86429 -0.43262 -0.25661
vn 0.62622 -0.77955 0.01202
vn 0.7806 -0.50479 -0.36858
vn 0.82455 -0.43964 -0.35614
vn 0.81729 -0.44112 -0.37074
vn 0.78833 -0.46642 -0.40123
vn 0.78765 -0.46277 -0.40676
vn -0.86496 -0.13526 0.48328
vn -0.87349 -0.10602 0.47515
vn -0.88255 -0.1099 0.4572
vn -0.83705 -0.12196 0.53336
vn -0.8737 -0.10215 0.47561
vn -0.88822 -0.10868 0.44637
vn -0.57245 -0.35588 0.73868
vn -0.57569 -0.41434 0.70491
vn -0.68184 -0.39932 0.6129
vn -0.87633 -0.13459 0.46252
vn -0.64957 -0.32689 0.68644
vn -0.80945 -0.11066 0.57667
vn -0.86061 -0.10038 0.49927
vn -0.85768 -0.0958 0.50518
vn -0.83623 -0.09174 0.54065
vn -0.84003 -0.0896 0.53509
vn 0.70131 -0.56482 -0.4349
vn 0.71371 -0.51421 -0.47561
vn 0.74324 -0.49637 -0.44857
vn 0.65515 -0.58636 -0.4764
vn 0.71491 -0.50823 -0.48022
vn 0.75368 -0.4852 -0.44333
vn 0.41695 -0.90851 0.02759
vn 0.50482 -0.83755 0.20897
vn 0.65392 -0.74035 0.1558
vn 0.75636 -0.52228 -0.39388
vn 0.48193 -0.86977 -0.10608
vn 0.60923 -0.60554 -0.51202
vn 0.68366 -0.53018 -0.50152
vn 0.67081 -0.53164 -0.51708
vn 0.62147 -0.55985 -0.54804
vn 0.62065 -0.55521 -0.55366
vn 0.124 -0.05609 0.9907
vn 0.12406 -0.02109 0.99205
vn 0.07843 -0.02017 0.99672
vn 0.18428 -0.05063 0.98157
vn 0.12327 -0.01694 0.99223
vn 0.06205 -0.01621 0.99794
vn 0.21086 -0.30382 0.9291
vn 0.0582 -0.39785 0.9156
vn -0.05762 -0.29887 0.95255
vn 0.05124 -0.0495 0.99746
vn 0.16648 -0.02164 0.98581
vn 0.1836 -0.01813 0.98283
vn -0.79244 -0.11161 0.59965
vn -0.79979 -0.08173 0.5947
vn -0.81293 -0.08515 0.5761
vn -0.75235 -0.09992 0.65115
vn -0.79945 -0.07776 0.59568
vn -0.82066 -0.08359 0.56527
vn -0.48629 -0.33592 0.80665
vn -0.50113 -0.39776 0.76854
vn -0.62818 -0.37136 0.68373
vn -0.80811 -0.11014 0.57864
vn -0.78098 -0.07663 0.61984
vn -0.7762 -0.07212 0.62635
vn 0.48749 -0.66325 -0.56785
vn 0.50012 -0.60742 -0.61719
vn 0.54708 -0.59054 -0.59326
vn 0.4099 -0.68222 -0.60544
vn 0.50107 -0.60077 -0.6229
vn 0.56405 -0.57849 -0.58923
vn 0.18662 -0.98153 -0.04215
vn 0.34081 -0.92662 0.15885
vn 0.54187 -0.83758 0.06955
vn 0.572 -0.62251 -0.53413
vn 0.45138 -0.62195 -0.63987
vn 0.43118 -0.62159 -0.654
vn 0.93603 0.32213 -0.14173
vn 0.92322 0.35159 -0.1551
vn 0.92447 0.34881 -0.15394
vn 0.93708 0.31953 -0.14063
vn 0.92312 0.35177 -0.15528
vn 0.93597 0.32222 -0.14188
vn 0.90767 0.38381 -0.16978
vn 0.90915 0.38086 -0.1685
vn 0.90752 0.38408 -0.16999
vn 0.94758 0.29255 -0.12845
vn 0.94667 0.29503 -0.12949
vn 0.95638 0.26756 -0.11725
vn 0.95562 0.26985 -0.1182
vn 0.94665 0.29506 -0.12962
vn 0.9556 0.26988 -0.11829
vn 0.94447 0.30095 -0.13196
vn 0.93341 0.32848 -0.14439
vn 0.95375 0.2754 -0.12046
vn 0.92015 0.35829 -0.15794
vn 0.90409 0.39086 -0.17277
vn -0.32237 -0.92903 0.18162
vn -0.16758 -0.96758 0.18894
vn -0.16908 -0.96733 0.18888
vn -0.32503 -0.92814 0.18143
vn -0.17121 -0.96697 0.18882
vn -0.32869 -0.92689 0.18119
vn 0 -0.98148 0.19157
vn -0.45978 -0.87148 0.17066
vn -0.45644 -0.87317 0.171
vn -0.57068 -0.8058 0.15818
vn -0.56713 -0.8082 0.15867
vn -0.46416 -0.86924 0.17023
vn -0.57514 -0.80273 0.1576
vn -0.44853 -0.8771 0.17179
vn -0.31609 -0.93111 0.18202
vn -0.55868 -0.81385 0.1598
vn -0.16404 -0.96817 0.18907
vn -0.86552 0.45767 -0.2035
vn -0.88874 0.41905 -0.18586
vn -0.89046 0.41598 -0.18452
vn -0.86752 0.45447 -0.20213
vn -0.88847 0.41948 -0.18617
vn -0.86509 0.4583 -0.2039
vn -0.90767 0.38381 -0.16978
vn -0.90915 0.38086 -0.1685
vn -0.90752 0.38408 -0.16999
vn -0.83909 0.49685 -0.22151
vn -0.83679 0.50008 -0.22294
vn -0.8035 0.54351 -0.24287
vn -0.80086 0.54675 -0.24431
vn -0.83611 0.501 -0.22343
vn -0.79982 0.54798 -0.24495
vn -0.83119 0.50784 -0.22633
vn -0.86066 0.46529 -0.20683
vn -0.79447 0.5545 -0.24769
vn -0.88455 0.42642 -0.18904
vn -0.90409 0.39086 -0.17277
vn 0.86552 0.45767 -0.2035
vn 0.83679 0.50008 -0.22294
vn 0.83909 0.49685 -0.22151
vn 0.86752 0.45447 -0.20213
vn 0.83611 0.501 -0.22343
vn 0.86509 0.4583 -0.2039
vn 0.80086 0.54675 -0.24431
vn 0.80351 0.54349 -0.24287
vn 0.79982 0.54798 -0.24495
vn 0.89046 0.41598 -0.18452
vn 0.88874 0.41905 -0.18586
vn 0.88847 0.41948 -0.18617
vn 0.88455 0.42642 -0.18904
vn 0.86067 0.46526 -0.20683
vn 0.83119 0.50784 -0.22633
vn 0.79447 0.5545 -0.24769
vn 0.32237 -0.92903 0.18162
vn 0.45644 -0.87317 0.171
vn 0.45978 -0.87148 0.17066
vn 0.32503 -0.92814 0.18143
vn 0.46416 -0.86924 0.17023
vn 0.32869 -0.92689 0.18119
vn 0.56715 -0.80819 0.15867
vn 0.57068 -0.8058 0.15818
vn 0.57514 -0.80273 0.1576
vn 0.16908 -0.96733 0.18888
vn 0.16758 -0.96758 0.18894
vn 0.17121 -0.96697 0.18882
vn 0.16404 -0.96817 0.18907
vn 0.31609 -0.93111 0.18202
vn 0.44854 -0.8771 0.17179
vn 0.55868 -0.81385 0.1598
vn -0.93603 0.32213 -0.14173
vn -0.94667 0.29503 -0.12949
vn -0.94758 0.29255 -0.12845
vn -0.93708 0.31953 -0.14063
vn -0.94665 0.29506 -0.12962
vn -0.93597 0.32222 -0.14188
vn -0.95562 0.26985 -0.1182
vn -0.95638 0.26756 -0.11725
vn -0.9556 0.26988 -0.11829
vn -0.92447 0.34881 -0.15394
vn -0.92322 0.35159 -0.1551
vn -0.92312 0.35177 -0.15528
vn -0.92015 0.35829 -0.15794
vn -0.93341 0.32848 -0.14439
vn -0.94447 0.30095 -0.13196
vn -0.95375 0.2754 -0.12046
vn 0.69923 0.65226 -0.29262
vn 0.62815 0.70973 -0.31893
vn 0.6316 0.70717 -0.3178
vn 0.70249 0.64933 -0.29134
vn 0.62546 0.71168 -0.31987
vn 0.69718 0.65406 -0.2935
vn 0.5393 0.76795 -0.34557
vn 0.54278 0.7659 -0.34465
vn 0.53604 0.76982 -0.34646
vn 0.75876 0.59448 -0.26622
vn 0.7558 0.59762 -0.26759
vn 0.75431 0.59915 -0.26839
vn 0.74861 0.60514 -0.27092
vn 0.69135 0.65924 -0.2957
vn 0.6198 0.71582 -0.32164
vn 0.531 0.77275 -0.34771
vn 0.72455 -0.67614 0.13364
vn 0.77845 -0.61569 0.12223
vn 0.78128 -0.61224 0.1215
vn 0.72773 -0.67285 0.13297
vn 0.78434 -0.60846 0.12079
vn 0.73131 -0.66911 0.13224
vn 0.82067 -0.56037 0.11176
vn 0.82314 -0.55689 0.11103
vn 0.82572 -0.55319 0.11033
vn 0.65891 -0.73805 0.14533
vn 0.65546 -0.741 0.14591
vn 0.663 -0.73451 0.14463
vn 0.64719 -0.74796 0.14732
vn 0.7169 -0.68394 0.13523
vn 0.77162 -0.6239 0.12391
vn 0.81468 -0.5687 0.1135
vn -0.96949 0.22465 -0.09812
vn -0.97487 0.20417 -0.08915
vn -0.97531 0.20237 -0.08841
vn -0.97002 0.2227 -0.09733
vn -0.97484 0.20423 -0.08927
vn -0.96947 0.22468 -0.09821
vn -0.97946 0.18476 -0.08075
vn -0.97982 0.18312 -0.08011
vn -0.97942 0.18492 -0.08088
vn -0.96378 0.24433 -0.10691
vn -0.96314 0.24647 -0.10776
vn -0.96313 0.24647 -0.10786
vn -0.96157 0.2516 -0.10987
vn -0.96818 0.22941 -0.10004
vn -0.97378 0.20854 -0.09089
vn -0.97856 0.18876 -0.08234
vn 0.30195 0.86909 -0.3918
vn 0.15617 0.90039 -0.40609
vn 0.15754 0.90019 -0.406
vn 0.30443 0.86837 -0.39147
vn 0.15431 0.90066 -0.40621
vn 0.29887 0.86997 -0.3922
vn 0.43377 0.82152 -0.37008
vn 0.43059 0.82291 -0.37068
vn 0.42711 0.82441 -0.37138
vn 0.42303 0.82616 -0.37215
vn 0.2961 0.87077 -0.39254
vn 0.15293 0.90085 -0.40631
vn 0.88012 -0.46539 0.09382
vn 0.90114 -0.42489 0.08616
vn 0.90269 -0.42171 0.08545
vn 0.88195 -0.46206 0.09311
vn 0.9042 -0.4186 0.08484
vn 0.88375 -0.45874 0.09247
vn 0.91816 -0.38823 0.07917
vn 0.91948 -0.38521 0.0785
vn 0.92077 -0.38225 0.07792
vn 0.856 -0.50689 0.1016
vn 0.85387 -0.51034 0.1023
vn 0.85815 -0.50339 0.10093
vn 0.84868 -0.51858 0.10404
vn 0.87566 -0.47339 0.09553
vn 0.89731 -0.43257 0.0878
vn 0.91491 -0.3955 0.08078
vn -0.98668 0.14887 -0.06555
vn -0.9895 0.13212 -0.05863
vn -0.98968 0.13093 -0.05817
vn -0.98692 0.14753 -0.06504
vn -0.98944 0.13248 -0.05881
vn -0.98663 0.14915 -0.06571
vn -0.99189 0.11597 -0.05206
vn -0.99203 0.11491 -0.05167
vn -0.99182 0.11643 -0.05228
vn -0.98366 0.16489 -0.07233
vn -0.98337 0.16636 -0.07291
vn -0.98332 0.16657 -0.07306
vn -0.98264 0.16999 -0.07432
vn -0.9861 0.15214 -0.06681
vn -0.98904 0.13505 -0.05973
vn -0.99153 0.11857 -0.05301
vn 0.94345 -0.3247 0.06696
vn 0.95291 -0.29695 0.06156
vn 0.95372 -0.29445 0.06101
vn 0.9444 -0.32203 0.06638
vn 0.95449 -0.29204 0.06049
vn 0.94531 -0.31945 0.06586
vn 0.96083 -0.27131 0.05652
vn 0.96151 -0.269 0.05597
vn 0.96218 -0.26671 0.05548
vn 0.93318 -0.3521 0.07218
vn 0.93205 -0.35494 0.07282
vn 0.93425 -0.34935 0.07163
vn 0.92928 -0.36181 0.07435
vn 0.9411 -0.33114 0.06842
vn 0.95092 -0.30296 0.06296
vn 0.95916 -0.2769 0.05783
vn -0.99556 0.08524 -0.03998
vn -0.99692 0.0705 -0.03436
vn -0.99697 0.06986 -0.03412
vn -0.99564 0.08445 -0.03968
vn -0.99686 0.07123 -0.03467
vn -0.99549 0.08588 -0.04022
vn -0.99801 0.05603 -0.02902
vn -0.99804 0.05551 -0.02884
vn -0.99795 0.05689 -0.02933
vn -0.994 0.09943 -0.0455
vn -0.99389 0.10038 -0.04584
vn -0.99383 0.1009 -0.04608
vn -0.99363 0.1026 -0.04666
vn -0.99536 0.08716 -0.04065
vn -0.99679 0.07209 -0.03491
vn -0.99792 0.05728 -0.02945
vn 0.9731 -0.22548 0.04724
vn 0.97787 -0.20475 0.04291
vn 0.97827 -0.20295 0.04245
vn 0.97358 -0.22349 0.04675
vn 0.97869 -0.201 0.04202
vn 0.97407 -0.22145 0.0463
vn 0.98193 -0.18522 0.03873
vn 0.98226 -0.18357 0.03833
vn 0.98262 -0.18171 0.0379
vn 0.96806 -0.24543 0.05124
vn 0.96749 -0.24757 0.05173
vn 0.96863 -0.24326 0.05078
vn 0.96609 -0.25273 0.05298
vn 0.97193 -0.23023 0.0484
vn 0.97689 -0.20915 0.04401
vn 0.98113 -0.18922 0.03974
vn -0.99943 0.02777 -0.01898
vn -0.9998 0.01389 -0.01425
vn -0.9998 0.01373 -0.01422
vn -0.99944 0.02753 -0.01889
vn -0.99978 0.01511 -0.01468
vn -0.9994 0.02887 -0.01935
vn -0.99995 0 -0.00971
vn -0.99995 0.00134 -0.01013
vn -0.99886 0.04141 -0.02374
vn -0.99884 0.04181 -0.0239
vn -0.99879 0.04276 -0.02423
vn -0.99879 0.04276 -0.0242
vn -0.99941 0.02841 -0.0192
vn -0.9998 0.01419 -0.01437
vn 0.98834 -0.14912 0.0307
vn 0.99085 -0.1323 0.0268
vn 0.99101 -0.13111 0.02646
vn 0.98855 -0.14778 0.03037
vn 0.99124 -0.12946 0.02606
vn 0.98882 -0.14606 0.02994
vn 0.99297 -0.1161 0.02289
vn 0.9931 -0.11503 0.02261
vn 0.9933 -0.11344 0.02222
vn 0.98566 -0.1652 0.0343
vn 0.9854 -0.1667 0.03467
vn 0.98597 -0.16343 0.03388
vn 0.98474 -0.17032 0.03562
vn 0.98782 -0.15238 0.03156
vn 0.99043 -0.1352 0.02759
vn 0.99266 -0.11866 0.02359
vn -0.99961 -0.02777 -0.00104
vn -0.99912 -0.04178 0.00311
vn -0.99914 -0.04141 0.00299
vn -0.99962 -0.02753 -0.0011
vn -0.9992 -0.04001 0.00256
vn -0.99966 -0.02612 -0.00153
vn -0.9984 -0.05603 0.00717
vn -0.99843 -0.05551 0.00702
vn -0.99851 -0.05408 0.00662
vn -0.99989 -0.01373 -0.00534
vn -0.99989 -0.01386 -0.00531
vn -0.99991 -0.01236 -0.00577
vn -0.99989 -0.01416 -0.00519
vn -0.9996 -0.02838 -0.00082
vn -0.99908 -0.04273 0.00339
vn -0.99833 -0.05728 0.00754
vn 0.99624 -0.08527 0.01511
vn 0.99745 -0.07053 0.01117
vn 0.99749 -0.06989 0.01099
vn 0.99631 -0.08451 0.01489
vn 0.9976 -0.06842 0.01059
vn 0.99644 -0.08301 0.0145
vn 0.9984 -0.05603 0.00717
vn 0.99843 -0.05551 0.00702
vn 0.99851 -0.05408 0.00662
vn 0.99486 -0.09952 0.01877
vn 0.99476 -0.10044 0.01901
vn 0.99502 -0.09797 0.01837
vn 0.99452 -0.10267 0.01962
vn 0.99607 -0.08716 0.01566
vn 0.99733 -0.07209 0.01163
vn 0.99833 -0.05728 0.00754
vn -0.99624 -0.08527 0.01511
vn -0.99476 -0.10044 0.01901
vn -0.99486 -0.09952 0.01874
vn -0.99631 -0.08451 0.01489
vn -0.99502 -0.09797 0.01834
vn -0.99644 -0.08301 0.0145
vn -0.99297 -0.1161 0.02289
vn -0.9931 -0.11503 0.02261
vn -0.9933 -0.11344 0.02222
vn -0.99749 -0.06989 0.01099
vn -0.99745 -0.07053 0.01117
vn -0.9976 -0.06842 0.01059
vn -0.99733 -0.07209 0.01163
vn -0.99607 -0.08716 0.01566
vn -0.99452 -0.10267 0.01962
vn -0.99266 -0.11863 0.02359
vn 0.99961 -0.02777 -0.00104
vn 0.99989 -0.01386 -0.00531
vn 0.99989 -0.01373 -0.00534
vn 0.99962 -0.02753 -0.0011
vn 0.99991 -0.01236 -0.00577
vn 0.99966 -0.02612 -0.00153
vn 0.99995 0 -0.00971
vn 0.99995 0.00134 -0.01013
vn 0.99914 -0.04141 0.00299
vn 0.99912 -0.04178 0.00311
vn 0.9992 -0.04001 0.00256
vn 0.99908 -0.04273 0.00339
vn 0.9996 -0.02838 -0.00082
vn 0.99989 -0.01416 -0.00519
vn -0.98834 -0.14912 0.0307
vn -0.9854 -0.1667 0.03467
vn -0.98566 -0.1652 0.0343
vn -0.98855 -0.14778 0.03037
vn -0.98597 -0.16343 0.03388
vn -0.98882 -0.14606 0.02994
vn -0.98193 -0.18522 0.03873
vn -0.98226 -0.18357 0.03833
vn -0.98262 -0.18171 0.0379
vn -0.99101 -0.13111 0.02646
vn -0.99085 -0.1323 0.0268
vn -0.99124 -0.12946 0.02606
vn -0.99043 -0.1352 0.02759
vn -0.98782 -0.15238 0.03156
vn -0.98474 -0.17032 0.03562
vn -0.98113 -0.18922 0.03974
vn 0.99943 0.02777 -0.01898
vn 0.99884 0.04181 -0.0239
vn 0.99886 0.04141 -0.02374
vn 0.99944 0.02753 -0.01889
vn 0.99879 0.04276 -0.02423
vn 0.9994 0.02887 -0.01935
vn 0.99801 0.05603 -0.02902
vn 0.99804 0.05551 -0.02884
vn 0.99795 0.05689 -0.02933
vn 0.9998 0.01373 -0.01422
vn 0.9998 0.01389 -0.01425
vn 0.99978 0.01511 -0.01468
vn 0.9998 0.01419 -0.01437
vn 0.99941 0.02841 -0.0192
vn 0.99879 0.04276 -0.0242
vn 0.99792 0.05728 -0.02945
vn -0.9731 -0.22548 0.04724
vn -0.96749 -0.24757 0.05173
vn -0.96806 -0.24543 0.05124
vn -0.97358 -0.22349 0.04675
vn -0.96863 -0.24326 0.05078
vn -0.97407 -0.22145 0.0463
vn -0.96083 -0.27131 0.05652
vn -0.96151 -0.269 0.05597
vn -0.96218 -0.26671 0.05548
vn -0.97827 -0.20295 0.04245
vn -0.97787 -0.20475 0.04291
vn -0.97869 -0.201 0.04202
vn -0.97689 -0.20915 0.04401
vn -0.97193 -0.23023 0.0484
vn -0.96609 -0.25273 0.05298
vn -0.95916 -0.2769 0.05783
vn 0.99556 0.08524 -0.03998
vn 0.99389 0.10038 -0.04584
vn 0.994 0.09943 -0.0455
vn 0.99564 0.08445 -0.03968
vn 0.99383 0.1009 -0.04608
vn 0.99549 0.08588 -0.04022
vn 0.99189 0.11597 -0.05206
vn 0.99203 0.11491 -0.05167
vn 0.99182 0.11643 -0.05228
vn 0.99697 0.06986 -0.03412
vn 0.99692 0.0705 -0.03436
vn 0.99686 0.07123 -0.03467
vn 0.99679 0.07209 -0.03491
vn 0.99536 0.08716 -0.04065
vn 0.99363 0.1026 -0.04666
vn 0.99153 0.11857 -0.05301
vn -0.94345 -0.3247 0.06696
vn -0.93205 -0.35494 0.07282
vn -0.93318 -0.3521 0.07218
vn -0.94441 -0.32201 0.06638
vn -0.93425 -0.34935 0.07163
vn -0.94532 -0.31944 0.06586
vn -0.91816 -0.38823 0.07917
vn -0.91948 -0.38521 0.07853
vn -0.92077 -0.38225 0.07792
vn -0.95372 -0.29445 0.06101
vn -0.95291 -0.29695 0.06156
vn -0.95449 -0.29204 0.06049
vn -0.95092 -0.30296 0.06296
vn -0.9411 -0.33114 0.06842
vn -0.92928 -0.36181 0.07435
vn -0.91491 -0.3955 0.08078
vn 0.98668 0.14887 -0.06555
vn 0.98337 0.16636 -0.07291
vn 0.98366 0.16489 -0.07233
vn 0.98692 0.14753 -0.06504
vn 0.98332 0.16657 -0.07306
vn 0.98663 0.14915 -0.06571
vn 0.97946 0.18476 -0.08075
vn 0.97982 0.18312 -0.08011
vn 0.97942 0.18492 -0.08088
vn 0.98968 0.13093 -0.05817
vn 0.98949 0.13215 -0.05863
vn 0.98944 0.13248 -0.05881
vn 0.98904 0.13505 -0.05973
vn 0.98609 0.15217 -0.06681
vn 0.98264 0.16999 -0.07431
vn 0.97856 0.18876 -0.08234
vn -0.88012 -0.46539 0.09382
vn -0.85387 -0.51034 0.1023
vn -0.856 -0.50689 0.1016
vn -0.88195 -0.46206 0.09311
vn -0.85815 -0.50339 0.1009
vn -0.88375 -0.45874 0.09247
vn -0.82067 -0.56037 0.11176
vn -0.82314 -0.55689 0.11103
vn -0.82572 -0.55319 0.11033
vn -0.90269 -0.42171 0.08545
vn -0.90114 -0.42489 0.08616
vn -0.9042 -0.4186 0.08484
vn -0.89731 -0.43257 0.0878
vn -0.87566 -0.47339 0.09553
vn -0.84868 -0.51858 0.10404
vn -0.81468 -0.5687 0.1135
vn -0.30193 0.8691 -0.39181
vn -0.43059 0.82291 -0.37068
vn -0.43374 0.82153 -0.37008
vn -0.3044 0.86838 -0.39148
vn -0.42711 0.82441 -0.37138
vn -0.29887 0.86997 -0.3922
vn -0.5393 0.76795 -0.34557
vn -0.54278 0.7659 -0.34465
vn -0.53601 0.76985 -0.34645
vn -0.15751 0.9002 -0.406
vn -0.15617 0.90039 -0.40609
vn -0.15431 0.90066 -0.40621
vn -0.15293 0.90085 -0.4063
vn -0.29607 0.87078 -0.39254
vn -0.42303 0.82616 -0.37215
vn -0.531 0.77275 -0.34771
vn 0.96949 0.22465 -0.09812
vn 0.96314 0.24647 -0.10776
vn 0.96378 0.24433 -0.10691
vn 0.97002 0.2227 -0.09733
vn 0.96313 0.24647 -0.10786
vn 0.96947 0.22468 -0.09821
vn 0.97531 0.20237 -0.08841
vn 0.97487 0.20417 -0.08915
vn 0.97484 0.20423 -0.08927
vn 0.97378 0.20854 -0.09089
vn 0.96818 0.22941 -0.10004
vn 0.96157 0.2516 -0.10987
vn -0.72455 -0.67614 0.13364
vn -0.65546 -0.741 0.14591
vn -0.65891 -0.73805 0.14533
vn -0.72773 -0.67285 0.13297
vn -0.663 -0.73451 0.14466
vn -0.73131 -0.66911 0.13224
vn -0.78128 -0.61224 0.1215
vn -0.77845 -0.61569 0.12223
vn -0.78434 -0.60846 0.12079
vn -0.77162 -0.6239 0.12391
vn -0.7169 -0.68394 0.13523
vn -0.64719 -0.74796 0.14732
vn -0.69923 0.65226 -0.29262
vn -0.7558 0.59762 -0.26759
vn -0.75876 0.59448 -0.26622
vn -0.70249 0.64933 -0.29134
vn -0.75432 0.59916 -0.26836
vn -0.69718 0.65406 -0.2935
vn -0.6316 0.70717 -0.3178
vn -0.62813 0.70974 -0.31893
vn -0.62546 0.71168 -0.31987
vn -0.6198 0.71582 -0.32164
vn -0.69135 0.65924 -0.2957
vn -0.74861 0.60514 -0.27092
vn 0.50112 -0.86344 0.05796
vn 0.56417 -0.82422 0.04874
vn 0.56418 -0.82414 0.04987
vn 0.50113 -0.8634 0.05835
vn 0.62068 -0.7831 0.03882
vn 0.62066 -0.78302 0.0408
vn 0.43129 -0.89979 0.06604
vn 0.43127 -0.89978 0.06635
vn 0.35469 -0.93215 0.07279
vn 0.35464 -0.93209 0.0737
vn 0.43127 -0.89977 0.06656
vn 0.50109 -0.86347 0.05771
vn 0.3546 -0.93206 0.07431
vn 0.56414 -0.82428 0.04795
vn 0.62067 -0.78318 0.03745
vn -0.81826 0.35085 -0.45535
vn -0.83851 0.32497 -0.43737
vn -0.856 0.33184 -0.39641
vn -0.83677 0.3589 -0.41353
vn -0.85693 0.29918 -0.41971
vn -0.87337 0.30501 -0.37972
vn -0.81549 0.38623 -0.43106
vn -0.79599 0.37689 -0.47367
vn -0.79188 0.41387 -0.44903
vn -0.77143 0.40307 -0.49237
vn -0.78188 0.37011 -0.50168
vn -0.80477 0.34505 -0.483
vn -0.7567 0.39529 -0.52072
vn -0.82576 0.31993 -0.4645
vn -0.84486 0.29491 -0.44637
vn 0.13032 0.69135 -0.71067
vn 0.06556 0.69639 -0.71467
vn 0.06937 0.73716 -0.67215
vn 0.13786 0.7313 -0.66798
vn 0 0.69809 -0.71601
vn 0 0.73912 -0.67357
vn 0.20478 0.72175 -0.66117
vn 0.19383 0.68306 -0.70418
vn 0.26976 0.70874 -0.65186
vn 0.25575 0.67171 -0.69527
vn 0.18647 0.65708 -0.73039
vn 0.12525 0.66458 -0.73664
vn 0.24626 0.6468 -0.72181
vn 0.06305 0.66915 -0.74044
vn 0 0.67069 -0.74174
vn 0.71496 -0.69894 0.01776
vn 0.75374 -0.65714 0.00684
vn 0.75373 -0.65708 0.01151
vn 0.71494 -0.69886 0.02149
vn 0.78776 -0.61597 -0.00424
vn 0.78779 -0.61594 0.0014
vn 0.67079 -0.74099 0.03128
vn 0.67082 -0.74108 0.02844
vn 0.67084 -0.74113 0.02646
vn 0.71495 -0.69902 0.01514
vn 0.75371 -0.6572 0.00357
vn 0.7877 -0.616 -0.00818
vn -0.88863 0.24821 -0.38564
vn -0.90218 0.223 -0.36925
vn -0.91559 0.22639 -0.33233
vn -0.90303 0.2523 -0.34767
vn -0.91437 0.19792 -0.3532
vn -0.92681 0.2007 -0.3174
vn -0.88902 0.27849 -0.36345
vn -0.87361 0.27357 -0.40245
vn -0.86226 0.26994 -0.42852
vn -0.87798 0.24516 -0.41116
vn -0.89223 0.22047 -0.3941
vn -0.90508 0.19587 -0.37743
vn 0.84329 -0.53679 -0.02661
vn 0.86577 -0.49902 -0.03784
vn 0.86603 -0.49913 -0.02924
vn 0.84347 -0.53684 -0.01898
vn 0.8853 -0.46242 -0.04914
vn 0.8857 -0.46258 -0.03949
vn 0.81757 -0.57577 -0.00879
vn 0.81747 -0.57576 -0.01541
vn 0.81739 -0.57574 -0.02005
vn 0.84314 -0.53675 -0.03195
vn 0.86552 -0.49895 -0.04389
vn 0.88496 -0.4623 -0.05588
vn -0.93493 0.14823 -0.32238
vn -0.94348 0.12357 -0.30754
vn -0.95327 0.12491 -0.2751
vn -0.94557 0.15 -0.28877
vn -0.95097 0.09888 -0.29304
vn -0.95996 0.09989 -0.26171
vn -0.93679 0.17521 -0.30287
vn -0.92527 0.17299 -0.33758
vn -0.91665 0.17131 -0.36111
vn -0.92695 0.14692 -0.34523
vn -0.93611 0.12253 -0.32967
vn -0.94418 0.09815 -0.31447
vn 0.91677 -0.39294 -0.07169
vn 0.92927 -0.35997 -0.08298
vn 0.9302 -0.36028 -0.07022
vn 0.91749 -0.39321 -0.05997
vn 0.93996 -0.32799 -0.0943
vn 0.94112 -0.32833 -0.08054
vn 0.90276 -0.42727 -0.04975
vn 0.90221 -0.42705 -0.0604
vn 0.90175 -0.4269 -0.06787
vn 0.91617 -0.39275 -0.07984
vn 0.92852 -0.35973 -0.09186
vn 0.93904 -0.32771 -0.10392
vn -0.96295 0.04962 -0.26506
vn -0.96752 0.02493 -0.25157
vn -0.97435 0.02518 -0.22364
vn -0.97046 0.05008 -0.23601
vn -0.97119 9E-05 -0.2383
vn -0.97738 0.00015 -0.2115
vn -0.96568 0.07495 -0.24867
vn -0.95745 0.07425 -0.27888
vn -0.95123 0.0737 -0.29955
vn -0.95725 0.04929 -0.28502
vn -0.96233 0.02475 -0.27077
vn -0.96648 3E-05 -0.25676
vn 0.95656 -0.26698 -0.1171
vn 0.96277 -0.23778 -0.12858
vn 0.96477 -0.23823 -0.11164
vn 0.95826 -0.26738 -0.10123
vn 0.96776 -0.20927 -0.14017
vn 0.9701 -0.20972 -0.12217
vn 0.95043 -0.29738 -0.09086
vn 0.94902 -0.29698 -0.10569
vn 0.9479 -0.29671 -0.116
vn 0.95524 -0.26665 -0.12815
vn 0.96121 -0.23744 -0.14036
vn 0.96594 -0.20894 -0.15269
vn -0.97586 -0.05008 -0.2126
vn -0.97686 -0.07553 -0.20011
vn -0.98135 -0.07584 -0.17665
vn -0.98088 -0.0503 -0.18803
vn -0.97696 -0.10138 -0.18778
vn -0.98096 -0.10175 -0.16545
vn -0.97955 -0.025 -0.19963
vn -0.97397 -0.0249 -0.22532
vn -0.9697 -0.02484 -0.24302
vn -0.97201 -0.04993 -0.22957
vn -0.97341 -0.07532 -0.21632
vn -0.97389 -0.10111 -0.20326
vn 0.97438 -0.15427 -0.16367
vn 0.97615 -0.12763 -0.17564
vn 0.97968 -0.12803 -0.15439
vn 0.97748 -0.1547 -0.14353
vn 0.97696 -0.10138 -0.18778
vn 0.98096 -0.10175 -0.16545
vn 0.97431 -0.18189 -0.13282
vn 0.9716 -0.18144 -0.15189
vn 0.9695 -0.1811 -0.16514
vn 0.97197 -0.15394 -0.17768
vn 0.97342 -0.12733 -0.19038
vn 0.97389 -0.10111 -0.20326
vn -0.97438 -0.15427 -0.16367
vn -0.9716 -0.18144 -0.15189
vn -0.97431 -0.18189 -0.13282
vn -0.97748 -0.1547 -0.14353
vn -0.96776 -0.20927 -0.14017
vn -0.9701 -0.20972 -0.12217
vn -0.97968 -0.12803 -0.15439
vn -0.97615 -0.12763 -0.17564
vn -0.97342 -0.12733 -0.19038
vn -0.97197 -0.15394 -0.17768
vn -0.9695 -0.1811 -0.16514
vn -0.96594 -0.20894 -0.15269
vn 0.97586 -0.05008 -0.2126
vn 0.97397 -0.0249 -0.22532
vn 0.97955 -0.025 -0.19963
vn 0.98088 -0.0503 -0.18803
vn 0.97119 9E-05 -0.2383
vn 0.97738 0.00015 -0.2115
vn 0.98135 -0.07584 -0.17665
vn 0.97686 -0.07554 -0.20008
vn 0.97342 -0.07532 -0.21629
vn 0.97201 -0.04993 -0.22957
vn 0.9697 -0.02484 -0.24302
vn 0.96648 3E-05 -0.25676
vn -0.95656 -0.26698 -0.1171
vn -0.94902 -0.29698 -0.10569
vn -0.95043 -0.29738 -0.09086
vn -0.95826 -0.26738 -0.10123
vn -0.93996 -0.32799 -0.0943
vn -0.94111 -0.32835 -0.08054
vn -0.96477 -0.23823 -0.11164
vn -0.96277 -0.23778 -0.12858
vn -0.96121 -0.23744 -0.14036
vn -0.95524 -0.26665 -0.12815
vn -0.9479 -0.29671 -0.116
vn -0.93904 -0.32771 -0.10392
vn 0.96295 0.04962 -0.26506
vn 0.95745 0.07425 -0.27888
vn 0.96568 0.07495 -0.24867
vn 0.97046 0.05008 -0.23601
vn 0.95097 0.09888 -0.29304
vn 0.95996 0.09989 -0.26171
vn 0.97435 0.02518 -0.22364
vn 0.96752 0.02493 -0.25157
vn 0.96233 0.02475 -0.27077
vn 0.95725 0.04929 -0.28502
vn 0.95123 0.0737 -0.29955
vn 0.94418 0.09815 -0.31447
vn -0.91677 -0.39294 -0.07169
vn -0.90222 -0.42703 -0.0604
vn -0.90277 -0.42724 -0.04975
vn -0.91749 -0.39321 -0.05997
vn -0.8853 -0.46242 -0.04914
vn -0.8857 -0.46258 -0.03949
vn -0.9302 -0.36028 -0.07022
vn -0.92927 -0.35997 -0.08295
vn -0.92852 -0.35973 -0.09186
vn -0.91617 -0.39275 -0.07984
vn -0.90176 -0.42688 -0.06788
vn -0.88496 -0.4623 -0.05588
vn 0.93493 0.14823 -0.32238
vn 0.92526 0.17298 -0.33761
vn 0.93679 0.17521 -0.30287
vn 0.94557 0.15 -0.28877
vn 0.91437 0.19792 -0.3532
vn 0.92681 0.2007 -0.3174
vn 0.95327 0.12492 -0.27507
vn 0.94348 0.12357 -0.30754
vn 0.93611 0.12253 -0.32967
vn 0.92695 0.14692 -0.34523
vn 0.91665 0.17131 -0.36111
vn 0.90508 0.19587 -0.37743
vn -0.84329 -0.53679 -0.02661
vn -0.81747 -0.57576 -0.01541
vn -0.81756 -0.57578 -0.00879
vn -0.84347 -0.53684 -0.01898
vn -0.78776 -0.61597 -0.00424
vn -0.78779 -0.61594 0.0014
vn -0.86603 -0.49913 -0.02924
vn -0.86577 -0.49902 -0.03784
vn -0.86552 -0.49895 -0.04389
vn -0.84315 -0.53674 -0.03195
vn -0.81738 -0.57575 -0.02005
vn -0.7877 -0.616 -0.00818
vn 0.88864 0.24819 -0.38565
vn 0.87361 0.27357 -0.40245
vn 0.88902 0.27849 -0.36345
vn 0.90303 0.2523 -0.34767
vn 0.85694 0.29918 -0.4197
vn 0.87337 0.30501 -0.37972
vn 0.91559 0.22639 -0.33233
vn 0.90218 0.223 -0.36925
vn 0.89223 0.22047 -0.3941
vn 0.87798 0.24516 -0.41116
vn 0.86228 0.26991 -0.42851
vn 0.84487 0.29491 -0.44635
vn -0.71496 -0.69894 0.01776
vn -0.67082 -0.74108 0.02844
vn -0.67079 -0.74099 0.03128
vn -0.71494 -0.69886 0.02149
vn -0.62066 -0.78312 0.03882
vn -0.62064 -0.78303 0.0408
vn -0.75373 -0.65708 0.01151
vn -0.75374 -0.65714 0.00684
vn -0.75372 -0.65719 0.00357
vn -0.71496 -0.699 0.01514
vn -0.67081 -0.74116 0.02646
vn -0.62067 -0.78318 0.03745
vn -0.13032 0.69135 -0.71067
vn -0.19383 0.68306 -0.70418
vn -0.20475 0.72175 -0.66117
vn -0.13786 0.7313 -0.66798
vn -0.25572 0.67173 -0.69526
vn -0.26973 0.70875 -0.65186
vn -0.06937 0.73716 -0.67215
vn -0.06556 0.69639 -0.71467
vn -0.06299 0.66916 -0.74045
vn -0.12528 0.66458 -0.73664
vn -0.18657 0.65709 -0.73036
vn -0.24623 0.6468 -0.72182
vn 0.81825 0.35088 -0.45535
vn 0.79598 0.37688 -0.47369
vn 0.81549 0.38623 -0.43106
vn 0.83677 0.3589 -0.41353
vn 0.77143 0.40307 -0.49237
vn 0.79188 0.41387 -0.44903
vn 0.856 0.33184 -0.39641
vn 0.83851 0.32497 -0.43737
vn 0.82573 0.31996 -0.46453
vn 0.80478 0.34504 -0.48299
vn 0.78187 0.3701 -0.5017
vn 0.75667 0.39532 -0.52075
vn -0.50109 -0.86345 0.05796
vn -0.43126 -0.89978 0.06635
vn -0.43129 -0.89979 0.06604
vn -0.50112 -0.86341 0.05835
vn -0.35466 -0.93208 0.0737
vn -0.35469 -0.93215 0.07279
vn -0.56417 -0.82415 0.04987
vn -0.56417 -0.82422 0.04874
vn -0.56418 -0.82426 0.04795
vn -0.50109 -0.86347 0.05771
vn -0.43123 -0.89978 0.06656
vn -0.3546 -0.93206 0.07431
vn -0.37216 0.641 -0.67128
vn -0.42605 0.62226 -0.65672
vn -0.44671 0.65259 -0.61203
vn -0.39108 0.67375 -0.62699
vn -0.47699 0.60163 -0.64072
vn -0.4989 0.62943 -0.59574
vn -0.33208 0.69258 -0.64036
vn -0.31535 0.65759 -0.6842
vn -0.30403 0.63392 -0.71113
vn -0.35934 0.61875 -0.69859
vn -0.41198 0.60153 -0.68442
vn -0.46182 0.58253 -0.66887
vn 0.71514 0.45532 -0.53034
vn 0.68308 0.48117 -0.54944
vn 0.70579 0.49728 -0.50455
vn 0.73725 0.4695 -0.48583
vn 0.64805 0.50674 -0.56855
vn 0.67121 0.52496 -0.52335
vn 0.76586 0.44168 -0.46731
vn 0.74454 0.42925 -0.51128
vn 0.72926 0.42035 -0.53989
vn 0.69938 0.44522 -0.55915
vn 0.66701 0.46973 -0.57832
vn 0.63175 0.49392 -0.59744
vn -0.18446 -0.97923 0.0842
vn -0.0933 -0.99183 0.08698
vn -0.09333 -0.992 0.08503
vn -0.18452 -0.97936 0.08246
vn 0 -0.99613 0.08789
vn 0 -0.99631 0.08588
vn -0.27205 -0.95909 0.07834
vn -0.27198 -0.95899 0.07972
vn -0.27196 -0.95892 0.08069
vn -0.18443 -0.97913 0.08539
vn -0.09327 -0.99172 0.08832
vn 0 -0.996 0.08933
vn -0.56894 0.55612 -0.60584
vn -0.61 0.53184 -0.58741
vn -0.63333 0.5523 -0.54208
vn -0.59217 0.57895 -0.56049
vn -0.64808 0.50674 -0.56851
vn -0.67121 0.52496 -0.52335
vn -0.54742 0.60477 -0.57843
vn -0.52466 0.57944 -0.62369
vn -0.50887 0.56198 -0.6521
vn -0.55276 0.54025 -0.63449
vn -0.59366 0.51751 -0.61624
vn -0.63175 0.49392 -0.59744
vn 0.56894 0.55612 -0.60584
vn 0.52462 0.57947 -0.62369
vn 0.54742 0.60477 -0.57843
vn 0.59217 0.57895 -0.56049
vn 0.47699 0.60163 -0.64072
vn 0.4989 0.62943 -0.59574
vn 0.63337 0.55228 -0.54206
vn 0.61002 0.53183 -0.5874
vn 0.59367 0.51749 -0.61625
vn 0.55277 0.54023 -0.6345
vn 0.50887 0.56198 -0.6521
vn 0.46182 0.58253 -0.66887
vn 0.18446 -0.97923 0.0842
vn 0.27198 -0.95899 0.07972
vn 0.27202 -0.9591 0.07834
vn 0.18452 -0.97936 0.08246
vn 0.09333 -0.992 0.08503
vn 0.0933 -0.99183 0.08698
vn 0.09327 -0.99172 0.08832
vn 0.18443 -0.97913 0.08539
vn 0.27192 -0.95893 0.08066
vn -0.71515 0.45531 -0.53033
vn -0.74452 0.42926 -0.51129
vn -0.76586 0.44168 -0.46731
vn -0.73723 0.46951 -0.48584
vn -0.70579 0.49728 -0.50455
vn -0.68308 0.48117 -0.54944
vn -0.66703 0.46972 -0.57831
vn -0.69938 0.44522 -0.55915
vn -0.72923 0.42037 -0.53992
vn 0.37216 0.641 -0.67128
vn 0.31538 0.65757 -0.68421
vn 0.33208 0.69258 -0.64036
vn 0.39108 0.67375 -0.62699
vn 0.44671 0.65259 -0.61203
vn 0.42608 0.62225 -0.65671
vn 0.41198 0.60153 -0.68442
vn 0.35927 0.61877 -0.69861
vn 0.30401 0.63392 -0.71114
vn 0.5011 -0.6005 -0.62314
vn 0.50113 -0.60022 -0.62338
vn 0.56415 -0.57684 -0.59076
vn 0.56415 -0.57767 -0.58994
vn 0.62066 -0.55247 -0.55638
vn 0.62067 -0.55386 -0.55499
vn 0.56411 -0.57824 -0.58941
vn 0.5011 -0.60068 -0.62296
vn 0.62067 -0.55484 -0.55401
vn 0.43127 -0.62162 -0.65391
vn 0.4313 -0.62177 -0.65375
vn 0.35463 -0.64032 -0.68134
vn 0.35467 -0.64078 -0.68089
vn 0.4313 -0.62198 -0.65354
vn 0.35472 -0.64141 -0.68027
vn -0.81833 -0.04599 0.5729
vn -0.83689 -0.01181 0.54724
vn -0.85611 -0.02039 0.51639
vn -0.83857 -0.05307 0.5422
vn -0.87349 -0.02902 0.48599
vn -0.85699 -0.06031 0.51179
vn -0.82576 -0.07514 0.55899
vn -0.80479 -0.06894 0.58954
vn -0.84487 -0.08149 0.52872
vn -0.78188 -0.06296 0.62025
vn -0.79605 -0.039 0.60397
vn -0.75672 -0.0571 0.65124
vn -0.77151 -0.0322 0.6354
vn -0.81561 -0.00336 0.57859
vn -0.79201 0.00504 0.61048
vn 0.13035 0.03467 0.99086
vn 0.13788 0.09314 0.98606
vn 0.0694 0.09467 0.99309
vn 0.06555 0.03574 0.99721
vn 0 0.09519 0.99546
vn 0 0.03607 0.99935
vn 0.06299 -0.00189 0.99801
vn 0.12528 -0.00272 0.99212
vn 0 -0.00162 1
vn 0.18653 -0.00406 0.98244
vn 0.19389 0.0329 0.98047
vn 0.24635 -0.00595 0.96916
vn 0.25581 0.03049 0.96625
vn 0.20488 0.09067 0.97458
vn 0.26988 0.08725 0.95893
vn 0.71496 -0.50568 -0.48282
vn 0.71494 -0.50311 -0.48553
vn 0.75375 -0.47885 -0.45007
vn 0.75374 -0.48206 -0.44665
vn 0.7878 -0.4552 -0.41494
vn 0.78777 -0.45901 -0.41076
vn 0.75371 -0.48432 -0.44424
vn 0.71495 -0.50751 -0.48092
vn 0.78773 -0.46169 -0.40783
vn 0.67084 -0.53109 -0.5176
vn 0.67082 -0.5297 -0.51905
vn 0.6708 -0.52772 -0.5211
vn -0.88869 -0.0752 0.4523
vn -0.90313 -0.04654 0.42684
vn -0.91567 -0.05542 0.39809
vn -0.90223 -0.08283 0.42323
vn -0.92689 -0.06443 0.36977
vn -0.91442 -0.09064 0.39449
vn -0.89224 -0.10148 0.44
vn -0.87801 -0.09464 0.4692
vn -0.9051 -0.10853 0.41112
vn -0.86227 -0.08799 0.49875
vn -0.87368 -0.06769 0.48178
vn -0.88912 -0.03775 0.45611
vn 0.84329 -0.41543 -0.341
vn 0.84346 -0.41033 -0.3467
vn 0.86604 -0.38927 -0.31377
vn 0.86576 -0.39501 -0.30729
vn 0.8857 -0.36907 -0.28163
vn 0.88531 -0.37545 -0.27434
vn 0.86553 -0.39901 -0.30275
vn 0.84314 -0.41899 -0.33699
vn 0.88496 -0.37993 -0.26924
vn 0.81737 -0.43988 -0.37203
vn 0.81747 -0.43676 -0.37548
vn 0.81756 -0.43231 -0.3804
vn -0.93497 -0.10675 0.33827
vn -0.94564 -0.0828 0.3145
vn -0.95333 -0.09217 0.28752
vn -0.94351 -0.11506 0.31072
vn -0.96002 -0.10172 0.26079
vn -0.95101 -0.12357 0.2834
vn -0.93613 -0.13072 0.32647
vn -0.92697 -0.12312 0.35436
vn -0.9442 -0.13859 0.29881
vn -0.91666 -0.11573 0.38255
vn -0.92531 -0.09864 0.36617
vn -0.93686 -0.07355 0.34188
vn 0.91677 -0.33916 -0.21098
vn 0.9175 -0.33147 -0.21983
vn 0.9302 -0.31395 -0.19014
vn 0.92927 -0.32231 -0.18046
vn 0.94113 -0.29723 -0.16105
vn 0.93996 -0.30626 -0.15058
vn 0.92852 -0.32814 -0.17372
vn 0.91619 -0.3445 -0.20475
vn 0.93905 -0.31252 -0.14326
vn 0.90176 -0.36175 -0.23659
vn 0.90222 -0.35683 -0.24223
vn 0.90277 -0.34981 -0.25029
vn -0.96298 -0.14127 0.2296
vn -0.97051 -0.12134 0.20829
vn -0.97439 -0.13148 0.18241
vn -0.96754 -0.15049 0.20301
vn -0.97741 -0.14188 0.15663
vn -0.97121 -0.15998 0.17649
vn -0.96233 -0.16355 0.21718
vn -0.95727 -0.15498 0.24416
vn -0.96648 -0.17246 0.19017
vn -0.95125 -0.14664 0.27134
vn -0.95748 -0.13233 0.25636
vn -0.96574 -0.11142 0.23438
vn 0.95657 -0.27638 -0.09269
vn 0.95827 -0.26597 -0.10477
vn 0.96478 -0.25139 -0.07746
vn 0.96278 -0.26246 -0.06458
vn 0.97011 -0.23735 -0.05051
vn 0.96776 -0.24916 -0.03684
vn 0.96121 -0.27016 -0.05561
vn 0.95524 -0.28358 -0.08426
vn 0.96594 -0.25734 -0.02731
vn 0.9479 -0.29769 -0.11344
vn 0.94902 -0.29094 -0.12131
vn 0.95043 -0.28124 -0.13261
vn -0.97588 -0.17988 0.12369
vn -0.98091 -0.16349 0.10532
vn -0.98138 -0.17475 0.07975
vn -0.97688 -0.19035 0.09736
vn -0.98099 -0.18641 0.05402
vn -0.97698 -0.20121 0.07087
vn -0.97342 -0.20112 0.10956
vn -0.97202 -0.19123 0.13642
vn -0.9739 -0.21144 0.08255
vn -0.96971 -0.18168 0.16325
vn -0.97399 -0.16978 0.15003
vn -0.97959 -0.15254 0.13093
vn 0.97439 -0.22419 0.01749
vn 0.97749 -0.21095 0.00223
vn 0.9797 -0.19847 0.02817
vn 0.97616 -0.21251 0.04422
vn 0.98099 -0.18641 0.05402
vn 0.97698 -0.20121 0.07087
vn 0.97342 -0.22221 0.05539
vn 0.97198 -0.23338 0.02811
vn 0.9739 -0.21144 0.08255
vn 0.96951 -0.24507 0.00058
vn 0.97161 -0.2364 -0.00946
vn 0.97433 -0.22386 -0.02396
vn -0.97439 -0.22419 0.01749
vn -0.97749 -0.21095 0.00223
vn -0.97433 -0.22386 -0.02393
vn -0.97161 -0.2364 -0.00946
vn -0.97011 -0.23735 -0.05051
vn -0.96776 -0.24916 -0.03684
vn -0.96951 -0.24507 0.00058
vn -0.97198 -0.23338 0.02808
vn -0.96594 -0.25734 -0.02731
vn -0.97342 -0.22221 0.05539
vn -0.97616 -0.21251 0.04425
vn -0.9797 -0.19847 0.02817
vn 0.97588 -0.17988 0.12369
vn 0.9809 -0.16349 0.10535
vn 0.97959 -0.15253 0.13093
vn 0.97399 -0.16978 0.15006
vn 0.97741 -0.14188 0.15663
vn 0.97121 -0.15998 0.17649
vn 0.96971 -0.18168 0.16325
vn 0.97202 -0.19123 0.13642
vn 0.96648 -0.17246 0.19017
vn 0.97342 -0.20112 0.10956
vn 0.97688 -0.19035 0.09736
vn 0.98138 -0.17475 0.07975
vn -0.95657 -0.27638 -0.09269
vn -0.95827 -0.26597 -0.10477
vn -0.95044 -0.28124 -0.13258
vn -0.94902 -0.29094 -0.12131
vn -0.94113 -0.29723 -0.16105
vn -0.93997 -0.30623 -0.15058
vn -0.9479 -0.29769 -0.11341
vn -0.95524 -0.28358 -0.08426
vn -0.93905 -0.31252 -0.14323
vn -0.96121 -0.27016 -0.05561
vn -0.96278 -0.26246 -0.06461
vn -0.96478 -0.25139 -0.07746
vn 0.96298 -0.14127 0.2296
vn 0.97051 -0.12134 0.20829
vn 0.96574 -0.11142 0.23438
vn 0.95748 -0.13233 0.25636
vn 0.96002 -0.10169 0.26082
vn 0.95101 -0.12357 0.2834
vn 0.95125 -0.14664 0.27134
vn 0.95727 -0.15498 0.24418
vn 0.9442 -0.13859 0.29881
vn 0.96234 -0.16355 0.21715
vn 0.96754 -0.15049 0.20301
vn 0.97439 -0.13148 0.18241
vn -0.91677 -0.33916 -0.21098
vn -0.9175 -0.33147 -0.21983
vn -0.90277 -0.34981 -0.25029
vn -0.90221 -0.35686 -0.24223
vn -0.8857 -0.36907 -0.28163
vn -0.8853 -0.37548 -0.27434
vn -0.90176 -0.36175 -0.23659
vn -0.91617 -0.34453 -0.20478
vn -0.88496 -0.37993 -0.26927
vn -0.92852 -0.32814 -0.17369
vn -0.92927 -0.32231 -0.18046
vn -0.9302 -0.31395 -0.19014
vn 0.93497 -0.10675 0.33827
vn 0.94564 -0.0828 0.3145
vn 0.93686 -0.07355 0.34188
vn 0.92531 -0.09861 0.36617
vn 0.92689 -0.06443 0.36977
vn 0.91441 -0.09064 0.39452
vn 0.91666 -0.11573 0.38255
vn 0.92697 -0.12312 0.35436
vn 0.9051 -0.10853 0.41112
vn 0.93613 -0.13072 0.32647
vn 0.94351 -0.11506 0.31072
vn 0.95333 -0.09217 0.28752
vn -0.8433 -0.41542 -0.34099
vn -0.84347 -0.41034 -0.34667
vn -0.81757 -0.4323 -0.38039
vn -0.81748 -0.43675 -0.37547
vn -0.7878 -0.4552 -0.41494
vn -0.78775 -0.45903 -0.41078
vn -0.81739 -0.43987 -0.372
vn -0.84315 -0.41897 -0.33699
vn -0.78771 -0.4617 -0.40786
vn -0.86553 -0.39901 -0.30275
vn -0.86576 -0.39501 -0.30729
vn -0.86604 -0.38927 -0.31377
vn 0.88869 -0.0752 0.4523
vn 0.90313 -0.04654 0.42684
vn 0.88912 -0.03775 0.45611
vn 0.87368 -0.06769 0.48178
vn 0.87349 -0.02902 0.48599
vn 0.857 -0.06031 0.51177
vn 0.86227 -0.08799 0.49875
vn 0.87801 -0.09464 0.4692
vn 0.84488 -0.08149 0.52871
vn 0.89223 -0.10148 0.44003
vn 0.90224 -0.08283 0.42321
vn 0.91567 -0.05542 0.39809
vn -0.71497 -0.50567 -0.48281
vn -0.71495 -0.50309 -0.48554
vn -0.6708 -0.52773 -0.52108
vn -0.67082 -0.5297 -0.51905
vn -0.62063 -0.55249 -0.55639
vn -0.62067 -0.55386 -0.55499
vn -0.67084 -0.53109 -0.5176
vn -0.71497 -0.5075 -0.48089
vn -0.62067 -0.55484 -0.55401
vn -0.75373 -0.48431 -0.44423
vn -0.75374 -0.48206 -0.44665
vn -0.75373 -0.47885 -0.4501
vn -0.13032 0.03467 0.99087
vn -0.13785 0.09314 0.98606
vn -0.20484 0.09067 0.97459
vn -0.19388 0.0329 0.98047
vn -0.26985 0.08725 0.95894
vn -0.25578 0.03049 0.96625
vn -0.1865 -0.00406 0.98245
vn -0.12528 -0.00272 0.99212
vn -0.24629 -0.00595 0.96918
vn -0.06299 -0.00189 0.99801
vn -0.06555 0.03574 0.99721
vn -0.0694 0.09467 0.99309
vn 0.81833 -0.04599 0.5729
vn 0.83689 -0.01181 0.54724
vn 0.81561 -0.00336 0.57859
vn 0.79605 -0.03903 0.60397
vn 0.79202 0.00504 0.61047
vn 0.7715 -0.0322 0.63541
vn 0.78186 -0.06296 0.62026
vn 0.80482 -0.06894 0.58951
vn 0.75669 -0.0571 0.65128
vn 0.82576 -0.07514 0.55899
vn 0.83857 -0.05307 0.5422
vn 0.8561 -0.02036 0.51642
vn -0.5011 -0.6005 -0.62314
vn -0.5011 -0.60023 -0.62339
vn -0.4313 -0.62198 -0.65354
vn -0.43127 -0.62177 -0.65376
vn -0.35472 -0.64141 -0.68027
vn -0.35469 -0.64078 -0.68088
vn -0.43127 -0.62162 -0.65391
vn -0.5011 -0.60068 -0.62296
vn -0.35463 -0.64032 -0.68134
vn -0.56414 -0.57824 -0.58938
vn -0.56415 -0.57767 -0.58994
vn -0.56415 -0.57684 -0.59076
vn -0.37225 0.02384 0.92783
vn -0.39123 0.07804 0.91698
vn -0.44686 0.07242 0.89167
vn -0.42617 0.01975 0.90443
vn -0.49906 0.0662 0.86404
vn -0.47707 0.0152 0.87873
vn -0.412 -0.01434 0.91107
vn -0.35937 -0.01111 0.93313
vn -0.46188 -0.01795 0.88676
vn -0.30403 -0.0083 0.95263
vn -0.31541 0.02744 0.94856
vn -0.33217 0.08301 0.93956
vn 0.71525 -0.01901 0.69861
vn 0.7374 0.02152 0.67511
vn 0.70594 0.02954 0.70765
vn 0.68318 -0.0127 0.73014
vn 0.67136 0.03742 0.74018
vn 0.64816 -0.00656 0.76148
vn 0.667 -0.04068 0.74394
vn 0.69944 -0.04593 0.71321
vn 0.63176 -0.03559 0.77435
vn 0.72928 -0.05142 0.68228
vn 0.7446 -0.02551 0.66702
vn 0.766 0.01334 0.6427
vn -0.18443 -0.66865 -0.72035
vn -0.18449 -0.6699 -0.71916
vn -0.0933 -0.67754 -0.72954
vn -0.0933 -0.6761 -0.73088
vn 0 -0.68015 -0.73307
vn 0 -0.67866 -0.73445
vn -0.09333 -0.67508 -0.73182
vn -0.18436 -0.66775 -0.72119
vn 0 -0.67761 -0.73542
vn -0.2719 -0.65596 -0.70412
vn -0.27199 -0.65665 -0.70344
vn -0.27202 -0.65766 -0.70249
vn -0.56903 0.00491 0.8223
vn -0.59232 0.05246 0.804
vn -0.63349 0.04508 0.77244
vn -0.61011 -0.00067 0.79231
vn -0.67136 0.03742 0.74018
vn -0.64814 -0.00656 0.76149
vn -0.5937 -0.03076 0.8041
vn -0.55278 -0.02618 0.83291
vn -0.63178 -0.03559 0.77433
vn -0.50887 -0.02191 0.86057
vn -0.52472 0.01022 0.85121
vn -0.54757 0.05954 0.83464
vn 0.56903 0.00491 0.8223
vn 0.59232 0.05246 0.804
vn 0.54757 0.05954 0.83464
vn 0.52472 0.01022 0.85121
vn 0.49906 0.0662 0.86404
vn 0.47705 0.0152 0.87875
vn 0.50888 -0.02191 0.86056
vn 0.55282 -0.02619 0.83289
vn 0.46188 -0.01795 0.88676
vn 0.5937 -0.03076 0.8041
vn 0.61011 -0.00067 0.79231
vn 0.63349 0.04508 0.77244
vn 0.18446 -0.66864 -0.72034
vn 0.18449 -0.6699 -0.71916
vn 0.27202 -0.65766 -0.70249
vn 0.27196 -0.65666 -0.70345
vn 0.27193 -0.65596 -0.70411
vn 0.18436 -0.66775 -0.72119
vn 0.09327 -0.67509 -0.73182
vn 0.0933 -0.6761 -0.73088
vn 0.0933 -0.67754 -0.72954
vn -0.71525 -0.01901 0.69861
vn -0.7374 0.02152 0.67511
vn -0.766 0.01334 0.6427
vn -0.7446 -0.02551 0.66702
vn -0.72927 -0.05143 0.6823
vn -0.69944 -0.04593 0.71321
vn -0.66702 -0.04068 0.74393
vn -0.68316 -0.0127 0.73016
vn -0.70594 0.02954 0.70765
vn 0.37224 0.02384 0.92783
vn 0.3912 0.07804 0.91699
vn 0.33217 0.08301 0.93956
vn 0.31541 0.02744 0.94856
vn 0.30406 -0.0083 0.95262
vn 0.3593 -0.01111 0.93316
vn 0.41195 -0.01431 0.91109
vn 0.42614 0.01975 0.90444
vn 0.44686 0.07242 0.89167
vt 0.22823 0.88123
vt 0.2272 0.88404
vt 0.28121 0.88064
vt 0.28225 0.87743
vt 0.35963 0.87291
vt 0.36068 0.8692
vt 0.22615 0.88688
vt 0.28016 0.88388
vt 0.35857 0.87666
vt 0.28326 0.87426
vt 0.22923 0.87845
vt 0.28424 0.87112
vt 0.23021 0.87571
vt 0.3617 0.86552
vt 0.36271 0.86189
vt 0.19109 0.87978
vt 0.1901 0.88222
vt 0.16028 0.8799
vt 0.15933 0.88202
vt 0.19205 0.87737
vt 0.16119 0.87781
vt 0.18909 0.88469
vt 0.18805 0.88718
vt 0.15836 0.88416
vt 0.15737 0.88633
vt 0.61337 0.7568
vt 0.61321 0.75961
vt 0.73763 0.73332
vt 0.73782 0.73036
vt 0.84088 0.71141
vt 0.84111 0.70832
vt 0.61297 0.76254
vt 0.73734 0.73644
vt 0.84056 0.71467
vt 0.73792 0.72752
vt 0.61344 0.75411
vt 0.73792 0.7248
vt 0.61341 0.75151
vt 0.84125 0.70538
vt 0.84127 0.70257
vt 0.48598 0.78117
vt 0.48594 0.7837
vt 0.37374 0.80477
vt 0.37371 0.8071
vt 0.48593 0.77872
vt 0.37368 0.80249
vt 0.48581 0.78632
vt 0.4856 0.78903
vt 0.3736 0.8095
vt 0.37342 0.81198
vt 0.56638 0.98062
vt 0.56592 0.98334
vt 0.68756 0.98304
vt 0.68801 0.98023
vt 0.78829 0.98235
vt 0.78873 0.97948
vt 0.56551 0.98597
vt 0.68717 0.98573
vt 0.78792 0.98509
vt 0.68851 0.9773
vt 0.56689 0.97779
vt 0.68908 0.9742
vt 0.56746 0.97485
vt 0.78923 0.97646
vt 0.7898 0.97325
vt 0.44193 0.97729
vt 0.4414 0.97997
vt 0.33117 0.9751
vt 0.33061 0.97762
vt 0.44249 0.97452
vt 0.33176 0.97253
vt 0.44092 0.98257
vt 0.44048 0.98512
vt 0.33009 0.98008
vt 0.32961 0.9825
vt 0.58325 0.69159
vt 0.58584 0.69514
vt 0.70809 0.66468
vt 0.70523 0.6607
vt 0.80955 0.63959
vt 0.80646 0.63526
vt 0.58834 0.6986
vt 0.71085 0.66854
vt 0.81252 0.64377
vt 0.70227 0.65662
vt 0.58057 0.68796
vt 0.69921 0.65242
vt 0.57782 0.68424
vt 0.80326 0.63081
vt 0.79996 0.62623
vt 0.4561 0.72052
vt 0.45848 0.72366
vt 0.34675 0.75
vt 0.34887 0.75268
vt 0.45365 0.71732
vt 0.34458 0.74728
vt 0.46079 0.72675
vt 0.46303 0.72977
vt 0.35093 0.75532
vt 0.35292 0.75792
vt 0.61306 0.74655
vt 0.61329 0.74899
vt 0.73782 0.72219
vt 0.7376 0.71965
vt 0.84119 0.69989
vt 0.84098 0.69729
vt 0.73727 0.71718
vt 0.61273 0.74416
vt 0.73681 0.71476
vt 0.61228 0.74181
vt 0.84065 0.69477
vt 0.84019 0.6923
vt 0.48524 0.77174
vt 0.48557 0.77402
vt 0.37301 0.79598
vt 0.37332 0.79811
vt 0.48481 0.7695
vt 0.3726 0.79388
vt 0.4858 0.77634
vt 0.37355 0.80028
vt 0.56872 0.96854
vt 0.56807 0.97176
vt 0.6897 0.97093
vt 0.69037 0.96747
vt 0.79042 0.96982
vt 0.79111 0.96619
vt 0.69109 0.96384
vt 0.56942 0.96517
vt 0.69186 0.96002
vt 0.57017 0.96166
vt 0.79185 0.96234
vt 0.79264 0.95828
vt 0.44445 0.96559
vt 0.44376 0.96867
vt 0.33375 0.96437
vt 0.33305 0.96716
vt 0.44517 0.96241
vt 0.33448 0.96151
vt 0.44311 0.97164
vt 0.33239 0.96988
vt 0.57209 0.6766
vt 0.57499 0.68046
vt 0.69608 0.64814
vt 0.69287 0.64376
vt 0.79657 0.62153
vt 0.7931 0.61673
vt 0.68958 0.63929
vt 0.56913 0.67268
vt 0.68624 0.63474
vt 0.56612 0.66869
vt 0.78954 0.61182
vt 0.78592 0.60682
vt 0.44594 0.70742
vt 0.44856 0.71077
vt 0.33775 0.73894
vt 0.34008 0.74176
vt 0.44326 0.70403
vt 0.33538 0.7361
vt 0.45113 0.71407
vt 0.34235 0.74454
vt 0.57178 0.95422
vt 0.57095 0.95801
vt 0.69267 0.95603
vt 0.69353 0.95187
vt 0.79348 0.95401
vt 0.79437 0.94953
vt 0.69443 0.94753
vt 0.57264 0.9503
vt 0.69537 0.94304
vt 0.57353 0.94626
vt 0.79531 0.94486
vt 0.79629 0.93999
vt 0.44756 0.95227
vt 0.44673 0.95574
vt 0.33686 0.95251
vt 0.33604 0.95558
vt 0.44842 0.9487
vt 0.33772 0.94938
vt 0.44594 0.95913
vt 0.33524 0.95858
vt 0.55992 0.66054
vt 0.56305 0.66464
vt 0.68282 0.63012
vt 0.67936 0.62543
vt 0.78223 0.60173
vt 0.77848 0.59657
vt 0.67585 0.62068
vt 0.55676 0.65639
vt 0.6723 0.61589
vt 0.55356 0.65219
vt 0.77468 0.59134
vt 0.77084 0.58605
vt 0.43496 0.69357
vt 0.43777 0.69709
vt 0.32801 0.72734
vt 0.3305 0.73029
vt 0.43213 0.69001
vt 0.32549 0.72437
vt 0.44054 0.70058
vt 0.33296 0.73321
vt 0.57542 0.93781
vt 0.57446 0.9421
vt 0.69635 0.93839
vt 0.69736 0.93358
vt 0.79731 0.93494
vt 0.79837 0.92972
vt 0.69841 0.92864
vt 0.57641 0.93341
vt 0.69949 0.92356
vt 0.57743 0.9289
vt 0.79946 0.92432
vt 0.80059 0.91877
vt 0.45118 0.93747
vt 0.45024 0.9413
vt 0.34043 0.93962
vt 0.3395 0.94294
vt 0.45216 0.93355
vt 0.34139 0.93624
vt 0.44932 0.94504
vt 0.33859 0.94619
vt 0.54709 0.64371
vt 0.55034 0.64797
vt 0.66872 0.61105
vt 0.66511 0.60618
vt 0.76696 0.58072
vt 0.76306 0.57535
vt 0.66149 0.6013
vt 0.54382 0.63945
vt 0.65786 0.5964
vt 0.54054 0.63517
vt 0.75914 0.56995
vt 0.75521 0.56454
vt 0.42347 0.6792
vt 0.42637 0.68282
vt 0.31779 0.71535
vt 0.32037 0.71837
vt 0.42056 0.67557
vt 0.31519 0.71233
vt 0.42926 0.68642
vt 0.32294 0.72138
vt 0.57956 0.91956
vt 0.57848 0.92428
vt 0.7006 0.91834
vt 0.70173 0.913
vt 0.80175 0.91307
vt 0.80294 0.90722
vt 0.70289 0.90755
vt 0.58066 0.91474
vt 0.70408 0.902
vt 0.58178 0.90983
vt 0.80416 0.90125
vt 0.8054 0.89516
vt 0.45524 0.92129
vt 0.45419 0.92546
vt 0.3444 0.92571
vt 0.34338 0.92928
vt 0.45631 0.91706
vt 0.34545 0.92209
vt 0.45316 0.92954
vt 0.34237 0.93279
vt 0.53399 0.62662
vt 0.53727 0.63089
vt 0.65422 0.5915
vt 0.65059 0.5866
vt 0.75128 0.55913
vt 0.74735 0.55373
vt 0.64697 0.58173
vt 0.53073 0.62236
vt 0.64338 0.57688
vt 0.52749 0.61812
vt 0.74344 0.54835
vt 0.73954 0.54301
vt 0.41183 0.66471
vt 0.41473 0.66832
vt 0.3074 0.70326
vt 0.30999 0.70628
vt 0.40894 0.66112
vt 0.30482 0.70026
vt 0.41765 0.67195
vt 0.31259 0.7093
vt 0.58408 0.8998
vt 0.58292 0.90485
vt 0.70528 0.89635
vt 0.70651 0.89063
vt 0.80666 0.88897
vt 0.80795 0.88269
vt 0.70775 0.88483
vt 0.58526 0.89469
vt 0.709 0.87897
vt 0.58644 0.88953
vt 0.80925 0.87632
vt 0.81056 0.8699
vt 0.45962 0.90402
vt 0.4585 0.90842
vt 0.34867 0.91095
vt 0.34758 0.9147
vt 0.46075 0.89959
vt 0.34977 0.90718
vt 0.45739 0.91277
vt 0.34651 0.91842
vt 0.52108 0.60976
vt 0.52427 0.61392
vt 0.63981 0.57207
vt 0.63627 0.56731
vt 0.73568 0.5377
vt 0.73186 0.53245
vt 0.63278 0.56261
vt 0.51793 0.60564
vt 0.62934 0.55797
vt 0.51482 0.60158
vt 0.72809 0.52726
vt 0.72437 0.52215
vt 0.40043 0.65052
vt 0.40323 0.65402
vt 0.29719 0.69139
vt 0.29971 0.69432
vt 0.39765 0.64706
vt 0.2947 0.68849
vt 0.40608 0.65755
vt 0.30225 0.69728
vt 0.58884 0.8791
vt 0.58764 0.88433
vt 0.71026 0.87307
vt 0.71153 0.86713
vt 0.81188 0.86342
vt 0.81321 0.8569
vt 0.7128 0.86118
vt 0.59005 0.87386
vt 0.71408 0.85521
vt 0.59125 0.8686
vt 0.81454 0.85036
vt 0.81587 0.8438
vt 0.46417 0.88613
vt 0.46303 0.89063
vt 0.35309 0.89572
vt 0.35198 0.89955
vt 0.46532 0.88162
vt 0.3542 0.89189
vt 0.46188 0.89512
vt 0.35087 0.90337
vt 0.50876 0.59366
vt 0.51176 0.59759
vt 0.62596 0.55341
vt 0.62264 0.54893
vt 0.72072 0.51713
vt 0.71713 0.5122
vt 0.6194 0.54455
vt 0.50582 0.58981
vt 0.61622 0.54026
vt 0.50295 0.58604
vt 0.71362 0.50738
vt 0.7102 0.50267
vt 0.38961 0.63701
vt 0.39224 0.64031
vt 0.28746 0.68002
vt 0.28983 0.6828
vt 0.38704 0.63379
vt 0.28514 0.67729
vt 0.39492 0.64366
vt 0.29225 0.68562
vt 0.59366 0.85811
vt 0.59246 0.86335
vt 0.71535 0.84924
vt 0.71662 0.84329
vt 0.81721 0.83725
vt 0.81854 0.83072
vt 0.71788 0.83737
vt 0.59485 0.8529
vt 0.71914 0.83148
vt 0.59604 0.84771
vt 0.81986 0.82421
vt 0.82117 0.81775
vt 0.46873 0.86814
vt 0.4676 0.87262
vt 0.35749 0.88044
vt 0.3564 0.88424
vt 0.46986 0.86369
vt 0.46646 0.87711
vt 0.3553 0.88806
vt 0.49742 0.57876
vt 0.50015 0.58236
vt 0.61313 0.53609
vt 0.61013 0.53202
vt 0.70687 0.49809
vt 0.70364 0.49363
vt 0.60722 0.52807
vt 0.49477 0.57527
vt 0.6044 0.52425
vt 0.4922 0.57186
vt 0.70051 0.48932
vt 0.69748 0.48515
vt 0.37968 0.62451
vt 0.38207 0.62753
vt 0.27847 0.6694
vt 0.28064 0.67198
vt 0.37736 0.62155
vt 0.27634 0.66686
vt 0.38453 0.63062
vt 0.28287 0.67461
vt 0.59836 0.83748
vt 0.59721 0.84257
vt 0.72038 0.82565
vt 0.7216 0.81987
vt 0.82247 0.81134
vt 0.82376 0.80501
vt 0.72281 0.81417
vt 0.5995 0.83245
vt 0.72399 0.80855
vt 0.60061 0.82749
vt 0.82503 0.79875
vt 0.82627 0.79259
vt 0.47312 0.85058
vt 0.47205 0.8549
vt 0.47417 0.84631
vt 0.47096 0.85927
vt 0.4873 0.56535
vt 0.48971 0.56855
vt 0.60168 0.52055
vt 0.59906 0.51698
vt 0.69457 0.48113
vt 0.69178 0.47726
vt 0.59655 0.51354
vt 0.48498 0.56225
vt 0.59415 0.51025
vt 0.48275 0.55925
vt 0.68911 0.47356
vt 0.68657 0.47002
vt 0.37077 0.6131
vt 0.37289 0.61584
vt 0.27028 0.65952
vt 0.27225 0.66192
vt 0.36871 0.61042
vt 0.26837 0.65717
vt 0.37509 0.61866
vt 0.27427 0.66437
vt 0.60277 0.81781
vt 0.6017 0.82261
vt 0.72515 0.80302
vt 0.72629 0.79759
vt 0.8275 0.78654
vt 0.8287 0.7806
vt 0.72739 0.79227
vt 0.6038 0.8131
vt 0.72847 0.78707
vt 0.60481 0.80849
vt 0.82987 0.77479
vt 0.831 0.76911
vt 0.47717 0.83391
vt 0.4762 0.83797
vt 0.36555 0.85132
vt 0.36463 0.85479
vt 0.4781 0.82991
vt 0.36644 0.8479
vt 0.4752 0.84211
vt 0.36368 0.85832
vt 0.47858 0.55359
vt 0.48062 0.55637
vt 0.59187 0.5071
vt 0.5897 0.50409
vt 0.68417 0.46666
vt 0.6819 0.46346
vt 0.58766 0.50122
vt 0.47665 0.55093
vt 0.58574 0.4985
vt 0.47481 0.54837
vt 0.67977 0.46044
vt 0.67778 0.45758
vt 0.363 0.60288
vt 0.36482 0.60532
vt 0.26299 0.65042
vt 0.26472 0.65262
vt 0.36125 0.60052
vt 0.26132 0.64827
vt 0.36673 0.60783
vt 0.26651 0.65487
vt 0.61103 0.73717
vt 0.61171 0.73949
vt 0.73622 0.71236
vt 0.7355 0.70998
vt 0.83959 0.68986
vt 0.83884 0.68743
vt 0.73464 0.70758
vt 0.61022 0.73486
vt 0.73365 0.70516
vt 0.60929 0.73252
vt 0.83795 0.68499
vt 0.83691 0.6825
vt 0.48287 0.76287
vt 0.48363 0.76507
vt 0.37081 0.78766
vt 0.3715 0.78973
vt 0.48201 0.76064
vt 0.37001 0.78559
vt 0.48427 0.76728
vt 0.3721 0.7918
vt 0.6067 0.79955
vt 0.60577 0.80397
vt 0.7295 0.78199
vt 0.7305 0.77704
vt 0.8321 0.76357
vt 0.83316 0.75819
vt 0.73145 0.77224
vt 0.60759 0.79525
vt 0.73236 0.76758
vt 0.60843 0.79106
vt 0.83418 0.75298
vt 0.83515 0.74793
vt 0.4807 0.81836
vt 0.47987 0.82213
vt 0.36888 0.83795
vt 0.36811 0.84121
vt 0.48147 0.81469
vt 0.36961 0.83476
vt 0.47901 0.82598
vt 0.36729 0.84453
vt 0.47144 0.54357
vt 0.47308 0.54593
vt 0.58394 0.49592
vt 0.58226 0.49346
vt 0.67593 0.4549
vt 0.67422 0.45235
vt 0.58069 0.49109
vt 0.46989 0.54129
vt 0.57922 0.4888
vt 0.46843 0.53906
vt 0.67263 0.44993
vt 0.67116 0.44759
vt 0.35647 0.59384
vt 0.35799 0.59601
vt 0.25667 0.64209
vt 0.25816 0.64411
vt 0.35502 0.59171
vt 0.25523 0.64009
vt 0.35958 0.59823
vt 0.25971 0.64617
vt 0.60705 0.72772
vt 0.60823 0.73014
vt 0.73252 0.70268
vt 0.73126 0.70015
vt 0.83572 0.67996
vt 0.83439 0.67734
vt 0.72985 0.69753
vt 0.60574 0.72523
vt 0.7283 0.69481
vt 0.60431 0.72267
vt 0.83289 0.67463
vt 0.83125 0.67179
vt 0.47874 0.75378
vt 0.47994 0.75611
vt 0.36703 0.77924
vt 0.36812 0.78138
vt 0.47743 0.7514
vt 0.36584 0.77706
vt 0.48103 0.7584
vt 0.36912 0.7835
vt 0.60995 0.78308
vt 0.60922 0.787
vt 0.73321 0.76308
vt 0.73401 0.75874
vt 0.83606 0.74308
vt 0.83692 0.73841
vt 0.73474 0.75458
vt 0.61062 0.77929
vt 0.73541 0.75059
vt 0.61123 0.77565
vt 0.83771 0.73394
vt 0.83843 0.72967
vt 0.48349 0.80424
vt 0.48288 0.80762
vt 0.37149 0.82561
vt 0.37092 0.82859
vt 0.48405 0.80098
vt 0.37201 0.82272
vt 0.4822 0.8111
vt 0.37029 0.83164
vt 0.46571 0.53471
vt 0.46704 0.53687
vt 0.57784 0.48656
vt 0.57654 0.48435
vt 0.66979 0.44532
vt 0.66851 0.44309
vt 0.57528 0.48217
vt 0.46442 0.53257
vt 0.57404 0.48
vt 0.46315 0.53043
vt 0.66728 0.44089
vt 0.66607 0.43871
vt 0.35096 0.58545
vt 0.35228 0.58752
vt 0.25114 0.63417
vt 0.25248 0.63614
vt 0.34966 0.58338
vt 0.24982 0.63221
vt 0.35362 0.58961
vt 0.25383 0.63811
vt 0.60105 0.71726
vt 0.60274 0.72001
vt 0.72661 0.69198
vt 0.72477 0.68903
vt 0.82944 0.66882
vt 0.82748 0.66571
vt 0.72279 0.68595
vt 0.59923 0.71441
vt 0.72067 0.68274
vt 0.59729 0.71146
vt 0.82536 0.66245
vt 0.82309 0.65903
vt 0.47282 0.74384
vt 0.47446 0.74643
vt 0.36167 0.77025
vt 0.36316 0.77256
vt 0.47106 0.74118
vt 0.36009 0.76788
vt 0.476 0.74895
vt 0.36455 0.77484
vt 0.61225 0.76881
vt 0.61178 0.77215
vt 0.73601 0.74679
vt 0.73653 0.74316
vt 0.83908 0.72562
vt 0.83966 0.72177
vt 0.73698 0.73972
vt 0.61265 0.7656
vt 0.84015 0.71812
vt 0.48532 0.79185
vt 0.48497 0.79478
vt 0.37317 0.81454
vt 0.37285 0.81719
vt 0.48454 0.79782
vt 0.37246 0.81991
vt 0.56485 0.99105
vt 0.56456 0.99354
vt 0.68634 0.9934
vt 0.68658 0.99089
vt 0.78717 0.99279
vt 0.78738 0.99028
vt 0.56429 0.99601
vt 0.68611 0.99589
vt 0.78698 0.99527
vt 0.68685 0.98835
vt 0.56516 0.98854
vt 0.78762 0.98772
vt 0.44008 0.98761
vt 0.43972 0.99007
vt 0.32916 0.98488
vt 0.32875 0.98724
vt 0.43939 0.9925
vt 0.43906 0.99492
vt 0.32835 0.98958
vt 0.32796 0.99191
vt 0.59304 0.70523
vt 0.59522 0.7084
vt 0.71841 0.67938
vt 0.71601 0.6759
vt 0.82066 0.65545
vt 0.81808 0.65171
vt 0.71349 0.67229
vt 0.59074 0.70196
vt 0.81537 0.64781
vt 0.46518 0.73273
vt 0.46724 0.73562
vt 0.35483 0.76048
vt 0.35667 0.76299
vt 0.4692 0.73843
vt 0.35842 0.76546
vt 0.03253 0.86384
vt 0.03286 0.86442
vt 0.04006 0.86269
vt 0.03971 0.86208
vt 0.0537 0.8594
vt 0.05331 0.85874
vt 0.03316 0.86501
vt 0.04038 0.8633
vt 0.05405 0.86008
vt 0.03932 0.86148
vt 0.03217 0.86327
vt 0.0389 0.86089
vt 0.03178 0.86271
vt 0.05288 0.85807
vt 0.05242 0.85742
vt 0.02928 0.86399
vt 0.02962 0.86455
vt 0.02853 0.86416
vt 0.02886 0.86472
vt 0.02891 0.86343
vt 0.02817 0.86361
vt 0.02994 0.86511
vt 0.03022 0.86569
vt 0.02916 0.86529
vt 0.02943 0.86587
vt 0.15409 0.72409
vt 0.15593 0.72595
vt 0.20367 0.69918
vt 0.20175 0.69705
vt 0.15781 0.72784
vt 0.20563 0.70135
vt 0.19988 0.69494
vt 0.15229 0.72225
vt 0.19806 0.69288
vt 0.15053 0.72044
vt 0.12021 0.74431
vt 0.12193 0.7459
vt 0.09636 0.764
vt 0.09795 0.76535
vt 0.11854 0.74274
vt 0.09481 0.76267
vt 0.12369 0.74752
vt 0.12549 0.74916
vt 0.09958 0.76672
vt 0.10125 0.76812
vt 0.23208 0.87034
vt 0.23116 0.873
vt 0.2852 0.86803
vt 0.28613 0.86498
vt 0.28702 0.86198
vt 0.23296 0.86771
vt 0.28789 0.85901
vt 0.23381 0.86512
vt 0.19475 0.87035
vt 0.19388 0.87265
vt 0.16376 0.87172
vt 0.16294 0.87371
vt 0.19558 0.86808
vt 0.16456 0.86975
vt 0.19298 0.87499
vt 0.16208 0.87574
vt 0.14716 0.7169
vt 0.14883 0.71865
vt 0.19629 0.69084
vt 0.19457 0.68885
vt 0.1929 0.68689
vt 0.14555 0.71518
vt 0.19128 0.68496
vt 0.14398 0.71348
vt 0.11378 0.7382
vt 0.11532 0.73969
vt 0.09041 0.75885
vt 0.09184 0.7601
vt 0.11228 0.73673
vt 0.08903 0.75762
vt 0.11691 0.7412
vt 0.09331 0.76137
vt 0.23888 0.81933
vt 0.23937 0.82103
vt 0.2934 0.80908
vt 0.29285 0.80719
vt 0.23978 0.82273
vt 0.29385 0.81098
vt 0.29221 0.8053
vt 0.2383 0.81765
vt 0.29149 0.80341
vt 0.23765 0.81596
vt 0.20028 0.82657
vt 0.20079 0.82805
vt 0.16935 0.83394
vt 0.1698 0.83521
vt 0.1997 0.82509
vt 0.16883 0.83267
vt 0.20123 0.82953
vt 0.20159 0.83103
vt 0.17018 0.83649
vt 0.1705 0.83778
vt 0.2354 0.86004
vt 0.23462 0.86256
vt 0.28871 0.85609
vt 0.2895 0.85321
vt 0.29025 0.85037
vt 0.23613 0.85757
vt 0.29095 0.84759
vt 0.23681 0.85513
vt 0.19784 0.86147
vt 0.19713 0.86364
vt 0.16671 0.86404
vt 0.16603 0.86591
vt 0.19851 0.85935
vt 0.16735 0.86221
vt 0.19637 0.86584
vt 0.16531 0.86781
vt 0.14099 0.71015
vt 0.14246 0.7118
vt 0.18971 0.68306
vt 0.1882 0.6812
vt 0.18673 0.67936
vt 0.13955 0.70852
vt 0.1853 0.67753
vt 0.13816 0.7069
vt 0.10805 0.73245
vt 0.10942 0.73386
vt 0.08512 0.75404
vt 0.08639 0.75521
vt 0.10671 0.73106
vt 0.08389 0.75287
vt 0.11083 0.73529
vt 0.08769 0.75641
vt 0.2361 0.81257
vt 0.23692 0.81427
vt 0.29068 0.80151
vt 0.28977 0.79959
vt 0.28878 0.79766
vt 0.2352 0.81085
vt 0.2877 0.7957
vt 0.23422 0.80912
vt 0.1975 0.82064
vt 0.19831 0.82213
vt 0.16688 0.82885
vt 0.1676 0.83013
vt 0.19662 0.81914
vt 0.16609 0.82757
vt 0.19904 0.82362
vt 0.16825 0.8314
vt 0.23804 0.8504
vt 0.23745 0.85274
vt 0.2916 0.84486
vt 0.29221 0.84218
vt 0.29276 0.83957
vt 0.23857 0.84811
vt 0.29325 0.83701
vt 0.23905 0.84586
vt 0.20022 0.85323
vt 0.1997 0.85523
vt 0.16899 0.85693
vt 0.16849 0.85865
vt 0.20069 0.85127
vt 0.16944 0.85525
vt 0.19913 0.85727
vt 0.16794 0.86041
vt 0.13547 0.70368
vt 0.1368 0.70529
vt 0.18392 0.67572
vt 0.18256 0.67391
vt 0.18122 0.67211
vt 0.13415 0.70209
vt 0.1799 0.67032
vt 0.13285 0.70049
vt 0.10287 0.72691
vt 0.10413 0.72829
vt 0.08034 0.74942
vt 0.0815 0.75057
vt 0.10162 0.72554
vt 0.07918 0.74827
vt 0.10541 0.72967
vt 0.08268 0.75172
vt 0.23203 0.8056
vt 0.23316 0.80737
vt 0.28653 0.79371
vt 0.28527 0.79169
vt 0.28393 0.78963
vt 0.23081 0.8038
vt 0.2825 0.78755
vt 0.22952 0.80198
vt 0.19354 0.81454
vt 0.19464 0.81609
vt 0.16333 0.82365
vt 0.16432 0.82497
vt 0.19237 0.81298
vt 0.16229 0.82232
vt 0.19566 0.81762
vt 0.16524 0.82627
vt 0.23983 0.84154
vt 0.23947 0.84367
vt 0.29368 0.83452
vt 0.29405 0.8321
vt 0.29436 0.82974
vt 0.24013 0.83945
vt 0.2946 0.82744
vt 0.24037 0.83742
vt 0.20176 0.84568
vt 0.20146 0.8475
vt 0.17048 0.85043
vt 0.17019 0.852
vt 0.202 0.8439
vt 0.17072 0.8489
vt 0.2011 0.84936
vt 0.16984 0.85361
vt 0.19426 0.97432
vt 0.19373 0.97632
vt 0.24899 0.98407
vt 0.24946 0.98187
vt 0.1932 0.97832
vt 0.24853 0.98625
vt 0.24994 0.97967
vt 0.1948 0.97231
vt 0.25045 0.97744
vt 0.19537 0.97028
vt 0.15613 0.96315
vt 0.15554 0.96493
vt 0.12631 0.95252
vt 0.12571 0.95406
vt 0.15674 0.96135
vt 0.12692 0.95097
vt 0.15497 0.96671
vt 0.1544 0.96848
vt 0.12512 0.95558
vt 0.12455 0.95711
vt 0.22671 0.79828
vt 0.22815 0.80014
vt 0.281 0.78543
vt 0.27941 0.78328
vt 0.27775 0.7811
vt 0.22521 0.79639
vt 0.27603 0.77888
vt 0.22364 0.79448
vt 0.18846 0.80817
vt 0.18983 0.80979
vt 0.15878 0.81825
vt 0.16001 0.81962
vt 0.18703 0.80653
vt 0.15749 0.81686
vt 0.19113 0.81139
vt 0.16118 0.82098
vt 0.24065 0.8335
vt 0.24054 0.83544
vt 0.29477 0.82521
vt 0.29487 0.82304
vt 0.29489 0.82092
vt 0.24069 0.83162
vt 0.29485 0.81886
vt 0.24065 0.82977
vt 0.20234 0.83883
vt 0.20229 0.84048
vt 0.1711 0.84452
vt 0.17103 0.84595
vt 0.20233 0.83721
vt 0.17111 0.84312
vt 0.20218 0.84217
vt 0.17091 0.84741
vt 0.1966 0.96615
vt 0.19597 0.96823
vt 0.25099 0.97519
vt 0.25157 0.97291
vt 0.25217 0.97058
vt 0.19725 0.96403
vt 0.25281 0.96821
vt 0.19794 0.96188
vt 0.15873 0.95579
vt 0.15804 0.95767
vt 0.12891 0.94618
vt 0.12822 0.9478
vt 0.15945 0.95388
vt 0.12963 0.94452
vt 0.15737 0.95952
vt 0.12756 0.9494
vt 0.22031 0.7906
vt 0.222 0.79255
vt 0.27423 0.77664
vt 0.27238 0.77437
vt 0.27046 0.77208
vt 0.21856 0.78863
vt 0.2685 0.76976
vt 0.21676 0.78664
vt 0.1824 0.80151
vt 0.184 0.8032
vt 0.15332 0.81261
vt 0.15476 0.81404
vt 0.18075 0.79981
vt 0.15183 0.81116
vt 0.18554 0.80488
vt 0.15615 0.81546
vt 0.24037 0.8262
vt 0.24055 0.82797
vt 0.29472 0.81683
vt 0.29451 0.81485
vt 0.29423 0.81291
vt 0.24011 0.82445
vt 0.20188 0.83254
vt 0.2021 0.83407
vt 0.17075 0.83908
vt 0.17093 0.84041
vt 0.20225 0.83562
vt 0.17105 0.84175
vt 0.19942 0.95744
vt 0.19866 0.95969
vt 0.25348 0.96578
vt 0.25419 0.9633
vt 0.25493 0.96077
vt 0.2002 0.95516
vt 0.25569 0.95819
vt 0.20102 0.95283
vt 0.16181 0.94789
vt 0.16099 0.94993
vt 0.13196 0.93933
vt 0.13116 0.9411
vt 0.16265 0.94581
vt 0.1328 0.93752
vt 0.16021 0.95192
vt 0.13038 0.94283
vt 0.21302 0.78261
vt 0.21491 0.78463
vt 0.26648 0.76742
vt 0.26442 0.76506
vt 0.26231 0.76267
vt 0.21108 0.78056
vt 0.26016 0.76025
vt 0.20909 0.77849
vt 0.17552 0.79459
vt 0.17731 0.79635
vt 0.14709 0.80673
vt 0.14871 0.80822
vt 0.17369 0.79282
vt 0.14542 0.80522
vt 0.17905 0.79809
vt 0.15029 0.8097
vt 0.20274 0.94804
vt 0.20186 0.95046
vt 0.25649 0.95555
vt 0.25732 0.95286
vt 0.25818 0.95012
vt 0.20364 0.94557
vt 0.25907 0.94734
vt 0.20457 0.94307
vt 0.16536 0.93933
vt 0.16443 0.94153
vt 0.13546 0.93186
vt 0.13454 0.93378
vt 0.16631 0.93709
vt 0.13639 0.9299
vt 0.16353 0.94369
vt 0.13366 0.93567
vt 0.205 0.77429
vt 0.20707 0.7764
vt 0.25796 0.75781
vt 0.25572 0.75534
vt 0.25345 0.75285
vt 0.2029 0.77216
vt 0.25115 0.75033
vt 0.20076 0.77002
vt 0.16795 0.78739
vt 0.1699 0.78922
vt 0.14022 0.80061
vt 0.14199 0.80216
vt 0.16597 0.78555
vt 0.13842 0.79905
vt 0.17181 0.79103
vt 0.14372 0.8037
vt 0.2065 0.93795
vt 0.20552 0.94053
vt 0.25998 0.9445
vt 0.26091 0.94162
vt 0.26187 0.9387
vt 0.2075 0.93533
vt 0.26286 0.93572
vt 0.20852 0.93266
vt 0.16932 0.93015
vt 0.1683 0.9325
vt 0.13934 0.92381
vt 0.13834 0.92587
vt 0.17037 0.92777
vt 0.14036 0.92171
vt 0.16729 0.93481
vt 0.13736 0.9279
vt 0.19642 0.76568
vt 0.1986 0.76785
vt 0.24882 0.7478
vt 0.24647 0.74526
vt 0.24411 0.74271
vt 0.19421 0.7635
vt 0.24173 0.74015
vt 0.19199 0.76131
vt 0.15987 0.77996
vt 0.16193 0.78183
vt 0.13287 0.79432
vt 0.13474 0.7959
vt 0.1578 0.77808
vt 0.13098 0.79272
vt 0.16396 0.78369
vt 0.13659 0.79748
vt 0.21063 0.92721
vt 0.20957 0.92996
vt 0.26386 0.93268
vt 0.26489 0.9296
vt 0.26593 0.92648
vt 0.21171 0.92443
vt 0.267 0.92331
vt 0.2128 0.92162
vt 0.17361 0.92042
vt 0.17251 0.9229
vt 0.14351 0.91527
vt 0.14244 0.91744
vt 0.17471 0.91791
vt 0.14458 0.91307
vt 0.17143 0.92535
vt 0.14139 0.91959
vt 0.18753 0.75693
vt 0.18976 0.75912
vt 0.23934 0.73759
vt 0.23695 0.73503
vt 0.23457 0.73248
vt 0.18529 0.75474
vt 0.23218 0.72993
vt 0.18305 0.75256
vt 0.15153 0.77243
vt 0.15362 0.77431
vt 0.12525 0.78793
vt 0.12717 0.78953
vt 0.14943 0.77055
vt 0.12332 0.78634
vt 0.15572 0.7762
vt 0.12908 0.79113
vt 0.21503 0.91591
vt 0.21391 0.91877
vt 0.26807 0.9201
vt 0.26916 0.91687
vt 0.27026 0.9136
vt 0.21615 0.91302
vt 0.27137 0.91031
vt 0.21728 0.91012
vt 0.17809 0.91027
vt 0.17696 0.91283
vt 0.14783 0.9064
vt 0.14674 0.90864
vt 0.17922 0.90769
vt 0.14892 0.90416
vt 0.17583 0.91538
vt 0.14566 0.91086
vt 0.1786 0.74822
vt 0.18082 0.75038
vt 0.22981 0.7274
vt 0.22746 0.72489
vt 0.22512 0.72239
vt 0.17639 0.74607
vt 0.22281 0.71992
vt 0.17421 0.74395
vt 0.14316 0.76496
vt 0.14524 0.76681
vt 0.11757 0.78159
vt 0.11949 0.78317
vt 0.14109 0.76312
vt 0.11567 0.78003
vt 0.14733 0.76868
vt 0.1214 0.78475
vt 0.21954 0.90428
vt 0.21841 0.9072
vt 0.27248 0.90701
vt 0.27359 0.9037
vt 0.27471 0.90038
vt 0.22066 0.90136
vt 0.27581 0.89706
vt 0.22178 0.89844
vt 0.1826 0.89995
vt 0.18148 0.90253
vt 0.15217 0.89741
vt 0.15109 0.89966
vt 0.18372 0.89737
vt 0.15323 0.89517
vt 0.18035 0.90511
vt 0.15001 0.90191
vt 0.16991 0.73976
vt 0.17204 0.74184
vt 0.22053 0.71748
vt 0.21829 0.71507
vt 0.21607 0.71269
vt 0.1678 0.7377
vt 0.2139 0.71035
vt 0.16573 0.73567
vt 0.13502 0.75772
vt 0.13702 0.7595
vt 0.11007 0.77542
vt 0.11192 0.77694
vt 0.13304 0.75596
vt 0.10825 0.77392
vt 0.13904 0.7613
vt 0.11379 0.77847
vt 0.22399 0.89263
vt 0.22289 0.89553
vt 0.27692 0.89374
vt 0.27801 0.89044
vt 0.27909 0.88715
vt 0.22508 0.88974
vt 0.18699 0.8897
vt 0.18591 0.89224
vt 0.15636 0.88851
vt 0.15534 0.89072
vt 0.18482 0.8948
vt 0.15429 0.89294
vt 0.1617 0.7317
vt 0.16369 0.73367
vt 0.21177 0.70805
vt 0.20968 0.70578
vt 0.20763 0.70355
vt 0.15973 0.72976
vt 0.12732 0.75082
vt 0.1292 0.75251
vt 0.10295 0.76953
vt 0.10469 0.77097
vt 0.1311 0.75422
vt 0.10645 0.77243
vt 0.66022 0.12358
vt 0.66157 0.12358
vt 0.66184 0.12349
vt 0.66156 0.12344
vt 0.66239 0.12341
vt 0.66237 0.12335
vt 0.66238 0.12358
vt 0.66239 0.12352
vt 0.6624 0.12346
vt 0.6618 0.12333
vt 0.6615 0.1233
vt 0.66231 0.12319
vt 0.66228 0.12314
vt 0.66236 0.1233
vt 0.66235 0.12324
vt 0.6617 0.12317
vt 0.66139 0.12318
vt 0.66216 0.12299
vt 0.6621 0.12294
vt 0.66224 0.12309
vt 0.66221 0.12304
vt 0.66155 0.12304
vt 0.66124 0.12307
vt 0.66193 0.12281
vt 0.66186 0.12277
vt 0.66205 0.1229
vt 0.662 0.12285
vt 0.66134 0.12292
vt 0.66105 0.12299
vt 0.66163 0.12266
vt 0.66155 0.12263
vt 0.66179 0.12273
vt 0.66172 0.12269
vt 0.66108 0.12282
vt 0.66082 0.12292
vt 0.66129 0.12255
vt 0.66119 0.12252
vt 0.66147 0.1226
vt 0.66138 0.12257
vt 0.6608 0.12276
vt 0.66058 0.12288
vt 0.6609 0.12247
vt 0.66079 0.12246
vt 0.66109 0.1225
vt 0.661 0.12248
vt 0.66049 0.12273
vt 0.66031 0.12287
vt 0.66048 0.12244
vt 0.66037 0.12244
vt 0.66069 0.12245
vt 0.66059 0.12244
vt 0.66017 0.12273
vt 0.66005 0.12288
vt 0.66005 0.12245
vt 0.65995 0.12246
vt 0.66027 0.12244
vt 0.66016 0.12244
vt 0.65986 0.12276
vt 0.65979 0.12292
vt 0.65963 0.1225
vt 0.65953 0.12252
vt 0.65984 0.12247
vt 0.65974 0.12248
vt 0.65956 0.12282
vt 0.65955 0.12299
vt 0.65924 0.1226
vt 0.65914 0.12263
vt 0.65943 0.12255
vt 0.65933 0.12257
vt 0.65928 0.12292
vt 0.65933 0.12307
vt 0.65888 0.12273
vt 0.6588 0.12277
vt 0.65905 0.12266
vt 0.65896 0.12269
vt 0.65904 0.12304
vt 0.65915 0.12318
vt 0.65857 0.1229
vt 0.6585 0.12294
vt 0.65872 0.12281
vt 0.65864 0.12285
vt 0.65884 0.12317
vt 0.65901 0.1233
vt 0.65832 0.12309
vt 0.65828 0.12314
vt 0.65844 0.12299
vt 0.65837 0.12304
vt 0.6587 0.12333
vt 0.65892 0.12344
vt 0.65815 0.1233
vt 0.65812 0.12335
vt 0.65823 0.12319
vt 0.65818 0.12324
vt 0.65862 0.12349
vt 0.65887 0.12358
vt 0.65806 0.12352
vt 0.65805 0.12358
vt 0.6581 0.12341
vt 0.65807 0.12346
vt 0.65859 0.12366
vt 0.65888 0.12371
vt 0.65805 0.12374
vt 0.65806 0.1238
vt 0.65805 0.12363
vt 0.65804 0.12369
vt 0.65863 0.12382
vt 0.65894 0.12385
vt 0.65812 0.12396
vt 0.65816 0.12401
vt 0.65808 0.12385
vt 0.65809 0.12391
vt 0.65873 0.12398
vt 0.65904 0.12397
vt 0.65828 0.12416
vt 0.65833 0.12421
vt 0.65819 0.12406
vt 0.65823 0.12412
vt 0.65889 0.12412
vt 0.6592 0.12408
vt 0.65851 0.12434
vt 0.65858 0.12438
vt 0.65838 0.12426
vt 0.65844 0.1243
vt 0.6591 0.12424
vt 0.65939 0.12417
vt 0.6588 0.12449
vt 0.65889 0.12452
vt 0.65865 0.12442
vt 0.65872 0.12446
vt 0.65935 0.12433
vt 0.65961 0.12423
vt 0.65915 0.12461
vt 0.65925 0.12463
vt 0.65897 0.12455
vt 0.65906 0.12459
vt 0.65964 0.12439
vt 0.65986 0.12427
vt 0.65954 0.12468
vt 0.65964 0.12469
vt 0.65934 0.12465
vt 0.65944 0.12467
vt 0.65994 0.12442
vt 0.66012 0.12428
vt 0.65996 0.12471
vt 0.66006 0.12471
vt 0.65975 0.1247
vt 0.65985 0.12471
vt 0.66026 0.12442
vt 0.66039 0.12427
vt 0.66038 0.1247
vt 0.66049 0.12469
vt 0.66017 0.12471
vt 0.66028 0.12471
vt 0.66058 0.12439
vt 0.66065 0.12423
vt 0.6608 0.12465
vt 0.6609 0.12463
vt 0.6606 0.12468
vt 0.6607 0.12467
vt 0.66088 0.12433
vt 0.66089 0.12417
vt 0.6612 0.12455
vt 0.66129 0.12452
vt 0.66101 0.12461
vt 0.66111 0.12459
vt 0.66116 0.12424
vt 0.6611 0.12408
vt 0.66156 0.12442
vt 0.66164 0.12438
vt 0.66139 0.12449
vt 0.66148 0.12446
vt 0.6614 0.12412
vt 0.66129 0.12397
vt 0.66187 0.12426
vt 0.66193 0.12421
vt 0.66172 0.12434
vt 0.6618 0.1243
vt 0.66159 0.12398
vt 0.66143 0.12385
vt 0.66211 0.12406
vt 0.66216 0.12401
vt 0.662 0.12416
vt 0.66206 0.12412
vt 0.66174 0.12382
vt 0.66152 0.12371
vt 0.66228 0.12385
vt 0.66231 0.1238
vt 0.66221 0.12396
vt 0.66226 0.12391
vt 0.66182 0.12366
vt 0.66238 0.12363
vt 0.66234 0.12374
vt 0.66237 0.12369
vt 0.03268 0.87672
vt 0.0324 0.8774
vt 0.03948 0.87644
vt 0.03978 0.87571
vt 0.05302 0.87464
vt 0.05336 0.8738
vt 0.03211 0.87807
vt 0.03915 0.87717
vt 0.05265 0.87548
vt 0.04007 0.87498
vt 0.03294 0.87604
vt 0.04034 0.87425
vt 0.03318 0.87536
vt 0.05369 0.87297
vt 0.05399 0.87214
vt 0.03013 0.87648
vt 0.02989 0.87713
vt 0.02948 0.8766
vt 0.02926 0.87724
vt 0.03035 0.87582
vt 0.02968 0.87595
vt 0.02964 0.87778
vt 0.02937 0.87843
vt 0.02903 0.87789
vt 0.02879 0.87853
vt 0.00393 0.84268
vt 0.00435 0.84296
vt 0.00807 0.83832
vt 0.0076 0.83799
vt 0.01526 0.82936
vt 0.01471 0.82895
vt 0.00478 0.84325
vt 0.00854 0.83865
vt 0.01582 0.82978
vt 0.00714 0.83766
vt 0.00351 0.8424
vt 0.00668 0.83733
vt 0.00309 0.84211
vt 0.01416 0.82854
vt 0.01361 0.82813
vt 0.00214 0.84421
vt 0.00254 0.84447
vt 0.0019 0.84455
vt 0.0023 0.84481
vt 0.00174 0.84394
vt 0.0015 0.8443
vt 0.00295 0.84473
vt 0.00336 0.84499
vt 0.0027 0.84507
vt 0.00311 0.84532
vt 0.03092 0.86162
vt 0.03136 0.86216
vt 0.03845 0.86031
vt 0.03797 0.85973
vt 0.05192 0.85677
vt 0.05139 0.85612
vt 0.03747 0.85916
vt 0.03045 0.86108
vt 0.03694 0.8586
vt 0.02997 0.86055
vt 0.05082 0.85549
vt 0.05023 0.85485
vt 0.02766 0.86183
vt 0.0281 0.86236
vt 0.02698 0.862
vt 0.0274 0.86252
vt 0.0272 0.86131
vt 0.02654 0.86148
vt 0.02852 0.86289
vt 0.0278 0.86306
vt 0.03361 0.874
vt 0.03341 0.87468
vt 0.04059 0.87352
vt 0.04081 0.87279
vt 0.05426 0.87132
vt 0.05451 0.87051
vt 0.04101 0.87207
vt 0.03378 0.87332
vt 0.04118 0.87135
vt 0.03394 0.87265
vt 0.05473 0.8697
vt 0.05491 0.8689
vt 0.03089 0.87384
vt 0.03073 0.8745
vt 0.03017 0.87398
vt 0.03003 0.87464
vt 0.03103 0.87318
vt 0.03029 0.87333
vt 0.03055 0.87516
vt 0.02987 0.87529
vt 0.01691 0.90243
vt 0.01665 0.90286
vt 0.02191 0.90566
vt 0.0222 0.90517
vt 0.03208 0.91105
vt 0.03241 0.91045
vt 0.01638 0.90329
vt 0.02163 0.90615
vt 0.03176 0.91165
vt 0.02249 0.90468
vt 0.01718 0.902
vt 0.02278 0.90418
vt 0.01745 0.90156
vt 0.03274 0.90984
vt 0.03308 0.90924
vt 0.01516 0.90097
vt 0.0149 0.90138
vt 0.0148 0.90077
vt 0.01454 0.90117
vt 0.01543 0.90056
vt 0.01506 0.90037
vt 0.01465 0.90178
vt 0.01439 0.90219
vt 0.01428 0.90157
vt 0.01403 0.90196
vt 0.02894 0.85953
vt 0.02946 0.86004
vt 0.03639 0.85805
vt 0.03583 0.8575
vt 0.04962 0.85423
vt 0.04897 0.8536
vt 0.03524 0.85696
vt 0.02841 0.85903
vt 0.03465 0.85643
vt 0.02787 0.85854
vt 0.04831 0.85298
vt 0.04763 0.85237
vt 0.02574 0.85982
vt 0.02624 0.86031
vt 0.02514 0.85998
vt 0.02562 0.86047
vt 0.02523 0.85934
vt 0.02465 0.8595
vt 0.02673 0.86081
vt 0.02609 0.86097
vt 0.03415 0.87131
vt 0.03406 0.87198
vt 0.04131 0.87064
vt 0.04142 0.86993
vt 0.05506 0.86811
vt 0.05518 0.86733
vt 0.04149 0.86923
vt 0.03421 0.87065
vt 0.04152 0.86854
vt 0.03424 0.86999
vt 0.05525 0.86656
vt 0.05529 0.8658
vt 0.03127 0.87123
vt 0.03122 0.87187
vt 0.03048 0.87139
vt 0.03045 0.87203
vt 0.03128 0.87058
vt 0.03049 0.87075
vt 0.03114 0.87253
vt 0.03038 0.87268
vt 0.018 0.90069
vt 0.01772 0.90113
vt 0.02308 0.90369
vt 0.02338 0.90319
vt 0.03342 0.90862
vt 0.03377 0.908
vt 0.02369 0.90268
vt 0.01829 0.90025
vt 0.024 0.90217
vt 0.01858 0.89981
vt 0.03413 0.90738
vt 0.0345 0.90674
vt 0.01625 0.89933
vt 0.01597 0.89974
vt 0.01589 0.89916
vt 0.01561 0.89956
vt 0.01653 0.89891
vt 0.01618 0.89875
vt 0.0157 0.90015
vt 0.01533 0.89997
vt 0.02675 0.85758
vt 0.02731 0.85805
vt 0.03404 0.85591
vt 0.03342 0.85539
vt 0.04693 0.85176
vt 0.04622 0.85116
vt 0.03279 0.85488
vt 0.02619 0.85712
vt 0.03216 0.85438
vt 0.02562 0.85666
vt 0.0455 0.85056
vt 0.04476 0.84996
vt 0.02364 0.85797
vt 0.02418 0.85842
vt 0.02313 0.85812
vt 0.02365 0.85857
vt 0.02311 0.85753
vt 0.02261 0.85768
vt 0.02471 0.85887
vt 0.02415 0.85903
vt 0.03419 0.8687
vt 0.03423 0.86934
vt 0.04152 0.86786
vt 0.04147 0.86718
vt 0.05529 0.86505
vt 0.05524 0.86432
vt 0.04139 0.86651
vt 0.03411 0.86806
vt 0.04127 0.86585
vt 0.03399 0.86743
vt 0.05515 0.86359
vt 0.05502 0.86287
vt 0.03114 0.86869
vt 0.03122 0.86932
vt 0.03033 0.86887
vt 0.03042 0.86949
vt 0.03103 0.86808
vt 0.03022 0.86825
vt 0.03127 0.86995
vt 0.03047 0.87012
vt 0.01917 0.89891
vt 0.01887 0.89936
vt 0.02432 0.90166
vt 0.02465 0.90114
vt 0.03488 0.9061
vt 0.03526 0.90545
vt 0.02499 0.90061
vt 0.01948 0.89846
vt 0.02533 0.90008
vt 0.01979 0.898
vt 0.03566 0.90479
vt 0.03606 0.90412
vt 0.01742 0.89765
vt 0.01712 0.89807
vt 0.01708 0.89751
vt 0.01677 0.89792
vt 0.01772 0.89722
vt 0.01739 0.89709
vt 0.01682 0.89849
vt 0.01648 0.89834
vt 0.02446 0.85578
vt 0.02504 0.85622
vt 0.03152 0.85389
vt 0.03088 0.8534
vt 0.04401 0.84937
vt 0.04325 0.84879
vt 0.03023 0.85292
vt 0.02388 0.85535
vt 0.02958 0.85244
vt 0.02331 0.85493
vt 0.04249 0.8482
vt 0.04172 0.84763
vt 0.02148 0.85626
vt 0.02202 0.85668
vt 0.02104 0.85642
vt 0.02157 0.85683
vt 0.02093 0.85586
vt 0.02051 0.85601
vt 0.02257 0.8571
vt 0.02209 0.85725
vt 0.02042 0.89708
vt 0.02011 0.89754
vt 0.02567 0.89955
vt 0.02602 0.89901
vt 0.03647 0.90344
vt 0.0369 0.90275
vt 0.02638 0.89846
vt 0.02075 0.89661
vt 0.02674 0.89791
vt 0.02107 0.89614
vt 0.03732 0.90205
vt 0.03776 0.90134
vt 0.01865 0.89592
vt 0.01834 0.89636
vt 0.01833 0.89581
vt 0.01801 0.89624
vt 0.01897 0.89548
vt 0.01865 0.89538
vt 0.01803 0.89679
vt 0.0177 0.89666
vt 0.02215 0.85411
vt 0.02273 0.85452
vt 0.02893 0.85198
vt 0.02828 0.85152
vt 0.04094 0.84705
vt 0.04016 0.84648
vt 0.02763 0.85106
vt 0.02158 0.85371
vt 0.02699 0.85061
vt 0.021 0.85332
vt 0.03938 0.84592
vt 0.03859 0.84535
vt 0.01931 0.8547
vt 0.01985 0.85508
vt 0.01893 0.85485
vt 0.01946 0.85523
vt 0.01877 0.85433
vt 0.0184 0.85448
vt 0.02039 0.85546
vt 0.01998 0.85562
vt 0.02173 0.89519
vt 0.0214 0.89567
vt 0.02711 0.89735
vt 0.02748 0.89679
vt 0.0382 0.90062
vt 0.03865 0.89989
vt 0.02785 0.89622
vt 0.02207 0.89471
vt 0.02823 0.89564
vt 0.02241 0.89422
vt 0.03911 0.89915
vt 0.03957 0.89841
vt 0.01993 0.89414
vt 0.01961 0.89459
vt 0.01962 0.89406
vt 0.0193 0.8945
vt 0.02026 0.89369
vt 0.01994 0.89361
vt 0.01929 0.89504
vt 0.01897 0.89494
vt 0.01987 0.85256
vt 0.02043 0.85294
vt 0.02634 0.85017
vt 0.02569 0.84973
vt 0.0378 0.84479
vt 0.03701 0.84424
vt 0.02505 0.8493
vt 0.0193 0.85219
vt 0.02441 0.84888
vt 0.01874 0.85182
vt 0.03622 0.84369
vt 0.03543 0.84314
vt 0.01717 0.85326
vt 0.0177 0.85361
vt 0.01684 0.85342
vt 0.01736 0.85376
vt 0.01664 0.85291
vt 0.01632 0.85307
vt 0.01823 0.85396
vt 0.01788 0.85412
vt 0.02309 0.89323
vt 0.02274 0.89373
vt 0.02861 0.89506
vt 0.029 0.89448
vt 0.04004 0.89766
vt 0.04051 0.8969
vt 0.02938 0.89389
vt 0.02343 0.89273
vt 0.02978 0.89329
vt 0.02377 0.89223
vt 0.04098 0.89613
vt 0.04146 0.89535
vt 0.02123 0.89231
vt 0.02091 0.89277
vt 0.02092 0.89224
vt 0.02059 0.8927
vt 0.02156 0.89183
vt 0.02125 0.89178
vt 0.02058 0.89323
vt 0.02027 0.89316
vt 0.01763 0.85111
vt 0.01819 0.85147
vt 0.02378 0.84846
vt 0.02314 0.84804
vt 0.03464 0.8426
vt 0.03386 0.84206
vt 0.02251 0.84763
vt 0.01709 0.85077
vt 0.02189 0.84723
vt 0.01654 0.85043
vt 0.03307 0.84153
vt 0.03229 0.841
vt 0.01508 0.85192
vt 0.0156 0.85225
vt 0.01479 0.85209
vt 0.0153 0.85241
vt 0.01457 0.85161
vt 0.01429 0.85178
vt 0.01612 0.85258
vt 0.01581 0.85274
vt 0.02447 0.8912
vt 0.02412 0.89172
vt 0.03017 0.89269
vt 0.03056 0.89208
vt 0.04195 0.89457
vt 0.04243 0.89378
vt 0.03096 0.89146
vt 0.02482 0.89068
vt 0.03136 0.89084
vt 0.02517 0.89015
vt 0.04292 0.89299
vt 0.04341 0.89219
vt 0.02255 0.89039
vt 0.02222 0.89087
vt 0.02223 0.89034
vt 0.0219 0.89083
vt 0.02289 0.88989
vt 0.02256 0.88986
vt 0.02189 0.89136
vt 0.02157 0.89131
vt 0.01547 0.84976
vt 0.016 0.85009
vt 0.02127 0.84683
vt 0.02065 0.84643
vt 0.03151 0.84048
vt 0.03074 0.83996
vt 0.02004 0.84604
vt 0.01494 0.84944
vt 0.01943 0.84566
vt 0.01441 0.84911
vt 0.02997 0.83944
vt 0.02921 0.83893
vt 0.01306 0.85069
vt 0.01356 0.85099
vt 0.01279 0.85087
vt 0.01328 0.85116
vt 0.01256 0.85039
vt 0.0123 0.85057
vt 0.01406 0.8513
vt 0.01378 0.85147
vt 0.02588 0.88907
vt 0.02552 0.88961
vt 0.03176 0.89021
vt 0.03216 0.88958
vt 0.0439 0.89138
vt 0.04439 0.89057
vt 0.03257 0.88894
vt 0.02624 0.88852
vt 0.03297 0.88829
vt 0.02659 0.88796
vt 0.04489 0.88976
vt 0.04538 0.88894
vt 0.02389 0.88837
vt 0.02356 0.88888
vt 0.02354 0.88835
vt 0.02321 0.88886
vt 0.02423 0.88784
vt 0.02387 0.88783
vt 0.02322 0.88939
vt 0.02289 0.88936
vt 0.01336 0.84848
vt 0.01388 0.8488
vt 0.01883 0.84528
vt 0.01823 0.8449
vt 0.02845 0.83842
vt 0.0277 0.83792
vt 0.01763 0.84453
vt 0.01285 0.84818
vt 0.01705 0.84416
vt 0.01234 0.84787
vt 0.02695 0.83743
vt 0.02622 0.83694
vt 0.01108 0.84952
vt 0.01157 0.84981
vt 0.01083 0.84972
vt 0.01132 0.85
vt 0.0106 0.84924
vt 0.01035 0.84944
vt 0.01206 0.8501
vt 0.01181 0.85028
vt 0.02731 0.88683
vt 0.02695 0.8874
vt 0.03338 0.88764
vt 0.03379 0.88698
vt 0.04587 0.88811
vt 0.04636 0.88728
vt 0.03419 0.88632
vt 0.02767 0.88625
vt 0.0346 0.88565
vt 0.02803 0.88566
vt 0.04685 0.88645
vt 0.04734 0.88562
vt 0.02524 0.88623
vt 0.0249 0.88678
vt 0.02486 0.88623
vt 0.02453 0.88677
vt 0.02558 0.88568
vt 0.02518 0.88569
vt 0.02457 0.88731
vt 0.0242 0.88731
vt 0.01132 0.84727
vt 0.01183 0.84757
vt 0.01646 0.84379
vt 0.01589 0.84343
vt 0.02549 0.83645
vt 0.02477 0.83597
vt 0.01532 0.84307
vt 0.01082 0.84697
vt 0.01475 0.84272
vt 0.01033 0.84667
vt 0.02406 0.83549
vt 0.02336 0.83502
vt 0.00916 0.84842
vt 0.00964 0.84869
vt 0.00891 0.84864
vt 0.00939 0.8489
vt 0.00869 0.84815
vt 0.00844 0.84837
vt 0.01012 0.84896
vt 0.00987 0.84917
vt 0.02875 0.88447
vt 0.02839 0.88507
vt 0.035 0.88497
vt 0.0354 0.88429
vt 0.04782 0.88478
vt 0.0483 0.88394
vt 0.0358 0.8836
vt 0.0291 0.88386
vt 0.0362 0.8829
vt 0.02946 0.88325
vt 0.04877 0.8831
vt 0.04924 0.88225
vt 0.02658 0.88397
vt 0.02625 0.88455
vt 0.02615 0.884
vt 0.02583 0.88457
vt 0.02691 0.88338
vt 0.02647 0.88342
vt 0.02591 0.88512
vt 0.02551 0.88513
vt 0.00935 0.84609
vt 0.00984 0.84638
vt 0.01419 0.84236
vt 0.01364 0.84201
vt 0.02266 0.83456
vt 0.02198 0.8341
vt 0.0131 0.84167
vt 0.00887 0.8458
vt 0.01256 0.84132
vt 0.00839 0.84551
vt 0.02131 0.83365
vt 0.02066 0.8332
vt 0.00729 0.84735
vt 0.00775 0.84761
vt 0.00704 0.8476
vt 0.0075 0.84785
vt 0.00683 0.84708
vt 0.00658 0.84734
vt 0.00822 0.84788
vt 0.00797 0.84811
vt 0.03016 0.88199
vt 0.02981 0.88262
vt 0.03659 0.8822
vt 0.03698 0.8815
vt 0.0497 0.8814
vt 0.05015 0.88056
vt 0.03736 0.88079
vt 0.0305 0.88135
vt 0.03774 0.88007
vt 0.03084 0.88071
vt 0.0506 0.87971
vt 0.05103 0.87886
vt 0.02788 0.88158
vt 0.02756 0.88219
vt 0.02739 0.88164
vt 0.02709 0.88224
vt 0.0282 0.88096
vt 0.02769 0.88103
vt 0.02724 0.88279
vt 0.02678 0.88283
vt 0.00745 0.84494
vt 0.00792 0.84523
vt 0.01203 0.84098
vt 0.01151 0.84064
vt 0.02001 0.83275
vt 0.01938 0.83232
vt 0.011 0.8403
vt 0.00699 0.84466
vt 0.01049 0.83997
vt 0.00654 0.84437
vt 0.01875 0.83188
vt 0.01815 0.83145
vt 0.00549 0.8463
vt 0.00593 0.84656
vt 0.00523 0.84658
vt 0.00568 0.84683
vt 0.00505 0.84604
vt 0.00479 0.84633
vt 0.00638 0.84682
vt 0.00613 0.84709
vt 0.03364 0.8662
vt 0.03384 0.86681
vt 0.04111 0.8652
vt 0.0409 0.86456
vt 0.05484 0.86216
vt 0.05462 0.86146
vt 0.04066 0.86393
vt 0.03342 0.8656
vt 0.05436 0.86076
vt 0.03047 0.86628
vt 0.03069 0.86687
vt 0.02968 0.86645
vt 0.02989 0.86705
vt 0.03088 0.86747
vt 0.03007 0.86765
vt 0.03149 0.8794
vt 0.03117 0.88006
vt 0.03811 0.87935
vt 0.03847 0.87863
vt 0.05146 0.87802
vt 0.05187 0.87717
vt 0.03882 0.8779
vt 0.03181 0.87874
vt 0.05227 0.87632
vt 0.02909 0.87907
vt 0.0288 0.87971
vt 0.02853 0.87916
vt 0.02826 0.87979
vt 0.0285 0.88034
vt 0.02798 0.88041
vt 0.00565 0.84381
vt 0.00609 0.84409
vt 0.00999 0.83964
vt 0.0095 0.83931
vt 0.01755 0.83103
vt 0.01696 0.83061
vt 0.00902 0.83898
vt 0.00521 0.84353
vt 0.01638 0.83019
vt 0.00377 0.84526
vt 0.00419 0.84552
vt 0.00352 0.84557
vt 0.00394 0.84583
vt 0.00462 0.84578
vt 0.00436 0.84608
vt 0.65072 0.34028
vt 0.60667 0.34395
vt 0.6079 0.34641
vt 0.65189 0.34242
vt 0.60916 0.3489
vt 0.6531 0.34458
vt 0.54237 0.34708
vt 0.54368 0.34995
vt 0.54501 0.35285
vt 0.6827 0.33816
vt 0.68158 0.3363
vt 0.70738 0.33387
vt 0.70633 0.33226
vt 0.68385 0.34005
vt 0.70845 0.33549
vt 0.68047 0.33445
vt 0.64956 0.33816
vt 0.6794 0.33263
vt 0.64843 0.33607
vt 0.7053 0.33067
vt 0.7043 0.3291
vt 0.60546 0.34151
vt 0.54109 0.34424
vt 0.60428 0.33911
vt 0.53983 0.34143
vt 0.31631 0.28731
vt 0.18802 0.28005
vt 0.18856 0.28245
vt 0.31679 0.28956
vt 0.18919 0.28497
vt 0.31735 0.29191
vt 0.05277 0.27232
vt 0.05337 0.27487
vt 0.05406 0.27755
vt 0.4311 0.29573
vt 0.43067 0.29364
vt 0.52452 0.30049
vt 0.52414 0.29856
vt 0.4316 0.2979
vt 0.52497 0.30247
vt 0.43032 0.2916
vt 0.31592 0.28513
vt 0.43005 0.28962
vt 0.31561 0.28303
vt 0.52382 0.29668
vt 0.52358 0.29484
vt 0.18758 0.27775
vt 0.05228 0.2699
vt 0.18724 0.27553
vt 0.05189 0.26757
vt 0.38265 0.4639
vt 0.2612 0.48218
vt 0.26191 0.48441
vt 0.38337 0.46604
vt 0.26256 0.48655
vt 0.38402 0.46812
vt 0.13327 0.50097
vt 0.13399 0.50327
vt 0.13463 0.50547
vt 0.49188 0.44868
vt 0.49116 0.44664
vt 0.58097 0.43283
vt 0.58025 0.43091
vt 0.49255 0.45068
vt 0.58167 0.43472
vt 0.4904 0.44454
vt 0.38189 0.46168
vt 0.48959 0.44238
vt 0.38106 0.45937
vt 0.57948 0.42895
vt 0.57868 0.42694
vt 0.26042 0.47985
vt 0.13247 0.49853
vt 0.25957 0.47739
vt 0.13159 0.49593
vt 0.3326 0.23062
vt 0.20603 0.2186
vt 0.20416 0.22229
vt 0.33094 0.23384
vt 0.20238 0.22587
vt 0.32934 0.23698
vt 0.07255 0.20613
vt 0.07047 0.21031
vt 0.06849 0.21435
vt 0.44388 0.24453
vt 0.44536 0.24175
vt 0.53608 0.25392
vt 0.53741 0.25153
vt 0.44245 0.24725
vt 0.5348 0.25627
vt 0.4469 0.23891
vt 0.33432 0.22732
vt 0.44848 0.23602
vt 0.3361 0.22394
vt 0.53879 0.24911
vt 0.5402 0.24665
vt 0.20796 0.2148
vt 0.0747 0.20181
vt 0.20995 0.2109
vt 0.07692 0.19736
vt 0.31527 0.27897
vt 0.18684 0.27128
vt 0.18699 0.27338
vt 0.3154 0.28098
vt 0.05144 0.26316
vt 0.05161 0.26533
vt 0.42986 0.28768
vt 0.42976 0.28578
vt 0.52342 0.29303
vt 0.52333 0.29126
vt 0.42974 0.2839
vt 0.31524 0.277
vt 0.42981 0.28203
vt 0.31531 0.27504
vt 0.52332 0.2895
vt 0.52338 0.28775
vt 0.1868 0.26923
vt 0.05138 0.26103
vt 0.18687 0.26719
vt 0.05145 0.25892
vt 0.37924 0.4544
vt 0.25765 0.47202
vt 0.25864 0.47478
vt 0.38018 0.45694
vt 0.12957 0.49016
vt 0.13062 0.49314
vt 0.48874 0.44013
vt 0.48784 0.43781
vt 0.57784 0.42488
vt 0.57696 0.42277
vt 0.4869 0.43541
vt 0.37825 0.45175
vt 0.48591 0.43294
vt 0.3772 0.44899
vt 0.57605 0.42061
vt 0.5751 0.41839
vt 0.2566 0.46912
vt 0.12844 0.48699
vt 0.25547 0.46606
vt 0.12724 0.48363
vt 0.3398 0.21699
vt 0.21412 0.20281
vt 0.21201 0.2069
vt 0.33793 0.2205
vt 0.08157 0.1881
vt 0.07921 0.19279
vt 0.4501 0.23309
vt 0.45177 0.2301
vt 0.54166 0.24415
vt 0.54315 0.24163
vt 0.45347 0.22707
vt 0.34172 0.21341
vt 0.45521 0.22399
vt 0.34368 0.20977
vt 0.54468 0.23907
vt 0.54624 0.23647
vt 0.21628 0.19864
vt 0.08398 0.18331
vt 0.21848 0.19438
vt 0.08645 0.17842
vt 0.37496 0.44315
vt 0.25304 0.45951
vt 0.25429 0.46286
vt 0.37611 0.44612
vt 0.1246 0.47634
vt 0.12596 0.48008
vt 0.48489 0.43038
vt 0.48382 0.42775
vt 0.57411 0.41612
vt 0.57309 0.41379
vt 0.48271 0.42505
vt 0.37377 0.44007
vt 0.48157 0.42227
vt 0.37253 0.43688
vt 0.57204 0.41142
vt 0.57096 0.409
vt 0.25174 0.45602
vt 0.12318 0.47243
vt 0.25039 0.45239
vt 0.1217 0.46834
vt 0.3477 0.20232
vt 0.22301 0.18568
vt 0.22073 0.19006
vt 0.34568 0.20607
vt 0.09151 0.16839
vt 0.08896 0.17344
vt 0.45698 0.22087
vt 0.45879 0.2177
vt 0.54783 0.23384
vt 0.54945 0.23117
vt 0.46062 0.2145
vt 0.34976 0.19853
vt 0.46247 0.21127
vt 0.35184 0.1947
vt 0.5511 0.22848
vt 0.55277 0.22577
vt 0.22532 0.18123
vt 0.09409 0.16327
vt 0.22766 0.17675
vt 0.09671 0.1581
vt 0.36992 0.43023
vt 0.24752 0.44475
vt 0.24898 0.44863
vt 0.37125 0.43361
vt 0.11855 0.45968
vt 0.12015 0.46409
vt 0.48039 0.41943
vt 0.47918 0.41652
vt 0.56985 0.40653
vt 0.56871 0.40402
vt 0.47793 0.41355
vt 0.36856 0.42677
vt 0.47665 0.4105
vt 0.36716 0.42322
vt 0.56754 0.40146
vt 0.56634 0.39885
vt 0.24602 0.44075
vt 0.11689 0.45511
vt 0.24447 0.43664
vt 0.11518 0.45041
vt 0.35606 0.18696
vt 0.23241 0.16767
vt 0.23003 0.17222
vt 0.35394 0.19084
vt 0.102 0.14762
vt 0.09935 0.15288
vt 0.46434 0.20802
vt 0.46623 0.20475
vt 0.55446 0.22303
vt 0.55616 0.22028
vt 0.46812 0.20146
vt 0.35819 0.18306
vt 0.47003 0.19817
vt 0.36032 0.17915
vt 0.55787 0.21752
vt 0.55959 0.21475
vt 0.2348 0.16309
vt 0.10467 0.14235
vt 0.23719 0.15851
vt 0.10735 0.13705
vt 0.36425 0.41585
vt 0.24125 0.42809
vt 0.24288 0.43241
vt 0.36572 0.41957
vt 0.11162 0.44062
vt 0.11342 0.44558
vt 0.47534 0.40739
vt 0.474 0.40422
vt 0.56511 0.39619
vt 0.56386 0.39347
vt 0.47263 0.40098
vt 0.36275 0.41206
vt 0.47123 0.3977
vt 0.36122 0.40819
vt 0.56258 0.39072
vt 0.56129 0.38792
vt 0.23959 0.42367
vt 0.10978 0.43555
vt 0.23789 0.41916
vt 0.10791 0.43038
vt 0.36459 0.17133
vt 0.24199 0.14934
vt 0.23959 0.15392
vt 0.36246 0.17524
vt 0.11271 0.12648
vt 0.11003 0.13176
vt 0.47193 0.19487
vt 0.47383 0.19158
vt 0.56132 0.21198
vt 0.56304 0.20922
vt 0.47573 0.1883
vt 0.36672 0.16744
vt 0.47762 0.18504
vt 0.36883 0.16357
vt 0.56476 0.20646
vt 0.56648 0.20371
vt 0.24438 0.14478
vt 0.11537 0.12122
vt 0.24675 0.14025
vt 0.11802 0.11599
vt 0.35808 0.40028
vt 0.23441 0.40994
vt 0.23617 0.41458
vt 0.35966 0.40426
vt 0.10407 0.41977
vt 0.106 0.42511
vt 0.46982 0.39436
vt 0.46838 0.39098
vt 0.55997 0.38509
vt 0.55863 0.38222
vt 0.46693 0.38757
vt 0.35648 0.39625
vt 0.46546 0.38413
vt 0.35486 0.39219
vt 0.55729 0.37933
vt 0.55593 0.37641
vt 0.23264 0.40523
vt 0.10211 0.41436
vt 0.23085 0.40048
vt 0.10013 0.40889
vt 0.37301 0.15593
vt 0.25144 0.1313
vt 0.24911 0.13575
vt 0.37093 0.15974
vt 0.12326 0.10567
vt 0.12065 0.1108
vt 0.4795 0.1818
vt 0.48136 0.17859
vt 0.56818 0.20098
vt 0.56987 0.19827
vt 0.48319 0.17541
vt 0.37506 0.15217
vt 0.48501 0.17227
vt 0.37708 0.14847
vt 0.57154 0.19559
vt 0.5732 0.19294
vt 0.25374 0.1269
vt 0.12583 0.1006
vt 0.25601 0.12256
vt 0.12836 0.09561
vt 0.3516 0.38397
vt 0.22723 0.39088
vt 0.22905 0.39569
vt 0.35324 0.38809
vt 0.09613 0.39783
vt 0.09813 0.40338
vt 0.46398 0.38066
vt 0.4625 0.37717
vt 0.55456 0.37347
vt 0.55319 0.37053
vt 0.46101 0.37367
vt 0.34996 0.37984
vt 0.45952 0.37017
vt 0.34831 0.3757
vt 0.55181 0.36757
vt 0.55044 0.36461
vt 0.22541 0.38604
vt 0.09412 0.39226
vt 0.22359 0.3812
vt 0.0921 0.38668
vt 0.38103 0.14123
vt 0.26043 0.11411
vt 0.25824 0.1183
vt 0.37908 0.14482
vt 0.1333 0.0859
vt 0.13085 0.0907
vt 0.48679 0.16918
vt 0.48854 0.16614
vt 0.57483 0.19032
vt 0.57643 0.18774
vt 0.49026 0.16315
vt 0.38294 0.13771
vt 0.49194 0.16022
vt 0.38481 0.13427
vt 0.578 0.1852
vt 0.57954 0.18271
vt 0.26258 0.11002
vt 0.13569 0.08119
vt 0.26467 0.10602
vt 0.13802 0.07661
vt 0.34504 0.36743
vt 0.21995 0.37152
vt 0.22177 0.37635
vt 0.34667 0.37156
vt 0.08808 0.37554
vt 0.09009 0.38111
vt 0.45803 0.36667
vt 0.45655 0.36318
vt 0.54907 0.36165
vt 0.5477 0.35871
vt 0.45507 0.3597
vt 0.34341 0.36331
vt 0.45361 0.35624
vt 0.34179 0.35923
vt 0.54635 0.35577
vt 0.21814 0.36671
vt 0.08608 0.37
vt 0.21635 0.36193
vt 0.0841 0.3645
vt 0.38841 0.12764
vt 0.26869 0.09833
vt 0.26671 0.10212
vt 0.38664 0.13092
vt 0.14249 0.06782
vt 0.14029 0.07215
vt 0.49358 0.15736
vt 0.49518 0.15455
vt 0.58105 0.18026
vt 0.58252 0.17786
vt 0.49674 0.15181
vt 0.39013 0.12446
vt 0.49825 0.14914
vt 0.3918 0.12136
vt 0.58396 0.1755
vt 0.58536 0.17319
vt 0.27061 0.09466
vt 0.14462 0.06364
vt 0.27246 0.0911
vt 0.14667 0.0596
vt 0.33861 0.35116
vt 0.21282 0.3525
vt 0.21457 0.35719
vt 0.34019 0.35517
vt 0.08019 0.35365
vt 0.08213 0.35905
vt 0.45217 0.35281
vt 0.45074 0.34941
vt 0.44934 0.34605
vt 0.33705 0.34719
vt 0.44796 0.34274
vt 0.33552 0.34328
vt 0.21108 0.34787
vt 0.07827 0.34833
vt 0.20938 0.34331
vt 0.07639 0.34308
vt 0.39498 0.11544
vt 0.27596 0.08436
vt 0.27425 0.08767
vt 0.39342 0.11835
vt 0.15053 0.05201
vt 0.14864 0.05573
vt 0.49973 0.14652
vt 0.50115 0.14397
vt 0.58673 0.17092
vt 0.58807 0.16869
vt 0.50253 0.14149
vt 0.39648 0.11262
vt 0.50387 0.13908
vt 0.39792 0.10991
vt 0.58936 0.16651
vt 0.59061 0.16438
vt 0.27761 0.08119
vt 0.15232 0.04847
vt 0.27917 0.07815
vt 0.15403 0.0451
vt 0.33255 0.33564
vt 0.20608 0.33442
vt 0.20771 0.33882
vt 0.33402 0.33943
vt 0.07272 0.33288
vt 0.07453 0.33793
vt 0.4466 0.33947
vt 0.44528 0.33625
vt 0.53859 0.33866
vt 0.53739 0.33594
vt 0.44399 0.33309
vt 0.33112 0.33193
vt 0.44274 0.32997
vt 0.32973 0.32828
vt 0.53622 0.33325
vt 0.53507 0.3306
vt 0.20448 0.3301
vt 0.07096 0.32794
vt 0.20293 0.32588
vt 0.06924 0.32312
vt 0.4006 0.10479
vt 0.28206 0.0725
vt 0.28066 0.07526
vt 0.39929 0.1073
vt 0.15714 0.0389
vt 0.15564 0.04191
vt 0.50515 0.13674
vt 0.50637 0.13448
vt 0.59183 0.16229
vt 0.593 0.16025
vt 0.50755 0.13228
vt 0.40184 0.10239
vt 0.50867 0.13016
vt 0.40301 0.10009
vt 0.59413 0.15826
vt 0.59521 0.15632
vt 0.28338 0.06988
vt 0.15855 0.03607
vt 0.28461 0.06741
vt 0.15985 0.03342
vt 0.31575 0.27113
vt 0.18734 0.26313
vt 0.18705 0.26517
vt 0.31548 0.27309
vt 0.05195 0.25472
vt 0.05164 0.25682
vt 0.42997 0.28018
vt 0.43022 0.27831
vt 0.52353 0.28601
vt 0.52376 0.28426
vt 0.43055 0.27644
vt 0.31612 0.26916
vt 0.43097 0.27454
vt 0.31658 0.26715
vt 0.52406 0.28251
vt 0.52444 0.28074
vt 0.18774 0.26107
vt 0.05239 0.25258
vt 0.18825 0.25897
vt 0.05294 0.25039
vt 0.32707 0.32123
vt 0.19997 0.31776
vt 0.20142 0.32176
vt 0.32837 0.32472
vt 0.06596 0.31388
vt 0.06757 0.31843
vt 0.44152 0.32692
vt 0.44034 0.32391
vt 0.53397 0.32798
vt 0.5329 0.3254
vt 0.43921 0.32097
vt 0.32581 0.31783
vt 0.43813 0.3181
vt 0.3246 0.31453
vt 0.53187 0.32287
vt 0.53088 0.32038
vt 0.19857 0.31386
vt 0.06442 0.30948
vt 0.19723 0.3101
vt 0.06294 0.30524
vt 0.40514 0.09578
vt 0.28682 0.06285
vt 0.28576 0.06507
vt 0.40411 0.09789
vt 0.16213 0.02863
vt 0.16104 0.03095
vt 0.50973 0.12811
vt 0.51074 0.12612
vt 0.59625 0.15443
vt 0.59725 0.15258
vt 0.5117 0.12418
vt 0.40611 0.09374
vt 0.51261 0.12227
vt 0.40702 0.09176
vt 0.59821 0.15076
vt 0.59912 0.14896
vt 0.2878 0.06073
vt 0.16312 0.02643
vt 0.2887 0.05868
vt 0.16402 0.02433
vt 0.3178 0.26298
vt 0.18958 0.25458
vt 0.18886 0.25681
vt 0.31714 0.26509
vt 0.05439 0.24578
vt 0.05361 0.24813
vt 0.43148 0.2726
vt 0.43208 0.27062
vt 0.52491 0.27894
vt 0.52545 0.27711
vt 0.43276 0.26859
vt 0.31855 0.26081
vt 0.43352 0.26651
vt 0.31939 0.25855
vt 0.52606 0.27524
vt 0.52675 0.27333
vt 0.1904 0.25226
vt 0.05529 0.24333
vt 0.19133 0.24984
vt 0.05631 0.24075
vt 0.32237 0.30822
vt 0.19475 0.30296
vt 0.19596 0.30646
vt 0.32345 0.31132
vt 0.0602 0.29725
vt 0.06153 0.30116
vt 0.43709 0.3153
vt 0.43612 0.31257
vt 0.52995 0.31795
vt 0.52906 0.31556
vt 0.4352 0.30992
vt 0.32135 0.30522
vt 0.43434 0.30735
vt 0.3204 0.30233
vt 0.52823 0.31323
vt 0.52745 0.31096
vt 0.19362 0.2996
vt 0.05895 0.29351
vt 0.19257 0.29638
vt 0.05779 0.28996
vt 0.40867 0.0879
vt 0.29031 0.05474
vt 0.28953 0.05669
vt 0.40787 0.08981
vt 0.16558 0.02032
vt 0.16484 0.0223
vt 0.51348 0.1204
vt 0.51431 0.11855
vt 0.60001 0.14719
vt 0.60086 0.14543
vt 0.51511 0.11671
vt 0.40944 0.08601
vt 0.51591 0.11488
vt 0.4102 0.08413
vt 0.60169 0.14368
vt 0.60252 0.14193
vt 0.29105 0.05281
vt 0.16629 0.01837
vt 0.29177 0.0509
vt 0.16697 0.01644
vt 0.32136 0.25376
vt 0.1935 0.24464
vt 0.19237 0.2473
vt 0.32033 0.2562
vt 0.05869 0.23514
vt 0.05744 0.23802
vt 0.43437 0.26435
vt 0.4353 0.26213
vt 0.52752 0.27138
vt 0.52836 0.26937
vt 0.4363 0.25983
vt 0.32248 0.25121
vt 0.43739 0.25746
vt 0.32368 0.24857
vt 0.52927 0.26731
vt 0.53025 0.26521
vt 0.19474 0.24184
vt 0.06005 0.2321
vt 0.19608 0.23892
vt 0.06152 0.22889
vt 0.31872 0.2969
vt 0.19071 0.29039
vt 0.19159 0.29331
vt 0.31952 0.29956
vt 0.05574 0.28341
vt 0.05672 0.28659
vt 0.43355 0.30486
vt 0.43283 0.30246
vt 0.52674 0.30875
vt 0.52608 0.3066
vt 0.43218 0.30014
vt 0.318 0.29435
vt 0.5255 0.30451
vt 0.1899 0.28761
vt 0.05485 0.2804
vt 0.38519 0.47215
vt 0.26368 0.49066
vt 0.26418 0.49266
vt 0.38573 0.47412
vt 0.26466 0.49464
vt 0.38626 0.47608
vt 0.13569 0.50964
vt 0.13615 0.51166
vt 0.13659 0.51365
vt 0.49436 0.45651
vt 0.49378 0.45459
vt 0.58358 0.44028
vt 0.58296 0.43844
vt 0.49492 0.45842
vt 0.58418 0.44212
vt 0.49318 0.45265
vt 0.38463 0.47015
vt 0.58233 0.43659
vt 0.26314 0.48863
vt 0.13519 0.50758
vt 0.32635 0.24297
vt 0.19905 0.23266
vt 0.19751 0.23586
vt 0.32498 0.24582
vt 0.0648 0.22195
vt 0.06311 0.2255
vt 0.43855 0.25501
vt 0.43979 0.25249
vt 0.53129 0.26305
vt 0.5324 0.26084
vt 0.44109 0.24991
vt 0.32781 0.24002
vt 0.53357 0.25858
vt 0.20067 0.22933
vt 0.0666 0.21823
vt 0.80694 0.30223
vt 0.80038 0.30163
vt 0.80018 0.30213
vt 0.80676 0.30269
vt 0.80001 0.30263
vt 0.80661 0.30316
vt 0.78864 0.30056
vt 0.78842 0.30112
vt 0.78823 0.30167
vt 0.80988 0.30295
vt 0.81005 0.3025
vt 0.81127 0.30307
vt 0.81143 0.30262
vt 0.80974 0.30341
vt 0.81114 0.30351
vt 0.81024 0.30205
vt 0.80715 0.30176
vt 0.81045 0.3016
vt 0.80738 0.3013
vt 0.8116 0.30217
vt 0.81179 0.30173
vt 0.80061 0.30114
vt 0.78889 0.3
vt 0.80087 0.30064
vt 0.78918 0.29945
vt 0.6911 0.20427
vt 0.64929 0.18833
vt 0.64801 0.19029
vt 0.68984 0.20601
vt 0.64669 0.19228
vt 0.68855 0.20777
vt 0.71851 0.21945
vt 0.71974 0.21793
vt 0.74032 0.23201
vt 0.74148 0.2307
vt 0.71726 0.221
vt 0.73914 0.23334
vt 0.72094 0.21644
vt 0.69233 0.20257
vt 0.7221 0.21496
vt 0.69353 0.20089
vt 0.7426 0.22942
vt 0.74369 0.22816
vt 0.65055 0.1864
vt 0.65177 0.1845
vt 0.64626 0.33197
vt 0.602 0.33439
vt 0.60312 0.33673
vt 0.64733 0.33401
vt 0.67835 0.33083
vt 0.67733 0.32906
vt 0.70332 0.32755
vt 0.70237 0.32602
vt 0.67635 0.32731
vt 0.64522 0.32996
vt 0.6754 0.32558
vt 0.64422 0.32798
vt 0.70145 0.32451
vt 0.70057 0.32302
vt 0.6009 0.33207
vt 0.59984 0.32979
vt 0.69582 0.19762
vt 0.65409 0.18082
vt 0.65295 0.18264
vt 0.69469 0.19924
vt 0.72323 0.21352
vt 0.72433 0.2121
vt 0.74475 0.22692
vt 0.74579 0.22571
vt 0.7254 0.21071
vt 0.69691 0.19603
vt 0.72643 0.20934
vt 0.69797 0.19446
vt 0.74679 0.22452
vt 0.74776 0.22336
vt 0.6552 0.17903
vt 0.65627 0.17727
vt 0.63445 0.29166
vt 0.5894 0.28857
vt 0.58919 0.29017
vt 0.63426 0.29309
vt 0.58906 0.29176
vt 0.63414 0.29452
vt 0.66605 0.29521
vt 0.66622 0.29396
vt 0.69188 0.29696
vt 0.69202 0.29588
vt 0.66595 0.29646
vt 0.69178 0.29804
vt 0.66645 0.2927
vt 0.6347 0.29023
vt 0.66674 0.29144
vt 0.63502 0.28878
vt 0.69223 0.29481
vt 0.69249 0.29372
vt 0.58967 0.28697
vt 0.59002 0.28535
vt 0.64231 0.32408
vt 0.59781 0.32531
vt 0.59881 0.32753
vt 0.64324 0.32602
vt 0.67448 0.32388
vt 0.6736 0.3222
vt 0.69971 0.32156
vt 0.6989 0.32011
vt 0.67276 0.32054
vt 0.64141 0.32218
vt 0.67195 0.31891
vt 0.64056 0.3203
vt 0.69811 0.31869
vt 0.69737 0.3173
vt 0.59686 0.32311
vt 0.59595 0.32095
vt 0.69999 0.19141
vt 0.6583 0.17386
vt 0.65731 0.17555
vt 0.699 0.19293
vt 0.72743 0.208
vt 0.72839 0.20668
vt 0.74869 0.22222
vt 0.7496 0.2211
vt 0.72933 0.20537
vt 0.70095 0.18991
vt 0.73024 0.20408
vt 0.70188 0.18843
vt 0.75048 0.22
vt 0.75134 0.2189
vt 0.65926 0.17219
vt 0.66019 0.17054
vt 0.63585 0.28585
vt 0.59094 0.28206
vt 0.59044 0.28372
vt 0.6354 0.28733
vt 0.66709 0.29017
vt 0.66749 0.28888
vt 0.6928 0.29263
vt 0.69317 0.29153
vt 0.66796 0.28758
vt 0.63636 0.28436
vt 0.66848 0.28626
vt 0.63693 0.28284
vt 0.69359 0.29041
vt 0.69406 0.28928
vt 0.5915 0.28037
vt 0.59212 0.27865
vt 0.63899 0.31663
vt 0.59426 0.31675
vt 0.59508 0.31883
vt 0.63975 0.31845
vt 0.6712 0.31731
vt 0.67048 0.31574
vt 0.69667 0.31593
vt 0.696 0.31458
vt 0.66981 0.31419
vt 0.63827 0.31485
vt 0.66919 0.31268
vt 0.63761 0.3131
vt 0.69538 0.31325
vt 0.69481 0.31196
vt 0.5935 0.3147
vt 0.59278 0.3127
vt 0.70366 0.18551
vt 0.66196 0.16728
vt 0.66109 0.1689
vt 0.70278 0.18697
vt 0.73112 0.2028
vt 0.73199 0.20153
vt 0.75217 0.21782
vt 0.75298 0.21675
vt 0.73284 0.20026
vt 0.70453 0.18405
vt 0.73368 0.199
vt 0.70538 0.1826
vt 0.75379 0.21568
vt 0.75458 0.21462
vt 0.66282 0.16566
vt 0.66367 0.16404
vt 0.63827 0.27972
vt 0.59359 0.27511
vt 0.59282 0.2769
vt 0.63757 0.28129
vt 0.66906 0.28491
vt 0.6697 0.28355
vt 0.69459 0.28813
vt 0.69517 0.28697
vt 0.67039 0.28217
vt 0.63903 0.27812
vt 0.67114 0.28076
vt 0.63984 0.27649
vt 0.6958 0.28579
vt 0.69648 0.28459
vt 0.59441 0.27329
vt 0.5953 0.27143
vt 0.63644 0.30971
vt 0.59153 0.30884
vt 0.59213 0.31075
vt 0.63699 0.31139
vt 0.66862 0.31119
vt 0.6681 0.30973
vt 0.69428 0.31068
vt 0.6938 0.30943
vt 0.66763 0.3083
vt 0.63594 0.30806
vt 0.66722 0.3069
vt 0.63549 0.30645
vt 0.69337 0.30821
vt 0.69298 0.30701
vt 0.59099 0.30697
vt 0.59051 0.30515
vt 0.68987 0.41118
vt 0.64627 0.4242
vt 0.64692 0.42591
vt 0.69056 0.41273
vt 0.64757 0.42761
vt 0.69123 0.41427
vt 0.72063 0.40008
vt 0.71994 0.39872
vt 0.7433 0.38733
vt 0.74263 0.38617
vt 0.72131 0.40144
vt 0.74396 0.38848
vt 0.71924 0.39736
vt 0.68918 0.40962
vt 0.71852 0.39598
vt 0.68846 0.40805
vt 0.74196 0.38501
vt 0.74126 0.38383
vt 0.6456 0.42248
vt 0.64491 0.42074
vt 0.64164 0.27315
vt 0.59727 0.2676
vt 0.59626 0.26953
vt 0.64072 0.27484
vt 0.67194 0.27933
vt 0.67279 0.27787
vt 0.69721 0.28337
vt 0.69799 0.28213
vt 0.67369 0.2764
vt 0.64262 0.27144
vt 0.67464 0.2749
vt 0.64365 0.26971
vt 0.69881 0.28088
vt 0.69967 0.2796
vt 0.59833 0.26563
vt 0.59945 0.26363
vt 0.63478 0.30332
vt 0.58974 0.30162
vt 0.59009 0.30337
vt 0.63511 0.30487
vt 0.66686 0.30552
vt 0.66656 0.30417
vt 0.69265 0.30583
vt 0.69237 0.30467
vt 0.66631 0.30284
vt 0.63452 0.30181
vt 0.66612 0.30154
vt 0.63431 0.30031
vt 0.69214 0.30353
vt 0.69196 0.30241
vt 0.58945 0.29992
vt 0.58924 0.29824
vt 0.68695 0.40487
vt 0.64344 0.41722
vt 0.64419 0.41899
vt 0.68772 0.40647
vt 0.71777 0.39458
vt 0.717 0.39318
vt 0.74055 0.38264
vt 0.73981 0.38144
vt 0.7162 0.39174
vt 0.68615 0.40325
vt 0.71537 0.39029
vt 0.68532 0.40159
vt 0.73904 0.38022
vt 0.73825 0.37897
vt 0.64265 0.41541
vt 0.64184 0.41358
vt 0.64585 0.26616
vt 0.60183 0.25953
vt 0.60062 0.2616
vt 0.64473 0.26795
vt 0.67564 0.27338
vt 0.67668 0.27184
vt 0.70058 0.2783
vt 0.70153 0.27699
vt 0.67775 0.27028
vt 0.64701 0.26436
vt 0.67887 0.2687
vt 0.64821 0.26253
vt 0.70252 0.27566
vt 0.70354 0.27431
vt 0.60309 0.25744
vt 0.60439 0.25533
vt 0.6341 0.29739
vt 0.58901 0.29497
vt 0.58909 0.2966
vt 0.63418 0.29884
vt 0.66599 0.30025
vt 0.66592 0.29898
vt 0.69183 0.3013
vt 0.69176 0.3002
vt 0.6659 0.29771
vt 0.63409 0.29595
vt 0.69174 0.29912
vt 0.589 0.29336
vt 0.68357 0.3982
vt 0.64011 0.40979
vt 0.64099 0.41171
vt 0.68446 0.39991
vt 0.71452 0.38881
vt 0.71363 0.38729
vt 0.73743 0.3777
vt 0.73658 0.3764
vt 0.71271 0.38575
vt 0.68264 0.39645
vt 0.71176 0.38418
vt 0.68169 0.39467
vt 0.7357 0.37507
vt 0.7348 0.37372
vt 0.63919 0.40784
vt 0.63824 0.40585
vt 0.65073 0.25881
vt 0.60709 0.25103
vt 0.60572 0.25319
vt 0.64945 0.26068
vt 0.68003 0.26711
vt 0.68122 0.26549
vt 0.7046 0.27294
vt 0.7057 0.27155
vt 0.68244 0.26385
vt 0.65204 0.25692
vt 0.6837 0.26219
vt 0.65338 0.25501
vt 0.70683 0.27015
vt 0.70798 0.26873
vt 0.60849 0.24884
vt 0.60993 0.24662
vt 0.67969 0.39102
vt 0.63626 0.40176
vt 0.63727 0.40383
vt 0.6807 0.39286
vt 0.71079 0.38258
vt 0.70978 0.38095
vt 0.73387 0.37233
vt 0.73291 0.37092
vt 0.70875 0.37929
vt 0.67865 0.38915
vt 0.70769 0.3776
vt 0.67758 0.38724
vt 0.73193 0.36948
vt 0.73092 0.36802
vt 0.63522 0.39965
vt 0.63415 0.39752
vt 0.65616 0.25111
vt 0.61289 0.2421
vt 0.6114 0.24438
vt 0.65476 0.25307
vt 0.68499 0.26052
vt 0.68631 0.25882
vt 0.70917 0.2673
vt 0.71038 0.26584
vt 0.68765 0.2571
vt 0.65759 0.24913
vt 0.68902 0.25537
vt 0.65905 0.24713
vt 0.71162 0.26437
vt 0.71288 0.26289
vt 0.61442 0.23981
vt 0.61596 0.23749
vt 0.67537 0.38335
vt 0.63194 0.39314
vt 0.63306 0.39534
vt 0.67649 0.38531
vt 0.70661 0.37589
vt 0.70551 0.37415
vt 0.72989 0.36653
vt 0.72883 0.36501
vt 0.70438 0.37238
vt 0.67423 0.38136
vt 0.70323 0.37059
vt 0.67307 0.37934
vt 0.72776 0.36347
vt 0.72667 0.36191
vt 0.6308 0.39089
vt 0.62963 0.38861
vt 0.66202 0.2431
vt 0.61911 0.23282
vt 0.61753 0.23516
vt 0.66052 0.24512
vt 0.69041 0.25363
vt 0.69182 0.25187
vt 0.71417 0.2614
vt 0.71547 0.2599
vt 0.69325 0.25011
vt 0.66353 0.24106
vt 0.69469 0.24834
vt 0.66505 0.23902
vt 0.71678 0.25839
vt 0.71811 0.25687
vt 0.6207 0.23046
vt 0.62231 0.2281
vt 0.67068 0.3752
vt 0.62721 0.38393
vt 0.62843 0.38629
vt 0.67188 0.37729
vt 0.70206 0.36877
vt 0.70088 0.36693
vt 0.72556 0.36033
vt 0.72444 0.35872
vt 0.69968 0.36506
vt 0.66946 0.37309
vt 0.69847 0.36317
vt 0.66822 0.37096
vt 0.72331 0.3571
vt 0.72216 0.35547
vt 0.62598 0.38153
vt 0.62472 0.37911
vt 0.66811 0.23493
vt 0.62553 0.22337
vt 0.62392 0.22573
vt 0.66658 0.23697
vt 0.69614 0.24656
vt 0.6976 0.24478
vt 0.71945 0.25535
vt 0.7208 0.25382
vt 0.69906 0.243
vt 0.66965 0.23288
vt 0.70053 0.24122
vt 0.67119 0.23084
vt 0.72216 0.2523
vt 0.72351 0.25077
vt 0.62714 0.22101
vt 0.62875 0.21866
vt 0.6657 0.36662
vt 0.62216 0.37417
vt 0.62345 0.37665
vt 0.66697 0.3688
vt 0.69725 0.36127
vt 0.69602 0.35936
vt 0.72101 0.35382
vt 0.71985 0.35216
vt 0.69478 0.35743
vt 0.66443 0.36443
vt 0.69355 0.35549
vt 0.66316 0.36223
vt 0.71869 0.35049
vt 0.71752 0.34881
vt 0.62086 0.37167
vt 0.61956 0.36915
vt 0.67425 0.22679
vt 0.63194 0.21399
vt 0.63035 0.21632
vt 0.67272 0.22881
vt 0.70199 0.23945
vt 0.70345 0.23769
vt 0.72487 0.24925
vt 0.72623 0.24774
vt 0.7049 0.23594
vt 0.67576 0.22478
vt 0.70635 0.2342
vt 0.67727 0.22279
vt 0.72758 0.24623
vt 0.72893 0.24473
vt 0.63352 0.21169
vt 0.63509 0.20941
vt 0.6606 0.3578
vt 0.61693 0.36409
vt 0.61825 0.36662
vt 0.66188 0.36002
vt 0.69231 0.35355
vt 0.69107 0.35161
vt 0.71636 0.34714
vt 0.7152 0.34546
vt 0.68984 0.34966
vt 0.65933 0.35558
vt 0.68862 0.34772
vt 0.65806 0.35336
vt 0.71405 0.34378
vt 0.71291 0.34211
vt 0.61562 0.36154
vt 0.61431 0.359
vt 0.68023 0.21888
vt 0.63815 0.20493
vt 0.63663 0.20715
vt 0.67876 0.22082
vt 0.70778 0.23248
vt 0.7092 0.23077
vt 0.73026 0.24325
vt 0.73159 0.24178
vt 0.7106 0.22908
vt 0.68168 0.21696
vt 0.71198 0.22742
vt 0.68311 0.21506
vt 0.73289 0.24032
vt 0.73419 0.23888
vt 0.63964 0.20273
vt 0.64111 0.20057
vt 0.65555 0.34895
vt 0.61171 0.35393
vt 0.613 0.35646
vt 0.6568 0.35115
vt 0.6874 0.34579
vt 0.6862 0.34386
vt 0.71177 0.34044
vt 0.71065 0.33878
vt 0.68502 0.34195
vt 0.65431 0.34675
vt 0.70954 0.33713
vt 0.61043 0.35141
vt 0.68588 0.21136
vt 0.64396 0.19636
vt 0.64255 0.19845
vt 0.68451 0.2132
vt 0.71333 0.22578
vt 0.71467 0.22416
vt 0.73546 0.23747
vt 0.73671 0.23607
vt 0.71598 0.22257
vt 0.68723 0.20955
vt 0.73794 0.23469
vt 0.64534 0.19431
vt 0.63804 0.11381
vt 0.63939 0.11381
vt 0.63967 0.11373
vt 0.63938 0.11367
vt 0.64021 0.11364
vt 0.6402 0.11359
vt 0.64021 0.11381
vt 0.64022 0.11375
vt 0.64022 0.1137
vt 0.63963 0.11356
vt 0.63932 0.11354
vt 0.64014 0.11343
vt 0.6401 0.11337
vt 0.64018 0.11353
vt 0.64017 0.11348
vt 0.63953 0.11341
vt 0.63922 0.11342
vt 0.63998 0.11322
vt 0.63993 0.11318
vt 0.64007 0.11332
vt 0.64003 0.11327
vt 0.63937 0.11327
vt 0.63906 0.11331
vt 0.63975 0.11304
vt 0.63968 0.11301
vt 0.63988 0.11313
vt 0.63982 0.11308
vt 0.63916 0.11315
vt 0.63887 0.11322
vt 0.63946 0.11289
vt 0.63937 0.11286
vt 0.63961 0.11297
vt 0.63954 0.11293
vt 0.63891 0.11306
vt 0.63865 0.11316
vt 0.63911 0.11278
vt 0.63901 0.11276
vt 0.63929 0.11283
vt 0.63921 0.1128
vt 0.63862 0.11299
vt 0.6384 0.11312
vt 0.63872 0.1127
vt 0.63862 0.11269
vt 0.63892 0.11274
vt 0.63882 0.11272
vt 0.63832 0.11296
vt 0.63814 0.1131
vt 0.6383 0.11267
vt 0.6382 0.11267
vt 0.63851 0.11268
vt 0.63841 0.11267
vt 0.638 0.11296
vt 0.63787 0.11312
vt 0.63788 0.11268
vt 0.63777 0.11269
vt 0.63809 0.11267
vt 0.63798 0.11267
vt 0.63768 0.11299
vt 0.63762 0.11316
vt 0.63746 0.11274
vt 0.63736 0.11276
vt 0.63767 0.1127
vt 0.63756 0.11272
vt 0.63738 0.11306
vt 0.63737 0.11322
vt 0.63706 0.11283
vt 0.63697 0.11286
vt 0.63726 0.11278
vt 0.63715 0.1128
vt 0.6371 0.11315
vt 0.63716 0.11331
vt 0.6367 0.11297
vt 0.63662 0.11301
vt 0.63688 0.11289
vt 0.63678 0.11293
vt 0.63686 0.11327
vt 0.63697 0.11342
vt 0.63639 0.11313
vt 0.63633 0.11318
vt 0.63654 0.11304
vt 0.63646 0.11308
vt 0.63667 0.11341
vt 0.63683 0.11354
vt 0.63615 0.11332
vt 0.6361 0.11337
vt 0.63626 0.11322
vt 0.6362 0.11327
vt 0.63652 0.11356
vt 0.63674 0.11367
vt 0.63598 0.11353
vt 0.63595 0.11359
vt 0.63605 0.11343
vt 0.63601 0.11348
vt 0.63644 0.11373
vt 0.63669 0.11381
vt 0.63588 0.11375
vt 0.63588 0.11381
vt 0.63592 0.11364
vt 0.63589 0.1137
vt 0.63642 0.11389
vt 0.6367 0.11395
vt 0.63588 0.11398
vt 0.63589 0.11403
vt 0.63587 0.11387
vt 0.63586 0.11392
vt 0.63646 0.11406
vt 0.63676 0.11408
vt 0.63595 0.11419
vt 0.63598 0.11425
vt 0.6359 0.11409
vt 0.63592 0.11414
vt 0.63656 0.11421
vt 0.63687 0.1142
vt 0.6361 0.1144
vt 0.63616 0.11444
vt 0.63602 0.1143
vt 0.63605 0.11435
vt 0.63672 0.11435
vt 0.63702 0.11431
vt 0.63633 0.11458
vt 0.6364 0.11462
vt 0.63621 0.11449
vt 0.63626 0.11454
vt 0.63692 0.11447
vt 0.63721 0.1144
vt 0.63663 0.11473
vt 0.63671 0.11476
vt 0.63647 0.11466
vt 0.63654 0.11469
vt 0.63718 0.11456
vt 0.63744 0.11447
vt 0.63698 0.11484
vt 0.63707 0.11486
vt 0.6368 0.11479
vt 0.63688 0.11482
vt 0.63746 0.11463
vt 0.63768 0.11451
vt 0.63737 0.11492
vt 0.63747 0.11493
vt 0.63717 0.11488
vt 0.63726 0.11491
vt 0.63777 0.11466
vt 0.63795 0.11452
vt 0.63778 0.11495
vt 0.63789 0.11495
vt 0.63757 0.11494
vt 0.63767 0.11495
vt 0.63809 0.11466
vt 0.63821 0.11451
vt 0.63821 0.11494
vt 0.63831 0.11493
vt 0.63799 0.11495
vt 0.6381 0.11495
vt 0.6384 0.11463
vt 0.63847 0.11447
vt 0.63863 0.11488
vt 0.63873 0.11486
vt 0.63842 0.11492
vt 0.63853 0.11491
vt 0.6387 0.11456
vt 0.63871 0.1144
vt 0.63902 0.11479
vt 0.63912 0.11476
vt 0.63883 0.11484
vt 0.63893 0.11482
vt 0.63898 0.11447
vt 0.63893 0.11431
vt 0.63938 0.11466
vt 0.63946 0.11462
vt 0.63921 0.11473
vt 0.6393 0.11469
vt 0.63922 0.11435
vt 0.63911 0.1142
vt 0.63969 0.11449
vt 0.63976 0.11444
vt 0.63954 0.11458
vt 0.63963 0.11454
vt 0.63942 0.11421
vt 0.63925 0.11408
vt 0.63994 0.1143
vt 0.63998 0.11425
vt 0.63982 0.1144
vt 0.63989 0.11435
vt 0.63956 0.11406
vt 0.63935 0.11395
vt 0.64011 0.11409
vt 0.64014 0.11403
vt 0.64003 0.11419
vt 0.64008 0.11414
vt 0.63964 0.11389
vt 0.6402 0.11387
vt 0.64016 0.11398
vt 0.64019 0.11392
vt 0.8084 0.31183
vt 0.80204 0.31193
vt 0.80238 0.31247
vt 0.80871 0.31232
vt 0.80275 0.313
vt 0.80902 0.31281
vt 0.79051 0.31213
vt 0.79091 0.31275
vt 0.79133 0.31338
vt 0.81159 0.31226
vt 0.81132 0.31179
vt 0.81276 0.31225
vt 0.81252 0.31179
vt 0.81188 0.31273
vt 0.81301 0.31271
vt 0.81106 0.31132
vt 0.80811 0.31133
vt 0.81082 0.31084
vt 0.80783 0.31084
vt 0.81229 0.31132
vt 0.81207 0.31085
vt 0.80171 0.31139
vt 0.79014 0.31152
vt 0.8014 0.31086
vt 0.78978 0.3109
vt 0.82723 0.28231
vt 0.82349 0.27872
vt 0.82316 0.27903
vt 0.82694 0.28257
vt 0.82284 0.27933
vt 0.82665 0.28282
vt 0.81651 0.2721
vt 0.81612 0.27249
vt 0.81573 0.27288
vt 0.82854 0.2841
vt 0.82882 0.28387
vt 0.82906 0.28464
vt 0.82932 0.28442
vt 0.82827 0.28433
vt 0.82879 0.28486
vt 0.82909 0.28364
vt 0.82752 0.28206
vt 0.82936 0.28342
vt 0.8278 0.2818
vt 0.82959 0.28421
vt 0.82985 0.28399
vt 0.82381 0.27842
vt 0.81689 0.27171
vt 0.82413 0.27812
vt 0.81727 0.27133
vt 0.80791 0.30038
vt 0.80146 0.29965
vt 0.80115 0.30014
vt 0.80764 0.30084
vt 0.78985 0.29833
vt 0.7895 0.29889
vt 0.81068 0.30116
vt 0.81093 0.30071
vt 0.812 0.30129
vt 0.81223 0.30084
vt 0.8112 0.30026
vt 0.80821 0.29992
vt 0.81149 0.29982
vt 0.80853 0.29946
vt 0.81248 0.3004
vt 0.81274 0.29996
vt 0.80179 0.29915
vt 0.79022 0.29776
vt 0.80214 0.29866
vt 0.79062 0.2972
vt 0.80734 0.30985
vt 0.80084 0.30979
vt 0.80111 0.31032
vt 0.80757 0.31034
vt 0.78915 0.30969
vt 0.78946 0.31029
vt 0.81059 0.31036
vt 0.81037 0.30989
vt 0.81187 0.31038
vt 0.81168 0.30992
vt 0.81018 0.30942
vt 0.80712 0.30936
vt 0.81 0.30894
vt 0.80692 0.30887
vt 0.81151 0.30945
vt 0.81135 0.30898
vt 0.80059 0.30926
vt 0.78888 0.30909
vt 0.80037 0.30873
vt 0.78863 0.30849
vt 0.82431 0.33013
vt 0.82016 0.33324
vt 0.82044 0.33358
vt 0.82456 0.33042
vt 0.82072 0.33392
vt 0.82482 0.33071
vt 0.81242 0.33897
vt 0.81276 0.3394
vt 0.81309 0.33983
vt 0.82631 0.32904
vt 0.82607 0.32878
vt 0.82688 0.32854
vt 0.82664 0.32829
vt 0.82655 0.3293
vt 0.82711 0.32878
vt 0.82583 0.32851
vt 0.82405 0.32985
vt 0.82558 0.32825
vt 0.8238 0.32956
vt 0.8264 0.32804
vt 0.82616 0.3278
vt 0.81987 0.3329
vt 0.81209 0.33853
vt 0.81958 0.33255
vt 0.81174 0.3381
vt 0.80921 0.29855
vt 0.80291 0.29767
vt 0.80252 0.29816
vt 0.80886 0.299
vt 0.7915 0.29606
vt 0.79105 0.29663
vt 0.81179 0.29938
vt 0.81211 0.29894
vt 0.81301 0.29952
vt 0.8133 0.29909
vt 0.81243 0.2985
vt 0.80958 0.2981
vt 0.81277 0.29807
vt 0.80995 0.29765
vt 0.81359 0.29865
vt 0.8139 0.29823
vt 0.80332 0.29718
vt 0.79196 0.2955
vt 0.80374 0.29669
vt 0.79245 0.29493
vt 0.8066 0.3079
vt 0.80001 0.30769
vt 0.80018 0.30821
vt 0.80675 0.30838
vt 0.78823 0.30732
vt 0.78841 0.30791
vt 0.80985 0.30847
vt 0.80971 0.308
vt 0.81121 0.30852
vt 0.81109 0.30805
vt 0.8096 0.30753
vt 0.80647 0.30741
vt 0.80952 0.30707
vt 0.80638 0.30693
vt 0.811 0.30759
vt 0.81092 0.30713
vt 0.79988 0.30717
vt 0.78807 0.30674
vt 0.79977 0.30666
vt 0.78795 0.30617
vt 0.82326 0.32897
vt 0.81899 0.33186
vt 0.81929 0.33221
vt 0.82353 0.32926
vt 0.81104 0.33722
vt 0.81139 0.33766
vt 0.82533 0.32799
vt 0.82508 0.32772
vt 0.82592 0.32755
vt 0.82566 0.32729
vt 0.82482 0.32745
vt 0.82299 0.32867
vt 0.82455 0.32718
vt 0.82271 0.32837
vt 0.8254 0.32704
vt 0.82514 0.32678
vt 0.81869 0.33151
vt 0.81068 0.33677
vt 0.81838 0.33115
vt 0.81031 0.33631
vt 0.81073 0.29676
vt 0.80463 0.29572
vt 0.80418 0.2962
vt 0.81034 0.2972
vt 0.79348 0.29379
vt 0.79296 0.29436
vt 0.81312 0.29764
vt 0.81347 0.29722
vt 0.81421 0.2978
vt 0.81453 0.29738
vt 0.81384 0.2968
vt 0.81113 0.29633
vt 0.8142 0.29639
vt 0.81154 0.2959
vt 0.81486 0.29697
vt 0.81519 0.29656
vt 0.80508 0.29524
vt 0.79401 0.29322
vt 0.80555 0.29476
vt 0.79455 0.29266
vt 0.80627 0.30598
vt 0.79964 0.30564
vt 0.79969 0.30615
vt 0.80631 0.30645
vt 0.78781 0.30503
vt 0.78786 0.3056
vt 0.80946 0.3066
vt 0.80942 0.30614
vt 0.81087 0.30667
vt 0.81084 0.30622
vt 0.80941 0.30568
vt 0.80626 0.3055
vt 0.80943 0.30522
vt 0.80627 0.30503
vt 0.81083 0.30576
vt 0.81085 0.30531
vt 0.79963 0.30513
vt 0.78779 0.30447
vt 0.79964 0.30463
vt 0.78781 0.3039
vt 0.82214 0.32776
vt 0.81774 0.33042
vt 0.81806 0.33079
vt 0.82243 0.32807
vt 0.80954 0.33538
vt 0.80993 0.33585
vt 0.82428 0.3269
vt 0.824 0.32662
vt 0.82486 0.32651
vt 0.82458 0.32625
vt 0.82371 0.32634
vt 0.82184 0.32745
vt 0.82342 0.32605
vt 0.82154 0.32713
vt 0.8243 0.32598
vt 0.82401 0.3257
vt 0.81741 0.33005
vt 0.80914 0.3349
vt 0.81708 0.32967
vt 0.80873 0.33441
vt 0.81237 0.29505
vt 0.80649 0.29382
vt 0.80602 0.29429
vt 0.81196 0.29547
vt 0.79567 0.29153
vt 0.79511 0.29209
vt 0.81457 0.29598
vt 0.81495 0.29558
vt 0.81553 0.29615
vt 0.81587 0.29575
vt 0.81532 0.29518
vt 0.81279 0.29463
vt 0.8157 0.29479
vt 0.81321 0.29423
vt 0.81621 0.29536
vt 0.81656 0.29498
vt 0.80697 0.29335
vt 0.79624 0.29097
vt 0.80745 0.29289
vt 0.79681 0.2904
vt 0.82092 0.32648
vt 0.81638 0.3289
vt 0.81673 0.32929
vt 0.82123 0.32681
vt 0.80789 0.33341
vt 0.80832 0.33391
vt 0.82312 0.32576
vt 0.82282 0.32546
vt 0.82371 0.32542
vt 0.8234 0.32514
vt 0.82252 0.32517
vt 0.8206 0.32616
vt 0.82221 0.32486
vt 0.82028 0.32583
vt 0.8231 0.32485
vt 0.82279 0.32456
vt 0.81603 0.32851
vt 0.80746 0.3329
vt 0.81567 0.32811
vt 0.80701 0.33238
vt 0.81404 0.29343
vt 0.80842 0.29199
vt 0.80794 0.29244
vt 0.81363 0.29382
vt 0.79797 0.28929
vt 0.79739 0.28985
vt 0.81608 0.29441
vt 0.81646 0.29404
vt 0.81691 0.2946
vt 0.81726 0.29423
vt 0.81683 0.29367
vt 0.81446 0.29304
vt 0.81721 0.29331
vt 0.81488 0.29266
vt 0.81761 0.29387
vt 0.81796 0.29351
vt 0.8089 0.29154
vt 0.79855 0.28874
vt 0.80938 0.2911
vt 0.79913 0.28819
vt 0.81963 0.32516
vt 0.81493 0.32731
vt 0.8153 0.32771
vt 0.81996 0.32549
vt 0.80611 0.33133
vt 0.80657 0.33186
vt 0.82189 0.32456
vt 0.82158 0.32425
vt 0.82247 0.32427
vt 0.82216 0.32397
vt 0.82126 0.32394
vt 0.8193 0.32481
vt 0.82094 0.32363
vt 0.81896 0.32447
vt 0.82184 0.32367
vt 0.82152 0.32337
vt 0.81455 0.3269
vt 0.80564 0.33079
vt 0.81417 0.32648
vt 0.80517 0.33025
vt 0.81571 0.29191
vt 0.81034 0.29023
vt 0.80986 0.29066
vt 0.81529 0.29228
vt 0.8003 0.28709
vt 0.79972 0.28764
vt 0.81759 0.29296
vt 0.81796 0.29261
vt 0.81831 0.29316
vt 0.81867 0.29282
vt 0.81834 0.29227
vt 0.81612 0.29155
vt 0.81871 0.29194
vt 0.81652 0.29119
vt 0.81902 0.29249
vt 0.81937 0.29216
vt 0.81081 0.28981
vt 0.80089 0.28655
vt 0.81129 0.28939
vt 0.80147 0.28601
vt 0.81828 0.32377
vt 0.8134 0.32564
vt 0.81379 0.32606
vt 0.81862 0.32412
vt 0.80422 0.32914
vt 0.8047 0.3297
vt 0.82062 0.32331
vt 0.8203 0.32299
vt 0.8212 0.32307
vt 0.82088 0.32276
vt 0.81997 0.32267
vt 0.81794 0.32342
vt 0.81965 0.32234
vt 0.81759 0.32306
vt 0.82056 0.32244
vt 0.82024 0.32212
vt 0.81301 0.32521
vt 0.80373 0.32858
vt 0.81261 0.32478
vt 0.80324 0.32802
vt 0.81733 0.29049
vt 0.81222 0.28856
vt 0.81176 0.28897
vt 0.81693 0.29083
vt 0.80264 0.28495
vt 0.80206 0.28548
vt 0.81908 0.29161
vt 0.81945 0.29129
vt 0.81973 0.29184
vt 0.82008 0.29153
vt 0.81982 0.29097
vt 0.81773 0.29015
vt 0.82019 0.29066
vt 0.81813 0.28981
vt 0.82044 0.29122
vt 0.82079 0.29092
vt 0.81269 0.28816
vt 0.80321 0.28442
vt 0.81315 0.28776
vt 0.80379 0.2839
vt 0.8169 0.32233
vt 0.81181 0.32391
vt 0.81221 0.32435
vt 0.81724 0.3227
vt 0.80224 0.32687
vt 0.80274 0.32744
vt 0.81932 0.32201
vt 0.81899 0.32167
vt 0.81992 0.3218
vt 0.8196 0.32148
vt 0.81867 0.32133
vt 0.81654 0.32196
vt 0.81834 0.32099
vt 0.81619 0.32158
vt 0.81928 0.32114
vt 0.81897 0.32081
vt 0.8114 0.32346
vt 0.80174 0.32629
vt 0.811 0.32302
vt 0.80124 0.3257
vt 0.81892 0.28915
vt 0.81407 0.28697
vt 0.81361 0.28736
vt 0.81853 0.28948
vt 0.80493 0.28287
vt 0.80436 0.28338
vt 0.82056 0.29036
vt 0.82093 0.29006
vt 0.82115 0.29062
vt 0.8215 0.29033
vt 0.82129 0.28977
vt 0.81931 0.28883
vt 0.82165 0.28948
vt 0.8197 0.28852
vt 0.82186 0.29005
vt 0.82222 0.28977
vt 0.81452 0.28658
vt 0.8055 0.28236
vt 0.81497 0.2862
vt 0.80606 0.28185
vt 0.81548 0.32081
vt 0.81018 0.3221
vt 0.81059 0.32256
vt 0.81584 0.3212
vt 0.80022 0.32452
vt 0.80073 0.32511
vt 0.81801 0.32063
vt 0.81768 0.32028
vt 0.81865 0.32046
vt 0.81834 0.32012
vt 0.81735 0.31991
vt 0.81512 0.32042
vt 0.81702 0.31954
vt 0.81476 0.32002
vt 0.81802 0.31976
vt 0.81771 0.3194
vt 0.80976 0.32164
vt 0.79971 0.32392
vt 0.80934 0.32117
vt 0.79919 0.32332
vt 0.82047 0.28789
vt 0.81585 0.28544
vt 0.81541 0.28582
vt 0.82009 0.2882
vt 0.80717 0.28085
vt 0.80662 0.28135
vt 0.82202 0.28919
vt 0.82238 0.28891
vt 0.82257 0.28949
vt 0.82293 0.28922
vt 0.82274 0.28863
vt 0.82085 0.28758
vt 0.8231 0.28836
vt 0.82123 0.28728
vt 0.82328 0.28895
vt 0.82364 0.28868
vt 0.81629 0.28507
vt 0.80771 0.28036
vt 0.81672 0.2847
vt 0.80825 0.27987
vt 0.81404 0.3192
vt 0.80851 0.32021
vt 0.80893 0.32069
vt 0.8144 0.31962
vt 0.79817 0.32211
vt 0.79868 0.32272
vt 0.81669 0.31917
vt 0.81636 0.31878
vt 0.8174 0.31903
vt 0.81709 0.31866
vt 0.81603 0.31839
vt 0.81367 0.31879
vt 0.8157 0.318
vt 0.81331 0.31836
vt 0.81678 0.31828
vt 0.81647 0.31789
vt 0.80808 0.31973
vt 0.79765 0.3215
vt 0.80766 0.31924
vt 0.79714 0.32088
vt 0.82198 0.28668
vt 0.81758 0.28398
vt 0.81715 0.28434
vt 0.82161 0.28698
vt 0.80931 0.27891
vt 0.80878 0.27939
vt 0.82345 0.28809
vt 0.82381 0.28782
vt 0.82399 0.28842
vt 0.82434 0.28816
vt 0.82416 0.28755
vt 0.82235 0.28639
vt 0.8245 0.28729
vt 0.82271 0.2861
vt 0.82469 0.28791
vt 0.82504 0.28766
vt 0.81799 0.28362
vt 0.80983 0.27844
vt 0.81841 0.28327
vt 0.81034 0.27797
vt 0.81257 0.31749
vt 0.80681 0.31824
vt 0.80724 0.31874
vt 0.81294 0.31793
vt 0.79611 0.31964
vt 0.79662 0.32027
vt 0.81537 0.31759
vt 0.81504 0.31718
vt 0.81617 0.31749
vt 0.81586 0.31709
vt 0.81471 0.31676
vt 0.81221 0.31705
vt 0.81438 0.31634
vt 0.81184 0.3166
vt 0.81556 0.31668
vt 0.81526 0.31626
vt 0.80639 0.31774
vt 0.7956 0.31902
vt 0.80597 0.31723
vt 0.7951 0.3184
vt 0.82342 0.28552
vt 0.81921 0.28257
vt 0.81881 0.28292
vt 0.82307 0.28581
vt 0.81133 0.27706
vt 0.81084 0.27751
vt 0.82485 0.28703
vt 0.82519 0.28677
vt 0.82538 0.28741
vt 0.82572 0.28716
vt 0.82552 0.28651
vt 0.82377 0.28524
vt 0.82585 0.28626
vt 0.82412 0.28496
vt 0.82606 0.28692
vt 0.82639 0.28667
vt 0.81961 0.28223
vt 0.81182 0.27661
vt 0.81999 0.28189
vt 0.81229 0.27617
vt 0.81111 0.31568
vt 0.80513 0.31619
vt 0.80555 0.31671
vt 0.81147 0.31614
vt 0.7941 0.31714
vt 0.7946 0.31777
vt 0.81406 0.31591
vt 0.81373 0.31547
vt 0.81496 0.31584
vt 0.81467 0.31541
vt 0.81341 0.31503
vt 0.81075 0.31521
vt 0.81309 0.31458
vt 0.81039 0.31474
vt 0.81438 0.31497
vt 0.8141 0.31453
vt 0.80471 0.31567
vt 0.79361 0.31652
vt 0.8043 0.31514
vt 0.79313 0.31589
vt 0.82479 0.28441
vt 0.82075 0.28123
vt 0.82037 0.28156
vt 0.82446 0.28468
vt 0.81321 0.27531
vt 0.81275 0.27574
vt 0.82617 0.28601
vt 0.82649 0.28576
vt 0.82671 0.28644
vt 0.82703 0.2862
vt 0.8268 0.28552
vt 0.82511 0.28413
vt 0.82711 0.28527
vt 0.82543 0.28387
vt 0.82734 0.28597
vt 0.82764 0.28574
vt 0.82111 0.2809
vt 0.81365 0.27489
vt 0.82147 0.28058
vt 0.81408 0.27448
vt 0.80638 0.30409
vt 0.79977 0.30362
vt 0.79969 0.30412
vt 0.80631 0.30456
vt 0.78795 0.30279
vt 0.78786 0.30334
vt 0.80947 0.30477
vt 0.80953 0.30431
vt 0.81089 0.30486
vt 0.81095 0.30441
vt 0.80962 0.30386
vt 0.80648 0.30362
vt 0.81103 0.30396
vt 0.79988 0.30312
vt 0.78807 0.30223
vt 0.80969 0.31378
vt 0.80351 0.31408
vt 0.8039 0.31461
vt 0.81004 0.31426
vt 0.7922 0.31463
vt 0.79266 0.31526
vt 0.81278 0.31412
vt 0.81247 0.31366
vt 0.81381 0.31408
vt 0.81354 0.31363
vt 0.81217 0.3132
vt 0.80935 0.3133
vt 0.81327 0.31317
vt 0.80312 0.31354
vt 0.79176 0.314
vt 0.82605 0.28334
vt 0.82217 0.27995
vt 0.82182 0.28026
vt 0.82574 0.2836
vt 0.81492 0.27367
vt 0.81451 0.27407
vt 0.82741 0.28504
vt 0.8277 0.2848
vt 0.82794 0.28552
vt 0.82823 0.2853
vt 0.82799 0.28457
vt 0.82635 0.28308
vt 0.82851 0.28508
vt 0.8225 0.27964
vt 0.81533 0.27327
vt 0.91505 0.62864
vt 0.91784 0.63263
vt 0.93228 0.62919
vt 0.92944 0.62517
vt 0.93696 0.62804
vt 0.93408 0.624
vt 0.92046 0.63643
vt 0.93496 0.63304
vt 0.93969 0.6319
vt 0.92645 0.62098
vt 0.91212 0.62449
vt 0.92332 0.61662
vt 0.90905 0.62017
vt 0.93105 0.6198
vt 0.92788 0.61543
vt 0.87834 0.63266
vt 0.88118 0.63672
vt 0.87535 0.62843
vt 0.88388 0.64062
vt 0.88643 0.64434
vt 0.88318 0.98972
vt 0.88301 0.99221
vt 0.89725 0.99212
vt 0.89742 0.98965
vt 0.90188 0.99209
vt 0.90204 0.98964
vt 0.88285 0.99466
vt 0.89711 0.99456
vt 0.90174 0.99451
vt 0.89762 0.98711
vt 0.88339 0.98717
vt 0.89787 0.98447
vt 0.88365 0.98452
vt 0.90223 0.98711
vt 0.90248 0.98448
vt 0.84993 0.98735
vt 0.8497 0.98991
vt 0.85021 0.9847
vt 0.84952 0.99241
vt 0.84935 0.99488
vt 0.9378 0.70141
vt 0.93714 0.70551
vt 0.95178 0.70252
vt 0.95247 0.69838
vt 0.95659 0.70156
vt 0.95731 0.69738
vt 0.93641 0.70983
vt 0.95101 0.7069
vt 0.95578 0.70598
vt 0.95307 0.69446
vt 0.93837 0.69755
vt 0.95358 0.69076
vt 0.93885 0.6939
vt 0.95794 0.69342
vt 0.95847 0.68969
vt 0.904 0.70475
vt 0.90347 0.70853
vt 0.90445 0.70118
vt 0.90285 0.71253
vt 0.90216 0.71675
vt 0.92522 0.64351
vt 0.92734 0.64679
vt 0.942 0.64351
vt 0.93983 0.64019
vt 0.94686 0.64243
vt 0.94465 0.63909
vt 0.92929 0.64991
vt 0.944 0.64666
vt 0.9489 0.6456
vt 0.93748 0.6367
vt 0.92293 0.64006
vt 0.94225 0.63558
vt 0.88881 0.6479
vt 0.89103 0.65128
vt 0.89309 0.6545
vt 0.89498 0.65756
vt 0.75591 0.40385
vt 0.75716 0.40609
vt 0.77013 0.40024
vt 0.76889 0.39801
vt 0.77432 0.39832
vt 0.7731 0.3961
vt 0.7585 0.40839
vt 0.77146 0.40254
vt 0.77564 0.40061
vt 0.76772 0.39583
vt 0.75472 0.40166
vt 0.76657 0.39367
vt 0.75356 0.39949
vt 0.77194 0.39393
vt 0.77081 0.39179
vt 0.72416 0.41537
vt 0.72537 0.41757
vt 0.72299 0.41319
vt 0.72664 0.4198
vt 0.72799 0.42209
vt 0.93472 0.71916
vt 0.93377 0.72416
vt 0.94826 0.72141
vt 0.94924 0.71635
vt 0.95294 0.72057
vt 0.95395 0.71549
vt 0.93277 0.72936
vt 0.94722 0.72667
vt 0.95187 0.72586
vt 0.95016 0.71152
vt 0.9356 0.71438
vt 0.9549 0.71062
vt 0.90139 0.7212
vt 0.90055 0.72586
vt 0.89964 0.73074
vt 0.89868 0.73582
vt 0.93266 0.65569
vt 0.93409 0.65839
vt 0.9489 0.6552
vt 0.94745 0.65249
vt 0.95389 0.65418
vt 0.95241 0.65146
vt 0.93535 0.661
vt 0.95019 0.65781
vt 0.95519 0.65679
vt 0.94581 0.64965
vt 0.93106 0.65287
vt 0.95075 0.64861
vt 0.8967 0.66047
vt 0.89825 0.66325
vt 0.89964 0.66592
vt 0.90087 0.6685
vt 0.76156 0.41327
vt 0.7633 0.4159
vt 0.77624 0.4101
vt 0.77451 0.40744
vt 0.78041 0.40822
vt 0.77868 0.40554
vt 0.76518 0.4187
vt 0.77813 0.41293
vt 0.78229 0.41107
vt 0.77292 0.40493
vt 0.75996 0.41077
vt 0.77709 0.40301
vt 0.72946 0.42446
vt 0.73106 0.42693
vt 0.73279 0.42953
vt 0.73466 0.43228
vt 0.93061 0.74038
vt 0.92946 0.74616
vt 0.94382 0.74364
vt 0.945 0.7378
vt 0.94838 0.74288
vt 0.94958 0.73702
vt 0.92827 0.75212
vt 0.94261 0.74966
vt 0.94714 0.74892
vt 0.94613 0.73214
vt 0.93171 0.73477
vt 0.95075 0.73135
vt 0.89766 0.7411
vt 0.8966 0.74657
vt 0.89549 0.75222
vt 0.89434 0.75803
vt 0.93737 0.66599
vt 0.93814 0.66844
vt 0.953 0.66523
vt 0.95223 0.66279
vt 0.95802 0.66416
vt 0.95725 0.66175
vt 0.93876 0.67089
vt 0.95361 0.66766
vt 0.95863 0.66657
vt 0.95129 0.66033
vt 0.93645 0.66352
vt 0.95631 0.6593
vt 0.90194 0.67102
vt 0.90286 0.67348
vt 0.90362 0.67593
vt 0.90423 0.67839
vt 0.76944 0.42489
vt 0.77179 0.42828
vt 0.78475 0.42262
vt 0.78239 0.41919
vt 0.78889 0.42082
vt 0.78653 0.41737
vt 0.7743 0.43186
vt 0.78727 0.42624
vt 0.7914 0.42447
vt 0.78018 0.41596
vt 0.76723 0.4217
vt 0.78433 0.41412
vt 0.73669 0.43523
vt 0.73887 0.43836
vt 0.74121 0.44167
vt 0.74368 0.44518
vt 0.92581 0.76452
vt 0.92454 0.77094
vt 0.9388 0.76866
vt 0.94009 0.76218
vt 0.94328 0.76796
vt 0.94459 0.76147
vt 0.92324 0.77748
vt 0.93748 0.77527
vt 0.94195 0.77459
vt 0.94137 0.75584
vt 0.92706 0.75825
vt 0.94588 0.75512
vt 0.89316 0.764
vt 0.89194 0.77012
vt 0.8907 0.77637
vt 0.88943 0.78275
vt 0.77977 0.43961
vt 0.78271 0.44377
vt 0.79571 0.43829
vt 0.79275 0.43408
vt 0.79983 0.43658
vt 0.79688 0.43235
vt 0.78579 0.4481
vt 0.79881 0.44267
vt 0.80293 0.44099
vt 0.78994 0.43007
vt 0.77696 0.43564
vt 0.79407 0.42832
vt 0.7463 0.44887
vt 0.74907 0.45274
vt 0.75196 0.45679
vt 0.75498 0.46101
vt 0.92059 0.79092
vt 0.91924 0.79777
vt 0.93343 0.79577
vt 0.9348 0.78884
vt 0.93787 0.79514
vt 0.93924 0.78819
vt 0.91787 0.80471
vt 0.93206 0.80278
vt 0.93649 0.80217
vt 0.93615 0.782
vt 0.92192 0.78415
vt 0.9406 0.78134
vt 0.88814 0.78924
vt 0.88683 0.79583
vt 0.8855 0.80251
vt 0.88416 0.80926
vt 0.79232 0.45728
vt 0.79577 0.4621
vt 0.80885 0.45684
vt 0.80538 0.45196
vt 0.81297 0.45522
vt 0.8095 0.45031
vt 0.79932 0.46708
vt 0.81243 0.46187
vt 0.81655 0.46027
vt 0.80203 0.44723
vt 0.789 0.45261
vt 0.80615 0.44557
vt 0.75813 0.4654
vt 0.76139 0.46995
vt 0.76476 0.47464
vt 0.76824 0.47948
vt 0.91512 0.81876
vt 0.91373 0.82585
vt 0.92789 0.82415
vt 0.92928 0.81699
vt 0.9323 0.8236
vt 0.9337 0.81641
vt 0.91234 0.83295
vt 0.92649 0.83133
vt 0.9309 0.8308
vt 0.93067 0.80986
vt 0.9165 0.81171
vt 0.9351 0.80926
vt 0.88281 0.81608
vt 0.88145 0.82294
vt 0.88008 0.82983
vt 0.87871 0.83674
vt 0.80672 0.47743
vt 0.81055 0.48278
vt 0.82375 0.47777
vt 0.81989 0.47235
vt 0.82789 0.47623
vt 0.82402 0.47079
vt 0.81446 0.48825
vt 0.82769 0.4833
vt 0.83184 0.48178
vt 0.81611 0.46705
vt 0.80297 0.47219
vt 0.82024 0.46547
vt 0.77181 0.48445
vt 0.77548 0.48954
vt 0.77923 0.49475
vt 0.78305 0.50006
vt 0.90956 0.84715
vt 0.90818 0.85422
vt 0.9223 0.85284
vt 0.92369 0.8457
vt 0.92671 0.85239
vt 0.9281 0.84521
vt 0.9068 0.86125
vt 0.92092 0.85995
vt 0.92532 0.85952
vt 0.92509 0.83852
vt 0.91095 0.84006
vt 0.9295 0.83801
vt 0.87734 0.84366
vt 0.87597 0.85056
vt 0.87461 0.85744
vt 0.87325 0.86428
vt 0.82248 0.49945
vt 0.82657 0.50517
vt 0.83991 0.50042
vt 0.83579 0.49464
vt 0.84409 0.49897
vt 0.83995 0.49316
vt 0.8307 0.51094
vt 0.84409 0.50627
vt 0.84827 0.50483
vt 0.83171 0.48893
vt 0.81844 0.49381
vt 0.83587 0.48743
vt 0.78694 0.50546
vt 0.79088 0.51094
vt 0.79488 0.5165
vt 0.79892 0.52211
vt 0.90408 0.87512
vt 0.90275 0.88193
vt 0.91685 0.88086
vt 0.91819 0.87398
vt 0.92125 0.8805
vt 0.92259 0.87359
vt 0.90144 0.88864
vt 0.91553 0.88765
vt 0.91994 0.88731
vt 0.91955 0.867
vt 0.90544 0.86822
vt 0.92395 0.86659
vt 0.8719 0.87106
vt 0.87057 0.87777
vt 0.86925 0.8844
vt 0.86796 0.89093
vt 0.83906 0.52262
vt 0.84327 0.5285
vt 0.85677 0.52404
vt 0.85253 0.51809
vt 0.86099 0.52267
vt 0.85673 0.5167
vt 0.84748 0.53439
vt 0.86103 0.53
vt 0.86526 0.52865
vt 0.84829 0.51216
vt 0.83487 0.51677
vt 0.85249 0.51075
vt 0.80299 0.52776
vt 0.80709 0.53346
vt 0.8112 0.53917
vt 0.81531 0.54489
vt 0.89888 0.90169
vt 0.89765 0.90802
vt 0.91173 0.90724
vt 0.91297 0.90085
vt 0.91615 0.90697
vt 0.91738 0.90056
vt 0.89644 0.91418
vt 0.91053 0.91348
vt 0.91495 0.91323
vt 0.91424 0.89432
vt 0.90015 0.89523
vt 0.91864 0.894
vt 0.86668 0.89734
vt 0.86543 0.90364
vt 0.86421 0.90979
vt 0.86302 0.9158
vt 0.8559 0.54615
vt 0.86008 0.55199
vt 0.87375 0.5478
vt 0.86952 0.54189
vt 0.87801 0.5465
vt 0.87378 0.54058
vt 0.86423 0.55779
vt 0.87794 0.55366
vt 0.88222 0.55238
vt 0.86528 0.53595
vt 0.85169 0.54028
vt 0.86952 0.53462
vt 0.81943 0.55061
vt 0.82353 0.55632
vt 0.82762 0.562
vt 0.83167 0.56764
vt 0.89415 0.926
vt 0.89306 0.93163
vt 0.90715 0.93111
vt 0.90823 0.92542
vt 0.91158 0.93092
vt 0.91266 0.92521
vt 0.89201 0.93706
vt 0.9061 0.9366
vt 0.91055 0.93643
vt 0.90936 0.91954
vt 0.89528 0.92018
vt 0.91378 0.91931
vt 0.86187 0.92164
vt 0.86074 0.92731
vt 0.85966 0.9328
vt 0.85862 0.9381
vt 0.87243 0.56922
vt 0.87645 0.57482
vt 0.89028 0.57087
vt 0.88622 0.56521
vt 0.89461 0.56963
vt 0.89053 0.56396
vt 0.88041 0.58034
vt 0.89429 0.57644
vt 0.89863 0.57521
vt 0.8821 0.55947
vt 0.86835 0.56354
vt 0.8864 0.55821
vt 0.83569 0.57322
vt 0.83967 0.57875
vt 0.8436 0.58421
vt 0.84747 0.58958
vt 0.89005 0.94728
vt 0.88915 0.95206
vt 0.90326 0.95175
vt 0.90416 0.94693
vt 0.90775 0.95163
vt 0.90863 0.94679
vt 0.88829 0.9566
vt 0.90242 0.95634
vt 0.90692 0.95624
vt 0.90511 0.94187
vt 0.89101 0.94228
vt 0.90957 0.94172
vt 0.85762 0.94319
vt 0.85667 0.94808
vt 0.85576 0.95275
vt 0.85491 0.95719
vt 0.88813 0.59107
vt 0.89187 0.59626
vt 0.90588 0.59251
vt 0.9021 0.58727
vt 0.91029 0.5913
vt 0.90648 0.58605
vt 0.89552 0.60133
vt 0.90958 0.59762
vt 0.91401 0.59641
vt 0.89823 0.58191
vt 0.88431 0.58576
vt 0.90259 0.58069
vt 0.85127 0.59485
vt 0.85499 0.60003
vt 0.85863 0.60509
vt 0.86219 0.61003
vt 0.88676 0.96496
vt 0.88608 0.96878
vt 0.90024 0.96863
vt 0.9009 0.96478
vt 0.90478 0.96858
vt 0.90543 0.96471
vt 0.88546 0.97236
vt 0.89963 0.97224
vt 0.90419 0.97221
vt 0.90163 0.96068
vt 0.8875 0.9609
vt 0.90615 0.9606
vt 0.85411 0.96141
vt 0.85336 0.96539
vt 0.85268 0.96914
vt 0.85205 0.97266
vt 0.93953 0.67592
vt 0.93971 0.67855
vt 0.95454 0.67529
vt 0.95437 0.67267
vt 0.95953 0.67415
vt 0.95938 0.67154
vt 0.93976 0.6813
vt 0.95458 0.67805
vt 0.95956 0.6769
vt 0.95406 0.67013
vt 0.93922 0.67337
vt 0.95908 0.66902
vt 0.90469 0.68088
vt 0.90501 0.68342
vt 0.90521 0.68605
vt 0.90527 0.68878
vt 0.90251 0.61105
vt 0.90584 0.61569
vt 0.92006 0.6121
vt 0.91668 0.60742
vt 0.92458 0.61091
vt 0.92117 0.60622
vt 0.91318 0.60259
vt 0.89907 0.60626
vt 0.91764 0.60139
vt 0.86564 0.61484
vt 0.869 0.61952
vt 0.87223 0.62405
vt 0.88442 0.97881
vt 0.884 0.98174
vt 0.89821 0.98168
vt 0.89861 0.97874
vt 0.9028 0.98169
vt 0.9032 0.97874
vt 0.89909 0.9756
vt 0.8849 0.97569
vt 0.90366 0.97558
vt 0.85149 0.97595
vt 0.85099 0.97903
vt 0.85056 0.98194
vt 0.93952 0.68724
vt 0.93923 0.69047
vt 0.95399 0.68729
vt 0.9543 0.68403
vt 0.95891 0.68619
vt 0.95924 0.6829
vt 0.9545 0.68095
vt 0.9397 0.68419
vt 0.95946 0.67981
vt 0.90523 0.69164
vt 0.90507 0.69464
vt 0.90481 0.69782
vt 0.04545 0.79798
vt 0.04639 0.79872
vt 0.06592 0.77806
vt 0.06478 0.7771
vt 0.04735 0.79948
vt 0.06709 0.77903
vt 0.06368 0.77615
vt 0.04453 0.79724
vt 0.0626 0.77521
vt 0.04363 0.7965
vt 0.02849 0.81577
vt 0.02922 0.81632
vt 0.02778 0.81521
vt 0.02997 0.81689
vt 0.03073 0.81746
vt 0.10187 0.87186
vt 0.1013 0.87317
vt 0.13279 0.87037
vt 0.13344 0.86878
vt 0.1007 0.87449
vt 0.1321 0.872
vt 0.13406 0.86721
vt 0.10242 0.87058
vt 0.13464 0.86567
vt 0.10293 0.86931
vt 0.07431 0.87375
vt 0.07384 0.87479
vt 0.07476 0.87272
vt 0.07336 0.87583
vt 0.07285 0.87689
vt 0.1053 0.84995
vt 0.10559 0.85089
vt 0.13745 0.8438
vt 0.13711 0.8427
vt 0.10582 0.85183
vt 0.13772 0.8449
vt 0.13672 0.84162
vt 0.10496 0.84903
vt 0.13626 0.84053
vt 0.10456 0.84811
vt 0.07665 0.8556
vt 0.07694 0.8564
vt 0.0763 0.85482
vt 0.07719 0.8572
vt 0.0774 0.858
vt 0.04936 0.80104
vt 0.05041 0.80184
vt 0.0708 0.78207
vt 0.06953 0.78104
vt 0.05148 0.80266
vt 0.07211 0.78313
vt 0.06829 0.78003
vt 0.04834 0.80026
vt 0.03152 0.81804
vt 0.03232 0.81863
vt 0.03314 0.81922
vt 0.03398 0.81983
vt 0.09944 0.87719
vt 0.09877 0.87856
vt 0.12986 0.87702
vt 0.13064 0.87532
vt 0.09809 0.87994
vt 0.12907 0.87874
vt 0.13138 0.87365
vt 0.10008 0.87583
vt 0.07233 0.87795
vt 0.07179 0.87903
vt 0.07124 0.8801
vt 0.07067 0.88119
vt 0.05372 0.80434
vt 0.05487 0.8052
vt 0.07625 0.78641
vt 0.07484 0.78529
vt 0.05605 0.80608
vt 0.0777 0.78754
vt 0.07346 0.7842
vt 0.05259 0.80349
vt 0.03484 0.82045
vt 0.03572 0.82107
vt 0.03662 0.82171
vt 0.03753 0.82236
vt 0.09666 0.88276
vt 0.09593 0.88418
vt 0.12653 0.88403
vt 0.1274 0.88225
vt 0.09518 0.88562
vt 0.12564 0.88584
vt 0.12824 0.88048
vt 0.09738 0.88134
vt 0.0701 0.88228
vt 0.06951 0.88337
vt 0.06891 0.88447
vt 0.0683 0.88558
vt 0.05848 0.80787
vt 0.05972 0.80879
vt 0.08221 0.79105
vt 0.08068 0.78987
vt 0.06098 0.80972
vt 0.08376 0.79226
vt 0.07917 0.7887
vt 0.05725 0.80697
vt 0.03846 0.82301
vt 0.0394 0.82368
vt 0.04036 0.82435
vt 0.04133 0.82504
vt 0.09365 0.88851
vt 0.09287 0.88997
vt 0.12289 0.89132
vt 0.12382 0.88948
vt 0.09208 0.89143
vt 0.12195 0.89317
vt 0.12474 0.88765
vt 0.09442 0.88706
vt 0.06769 0.88668
vt 0.06707 0.88779
vt 0.06645 0.88889
vt 0.06582 0.89
vt 0.06356 0.81162
vt 0.06487 0.81258
vt 0.08854 0.79596
vt 0.08693 0.79472
vt 0.06619 0.81355
vt 0.09017 0.79722
vt 0.08534 0.79348
vt 0.06226 0.81066
vt 0.04232 0.82573
vt 0.04331 0.82642
vt 0.04432 0.82713
vt 0.04533 0.82784
vt 0.09048 0.89437
vt 0.08967 0.89583
vt 0.11908 0.89876
vt 0.12004 0.89689
vt 0.08886 0.8973
vt 0.11811 0.90062
vt 0.121 0.89503
vt 0.09128 0.8929
vt 0.06518 0.89111
vt 0.06455 0.89221
vt 0.06391 0.89332
vt 0.06327 0.89442
vt 0.06885 0.81551
vt 0.07019 0.8165
vt 0.0951 0.80105
vt 0.09345 0.79977
vt 0.07153 0.81749
vt 0.09676 0.80234
vt 0.09181 0.79849
vt 0.06751 0.81453
vt 0.04635 0.82856
vt 0.04737 0.82928
vt 0.0484 0.83
vt 0.04944 0.83074
vt 0.08725 0.90022
vt 0.08644 0.90167
vt 0.1152 0.90618
vt 0.11617 0.90433
vt 0.08564 0.90311
vt 0.11424 0.90801
vt 0.11714 0.90248
vt 0.08806 0.89876
vt 0.06263 0.89551
vt 0.062 0.8966
vt 0.06136 0.89768
vt 0.06073 0.89876
vt 0.07421 0.81949
vt 0.07555 0.8205
vt 0.10171 0.80622
vt 0.10006 0.80493
vt 0.07688 0.8215
vt 0.10334 0.80752
vt 0.09841 0.80363
vt 0.07287 0.81849
vt 0.05047 0.83147
vt 0.05151 0.83221
vt 0.05255 0.83295
vt 0.05358 0.8337
vt 0.08405 0.90595
vt 0.08327 0.90736
vt 0.11139 0.91342
vt 0.11233 0.91163
vt 0.0825 0.90875
vt 0.11046 0.91518
vt 0.11328 0.90983
vt 0.08484 0.90454
vt 0.06011 0.89982
vt 0.05949 0.90088
vt 0.05887 0.90193
vt 0.05826 0.90297
vt 0.07953 0.8235
vt 0.08083 0.8245
vt 0.10817 0.81139
vt 0.10658 0.8101
vt 0.08212 0.8255
vt 0.10975 0.81266
vt 0.10497 0.80881
vt 0.07821 0.8225
vt 0.05462 0.83444
vt 0.05564 0.83519
vt 0.05667 0.83594
vt 0.05768 0.83669
vt 0.08098 0.91147
vt 0.08024 0.9128
vt 0.10777 0.92033
vt 0.10865 0.91864
vt 0.07952 0.91411
vt 0.1069 0.92199
vt 0.10955 0.91693
vt 0.08173 0.91012
vt 0.05766 0.90399
vt 0.05707 0.905
vt 0.05648 0.906
vt 0.05591 0.90698
vt 0.08466 0.82749
vt 0.0859 0.82848
vt 0.11433 0.81646
vt 0.11283 0.8152
vt 0.08712 0.82946
vt 0.11581 0.8177
vt 0.1113 0.81394
vt 0.0834 0.8265
vt 0.05869 0.83744
vt 0.05969 0.83819
vt 0.06068 0.83895
vt 0.06166 0.8397
vt 0.07812 0.91666
vt 0.07744 0.9179
vt 0.10443 0.92679
vt 0.10524 0.92522
vt 0.07678 0.91911
vt 0.10365 0.92833
vt 0.10606 0.92362
vt 0.07881 0.9154
vt 0.05535 0.90795
vt 0.0548 0.9089
vt 0.05426 0.90983
vt 0.05373 0.91075
vt 0.08949 0.83141
vt 0.09064 0.83237
vt 0.12003 0.82137
vt 0.11866 0.82016
vt 0.09176 0.83334
vt 0.12136 0.82258
vt 0.11725 0.81894
vt 0.08832 0.83044
vt 0.06262 0.84045
vt 0.06357 0.8412
vt 0.06451 0.84196
vt 0.06543 0.84271
vt 0.07552 0.92146
vt 0.07492 0.9226
vt 0.10146 0.93273
vt 0.10217 0.9313
vt 0.07434 0.92372
vt 0.10078 0.93414
vt 0.1029 0.92983
vt 0.07614 0.9203
vt 0.05322 0.91165
vt 0.05272 0.91254
vt 0.05223 0.9134
vt 0.05176 0.91426
vt 0.10613 0.85375
vt 0.1062 0.85474
vt 0.13817 0.8483
vt 0.13808 0.84715
vt 0.10622 0.85573
vt 0.13821 0.84948
vt 0.13793 0.84602
vt 0.106 0.85278
vt 0.07755 0.85882
vt 0.07765 0.85966
vt 0.07771 0.8605
vt 0.07772 0.86136
vt 0.09392 0.83524
vt 0.09495 0.83618
vt 0.12513 0.82612
vt 0.12392 0.82495
vt 0.09594 0.83712
vt 0.1263 0.82728
vt 0.12266 0.82377
vt 0.09286 0.83429
vt 0.06632 0.84346
vt 0.0672 0.84421
vt 0.06806 0.84496
vt 0.06889 0.84571
vt 0.07323 0.92588
vt 0.0727 0.92693
vt 0.09887 0.93818
vt 0.09949 0.93686
vt 0.07219 0.92797
vt 0.09828 0.93948
vt 0.10012 0.93551
vt 0.07378 0.92481
vt 0.0513 0.91509
vt 0.05086 0.91592
vt 0.05043 0.91673
vt 0.05 0.91753
vt 0.10611 0.85779
vt 0.10598 0.85884
vt 0.13798 0.85314
vt 0.13811 0.85189
vt 0.1058 0.85992
vt 0.1378 0.85441
vt 0.13819 0.85067
vt 0.10619 0.85675
vt 0.07768 0.86223
vt 0.0776 0.86311
vt 0.07748 0.86401
vt 0.07732 0.86492
vt 0.09782 0.83899
vt 0.0987 0.83991
vt 0.12953 0.8307
vt 0.1285 0.82957
vt 0.09954 0.84083
vt 0.1305 0.83182
vt 0.12743 0.82843
vt 0.0969 0.83806
vt 0.0697 0.84646
vt 0.07048 0.84721
vt 0.07123 0.84797
vt 0.07194 0.84872
vt 0.07121 0.93001
vt 0.07074 0.93102
vt 0.09661 0.94331
vt 0.09716 0.94204
vt 0.07026 0.93203
vt 0.09607 0.94457
vt 0.09771 0.94077
vt 0.0717 0.929
vt 0.04959 0.91832
vt 0.04919 0.91911
vt 0.04879 0.91989
vt 0.0484 0.92067
vt 0.10532 0.86214
vt 0.10502 0.86328
vt 0.13696 0.85841
vt 0.13729 0.85704
vt 0.10467 0.86444
vt 0.13658 0.8598
vt 0.13757 0.85571
vt 0.10559 0.86102
vt 0.07711 0.86585
vt 0.07687 0.86679
vt 0.0766 0.86775
vt 0.07629 0.86872
vt 0.10109 0.84266
vt 0.10179 0.84357
vt 0.1331 0.83513
vt 0.13229 0.83403
vt 0.10245 0.84448
vt 0.13385 0.83621
vt 0.13142 0.83293
vt 0.10034 0.84174
vt 0.07263 0.84947
vt 0.07327 0.85023
vt 0.07388 0.85098
vt 0.07445 0.85174
vt 0.04189 0.79505
vt 0.04276 0.79578
vt 0.06155 0.77427
vt 0.06051 0.77334
vt 0.05949 0.77242
vt 0.04104 0.79433
vt 0.05848 0.7715
vt 0.04019 0.79361
vt 0.02569 0.81357
vt 0.02638 0.81411
vt 0.02501 0.81302
vt 0.02707 0.81466
vt 0.10387 0.86684
vt 0.10342 0.86806
vt 0.13519 0.86416
vt 0.13569 0.86267
vt 0.13616 0.86122
vt 0.10429 0.86563
vt 0.07595 0.8697
vt 0.07558 0.87069
vt 0.07518 0.8717
vt 0.10361 0.84629
vt 0.10411 0.8472
vt 0.13575 0.83946
vt 0.13518 0.83838
vt 0.13454 0.8373
vt 0.10306 0.84538
vt 0.07498 0.85251
vt 0.07547 0.85327
vt 0.07591 0.85404
vt 0.78785 0.25064
vt 0.7697 0.23613
vt 0.7689 0.23704
vt 0.78718 0.25136
vt 0.76807 0.23797
vt 0.7865 0.25208
vt 0.80267 0.26407
vt 0.8032 0.26353
vt 0.80213 0.26462
vt 0.80372 0.26299
vt 0.7885 0.24993
vt 0.80423 0.26246
vt 0.78913 0.24924
vt 0.77048 0.23523
vt 0.77123 0.23434
vt 0.75115 0.31676
vt 0.72542 0.3183
vt 0.72615 0.3195
vt 0.75179 0.31774
vt 0.72692 0.32072
vt 0.75245 0.31873
vt 0.77462 0.31631
vt 0.77408 0.31553
vt 0.77519 0.3171
vt 0.77355 0.31476
vt 0.75053 0.31579
vt 0.77305 0.31399
vt 0.74995 0.31484
vt 0.72471 0.31711
vt 0.72404 0.31594
vt 0.74558 0.29977
vt 0.71917 0.29787
vt 0.71904 0.29878
vt 0.74547 0.30054
vt 0.71895 0.2997
vt 0.7454 0.30131
vt 0.7691 0.30211
vt 0.7692 0.30146
vt 0.76904 0.30276
vt 0.76934 0.30081
vt 0.74574 0.299
vt 0.76951 0.30016
vt 0.74594 0.29823
vt 0.71935 0.29695
vt 0.71958 0.29603
vt 0.78506 0.25359
vt 0.76634 0.23989
vt 0.76544 0.24088
vt 0.78431 0.25436
vt 0.76451 0.24189
vt 0.78355 0.25515
vt 0.80041 0.26633
vt 0.801 0.26575
vt 0.79981 0.26692
vt 0.80157 0.26518
vt 0.78579 0.25283
vt 0.76722 0.23892
vt 0.75384 0.32075
vt 0.72853 0.32322
vt 0.72937 0.32449
vt 0.75457 0.32177
vt 0.73024 0.32578
vt 0.75531 0.3228
vt 0.77696 0.31949
vt 0.77635 0.31869
vt 0.77757 0.3203
vt 0.77576 0.31789
vt 0.75314 0.31973
vt 0.72771 0.32196
vt 0.78195 0.25678
vt 0.76256 0.24398
vt 0.76156 0.24505
vt 0.78112 0.25762
vt 0.76052 0.24614
vt 0.78027 0.25848
vt 0.79791 0.26876
vt 0.79856 0.26814
vt 0.79725 0.2694
vt 0.79919 0.26752
vt 0.78276 0.25596
vt 0.76355 0.24292
vt 0.75684 0.3249
vt 0.73204 0.3284
vt 0.73298 0.32973
vt 0.75763 0.32595
vt 0.73392 0.33107
vt 0.75842 0.32702
vt 0.77946 0.32273
vt 0.77883 0.32192
vt 0.78011 0.32355
vt 0.77819 0.32111
vt 0.75607 0.32385
vt 0.73113 0.32708
vt 0.77852 0.26023
vt 0.75839 0.24839
vt 0.7573 0.24954
vt 0.77762 0.26112
vt 0.75619 0.2507
vt 0.77671 0.26203
vt 0.7952 0.27136
vt 0.79589 0.2707
vt 0.79449 0.27203
vt 0.79658 0.27004
vt 0.7794 0.25934
vt 0.75947 0.24726
vt 0.76005 0.32917
vt 0.73586 0.33379
vt 0.73685 0.33516
vt 0.76087 0.33025
vt 0.73785 0.33653
vt 0.7617 0.33133
vt 0.78207 0.326
vt 0.78141 0.32518
vt 0.78273 0.32682
vt 0.78076 0.32437
vt 0.75923 0.32809
vt 0.73488 0.33243
vt 0.77486 0.26388
vt 0.75392 0.25308
vt 0.75277 0.25428
vt 0.77391 0.26482
vt 0.7516 0.2555
vt 0.77296 0.26576
vt 0.79232 0.27409
vt 0.79305 0.2734
vt 0.79158 0.27479
vt 0.79378 0.27271
vt 0.77579 0.26295
vt 0.75506 0.25188
vt 0.76338 0.3335
vt 0.73987 0.33929
vt 0.74089 0.34068
vt 0.76422 0.33458
vt 0.74191 0.34206
vt 0.76507 0.33566
vt 0.78472 0.32926
vt 0.78406 0.32845
vt 0.78538 0.33007
vt 0.7834 0.32763
vt 0.76254 0.33241
vt 0.73885 0.33791
vt 0.77104 0.26768
vt 0.74925 0.25796
vt 0.74807 0.2592
vt 0.77007 0.26864
vt 0.74689 0.26044
vt 0.7691 0.26961
vt 0.78934 0.27692
vt 0.79009 0.27621
vt 0.78859 0.27764
vt 0.79084 0.2755
vt 0.772 0.26672
vt 0.75043 0.25673
vt 0.76675 0.33782
vt 0.74395 0.34481
vt 0.74497 0.34618
vt 0.76759 0.33889
vt 0.74598 0.34754
vt 0.76843 0.33995
vt 0.78736 0.33247
vt 0.7867 0.33167
vt 0.78801 0.33326
vt 0.78605 0.33087
vt 0.76591 0.33674
vt 0.74293 0.34344
vt 0.76716 0.27156
vt 0.74453 0.26294
vt 0.74336 0.26419
vt 0.7662 0.27253
vt 0.74219 0.26544
vt 0.76524 0.27351
vt 0.78632 0.27981
vt 0.78707 0.27909
vt 0.78556 0.28054
vt 0.78783 0.27836
vt 0.76813 0.27058
vt 0.74571 0.26169
vt 0.77008 0.34205
vt 0.74798 0.35023
vt 0.74897 0.35155
vt 0.77089 0.34309
vt 0.74995 0.35286
vt 0.7717 0.34411
vt 0.78993 0.33559
vt 0.7893 0.33482
vt 0.79056 0.33635
vt 0.78866 0.33404
vt 0.76926 0.34101
vt 0.74699 0.34889
vt 0.76333 0.27545
vt 0.73989 0.26792
vt 0.73875 0.26915
vt 0.76239 0.27642
vt 0.73763 0.27038
vt 0.76146 0.27738
vt 0.7833 0.28274
vt 0.78405 0.282
vt 0.78256 0.28347
vt 0.78481 0.28127
vt 0.76428 0.27448
vt 0.74103 0.26668
vt 0.77327 0.34612
vt 0.75186 0.35543
vt 0.75279 0.35668
vt 0.77404 0.34711
vt 0.7537 0.35791
vt 0.7748 0.34808
vt 0.79239 0.33858
vt 0.79179 0.33785
vt 0.79298 0.3393
vt 0.79118 0.3371
vt 0.77249 0.34513
vt 0.75091 0.35415
vt 0.75963 0.2793
vt 0.73544 0.2728
vt 0.73438 0.274
vt 0.75873 0.28025
vt 0.73333 0.27518
vt 0.75785 0.28119
vt 0.78036 0.28566
vt 0.78109 0.28493
vt 0.77964 0.28638
vt 0.78182 0.2842
vt 0.76054 0.27834
vt 0.73653 0.27159
vt 0.77625 0.34996
vt 0.75546 0.36031
vt 0.75631 0.36148
vt 0.77696 0.35088
vt 0.75713 0.36262
vt 0.77764 0.35177
vt 0.79467 0.3414
vt 0.79412 0.34071
vt 0.79521 0.34207
vt 0.79356 0.34001
vt 0.77553 0.34903
vt 0.75459 0.35912
vt 0.75615 0.28305
vt 0.73132 0.27752
vt 0.73035 0.27866
vt 0.75532 0.28397
vt 0.72942 0.2798
vt 0.75452 0.28488
vt 0.77756 0.28855
vt 0.77824 0.28783
vt 0.77689 0.28927
vt 0.77894 0.28711
vt 0.75699 0.28212
vt 0.73231 0.27636
vt 0.77896 0.35351
vt 0.75871 0.36483
vt 0.75947 0.3659
vt 0.77959 0.35435
vt 0.7602 0.36694
vt 0.7802 0.35518
vt 0.79675 0.34402
vt 0.79625 0.34338
vt 0.79724 0.34464
vt 0.79574 0.34273
vt 0.77831 0.35265
vt 0.75793 0.36374
vt 0.74539 0.30286
vt 0.71894 0.30154
vt 0.71901 0.30247
vt 0.74546 0.30365
vt 0.71913 0.30341
vt 0.74556 0.30444
vt 0.7691 0.30473
vt 0.76904 0.30407
vt 0.76919 0.30539
vt 0.76902 0.30341
vt 0.74537 0.30209
vt 0.71892 0.30061
vt 0.75299 0.28668
vt 0.72763 0.28202
vt 0.72679 0.28312
vt 0.75226 0.28756
vt 0.72598 0.28419
vt 0.75156 0.28844
vt 0.77498 0.2914
vt 0.7756 0.29069
vt 0.77439 0.2921
vt 0.77623 0.28998
vt 0.75374 0.28579
vt 0.72851 0.28092
vt 0.78136 0.35678
vt 0.76158 0.36897
vt 0.76225 0.36996
vt 0.78192 0.35756
vt 0.76289 0.37094
vt 0.78246 0.35832
vt 0.79862 0.34645
vt 0.79817 0.34586
vt 0.79906 0.34703
vt 0.79771 0.34525
vt 0.78079 0.35598
vt 0.7609 0.36797
vt 0.7459 0.30605
vt 0.7195 0.30532
vt 0.71976 0.3063
vt 0.74614 0.30687
vt 0.72007 0.3073
vt 0.74641 0.3077
vt 0.76971 0.30743
vt 0.7695 0.30674
vt 0.76995 0.30812
vt 0.76933 0.30606
vt 0.74571 0.30524
vt 0.71929 0.30436
vt 0.75025 0.29016
vt 0.72448 0.2863
vt 0.72379 0.28733
vt 0.74965 0.29101
vt 0.72314 0.28835
vt 0.74908 0.29184
vt 0.77275 0.29418
vt 0.77327 0.29349
vt 0.77225 0.29486
vt 0.77381 0.2928
vt 0.75089 0.2893
vt 0.72521 0.28525
vt 0.78351 0.35984
vt 0.76412 0.37285
vt 0.76472 0.3738
vt 0.78402 0.36059
vt 0.76532 0.37475
vt 0.78453 0.36133
vt 0.80033 0.34876
vt 0.79991 0.34819
vt 0.80074 0.34933
vt 0.79949 0.34761
vt 0.78299 0.35908
vt 0.76351 0.3719
vt 0.74708 0.3094
vt 0.72081 0.30935
vt 0.72125 0.3104
vt 0.74747 0.31027
vt 0.72173 0.31147
vt 0.7479 0.31116
vt 0.77089 0.31026
vt 0.77055 0.30954
vt 0.77127 0.31099
vt 0.77023 0.30883
vt 0.74673 0.30854
vt 0.72042 0.30831
vt 0.74805 0.29349
vt 0.72197 0.29035
vt 0.72145 0.29132
vt 0.7476 0.2943
vt 0.72098 0.29229
vt 0.74718 0.2951
vt 0.77096 0.29688
vt 0.77136 0.29621
vt 0.7706 0.29754
vt 0.77179 0.29554
vt 0.74855 0.29267
vt 0.72253 0.28936
vt 0.79035 0.24786
vt 0.77269 0.23258
vt 0.77197 0.23346
vt 0.78975 0.24855
vt 0.80472 0.26194
vt 0.80521 0.26142
vt 0.80569 0.26091
vt 0.79095 0.24718
vt 0.80617 0.26039
vt 0.79155 0.2465
vt 0.7734 0.23171
vt 0.77411 0.23085
vt 0.74886 0.31297
vt 0.72281 0.31367
vt 0.72341 0.31479
vt 0.74939 0.3139
vt 0.77257 0.31323
vt 0.77211 0.31247
vt 0.77167 0.31173
vt 0.74836 0.31206
vt 0.72225 0.31256
vt 0.74648 0.29667
vt 0.72019 0.29418
vt 0.71986 0.29511
vt 0.74619 0.29745
vt 0.76973 0.29951
vt 0.76998 0.29886
vt 0.77027 0.2982
vt 0.74681 0.29589
vt 0.72056 0.29324
usemtl mat2
f 125/107/96 126/108/97 127/109/98
f 125/107/96 127/109/98 128/110/99
f 128/110/99 127/109/98 129/111/100
f 128/110/99 129/111/100 130/112/101
f 126/108/97 131/113/102 132/114/103
f 126/108/97 132/114/103 127/109/98
f 127/109/98 132/114/103 133/115/104
f 127/109/98 133/115/104 129/111/100
f 125/107/96 128/110/99 134/116/105
f 125/107/96 134/116/105 135/117/106
f 135/117/106 134/116/105 136/118/107
f 135/117/106 136/118/107 137/119/108
f 128/110/99 130/112/101 138/120/109
f 128/110/99 138/120/109 134/116/105
f 134/116/105 138/120/109 139/121/110
f 134/116/105 139/121/110 136/118/107
f 125/107/96 135/117/106 140/122/111
f 125/107/96 140/122/111 141/123/112
f 141/123/112 140/122/111 142/124/113
f 141/123/112 142/124/113 143/125/114
f 135/117/106 137/119/108 144/126/115
f 135/117/106 144/126/115 140/122/111
f 140/122/111 144/126/115 145/127/116
f 140/122/111 145/127/116 142/124/113
f 125/107/96 141/123/112 146/128/117
f 125/107/96 146/128/117 126/108/97
f 126/108/97 146/128/117 147/129/118
f 126/108/97 147/129/118 131/113/102
f 141/123/112 143/125/114 148/130/119
f 141/123/112 148/130/119 146/128/117
f 146/128/117 148/130/119 149/131/120
f 146/128/117 149/131/120 147/129/118
f 150/132/121 151/133/122 152/134/123
f 150/132/121 152/134/123 153/135/124
f 153/135/124 152/134/123 154/136/125
f 153/135/124 154/136/125 155/137/126
f 151/133/122 156/138/127 157/139/128
f 151/133/122 157/139/128 152/134/123
f 152/134/123 157/139/128 158/140/129
f 152/134/123 158/140/129 154/136/125
f 150/132/121 153/135/124 159/141/130
f 150/132/121 159/141/130 160/142/131
f 160/142/131 159/141/130 161/143/132
f 160/142/131 161/143/132 162/144/133
f 153/135/124 155/137/126 163/145/134
f 153/135/124 163/145/134 159/141/130
f 159/141/130 163/145/134 164/146/135
f 159/141/130 164/146/135 161/143/132
f 150/132/121 160/142/131 165/147/136
f 150/132/121 165/147/136 166/148/137
f 166/148/137 165/147/136 167/149/138
f 166/148/137 167/149/138 168/150/139
f 160/142/131 162/144/133 169/151/140
f 160/142/131 169/151/140 165/147/136
f 165/147/136 169/151/140 170/152/141
f 165/147/136 170/152/141 167/149/138
f 150/132/121 166/148/137 171/153/142
f 150/132/121 171/153/142 151/133/122
f 151/133/122 171/153/142 172/154/143
f 151/133/122 172/154/143 156/138/127
f 166/148/137 168/150/139 173/155/144
f 166/148/137 173/155/144 171/153/142
f 171/153/142 173/155/144 174/156/145
f 171/153/142 174/156/145 172/154/143
f 175/157/146 176/158/147 177/159/148
f 175/157/146 177/159/148 178/160/149
f 178/160/149 177/159/148 179/161/150
f 178/160/149 179/161/150 180/162/151
f 176/158/147 181/163/152 182/164/153
f 176/158/147 182/164/153 177/159/148
f 177/159/148 182/164/153 183/165/154
f 177/159/148 183/165/154 179/161/150
f 175/157/146 178/160/149 184/166/155
f 175/157/146 184/166/155 185/167/156
f 185/167/156 184/166/155 186/168/157
f 185/167/156 186/168/157 187/169/158
f 178/160/149 180/162/151 188/170/159
f 178/160/149 188/170/159 184/166/155
f 184/166/155 188/170/159 189/171/160
f 184/166/155 189/171/160 186/168/157
f 175/157/146 185/167/156 190/172/161
f 175/157/146 190/172/161 191/173/162
f 191/173/162 190/172/161 192/174/163
f 191/173/162 192/174/163 193/175/164
f 185/167/156 187/169/158 194/176/165
f 185/167/156 194/176/165 190/172/161
f 190/172/161 194/176/165 195/177/166
f 190/172/161 195/177/166 192/174/163
f 175/157/146 191/173/162 196/178/167
f 175/157/146 196/178/167 176/158/147
f 176/158/147 196/178/167 197/179/168
f 176/158/147 197/179/168 181/163/152
f 191/173/162 193/175/164 198/180/169
f 191/173/162 198/180/169 196/178/167
f 196/178/167 198/180/169 199/181/170
f 196/178/167 199/181/170 197/179/168
f 200/182/171 201/183/172 202/184/173
f 200/182/171 202/184/173 203/185/174
f 203/185/174 202/184/173 204/186/175
f 203/185/174 204/186/175 205/187/176
f 201/183/172 206/188/177 207/189/178
f 201/183/172 207/189/178 202/184/173
f 202/184/173 207/189/178 208/190/179
f 202/184/173 208/190/179 204/186/175
f 200/182/171 203/185/174 209/191/180
f 200/182/171 209/191/180 210/192/181
f 210/192/181 209/191/180 211/193/182
f 210/192/181 211/193/182 212/194/183
f 203/185/174 205/187/176 213/195/184
f 203/185/174 213/195/184 209/191/180
f 209/191/180 213/195/184 214/196/185
f 209/191/180 214/196/185 211/193/182
f 200/182/171 210/192/181 215/197/186
f 200/182/171 215/197/186 216/198/187
f 216/198/187 215/197/186 217/199/188
f 216/198/187 217/199/188 218/200/189
f 210/192/181 212/194/183 219/201/190
f 210/192/181 219/201/190 215/197/186
f 215/197/186 219/201/190 220/202/191
f 215/197/186 220/202/191 217/199/188
f 200/182/171 216/198/187 221/203/192
f 200/182/171 221/203/192 201/183/172
f 201/183/172 221/203/192 222/204/193
f 201/183/172 222/204/193 206/188/177
f 216/198/187 218/200/189 223/205/194
f 216/198/187 223/205/194 221/203/192
f 221/203/192 223/205/194 224/206/195
f 221/203/192 224/206/195 222/204/193
f 225/207/196 226/208/197 227/209/198
f 225/207/196 227/209/198 228/210/199
f 228/210/199 227/209/198 229/211/200
f 228/210/199 229/211/200 230/212/201
f 226/208/197 162/144/133 161/143/132
f 226/208/197 161/143/132 227/209/198
f 227/209/198 161/143/132 164/146/135
f 227/209/198 164/146/135 229/211/200
f 225/207/196 228/210/199 231/213/202
f 225/207/196 231/213/202 232/214/203
f 232/214/203 231/213/202 233/215/204
f 232/214/203 233/215/204 234/216/205
f 228/210/199 230/212/201 235/217/206
f 228/210/199 235/217/206 231/213/202
f 231/213/202 235/217/206 236/218/207
f 231/213/202 236/218/207 233/215/204
f 225/207/196 232/214/203 237/219/208
f 225/207/196 237/219/208 238/220/209
f 238/220/209 237/219/208 239/221/210
f 238/220/209 239/221/210 240/222/211
f 232/214/203 234/216/205 241/223/212
f 232/214/203 241/223/212 237/219/208
f 237/219/208 241/223/212 242/224/213
f 237/219/208 242/224/213 239/221/210
f 225/207/196 238/220/209 243/225/214
f 225/207/196 243/225/214 226/208/197
f 226/208/197 243/225/214 169/151/140
f 226/208/197 169/151/140 162/144/133
f 238/220/209 240/222/211 244/226/215
f 238/220/209 244/226/215 243/225/214
f 243/225/214 244/226/215 170/152/141
f 243/225/214 170/152/141 169/151/140
f 245/227/216 246/228/217 247/229/218
f 245/227/216 247/229/218 248/230/219
f 248/230/219 247/229/218 249/231/220
f 248/230/219 249/231/220 250/232/221
f 246/228/217 187/169/158 186/168/157
f 246/228/217 186/168/157 247/229/218
f 247/229/218 186/168/157 189/171/160
f 247/229/218 189/171/160 249/231/220
f 245/227/216 248/230/219 251/233/222
f 245/227/216 251/233/222 252/234/223
f 252/234/223 251/233/222 253/235/224
f 252/234/223 253/235/224 254/236/225
f 248/230/219 250/232/221 255/237/226
f 248/230/219 255/237/226 251/233/222
f 251/233/222 255/237/226 256/238/227
f 251/233/222 256/238/227 253/235/224
f 245/227/216 252/234/223 257/239/228
f 245/227/216 257/239/228 258/240/229
f 258/240/229 257/239/228 259/241/230
f 258/240/229 259/241/230 260/242/231
f 252/234/223 254/236/225 261/243/232
f 252/234/223 261/243/232 257/239/228
f 257/239/228 261/243/232 262/244/233
f 257/239/228 262/244/233 259/241/230
f 245/227/216 258/240/229 263/245/234
f 245/227/216 263/245/234 246/228/217
f 246/228/217 263/245/234 194/176/165
f 246/228/217 194/176/165 187/169/158
f 258/240/229 260/242/231 264/246/235
f 258/240/229 264/246/235 263/245/234
f 263/245/234 264/246/235 195/177/166
f 263/245/234 195/177/166 194/176/165
f 265/247/236 266/248/237 267/249/238
f 265/247/236 267/249/238 268/250/239
f 268/250/239 267/249/238 269/251/240
f 268/250/239 269/251/240 270/252/241
f 266/248/237 212/194/183 211/193/182
f 266/248/237 211/193/182 267/249/238
f 267/249/238 211/193/182 214/196/185
f 267/249/238 214/196/185 269/251/240
f 265/247/236 268/250/239 271/253/242
f 265/247/236 271/253/242 272/254/243
f 272/254/243 271/253/242 273/255/244
f 272/254/243 273/255/244 274/256/245
f 268/250/239 270/252/241 275/257/246
f 268/250/239 275/257/246 271/253/242
f 271/253/242 275/257/246 276/258/247
f 271/253/242 276/258/247 273/255/244
f 265/247/236 272/254/243 277/259/248
f 265/247/236 277/259/248 278/260/249
f 278/260/249 277/259/248 279/261/250
f 278/260/249 279/261/250 280/262/251
f 272/254/243 274/256/245 281/263/252
f 272/254/243 281/263/252 277/259/248
f 277/259/248 281/263/252 282/264/253
f 277/259/248 282/264/253 279/261/250
f 265/247/236 278/260/249 283/265/254
f 265/247/236 283/265/254 266/248/237
f 266/248/237 283/265/254 219/201/190
f 266/248/237 219/201/190 212/194/183
f 278/260/249 280/262/251 284/266/255
f 278/260/249 284/266/255 283/265/254
f 283/265/254 284/266/255 220/202/191
f 283/265/254 220/202/191 219/201/190
f 285/267/256 286/268/257 287/269/258
f 285/267/256 287/269/258 288/270/259
f 288/270/259 287/269/258 289/271/260
f 288/270/259 289/271/260 290/272/261
f 286/268/257 254/236/225 253/235/224
f 286/268/257 253/235/224 287/269/258
f 287/269/258 253/235/224 256/238/227
f 287/269/258 256/238/227 289/271/260
f 285/267/256 288/270/259 291/273/262
f 285/267/256 291/273/262 292/274/263
f 292/274/263 291/273/262 293/275/264
f 292/274/263 293/275/264 294/276/265
f 288/270/259 290/272/261 295/277/266
f 288/270/259 295/277/266 291/273/262
f 291/273/262 295/277/266 296/278/267
f 291/273/262 296/278/267 293/275/264
f 285/267/256 292/274/263 297/279/268
f 285/267/256 297/279/268 298/280/269
f 298/280/269 297/279/268 299/281/270
f 298/280/269 299/281/270 300/282/271
f 292/274/263 294/276/265 301/283/272
f 292/274/263 301/283/272 297/279/268
f 297/279/268 301/283/272 302/284/273
f 297/279/268 302/284/273 299/281/270
f 285/267/256 298/280/269 303/285/274
f 285/267/256 303/285/274 286/268/257
f 286/268/257 303/285/274 261/243/232
f 286/268/257 261/243/232 254/236/225
f 298/280/269 300/282/271 304/286/275
f 298/280/269 304/286/275 303/285/274
f 303/285/274 304/286/275 262/244/233
f 303/285/274 262/244/233 261/243/232
f 305/287/276 306/288/277 307/289/278
f 305/287/276 307/289/278 308/290/279
f 308/290/279 307/289/278 309/291/280
f 308/290/279 309/291/280 310/292/281
f 306/288/277 274/256/245 273/255/244
f 306/288/277 273/255/244 307/289/278
f 307/289/278 273/255/244 276/258/247
f 307/289/278 276/258/247 309/291/280
f 305/287/276 308/290/279 311/293/282
f 305/287/276 311/293/282 312/294/283
f 312/294/283 311/293/282 313/295/284
f 312/294/283 313/295/284 314/296/285
f 308/290/279 310/292/281 315/297/286
f 308/290/279 315/297/286 311/293/282
f 311/293/282 315/297/286 316/298/287
f 311/293/282 316/298/287 313/295/284
f 305/287/276 312/294/283 317/299/288
f 305/287/276 317/299/288 318/300/289
f 318/300/289 317/299/288 319/301/290
f 318/300/289 319/301/290 320/302/291
f 312/294/283 314/296/285 321/303/292
f 312/294/283 321/303/292 317/299/288
f 317/299/288 321/303/292 322/304/293
f 317/299/288 322/304/293 319/301/290
f 305/287/276 318/300/289 323/305/294
f 305/287/276 323/305/294 306/288/277
f 306/288/277 323/305/294 281/263/252
f 306/288/277 281/263/252 274/256/245
f 318/300/289 320/302/291 324/306/295
f 318/300/289 324/306/295 323/305/294
f 323/305/294 324/306/295 282/264/253
f 323/305/294 282/264/253 281/263/252
f 325/307/296 326/308/297 327/309/298
f 325/307/296 327/309/298 328/310/299
f 328/310/299 327/309/298 329/311/300
f 328/310/299 329/311/300 330/312/301
f 326/308/297 294/276/265 293/275/264
f 326/308/297 293/275/264 327/309/298
f 327/309/298 293/275/264 296/278/267
f 327/309/298 296/278/267 329/311/300
f 325/307/296 328/310/299 331/313/302
f 325/307/296 331/313/302 332/314/303
f 332/314/303 331/313/302 333/315/304
f 332/314/303 333/315/304 334/316/305
f 328/310/299 330/312/301 335/317/306
f 328/310/299 335/317/306 331/313/302
f 331/313/302 335/317/306 336/318/307
f 331/313/302 336/318/307 333/315/304
f 325/307/296 332/314/303 337/319/308
f 325/307/296 337/319/308 338/320/309
f 338/320/309 337/319/308 339/321/310
f 338/320/309 339/321/310 340/322/311
f 332/314/303 334/316/305 341/323/312
f 332/314/303 341/323/312 337/319/308
f 337/319/308 341/323/312 342/324/313
f 337/319/308 342/324/313 339/321/310
f 325/307/296 338/320/309 343/325/314
f 325/307/296 343/325/314 326/308/297
f 326/308/297 343/325/314 301/283/272
f 326/308/297 301/283/272 294/276/265
f 338/320/309 340/322/311 344/326/315
f 338/320/309 344/326/315 343/325/314
f 343/325/314 344/326/315 302/284/273
f 343/325/314 302/284/273 301/283/272
f 345/327/316 346/328/317 347/329/318
f 345/327/316 347/329/318 348/330/319
f 348/330/319 347/329/318 349/331/320
f 348/330/319 349/331/320 350/332/321
f 346/328/317 314/296/285 313/295/284
f 346/328/317 313/295/284 347/329/318
f 347/329/318 313/295/284 316/298/287
f 347/329/318 316/298/287 349/331/320
f 345/327/316 348/330/319 351/333/322
f 345/327/316 351/333/322 352/334/323
f 352/334/323 351/333/322 353/335/324
f 352/334/323 353/335/324 354/336/325
f 348/330/319 350/332/321 355/337/326
f 348/330/319 355/337/326 351/333/322
f 351/333/322 355/337/326 356/338/327
f 351/333/322 356/338/327 353/335/324
f 345/327/316 352/334/323 357/339/328
f 345/327/316 357/339/328 358/340/329
f 358/340/329 357/339/328 359/341/330
f 358/340/329 359/341/330 360/342/331
f 352/334/323 354/336/325 361/343/332
f 352/334/323 361/343/332 357/339/328
f 357/339/328 361/343/332 362/344/333
f 357/339/328 362/344/333 359/341/330
f 345/327/316 358/340/329 363/345/334
f 345/327/316 363/345/334 346/328/317
f 346/328/317 363/345/334 321/303/292
f 346/328/317 321/303/292 314/296/285
f 358/340/329 360/342/331 364/346/335
f 358/340/329 364/346/335 363/345/334
f 363/345/334 364/346/335 322/304/293
f 363/345/334 322/304/293 321/303/292
f 365/347/336 366/348/337 367/349/338
f 365/347/336 367/349/338 368/350/339
f 368/350/339 367/349/338 369/351/340
f 368/350/339 369/351/340 370/352/341
f 366/348/337 334/316/305 333/315/304
f 366/348/337 333/315/304 367/349/338
f 367/349/338 333/315/304 336/318/307
f 367/349/338 336/318/307 369/351/340
f 365/347/336 368/350/339 371/353/342
f 365/347/336 371/353/342 372/354/343
f 372/354/343 371/353/342 373/355/344
f 372/354/343 373/355/344 374/356/345
f 368/350/339 370/352/341 375/357/346
f 368/350/339 375/357/346 371/353/342
f 371/353/342 375/357/346 376/358/347
f 371/353/342 376/358/347 373/355/344
f 365/347/336 372/354/343 377/359/348
f 365/347/336 377/359/348 378/360/349
f 378/360/349 377/359/348 379/361/350
f 378/360/349 379/361/350 380/362/351
f 372/354/343 374/356/345 381/363/352
f 372/354/343 381/363/352 377/359/348
f 377/359/348 381/363/352 382/364/353
f 377/359/348 382/364/353 379/361/350
f 365/347/336 378/360/349 383/365/354
f 365/347/336 383/365/354 366/348/337
f 366/348/337 383/365/354 341/323/312
f 366/348/337 341/323/312 334/316/305
f 378/360/349 380/362/351 384/366/355
f 378/360/349 384/366/355 383/365/354
f 383/365/354 384/366/355 342/324/313
f 383/365/354 342/324/313 341/323/312
f 385/367/356 386/368/357 387/369/358
f 385/367/356 387/369/358 388/370/359
f 388/370/359 387/369/358 389/371/360
f 388/370/359 389/371/360 390/372/361
f 386/368/357 354/336/325 353/335/324
f 386/368/357 353/335/324 387/369/358
f 387/369/358 353/335/324 356/338/327
f 387/369/358 356/338/327 389/371/360
f 385/367/356 388/370/359 391/373/362
f 385/367/356 391/373/362 392/374/363
f 392/374/363 391/373/362 393/375/364
f 392/374/363 393/375/364 394/376/365
f 388/370/359 390/372/361 395/377/366
f 388/370/359 395/377/366 391/373/362
f 391/373/362 395/377/366 396/378/367
f 391/373/362 396/378/367 393/375/364
f 385/367/356 392/374/363 397/379/368
f 385/367/356 397/379/368 398/380/369
f 398/380/369 397/379/368 399/381/370
f 398/380/369 399/381/370 400/382/371
f 392/374/363 394/376/365 401/383/372
f 392/374/363 401/383/372 397/379/368
f 397/379/368 401/383/372 402/384/373
f 397/379/368 402/384/373 399/381/370
f 385/367/356 398/380/369 403/385/374
f 385/367/356 403/385/374 386/368/357
f 386/368/357 403/385/374 361/343/332
f 386/368/357 361/343/332 354/336/325
f 398/380/369 400/382/371 404/386/375
f 398/380/369 404/386/375 403/385/374
f 403/385/374 404/386/375 362/344/333
f 403/385/374 362/344/333 361/343/332
f 405/387/376 406/388/377 407/389/378
f 405/387/376 407/389/378 408/390/379
f 408/390/379 407/389/378 409/391/380
f 408/390/379 409/391/380 410/392/381
f 406/388/377 374/356/345 373/355/344
f 406/388/377 373/355/344 407/389/378
f 407/389/378 373/355/344 376/358/347
f 407/389/378 376/358/347 409/391/380
f 405/387/376 408/390/379 411/393/382
f 405/387/376 411/393/382 412/394/383
f 412/394/383 411/393/382 413/395/384
f 412/394/383 413/395/384 414/396/385
f 408/390/379 410/392/381 415/397/386
f 408/390/379 415/397/386 411/393/382
f 411/393/382 415/397/386 416/398/387
f 411/393/382 416/398/387 413/395/384
f 405/387/376 412/394/383 417/399/388
f 405/387/376 417/399/388 418/400/389
f 418/400/389 417/399/388 419/401/390
f 418/400/389 419/401/390 420/402/391
f 412/394/383 414/396/385 421/403/392
f 412/394/383 421/403/392 417/399/388
f 417/399/388 421/403/392 422/404/393
f 417/399/388 422/404/393 419/401/390
f 405/387/376 418/400/389 423/405/394
f 405/387/376 423/405/394 406/388/377
f 406/388/377 423/405/394 381/363/352
f 406/388/377 381/363/352 374/356/345
f 418/400/389 420/402/391 424/406/395
f 418/400/389 424/406/395 423/405/394
f 423/405/394 424/406/395 382/364/353
f 423/405/394 382/364/353 381/363/352
f 425/407/396 426/408/397 427/409/398
f 425/407/396 427/409/398 428/410/399
f 428/410/399 427/409/398 429/411/400
f 428/410/399 429/411/400 430/412/401
f 426/408/397 394/376/365 393/375/364
f 426/408/397 393/375/364 427/409/398
f 427/409/398 393/375/364 396/378/367
f 427/409/398 396/378/367 429/411/400
f 425/407/396 428/410/399 431/413/402
f 425/407/396 431/413/402 432/414/403
f 432/414/403 431/413/402 433/415/404
f 432/414/403 433/415/404 434/416/405
f 428/410/399 430/412/401 435/417/406
f 428/410/399 435/417/406 431/413/402
f 431/413/402 435/417/406 436/418/407
f 431/413/402 436/418/407 433/415/404
f 425/407/396 432/414/403 437/419/408
f 425/407/396 437/419/408 438/420/409
f 438/420/409 437/419/408 439/421/410
f 438/420/409 439/421/410 440/422/411
f 432/414/403 434/416/405 441/423/412
f 432/414/403 441/423/412 437/419/408
f 437/419/408 441/423/412 442/424/413
f 437/419/408 442/424/413 439/421/410
f 425/407/396 438/420/409 443/425/414
f 425/407/396 443/425/414 426/408/397
f 426/408/397 443/425/414 401/383/372
f 426/408/397 401/383/372 394/376/365
f 438/420/409 440/422/411 444/426/415
f 438/420/409 444/426/415 443/425/414
f 443/425/414 444/426/415 402/384/373
f 443/425/414 402/384/373 401/383/372
f 445/427/416 446/428/417 447/429/418
f 445/427/416 447/429/418 448/430/419
f 448/430/419 447/429/418 449/431/420
f 448/430/419 449/431/420 450/432/421
f 446/428/417 414/396/385 413/395/384
f 446/428/417 413/395/384 447/429/418
f 447/429/418 413/395/384 416/398/387
f 447/429/418 416/398/387 449/431/420
f 445/427/416 448/430/419 451/433/422
f 445/427/416 451/433/422 452/434/423
f 452/434/423 451/433/422 453/435/424
f 452/434/423 453/435/424 454/436/425
f 448/430/419 450/432/421 455/437/426
f 448/430/419 455/437/426 451/433/422
f 451/433/422 455/437/426 456/438/427
f 451/433/422 456/438/427 453/435/424
f 445/427/416 452/434/423 457/439/428
f 445/427/416 457/439/428 458/440/429
f 458/440/429 457/439/428 459/441/430
f 458/440/429 459/441/430 460/442/431
f 452/434/423 454/436/425 461/443/432
f 452/434/423 461/443/432 457/439/428
f 457/439/428 461/443/432 462/444/433
f 457/439/428 462/444/433 459/441/430
f 445/427/416 458/440/429 463/445/434
f 445/427/416 463/445/434 446/428/417
f 446/428/417 463/445/434 421/403/392
f 446/428/417 421/403/392 414/396/385
f 458/440/429 460/442/431 464/446/435
f 458/440/429 464/446/435 463/445/434
f 463/445/434 464/446/435 422/404/393
f 463/445/434 422/404/393 421/403/392
f 465/447/436 466/448/437 467/449/438
f 465/447/436 467/449/438 468/450/439
f 468/450/439 467/449/438 469/451/440
f 468/450/439 469/451/440 470/452/441
f 466/448/437 434/416/405 433/415/404
f 466/448/437 433/415/404 467/449/438
f 467/449/438 433/415/404 436/418/407
f 467/449/438 436/418/407 469/451/440
f 465/447/436 468/450/439 471/453/442
f 465/447/436 471/453/442 472/454/443
f 472/454/443 471/453/442 473/455/444
f 472/454/443 473/455/444 474/456/445
f 468/450/439 470/452/441 475/457/446
f 468/450/439 475/457/446 471/453/442
f 471/453/442 475/457/446 476/458/447
f 471/453/442 476/458/447 473/455/444
f 465/447/436 472/454/443 477/459/448
f 465/447/436 477/459/448 478/460/449
f 478/460/449 477/459/448 479/461/450
f 478/460/449 479/461/450 480/462/451
f 472/454/443 474/456/445 481/463/452
f 472/454/443 481/463/452 477/459/448
f 477/459/448 481/463/452 482/464/453
f 477/459/448 482/464/453 479/461/450
f 465/447/436 478/460/449 483/465/454
f 465/447/436 483/465/454 466/448/437
f 466/448/437 483/465/454 441/423/412
f 466/448/437 441/423/412 434/416/405
f 478/460/449 480/462/451 484/466/455
f 478/460/449 484/466/455 483/465/454
f 483/465/454 484/466/455 442/424/413
f 483/465/454 442/424/413 441/423/412
f 485/467/456 486/468/457 487/469/458
f 485/467/456 487/469/458 488/470/459
f 488/470/459 487/469/458 489/471/460
f 488/470/459 489/471/460 490/472/461
f 486/468/457 454/436/425 453/435/424
f 486/468/457 453/435/424 487/469/458
f 487/469/458 453/435/424 456/438/427
f 487/469/458 456/438/427 489/471/460
f 485/467/456 488/470/459 491/473/462
f 485/467/456 491/473/462 492/474/463
f 492/474/463 491/473/462 493/475/464
f 492/474/463 493/475/464 494/476/465
f 488/470/459 490/472/461 495/477/466
f 488/470/459 495/477/466 491/473/462
f 491/473/462 495/477/466 496/478/467
f 491/473/462 496/478/467 493/475/464
f 485/467/456 492/474/463 497/479/468
f 485/467/456 497/479/468 498/480/469
f 498/480/469 497/479/468 499/481/470
f 498/480/469 499/481/470 500/482/471
f 492/474/463 494/476/465 501/483/472
f 492/474/463 501/483/472 497/479/468
f 497/479/468 501/483/472 133/115/104
f 497/479/468 133/115/104 499/481/470
f 485/467/456 498/480/469 502/484/473
f 485/467/456 502/484/473 486/468/457
f 486/468/457 502/484/473 461/443/432
f 486/468/457 461/443/432 454/436/425
f 498/480/469 500/482/471 503/485/474
f 498/480/469 503/485/474 502/484/473
f 502/484/473 503/485/474 462/444/433
f 502/484/473 462/444/433 461/443/432
f 504/486/475 505/487/476 506/488/477
f 504/486/475 506/488/477 507/489/478
f 507/489/478 506/488/477 508/490/479
f 507/489/478 508/490/479 509/491/480
f 505/487/476 474/456/445 473/455/444
f 505/487/476 473/455/444 506/488/477
f 506/488/477 473/455/444 476/458/447
f 506/488/477 476/458/447 508/490/479
f 504/486/475 507/489/478 510/492/481
f 504/486/475 510/492/481 511/493/482
f 511/493/482 510/492/481 512/494/483
f 511/493/482 512/494/483 513/495/484
f 507/489/478 509/491/480 514/496/485
f 507/489/478 514/496/485 510/492/481
f 510/492/481 514/496/485 515/497/486
f 510/492/481 515/497/486 512/494/483
f 504/486/475 511/493/482 516/498/487
f 504/486/475 516/498/487 517/499/488
f 517/499/488 516/498/487 518/500/489
f 517/499/488 518/500/489 519/501/490
f 511/493/482 513/495/484 520/502/491
f 511/493/482 520/502/491 516/498/487
f 516/498/487 520/502/491 521/503/492
f 516/498/487 521/503/492 518/500/489
f 504/486/475 517/499/488 522/504/493
f 504/486/475 522/504/493 505/487/476
f 505/487/476 522/504/493 481/463/452
f 505/487/476 481/463/452 474/456/445
f 517/499/488 519/501/490 523/505/494
f 517/499/488 523/505/494 522/504/493
f 522/504/493 523/505/494 482/464/453
f 522/504/493 482/464/453 481/463/452
f 524/506/495 525/507/496 526/508/497
f 524/506/495 526/508/497 527/509/498
f 527/509/498 526/508/497 528/510/499
f 527/509/498 528/510/499 529/511/500
f 525/507/496 494/476/465 493/475/464
f 525/507/496 493/475/464 526/508/497
f 526/508/497 493/475/464 496/478/467
f 526/508/497 496/478/467 528/510/499
f 524/506/495 527/509/498 530/512/501
f 524/506/495 530/512/501 531/513/502
f 531/513/502 530/512/501 532/514/503
f 531/513/502 532/514/503 533/515/504
f 527/509/498 529/511/500 534/516/505
f 527/509/498 534/516/505 530/512/501
f 530/512/501 534/516/505 535/517/506
f 530/512/501 535/517/506 532/514/503
f 524/506/495 531/513/502 536/518/507
f 524/506/495 536/518/507 537/519/508
f 537/519/508 536/518/507 138/120/109
f 537/519/508 138/120/109 130/112/101
f 531/513/502 533/515/504 538/520/509
f 531/513/502 538/520/509 536/518/507
f 536/518/507 538/520/509 139/121/110
f 536/518/507 139/121/110 138/120/109
f 524/506/495 537/519/508 539/521/510
f 524/506/495 539/521/510 525/507/496
f 525/507/496 539/521/510 501/483/472
f 525/507/496 501/483/472 494/476/465
f 537/519/508 130/112/101 129/111/100
f 537/519/508 129/111/100 539/521/510
f 539/521/510 129/111/100 133/115/104
f 539/521/510 133/115/104 501/483/472
f 540/522/511 541/523/512 542/524/513
f 540/522/511 542/524/513 543/525/514
f 543/525/514 542/524/513 544/526/515
f 543/525/514 544/526/515 545/527/516
f 541/523/512 513/495/484 512/494/483
f 541/523/512 512/494/483 542/524/513
f 542/524/513 512/494/483 515/497/486
f 542/524/513 515/497/486 544/526/515
f 540/522/511 543/525/514 546/528/517
f 540/522/511 546/528/517 547/529/518
f 547/529/518 546/528/517 548/530/519
f 547/529/518 548/530/519 549/531/520
f 543/525/514 545/527/516 550/532/521
f 543/525/514 550/532/521 546/528/517
f 546/528/517 550/532/521 551/533/522
f 546/528/517 551/533/522 548/530/519
f 540/522/511 547/529/518 552/534/523
f 540/522/511 552/534/523 553/535/524
f 553/535/524 552/534/523 554/536/525
f 553/535/524 554/536/525 555/537/526
f 547/529/518 549/531/520 556/538/527
f 547/529/518 556/538/527 552/534/523
f 552/534/523 556/538/527 557/539/528
f 552/534/523 557/539/528 554/536/525
f 540/522/511 553/535/524 558/540/529
f 540/522/511 558/540/529 541/523/512
f 541/523/512 558/540/529 520/502/491
f 541/523/512 520/502/491 513/495/484
f 553/535/524 555/537/526 559/541/530
f 553/535/524 559/541/530 558/540/529
f 558/540/529 559/541/530 521/503/492
f 558/540/529 521/503/492 520/502/491
f 560/542/531 561/543/532 562/544/533
f 560/542/531 562/544/533 563/545/534
f 563/545/534 562/544/533 564/546/535
f 563/545/534 564/546/535 565/547/536
f 561/543/532 533/515/504 532/514/503
f 561/543/532 532/514/503 562/544/533
f 562/544/533 532/514/503 535/517/506
f 562/544/533 535/517/506 564/546/535
f 560/542/531 563/545/534 566/548/537
f 560/542/531 566/548/537 567/549/538
f 567/549/538 566/548/537 568/550/539
f 567/549/538 568/550/539 569/551/540
f 563/545/534 565/547/536 570/552/541
f 563/545/534 570/552/541 566/548/537
f 566/548/537 570/552/541 571/553/542
f 566/548/537 571/553/542 568/550/539
f 560/542/531 567/549/538 572/554/543
f 560/542/531 572/554/543 573/555/544
f 573/555/544 572/554/543 574/556/545
f 573/555/544 574/556/545 575/557/546
f 567/549/538 569/551/540 576/558/547
f 567/549/538 576/558/547 572/554/543
f 572/554/543 576/558/547 577/559/548
f 572/554/543 577/559/548 574/556/545
f 560/542/531 573/555/544 578/560/549
f 560/542/531 578/560/549 561/543/532
f 561/543/532 578/560/549 538/520/509
f 561/543/532 538/520/509 533/515/504
f 573/555/544 575/557/546 579/561/550
f 573/555/544 579/561/550 578/560/549
f 578/560/549 579/561/550 139/121/110
f 578/560/549 139/121/110 538/520/509
f 580/562/551 581/563/552 582/564/553
f 580/562/551 582/564/553 583/565/554
f 583/565/554 582/564/553 584/566/555
f 583/565/554 584/566/555 585/567/556
f 581/563/552 549/531/520 548/530/519
f 581/563/552 548/530/519 582/564/553
f 582/564/553 548/530/519 551/533/522
f 582/564/553 551/533/522 584/566/555
f 580/562/551 583/565/554 586/568/557
f 580/562/551 586/568/557 587/569/558
f 587/569/558 586/568/557 588/570/559
f 587/569/558 588/570/559 589/571/560
f 583/565/554 585/567/556 590/572/561
f 583/565/554 590/572/561 586/568/557
f 586/568/557 590/572/561 591/573/562
f 586/568/557 591/573/562 588/570/559
f 580/562/551 587/569/558 592/574/563
f 580/562/551 592/574/563 593/575/564
f 593/575/564 592/574/563 594/576/565
f 593/575/564 594/576/565 595/577/566
f 587/569/558 589/571/560 596/578/567
f 587/569/558 596/578/567 592/574/563
f 592/574/563 596/578/567 597/579/568
f 592/574/563 597/579/568 594/576/565
f 580/562/551 593/575/564 598/580/569
f 580/562/551 598/580/569 581/563/552
f 581/563/552 598/580/569 556/538/527
f 581/563/552 556/538/527 549/531/520
f 593/575/564 595/577/566 599/581/570
f 593/575/564 599/581/570 598/580/569
f 598/580/569 599/581/570 557/539/528
f 598/580/569 557/539/528 556/538/527
f 600/582/571 601/583/572 602/584/573
f 600/582/571 602/584/573 603/585/574
f 603/585/574 602/584/573 604/586/575
f 603/585/574 604/586/575 605/587/576
f 601/583/572 234/216/205 233/215/204
f 601/583/572 233/215/204 602/584/573
f 602/584/573 233/215/204 236/218/207
f 602/584/573 236/218/207 604/586/575
f 600/582/571 603/585/574 606/588/577
f 600/582/571 606/588/577 607/589/578
f 607/589/578 606/588/577 608/590/579
f 607/589/578 608/590/579 609/591/580
f 603/585/574 605/587/576 610/592/581
f 603/585/574 610/592/581 606/588/577
f 606/588/577 610/592/581 611/593/582
f 606/588/577 611/593/582 608/590/579
f 600/582/571 607/589/578 612/594/583
f 600/582/571 612/594/583 613/595/584
f 613/595/584 612/594/583 614/596/585
f 613/595/584 614/596/585 615/597/586
f 607/589/578 609/591/580 616/598/587
f 607/589/578 616/598/587 612/594/583
f 612/594/583 616/598/587 617/599/588
f 612/594/583 617/599/588 614/596/585
f 600/582/571 613/595/584 618/600/589
f 600/582/571 618/600/589 601/583/572
f 601/583/572 618/600/589 241/223/212
f 601/583/572 241/223/212 234/216/205
f 613/595/584 615/597/586 619/601/590
f 613/595/584 619/601/590 618/600/589
f 618/600/589 619/601/590 242/224/213
f 618/600/589 242/224/213 241/223/212
f 620/602/591 621/603/592 622/604/593
f 620/602/591 622/604/593 623/605/594
f 623/605/594 622/604/593 624/606/595
f 623/605/594 624/606/595 625/607/596
f 621/603/592 569/551/540 568/550/539
f 621/603/592 568/550/539 622/604/593
f 622/604/593 568/550/539 571/553/542
f 622/604/593 571/553/542 624/606/595
f 620/602/591 623/605/594 626/608/597
f 620/602/591 626/608/597 627/609/598
f 627/609/598 626/608/597 628/610/599
f 627/609/598 628/610/599 629/611/600
f 623/605/594 625/607/596 630/612/601
f 623/605/594 630/612/601 626/608/597
f 626/608/597 630/612/601 631/613/602
f 626/608/597 631/613/602 628/610/599
f 620/602/591 627/609/598 632/614/603
f 620/602/591 632/614/603 633/615/604
f 633/615/604 632/614/603 634/616/605
f 633/615/604 634/616/605 635/617/606
f 627/609/598 629/611/600 636/618/607
f 627/609/598 636/618/607 632/614/603
f 632/614/603 636/618/607 637/619/608
f 632/614/603 637/619/608 634/616/605
f 620/602/591 633/615/604 638/620/609
f 620/602/591 638/620/609 621/603/592
f 621/603/592 638/620/609 576/558/547
f 621/603/592 576/558/547 569/551/540
f 633/615/604 635/617/606 639/621/610
f 633/615/604 639/621/610 638/620/609
f 638/620/609 639/621/610 577/559/548
f 638/620/609 577/559/548 576/558/547
f 640/622/611 641/623/612 642/624/613
f 640/622/611 642/624/613 643/625/614
f 643/625/614 642/624/613 644/626/615
f 643/625/614 644/626/615 645/627/616
f 641/623/612 589/571/560 588/570/559
f 641/623/612 588/570/559 642/624/613
f 642/624/613 588/570/559 591/573/562
f 642/624/613 591/573/562 644/626/615
f 640/622/611 643/625/614 646/628/617
f 640/622/611 646/628/617 647/629/618
f 647/629/618 646/628/617 648/630/619
f 647/629/618 648/630/619 649/631/620
f 643/625/614 645/627/616 650/632/621
f 643/625/614 650/632/621 646/628/617
f 646/628/617 650/632/621 651/633/622
f 646/628/617 651/633/622 648/630/619
f 640/622/611 647/629/618 652/634/623
f 640/622/611 652/634/623 653/635/624
f 653/635/624 652/634/623 654/636/625
f 653/635/624 654/636/625 655/637/626
f 647/629/618 649/631/620 656/638/627
f 647/629/618 656/638/627 652/634/623
f 652/634/623 656/638/627 657/639/628
f 652/634/623 657/639/628 654/636/625
f 640/622/611 653/635/624 658/640/629
f 640/622/611 658/640/629 641/623/612
f 641/623/612 658/640/629 596/578/567
f 641/623/612 596/578/567 589/571/560
f 653/635/624 655/637/626 659/641/630
f 653/635/624 659/641/630 658/640/629
f 658/640/629 659/641/630 597/579/568
f 658/640/629 597/579/568 596/578/567
f 660/642/631 661/643/632 662/644/633
f 660/642/631 662/644/633 663/645/634
f 663/645/634 662/644/633 664/646/635
f 663/645/634 664/646/635 665/647/636
f 661/643/632 609/591/580 608/590/579
f 661/643/632 608/590/579 662/644/633
f 662/644/633 608/590/579 611/593/582
f 662/644/633 611/593/582 664/646/635
f 660/642/631 663/645/634 666/648/637
f 660/642/631 666/648/637 667/649/638
f 667/649/638 666/648/637 668/650/639
f 667/649/638 668/650/639 669/651/640
f 663/645/634 665/647/636 670/652/641
f 663/645/634 670/652/641 666/648/637
f 666/648/637 670/652/641 671/653/642
f 666/648/637 671/653/642 668/650/639
f 660/642/631 667/649/638 672/654/643
f 660/642/631 672/654/643 673/655/644
f 673/655/644 672/654/643 674/656/645
f 673/655/644 674/656/645 675/657/646
f 667/649/638 669/651/640 676/658/647
f 667/649/638 676/658/647 672/654/643
f 672/654/643 676/658/647 677/659/648
f 672/654/643 677/659/648 674/656/645
f 660/642/631 673/655/644 678/660/649
f 660/642/631 678/660/649 661/643/632
f 661/643/632 678/660/649 616/598/587
f 661/643/632 616/598/587 609/591/580
f 673/655/644 675/657/646 679/661/650
f 673/655/644 679/661/650 678/660/649
f 678/660/649 679/661/650 617/599/588
f 678/660/649 617/599/588 616/598/587
f 680/662/651 681/663/652 682/664/653
f 680/662/651 682/664/653 683/665/654
f 683/665/654 682/664/653 684/666/655
f 683/665/654 684/666/655 685/667/656
f 681/663/652 629/611/600 628/610/599
f 681/663/652 628/610/599 682/664/653
f 682/664/653 628/610/599 631/613/602
f 682/664/653 631/613/602 684/666/655
f 680/662/651 683/665/654 686/668/657
f 680/662/651 686/668/657 687/669/658
f 687/669/658 686/668/657 688/670/659
f 687/669/658 688/670/659 689/671/660
f 683/665/654 685/667/656 690/672/661
f 683/665/654 690/672/661 686/668/657
f 686/668/657 690/672/661 691/673/662
f 686/668/657 691/673/662 688/670/659
f 680/662/651 687/669/658 692/674/663
f 680/662/651 692/674/663 693/675/664
f 693/675/664 692/674/663 694/676/665
f 693/675/664 694/676/665 695/677/666
f 687/669/658 689/671/660 696/678/667
f 687/669/658 696/678/667 692/674/663
f 692/674/663 696/678/667 697/679/668
f 692/674/663 697/679/668 694/676/665
f 680/662/651 693/675/664 698/680/669
f 680/662/651 698/680/669 681/663/652
f 681/663/652 698/680/669 636/618/607
f 681/663/652 636/618/607 629/611/600
f 693/675/664 695/677/666 699/681/670
f 693/675/664 699/681/670 698/680/669
f 698/680/669 699/681/670 637/619/608
f 698/680/669 637/619/608 636/618/607
f 700/682/671 701/683/672 702/684/673
f 700/682/671 702/684/673 703/685/674
f 703/685/674 702/684/673 704/686/675
f 703/685/674 704/686/675 705/687/676
f 701/683/672 649/631/620 648/630/619
f 701/683/672 648/630/619 702/684/673
f 702/684/673 648/630/619 651/633/622
f 702/684/673 651/633/622 704/686/675
f 700/682/671 703/685/674 706/688/677
f 700/682/671 706/688/677 707/689/678
f 707/689/678 706/688/677 708/690/679
f 707/689/678 708/690/679 709/691/680
f 703/685/674 705/687/676 710/692/681
f 703/685/674 710/692/681 706/688/677
f 706/688/677 710/692/681 711/693/682
f 706/688/677 711/693/682 708/690/679
f 700/682/671 707/689/678 712/694/683
f 700/682/671 712/694/683 713/695/684
f 713/695/684 712/694/683 714/696/685
f 713/695/684 714/696/685 715/697/686
f 707/689/678 709/691/680 716/698/687
f 707/689/678 716/698/687 712/694/683
f 712/694/683 716/698/687 717/699/688
f 712/694/683 717/699/688 714/696/685
f 700/682/671 713/695/684 718/700/689
f 700/682/671 718/700/689 701/683/672
f 701/683/672 718/700/689 656/638/627
f 701/683/672 656/638/627 649/631/620
f 713/695/684 715/697/686 719/701/690
f 713/695/684 719/701/690 718/700/689
f 718/700/689 719/701/690 657/639/628
f 718/700/689 657/639/628 656/638/627
f 720/702/691 721/703/692 722/704/693
f 720/702/691 722/704/693 723/705/694
f 723/705/694 722/704/693 724/706/695
f 723/705/694 724/706/695 725/707/696
f 721/703/692 669/651/640 668/650/639
f 721/703/692 668/650/639 722/704/693
f 722/704/693 668/650/639 671/653/642
f 722/704/693 671/653/642 724/706/695
f 720/702/691 723/705/694 726/708/697
f 720/702/691 726/708/697 727/709/698
f 727/709/698 726/708/697 728/710/699
f 727/709/698 728/710/699 729/711/700
f 723/705/694 725/707/696 730/712/701
f 723/705/694 730/712/701 726/708/697
f 726/708/697 730/712/701 731/713/702
f 726/708/697 731/713/702 728/710/699
f 720/702/691 727/709/698 732/714/703
f 720/702/691 732/714/703 733/715/704
f 733/715/704 732/714/703 734/716/705
f 733/715/704 734/716/705 735/717/706
f 727/709/698 729/711/700 736/718/707
f 727/709/698 736/718/707 732/714/703
f 732/714/703 736/718/707 737/719/708
f 732/714/703 737/719/708 734/716/705
f 720/702/691 733/715/704 738/720/709
f 720/702/691 738/720/709 721/703/692
f 721/703/692 738/720/709 676/658/647
f 721/703/692 676/658/647 669/651/640
f 733/715/704 735/717/706 739/721/710
f 733/715/704 739/721/710 738/720/709
f 738/720/709 739/721/710 677/659/648
f 738/720/709 677/659/648 676/658/647
f 740/722/711 741/723/712 742/724/713
f 740/722/711 742/724/713 743/725/714
f 743/725/714 742/724/713 744/726/715
f 743/725/714 744/726/715 745/727/716
f 741/723/712 689/671/660 688/670/659
f 741/723/712 688/670/659 742/724/713
f 742/724/713 688/670/659 691/673/662
f 742/724/713 691/673/662 744/726/715
f 740/722/711 743/725/714 746/728/717
f 740/722/711 746/728/717 747/729/718
f 747/729/718 746/728/717 157/139/128
f 747/729/718 157/139/128 156/138/127
f 743/725/714 745/727/716 748/730/719
f 743/725/714 748/730/719 746/728/717
f 746/728/717 748/730/719 158/140/129
f 746/728/717 158/140/129 157/139/128
f 740/722/711 747/729/718 749/731/720
f 740/722/711 749/731/720 750/732/721
f 750/732/721 749/731/720 751/733/722
f 750/732/721 751/733/722 752/734/723
f 747/729/718 156/138/127 172/154/143
f 747/729/718 172/154/143 749/731/720
f 749/731/720 172/154/143 174/156/145
f 749/731/720 174/156/145 751/733/722
f 740/722/711 750/732/721 753/735/724
f 740/722/711 753/735/724 741/723/712
f 741/723/712 753/735/724 696/678/667
f 741/723/712 696/678/667 689/671/660
f 750/732/721 752/734/723 754/736/725
f 750/732/721 754/736/725 753/735/724
f 753/735/724 754/736/725 697/679/668
f 753/735/724 697/679/668 696/678/667
f 755/737/726 756/738/727 757/739/728
f 755/737/726 757/739/728 758/740/729
f 758/740/729 757/739/728 759/741/730
f 758/740/729 759/741/730 760/742/731
f 756/738/727 761/743/680 762/744/679
f 756/738/727 762/744/679 757/739/728
f 757/739/728 762/744/679 763/745/682
f 757/739/728 763/745/682 759/741/730
f 755/737/726 758/740/729 764/746/732
f 755/737/726 764/746/732 765/747/733
f 765/747/733 764/746/732 182/164/153
f 765/747/733 182/164/153 181/163/152
f 758/740/729 760/742/731 766/748/734
f 758/740/729 766/748/734 764/746/732
f 764/746/732 766/748/734 183/165/154
f 764/746/732 183/165/154 182/164/153
f 755/737/726 765/747/733 767/749/735
f 755/737/726 767/749/735 768/750/736
f 768/750/736 767/749/735 769/751/737
f 768/750/736 769/751/737 770/752/738
f 765/747/733 181/163/152 197/179/168
f 765/747/733 197/179/168 767/749/735
f 767/749/735 197/179/168 199/181/170
f 767/749/735 199/181/170 769/751/737
f 755/737/726 768/750/736 771/753/739
f 755/737/726 771/753/739 756/738/727
f 756/738/727 771/753/739 772/754/687
f 756/738/727 772/754/687 761/743/680
f 768/750/736 770/752/738 773/755/740
f 768/750/736 773/755/740 771/753/739
f 771/753/739 773/755/740 774/756/688
f 771/753/739 774/756/688 772/754/687
f 775/757/741 776/758/742 777/759/743
f 775/757/741 777/759/743 778/760/744
f 778/760/744 777/759/743 779/761/745
f 778/760/744 779/761/745 780/762/746
f 776/758/742 729/711/700 728/710/699
f 776/758/742 728/710/699 777/759/743
f 777/759/743 728/710/699 731/713/702
f 777/759/743 731/713/702 779/761/745
f 775/757/741 778/760/744 781/763/747
f 775/757/741 781/763/747 782/764/748
f 782/764/748 781/763/747 207/189/178
f 782/764/748 207/189/178 206/188/177
f 778/760/744 780/762/746 783/765/749
f 778/760/744 783/765/749 781/763/747
f 781/763/747 783/765/749 208/190/179
f 781/763/747 208/190/179 207/189/178
f 775/757/741 782/764/748 784/766/750
f 775/757/741 784/766/750 785/767/751
f 785/767/751 784/766/750 786/768/752
f 785/767/751 786/768/752 787/769/753
f 782/764/748 206/188/177 222/204/193
f 782/764/748 222/204/193 784/766/750
f 784/766/750 222/204/193 224/206/195
f 784/766/750 224/206/195 786/768/752
f 775/757/741 785/767/751 788/770/754
f 775/757/741 788/770/754 776/758/742
f 776/758/742 788/770/754 736/718/707
f 776/758/742 736/718/707 729/711/700
f 785/767/751 787/769/753 789/771/755
f 785/767/751 789/771/755 788/770/754
f 788/770/754 789/771/755 737/719/708
f 788/770/754 737/719/708 736/718/707
f 790/772/756 791/773/757 792/774/758
f 790/772/756 792/774/758 793/775/759
f 793/775/759 792/774/758 794/776/760
f 793/775/759 794/776/760 795/777/761
f 791/773/757 796/778/762 797/779/763
f 791/773/757 797/779/763 792/774/758
f 792/774/758 797/779/763 798/780/764
f 792/774/758 798/780/764 794/776/760
f 790/772/756 793/775/759 799/781/765
f 790/772/756 799/781/765 800/782/766
f 800/782/766 799/781/765 801/783/767
f 800/782/766 801/783/767 802/784/768
f 793/775/759 795/777/761 803/785/769
f 793/775/759 803/785/769 799/781/765
f 799/781/765 803/785/769 804/786/770
f 799/781/765 804/786/770 801/783/767
f 790/772/756 800/782/766 805/787/771
f 790/772/756 805/787/771 806/788/772
f 806/788/772 805/787/771 807/789/773
f 806/788/772 807/789/773 808/790/774
f 800/782/766 802/784/768 809/791/775
f 800/782/766 809/791/775 805/787/771
f 805/787/771 809/791/775 810/792/776
f 805/787/771 810/792/776 807/789/773
f 790/772/756 806/788/772 811/793/777
f 790/772/756 811/793/777 791/773/757
f 791/773/757 811/793/777 812/794/778
f 791/773/757 812/794/778 796/778/762
f 806/788/772 808/790/774 813/795/779
f 806/788/772 813/795/779 811/793/777
f 811/793/777 813/795/779 814/796/780
f 811/793/777 814/796/780 812/794/778
f 815/797/781 816/798/782 817/799/783
f 815/797/781 817/799/783 818/800/784
f 818/800/784 817/799/783 559/541/530
f 818/800/784 559/541/530 555/537/526
f 816/798/782 819/801/785 820/802/786
f 816/798/782 820/802/786 817/799/783
f 817/799/783 820/802/786 521/503/492
f 817/799/783 521/503/492 559/541/530
f 815/797/781 818/800/784 821/803/787
f 815/797/781 821/803/787 822/804/788
f 822/804/788 821/803/787 823/805/789
f 822/804/788 823/805/789 824/806/790
f 818/800/784 555/537/526 554/536/525
f 818/800/784 554/536/525 821/803/787
f 821/803/787 554/536/525 557/539/528
f 821/803/787 557/539/528 823/805/789
f 815/797/781 822/804/788 825/807/791
f 815/797/781 825/807/791 826/808/792
f 826/808/792 825/807/791 827/809/793
f 826/808/792 827/809/793 828/810/794
f 822/804/788 824/806/790 829/811/795
f 822/804/788 829/811/795 825/807/791
f 825/807/791 829/811/795 830/812/796
f 825/807/791 830/812/796 827/809/793
f 815/797/781 826/808/792 831/813/797
f 815/797/781 831/813/797 816/798/782
f 816/798/782 831/813/797 832/814/798
f 816/798/782 832/814/798 819/801/785
f 826/808/792 828/810/794 833/815/799
f 826/808/792 833/815/799 831/813/797
f 831/813/797 833/815/799 834/816/800
f 831/813/797 834/816/800 832/814/798
f 835/817/801 836/818/802 837/819/803
f 835/817/801 837/819/803 838/820/804
f 838/820/804 837/819/803 579/561/550
f 838/820/804 579/561/550 575/557/546
f 836/818/802 137/119/108 136/118/107
f 836/818/802 136/118/107 837/819/803
f 837/819/803 136/118/107 139/121/110
f 837/819/803 139/121/110 579/561/550
f 835/817/801 838/820/804 839/821/805
f 835/817/801 839/821/805 840/822/806
f 840/822/806 839/821/805 841/823/807
f 840/822/806 841/823/807 842/824/808
f 838/820/804 575/557/546 574/556/545
f 838/820/804 574/556/545 839/821/805
f 839/821/805 574/556/545 577/559/548
f 839/821/805 577/559/548 841/823/807
f 835/817/801 840/822/806 843/825/809
f 835/817/801 843/825/809 844/826/810
f 844/826/810 843/825/809 845/827/811
f 844/826/810 845/827/811 846/828/812
f 840/822/806 842/824/808 847/829/813
f 840/822/806 847/829/813 843/825/809
f 843/825/809 847/829/813 848/830/814
f 843/825/809 848/830/814 845/827/811
f 835/817/801 844/826/810 849/831/815
f 835/817/801 849/831/815 836/818/802
f 836/818/802 849/831/815 144/126/115
f 836/818/802 144/126/115 137/119/108
f 844/826/810 846/828/812 850/832/816
f 844/826/810 850/832/816 849/831/815
f 849/831/815 850/832/816 145/127/116
f 849/831/815 145/127/116 144/126/115
f 851/833/817 852/834/818 853/835/819
f 851/833/817 853/835/819 854/836/820
f 854/836/820 853/835/819 599/581/570
f 854/836/820 599/581/570 595/577/566
f 852/834/818 824/806/790 823/805/789
f 852/834/818 823/805/789 853/835/819
f 853/835/819 823/805/789 557/539/528
f 853/835/819 557/539/528 599/581/570
f 851/833/817 854/836/820 855/837/821
f 851/833/817 855/837/821 856/838/822
f 856/838/822 855/837/821 857/839/823
f 856/838/822 857/839/823 858/840/824
f 854/836/820 595/577/566 594/576/565
f 854/836/820 594/576/565 855/837/821
f 855/837/821 594/576/565 597/579/568
f 855/837/821 597/579/568 857/839/823
f 851/833/817 856/838/822 859/841/825
f 851/833/817 859/841/825 860/842/826
f 860/842/826 859/841/825 861/843/827
f 860/842/826 861/843/827 862/844/828
f 856/838/822 858/840/824 863/845/829
f 856/838/822 863/845/829 859/841/825
f 859/841/825 863/845/829 864/846/830
f 859/841/825 864/846/830 861/843/827
f 851/833/817 860/842/826 865/847/831
f 851/833/817 865/847/831 852/834/818
f 852/834/818 865/847/831 829/811/795
f 852/834/818 829/811/795 824/806/790
f 860/842/826 862/844/828 866/848/832
f 860/842/826 866/848/832 865/847/831
f 865/847/831 866/848/832 830/812/796
f 865/847/831 830/812/796 829/811/795
f 867/849/833 868/850/834 869/851/835
f 867/849/833 869/851/835 870/852/836
f 870/852/836 869/851/835 619/601/590
f 870/852/836 619/601/590 615/597/586
f 868/850/834 871/853/837 872/854/838
f 868/850/834 872/854/838 869/851/835
f 869/851/835 872/854/838 242/224/213
f 869/851/835 242/224/213 619/601/590
f 867/849/833 870/852/836 873/855/839
f 867/849/833 873/855/839 874/856/840
f 874/856/840 873/855/839 875/857/841
f 874/856/840 875/857/841 876/858/842
f 870/852/836 615/597/586 614/596/585
f 870/852/836 614/596/585 873/855/839
f 873/855/839 614/596/585 617/599/588
f 873/855/839 617/599/588 875/857/841
f 867/849/833 874/856/840 877/859/843
f 867/849/833 877/859/843 878/860/844
f 878/860/844 877/859/843 879/861/845
f 878/860/844 879/861/845 880/862/846
f 874/856/840 876/858/842 881/863/847
f 874/856/840 881/863/847 877/859/843
f 877/859/843 881/863/847 882/864/848
f 877/859/843 882/864/848 879/861/845
f 867/849/833 878/860/844 883/865/849
f 867/849/833 883/865/849 868/850/834
f 868/850/834 883/865/849 884/866/850
f 868/850/834 884/866/850 871/853/837
f 878/860/844 880/862/846 885/867/851
f 878/860/844 885/867/851 883/865/849
f 883/865/849 885/867/851 886/868/852
f 883/865/849 886/868/852 884/866/850
f 887/869/853 888/870/854 889/871/855
f 887/869/853 889/871/855 890/872/856
f 890/872/856 889/871/855 639/621/610
f 890/872/856 639/621/610 635/617/606
f 888/870/854 842/824/808 841/823/807
f 888/870/854 841/823/807 889/871/855
f 889/871/855 841/823/807 577/559/548
f 889/871/855 577/559/548 639/621/610
f 887/869/853 890/872/856 891/873/857
f 887/869/853 891/873/857 892/874/858
f 892/874/858 891/873/857 893/875/859
f 892/874/858 893/875/859 894/876/860
f 890/872/856 635/617/606 634/616/605
f 890/872/856 634/616/605 891/873/857
f 891/873/857 634/616/605 637/619/608
f 891/873/857 637/619/608 893/875/859
f 887/869/853 892/874/858 895/877/861
f 887/869/853 895/877/861 896/878/862
f 896/878/862 895/877/861 897/879/863
f 896/878/862 897/879/863 898/880/864
f 892/874/858 894/876/860 899/881/865
f 892/874/858 899/881/865 895/877/861
f 895/877/861 899/881/865 900/882/866
f 895/877/861 900/882/866 897/879/863
f 887/869/853 896/878/862 901/883/867
f 887/869/853 901/883/867 888/870/854
f 888/870/854 901/883/867 847/829/813
f 888/870/854 847/829/813 842/824/808
f 896/878/862 898/880/864 902/884/868
f 896/878/862 902/884/868 901/883/867
f 901/883/867 902/884/868 848/830/814
f 901/883/867 848/830/814 847/829/813
f 903/885/869 904/886/870 905/887/871
f 903/885/869 905/887/871 906/888/872
f 906/888/872 905/887/871 659/641/630
f 906/888/872 659/641/630 655/637/626
f 904/886/870 858/840/824 857/839/823
f 904/886/870 857/839/823 905/887/871
f 905/887/871 857/839/823 597/579/568
f 905/887/871 597/579/568 659/641/630
f 903/885/869 906/888/872 907/889/873
f 903/885/869 907/889/873 908/890/874
f 908/890/874 907/889/873 909/891/875
f 908/890/874 909/891/875 910/892/876
f 906/888/872 655/637/626 654/636/625
f 906/888/872 654/636/625 907/889/873
f 907/889/873 654/636/625 657/639/628
f 907/889/873 657/639/628 909/891/875
f 903/885/869 908/890/874 911/893/877
f 903/885/869 911/893/877 912/894/878
f 912/894/878 911/893/877 913/895/879
f 912/894/878 913/895/879 914/896/880
f 908/890/874 910/892/876 915/897/881
f 908/890/874 915/897/881 911/893/877
f 911/893/877 915/897/881 916/898/882
f 911/893/877 916/898/882 913/895/879
f 903/885/869 912/894/878 917/899/883
f 903/885/869 917/899/883 904/886/870
f 904/886/870 917/899/883 863/845/829
f 904/886/870 863/845/829 858/840/824
f 912/894/878 914/896/880 918/900/884
f 912/894/878 918/900/884 917/899/883
f 917/899/883 918/900/884 864/846/830
f 917/899/883 864/846/830 863/845/829
f 919/901/885 920/902/886 921/903/887
f 919/901/885 921/903/887 922/904/888
f 922/904/888 921/903/887 679/661/650
f 922/904/888 679/661/650 675/657/646
f 920/902/886 876/858/842 875/857/841
f 920/902/886 875/857/841 921/903/887
f 921/903/887 875/857/841 617/599/588
f 921/903/887 617/599/588 679/661/650
f 919/901/885 922/904/888 923/905/889
f 919/901/885 923/905/889 924/906/890
f 924/906/890 923/905/889 925/907/891
f 924/906/890 925/907/891 926/908/892
f 922/904/888 675/657/646 674/656/645
f 922/904/888 674/656/645 923/905/889
f 923/905/889 674/656/645 677/659/648
f 923/905/889 677/659/648 925/907/891
f 919/901/885 924/906/890 927/909/893
f 919/901/885 927/909/893 928/910/894
f 928/910/894 927/909/893 929/911/895
f 928/910/894 929/911/895 930/912/896
f 924/906/890 926/908/892 931/913/897
f 924/906/890 931/913/897 927/909/893
f 927/909/893 931/913/897 932/914/898
f 927/909/893 932/914/898 929/911/895
f 919/901/885 928/910/894 933/915/899
f 919/901/885 933/915/899 920/902/886
f 920/902/886 933/915/899 881/863/847
f 920/902/886 881/863/847 876/858/842
f 928/910/894 930/912/896 934/916/900
f 928/910/894 934/916/900 933/915/899
f 933/915/899 934/916/900 882/864/848
f 933/915/899 882/864/848 881/863/847
f 935/917/901 936/918/902 937/919/903
f 935/917/901 937/919/903 938/920/904
f 938/920/904 937/919/903 699/681/670
f 938/920/904 699/681/670 695/677/666
f 936/918/902 894/876/860 893/875/859
f 936/918/902 893/875/859 937/919/903
f 937/919/903 893/875/859 637/619/608
f 937/919/903 637/619/608 699/681/670
f 935/917/901 938/920/904 939/921/905
f 935/917/901 939/921/905 940/922/906
f 940/922/906 939/921/905 941/923/907
f 940/922/906 941/923/907 942/924/908
f 938/920/904 695/677/666 694/676/665
f 938/920/904 694/676/665 939/921/905
f 939/921/905 694/676/665 697/679/668
f 939/921/905 697/679/668 941/923/907
f 935/917/901 940/922/906 943/925/909
f 935/917/901 943/925/909 944/926/910
f 944/926/910 943/925/909 945/927/911
f 944/926/910 945/927/911 946/928/912
f 940/922/906 942/924/908 947/929/913
f 940/922/906 947/929/913 943/925/909
f 943/925/909 947/929/913 948/930/914
f 943/925/909 948/930/914 945/927/911
f 935/917/901 944/926/910 949/931/915
f 935/917/901 949/931/915 936/918/902
f 936/918/902 949/931/915 899/881/865
f 936/918/902 899/881/865 894/876/860
f 944/926/910 946/928/912 950/932/916
f 944/926/910 950/932/916 949/931/915
f 949/931/915 950/932/916 900/882/866
f 949/931/915 900/882/866 899/881/865
f 951/933/917 952/934/918 953/935/919
f 951/933/917 953/935/919 954/936/920
f 954/936/920 953/935/919 719/701/690
f 954/936/920 719/701/690 715/697/686
f 952/934/918 910/892/876 909/891/875
f 952/934/918 909/891/875 953/935/919
f 953/935/919 909/891/875 657/639/628
f 953/935/919 657/639/628 719/701/690
f 951/933/917 954/936/920 955/937/921
f 951/933/917 955/937/921 956/938/922
f 956/938/922 955/937/921 957/939/923
f 956/938/922 957/939/923 958/940/924
f 954/936/920 715/697/686 714/696/685
f 954/936/920 714/696/685 955/937/921
f 955/937/921 714/696/685 717/699/688
f 955/937/921 717/699/688 957/939/923
f 951/933/917 956/938/922 959/941/925
f 951/933/917 959/941/925 960/942/926
f 960/942/926 959/941/925 961/943/927
f 960/942/926 961/943/927 962/944/928
f 956/938/922 958/940/924 963/945/929
f 956/938/922 963/945/929 959/941/925
f 959/941/925 963/945/929 964/946/930
f 959/941/925 964/946/930 961/943/927
f 951/933/917 960/942/926 965/947/931
f 951/933/917 965/947/931 952/934/918
f 952/934/918 965/947/931 915/897/881
f 952/934/918 915/897/881 910/892/876
f 960/942/926 962/944/928 966/948/932
f 960/942/926 966/948/932 965/947/931
f 965/947/931 966/948/932 916/898/882
f 965/947/931 916/898/882 915/897/881
f 967/949/933 968/950/934 969/951/935
f 967/949/933 969/951/935 970/952/936
f 970/952/936 969/951/935 739/721/710
f 970/952/936 739/721/710 735/717/706
f 968/950/934 926/908/892 925/907/891
f 968/950/934 925/907/891 969/951/935
f 969/951/935 925/907/891 677/659/648
f 969/951/935 677/659/648 739/721/710
f 967/949/933 970/952/936 971/953/937
f 967/949/933 971/953/937 972/954/938
f 972/954/938 971/953/937 973/955/939
f 972/954/938 973/955/939 974/956/940
f 970/952/936 735/717/706 734/716/705
f 970/952/936 734/716/705 971/953/937
f 971/953/937 734/716/705 737/719/708
f 971/953/937 737/719/708 973/955/939
f 967/949/933 972/954/938 975/957/941
f 967/949/933 975/957/941 976/958/942
f 976/958/942 975/957/941 977/959/943
f 976/958/942 977/959/943 978/960/944
f 972/954/938 974/956/940 979/961/945
f 972/954/938 979/961/945 975/957/941
f 975/957/941 979/961/945 980/962/946
f 975/957/941 980/962/946 977/959/943
f 967/949/933 976/958/942 981/963/947
f 967/949/933 981/963/947 968/950/934
f 968/950/934 981/963/947 931/913/897
f 968/950/934 931/913/897 926/908/892
f 976/958/942 978/960/944 982/964/948
f 976/958/942 982/964/948 981/963/947
f 981/963/947 982/964/948 932/914/898
f 981/963/947 932/914/898 931/913/897
f 983/965/949 984/966/950 985/967/951
f 983/965/949 985/967/951 986/968/952
f 986/968/952 985/967/951 754/736/725
f 986/968/952 754/736/725 752/734/723
f 984/966/950 942/924/908 941/923/907
f 984/966/950 941/923/907 985/967/951
f 985/967/951 941/923/907 697/679/668
f 985/967/951 697/679/668 754/736/725
f 983/965/949 986/968/952 987/969/953
f 983/965/949 987/969/953 988/970/954
f 988/970/954 987/969/953 989/971/955
f 988/970/954 989/971/955 990/972/956
f 986/968/952 752/734/723 751/733/722
f 986/968/952 751/733/722 987/969/953
f 987/969/953 751/733/722 174/156/145
f 987/969/953 174/156/145 989/971/955
f 983/965/949 988/970/954 991/973/957
f 983/965/949 991/973/957 992/974/958
f 992/974/958 991/973/957 993/975/959
f 992/974/958 993/975/959 994/976/960
f 988/970/954 990/972/956 995/977/961
f 988/970/954 995/977/961 991/973/957
f 991/973/957 995/977/961 996/978/962
f 991/973/957 996/978/962 993/975/959
f 983/965/949 992/974/958 997/979/963
f 983/965/949 997/979/963 984/966/950
f 984/966/950 997/979/963 947/929/913
f 984/966/950 947/929/913 942/924/908
f 992/974/958 994/976/960 998/980/964
f 992/974/958 998/980/964 997/979/963
f 997/979/963 998/980/964 948/930/914
f 997/979/963 948/930/914 947/929/913
f 999/981/965 1000/982/966 1001/983/967
f 999/981/965 1001/983/967 1002/984/968
f 1002/984/968 1001/983/967 773/755/740
f 1002/984/968 773/755/740 770/752/738
f 1000/982/966 1003/985/924 1004/986/923
f 1000/982/966 1004/986/923 1001/983/967
f 1001/983/967 1004/986/923 774/756/688
f 1001/983/967 774/756/688 773/755/740
f 999/981/965 1002/984/968 1005/987/969
f 999/981/965 1005/987/969 1006/988/970
f 1006/988/970 1005/987/969 1007/989/971
f 1006/988/970 1007/989/971 1008/990/972
f 1002/984/968 770/752/738 769/751/737
f 1002/984/968 769/751/737 1005/987/969
f 1005/987/969 769/751/737 199/181/170
f 1005/987/969 199/181/170 1007/989/971
f 999/981/965 1006/988/970 1009/991/973
f 999/981/965 1009/991/973 1010/992/974
f 1010/992/974 1009/991/973 1011/993/975
f 1010/992/974 1011/993/975 1012/994/976
f 1006/988/970 1008/990/972 1013/995/977
f 1006/988/970 1013/995/977 1009/991/973
f 1009/991/973 1013/995/977 1014/996/978
f 1009/991/973 1014/996/978 1011/993/975
f 999/981/965 1010/992/974 1015/997/979
f 999/981/965 1015/997/979 1000/982/966
f 1000/982/966 1015/997/979 1016/998/929
f 1000/982/966 1016/998/929 1003/985/924
f 1010/992/974 1012/994/976 1017/999/980
f 1010/992/974 1017/999/980 1015/997/979
f 1015/997/979 1017/999/980 1018/1000/930
f 1015/997/979 1018/1000/930 1016/998/929
f 1019/1001/981 1020/1002/982 1021/1003/983
f 1019/1001/981 1021/1003/983 1022/1004/984
f 1022/1004/984 1021/1003/983 789/771/755
f 1022/1004/984 789/771/755 787/769/753
f 1020/1002/982 974/956/940 973/955/939
f 1020/1002/982 973/955/939 1021/1003/983
f 1021/1003/983 973/955/939 737/719/708
f 1021/1003/983 737/719/708 789/771/755
f 1019/1001/981 1022/1004/984 1023/1005/985
f 1019/1001/981 1023/1005/985 1024/1006/986
f 1024/1006/986 1023/1005/985 1025/1007/987
f 1024/1006/986 1025/1007/987 1026/1008/988
f 1022/1004/984 787/769/753 786/768/752
f 1022/1004/984 786/768/752 1023/1005/985
f 1023/1005/985 786/768/752 224/206/195
f 1023/1005/985 224/206/195 1025/1007/987
f 1019/1001/981 1024/1006/986 1027/1009/989
f 1019/1001/981 1027/1009/989 1028/1010/990
f 1028/1010/990 1027/1009/989 1029/1011/991
f 1028/1010/990 1029/1011/991 1030/1012/992
f 1024/1006/986 1026/1008/988 1031/1013/993
f 1024/1006/986 1031/1013/993 1027/1009/989
f 1027/1009/989 1031/1013/993 1032/1014/994
f 1027/1009/989 1032/1014/994 1029/1011/991
f 1019/1001/981 1028/1010/990 1033/1015/995
f 1019/1001/981 1033/1015/995 1020/1002/982
f 1020/1002/982 1033/1015/995 979/961/945
f 1020/1002/982 979/961/945 974/956/940
f 1028/1010/990 1030/1012/992 1034/1016/996
f 1028/1010/990 1034/1016/996 1033/1015/995
f 1033/1015/995 1034/1016/996 980/962/946
f 1033/1015/995 980/962/946 979/961/945
f 1035/1017/997 1036/1018/998 1037/1019/999
f 1035/1017/997 1037/1019/999 1038/1020/1000
f 1038/1020/1000 1037/1019/999 173/155/144
f 1038/1020/1000 173/155/144 168/150/139
f 1036/1018/998 990/972/956 989/971/955
f 1036/1018/998 989/971/955 1037/1019/999
f 1037/1019/999 989/971/955 174/156/145
f 1037/1019/999 174/156/145 173/155/144
f 1035/1017/997 1038/1020/1000 1039/1021/1001
f 1035/1017/997 1039/1021/1001 1040/1022/1002
f 1040/1022/1002 1039/1021/1001 1041/1023/1003
f 1040/1022/1002 1041/1023/1003 1042/1024/1004
f 1038/1020/1000 168/150/139 167/149/138
f 1038/1020/1000 167/149/138 1039/1021/1001
f 1039/1021/1001 167/149/138 170/152/141
f 1039/1021/1001 170/152/141 1041/1023/1003
f 1035/1017/997 1040/1022/1002 1043/1025/1005
f 1035/1017/997 1043/1025/1005 1044/1026/1006
f 1044/1026/1006 1043/1025/1005 1045/1027/1007
f 1044/1026/1006 1045/1027/1007 1046/1028/1008
f 1040/1022/1002 1042/1024/1004 1047/1029/1009
f 1040/1022/1002 1047/1029/1009 1043/1025/1005
f 1043/1025/1005 1047/1029/1009 1048/1030/1010
f 1043/1025/1005 1048/1030/1010 1045/1027/1007
f 1035/1017/997 1044/1026/1006 1049/1031/1011
f 1035/1017/997 1049/1031/1011 1036/1018/998
f 1036/1018/998 1049/1031/1011 995/977/961
f 1036/1018/998 995/977/961 990/972/956
f 1044/1026/1006 1046/1028/1008 1050/1032/1012
f 1044/1026/1006 1050/1032/1012 1049/1031/1011
f 1049/1031/1011 1050/1032/1012 996/978/962
f 1049/1031/1011 996/978/962 995/977/961
f 1051/1033/1013 1052/1034/1014 1053/1035/1015
f 1051/1033/1013 1053/1035/1015 1054/1036/1016
f 1054/1036/1016 1053/1035/1015 198/180/169
f 1054/1036/1016 198/180/169 193/175/164
f 1052/1034/1014 1008/990/972 1007/989/971
f 1052/1034/1014 1007/989/971 1053/1035/1015
f 1053/1035/1015 1007/989/971 199/181/170
f 1053/1035/1015 199/181/170 198/180/169
f 1051/1033/1013 1054/1036/1016 1055/1037/1017
f 1051/1033/1013 1055/1037/1017 1056/1038/1018
f 1056/1038/1018 1055/1037/1017 1057/1039/1019
f 1056/1038/1018 1057/1039/1019 1058/1040/1020
f 1054/1036/1016 193/175/164 192/174/163
f 1054/1036/1016 192/174/163 1055/1037/1017
f 1055/1037/1017 192/174/163 195/177/166
f 1055/1037/1017 195/177/166 1057/1039/1019
f 1051/1033/1013 1056/1038/1018 1059/1041/1021
f 1051/1033/1013 1059/1041/1021 1060/1042/1022
f 1060/1042/1022 1059/1041/1021 1061/1043/1023
f 1060/1042/1022 1061/1043/1023 1062/1044/1024
f 1056/1038/1018 1058/1040/1020 1063/1045/1025
f 1056/1038/1018 1063/1045/1025 1059/1041/1021
f 1059/1041/1021 1063/1045/1025 1064/1046/1026
f 1059/1041/1021 1064/1046/1026 1061/1043/1023
f 1051/1033/1013 1060/1042/1022 1065/1047/1027
f 1051/1033/1013 1065/1047/1027 1052/1034/1014
f 1052/1034/1014 1065/1047/1027 1013/995/977
f 1052/1034/1014 1013/995/977 1008/990/972
f 1060/1042/1022 1062/1044/1024 1066/1048/1028
f 1060/1042/1022 1066/1048/1028 1065/1047/1027
f 1065/1047/1027 1066/1048/1028 1014/996/978
f 1065/1047/1027 1014/996/978 1013/995/977
f 1067/1049/1029 1068/1050/1030 1069/1051/1031
f 1067/1049/1029 1069/1051/1031 1070/1052/1032
f 1070/1052/1032 1069/1051/1031 223/205/194
f 1070/1052/1032 223/205/194 218/200/189
f 1068/1050/1030 1026/1008/988 1025/1007/987
f 1068/1050/1030 1025/1007/987 1069/1051/1031
f 1069/1051/1031 1025/1007/987 224/206/195
f 1069/1051/1031 224/206/195 223/205/194
f 1067/1049/1029 1070/1052/1032 1071/1053/1033
f 1067/1049/1029 1071/1053/1033 1072/1054/1034
f 1072/1054/1034 1071/1053/1033 1073/1055/1035
f 1072/1054/1034 1073/1055/1035 1074/1056/1036
f 1070/1052/1032 218/200/189 217/199/188
f 1070/1052/1032 217/199/188 1071/1053/1033
f 1071/1053/1033 217/199/188 220/202/191
f 1071/1053/1033 220/202/191 1073/1055/1035
f 1067/1049/1029 1072/1054/1034 1075/1057/1037
f 1067/1049/1029 1075/1057/1037 1076/1058/1038
f 1076/1058/1038 1075/1057/1037 1077/1059/1039
f 1076/1058/1038 1077/1059/1039 1078/1060/1040
f 1072/1054/1034 1074/1056/1036 1079/1061/1041
f 1072/1054/1034 1079/1061/1041 1075/1057/1037
f 1075/1057/1037 1079/1061/1041 1080/1062/1042
f 1075/1057/1037 1080/1062/1042 1077/1059/1039
f 1067/1049/1029 1076/1058/1038 1081/1063/1043
f 1067/1049/1029 1081/1063/1043 1068/1050/1030
f 1068/1050/1030 1081/1063/1043 1031/1013/993
f 1068/1050/1030 1031/1013/993 1026/1008/988
f 1076/1058/1038 1078/1060/1040 1082/1064/1044
f 1076/1058/1038 1082/1064/1044 1081/1063/1043
f 1081/1063/1043 1082/1064/1044 1032/1014/994
f 1081/1063/1043 1032/1014/994 1031/1013/993
f 1083/1065/1045 1084/1066/1046 1085/1067/1047
f 1083/1065/1045 1085/1067/1047 1086/1068/1048
f 1086/1068/1048 1085/1067/1047 244/226/215
f 1086/1068/1048 244/226/215 240/222/211
f 1084/1066/1046 1042/1024/1004 1041/1023/1003
f 1084/1066/1046 1041/1023/1003 1085/1067/1047
f 1085/1067/1047 1041/1023/1003 170/152/141
f 1085/1067/1047 170/152/141 244/226/215
f 1083/1065/1045 1086/1068/1048 1087/1069/1049
f 1083/1065/1045 1087/1069/1049 1088/1070/1050
f 1088/1070/1050 1087/1069/1049 872/854/838
f 1088/1070/1050 872/854/838 871/853/837
f 1086/1068/1048 240/222/211 239/221/210
f 1086/1068/1048 239/221/210 1087/1069/1049
f 1087/1069/1049 239/221/210 242/224/213
f 1087/1069/1049 242/224/213 872/854/838
f 1083/1065/1045 1088/1070/1050 1089/1071/1051
f 1083/1065/1045 1089/1071/1051 1090/1072/1052
f 1090/1072/1052 1089/1071/1051 1091/1073/1053
f 1090/1072/1052 1091/1073/1053 1092/1074/1054
f 1088/1070/1050 871/853/837 884/866/850
f 1088/1070/1050 884/866/850 1089/1071/1051
f 1089/1071/1051 884/866/850 886/868/852
f 1089/1071/1051 886/868/852 1091/1073/1053
f 1083/1065/1045 1090/1072/1052 1093/1075/1055
f 1083/1065/1045 1093/1075/1055 1084/1066/1046
f 1084/1066/1046 1093/1075/1055 1047/1029/1009
f 1084/1066/1046 1047/1029/1009 1042/1024/1004
f 1090/1072/1052 1092/1074/1054 1094/1076/1056
f 1090/1072/1052 1094/1076/1056 1093/1075/1055
f 1093/1075/1055 1094/1076/1056 1048/1030/1010
f 1093/1075/1055 1048/1030/1010 1047/1029/1009
f 1095/1077/1057 1096/1078/1058 1097/1079/1059
f 1095/1077/1057 1097/1079/1059 1098/1080/1060
f 1098/1080/1060 1097/1079/1059 264/246/235
f 1098/1080/1060 264/246/235 260/242/231
f 1096/1078/1058 1058/1040/1020 1057/1039/1019
f 1096/1078/1058 1057/1039/1019 1097/1079/1059
f 1097/1079/1059 1057/1039/1019 195/177/166
f 1097/1079/1059 195/177/166 264/246/235
f 1095/1077/1057 1098/1080/1060 1099/1081/1061
f 1095/1077/1057 1099/1081/1061 1100/1082/1062
f 1100/1082/1062 1099/1081/1061 1101/1083/1063
f 1100/1082/1062 1101/1083/1063 1102/1084/1064
f 1098/1080/1060 260/242/231 259/241/230
f 1098/1080/1060 259/241/230 1099/1081/1061
f 1099/1081/1061 259/241/230 262/244/233
f 1099/1081/1061 262/244/233 1101/1083/1063
f 1095/1077/1057 1100/1082/1062 1103/1085/1065
f 1095/1077/1057 1103/1085/1065 1104/1086/1066
f 1104/1086/1066 1103/1085/1065 1105/1087/1067
f 1104/1086/1066 1105/1087/1067 1106/1088/1068
f 1100/1082/1062 1102/1084/1064 1107/1089/1069
f 1100/1082/1062 1107/1089/1069 1103/1085/1065
f 1103/1085/1065 1107/1089/1069 1108/1090/1070
f 1103/1085/1065 1108/1090/1070 1105/1087/1067
f 1095/1077/1057 1104/1086/1066 1109/1091/1071
f 1095/1077/1057 1109/1091/1071 1096/1078/1058
f 1096/1078/1058 1109/1091/1071 1063/1045/1025
f 1096/1078/1058 1063/1045/1025 1058/1040/1020
f 1104/1086/1066 1106/1088/1068 1110/1092/1072
f 1104/1086/1066 1110/1092/1072 1109/1091/1071
f 1109/1091/1071 1110/1092/1072 1064/1046/1026
f 1109/1091/1071 1064/1046/1026 1063/1045/1025
f 1111/1093/1073 1112/1094/1074 1113/1095/1075
f 1111/1093/1073 1113/1095/1075 1114/1096/1076
f 1114/1096/1076 1113/1095/1075 284/266/255
f 1114/1096/1076 284/266/255 280/262/251
f 1112/1094/1074 1074/1056/1036 1073/1055/1035
f 1112/1094/1074 1073/1055/1035 1113/1095/1075
f 1113/1095/1075 1073/1055/1035 220/202/191
f 1113/1095/1075 220/202/191 284/266/255
f 1111/1093/1073 1114/1096/1076 1115/1097/1077
f 1111/1093/1073 1115/1097/1077 1116/1098/1078
f 1116/1098/1078 1115/1097/1077 1117/1099/1079
f 1116/1098/1078 1117/1099/1079 1118/1100/1080
f 1114/1096/1076 280/262/251 279/261/250
f 1114/1096/1076 279/261/250 1115/1097/1077
f 1115/1097/1077 279/261/250 282/264/253
f 1115/1097/1077 282/264/253 1117/1099/1079
f 1111/1093/1073 1116/1098/1078 1119/1101/1081
f 1111/1093/1073 1119/1101/1081 1120/1102/1082
f 1120/1102/1082 1119/1101/1081 1121/1103/1083
f 1120/1102/1082 1121/1103/1083 1122/1104/1084
f 1116/1098/1078 1118/1100/1080 1123/1105/1085
f 1116/1098/1078 1123/1105/1085 1119/1101/1081
f 1119/1101/1081 1123/1105/1085 1124/1106/1086
f 1119/1101/1081 1124/1106/1086 1121/1103/1083
f 1111/1093/1073 1120/1102/1082 1125/1107/1087
f 1111/1093/1073 1125/1107/1087 1112/1094/1074
f 1112/1094/1074 1125/1107/1087 1079/1061/1041
f 1112/1094/1074 1079/1061/1041 1074/1056/1036
f 1120/1102/1082 1122/1104/1084 1126/1108/1088
f 1120/1102/1082 1126/1108/1088 1125/1107/1087
f 1125/1107/1087 1126/1108/1088 1080/1062/1042
f 1125/1107/1087 1080/1062/1042 1079/1061/1041
f 1127/1109/1089 1128/1110/1090 1129/1111/1091
f 1127/1109/1089 1129/1111/1091 1130/1112/1092
f 1130/1112/1092 1129/1111/1091 304/286/275
f 1130/1112/1092 304/286/275 300/282/271
f 1128/1110/1090 1102/1084/1064 1101/1083/1063
f 1128/1110/1090 1101/1083/1063 1129/1111/1091
f 1129/1111/1091 1101/1083/1063 262/244/233
f 1129/1111/1091 262/244/233 304/286/275
f 1127/1109/1089 1130/1112/1092 1131/1113/1093
f 1127/1109/1089 1131/1113/1093 1132/1114/1094
f 1132/1114/1094 1131/1113/1093 1133/1115/1095
f 1132/1114/1094 1133/1115/1095 1134/1116/1096
f 1130/1112/1092 300/282/271 299/281/270
f 1130/1112/1092 299/281/270 1131/1113/1093
f 1131/1113/1093 299/281/270 302/284/273
f 1131/1113/1093 302/284/273 1133/1115/1095
f 1127/1109/1089 1132/1114/1094 1135/1117/1097
f 1127/1109/1089 1135/1117/1097 1136/1118/1098
f 1136/1118/1098 1135/1117/1097 1137/1119/1099
f 1136/1118/1098 1137/1119/1099 1138/1120/1100
f 1132/1114/1094 1134/1116/1096 1139/1121/1101
f 1132/1114/1094 1139/1121/1101 1135/1117/1097
f 1135/1117/1097 1139/1121/1101 1140/1122/1102
f 1135/1117/1097 1140/1122/1102 1137/1119/1099
f 1127/1109/1089 1136/1118/1098 1141/1123/1103
f 1127/1109/1089 1141/1123/1103 1128/1110/1090
f 1128/1110/1090 1141/1123/1103 1107/1089/1069
f 1128/1110/1090 1107/1089/1069 1102/1084/1064
f 1136/1118/1098 1138/1120/1100 1142/1124/1104
f 1136/1118/1098 1142/1124/1104 1141/1123/1103
f 1141/1123/1103 1142/1124/1104 1108/1090/1070
f 1141/1123/1103 1108/1090/1070 1107/1089/1069
f 1143/1125/1105 1144/1126/1106 1145/1127/1107
f 1143/1125/1105 1145/1127/1107 1146/1128/1108
f 1146/1128/1108 1145/1127/1107 324/306/295
f 1146/1128/1108 324/306/295 320/302/291
f 1144/1126/1106 1118/1100/1080 1117/1099/1079
f 1144/1126/1106 1117/1099/1079 1145/1127/1107
f 1145/1127/1107 1117/1099/1079 282/264/253
f 1145/1127/1107 282/264/253 324/306/295
f 1143/1125/1105 1146/1128/1108 1147/1129/1109
f 1143/1125/1105 1147/1129/1109 1148/1130/1110
f 1148/1130/1110 1147/1129/1109 1149/1131/1111
f 1148/1130/1110 1149/1131/1111 1150/1132/1112
f 1146/1128/1108 320/302/291 319/301/290
f 1146/1128/1108 319/301/290 1147/1129/1109
f 1147/1129/1109 319/301/290 322/304/293
f 1147/1129/1109 322/304/293 1149/1131/1111
f 1143/1125/1105 1148/1130/1110 1151/1133/1113
f 1143/1125/1105 1151/1133/1113 1152/1134/1114
f 1152/1134/1114 1151/1133/1113 1153/1135/1115
f 1152/1134/1114 1153/1135/1115 1154/1136/1116
f 1148/1130/1110 1150/1132/1112 1155/1137/1117
f 1148/1130/1110 1155/1137/1117 1151/1133/1113
f 1151/1133/1113 1155/1137/1117 1156/1138/1118
f 1151/1133/1113 1156/1138/1118 1153/1135/1115
f 1143/1125/1105 1152/1134/1114 1157/1139/1119
f 1143/1125/1105 1157/1139/1119 1144/1126/1106
f 1144/1126/1106 1157/1139/1119 1123/1105/1085
f 1144/1126/1106 1123/1105/1085 1118/1100/1080
f 1152/1134/1114 1154/1136/1116 1158/1140/1120
f 1152/1134/1114 1158/1140/1120 1157/1139/1119
f 1157/1139/1119 1158/1140/1120 1124/1106/1086
f 1157/1139/1119 1124/1106/1086 1123/1105/1085
f 1159/1141/1121 1160/1142/1122 1161/1143/1123
f 1159/1141/1121 1161/1143/1123 1162/1144/1124
f 1162/1144/1124 1161/1143/1123 344/326/315
f 1162/1144/1124 344/326/315 340/322/311
f 1160/1142/1122 1134/1116/1096 1133/1115/1095
f 1160/1142/1122 1133/1115/1095 1161/1143/1123
f 1161/1143/1123 1133/1115/1095 302/284/273
f 1161/1143/1123 302/284/273 344/326/315
f 1159/1141/1121 1162/1144/1124 1163/1145/1125
f 1159/1141/1121 1163/1145/1125 1164/1146/1126
f 1164/1146/1126 1163/1145/1125 1165/1147/1127
f 1164/1146/1126 1165/1147/1127 1166/1148/1128
f 1162/1144/1124 340/322/311 339/321/310
f 1162/1144/1124 339/321/310 1163/1145/1125
f 1163/1145/1125 339/321/310 342/324/313
f 1163/1145/1125 342/324/313 1165/1147/1127
f 1159/1141/1121 1164/1146/1126 1167/1149/1129
f 1159/1141/1121 1167/1149/1129 1168/1150/1130
f 1168/1150/1130 1167/1149/1129 1169/1151/1131
f 1168/1150/1130 1169/1151/1131 1170/1152/1132
f 1164/1146/1126 1166/1148/1128 1171/1153/1133
f 1164/1146/1126 1171/1153/1133 1167/1149/1129
f 1167/1149/1129 1171/1153/1133 1172/1154/1134
f 1167/1149/1129 1172/1154/1134 1169/1151/1131
f 1159/1141/1121 1168/1150/1130 1173/1155/1135
f 1159/1141/1121 1173/1155/1135 1160/1142/1122
f 1160/1142/1122 1173/1155/1135 1139/1121/1101
f 1160/1142/1122 1139/1121/1101 1134/1116/1096
f 1168/1150/1130 1170/1152/1132 1174/1156/1136
f 1168/1150/1130 1174/1156/1136 1173/1155/1135
f 1173/1155/1135 1174/1156/1136 1140/1122/1102
f 1173/1155/1135 1140/1122/1102 1139/1121/1101
f 1175/1157/1137 1176/1158/1138 1177/1159/1139
f 1175/1157/1137 1177/1159/1139 1178/1160/1140
f 1178/1160/1140 1177/1159/1139 364/346/335
f 1178/1160/1140 364/346/335 360/342/331
f 1176/1158/1138 1150/1132/1112 1149/1131/1111
f 1176/1158/1138 1149/1131/1111 1177/1159/1139
f 1177/1159/1139 1149/1131/1111 322/304/293
f 1177/1159/1139 322/304/293 364/346/335
f 1175/1157/1137 1178/1160/1140 1179/1161/1141
f 1175/1157/1137 1179/1161/1141 1180/1162/1142
f 1180/1162/1142 1179/1161/1141 1181/1163/1143
f 1180/1162/1142 1181/1163/1143 1182/1164/1144
f 1178/1160/1140 360/342/331 359/341/330
f 1178/1160/1140 359/341/330 1179/1161/1141
f 1179/1161/1141 359/341/330 362/344/333
f 1179/1161/1141 362/344/333 1181/1163/1143
f 1175/1157/1137 1180/1162/1142 1183/1165/1145
f 1175/1157/1137 1183/1165/1145 1184/1166/1146
f 1184/1166/1146 1183/1165/1145 1185/1167/1147
f 1184/1166/1146 1185/1167/1147 1186/1168/1148
f 1180/1162/1142 1182/1164/1144 1187/1169/1149
f 1180/1162/1142 1187/1169/1149 1183/1165/1145
f 1183/1165/1145 1187/1169/1149 1188/1170/1150
f 1183/1165/1145 1188/1170/1150 1185/1167/1147
f 1175/1157/1137 1184/1166/1146 1189/1171/1151
f 1175/1157/1137 1189/1171/1151 1176/1158/1138
f 1176/1158/1138 1189/1171/1151 1155/1137/1117
f 1176/1158/1138 1155/1137/1117 1150/1132/1112
f 1184/1166/1146 1186/1168/1148 1190/1172/1152
f 1184/1166/1146 1190/1172/1152 1189/1171/1151
f 1189/1171/1151 1190/1172/1152 1156/1138/1118
f 1189/1171/1151 1156/1138/1118 1155/1137/1117
f 1191/1173/1153 1192/1174/1154 1193/1175/1155
f 1191/1173/1153 1193/1175/1155 1194/1176/1156
f 1194/1176/1156 1193/1175/1155 384/366/355
f 1194/1176/1156 384/366/355 380/362/351
f 1192/1174/1154 1166/1148/1128 1165/1147/1127
f 1192/1174/1154 1165/1147/1127 1193/1175/1155
f 1193/1175/1155 1165/1147/1127 342/324/313
f 1193/1175/1155 342/324/313 384/366/355
f 1191/1173/1153 1194/1176/1156 1195/1177/1157
f 1191/1173/1153 1195/1177/1157 1196/1178/1158
f 1196/1178/1158 1195/1177/1157 1197/1179/1159
f 1196/1178/1158 1197/1179/1159 1198/1180/1160
f 1194/1176/1156 380/362/351 379/361/350
f 1194/1176/1156 379/361/350 1195/1177/1157
f 1195/1177/1157 379/361/350 382/364/353
f 1195/1177/1157 382/364/353 1197/1179/1159
f 1191/1173/1153 1196/1178/1158 1199/1181/1161
f 1191/1173/1153 1199/1181/1161 1200/1182/1162
f 1200/1182/1162 1199/1181/1161 1201/1183/1163
f 1200/1182/1162 1201/1183/1163 1202/1184/1164
f 1196/1178/1158 1198/1180/1160 1203/1185/1165
f 1196/1178/1158 1203/1185/1165 1199/1181/1161
f 1199/1181/1161 1203/1185/1165 1204/1186/1166
f 1199/1181/1161 1204/1186/1166 1201/1183/1163
f 1191/1173/1153 1200/1182/1162 1205/1187/1167
f 1191/1173/1153 1205/1187/1167 1192/1174/1154
f 1192/1174/1154 1205/1187/1167 1171/1153/1133
f 1192/1174/1154 1171/1153/1133 1166/1148/1128
f 1200/1182/1162 1202/1184/1164 1206/1188/1168
f 1200/1182/1162 1206/1188/1168 1205/1187/1167
f 1205/1187/1167 1206/1188/1168 1172/1154/1134
f 1205/1187/1167 1172/1154/1134 1171/1153/1133
f 1207/1189/1169 1208/1190/1170 1209/1191/1171
f 1207/1189/1169 1209/1191/1171 1210/1192/1172
f 1210/1192/1172 1209/1191/1171 404/386/375
f 1210/1192/1172 404/386/375 400/382/371
f 1208/1190/1170 1182/1164/1144 1181/1163/1143
f 1208/1190/1170 1181/1163/1143 1209/1191/1171
f 1209/1191/1171 1181/1163/1143 362/344/333
f 1209/1191/1171 362/344/333 404/386/375
f 1207/1189/1169 1210/1192/1172 1211/1193/1173
f 1207/1189/1169 1211/1193/1173 1212/1194/1174
f 1212/1194/1174 1211/1193/1173 1213/1195/1175
f 1212/1194/1174 1213/1195/1175 1214/1196/1176
f 1210/1192/1172 400/382/371 399/381/370
f 1210/1192/1172 399/381/370 1211/1193/1173
f 1211/1193/1173 399/381/370 402/384/373
f 1211/1193/1173 402/384/373 1213/1195/1175
f 1207/1189/1169 1212/1194/1174 1215/1197/1177
f 1207/1189/1169 1215/1197/1177 1216/1198/1178
f 1216/1198/1178 1215/1197/1177 1217/1199/1179
f 1216/1198/1178 1217/1199/1179 1218/1200/1180
f 1212/1194/1174 1214/1196/1176 1219/1201/1181
f 1212/1194/1174 1219/1201/1181 1215/1197/1177
f 1215/1197/1177 1219/1201/1181 1220/1202/1182
f 1215/1197/1177 1220/1202/1182 1217/1199/1179
f 1207/1189/1169 1216/1198/1178 1221/1203/1183
f 1207/1189/1169 1221/1203/1183 1208/1190/1170
f 1208/1190/1170 1221/1203/1183 1187/1169/1149
f 1208/1190/1170 1187/1169/1149 1182/1164/1144
f 1216/1198/1178 1218/1200/1180 1222/1204/1184
f 1216/1198/1178 1222/1204/1184 1221/1203/1183
f 1221/1203/1183 1222/1204/1184 1188/1170/1150
f 1221/1203/1183 1188/1170/1150 1187/1169/1149
f 1223/1205/1185 1224/1206/1186 1225/1207/1187
f 1223/1205/1185 1225/1207/1187 1226/1208/1188
f 1226/1208/1188 1225/1207/1187 424/406/395
f 1226/1208/1188 424/406/395 420/402/391
f 1224/1206/1186 1198/1180/1160 1197/1179/1159
f 1224/1206/1186 1197/1179/1159 1225/1207/1187
f 1225/1207/1187 1197/1179/1159 382/364/353
f 1225/1207/1187 382/364/353 424/406/395
f 1223/1205/1185 1226/1208/1188 1227/1209/1189
f 1223/1205/1185 1227/1209/1189 1228/1210/1190
f 1228/1210/1190 1227/1209/1189 1229/1211/1191
f 1228/1210/1190 1229/1211/1191 1230/1212/1192
f 1226/1208/1188 420/402/391 419/401/390
f 1226/1208/1188 419/401/390 1227/1209/1189
f 1227/1209/1189 419/401/390 422/404/393
f 1227/1209/1189 422/404/393 1229/1211/1191
f 1223/1205/1185 1228/1210/1190 1231/1213/1193
f 1223/1205/1185 1231/1213/1193 1232/1214/1194
f 1232/1214/1194 1231/1213/1193 1233/1215/1195
f 1232/1214/1194 1233/1215/1195 1234/1216/1196
f 1228/1210/1190 1230/1212/1192 1235/1217/1197
f 1228/1210/1190 1235/1217/1197 1231/1213/1193
f 1231/1213/1193 1235/1217/1197 1236/1218/1198
f 1231/1213/1193 1236/1218/1198 1233/1215/1195
f 1223/1205/1185 1232/1214/1194 1237/1219/1199
f 1223/1205/1185 1237/1219/1199 1224/1206/1186
f 1224/1206/1186 1237/1219/1199 1203/1185/1165
f 1224/1206/1186 1203/1185/1165 1198/1180/1160
f 1232/1214/1194 1234/1216/1196 1238/1220/1200
f 1232/1214/1194 1238/1220/1200 1237/1219/1199
f 1237/1219/1199 1238/1220/1200 1204/1186/1166
f 1237/1219/1199 1204/1186/1166 1203/1185/1165
f 1239/1221/1201 1240/1222/1202 1241/1223/1203
f 1239/1221/1201 1241/1223/1203 1242/1224/1204
f 1242/1224/1204 1241/1223/1203 444/426/415
f 1242/1224/1204 444/426/415 440/422/411
f 1240/1222/1202 1214/1196/1176 1213/1195/1175
f 1240/1222/1202 1213/1195/1175 1241/1223/1203
f 1241/1223/1203 1213/1195/1175 402/384/373
f 1241/1223/1203 402/384/373 444/426/415
f 1239/1221/1201 1242/1224/1204 1243/1225/1205
f 1239/1221/1201 1243/1225/1205 1244/1226/1206
f 1244/1226/1206 1243/1225/1205 1245/1227/1207
f 1244/1226/1206 1245/1227/1207 1246/1228/1208
f 1242/1224/1204 440/422/411 439/421/410
f 1242/1224/1204 439/421/410 1243/1225/1205
f 1243/1225/1205 439/421/410 442/424/413
f 1243/1225/1205 442/424/413 1245/1227/1207
f 1239/1221/1201 1244/1226/1206 1247/1229/1209
f 1239/1221/1201 1247/1229/1209 1248/1230/1210
f 1248/1230/1210 1247/1229/1209 1249/1231/1211
f 1248/1230/1210 1249/1231/1211 1250/1232/1212
f 1244/1226/1206 1246/1228/1208 1251/1233/1213
f 1244/1226/1206 1251/1233/1213 1247/1229/1209
f 1247/1229/1209 1251/1233/1213 1252/1234/1214
f 1247/1229/1209 1252/1234/1214 1249/1231/1211
f 1239/1221/1201 1248/1230/1210 1253/1235/1215
f 1239/1221/1201 1253/1235/1215 1240/1222/1202
f 1240/1222/1202 1253/1235/1215 1219/1201/1181
f 1240/1222/1202 1219/1201/1181 1214/1196/1176
f 1248/1230/1210 1250/1232/1212 1254/1236/1216
f 1248/1230/1210 1254/1236/1216 1253/1235/1215
f 1253/1235/1215 1254/1236/1216 1220/1202/1182
f 1253/1235/1215 1220/1202/1182 1219/1201/1181
f 1255/1237/1217 1256/1238/1218 1257/1239/1219
f 1255/1237/1217 1257/1239/1219 1258/1240/1220
f 1258/1240/1220 1257/1239/1219 464/446/435
f 1258/1240/1220 464/446/435 460/442/431
f 1256/1238/1218 1230/1212/1192 1229/1211/1191
f 1256/1238/1218 1229/1211/1191 1257/1239/1219
f 1257/1239/1219 1229/1211/1191 422/404/393
f 1257/1239/1219 422/404/393 464/446/435
f 1255/1237/1217 1258/1240/1220 1259/1241/1221
f 1255/1237/1217 1259/1241/1221 1260/1242/1222
f 1260/1242/1222 1259/1241/1221 1261/1243/1223
f 1260/1242/1222 1261/1243/1223 1262/1244/1224
f 1258/1240/1220 460/442/431 459/441/430
f 1258/1240/1220 459/441/430 1259/1241/1221
f 1259/1241/1221 459/441/430 462/444/433
f 1259/1241/1221 462/444/433 1261/1243/1223
f 1255/1237/1217 1260/1242/1222 1263/1245/1225
f 1255/1237/1217 1263/1245/1225 1264/1246/1226
f 1264/1246/1226 1263/1245/1225 1265/1247/1227
f 1264/1246/1226 1265/1247/1227 1266/1248/1228
f 1260/1242/1222 1262/1244/1224 1267/1249/1229
f 1260/1242/1222 1267/1249/1229 1263/1245/1225
f 1263/1245/1225 1267/1249/1229 1268/1250/1230
f 1263/1245/1225 1268/1250/1230 1265/1247/1227
f 1255/1237/1217 1264/1246/1226 1269/1251/1231
f 1255/1237/1217 1269/1251/1231 1256/1238/1218
f 1256/1238/1218 1269/1251/1231 1235/1217/1197
f 1256/1238/1218 1235/1217/1197 1230/1212/1192
f 1264/1246/1226 1266/1248/1228 1270/1252/1232
f 1264/1246/1226 1270/1252/1232 1269/1251/1231
f 1269/1251/1231 1270/1252/1232 1236/1218/1198
f 1269/1251/1231 1236/1218/1198 1235/1217/1197
f 1271/1253/1233 1272/1254/1234 1273/1255/1235
f 1271/1253/1233 1273/1255/1235 1274/1256/1236
f 1274/1256/1236 1273/1255/1235 484/466/455
f 1274/1256/1236 484/466/455 480/462/451
f 1272/1254/1234 1246/1228/1208 1245/1227/1207
f 1272/1254/1234 1245/1227/1207 1273/1255/1235
f 1273/1255/1235 1245/1227/1207 442/424/413
f 1273/1255/1235 442/424/413 484/466/455
f 1271/1253/1233 1274/1256/1236 1275/1257/1237
f 1271/1253/1233 1275/1257/1237 1276/1258/1238
f 1276/1258/1238 1275/1257/1237 1277/1259/1239
f 1276/1258/1238 1277/1259/1239 1278/1260/1240
f 1274/1256/1236 480/462/451 479/461/450
f 1274/1256/1236 479/461/450 1275/1257/1237
f 1275/1257/1237 479/461/450 482/464/453
f 1275/1257/1237 482/464/453 1277/1259/1239
f 1271/1253/1233 1276/1258/1238 1279/1261/1241
f 1271/1253/1233 1279/1261/1241 1280/1262/1242
f 1280/1262/1242 1279/1261/1241 1281/1263/1243
f 1280/1262/1242 1281/1263/1243 1282/1264/1244
f 1276/1258/1238 1278/1260/1240 1283/1265/1245
f 1276/1258/1238 1283/1265/1245 1279/1261/1241
f 1279/1261/1241 1283/1265/1245 1284/1266/1246
f 1279/1261/1241 1284/1266/1246 1281/1263/1243
f 1271/1253/1233 1280/1262/1242 1285/1267/1247
f 1271/1253/1233 1285/1267/1247 1272/1254/1234
f 1272/1254/1234 1285/1267/1247 1251/1233/1213
f 1272/1254/1234 1251/1233/1213 1246/1228/1208
f 1280/1262/1242 1282/1264/1244 1286/1268/1248
f 1280/1262/1242 1286/1268/1248 1285/1267/1247
f 1285/1267/1247 1286/1268/1248 1252/1234/1214
f 1285/1267/1247 1252/1234/1214 1251/1233/1213
f 1287/1269/1249 1288/1270/1250 1289/1271/1251
f 1287/1269/1249 1289/1271/1251 1290/1272/1252
f 1290/1272/1252 1289/1271/1251 503/485/474
f 1290/1272/1252 503/485/474 500/482/471
f 1288/1270/1250 1262/1244/1224 1261/1243/1223
f 1288/1270/1250 1261/1243/1223 1289/1271/1251
f 1289/1271/1251 1261/1243/1223 462/444/433
f 1289/1271/1251 462/444/433 503/485/474
f 1287/1269/1249 1290/1272/1252 1291/1273/1253
f 1287/1269/1249 1291/1273/1253 1292/1274/1254
f 1292/1274/1254 1291/1273/1253 132/114/103
f 1292/1274/1254 132/114/103 131/113/102
f 1290/1272/1252 500/482/471 499/481/470
f 1290/1272/1252 499/481/470 1291/1273/1253
f 1291/1273/1253 499/481/470 133/115/104
f 1291/1273/1253 133/115/104 132/114/103
f 1287/1269/1249 1292/1274/1254 1293/1275/1255
f 1287/1269/1249 1293/1275/1255 1294/1276/1256
f 1294/1276/1256 1293/1275/1255 1295/1277/1257
f 1294/1276/1256 1295/1277/1257 1296/1278/1258
f 1292/1274/1254 131/113/102 147/129/118
f 1292/1274/1254 147/129/118 1293/1275/1255
f 1293/1275/1255 147/129/118 149/131/120
f 1293/1275/1255 149/131/120 1295/1277/1257
f 1287/1269/1249 1294/1276/1256 1297/1279/1259
f 1287/1269/1249 1297/1279/1259 1288/1270/1250
f 1288/1270/1250 1297/1279/1259 1267/1249/1229
f 1288/1270/1250 1267/1249/1229 1262/1244/1224
f 1294/1276/1256 1296/1278/1258 1298/1280/1260
f 1294/1276/1256 1298/1280/1260 1297/1279/1259
f 1297/1279/1259 1298/1280/1260 1268/1250/1230
f 1297/1279/1259 1268/1250/1230 1267/1249/1229
f 1299/1281/1261 1300/1282/1262 1301/1283/1263
f 1299/1281/1261 1301/1283/1263 1302/1284/1264
f 1302/1284/1264 1301/1283/1263 523/505/494
f 1302/1284/1264 523/505/494 519/501/490
f 1300/1282/1262 1278/1260/1240 1277/1259/1239
f 1300/1282/1262 1277/1259/1239 1301/1283/1263
f 1301/1283/1263 1277/1259/1239 482/464/453
f 1301/1283/1263 482/464/453 523/505/494
f 1299/1281/1261 1302/1284/1264 1303/1285/1265
f 1299/1281/1261 1303/1285/1265 1304/1286/1266
f 1304/1286/1266 1303/1285/1265 820/802/786
f 1304/1286/1266 820/802/786 819/801/785
f 1302/1284/1264 519/501/490 518/500/489
f 1302/1284/1264 518/500/489 1303/1285/1265
f 1303/1285/1265 518/500/489 521/503/492
f 1303/1285/1265 521/503/492 820/802/786
f 1299/1281/1261 1304/1286/1266 1305/1287/1267
f 1299/1281/1261 1305/1287/1267 1306/1288/1268
f 1306/1288/1268 1305/1287/1267 1307/1289/1269
f 1306/1288/1268 1307/1289/1269 1308/1290/1270
f 1304/1286/1266 819/801/785 832/814/798
f 1304/1286/1266 832/814/798 1305/1287/1267
f 1305/1287/1267 832/814/798 834/816/800
f 1305/1287/1267 834/816/800 1307/1289/1269
f 1299/1281/1261 1306/1288/1268 1309/1291/1271
f 1299/1281/1261 1309/1291/1271 1300/1282/1262
f 1300/1282/1262 1309/1291/1271 1283/1265/1245
f 1300/1282/1262 1283/1265/1245 1278/1260/1240
f 1306/1288/1268 1308/1290/1270 1310/1292/1272
f 1306/1288/1268 1310/1292/1272 1309/1291/1271
f 1309/1291/1271 1310/1292/1272 1284/1266/1246
f 1309/1291/1271 1284/1266/1246 1283/1265/1245
f 1311/1293/1273 1312/1294/1274 1313/1295/1275
f 1311/1293/1273 1313/1295/1275 1314/1296/1276
f 1314/1296/1276 1313/1295/1275 1315/1297/1277
f 1314/1296/1276 1315/1297/1277 1316/1298/1278
f 1312/1294/1274 1317/1299/1279 1318/1300/1280
f 1312/1294/1274 1318/1300/1280 1313/1295/1275
f 1313/1295/1275 1318/1300/1280 1319/1301/1281
f 1313/1295/1275 1319/1301/1281 1315/1297/1277
f 1311/1293/1273 1314/1296/1276 1320/1302/1282
f 1311/1293/1273 1320/1302/1282 1321/1303/1283
f 1321/1303/1283 1320/1302/1282 1322/1304/779
f 1321/1303/1283 1322/1304/779 1323/1305/774
f 1314/1296/1276 1316/1298/1278 1324/1306/1284
f 1314/1296/1276 1324/1306/1284 1320/1302/1282
f 1320/1302/1282 1324/1306/1284 1325/1307/780
f 1320/1302/1282 1325/1307/780 1322/1304/779
f 1311/1293/1273 1321/1303/1283 1326/1308/1285
f 1311/1293/1273 1326/1308/1285 1327/1309/1286
f 1327/1309/1286 1326/1308/1285 1328/1310/1287
f 1327/1309/1286 1328/1310/1287 1329/1311/1288
f 1321/1303/1283 1323/1305/774 1330/1312/773
f 1321/1303/1283 1330/1312/773 1326/1308/1285
f 1326/1308/1285 1330/1312/773 1331/1313/776
f 1326/1308/1285 1331/1313/776 1328/1310/1287
f 1311/1293/1273 1327/1309/1286 1332/1314/1289
f 1311/1293/1273 1332/1314/1289 1333/1315/1290
f 1333/1315/1290 1332/1314/1289 1334/1316/1291
f 1333/1315/1290 1334/1316/1291 1335/1317/1292
f 1327/1309/1286 1329/1311/1288 1336/1318/1293
f 1327/1309/1286 1336/1318/1293 1332/1314/1289
f 1332/1314/1289 1336/1318/1293 1337/1319/1294
f 1332/1314/1289 1337/1319/1294 1334/1316/1291
f 1311/1293/1273 1333/1315/1290 1338/1320/1295
f 1311/1293/1273 1338/1320/1295 1339/1321/1296
f 1339/1321/1296 1338/1320/1295 1340/1322/1297
f 1339/1321/1296 1340/1322/1297 1341/1323/1298
f 1333/1315/1290 1335/1317/1292 1342/1324/1299
f 1333/1315/1290 1342/1324/1299 1338/1320/1295
f 1338/1320/1295 1342/1324/1299 1343/1325/1300
f 1338/1320/1295 1343/1325/1300 1340/1322/1297
f 1311/1293/1273 1339/1321/1296 1344/1326/1301
f 1311/1293/1273 1344/1326/1301 1345/1327/1302
f 1345/1327/1302 1344/1326/1301 1346/1328/1303
f 1345/1327/1302 1346/1328/1303 1347/1329/1304
f 1339/1321/1296 1341/1323/1298 1348/1330/1305
f 1339/1321/1296 1348/1330/1305 1344/1326/1301
f 1344/1326/1301 1348/1330/1305 1349/1331/1306
f 1344/1326/1301 1349/1331/1306 1346/1328/1303
f 1311/1293/1273 1345/1327/1302 1350/1332/1307
f 1311/1293/1273 1350/1332/1307 1351/1333/1308
f 1351/1333/1308 1350/1332/1307 1352/1334/1309
f 1351/1333/1308 1352/1334/1309 1353/1335/1310
f 1345/1327/1302 1347/1329/1304 1354/1336/1311
f 1345/1327/1302 1354/1336/1311 1350/1332/1307
f 1350/1332/1307 1354/1336/1311 1355/1337/1312
f 1350/1332/1307 1355/1337/1312 1352/1334/1309
f 1311/1293/1273 1351/1333/1308 1356/1338/1313
f 1311/1293/1273 1356/1338/1313 1357/1339/1314
f 1357/1339/1314 1356/1338/1313 1358/1340/1315
f 1357/1339/1314 1358/1340/1315 1359/1341/1316
f 1351/1333/1308 1353/1335/1310 1360/1342/1317
f 1351/1333/1308 1360/1342/1317 1356/1338/1313
f 1356/1338/1313 1360/1342/1317 1361/1343/1318
f 1356/1338/1313 1361/1343/1318 1358/1340/1315
f 1311/1293/1273 1357/1339/1314 1362/1344/1319
f 1311/1293/1273 1362/1344/1319 1363/1345/1320
f 1363/1345/1320 1362/1344/1319 1364/1346/1321
f 1363/1345/1320 1364/1346/1321 1365/1347/1322
f 1357/1339/1314 1359/1341/1316 1366/1348/1323
f 1357/1339/1314 1366/1348/1323 1362/1344/1319
f 1362/1344/1319 1366/1348/1323 1367/1349/1324
f 1362/1344/1319 1367/1349/1324 1364/1346/1321
f 1311/1293/1273 1363/1345/1320 1368/1350/1325
f 1311/1293/1273 1368/1350/1325 1369/1351/1326
f 1369/1351/1326 1368/1350/1325 1370/1352/1327
f 1369/1351/1326 1370/1352/1327 1371/1353/1328
f 1363/1345/1320 1365/1347/1322 1372/1354/1329
f 1363/1345/1320 1372/1354/1329 1368/1350/1325
f 1368/1350/1325 1372/1354/1329 1373/1355/1330
f 1368/1350/1325 1373/1355/1330 1370/1352/1327
f 1311/1293/1273 1369/1351/1326 1374/1356/1331
f 1311/1293/1273 1374/1356/1331 1375/1357/1332
f 1375/1357/1332 1374/1356/1331 1376/1358/1333
f 1375/1357/1332 1376/1358/1333 1377/1359/1334
f 1369/1351/1326 1371/1353/1328 1378/1360/1335
f 1369/1351/1326 1378/1360/1335 1374/1356/1331
f 1374/1356/1331 1378/1360/1335 1379/1361/1336
f 1374/1356/1331 1379/1361/1336 1376/1358/1333
f 1311/1293/1273 1375/1357/1332 1380/1362/1337
f 1311/1293/1273 1380/1362/1337 1381/1363/1338
f 1381/1363/1338 1380/1362/1337 1382/1364/1339
f 1381/1363/1338 1382/1364/1339 1383/1365/1340
f 1375/1357/1332 1377/1359/1334 1384/1366/1341
f 1375/1357/1332 1384/1366/1341 1380/1362/1337
f 1380/1362/1337 1384/1366/1341 1385/1367/1342
f 1380/1362/1337 1385/1367/1342 1382/1364/1339
f 1311/1293/1273 1381/1363/1338 1386/1368/1343
f 1311/1293/1273 1386/1368/1343 1387/1369/1344
f 1387/1369/1344 1386/1368/1343 1388/1370/1345
f 1387/1369/1344 1388/1370/1345 1389/1371/1346
f 1381/1363/1338 1383/1365/1340 1390/1372/1347
f 1381/1363/1338 1390/1372/1347 1386/1368/1343
f 1386/1368/1343 1390/1372/1347 1391/1373/1348
f 1386/1368/1343 1391/1373/1348 1388/1370/1345
f 1311/1293/1273 1387/1369/1344 1392/1374/1349
f 1311/1293/1273 1392/1374/1349 1393/1375/1350
f 1393/1375/1350 1392/1374/1349 1394/1376/1351
f 1393/1375/1350 1394/1376/1351 1395/1377/1352
f 1387/1369/1344 1389/1371/1346 1396/1378/1353
f 1387/1369/1344 1396/1378/1353 1392/1374/1349
f 1392/1374/1349 1396/1378/1353 1397/1379/1354
f 1392/1374/1349 1397/1379/1354 1394/1376/1351
f 1311/1293/1273 1393/1375/1350 1398/1380/1355
f 1311/1293/1273 1398/1380/1355 1399/1381/1356
f 1399/1381/1356 1398/1380/1355 1400/1382/1357
f 1399/1381/1356 1400/1382/1357 1401/1383/1358
f 1393/1375/1350 1395/1377/1352 1402/1384/1359
f 1393/1375/1350 1402/1384/1359 1398/1380/1355
f 1398/1380/1355 1402/1384/1359 1403/1385/1360
f 1398/1380/1355 1403/1385/1360 1400/1382/1357
f 1311/1293/1273 1399/1381/1356 1404/1386/1361
f 1311/1293/1273 1404/1386/1361 1405/1387/1362
f 1405/1387/1362 1404/1386/1361 1406/1388/1363
f 1405/1387/1362 1406/1388/1363 1407/1389/1364
f 1399/1381/1356 1401/1383/1358 1408/1390/1365
f 1399/1381/1356 1408/1390/1365 1404/1386/1361
f 1404/1386/1361 1408/1390/1365 1409/1391/1366
f 1404/1386/1361 1409/1391/1366 1406/1388/1363
f 1311/1293/1273 1405/1387/1362 1410/1392/1367
f 1311/1293/1273 1410/1392/1367 1411/1393/1368
f 1411/1393/1368 1410/1392/1367 1412/1394/1369
f 1411/1393/1368 1412/1394/1369 1413/1395/1370
f 1405/1387/1362 1407/1389/1364 1414/1396/1371
f 1405/1387/1362 1414/1396/1371 1410/1392/1367
f 1410/1392/1367 1414/1396/1371 1415/1397/1372
f 1410/1392/1367 1415/1397/1372 1412/1394/1369
f 1311/1293/1273 1411/1393/1368 1416/1398/1373
f 1311/1293/1273 1416/1398/1373 1417/1399/1374
f 1417/1399/1374 1416/1398/1373 1418/1400/1375
f 1417/1399/1374 1418/1400/1375 1419/1401/1376
f 1411/1393/1368 1413/1395/1370 1420/1402/1377
f 1411/1393/1368 1420/1402/1377 1416/1398/1373
f 1416/1398/1373 1420/1402/1377 1421/1403/1378
f 1416/1398/1373 1421/1403/1378 1418/1400/1375
f 1311/1293/1273 1417/1399/1374 1422/1404/1379
f 1311/1293/1273 1422/1404/1379 1423/1405/1380
f 1423/1405/1380 1422/1404/1379 1424/1406/1381
f 1423/1405/1380 1424/1406/1381 1425/1407/1382
f 1417/1399/1374 1419/1401/1376 1426/1408/1383
f 1417/1399/1374 1426/1408/1383 1422/1404/1379
f 1422/1404/1379 1426/1408/1383 1427/1409/1384
f 1422/1404/1379 1427/1409/1384 1424/1406/1381
f 1311/1293/1273 1423/1405/1380 1428/1410/1385
f 1311/1293/1273 1428/1410/1385 1429/1411/1386
f 1429/1411/1386 1428/1410/1385 1430/1412/1387
f 1429/1411/1386 1430/1412/1387 1431/1413/1388
f 1423/1405/1380 1425/1407/1382 1432/1414/1389
f 1423/1405/1380 1432/1414/1389 1428/1410/1385
f 1428/1410/1385 1432/1414/1389 1433/1415/1390
f 1428/1410/1385 1433/1415/1390 1430/1412/1387
f 1311/1293/1273 1429/1411/1386 1434/1416/1391
f 1311/1293/1273 1434/1416/1391 1435/1417/1392
f 1435/1417/1392 1434/1416/1391 1436/1418/1393
f 1435/1417/1392 1436/1418/1393 1437/1419/1394
f 1429/1411/1386 1431/1413/1388 1438/1420/1395
f 1429/1411/1386 1438/1420/1395 1434/1416/1391
f 1434/1416/1391 1438/1420/1395 1439/1421/1396
f 1434/1416/1391 1439/1421/1396 1436/1418/1393
f 1311/1293/1273 1435/1417/1392 1440/1422/1397
f 1311/1293/1273 1440/1422/1397 1441/1423/1398
f 1441/1423/1398 1440/1422/1397 1442/1424/1399
f 1441/1423/1398 1442/1424/1399 1443/1425/1400
f 1435/1417/1392 1437/1419/1394 1444/1426/1401
f 1435/1417/1392 1444/1426/1401 1440/1422/1397
f 1440/1422/1397 1444/1426/1401 1445/1427/1402
f 1440/1422/1397 1445/1427/1402 1442/1424/1399
f 1311/1293/1273 1441/1423/1398 1446/1428/1403
f 1311/1293/1273 1446/1428/1403 1447/1429/1404
f 1447/1429/1404 1446/1428/1403 1448/1430/1405
f 1447/1429/1404 1448/1430/1405 1449/1431/1406
f 1441/1423/1398 1443/1425/1400 1450/1432/1407
f 1441/1423/1398 1450/1432/1407 1446/1428/1403
f 1446/1428/1403 1450/1432/1407 1451/1433/1408
f 1446/1428/1403 1451/1433/1408 1448/1430/1405
f 1311/1293/1273 1447/1429/1404 1452/1434/1409
f 1311/1293/1273 1452/1434/1409 1453/1435/1410
f 1453/1435/1410 1452/1434/1409 1454/1436/1411
f 1453/1435/1410 1454/1436/1411 1455/1437/1412
f 1447/1429/1404 1449/1431/1406 1456/1438/1413
f 1447/1429/1404 1456/1438/1413 1452/1434/1409
f 1452/1434/1409 1456/1438/1413 1457/1439/1414
f 1452/1434/1409 1457/1439/1414 1454/1436/1411
f 1311/1293/1273 1453/1435/1410 1458/1440/1415
f 1311/1293/1273 1458/1440/1415 1459/1441/1416
f 1459/1441/1416 1458/1440/1415 1460/1442/1417
f 1459/1441/1416 1460/1442/1417 1461/1443/1418
f 1453/1435/1410 1455/1437/1412 1462/1444/1419
f 1453/1435/1410 1462/1444/1419 1458/1440/1415
f 1458/1440/1415 1462/1444/1419 1463/1445/1420
f 1458/1440/1415 1463/1445/1420 1460/1442/1417
f 1311/1293/1273 1459/1441/1416 1464/1446/1421
f 1311/1293/1273 1464/1446/1421 1465/1447/1422
f 1465/1447/1422 1464/1446/1421 1466/1448/1423
f 1465/1447/1422 1466/1448/1423 1467/1449/1424
f 1459/1441/1416 1461/1443/1418 1468/1450/1425
f 1459/1441/1416 1468/1450/1425 1464/1446/1421
f 1464/1446/1421 1468/1450/1425 1469/1451/1426
f 1464/1446/1421 1469/1451/1426 1466/1448/1423
f 1311/1293/1273 1465/1447/1422 1470/1452/1427
f 1311/1293/1273 1470/1452/1427 1471/1453/1428
f 1471/1453/1428 1470/1452/1427 1472/1454/1429
f 1471/1453/1428 1472/1454/1429 1473/1455/1430
f 1465/1447/1422 1467/1449/1424 1474/1456/1431
f 1465/1447/1422 1474/1456/1431 1470/1452/1427
f 1470/1452/1427 1474/1456/1431 1475/1457/1432
f 1470/1452/1427 1475/1457/1432 1472/1454/1429
f 1311/1293/1273 1471/1453/1428 1476/1458/1433
f 1311/1293/1273 1476/1458/1433 1477/1459/1434
f 1477/1459/1434 1476/1458/1433 1478/1460/1435
f 1477/1459/1434 1478/1460/1435 1479/1461/1436
f 1471/1453/1428 1473/1455/1430 1480/1462/1437
f 1471/1453/1428 1480/1462/1437 1476/1458/1433
f 1476/1458/1433 1480/1462/1437 1481/1463/1438
f 1476/1458/1433 1481/1463/1438 1478/1460/1435
f 1311/1293/1273 1477/1459/1434 1482/1464/1439
f 1311/1293/1273 1482/1464/1439 1483/1465/1440
f 1483/1465/1440 1482/1464/1439 1484/1466/1441
f 1483/1465/1440 1484/1466/1441 1485/1467/1442
f 1477/1459/1434 1479/1461/1436 1486/1468/1443
f 1477/1459/1434 1486/1468/1443 1482/1464/1439
f 1482/1464/1439 1486/1468/1443 1487/1469/1444
f 1482/1464/1439 1487/1469/1444 1484/1466/1441
f 1311/1293/1273 1483/1465/1440 1488/1470/1445
f 1311/1293/1273 1488/1470/1445 1489/1471/1446
f 1489/1471/1446 1488/1470/1445 1490/1472/1447
f 1489/1471/1446 1490/1472/1447 1491/1473/1448
f 1483/1465/1440 1485/1467/1442 1492/1474/1449
f 1483/1465/1440 1492/1474/1449 1488/1470/1445
f 1488/1470/1445 1492/1474/1449 1493/1475/1450
f 1488/1470/1445 1493/1475/1450 1490/1472/1447
f 1311/1293/1273 1489/1471/1446 1494/1476/1451
f 1311/1293/1273 1494/1476/1451 1495/1477/1452
f 1495/1477/1452 1494/1476/1451 1496/1478/1453
f 1495/1477/1452 1496/1478/1453 1497/1479/1454
f 1489/1471/1446 1491/1473/1448 1498/1480/1455
f 1489/1471/1446 1498/1480/1455 1494/1476/1451
f 1494/1476/1451 1498/1480/1455 1499/1481/1456
f 1494/1476/1451 1499/1481/1456 1496/1478/1453
f 1311/1293/1273 1495/1477/1452 1500/1482/1457
f 1311/1293/1273 1500/1482/1457 1312/1294/1274
f 1312/1294/1274 1500/1482/1457 1501/1483/1458
f 1312/1294/1274 1501/1483/1458 1317/1299/1279
f 1495/1477/1452 1497/1479/1454 1502/1484/1459
f 1495/1477/1452 1502/1484/1459 1500/1482/1457
f 1500/1482/1457 1502/1484/1459 1503/1485/1460
f 1500/1482/1457 1503/1485/1460 1501/1483/1458
f 1504/1486/1461 1505/1487/1462 1506/1488/1463
f 1504/1486/1461 1506/1488/1463 1507/1489/1464
f 1507/1489/1464 1506/1488/1463 1508/1490/1465
f 1507/1489/1464 1508/1490/1465 1509/1491/1466
f 1505/1487/1462 1510/1492/1467 1511/1493/1468
f 1505/1487/1462 1511/1493/1468 1506/1488/1463
f 1506/1488/1463 1511/1493/1468 1512/1494/1469
f 1506/1488/1463 1512/1494/1469 1508/1490/1465
f 1504/1486/1461 1507/1489/1464 1513/1495/1470
f 1504/1486/1461 1513/1495/1470 1514/1496/1471
f 1514/1496/1471 1513/1495/1470 1515/1497/1472
f 1514/1496/1471 1515/1497/1472 1516/1498/1473
f 1507/1489/1464 1509/1491/1466 1517/1499/1474
f 1507/1489/1464 1517/1499/1474 1513/1495/1470
f 1513/1495/1470 1517/1499/1474 1518/1500/1475
f 1513/1495/1470 1518/1500/1475 1515/1497/1472
f 1504/1486/1461 1514/1496/1471 1519/1501/1476
f 1504/1486/1461 1519/1501/1476 1520/1502/1477
f 1520/1502/1477 1519/1501/1476 1521/1503/1449
f 1520/1502/1477 1521/1503/1449 1522/1504/1442
f 1514/1496/1471 1516/1498/1473 1523/1505/1478
f 1514/1496/1471 1523/1505/1478 1519/1501/1476
f 1519/1501/1476 1523/1505/1478 1524/1506/1450
f 1519/1501/1476 1524/1506/1450 1521/1503/1449
f 1504/1486/1461 1520/1502/1477 1525/1507/1479
f 1504/1486/1461 1525/1507/1479 1505/1487/1462
f 1505/1487/1462 1525/1507/1479 1526/1508/1480
f 1505/1487/1462 1526/1508/1480 1510/1492/1467
f 1520/1502/1477 1522/1504/1442 1527/1509/1441
f 1520/1502/1477 1527/1509/1441 1525/1507/1479
f 1525/1507/1479 1527/1509/1441 1528/1510/1444
f 1525/1507/1479 1528/1510/1444 1526/1508/1480
f 1529/1511/1481 1530/1512/1482 1531/1513/1483
f 1529/1511/1481 1531/1513/1483 1532/1514/1484
f 1532/1514/1484 1531/1513/1483 1533/1515/1485
f 1532/1514/1484 1533/1515/1485 1534/1516/1486
f 1530/1512/1482 1535/1517/1487 1536/1518/1488
f 1530/1512/1482 1536/1518/1488 1531/1513/1483
f 1531/1513/1483 1536/1518/1488 1537/1519/1489
f 1531/1513/1483 1537/1519/1489 1533/1515/1485
f 1529/1511/1481 1532/1514/1484 1538/1520/1490
f 1529/1511/1481 1538/1520/1490 1539/1521/1491
f 1539/1521/1491 1538/1520/1490 1540/1522/1492
f 1539/1521/1491 1540/1522/1492 1541/1523/1493
f 1532/1514/1484 1534/1516/1486 1542/1524/1494
f 1532/1514/1484 1542/1524/1494 1538/1520/1490
f 1538/1520/1490 1542/1524/1494 1543/1525/1495
f 1538/1520/1490 1543/1525/1495 1540/1522/1492
f 1529/1511/1481 1539/1521/1491 1544/1526/1496
f 1529/1511/1481 1544/1526/1496 1545/1527/1497
f 1545/1527/1497 1544/1526/1496 1546/1528/1371
f 1545/1527/1497 1546/1528/1371 1547/1529/1364
f 1539/1521/1491 1541/1523/1493 1548/1530/1498
f 1539/1521/1491 1548/1530/1498 1544/1526/1496
f 1544/1526/1496 1548/1530/1498 1549/1531/1372
f 1544/1526/1496 1549/1531/1372 1546/1528/1371
f 1529/1511/1481 1545/1527/1497 1550/1532/1499
f 1529/1511/1481 1550/1532/1499 1530/1512/1482
f 1530/1512/1482 1550/1532/1499 1551/1533/1500
f 1530/1512/1482 1551/1533/1500 1535/1517/1487
f 1545/1527/1497 1547/1529/1364 1552/1534/1363
f 1545/1527/1497 1552/1534/1363 1550/1532/1499
f 1550/1532/1499 1552/1534/1363 1553/1535/1366
f 1550/1532/1499 1553/1535/1366 1551/1533/1500
f 1554/1536/1501 1555/1537/1502 1556/1538/1503
f 1554/1536/1501 1556/1538/1503 1557/1539/1504
f 1557/1539/1504 1556/1538/1503 1558/1540/1505
f 1557/1539/1504 1558/1540/1505 1559/1541/1506
f 1555/1537/1502 802/784/768 801/783/767
f 1555/1537/1502 801/783/767 1556/1538/1503
f 1556/1538/1503 801/783/767 804/786/770
f 1556/1538/1503 804/786/770 1558/1540/1505
f 1554/1536/1501 1557/1539/1504 1560/1542/1507
f 1554/1536/1501 1560/1542/1507 1561/1543/1508
f 1561/1543/1508 1560/1542/1507 1562/1544/1509
f 1561/1543/1508 1562/1544/1509 1563/1545/1510
f 1557/1539/1504 1559/1541/1506 1564/1546/1511
f 1557/1539/1504 1564/1546/1511 1560/1542/1507
f 1560/1542/1507 1564/1546/1511 1565/1547/1512
f 1560/1542/1507 1565/1547/1512 1562/1544/1509
f 1554/1536/1501 1561/1543/1508 1566/1548/1513
f 1554/1536/1501 1566/1548/1513 1567/1549/1514
f 1567/1549/1514 1566/1548/1513 1568/1550/1293
f 1567/1549/1514 1568/1550/1293 1569/1551/1288
f 1561/1543/1508 1563/1545/1510 1570/1552/1515
f 1561/1543/1508 1570/1552/1515 1566/1548/1513
f 1566/1548/1513 1570/1552/1515 1571/1553/1294
f 1566/1548/1513 1571/1553/1294 1568/1550/1293
f 1554/1536/1501 1567/1549/1514 1572/1554/1516
f 1554/1536/1501 1572/1554/1516 1555/1537/1502
f 1555/1537/1502 1572/1554/1516 809/791/775
f 1555/1537/1502 809/791/775 802/784/768
f 1567/1549/1514 1569/1551/1288 1573/1555/1287
f 1567/1549/1514 1573/1555/1287 1572/1554/1516
f 1572/1554/1516 1573/1555/1287 810/792/776
f 1572/1554/1516 810/792/776 809/791/775
f 1574/1556/1517 1575/1557/1518 1576/1558/1519
f 1574/1556/1517 1576/1558/1519 1577/1559/1520
f 1577/1559/1520 1576/1558/1519 1578/1560/1521
f 1577/1559/1520 1578/1560/1521 1579/1561/1522
f 1575/1557/1518 1516/1498/1473 1515/1497/1472
f 1575/1557/1518 1515/1497/1472 1576/1558/1519
f 1576/1558/1519 1515/1497/1472 1518/1500/1475
f 1576/1558/1519 1518/1500/1475 1578/1560/1521
f 1574/1556/1517 1577/1559/1520 1580/1562/1523
f 1574/1556/1517 1580/1562/1523 1581/1563/1524
f 1581/1563/1524 1580/1562/1523 1582/1564/1525
f 1581/1563/1524 1582/1564/1525 1583/1565/1526
f 1577/1559/1520 1579/1561/1522 1584/1566/1527
f 1577/1559/1520 1584/1566/1527 1580/1562/1523
f 1580/1562/1523 1584/1566/1527 1585/1567/1528
f 1580/1562/1523 1585/1567/1528 1582/1564/1525
f 1574/1556/1517 1581/1563/1524 1586/1568/1529
f 1574/1556/1517 1586/1568/1529 1587/1569/1530
f 1587/1569/1530 1586/1568/1529 1588/1570/1455
f 1587/1569/1530 1588/1570/1455 1589/1571/1448
f 1581/1563/1524 1583/1565/1526 1590/1572/1531
f 1581/1563/1524 1590/1572/1531 1586/1568/1529
f 1586/1568/1529 1590/1572/1531 1591/1573/1456
f 1586/1568/1529 1591/1573/1456 1588/1570/1455
f 1574/1556/1517 1587/1569/1530 1592/1574/1532
f 1574/1556/1517 1592/1574/1532 1575/1557/1518
f 1575/1557/1518 1592/1574/1532 1523/1505/1478
f 1575/1557/1518 1523/1505/1478 1516/1498/1473
f 1587/1569/1530 1589/1571/1448 1593/1575/1447
f 1587/1569/1530 1593/1575/1447 1592/1574/1532
f 1592/1574/1532 1593/1575/1447 1524/1506/1450
f 1592/1574/1532 1524/1506/1450 1523/1505/1478
f 1594/1576/1533 1595/1577/1534 1596/1578/1535
f 1594/1576/1533 1596/1578/1535 1597/1579/1536
f 1597/1579/1536 1596/1578/1535 1598/1580/1537
f 1597/1579/1536 1598/1580/1537 1599/1581/1538
f 1595/1577/1534 1600/1582/1493 1601/1583/1492
f 1595/1577/1534 1601/1583/1492 1596/1578/1535
f 1596/1578/1535 1601/1583/1492 1602/1584/1495
f 1596/1578/1535 1602/1584/1495 1598/1580/1537
f 1594/1576/1533 1597/1579/1536 1603/1585/1539
f 1594/1576/1533 1603/1585/1539 1604/1586/1540
f 1604/1586/1540 1603/1585/1539 1605/1587/1541
f 1604/1586/1540 1605/1587/1541 1606/1588/1542
f 1597/1579/1536 1599/1581/1538 1607/1589/1543
f 1597/1579/1536 1607/1589/1543 1603/1585/1539
f 1603/1585/1539 1607/1589/1543 1608/1590/1544
f 1603/1585/1539 1608/1590/1544 1605/1587/1541
f 1594/1576/1533 1604/1586/1540 1609/1591/1545
f 1594/1576/1533 1609/1591/1545 1610/1592/1546
f 1610/1592/1546 1609/1591/1545 1611/1593/1377
f 1610/1592/1546 1611/1593/1377 1612/1594/1370
f 1604/1586/1540 1606/1588/1542 1613/1595/1547
f 1604/1586/1540 1613/1595/1547 1609/1591/1545
f 1609/1591/1545 1613/1595/1547 1614/1596/1378
f 1609/1591/1545 1614/1596/1378 1611/1593/1377
f 1594/1576/1533 1610/1592/1546 1615/1597/1548
f 1594/1576/1533 1615/1597/1548 1595/1577/1534
f 1595/1577/1534 1615/1597/1548 1616/1598/1498
f 1595/1577/1534 1616/1598/1498 1600/1582/1493
f 1610/1592/1546 1612/1594/1370 1617/1599/1369
f 1610/1592/1546 1617/1599/1369 1615/1597/1548
f 1615/1597/1548 1617/1599/1369 1618/1600/1372
f 1615/1597/1548 1618/1600/1372 1616/1598/1498
f 1619/1601/1549 1620/1602/1550 1621/1603/1551
f 1619/1601/1549 1621/1603/1551 1622/1604/1552
f 1622/1604/1552 1621/1603/1551 1623/1605/1553
f 1622/1604/1552 1623/1605/1553 1624/1606/1554
f 1620/1602/1550 1563/1545/1510 1562/1544/1509
f 1620/1602/1550 1562/1544/1509 1621/1603/1551
f 1621/1603/1551 1562/1544/1509 1565/1547/1512
f 1621/1603/1551 1565/1547/1512 1623/1605/1553
f 1619/1601/1549 1622/1604/1552 1625/1607/1555
f 1619/1601/1549 1625/1607/1555 1626/1608/1556
f 1626/1608/1556 1625/1607/1555 1627/1609/1557
f 1626/1608/1556 1627/1609/1557 1628/1610/1558
f 1622/1604/1552 1624/1606/1554 1629/1611/1559
f 1622/1604/1552 1629/1611/1559 1625/1607/1555
f 1625/1607/1555 1629/1611/1559 1630/1612/1560
f 1625/1607/1555 1630/1612/1560 1627/1609/1557
f 1619/1601/1549 1626/1608/1556 1631/1613/1561
f 1619/1601/1549 1631/1613/1561 1632/1614/1562
f 1632/1614/1562 1631/1613/1561 1633/1615/1299
f 1632/1614/1562 1633/1615/1299 1634/1616/1292
f 1626/1608/1556 1628/1610/1558 1635/1617/1563
f 1626/1608/1556 1635/1617/1563 1631/1613/1561
f 1631/1613/1561 1635/1617/1563 1636/1618/1300
f 1631/1613/1561 1636/1618/1300 1633/1615/1299
f 1619/1601/1549 1632/1614/1562 1637/1619/1564
f 1619/1601/1549 1637/1619/1564 1620/1602/1550
f 1620/1602/1550 1637/1619/1564 1570/1552/1515
f 1620/1602/1550 1570/1552/1515 1563/1545/1510
f 1632/1614/1562 1634/1616/1292 1638/1620/1291
f 1632/1614/1562 1638/1620/1291 1637/1619/1564
f 1637/1619/1564 1638/1620/1291 1571/1553/1294
f 1637/1619/1564 1571/1553/1294 1570/1552/1515
f 1639/1621/1565 1640/1622/1566 1641/1623/1567
f 1639/1621/1565 1641/1623/1567 1642/1624/1568
f 1642/1624/1568 1641/1623/1567 1643/1625/1569
f 1642/1624/1568 1643/1625/1569 1644/1626/1570
f 1640/1622/1566 1583/1565/1526 1582/1564/1525
f 1640/1622/1566 1582/1564/1525 1641/1623/1567
f 1641/1623/1567 1582/1564/1525 1585/1567/1528
f 1641/1623/1567 1585/1567/1528 1643/1625/1569
f 1639/1621/1565 1642/1624/1568 1645/1627/1571
f 1639/1621/1565 1645/1627/1571 1646/1628/1572
f 1646/1628/1572 1645/1627/1571 1647/1629/1573
f 1646/1628/1572 1647/1629/1573 1648/1630/1574
f 1642/1624/1568 1644/1626/1570 1649/1631/1575
f 1642/1624/1568 1649/1631/1575 1645/1627/1571
f 1645/1627/1571 1649/1631/1575 1650/1632/1576
f 1645/1627/1571 1650/1632/1576 1647/1629/1573
f 1639/1621/1565 1646/1628/1572 1651/1633/1577
f 1639/1621/1565 1651/1633/1577 1652/1634/1578
f 1652/1634/1578 1651/1633/1577 1653/1635/1459
f 1652/1634/1578 1653/1635/1459 1654/1636/1454
f 1646/1628/1572 1648/1630/1574 1655/1637/1579
f 1646/1628/1572 1655/1637/1579 1651/1633/1577
f 1651/1633/1577 1655/1637/1579 1656/1638/1460
f 1651/1633/1577 1656/1638/1460 1653/1635/1459
f 1639/1621/1565 1652/1634/1578 1657/1639/1580
f 1639/1621/1565 1657/1639/1580 1640/1622/1566
f 1640/1622/1566 1657/1639/1580 1590/1572/1531
f 1640/1622/1566 1590/1572/1531 1583/1565/1526
f 1652/1634/1578 1654/1636/1454 1658/1640/1453
f 1652/1634/1578 1658/1640/1453 1657/1639/1580
f 1657/1639/1580 1658/1640/1453 1591/1573/1456
f 1657/1639/1580 1591/1573/1456 1590/1572/1531
f 1659/1641/1581 1660/1642/1582 1661/1643/1583
f 1659/1641/1581 1661/1643/1583 1662/1644/1584
f 1662/1644/1584 1661/1643/1583 1663/1645/1585
f 1662/1644/1584 1663/1645/1585 1664/1646/1586
f 1660/1642/1582 1606/1588/1542 1605/1587/1541
f 1660/1642/1582 1605/1587/1541 1661/1643/1583
f 1661/1643/1583 1605/1587/1541 1608/1590/1544
f 1661/1643/1583 1608/1590/1544 1663/1645/1585
f 1659/1641/1581 1662/1644/1584 1665/1647/1587
f 1659/1641/1581 1665/1647/1587 1666/1648/1588
f 1666/1648/1588 1665/1647/1587 1667/1649/1589
f 1666/1648/1588 1667/1649/1589 1668/1650/1590
f 1662/1644/1584 1664/1646/1586 1669/1651/1591
f 1662/1644/1584 1669/1651/1591 1665/1647/1587
f 1665/1647/1587 1669/1651/1591 1670/1652/1592
f 1665/1647/1587 1670/1652/1592 1667/1649/1589
f 1659/1641/1581 1666/1648/1588 1671/1653/1593
f 1659/1641/1581 1671/1653/1593 1672/1654/1594
f 1672/1654/1594 1671/1653/1593 1673/1655/1383
f 1672/1654/1594 1673/1655/1383 1674/1656/1376
f 1666/1648/1588 1668/1650/1590 1675/1657/1595
f 1666/1648/1588 1675/1657/1595 1671/1653/1593
f 1671/1653/1593 1675/1657/1595 1676/1658/1384
f 1671/1653/1593 1676/1658/1384 1673/1655/1383
f 1659/1641/1581 1672/1654/1594 1677/1659/1596
f 1659/1641/1581 1677/1659/1596 1660/1642/1582
f 1660/1642/1582 1677/1659/1596 1613/1595/1547
f 1660/1642/1582 1613/1595/1547 1606/1588/1542
f 1672/1654/1594 1674/1656/1376 1678/1660/1375
f 1672/1654/1594 1678/1660/1375 1677/1659/1596
f 1677/1659/1596 1678/1660/1375 1614/1596/1378
f 1677/1659/1596 1614/1596/1378 1613/1595/1547
f 1679/1661/1597 1680/1662/1598 1681/1663/1599
f 1679/1661/1597 1681/1663/1599 1682/1664/1600
f 1682/1664/1600 1681/1663/1599 1683/1665/1601
f 1682/1664/1600 1683/1665/1601 1684/1666/1602
f 1680/1662/1598 1628/1610/1558 1627/1609/1557
f 1680/1662/1598 1627/1609/1557 1681/1663/1599
f 1681/1663/1599 1627/1609/1557 1630/1612/1560
f 1681/1663/1599 1630/1612/1560 1683/1665/1601
f 1679/1661/1597 1682/1664/1600 1685/1667/1603
f 1679/1661/1597 1685/1667/1603 1686/1668/1604
f 1686/1668/1604 1685/1667/1603 1687/1669/1605
f 1686/1668/1604 1687/1669/1605 1688/1670/1606
f 1682/1664/1600 1684/1666/1602 1689/1671/1607
f 1682/1664/1600 1689/1671/1607 1685/1667/1603
f 1685/1667/1603 1689/1671/1607 1690/1672/1608
f 1685/1667/1603 1690/1672/1608 1687/1669/1605
f 1679/1661/1597 1686/1668/1604 1691/1673/1609
f 1679/1661/1597 1691/1673/1609 1692/1674/1610
f 1692/1674/1610 1691/1673/1609 1693/1675/1305
f 1692/1674/1610 1693/1675/1305 1694/1676/1298
f 1686/1668/1604 1688/1670/1606 1695/1677/1611
f 1686/1668/1604 1695/1677/1611 1691/1673/1609
f 1691/1673/1609 1695/1677/1611 1696/1678/1306
f 1691/1673/1609 1696/1678/1306 1693/1675/1305
f 1679/1661/1597 1692/1674/1610 1697/1679/1612
f 1679/1661/1597 1697/1679/1612 1680/1662/1598
f 1680/1662/1598 1697/1679/1612 1635/1617/1563
f 1680/1662/1598 1635/1617/1563 1628/1610/1558
f 1692/1674/1610 1694/1676/1298 1698/1680/1297
f 1692/1674/1610 1698/1680/1297 1697/1679/1612
f 1697/1679/1612 1698/1680/1297 1636/1618/1300
f 1697/1679/1612 1636/1618/1300 1635/1617/1563
f 1699/1681/1613 1700/1682/1614 1701/1683/1615
f 1699/1681/1613 1701/1683/1615 1702/1684/1616
f 1702/1684/1616 1701/1683/1615 1703/1685/1617
f 1702/1684/1616 1703/1685/1617 1704/1686/1618
f 1700/1682/1614 1648/1630/1574 1647/1629/1573
f 1700/1682/1614 1647/1629/1573 1701/1683/1615
f 1701/1683/1615 1647/1629/1573 1650/1632/1576
f 1701/1683/1615 1650/1632/1576 1703/1685/1617
f 1699/1681/1613 1702/1684/1616 1705/1687/1619
f 1699/1681/1613 1705/1687/1619 1706/1688/1620
f 1706/1688/1620 1705/1687/1619 1707/1689/1621
f 1706/1688/1620 1707/1689/1621 1708/1690/1622
f 1702/1684/1616 1704/1686/1618 1709/1691/1623
f 1702/1684/1616 1709/1691/1623 1705/1687/1619
f 1705/1687/1619 1709/1691/1623 1710/1692/1624
f 1705/1687/1619 1710/1692/1624 1707/1689/1621
f 1699/1681/1613 1706/1688/1620 1711/1693/1625
f 1699/1681/1613 1711/1693/1625 1712/1694/1626
f 1712/1694/1626 1711/1693/1625 1713/1695/1280
f 1712/1694/1626 1713/1695/1280 1714/1696/1279
f 1706/1688/1620 1708/1690/1622 1715/1697/1627
f 1706/1688/1620 1715/1697/1627 1711/1693/1625
f 1711/1693/1625 1715/1697/1627 1716/1698/1281
f 1711/1693/1625 1716/1698/1281 1713/1695/1280
f 1699/1681/1613 1712/1694/1626 1717/1699/1628
f 1699/1681/1613 1717/1699/1628 1700/1682/1614
f 1700/1682/1614 1717/1699/1628 1655/1637/1579
f 1700/1682/1614 1655/1637/1579 1648/1630/1574
f 1712/1694/1626 1714/1696/1279 1718/1700/1458
f 1712/1694/1626 1718/1700/1458 1717/1699/1628
f 1717/1699/1628 1718/1700/1458 1656/1638/1460
f 1717/1699/1628 1656/1638/1460 1655/1637/1579
f 1719/1701/1629 1720/1702/1630 1721/1703/1631
f 1719/1701/1629 1721/1703/1631 1722/1704/1632
f 1722/1704/1632 1721/1703/1631 1723/1705/1633
f 1722/1704/1632 1723/1705/1633 1724/1706/1634
f 1720/1702/1630 1668/1650/1590 1667/1649/1589
f 1720/1702/1630 1667/1649/1589 1721/1703/1631
f 1721/1703/1631 1667/1649/1589 1670/1652/1592
f 1721/1703/1631 1670/1652/1592 1723/1705/1633
f 1719/1701/1629 1722/1704/1632 1725/1707/1635
f 1719/1701/1629 1725/1707/1635 1726/1708/1636
f 1726/1708/1636 1725/1707/1635 1727/1709/1637
f 1726/1708/1636 1727/1709/1637 1728/1710/1638
f 1722/1704/1632 1724/1706/1634 1729/1711/1639
f 1722/1704/1632 1729/1711/1639 1725/1707/1635
f 1725/1707/1635 1729/1711/1639 1730/1712/1640
f 1725/1707/1635 1730/1712/1640 1727/1709/1637
f 1719/1701/1629 1726/1708/1636 1731/1713/1641
f 1719/1701/1629 1731/1713/1641 1732/1714/1642
f 1732/1714/1642 1731/1713/1641 1733/1715/1389
f 1732/1714/1642 1733/1715/1389 1734/1716/1382
f 1726/1708/1636 1728/1710/1638 1735/1717/1643
f 1726/1708/1636 1735/1717/1643 1731/1713/1641
f 1731/1713/1641 1735/1717/1643 1736/1718/1390
f 1731/1713/1641 1736/1718/1390 1733/1715/1389
f 1719/1701/1629 1732/1714/1642 1737/1719/1644
f 1719/1701/1629 1737/1719/1644 1720/1702/1630
f 1720/1702/1630 1737/1719/1644 1675/1657/1595
f 1720/1702/1630 1675/1657/1595 1668/1650/1590
f 1732/1714/1642 1734/1716/1382 1738/1720/1381
f 1732/1714/1642 1738/1720/1381 1737/1719/1644
f 1737/1719/1644 1738/1720/1381 1676/1658/1384
f 1737/1719/1644 1676/1658/1384 1675/1657/1595
f 1739/1721/1645 1740/1722/1646 1741/1723/1647
f 1739/1721/1645 1741/1723/1647 1742/1724/1648
f 1742/1724/1648 1741/1723/1647 1743/1725/1649
f 1742/1724/1648 1743/1725/1649 1744/1726/1650
f 1740/1722/1646 1688/1670/1606 1687/1669/1605
f 1740/1722/1646 1687/1669/1605 1741/1723/1647
f 1741/1723/1647 1687/1669/1605 1690/1672/1608
f 1741/1723/1647 1690/1672/1608 1743/1725/1649
f 1739/1721/1645 1742/1724/1648 1745/1727/1651
f 1739/1721/1645 1745/1727/1651 1746/1728/1652
f 1746/1728/1652 1745/1727/1651 1747/1729/1653
f 1746/1728/1652 1747/1729/1653 1748/1730/1654
f 1742/1724/1648 1744/1726/1650 1749/1731/1655
f 1742/1724/1648 1749/1731/1655 1745/1727/1651
f 1745/1727/1651 1749/1731/1655 1750/1732/1656
f 1745/1727/1651 1750/1732/1656 1747/1729/1653
f 1739/1721/1645 1746/1728/1652 1751/1733/1657
f 1739/1721/1645 1751/1733/1657 1752/1734/1658
f 1752/1734/1658 1751/1733/1657 1753/1735/1311
f 1752/1734/1658 1753/1735/1311 1754/1736/1304
f 1746/1728/1652 1748/1730/1654 1755/1737/1659
f 1746/1728/1652 1755/1737/1659 1751/1733/1657
f 1751/1733/1657 1755/1737/1659 1756/1738/1312
f 1751/1733/1657 1756/1738/1312 1753/1735/1311
f 1739/1721/1645 1752/1734/1658 1757/1739/1660
f 1739/1721/1645 1757/1739/1660 1740/1722/1646
f 1740/1722/1646 1757/1739/1660 1695/1677/1611
f 1740/1722/1646 1695/1677/1611 1688/1670/1606
f 1752/1734/1658 1754/1736/1304 1758/1740/1303
f 1752/1734/1658 1758/1740/1303 1757/1739/1660
f 1757/1739/1660 1758/1740/1303 1696/1678/1306
f 1757/1739/1660 1696/1678/1306 1695/1677/1611
f 1759/1741/1661 1760/1742/1662 1761/1743/1663
f 1759/1741/1661 1761/1743/1663 1762/1744/1664
f 1762/1744/1664 1761/1743/1663 1763/1745/1665
f 1762/1744/1664 1763/1745/1665 1764/1746/1666
f 1760/1742/1662 1728/1710/1638 1727/1709/1637
f 1760/1742/1662 1727/1709/1637 1761/1743/1663
f 1761/1743/1663 1727/1709/1637 1730/1712/1640
f 1761/1743/1663 1730/1712/1640 1763/1745/1665
f 1759/1741/1661 1762/1744/1664 1765/1747/1667
f 1759/1741/1661 1765/1747/1667 1766/1748/1668
f 1766/1748/1668 1765/1747/1667 1767/1749/1669
f 1766/1748/1668 1767/1749/1669 1768/1750/1670
f 1762/1744/1664 1764/1746/1666 1769/1751/1671
f 1762/1744/1664 1769/1751/1671 1765/1747/1667
f 1765/1747/1667 1769/1751/1671 1770/1752/1672
f 1765/1747/1667 1770/1752/1672 1767/1749/1669
f 1759/1741/1661 1766/1748/1668 1771/1753/1673
f 1759/1741/1661 1771/1753/1673 1772/1754/1674
f 1772/1754/1674 1771/1753/1673 1773/1755/1395
f 1772/1754/1674 1773/1755/1395 1774/1756/1388
f 1766/1748/1668 1768/1750/1670 1775/1757/1675
f 1766/1748/1668 1775/1757/1675 1771/1753/1673
f 1771/1753/1673 1775/1757/1675 1776/1758/1396
f 1771/1753/1673 1776/1758/1396 1773/1755/1395
f 1759/1741/1661 1772/1754/1674 1777/1759/1676
f 1759/1741/1661 1777/1759/1676 1760/1742/1662
f 1760/1742/1662 1777/1759/1676 1735/1717/1643
f 1760/1742/1662 1735/1717/1643 1728/1710/1638
f 1772/1754/1674 1774/1756/1388 1778/1760/1387
f 1772/1754/1674 1778/1760/1387 1777/1759/1676
f 1777/1759/1676 1778/1760/1387 1736/1718/1390
f 1777/1759/1676 1736/1718/1390 1735/1717/1643
f 1779/1761/1677 1780/1762/1678 1781/1763/1679
f 1779/1761/1677 1781/1763/1679 1782/1764/1680
f 1782/1764/1680 1781/1763/1679 1783/1765/1681
f 1782/1764/1680 1783/1765/1681 1784/1766/1682
f 1780/1762/1678 1748/1730/1654 1747/1729/1653
f 1780/1762/1678 1747/1729/1653 1781/1763/1679
f 1781/1763/1679 1747/1729/1653 1750/1732/1656
f 1781/1763/1679 1750/1732/1656 1783/1765/1681
f 1779/1761/1677 1782/1764/1680 1785/1767/1683
f 1779/1761/1677 1785/1767/1683 1786/1768/1684
f 1786/1768/1684 1785/1767/1683 1787/1769/1685
f 1786/1768/1684 1787/1769/1685 1788/1770/1686
f 1782/1764/1680 1784/1766/1682 1789/1771/1687
f 1782/1764/1680 1789/1771/1687 1785/1767/1683
f 1785/1767/1683 1789/1771/1687 1790/1772/1688
f 1785/1767/1683 1790/1772/1688 1787/1769/1685
f 1779/1761/1677 1786/1768/1684 1791/1773/1689
f 1779/1761/1677 1791/1773/1689 1792/1774/1690
f 1792/1774/1690 1791/1773/1689 1793/1775/1317
f 1792/1774/1690 1793/1775/1317 1794/1776/1310
f 1786/1768/1684 1788/1770/1686 1795/1777/1691
f 1786/1768/1684 1795/1777/1691 1791/1773/1689
f 1791/1773/1689 1795/1777/1691 1796/1778/1318
f 1791/1773/1689 1796/1778/1318 1793/1775/1317
f 1779/1761/1677 1792/1774/1690 1797/1779/1692
f 1779/1761/1677 1797/1779/1692 1780/1762/1678
f 1780/1762/1678 1797/1779/1692 1755/1737/1659
f 1780/1762/1678 1755/1737/1659 1748/1730/1654
f 1792/1774/1690 1794/1776/1310 1798/1780/1309
f 1792/1774/1690 1798/1780/1309 1797/1779/1692
f 1797/1779/1692 1798/1780/1309 1756/1738/1312
f 1797/1779/1692 1756/1738/1312 1755/1737/1659
f 1799/1781/1693 1800/1782/1694 1801/1783/1695
f 1799/1781/1693 1801/1783/1695 1802/1784/1696
f 1802/1784/1696 1801/1783/1695 1803/1785/1697
f 1802/1784/1696 1803/1785/1697 1804/1786/1698
f 1800/1782/1694 1768/1750/1670 1767/1749/1669
f 1800/1782/1694 1767/1749/1669 1801/1783/1695
f 1801/1783/1695 1767/1749/1669 1770/1752/1672
f 1801/1783/1695 1770/1752/1672 1803/1785/1697
f 1799/1781/1693 1802/1784/1696 1805/1787/1699
f 1799/1781/1693 1805/1787/1699 1806/1788/1700
f 1806/1788/1700 1805/1787/1699 1807/1789/1701
f 1806/1788/1700 1807/1789/1701 1808/1790/1702
f 1802/1784/1696 1804/1786/1698 1809/1791/1703
f 1802/1784/1696 1809/1791/1703 1805/1787/1699
f 1805/1787/1699 1809/1791/1703 1810/1792/1704
f 1805/1787/1699 1810/1792/1704 1807/1789/1701
f 1799/1781/1693 1806/1788/1700 1811/1793/1705
f 1799/1781/1693 1811/1793/1705 1812/1794/1706
f 1812/1794/1706 1811/1793/1705 1813/1795/1401
f 1812/1794/1706 1813/1795/1401 1814/1796/1394
f 1806/1788/1700 1808/1790/1702 1815/1797/1707
f 1806/1788/1700 1815/1797/1707 1811/1793/1705
f 1811/1793/1705 1815/1797/1707 1816/1798/1402
f 1811/1793/1705 1816/1798/1402 1813/1795/1401
f 1799/1781/1693 1812/1794/1706 1817/1799/1708
f 1799/1781/1693 1817/1799/1708 1800/1782/1694
f 1800/1782/1694 1817/1799/1708 1775/1757/1675
f 1800/1782/1694 1775/1757/1675 1768/1750/1670
f 1812/1794/1706 1814/1796/1394 1818/1800/1393
f 1812/1794/1706 1818/1800/1393 1817/1799/1708
f 1817/1799/1708 1818/1800/1393 1776/1758/1396
f 1817/1799/1708 1776/1758/1396 1775/1757/1675
f 1819/1801/1709 1820/1802/1710 1821/1803/1711
f 1819/1801/1709 1821/1803/1711 1822/1804/1712
f 1822/1804/1712 1821/1803/1711 1823/1805/1713
f 1822/1804/1712 1823/1805/1713 1824/1806/1714
f 1820/1802/1710 1788/1770/1686 1787/1769/1685
f 1820/1802/1710 1787/1769/1685 1821/1803/1711
f 1821/1803/1711 1787/1769/1685 1790/1772/1688
f 1821/1803/1711 1790/1772/1688 1823/1805/1713
f 1819/1801/1709 1822/1804/1712 1825/1807/1715
f 1819/1801/1709 1825/1807/1715 1826/1808/1716
f 1826/1808/1716 1825/1807/1715 1827/1809/1717
f 1826/1808/1716 1827/1809/1717 1828/1810/1718
f 1822/1804/1712 1824/1806/1714 1829/1811/1719
f 1822/1804/1712 1829/1811/1719 1825/1807/1715
f 1825/1807/1715 1829/1811/1719 1830/1812/1720
f 1825/1807/1715 1830/1812/1720 1827/1809/1717
f 1819/1801/1709 1826/1808/1716 1831/1813/1721
f 1819/1801/1709 1831/1813/1721 1832/1814/1722
f 1832/1814/1722 1831/1813/1721 1833/1815/1323
f 1832/1814/1722 1833/1815/1323 1834/1816/1316
f 1826/1808/1716 1828/1810/1718 1835/1817/1723
f 1826/1808/1716 1835/1817/1723 1831/1813/1721
f 1831/1813/1721 1835/1817/1723 1836/1818/1324
f 1831/1813/1721 1836/1818/1324 1833/1815/1323
f 1819/1801/1709 1832/1814/1722 1837/1819/1724
f 1819/1801/1709 1837/1819/1724 1820/1802/1710
f 1820/1802/1710 1837/1819/1724 1795/1777/1691
f 1820/1802/1710 1795/1777/1691 1788/1770/1686
f 1832/1814/1722 1834/1816/1316 1838/1820/1315
f 1832/1814/1722 1838/1820/1315 1837/1819/1724
f 1837/1819/1724 1838/1820/1315 1796/1778/1318
f 1837/1819/1724 1796/1778/1318 1795/1777/1691
f 1839/1821/1725 1840/1822/1726 1841/1823/1727
f 1839/1821/1725 1841/1823/1727 1842/1824/1728
f 1842/1824/1728 1841/1823/1727 1843/1825/1729
f 1842/1824/1728 1843/1825/1729 1844/1826/1730
f 1840/1822/1726 1808/1790/1702 1807/1789/1701
f 1840/1822/1726 1807/1789/1701 1841/1823/1727
f 1841/1823/1727 1807/1789/1701 1810/1792/1704
f 1841/1823/1727 1810/1792/1704 1843/1825/1729
f 1839/1821/1725 1842/1824/1728 1845/1827/1731
f 1839/1821/1725 1845/1827/1731 1846/1828/1732
f 1846/1828/1732 1845/1827/1731 1847/1829/1733
f 1846/1828/1732 1847/1829/1733 1848/1830/1734
f 1842/1824/1728 1844/1826/1730 1849/1831/1735
f 1842/1824/1728 1849/1831/1735 1845/1827/1731
f 1845/1827/1731 1849/1831/1735 1850/1832/1736
f 1845/1827/1731 1850/1832/1736 1847/1829/1733
f 1839/1821/1725 1846/1828/1732 1851/1833/1737
f 1839/1821/1725 1851/1833/1737 1852/1834/1738
f 1852/1834/1738 1851/1833/1737 1853/1835/1407
f 1852/1834/1738 1853/1835/1407 1854/1836/1400
f 1846/1828/1732 1848/1830/1734 1855/1837/1739
f 1846/1828/1732 1855/1837/1739 1851/1833/1737
f 1851/1833/1737 1855/1837/1739 1856/1838/1408
f 1851/1833/1737 1856/1838/1408 1853/1835/1407
f 1839/1821/1725 1852/1834/1738 1857/1839/1740
f 1839/1821/1725 1857/1839/1740 1840/1822/1726
f 1840/1822/1726 1857/1839/1740 1815/1797/1707
f 1840/1822/1726 1815/1797/1707 1808/1790/1702
f 1852/1834/1738 1854/1836/1400 1858/1840/1399
f 1852/1834/1738 1858/1840/1399 1857/1839/1740
f 1857/1839/1740 1858/1840/1399 1816/1798/1402
f 1857/1839/1740 1816/1798/1402 1815/1797/1707
f 1859/1841/1741 1860/1842/1742 1861/1843/1743
f 1859/1841/1741 1861/1843/1743 1862/1844/1744
f 1862/1844/1744 1861/1843/1743 1863/1845/1745
f 1862/1844/1744 1863/1845/1745 1864/1846/1746
f 1860/1842/1742 1828/1810/1718 1827/1809/1717
f 1860/1842/1742 1827/1809/1717 1861/1843/1743
f 1861/1843/1743 1827/1809/1717 1830/1812/1720
f 1861/1843/1743 1830/1812/1720 1863/1845/1745
f 1859/1841/1741 1862/1844/1744 1865/1847/1747
f 1859/1841/1741 1865/1847/1747 1866/1848/1748
f 1866/1848/1748 1865/1847/1747 1867/1849/1749
f 1866/1848/1748 1867/1849/1749 1868/1850/1750
f 1862/1844/1744 1864/1846/1746 1869/1851/1751
f 1862/1844/1744 1869/1851/1751 1865/1847/1747
f 1865/1847/1747 1869/1851/1751 1870/1852/1752
f 1865/1847/1747 1870/1852/1752 1867/1849/1749
f 1859/1841/1741 1866/1848/1748 1871/1853/1753
f 1859/1841/1741 1871/1853/1753 1872/1854/1754
f 1872/1854/1754 1871/1853/1753 1873/1855/1329
f 1872/1854/1754 1873/1855/1329 1874/1856/1322
f 1866/1848/1748 1868/1850/1750 1875/1857/1755
f 1866/1848/1748 1875/1857/1755 1871/1853/1753
f 1871/1853/1753 1875/1857/1755 1876/1858/1330
f 1871/1853/1753 1876/1858/1330 1873/1855/1329
f 1859/1841/1741 1872/1854/1754 1877/1859/1756
f 1859/1841/1741 1877/1859/1756 1860/1842/1742
f 1860/1842/1742 1877/1859/1756 1835/1817/1723
f 1860/1842/1742 1835/1817/1723 1828/1810/1718
f 1872/1854/1754 1874/1856/1322 1878/1860/1321
f 1872/1854/1754 1878/1860/1321 1877/1859/1756
f 1877/1859/1756 1878/1860/1321 1836/1818/1324
f 1877/1859/1756 1836/1818/1324 1835/1817/1723
f 1879/1861/1757 1880/1862/1758 1881/1863/1759
f 1879/1861/1757 1881/1863/1759 1882/1864/1760
f 1882/1864/1760 1881/1863/1759 1883/1865/1761
f 1882/1864/1760 1883/1865/1761 1884/1866/1762
f 1880/1862/1758 1848/1830/1734 1847/1829/1733
f 1880/1862/1758 1847/1829/1733 1881/1863/1759
f 1881/1863/1759 1847/1829/1733 1850/1832/1736
f 1881/1863/1759 1850/1832/1736 1883/1865/1761
f 1879/1861/1757 1882/1864/1760 1885/1867/1763
f 1879/1861/1757 1885/1867/1763 1886/1868/1764
f 1886/1868/1764 1885/1867/1763 1887/1869/1765
f 1886/1868/1764 1887/1869/1765 1888/1870/1766
f 1882/1864/1760 1884/1866/1762 1889/1871/1767
f 1882/1864/1760 1889/1871/1767 1885/1867/1763
f 1885/1867/1763 1889/1871/1767 1890/1872/1768
f 1885/1867/1763 1890/1872/1768 1887/1869/1765
f 1879/1861/1757 1886/1868/1764 1891/1873/1769
f 1879/1861/1757 1891/1873/1769 1892/1874/1770
f 1892/1874/1770 1891/1873/1769 1893/1875/1413
f 1892/1874/1770 1893/1875/1413 1894/1876/1406
f 1886/1868/1764 1888/1870/1766 1895/1877/1771
f 1886/1868/1764 1895/1877/1771 1891/1873/1769
f 1891/1873/1769 1895/1877/1771 1896/1878/1414
f 1891/1873/1769 1896/1878/1414 1893/1875/1413
f 1879/1861/1757 1892/1874/1770 1897/1879/1772
f 1879/1861/1757 1897/1879/1772 1880/1862/1758
f 1880/1862/1758 1897/1879/1772 1855/1837/1739
f 1880/1862/1758 1855/1837/1739 1848/1830/1734
f 1892/1874/1770 1894/1876/1406 1898/1880/1405
f 1892/1874/1770 1898/1880/1405 1897/1879/1772
f 1897/1879/1772 1898/1880/1405 1856/1838/1408
f 1897/1879/1772 1856/1838/1408 1855/1837/1739
f 1899/1881/1773 1900/1882/1774 1901/1883/1775
f 1899/1881/1773 1901/1883/1775 1902/1884/1776
f 1902/1884/1776 1901/1883/1775 1903/1885/1777
f 1902/1884/1776 1903/1885/1777 1904/1886/1778
f 1900/1882/1774 1868/1850/1750 1867/1849/1749
f 1900/1882/1774 1867/1849/1749 1901/1883/1775
f 1901/1883/1775 1867/1849/1749 1870/1852/1752
f 1901/1883/1775 1870/1852/1752 1903/1885/1777
f 1899/1881/1773 1902/1884/1776 1905/1887/1779
f 1899/1881/1773 1905/1887/1779 1906/1888/1780
f 1906/1888/1780 1905/1887/1779 1907/1889/1781
f 1906/1888/1780 1907/1889/1781 1908/1890/1782
f 1902/1884/1776 1904/1886/1778 1909/1891/1783
f 1902/1884/1776 1909/1891/1783 1905/1887/1779
f 1905/1887/1779 1909/1891/1783 1910/1892/1784
f 1905/1887/1779 1910/1892/1784 1907/1889/1781
f 1899/1881/1773 1906/1888/1780 1911/1893/1785
f 1899/1881/1773 1911/1893/1785 1912/1894/1786
f 1912/1894/1786 1911/1893/1785 1913/1895/1335
f 1912/1894/1786 1913/1895/1335 1914/1896/1328
f 1906/1888/1780 1908/1890/1782 1915/1897/1787
f 1906/1888/1780 1915/1897/1787 1911/1893/1785
f 1911/1893/1785 1915/1897/1787 1916/1898/1336
f 1911/1893/1785 1916/1898/1336 1913/1895/1335
f 1899/1881/1773 1912/1894/1786 1917/1899/1788
f 1899/1881/1773 1917/1899/1788 1900/1882/1774
f 1900/1882/1774 1917/1899/1788 1875/1857/1755
f 1900/1882/1774 1875/1857/1755 1868/1850/1750
f 1912/1894/1786 1914/1896/1328 1918/1900/1327
f 1912/1894/1786 1918/1900/1327 1917/1899/1788
f 1917/1899/1788 1918/1900/1327 1876/1858/1330
f 1917/1899/1788 1876/1858/1330 1875/1857/1755
f 1919/1901/1789 1920/1902/1790 1921/1903/1791
f 1919/1901/1789 1921/1903/1791 1922/1904/1792
f 1922/1904/1792 1921/1903/1791 1923/1905/1793
f 1922/1904/1792 1923/1905/1793 1924/1906/1794
f 1920/1902/1790 1888/1870/1766 1887/1869/1765
f 1920/1902/1790 1887/1869/1765 1921/1903/1791
f 1921/1903/1791 1887/1869/1765 1890/1872/1768
f 1921/1903/1791 1890/1872/1768 1923/1905/1793
f 1919/1901/1789 1922/1904/1792 1925/1907/1795
f 1919/1901/1789 1925/1907/1795 1926/1908/1796
f 1926/1908/1796 1925/1907/1795 1927/1909/1797
f 1926/1908/1796 1927/1909/1797 1928/1910/1798
f 1922/1904/1792 1924/1906/1794 1929/1911/1799
f 1922/1904/1792 1929/1911/1799 1925/1907/1795
f 1925/1907/1795 1929/1911/1799 1930/1912/1800
f 1925/1907/1795 1930/1912/1800 1927/1909/1797
f 1919/1901/1789 1926/1908/1796 1931/1913/1801
f 1919/1901/1789 1931/1913/1801 1932/1914/1802
f 1932/1914/1802 1931/1913/1801 1933/1915/1419
f 1932/1914/1802 1933/1915/1419 1934/1916/1412
f 1926/1908/1796 1928/1910/1798 1935/1917/1803
f 1926/1908/1796 1935/1917/1803 1931/1913/1801
f 1931/1913/1801 1935/1917/1803 1936/1918/1420
f 1931/1913/1801 1936/1918/1420 1933/1915/1419
f 1919/1901/1789 1932/1914/1802 1937/1919/1804
f 1919/1901/1789 1937/1919/1804 1920/1902/1790
f 1920/1902/1790 1937/1919/1804 1895/1877/1771
f 1920/1902/1790 1895/1877/1771 1888/1870/1766
f 1932/1914/1802 1934/1916/1412 1938/1920/1411
f 1932/1914/1802 1938/1920/1411 1937/1919/1804
f 1937/1919/1804 1938/1920/1411 1896/1878/1414
f 1937/1919/1804 1896/1878/1414 1895/1877/1771
f 1939/1921/1805 1940/1922/1806 1941/1923/1807
f 1939/1921/1805 1941/1923/1807 1942/1924/1808
f 1942/1924/1808 1941/1923/1807 1943/1925/1809
f 1942/1924/1808 1943/1925/1809 1944/1926/1810
f 1940/1922/1806 1908/1890/1782 1907/1889/1781
f 1940/1922/1806 1907/1889/1781 1941/1923/1807
f 1941/1923/1807 1907/1889/1781 1910/1892/1784
f 1941/1923/1807 1910/1892/1784 1943/1925/1809
f 1939/1921/1805 1942/1924/1808 1945/1927/1811
f 1939/1921/1805 1945/1927/1811 1946/1928/1812
f 1946/1928/1812 1945/1927/1811 1947/1929/1813
f 1946/1928/1812 1947/1929/1813 1948/1930/1814
f 1942/1924/1808 1944/1926/1810 1949/1931/1815
f 1942/1924/1808 1949/1931/1815 1945/1927/1811
f 1945/1927/1811 1949/1931/1815 1950/1932/1816
f 1945/1927/1811 1950/1932/1816 1947/1929/1813
f 1939/1921/1805 1946/1928/1812 1951/1933/1817
f 1939/1921/1805 1951/1933/1817 1952/1934/1818
f 1952/1934/1818 1951/1933/1817 1953/1935/1341
f 1952/1934/1818 1953/1935/1341 1954/1936/1334
f 1946/1928/1812 1948/1930/1814 1955/1937/1819
f 1946/1928/1812 1955/1937/1819 1951/1933/1817
f 1951/1933/1817 1955/1937/1819 1956/1938/1342
f 1951/1933/1817 1956/1938/1342 1953/1935/1341
f 1939/1921/1805 1952/1934/1818 1957/1939/1820
f 1939/1921/1805 1957/1939/1820 1940/1922/1806
f 1940/1922/1806 1957/1939/1820 1915/1897/1787
f 1940/1922/1806 1915/1897/1787 1908/1890/1782
f 1952/1934/1818 1954/1936/1334 1958/1940/1333
f 1952/1934/1818 1958/1940/1333 1957/1939/1820
f 1957/1939/1820 1958/1940/1333 1916/1898/1336
f 1957/1939/1820 1916/1898/1336 1915/1897/1787
f 1959/1941/1821 1960/1942/1822 1961/1943/1823
f 1959/1941/1821 1961/1943/1823 1962/1944/1824
f 1962/1944/1824 1961/1943/1823 1963/1945/1825
f 1962/1944/1824 1963/1945/1825 1964/1946/1826
f 1960/1942/1822 1928/1910/1798 1927/1909/1797
f 1960/1942/1822 1927/1909/1797 1961/1943/1823
f 1961/1943/1823 1927/1909/1797 1930/1912/1800
f 1961/1943/1823 1930/1912/1800 1963/1945/1825
f 1959/1941/1821 1962/1944/1824 1965/1947/1827
f 1959/1941/1821 1965/1947/1827 1966/1948/1828
f 1966/1948/1828 1965/1947/1827 1967/1949/1829
f 1966/1948/1828 1967/1949/1829 1968/1950/1830
f 1962/1944/1824 1964/1946/1826 1969/1951/1831
f 1962/1944/1824 1969/1951/1831 1965/1947/1827
f 1965/1947/1827 1969/1951/1831 1970/1952/1832
f 1965/1947/1827 1970/1952/1832 1967/1949/1829
f 1959/1941/1821 1966/1948/1828 1971/1953/1833
f 1959/1941/1821 1971/1953/1833 1972/1954/1834
f 1972/1954/1834 1971/1953/1833 1973/1955/1425
f 1972/1954/1834 1973/1955/1425 1974/1956/1418
f 1966/1948/1828 1968/1950/1830 1975/1957/1835
f 1966/1948/1828 1975/1957/1835 1971/1953/1833
f 1971/1953/1833 1975/1957/1835 1976/1958/1426
f 1971/1953/1833 1976/1958/1426 1973/1955/1425
f 1959/1941/1821 1972/1954/1834 1977/1959/1836
f 1959/1941/1821 1977/1959/1836 1960/1942/1822
f 1960/1942/1822 1977/1959/1836 1935/1917/1803
f 1960/1942/1822 1935/1917/1803 1928/1910/1798
f 1972/1954/1834 1974/1956/1418 1978/1960/1417
f 1972/1954/1834 1978/1960/1417 1977/1959/1836
f 1977/1959/1836 1978/1960/1417 1936/1918/1420
f 1977/1959/1836 1936/1918/1420 1935/1917/1803
f 1979/1961/1837 1980/1962/1838 1981/1963/1839
f 1979/1961/1837 1981/1963/1839 1982/1964/1840
f 1982/1964/1840 1981/1963/1839 1983/1965/1841
f 1982/1964/1840 1983/1965/1841 1984/1966/1842
f 1980/1962/1838 1948/1930/1814 1947/1929/1813
f 1980/1962/1838 1947/1929/1813 1981/1963/1839
f 1981/1963/1839 1947/1929/1813 1950/1932/1816
f 1981/1963/1839 1950/1932/1816 1983/1965/1841
f 1979/1961/1837 1982/1964/1840 1985/1967/1843
f 1979/1961/1837 1985/1967/1843 1986/1968/1844
f 1986/1968/1844 1985/1967/1843 1987/1969/1845
f 1986/1968/1844 1987/1969/1845 1988/1970/1846
f 1982/1964/1840 1984/1966/1842 1989/1971/1847
f 1982/1964/1840 1989/1971/1847 1985/1967/1843
f 1985/1967/1843 1989/1971/1847 1990/1972/1848
f 1985/1967/1843 1990/1972/1848 1987/1969/1845
f 1979/1961/1837 1986/1968/1844 1991/1973/1849
f 1979/1961/1837 1991/1973/1849 1992/1974/1850
f 1992/1974/1850 1991/1973/1849 1993/1975/1347
f 1992/1974/1850 1993/1975/1347 1994/1976/1340
f 1986/1968/1844 1988/1970/1846 1995/1977/1851
f 1986/1968/1844 1995/1977/1851 1991/1973/1849
f 1991/1973/1849 1995/1977/1851 1996/1978/1348
f 1991/1973/1849 1996/1978/1348 1993/1975/1347
f 1979/1961/1837 1992/1974/1850 1997/1979/1852
f 1979/1961/1837 1997/1979/1852 1980/1962/1838
f 1980/1962/1838 1997/1979/1852 1955/1937/1819
f 1980/1962/1838 1955/1937/1819 1948/1930/1814
f 1992/1974/1850 1994/1976/1340 1998/1980/1339
f 1992/1974/1850 1998/1980/1339 1997/1979/1852
f 1997/1979/1852 1998/1980/1339 1956/1938/1342
f 1997/1979/1852 1956/1938/1342 1955/1937/1819
f 1999/1981/1853 2000/1982/1854 2001/1983/1855
f 1999/1981/1853 2001/1983/1855 2002/1984/1856
f 2002/1984/1856 2001/1983/1855 2003/1985/1857
f 2002/1984/1856 2003/1985/1857 2004/1986/1858
f 2000/1982/1854 1968/1950/1830 1967/1949/1829
f 2000/1982/1854 1967/1949/1829 2001/1983/1855
f 2001/1983/1855 1967/1949/1829 1970/1952/1832
f 2001/1983/1855 1970/1952/1832 2003/1985/1857
f 1999/1981/1853 2002/1984/1856 2005/1987/1859
f 1999/1981/1853 2005/1987/1859 2006/1988/1860
f 2006/1988/1860 2005/1987/1859 2007/1989/1861
f 2006/1988/1860 2007/1989/1861 2008/1990/1862
f 2002/1984/1856 2004/1986/1858 2009/1991/1863
f 2002/1984/1856 2009/1991/1863 2005/1987/1859
f 2005/1987/1859 2009/1991/1863 2010/1992/1864
f 2005/1987/1859 2010/1992/1864 2007/1989/1861
f 1999/1981/1853 2006/1988/1860 2011/1993/1865
f 1999/1981/1853 2011/1993/1865 2012/1994/1866
f 2012/1994/1866 2011/1993/1865 2013/1995/1431
f 2012/1994/1866 2013/1995/1431 2014/1996/1424
f 2006/1988/1860 2008/1990/1862 2015/1997/1867
f 2006/1988/1860 2015/1997/1867 2011/1993/1865
f 2011/1993/1865 2015/1997/1867 2016/1998/1432
f 2011/1993/1865 2016/1998/1432 2013/1995/1431
f 1999/1981/1853 2012/1994/1866 2017/1999/1868
f 1999/1981/1853 2017/1999/1868 2000/1982/1854
f 2000/1982/1854 2017/1999/1868 1975/1957/1835
f 2000/1982/1854 1975/1957/1835 1968/1950/1830
f 2012/1994/1866 2014/1996/1424 2018/2000/1423
f 2012/1994/1866 2018/2000/1423 2017/1999/1868
f 2017/1999/1868 2018/2000/1423 1976/1958/1426
f 2017/1999/1868 1976/1958/1426 1975/1957/1835
f 2019/2001/1869 2020/2002/1870 2021/2003/1871
f 2019/2001/1869 2021/2003/1871 2022/2004/1872
f 2022/2004/1872 2021/2003/1871 2023/2005/1873
f 2022/2004/1872 2023/2005/1873 2024/2006/1874
f 2020/2002/1870 1988/1970/1846 1987/1969/1845
f 2020/2002/1870 1987/1969/1845 2021/2003/1871
f 2021/2003/1871 1987/1969/1845 1990/1972/1848
f 2021/2003/1871 1990/1972/1848 2023/2005/1873
f 2019/2001/1869 2022/2004/1872 2025/2007/1875
f 2019/2001/1869 2025/2007/1875 2026/2008/1876
f 2026/2008/1876 2025/2007/1875 2027/2009/1877
f 2026/2008/1876 2027/2009/1877 2028/2010/1878
f 2022/2004/1872 2024/2006/1874 2029/2011/1879
f 2022/2004/1872 2029/2011/1879 2025/2007/1875
f 2025/2007/1875 2029/2011/1879 2030/2012/1880
f 2025/2007/1875 2030/2012/1880 2027/2009/1877
f 2019/2001/1869 2026/2008/1876 2031/2013/1881
f 2019/2001/1869 2031/2013/1881 2032/2014/1882
f 2032/2014/1882 2031/2013/1881 2033/2015/1353
f 2032/2014/1882 2033/2015/1353 2034/2016/1346
f 2026/2008/1876 2028/2010/1878 2035/2017/1883
f 2026/2008/1876 2035/2017/1883 2031/2013/1881
f 2031/2013/1881 2035/2017/1883 2036/2018/1354
f 2031/2013/1881 2036/2018/1354 2033/2015/1353
f 2019/2001/1869 2032/2014/1882 2037/2019/1884
f 2019/2001/1869 2037/2019/1884 2020/2002/1870
f 2020/2002/1870 2037/2019/1884 1995/1977/1851
f 2020/2002/1870 1995/1977/1851 1988/1970/1846
f 2032/2014/1882 2034/2016/1346 2038/2020/1345
f 2032/2014/1882 2038/2020/1345 2037/2019/1884
f 2037/2019/1884 2038/2020/1345 1996/1978/1348
f 2037/2019/1884 1996/1978/1348 1995/1977/1851
f 2039/2021/1885 2040/2022/1886 2041/2023/1887
f 2039/2021/1885 2041/2023/1887 2042/2024/1888
f 2042/2024/1888 2041/2023/1887 2043/2025/1889
f 2042/2024/1888 2043/2025/1889 2044/2026/1890
f 2040/2022/1886 2008/1990/1862 2007/1989/1861
f 2040/2022/1886 2007/1989/1861 2041/2023/1887
f 2041/2023/1887 2007/1989/1861 2010/1992/1864
f 2041/2023/1887 2010/1992/1864 2043/2025/1889
f 2039/2021/1885 2042/2024/1888 2045/2027/1891
f 2039/2021/1885 2045/2027/1891 2046/2028/1892
f 2046/2028/1892 2045/2027/1891 2047/2029/1893
f 2046/2028/1892 2047/2029/1893 2048/2030/1894
f 2042/2024/1888 2044/2026/1890 2049/2031/1895
f 2042/2024/1888 2049/2031/1895 2045/2027/1891
f 2045/2027/1891 2049/2031/1895 2050/2032/1896
f 2045/2027/1891 2050/2032/1896 2047/2029/1893
f 2039/2021/1885 2046/2028/1892 2051/2033/1897
f 2039/2021/1885 2051/2033/1897 2052/2034/1898
f 2052/2034/1898 2051/2033/1897 2053/2035/1437
f 2052/2034/1898 2053/2035/1437 2054/2036/1430
f 2046/2028/1892 2048/2030/1894 2055/2037/1899
f 2046/2028/1892 2055/2037/1899 2051/2033/1897
f 2051/2033/1897 2055/2037/1899 2056/2038/1438
f 2051/2033/1897 2056/2038/1438 2053/2035/1437
f 2039/2021/1885 2052/2034/1898 2057/2039/1900
f 2039/2021/1885 2057/2039/1900 2040/2022/1886
f 2040/2022/1886 2057/2039/1900 2015/1997/1867
f 2040/2022/1886 2015/1997/1867 2008/1990/1862
f 2052/2034/1898 2054/2036/1430 2058/2040/1429
f 2052/2034/1898 2058/2040/1429 2057/2039/1900
f 2057/2039/1900 2058/2040/1429 2016/1998/1432
f 2057/2039/1900 2016/1998/1432 2015/1997/1867
f 2059/2041/1901 2060/2042/1902 2061/2043/1903
f 2059/2041/1901 2061/2043/1903 2062/2044/1904
f 2062/2044/1904 2061/2043/1903 2063/2045/1905
f 2062/2044/1904 2063/2045/1905 2064/2046/1906
f 2060/2042/1902 2028/2010/1878 2027/2009/1877
f 2060/2042/1902 2027/2009/1877 2061/2043/1903
f 2061/2043/1903 2027/2009/1877 2030/2012/1880
f 2061/2043/1903 2030/2012/1880 2063/2045/1905
f 2059/2041/1901 2062/2044/1904 2065/2047/1907
f 2059/2041/1901 2065/2047/1907 2066/2048/1908
f 2066/2048/1908 2065/2047/1907 2067/2049/1909
f 2066/2048/1908 2067/2049/1909 2068/2050/1910
f 2062/2044/1904 2064/2046/1906 2069/2051/1911
f 2062/2044/1904 2069/2051/1911 2065/2047/1907
f 2065/2047/1907 2069/2051/1911 2070/2052/1912
f 2065/2047/1907 2070/2052/1912 2067/2049/1909
f 2059/2041/1901 2066/2048/1908 2071/2053/1913
f 2059/2041/1901 2071/2053/1913 2072/2054/1914
f 2072/2054/1914 2071/2053/1913 2073/2055/1359
f 2072/2054/1914 2073/2055/1359 2074/2056/1352
f 2066/2048/1908 2068/2050/1910 2075/2057/1915
f 2066/2048/1908 2075/2057/1915 2071/2053/1913
f 2071/2053/1913 2075/2057/1915 2076/2058/1360
f 2071/2053/1913 2076/2058/1360 2073/2055/1359
f 2059/2041/1901 2072/2054/1914 2077/2059/1916
f 2059/2041/1901 2077/2059/1916 2060/2042/1902
f 2060/2042/1902 2077/2059/1916 2035/2017/1883
f 2060/2042/1902 2035/2017/1883 2028/2010/1878
f 2072/2054/1914 2074/2056/1352 2078/2060/1351
f 2072/2054/1914 2078/2060/1351 2077/2059/1916
f 2077/2059/1916 2078/2060/1351 2036/2018/1354
f 2077/2059/1916 2036/2018/1354 2035/2017/1883
f 2079/2061/1917 2080/2062/1918 2081/2063/1919
f 2079/2061/1917 2081/2063/1919 2082/2064/1920
f 2082/2064/1920 2081/2063/1919 2083/2065/1921
f 2082/2064/1920 2083/2065/1921 2084/2066/1922
f 2080/2062/1918 1708/1690/1622 1707/1689/1621
f 2080/2062/1918 1707/1689/1621 2081/2063/1919
f 2081/2063/1919 1707/1689/1621 1710/1692/1624
f 2081/2063/1919 1710/1692/1624 2083/2065/1921
f 2079/2061/1917 2082/2064/1920 2085/2067/1923
f 2079/2061/1917 2085/2067/1923 2086/2068/1924
f 2086/2068/1924 2085/2067/1923 797/779/763
f 2086/2068/1924 797/779/763 796/778/762
f 2082/2064/1920 2084/2066/1922 2087/2069/1925
f 2082/2064/1920 2087/2069/1925 2085/2067/1923
f 2085/2067/1923 2087/2069/1925 798/780/764
f 2085/2067/1923 798/780/764 797/779/763
f 2079/2061/1917 2086/2068/1924 2088/2070/1926
f 2079/2061/1917 2088/2070/1926 2089/2071/1927
f 2089/2071/1927 2088/2070/1926 2090/2072/1284
f 2089/2071/1927 2090/2072/1284 2091/2073/1278
f 2086/2068/1924 796/778/762 812/794/778
f 2086/2068/1924 812/794/778 2088/2070/1926
f 2088/2070/1926 812/794/778 814/796/780
f 2088/2070/1926 814/796/780 2090/2072/1284
f 2079/2061/1917 2089/2071/1927 2092/2074/1928
f 2079/2061/1917 2092/2074/1928 2080/2062/1918
f 2080/2062/1918 2092/2074/1928 1715/1697/1627
f 2080/2062/1918 1715/1697/1627 1708/1690/1622
f 2089/2071/1927 2091/2073/1278 2093/2075/1277
f 2089/2071/1927 2093/2075/1277 2092/2074/1928
f 2092/2074/1928 2093/2075/1277 1716/1698/1281
f 2092/2074/1928 1716/1698/1281 1715/1697/1627
f 2094/2076/1929 2095/2077/1930 2096/2078/1931
f 2094/2076/1929 2096/2078/1931 2097/2079/1932
f 2097/2079/1932 2096/2078/1931 2098/2080/1933
f 2097/2079/1932 2098/2080/1933 2099/2081/1934
f 2095/2077/1930 2048/2030/1894 2047/2029/1893
f 2095/2077/1930 2047/2029/1893 2096/2078/1931
f 2096/2078/1931 2047/2029/1893 2050/2032/1896
f 2096/2078/1931 2050/2032/1896 2098/2080/1933
f 2094/2076/1929 2097/2079/1932 2100/2082/1935
f 2094/2076/1929 2100/2082/1935 2101/2083/1936
f 2101/2083/1936 2100/2082/1935 1511/1493/1468
f 2101/2083/1936 1511/1493/1468 1510/1492/1467
f 2097/2079/1932 2099/2081/1934 2102/2084/1937
f 2097/2079/1932 2102/2084/1937 2100/2082/1935
f 2100/2082/1935 2102/2084/1937 1512/1494/1469
f 2100/2082/1935 1512/1494/1469 1511/1493/1468
f 2094/2076/1929 2101/2083/1936 2103/2085/1938
f 2094/2076/1929 2103/2085/1938 2104/2086/1939
f 2104/2086/1939 2103/2085/1938 2105/2087/1443
f 2104/2086/1939 2105/2087/1443 2106/2088/1436
f 2101/2083/1936 1510/1492/1467 1526/1508/1480
f 2101/2083/1936 1526/1508/1480 2103/2085/1938
f 2103/2085/1938 1526/1508/1480 1528/1510/1444
f 2103/2085/1938 1528/1510/1444 2105/2087/1443
f 2094/2076/1929 2104/2086/1939 2107/2089/1940
f 2094/2076/1929 2107/2089/1940 2095/2077/1930
f 2095/2077/1930 2107/2089/1940 2055/2037/1899
f 2095/2077/1930 2055/2037/1899 2048/2030/1894
f 2104/2086/1939 2106/2088/1436 2108/2090/1435
f 2104/2086/1939 2108/2090/1435 2107/2089/1940
f 2107/2089/1940 2108/2090/1435 2056/2038/1438
f 2107/2089/1940 2056/2038/1438 2055/2037/1899
f 2109/2091/1941 2110/2092/1942 2111/2093/1943
f 2109/2091/1941 2111/2093/1943 2112/2094/1944
f 2112/2094/1944 2111/2093/1943 2113/2095/1945
f 2112/2094/1944 2113/2095/1945 2114/2096/1946
f 2110/2092/1942 2068/2050/1910 2067/2049/1909
f 2110/2092/1942 2067/2049/1909 2111/2093/1943
f 2111/2093/1943 2067/2049/1909 2070/2052/1912
f 2111/2093/1943 2070/2052/1912 2113/2095/1945
f 2109/2091/1941 2112/2094/1944 2115/2097/1947
f 2109/2091/1941 2115/2097/1947 2116/2098/1948
f 2116/2098/1948 2115/2097/1947 1536/1518/1488
f 2116/2098/1948 1536/1518/1488 1535/1517/1487
f 2112/2094/1944 2114/2096/1946 2117/2099/1949
f 2112/2094/1944 2117/2099/1949 2115/2097/1947
f 2115/2097/1947 2117/2099/1949 1537/1519/1489
f 2115/2097/1947 1537/1519/1489 1536/1518/1488
f 2109/2091/1941 2116/2098/1948 2118/2100/1950
f 2109/2091/1941 2118/2100/1950 2119/2101/1951
f 2119/2101/1951 2118/2100/1950 2120/2102/1365
f 2119/2101/1951 2120/2102/1365 2121/2103/1358
f 2116/2098/1948 1535/1517/1487 1551/1533/1500
f 2116/2098/1948 1551/1533/1500 2118/2100/1950
f 2118/2100/1950 1551/1533/1500 1553/1535/1366
f 2118/2100/1950 1553/1535/1366 2120/2102/1365
f 2109/2091/1941 2119/2101/1951 2122/2104/1952
f 2109/2091/1941 2122/2104/1952 2110/2092/1942
f 2110/2092/1942 2122/2104/1952 2075/2057/1915
f 2110/2092/1942 2075/2057/1915 2068/2050/1910
f 2119/2101/1951 2121/2103/1358 2123/2105/1357
f 2119/2101/1951 2123/2105/1357 2122/2104/1952
f 2122/2104/1952 2123/2105/1357 2076/2058/1360
f 2122/2104/1952 2076/2058/1360 2075/2057/1915
f 2124/2106/1953 2125/2107/1954 2126/2108/1955
f 2124/2106/1953 2126/2108/1955 2127/2109/1956
f 2127/2109/1956 2126/2108/1955 2128/2110/1957
f 2127/2109/1956 2128/2110/1957 2129/2111/1958
f 2125/2107/1954 2130/2112/1959 2131/2113/1960
f 2125/2107/1954 2131/2113/1960 2126/2108/1955
f 2126/2108/1955 2131/2113/1960 2132/2114/1961
f 2126/2108/1955 2132/2114/1961 2128/2110/1957
f 2124/2106/1953 2127/2109/1956 2133/2115/1962
f 2124/2106/1953 2133/2115/1962 2134/2116/1963
f 2134/2116/1963 2133/2115/1962 2135/2117/1964
f 2134/2116/1963 2135/2117/1964 2136/2118/1965
f 2127/2109/1956 2129/2111/1958 2137/2119/1966
f 2127/2109/1956 2137/2119/1966 2133/2115/1962
f 2133/2115/1962 2137/2119/1966 2138/2120/1967
f 2133/2115/1962 2138/2120/1967 2135/2117/1964
f 2124/2106/1953 2134/2116/1963 2139/2121/1968
f 2124/2106/1953 2139/2121/1968 2140/2122/1969
f 2140/2122/1969 2139/2121/1968 2141/2123/1970
f 2140/2122/1969 2141/2123/1970 2142/2124/1971
f 2134/2116/1963 2136/2118/1965 2143/2125/1972
f 2134/2116/1963 2143/2125/1972 2139/2121/1968
f 2139/2121/1968 2143/2125/1972 2144/2126/1973
f 2139/2121/1968 2144/2126/1973 2141/2123/1970
f 2124/2106/1953 2140/2122/1969 2145/2127/1974
f 2124/2106/1953 2145/2127/1974 2125/2107/1954
f 2125/2107/1954 2145/2127/1974 2146/2128/1975
f 2125/2107/1954 2146/2128/1975 2130/2112/1959
f 2140/2122/1969 2142/2124/1971 2147/2129/1976
f 2140/2122/1969 2147/2129/1976 2145/2127/1974
f 2145/2127/1974 2147/2129/1976 2148/2130/1977
f 2145/2127/1974 2148/2130/1977 2146/2128/1975
f 2149/2131/1978 2150/2132/1979 2151/2133/1980
f 2149/2131/1978 2151/2133/1980 2152/2134/1981
f 2152/2134/1981 2151/2133/1980 2153/2135/1982
f 2152/2134/1981 2153/2135/1982 2154/2136/1983
f 2150/2132/1979 2155/2137/1984 2156/2138/1985
f 2150/2132/1979 2156/2138/1985 2151/2133/1980
f 2151/2133/1980 2156/2138/1985 2157/2139/1986
f 2151/2133/1980 2157/2139/1986 2153/2135/1982
f 2149/2131/1978 2152/2134/1981 2158/2140/1987
f 2149/2131/1978 2158/2140/1987 2159/2141/1988
f 2159/2141/1988 2158/2140/1987 2160/2142/1989
f 2159/2141/1988 2160/2142/1989 2161/2143/1990
f 2152/2134/1981 2154/2136/1983 2162/2144/1991
f 2152/2134/1981 2162/2144/1991 2158/2140/1987
f 2158/2140/1987 2162/2144/1991 2163/2145/1992
f 2158/2140/1987 2163/2145/1992 2160/2142/1989
f 2149/2131/1978 2159/2141/1988 2164/2146/1993
f 2149/2131/1978 2164/2146/1993 2165/2147/1994
f 2165/2147/1994 2164/2146/1993 2166/2148/1995
f 2165/2147/1994 2166/2148/1995 2167/2149/1996
f 2159/2141/1988 2161/2143/1990 2168/2150/1997
f 2159/2141/1988 2168/2150/1997 2164/2146/1993
f 2164/2146/1993 2168/2150/1997 2169/2151/1998
f 2164/2146/1993 2169/2151/1998 2166/2148/1995
f 2149/2131/1978 2165/2147/1994 2170/2152/1999
f 2149/2131/1978 2170/2152/1999 2150/2132/1979
f 2150/2132/1979 2170/2152/1999 2171/2153/2000
f 2150/2132/1979 2171/2153/2000 2155/2137/1984
f 2165/2147/1994 2167/2149/1996 2172/2154/2001
f 2165/2147/1994 2172/2154/2001 2170/2152/1999
f 2170/2152/1999 2172/2154/2001 2173/2155/2002
f 2170/2152/1999 2173/2155/2002 2171/2153/2000
f 2174/2156/2003 2175/2157/2004 2176/2158/2005
f 2174/2156/2003 2176/2158/2005 2177/2159/2006
f 2177/2159/2006 2176/2158/2005 2178/2160/2007
f 2177/2159/2006 2178/2160/2007 2179/2161/2008
f 2175/2157/2004 2180/2162/2009 2181/2163/2010
f 2175/2157/2004 2181/2163/2010 2176/2158/2005
f 2176/2158/2005 2181/2163/2010 2182/2164/2011
f 2176/2158/2005 2182/2164/2011 2178/2160/2007
f 2174/2156/2003 2177/2159/2006 2183/2165/2012
f 2174/2156/2003 2183/2165/2012 2184/2166/2013
f 2184/2166/2013 2183/2165/2012 2185/2167/2014
f 2184/2166/2013 2185/2167/2014 2186/2168/2015
f 2177/2159/2006 2179/2161/2008 2187/2169/2016
f 2177/2159/2006 2187/2169/2016 2183/2165/2012
f 2183/2165/2012 2187/2169/2016 2188/2170/2017
f 2183/2165/2012 2188/2170/2017 2185/2167/2014
f 2174/2156/2003 2184/2166/2013 2189/2171/2018
f 2174/2156/2003 2189/2171/2018 2190/2172/2019
f 2190/2172/2019 2189/2171/2018 2191/2173/2020
f 2190/2172/2019 2191/2173/2020 2192/2174/2021
f 2184/2166/2013 2186/2168/2015 2193/2175/2022
f 2184/2166/2013 2193/2175/2022 2189/2171/2018
f 2189/2171/2018 2193/2175/2022 2194/2176/2023
f 2189/2171/2018 2194/2176/2023 2191/2173/2020
f 2174/2156/2003 2190/2172/2019 2195/2177/2024
f 2174/2156/2003 2195/2177/2024 2175/2157/2004
f 2175/2157/2004 2195/2177/2024 2196/2178/2025
f 2175/2157/2004 2196/2178/2025 2180/2162/2009
f 2190/2172/2019 2192/2174/2021 2197/2179/2026
f 2190/2172/2019 2197/2179/2026 2195/2177/2024
f 2195/2177/2024 2197/2179/2026 2198/2180/2027
f 2195/2177/2024 2198/2180/2027 2196/2178/2025
f 2199/2181/2028 2200/2182/2029 2201/2183/2030
f 2199/2181/2028 2201/2183/2030 2202/2184/2031
f 2202/2184/2031 2201/2183/2030 2203/2185/2032
f 2202/2184/2031 2203/2185/2032 2204/2186/2033
f 2200/2182/2029 2205/2187/2034 2206/2188/2035
f 2200/2182/2029 2206/2188/2035 2201/2183/2030
f 2201/2183/2030 2206/2188/2035 2207/2189/2036
f 2201/2183/2030 2207/2189/2036 2203/2185/2032
f 2199/2181/2028 2202/2184/2031 2208/2190/2037
f 2199/2181/2028 2208/2190/2037 2209/2191/2038
f 2209/2191/2038 2208/2190/2037 2210/2192/2039
f 2209/2191/2038 2210/2192/2039 2211/2193/2040
f 2202/2184/2031 2204/2186/2033 2212/2194/2041
f 2202/2184/2031 2212/2194/2041 2208/2190/2037
f 2208/2190/2037 2212/2194/2041 2213/2195/2042
f 2208/2190/2037 2213/2195/2042 2210/2192/2039
f 2199/2181/2028 2209/2191/2038 2214/2196/2043
f 2199/2181/2028 2214/2196/2043 2215/2197/2044
f 2215/2197/2044 2214/2196/2043 2216/2198/2045
f 2215/2197/2044 2216/2198/2045 2217/2199/2046
f 2209/2191/2038 2211/2193/2040 2218/2200/2047
f 2209/2191/2038 2218/2200/2047 2214/2196/2043
f 2214/2196/2043 2218/2200/2047 2219/2201/2048
f 2214/2196/2043 2219/2201/2048 2216/2198/2045
f 2199/2181/2028 2215/2197/2044 2220/2202/2049
f 2199/2181/2028 2220/2202/2049 2200/2182/2029
f 2200/2182/2029 2220/2202/2049 2221/2203/2050
f 2200/2182/2029 2221/2203/2050 2205/2187/2034
f 2215/2197/2044 2217/2199/2046 2222/2204/2051
f 2215/2197/2044 2222/2204/2051 2220/2202/2049
f 2220/2202/2049 2222/2204/2051 2223/2205/2052
f 2220/2202/2049 2223/2205/2052 2221/2203/2050
f 2224/2206/2053 2225/2207/2054 2226/2208/2055
f 2224/2206/2053 2226/2208/2055 2227/2209/2056
f 2227/2209/2056 2226/2208/2055 2172/2154/2001
f 2227/2209/2056 2172/2154/2001 2167/2149/1996
f 2225/2207/2054 2228/2210/2057 2229/2211/2058
f 2225/2207/2054 2229/2211/2058 2226/2208/2055
f 2226/2208/2055 2229/2211/2058 2173/2155/2002
f 2226/2208/2055 2173/2155/2002 2172/2154/2001
f 2224/2206/2053 2227/2209/2056 2230/2212/2059
f 2224/2206/2053 2230/2212/2059 2231/2213/2060
f 2231/2213/2060 2230/2212/2059 2232/2214/2061
f 2231/2213/2060 2232/2214/2061 2233/2215/2062
f 2227/2209/2056 2167/2149/1996 2166/2148/1995
f 2227/2209/2056 2166/2148/1995 2230/2212/2059
f 2230/2212/2059 2166/2148/1995 2169/2151/1998
f 2230/2212/2059 2169/2151/1998 2232/2214/2061
f 2224/2206/2053 2231/2213/2060 2234/2216/2063
f 2224/2206/2053 2234/2216/2063 2235/2217/2064
f 2235/2217/2064 2234/2216/2063 2236/2218/2065
f 2235/2217/2064 2236/2218/2065 2237/2219/2066
f 2231/2213/2060 2233/2215/2062 2238/2220/2067
f 2231/2213/2060 2238/2220/2067 2234/2216/2063
f 2234/2216/2063 2238/2220/2067 2239/2221/2068
f 2234/2216/2063 2239/2221/2068 2236/2218/2065
f 2224/2206/2053 2235/2217/2064 2240/2222/2069
f 2224/2206/2053 2240/2222/2069 2225/2207/2054
f 2225/2207/2054 2240/2222/2069 2241/2223/2070
f 2225/2207/2054 2241/2223/2070 2228/2210/2057
f 2235/2217/2064 2237/2219/2066 2242/2224/2071
f 2235/2217/2064 2242/2224/2071 2240/2222/2069
f 2240/2222/2069 2242/2224/2071 2243/2225/2072
f 2240/2222/2069 2243/2225/2072 2241/2223/2070
f 2244/2226/2073 2245/2227/2074 2246/2228/2075
f 2244/2226/2073 2246/2228/2075 2247/2229/2076
f 2247/2229/2076 2246/2228/2075 2197/2179/2026
f 2247/2229/2076 2197/2179/2026 2192/2174/2021
f 2245/2227/2074 2248/2230/2077 2249/2231/2078
f 2245/2227/2074 2249/2231/2078 2246/2228/2075
f 2246/2228/2075 2249/2231/2078 2198/2180/2027
f 2246/2228/2075 2198/2180/2027 2197/2179/2026
f 2244/2226/2073 2247/2229/2076 2250/2232/2079
f 2244/2226/2073 2250/2232/2079 2251/2233/2080
f 2251/2233/2080 2250/2232/2079 2252/2234/2081
f 2251/2233/2080 2252/2234/2081 2253/2235/2082
f 2247/2229/2076 2192/2174/2021 2191/2173/2020
f 2247/2229/2076 2191/2173/2020 2250/2232/2079
f 2250/2232/2079 2191/2173/2020 2194/2176/2023
f 2250/2232/2079 2194/2176/2023 2252/2234/2081
f 2244/2226/2073 2251/2233/2080 2254/2236/2083
f 2244/2226/2073 2254/2236/2083 2255/2237/2084
f 2255/2237/2084 2254/2236/2083 2256/2238/2085
f 2255/2237/2084 2256/2238/2085 2257/2239/2086
f 2251/2233/2080 2253/2235/2082 2258/2240/2087
f 2251/2233/2080 2258/2240/2087 2254/2236/2083
f 2254/2236/2083 2258/2240/2087 2259/2241/2088
f 2254/2236/2083 2259/2241/2088 2256/2238/2085
f 2244/2226/2073 2255/2237/2084 2260/2242/2089
f 2244/2226/2073 2260/2242/2089 2245/2227/2074
f 2245/2227/2074 2260/2242/2089 2261/2243/2090
f 2245/2227/2074 2261/2243/2090 2248/2230/2077
f 2255/2237/2084 2257/2239/2086 2262/2244/2091
f 2255/2237/2084 2262/2244/2091 2260/2242/2089
f 2260/2242/2089 2262/2244/2091 2263/2245/2092
f 2260/2242/2089 2263/2245/2092 2261/2243/2090
f 2264/2246/2093 2265/2247/2094 2266/2248/2095
f 2264/2246/2093 2266/2248/2095 2267/2249/2096
f 2267/2249/2096 2266/2248/2095 2222/2204/2051
f 2267/2249/2096 2222/2204/2051 2217/2199/2046
f 2265/2247/2094 2268/2250/2097 2269/2251/2098
f 2265/2247/2094 2269/2251/2098 2266/2248/2095
f 2266/2248/2095 2269/2251/2098 2223/2205/2052
f 2266/2248/2095 2223/2205/2052 2222/2204/2051
f 2264/2246/2093 2267/2249/2096 2270/2252/2099
f 2264/2246/2093 2270/2252/2099 2271/2253/2100
f 2271/2253/2100 2270/2252/2099 2272/2254/2101
f 2271/2253/2100 2272/2254/2101 2273/2255/2102
f 2267/2249/2096 2217/2199/2046 2216/2198/2045
f 2267/2249/2096 2216/2198/2045 2270/2252/2099
f 2270/2252/2099 2216/2198/2045 2219/2201/2048
f 2270/2252/2099 2219/2201/2048 2272/2254/2101
f 2264/2246/2093 2271/2253/2100 2274/2256/2103
f 2264/2246/2093 2274/2256/2103 2275/2257/2104
f 2275/2257/2104 2274/2256/2103 2276/2258/2105
f 2275/2257/2104 2276/2258/2105 2277/2259/2106
f 2271/2253/2100 2273/2255/2102 2278/2260/2107
f 2271/2253/2100 2278/2260/2107 2274/2256/2103
f 2274/2256/2103 2278/2260/2107 2279/2261/2108
f 2274/2256/2103 2279/2261/2108 2276/2258/2105
f 2264/2246/2093 2275/2257/2104 2280/2262/2109
f 2264/2246/2093 2280/2262/2109 2265/2247/2094
f 2265/2247/2094 2280/2262/2109 2281/2263/2110
f 2265/2247/2094 2281/2263/2110 2268/2250/2097
f 2275/2257/2104 2277/2259/2106 2282/2264/2111
f 2275/2257/2104 2282/2264/2111 2280/2262/2109
f 2280/2262/2109 2282/2264/2111 2283/2265/2112
f 2280/2262/2109 2283/2265/2112 2281/2263/2110
f 2284/2266/2113 2285/2267/2114 2286/2268/2115
f 2284/2266/2113 2286/2268/2115 2287/2269/2116
f 2287/2269/2116 2286/2268/2115 2262/2244/2091
f 2287/2269/2116 2262/2244/2091 2257/2239/2086
f 2285/2267/2114 2288/2270/2117 2289/2271/2118
f 2285/2267/2114 2289/2271/2118 2286/2268/2115
f 2286/2268/2115 2289/2271/2118 2263/2245/2092
f 2286/2268/2115 2263/2245/2092 2262/2244/2091
f 2284/2266/2113 2287/2269/2116 2290/2272/2119
f 2284/2266/2113 2290/2272/2119 2291/2273/2120
f 2291/2273/2120 2290/2272/2119 2292/2274/2121
f 2291/2273/2120 2292/2274/2121 2293/2275/2122
f 2287/2269/2116 2257/2239/2086 2256/2238/2085
f 2287/2269/2116 2256/2238/2085 2290/2272/2119
f 2290/2272/2119 2256/2238/2085 2259/2241/2088
f 2290/2272/2119 2259/2241/2088 2292/2274/2121
f 2284/2266/2113 2291/2273/2120 2294/2276/2123
f 2284/2266/2113 2294/2276/2123 2295/2277/2124
f 2295/2277/2124 2294/2276/2123 2296/2278/2125
f 2295/2277/2124 2296/2278/2125 2297/2279/2126
f 2291/2273/2120 2293/2275/2122 2298/2280/2127
f 2291/2273/2120 2298/2280/2127 2294/2276/2123
f 2294/2276/2123 2298/2280/2127 2299/2281/2128
f 2294/2276/2123 2299/2281/2128 2296/2278/2125
f 2284/2266/2113 2295/2277/2124 2300/2282/2129
f 2284/2266/2113 2300/2282/2129 2285/2267/2114
f 2285/2267/2114 2300/2282/2129 2301/2283/2130
f 2285/2267/2114 2301/2283/2130 2288/2270/2117
f 2295/2277/2124 2297/2279/2126 2302/2284/2131
f 2295/2277/2124 2302/2284/2131 2300/2282/2129
f 2300/2282/2129 2302/2284/2131 2303/2285/2132
f 2300/2282/2129 2303/2285/2132 2301/2283/2130
f 2304/2286/2133 2305/2287/2134 2306/2288/2135
f 2304/2286/2133 2306/2288/2135 2307/2289/2136
f 2307/2289/2136 2306/2288/2135 2282/2264/2111
f 2307/2289/2136 2282/2264/2111 2277/2259/2106
f 2305/2287/2134 2308/2290/2137 2309/2291/2138
f 2305/2287/2134 2309/2291/2138 2306/2288/2135
f 2306/2288/2135 2309/2291/2138 2283/2265/2112
f 2306/2288/2135 2283/2265/2112 2282/2264/2111
f 2304/2286/2133 2307/2289/2136 2310/2292/2139
f 2304/2286/2133 2310/2292/2139 2311/2293/2140
f 2311/2293/2140 2310/2292/2139 2312/2294/2141
f 2311/2293/2140 2312/2294/2141 2313/2295/2142
f 2307/2289/2136 2277/2259/2106 2276/2258/2105
f 2307/2289/2136 2276/2258/2105 2310/2292/2139
f 2310/2292/2139 2276/2258/2105 2279/2261/2108
f 2310/2292/2139 2279/2261/2108 2312/2294/2141
f 2304/2286/2133 2311/2293/2140 2314/2296/2143
f 2304/2286/2133 2314/2296/2143 2315/2297/2144
f 2315/2297/2144 2314/2296/2143 2316/2298/2145
f 2315/2297/2144 2316/2298/2145 2317/2299/2146
f 2311/2293/2140 2313/2295/2142 2318/2300/2147
f 2311/2293/2140 2318/2300/2147 2314/2296/2143
f 2314/2296/2143 2318/2300/2147 2319/2301/2148
f 2314/2296/2143 2319/2301/2148 2316/2298/2145
f 2304/2286/2133 2315/2297/2144 2320/2302/2149
f 2304/2286/2133 2320/2302/2149 2305/2287/2134
f 2305/2287/2134 2320/2302/2149 2321/2303/2150
f 2305/2287/2134 2321/2303/2150 2308/2290/2137
f 2315/2297/2144 2317/2299/2146 2322/2304/2151
f 2315/2297/2144 2322/2304/2151 2320/2302/2149
f 2320/2302/2149 2322/2304/2151 2323/2305/2152
f 2320/2302/2149 2323/2305/2152 2321/2303/2150
f 2324/2306/2153 2325/2307/2154 2326/2308/2155
f 2324/2306/2153 2326/2308/2155 2327/2309/2156
f 2327/2309/2156 2326/2308/2155 2302/2284/2131
f 2327/2309/2156 2302/2284/2131 2297/2279/2126
f 2325/2307/2154 2328/2310/2157 2329/2311/2158
f 2325/2307/2154 2329/2311/2158 2326/2308/2155
f 2326/2308/2155 2329/2311/2158 2303/2285/2132
f 2326/2308/2155 2303/2285/2132 2302/2284/2131
f 2324/2306/2153 2327/2309/2156 2330/2312/2159
f 2324/2306/2153 2330/2312/2159 2331/2313/2160
f 2331/2313/2160 2330/2312/2159 2332/2314/2161
f 2331/2313/2160 2332/2314/2161 2333/2315/2162
f 2327/2309/2156 2297/2279/2126 2296/2278/2125
f 2327/2309/2156 2296/2278/2125 2330/2312/2159
f 2330/2312/2159 2296/2278/2125 2299/2281/2128
f 2330/2312/2159 2299/2281/2128 2332/2314/2161
f 2324/2306/2153 2331/2313/2160 2334/2316/2163
f 2324/2306/2153 2334/2316/2163 2335/2317/2164
f 2335/2317/2164 2334/2316/2163 2336/2318/2165
f 2335/2317/2164 2336/2318/2165 2337/2319/2166
f 2331/2313/2160 2333/2315/2162 2338/2320/2167
f 2331/2313/2160 2338/2320/2167 2334/2316/2163
f 2334/2316/2163 2338/2320/2167 2339/2321/2168
f 2334/2316/2163 2339/2321/2168 2336/2318/2165
f 2324/2306/2153 2335/2317/2164 2340/2322/2169
f 2324/2306/2153 2340/2322/2169 2325/2307/2154
f 2325/2307/2154 2340/2322/2169 2341/2323/2170
f 2325/2307/2154 2341/2323/2170 2328/2310/2157
f 2335/2317/2164 2337/2319/2166 2342/2324/2171
f 2335/2317/2164 2342/2324/2171 2340/2322/2169
f 2340/2322/2169 2342/2324/2171 2343/2325/2172
f 2340/2322/2169 2343/2325/2172 2341/2323/2170
f 2344/2326/2173 2345/2327/2174 2346/2328/2175
f 2344/2326/2173 2346/2328/2175 2347/2329/2176
f 2347/2329/2176 2346/2328/2175 2322/2304/2151
f 2347/2329/2176 2322/2304/2151 2317/2299/2146
f 2345/2327/2174 2348/2330/2177 2349/2331/2178
f 2345/2327/2174 2349/2331/2178 2346/2328/2175
f 2346/2328/2175 2349/2331/2178 2323/2305/2152
f 2346/2328/2175 2323/2305/2152 2322/2304/2151
f 2344/2326/2173 2347/2329/2176 2350/2332/2179
f 2344/2326/2173 2350/2332/2179 2351/2333/2180
f 2351/2333/2180 2350/2332/2179 2352/2334/2181
f 2351/2333/2180 2352/2334/2181 2353/2335/2182
f 2347/2329/2176 2317/2299/2146 2316/2298/2145
f 2347/2329/2176 2316/2298/2145 2350/2332/2179
f 2350/2332/2179 2316/2298/2145 2319/2301/2148
f 2350/2332/2179 2319/2301/2148 2352/2334/2181
f 2344/2326/2173 2351/2333/2180 2354/2336/2183
f 2344/2326/2173 2354/2336/2183 2355/2337/2184
f 2355/2337/2184 2354/2336/2183 2356/2338/2185
f 2355/2337/2184 2356/2338/2185 2357/2339/2186
f 2351/2333/2180 2353/2335/2182 2358/2340/2187
f 2351/2333/2180 2358/2340/2187 2354/2336/2183
f 2354/2336/2183 2358/2340/2187 2359/2341/2188
f 2354/2336/2183 2359/2341/2188 2356/2338/2185
f 2344/2326/2173 2355/2337/2184 2360/2342/2189
f 2344/2326/2173 2360/2342/2189 2345/2327/2174
f 2345/2327/2174 2360/2342/2189 2361/2343/2190
f 2345/2327/2174 2361/2343/2190 2348/2330/2177
f 2355/2337/2184 2357/2339/2186 2362/2344/2191
f 2355/2337/2184 2362/2344/2191 2360/2342/2189
f 2360/2342/2189 2362/2344/2191 2363/2345/2192
f 2360/2342/2189 2363/2345/2192 2361/2343/2190
f 2364/2346/2193 2365/2347/2194 2366/2348/2195
f 2364/2346/2193 2366/2348/2195 2367/2349/2196
f 2367/2349/2196 2366/2348/2195 2342/2324/2171
f 2367/2349/2196 2342/2324/2171 2337/2319/2166
f 2365/2347/2194 2368/2350/2197 2369/2351/2198
f 2365/2347/2194 2369/2351/2198 2366/2348/2195
f 2366/2348/2195 2369/2351/2198 2343/2325/2172
f 2366/2348/2195 2343/2325/2172 2342/2324/2171
f 2364/2346/2193 2367/2349/2196 2370/2352/2199
f 2364/2346/2193 2370/2352/2199 2371/2353/2200
f 2371/2353/2200 2370/2352/2199 2372/2354/2201
f 2371/2353/2200 2372/2354/2201 2373/2355/2202
f 2367/2349/2196 2337/2319/2166 2336/2318/2165
f 2367/2349/2196 2336/2318/2165 2370/2352/2199
f 2370/2352/2199 2336/2318/2165 2339/2321/2168
f 2370/2352/2199 2339/2321/2168 2372/2354/2201
f 2364/2346/2193 2371/2353/2200 2374/2356/2203
f 2364/2346/2193 2374/2356/2203 2375/2357/2204
f 2375/2357/2204 2374/2356/2203 2376/2358/2205
f 2375/2357/2204 2376/2358/2205 2377/2359/2206
f 2371/2353/2200 2373/2355/2202 2378/2360/2207
f 2371/2353/2200 2378/2360/2207 2374/2356/2203
f 2374/2356/2203 2378/2360/2207 2379/2361/2208
f 2374/2356/2203 2379/2361/2208 2376/2358/2205
f 2364/2346/2193 2375/2357/2204 2380/2362/2209
f 2364/2346/2193 2380/2362/2209 2365/2347/2194
f 2365/2347/2194 2380/2362/2209 2381/2363/2210
f 2365/2347/2194 2381/2363/2210 2368/2350/2197
f 2375/2357/2204 2377/2359/2206 2382/2364/2211
f 2375/2357/2204 2382/2364/2211 2380/2362/2209
f 2380/2362/2209 2382/2364/2211 2383/2365/2212
f 2380/2362/2209 2383/2365/2212 2381/2363/2210
f 2384/2366/2213 2385/2367/2214 2386/2368/2215
f 2384/2366/2213 2386/2368/2215 2387/2369/2216
f 2387/2369/2216 2386/2368/2215 2362/2344/2191
f 2387/2369/2216 2362/2344/2191 2357/2339/2186
f 2385/2367/2214 2388/2370/2217 2389/2371/2218
f 2385/2367/2214 2389/2371/2218 2386/2368/2215
f 2386/2368/2215 2389/2371/2218 2363/2345/2192
f 2386/2368/2215 2363/2345/2192 2362/2344/2191
f 2384/2366/2213 2387/2369/2216 2390/2372/2219
f 2384/2366/2213 2390/2372/2219 2391/2373/2220
f 2391/2373/2220 2390/2372/2219 2392/2374/2221
f 2391/2373/2220 2392/2374/2221 2393/2375/2222
f 2387/2369/2216 2357/2339/2186 2356/2338/2185
f 2387/2369/2216 2356/2338/2185 2390/2372/2219
f 2390/2372/2219 2356/2338/2185 2359/2341/2188
f 2390/2372/2219 2359/2341/2188 2392/2374/2221
f 2384/2366/2213 2391/2373/2220 2394/2376/2223
f 2384/2366/2213 2394/2376/2223 2395/2377/2224
f 2395/2377/2224 2394/2376/2223 2396/2378/2225
f 2395/2377/2224 2396/2378/2225 2397/2379/2226
f 2391/2373/2220 2393/2375/2222 2398/2380/2227
f 2391/2373/2220 2398/2380/2227 2394/2376/2223
f 2394/2376/2223 2398/2380/2227 2399/2381/2228
f 2394/2376/2223 2399/2381/2228 2396/2378/2225
f 2384/2366/2213 2395/2377/2224 2400/2382/2229
f 2384/2366/2213 2400/2382/2229 2385/2367/2214
f 2385/2367/2214 2400/2382/2229 2401/2383/2230
f 2385/2367/2214 2401/2383/2230 2388/2370/2217
f 2395/2377/2224 2397/2379/2226 2402/2384/2231
f 2395/2377/2224 2402/2384/2231 2400/2382/2229
f 2400/2382/2229 2402/2384/2231 2403/2385/2232
f 2400/2382/2229 2403/2385/2232 2401/2383/2230
f 2404/2386/2233 2405/2387/2234 2406/2388/2235
f 2404/2386/2233 2406/2388/2235 2407/2389/2236
f 2407/2389/2236 2406/2388/2235 2382/2364/2211
f 2407/2389/2236 2382/2364/2211 2377/2359/2206
f 2405/2387/2234 2408/2390/2237 2409/2391/2238
f 2405/2387/2234 2409/2391/2238 2406/2388/2235
f 2406/2388/2235 2409/2391/2238 2383/2365/2212
f 2406/2388/2235 2383/2365/2212 2382/2364/2211
f 2404/2386/2233 2407/2389/2236 2410/2392/2239
f 2404/2386/2233 2410/2392/2239 2411/2393/2240
f 2411/2393/2240 2410/2392/2239 2412/2394/2241
f 2411/2393/2240 2412/2394/2241 2413/2395/2242
f 2407/2389/2236 2377/2359/2206 2376/2358/2205
f 2407/2389/2236 2376/2358/2205 2410/2392/2239
f 2410/2392/2239 2376/2358/2205 2379/2361/2208
f 2410/2392/2239 2379/2361/2208 2412/2394/2241
f 2404/2386/2233 2411/2393/2240 2414/2396/2243
f 2404/2386/2233 2414/2396/2243 2415/2397/2244
f 2415/2397/2244 2414/2396/2243 2416/2398/2245
f 2415/2397/2244 2416/2398/2245 2417/2399/2246
f 2411/2393/2240 2413/2395/2242 2418/2400/2247
f 2411/2393/2240 2418/2400/2247 2414/2396/2243
f 2414/2396/2243 2418/2400/2247 2419/2401/2248
f 2414/2396/2243 2419/2401/2248 2416/2398/2245
f 2404/2386/2233 2415/2397/2244 2420/2402/2249
f 2404/2386/2233 2420/2402/2249 2405/2387/2234
f 2405/2387/2234 2420/2402/2249 2421/2403/2250
f 2405/2387/2234 2421/2403/2250 2408/2390/2237
f 2415/2397/2244 2417/2399/2246 2422/2404/2251
f 2415/2397/2244 2422/2404/2251 2420/2402/2249
f 2420/2402/2249 2422/2404/2251 2423/2405/2252
f 2420/2402/2249 2423/2405/2252 2421/2403/2250
f 2424/2406/2253 2425/2407/2254 2426/2408/2255
f 2424/2406/2253 2426/2408/2255 2427/2409/2256
f 2427/2409/2256 2426/2408/2255 2402/2384/2231
f 2427/2409/2256 2402/2384/2231 2397/2379/2226
f 2425/2407/2254 2428/2410/2257 2429/2411/2258
f 2425/2407/2254 2429/2411/2258 2426/2408/2255
f 2426/2408/2255 2429/2411/2258 2403/2385/2232
f 2426/2408/2255 2403/2385/2232 2402/2384/2231
f 2424/2406/2253 2427/2409/2256 2430/2412/2259
f 2424/2406/2253 2430/2412/2259 2431/2413/2260
f 2431/2413/2260 2430/2412/2259 2432/2414/2261
f 2431/2413/2260 2432/2414/2261 2433/2415/2262
f 2427/2409/2256 2397/2379/2226 2396/2378/2225
f 2427/2409/2256 2396/2378/2225 2430/2412/2259
f 2430/2412/2259 2396/2378/2225 2399/2381/2228
f 2430/2412/2259 2399/2381/2228 2432/2414/2261
f 2424/2406/2253 2431/2413/2260 2434/2416/2263
f 2424/2406/2253 2434/2416/2263 2435/2417/2264
f 2435/2417/2264 2434/2416/2263 2436/2418/2265
f 2435/2417/2264 2436/2418/2265 2437/2419/2266
f 2431/2413/2260 2433/2415/2262 2438/2420/2267
f 2431/2413/2260 2438/2420/2267 2434/2416/2263
f 2434/2416/2263 2438/2420/2267 2439/2421/2268
f 2434/2416/2263 2439/2421/2268 2436/2418/2265
f 2424/2406/2253 2435/2417/2264 2440/2422/2269
f 2424/2406/2253 2440/2422/2269 2425/2407/2254
f 2425/2407/2254 2440/2422/2269 2441/2423/2270
f 2425/2407/2254 2441/2423/2270 2428/2410/2257
f 2435/2417/2264 2437/2419/2266 2442/2424/2271
f 2435/2417/2264 2442/2424/2271 2440/2422/2269
f 2440/2422/2269 2442/2424/2271 2443/2425/2272
f 2440/2422/2269 2443/2425/2272 2441/2423/2270
f 2444/2426/2273 2445/2427/2274 2446/2428/2275
f 2444/2426/2273 2446/2428/2275 2447/2429/2276
f 2447/2429/2276 2446/2428/2275 2422/2404/2251
f 2447/2429/2276 2422/2404/2251 2417/2399/2246
f 2445/2427/2274 2448/2430/2277 2449/2431/2278
f 2445/2427/2274 2449/2431/2278 2446/2428/2275
f 2446/2428/2275 2449/2431/2278 2423/2405/2252
f 2446/2428/2275 2423/2405/2252 2422/2404/2251
f 2444/2426/2273 2447/2429/2276 2450/2432/2279
f 2444/2426/2273 2450/2432/2279 2451/2433/2280
f 2451/2433/2280 2450/2432/2279 2452/2434/2281
f 2451/2433/2280 2452/2434/2281 2453/2435/2282
f 2447/2429/2276 2417/2399/2246 2416/2398/2245
f 2447/2429/2276 2416/2398/2245 2450/2432/2279
f 2450/2432/2279 2416/2398/2245 2419/2401/2248
f 2450/2432/2279 2419/2401/2248 2452/2434/2281
f 2444/2426/2273 2451/2433/2280 2454/2436/2283
f 2444/2426/2273 2454/2436/2283 2455/2437/2284
f 2455/2437/2284 2454/2436/2283 2456/2438/2285
f 2455/2437/2284 2456/2438/2285 2457/2439/2286
f 2451/2433/2280 2453/2435/2282 2458/2440/2287
f 2451/2433/2280 2458/2440/2287 2454/2436/2283
f 2454/2436/2283 2458/2440/2287 2459/2441/2288
f 2454/2436/2283 2459/2441/2288 2456/2438/2285
f 2444/2426/2273 2455/2437/2284 2460/2442/2289
f 2444/2426/2273 2460/2442/2289 2445/2427/2274
f 2445/2427/2274 2460/2442/2289 2461/2443/2290
f 2445/2427/2274 2461/2443/2290 2448/2430/2277
f 2455/2437/2284 2457/2439/2286 2462/2444/2291
f 2455/2437/2284 2462/2444/2291 2460/2442/2289
f 2460/2442/2289 2462/2444/2291 2463/2445/2292
f 2460/2442/2289 2463/2445/2292 2461/2443/2290
f 2464/2446/2293 2465/2447/2294 2466/2448/2295
f 2464/2446/2293 2466/2448/2295 2467/2449/2296
f 2467/2449/2296 2466/2448/2295 2442/2424/2271
f 2467/2449/2296 2442/2424/2271 2437/2419/2266
f 2465/2447/2294 2468/2450/2297 2469/2451/2298
f 2465/2447/2294 2469/2451/2298 2466/2448/2295
f 2466/2448/2295 2469/2451/2298 2443/2425/2272
f 2466/2448/2295 2443/2425/2272 2442/2424/2271
f 2464/2446/2293 2467/2449/2296 2470/2452/2299
f 2464/2446/2293 2470/2452/2299 2471/2453/2300
f 2471/2453/2300 2470/2452/2299 2472/2454/2301
f 2471/2453/2300 2472/2454/2301 2473/2455/2302
f 2467/2449/2296 2437/2419/2266 2436/2418/2265
f 2467/2449/2296 2436/2418/2265 2470/2452/2299
f 2470/2452/2299 2436/2418/2265 2439/2421/2268
f 2470/2452/2299 2439/2421/2268 2472/2454/2301
f 2464/2446/2293 2471/2453/2300 2474/2456/2303
f 2464/2446/2293 2474/2456/2303 2475/2457/2304
f 2475/2457/2304 2474/2456/2303 2476/2458/2305
f 2475/2457/2304 2476/2458/2305 2477/2459/2306
f 2471/2453/2300 2473/2455/2302 2478/2460/2307
f 2471/2453/2300 2478/2460/2307 2474/2456/2303
f 2474/2456/2303 2478/2460/2307 2479/2461/2308
f 2474/2456/2303 2479/2461/2308 2476/2458/2305
f 2464/2446/2293 2475/2457/2304 2480/2462/2309
f 2464/2446/2293 2480/2462/2309 2465/2447/2294
f 2465/2447/2294 2480/2462/2309 2481/2463/2310
f 2465/2447/2294 2481/2463/2310 2468/2450/2297
f 2475/2457/2304 2477/2459/2306 2482/2464/2311
f 2475/2457/2304 2482/2464/2311 2480/2462/2309
f 2480/2462/2309 2482/2464/2311 2483/2465/2312
f 2480/2462/2309 2483/2465/2312 2481/2463/2310
f 2484/2466/2313 2485/2467/2314 2486/2468/2315
f 2484/2466/2313 2486/2468/2315 2487/2469/2316
f 2487/2469/2316 2486/2468/2315 2462/2444/2291
f 2487/2469/2316 2462/2444/2291 2457/2439/2286
f 2485/2467/2314 2488/2470/2317 2489/2471/2318
f 2485/2467/2314 2489/2471/2318 2486/2468/2315
f 2486/2468/2315 2489/2471/2318 2463/2445/2292
f 2486/2468/2315 2463/2445/2292 2462/2444/2291
f 2484/2466/2313 2487/2469/2316 2490/2472/2319
f 2484/2466/2313 2490/2472/2319 2491/2473/2320
f 2491/2473/2320 2490/2472/2319 2492/2474/2321
f 2491/2473/2320 2492/2474/2321 2493/2475/2322
f 2487/2469/2316 2457/2439/2286 2456/2438/2285
f 2487/2469/2316 2456/2438/2285 2490/2472/2319
f 2490/2472/2319 2456/2438/2285 2459/2441/2288
f 2490/2472/2319 2459/2441/2288 2492/2474/2321
f 2484/2466/2313 2491/2473/2320 2494/2476/2323
f 2484/2466/2313 2494/2476/2323 2495/2477/2324
f 2495/2477/2324 2494/2476/2323 2496/2478/2325
f 2495/2477/2324 2496/2478/2325 2497/2479/2326
f 2491/2473/2320 2493/2475/2322 2498/2480/2327
f 2491/2473/2320 2498/2480/2327 2494/2476/2323
f 2494/2476/2323 2498/2480/2327 2132/2114/1961
f 2494/2476/2323 2132/2114/1961 2496/2478/2325
f 2484/2466/2313 2495/2477/2324 2499/2481/2328
f 2484/2466/2313 2499/2481/2328 2485/2467/2314
f 2485/2467/2314 2499/2481/2328 2500/2482/2329
f 2485/2467/2314 2500/2482/2329 2488/2470/2317
f 2495/2477/2324 2497/2479/2326 2501/2483/2330
f 2495/2477/2324 2501/2483/2330 2499/2481/2328
f 2499/2481/2328 2501/2483/2330 2502/2484/2331
f 2499/2481/2328 2502/2484/2331 2500/2482/2329
f 2503/2485/2332 2504/2486/2333 2505/2487/2334
f 2503/2485/2332 2505/2487/2334 2506/2488/2335
f 2506/2488/2335 2505/2487/2334 2482/2464/2311
f 2506/2488/2335 2482/2464/2311 2477/2459/2306
f 2504/2486/2333 2507/2489/2336 2508/2490/2337
f 2504/2486/2333 2508/2490/2337 2505/2487/2334
f 2505/2487/2334 2508/2490/2337 2483/2465/2312
f 2505/2487/2334 2483/2465/2312 2482/2464/2311
f 2503/2485/2332 2506/2488/2335 2509/2491/2338
f 2503/2485/2332 2509/2491/2338 2510/2492/2339
f 2510/2492/2339 2509/2491/2338 2511/2493/2340
f 2510/2492/2339 2511/2493/2340 2512/2494/2341
f 2506/2488/2335 2477/2459/2306 2476/2458/2305
f 2506/2488/2335 2476/2458/2305 2509/2491/2338
f 2509/2491/2338 2476/2458/2305 2479/2461/2308
f 2509/2491/2338 2479/2461/2308 2511/2493/2340
f 2503/2485/2332 2510/2492/2339 2513/2495/2342
f 2503/2485/2332 2513/2495/2342 2514/2496/2343
f 2514/2496/2343 2513/2495/2342 2515/2497/2344
f 2514/2496/2343 2515/2497/2344 2516/2498/2345
f 2510/2492/2339 2512/2494/2341 2517/2499/2346
f 2510/2492/2339 2517/2499/2346 2513/2495/2342
f 2513/2495/2342 2517/2499/2346 2518/2500/2347
f 2513/2495/2342 2518/2500/2347 2515/2497/2344
f 2503/2485/2332 2514/2496/2343 2519/2501/2348
f 2503/2485/2332 2519/2501/2348 2504/2486/2333
f 2504/2486/2333 2519/2501/2348 2520/2502/2349
f 2504/2486/2333 2520/2502/2349 2507/2489/2336
f 2514/2496/2343 2516/2498/2345 2521/2503/2350
f 2514/2496/2343 2521/2503/2350 2519/2501/2348
f 2519/2501/2348 2521/2503/2350 2522/2504/2351
f 2519/2501/2348 2522/2504/2351 2520/2502/2349
f 2523/2505/2352 2524/2506/2353 2525/2507/2354
f 2523/2505/2352 2525/2507/2354 2526/2508/2355
f 2526/2508/2355 2525/2507/2354 2501/2483/2330
f 2526/2508/2355 2501/2483/2330 2497/2479/2326
f 2524/2506/2353 2527/2509/2356 2528/2510/2357
f 2524/2506/2353 2528/2510/2357 2525/2507/2354
f 2525/2507/2354 2528/2510/2357 2502/2484/2331
f 2525/2507/2354 2502/2484/2331 2501/2483/2330
f 2523/2505/2352 2526/2508/2355 2529/2511/2358
f 2523/2505/2352 2529/2511/2358 2530/2512/2359
f 2530/2512/2359 2529/2511/2358 2131/2113/1960
f 2530/2512/2359 2131/2113/1960 2130/2112/1959
f 2526/2508/2355 2497/2479/2326 2496/2478/2325
f 2526/2508/2355 2496/2478/2325 2529/2511/2358
f 2529/2511/2358 2496/2478/2325 2132/2114/1961
f 2529/2511/2358 2132/2114/1961 2131/2113/1960
f 2523/2505/2352 2530/2512/2359 2531/2513/2360
f 2523/2505/2352 2531/2513/2360 2532/2514/2361
f 2532/2514/2361 2531/2513/2360 2533/2515/2362
f 2532/2514/2361 2533/2515/2362 2534/2516/2363
f 2530/2512/2359 2130/2112/1959 2146/2128/1975
f 2530/2512/2359 2146/2128/1975 2531/2513/2360
f 2531/2513/2360 2146/2128/1975 2148/2130/1977
f 2531/2513/2360 2148/2130/1977 2533/2515/2362
f 2523/2505/2352 2532/2514/2361 2535/2517/2364
f 2523/2505/2352 2535/2517/2364 2524/2506/2353
f 2524/2506/2353 2535/2517/2364 2536/2518/2365
f 2524/2506/2353 2536/2518/2365 2527/2509/2356
f 2532/2514/2361 2534/2516/2363 2537/2519/2366
f 2532/2514/2361 2537/2519/2366 2535/2517/2364
f 2535/2517/2364 2537/2519/2366 2538/2520/2367
f 2535/2517/2364 2538/2520/2367 2536/2518/2365
f 2539/2521/2368 2540/2522/2369 2541/2523/2370
f 2539/2521/2368 2541/2523/2370 2542/2524/2371
f 2542/2524/2371 2541/2523/2370 2521/2503/2350
f 2542/2524/2371 2521/2503/2350 2516/2498/2345
f 2540/2522/2369 2543/2525/2372 2544/2526/2373
f 2540/2522/2369 2544/2526/2373 2541/2523/2370
f 2541/2523/2370 2544/2526/2373 2522/2504/2351
f 2541/2523/2370 2522/2504/2351 2521/2503/2350
f 2539/2521/2368 2542/2524/2371 2545/2527/2374
f 2539/2521/2368 2545/2527/2374 2546/2528/2375
f 2546/2528/2375 2545/2527/2374 2547/2529/2376
f 2546/2528/2375 2547/2529/2376 2548/2530/2377
f 2542/2524/2371 2516/2498/2345 2515/2497/2344
f 2542/2524/2371 2515/2497/2344 2545/2527/2374
f 2545/2527/2374 2515/2497/2344 2518/2500/2347
f 2545/2527/2374 2518/2500/2347 2547/2529/2376
f 2539/2521/2368 2546/2528/2375 2549/2531/2378
f 2539/2521/2368 2549/2531/2378 2550/2532/2379
f 2550/2532/2379 2549/2531/2378 2551/2533/2380
f 2550/2532/2379 2551/2533/2380 2552/2534/2381
f 2546/2528/2375 2548/2530/2377 2553/2535/2382
f 2546/2528/2375 2553/2535/2382 2549/2531/2378
f 2549/2531/2378 2553/2535/2382 2554/2536/2383
f 2549/2531/2378 2554/2536/2383 2551/2533/2380
f 2539/2521/2368 2550/2532/2379 2555/2537/2384
f 2539/2521/2368 2555/2537/2384 2540/2522/2369
f 2540/2522/2369 2555/2537/2384 2556/2538/2385
f 2540/2522/2369 2556/2538/2385 2543/2525/2372
f 2550/2532/2379 2552/2534/2381 2557/2539/2386
f 2550/2532/2379 2557/2539/2386 2555/2537/2384
f 2555/2537/2384 2557/2539/2386 2558/2540/2387
f 2555/2537/2384 2558/2540/2387 2556/2538/2385
f 2559/2541/2388 2560/2542/2389 2561/2543/2390
f 2559/2541/2388 2561/2543/2390 2562/2544/2391
f 2562/2544/2391 2561/2543/2390 2537/2519/2366
f 2562/2544/2391 2537/2519/2366 2534/2516/2363
f 2560/2542/2389 2563/2545/2392 2564/2546/2393
f 2560/2542/2389 2564/2546/2393 2561/2543/2390
f 2561/2543/2390 2564/2546/2393 2538/2520/2367
f 2561/2543/2390 2538/2520/2367 2537/2519/2366
f 2559/2541/2388 2562/2544/2391 2565/2547/2394
f 2559/2541/2388 2565/2547/2394 2566/2548/2395
f 2566/2548/2395 2565/2547/2394 2567/2549/2396
f 2566/2548/2395 2567/2549/2396 2568/2550/2397
f 2562/2544/2391 2534/2516/2363 2533/2515/2362
f 2562/2544/2391 2533/2515/2362 2565/2547/2394
f 2565/2547/2394 2533/2515/2362 2148/2130/1977
f 2565/2547/2394 2148/2130/1977 2567/2549/2396
f 2559/2541/2388 2566/2548/2395 2569/2551/2398
f 2559/2541/2388 2569/2551/2398 2570/2552/2399
f 2570/2552/2399 2569/2551/2398 2571/2553/2400
f 2570/2552/2399 2571/2553/2400 2572/2554/2401
f 2566/2548/2395 2568/2550/2397 2573/2555/2402
f 2566/2548/2395 2573/2555/2402 2569/2551/2398
f 2569/2551/2398 2573/2555/2402 2574/2556/2403
f 2569/2551/2398 2574/2556/2403 2571/2553/2400
f 2559/2541/2388 2570/2552/2399 2575/2557/2404
f 2559/2541/2388 2575/2557/2404 2560/2542/2389
f 2560/2542/2389 2575/2557/2404 2576/2558/2405
f 2560/2542/2389 2576/2558/2405 2563/2545/2392
f 2570/2552/2399 2572/2554/2401 2577/2559/2406
f 2570/2552/2399 2577/2559/2406 2575/2557/2404
f 2575/2557/2404 2577/2559/2406 2578/2560/2407
f 2575/2557/2404 2578/2560/2407 2576/2558/2405
f 2579/2561/2408 2580/2562/2409 2581/2563/2410
f 2579/2561/2408 2581/2563/2410 2582/2564/2411
f 2582/2564/2411 2581/2563/2410 2557/2539/2386
f 2582/2564/2411 2557/2539/2386 2552/2534/2381
f 2580/2562/2409 2583/2565/2412 2584/2566/2413
f 2580/2562/2409 2584/2566/2413 2581/2563/2410
f 2581/2563/2410 2584/2566/2413 2558/2540/2387
f 2581/2563/2410 2558/2540/2387 2557/2539/2386
f 2579/2561/2408 2582/2564/2411 2585/2567/2414
f 2579/2561/2408 2585/2567/2414 2586/2568/2415
f 2586/2568/2415 2585/2567/2414 2587/2569/2416
f 2586/2568/2415 2587/2569/2416 2588/2570/2417
f 2582/2564/2411 2552/2534/2381 2551/2533/2380
f 2582/2564/2411 2551/2533/2380 2585/2567/2414
f 2585/2567/2414 2551/2533/2380 2554/2536/2383
f 2585/2567/2414 2554/2536/2383 2587/2569/2416
f 2579/2561/2408 2586/2568/2415 2589/2571/2418
f 2579/2561/2408 2589/2571/2418 2590/2572/2419
f 2590/2572/2419 2589/2571/2418 2591/2573/2420
f 2590/2572/2419 2591/2573/2420 2592/2574/2421
f 2586/2568/2415 2588/2570/2417 2593/2575/2422
f 2586/2568/2415 2593/2575/2422 2589/2571/2418
f 2589/2571/2418 2593/2575/2422 2594/2576/2423
f 2589/2571/2418 2594/2576/2423 2591/2573/2420
f 2579/2561/2408 2590/2572/2419 2595/2577/2424
f 2579/2561/2408 2595/2577/2424 2580/2562/2409
f 2580/2562/2409 2595/2577/2424 2596/2578/2425
f 2580/2562/2409 2596/2578/2425 2583/2565/2412
f 2590/2572/2419 2592/2574/2421 2597/2579/2426
f 2590/2572/2419 2597/2579/2426 2595/2577/2424
f 2595/2577/2424 2597/2579/2426 2598/2580/2427
f 2595/2577/2424 2598/2580/2427 2596/2578/2425
f 2599/2581/2428 2600/2582/2429 2601/2583/2430
f 2599/2581/2428 2601/2583/2430 2602/2584/2431
f 2602/2584/2431 2601/2583/2430 2242/2224/2071
f 2602/2584/2431 2242/2224/2071 2237/2219/2066
f 2600/2582/2429 2603/2585/2432 2604/2586/2433
f 2600/2582/2429 2604/2586/2433 2601/2583/2430
f 2601/2583/2430 2604/2586/2433 2243/2225/2072
f 2601/2583/2430 2243/2225/2072 2242/2224/2071
f 2599/2581/2428 2602/2584/2431 2605/2587/2434
f 2599/2581/2428 2605/2587/2434 2606/2588/2435
f 2606/2588/2435 2605/2587/2434 2607/2589/2436
f 2606/2588/2435 2607/2589/2436 2608/2590/2437
f 2602/2584/2431 2237/2219/2066 2236/2218/2065
f 2602/2584/2431 2236/2218/2065 2605/2587/2434
f 2605/2587/2434 2236/2218/2065 2239/2221/2068
f 2605/2587/2434 2239/2221/2068 2607/2589/2436
f 2599/2581/2428 2606/2588/2435 2609/2591/2438
f 2599/2581/2428 2609/2591/2438 2610/2592/2439
f 2610/2592/2439 2609/2591/2438 2611/2593/2440
f 2610/2592/2439 2611/2593/2440 2612/2594/2441
f 2606/2588/2435 2608/2590/2437 2613/2595/2442
f 2606/2588/2435 2613/2595/2442 2609/2591/2438
f 2609/2591/2438 2613/2595/2442 2614/2596/2443
f 2609/2591/2438 2614/2596/2443 2611/2593/2440
f 2599/2581/2428 2610/2592/2439 2615/2597/2444
f 2599/2581/2428 2615/2597/2444 2600/2582/2429
f 2600/2582/2429 2615/2597/2444 2616/2598/2445
f 2600/2582/2429 2616/2598/2445 2603/2585/2432
f 2610/2592/2439 2612/2594/2441 2617/2599/2446
f 2610/2592/2439 2617/2599/2446 2615/2597/2444
f 2615/2597/2444 2617/2599/2446 2618/2600/2447
f 2615/2597/2444 2618/2600/2447 2616/2598/2445
f 2619/2601/2448 2620/2602/2449 2621/2603/2450
f 2619/2601/2448 2621/2603/2450 2622/2604/2451
f 2622/2604/2451 2621/2603/2450 2577/2559/2406
f 2622/2604/2451 2577/2559/2406 2572/2554/2401
f 2620/2602/2449 2623/2605/2452 2624/2606/2453
f 2620/2602/2449 2624/2606/2453 2621/2603/2450
f 2621/2603/2450 2624/2606/2453 2578/2560/2407
f 2621/2603/2450 2578/2560/2407 2577/2559/2406
f 2619/2601/2448 2622/2604/2451 2625/2607/2454
f 2619/2601/2448 2625/2607/2454 2626/2608/2455
f 2626/2608/2455 2625/2607/2454 2627/2609/2456
f 2626/2608/2455 2627/2609/2456 2628/2610/2457
f 2622/2604/2451 2572/2554/2401 2571/2553/2400
f 2622/2604/2451 2571/2553/2400 2625/2607/2454
f 2625/2607/2454 2571/2553/2400 2574/2556/2403
f 2625/2607/2454 2574/2556/2403 2627/2609/2456
f 2619/2601/2448 2626/2608/2455 2629/2611/2458
f 2619/2601/2448 2629/2611/2458 2630/2612/2459
f 2630/2612/2459 2629/2611/2458 2631/2613/2460
f 2630/2612/2459 2631/2613/2460 2632/2614/2461
f 2626/2608/2455 2628/2610/2457 2633/2615/2462
f 2626/2608/2455 2633/2615/2462 2629/2611/2458
f 2629/2611/2458 2633/2615/2462 2634/2616/2463
f 2629/2611/2458 2634/2616/2463 2631/2613/2460
f 2619/2601/2448 2630/2612/2459 2635/2617/2464
f 2619/2601/2448 2635/2617/2464 2620/2602/2449
f 2620/2602/2449 2635/2617/2464 2636/2618/2465
f 2620/2602/2449 2636/2618/2465 2623/2605/2452
f 2630/2612/2459 2632/2614/2461 2637/2619/2466
f 2630/2612/2459 2637/2619/2466 2635/2617/2464
f 2635/2617/2464 2637/2619/2466 2638/2620/2467
f 2635/2617/2464 2638/2620/2467 2636/2618/2465
f 2639/2621/2468 2640/2622/2469 2641/2623/2470
f 2639/2621/2468 2641/2623/2470 2642/2624/2471
f 2642/2624/2471 2641/2623/2470 2597/2579/2426
f 2642/2624/2471 2597/2579/2426 2592/2574/2421
f 2640/2622/2469 2643/2625/2472 2644/2626/2473
f 2640/2622/2469 2644/2626/2473 2641/2623/2470
f 2641/2623/2470 2644/2626/2473 2598/2580/2427
f 2641/2623/2470 2598/2580/2427 2597/2579/2426
f 2639/2621/2468 2642/2624/2471 2645/2627/2474
f 2639/2621/2468 2645/2627/2474 2646/2628/2475
f 2646/2628/2475 2645/2627/2474 2647/2629/2476
f 2646/2628/2475 2647/2629/2476 2648/2630/2477
f 2642/2624/2471 2592/2574/2421 2591/2573/2420
f 2642/2624/2471 2591/2573/2420 2645/2627/2474
f 2645/2627/2474 2591/2573/2420 2594/2576/2423
f 2645/2627/2474 2594/2576/2423 2647/2629/2476
f 2639/2621/2468 2646/2628/2475 2649/2631/2478
f 2639/2621/2468 2649/2631/2478 2650/2632/2479
f 2650/2632/2479 2649/2631/2478 2651/2633/2480
f 2650/2632/2479 2651/2633/2480 2652/2634/2481
f 2646/2628/2475 2648/2630/2477 2653/2635/2482
f 2646/2628/2475 2653/2635/2482 2649/2631/2478
f 2649/2631/2478 2653/2635/2482 2654/2636/2483
f 2649/2631/2478 2654/2636/2483 2651/2633/2480
f 2639/2621/2468 2650/2632/2479 2655/2637/2484
f 2639/2621/2468 2655/2637/2484 2640/2622/2469
f 2640/2622/2469 2655/2637/2484 2656/2638/2485
f 2640/2622/2469 2656/2638/2485 2643/2625/2472
f 2650/2632/2479 2652/2634/2481 2657/2639/2486
f 2650/2632/2479 2657/2639/2486 2655/2637/2484
f 2655/2637/2484 2657/2639/2486 2658/2640/2487
f 2655/2637/2484 2658/2640/2487 2656/2638/2485
f 2659/2641/2488 2660/2642/2489 2661/2643/2490
f 2659/2641/2488 2661/2643/2490 2662/2644/2491
f 2662/2644/2491 2661/2643/2490 2617/2599/2446
f 2662/2644/2491 2617/2599/2446 2612/2594/2441
f 2660/2642/2489 2663/2645/2492 2664/2646/2493
f 2660/2642/2489 2664/2646/2493 2661/2643/2490
f 2661/2643/2490 2664/2646/2493 2618/2600/2447
f 2661/2643/2490 2618/2600/2447 2617/2599/2446
f 2659/2641/2488 2662/2644/2491 2665/2647/2494
f 2659/2641/2488 2665/2647/2494 2666/2648/2495
f 2666/2648/2495 2665/2647/2494 2667/2649/2496
f 2666/2648/2495 2667/2649/2496 2668/2650/2497
f 2662/2644/2491 2612/2594/2441 2611/2593/2440
f 2662/2644/2491 2611/2593/2440 2665/2647/2494
f 2665/2647/2494 2611/2593/2440 2614/2596/2443
f 2665/2647/2494 2614/2596/2443 2667/2649/2496
f 2659/2641/2488 2666/2648/2495 2669/2651/2498
f 2659/2641/2488 2669/2651/2498 2670/2652/2499
f 2670/2652/2499 2669/2651/2498 2671/2653/2500
f 2670/2652/2499 2671/2653/2500 2672/2654/2501
f 2666/2648/2495 2668/2650/2497 2673/2655/2502
f 2666/2648/2495 2673/2655/2502 2669/2651/2498
f 2669/2651/2498 2673/2655/2502 2674/2656/2503
f 2669/2651/2498 2674/2656/2503 2671/2653/2500
f 2659/2641/2488 2670/2652/2499 2675/2657/2504
f 2659/2641/2488 2675/2657/2504 2660/2642/2489
f 2660/2642/2489 2675/2657/2504 2676/2658/2505
f 2660/2642/2489 2676/2658/2505 2663/2645/2492
f 2670/2652/2499 2672/2654/2501 2677/2659/2506
f 2670/2652/2499 2677/2659/2506 2675/2657/2504
f 2675/2657/2504 2677/2659/2506 2678/2660/2507
f 2675/2657/2504 2678/2660/2507 2676/2658/2505
f 2679/2661/2508 2680/2662/2509 2681/2663/2510
f 2679/2661/2508 2681/2663/2510 2682/2664/2511
f 2682/2664/2511 2681/2663/2510 2637/2619/2466
f 2682/2664/2511 2637/2619/2466 2632/2614/2461
f 2680/2662/2509 2683/2665/2512 2684/2666/2513
f 2680/2662/2509 2684/2666/2513 2681/2663/2510
f 2681/2663/2510 2684/2666/2513 2638/2620/2467
f 2681/2663/2510 2638/2620/2467 2637/2619/2466
f 2679/2661/2508 2682/2664/2511 2685/2667/2514
f 2679/2661/2508 2685/2667/2514 2686/2668/2515
f 2686/2668/2515 2685/2667/2514 2687/2669/2516
f 2686/2668/2515 2687/2669/2516 2688/2670/2517
f 2682/2664/2511 2632/2614/2461 2631/2613/2460
f 2682/2664/2511 2631/2613/2460 2685/2667/2514
f 2685/2667/2514 2631/2613/2460 2634/2616/2463
f 2685/2667/2514 2634/2616/2463 2687/2669/2516
f 2679/2661/2508 2686/2668/2515 2689/2671/2518
f 2679/2661/2508 2689/2671/2518 2690/2672/2519
f 2690/2672/2519 2689/2671/2518 2691/2673/2520
f 2690/2672/2519 2691/2673/2520 2692/2674/2521
f 2686/2668/2515 2688/2670/2517 2693/2675/2522
f 2686/2668/2515 2693/2675/2522 2689/2671/2518
f 2689/2671/2518 2693/2675/2522 2694/2676/2523
f 2689/2671/2518 2694/2676/2523 2691/2673/2520
f 2679/2661/2508 2690/2672/2519 2695/2677/2524
f 2679/2661/2508 2695/2677/2524 2680/2662/2509
f 2680/2662/2509 2695/2677/2524 2696/2678/2525
f 2680/2662/2509 2696/2678/2525 2683/2665/2512
f 2690/2672/2519 2692/2674/2521 2697/2679/2526
f 2690/2672/2519 2697/2679/2526 2695/2677/2524
f 2695/2677/2524 2697/2679/2526 2698/2680/2527
f 2695/2677/2524 2698/2680/2527 2696/2678/2525
f 2699/2681/2528 2700/2682/2529 2701/2683/2530
f 2699/2681/2528 2701/2683/2530 2702/2684/2531
f 2702/2684/2531 2701/2683/2530 2657/2639/2486
f 2702/2684/2531 2657/2639/2486 2652/2634/2481
f 2700/2682/2529 2703/2685/2532 2704/2686/2533
f 2700/2682/2529 2704/2686/2533 2701/2683/2530
f 2701/2683/2530 2704/2686/2533 2658/2640/2487
f 2701/2683/2530 2658/2640/2487 2657/2639/2486
f 2699/2681/2528 2702/2684/2531 2705/2687/2534
f 2699/2681/2528 2705/2687/2534 2706/2688/2535
f 2706/2688/2535 2705/2687/2534 2707/2689/2536
f 2706/2688/2535 2707/2689/2536 2708/2690/2537
f 2702/2684/2531 2652/2634/2481 2651/2633/2480
f 2702/2684/2531 2651/2633/2480 2705/2687/2534
f 2705/2687/2534 2651/2633/2480 2654/2636/2483
f 2705/2687/2534 2654/2636/2483 2707/2689/2536
f 2699/2681/2528 2706/2688/2535 2709/2691/2538
f 2699/2681/2528 2709/2691/2538 2710/2692/2539
f 2710/2692/2539 2709/2691/2538 2711/2693/2540
f 2710/2692/2539 2711/2693/2540 2712/2694/2541
f 2706/2688/2535 2708/2690/2537 2713/2695/2542
f 2706/2688/2535 2713/2695/2542 2709/2691/2538
f 2709/2691/2538 2713/2695/2542 2714/2696/2543
f 2709/2691/2538 2714/2696/2543 2711/2693/2540
f 2699/2681/2528 2710/2692/2539 2715/2697/2544
f 2699/2681/2528 2715/2697/2544 2700/2682/2529
f 2700/2682/2529 2715/2697/2544 2716/2698/2545
f 2700/2682/2529 2716/2698/2545 2703/2685/2532
f 2710/2692/2539 2712/2694/2541 2717/2699/2546
f 2710/2692/2539 2717/2699/2546 2715/2697/2544
f 2715/2697/2544 2717/2699/2546 2718/2700/2547
f 2715/2697/2544 2718/2700/2547 2716/2698/2545
f 2719/2701/2548 2720/2702/2549 2721/2703/2550
f 2719/2701/2548 2721/2703/2550 2722/2704/2551
f 2722/2704/2551 2721/2703/2550 2677/2659/2506
f 2722/2704/2551 2677/2659/2506 2672/2654/2501
f 2720/2702/2549 2723/2705/2552 2724/2706/2553
f 2720/2702/2549 2724/2706/2553 2721/2703/2550
f 2721/2703/2550 2724/2706/2553 2678/2660/2507
f 2721/2703/2550 2678/2660/2507 2677/2659/2506
f 2719/2701/2548 2722/2704/2551 2725/2707/2554
f 2719/2701/2548 2725/2707/2554 2726/2708/2555
f 2726/2708/2555 2725/2707/2554 2727/2709/2556
f 2726/2708/2555 2727/2709/2556 2728/2710/2557
f 2722/2704/2551 2672/2654/2501 2671/2653/2500
f 2722/2704/2551 2671/2653/2500 2725/2707/2554
f 2725/2707/2554 2671/2653/2500 2674/2656/2503
f 2725/2707/2554 2674/2656/2503 2727/2709/2556
f 2719/2701/2548 2726/2708/2555 2729/2711/2558
f 2719/2701/2548 2729/2711/2558 2730/2712/2559
f 2730/2712/2559 2729/2711/2558 2731/2713/2560
f 2730/2712/2559 2731/2713/2560 2732/2714/2561
f 2726/2708/2555 2728/2710/2557 2733/2715/2562
f 2726/2708/2555 2733/2715/2562 2729/2711/2558
f 2729/2711/2558 2733/2715/2562 2734/2716/2563
f 2729/2711/2558 2734/2716/2563 2731/2713/2560
f 2719/2701/2548 2730/2712/2559 2735/2717/2564
f 2719/2701/2548 2735/2717/2564 2720/2702/2549
f 2720/2702/2549 2735/2717/2564 2736/2718/2565
f 2720/2702/2549 2736/2718/2565 2723/2705/2552
f 2730/2712/2559 2732/2714/2561 2737/2719/2566
f 2730/2712/2559 2737/2719/2566 2735/2717/2564
f 2735/2717/2564 2737/2719/2566 2738/2720/2567
f 2735/2717/2564 2738/2720/2567 2736/2718/2565
f 2739/2721/2568 2740/2722/2569 2741/2723/2570
f 2739/2721/2568 2741/2723/2570 2742/2724/2571
f 2742/2724/2571 2741/2723/2570 2697/2679/2526
f 2742/2724/2571 2697/2679/2526 2692/2674/2521
f 2740/2722/2569 2743/2725/2572 2744/2726/2573
f 2740/2722/2569 2744/2726/2573 2741/2723/2570
f 2741/2723/2570 2744/2726/2573 2698/2680/2527
f 2741/2723/2570 2698/2680/2527 2697/2679/2526
f 2739/2721/2568 2742/2724/2571 2745/2727/2574
f 2739/2721/2568 2745/2727/2574 2746/2728/2575
f 2746/2728/2575 2745/2727/2574 2747/2729/2576
f 2746/2728/2575 2747/2729/2576 2748/2730/2577
f 2742/2724/2571 2692/2674/2521 2691/2673/2520
f 2742/2724/2571 2691/2673/2520 2745/2727/2574
f 2745/2727/2574 2691/2673/2520 2694/2676/2523
f 2745/2727/2574 2694/2676/2523 2747/2729/2576
f 2739/2721/2568 2746/2728/2575 2749/2731/2578
f 2739/2721/2568 2749/2731/2578 2750/2732/2579
f 2750/2732/2579 2749/2731/2578 2162/2144/1991
f 2750/2732/2579 2162/2144/1991 2154/2136/1983
f 2746/2728/2575 2748/2730/2577 2751/2733/2580
f 2746/2728/2575 2751/2733/2580 2749/2731/2578
f 2749/2731/2578 2751/2733/2580 2163/2145/1992
f 2749/2731/2578 2163/2145/1992 2162/2144/1991
f 2739/2721/2568 2750/2732/2579 2752/2734/2581
f 2739/2721/2568 2752/2734/2581 2740/2722/2569
f 2740/2722/2569 2752/2734/2581 2753/2735/2582
f 2740/2722/2569 2753/2735/2582 2743/2725/2572
f 2750/2732/2579 2154/2136/1983 2153/2135/1982
f 2750/2732/2579 2153/2135/1982 2752/2734/2581
f 2752/2734/2581 2153/2135/1982 2157/2139/1986
f 2752/2734/2581 2157/2139/1986 2753/2735/2582
f 2754/2736/2583 2755/2737/2584 2756/2738/2585
f 2754/2736/2583 2756/2738/2585 2757/2739/2586
f 2757/2739/2586 2756/2738/2585 2758/2740/2546
f 2757/2739/2586 2758/2740/2546 2759/2741/2541
f 2755/2737/2584 2760/2742/2587 2761/2743/2588
f 2755/2737/2584 2761/2743/2588 2756/2738/2585
f 2756/2738/2585 2761/2743/2588 2762/2744/2547
f 2756/2738/2585 2762/2744/2547 2758/2740/2546
f 2754/2736/2583 2757/2739/2586 2763/2745/2589
f 2754/2736/2583 2763/2745/2589 2764/2746/2590
f 2764/2746/2590 2763/2745/2589 2765/2747/2591
f 2764/2746/2590 2765/2747/2591 2766/2748/2592
f 2757/2739/2586 2759/2741/2541 2767/2749/2540
f 2757/2739/2586 2767/2749/2540 2763/2745/2589
f 2763/2745/2589 2767/2749/2540 2768/2750/2543
f 2763/2745/2589 2768/2750/2543 2765/2747/2591
f 2754/2736/2583 2764/2746/2590 2769/2751/2593
f 2754/2736/2583 2769/2751/2593 2770/2752/2594
f 2770/2752/2594 2769/2751/2593 2187/2169/2016
f 2770/2752/2594 2187/2169/2016 2179/2161/2008
f 2764/2746/2590 2766/2748/2592 2771/2753/2595
f 2764/2746/2590 2771/2753/2595 2769/2751/2593
f 2769/2751/2593 2771/2753/2595 2188/2170/2017
f 2769/2751/2593 2188/2170/2017 2187/2169/2016
f 2754/2736/2583 2770/2752/2594 2772/2754/2596
f 2754/2736/2583 2772/2754/2596 2755/2737/2584
f 2755/2737/2584 2772/2754/2596 2773/2755/2597
f 2755/2737/2584 2773/2755/2597 2760/2742/2587
f 2770/2752/2594 2179/2161/2008 2178/2160/2007
f 2770/2752/2594 2178/2160/2007 2772/2754/2596
f 2772/2754/2596 2178/2160/2007 2182/2164/2011
f 2772/2754/2596 2182/2164/2011 2773/2755/2597
f 2774/2756/2598 2775/2757/2599 2776/2758/2600
f 2774/2756/2598 2776/2758/2600 2777/2759/2601
f 2777/2759/2601 2776/2758/2600 2737/2719/2566
f 2777/2759/2601 2737/2719/2566 2732/2714/2561
f 2775/2757/2599 2778/2760/2602 2779/2761/2603
f 2775/2757/2599 2779/2761/2603 2776/2758/2600
f 2776/2758/2600 2779/2761/2603 2738/2720/2567
f 2776/2758/2600 2738/2720/2567 2737/2719/2566
f 2774/2756/2598 2777/2759/2601 2780/2762/2604
f 2774/2756/2598 2780/2762/2604 2781/2763/2605
f 2781/2763/2605 2780/2762/2604 2782/2764/2606
f 2781/2763/2605 2782/2764/2606 2783/2765/2607
f 2777/2759/2601 2732/2714/2561 2731/2713/2560
f 2777/2759/2601 2731/2713/2560 2780/2762/2604
f 2780/2762/2604 2731/2713/2560 2734/2716/2563
f 2780/2762/2604 2734/2716/2563 2782/2764/2606
f 2774/2756/2598 2781/2763/2605 2784/2766/2608
f 2774/2756/2598 2784/2766/2608 2785/2767/2609
f 2785/2767/2609 2784/2766/2608 2212/2194/2041
f 2785/2767/2609 2212/2194/2041 2204/2186/2033
f 2781/2763/2605 2783/2765/2607 2786/2768/2610
f 2781/2763/2605 2786/2768/2610 2784/2766/2608
f 2784/2766/2608 2786/2768/2610 2213/2195/2042
f 2784/2766/2608 2213/2195/2042 2212/2194/2041
f 2774/2756/2598 2785/2767/2609 2787/2769/2611
f 2774/2756/2598 2787/2769/2611 2775/2757/2599
f 2775/2757/2599 2787/2769/2611 2788/2770/2612
f 2775/2757/2599 2788/2770/2612 2778/2760/2602
f 2785/2767/2609 2204/2186/2033 2203/2185/2032
f 2785/2767/2609 2203/2185/2032 2787/2769/2611
f 2787/2769/2611 2203/2185/2032 2207/2189/2036
f 2787/2769/2611 2207/2189/2036 2788/2770/2612
f 2789/2771/2613 2790/2772/2614 2791/2773/2615
f 2789/2771/2613 2791/2773/2615 2792/2774/2616
f 2792/2774/2616 2791/2773/2615 2793/2775/2617
f 2792/2774/2616 2793/2775/2617 2794/2776/2618
f 2790/2772/2614 2795/2777/2619 2796/2778/2620
f 2790/2772/2614 2796/2778/2620 2791/2773/2615
f 2791/2773/2615 2796/2778/2620 2797/2779/2621
f 2791/2773/2615 2797/2779/2621 2793/2775/2617
f 2789/2771/2613 2792/2774/2616 2798/2780/2622
f 2789/2771/2613 2798/2780/2622 2799/2781/2623
f 2799/2781/2623 2798/2780/2622 2800/2782/2624
f 2799/2781/2623 2800/2782/2624 2801/2783/2625
f 2792/2774/2616 2794/2776/2618 2802/2784/2626
f 2792/2774/2616 2802/2784/2626 2798/2780/2622
f 2798/2780/2622 2802/2784/2626 2803/2785/2627
f 2798/2780/2622 2803/2785/2627 2800/2782/2624
f 2789/2771/2613 2799/2781/2623 2804/2786/2628
f 2789/2771/2613 2804/2786/2628 2805/2787/2629
f 2805/2787/2629 2804/2786/2628 2806/2788/2630
f 2805/2787/2629 2806/2788/2630 2807/2789/2631
f 2799/2781/2623 2801/2783/2625 2808/2790/2632
f 2799/2781/2623 2808/2790/2632 2804/2786/2628
f 2804/2786/2628 2808/2790/2632 2809/2791/2633
f 2804/2786/2628 2809/2791/2633 2806/2788/2630
f 2789/2771/2613 2805/2787/2629 2810/2792/2634
f 2789/2771/2613 2810/2792/2634 2790/2772/2614
f 2790/2772/2614 2810/2792/2634 2811/2793/2635
f 2790/2772/2614 2811/2793/2635 2795/2777/2619
f 2805/2787/2629 2807/2789/2631 2812/2794/2636
f 2805/2787/2629 2812/2794/2636 2810/2792/2634
f 2810/2792/2634 2812/2794/2636 2813/2795/2637
f 2810/2792/2634 2813/2795/2637 2811/2793/2635
f 2814/2796/2638 2815/2797/2639 2816/2798/2640
f 2814/2796/2638 2816/2798/2640 2817/2799/2641
f 2817/2799/2641 2816/2798/2640 2818/2800/2642
f 2817/2799/2641 2818/2800/2642 2819/2801/2643
f 2815/2797/2639 2548/2530/2377 2547/2529/2376
f 2815/2797/2639 2547/2529/2376 2816/2798/2640
f 2816/2798/2640 2547/2529/2376 2518/2500/2347
f 2816/2798/2640 2518/2500/2347 2818/2800/2642
f 2814/2796/2638 2817/2799/2641 2820/2802/2644
f 2814/2796/2638 2820/2802/2644 2821/2803/2645
f 2821/2803/2645 2820/2802/2644 2822/2804/2646
f 2821/2803/2645 2822/2804/2646 2823/2805/2647
f 2817/2799/2641 2819/2801/2643 2824/2806/2648
f 2817/2799/2641 2824/2806/2648 2820/2802/2644
f 2820/2802/2644 2824/2806/2648 2825/2807/2649
f 2820/2802/2644 2825/2807/2649 2822/2804/2646
f 2814/2796/2638 2821/2803/2645 2826/2808/2650
f 2814/2796/2638 2826/2808/2650 2827/2809/2651
f 2827/2809/2651 2826/2808/2650 2828/2810/2652
f 2827/2809/2651 2828/2810/2652 2829/2811/2653
f 2821/2803/2645 2823/2805/2647 2830/2812/2654
f 2821/2803/2645 2830/2812/2654 2826/2808/2650
f 2826/2808/2650 2830/2812/2654 2831/2813/2655
f 2826/2808/2650 2831/2813/2655 2828/2810/2652
f 2814/2796/2638 2827/2809/2651 2832/2814/2656
f 2814/2796/2638 2832/2814/2656 2815/2797/2639
f 2815/2797/2639 2832/2814/2656 2553/2535/2382
f 2815/2797/2639 2553/2535/2382 2548/2530/2377
f 2827/2809/2651 2829/2811/2653 2833/2815/2657
f 2827/2809/2651 2833/2815/2657 2832/2814/2656
f 2832/2814/2656 2833/2815/2657 2554/2536/2383
f 2832/2814/2656 2554/2536/2383 2553/2535/2382
f 2834/2816/2658 2835/2817/2659 2836/2818/2660
f 2834/2816/2658 2836/2818/2660 2837/2819/2661
f 2837/2819/2661 2836/2818/2660 2147/2129/1976
f 2837/2819/2661 2147/2129/1976 2142/2124/1971
f 2835/2817/2659 2568/2550/2397 2567/2549/2396
f 2835/2817/2659 2567/2549/2396 2836/2818/2660
f 2836/2818/2660 2567/2549/2396 2148/2130/1977
f 2836/2818/2660 2148/2130/1977 2147/2129/1976
f 2834/2816/2658 2837/2819/2661 2838/2820/2662
f 2834/2816/2658 2838/2820/2662 2839/2821/2663
f 2839/2821/2663 2838/2820/2662 2840/2822/2664
f 2839/2821/2663 2840/2822/2664 2841/2823/2665
f 2837/2819/2661 2142/2124/1971 2141/2123/1970
f 2837/2819/2661 2141/2123/1970 2838/2820/2662
f 2838/2820/2662 2141/2123/1970 2144/2126/1973
f 2838/2820/2662 2144/2126/1973 2840/2822/2664
f 2834/2816/2658 2839/2821/2663 2842/2824/2666
f 2834/2816/2658 2842/2824/2666 2843/2825/2667
f 2843/2825/2667 2842/2824/2666 2844/2826/2668
f 2843/2825/2667 2844/2826/2668 2845/2827/2669
f 2839/2821/2663 2841/2823/2665 2846/2828/2670
f 2839/2821/2663 2846/2828/2670 2842/2824/2666
f 2842/2824/2666 2846/2828/2670 2847/2829/2671
f 2842/2824/2666 2847/2829/2671 2844/2826/2668
f 2834/2816/2658 2843/2825/2667 2848/2830/2672
f 2834/2816/2658 2848/2830/2672 2835/2817/2659
f 2835/2817/2659 2848/2830/2672 2573/2555/2402
f 2835/2817/2659 2573/2555/2402 2568/2550/2397
f 2843/2825/2667 2845/2827/2669 2849/2831/2673
f 2843/2825/2667 2849/2831/2673 2848/2830/2672
f 2848/2830/2672 2849/2831/2673 2574/2556/2403
f 2848/2830/2672 2574/2556/2403 2573/2555/2402
f 2850/2832/2674 2851/2833/2675 2852/2834/2676
f 2850/2832/2674 2852/2834/2676 2853/2835/2677
f 2853/2835/2677 2852/2834/2676 2833/2815/2657
f 2853/2835/2677 2833/2815/2657 2829/2811/2653
f 2851/2833/2675 2588/2570/2417 2587/2569/2416
f 2851/2833/2675 2587/2569/2416 2852/2834/2676
f 2852/2834/2676 2587/2569/2416 2554/2536/2383
f 2852/2834/2676 2554/2536/2383 2833/2815/2657
f 2850/2832/2674 2853/2835/2677 2854/2836/2678
f 2850/2832/2674 2854/2836/2678 2855/2837/2679
f 2855/2837/2679 2854/2836/2678 2856/2838/2680
f 2855/2837/2679 2856/2838/2680 2857/2839/2681
f 2853/2835/2677 2829/2811/2653 2828/2810/2652
f 2853/2835/2677 2828/2810/2652 2854/2836/2678
f 2854/2836/2678 2828/2810/2652 2831/2813/2655
f 2854/2836/2678 2831/2813/2655 2856/2838/2680
f 2850/2832/2674 2855/2837/2679 2858/2840/2682
f 2850/2832/2674 2858/2840/2682 2859/2841/2683
f 2859/2841/2683 2858/2840/2682 2860/2842/2684
f 2859/2841/2683 2860/2842/2684 2861/2843/2685
f 2855/2837/2679 2857/2839/2681 2862/2844/2686
f 2855/2837/2679 2862/2844/2686 2858/2840/2682
f 2858/2840/2682 2862/2844/2686 2863/2845/2687
f 2858/2840/2682 2863/2845/2687 2860/2842/2684
f 2850/2832/2674 2859/2841/2683 2864/2846/2688
f 2850/2832/2674 2864/2846/2688 2851/2833/2675
f 2851/2833/2675 2864/2846/2688 2593/2575/2422
f 2851/2833/2675 2593/2575/2422 2588/2570/2417
f 2859/2841/2683 2861/2843/2685 2865/2847/2689
f 2859/2841/2683 2865/2847/2689 2864/2846/2688
f 2864/2846/2688 2865/2847/2689 2594/2576/2423
f 2864/2846/2688 2594/2576/2423 2593/2575/2422
f 2866/2848/2690 2867/2849/2691 2868/2850/2692
f 2866/2848/2690 2868/2850/2692 2869/2851/2693
f 2869/2851/2693 2868/2850/2692 2870/2852/2694
f 2869/2851/2693 2870/2852/2694 2871/2853/2695
f 2867/2849/2691 2608/2590/2437 2607/2589/2436
f 2867/2849/2691 2607/2589/2436 2868/2850/2692
f 2868/2850/2692 2607/2589/2436 2239/2221/2068
f 2868/2850/2692 2239/2221/2068 2870/2852/2694
f 2866/2848/2690 2869/2851/2693 2872/2854/2696
f 2866/2848/2690 2872/2854/2696 2873/2855/2697
f 2873/2855/2697 2872/2854/2696 2874/2856/2698
f 2873/2855/2697 2874/2856/2698 2875/2857/2699
f 2869/2851/2693 2871/2853/2695 2876/2858/2700
f 2869/2851/2693 2876/2858/2700 2872/2854/2696
f 2872/2854/2696 2876/2858/2700 2877/2859/2701
f 2872/2854/2696 2877/2859/2701 2874/2856/2698
f 2866/2848/2690 2873/2855/2697 2878/2860/2702
f 2866/2848/2690 2878/2860/2702 2879/2861/2703
f 2879/2861/2703 2878/2860/2702 2880/2862/2704
f 2879/2861/2703 2880/2862/2704 2881/2863/2705
f 2873/2855/2697 2875/2857/2699 2882/2864/2706
f 2873/2855/2697 2882/2864/2706 2878/2860/2702
f 2878/2860/2702 2882/2864/2706 2883/2865/2707
f 2878/2860/2702 2883/2865/2707 2880/2862/2704
f 2866/2848/2690 2879/2861/2703 2884/2866/2708
f 2866/2848/2690 2884/2866/2708 2867/2849/2691
f 2867/2849/2691 2884/2866/2708 2613/2595/2442
f 2867/2849/2691 2613/2595/2442 2608/2590/2437
f 2879/2861/2703 2881/2863/2705 2885/2867/2709
f 2879/2861/2703 2885/2867/2709 2884/2866/2708
f 2884/2866/2708 2885/2867/2709 2614/2596/2443
f 2884/2866/2708 2614/2596/2443 2613/2595/2442
f 2886/2868/2710 2887/2869/2711 2888/2870/2712
f 2886/2868/2710 2888/2870/2712 2889/2871/2713
f 2889/2871/2713 2888/2870/2712 2849/2831/2673
f 2889/2871/2713 2849/2831/2673 2845/2827/2669
f 2887/2869/2711 2628/2610/2457 2627/2609/2456
f 2887/2869/2711 2627/2609/2456 2888/2870/2712
f 2888/2870/2712 2627/2609/2456 2574/2556/2403
f 2888/2870/2712 2574/2556/2403 2849/2831/2673
f 2886/2868/2710 2889/2871/2713 2890/2872/2714
f 2886/2868/2710 2890/2872/2714 2891/2873/2715
f 2891/2873/2715 2890/2872/2714 2892/2874/2716
f 2891/2873/2715 2892/2874/2716 2893/2875/2717
f 2889/2871/2713 2845/2827/2669 2844/2826/2668
f 2889/2871/2713 2844/2826/2668 2890/2872/2714
f 2890/2872/2714 2844/2826/2668 2847/2829/2671
f 2890/2872/2714 2847/2829/2671 2892/2874/2716
f 2886/2868/2710 2891/2873/2715 2894/2876/2718
f 2886/2868/2710 2894/2876/2718 2895/2877/2719
f 2895/2877/2719 2894/2876/2718 2896/2878/2720
f 2895/2877/2719 2896/2878/2720 2897/2879/2721
f 2891/2873/2715 2893/2875/2717 2898/2880/2722
f 2891/2873/2715 2898/2880/2722 2894/2876/2718
f 2894/2876/2718 2898/2880/2722 2899/2881/2723
f 2894/2876/2718 2899/2881/2723 2896/2878/2720
f 2886/2868/2710 2895/2877/2719 2900/2882/2724
f 2886/2868/2710 2900/2882/2724 2887/2869/2711
f 2887/2869/2711 2900/2882/2724 2633/2615/2462
f 2887/2869/2711 2633/2615/2462 2628/2610/2457
f 2895/2877/2719 2897/2879/2721 2901/2883/2725
f 2895/2877/2719 2901/2883/2725 2900/2882/2724
f 2900/2882/2724 2901/2883/2725 2634/2616/2463
f 2900/2882/2724 2634/2616/2463 2633/2615/2462
f 2902/2884/2726 2903/2885/2727 2904/2886/2728
f 2902/2884/2726 2904/2886/2728 2905/2887/2729
f 2905/2887/2729 2904/2886/2728 2865/2847/2689
f 2905/2887/2729 2865/2847/2689 2861/2843/2685
f 2903/2885/2727 2648/2630/2477 2647/2629/2476
f 2903/2885/2727 2647/2629/2476 2904/2886/2728
f 2904/2886/2728 2647/2629/2476 2594/2576/2423
f 2904/2886/2728 2594/2576/2423 2865/2847/2689
f 2902/2884/2726 2905/2887/2729 2906/2888/2730
f 2902/2884/2726 2906/2888/2730 2907/2889/2731
f 2907/2889/2731 2906/2888/2730 2908/2890/2732
f 2907/2889/2731 2908/2890/2732 2909/2891/2733
f 2905/2887/2729 2861/2843/2685 2860/2842/2684
f 2905/2887/2729 2860/2842/2684 2906/2888/2730
f 2906/2888/2730 2860/2842/2684 2863/2845/2687
f 2906/2888/2730 2863/2845/2687 2908/2890/2732
f 2902/2884/2726 2907/2889/2731 2910/2892/2734
f 2902/2884/2726 2910/2892/2734 2911/2893/2735
f 2911/2893/2735 2910/2892/2734 2912/2894/2736
f 2911/2893/2735 2912/2894/2736 2913/2895/2737
f 2907/2889/2731 2909/2891/2733 2914/2896/2738
f 2907/2889/2731 2914/2896/2738 2910/2892/2734
f 2910/2892/2734 2914/2896/2738 2915/2897/2739
f 2910/2892/2734 2915/2897/2739 2912/2894/2736
f 2902/2884/2726 2911/2893/2735 2916/2898/2740
f 2902/2884/2726 2916/2898/2740 2903/2885/2727
f 2903/2885/2727 2916/2898/2740 2653/2635/2482
f 2903/2885/2727 2653/2635/2482 2648/2630/2477
f 2911/2893/2735 2913/2895/2737 2917/2899/2741
f 2911/2893/2735 2917/2899/2741 2916/2898/2740
f 2916/2898/2740 2917/2899/2741 2654/2636/2483
f 2916/2898/2740 2654/2636/2483 2653/2635/2482
f 2918/2900/2742 2919/2901/2743 2920/2902/2744
f 2918/2900/2742 2920/2902/2744 2921/2903/2745
f 2921/2903/2745 2920/2902/2744 2885/2867/2709
f 2921/2903/2745 2885/2867/2709 2881/2863/2705
f 2919/2901/2743 2668/2650/2497 2667/2649/2496
f 2919/2901/2743 2667/2649/2496 2920/2902/2744
f 2920/2902/2744 2667/2649/2496 2614/2596/2443
f 2920/2902/2744 2614/2596/2443 2885/2867/2709
f 2918/2900/2742 2921/2903/2745 2922/2904/2746
f 2918/2900/2742 2922/2904/2746 2923/2905/2747
f 2923/2905/2747 2922/2904/2746 2924/2906/2748
f 2923/2905/2747 2924/2906/2748 2925/2907/2749
f 2921/2903/2745 2881/2863/2705 2880/2862/2704
f 2921/2903/2745 2880/2862/2704 2922/2904/2746
f 2922/2904/2746 2880/2862/2704 2883/2865/2707
f 2922/2904/2746 2883/2865/2707 2924/2906/2748
f 2918/2900/2742 2923/2905/2747 2926/2908/2750
f 2918/2900/2742 2926/2908/2750 2927/2909/2751
f 2927/2909/2751 2926/2908/2750 2928/2910/2752
f 2927/2909/2751 2928/2910/2752 2929/2911/2753
f 2923/2905/2747 2925/2907/2749 2930/2912/2754
f 2923/2905/2747 2930/2912/2754 2926/2908/2750
f 2926/2908/2750 2930/2912/2754 2931/2913/2755
f 2926/2908/2750 2931/2913/2755 2928/2910/2752
f 2918/2900/2742 2927/2909/2751 2932/2914/2756
f 2918/2900/2742 2932/2914/2756 2919/2901/2743
f 2919/2901/2743 2932/2914/2756 2673/2655/2502
f 2919/2901/2743 2673/2655/2502 2668/2650/2497
f 2927/2909/2751 2929/2911/2753 2933/2915/2757
f 2927/2909/2751 2933/2915/2757 2932/2914/2756
f 2932/2914/2756 2933/2915/2757 2674/2656/2503
f 2932/2914/2756 2674/2656/2503 2673/2655/2502
f 2934/2916/2758 2935/2917/2759 2936/2918/2760
f 2934/2916/2758 2936/2918/2760 2937/2919/2761
f 2937/2919/2761 2936/2918/2760 2901/2883/2725
f 2937/2919/2761 2901/2883/2725 2897/2879/2721
f 2935/2917/2759 2688/2670/2517 2687/2669/2516
f 2935/2917/2759 2687/2669/2516 2936/2918/2760
f 2936/2918/2760 2687/2669/2516 2634/2616/2463
f 2936/2918/2760 2634/2616/2463 2901/2883/2725
f 2934/2916/2758 2937/2919/2761 2938/2920/2762
f 2934/2916/2758 2938/2920/2762 2939/2921/2763
f 2939/2921/2763 2938/2920/2762 2940/2922/2764
f 2939/2921/2763 2940/2922/2764 2941/2923/2765
f 2937/2919/2761 2897/2879/2721 2896/2878/2720
f 2937/2919/2761 2896/2878/2720 2938/2920/2762
f 2938/2920/2762 2896/2878/2720 2899/2881/2723
f 2938/2920/2762 2899/2881/2723 2940/2922/2764
f 2934/2916/2758 2939/2921/2763 2942/2924/2766
f 2934/2916/2758 2942/2924/2766 2943/2925/2767
f 2943/2925/2767 2942/2924/2766 2944/2926/2768
f 2943/2925/2767 2944/2926/2768 2945/2927/2769
f 2939/2921/2763 2941/2923/2765 2946/2928/2770
f 2939/2921/2763 2946/2928/2770 2942/2924/2766
f 2942/2924/2766 2946/2928/2770 2947/2929/2771
f 2942/2924/2766 2947/2929/2771 2944/2926/2768
f 2934/2916/2758 2943/2925/2767 2948/2930/2772
f 2934/2916/2758 2948/2930/2772 2935/2917/2759
f 2935/2917/2759 2948/2930/2772 2693/2675/2522
f 2935/2917/2759 2693/2675/2522 2688/2670/2517
f 2943/2925/2767 2945/2927/2769 2949/2931/2773
f 2943/2925/2767 2949/2931/2773 2948/2930/2772
f 2948/2930/2772 2949/2931/2773 2694/2676/2523
f 2948/2930/2772 2694/2676/2523 2693/2675/2522
f 2950/2932/2774 2951/2933/2775 2952/2934/2776
f 2950/2932/2774 2952/2934/2776 2953/2935/2777
f 2953/2935/2777 2952/2934/2776 2917/2899/2741
f 2953/2935/2777 2917/2899/2741 2913/2895/2737
f 2951/2933/2775 2708/2690/2537 2707/2689/2536
f 2951/2933/2775 2707/2689/2536 2952/2934/2776
f 2952/2934/2776 2707/2689/2536 2654/2636/2483
f 2952/2934/2776 2654/2636/2483 2917/2899/2741
f 2950/2932/2774 2953/2935/2777 2954/2936/2778
f 2950/2932/2774 2954/2936/2778 2955/2937/2779
f 2955/2937/2779 2954/2936/2778 2956/2938/2780
f 2955/2937/2779 2956/2938/2780 2957/2939/2781
f 2953/2935/2777 2913/2895/2737 2912/2894/2736
f 2953/2935/2777 2912/2894/2736 2954/2936/2778
f 2954/2936/2778 2912/2894/2736 2915/2897/2739
f 2954/2936/2778 2915/2897/2739 2956/2938/2780
f 2950/2932/2774 2955/2937/2779 2958/2940/2782
f 2950/2932/2774 2958/2940/2782 2959/2941/2783
f 2959/2941/2783 2958/2940/2782 2960/2942/2784
f 2959/2941/2783 2960/2942/2784 2961/2943/2785
f 2955/2937/2779 2957/2939/2781 2962/2944/2786
f 2955/2937/2779 2962/2944/2786 2958/2940/2782
f 2958/2940/2782 2962/2944/2786 2963/2945/2787
f 2958/2940/2782 2963/2945/2787 2960/2942/2784
f 2950/2932/2774 2959/2941/2783 2964/2946/2788
f 2950/2932/2774 2964/2946/2788 2951/2933/2775
f 2951/2933/2775 2964/2946/2788 2713/2695/2542
f 2951/2933/2775 2713/2695/2542 2708/2690/2537
f 2959/2941/2783 2961/2943/2785 2965/2947/2789
f 2959/2941/2783 2965/2947/2789 2964/2946/2788
f 2964/2946/2788 2965/2947/2789 2714/2696/2543
f 2964/2946/2788 2714/2696/2543 2713/2695/2542
f 2966/2948/2790 2967/2949/2791 2968/2950/2792
f 2966/2948/2790 2968/2950/2792 2969/2951/2793
f 2969/2951/2793 2968/2950/2792 2933/2915/2757
f 2969/2951/2793 2933/2915/2757 2929/2911/2753
f 2967/2949/2791 2728/2710/2557 2727/2709/2556
f 2967/2949/2791 2727/2709/2556 2968/2950/2792
f 2968/2950/2792 2727/2709/2556 2674/2656/2503
f 2968/2950/2792 2674/2656/2503 2933/2915/2757
f 2966/2948/2790 2969/2951/2793 2970/2952/2794
f 2966/2948/2790 2970/2952/2794 2971/2953/2795
f 2971/2953/2795 2970/2952/2794 2972/2954/2796
f 2971/2953/2795 2972/2954/2796 2973/2955/2797
f 2969/2951/2793 2929/2911/2753 2928/2910/2752
f 2969/2951/2793 2928/2910/2752 2970/2952/2794
f 2970/2952/2794 2928/2910/2752 2931/2913/2755
f 2970/2952/2794 2931/2913/2755 2972/2954/2796
f 2966/2948/2790 2971/2953/2795 2974/2956/2798
f 2966/2948/2790 2974/2956/2798 2975/2957/2799
f 2975/2957/2799 2974/2956/2798 2976/2958/2800
f 2975/2957/2799 2976/2958/2800 2977/2959/2801
f 2971/2953/2795 2973/2955/2797 2978/2960/2802
f 2971/2953/2795 2978/2960/2802 2974/2956/2798
f 2974/2956/2798 2978/2960/2802 2979/2961/2803
f 2974/2956/2798 2979/2961/2803 2976/2958/2800
f 2966/2948/2790 2975/2957/2799 2980/2962/2804
f 2966/2948/2790 2980/2962/2804 2967/2949/2791
f 2967/2949/2791 2980/2962/2804 2733/2715/2562
f 2967/2949/2791 2733/2715/2562 2728/2710/2557
f 2975/2957/2799 2977/2959/2801 2981/2963/2805
f 2975/2957/2799 2981/2963/2805 2980/2962/2804
f 2980/2962/2804 2981/2963/2805 2734/2716/2563
f 2980/2962/2804 2734/2716/2563 2733/2715/2562
f 2982/2964/2806 2983/2965/2807 2984/2966/2808
f 2982/2964/2806 2984/2966/2808 2985/2967/2809
f 2985/2967/2809 2984/2966/2808 2949/2931/2773
f 2985/2967/2809 2949/2931/2773 2945/2927/2769
f 2983/2965/2807 2748/2730/2577 2747/2729/2576
f 2983/2965/2807 2747/2729/2576 2984/2966/2808
f 2984/2966/2808 2747/2729/2576 2694/2676/2523
f 2984/2966/2808 2694/2676/2523 2949/2931/2773
f 2982/2964/2806 2985/2967/2809 2986/2968/2810
f 2982/2964/2806 2986/2968/2810 2987/2969/2811
f 2987/2969/2811 2986/2968/2810 2988/2970/2812
f 2987/2969/2811 2988/2970/2812 2989/2971/2813
f 2985/2967/2809 2945/2927/2769 2944/2926/2768
f 2985/2967/2809 2944/2926/2768 2986/2968/2810
f 2986/2968/2810 2944/2926/2768 2947/2929/2771
f 2986/2968/2810 2947/2929/2771 2988/2970/2812
f 2982/2964/2806 2987/2969/2811 2990/2972/2814
f 2982/2964/2806 2990/2972/2814 2991/2973/2815
f 2991/2973/2815 2990/2972/2814 2992/2974/2816
f 2991/2973/2815 2992/2974/2816 2993/2975/2817
f 2987/2969/2811 2989/2971/2813 2994/2976/2818
f 2987/2969/2811 2994/2976/2818 2990/2972/2814
f 2990/2972/2814 2994/2976/2818 2995/2977/2819
f 2990/2972/2814 2995/2977/2819 2992/2974/2816
f 2982/2964/2806 2991/2973/2815 2996/2978/2820
f 2982/2964/2806 2996/2978/2820 2983/2965/2807
f 2983/2965/2807 2996/2978/2820 2751/2733/2580
f 2983/2965/2807 2751/2733/2580 2748/2730/2577
f 2991/2973/2815 2993/2975/2817 2997/2979/2821
f 2991/2973/2815 2997/2979/2821 2996/2978/2820
f 2996/2978/2820 2997/2979/2821 2163/2145/1992
f 2996/2978/2820 2163/2145/1992 2751/2733/2580
f 2998/2980/2822 2999/2981/2823 3000/2982/2824
f 2998/2980/2822 3000/2982/2824 3001/2983/2825
f 3001/2983/2825 3000/2982/2824 3002/2984/2789
f 3001/2983/2825 3002/2984/2789 3003/2985/2785
f 2999/2981/2823 2766/2748/2592 2765/2747/2591
f 2999/2981/2823 2765/2747/2591 3000/2982/2824
f 3000/2982/2824 2765/2747/2591 2768/2750/2543
f 3000/2982/2824 2768/2750/2543 3002/2984/2789
f 2998/2980/2822 3001/2983/2825 3004/2986/2826
f 2998/2980/2822 3004/2986/2826 3005/2987/2827
f 3005/2987/2827 3004/2986/2826 3006/2988/2828
f 3005/2987/2827 3006/2988/2828 3007/2989/2829
f 3001/2983/2825 3003/2985/2785 3008/2990/2784
f 3001/2983/2825 3008/2990/2784 3004/2986/2826
f 3004/2986/2826 3008/2990/2784 3009/2991/2787
f 3004/2986/2826 3009/2991/2787 3006/2988/2828
f 2998/2980/2822 3005/2987/2827 3010/2992/2830
f 2998/2980/2822 3010/2992/2830 3011/2993/2831
f 3011/2993/2831 3010/2992/2830 3012/2994/2832
f 3011/2993/2831 3012/2994/2832 3013/2995/2833
f 3005/2987/2827 3007/2989/2829 3014/2996/2834
f 3005/2987/2827 3014/2996/2834 3010/2992/2830
f 3010/2992/2830 3014/2996/2834 3015/2997/2835
f 3010/2992/2830 3015/2997/2835 3012/2994/2832
f 2998/2980/2822 3011/2993/2831 3016/2998/2836
f 2998/2980/2822 3016/2998/2836 2999/2981/2823
f 2999/2981/2823 3016/2998/2836 2771/2753/2595
f 2999/2981/2823 2771/2753/2595 2766/2748/2592
f 3011/2993/2831 3013/2995/2833 3017/2999/2837
f 3011/2993/2831 3017/2999/2837 3016/2998/2836
f 3016/2998/2836 3017/2999/2837 2188/2170/2017
f 3016/2998/2836 2188/2170/2017 2771/2753/2595
f 3018/3000/2838 3019/3001/2839 3020/3002/2840
f 3018/3000/2838 3020/3002/2840 3021/3003/2841
f 3021/3003/2841 3020/3002/2840 2981/2963/2805
f 3021/3003/2841 2981/2963/2805 2977/2959/2801
f 3019/3001/2839 2783/2765/2607 2782/2764/2606
f 3019/3001/2839 2782/2764/2606 3020/3002/2840
f 3020/3002/2840 2782/2764/2606 2734/2716/2563
f 3020/3002/2840 2734/2716/2563 2981/2963/2805
f 3018/3000/2838 3021/3003/2841 3022/3004/2842
f 3018/3000/2838 3022/3004/2842 3023/3005/2843
f 3023/3005/2843 3022/3004/2842 3024/3006/2844
f 3023/3005/2843 3024/3006/2844 3025/3007/2845
f 3021/3003/2841 2977/2959/2801 2976/2958/2800
f 3021/3003/2841 2976/2958/2800 3022/3004/2842
f 3022/3004/2842 2976/2958/2800 2979/2961/2803
f 3022/3004/2842 2979/2961/2803 3024/3006/2844
f 3018/3000/2838 3023/3005/2843 3026/3008/2846
f 3018/3000/2838 3026/3008/2846 3027/3009/2847
f 3027/3009/2847 3026/3008/2846 3028/3010/2848
f 3027/3009/2847 3028/3010/2848 3029/3011/2849
f 3023/3005/2843 3025/3007/2845 3030/3012/2850
f 3023/3005/2843 3030/3012/2850 3026/3008/2846
f 3026/3008/2846 3030/3012/2850 3031/3013/2851
f 3026/3008/2846 3031/3013/2851 3028/3010/2848
f 3018/3000/2838 3027/3009/2847 3032/3014/2852
f 3018/3000/2838 3032/3014/2852 3019/3001/2839
f 3019/3001/2839 3032/3014/2852 2786/2768/2610
f 3019/3001/2839 2786/2768/2610 2783/2765/2607
f 3027/3009/2847 3029/3011/2849 3033/3015/2853
f 3027/3009/2847 3033/3015/2853 3032/3014/2852
f 3032/3014/2852 3033/3015/2853 2213/2195/2042
f 3032/3014/2852 2213/2195/2042 2786/2768/2610
f 3034/3016/2854 3035/3017/2855 3036/3018/2856
f 3034/3016/2854 3036/3018/2856 3037/3019/2857
f 3037/3019/2857 3036/3018/2856 2997/2979/2821
f 3037/3019/2857 2997/2979/2821 2993/2975/2817
f 3035/3017/2855 2161/2143/1990 2160/2142/1989
f 3035/3017/2855 2160/2142/1989 3036/3018/2856
f 3036/3018/2856 2160/2142/1989 2163/2145/1992
f 3036/3018/2856 2163/2145/1992 2997/2979/2821
f 3034/3016/2854 3037/3019/2857 3038/3020/2858
f 3034/3016/2854 3038/3020/2858 3039/3021/2859
f 3039/3021/2859 3038/3020/2858 3040/3022/2860
f 3039/3021/2859 3040/3022/2860 3041/3023/2861
f 3037/3019/2857 2993/2975/2817 2992/2974/2816
f 3037/3019/2857 2992/2974/2816 3038/3020/2858
f 3038/3020/2858 2992/2974/2816 2995/2977/2819
f 3038/3020/2858 2995/2977/2819 3040/3022/2860
f 3034/3016/2854 3039/3021/2859 3042/3024/2862
f 3034/3016/2854 3042/3024/2862 3043/3025/2863
f 3043/3025/2863 3042/3024/2862 3044/3026/2864
f 3043/3025/2863 3044/3026/2864 3045/3027/2865
f 3039/3021/2859 3041/3023/2861 3046/3028/2866
f 3039/3021/2859 3046/3028/2866 3042/3024/2862
f 3042/3024/2862 3046/3028/2866 3047/3029/2867
f 3042/3024/2862 3047/3029/2867 3044/3026/2864
f 3034/3016/2854 3043/3025/2863 3048/3030/2868
f 3034/3016/2854 3048/3030/2868 3035/3017/2855
f 3035/3017/2855 3048/3030/2868 2168/2150/1997
f 3035/3017/2855 2168/2150/1997 2161/2143/1990
f 3043/3025/2863 3045/3027/2865 3049/3031/2869
f 3043/3025/2863 3049/3031/2869 3048/3030/2868
f 3048/3030/2868 3049/3031/2869 2169/2151/1998
f 3048/3030/2868 2169/2151/1998 2168/2150/1997
f 3050/3032/2870 3051/3033/2871 3052/3034/2872
f 3050/3032/2870 3052/3034/2872 3053/3035/2873
f 3053/3035/2873 3052/3034/2872 3017/2999/2837
f 3053/3035/2873 3017/2999/2837 3013/2995/2833
f 3051/3033/2871 2186/2168/2015 2185/2167/2014
f 3051/3033/2871 2185/2167/2014 3052/3034/2872
f 3052/3034/2872 2185/2167/2014 2188/2170/2017
f 3052/3034/2872 2188/2170/2017 3017/2999/2837
f 3050/3032/2870 3053/3035/2873 3054/3036/2874
f 3050/3032/2870 3054/3036/2874 3055/3037/2875
f 3055/3037/2875 3054/3036/2874 3056/3038/2876
f 3055/3037/2875 3056/3038/2876 3057/3039/2877
f 3053/3035/2873 3013/2995/2833 3012/2994/2832
f 3053/3035/2873 3012/2994/2832 3054/3036/2874
f 3054/3036/2874 3012/2994/2832 3015/2997/2835
f 3054/3036/2874 3015/2997/2835 3056/3038/2876
f 3050/3032/2870 3055/3037/2875 3058/3040/2878
f 3050/3032/2870 3058/3040/2878 3059/3041/2879
f 3059/3041/2879 3058/3040/2878 3060/3042/2880
f 3059/3041/2879 3060/3042/2880 3061/3043/2881
f 3055/3037/2875 3057/3039/2877 3062/3044/2882
f 3055/3037/2875 3062/3044/2882 3058/3040/2878
f 3058/3040/2878 3062/3044/2882 3063/3045/2883
f 3058/3040/2878 3063/3045/2883 3060/3042/2880
f 3050/3032/2870 3059/3041/2879 3064/3046/2884
f 3050/3032/2870 3064/3046/2884 3051/3033/2871
f 3051/3033/2871 3064/3046/2884 2193/2175/2022
f 3051/3033/2871 2193/2175/2022 2186/2168/2015
f 3059/3041/2879 3061/3043/2881 3065/3047/2885
f 3059/3041/2879 3065/3047/2885 3064/3046/2884
f 3064/3046/2884 3065/3047/2885 2194/2176/2023
f 3064/3046/2884 2194/2176/2023 2193/2175/2022
f 3066/3048/2886 3067/3049/2887 3068/3050/2888
f 3066/3048/2886 3068/3050/2888 3069/3051/2889
f 3069/3051/2889 3068/3050/2888 3033/3015/2853
f 3069/3051/2889 3033/3015/2853 3029/3011/2849
f 3067/3049/2887 2211/2193/2040 2210/2192/2039
f 3067/3049/2887 2210/2192/2039 3068/3050/2888
f 3068/3050/2888 2210/2192/2039 2213/2195/2042
f 3068/3050/2888 2213/2195/2042 3033/3015/2853
f 3066/3048/2886 3069/3051/2889 3070/3052/2890
f 3066/3048/2886 3070/3052/2890 3071/3053/2891
f 3071/3053/2891 3070/3052/2890 3072/3054/2892
f 3071/3053/2891 3072/3054/2892 3073/3055/2893
f 3069/3051/2889 3029/3011/2849 3028/3010/2848
f 3069/3051/2889 3028/3010/2848 3070/3052/2890
f 3070/3052/2890 3028/3010/2848 3031/3013/2851
f 3070/3052/2890 3031/3013/2851 3072/3054/2892
f 3066/3048/2886 3071/3053/2891 3074/3056/2894
f 3066/3048/2886 3074/3056/2894 3075/3057/2895
f 3075/3057/2895 3074/3056/2894 3076/3058/2896
f 3075/3057/2895 3076/3058/2896 3077/3059/2897
f 3071/3053/2891 3073/3055/2893 3078/3060/2898
f 3071/3053/2891 3078/3060/2898 3074/3056/2894
f 3074/3056/2894 3078/3060/2898 3079/3061/2899
f 3074/3056/2894 3079/3061/2899 3076/3058/2896
f 3066/3048/2886 3075/3057/2895 3080/3062/2900
f 3066/3048/2886 3080/3062/2900 3067/3049/2887
f 3067/3049/2887 3080/3062/2900 2218/2200/2047
f 3067/3049/2887 2218/2200/2047 2211/2193/2040
f 3075/3057/2895 3077/3059/2897 3081/3063/2901
f 3075/3057/2895 3081/3063/2901 3080/3062/2900
f 3080/3062/2900 3081/3063/2901 2219/2201/2048
f 3080/3062/2900 2219/2201/2048 2218/2200/2047
f 3082/3064/2902 3083/3065/2903 3084/3066/2904
f 3082/3064/2902 3084/3066/2904 3085/3067/2905
f 3085/3067/2905 3084/3066/2904 3049/3031/2869
f 3085/3067/2905 3049/3031/2869 3045/3027/2865
f 3083/3065/2903 2233/2215/2062 2232/2214/2061
f 3083/3065/2903 2232/2214/2061 3084/3066/2904
f 3084/3066/2904 2232/2214/2061 2169/2151/1998
f 3084/3066/2904 2169/2151/1998 3049/3031/2869
f 3082/3064/2902 3085/3067/2905 3086/3068/2906
f 3082/3064/2902 3086/3068/2906 3087/3069/2907
f 3087/3069/2907 3086/3068/2906 3088/3070/2908
f 3087/3069/2907 3088/3070/2908 3089/3071/2909
f 3085/3067/2905 3045/3027/2865 3044/3026/2864
f 3085/3067/2905 3044/3026/2864 3086/3068/2906
f 3086/3068/2906 3044/3026/2864 3047/3029/2867
f 3086/3068/2906 3047/3029/2867 3088/3070/2908
f 3082/3064/2902 3087/3069/2907 3090/3072/2910
f 3082/3064/2902 3090/3072/2910 3091/3073/2911
f 3091/3073/2911 3090/3072/2910 2876/2858/2700
f 3091/3073/2911 2876/2858/2700 2871/2853/2695
f 3087/3069/2907 3089/3071/2909 3092/3074/2912
f 3087/3069/2907 3092/3074/2912 3090/3072/2910
f 3090/3072/2910 3092/3074/2912 2877/2859/2701
f 3090/3072/2910 2877/2859/2701 2876/2858/2700
f 3082/3064/2902 3091/3073/2911 3093/3075/2913
f 3082/3064/2902 3093/3075/2913 3083/3065/2903
f 3083/3065/2903 3093/3075/2913 2238/2220/2067
f 3083/3065/2903 2238/2220/2067 2233/2215/2062
f 3091/3073/2911 2871/2853/2695 2870/2852/2694
f 3091/3073/2911 2870/2852/2694 3093/3075/2913
f 3093/3075/2913 2870/2852/2694 2239/2221/2068
f 3093/3075/2913 2239/2221/2068 2238/2220/2067
f 3094/3076/2914 3095/3077/2915 3096/3078/2916
f 3094/3076/2914 3096/3078/2916 3097/3079/2917
f 3097/3079/2917 3096/3078/2916 3065/3047/2885
f 3097/3079/2917 3065/3047/2885 3061/3043/2881
f 3095/3077/2915 2253/2235/2082 2252/2234/2081
f 3095/3077/2915 2252/2234/2081 3096/3078/2916
f 3096/3078/2916 2252/2234/2081 2194/2176/2023
f 3096/3078/2916 2194/2176/2023 3065/3047/2885
f 3094/3076/2914 3097/3079/2917 3098/3080/2918
f 3094/3076/2914 3098/3080/2918 3099/3081/2919
f 3099/3081/2919 3098/3080/2918 3100/3082/2920
f 3099/3081/2919 3100/3082/2920 3101/3083/2921
f 3097/3079/2917 3061/3043/2881 3060/3042/2880
f 3097/3079/2917 3060/3042/2880 3098/3080/2918
f 3098/3080/2918 3060/3042/2880 3063/3045/2883
f 3098/3080/2918 3063/3045/2883 3100/3082/2920
f 3094/3076/2914 3099/3081/2919 3102/3084/2922
f 3094/3076/2914 3102/3084/2922 3103/3085/2923
f 3103/3085/2923 3102/3084/2922 3104/3086/2924
f 3103/3085/2923 3104/3086/2924 3105/3087/2925
f 3099/3081/2919 3101/3083/2921 3106/3088/2926
f 3099/3081/2919 3106/3088/2926 3102/3084/2922
f 3102/3084/2922 3106/3088/2926 3107/3089/2927
f 3102/3084/2922 3107/3089/2927 3104/3086/2924
f 3094/3076/2914 3103/3085/2923 3108/3090/2928
f 3094/3076/2914 3108/3090/2928 3095/3077/2915
f 3095/3077/2915 3108/3090/2928 2258/2240/2087
f 3095/3077/2915 2258/2240/2087 2253/2235/2082
f 3103/3085/2923 3105/3087/2925 3109/3091/2929
f 3103/3085/2923 3109/3091/2929 3108/3090/2928
f 3108/3090/2928 3109/3091/2929 2259/2241/2088
f 3108/3090/2928 2259/2241/2088 2258/2240/2087
f 3110/3092/2930 3111/3093/2931 3112/3094/2932
f 3110/3092/2930 3112/3094/2932 3113/3095/2933
f 3113/3095/2933 3112/3094/2932 3081/3063/2901
f 3113/3095/2933 3081/3063/2901 3077/3059/2897
f 3111/3093/2931 2273/2255/2102 2272/2254/2101
f 3111/3093/2931 2272/2254/2101 3112/3094/2932
f 3112/3094/2932 2272/2254/2101 2219/2201/2048
f 3112/3094/2932 2219/2201/2048 3081/3063/2901
f 3110/3092/2930 3113/3095/2933 3114/3096/2934
f 3110/3092/2930 3114/3096/2934 3115/3097/2935
f 3115/3097/2935 3114/3096/2934 3116/3098/2936
f 3115/3097/2935 3116/3098/2936 3117/3099/2937
f 3113/3095/2933 3077/3059/2897 3076/3058/2896
f 3113/3095/2933 3076/3058/2896 3114/3096/2934
f 3114/3096/2934 3076/3058/2896 3079/3061/2899
f 3114/3096/2934 3079/3061/2899 3116/3098/2936
f 3110/3092/2930 3115/3097/2935 3118/3100/2938
f 3110/3092/2930 3118/3100/2938 3119/3101/2939
f 3119/3101/2939 3118/3100/2938 3120/3102/2940
f 3119/3101/2939 3120/3102/2940 3121/3103/2941
f 3115/3097/2935 3117/3099/2937 3122/3104/2942
f 3115/3097/2935 3122/3104/2942 3118/3100/2938
f 3118/3100/2938 3122/3104/2942 3123/3105/2943
f 3118/3100/2938 3123/3105/2943 3120/3102/2940
f 3110/3092/2930 3119/3101/2939 3124/3106/2944
f 3110/3092/2930 3124/3106/2944 3111/3093/2931
f 3111/3093/2931 3124/3106/2944 2278/2260/2107
f 3111/3093/2931 2278/2260/2107 2273/2255/2102
f 3119/3101/2939 3121/3103/2941 3125/3107/2945
f 3119/3101/2939 3125/3107/2945 3124/3106/2944
f 3124/3106/2944 3125/3107/2945 2279/2261/2108
f 3124/3106/2944 2279/2261/2108 2278/2260/2107
f 3126/3108/2946 3127/3109/2947 3128/3110/2948
f 3126/3108/2946 3128/3110/2948 3129/3111/2949
f 3129/3111/2949 3128/3110/2948 3109/3091/2929
f 3129/3111/2949 3109/3091/2929 3105/3087/2925
f 3127/3109/2947 2293/2275/2122 2292/2274/2121
f 3127/3109/2947 2292/2274/2121 3128/3110/2948
f 3128/3110/2948 2292/2274/2121 2259/2241/2088
f 3128/3110/2948 2259/2241/2088 3109/3091/2929
f 3126/3108/2946 3129/3111/2949 3130/3112/2950
f 3126/3108/2946 3130/3112/2950 3131/3113/2951
f 3131/3113/2951 3130/3112/2950 3132/3114/2952
f 3131/3113/2951 3132/3114/2952 3133/3115/2953
f 3129/3111/2949 3105/3087/2925 3104/3086/2924
f 3129/3111/2949 3104/3086/2924 3130/3112/2950
f 3130/3112/2950 3104/3086/2924 3107/3089/2927
f 3130/3112/2950 3107/3089/2927 3132/3114/2952
f 3126/3108/2946 3131/3113/2951 3134/3116/2954
f 3126/3108/2946 3134/3116/2954 3135/3117/2955
f 3135/3117/2955 3134/3116/2954 3136/3118/2956
f 3135/3117/2955 3136/3118/2956 3137/3119/2957
f 3131/3113/2951 3133/3115/2953 3138/3120/2958
f 3131/3113/2951 3138/3120/2958 3134/3116/2954
f 3134/3116/2954 3138/3120/2958 3139/3121/2959
f 3134/3116/2954 3139/3121/2959 3136/3118/2956
f 3126/3108/2946 3135/3117/2955 3140/3122/2960
f 3126/3108/2946 3140/3122/2960 3127/3109/2947
f 3127/3109/2947 3140/3122/2960 2298/2280/2127
f 3127/3109/2947 2298/2280/2127 2293/2275/2122
f 3135/3117/2955 3137/3119/2957 3141/3123/2961
f 3135/3117/2955 3141/3123/2961 3140/3122/2960
f 3140/3122/2960 3141/3123/2961 2299/2281/2128
f 3140/3122/2960 2299/2281/2128 2298/2280/2127
f 3142/3124/2962 3143/3125/2963 3144/3126/2964
f 3142/3124/2962 3144/3126/2964 3145/3127/2965
f 3145/3127/2965 3144/3126/2964 3125/3107/2945
f 3145/3127/2965 3125/3107/2945 3121/3103/2941
f 3143/3125/2963 2313/2295/2142 2312/2294/2141
f 3143/3125/2963 2312/2294/2141 3144/3126/2964
f 3144/3126/2964 2312/2294/2141 2279/2261/2108
f 3144/3126/2964 2279/2261/2108 3125/3107/2945
f 3142/3124/2962 3145/3127/2965 3146/3128/2966
f 3142/3124/2962 3146/3128/2966 3147/3129/2967
f 3147/3129/2967 3146/3128/2966 3148/3130/2968
f 3147/3129/2967 3148/3130/2968 3149/3131/2969
f 3145/3127/2965 3121/3103/2941 3120/3102/2940
f 3145/3127/2965 3120/3102/2940 3146/3128/2966
f 3146/3128/2966 3120/3102/2940 3123/3105/2943
f 3146/3128/2966 3123/3105/2943 3148/3130/2968
f 3142/3124/2962 3147/3129/2967 3150/3132/2970
f 3142/3124/2962 3150/3132/2970 3151/3133/2971
f 3151/3133/2971 3150/3132/2970 3152/3134/2972
f 3151/3133/2971 3152/3134/2972 3153/3135/2973
f 3147/3129/2967 3149/3131/2969 3154/3136/2974
f 3147/3129/2967 3154/3136/2974 3150/3132/2970
f 3150/3132/2970 3154/3136/2974 3155/3137/2975
f 3150/3132/2970 3155/3137/2975 3152/3134/2972
f 3142/3124/2962 3151/3133/2971 3156/3138/2976
f 3142/3124/2962 3156/3138/2976 3143/3125/2963
f 3143/3125/2963 3156/3138/2976 2318/2300/2147
f 3143/3125/2963 2318/2300/2147 2313/2295/2142
f 3151/3133/2971 3153/3135/2973 3157/3139/2977
f 3151/3133/2971 3157/3139/2977 3156/3138/2976
f 3156/3138/2976 3157/3139/2977 2319/2301/2148
f 3156/3138/2976 2319/2301/2148 2318/2300/2147
f 3158/3140/2978 3159/3141/2979 3160/3142/2980
f 3158/3140/2978 3160/3142/2980 3161/3143/2981
f 3161/3143/2981 3160/3142/2980 3141/3123/2961
f 3161/3143/2981 3141/3123/2961 3137/3119/2957
f 3159/3141/2979 2333/2315/2162 2332/2314/2161
f 3159/3141/2979 2332/2314/2161 3160/3142/2980
f 3160/3142/2980 2332/2314/2161 2299/2281/2128
f 3160/3142/2980 2299/2281/2128 3141/3123/2961
f 3158/3140/2978 3161/3143/2981 3162/3144/2982
f 3158/3140/2978 3162/3144/2982 3163/3145/2983
f 3163/3145/2983 3162/3144/2982 3164/3146/2984
f 3163/3145/2983 3164/3146/2984 3165/3147/2985
f 3161/3143/2981 3137/3119/2957 3136/3118/2956
f 3161/3143/2981 3136/3118/2956 3162/3144/2982
f 3162/3144/2982 3136/3118/2956 3139/3121/2959
f 3162/3144/2982 3139/3121/2959 3164/3146/2984
f 3158/3140/2978 3163/3145/2983 3166/3148/2986
f 3158/3140/2978 3166/3148/2986 3167/3149/2987
f 3167/3149/2987 3166/3148/2986 3168/3150/2988
f 3167/3149/2987 3168/3150/2988 3169/3151/2989
f 3163/3145/2983 3165/3147/2985 3170/3152/2990
f 3163/3145/2983 3170/3152/2990 3166/3148/2986
f 3166/3148/2986 3170/3152/2990 3171/3153/2991
f 3166/3148/2986 3171/3153/2991 3168/3150/2988
f 3158/3140/2978 3167/3149/2987 3172/3154/2992
f 3158/3140/2978 3172/3154/2992 3159/3141/2979
f 3159/3141/2979 3172/3154/2992 2338/2320/2167
f 3159/3141/2979 2338/2320/2167 2333/2315/2162
f 3167/3149/2987 3169/3151/2989 3173/3155/2993
f 3167/3149/2987 3173/3155/2993 3172/3154/2992
f 3172/3154/2992 3173/3155/2993 2339/2321/2168
f 3172/3154/2992 2339/2321/2168 2338/2320/2167
f 3174/3156/2994 3175/3157/2995 3176/3158/2996
f 3174/3156/2994 3176/3158/2996 3177/3159/2997
f 3177/3159/2997 3176/3158/2996 3157/3139/2977
f 3177/3159/2997 3157/3139/2977 3153/3135/2973
f 3175/3157/2995 2353/2335/2182 2352/2334/2181
f 3175/3157/2995 2352/2334/2181 3176/3158/2996
f 3176/3158/2996 2352/2334/2181 2319/2301/2148
f 3176/3158/2996 2319/2301/2148 3157/3139/2977
f 3174/3156/2994 3177/3159/2997 3178/3160/2998
f 3174/3156/2994 3178/3160/2998 3179/3161/2999
f 3179/3161/2999 3178/3160/2998 3180/3162/3000
f 3179/3161/2999 3180/3162/3000 3181/3163/3001
f 3177/3159/2997 3153/3135/2973 3152/3134/2972
f 3177/3159/2997 3152/3134/2972 3178/3160/2998
f 3178/3160/2998 3152/3134/2972 3155/3137/2975
f 3178/3160/2998 3155/3137/2975 3180/3162/3000
f 3174/3156/2994 3179/3161/2999 3182/3164/3002
f 3174/3156/2994 3182/3164/3002 3183/3165/3003
f 3183/3165/3003 3182/3164/3002 3184/3166/3004
f 3183/3165/3003 3184/3166/3004 3185/3167/3005
f 3179/3161/2999 3181/3163/3001 3186/3168/3006
f 3179/3161/2999 3186/3168/3006 3182/3164/3002
f 3182/3164/3002 3186/3168/3006 3187/3169/3007
f 3182/3164/3002 3187/3169/3007 3184/3166/3004
f 3174/3156/2994 3183/3165/3003 3188/3170/3008
f 3174/3156/2994 3188/3170/3008 3175/3157/2995
f 3175/3157/2995 3188/3170/3008 2358/2340/2187
f 3175/3157/2995 2358/2340/2187 2353/2335/2182
f 3183/3165/3003 3185/3167/3005 3189/3171/3009
f 3183/3165/3003 3189/3171/3009 3188/3170/3008
f 3188/3170/3008 3189/3171/3009 2359/2341/2188
f 3188/3170/3008 2359/2341/2188 2358/2340/2187
f 3190/3172/3010 3191/3173/3011 3192/3174/3012
f 3190/3172/3010 3192/3174/3012 3193/3175/3013
f 3193/3175/3013 3192/3174/3012 3173/3155/2993
f 3193/3175/3013 3173/3155/2993 3169/3151/2989
f 3191/3173/3011 2373/2355/2202 2372/2354/2201
f 3191/3173/3011 2372/2354/2201 3192/3174/3012
f 3192/3174/3012 2372/2354/2201 2339/2321/2168
f 3192/3174/3012 2339/2321/2168 3173/3155/2993
f 3190/3172/3010 3193/3175/3013 3194/3176/3014
f 3190/3172/3010 3194/3176/3014 3195/3177/3015
f 3195/3177/3015 3194/3176/3014 3196/3178/3016
f 3195/3177/3015 3196/3178/3016 3197/3179/3017
f 3193/3175/3013 3169/3151/2989 3168/3150/2988
f 3193/3175/3013 3168/3150/2988 3194/3176/3014
f 3194/3176/3014 3168/3150/2988 3171/3153/2991
f 3194/3176/3014 3171/3153/2991 3196/3178/3016
f 3190/3172/3010 3195/3177/3015 3198/3180/3018
f 3190/3172/3010 3198/3180/3018 3199/3181/3019
f 3199/3181/3019 3198/3180/3018 3200/3182/3020
f 3199/3181/3019 3200/3182/3020 3201/3183/3021
f 3195/3177/3015 3197/3179/3017 3202/3184/3022
f 3195/3177/3015 3202/3184/3022 3198/3180/3018
f 3198/3180/3018 3202/3184/3022 3203/3185/3023
f 3198/3180/3018 3203/3185/3023 3200/3182/3020
f 3190/3172/3010 3199/3181/3019 3204/3186/3024
f 3190/3172/3010 3204/3186/3024 3191/3173/3011
f 3191/3173/3011 3204/3186/3024 2378/2360/2207
f 3191/3173/3011 2378/2360/2207 2373/2355/2202
f 3199/3181/3019 3201/3183/3021 3205/3187/3025
f 3199/3181/3019 3205/3187/3025 3204/3186/3024
f 3204/3186/3024 3205/3187/3025 2379/2361/2208
f 3204/3186/3024 2379/2361/2208 2378/2360/2207
f 3206/3188/3026 3207/3189/3027 3208/3190/3028
f 3206/3188/3026 3208/3190/3028 3209/3191/3029
f 3209/3191/3029 3208/3190/3028 3189/3171/3009
f 3209/3191/3029 3189/3171/3009 3185/3167/3005
f 3207/3189/3027 2393/2375/2222 2392/2374/2221
f 3207/3189/3027 2392/2374/2221 3208/3190/3028
f 3208/3190/3028 2392/2374/2221 2359/2341/2188
f 3208/3190/3028 2359/2341/2188 3189/3171/3009
f 3206/3188/3026 3209/3191/3029 3210/3192/3030
f 3206/3188/3026 3210/3192/3030 3211/3193/3031
f 3211/3193/3031 3210/3192/3030 3212/3194/3032
f 3211/3193/3031 3212/3194/3032 3213/3195/3033
f 3209/3191/3029 3185/3167/3005 3184/3166/3004
f 3209/3191/3029 3184/3166/3004 3210/3192/3030
f 3210/3192/3030 3184/3166/3004 3187/3169/3007
f 3210/3192/3030 3187/3169/3007 3212/3194/3032
f 3206/3188/3026 3211/3193/3031 3214/3196/3034
f 3206/3188/3026 3214/3196/3034 3215/3197/3035
f 3215/3197/3035 3214/3196/3034 3216/3198/3036
f 3215/3197/3035 3216/3198/3036 3217/3199/3037
f 3211/3193/3031 3213/3195/3033 3218/3200/3038
f 3211/3193/3031 3218/3200/3038 3214/3196/3034
f 3214/3196/3034 3218/3200/3038 3219/3201/3039
f 3214/3196/3034 3219/3201/3039 3216/3198/3036
f 3206/3188/3026 3215/3197/3035 3220/3202/3040
f 3206/3188/3026 3220/3202/3040 3207/3189/3027
f 3207/3189/3027 3220/3202/3040 2398/2380/2227
f 3207/3189/3027 2398/2380/2227 2393/2375/2222
f 3215/3197/3035 3217/3199/3037 3221/3203/3041
f 3215/3197/3035 3221/3203/3041 3220/3202/3040
f 3220/3202/3040 3221/3203/3041 2399/2381/2228
f 3220/3202/3040 2399/2381/2228 2398/2380/2227
f 3222/3204/3042 3223/3205/3043 3224/3206/3044
f 3222/3204/3042 3224/3206/3044 3225/3207/3045
f 3225/3207/3045 3224/3206/3044 3205/3187/3025
f 3225/3207/3045 3205/3187/3025 3201/3183/3021
f 3223/3205/3043 2413/2395/2242 2412/2394/2241
f 3223/3205/3043 2412/2394/2241 3224/3206/3044
f 3224/3206/3044 2412/2394/2241 2379/2361/2208
f 3224/3206/3044 2379/2361/2208 3205/3187/3025
f 3222/3204/3042 3225/3207/3045 3226/3208/3046
f 3222/3204/3042 3226/3208/3046 3227/3209/3047
f 3227/3209/3047 3226/3208/3046 3228/3210/3048
f 3227/3209/3047 3228/3210/3048 3229/3211/3049
f 3225/3207/3045 3201/3183/3021 3200/3182/3020
f 3225/3207/3045 3200/3182/3020 3226/3208/3046
f 3226/3208/3046 3200/3182/3020 3203/3185/3023
f 3226/3208/3046 3203/3185/3023 3228/3210/3048
f 3222/3204/3042 3227/3209/3047 3230/3212/3050
f 3222/3204/3042 3230/3212/3050 3231/3213/3051
f 3231/3213/3051 3230/3212/3050 3232/3214/3052
f 3231/3213/3051 3232/3214/3052 3233/3215/3053
f 3227/3209/3047 3229/3211/3049 3234/3216/3054
f 3227/3209/3047 3234/3216/3054 3230/3212/3050
f 3230/3212/3050 3234/3216/3054 3235/3217/3055
f 3230/3212/3050 3235/3217/3055 3232/3214/3052
f 3222/3204/3042 3231/3213/3051 3236/3218/3056
f 3222/3204/3042 3236/3218/3056 3223/3205/3043
f 3223/3205/3043 3236/3218/3056 2418/2400/2247
f 3223/3205/3043 2418/2400/2247 2413/2395/2242
f 3231/3213/3051 3233/3215/3053 3237/3219/3057
f 3231/3213/3051 3237/3219/3057 3236/3218/3056
f 3236/3218/3056 3237/3219/3057 2419/2401/2248
f 3236/3218/3056 2419/2401/2248 2418/2400/2247
f 3238/3220/3058 3239/3221/3059 3240/3222/3060
f 3238/3220/3058 3240/3222/3060 3241/3223/3061
f 3241/3223/3061 3240/3222/3060 3221/3203/3041
f 3241/3223/3061 3221/3203/3041 3217/3199/3037
f 3239/3221/3059 2433/2415/2262 2432/2414/2261
f 3239/3221/3059 2432/2414/2261 3240/3222/3060
f 3240/3222/3060 2432/2414/2261 2399/2381/2228
f 3240/3222/3060 2399/2381/2228 3221/3203/3041
f 3238/3220/3058 3241/3223/3061 3242/3224/3062
f 3238/3220/3058 3242/3224/3062 3243/3225/3063
f 3243/3225/3063 3242/3224/3062 3244/3226/3064
f 3243/3225/3063 3244/3226/3064 3245/3227/3065
f 3241/3223/3061 3217/3199/3037 3216/3198/3036
f 3241/3223/3061 3216/3198/3036 3242/3224/3062
f 3242/3224/3062 3216/3198/3036 3219/3201/3039
f 3242/3224/3062 3219/3201/3039 3244/3226/3064
f 3238/3220/3058 3243/3225/3063 3246/3228/3066
f 3238/3220/3058 3246/3228/3066 3247/3229/3067
f 3247/3229/3067 3246/3228/3066 3248/3230/3068
f 3247/3229/3067 3248/3230/3068 3249/3231/3069
f 3243/3225/3063 3245/3227/3065 3250/3232/3070
f 3243/3225/3063 3250/3232/3070 3246/3228/3066
f 3246/3228/3066 3250/3232/3070 3251/3233/3071
f 3246/3228/3066 3251/3233/3071 3248/3230/3068
f 3238/3220/3058 3247/3229/3067 3252/3234/3072
f 3238/3220/3058 3252/3234/3072 3239/3221/3059
f 3239/3221/3059 3252/3234/3072 2438/2420/2267
f 3239/3221/3059 2438/2420/2267 2433/2415/2262
f 3247/3229/3067 3249/3231/3069 3253/3235/3073
f 3247/3229/3067 3253/3235/3073 3252/3234/3072
f 3252/3234/3072 3253/3235/3073 2439/2421/2268
f 3252/3234/3072 2439/2421/2268 2438/2420/2267
f 3254/3236/3074 3255/3237/3075 3256/3238/3076
f 3254/3236/3074 3256/3238/3076 3257/3239/3077
f 3257/3239/3077 3256/3238/3076 3237/3219/3057
f 3257/3239/3077 3237/3219/3057 3233/3215/3053
f 3255/3237/3075 2453/2435/2282 2452/2434/2281
f 3255/3237/3075 2452/2434/2281 3256/3238/3076
f 3256/3238/3076 2452/2434/2281 2419/2401/2248
f 3256/3238/3076 2419/2401/2248 3237/3219/3057
f 3254/3236/3074 3257/3239/3077 3258/3240/3078
f 3254/3236/3074 3258/3240/3078 3259/3241/3079
f 3259/3241/3079 3258/3240/3078 3260/3242/3080
f 3259/3241/3079 3260/3242/3080 3261/3243/3081
f 3257/3239/3077 3233/3215/3053 3232/3214/3052
f 3257/3239/3077 3232/3214/3052 3258/3240/3078
f 3258/3240/3078 3232/3214/3052 3235/3217/3055
f 3258/3240/3078 3235/3217/3055 3260/3242/3080
f 3254/3236/3074 3259/3241/3079 3262/3244/3082
f 3254/3236/3074 3262/3244/3082 3263/3245/3083
f 3263/3245/3083 3262/3244/3082 3264/3246/3084
f 3263/3245/3083 3264/3246/3084 3265/3247/3085
f 3259/3241/3079 3261/3243/3081 3266/3248/3086
f 3259/3241/3079 3266/3248/3086 3262/3244/3082
f 3262/3244/3082 3266/3248/3086 3267/3249/3087
f 3262/3244/3082 3267/3249/3087 3264/3246/3084
f 3254/3236/3074 3263/3245/3083 3268/3250/3088
f 3254/3236/3074 3268/3250/3088 3255/3237/3075
f 3255/3237/3075 3268/3250/3088 2458/2440/2287
f 3255/3237/3075 2458/2440/2287 2453/2435/2282
f 3263/3245/3083 3265/3247/3085 3269/3251/3089
f 3263/3245/3083 3269/3251/3089 3268/3250/3088
f 3268/3250/3088 3269/3251/3089 2459/2441/2288
f 3268/3250/3088 2459/2441/2288 2458/2440/2287
f 3270/3252/3090 3271/3253/3091 3272/3254/3092
f 3270/3252/3090 3272/3254/3092 3273/3255/3093
f 3273/3255/3093 3272/3254/3092 3253/3235/3073
f 3273/3255/3093 3253/3235/3073 3249/3231/3069
f 3271/3253/3091 2473/2455/2302 2472/2454/2301
f 3271/3253/3091 2472/2454/2301 3272/3254/3092
f 3272/3254/3092 2472/2454/2301 2439/2421/2268
f 3272/3254/3092 2439/2421/2268 3253/3235/3073
f 3270/3252/3090 3273/3255/3093 3274/3256/3094
f 3270/3252/3090 3274/3256/3094 3275/3257/3095
f 3275/3257/3095 3274/3256/3094 3276/3258/3096
f 3275/3257/3095 3276/3258/3096 3277/3259/3097
f 3273/3255/3093 3249/3231/3069 3248/3230/3068
f 3273/3255/3093 3248/3230/3068 3274/3256/3094
f 3274/3256/3094 3248/3230/3068 3251/3233/3071
f 3274/3256/3094 3251/3233/3071 3276/3258/3096
f 3270/3252/3090 3275/3257/3095 3278/3260/3098
f 3270/3252/3090 3278/3260/3098 3279/3261/3099
f 3279/3261/3099 3278/3260/3098 3280/3262/3100
f 3279/3261/3099 3280/3262/3100 3281/3263/3101
f 3275/3257/3095 3277/3259/3097 3282/3264/3102
f 3275/3257/3095 3282/3264/3102 3278/3260/3098
f 3278/3260/3098 3282/3264/3102 3283/3265/3103
f 3278/3260/3098 3283/3265/3103 3280/3262/3100
f 3270/3252/3090 3279/3261/3099 3284/3266/3104
f 3270/3252/3090 3284/3266/3104 3271/3253/3091
f 3271/3253/3091 3284/3266/3104 2478/2460/2307
f 3271/3253/3091 2478/2460/2307 2473/2455/2302
f 3279/3261/3099 3281/3263/3101 3285/3267/3105
f 3279/3261/3099 3285/3267/3105 3284/3266/3104
f 3284/3266/3104 3285/3267/3105 2479/2461/2308
f 3284/3266/3104 2479/2461/2308 2478/2460/2307
f 3286/3268/3106 3287/3269/3107 3288/3270/3108
f 3286/3268/3106 3288/3270/3108 3289/3271/3109
f 3289/3271/3109 3288/3270/3108 3269/3251/3089
f 3289/3271/3109 3269/3251/3089 3265/3247/3085
f 3287/3269/3107 2493/2475/2322 2492/2474/2321
f 3287/3269/3107 2492/2474/2321 3288/3270/3108
f 3288/3270/3108 2492/2474/2321 2459/2441/2288
f 3288/3270/3108 2459/2441/2288 3269/3251/3089
f 3286/3268/3106 3289/3271/3109 3290/3272/3110
f 3286/3268/3106 3290/3272/3110 3291/3273/3111
f 3291/3273/3111 3290/3272/3110 3292/3274/3112
f 3291/3273/3111 3292/3274/3112 3293/3275/3113
f 3289/3271/3109 3265/3247/3085 3264/3246/3084
f 3289/3271/3109 3264/3246/3084 3290/3272/3110
f 3290/3272/3110 3264/3246/3084 3267/3249/3087
f 3290/3272/3110 3267/3249/3087 3292/3274/3112
f 3286/3268/3106 3291/3273/3111 3294/3276/3114
f 3286/3268/3106 3294/3276/3114 3295/3277/3115
f 3295/3277/3115 3294/3276/3114 2137/2119/1966
f 3295/3277/3115 2137/2119/1966 2129/2111/1958
f 3291/3273/3111 3293/3275/3113 3296/3278/3116
f 3291/3273/3111 3296/3278/3116 3294/3276/3114
f 3294/3276/3114 3296/3278/3116 2138/2120/1967
f 3294/3276/3114 2138/2120/1967 2137/2119/1966
f 3286/3268/3106 3295/3277/3115 3297/3279/3117
f 3286/3268/3106 3297/3279/3117 3287/3269/3107
f 3287/3269/3107 3297/3279/3117 2498/2480/2327
f 3287/3269/3107 2498/2480/2327 2493/2475/2322
f 3295/3277/3115 2129/2111/1958 2128/2110/1957
f 3295/3277/3115 2128/2110/1957 3297/3279/3117
f 3297/3279/3117 2128/2110/1957 2132/2114/1961
f 3297/3279/3117 2132/2114/1961 2498/2480/2327
f 3298/3280/3118 3299/3281/3119 3300/3282/3120
f 3298/3280/3118 3300/3282/3120 3301/3283/3121
f 3301/3283/3121 3300/3282/3120 3285/3267/3105
f 3301/3283/3121 3285/3267/3105 3281/3263/3101
f 3299/3281/3119 2512/2494/2341 2511/2493/2340
f 3299/3281/3119 2511/2493/2340 3300/3282/3120
f 3300/3282/3120 2511/2493/2340 2479/2461/2308
f 3300/3282/3120 2479/2461/2308 3285/3267/3105
f 3298/3280/3118 3301/3283/3121 3302/3284/3122
f 3298/3280/3118 3302/3284/3122 3303/3285/3123
f 3303/3285/3123 3302/3284/3122 3304/3286/3124
f 3303/3285/3123 3304/3286/3124 3305/3287/3125
f 3301/3283/3121 3281/3263/3101 3280/3262/3100
f 3301/3283/3121 3280/3262/3100 3302/3284/3122
f 3302/3284/3122 3280/3262/3100 3283/3265/3103
f 3302/3284/3122 3283/3265/3103 3304/3286/3124
f 3298/3280/3118 3303/3285/3123 3306/3288/3126
f 3298/3280/3118 3306/3288/3126 3307/3289/3127
f 3307/3289/3127 3306/3288/3126 2824/2806/2648
f 3307/3289/3127 2824/2806/2648 2819/2801/2643
f 3303/3285/3123 3305/3287/3125 3308/3290/3128
f 3303/3285/3123 3308/3290/3128 3306/3288/3126
f 3306/3288/3126 3308/3290/3128 2825/2807/2649
f 3306/3288/3126 2825/2807/2649 2824/2806/2648
f 3298/3280/3118 3307/3289/3127 3309/3291/3129
f 3298/3280/3118 3309/3291/3129 3299/3281/3119
f 3299/3281/3119 3309/3291/3129 2517/2499/2346
f 3299/3281/3119 2517/2499/2346 2512/2494/2341
f 3307/3289/3127 2819/2801/2643 2818/2800/2642
f 3307/3289/3127 2818/2800/2642 3309/3291/3129
f 3309/3291/3129 2818/2800/2642 2518/2500/2347
f 3309/3291/3129 2518/2500/2347 2517/2499/2346
f 3310/3292/3130 3311/3293/3131 3312/3294/3132
f 3310/3292/3130 3312/3294/3132 3313/3295/3133
f 3313/3295/3133 3312/3294/3132 3314/3296/3134
f 3313/3295/3133 3314/3296/3134 3315/3297/3135
f 3311/3293/3131 3316/3298/3136 3317/3299/3137
f 3311/3293/3131 3317/3299/3137 3312/3294/3132
f 3312/3294/3132 3317/3299/3137 3318/3300/3138
f 3312/3294/3132 3318/3300/3138 3314/3296/3134
f 3310/3292/3130 3313/3295/3133 3319/3301/3139
f 3310/3292/3130 3319/3301/3139 3320/3302/3140
f 3320/3302/3140 3319/3301/3139 3321/3303/3141
f 3320/3302/3140 3321/3303/3141 3322/3304/3142
f 3313/3295/3133 3315/3297/3135 3323/3305/3143
f 3313/3295/3133 3323/3305/3143 3319/3301/3139
f 3319/3301/3139 3323/3305/3143 3324/3306/3144
f 3319/3301/3139 3324/3306/3144 3321/3303/3141
f 3310/3292/3130 3320/3302/3140 3325/3307/3145
f 3310/3292/3130 3325/3307/3145 3326/3308/3146
f 3326/3308/3146 3325/3307/3145 3327/3309/3147
f 3326/3308/3146 3327/3309/3147 3328/3310/3148
f 3320/3302/3140 3322/3304/3142 3329/3311/3149
f 3320/3302/3140 3329/3311/3149 3325/3307/3145
f 3325/3307/3145 3329/3311/3149 3330/3312/3150
f 3325/3307/3145 3330/3312/3150 3327/3309/3147
f 3310/3292/3130 3326/3308/3146 3331/3313/3151
f 3310/3292/3130 3331/3313/3151 3332/3314/3152
f 3332/3314/3152 3331/3313/3151 3333/3315/3153
f 3332/3314/3152 3333/3315/3153 3334/3316/3154
f 3326/3308/3146 3328/3310/3148 3335/3317/3155
f 3326/3308/3146 3335/3317/3155 3331/3313/3151
f 3331/3313/3151 3335/3317/3155 3336/3318/3156
f 3331/3313/3151 3336/3318/3156 3333/3315/3153
f 3310/3292/3130 3332/3314/3152 3337/3319/3157
f 3310/3292/3130 3337/3319/3157 3338/3320/3158
f 3338/3320/3158 3337/3319/3157 3339/3321/3159
f 3338/3320/3158 3339/3321/3159 3340/3322/3160
f 3332/3314/3152 3334/3316/3154 3341/3323/3161
f 3332/3314/3152 3341/3323/3161 3337/3319/3157
f 3337/3319/3157 3341/3323/3161 3342/3324/3162
f 3337/3319/3157 3342/3324/3162 3339/3321/3159
f 3310/3292/3130 3338/3320/3158 3343/3325/3163
f 3310/3292/3130 3343/3325/3163 3344/3326/3164
f 3344/3326/3164 3343/3325/3163 3345/3327/3165
f 3344/3326/3164 3345/3327/3165 3346/3328/3166
f 3338/3320/3158 3340/3322/3160 3347/3329/3167
f 3338/3320/3158 3347/3329/3167 3343/3325/3163
f 3343/3325/3163 3347/3329/3167 3348/3330/3168
f 3343/3325/3163 3348/3330/3168 3345/3327/3165
f 3310/3292/3130 3344/3326/3164 3349/3331/3169
f 3310/3292/3130 3349/3331/3169 3350/3332/3170
f 3350/3332/3170 3349/3331/3169 3351/3333/3171
f 3350/3332/3170 3351/3333/3171 3352/3334/3172
f 3344/3326/3164 3346/3328/3166 3353/3335/3173
f 3344/3326/3164 3353/3335/3173 3349/3331/3169
f 3349/3331/3169 3353/3335/3173 3354/3336/3174
f 3349/3331/3169 3354/3336/3174 3351/3333/3171
f 3310/3292/3130 3350/3332/3170 3355/3337/3175
f 3310/3292/3130 3355/3337/3175 3356/3338/3176
f 3356/3338/3176 3355/3337/3175 3357/3339/3177
f 3356/3338/3176 3357/3339/3177 3358/3340/3178
f 3350/3332/3170 3352/3334/3172 3359/3341/3179
f 3350/3332/3170 3359/3341/3179 3355/3337/3175
f 3355/3337/3175 3359/3341/3179 3360/3342/3180
f 3355/3337/3175 3360/3342/3180 3357/3339/3177
f 3310/3292/3130 3356/3338/3176 3361/3343/3181
f 3310/3292/3130 3361/3343/3181 3362/3344/3182
f 3362/3344/3182 3361/3343/3181 3363/3345/3183
f 3362/3344/3182 3363/3345/3183 3364/3346/3184
f 3356/3338/3176 3358/3340/3178 3365/3347/3185
f 3356/3338/3176 3365/3347/3185 3361/3343/3181
f 3361/3343/3181 3365/3347/3185 3366/3348/3186
f 3361/3343/3181 3366/3348/3186 3363/3345/3183
f 3310/3292/3130 3362/3344/3182 3367/3349/3187
f 3310/3292/3130 3367/3349/3187 3368/3350/3188
f 3368/3350/3188 3367/3349/3187 3369/3351/3189
f 3368/3350/3188 3369/3351/3189 3370/3352/3190
f 3362/3344/3182 3364/3346/3184 3371/3353/3191
f 3362/3344/3182 3371/3353/3191 3367/3349/3187
f 3367/3349/3187 3371/3353/3191 3372/3354/3192
f 3367/3349/3187 3372/3354/3192 3369/3351/3189
f 3310/3292/3130 3368/3350/3188 3373/3355/3193
f 3310/3292/3130 3373/3355/3193 3374/3356/3194
f 3374/3356/3194 3373/3355/3193 3375/3357/3195
f 3374/3356/3194 3375/3357/3195 3376/3358/3196
f 3368/3350/3188 3370/3352/3190 3377/3359/3197
f 3368/3350/3188 3377/3359/3197 3373/3355/3193
f 3373/3355/3193 3377/3359/3197 3378/3360/3198
f 3373/3355/3193 3378/3360/3198 3375/3357/3195
f 3310/3292/3130 3374/3356/3194 3379/3361/3199
f 3310/3292/3130 3379/3361/3199 3380/3362/3200
f 3380/3362/3200 3379/3361/3199 3381/3363/3201
f 3380/3362/3200 3381/3363/3201 3382/3364/3202
f 3374/3356/3194 3376/3358/3196 3383/3365/3203
f 3374/3356/3194 3383/3365/3203 3379/3361/3199
f 3379/3361/3199 3383/3365/3203 3384/3366/3204
f 3379/3361/3199 3384/3366/3204 3381/3363/3201
f 3310/3292/3130 3380/3362/3200 3385/3367/3205
f 3310/3292/3130 3385/3367/3205 3386/3368/3206
f 3386/3368/3206 3385/3367/3205 3387/3369/3207
f 3386/3368/3206 3387/3369/3207 3388/3370/3208
f 3380/3362/3200 3382/3364/3202 3389/3371/3209
f 3380/3362/3200 3389/3371/3209 3385/3367/3205
f 3385/3367/3205 3389/3371/3209 3390/3372/3210
f 3385/3367/3205 3390/3372/3210 3387/3369/3207
f 3310/3292/3130 3386/3368/3206 3391/3373/3211
f 3310/3292/3130 3391/3373/3211 3392/3374/3212
f 3392/3374/3212 3391/3373/3211 3393/3375/3213
f 3392/3374/3212 3393/3375/3213 3394/3376/3214
f 3386/3368/3206 3388/3370/3208 3395/3377/3215
f 3386/3368/3206 3395/3377/3215 3391/3373/3211
f 3391/3373/3211 3395/3377/3215 3396/3378/3216
f 3391/3373/3211 3396/3378/3216 3393/3375/3213
f 3310/3292/3130 3392/3374/3212 3397/3379/3217
f 3310/3292/3130 3397/3379/3217 3398/3380/3218
f 3398/3380/3218 3397/3379/3217 3399/3381/3219
f 3398/3380/3218 3399/3381/3219 3400/3382/3220
f 3392/3374/3212 3394/3376/3214 3401/3383/3221
f 3392/3374/3212 3401/3383/3221 3397/3379/3217
f 3397/3379/3217 3401/3383/3221 3402/3384/3222
f 3397/3379/3217 3402/3384/3222 3399/3381/3219
f 3310/3292/3130 3398/3380/3218 3403/3385/3223
f 3310/3292/3130 3403/3385/3223 3404/3386/3224
f 3404/3386/3224 3403/3385/3223 3405/3387/3225
f 3404/3386/3224 3405/3387/3225 3406/3388/3226
f 3398/3380/3218 3400/3382/3220 3407/3389/3227
f 3398/3380/3218 3407/3389/3227 3403/3385/3223
f 3403/3385/3223 3407/3389/3227 3408/3390/3228
f 3403/3385/3223 3408/3390/3228 3405/3387/3225
f 3310/3292/3130 3404/3386/3224 3409/3391/3229
f 3310/3292/3130 3409/3391/3229 3410/3392/3230
f 3410/3392/3230 3409/3391/3229 3411/3393/3231
f 3410/3392/3230 3411/3393/3231 3412/3394/3232
f 3404/3386/3224 3406/3388/3226 3413/3395/3233
f 3404/3386/3224 3413/3395/3233 3409/3391/3229
f 3409/3391/3229 3413/3395/3233 3414/3396/3234
f 3409/3391/3229 3414/3396/3234 3411/3393/3231
f 3310/3292/3130 3410/3392/3230 3415/3397/3235
f 3310/3292/3130 3415/3397/3235 3416/3398/3236
f 3416/3398/3236 3415/3397/3235 3417/3399/3237
f 3416/3398/3236 3417/3399/3237 3418/3400/3238
f 3410/3392/3230 3412/3394/3232 3419/3401/3239
f 3410/3392/3230 3419/3401/3239 3415/3397/3235
f 3415/3397/3235 3419/3401/3239 3420/3402/3240
f 3415/3397/3235 3420/3402/3240 3417/3399/3237
f 3310/3292/3130 3416/3398/3236 3421/3403/3241
f 3310/3292/3130 3421/3403/3241 3422/3404/3242
f 3422/3404/3242 3421/3403/3241 3423/3405/3243
f 3422/3404/3242 3423/3405/3243 3424/3406/3244
f 3416/3398/3236 3418/3400/3238 3425/3407/3245
f 3416/3398/3236 3425/3407/3245 3421/3403/3241
f 3421/3403/3241 3425/3407/3245 3426/3408/3246
f 3421/3403/3241 3426/3408/3246 3423/3405/3243
f 3310/3292/3130 3422/3404/3242 3427/3409/3247
f 3310/3292/3130 3427/3409/3247 3428/3410/3248
f 3428/3410/3248 3427/3409/3247 3429/3411/3249
f 3428/3410/3248 3429/3411/3249 3430/3412/3250
f 3422/3404/3242 3424/3406/3244 3431/3413/3251
f 3422/3404/3242 3431/3413/3251 3427/3409/3247
f 3427/3409/3247 3431/3413/3251 3432/3414/3252
f 3427/3409/3247 3432/3414/3252 3429/3411/3249
f 3310/3292/3130 3428/3410/3248 3433/3415/3253
f 3310/3292/3130 3433/3415/3253 3434/3416/3254
f 3434/3416/3254 3433/3415/3253 3435/3417/3255
f 3434/3416/3254 3435/3417/3255 3436/3418/3256
f 3428/3410/3248 3430/3412/3250 3437/3419/3257
f 3428/3410/3248 3437/3419/3257 3433/3415/3253
f 3433/3415/3253 3437/3419/3257 3438/3420/3258
f 3433/3415/3253 3438/3420/3258 3435/3417/3255
f 3310/3292/3130 3434/3416/3254 3439/3421/3259
f 3310/3292/3130 3439/3421/3259 3440/3422/3260
f 3440/3422/3260 3439/3421/3259 3441/3423/3261
f 3440/3422/3260 3441/3423/3261 3442/3424/3262
f 3434/3416/3254 3436/3418/3256 3443/3425/3263
f 3434/3416/3254 3443/3425/3263 3439/3421/3259
f 3439/3421/3259 3443/3425/3263 3444/3426/3264
f 3439/3421/3259 3444/3426/3264 3441/3423/3261
f 3310/3292/3130 3440/3422/3260 3445/3427/3265
f 3310/3292/3130 3445/3427/3265 3446/3428/3266
f 3446/3428/3266 3445/3427/3265 3447/3429/3267
f 3446/3428/3266 3447/3429/3267 3448/3430/3268
f 3440/3422/3260 3442/3424/3262 3449/3431/3269
f 3440/3422/3260 3449/3431/3269 3445/3427/3265
f 3445/3427/3265 3449/3431/3269 3450/3432/3270
f 3445/3427/3265 3450/3432/3270 3447/3429/3267
f 3310/3292/3130 3446/3428/3266 3451/3433/3271
f 3310/3292/3130 3451/3433/3271 3452/3434/3272
f 3452/3434/3272 3451/3433/3271 3453/3435/3273
f 3452/3434/3272 3453/3435/3273 3454/3436/3274
f 3446/3428/3266 3448/3430/3268 3455/3437/3275
f 3446/3428/3266 3455/3437/3275 3451/3433/3271
f 3451/3433/3271 3455/3437/3275 3456/3438/3276
f 3451/3433/3271 3456/3438/3276 3453/3435/3273
f 3310/3292/3130 3452/3434/3272 3457/3439/3277
f 3310/3292/3130 3457/3439/3277 3458/3440/3278
f 3458/3440/3278 3457/3439/3277 3459/3441/3279
f 3458/3440/3278 3459/3441/3279 3460/3442/3280
f 3452/3434/3272 3454/3436/3274 3461/3443/3281
f 3452/3434/3272 3461/3443/3281 3457/3439/3277
f 3457/3439/3277 3461/3443/3281 3462/3444/3282
f 3457/3439/3277 3462/3444/3282 3459/3441/3279
f 3310/3292/3130 3458/3440/3278 3463/3445/3283
f 3310/3292/3130 3463/3445/3283 3464/3446/3284
f 3464/3446/3284 3463/3445/3283 3465/3447/3285
f 3464/3446/3284 3465/3447/3285 3466/3448/3286
f 3458/3440/3278 3460/3442/3280 3467/3449/3287
f 3458/3440/3278 3467/3449/3287 3463/3445/3283
f 3463/3445/3283 3467/3449/3287 3468/3450/3288
f 3463/3445/3283 3468/3450/3288 3465/3447/3285
f 3310/3292/3130 3464/3446/3284 3469/3451/3289
f 3310/3292/3130 3469/3451/3289 3470/3452/3290
f 3470/3452/3290 3469/3451/3289 3471/3453/3291
f 3470/3452/3290 3471/3453/3291 3472/3454/3292
f 3464/3446/3284 3466/3448/3286 3473/3455/3293
f 3464/3446/3284 3473/3455/3293 3469/3451/3289
f 3469/3451/3289 3473/3455/3293 3474/3456/3294
f 3469/3451/3289 3474/3456/3294 3471/3453/3291
f 3310/3292/3130 3470/3452/3290 3475/3457/3295
f 3310/3292/3130 3475/3457/3295 3476/3458/3296
f 3476/3458/3296 3475/3457/3295 3477/3459/3297
f 3476/3458/3296 3477/3459/3297 3478/3460/3298
f 3470/3452/3290 3472/3454/3292 3479/3461/3299
f 3470/3452/3290 3479/3461/3299 3475/3457/3295
f 3475/3457/3295 3479/3461/3299 3480/3462/3300
f 3475/3457/3295 3480/3462/3300 3477/3459/3297
f 3310/3292/3130 3476/3458/3296 3481/3463/3301
f 3310/3292/3130 3481/3463/3301 3482/3464/3302
f 3482/3464/3302 3481/3463/3301 3483/3465/3303
f 3482/3464/3302 3483/3465/3303 3484/3466/3304
f 3476/3458/3296 3478/3460/3298 3485/3467/3305
f 3476/3458/3296 3485/3467/3305 3481/3463/3301
f 3481/3463/3301 3485/3467/3305 3486/3468/3306
f 3481/3463/3301 3486/3468/3306 3483/3465/3303
f 3310/3292/3130 3482/3464/3302 3487/3469/3307
f 3310/3292/3130 3487/3469/3307 3488/3470/3308
f 3488/3470/3308 3487/3469/3307 3489/3471/3309
f 3488/3470/3308 3489/3471/3309 3490/3472/3310
f 3482/3464/3302 3484/3466/3304 3491/3473/3311
f 3482/3464/3302 3491/3473/3311 3487/3469/3307
f 3487/3469/3307 3491/3473/3311 3492/3474/3312
f 3487/3469/3307 3492/3474/3312 3489/3471/3309
f 3310/3292/3130 3488/3470/3308 3493/3475/3313
f 3310/3292/3130 3493/3475/3313 3494/3476/3314
f 3494/3476/3314 3493/3475/3313 3495/3477/2632
f 3494/3476/3314 3495/3477/2632 3496/3478/2625
f 3488/3470/3308 3490/3472/3310 3497/3479/3315
f 3488/3470/3308 3497/3479/3315 3493/3475/3313
f 3493/3475/3313 3497/3479/3315 3498/3480/2633
f 3493/3475/3313 3498/3480/2633 3495/3477/2632
f 3310/3292/3130 3494/3476/3314 3499/3481/3316
f 3310/3292/3130 3499/3481/3316 3311/3293/3131
f 3311/3293/3131 3499/3481/3316 3500/3482/3317
f 3311/3293/3131 3500/3482/3317 3316/3298/3136
f 3494/3476/3314 3496/3478/2625 3501/3483/2624
f 3494/3476/3314 3501/3483/2624 3499/3481/3316
f 3499/3481/3316 3501/3483/2624 3502/3484/2627
f 3499/3481/3316 3502/3484/2627 3500/3482/3317
f 3503/3485/3318 3504/3486/3319 3505/3487/3320
f 3503/3485/3318 3505/3487/3320 3506/3488/3321
f 3506/3488/3321 3505/3487/3320 3507/3489/3322
f 3506/3488/3321 3507/3489/3322 3508/3490/3323
f 3504/3486/3319 3509/3491/3324 3510/3492/3325
f 3504/3486/3319 3510/3492/3325 3505/3487/3320
f 3505/3487/3320 3510/3492/3325 3511/3493/3326
f 3505/3487/3320 3511/3493/3326 3507/3489/3322
f 3503/3485/3318 3506/3488/3321 3512/3494/3327
f 3503/3485/3318 3512/3494/3327 3513/3495/3328
f 3513/3495/3328 3512/3494/3327 3514/3496/3161
f 3513/3495/3328 3514/3496/3161 3515/3497/3154
f 3506/3488/3321 3508/3490/3323 3516/3498/3329
f 3506/3488/3321 3516/3498/3329 3512/3494/3327
f 3512/3494/3327 3516/3498/3329 3517/3499/3162
f 3512/3494/3327 3517/3499/3162 3514/3496/3161
f 3503/3485/3318 3513/3495/3328 3518/3500/3330
f 3503/3485/3318 3518/3500/3330 3519/3501/3331
f 3519/3501/3331 3518/3500/3330 3520/3502/3332
f 3519/3501/3331 3520/3502/3332 3521/3503/3333
f 3513/3495/3328 3515/3497/3154 3522/3504/3153
f 3513/3495/3328 3522/3504/3153 3518/3500/3330
f 3518/3500/3330 3522/3504/3153 3523/3505/3156
f 3518/3500/3330 3523/3505/3156 3520/3502/3332
f 3503/3485/3318 3519/3501/3331 3524/3506/3334
f 3503/3485/3318 3524/3506/3334 3504/3486/3319
f 3504/3486/3319 3524/3506/3334 3525/3507/3335
f 3504/3486/3319 3525/3507/3335 3509/3491/3324
f 3519/3501/3331 3521/3503/3333 3526/3508/3336
f 3519/3501/3331 3526/3508/3336 3524/3506/3334
f 3524/3506/3334 3526/3508/3336 3527/3509/3337
f 3524/3506/3334 3527/3509/3337 3525/3507/3335
f 3528/3510/3338 3529/3511/3339 3530/3512/3340
f 3528/3510/3338 3530/3512/3340 3531/3513/3341
f 3531/3513/3341 3530/3512/3340 3532/3514/3342
f 3531/3513/3341 3532/3514/3342 3533/3515/3343
f 3529/3511/3339 3534/3516/3344 3535/3517/3345
f 3529/3511/3339 3535/3517/3345 3530/3512/3340
f 3530/3512/3340 3535/3517/3345 3536/3518/3346
f 3530/3512/3340 3536/3518/3346 3532/3514/3342
f 3528/3510/3338 3531/3513/3341 3537/3519/3347
f 3528/3510/3338 3537/3519/3347 3538/3520/3348
f 3538/3520/3348 3537/3519/3347 3539/3521/3239
f 3538/3520/3348 3539/3521/3239 3540/3522/3232
f 3531/3513/3341 3533/3515/3343 3541/3523/3349
f 3531/3513/3341 3541/3523/3349 3537/3519/3347
f 3537/3519/3347 3541/3523/3349 3542/3524/3240
f 3537/3519/3347 3542/3524/3240 3539/3521/3239
f 3528/3510/3338 3538/3520/3348 3543/3525/3350
f 3528/3510/3338 3543/3525/3350 3544/3526/3351
f 3544/3526/3351 3543/3525/3350 3545/3527/3352
f 3544/3526/3351 3545/3527/3352 3546/3528/3353
f 3538/3520/3348 3540/3522/3232 3547/3529/3231
f 3538/3520/3348 3547/3529/3231 3543/3525/3350
f 3543/3525/3350 3547/3529/3231 3548/3530/3234
f 3543/3525/3350 3548/3530/3234 3545/3527/3352
f 3528/3510/3338 3544/3526/3351 3549/3531/3354
f 3528/3510/3338 3549/3531/3354 3529/3511/3339
f 3529/3511/3339 3549/3531/3354 3550/3532/3355
f 3529/3511/3339 3550/3532/3355 3534/3516/3344
f 3544/3526/3351 3546/3528/3353 3551/3533/3356
f 3544/3526/3351 3551/3533/3356 3549/3531/3354
f 3549/3531/3354 3551/3533/3356 3552/3534/3357
f 3549/3531/3354 3552/3534/3357 3550/3532/3355
f 3553/3535/3358 3554/3536/3359 3555/3537/3360
f 3553/3535/3358 3555/3537/3360 3556/3538/3361
f 3556/3538/3361 3555/3537/3360 2812/2794/2636
f 3556/3538/3361 2812/2794/2636 2807/2789/2631
f 3554/3536/3359 3557/3539/3362 3558/3540/3363
f 3554/3536/3359 3558/3540/3363 3555/3537/3360
f 3555/3537/3360 3558/3540/3363 2813/2795/2637
f 3555/3537/3360 2813/2795/2637 2812/2794/2636
f 3553/3535/3358 3556/3538/3361 3559/3541/3364
f 3553/3535/3358 3559/3541/3364 3560/3542/3365
f 3560/3542/3365 3559/3541/3364 3561/3543/3315
f 3560/3542/3365 3561/3543/3315 3562/3544/3310
f 3556/3538/3361 2807/2789/2631 2806/2788/2630
f 3556/3538/3361 2806/2788/2630 3559/3541/3364
f 3559/3541/3364 2806/2788/2630 2809/2791/2633
f 3559/3541/3364 2809/2791/2633 3561/3543/3315
f 3553/3535/3358 3560/3542/3365 3563/3545/3366
f 3553/3535/3358 3563/3545/3366 3564/3546/3367
f 3564/3546/3367 3563/3545/3366 3565/3547/3368
f 3564/3546/3367 3565/3547/3368 3566/3548/3369
f 3560/3542/3365 3562/3544/3310 3567/3549/3309
f 3560/3542/3365 3567/3549/3309 3563/3545/3366
f 3563/3545/3366 3567/3549/3309 3568/3550/3312
f 3563/3545/3366 3568/3550/3312 3565/3547/3368
f 3553/3535/3358 3564/3546/3367 3569/3551/3370
f 3553/3535/3358 3569/3551/3370 3554/3536/3359
f 3554/3536/3359 3569/3551/3370 3570/3552/3371
f 3554/3536/3359 3570/3552/3371 3557/3539/3362
f 3564/3546/3367 3566/3548/3369 3571/3553/3372
f 3564/3546/3367 3571/3553/3372 3569/3551/3370
f 3569/3551/3370 3571/3553/3372 3572/3554/3373
f 3569/3551/3370 3572/3554/3373 3570/3552/3371
f 3573/3555/3374 3574/3556/3375 3575/3557/3376
f 3573/3555/3374 3575/3557/3376 3576/3558/3377
f 3576/3558/3377 3575/3557/3376 3526/3508/3336
f 3576/3558/3377 3526/3508/3336 3521/3503/3333
f 3574/3556/3375 3577/3559/3378 3578/3560/3379
f 3574/3556/3375 3578/3560/3379 3575/3557/3376
f 3575/3557/3376 3578/3560/3379 3527/3509/3337
f 3575/3557/3376 3527/3509/3337 3526/3508/3336
f 3573/3555/3374 3576/3558/3377 3579/3561/3380
f 3573/3555/3374 3579/3561/3380 3580/3562/3381
f 3580/3562/3381 3579/3561/3380 3581/3563/3155
f 3580/3562/3381 3581/3563/3155 3582/3564/3148
f 3576/3558/3377 3521/3503/3333 3520/3502/3332
f 3576/3558/3377 3520/3502/3332 3579/3561/3380
f 3579/3561/3380 3520/3502/3332 3523/3505/3156
f 3579/3561/3380 3523/3505/3156 3581/3563/3155
f 3573/3555/3374 3580/3562/3381 3583/3565/3382
f 3573/3555/3374 3583/3565/3382 3584/3566/3383
f 3584/3566/3383 3583/3565/3382 3585/3567/3384
f 3584/3566/3383 3585/3567/3384 3586/3568/3385
f 3580/3562/3381 3582/3564/3148 3587/3569/3147
f 3580/3562/3381 3587/3569/3147 3583/3565/3382
f 3583/3565/3382 3587/3569/3147 3588/3570/3150
f 3583/3565/3382 3588/3570/3150 3585/3567/3384
f 3573/3555/3374 3584/3566/3383 3589/3571/3386
f 3573/3555/3374 3589/3571/3386 3574/3556/3375
f 3574/3556/3375 3589/3571/3386 3590/3572/3387
f 3574/3556/3375 3590/3572/3387 3577/3559/3378
f 3584/3566/3383 3586/3568/3385 3591/3573/3388
f 3584/3566/3383 3591/3573/3388 3589/3571/3386
f 3589/3571/3386 3591/3573/3388 3592/3574/3389
f 3589/3571/3386 3592/3574/3389 3590/3572/3387
f 3593/3575/3390 3594/3576/3391 3595/3577/3392
f 3593/3575/3390 3595/3577/3392 3596/3578/3393
f 3596/3578/3393 3595/3577/3392 3597/3579/3356
f 3596/3578/3393 3597/3579/3356 3598/3580/3353
f 3594/3576/3391 3599/3581/3394 3600/3582/3395
f 3594/3576/3391 3600/3582/3395 3595/3577/3392
f 3595/3577/3392 3600/3582/3395 3601/3583/3357
f 3595/3577/3392 3601/3583/3357 3597/3579/3356
f 3593/3575/3390 3596/3578/3393 3602/3584/3396
f 3593/3575/3390 3602/3584/3396 3603/3585/3397
f 3603/3585/3397 3602/3584/3396 3604/3586/3233
f 3603/3585/3397 3604/3586/3233 3605/3587/3226
f 3596/3578/3393 3598/3580/3353 3606/3588/3352
f 3596/3578/3393 3606/3588/3352 3602/3584/3396
f 3602/3584/3396 3606/3588/3352 3607/3589/3234
f 3602/3584/3396 3607/3589/3234 3604/3586/3233
f 3593/3575/3390 3603/3585/3397 3608/3590/3398
f 3593/3575/3390 3608/3590/3398 3609/3591/3399
f 3609/3591/3399 3608/3590/3398 3610/3592/3400
f 3609/3591/3399 3610/3592/3400 3611/3593/3401
f 3603/3585/3397 3605/3587/3226 3612/3594/3225
f 3603/3585/3397 3612/3594/3225 3608/3590/3398
f 3608/3590/3398 3612/3594/3225 3613/3595/3228
f 3608/3590/3398 3613/3595/3228 3610/3592/3400
f 3593/3575/3390 3609/3591/3399 3614/3596/3402
f 3593/3575/3390 3614/3596/3402 3594/3576/3391
f 3594/3576/3391 3614/3596/3402 3615/3597/3403
f 3594/3576/3391 3615/3597/3403 3599/3581/3394
f 3609/3591/3399 3611/3593/3401 3616/3598/3404
f 3609/3591/3399 3616/3598/3404 3614/3596/3402
f 3614/3596/3402 3616/3598/3404 3617/3599/3405
f 3614/3596/3402 3617/3599/3405 3615/3597/3403
f 3618/3600/3406 3619/3601/3407 3620/3602/3408
f 3618/3600/3406 3620/3602/3408 3621/3603/3409
f 3621/3603/3409 3620/3602/3408 3571/3553/3372
f 3621/3603/3409 3571/3553/3372 3566/3548/3369
f 3619/3601/3407 3622/3604/3410 3623/3605/3411
f 3619/3601/3407 3623/3605/3411 3620/3602/3408
f 3620/3602/3408 3623/3605/3411 3572/3554/3373
f 3620/3602/3408 3572/3554/3373 3571/3553/3372
f 3618/3600/3406 3621/3603/3409 3624/3606/3412
f 3618/3600/3406 3624/3606/3412 3625/3607/3413
f 3625/3607/3413 3624/3606/3412 3626/3608/3311
f 3625/3607/3413 3626/3608/3311 3627/3609/3304
f 3621/3603/3409 3566/3548/3369 3565/3547/3368
f 3621/3603/3409 3565/3547/3368 3624/3606/3412
f 3624/3606/3412 3565/3547/3368 3568/3550/3312
f 3624/3606/3412 3568/3550/3312 3626/3608/3311
f 3618/3600/3406 3625/3607/3413 3628/3610/3414
f 3618/3600/3406 3628/3610/3414 3629/3611/3415
f 3629/3611/3415 3628/3610/3414 3630/3612/3416
f 3629/3611/3415 3630/3612/3416 3631/3613/3417
f 3625/3607/3413 3627/3609/3304 3632/3614/3303
f 3625/3607/3413 3632/3614/3303 3628/3610/3414
f 3628/3610/3414 3632/3614/3303 3633/3615/3306
f 3628/3610/3414 3633/3615/3306 3630/3612/3416
f 3618/3600/3406 3629/3611/3415 3634/3616/3418
f 3618/3600/3406 3634/3616/3418 3619/3601/3407
f 3619/3601/3407 3634/3616/3418 3635/3617/3419
f 3619/3601/3407 3635/3617/3419 3622/3604/3410
f 3629/3611/3415 3631/3613/3417 3636/3618/3420
f 3629/3611/3415 3636/3618/3420 3634/3616/3418
f 3634/3616/3418 3636/3618/3420 3637/3619/3421
f 3634/3616/3418 3637/3619/3421 3635/3617/3419
f 3638/3620/3422 3639/3621/3423 3640/3622/3424
f 3638/3620/3422 3640/3622/3424 3641/3623/3425
f 3641/3623/3425 3640/3622/3424 3591/3573/3388
f 3641/3623/3425 3591/3573/3388 3586/3568/3385
f 3639/3621/3423 3642/3624/3426 3643/3625/3427
f 3639/3621/3423 3643/3625/3427 3640/3622/3424
f 3640/3622/3424 3643/3625/3427 3592/3574/3389
f 3640/3622/3424 3592/3574/3389 3591/3573/3388
f 3638/3620/3422 3641/3623/3425 3644/3626/3428
f 3638/3620/3422 3644/3626/3428 3645/3627/3429
f 3645/3627/3429 3644/3626/3428 3646/3628/3149
f 3645/3627/3429 3646/3628/3149 3647/3629/3142
f 3641/3623/3425 3586/3568/3385 3585/3567/3384
f 3641/3623/3425 3585/3567/3384 3644/3626/3428
f 3644/3626/3428 3585/3567/3384 3588/3570/3150
f 3644/3626/3428 3588/3570/3150 3646/3628/3149
f 3638/3620/3422 3645/3627/3429 3648/3630/3430
f 3638/3620/3422 3648/3630/3430 3649/3631/3431
f 3649/3631/3431 3648/3630/3430 3650/3632/3432
f 3649/3631/3431 3650/3632/3432 3651/3633/3433
f 3645/3627/3429 3647/3629/3142 3652/3634/3141
f 3645/3627/3429 3652/3634/3141 3648/3630/3430
f 3648/3630/3430 3652/3634/3141 3653/3635/3144
f 3648/3630/3430 3653/3635/3144 3650/3632/3432
f 3638/3620/3422 3649/3631/3431 3654/3636/3434
f 3638/3620/3422 3654/3636/3434 3639/3621/3423
f 3639/3621/3423 3654/3636/3434 3655/3637/3435
f 3639/3621/3423 3655/3637/3435 3642/3624/3426
f 3649/3631/3431 3651/3633/3433 3656/3638/3436
f 3649/3631/3431 3656/3638/3436 3654/3636/3434
f 3654/3636/3434 3656/3638/3436 3657/3639/3437
f 3654/3636/3434 3657/3639/3437 3655/3637/3435
f 3658/3640/3438 3659/3641/3439 3660/3642/3440
f 3658/3640/3438 3660/3642/3440 3661/3643/3441
f 3661/3643/3441 3660/3642/3440 3616/3598/3404
f 3661/3643/3441 3616/3598/3404 3611/3593/3401
f 3659/3641/3439 3662/3644/3442 3663/3645/3443
f 3659/3641/3439 3663/3645/3443 3660/3642/3440
f 3660/3642/3440 3663/3645/3443 3617/3599/3405
f 3660/3642/3440 3617/3599/3405 3616/3598/3404
f 3658/3640/3438 3661/3643/3441 3664/3646/3444
f 3658/3640/3438 3664/3646/3444 3665/3647/3445
f 3665/3647/3445 3664/3646/3444 3666/3648/3227
f 3665/3647/3445 3666/3648/3227 3667/3649/3220
f 3661/3643/3441 3611/3593/3401 3610/3592/3400
f 3661/3643/3441 3610/3592/3400 3664/3646/3444
f 3664/3646/3444 3610/3592/3400 3613/3595/3228
f 3664/3646/3444 3613/3595/3228 3666/3648/3227
f 3658/3640/3438 3665/3647/3445 3668/3650/3446
f 3658/3640/3438 3668/3650/3446 3669/3651/3447
f 3669/3651/3447 3668/3650/3446 3670/3652/3448
f 3669/3651/3447 3670/3652/3448 3671/3653/3449
f 3665/3647/3445 3667/3649/3220 3672/3654/3219
f 3665/3647/3445 3672/3654/3219 3668/3650/3446
f 3668/3650/3446 3672/3654/3219 3673/3655/3222
f 3668/3650/3446 3673/3655/3222 3670/3652/3448
f 3658/3640/3438 3669/3651/3447 3674/3656/3450
f 3658/3640/3438 3674/3656/3450 3659/3641/3439
f 3659/3641/3439 3674/3656/3450 3675/3657/3451
f 3659/3641/3439 3675/3657/3451 3662/3644/3442
f 3669/3651/3447 3671/3653/3449 3676/3658/3452
f 3669/3651/3447 3676/3658/3452 3674/3656/3450
f 3674/3656/3450 3676/3658/3452 3677/3659/3453
f 3674/3656/3450 3677/3659/3453 3675/3657/3451
f 3678/3660/3454 3679/3661/3455 3680/3662/3456
f 3678/3660/3454 3680/3662/3456 3681/3663/3457
f 3681/3663/3457 3680/3662/3456 3636/3618/3420
f 3681/3663/3457 3636/3618/3420 3631/3613/3417
f 3679/3661/3455 3682/3664/3458 3683/3665/3459
f 3679/3661/3455 3683/3665/3459 3680/3662/3456
f 3680/3662/3456 3683/3665/3459 3637/3619/3421
f 3680/3662/3456 3637/3619/3421 3636/3618/3420
f 3678/3660/3454 3681/3663/3457 3684/3666/3460
f 3678/3660/3454 3684/3666/3460 3685/3667/3461
f 3685/3667/3461 3684/3666/3460 3686/3668/3305
f 3685/3667/3461 3686/3668/3305 3687/3669/3298
f 3681/3663/3457 3631/3613/3417 3630/3612/3416
f 3681/3663/3457 3630/3612/3416 3684/3666/3460
f 3684/3666/3460 3630/3612/3416 3633/3615/3306
f 3684/3666/3460 3633/3615/3306 3686/3668/3305
f 3678/3660/3454 3685/3667/3461 3688/3670/3462
f 3678/3660/3454 3688/3670/3462 3689/3671/3463
f 3689/3671/3463 3688/3670/3462 3690/3672/3464
f 3689/3671/3463 3690/3672/3464 3691/3673/3465
f 3685/3667/3461 3687/3669/3298 3692/3674/3297
f 3685/3667/3461 3692/3674/3297 3688/3670/3462
f 3688/3670/3462 3692/3674/3297 3693/3675/3300
f 3688/3670/3462 3693/3675/3300 3690/3672/3464
f 3678/3660/3454 3689/3671/3463 3694/3676/3466
f 3678/3660/3454 3694/3676/3466 3679/3661/3455
f 3679/3661/3455 3694/3676/3466 3695/3677/3467
f 3679/3661/3455 3695/3677/3467 3682/3664/3458
f 3689/3671/3463 3691/3673/3465 3696/3678/3468
f 3689/3671/3463 3696/3678/3468 3694/3676/3466
f 3694/3676/3466 3696/3678/3468 3697/3679/3469
f 3694/3676/3466 3697/3679/3469 3695/3677/3467
f 3698/3680/3470 3699/3681/3471 3700/3682/3472
f 3698/3680/3470 3700/3682/3472 3701/3683/3473
f 3701/3683/3473 3700/3682/3472 3656/3638/3436
f 3701/3683/3473 3656/3638/3436 3651/3633/3433
f 3699/3681/3471 3702/3684/3474 3703/3685/3475
f 3699/3681/3471 3703/3685/3475 3700/3682/3472
f 3700/3682/3472 3703/3685/3475 3657/3639/3437
f 3700/3682/3472 3657/3639/3437 3656/3638/3436
f 3698/3680/3470 3701/3683/3473 3704/3686/3476
f 3698/3680/3470 3704/3686/3476 3705/3687/3477
f 3705/3687/3477 3704/3686/3476 3706/3688/3143
f 3705/3687/3477 3706/3688/3143 3707/3689/3135
f 3701/3683/3473 3651/3633/3433 3650/3632/3432
f 3701/3683/3473 3650/3632/3432 3704/3686/3476
f 3704/3686/3476 3650/3632/3432 3653/3635/3144
f 3704/3686/3476 3653/3635/3144 3706/3688/3143
f 3698/3680/3470 3705/3687/3477 3708/3690/3478
f 3698/3680/3470 3708/3690/3478 3709/3691/3479
f 3709/3691/3479 3708/3690/3478 3710/3692/3480
f 3709/3691/3479 3710/3692/3480 3711/3693/3481
f 3705/3687/3477 3707/3689/3135 3712/3694/3134
f 3705/3687/3477 3712/3694/3134 3708/3690/3478
f 3708/3690/3478 3712/3694/3134 3713/3695/3138
f 3708/3690/3478 3713/3695/3138 3710/3692/3480
f 3698/3680/3470 3709/3691/3479 3714/3696/3482
f 3698/3680/3470 3714/3696/3482 3699/3681/3471
f 3699/3681/3471 3714/3696/3482 3715/3697/3483
f 3699/3681/3471 3715/3697/3483 3702/3684/3474
f 3709/3691/3479 3711/3693/3481 3716/3698/3484
f 3709/3691/3479 3716/3698/3484 3714/3696/3482
f 3714/3696/3482 3716/3698/3484 3717/3699/3485
f 3714/3696/3482 3717/3699/3485 3715/3697/3483
f 3718/3700/3486 3719/3701/3487 3720/3702/3488
f 3718/3700/3486 3720/3702/3488 3721/3703/3489
f 3721/3703/3489 3720/3702/3488 3676/3658/3452
f 3721/3703/3489 3676/3658/3452 3671/3653/3449
f 3719/3701/3487 3722/3704/3490 3723/3705/3491
f 3719/3701/3487 3723/3705/3491 3720/3702/3488
f 3720/3702/3488 3723/3705/3491 3677/3659/3453
f 3720/3702/3488 3677/3659/3453 3676/3658/3452
f 3718/3700/3486 3721/3703/3489 3724/3706/3492
f 3718/3700/3486 3724/3706/3492 3725/3707/3493
f 3725/3707/3493 3724/3706/3492 3726/3708/3221
f 3725/3707/3493 3726/3708/3221 3727/3709/3214
f 3721/3703/3489 3671/3653/3449 3670/3652/3448
f 3721/3703/3489 3670/3652/3448 3724/3706/3492
f 3724/3706/3492 3670/3652/3448 3673/3655/3222
f 3724/3706/3492 3673/3655/3222 3726/3708/3221
f 3718/3700/3486 3725/3707/3493 3728/3710/3494
f 3718/3700/3486 3728/3710/3494 3729/3711/3495
f 3729/3711/3495 3728/3710/3494 3730/3712/3496
f 3729/3711/3495 3730/3712/3496 3731/3713/3497
f 3725/3707/3493 3727/3709/3214 3732/3714/3213
f 3725/3707/3493 3732/3714/3213 3728/3710/3494
f 3728/3710/3494 3732/3714/3213 3733/3715/3216
f 3728/3710/3494 3733/3715/3216 3730/3712/3496
f 3718/3700/3486 3729/3711/3495 3734/3716/3498
f 3718/3700/3486 3734/3716/3498 3719/3701/3487
f 3719/3701/3487 3734/3716/3498 3735/3717/3499
f 3719/3701/3487 3735/3717/3499 3722/3704/3490
f 3729/3711/3495 3731/3713/3497 3736/3718/3500
f 3729/3711/3495 3736/3718/3500 3734/3716/3498
f 3734/3716/3498 3736/3718/3500 3737/3719/3501
f 3734/3716/3498 3737/3719/3501 3735/3717/3499
f 3738/3720/3502 3739/3721/3503 3740/3722/3504
f 3738/3720/3502 3740/3722/3504 3741/3723/3505
f 3741/3723/3505 3740/3722/3504 3696/3678/3468
f 3741/3723/3505 3696/3678/3468 3691/3673/3465
f 3739/3721/3503 3742/3724/3506 3743/3725/3507
f 3739/3721/3503 3743/3725/3507 3740/3722/3504
f 3740/3722/3504 3743/3725/3507 3697/3679/3469
f 3740/3722/3504 3697/3679/3469 3696/3678/3468
f 3738/3720/3502 3741/3723/3505 3744/3726/3508
f 3738/3720/3502 3744/3726/3508 3745/3727/3509
f 3745/3727/3509 3744/3726/3508 3746/3728/3299
f 3745/3727/3509 3746/3728/3299 3747/3729/3292
f 3741/3723/3505 3691/3673/3465 3690/3672/3464
f 3741/3723/3505 3690/3672/3464 3744/3726/3508
f 3744/3726/3508 3690/3672/3464 3693/3675/3300
f 3744/3726/3508 3693/3675/3300 3746/3728/3299
f 3738/3720/3502 3745/3727/3509 3748/3730/3510
f 3738/3720/3502 3748/3730/3510 3749/3731/3511
f 3749/3731/3511 3748/3730/3510 3750/3732/3512
f 3749/3731/3511 3750/3732/3512 3751/3733/3513
f 3745/3727/3509 3747/3729/3292 3752/3734/3291
f 3745/3727/3509 3752/3734/3291 3748/3730/3510
f 3748/3730/3510 3752/3734/3291 3753/3735/3294
f 3748/3730/3510 3753/3735/3294 3750/3732/3512
f 3738/3720/3502 3749/3731/3511 3754/3736/3514
f 3738/3720/3502 3754/3736/3514 3739/3721/3503
f 3739/3721/3503 3754/3736/3514 3755/3737/3515
f 3739/3721/3503 3755/3737/3515 3742/3724/3506
f 3749/3731/3511 3751/3733/3513 3756/3738/3516
f 3749/3731/3511 3756/3738/3516 3754/3736/3514
f 3754/3736/3514 3756/3738/3516 3757/3739/3517
f 3754/3736/3514 3757/3739/3517 3755/3737/3515
f 3758/3740/3518 3759/3741/3519 3760/3742/3520
f 3758/3740/3518 3760/3742/3520 3761/3743/3521
f 3761/3743/3521 3760/3742/3520 3736/3718/3500
f 3761/3743/3521 3736/3718/3500 3731/3713/3497
f 3759/3741/3519 3762/3744/3522 3763/3745/3523
f 3759/3741/3519 3763/3745/3523 3760/3742/3520
f 3760/3742/3520 3763/3745/3523 3737/3719/3501
f 3760/3742/3520 3737/3719/3501 3736/3718/3500
f 3758/3740/3518 3761/3743/3521 3764/3746/3524
f 3758/3740/3518 3764/3746/3524 3765/3747/3525
f 3765/3747/3525 3764/3746/3524 3766/3748/3215
f 3765/3747/3525 3766/3748/3215 3767/3749/3208
f 3761/3743/3521 3731/3713/3497 3730/3712/3496
f 3761/3743/3521 3730/3712/3496 3764/3746/3524
f 3764/3746/3524 3730/3712/3496 3733/3715/3216
f 3764/3746/3524 3733/3715/3216 3766/3748/3215
f 3758/3740/3518 3765/3747/3525 3768/3750/3526
f 3758/3740/3518 3768/3750/3526 3769/3751/3527
f 3769/3751/3527 3768/3750/3526 3770/3752/3528
f 3769/3751/3527 3770/3752/3528 3771/3753/3529
f 3765/3747/3525 3767/3749/3208 3772/3754/3207
f 3765/3747/3525 3772/3754/3207 3768/3750/3526
f 3768/3750/3526 3772/3754/3207 3773/3755/3210
f 3768/3750/3526 3773/3755/3210 3770/3752/3528
f 3758/3740/3518 3769/3751/3527 3774/3756/3530
f 3758/3740/3518 3774/3756/3530 3759/3741/3519
f 3759/3741/3519 3774/3756/3530 3775/3757/3531
f 3759/3741/3519 3775/3757/3531 3762/3744/3522
f 3769/3751/3527 3771/3753/3529 3776/3758/3532
f 3769/3751/3527 3776/3758/3532 3774/3756/3530
f 3774/3756/3530 3776/3758/3532 3777/3759/3533
f 3774/3756/3530 3777/3759/3533 3775/3757/3531
f 3778/3760/3534 3779/3761/3535 3780/3762/3536
f 3778/3760/3534 3780/3762/3536 3781/3763/3537
f 3781/3763/3537 3780/3762/3536 3756/3738/3516
f 3781/3763/3537 3756/3738/3516 3751/3733/3513
f 3779/3761/3535 3782/3764/3538 3783/3765/3539
f 3779/3761/3535 3783/3765/3539 3780/3762/3536
f 3780/3762/3536 3783/3765/3539 3757/3739/3517
f 3780/3762/3536 3757/3739/3517 3756/3738/3516
f 3778/3760/3534 3781/3763/3537 3784/3766/3540
f 3778/3760/3534 3784/3766/3540 3785/3767/3541
f 3785/3767/3541 3784/3766/3540 3786/3768/3293
f 3785/3767/3541 3786/3768/3293 3787/3769/3286
f 3781/3763/3537 3751/3733/3513 3750/3732/3512
f 3781/3763/3537 3750/3732/3512 3784/3766/3540
f 3784/3766/3540 3750/3732/3512 3753/3735/3294
f 3784/3766/3540 3753/3735/3294 3786/3768/3293
f 3778/3760/3534 3785/3767/3541 3788/3770/3542
f 3778/3760/3534 3788/3770/3542 3789/3771/3543
f 3789/3771/3543 3788/3770/3542 3790/3772/3544
f 3789/3771/3543 3790/3772/3544 3791/3773/3545
f 3785/3767/3541 3787/3769/3286 3792/3774/3285
f 3785/3767/3541 3792/3774/3285 3788/3770/3542
f 3788/3770/3542 3792/3774/3285 3793/3775/3288
f 3788/3770/3542 3793/3775/3288 3790/3772/3544
f 3778/3760/3534 3789/3771/3543 3794/3776/3546
f 3778/3760/3534 3794/3776/3546 3779/3761/3535
f 3779/3761/3535 3794/3776/3546 3795/3777/3547
f 3779/3761/3535 3795/3777/3547 3782/3764/3538
f 3789/3771/3543 3791/3773/3545 3796/3778/3548
f 3789/3771/3543 3796/3778/3548 3794/3776/3546
f 3794/3776/3546 3796/3778/3548 3797/3779/3549
f 3794/3776/3546 3797/3779/3549 3795/3777/3547
f 3798/3780/3550 3799/3781/3551 3800/3782/3552
f 3798/3780/3550 3800/3782/3552 3801/3783/3553
f 3801/3783/3553 3800/3782/3552 3776/3758/3532
f 3801/3783/3553 3776/3758/3532 3771/3753/3529
f 3799/3781/3551 3802/3784/3554 3803/3785/3555
f 3799/3781/3551 3803/3785/3555 3800/3782/3552
f 3800/3782/3552 3803/3785/3555 3777/3759/3533
f 3800/3782/3552 3777/3759/3533 3776/3758/3532
f 3798/3780/3550 3801/3783/3553 3804/3786/3556
f 3798/3780/3550 3804/3786/3556 3805/3787/3557
f 3805/3787/3557 3804/3786/3556 3806/3788/3209
f 3805/3787/3557 3806/3788/3209 3807/3789/3202
f 3801/3783/3553 3771/3753/3529 3770/3752/3528
f 3801/3783/3553 3770/3752/3528 3804/3786/3556
f 3804/3786/3556 3770/3752/3528 3773/3755/3210
f 3804/3786/3556 3773/3755/3210 3806/3788/3209
f 3798/3780/3550 3805/3787/3557 3808/3790/3558
f 3798/3780/3550 3808/3790/3558 3809/3791/3559
f 3809/3791/3559 3808/3790/3558 3810/3792/3560
f 3809/3791/3559 3810/3792/3560 3811/3793/3561
f 3805/3787/3557 3807/3789/3202 3812/3794/3201
f 3805/3787/3557 3812/3794/3201 3808/3790/3558
f 3808/3790/3558 3812/3794/3201 3813/3795/3204
f 3808/3790/3558 3813/3795/3204 3810/3792/3560
f 3798/3780/3550 3809/3791/3559 3814/3796/3562
f 3798/3780/3550 3814/3796/3562 3799/3781/3551
f 3799/3781/3551 3814/3796/3562 3815/3797/3563
f 3799/3781/3551 3815/3797/3563 3802/3784/3554
f 3809/3791/3559 3811/3793/3561 3816/3798/3564
f 3809/3791/3559 3816/3798/3564 3814/3796/3562
f 3814/3796/3562 3816/3798/3564 3817/3799/3565
f 3814/3796/3562 3817/3799/3565 3815/3797/3563
f 3818/3800/3566 3819/3801/3567 3820/3802/3568
f 3818/3800/3566 3820/3802/3568 3821/3803/3569
f 3821/3803/3569 3820/3802/3568 3796/3778/3548
f 3821/3803/3569 3796/3778/3548 3791/3773/3545
f 3819/3801/3567 3822/3804/3570 3823/3805/3571
f 3819/3801/3567 3823/3805/3571 3820/3802/3568
f 3820/3802/3568 3823/3805/3571 3797/3779/3549
f 3820/3802/3568 3797/3779/3549 3796/3778/3548
f 3818/3800/3566 3821/3803/3569 3824/3806/3572
f 3818/3800/3566 3824/3806/3572 3825/3807/3573
f 3825/3807/3573 3824/3806/3572 3826/3808/3287
f 3825/3807/3573 3826/3808/3287 3827/3809/3280
f 3821/3803/3569 3791/3773/3545 3790/3772/3544
f 3821/3803/3569 3790/3772/3544 3824/3806/3572
f 3824/3806/3572 3790/3772/3544 3793/3775/3288
f 3824/3806/3572 3793/3775/3288 3826/3808/3287
f 3818/3800/3566 3825/3807/3573 3828/3810/3574
f 3818/3800/3566 3828/3810/3574 3829/3811/3575
f 3829/3811/3575 3828/3810/3574 3830/3812/3576
f 3829/3811/3575 3830/3812/3576 3831/3813/3577
f 3825/3807/3573 3827/3809/3280 3832/3814/3279
f 3825/3807/3573 3832/3814/3279 3828/3810/3574
f 3828/3810/3574 3832/3814/3279 3833/3815/3282
f 3828/3810/3574 3833/3815/3282 3830/3812/3576
f 3818/3800/3566 3829/3811/3575 3834/3816/3578
f 3818/3800/3566 3834/3816/3578 3819/3801/3567
f 3819/3801/3567 3834/3816/3578 3835/3817/3579
f 3819/3801/3567 3835/3817/3579 3822/3804/3570
f 3829/3811/3575 3831/3813/3577 3836/3818/3580
f 3829/3811/3575 3836/3818/3580 3834/3816/3578
f 3834/3816/3578 3836/3818/3580 3837/3819/3581
f 3834/3816/3578 3837/3819/3581 3835/3817/3579
f 3838/3820/3582 3839/3821/3583 3840/3822/3584
f 3838/3820/3582 3840/3822/3584 3841/3823/3585
f 3841/3823/3585 3840/3822/3584 3816/3798/3564
f 3841/3823/3585 3816/3798/3564 3811/3793/3561
f 3839/3821/3583 3842/3824/3586 3843/3825/3587
f 3839/3821/3583 3843/3825/3587 3840/3822/3584
f 3840/3822/3584 3843/3825/3587 3817/3799/3565
f 3840/3822/3584 3817/3799/3565 3816/3798/3564
f 3838/3820/3582 3841/3823/3585 3844/3826/3588
f 3838/3820/3582 3844/3826/3588 3845/3827/3589
f 3845/3827/3589 3844/3826/3588 3846/3828/3203
f 3845/3827/3589 3846/3828/3203 3847/3829/3196
f 3841/3823/3585 3811/3793/3561 3810/3792/3560
f 3841/3823/3585 3810/3792/3560 3844/3826/3588
f 3844/3826/3588 3810/3792/3560 3813/3795/3204
f 3844/3826/3588 3813/3795/3204 3846/3828/3203
f 3838/3820/3582 3845/3827/3589 3848/3830/3590
f 3838/3820/3582 3848/3830/3590 3849/3831/3591
f 3849/3831/3591 3848/3830/3590 3850/3832/3592
f 3849/3831/3591 3850/3832/3592 3851/3833/3593
f 3845/3827/3589 3847/3829/3196 3852/3834/3195
f 3845/3827/3589 3852/3834/3195 3848/3830/3590
f 3848/3830/3590 3852/3834/3195 3853/3835/3198
f 3848/3830/3590 3853/3835/3198 3850/3832/3592
f 3838/3820/3582 3849/3831/3591 3854/3836/3594
f 3838/3820/3582 3854/3836/3594 3839/3821/3583
f 3839/3821/3583 3854/3836/3594 3855/3837/3595
f 3839/3821/3583 3855/3837/3595 3842/3824/3586
f 3849/3831/3591 3851/3833/3593 3856/3838/3596
f 3849/3831/3591 3856/3838/3596 3854/3836/3594
f 3854/3836/3594 3856/3838/3596 3857/3839/3597
f 3854/3836/3594 3857/3839/3597 3855/3837/3595
f 3858/3840/3598 3859/3841/3599 3860/3842/3600
f 3858/3840/3598 3860/3842/3600 3861/3843/3601
f 3861/3843/3601 3860/3842/3600 3836/3818/3580
f 3861/3843/3601 3836/3818/3580 3831/3813/3577
f 3859/3841/3599 3862/3844/3602 3863/3845/3603
f 3859/3841/3599 3863/3845/3603 3860/3842/3600
f 3860/3842/3600 3863/3845/3603 3837/3819/3581
f 3860/3842/3600 3837/3819/3581 3836/3818/3580
f 3858/3840/3598 3861/3843/3601 3864/3846/3604
f 3858/3840/3598 3864/3846/3604 3865/3847/3605
f 3865/3847/3605 3864/3846/3604 3866/3848/3281
f 3865/3847/3605 3866/3848/3281 3867/3849/3274
f 3861/3843/3601 3831/3813/3577 3830/3812/3576
f 3861/3843/3601 3830/3812/3576 3864/3846/3604
f 3864/3846/3604 3830/3812/3576 3833/3815/3282
f 3864/3846/3604 3833/3815/3282 3866/3848/3281
f 3858/3840/3598 3865/3847/3605 3868/3850/3606
f 3858/3840/3598 3868/3850/3606 3869/3851/3607
f 3869/3851/3607 3868/3850/3606 3870/3852/3608
f 3869/3851/3607 3870/3852/3608 3871/3853/3609
f 3865/3847/3605 3867/3849/3274 3872/3854/3273
f 3865/3847/3605 3872/3854/3273 3868/3850/3606
f 3868/3850/3606 3872/3854/3273 3873/3855/3276
f 3868/3850/3606 3873/3855/3276 3870/3852/3608
f 3858/3840/3598 3869/3851/3607 3874/3856/3610
f 3858/3840/3598 3874/3856/3610 3859/3841/3599
f 3859/3841/3599 3874/3856/3610 3875/3857/3611
f 3859/3841/3599 3875/3857/3611 3862/3844/3602
f 3869/3851/3607 3871/3853/3609 3876/3858/3612
f 3869/3851/3607 3876/3858/3612 3874/3856/3610
f 3874/3856/3610 3876/3858/3612 3877/3859/3613
f 3874/3856/3610 3877/3859/3613 3875/3857/3611
f 3878/3860/3614 3879/3861/3615 3880/3862/3616
f 3878/3860/3614 3880/3862/3616 3881/3863/3617
f 3881/3863/3617 3880/3862/3616 3856/3838/3596
f 3881/3863/3617 3856/3838/3596 3851/3833/3593
f 3879/3861/3615 3882/3864/3618 3883/3865/3619
f 3879/3861/3615 3883/3865/3619 3880/3862/3616
f 3880/3862/3616 3883/3865/3619 3857/3839/3597
f 3880/3862/3616 3857/3839/3597 3856/3838/3596
f 3878/3860/3614 3881/3863/3617 3884/3866/3620
f 3878/3860/3614 3884/3866/3620 3885/3867/3621
f 3885/3867/3621 3884/3866/3620 3886/3868/3197
f 3885/3867/3621 3886/3868/3197 3887/3869/3190
f 3881/3863/3617 3851/3833/3593 3850/3832/3592
f 3881/3863/3617 3850/3832/3592 3884/3866/3620
f 3884/3866/3620 3850/3832/3592 3853/3835/3198
f 3884/3866/3620 3853/3835/3198 3886/3868/3197
f 3878/3860/3614 3885/3867/3621 3888/3870/3622
f 3878/3860/3614 3888/3870/3622 3889/3871/3623
f 3889/3871/3623 3888/3870/3622 3890/3872/3624
f 3889/3871/3623 3890/3872/3624 3891/3873/3625
f 3885/3867/3621 3887/3869/3190 3892/3874/3189
f 3885/3867/3621 3892/3874/3189 3888/3870/3622
f 3888/3870/3622 3892/3874/3189 3893/3875/3192
f 3888/3870/3622 3893/3875/3192 3890/3872/3624
f 3878/3860/3614 3889/3871/3623 3894/3876/3626
f 3878/3860/3614 3894/3876/3626 3879/3861/3615
f 3879/3861/3615 3894/3876/3626 3895/3877/3627
f 3879/3861/3615 3895/3877/3627 3882/3864/3618
f 3889/3871/3623 3891/3873/3625 3896/3878/3628
f 3889/3871/3623 3896/3878/3628 3894/3876/3626
f 3894/3876/3626 3896/3878/3628 3897/3879/3629
f 3894/3876/3626 3897/3879/3629 3895/3877/3627
f 3898/3880/3630 3899/3881/3631 3900/3882/3632
f 3898/3880/3630 3900/3882/3632 3901/3883/3633
f 3901/3883/3633 3900/3882/3632 3876/3858/3612
f 3901/3883/3633 3876/3858/3612 3871/3853/3609
f 3899/3881/3631 3902/3884/3634 3903/3885/3635
f 3899/3881/3631 3903/3885/3635 3900/3882/3632
f 3900/3882/3632 3903/3885/3635 3877/3859/3613
f 3900/3882/3632 3877/3859/3613 3876/3858/3612
f 3898/3880/3630 3901/3883/3633 3904/3886/3636
f 3898/3880/3630 3904/3886/3636 3905/3887/3637
f 3905/3887/3637 3904/3886/3636 3906/3888/3275
f 3905/3887/3637 3906/3888/3275 3907/3889/3268
f 3901/3883/3633 3871/3853/3609 3870/3852/3608
f 3901/3883/3633 3870/3852/3608 3904/3886/3636
f 3904/3886/3636 3870/3852/3608 3873/3855/3276
f 3904/3886/3636 3873/3855/3276 3906/3888/3275
f 3898/3880/3630 3905/3887/3637 3908/3890/3638
f 3898/3880/3630 3908/3890/3638 3909/3891/3639
f 3909/3891/3639 3908/3890/3638 3910/3892/3640
f 3909/3891/3639 3910/3892/3640 3911/3893/3641
f 3905/3887/3637 3907/3889/3268 3912/3894/3267
f 3905/3887/3637 3912/3894/3267 3908/3890/3638
f 3908/3890/3638 3912/3894/3267 3913/3895/3270
f 3908/3890/3638 3913/3895/3270 3910/3892/3640
f 3898/3880/3630 3909/3891/3639 3914/3896/3642
f 3898/3880/3630 3914/3896/3642 3899/3881/3631
f 3899/3881/3631 3914/3896/3642 3915/3897/3643
f 3899/3881/3631 3915/3897/3643 3902/3884/3634
f 3909/3891/3639 3911/3893/3641 3916/3898/3644
f 3909/3891/3639 3916/3898/3644 3914/3896/3642
f 3914/3896/3642 3916/3898/3644 3917/3899/3645
f 3914/3896/3642 3917/3899/3645 3915/3897/3643
f 3918/3900/3646 3919/3901/3647 3920/3902/3648
f 3918/3900/3646 3920/3902/3648 3921/3903/3649
f 3921/3903/3649 3920/3902/3648 3896/3878/3628
f 3921/3903/3649 3896/3878/3628 3891/3873/3625
f 3919/3901/3647 3922/3904/3650 3923/3905/3651
f 3919/3901/3647 3923/3905/3651 3920/3902/3648
f 3920/3902/3648 3923/3905/3651 3897/3879/3629
f 3920/3902/3648 3897/3879/3629 3896/3878/3628
f 3918/3900/3646 3921/3903/3649 3924/3906/3652
f 3918/3900/3646 3924/3906/3652 3925/3907/3653
f 3925/3907/3653 3924/3906/3652 3926/3908/3191
f 3925/3907/3653 3926/3908/3191 3927/3909/3184
f 3921/3903/3649 3891/3873/3625 3890/3872/3624
f 3921/3903/3649 3890/3872/3624 3924/3906/3652
f 3924/3906/3652 3890/3872/3624 3893/3875/3192
f 3924/3906/3652 3893/3875/3192 3926/3908/3191
f 3918/3900/3646 3925/3907/3653 3928/3910/3654
f 3918/3900/3646 3928/3910/3654 3929/3911/3655
f 3929/3911/3655 3928/3910/3654 3930/3912/3656
f 3929/3911/3655 3930/3912/3656 3931/3913/3657
f 3925/3907/3653 3927/3909/3184 3932/3914/3183
f 3925/3907/3653 3932/3914/3183 3928/3910/3654
f 3928/3910/3654 3932/3914/3183 3933/3915/3186
f 3928/3910/3654 3933/3915/3186 3930/3912/3656
f 3918/3900/3646 3929/3911/3655 3934/3916/3658
f 3918/3900/3646 3934/3916/3658 3919/3901/3647
f 3919/3901/3647 3934/3916/3658 3935/3917/3659
f 3919/3901/3647 3935/3917/3659 3922/3904/3650
f 3929/3911/3655 3931/3913/3657 3936/3918/3660
f 3929/3911/3655 3936/3918/3660 3934/3916/3658
f 3934/3916/3658 3936/3918/3660 3937/3919/3661
f 3934/3916/3658 3937/3919/3661 3935/3917/3659
f 3938/3920/3662 3939/3921/3663 3940/3922/3664
f 3938/3920/3662 3940/3922/3664 3941/3923/3665
f 3941/3923/3665 3940/3922/3664 3916/3898/3644
f 3941/3923/3665 3916/3898/3644 3911/3893/3641
f 3939/3921/3663 3942/3924/3666 3943/3925/3667
f 3939/3921/3663 3943/3925/3667 3940/3922/3664
f 3940/3922/3664 3943/3925/3667 3917/3899/3645
f 3940/3922/3664 3917/3899/3645 3916/3898/3644
f 3938/3920/3662 3941/3923/3665 3944/3926/3668
f 3938/3920/3662 3944/3926/3668 3945/3927/3669
f 3945/3927/3669 3944/3926/3668 3946/3928/3269
f 3945/3927/3669 3946/3928/3269 3947/3929/3262
f 3941/3923/3665 3911/3893/3641 3910/3892/3640
f 3941/3923/3665 3910/3892/3640 3944/3926/3668
f 3944/3926/3668 3910/3892/3640 3913/3895/3270
f 3944/3926/3668 3913/3895/3270 3946/3928/3269
f 3938/3920/3662 3945/3927/3669 3948/3930/3670
f 3938/3920/3662 3948/3930/3670 3949/3931/3671
f 3949/3931/3671 3948/3930/3670 3950/3932/3672
f 3949/3931/3671 3950/3932/3672 3951/3933/3673
f 3945/3927/3669 3947/3929/3262 3952/3934/3261
f 3945/3927/3669 3952/3934/3261 3948/3930/3670
f 3948/3930/3670 3952/3934/3261 3953/3935/3264
f 3948/3930/3670 3953/3935/3264 3950/3932/3672
f 3938/3920/3662 3949/3931/3671 3954/3936/3674
f 3938/3920/3662 3954/3936/3674 3939/3921/3663
f 3939/3921/3663 3954/3936/3674 3955/3937/3675
f 3939/3921/3663 3955/3937/3675 3942/3924/3666
f 3949/3931/3671 3951/3933/3673 3956/3938/3676
f 3949/3931/3671 3956/3938/3676 3954/3936/3674
f 3954/3936/3674 3956/3938/3676 3957/3939/3677
f 3954/3936/3674 3957/3939/3677 3955/3937/3675
f 3958/3940/3678 3959/3941/3679 3960/3942/3680
f 3958/3940/3678 3960/3942/3680 3961/3943/3681
f 3961/3943/3681 3960/3942/3680 3936/3918/3660
f 3961/3943/3681 3936/3918/3660 3931/3913/3657
f 3959/3941/3679 3962/3944/3682 3963/3945/3683
f 3959/3941/3679 3963/3945/3683 3960/3942/3680
f 3960/3942/3680 3963/3945/3683 3937/3919/3661
f 3960/3942/3680 3937/3919/3661 3936/3918/3660
f 3958/3940/3678 3961/3943/3681 3964/3946/3684
f 3958/3940/3678 3964/3946/3684 3965/3947/3685
f 3965/3947/3685 3964/3946/3684 3966/3948/3185
f 3965/3947/3685 3966/3948/3185 3967/3949/3178
f 3961/3943/3681 3931/3913/3657 3930/3912/3656
f 3961/3943/3681 3930/3912/3656 3964/3946/3684
f 3964/3946/3684 3930/3912/3656 3933/3915/3186
f 3964/3946/3684 3933/3915/3186 3966/3948/3185
f 3958/3940/3678 3965/3947/3685 3968/3950/3686
f 3958/3940/3678 3968/3950/3686 3969/3951/3687
f 3969/3951/3687 3968/3950/3686 3970/3952/3688
f 3969/3951/3687 3970/3952/3688 3971/3953/3689
f 3965/3947/3685 3967/3949/3178 3972/3954/3177
f 3965/3947/3685 3972/3954/3177 3968/3950/3686
f 3968/3950/3686 3972/3954/3177 3973/3955/3180
f 3968/3950/3686 3973/3955/3180 3970/3952/3688
f 3958/3940/3678 3969/3951/3687 3974/3956/3690
f 3958/3940/3678 3974/3956/3690 3959/3941/3679
f 3959/3941/3679 3974/3956/3690 3975/3957/3691
f 3959/3941/3679 3975/3957/3691 3962/3944/3682
f 3969/3951/3687 3971/3953/3689 3976/3958/3692
f 3969/3951/3687 3976/3958/3692 3974/3956/3690
f 3974/3956/3690 3976/3958/3692 3977/3959/3693
f 3974/3956/3690 3977/3959/3693 3975/3957/3691
f 3978/3960/3694 3979/3961/3695 3980/3962/3696
f 3978/3960/3694 3980/3962/3696 3981/3963/3697
f 3981/3963/3697 3980/3962/3696 3956/3938/3676
f 3981/3963/3697 3956/3938/3676 3951/3933/3673
f 3979/3961/3695 3982/3964/3698 3983/3965/3699
f 3979/3961/3695 3983/3965/3699 3980/3962/3696
f 3980/3962/3696 3983/3965/3699 3957/3939/3677
f 3980/3962/3696 3957/3939/3677 3956/3938/3676
f 3978/3960/3694 3981/3963/3697 3984/3966/3700
f 3978/3960/3694 3984/3966/3700 3985/3967/3701
f 3985/3967/3701 3984/3966/3700 3986/3968/3263
f 3985/3967/3701 3986/3968/3263 3987/3969/3256
f 3981/3963/3697 3951/3933/3673 3950/3932/3672
f 3981/3963/3697 3950/3932/3672 3984/3966/3700
f 3984/3966/3700 3950/3932/3672 3953/3935/3264
f 3984/3966/3700 3953/3935/3264 3986/3968/3263
f 3978/3960/3694 3985/3967/3701 3988/3970/3702
f 3978/3960/3694 3988/3970/3702 3989/3971/3703
f 3989/3971/3703 3988/3970/3702 3990/3972/3704
f 3989/3971/3703 3990/3972/3704 3991/3973/3705
f 3985/3967/3701 3987/3969/3256 3992/3974/3255
f 3985/3967/3701 3992/3974/3255 3988/3970/3702
f 3988/3970/3702 3992/3974/3255 3993/3975/3258
f 3988/3970/3702 3993/3975/3258 3990/3972/3704
f 3978/3960/3694 3989/3971/3703 3994/3976/3706
f 3978/3960/3694 3994/3976/3706 3979/3961/3695
f 3979/3961/3695 3994/3976/3706 3995/3977/3707
f 3979/3961/3695 3995/3977/3707 3982/3964/3698
f 3989/3971/3703 3991/3973/3705 3996/3978/3708
f 3989/3971/3703 3996/3978/3708 3994/3976/3706
f 3994/3976/3706 3996/3978/3708 3997/3979/3709
f 3994/3976/3706 3997/3979/3709 3995/3977/3707
f 3998/3980/3710 3999/3981/3711 4000/3982/3712
f 3998/3980/3710 4000/3982/3712 4001/3983/3713
f 4001/3983/3713 4000/3982/3712 3976/3958/3692
f 4001/3983/3713 3976/3958/3692 3971/3953/3689
f 3999/3981/3711 4002/3984/3714 4003/3985/3715
f 3999/3981/3711 4003/3985/3715 4000/3982/3712
f 4000/3982/3712 4003/3985/3715 3977/3959/3693
f 4000/3982/3712 3977/3959/3693 3976/3958/3692
f 3998/3980/3710 4001/3983/3713 4004/3986/3716
f 3998/3980/3710 4004/3986/3716 4005/3987/3717
f 4005/3987/3717 4004/3986/3716 4006/3988/3179
f 4005/3987/3717 4006/3988/3179 4007/3989/3172
f 4001/3983/3713 3971/3953/3689 3970/3952/3688
f 4001/3983/3713 3970/3952/3688 4004/3986/3716
f 4004/3986/3716 3970/3952/3688 3973/3955/3180
f 4004/3986/3716 3973/3955/3180 4006/3988/3179
f 3998/3980/3710 4005/3987/3717 4008/3990/3718
f 3998/3980/3710 4008/3990/3718 4009/3991/3719
f 4009/3991/3719 4008/3990/3718 4010/3992/3720
f 4009/3991/3719 4010/3992/3720 4011/3993/3721
f 4005/3987/3717 4007/3989/3172 4012/3994/3171
f 4005/3987/3717 4012/3994/3171 4008/3990/3718
f 4008/3990/3718 4012/3994/3171 4013/3995/3174
f 4008/3990/3718 4013/3995/3174 4010/3992/3720
f 3998/3980/3710 4009/3991/3719 4014/3996/3722
f 3998/3980/3710 4014/3996/3722 3999/3981/3711
f 3999/3981/3711 4014/3996/3722 4015/3997/3723
f 3999/3981/3711 4015/3997/3723 4002/3984/3714
f 4009/3991/3719 4011/3993/3721 4016/3998/3724
f 4009/3991/3719 4016/3998/3724 4014/3996/3722
f 4014/3996/3722 4016/3998/3724 4017/3999/3725
f 4014/3996/3722 4017/3999/3725 4015/3997/3723
f 4018/4000/3726 4019/4001/3727 4020/4002/3728
f 4018/4000/3726 4020/4002/3728 4021/4003/3729
f 4021/4003/3729 4020/4002/3728 3996/3978/3708
f 4021/4003/3729 3996/3978/3708 3991/3973/3705
f 4019/4001/3727 4022/4004/3730 4023/4005/3731
f 4019/4001/3727 4023/4005/3731 4020/4002/3728
f 4020/4002/3728 4023/4005/3731 3997/3979/3709
f 4020/4002/3728 3997/3979/3709 3996/3978/3708
f 4018/4000/3726 4021/4003/3729 4024/4006/3732
f 4018/4000/3726 4024/4006/3732 4025/4007/3733
f 4025/4007/3733 4024/4006/3732 4026/4008/3257
f 4025/4007/3733 4026/4008/3257 4027/4009/3250
f 4021/4003/3729 3991/3973/3705 3990/3972/3704
f 4021/4003/3729 3990/3972/3704 4024/4006/3732
f 4024/4006/3732 3990/3972/3704 3993/3975/3258
f 4024/4006/3732 3993/3975/3258 4026/4008/3257
f 4018/4000/3726 4025/4007/3733 4028/4010/3734
f 4018/4000/3726 4028/4010/3734 4029/4011/3735
f 4029/4011/3735 4028/4010/3734 4030/4012/3736
f 4029/4011/3735 4030/4012/3736 4031/4013/3737
f 4025/4007/3733 4027/4009/3250 4032/4014/3249
f 4025/4007/3733 4032/4014/3249 4028/4010/3734
f 4028/4010/3734 4032/4014/3249 4033/4015/3252
f 4028/4010/3734 4033/4015/3252 4030/4012/3736
f 4018/4000/3726 4029/4011/3735 4034/4016/3738
f 4018/4000/3726 4034/4016/3738 4019/4001/3727
f 4019/4001/3727 4034/4016/3738 4035/4017/3739
f 4019/4001/3727 4035/4017/3739 4022/4004/3730
f 4029/4011/3735 4031/4013/3737 4036/4018/3740
f 4029/4011/3735 4036/4018/3740 4034/4016/3738
f 4034/4016/3738 4036/4018/3740 4037/4019/3741
f 4034/4016/3738 4037/4019/3741 4035/4017/3739
f 4038/4020/3742 4039/4021/3743 4040/4022/3744
f 4038/4020/3742 4040/4022/3744 4041/4023/3745
f 4041/4023/3745 4040/4022/3744 4016/3998/3724
f 4041/4023/3745 4016/3998/3724 4011/3993/3721
f 4039/4021/3743 4042/4024/3746 4043/4025/3747
f 4039/4021/3743 4043/4025/3747 4040/4022/3744
f 4040/4022/3744 4043/4025/3747 4017/3999/3725
f 4040/4022/3744 4017/3999/3725 4016/3998/3724
f 4038/4020/3742 4041/4023/3745 4044/4026/3748
f 4038/4020/3742 4044/4026/3748 4045/4027/3749
f 4045/4027/3749 4044/4026/3748 4046/4028/3173
f 4045/4027/3749 4046/4028/3173 4047/4029/3166
f 4041/4023/3745 4011/3993/3721 4010/3992/3720
f 4041/4023/3745 4010/3992/3720 4044/4026/3748
f 4044/4026/3748 4010/3992/3720 4013/3995/3174
f 4044/4026/3748 4013/3995/3174 4046/4028/3173
f 4038/4020/3742 4045/4027/3749 4048/4030/3750
f 4038/4020/3742 4048/4030/3750 4049/4031/3751
f 4049/4031/3751 4048/4030/3750 4050/4032/3752
f 4049/4031/3751 4050/4032/3752 4051/4033/3753
f 4045/4027/3749 4047/4029/3166 4052/4034/3165
f 4045/4027/3749 4052/4034/3165 4048/4030/3750
f 4048/4030/3750 4052/4034/3165 4053/4035/3168
f 4048/4030/3750 4053/4035/3168 4050/4032/3752
f 4038/4020/3742 4049/4031/3751 4054/4036/3754
f 4038/4020/3742 4054/4036/3754 4039/4021/3743
f 4039/4021/3743 4054/4036/3754 4055/4037/3755
f 4039/4021/3743 4055/4037/3755 4042/4024/3746
f 4049/4031/3751 4051/4033/3753 4056/4038/3756
f 4049/4031/3751 4056/4038/3756 4054/4036/3754
f 4054/4036/3754 4056/4038/3756 4057/4039/3757
f 4054/4036/3754 4057/4039/3757 4055/4037/3755
f 4058/4040/3758 4059/4041/3759 4060/4042/3760
f 4058/4040/3758 4060/4042/3760 4061/4043/3761
f 4061/4043/3761 4060/4042/3760 4036/4018/3740
f 4061/4043/3761 4036/4018/3740 4031/4013/3737
f 4059/4041/3759 4062/4044/3762 4063/4045/3763
f 4059/4041/3759 4063/4045/3763 4060/4042/3760
f 4060/4042/3760 4063/4045/3763 4037/4019/3741
f 4060/4042/3760 4037/4019/3741 4036/4018/3740
f 4058/4040/3758 4061/4043/3761 4064/4046/3764
f 4058/4040/3758 4064/4046/3764 4065/4047/3765
f 4065/4047/3765 4064/4046/3764 4066/4048/3251
f 4065/4047/3765 4066/4048/3251 4067/4049/3244
f 4061/4043/3761 4031/4013/3737 4030/4012/3736
f 4061/4043/3761 4030/4012/3736 4064/4046/3764
f 4064/4046/3764 4030/4012/3736 4033/4015/3252
f 4064/4046/3764 4033/4015/3252 4066/4048/3251
f 4058/4040/3758 4065/4047/3765 4068/4050/3766
f 4058/4040/3758 4068/4050/3766 4069/4051/3767
f 4069/4051/3767 4068/4050/3766 4070/4052/3768
f 4069/4051/3767 4070/4052/3768 4071/4053/3769
f 4065/4047/3765 4067/4049/3244 4072/4054/3243
f 4065/4047/3765 4072/4054/3243 4068/4050/3766
f 4068/4050/3766 4072/4054/3243 4073/4055/3246
f 4068/4050/3766 4073/4055/3246 4070/4052/3768
f 4058/4040/3758 4069/4051/3767 4074/4056/3770
f 4058/4040/3758 4074/4056/3770 4059/4041/3759
f 4059/4041/3759 4074/4056/3770 4075/4057/3771
f 4059/4041/3759 4075/4057/3771 4062/4044/3762
f 4069/4051/3767 4071/4053/3769 4076/4058/3772
f 4069/4051/3767 4076/4058/3772 4074/4056/3770
f 4074/4056/3770 4076/4058/3772 4077/4059/3773
f 4074/4056/3770 4077/4059/3773 4075/4057/3771
f 4078/4060/3774 4079/4061/3775 4080/4062/3776
f 4078/4060/3774 4080/4062/3776 4081/4063/3777
f 4081/4063/3777 4080/4062/3776 3716/3698/3484
f 4081/4063/3777 3716/3698/3484 3711/3693/3481
f 4079/4061/3775 4082/4064/3778 4083/4065/3779
f 4079/4061/3775 4083/4065/3779 4080/4062/3776
f 4080/4062/3776 4083/4065/3779 3717/3699/3485
f 4080/4062/3776 3717/3699/3485 3716/3698/3484
f 4078/4060/3774 4081/4063/3777 4084/4066/3780
f 4078/4060/3774 4084/4066/3780 4085/4067/3781
f 4085/4067/3781 4084/4066/3780 4086/4068/3137
f 4085/4067/3781 4086/4068/3137 4087/4069/3136
f 4081/4063/3777 3711/3693/3481 3710/3692/3480
f 4081/4063/3777 3710/3692/3480 4084/4066/3780
f 4084/4066/3780 3710/3692/3480 3713/3695/3138
f 4084/4066/3780 3713/3695/3138 4086/4068/3137
f 4078/4060/3774 4085/4067/3781 4088/4070/3782
f 4078/4060/3774 4088/4070/3782 4089/4071/3783
f 4089/4071/3783 4088/4070/3782 2802/2784/2626
f 4089/4071/3783 2802/2784/2626 2794/2776/2618
f 4085/4067/3781 4087/4069/3136 4090/4072/3317
f 4085/4067/3781 4090/4072/3317 4088/4070/3782
f 4088/4070/3782 4090/4072/3317 2803/2785/2627
f 4088/4070/3782 2803/2785/2627 2802/2784/2626
f 4078/4060/3774 4089/4071/3783 4091/4073/3784
f 4078/4060/3774 4091/4073/3784 4079/4061/3775
f 4079/4061/3775 4091/4073/3784 4092/4074/3785
f 4079/4061/3775 4092/4074/3785 4082/4064/3778
f 4089/4071/3783 2794/2776/2618 2793/2775/2617
f 4089/4071/3783 2793/2775/2617 4091/4073/3784
f 4091/4073/3784 2793/2775/2617 2797/2779/2621
f 4091/4073/3784 2797/2779/2621 4092/4074/3785
f 4093/4075/3786 4094/4076/3787 4095/4077/3788
f 4093/4075/3786 4095/4077/3788 4096/4078/3789
f 4096/4078/3789 4095/4077/3788 4056/4038/3756
f 4096/4078/3789 4056/4038/3756 4051/4033/3753
f 4094/4076/3787 4097/4079/3790 4098/4080/3791
f 4094/4076/3787 4098/4080/3791 4095/4077/3788
f 4095/4077/3788 4098/4080/3791 4057/4039/3757
f 4095/4077/3788 4057/4039/3757 4056/4038/3756
f 4093/4075/3786 4096/4078/3789 4099/4081/3792
f 4093/4075/3786 4099/4081/3792 4100/4082/3793
f 4100/4082/3793 4099/4081/3792 4101/4083/3167
f 4100/4082/3793 4101/4083/3167 4102/4084/3160
f 4096/4078/3789 4051/4033/3753 4050/4032/3752
f 4096/4078/3789 4050/4032/3752 4099/4081/3792
f 4099/4081/3792 4050/4032/3752 4053/4035/3168
f 4099/4081/3792 4053/4035/3168 4101/4083/3167
f 4093/4075/3786 4100/4082/3793 4103/4085/3794
f 4093/4075/3786 4103/4085/3794 4104/4086/3795
f 4104/4086/3795 4103/4085/3794 3516/3498/3329
f 4104/4086/3795 3516/3498/3329 3508/3490/3323
f 4100/4082/3793 4102/4084/3160 4105/4087/3159
f 4100/4082/3793 4105/4087/3159 4103/4085/3794
f 4103/4085/3794 4105/4087/3159 3517/3499/3162
f 4103/4085/3794 3517/3499/3162 3516/3498/3329
f 4093/4075/3786 4104/4086/3795 4106/4088/3796
f 4093/4075/3786 4106/4088/3796 4094/4076/3787
f 4094/4076/3787 4106/4088/3796 4107/4089/3797
f 4094/4076/3787 4107/4089/3797 4097/4079/3790
f 4104/4086/3795 3508/3490/3323 3507/3489/3322
f 4104/4086/3795 3507/3489/3322 4106/4088/3796
f 4106/4088/3796 3507/3489/3322 3511/3493/3326
f 4106/4088/3796 3511/3493/3326 4107/4089/3797
f 4108/4090/3798 4109/4091/3799 4110/4092/3800
f 4108/4090/3798 4110/4092/3800 4111/4093/3801
f 4111/4093/3801 4110/4092/3800 4076/4058/3772
f 4111/4093/3801 4076/4058/3772 4071/4053/3769
f 4109/4091/3799 4112/4094/3802 4113/4095/3803
f 4109/4091/3799 4113/4095/3803 4110/4092/3800
f 4110/4092/3800 4113/4095/3803 4077/4059/3773
f 4110/4092/3800 4077/4059/3773 4076/4058/3772
f 4108/4090/3798 4111/4093/3801 4114/4096/3804
f 4108/4090/3798 4114/4096/3804 4115/4097/3805
f 4115/4097/3805 4114/4096/3804 4116/4098/3245
f 4115/4097/3805 4116/4098/3245 4117/4099/3238
f 4111/4093/3801 4071/4053/3769 4070/4052/3768
f 4111/4093/3801 4070/4052/3768 4114/4096/3804
f 4114/4096/3804 4070/4052/3768 4073/4055/3246
f 4114/4096/3804 4073/4055/3246 4116/4098/3245
f 4108/4090/3798 4115/4097/3805 4118/4100/3806
f 4108/4090/3798 4118/4100/3806 4119/4101/3807
f 4119/4101/3807 4118/4100/3806 3541/3523/3349
f 4119/4101/3807 3541/3523/3349 3533/3515/3343
f 4115/4097/3805 4117/4099/3238 4120/4102/3237
f 4115/4097/3805 4120/4102/3237 4118/4100/3806
f 4118/4100/3806 4120/4102/3237 3542/3524/3240
f 4118/4100/3806 3542/3524/3240 3541/3523/3349
f 4108/4090/3798 4119/4101/3807 4121/4103/3808
f 4108/4090/3798 4121/4103/3808 4109/4091/3799
f 4109/4091/3799 4121/4103/3808 4122/4104/3809
f 4109/4091/3799 4122/4104/3809 4112/4094/3802
f 4119/4101/3807 3533/3515/3343 3532/3514/3342
f 4119/4101/3807 3532/3514/3342 4121/4103/3808
f 4121/4103/3808 3532/3514/3342 3536/3518/3346
f 4121/4103/3808 3536/3518/3346 4122/4104/3809
f 4123/4105/3810 4124/4106/3811 4125/4107/3812
f 4123/4105/3810 4125/4107/3812 4126/4108/3813
f 4126/4108/3813 4125/4107/3812 4127/4109/3814
f 4126/4108/3813 4127/4109/3814 4128/4110/3815
f 4124/4106/3811 4129/4111/3816 4130/4112/3817
f 4124/4106/3811 4130/4112/3817 4125/4107/3812
f 4125/4107/3812 4130/4112/3817 4131/4113/3818
f 4125/4107/3812 4131/4113/3818 4127/4109/3814
f 4123/4105/3810 4126/4108/3813 4132/4114/3819
f 4123/4105/3810 4132/4114/3819 4133/4115/3820
f 4133/4115/3820 4132/4114/3819 4134/4116/3821
f 4133/4115/3820 4134/4116/3821 4135/4117/3822
f 4126/4108/3813 4128/4110/3815 4136/4118/3823
f 4126/4108/3813 4136/4118/3823 4132/4114/3819
f 4132/4114/3819 4136/4118/3823 4137/4119/3824
f 4132/4114/3819 4137/4119/3824 4134/4116/3821
f 4123/4105/3810 4133/4115/3820 4138/4120/3825
f 4123/4105/3810 4138/4120/3825 4139/4121/3826
f 4139/4121/3826 4138/4120/3825 783/765/749
f 4139/4121/3826 783/765/749 780/762/746
f 4133/4115/3820 4135/4117/3822 4140/4122/3827
f 4133/4115/3820 4140/4122/3827 4138/4120/3825
f 4138/4120/3825 4140/4122/3827 208/190/179
f 4138/4120/3825 208/190/179 783/765/749
f 4123/4105/3810 4139/4121/3826 4141/4123/3828
f 4123/4105/3810 4141/4123/3828 4124/4106/3811
f 4124/4106/3811 4141/4123/3828 4142/4124/3829
f 4124/4106/3811 4142/4124/3829 4129/4111/3816
f 4139/4121/3826 780/762/746 779/761/745
f 4139/4121/3826 779/761/745 4141/4123/3828
f 4141/4123/3828 779/761/745 731/713/702
f 4141/4123/3828 731/713/702 4142/4124/3829
f 4143/4125/3830 4144/4126/3831 4145/4127/3832
f 4143/4125/3830 4145/4127/3832 4146/4128/3833
f 4146/4128/3833 4145/4127/3832 4147/4129/3834
f 4146/4128/3833 4147/4129/3834 4148/4130/3835
f 4144/4126/3831 4149/4131/682 4150/4132/682
f 4144/4126/3831 4150/4132/682 4145/4127/3832
f 4145/4127/3832 4150/4132/682 4151/4133/3836
f 4145/4127/3832 4151/4133/3836 4147/4129/3834
f 4143/4125/3830 4146/4128/3833 4152/4134/3837
f 4143/4125/3830 4152/4134/3837 4153/4135/3838
f 4153/4135/3838 4152/4134/3837 4154/4136/3839
f 4153/4135/3838 4154/4136/3839 4155/4137/3840
f 4146/4128/3833 4148/4130/3835 4156/4138/3841
f 4146/4128/3833 4156/4138/3841 4152/4134/3837
f 4152/4134/3837 4156/4138/3841 4157/4139/3842
f 4152/4134/3837 4157/4139/3842 4154/4136/3839
f 4143/4125/3830 4153/4135/3838 4158/4140/3843
f 4143/4125/3830 4158/4140/3843 4159/4141/3844
f 4159/4141/3844 4158/4140/3843 766/748/734
f 4159/4141/3844 766/748/734 760/742/731
f 4153/4135/3838 4155/4137/3840 4160/4142/3845
f 4153/4135/3838 4160/4142/3845 4158/4140/3843
f 4158/4140/3843 4160/4142/3845 183/165/154
f 4158/4140/3843 183/165/154 766/748/734
f 4143/4125/3830 4159/4141/3844 4161/4143/3846
f 4143/4125/3830 4161/4143/3846 4144/4126/3831
f 4144/4126/3831 4161/4143/3846 4162/4144/682
f 4144/4126/3831 4162/4144/682 4149/4131/682
f 4159/4141/3844 760/742/731 759/741/730
f 4159/4141/3844 759/741/730 4161/4143/3846
f 4161/4143/3846 759/741/730 763/745/682
f 4161/4143/3846 763/745/682 4162/4144/682
f 4163/4145/3847 4164/4146/3848 4165/4147/3849
f 4163/4145/3847 4165/4147/3849 4166/4148/3850
f 4166/4148/3850 4165/4147/3849 4167/4149/3851
f 4166/4148/3850 4167/4149/3851 4168/4150/3852
f 4164/4146/3848 4169/4151/3853 4170/4152/3854
f 4164/4146/3848 4170/4152/3854 4165/4147/3849
f 4165/4147/3849 4170/4152/3854 4171/4153/3855
f 4165/4147/3849 4171/4153/3855 4167/4149/3851
f 4163/4145/3847 4166/4148/3850 4172/4154/3856
f 4163/4145/3847 4172/4154/3856 4173/4155/3857
f 4173/4155/3857 4172/4154/3856 4174/4156/3858
f 4173/4155/3857 4174/4156/3858 4175/4157/3859
f 4166/4148/3850 4168/4150/3852 4176/4158/3860
f 4166/4148/3850 4176/4158/3860 4172/4154/3856
f 4172/4154/3856 4176/4158/3860 4177/4159/3861
f 4172/4154/3856 4177/4159/3861 4174/4156/3858
f 4163/4145/3847 4173/4155/3857 4178/4160/3862
f 4163/4145/3847 4178/4160/3862 4179/4161/3863
f 4179/4161/3863 4178/4160/3862 748/730/719
f 4179/4161/3863 748/730/719 745/727/716
f 4173/4155/3857 4175/4157/3859 4180/4162/3864
f 4173/4155/3857 4180/4162/3864 4178/4160/3862
f 4178/4160/3862 4180/4162/3864 158/140/129
f 4178/4160/3862 158/140/129 748/730/719
f 4163/4145/3847 4179/4161/3863 4181/4163/3865
f 4163/4145/3847 4181/4163/3865 4164/4146/3848
f 4164/4146/3848 4181/4163/3865 4182/4164/3866
f 4164/4146/3848 4182/4164/3866 4169/4151/3853
f 4179/4161/3863 745/727/716 744/726/715
f 4179/4161/3863 744/726/715 4181/4163/3865
f 4181/4163/3865 744/726/715 691/673/662
f 4181/4163/3865 691/673/662 4182/4164/3866
f 4183/4165/3867 4184/4166/3868 4185/4167/3869
f 4183/4165/3867 4185/4167/3869 4186/4168/3870
f 4186/4168/3870 4185/4167/3869 4187/4169/3871
f 4186/4168/3870 4187/4169/3871 4188/4170/3872
f 4184/4166/3868 4189/4171/3873 4190/4172/3874
f 4184/4166/3868 4190/4172/3874 4185/4167/3869
f 4185/4167/3869 4190/4172/3874 4191/4173/3875
f 4185/4167/3869 4191/4173/3875 4187/4169/3871
f 4183/4165/3867 4186/4168/3870 4192/4174/3876
f 4183/4165/3867 4192/4174/3876 4193/4175/3877
f 4193/4175/3877 4192/4174/3876 4130/4112/3817
f 4193/4175/3877 4130/4112/3817 4129/4111/3816
f 4186/4168/3870 4188/4170/3872 4194/4176/3878
f 4186/4168/3870 4194/4176/3878 4192/4174/3876
f 4192/4174/3876 4194/4176/3878 4131/4113/3818
f 4192/4174/3876 4131/4113/3818 4130/4112/3817
f 4183/4165/3867 4193/4175/3877 4195/4177/3879
f 4183/4165/3867 4195/4177/3879 4196/4178/3880
f 4196/4178/3880 4195/4177/3879 730/712/701
f 4196/4178/3880 730/712/701 725/707/696
f 4193/4175/3877 4129/4111/3816 4142/4124/3829
f 4193/4175/3877 4142/4124/3829 4195/4177/3879
f 4195/4177/3879 4142/4124/3829 731/713/702
f 4195/4177/3879 731/713/702 730/712/701
f 4183/4165/3867 4196/4178/3880 4197/4179/3881
f 4183/4165/3867 4197/4179/3881 4184/4166/3868
f 4184/4166/3868 4197/4179/3881 4198/4180/3882
f 4184/4166/3868 4198/4180/3882 4189/4171/3873
f 4196/4178/3880 725/707/696 724/706/695
f 4196/4178/3880 724/706/695 4197/4179/3881
f 4197/4179/3881 724/706/695 671/653/642
f 4197/4179/3881 671/653/642 4198/4180/3882
f 4199/4181/3883 4200/4182/3884 4201/4183/3885
f 4199/4181/3883 4201/4183/3885 4202/4184/3886
f 4202/4184/3886 4201/4183/3885 4203/4185/3887
f 4202/4184/3886 4203/4185/3887 4204/4186/3888
f 4200/4182/3884 4205/4187/3889 4206/4188/3890
f 4200/4182/3884 4206/4188/3890 4201/4183/3885
f 4201/4183/3885 4206/4188/3890 4207/4189/3891
f 4201/4183/3885 4207/4189/3891 4203/4185/3887
f 4199/4181/3883 4202/4184/3886 4208/4190/3892
f 4199/4181/3883 4208/4190/3892 4209/4191/3893
f 4209/4191/3893 4208/4190/3892 4210/4192/682
f 4209/4191/3893 4210/4192/682 4211/4193/682
f 4202/4184/3886 4204/4186/3888 4212/4194/3894
f 4202/4184/3886 4212/4194/3894 4208/4190/3892
f 4208/4190/3892 4212/4194/3894 4213/4195/3836
f 4208/4190/3892 4213/4195/3836 4210/4192/682
f 4199/4181/3883 4209/4191/3893 4214/4196/3895
f 4199/4181/3883 4214/4196/3895 4215/4197/3896
f 4215/4197/3896 4214/4196/3895 710/692/681
f 4215/4197/3896 710/692/681 705/687/676
f 4209/4191/3893 4211/4193/682 4216/4198/682
f 4209/4191/3893 4216/4198/682 4214/4196/3895
f 4214/4196/3895 4216/4198/682 711/693/682
f 4214/4196/3895 711/693/682 710/692/681
f 4199/4181/3883 4215/4197/3896 4217/4199/3897
f 4199/4181/3883 4217/4199/3897 4200/4182/3884
f 4200/4182/3884 4217/4199/3897 4218/4200/3898
f 4200/4182/3884 4218/4200/3898 4205/4187/3889
f 4215/4197/3896 705/687/676 704/686/675
f 4215/4197/3896 704/686/675 4217/4199/3897
f 4217/4199/3897 704/686/675 651/633/622
f 4217/4199/3897 651/633/622 4218/4200/3898
f 4219/4201/3899 4220/4202/3900 4221/4203/3901
f 4219/4201/3899 4221/4203/3901 4222/4204/3902
f 4222/4204/3902 4221/4203/3901 4223/4205/3903
f 4222/4204/3902 4223/4205/3903 4224/4206/3904
f 4220/4202/3900 4225/4207/3905 4226/4208/3906
f 4220/4202/3900 4226/4208/3906 4221/4203/3901
f 4221/4203/3901 4226/4208/3906 4227/4209/3907
f 4221/4203/3901 4227/4209/3907 4223/4205/3903
f 4219/4201/3899 4222/4204/3902 4228/4210/3908
f 4219/4201/3899 4228/4210/3908 4229/4211/3909
f 4229/4211/3909 4228/4210/3908 4170/4152/3854
f 4229/4211/3909 4170/4152/3854 4169/4151/3853
f 4222/4204/3902 4224/4206/3904 4230/4212/3910
f 4222/4204/3902 4230/4212/3910 4228/4210/3908
f 4228/4210/3908 4230/4212/3910 4171/4153/3855
f 4228/4210/3908 4171/4153/3855 4170/4152/3854
f 4219/4201/3899 4229/4211/3909 4231/4213/3911
f 4219/4201/3899 4231/4213/3911 4232/4214/3912
f 4232/4214/3912 4231/4213/3911 690/672/661
f 4232/4214/3912 690/672/661 685/667/656
f 4229/4211/3909 4169/4151/3853 4182/4164/3866
f 4229/4211/3909 4182/4164/3866 4231/4213/3911
f 4231/4213/3911 4182/4164/3866 691/673/662
f 4231/4213/3911 691/673/662 690/672/661
f 4219/4201/3899 4232/4214/3912 4233/4215/3913
f 4219/4201/3899 4233/4215/3913 4220/4202/3900
f 4220/4202/3900 4233/4215/3913 4234/4216/3914
f 4220/4202/3900 4234/4216/3914 4225/4207/3905
f 4232/4214/3912 685/667/656 684/666/655
f 4232/4214/3912 684/666/655 4233/4215/3913
f 4233/4215/3913 684/666/655 631/613/602
f 4233/4215/3913 631/613/602 4234/4216/3914
f 4235/4217/3915 4236/4218/3916 4237/4219/3917
f 4235/4217/3915 4237/4219/3917 4238/4220/3918
f 4238/4220/3918 4237/4219/3917 4239/4221/3919
f 4238/4220/3918 4239/4221/3919 4240/4222/3920
f 4236/4218/3916 4241/4223/3921 4242/4224/3922
f 4236/4218/3916 4242/4224/3922 4237/4219/3917
f 4237/4219/3917 4242/4224/3922 4243/4225/3923
f 4237/4219/3917 4243/4225/3923 4239/4221/3919
f 4235/4217/3915 4238/4220/3918 4244/4226/3924
f 4235/4217/3915 4244/4226/3924 4245/4227/3925
f 4245/4227/3925 4244/4226/3924 4190/4172/3874
f 4245/4227/3925 4190/4172/3874 4189/4171/3873
f 4238/4220/3918 4240/4222/3920 4246/4228/3926
f 4238/4220/3918 4246/4228/3926 4244/4226/3924
f 4244/4226/3924 4246/4228/3926 4191/4173/3875
f 4244/4226/3924 4191/4173/3875 4190/4172/3874
f 4235/4217/3915 4245/4227/3925 4247/4229/3927
f 4235/4217/3915 4247/4229/3927 4248/4230/3928
f 4248/4230/3928 4247/4229/3927 670/652/641
f 4248/4230/3928 670/652/641 665/647/636
f 4245/4227/3925 4189/4171/3873 4198/4180/3882
f 4245/4227/3925 4198/4180/3882 4247/4229/3927
f 4247/4229/3927 4198/4180/3882 671/653/642
f 4247/4229/3927 671/653/642 670/652/641
f 4235/4217/3915 4248/4230/3928 4249/4231/3929
f 4235/4217/3915 4249/4231/3929 4236/4218/3916
f 4236/4218/3916 4249/4231/3929 4250/4232/3930
f 4236/4218/3916 4250/4232/3930 4241/4223/3921
f 4248/4230/3928 665/647/636 664/646/635
f 4248/4230/3928 664/646/635 4249/4231/3929
f 4249/4231/3929 664/646/635 611/593/582
f 4249/4231/3929 611/593/582 4250/4232/3930
f 4251/4233/3931 4252/4234/3932 4253/4235/3933
f 4251/4233/3931 4253/4235/3933 4254/4236/3934
f 4254/4236/3934 4253/4235/3933 4255/4237/3935
f 4254/4236/3934 4255/4237/3935 4256/4238/3936
f 4252/4234/3932 4257/4239/3937 4258/4240/3938
f 4252/4234/3932 4258/4240/3938 4253/4235/3933
f 4253/4235/3933 4258/4240/3938 4259/4241/3939
f 4253/4235/3933 4259/4241/3939 4255/4237/3935
f 4251/4233/3931 4254/4236/3934 4260/4242/3940
f 4251/4233/3931 4260/4242/3940 4261/4243/3941
f 4261/4243/3941 4260/4242/3940 4206/4188/3890
f 4261/4243/3941 4206/4188/3890 4205/4187/3889
f 4254/4236/3934 4256/4238/3936 4262/4244/3942
f 4254/4236/3934 4262/4244/3942 4260/4242/3940
f 4260/4242/3940 4262/4244/3942 4207/4189/3891
f 4260/4242/3940 4207/4189/3891 4206/4188/3890
f 4251/4233/3931 4261/4243/3941 4263/4245/3943
f 4251/4233/3931 4263/4245/3943 4264/4246/3944
f 4264/4246/3944 4263/4245/3943 650/632/621
f 4264/4246/3944 650/632/621 645/627/616
f 4261/4243/3941 4205/4187/3889 4218/4200/3898
f 4261/4243/3941 4218/4200/3898 4263/4245/3943
f 4263/4245/3943 4218/4200/3898 651/633/622
f 4263/4245/3943 651/633/622 650/632/621
f 4251/4233/3931 4264/4246/3944 4265/4247/3945
f 4251/4233/3931 4265/4247/3945 4252/4234/3932
f 4252/4234/3932 4265/4247/3945 4266/4248/3946
f 4252/4234/3932 4266/4248/3946 4257/4239/3937
f 4264/4246/3944 645/627/616 644/626/615
f 4264/4246/3944 644/626/615 4265/4247/3945
f 4265/4247/3945 644/626/615 591/573/562
f 4265/4247/3945 591/573/562 4266/4248/3946
f 4267/4249/3947 4268/4250/3948 4269/4251/3949
f 4267/4249/3947 4269/4251/3949 4270/4252/3950
f 4270/4252/3950 4269/4251/3949 4271/4253/3951
f 4270/4252/3950 4271/4253/3951 4272/4254/3952
f 4268/4250/3948 4273/4255/3953 4274/4256/3954
f 4268/4250/3948 4274/4256/3954 4269/4251/3949
f 4269/4251/3949 4274/4256/3954 4275/4257/3955
f 4269/4251/3949 4275/4257/3955 4271/4253/3951
f 4267/4249/3947 4270/4252/3950 4276/4258/3956
f 4267/4249/3947 4276/4258/3956 4277/4259/3957
f 4277/4259/3957 4276/4258/3956 4226/4208/3906
f 4277/4259/3957 4226/4208/3906 4225/4207/3905
f 4270/4252/3950 4272/4254/3952 4278/4260/3958
f 4270/4252/3950 4278/4260/3958 4276/4258/3956
f 4276/4258/3956 4278/4260/3958 4227/4209/3907
f 4276/4258/3956 4227/4209/3907 4226/4208/3906
f 4267/4249/3947 4277/4259/3957 4279/4261/3959
f 4267/4249/3947 4279/4261/3959 4280/4262/3960
f 4280/4262/3960 4279/4261/3959 630/612/601
f 4280/4262/3960 630/612/601 625/607/596
f 4277/4259/3957 4225/4207/3905 4234/4216/3914
f 4277/4259/3957 4234/4216/3914 4279/4261/3959
f 4279/4261/3959 4234/4216/3914 631/613/602
f 4279/4261/3959 631/613/602 630/612/601
f 4267/4249/3947 4280/4262/3960 4281/4263/3961
f 4267/4249/3947 4281/4263/3961 4268/4250/3948
f 4268/4250/3948 4281/4263/3961 4282/4264/3962
f 4268/4250/3948 4282/4264/3962 4273/4255/3953
f 4280/4262/3960 625/607/596 624/606/595
f 4280/4262/3960 624/606/595 4281/4263/3961
f 4281/4263/3961 624/606/595 571/553/542
f 4281/4263/3961 571/553/542 4282/4264/3962
f 4283/4265/3963 4284/4266/3964 4285/4267/3965
f 4283/4265/3963 4285/4267/3965 4286/4268/3966
f 4286/4268/3966 4285/4267/3965 4287/4269/3967
f 4286/4268/3966 4287/4269/3967 4288/4270/3968
f 4284/4266/3964 4289/4271/207 4290/4272/207
f 4284/4266/3964 4290/4272/207 4285/4267/3965
f 4285/4267/3965 4290/4272/207 4291/4273/207
f 4285/4267/3965 4291/4273/207 4287/4269/3967
f 4283/4265/3963 4286/4268/3966 4292/4274/3969
f 4283/4265/3963 4292/4274/3969 4293/4275/3970
f 4293/4275/3970 4292/4274/3969 4242/4224/3922
f 4293/4275/3970 4242/4224/3922 4241/4223/3921
f 4286/4268/3966 4288/4270/3968 4294/4276/3971
f 4286/4268/3966 4294/4276/3971 4292/4274/3969
f 4292/4274/3969 4294/4276/3971 4243/4225/3923
f 4292/4274/3969 4243/4225/3923 4242/4224/3922
f 4283/4265/3963 4293/4275/3970 4295/4277/3972
f 4283/4265/3963 4295/4277/3972 4296/4278/3973
f 4296/4278/3973 4295/4277/3972 610/592/581
f 4296/4278/3973 610/592/581 605/587/576
f 4293/4275/3970 4241/4223/3921 4250/4232/3930
f 4293/4275/3970 4250/4232/3930 4295/4277/3972
f 4295/4277/3972 4250/4232/3930 611/593/582
f 4295/4277/3972 611/593/582 610/592/581
f 4283/4265/3963 4296/4278/3973 4297/4279/3974
f 4283/4265/3963 4297/4279/3974 4284/4266/3964
f 4284/4266/3964 4297/4279/3974 4298/4280/207
f 4284/4266/3964 4298/4280/207 4289/4271/207
f 4296/4278/3973 605/587/576 604/586/575
f 4296/4278/3973 604/586/575 4297/4279/3974
f 4297/4279/3974 604/586/575 236/218/207
f 4297/4279/3974 236/218/207 4298/4280/207
f 4299/4281/3975 4300/4282/3976 4301/4283/3977
f 4299/4281/3975 4301/4283/3977 4302/4284/3978
f 4302/4284/3978 4301/4283/3977 4303/4285/3979
f 4302/4284/3978 4303/4285/3979 4304/4286/3980
f 4300/4282/3976 4305/4287/3981 4306/4288/3982
f 4300/4282/3976 4306/4288/3982 4301/4283/3977
f 4301/4283/3977 4306/4288/3982 4307/4289/3983
f 4301/4283/3977 4307/4289/3983 4303/4285/3979
f 4299/4281/3975 4302/4284/3978 4308/4290/3984
f 4299/4281/3975 4308/4290/3984 4309/4291/3985
f 4309/4291/3985 4308/4290/3984 4258/4240/3938
f 4309/4291/3985 4258/4240/3938 4257/4239/3937
f 4302/4284/3978 4304/4286/3980 4310/4292/3986
f 4302/4284/3978 4310/4292/3986 4308/4290/3984
f 4308/4290/3984 4310/4292/3986 4259/4241/3939
f 4308/4290/3984 4259/4241/3939 4258/4240/3938
f 4299/4281/3975 4309/4291/3985 4311/4293/3987
f 4299/4281/3975 4311/4293/3987 4312/4294/3988
f 4312/4294/3988 4311/4293/3987 590/572/561
f 4312/4294/3988 590/572/561 585/567/556
f 4309/4291/3985 4257/4239/3937 4266/4248/3946
f 4309/4291/3985 4266/4248/3946 4311/4293/3987
f 4311/4293/3987 4266/4248/3946 591/573/562
f 4311/4293/3987 591/573/562 590/572/561
f 4299/4281/3975 4312/4294/3988 4313/4295/3989
f 4299/4281/3975 4313/4295/3989 4300/4282/3976
f 4300/4282/3976 4313/4295/3989 4314/4296/3990
f 4300/4282/3976 4314/4296/3990 4305/4287/3981
f 4312/4294/3988 585/567/556 584/566/555
f 4312/4294/3988 584/566/555 4313/4295/3989
f 4313/4295/3989 584/566/555 551/533/522
f 4313/4295/3989 551/533/522 4314/4296/3990
f 4315/4297/3991 4316/4298/3992 4317/4299/3993
f 4315/4297/3991 4317/4299/3993 4318/4300/3994
f 4318/4300/3994 4317/4299/3993 4319/4301/3995
f 4318/4300/3994 4319/4301/3995 4320/4302/3996
f 4316/4298/3992 4321/4303/3997 4322/4304/3998
f 4316/4298/3992 4322/4304/3998 4317/4299/3993
f 4317/4299/3993 4322/4304/3998 4323/4305/3999
f 4317/4299/3993 4323/4305/3999 4319/4301/3995
f 4315/4297/3991 4318/4300/3994 4324/4306/4000
f 4315/4297/3991 4324/4306/4000 4325/4307/4001
f 4325/4307/4001 4324/4306/4000 4274/4256/3954
f 4325/4307/4001 4274/4256/3954 4273/4255/3953
f 4318/4300/3994 4320/4302/3996 4326/4308/4002
f 4318/4300/3994 4326/4308/4002 4324/4306/4000
f 4324/4306/4000 4326/4308/4002 4275/4257/3955
f 4324/4306/4000 4275/4257/3955 4274/4256/3954
f 4315/4297/3991 4325/4307/4001 4327/4309/4003
f 4315/4297/3991 4327/4309/4003 4328/4310/4004
f 4328/4310/4004 4327/4309/4003 570/552/541
f 4328/4310/4004 570/552/541 565/547/536
f 4325/4307/4001 4273/4255/3953 4282/4264/3962
f 4325/4307/4001 4282/4264/3962 4327/4309/4003
f 4327/4309/4003 4282/4264/3962 571/553/542
f 4327/4309/4003 571/553/542 570/552/541
f 4315/4297/3991 4328/4310/4004 4329/4311/4005
f 4315/4297/3991 4329/4311/4005 4316/4298/3992
f 4316/4298/3992 4329/4311/4005 4330/4312/4006
f 4316/4298/3992 4330/4312/4006 4321/4303/3997
f 4328/4310/4004 565/547/536 564/546/535
f 4328/4310/4004 564/546/535 4329/4311/4005
f 4329/4311/4005 564/546/535 535/517/506
f 4329/4311/4005 535/517/506 4330/4312/4006
f 4331/4313/4007 4332/4314/4008 4333/4315/4009
f 4331/4313/4007 4333/4315/4009 4334/4316/4010
f 4334/4316/4010 4333/4315/4009 4335/4317/4011
f 4334/4316/4010 4335/4317/4011 4336/4318/4012
f 4332/4314/4008 4337/4319/4013 4338/4320/4014
f 4332/4314/4008 4338/4320/4014 4333/4315/4009
f 4333/4315/4009 4338/4320/4014 4339/4321/4015
f 4333/4315/4009 4339/4321/4015 4335/4317/4011
f 4331/4313/4007 4334/4316/4010 4340/4322/4016
f 4331/4313/4007 4340/4322/4016 4341/4323/4017
f 4341/4323/4017 4340/4322/4016 4306/4288/3982
f 4341/4323/4017 4306/4288/3982 4305/4287/3981
f 4334/4316/4010 4336/4318/4012 4342/4324/4018
f 4334/4316/4010 4342/4324/4018 4340/4322/4016
f 4340/4322/4016 4342/4324/4018 4307/4289/3983
f 4340/4322/4016 4307/4289/3983 4306/4288/3982
f 4331/4313/4007 4341/4323/4017 4343/4325/4019
f 4331/4313/4007 4343/4325/4019 4344/4326/4020
f 4344/4326/4020 4343/4325/4019 550/532/521
f 4344/4326/4020 550/532/521 545/527/516
f 4341/4323/4017 4305/4287/3981 4314/4296/3990
f 4341/4323/4017 4314/4296/3990 4343/4325/4019
f 4343/4325/4019 4314/4296/3990 551/533/522
f 4343/4325/4019 551/533/522 550/532/521
f 4331/4313/4007 4344/4326/4020 4345/4327/4021
f 4331/4313/4007 4345/4327/4021 4332/4314/4008
f 4332/4314/4008 4345/4327/4021 4346/4328/4022
f 4332/4314/4008 4346/4328/4022 4337/4319/4013
f 4344/4326/4020 545/527/516 544/526/515
f 4344/4326/4020 544/526/515 4345/4327/4021
f 4345/4327/4021 544/526/515 515/497/486
f 4345/4327/4021 515/497/486 4346/4328/4022
f 4347/4329/4023 4348/4330/4024 4349/4331/4025
f 4347/4329/4023 4349/4331/4025 4350/4332/4026
f 4350/4332/4026 4349/4331/4025 4351/4333/4027
f 4350/4332/4026 4351/4333/4027 4352/4334/4028
f 4348/4330/4024 4353/4335/4029 4354/4336/4030
f 4348/4330/4024 4354/4336/4030 4349/4331/4025
f 4349/4331/4025 4354/4336/4030 4355/4337/4031
f 4349/4331/4025 4355/4337/4031 4351/4333/4027
f 4347/4329/4023 4350/4332/4026 4356/4338/4032
f 4347/4329/4023 4356/4338/4032 4357/4339/4033
f 4357/4339/4033 4356/4338/4032 4322/4304/3998
f 4357/4339/4033 4322/4304/3998 4321/4303/3997
f 4350/4332/4026 4352/4334/4028 4358/4340/4034
f 4350/4332/4026 4358/4340/4034 4356/4338/4032
f 4356/4338/4032 4358/4340/4034 4323/4305/3999
f 4356/4338/4032 4323/4305/3999 4322/4304/3998
f 4347/4329/4023 4357/4339/4033 4359/4341/4035
f 4347/4329/4023 4359/4341/4035 4360/4342/4036
f 4360/4342/4036 4359/4341/4035 534/516/505
f 4360/4342/4036 534/516/505 529/511/500
f 4357/4339/4033 4321/4303/3997 4330/4312/4006
f 4357/4339/4033 4330/4312/4006 4359/4341/4035
f 4359/4341/4035 4330/4312/4006 535/517/506
f 4359/4341/4035 535/517/506 534/516/505
f 4347/4329/4023 4360/4342/4036 4361/4343/4037
f 4347/4329/4023 4361/4343/4037 4348/4330/4024
f 4348/4330/4024 4361/4343/4037 4362/4344/4038
f 4348/4330/4024 4362/4344/4038 4353/4335/4029
f 4360/4342/4036 529/511/500 528/510/499
f 4360/4342/4036 528/510/499 4361/4343/4037
f 4361/4343/4037 528/510/499 496/478/467
f 4361/4343/4037 496/478/467 4362/4344/4038
f 4363/4345/4039 4364/4346/4040 4365/4347/4041
f 4363/4345/4039 4365/4347/4041 4366/4348/4042
f 4366/4348/4042 4365/4347/4041 4367/4349/4043
f 4366/4348/4042 4367/4349/4043 4368/4350/4044
f 4364/4346/4040 4369/4351/4045 4370/4352/4046
f 4364/4346/4040 4370/4352/4046 4365/4347/4041
f 4365/4347/4041 4370/4352/4046 4371/4353/4047
f 4365/4347/4041 4371/4353/4047 4367/4349/4043
f 4363/4345/4039 4366/4348/4042 4372/4354/4048
f 4363/4345/4039 4372/4354/4048 4373/4355/4049
f 4373/4355/4049 4372/4354/4048 4338/4320/4014
f 4373/4355/4049 4338/4320/4014 4337/4319/4013
f 4366/4348/4042 4368/4350/4044 4374/4356/4050
f 4366/4348/4042 4374/4356/4050 4372/4354/4048
f 4372/4354/4048 4374/4356/4050 4339/4321/4015
f 4372/4354/4048 4339/4321/4015 4338/4320/4014
f 4363/4345/4039 4373/4355/4049 4375/4357/4051
f 4363/4345/4039 4375/4357/4051 4376/4358/4052
f 4376/4358/4052 4375/4357/4051 514/496/485
f 4376/4358/4052 514/496/485 509/491/480
f 4373/4355/4049 4337/4319/4013 4346/4328/4022
f 4373/4355/4049 4346/4328/4022 4375/4357/4051
f 4375/4357/4051 4346/4328/4022 515/497/486
f 4375/4357/4051 515/497/486 514/496/485
f 4363/4345/4039 4376/4358/4052 4377/4359/4053
f 4363/4345/4039 4377/4359/4053 4364/4346/4040
f 4364/4346/4040 4377/4359/4053 4378/4360/4054
f 4364/4346/4040 4378/4360/4054 4369/4351/4045
f 4376/4358/4052 509/491/480 508/490/479
f 4376/4358/4052 508/490/479 4377/4359/4053
f 4377/4359/4053 508/490/479 476/458/447
f 4377/4359/4053 476/458/447 4378/4360/4054
f 4379/4361/4055 4380/4362/4056 4381/4363/4057
f 4379/4361/4055 4381/4363/4057 4382/4364/4058
f 4382/4364/4058 4381/4363/4057 4383/4365/4059
f 4382/4364/4058 4383/4365/4059 4384/4366/4060
f 4380/4362/4056 4385/4367/4061 4386/4368/4061
f 4380/4362/4056 4386/4368/4061 4381/4363/4057
f 4381/4363/4057 4386/4368/4061 4387/4369/4062
f 4381/4363/4057 4387/4369/4062 4383/4365/4059
f 4379/4361/4055 4382/4364/4058 4388/4370/4063
f 4379/4361/4055 4388/4370/4063 4389/4371/4064
f 4389/4371/4064 4388/4370/4063 4354/4336/4030
f 4389/4371/4064 4354/4336/4030 4353/4335/4029
f 4382/4364/4058 4384/4366/4060 4390/4372/4065
f 4382/4364/4058 4390/4372/4065 4388/4370/4063
f 4388/4370/4063 4390/4372/4065 4355/4337/4031
f 4388/4370/4063 4355/4337/4031 4354/4336/4030
f 4379/4361/4055 4389/4371/4064 4391/4373/4066
f 4379/4361/4055 4391/4373/4066 4392/4374/4067
f 4392/4374/4067 4391/4373/4066 495/477/466
f 4392/4374/4067 495/477/466 490/472/461
f 4389/4371/4064 4353/4335/4029 4362/4344/4038
f 4389/4371/4064 4362/4344/4038 4391/4373/4066
f 4391/4373/4066 4362/4344/4038 496/478/467
f 4391/4373/4066 496/478/467 495/477/466
f 4379/4361/4055 4392/4374/4067 4393/4375/4068
f 4379/4361/4055 4393/4375/4068 4380/4362/4056
f 4380/4362/4056 4393/4375/4068 4394/4376/4061
f 4380/4362/4056 4394/4376/4061 4385/4367/4061
f 4392/4374/4067 490/472/461 489/471/460
f 4392/4374/4067 489/471/460 4393/4375/4068
f 4393/4375/4068 489/471/460 456/438/427
f 4393/4375/4068 456/438/427 4394/4376/4061
f 4395/4377/4069 4396/4378/4070 4397/4379/4071
f 4395/4377/4069 4397/4379/4071 4398/4380/4072
f 4398/4380/4072 4397/4379/4071 4399/4381/4073
f 4398/4380/4072 4399/4381/4073 4400/4382/4074
f 4396/4378/4070 4401/4383/4075 4402/4384/4076
f 4396/4378/4070 4402/4384/4076 4397/4379/4071
f 4397/4379/4071 4402/4384/4076 4403/4385/4077
f 4397/4379/4071 4403/4385/4077 4399/4381/4073
f 4395/4377/4069 4398/4380/4072 4404/4386/4078
f 4395/4377/4069 4404/4386/4078 4405/4387/4079
f 4405/4387/4079 4404/4386/4078 4370/4352/4046
f 4405/4387/4079 4370/4352/4046 4369/4351/4045
f 4398/4380/4072 4400/4382/4074 4406/4388/4080
f 4398/4380/4072 4406/4388/4080 4404/4386/4078
f 4404/4386/4078 4406/4388/4080 4371/4353/4047
f 4404/4386/4078 4371/4353/4047 4370/4352/4046
f 4395/4377/4069 4405/4387/4079 4407/4389/4081
f 4395/4377/4069 4407/4389/4081 4408/4390/4082
f 4408/4390/4082 4407/4389/4081 475/457/446
f 4408/4390/4082 475/457/446 470/452/441
f 4405/4387/4079 4369/4351/4045 4378/4360/4054
f 4405/4387/4079 4378/4360/4054 4407/4389/4081
f 4407/4389/4081 4378/4360/4054 476/458/447
f 4407/4389/4081 476/458/447 475/457/446
f 4395/4377/4069 4408/4390/4082 4409/4391/4083
f 4395/4377/4069 4409/4391/4083 4396/4378/4070
f 4396/4378/4070 4409/4391/4083 4410/4392/4084
f 4396/4378/4070 4410/4392/4084 4401/4383/4075
f 4408/4390/4082 470/452/441 469/451/440
f 4408/4390/4082 469/451/440 4409/4391/4083
f 4409/4391/4083 469/451/440 436/418/407
f 4409/4391/4083 436/418/407 4410/4392/4084
f 4411/4393/4085 4412/4394/4086 4413/4395/4087
f 4411/4393/4085 4413/4395/4087 4414/4396/4088
f 4414/4396/4088 4413/4395/4087 4415/4397/4089
f 4414/4396/4088 4415/4397/4089 4416/4398/4090
f 4412/4394/4086 4417/4399/4091 4418/4400/4092
f 4412/4394/4086 4418/4400/4092 4413/4395/4087
f 4413/4395/4087 4418/4400/4092 4419/4401/4093
f 4413/4395/4087 4419/4401/4093 4415/4397/4089
f 4411/4393/4085 4414/4396/4088 4420/4402/4094
f 4411/4393/4085 4420/4402/4094 4421/4403/4095
f 4421/4403/4095 4420/4402/4094 4386/4368/4061
f 4421/4403/4095 4386/4368/4061 4385/4367/4061
f 4414/4396/4088 4416/4398/4090 4422/4404/4096
f 4414/4396/4088 4422/4404/4096 4420/4402/4094
f 4420/4402/4094 4422/4404/4096 4387/4369/4062
f 4420/4402/4094 4387/4369/4062 4386/4368/4061
f 4411/4393/4085 4421/4403/4095 4423/4405/4097
f 4411/4393/4085 4423/4405/4097 4424/4406/4098
f 4424/4406/4098 4423/4405/4097 455/437/426
f 4424/4406/4098 455/437/426 450/432/421
f 4421/4403/4095 4385/4367/4061 4394/4376/4061
f 4421/4403/4095 4394/4376/4061 4423/4405/4097
f 4423/4405/4097 4394/4376/4061 456/438/427
f 4423/4405/4097 456/438/427 455/437/426
f 4411/4393/4085 4424/4406/4098 4425/4407/4099
f 4411/4393/4085 4425/4407/4099 4412/4394/4086
f 4412/4394/4086 4425/4407/4099 4426/4408/4100
f 4412/4394/4086 4426/4408/4100 4417/4399/4091
f 4424/4406/4098 450/432/421 449/431/420
f 4424/4406/4098 449/431/420 4425/4407/4099
f 4425/4407/4099 449/431/420 416/398/387
f 4425/4407/4099 416/398/387 4426/4408/4100
f 4427/4409/4101 4428/4410/4102 4429/4411/4103
f 4427/4409/4101 4429/4411/4103 4430/4412/4104
f 4430/4412/4104 4429/4411/4103 4431/4413/4105
f 4430/4412/4104 4431/4413/4105 4432/4414/4106
f 4428/4410/4102 4433/4415/4107 4434/4416/4108
f 4428/4410/4102 4434/4416/4108 4429/4411/4103
f 4429/4411/4103 4434/4416/4108 4435/4417/4109
f 4429/4411/4103 4435/4417/4109 4431/4413/4105
f 4427/4409/4101 4430/4412/4104 4436/4418/4110
f 4427/4409/4101 4436/4418/4110 4437/4419/4111
f 4437/4419/4111 4436/4418/4110 4402/4384/4076
f 4437/4419/4111 4402/4384/4076 4401/4383/4075
f 4430/4412/4104 4432/4414/4106 4438/4420/4112
f 4430/4412/4104 4438/4420/4112 4436/4418/4110
f 4436/4418/4110 4438/4420/4112 4403/4385/4077
f 4436/4418/4110 4403/4385/4077 4402/4384/4076
f 4427/4409/4101 4437/4419/4111 4439/4421/4113
f 4427/4409/4101 4439/4421/4113 4440/4422/4114
f 4440/4422/4114 4439/4421/4113 435/417/406
f 4440/4422/4114 435/417/406 430/412/401
f 4437/4419/4111 4401/4383/4075 4410/4392/4084
f 4437/4419/4111 4410/4392/4084 4439/4421/4113
f 4439/4421/4113 4410/4392/4084 436/418/407
f 4439/4421/4113 436/418/407 435/417/406
f 4427/4409/4101 4440/4422/4114 4441/4423/4115
f 4427/4409/4101 4441/4423/4115 4428/4410/4102
f 4428/4410/4102 4441/4423/4115 4442/4424/4116
f 4428/4410/4102 4442/4424/4116 4433/4415/4107
f 4440/4422/4114 430/412/401 429/411/400
f 4440/4422/4114 429/411/400 4441/4423/4115
f 4441/4423/4115 429/411/400 396/378/367
f 4441/4423/4115 396/378/367 4442/4424/4116
f 4443/4425/4117 4444/4426/4118 4445/4427/4119
f 4443/4425/4117 4445/4427/4119 4446/4428/4120
f 4446/4428/4120 4445/4427/4119 4447/4429/4121
f 4446/4428/4120 4447/4429/4121 4448/4430/4122
f 4444/4426/4118 4449/4431/4123 4450/4432/4124
f 4444/4426/4118 4450/4432/4124 4445/4427/4119
f 4445/4427/4119 4450/4432/4124 4451/4433/4125
f 4445/4427/4119 4451/4433/4125 4447/4429/4121
f 4443/4425/4117 4446/4428/4120 4452/4434/4126
f 4443/4425/4117 4452/4434/4126 4453/4435/4127
f 4453/4435/4127 4452/4434/4126 4418/4400/4092
f 4453/4435/4127 4418/4400/4092 4417/4399/4091
f 4446/4428/4120 4448/4430/4122 4454/4436/4128
f 4446/4428/4120 4454/4436/4128 4452/4434/4126
f 4452/4434/4126 4454/4436/4128 4419/4401/4093
f 4452/4434/4126 4419/4401/4093 4418/4400/4092
f 4443/4425/4117 4453/4435/4127 4455/4437/4129
f 4443/4425/4117 4455/4437/4129 4456/4438/4130
f 4456/4438/4130 4455/4437/4129 415/397/386
f 4456/4438/4130 415/397/386 410/392/381
f 4453/4435/4127 4417/4399/4091 4426/4408/4100
f 4453/4435/4127 4426/4408/4100 4455/4437/4129
f 4455/4437/4129 4426/4408/4100 416/398/387
f 4455/4437/4129 416/398/387 415/397/386
f 4443/4425/4117 4456/4438/4130 4457/4439/4131
f 4443/4425/4117 4457/4439/4131 4444/4426/4118
f 4444/4426/4118 4457/4439/4131 4458/4440/4132
f 4444/4426/4118 4458/4440/4132 4449/4431/4123
f 4456/4438/4130 410/392/381 409/391/380
f 4456/4438/4130 409/391/380 4457/4439/4131
f 4457/4439/4131 409/391/380 376/358/347
f 4457/4439/4131 376/358/347 4458/4440/4132
f 4459/4441/4133 4460/4442/4134 4461/4443/4135
f 4459/4441/4133 4461/4443/4135 4462/4444/4136
f 4462/4444/4136 4461/4443/4135 4463/4445/4137
f 4462/4444/4136 4463/4445/4137 4464/4446/4138
f 4460/4442/4134 4465/4447/4139 4466/4448/4139
f 4460/4442/4134 4466/4448/4139 4461/4443/4135
f 4461/4443/4135 4466/4448/4139 4467/4449/4140
f 4461/4443/4135 4467/4449/4140 4463/4445/4137
f 4459/4441/4133 4462/4444/4136 4468/4450/4141
f 4459/4441/4133 4468/4450/4141 4469/4451/4142
f 4469/4451/4142 4468/4450/4141 4434/4416/4108
f 4469/4451/4142 4434/4416/4108 4433/4415/4107
f 4462/4444/4136 4464/4446/4138 4470/4452/4143
f 4462/4444/4136 4470/4452/4143 4468/4450/4141
f 4468/4450/4141 4470/4452/4143 4435/4417/4109
f 4468/4450/4141 4435/4417/4109 4434/4416/4108
f 4459/4441/4133 4469/4451/4142 4471/4453/4144
f 4459/4441/4133 4471/4453/4144 4472/4454/4145
f 4472/4454/4145 4471/4453/4144 395/377/366
f 4472/4454/4145 395/377/366 390/372/361
f 4469/4451/4142 4433/4415/4107 4442/4424/4116
f 4469/4451/4142 4442/4424/4116 4471/4453/4144
f 4471/4453/4144 4442/4424/4116 396/378/367
f 4471/4453/4144 396/378/367 395/377/366
f 4459/4441/4133 4472/4454/4145 4473/4455/4146
f 4459/4441/4133 4473/4455/4146 4460/4442/4134
f 4460/4442/4134 4473/4455/4146 4474/4456/4139
f 4460/4442/4134 4474/4456/4139 4465/4447/4139
f 4472/4454/4145 390/372/361 389/371/360
f 4472/4454/4145 389/371/360 4473/4455/4146
f 4473/4455/4146 389/371/360 356/338/327
f 4473/4455/4146 356/338/327 4474/4456/4139
f 4475/4457/4147 4476/4458/4148 4477/4459/4149
f 4475/4457/4147 4477/4459/4149 4478/4460/4150
f 4478/4460/4150 4477/4459/4149 4479/4461/4151
f 4478/4460/4150 4479/4461/4151 4480/4462/4152
f 4476/4458/4148 4481/4463/4153 4482/4464/4154
f 4476/4458/4148 4482/4464/4154 4477/4459/4149
f 4477/4459/4149 4482/4464/4154 4483/4465/4155
f 4477/4459/4149 4483/4465/4155 4479/4461/4151
f 4475/4457/4147 4478/4460/4150 4484/4466/4156
f 4475/4457/4147 4484/4466/4156 4485/4467/4157
f 4485/4467/4157 4484/4466/4156 4450/4432/4124
f 4485/4467/4157 4450/4432/4124 4449/4431/4123
f 4478/4460/4150 4480/4462/4152 4486/4468/4158
f 4478/4460/4150 4486/4468/4158 4484/4466/4156
f 4484/4466/4156 4486/4468/4158 4451/4433/4125
f 4484/4466/4156 4451/4433/4125 4450/4432/4124
f 4475/4457/4147 4485/4467/4157 4487/4469/4159
f 4475/4457/4147 4487/4469/4159 4488/4470/4160
f 4488/4470/4160 4487/4469/4159 375/357/346
f 4488/4470/4160 375/357/346 370/352/341
f 4485/4467/4157 4449/4431/4123 4458/4440/4132
f 4485/4467/4157 4458/4440/4132 4487/4469/4159
f 4487/4469/4159 4458/4440/4132 376/358/347
f 4487/4469/4159 376/358/347 375/357/346
f 4475/4457/4147 4488/4470/4160 4489/4471/4161
f 4475/4457/4147 4489/4471/4161 4476/4458/4148
f 4476/4458/4148 4489/4471/4161 4490/4472/4162
f 4476/4458/4148 4490/4472/4162 4481/4463/4153
f 4488/4470/4160 370/352/341 369/351/340
f 4488/4470/4160 369/351/340 4489/4471/4161
f 4489/4471/4161 369/351/340 336/318/307
f 4489/4471/4161 336/318/307 4490/4472/4162
f 4491/4473/4163 4492/4474/4164 4493/4475/4165
f 4491/4473/4163 4493/4475/4165 4494/4476/4166
f 4494/4476/4166 4493/4475/4165 4495/4477/4167
f 4494/4476/4166 4495/4477/4167 4496/4478/4168
f 4492/4474/4164 4497/4479/4169 4498/4480/4170
f 4492/4474/4164 4498/4480/4170 4493/4475/4165
f 4493/4475/4165 4498/4480/4170 4499/4481/4171
f 4493/4475/4165 4499/4481/4171 4495/4477/4167
f 4491/4473/4163 4494/4476/4166 4500/4482/4172
f 4491/4473/4163 4500/4482/4172 4501/4483/4173
f 4501/4483/4173 4500/4482/4172 4466/4448/4139
f 4501/4483/4173 4466/4448/4139 4465/4447/4139
f 4494/4476/4166 4496/4478/4168 4502/4484/4174
f 4494/4476/4166 4502/4484/4174 4500/4482/4172
f 4500/4482/4172 4502/4484/4174 4467/4449/4140
f 4500/4482/4172 4467/4449/4140 4466/4448/4139
f 4491/4473/4163 4501/4483/4173 4503/4485/4175
f 4491/4473/4163 4503/4485/4175 4504/4486/4176
f 4504/4486/4176 4503/4485/4175 355/337/326
f 4504/4486/4176 355/337/326 350/332/321
f 4501/4483/4173 4465/4447/4139 4474/4456/4139
f 4501/4483/4173 4474/4456/4139 4503/4485/4175
f 4503/4485/4175 4474/4456/4139 356/338/327
f 4503/4485/4175 356/338/327 355/337/326
f 4491/4473/4163 4504/4486/4176 4505/4487/4177
f 4491/4473/4163 4505/4487/4177 4492/4474/4164
f 4492/4474/4164 4505/4487/4177 4506/4488/4178
f 4492/4474/4164 4506/4488/4178 4497/4479/4169
f 4504/4486/4176 350/332/321 349/331/320
f 4504/4486/4176 349/331/320 4505/4487/4177
f 4505/4487/4177 349/331/320 316/298/287
f 4505/4487/4177 316/298/287 4506/4488/4178
f 4507/4489/4179 4508/4490/4180 4509/4491/4181
f 4507/4489/4179 4509/4491/4181 4510/4492/4182
f 4510/4492/4182 4509/4491/4181 4511/4493/4183
f 4510/4492/4182 4511/4493/4183 4512/4494/4184
f 4508/4490/4180 4513/4495/4185 4514/4496/4186
f 4508/4490/4180 4514/4496/4186 4509/4491/4181
f 4509/4491/4181 4514/4496/4186 4515/4497/4187
f 4509/4491/4181 4515/4497/4187 4511/4493/4183
f 4507/4489/4179 4510/4492/4182 4516/4498/4188
f 4507/4489/4179 4516/4498/4188 4517/4499/4189
f 4517/4499/4189 4516/4498/4188 4482/4464/4154
f 4517/4499/4189 4482/4464/4154 4481/4463/4153
f 4510/4492/4182 4512/4494/4184 4518/4500/4190
f 4510/4492/4182 4518/4500/4190 4516/4498/4188
f 4516/4498/4188 4518/4500/4190 4483/4465/4155
f 4516/4498/4188 4483/4465/4155 4482/4464/4154
f 4507/4489/4179 4517/4499/4189 4519/4501/4191
f 4507/4489/4179 4519/4501/4191 4520/4502/4192
f 4520/4502/4192 4519/4501/4191 335/317/306
f 4520/4502/4192 335/317/306 330/312/301
f 4517/4499/4189 4481/4463/4153 4490/4472/4162
f 4517/4499/4189 4490/4472/4162 4519/4501/4191
f 4519/4501/4191 4490/4472/4162 336/318/307
f 4519/4501/4191 336/318/307 335/317/306
f 4507/4489/4179 4520/4502/4192 4521/4503/4193
f 4507/4489/4179 4521/4503/4193 4508/4490/4180
f 4508/4490/4180 4521/4503/4193 4522/4504/4194
f 4508/4490/4180 4522/4504/4194 4513/4495/4185
f 4520/4502/4192 330/312/301 329/311/300
f 4520/4502/4192 329/311/300 4521/4503/4193
f 4521/4503/4193 329/311/300 296/278/267
f 4521/4503/4193 296/278/267 4522/4504/4194
f 4523/4505/4195 4524/4506/4196 4525/4507/4197
f 4523/4505/4195 4525/4507/4197 4526/4508/4198
f 4526/4508/4198 4525/4507/4197 4527/4509/4199
f 4526/4508/4198 4527/4509/4199 4528/4510/4200
f 4524/4506/4196 4529/4511/4201 4530/4512/4202
f 4524/4506/4196 4530/4512/4202 4525/4507/4197
f 4525/4507/4197 4530/4512/4202 4531/4513/4203
f 4525/4507/4197 4531/4513/4203 4527/4509/4199
f 4523/4505/4195 4526/4508/4198 4532/4514/4204
f 4523/4505/4195 4532/4514/4204 4533/4515/4205
f 4533/4515/4205 4532/4514/4204 4498/4480/4170
f 4533/4515/4205 4498/4480/4170 4497/4479/4169
f 4526/4508/4198 4528/4510/4200 4534/4516/4206
f 4526/4508/4198 4534/4516/4206 4532/4514/4204
f 4532/4514/4204 4534/4516/4206 4499/4481/4171
f 4532/4514/4204 4499/4481/4171 4498/4480/4170
f 4523/4505/4195 4533/4515/4205 4535/4517/4207
f 4523/4505/4195 4535/4517/4207 4536/4518/4208
f 4536/4518/4208 4535/4517/4207 315/297/286
f 4536/4518/4208 315/297/286 310/292/281
f 4533/4515/4205 4497/4479/4169 4506/4488/4178
f 4533/4515/4205 4506/4488/4178 4535/4517/4207
f 4535/4517/4207 4506/4488/4178 316/298/287
f 4535/4517/4207 316/298/287 315/297/286
f 4523/4505/4195 4536/4518/4208 4537/4519/4209
f 4523/4505/4195 4537/4519/4209 4524/4506/4196
f 4524/4506/4196 4537/4519/4209 4538/4520/4210
f 4524/4506/4196 4538/4520/4210 4529/4511/4201
f 4536/4518/4208 310/292/281 309/291/280
f 4536/4518/4208 309/291/280 4537/4519/4209
f 4537/4519/4209 309/291/280 276/258/247
f 4537/4519/4209 276/258/247 4538/4520/4210
f 4539/4521/4211 4540/4522/4212 4541/4523/4213
f 4539/4521/4211 4541/4523/4213 4542/4524/4214
f 4542/4524/4214 4541/4523/4213 4543/4525/4215
f 4542/4524/4214 4543/4525/4215 4544/4526/4216
f 4540/4522/4212 4545/4527/4217 4546/4528/4218
f 4540/4522/4212 4546/4528/4218 4541/4523/4213
f 4541/4523/4213 4546/4528/4218 4547/4529/4219
f 4541/4523/4213 4547/4529/4219 4543/4525/4215
f 4539/4521/4211 4542/4524/4214 4548/4530/4220
f 4539/4521/4211 4548/4530/4220 4549/4531/4221
f 4549/4531/4221 4548/4530/4220 4514/4496/4186
f 4549/4531/4221 4514/4496/4186 4513/4495/4185
f 4542/4524/4214 4544/4526/4216 4550/4532/4222
f 4542/4524/4214 4550/4532/4222 4548/4530/4220
f 4548/4530/4220 4550/4532/4222 4515/4497/4187
f 4548/4530/4220 4515/4497/4187 4514/4496/4186
f 4539/4521/4211 4549/4531/4221 4551/4533/4223
f 4539/4521/4211 4551/4533/4223 4552/4534/4224
f 4552/4534/4224 4551/4533/4223 295/277/266
f 4552/4534/4224 295/277/266 290/272/261
f 4549/4531/4221 4513/4495/4185 4522/4504/4194
f 4549/4531/4221 4522/4504/4194 4551/4533/4223
f 4551/4533/4223 4522/4504/4194 296/278/267
f 4551/4533/4223 296/278/267 295/277/266
f 4539/4521/4211 4552/4534/4224 4553/4535/4225
f 4539/4521/4211 4553/4535/4225 4540/4522/4212
f 4540/4522/4212 4553/4535/4225 4554/4536/4226
f 4540/4522/4212 4554/4536/4226 4545/4527/4217
f 4552/4534/4224 290/272/261 289/271/260
f 4552/4534/4224 289/271/260 4553/4535/4225
f 4553/4535/4225 289/271/260 256/238/227
f 4553/4535/4225 256/238/227 4554/4536/4226
f 4555/4537/4227 4556/4538/4228 4557/4539/4229
f 4555/4537/4227 4557/4539/4229 4558/4540/4230
f 4558/4540/4230 4557/4539/4229 4559/4541/4231
f 4558/4540/4230 4559/4541/4231 4560/4542/4232
f 4556/4538/4228 4561/4543/4233 4562/4544/4234
f 4556/4538/4228 4562/4544/4234 4557/4539/4229
f 4557/4539/4229 4562/4544/4234 4563/4545/4235
f 4557/4539/4229 4563/4545/4235 4559/4541/4231
f 4555/4537/4227 4558/4540/4230 4564/4546/4236
f 4555/4537/4227 4564/4546/4236 4565/4547/4237
f 4565/4547/4237 4564/4546/4236 4530/4512/4202
f 4565/4547/4237 4530/4512/4202 4529/4511/4201
f 4558/4540/4230 4560/4542/4232 4566/4548/4238
f 4558/4540/4230 4566/4548/4238 4564/4546/4236
f 4564/4546/4236 4566/4548/4238 4531/4513/4203
f 4564/4546/4236 4531/4513/4203 4530/4512/4202
f 4555/4537/4227 4565/4547/4237 4567/4549/4239
f 4555/4537/4227 4567/4549/4239 4568/4550/4240
f 4568/4550/4240 4567/4549/4239 275/257/246
f 4568/4550/4240 275/257/246 270/252/241
f 4565/4547/4237 4529/4511/4201 4538/4520/4210
f 4565/4547/4237 4538/4520/4210 4567/4549/4239
f 4567/4549/4239 4538/4520/4210 276/258/247
f 4567/4549/4239 276/258/247 275/257/246
f 4555/4537/4227 4568/4550/4240 4569/4551/4241
f 4555/4537/4227 4569/4551/4241 4556/4538/4228
f 4556/4538/4228 4569/4551/4241 4570/4552/4242
f 4556/4538/4228 4570/4552/4242 4561/4543/4233
f 4568/4550/4240 270/252/241 269/251/240
f 4568/4550/4240 269/251/240 4569/4551/4241
f 4569/4551/4241 269/251/240 214/196/185
f 4569/4551/4241 214/196/185 4570/4552/4242
f 4571/4553/4243 4572/4554/4244 4573/4555/4245
f 4571/4553/4243 4573/4555/4245 4574/4556/4246
f 4574/4556/4246 4573/4555/4245 4575/4557/4247
f 4574/4556/4246 4575/4557/4247 4576/4558/4248
f 4572/4554/4244 4577/4559/4249 4578/4560/4250
f 4572/4554/4244 4578/4560/4250 4573/4555/4245
f 4573/4555/4245 4578/4560/4250 4579/4561/4251
f 4573/4555/4245 4579/4561/4251 4575/4557/4247
f 4571/4553/4243 4574/4556/4246 4580/4562/4252
f 4571/4553/4243 4580/4562/4252 4581/4563/4253
f 4581/4563/4253 4580/4562/4252 4546/4528/4218
f 4581/4563/4253 4546/4528/4218 4545/4527/4217
f 4574/4556/4246 4576/4558/4248 4582/4564/4254
f 4574/4556/4246 4582/4564/4254 4580/4562/4252
f 4580/4562/4252 4582/4564/4254 4547/4529/4219
f 4580/4562/4252 4547/4529/4219 4546/4528/4218
f 4571/4553/4243 4581/4563/4253 4583/4565/4255
f 4571/4553/4243 4583/4565/4255 4584/4566/4256
f 4584/4566/4256 4583/4565/4255 255/237/226
f 4584/4566/4256 255/237/226 250/232/221
f 4581/4563/4253 4545/4527/4217 4554/4536/4226
f 4581/4563/4253 4554/4536/4226 4583/4565/4255
f 4583/4565/4255 4554/4536/4226 256/238/227
f 4583/4565/4255 256/238/227 255/237/226
f 4571/4553/4243 4584/4566/4256 4585/4567/4257
f 4571/4553/4243 4585/4567/4257 4572/4554/4244
f 4572/4554/4244 4585/4567/4257 4586/4568/4258
f 4572/4554/4244 4586/4568/4258 4577/4559/4249
f 4584/4566/4256 250/232/221 249/231/220
f 4584/4566/4256 249/231/220 4585/4567/4257
f 4585/4567/4257 249/231/220 189/171/160
f 4585/4567/4257 189/171/160 4586/4568/4258
f 4587/4569/4259 4588/4570/4260 4589/4571/4261
f 4587/4569/4259 4589/4571/4261 4590/4572/4262
f 4590/4572/4262 4589/4571/4261 4591/4573/4263
f 4590/4572/4262 4591/4573/4263 4592/4574/4264
f 4588/4570/4260 4593/4575/4265 4594/4576/4266
f 4588/4570/4260 4594/4576/4266 4589/4571/4261
f 4589/4571/4261 4594/4576/4266 4595/4577/4267
f 4589/4571/4261 4595/4577/4267 4591/4573/4263
f 4587/4569/4259 4590/4572/4262 4596/4578/4268
f 4587/4569/4259 4596/4578/4268 4597/4579/4269
f 4597/4579/4269 4596/4578/4268 4290/4272/207
f 4597/4579/4269 4290/4272/207 4289/4271/207
f 4590/4572/4262 4592/4574/4264 4598/4580/4270
f 4590/4572/4262 4598/4580/4270 4596/4578/4268
f 4596/4578/4268 4598/4580/4270 4291/4273/207
f 4596/4578/4268 4291/4273/207 4290/4272/207
f 4587/4569/4259 4597/4579/4269 4599/4581/4271
f 4587/4569/4259 4599/4581/4271 4600/4582/4272
f 4600/4582/4272 4599/4581/4271 235/217/206
f 4600/4582/4272 235/217/206 230/212/201
f 4597/4579/4269 4289/4271/207 4298/4280/207
f 4597/4579/4269 4298/4280/207 4599/4581/4271
f 4599/4581/4271 4298/4280/207 236/218/207
f 4599/4581/4271 236/218/207 235/217/206
f 4587/4569/4259 4600/4582/4272 4601/4583/4273
f 4587/4569/4259 4601/4583/4273 4588/4570/4260
f 4588/4570/4260 4601/4583/4273 4602/4584/4274
f 4588/4570/4260 4602/4584/4274 4593/4575/4265
f 4600/4582/4272 230/212/201 229/211/200
f 4600/4582/4272 229/211/200 4601/4583/4273
f 4601/4583/4273 229/211/200 164/146/135
f 4601/4583/4273 164/146/135 4602/4584/4274
f 4603/4585/4275 4604/4586/4276 4605/4587/4277
f 4603/4585/4275 4605/4587/4277 4606/4588/4278
f 4606/4588/4278 4605/4587/4277 4607/4589/4279
f 4606/4588/4278 4607/4589/4279 4608/4590/4280
f 4604/4586/4276 4135/4117/3822 4134/4116/3821
f 4604/4586/4276 4134/4116/3821 4605/4587/4277
f 4605/4587/4277 4134/4116/3821 4137/4119/3824
f 4605/4587/4277 4137/4119/3824 4607/4589/4279
f 4603/4585/4275 4606/4588/4278 4609/4591/4281
f 4603/4585/4275 4609/4591/4281 4610/4592/4282
f 4610/4592/4282 4609/4591/4281 4562/4544/4234
f 4610/4592/4282 4562/4544/4234 4561/4543/4233
f 4606/4588/4278 4608/4590/4280 4611/4593/4283
f 4606/4588/4278 4611/4593/4283 4609/4591/4281
f 4609/4591/4281 4611/4593/4283 4563/4545/4235
f 4609/4591/4281 4563/4545/4235 4562/4544/4234
f 4603/4585/4275 4610/4592/4282 4612/4594/4284
f 4603/4585/4275 4612/4594/4284 4613/4595/4285
f 4613/4595/4285 4612/4594/4284 213/195/184
f 4613/4595/4285 213/195/184 205/187/176
f 4610/4592/4282 4561/4543/4233 4570/4552/4242
f 4610/4592/4282 4570/4552/4242 4612/4594/4284
f 4612/4594/4284 4570/4552/4242 214/196/185
f 4612/4594/4284 214/196/185 213/195/184
f 4603/4585/4275 4613/4595/4285 4614/4596/4286
f 4603/4585/4275 4614/4596/4286 4604/4586/4276
f 4604/4586/4276 4614/4596/4286 4140/4122/3827
f 4604/4586/4276 4140/4122/3827 4135/4117/3822
f 4613/4595/4285 205/187/176 204/186/175
f 4613/4595/4285 204/186/175 4614/4596/4286
f 4614/4596/4286 204/186/175 208/190/179
f 4614/4596/4286 208/190/179 4140/4122/3827
f 4615/4597/4287 4616/4598/4288 4617/4599/4289
f 4615/4597/4287 4617/4599/4289 4618/4600/4290
f 4618/4600/4290 4617/4599/4289 4619/4601/4291
f 4618/4600/4290 4619/4601/4291 4620/4602/4292
f 4616/4598/4288 4155/4137/3840 4154/4136/3839
f 4616/4598/4288 4154/4136/3839 4617/4599/4289
f 4617/4599/4289 4154/4136/3839 4157/4139/3842
f 4617/4599/4289 4157/4139/3842 4619/4601/4291
f 4615/4597/4287 4618/4600/4290 4621/4603/4293
f 4615/4597/4287 4621/4603/4293 4622/4604/4294
f 4622/4604/4294 4621/4603/4293 4578/4560/4250
f 4622/4604/4294 4578/4560/4250 4577/4559/4249
f 4618/4600/4290 4620/4602/4292 4623/4605/4295
f 4618/4600/4290 4623/4605/4295 4621/4603/4293
f 4621/4603/4293 4623/4605/4295 4579/4561/4251
f 4621/4603/4293 4579/4561/4251 4578/4560/4250
f 4615/4597/4287 4622/4604/4294 4624/4606/4296
f 4615/4597/4287 4624/4606/4296 4625/4607/4297
f 4625/4607/4297 4624/4606/4296 188/170/159
f 4625/4607/4297 188/170/159 180/162/151
f 4622/4604/4294 4577/4559/4249 4586/4568/4258
f 4622/4604/4294 4586/4568/4258 4624/4606/4296
f 4624/4606/4296 4586/4568/4258 189/171/160
f 4624/4606/4296 189/171/160 188/170/159
f 4615/4597/4287 4625/4607/4297 4626/4608/4298
f 4615/4597/4287 4626/4608/4298 4616/4598/4288
f 4616/4598/4288 4626/4608/4298 4160/4142/3845
f 4616/4598/4288 4160/4142/3845 4155/4137/3840
f 4625/4607/4297 180/162/151 179/161/150
f 4625/4607/4297 179/161/150 4626/4608/4298
f 4626/4608/4298 179/161/150 183/165/154
f 4626/4608/4298 183/165/154 4160/4142/3845
f 4627/4609/4299 4628/4610/4300 4629/4611/4301
f 4627/4609/4299 4629/4611/4301 4630/4612/4302
f 4630/4612/4302 4629/4611/4301 4631/4613/4303
f 4630/4612/4302 4631/4613/4303 4632/4614/4304
f 4628/4610/4300 4175/4157/3859 4174/4156/3858
f 4628/4610/4300 4174/4156/3858 4629/4611/4301
f 4629/4611/4301 4174/4156/3858 4177/4159/3861
f 4629/4611/4301 4177/4159/3861 4631/4613/4303
f 4627/4609/4299 4630/4612/4302 4633/4615/4305
f 4627/4609/4299 4633/4615/4305 4634/4616/4306
f 4634/4616/4306 4633/4615/4305 4594/4576/4266
f 4634/4616/4306 4594/4576/4266 4593/4575/4265
f 4630/4612/4302 4632/4614/4304 4635/4617/4307
f 4630/4612/4302 4635/4617/4307 4633/4615/4305
f 4633/4615/4305 4635/4617/4307 4595/4577/4267
f 4633/4615/4305 4595/4577/4267 4594/4576/4266
f 4627/4609/4299 4634/4616/4306 4636/4618/4308
f 4627/4609/4299 4636/4618/4308 4637/4619/4309
f 4637/4619/4309 4636/4618/4308 163/145/134
f 4637/4619/4309 163/145/134 155/137/126
f 4634/4616/4306 4593/4575/4265 4602/4584/4274
f 4634/4616/4306 4602/4584/4274 4636/4618/4308
f 4636/4618/4308 4602/4584/4274 164/146/135
f 4636/4618/4308 164/146/135 163/145/134
f 4627/4609/4299 4637/4619/4309 4638/4620/4310
f 4627/4609/4299 4638/4620/4310 4628/4610/4300
f 4628/4610/4300 4638/4620/4310 4180/4162/3864
f 4628/4610/4300 4180/4162/3864 4175/4157/3859
f 4637/4619/4309 155/137/126 154/136/125
f 4637/4619/4309 154/136/125 4638/4620/4310
f 4638/4620/4310 154/136/125 158/140/129
f 4638/4620/4310 158/140/129 4180/4162/3864
f 4639/4621/4311 4640/4622/4312 4641/4623/4313
f 4639/4621/4311 4641/4623/4313 4642/4624/4314
f 4642/4624/4314 4641/4623/4313 918/900/884
f 4642/4624/4314 918/900/884 914/896/880
f 4640/4622/4312 4643/4625/4315 4644/4626/4316
f 4640/4622/4312 4644/4626/4316 4641/4623/4313
f 4641/4623/4313 4644/4626/4316 864/846/830
f 4641/4623/4313 864/846/830 918/900/884
f 4639/4621/4311 4642/4624/4314 4645/4627/4317
f 4639/4621/4311 4645/4627/4317 4646/4628/4318
f 4646/4628/4318 4645/4627/4317 4647/4629/4319
f 4646/4628/4318 4647/4629/4319 4648/4630/4320
f 4642/4624/4314 914/896/880 913/895/879
f 4642/4624/4314 913/895/879 4645/4627/4317
f 4645/4627/4317 913/895/879 916/898/882
f 4645/4627/4317 916/898/882 4647/4629/4319
f 4639/4621/4311 4646/4628/4318 4649/4631/4321
f 4639/4621/4311 4649/4631/4321 4650/4632/4322
f 4650/4632/4322 4649/4631/4321 2117/2099/1949
f 4650/4632/4322 2117/2099/1949 2114/2096/1946
f 4646/4628/4318 4648/4630/4320 4651/4633/4323
f 4646/4628/4318 4651/4633/4323 4649/4631/4321
f 4649/4631/4321 4651/4633/4323 1537/1519/1489
f 4649/4631/4321 1537/1519/1489 2117/2099/1949
f 4639/4621/4311 4650/4632/4322 4652/4634/4324
f 4639/4621/4311 4652/4634/4324 4640/4622/4312
f 4640/4622/4312 4652/4634/4324 4653/4635/4325
f 4640/4622/4312 4653/4635/4325 4643/4625/4315
f 4650/4632/4322 2114/2096/1946 2113/2095/1945
f 4650/4632/4322 2113/2095/1945 4652/4634/4324
f 4652/4634/4324 2113/2095/1945 2070/2052/1912
f 4652/4634/4324 2070/2052/1912 4653/4635/4325
f 4654/4636/4326 4655/4637/4327 4656/4638/4328
f 4654/4636/4326 4656/4638/4328 4657/4639/4329
f 4657/4639/4329 4656/4638/4328 902/884/868
f 4657/4639/4329 902/884/868 898/880/864
f 4655/4637/4327 4658/4640/4330 4659/4641/4331
f 4655/4637/4327 4659/4641/4331 4656/4638/4328
f 4656/4638/4328 4659/4641/4331 848/830/814
f 4656/4638/4328 848/830/814 902/884/868
f 4654/4636/4326 4657/4639/4329 4660/4642/4332
f 4654/4636/4326 4660/4642/4332 4661/4643/4333
f 4661/4643/4333 4660/4642/4332 4662/4644/4334
f 4661/4643/4333 4662/4644/4334 4663/4645/4335
f 4657/4639/4329 898/880/864 897/879/863
f 4657/4639/4329 897/879/863 4660/4642/4332
f 4660/4642/4332 897/879/863 900/882/866
f 4660/4642/4332 900/882/866 4662/4644/4334
f 4654/4636/4326 4661/4643/4333 4664/4646/4336
f 4654/4636/4326 4664/4646/4336 4665/4647/4337
f 4665/4647/4337 4664/4646/4336 2102/2084/1937
f 4665/4647/4337 2102/2084/1937 2099/2081/1934
f 4661/4643/4333 4663/4645/4335 4666/4648/4338
f 4661/4643/4333 4666/4648/4338 4664/4646/4336
f 4664/4646/4336 4666/4648/4338 1512/1494/1469
f 4664/4646/4336 1512/1494/1469 2102/2084/1937
f 4654/4636/4326 4665/4647/4337 4667/4649/4339
f 4654/4636/4326 4667/4649/4339 4655/4637/4327
f 4655/4637/4327 4667/4649/4339 4668/4650/4340
f 4655/4637/4327 4668/4650/4340 4658/4640/4330
f 4665/4647/4337 2099/2081/1934 2098/2080/1933
f 4665/4647/4337 2098/2080/1933 4667/4649/4339
f 4667/4649/4339 2098/2080/1933 2050/2032/1896
f 4667/4649/4339 2050/2032/1896 4668/4650/4340
f 4669/4651/4341 4670/4652/4342 4671/4653/4343
f 4669/4651/4341 4671/4653/4343 4672/4654/4344
f 4672/4654/4344 4671/4653/4343 885/867/851
f 4672/4654/4344 885/867/851 880/862/846
f 4670/4652/4342 4673/4655/4345 4674/4656/4346
f 4670/4652/4342 4674/4656/4346 4671/4653/4343
f 4671/4653/4343 4674/4656/4346 886/868/852
f 4671/4653/4343 886/868/852 885/867/851
f 4669/4651/4341 4672/4654/4344 4675/4657/4347
f 4669/4651/4341 4675/4657/4347 4676/4658/4348
f 4676/4658/4348 4675/4657/4347 4677/4659/4349
f 4676/4658/4348 4677/4659/4349 4678/4660/4350
f 4672/4654/4344 880/862/846 879/861/845
f 4672/4654/4344 879/861/845 4675/4657/4347
f 4675/4657/4347 879/861/845 882/864/848
f 4675/4657/4347 882/864/848 4677/4659/4349
f 4669/4651/4341 4676/4658/4348 4679/4661/4351
f 4669/4651/4341 4679/4661/4351 4680/4662/4352
f 4680/4662/4352 4679/4661/4351 2087/2069/1925
f 4680/4662/4352 2087/2069/1925 2084/2066/1922
f 4676/4658/4348 4678/4660/4350 4681/4663/4353
f 4676/4658/4348 4681/4663/4353 4679/4661/4351
f 4679/4661/4351 4681/4663/4353 798/780/764
f 4679/4661/4351 798/780/764 2087/2069/1925
f 4669/4651/4341 4680/4662/4352 4682/4664/4354
f 4669/4651/4341 4682/4664/4354 4670/4652/4342
f 4670/4652/4342 4682/4664/4354 4683/4665/4355
f 4670/4652/4342 4683/4665/4355 4673/4655/4345
f 4680/4662/4352 2084/2066/1922 2083/2065/1921
f 4680/4662/4352 2083/2065/1921 4682/4664/4354
f 4682/4664/4354 2083/2065/1921 1710/1692/1624
f 4682/4664/4354 1710/1692/1624 4683/4665/4355
f 4684/4666/4356 4685/4667/4357 4686/4668/4358
f 4684/4666/4356 4686/4668/4358 4687/4669/4359
f 4687/4669/4359 4686/4668/4358 866/848/832
f 4687/4669/4359 866/848/832 862/844/828
f 4685/4667/4357 4688/4670/4360 4689/4671/4361
f 4685/4667/4357 4689/4671/4361 4686/4668/4358
f 4686/4668/4358 4689/4671/4361 830/812/796
f 4686/4668/4358 830/812/796 866/848/832
f 4684/4666/4356 4687/4669/4359 4690/4672/4362
f 4684/4666/4356 4690/4672/4362 4691/4673/4363
f 4691/4673/4363 4690/4672/4362 4644/4626/4316
f 4691/4673/4363 4644/4626/4316 4643/4625/4315
f 4687/4669/4359 862/844/828 861/843/827
f 4687/4669/4359 861/843/827 4690/4672/4362
f 4690/4672/4362 861/843/827 864/846/830
f 4690/4672/4362 864/846/830 4644/4626/4316
f 4684/4666/4356 4691/4673/4363 4692/4674/4364
f 4684/4666/4356 4692/4674/4364 4693/4675/4365
f 4693/4675/4365 4692/4674/4364 2069/2051/1911
f 4693/4675/4365 2069/2051/1911 2064/2046/1906
f 4691/4673/4363 4643/4625/4315 4653/4635/4325
f 4691/4673/4363 4653/4635/4325 4692/4674/4364
f 4692/4674/4364 4653/4635/4325 2070/2052/1912
f 4692/4674/4364 2070/2052/1912 2069/2051/1911
f 4684/4666/4356 4693/4675/4365 4694/4676/4366
f 4684/4666/4356 4694/4676/4366 4685/4667/4357
f 4685/4667/4357 4694/4676/4366 4695/4677/4367
f 4685/4667/4357 4695/4677/4367 4688/4670/4360
f 4693/4675/4365 2064/2046/1906 2063/2045/1905
f 4693/4675/4365 2063/2045/1905 4694/4676/4366
f 4694/4676/4366 2063/2045/1905 2030/2012/1880
f 4694/4676/4366 2030/2012/1880 4695/4677/4367
f 4696/4678/4368 4697/4679/4369 4698/4680/4370
f 4696/4678/4368 4698/4680/4370 4699/4681/4371
f 4699/4681/4371 4698/4680/4370 850/832/816
f 4699/4681/4371 850/832/816 846/828/812
f 4697/4679/4369 4700/4682/4372 4701/4683/4373
f 4697/4679/4369 4701/4683/4373 4698/4680/4370
f 4698/4680/4370 4701/4683/4373 145/127/116
f 4698/4680/4370 145/127/116 850/832/816
f 4696/4678/4368 4699/4681/4371 4702/4684/4374
f 4696/4678/4368 4702/4684/4374 4703/4685/4375
f 4703/4685/4375 4702/4684/4374 4659/4641/4331
f 4703/4685/4375 4659/4641/4331 4658/4640/4330
f 4699/4681/4371 846/828/812 845/827/811
f 4699/4681/4371 845/827/811 4702/4684/4374
f 4702/4684/4374 845/827/811 848/830/814
f 4702/4684/4374 848/830/814 4659/4641/4331
f 4696/4678/4368 4703/4685/4375 4704/4686/4376
f 4696/4678/4368 4704/4686/4376 4705/4687/4377
f 4705/4687/4377 4704/4686/4376 2049/2031/1895
f 4705/4687/4377 2049/2031/1895 2044/2026/1890
f 4703/4685/4375 4658/4640/4330 4668/4650/4340
f 4703/4685/4375 4668/4650/4340 4704/4686/4376
f 4704/4686/4376 4668/4650/4340 2050/2032/1896
f 4704/4686/4376 2050/2032/1896 2049/2031/1895
f 4696/4678/4368 4705/4687/4377 4706/4688/4378
f 4696/4678/4368 4706/4688/4378 4697/4679/4369
f 4697/4679/4369 4706/4688/4378 4707/4689/4379
f 4697/4679/4369 4707/4689/4379 4700/4682/4372
f 4705/4687/4377 2044/2026/1890 2043/2025/1889
f 4705/4687/4377 2043/2025/1889 4706/4688/4378
f 4706/4688/4378 2043/2025/1889 2010/1992/1864
f 4706/4688/4378 2010/1992/1864 4707/4689/4379
f 4708/4690/4380 4709/4691/4381 4710/4692/4382
f 4708/4690/4380 4710/4692/4382 4711/4693/4383
f 4711/4693/4383 4710/4692/4382 833/815/799
f 4711/4693/4383 833/815/799 828/810/794
f 4709/4691/4381 4712/4694/4384 4713/4695/4385
f 4709/4691/4381 4713/4695/4385 4710/4692/4382
f 4710/4692/4382 4713/4695/4385 834/816/800
f 4710/4692/4382 834/816/800 833/815/799
f 4708/4690/4380 4711/4693/4383 4714/4696/4386
f 4708/4690/4380 4714/4696/4386 4715/4697/4387
f 4715/4697/4387 4714/4696/4386 4689/4671/4361
f 4715/4697/4387 4689/4671/4361 4688/4670/4360
f 4711/4693/4383 828/810/794 827/809/793
f 4711/4693/4383 827/809/793 4714/4696/4386
f 4714/4696/4386 827/809/793 830/812/796
f 4714/4696/4386 830/812/796 4689/4671/4361
f 4708/4690/4380 4715/4697/4387 4716/4698/4388
f 4708/4690/4380 4716/4698/4388 4717/4699/4389
f 4717/4699/4389 4716/4698/4388 2029/2011/1879
f 4717/4699/4389 2029/2011/1879 2024/2006/1874
f 4715/4697/4387 4688/4670/4360 4695/4677/4367
f 4715/4697/4387 4695/4677/4367 4716/4698/4388
f 4716/4698/4388 4695/4677/4367 2030/2012/1880
f 4716/4698/4388 2030/2012/1880 2029/2011/1879
f 4708/4690/4380 4717/4699/4389 4718/4700/4390
f 4708/4690/4380 4718/4700/4390 4709/4691/4381
f 4709/4691/4381 4718/4700/4390 4719/4701/4391
f 4709/4691/4381 4719/4701/4391 4712/4694/4384
f 4717/4699/4389 2024/2006/1874 2023/2005/1873
f 4717/4699/4389 2023/2005/1873 4718/4700/4390
f 4718/4700/4390 2023/2005/1873 1990/1972/1848
f 4718/4700/4390 1990/1972/1848 4719/4701/4391
f 4720/4702/4392 4721/4703/4393 4722/4704/4394
f 4720/4702/4392 4722/4704/4394 4723/4705/4395
f 4723/4705/4395 4722/4704/4394 148/130/119
f 4723/4705/4395 148/130/119 143/125/114
f 4721/4703/4393 4724/4706/4396 4725/4707/4397
f 4721/4703/4393 4725/4707/4397 4722/4704/4394
f 4722/4704/4394 4725/4707/4397 149/131/120
f 4722/4704/4394 149/131/120 148/130/119
f 4720/4702/4392 4723/4705/4395 4726/4708/4398
f 4720/4702/4392 4726/4708/4398 4727/4709/4399
f 4727/4709/4399 4726/4708/4398 4701/4683/4373
f 4727/4709/4399 4701/4683/4373 4700/4682/4372
f 4723/4705/4395 143/125/114 142/124/113
f 4723/4705/4395 142/124/113 4726/4708/4398
f 4726/4708/4398 142/124/113 145/127/116
f 4726/4708/4398 145/127/116 4701/4683/4373
f 4720/4702/4392 4727/4709/4399 4728/4710/4400
f 4720/4702/4392 4728/4710/4400 4729/4711/4401
f 4729/4711/4401 4728/4710/4400 2009/1991/1863
f 4729/4711/4401 2009/1991/1863 2004/1986/1858
f 4727/4709/4399 4700/4682/4372 4707/4689/4379
f 4727/4709/4399 4707/4689/4379 4728/4710/4400
f 4728/4710/4400 4707/4689/4379 2010/1992/1864
f 4728/4710/4400 2010/1992/1864 2009/1991/1863
f 4720/4702/4392 4729/4711/4401 4730/4712/4402
f 4720/4702/4392 4730/4712/4402 4721/4703/4393
f 4721/4703/4393 4730/4712/4402 4731/4713/4403
f 4721/4703/4393 4731/4713/4403 4724/4706/4396
f 4729/4711/4401 2004/1986/1858 2003/1985/1857
f 4729/4711/4401 2003/1985/1857 4730/4712/4402
f 4730/4712/4402 2003/1985/1857 1970/1952/1832
f 4730/4712/4402 1970/1952/1832 4731/4713/4403
f 4732/4714/4404 4733/4715/4405 4734/4716/4406
f 4732/4714/4404 4734/4716/4406 4735/4717/4407
f 4735/4717/4407 4734/4716/4406 1310/1292/1272
f 4735/4717/4407 1310/1292/1272 1308/1290/1270
f 4733/4715/4405 4736/4718/4408 4737/4719/4409
f 4733/4715/4405 4737/4719/4409 4734/4716/4406
f 4734/4716/4406 4737/4719/4409 1284/1266/1246
f 4734/4716/4406 1284/1266/1246 1310/1292/1272
f 4732/4714/4404 4735/4717/4407 4738/4720/4410
f 4732/4714/4404 4738/4720/4410 4739/4721/4411
f 4739/4721/4411 4738/4720/4410 4713/4695/4385
f 4739/4721/4411 4713/4695/4385 4712/4694/4384
f 4735/4717/4407 1308/1290/1270 1307/1289/1269
f 4735/4717/4407 1307/1289/1269 4738/4720/4410
f 4738/4720/4410 1307/1289/1269 834/816/800
f 4738/4720/4410 834/816/800 4713/4695/4385
f 4732/4714/4404 4739/4721/4411 4740/4722/4412
f 4732/4714/4404 4740/4722/4412 4741/4723/4413
f 4741/4723/4413 4740/4722/4412 1989/1971/1847
f 4741/4723/4413 1989/1971/1847 1984/1966/1842
f 4739/4721/4411 4712/4694/4384 4719/4701/4391
f 4739/4721/4411 4719/4701/4391 4740/4722/4412
f 4740/4722/4412 4719/4701/4391 1990/1972/1848
f 4740/4722/4412 1990/1972/1848 1989/1971/1847
f 4732/4714/4404 4741/4723/4413 4742/4724/4414
f 4732/4714/4404 4742/4724/4414 4733/4715/4405
f 4733/4715/4405 4742/4724/4414 4743/4725/4415
f 4733/4715/4405 4743/4725/4415 4736/4718/4408
f 4741/4723/4413 1984/1966/1842 1983/1965/1841
f 4741/4723/4413 1983/1965/1841 4742/4724/4414
f 4742/4724/4414 1983/1965/1841 1950/1932/1816
f 4742/4724/4414 1950/1932/1816 4743/4725/4415
f 4744/4726/4416 4745/4727/4417 4746/4728/4418
f 4744/4726/4416 4746/4728/4418 4747/4729/4419
f 4747/4729/4419 4746/4728/4418 1298/1280/1260
f 4747/4729/4419 1298/1280/1260 1296/1278/1258
f 4745/4727/4417 4748/4730/4420 4749/4731/4421
f 4745/4727/4417 4749/4731/4421 4746/4728/4418
f 4746/4728/4418 4749/4731/4421 1268/1250/1230
f 4746/4728/4418 1268/1250/1230 1298/1280/1260
f 4744/4726/4416 4747/4729/4419 4750/4732/4422
f 4744/4726/4416 4750/4732/4422 4751/4733/4423
f 4751/4733/4423 4750/4732/4422 4725/4707/4397
f 4751/4733/4423 4725/4707/4397 4724/4706/4396
f 4747/4729/4419 1296/1278/1258 1295/1277/1257
f 4747/4729/4419 1295/1277/1257 4750/4732/4422
f 4750/4732/4422 1295/1277/1257 149/131/120
f 4750/4732/4422 149/131/120 4725/4707/4397
f 4744/4726/4416 4751/4733/4423 4752/4734/4424
f 4744/4726/4416 4752/4734/4424 4753/4735/4425
f 4753/4735/4425 4752/4734/4424 1969/1951/1831
f 4753/4735/4425 1969/1951/1831 1964/1946/1826
f 4751/4733/4423 4724/4706/4396 4731/4713/4403
f 4751/4733/4423 4731/4713/4403 4752/4734/4424
f 4752/4734/4424 4731/4713/4403 1970/1952/1832
f 4752/4734/4424 1970/1952/1832 1969/1951/1831
f 4744/4726/4416 4753/4735/4425 4754/4736/4426
f 4744/4726/4416 4754/4736/4426 4745/4727/4417
f 4745/4727/4417 4754/4736/4426 4755/4737/4427
f 4745/4727/4417 4755/4737/4427 4748/4730/4420
f 4753/4735/4425 1964/1946/1826 1963/1945/1825
f 4753/4735/4425 1963/1945/1825 4754/4736/4426
f 4754/4736/4426 1963/1945/1825 1930/1912/1800
f 4754/4736/4426 1930/1912/1800 4755/4737/4427
f 4756/4738/4428 4757/4739/4429 4758/4740/4430
f 4756/4738/4428 4758/4740/4430 4759/4741/4431
f 4759/4741/4431 4758/4740/4430 1286/1268/1248
f 4759/4741/4431 1286/1268/1248 1282/1264/1244
f 4757/4739/4429 4760/4742/4432 4761/4743/4433
f 4757/4739/4429 4761/4743/4433 4758/4740/4430
f 4758/4740/4430 4761/4743/4433 1252/1234/1214
f 4758/4740/4430 1252/1234/1214 1286/1268/1248
f 4756/4738/4428 4759/4741/4431 4762/4744/4434
f 4756/4738/4428 4762/4744/4434 4763/4745/4435
f 4763/4745/4435 4762/4744/4434 4737/4719/4409
f 4763/4745/4435 4737/4719/4409 4736/4718/4408
f 4759/4741/4431 1282/1264/1244 1281/1263/1243
f 4759/4741/4431 1281/1263/1243 4762/4744/4434
f 4762/4744/4434 1281/1263/1243 1284/1266/1246
f 4762/4744/4434 1284/1266/1246 4737/4719/4409
f 4756/4738/4428 4763/4745/4435 4764/4746/4436
f 4756/4738/4428 4764/4746/4436 4765/4747/4437
f 4765/4747/4437 4764/4746/4436 1949/1931/1815
f 4765/4747/4437 1949/1931/1815 1944/1926/1810
f 4763/4745/4435 4736/4718/4408 4743/4725/4415
f 4763/4745/4435 4743/4725/4415 4764/4746/4436
f 4764/4746/4436 4743/4725/4415 1950/1932/1816
f 4764/4746/4436 1950/1932/1816 1949/1931/1815
f 4756/4738/4428 4765/4747/4437 4766/4748/4438
f 4756/4738/4428 4766/4748/4438 4757/4739/4429
f 4757/4739/4429 4766/4748/4438 4767/4749/4439
f 4757/4739/4429 4767/4749/4439 4760/4742/4432
f 4765/4747/4437 1944/1926/1810 1943/1925/1809
f 4765/4747/4437 1943/1925/1809 4766/4748/4438
f 4766/4748/4438 1943/1925/1809 1910/1892/1784
f 4766/4748/4438 1910/1892/1784 4767/4749/4439
f 4768/4750/4440 4769/4751/4441 4770/4752/4442
f 4768/4750/4440 4770/4752/4442 4771/4753/4443
f 4771/4753/4443 4770/4752/4442 1270/1252/1232
f 4771/4753/4443 1270/1252/1232 1266/1248/1228
f 4769/4751/4441 4772/4754/4444 4773/4755/4445
f 4769/4751/4441 4773/4755/4445 4770/4752/4442
f 4770/4752/4442 4773/4755/4445 1236/1218/1198
f 4770/4752/4442 1236/1218/1198 1270/1252/1232
f 4768/4750/4440 4771/4753/4443 4774/4756/4446
f 4768/4750/4440 4774/4756/4446 4775/4757/4447
f 4775/4757/4447 4774/4756/4446 4749/4731/4421
f 4775/4757/4447 4749/4731/4421 4748/4730/4420
f 4771/4753/4443 1266/1248/1228 1265/1247/1227
f 4771/4753/4443 1265/1247/1227 4774/4756/4446
f 4774/4756/4446 1265/1247/1227 1268/1250/1230
f 4774/4756/4446 1268/1250/1230 4749/4731/4421
f 4768/4750/4440 4775/4757/4447 4776/4758/4448
f 4768/4750/4440 4776/4758/4448 4777/4759/4449
f 4777/4759/4449 4776/4758/4448 1929/1911/1799
f 4777/4759/4449 1929/1911/1799 1924/1906/1794
f 4775/4757/4447 4748/4730/4420 4755/4737/4427
f 4775/4757/4447 4755/4737/4427 4776/4758/4448
f 4776/4758/4448 4755/4737/4427 1930/1912/1800
f 4776/4758/4448 1930/1912/1800 1929/1911/1799
f 4768/4750/4440 4777/4759/4449 4778/4760/4450
f 4768/4750/4440 4778/4760/4450 4769/4751/4441
f 4769/4751/4441 4778/4760/4450 4779/4761/4451
f 4769/4751/4441 4779/4761/4451 4772/4754/4444
f 4777/4759/4449 1924/1906/1794 1923/1905/1793
f 4777/4759/4449 1923/1905/1793 4778/4760/4450
f 4778/4760/4450 1923/1905/1793 1890/1872/1768
f 4778/4760/4450 1890/1872/1768 4779/4761/4451
f 4780/4762/4452 4781/4763/4453 4782/4764/4454
f 4780/4762/4452 4782/4764/4454 4783/4765/4455
f 4783/4765/4455 4782/4764/4454 1254/1236/1216
f 4783/4765/4455 1254/1236/1216 1250/1232/1212
f 4781/4763/4453 4784/4766/4456 4785/4767/4457
f 4781/4763/4453 4785/4767/4457 4782/4764/4454
f 4782/4764/4454 4785/4767/4457 1220/1202/1182
f 4782/4764/4454 1220/1202/1182 1254/1236/1216
f 4780/4762/4452 4783/4765/4455 4786/4768/4458
f 4780/4762/4452 4786/4768/4458 4787/4769/4459
f 4787/4769/4459 4786/4768/4458 4761/4743/4433
f 4787/4769/4459 4761/4743/4433 4760/4742/4432
f 4783/4765/4455 1250/1232/1212 1249/1231/1211
f 4783/4765/4455 1249/1231/1211 4786/4768/4458
f 4786/4768/4458 1249/1231/1211 1252/1234/1214
f 4786/4768/4458 1252/1234/1214 4761/4743/4433
f 4780/4762/4452 4787/4769/4459 4788/4770/4460
f 4780/4762/4452 4788/4770/4460 4789/4771/4461
f 4789/4771/4461 4788/4770/4460 1909/1891/1783
f 4789/4771/4461 1909/1891/1783 1904/1886/1778
f 4787/4769/4459 4760/4742/4432 4767/4749/4439
f 4787/4769/4459 4767/4749/4439 4788/4770/4460
f 4788/4770/4460 4767/4749/4439 1910/1892/1784
f 4788/4770/4460 1910/1892/1784 1909/1891/1783
f 4780/4762/4452 4789/4771/4461 4790/4772/4462
f 4780/4762/4452 4790/4772/4462 4781/4763/4453
f 4781/4763/4453 4790/4772/4462 4791/4773/4463
f 4781/4763/4453 4791/4773/4463 4784/4766/4456
f 4789/4771/4461 1904/1886/1778 1903/1885/1777
f 4789/4771/4461 1903/1885/1777 4790/4772/4462
f 4790/4772/4462 1903/1885/1777 1870/1852/1752
f 4790/4772/4462 1870/1852/1752 4791/4773/4463
f 4792/4774/4464 4793/4775/4465 4794/4776/4466
f 4792/4774/4464 4794/4776/4466 4795/4777/4467
f 4795/4777/4467 4794/4776/4466 1238/1220/1200
f 4795/4777/4467 1238/1220/1200 1234/1216/1196
f 4793/4775/4465 4796/4778/4468 4797/4779/4469
f 4793/4775/4465 4797/4779/4469 4794/4776/4466
f 4794/4776/4466 4797/4779/4469 1204/1186/1166
f 4794/4776/4466 1204/1186/1166 1238/1220/1200
f 4792/4774/4464 4795/4777/4467 4798/4780/4470
f 4792/4774/4464 4798/4780/4470 4799/4781/4471
f 4799/4781/4471 4798/4780/4470 4773/4755/4445
f 4799/4781/4471 4773/4755/4445 4772/4754/4444
f 4795/4777/4467 1234/1216/1196 1233/1215/1195
f 4795/4777/4467 1233/1215/1195 4798/4780/4470
f 4798/4780/4470 1233/1215/1195 1236/1218/1198
f 4798/4780/4470 1236/1218/1198 4773/4755/4445
f 4792/4774/4464 4799/4781/4471 4800/4782/4472
f 4792/4774/4464 4800/4782/4472 4801/4783/4473
f 4801/4783/4473 4800/4782/4472 1889/1871/1767
f 4801/4783/4473 1889/1871/1767 1884/1866/1762
f 4799/4781/4471 4772/4754/4444 4779/4761/4451
f 4799/4781/4471 4779/4761/4451 4800/4782/4472
f 4800/4782/4472 4779/4761/4451 1890/1872/1768
f 4800/4782/4472 1890/1872/1768 1889/1871/1767
f 4792/4774/4464 4801/4783/4473 4802/4784/4474
f 4792/4774/4464 4802/4784/4474 4793/4775/4465
f 4793/4775/4465 4802/4784/4474 4803/4785/4475
f 4793/4775/4465 4803/4785/4475 4796/4778/4468
f 4801/4783/4473 1884/1866/1762 1883/1865/1761
f 4801/4783/4473 1883/1865/1761 4802/4784/4474
f 4802/4784/4474 1883/1865/1761 1850/1832/1736
f 4802/4784/4474 1850/1832/1736 4803/4785/4475
f 4804/4786/4476 4805/4787/4477 4806/4788/4478
f 4804/4786/4476 4806/4788/4478 4807/4789/4479
f 4807/4789/4479 4806/4788/4478 1222/1204/1184
f 4807/4789/4479 1222/1204/1184 1218/1200/1180
f 4805/4787/4477 4808/4790/4480 4809/4791/4481
f 4805/4787/4477 4809/4791/4481 4806/4788/4478
f 4806/4788/4478 4809/4791/4481 1188/1170/1150
f 4806/4788/4478 1188/1170/1150 1222/1204/1184
f 4804/4786/4476 4807/4789/4479 4810/4792/4482
f 4804/4786/4476 4810/4792/4482 4811/4793/4483
f 4811/4793/4483 4810/4792/4482 4785/4767/4457
f 4811/4793/4483 4785/4767/4457 4784/4766/4456
f 4807/4789/4479 1218/1200/1180 1217/1199/1179
f 4807/4789/4479 1217/1199/1179 4810/4792/4482
f 4810/4792/4482 1217/1199/1179 1220/1202/1182
f 4810/4792/4482 1220/1202/1182 4785/4767/4457
f 4804/4786/4476 4811/4793/4483 4812/4794/4484
f 4804/4786/4476 4812/4794/4484 4813/4795/4485
f 4813/4795/4485 4812/4794/4484 1869/1851/1751
f 4813/4795/4485 1869/1851/1751 1864/1846/1746
f 4811/4793/4483 4784/4766/4456 4791/4773/4463
f 4811/4793/4483 4791/4773/4463 4812/4794/4484
f 4812/4794/4484 4791/4773/4463 1870/1852/1752
f 4812/4794/4484 1870/1852/1752 1869/1851/1751
f 4804/4786/4476 4813/4795/4485 4814/4796/4486
f 4804/4786/4476 4814/4796/4486 4805/4787/4477
f 4805/4787/4477 4814/4796/4486 4815/4797/4487
f 4805/4787/4477 4815/4797/4487 4808/4790/4480
f 4813/4795/4485 1864/1846/1746 1863/1845/1745
f 4813/4795/4485 1863/1845/1745 4814/4796/4486
f 4814/4796/4486 1863/1845/1745 1830/1812/1720
f 4814/4796/4486 1830/1812/1720 4815/4797/4487
f 4816/4798/4488 4817/4799/4489 4818/4800/4490
f 4816/4798/4488 4818/4800/4490 4819/4801/4491
f 4819/4801/4491 4818/4800/4490 1206/1188/1168
f 4819/4801/4491 1206/1188/1168 1202/1184/1164
f 4817/4799/4489 4820/4802/4492 4821/4803/4493
f 4817/4799/4489 4821/4803/4493 4818/4800/4490
f 4818/4800/4490 4821/4803/4493 1172/1154/1134
f 4818/4800/4490 1172/1154/1134 1206/1188/1168
f 4816/4798/4488 4819/4801/4491 4822/4804/4494
f 4816/4798/4488 4822/4804/4494 4823/4805/4495
f 4823/4805/4495 4822/4804/4494 4797/4779/4469
f 4823/4805/4495 4797/4779/4469 4796/4778/4468
f 4819/4801/4491 1202/1184/1164 1201/1183/1163
f 4819/4801/4491 1201/1183/1163 4822/4804/4494
f 4822/4804/4494 1201/1183/1163 1204/1186/1166
f 4822/4804/4494 1204/1186/1166 4797/4779/4469
f 4816/4798/4488 4823/4805/4495 4824/4806/4496
f 4816/4798/4488 4824/4806/4496 4825/4807/4497
f 4825/4807/4497 4824/4806/4496 1849/1831/1735
f 4825/4807/4497 1849/1831/1735 1844/1826/1730
f 4823/4805/4495 4796/4778/4468 4803/4785/4475
f 4823/4805/4495 4803/4785/4475 4824/4806/4496
f 4824/4806/4496 4803/4785/4475 1850/1832/1736
f 4824/4806/4496 1850/1832/1736 1849/1831/1735
f 4816/4798/4488 4825/4807/4497 4826/4808/4498
f 4816/4798/4488 4826/4808/4498 4817/4799/4489
f 4817/4799/4489 4826/4808/4498 4827/4809/4499
f 4817/4799/4489 4827/4809/4499 4820/4802/4492
f 4825/4807/4497 1844/1826/1730 1843/1825/1729
f 4825/4807/4497 1843/1825/1729 4826/4808/4498
f 4826/4808/4498 1843/1825/1729 1810/1792/1704
f 4826/4808/4498 1810/1792/1704 4827/4809/4499
f 4828/4810/4500 4829/4811/4501 4830/4812/4502
f 4828/4810/4500 4830/4812/4502 4831/4813/4503
f 4831/4813/4503 4830/4812/4502 1190/1172/1152
f 4831/4813/4503 1190/1172/1152 1186/1168/1148
f 4829/4811/4501 4832/4814/4504 4833/4815/4505
f 4829/4811/4501 4833/4815/4505 4830/4812/4502
f 4830/4812/4502 4833/4815/4505 1156/1138/1118
f 4830/4812/4502 1156/1138/1118 1190/1172/1152
f 4828/4810/4500 4831/4813/4503 4834/4816/4506
f 4828/4810/4500 4834/4816/4506 4835/4817/4507
f 4835/4817/4507 4834/4816/4506 4809/4791/4481
f 4835/4817/4507 4809/4791/4481 4808/4790/4480
f 4831/4813/4503 1186/1168/1148 1185/1167/1147
f 4831/4813/4503 1185/1167/1147 4834/4816/4506
f 4834/4816/4506 1185/1167/1147 1188/1170/1150
f 4834/4816/4506 1188/1170/1150 4809/4791/4481
f 4828/4810/4500 4835/4817/4507 4836/4818/4508
f 4828/4810/4500 4836/4818/4508 4837/4819/4509
f 4837/4819/4509 4836/4818/4508 1829/1811/1719
f 4837/4819/4509 1829/1811/1719 1824/1806/1714
f 4835/4817/4507 4808/4790/4480 4815/4797/4487
f 4835/4817/4507 4815/4797/4487 4836/4818/4508
f 4836/4818/4508 4815/4797/4487 1830/1812/1720
f 4836/4818/4508 1830/1812/1720 1829/1811/1719
f 4828/4810/4500 4837/4819/4509 4838/4820/4510
f 4828/4810/4500 4838/4820/4510 4829/4811/4501
f 4829/4811/4501 4838/4820/4510 4839/4821/4511
f 4829/4811/4501 4839/4821/4511 4832/4814/4504
f 4837/4819/4509 1824/1806/1714 1823/1805/1713
f 4837/4819/4509 1823/1805/1713 4838/4820/4510
f 4838/4820/4510 1823/1805/1713 1790/1772/1688
f 4838/4820/4510 1790/1772/1688 4839/4821/4511
f 4840/4822/4512 4841/4823/4513 4842/4824/4514
f 4840/4822/4512 4842/4824/4514 4843/4825/4515
f 4843/4825/4515 4842/4824/4514 1174/1156/1136
f 4843/4825/4515 1174/1156/1136 1170/1152/1132
f 4841/4823/4513 4844/4826/4516 4845/4827/4517
f 4841/4823/4513 4845/4827/4517 4842/4824/4514
f 4842/4824/4514 4845/4827/4517 1140/1122/1102
f 4842/4824/4514 1140/1122/1102 1174/1156/1136
f 4840/4822/4512 4843/4825/4515 4846/4828/4518
f 4840/4822/4512 4846/4828/4518 4847/4829/4519
f 4847/4829/4519 4846/4828/4518 4821/4803/4493
f 4847/4829/4519 4821/4803/4493 4820/4802/4492
f 4843/4825/4515 1170/1152/1132 1169/1151/1131
f 4843/4825/4515 1169/1151/1131 4846/4828/4518
f 4846/4828/4518 1169/1151/1131 1172/1154/1134
f 4846/4828/4518 1172/1154/1134 4821/4803/4493
f 4840/4822/4512 4847/4829/4519 4848/4830/4520
f 4840/4822/4512 4848/4830/4520 4849/4831/4521
f 4849/4831/4521 4848/4830/4520 1809/1791/1703
f 4849/4831/4521 1809/1791/1703 1804/1786/1698
f 4847/4829/4519 4820/4802/4492 4827/4809/4499
f 4847/4829/4519 4827/4809/4499 4848/4830/4520
f 4848/4830/4520 4827/4809/4499 1810/1792/1704
f 4848/4830/4520 1810/1792/1704 1809/1791/1703
f 4840/4822/4512 4849/4831/4521 4850/4832/4522
f 4840/4822/4512 4850/4832/4522 4841/4823/4513
f 4841/4823/4513 4850/4832/4522 4851/4833/4523
f 4841/4823/4513 4851/4833/4523 4844/4826/4516
f 4849/4831/4521 1804/1786/1698 1803/1785/1697
f 4849/4831/4521 1803/1785/1697 4850/4832/4522
f 4850/4832/4522 1803/1785/1697 1770/1752/1672
f 4850/4832/4522 1770/1752/1672 4851/4833/4523
f 4852/4834/4524 4853/4835/4525 4854/4836/4526
f 4852/4834/4524 4854/4836/4526 4855/4837/4527
f 4855/4837/4527 4854/4836/4526 1158/1140/1120
f 4855/4837/4527 1158/1140/1120 1154/1136/1116
f 4853/4835/4525 4856/4838/4528 4857/4839/4529
f 4853/4835/4525 4857/4839/4529 4854/4836/4526
f 4854/4836/4526 4857/4839/4529 1124/1106/1086
f 4854/4836/4526 1124/1106/1086 1158/1140/1120
f 4852/4834/4524 4855/4837/4527 4858/4840/4530
f 4852/4834/4524 4858/4840/4530 4859/4841/4531
f 4859/4841/4531 4858/4840/4530 4833/4815/4505
f 4859/4841/4531 4833/4815/4505 4832/4814/4504
f 4855/4837/4527 1154/1136/1116 1153/1135/1115
f 4855/4837/4527 1153/1135/1115 4858/4840/4530
f 4858/4840/4530 1153/1135/1115 1156/1138/1118
f 4858/4840/4530 1156/1138/1118 4833/4815/4505
f 4852/4834/4524 4859/4841/4531 4860/4842/4532
f 4852/4834/4524 4860/4842/4532 4861/4843/4533
f 4861/4843/4533 4860/4842/4532 1789/1771/1687
f 4861/4843/4533 1789/1771/1687 1784/1766/1682
f 4859/4841/4531 4832/4814/4504 4839/4821/4511
f 4859/4841/4531 4839/4821/4511 4860/4842/4532
f 4860/4842/4532 4839/4821/4511 1790/1772/1688
f 4860/4842/4532 1790/1772/1688 1789/1771/1687
f 4852/4834/4524 4861/4843/4533 4862/4844/4534
f 4852/4834/4524 4862/4844/4534 4853/4835/4525
f 4853/4835/4525 4862/4844/4534 4863/4845/4535
f 4853/4835/4525 4863/4845/4535 4856/4838/4528
f 4861/4843/4533 1784/1766/1682 1783/1765/1681
f 4861/4843/4533 1783/1765/1681 4862/4844/4534
f 4862/4844/4534 1783/1765/1681 1750/1732/1656
f 4862/4844/4534 1750/1732/1656 4863/4845/4535
f 4864/4846/4536 4865/4847/4537 4866/4848/4538
f 4864/4846/4536 4866/4848/4538 4867/4849/4539
f 4867/4849/4539 4866/4848/4538 1142/1124/1104
f 4867/4849/4539 1142/1124/1104 1138/1120/1100
f 4865/4847/4537 4868/4850/4540 4869/4851/4541
f 4865/4847/4537 4869/4851/4541 4866/4848/4538
f 4866/4848/4538 4869/4851/4541 1108/1090/1070
f 4866/4848/4538 1108/1090/1070 1142/1124/1104
f 4864/4846/4536 4867/4849/4539 4870/4852/4542
f 4864/4846/4536 4870/4852/4542 4871/4853/4543
f 4871/4853/4543 4870/4852/4542 4845/4827/4517
f 4871/4853/4543 4845/4827/4517 4844/4826/4516
f 4867/4849/4539 1138/1120/1100 1137/1119/1099
f 4867/4849/4539 1137/1119/1099 4870/4852/4542
f 4870/4852/4542 1137/1119/1099 1140/1122/1102
f 4870/4852/4542 1140/1122/1102 4845/4827/4517
f 4864/4846/4536 4871/4853/4543 4872/4854/4544
f 4864/4846/4536 4872/4854/4544 4873/4855/4545
f 4873/4855/4545 4872/4854/4544 1769/1751/1671
f 4873/4855/4545 1769/1751/1671 1764/1746/1666
f 4871/4853/4543 4844/4826/4516 4851/4833/4523
f 4871/4853/4543 4851/4833/4523 4872/4854/4544
f 4872/4854/4544 4851/4833/4523 1770/1752/1672
f 4872/4854/4544 1770/1752/1672 1769/1751/1671
f 4864/4846/4536 4873/4855/4545 4874/4856/4546
f 4864/4846/4536 4874/4856/4546 4865/4847/4537
f 4865/4847/4537 4874/4856/4546 4875/4857/4547
f 4865/4847/4537 4875/4857/4547 4868/4850/4540
f 4873/4855/4545 1764/1746/1666 1763/1745/1665
f 4873/4855/4545 1763/1745/1665 4874/4856/4546
f 4874/4856/4546 1763/1745/1665 1730/1712/1640
f 4874/4856/4546 1730/1712/1640 4875/4857/4547
f 4876/4858/4548 4877/4859/4549 4878/4860/4550
f 4876/4858/4548 4878/4860/4550 4879/4861/4551
f 4879/4861/4551 4878/4860/4550 1126/1108/1088
f 4879/4861/4551 1126/1108/1088 1122/1104/1084
f 4877/4859/4549 4880/4862/4552 4881/4863/4553
f 4877/4859/4549 4881/4863/4553 4878/4860/4550
f 4878/4860/4550 4881/4863/4553 1080/1062/1042
f 4878/4860/4550 1080/1062/1042 1126/1108/1088
f 4876/4858/4548 4879/4861/4551 4882/4864/4554
f 4876/4858/4548 4882/4864/4554 4883/4865/4555
f 4883/4865/4555 4882/4864/4554 4857/4839/4529
f 4883/4865/4555 4857/4839/4529 4856/4838/4528
f 4879/4861/4551 1122/1104/1084 1121/1103/1083
f 4879/4861/4551 1121/1103/1083 4882/4864/4554
f 4882/4864/4554 1121/1103/1083 1124/1106/1086
f 4882/4864/4554 1124/1106/1086 4857/4839/4529
f 4876/4858/4548 4883/4865/4555 4884/4866/4556
f 4876/4858/4548 4884/4866/4556 4885/4867/4557
f 4885/4867/4557 4884/4866/4556 1749/1731/1655
f 4885/4867/4557 1749/1731/1655 1744/1726/1650
f 4883/4865/4555 4856/4838/4528 4863/4845/4535
f 4883/4865/4555 4863/4845/4535 4884/4866/4556
f 4884/4866/4556 4863/4845/4535 1750/1732/1656
f 4884/4866/4556 1750/1732/1656 1749/1731/1655
f 4876/4858/4548 4885/4867/4557 4886/4868/4558
f 4876/4858/4548 4886/4868/4558 4877/4859/4549
f 4877/4859/4549 4886/4868/4558 4887/4869/4559
f 4877/4859/4549 4887/4869/4559 4880/4862/4552
f 4885/4867/4557 1744/1726/1650 1743/1725/1649
f 4885/4867/4557 1743/1725/1649 4886/4868/4558
f 4886/4868/4558 1743/1725/1649 1690/1672/1608
f 4886/4868/4558 1690/1672/1608 4887/4869/4559
f 4888/4870/4560 4889/4871/4561 4890/4872/4562
f 4888/4870/4560 4890/4872/4562 4891/4873/4563
f 4891/4873/4563 4890/4872/4562 1110/1092/1072
f 4891/4873/4563 1110/1092/1072 1106/1088/1068
f 4889/4871/4561 4892/4874/4564 4893/4875/4565
f 4889/4871/4561 4893/4875/4565 4890/4872/4562
f 4890/4872/4562 4893/4875/4565 1064/1046/1026
f 4890/4872/4562 1064/1046/1026 1110/1092/1072
f 4888/4870/4560 4891/4873/4563 4894/4876/4566
f 4888/4870/4560 4894/4876/4566 4895/4877/4567
f 4895/4877/4567 4894/4876/4566 4869/4851/4541
f 4895/4877/4567 4869/4851/4541 4868/4850/4540
f 4891/4873/4563 1106/1088/1068 1105/1087/1067
f 4891/4873/4563 1105/1087/1067 4894/4876/4566
f 4894/4876/4566 1105/1087/1067 1108/1090/1070
f 4894/4876/4566 1108/1090/1070 4869/4851/4541
f 4888/4870/4560 4895/4877/4567 4896/4878/4568
f 4888/4870/4560 4896/4878/4568 4897/4879/4569
f 4897/4879/4569 4896/4878/4568 1729/1711/1639
f 4897/4879/4569 1729/1711/1639 1724/1706/1634
f 4895/4877/4567 4868/4850/4540 4875/4857/4547
f 4895/4877/4567 4875/4857/4547 4896/4878/4568
f 4896/4878/4568 4875/4857/4547 1730/1712/1640
f 4896/4878/4568 1730/1712/1640 1729/1711/1639
f 4888/4870/4560 4897/4879/4569 4898/4880/4570
f 4888/4870/4560 4898/4880/4570 4889/4871/4561
f 4889/4871/4561 4898/4880/4570 4899/4881/4571
f 4889/4871/4561 4899/4881/4571 4892/4874/4564
f 4897/4879/4569 1724/1706/1634 1723/1705/1633
f 4897/4879/4569 1723/1705/1633 4898/4880/4570
f 4898/4880/4570 1723/1705/1633 1670/1652/1592
f 4898/4880/4570 1670/1652/1592 4899/4881/4571
f 4900/4882/4572 4901/4883/4573 4902/4884/4574
f 4900/4882/4572 4902/4884/4574 4903/4885/4575
f 4903/4885/4575 4902/4884/4574 1094/1076/1056
f 4903/4885/4575 1094/1076/1056 1092/1074/1054
f 4901/4883/4573 4904/4886/4576 4905/4887/4577
f 4901/4883/4573 4905/4887/4577 4902/4884/4574
f 4902/4884/4574 4905/4887/4577 1048/1030/1010
f 4902/4884/4574 1048/1030/1010 1094/1076/1056
f 4900/4882/4572 4903/4885/4575 4906/4888/4578
f 4900/4882/4572 4906/4888/4578 4907/4889/4579
f 4907/4889/4579 4906/4888/4578 4674/4656/4346
f 4907/4889/4579 4674/4656/4346 4673/4655/4345
f 4903/4885/4575 1092/1074/1054 1091/1073/1053
f 4903/4885/4575 1091/1073/1053 4906/4888/4578
f 4906/4888/4578 1091/1073/1053 886/868/852
f 4906/4888/4578 886/868/852 4674/4656/4346
f 4900/4882/4572 4907/4889/4579 4908/4890/4580
f 4900/4882/4572 4908/4890/4580 4909/4891/4581
f 4909/4891/4581 4908/4890/4580 1709/1691/1623
f 4909/4891/4581 1709/1691/1623 1704/1686/1618
f 4907/4889/4579 4673/4655/4345 4683/4665/4355
f 4907/4889/4579 4683/4665/4355 4908/4890/4580
f 4908/4890/4580 4683/4665/4355 1710/1692/1624
f 4908/4890/4580 1710/1692/1624 1709/1691/1623
f 4900/4882/4572 4909/4891/4581 4910/4892/4582
f 4900/4882/4572 4910/4892/4582 4901/4883/4573
f 4901/4883/4573 4910/4892/4582 4911/4893/4583
f 4901/4883/4573 4911/4893/4583 4904/4886/4576
f 4909/4891/4581 1704/1686/1618 1703/1685/1617
f 4909/4891/4581 1703/1685/1617 4910/4892/4582
f 4910/4892/4582 1703/1685/1617 1650/1632/1576
f 4910/4892/4582 1650/1632/1576 4911/4893/4583
f 4912/4894/4584 4913/4895/4585 4914/4896/4586
f 4912/4894/4584 4914/4896/4586 4915/4897/4587
f 4915/4897/4587 4914/4896/4586 1082/1064/1044
f 4915/4897/4587 1082/1064/1044 1078/1060/1040
f 4913/4895/4585 4916/4898/4588 4917/4899/4589
f 4913/4895/4585 4917/4899/4589 4914/4896/4586
f 4914/4896/4586 4917/4899/4589 1032/1014/994
f 4914/4896/4586 1032/1014/994 1082/1064/1044
f 4912/4894/4584 4915/4897/4587 4918/4900/4590
f 4912/4894/4584 4918/4900/4590 4919/4901/4591
f 4919/4901/4591 4918/4900/4590 4881/4863/4553
f 4919/4901/4591 4881/4863/4553 4880/4862/4552
f 4915/4897/4587 1078/1060/1040 1077/1059/1039
f 4915/4897/4587 1077/1059/1039 4918/4900/4590
f 4918/4900/4590 1077/1059/1039 1080/1062/1042
f 4918/4900/4590 1080/1062/1042 4881/4863/4553
f 4912/4894/4584 4919/4901/4591 4920/4902/4592
f 4912/4894/4584 4920/4902/4592 4921/4903/4593
f 4921/4903/4593 4920/4902/4592 1689/1671/1607
f 4921/4903/4593 1689/1671/1607 1684/1666/1602
f 4919/4901/4591 4880/4862/4552 4887/4869/4559
f 4919/4901/4591 4887/4869/4559 4920/4902/4592
f 4920/4902/4592 4887/4869/4559 1690/1672/1608
f 4920/4902/4592 1690/1672/1608 1689/1671/1607
f 4912/4894/4584 4921/4903/4593 4922/4904/4594
f 4912/4894/4584 4922/4904/4594 4913/4895/4585
f 4913/4895/4585 4922/4904/4594 4923/4905/4595
f 4913/4895/4585 4923/4905/4595 4916/4898/4588
f 4921/4903/4593 1684/1666/1602 1683/1665/1601
f 4921/4903/4593 1683/1665/1601 4922/4904/4594
f 4922/4904/4594 1683/1665/1601 1630/1612/1560
f 4922/4904/4594 1630/1612/1560 4923/4905/4595
f 4924/4906/4596 4925/4907/4597 4926/4908/4598
f 4924/4906/4596 4926/4908/4598 4927/4909/4599
f 4927/4909/4599 4926/4908/4598 1066/1048/1028
f 4927/4909/4599 1066/1048/1028 1062/1044/1024
f 4925/4907/4597 4928/4910/4600 4929/4911/4601
f 4925/4907/4597 4929/4911/4601 4926/4908/4598
f 4926/4908/4598 4929/4911/4601 1014/996/978
f 4926/4908/4598 1014/996/978 1066/1048/1028
f 4924/4906/4596 4927/4909/4599 4930/4912/4602
f 4924/4906/4596 4930/4912/4602 4931/4913/4603
f 4931/4913/4603 4930/4912/4602 4893/4875/4565
f 4931/4913/4603 4893/4875/4565 4892/4874/4564
f 4927/4909/4599 1062/1044/1024 1061/1043/1023
f 4927/4909/4599 1061/1043/1023 4930/4912/4602
f 4930/4912/4602 1061/1043/1023 1064/1046/1026
f 4930/4912/4602 1064/1046/1026 4893/4875/4565
f 4924/4906/4596 4931/4913/4603 4932/4914/4604
f 4924/4906/4596 4932/4914/4604 4933/4915/4605
f 4933/4915/4605 4932/4914/4604 1669/1651/1591
f 4933/4915/4605 1669/1651/1591 1664/1646/1586
f 4931/4913/4603 4892/4874/4564 4899/4881/4571
f 4931/4913/4603 4899/4881/4571 4932/4914/4604
f 4932/4914/4604 4899/4881/4571 1670/1652/1592
f 4932/4914/4604 1670/1652/1592 1669/1651/1591
f 4924/4906/4596 4933/4915/4605 4934/4916/4606
f 4924/4906/4596 4934/4916/4606 4925/4907/4597
f 4925/4907/4597 4934/4916/4606 4935/4917/4607
f 4925/4907/4597 4935/4917/4607 4928/4910/4600
f 4933/4915/4605 1664/1646/1586 1663/1645/1585
f 4933/4915/4605 1663/1645/1585 4934/4916/4606
f 4934/4916/4606 1663/1645/1585 1608/1590/1544
f 4934/4916/4606 1608/1590/1544 4935/4917/4607
f 4936/4918/4608 4937/4919/4609 4938/4920/4610
f 4936/4918/4608 4938/4920/4610 4939/4921/4611
f 4939/4921/4611 4938/4920/4610 1050/1032/1012
f 4939/4921/4611 1050/1032/1012 1046/1028/1008
f 4937/4919/4609 4940/4922/4612 4941/4923/4613
f 4937/4919/4609 4941/4923/4613 4938/4920/4610
f 4938/4920/4610 4941/4923/4613 996/978/962
f 4938/4920/4610 996/978/962 1050/1032/1012
f 4936/4918/4608 4939/4921/4611 4942/4924/4614
f 4936/4918/4608 4942/4924/4614 4943/4925/4615
f 4943/4925/4615 4942/4924/4614 4905/4887/4577
f 4943/4925/4615 4905/4887/4577 4904/4886/4576
f 4939/4921/4611 1046/1028/1008 1045/1027/1007
f 4939/4921/4611 1045/1027/1007 4942/4924/4614
f 4942/4924/4614 1045/1027/1007 1048/1030/1010
f 4942/4924/4614 1048/1030/1010 4905/4887/4577
f 4936/4918/4608 4943/4925/4615 4944/4926/4616
f 4936/4918/4608 4944/4926/4616 4945/4927/4617
f 4945/4927/4617 4944/4926/4616 1649/1631/1575
f 4945/4927/4617 1649/1631/1575 1644/1626/1570
f 4943/4925/4615 4904/4886/4576 4911/4893/4583
f 4943/4925/4615 4911/4893/4583 4944/4926/4616
f 4944/4926/4616 4911/4893/4583 1650/1632/1576
f 4944/4926/4616 1650/1632/1576 1649/1631/1575
f 4936/4918/4608 4945/4927/4617 4946/4928/4618
f 4936/4918/4608 4946/4928/4618 4937/4919/4609
f 4937/4919/4609 4946/4928/4618 4947/4929/4619
f 4937/4919/4609 4947/4929/4619 4940/4922/4612
f 4945/4927/4617 1644/1626/1570 1643/1625/1569
f 4945/4927/4617 1643/1625/1569 4946/4928/4618
f 4946/4928/4618 1643/1625/1569 1585/1567/1528
f 4946/4928/4618 1585/1567/1528 4947/4929/4619
f 4948/4930/4620 4949/4931/4621 4950/4932/4622
f 4948/4930/4620 4950/4932/4622 4951/4933/4623
f 4951/4933/4623 4950/4932/4622 1034/1016/996
f 4951/4933/4623 1034/1016/996 1030/1012/992
f 4949/4931/4621 4952/4934/4624 4953/4935/4625
f 4949/4931/4621 4953/4935/4625 4950/4932/4622
f 4950/4932/4622 4953/4935/4625 980/962/946
f 4950/4932/4622 980/962/946 1034/1016/996
f 4948/4930/4620 4951/4933/4623 4954/4936/4626
f 4948/4930/4620 4954/4936/4626 4955/4937/4627
f 4955/4937/4627 4954/4936/4626 4917/4899/4589
f 4955/4937/4627 4917/4899/4589 4916/4898/4588
f 4951/4933/4623 1030/1012/992 1029/1011/991
f 4951/4933/4623 1029/1011/991 4954/4936/4626
f 4954/4936/4626 1029/1011/991 1032/1014/994
f 4954/4936/4626 1032/1014/994 4917/4899/4589
f 4948/4930/4620 4955/4937/4627 4956/4938/4628
f 4948/4930/4620 4956/4938/4628 4957/4939/4629
f 4957/4939/4629 4956/4938/4628 1629/1611/1559
f 4957/4939/4629 1629/1611/1559 1624/1606/1554
f 4955/4937/4627 4916/4898/4588 4923/4905/4595
f 4955/4937/4627 4923/4905/4595 4956/4938/4628
f 4956/4938/4628 4923/4905/4595 1630/1612/1560
f 4956/4938/4628 1630/1612/1560 1629/1611/1559
f 4948/4930/4620 4957/4939/4629 4958/4940/4630
f 4948/4930/4620 4958/4940/4630 4949/4931/4621
f 4949/4931/4621 4958/4940/4630 4959/4941/4631
f 4949/4931/4621 4959/4941/4631 4952/4934/4624
f 4957/4939/4629 1624/1606/1554 1623/1605/1553
f 4957/4939/4629 1623/1605/1553 4958/4940/4630
f 4958/4940/4630 1623/1605/1553 1565/1547/1512
f 4958/4940/4630 1565/1547/1512 4959/4941/4631
f 4960/4942/4632 4961/4943/4633 4962/4944/4634
f 4960/4942/4632 4962/4944/4634 4963/4945/4635
f 4963/4945/4635 4962/4944/4634 1017/999/980
f 4963/4945/4635 1017/999/980 1012/994/976
f 4961/4943/4633 4964/4946/4636 4965/4947/4637
f 4961/4943/4633 4965/4947/4637 4962/4944/4634
f 4962/4944/4634 4965/4947/4637 1018/1000/930
f 4962/4944/4634 1018/1000/930 1017/999/980
f 4960/4942/4632 4963/4945/4635 4966/4948/4638
f 4960/4942/4632 4966/4948/4638 4967/4949/4639
f 4967/4949/4639 4966/4948/4638 4929/4911/4601
f 4967/4949/4639 4929/4911/4601 4928/4910/4600
f 4963/4945/4635 1012/994/976 1011/993/975
f 4963/4945/4635 1011/993/975 4966/4948/4638
f 4966/4948/4638 1011/993/975 1014/996/978
f 4966/4948/4638 1014/996/978 4929/4911/4601
f 4960/4942/4632 4967/4949/4639 4968/4950/4640
f 4960/4942/4632 4968/4950/4640 4969/4951/4641
f 4969/4951/4641 4968/4950/4640 1607/1589/1543
f 4969/4951/4641 1607/1589/1543 1599/1581/1538
f 4967/4949/4639 4928/4910/4600 4935/4917/4607
f 4967/4949/4639 4935/4917/4607 4968/4950/4640
f 4968/4950/4640 4935/4917/4607 1608/1590/1544
f 4968/4950/4640 1608/1590/1544 1607/1589/1543
f 4960/4942/4632 4969/4951/4641 4970/4952/4642
f 4960/4942/4632 4970/4952/4642 4961/4943/4633
f 4961/4943/4633 4970/4952/4642 4971/4953/4643
f 4961/4943/4633 4971/4953/4643 4964/4946/4636
f 4969/4951/4641 1599/1581/1538 1598/1580/1537
f 4969/4951/4641 1598/1580/1537 4970/4952/4642
f 4970/4952/4642 1598/1580/1537 1602/1584/1495
f 4970/4952/4642 1602/1584/1495 4971/4953/4643
f 4972/4954/4644 4973/4955/4645 4974/4956/4646
f 4972/4954/4644 4974/4956/4646 4975/4957/4647
f 4975/4957/4647 4974/4956/4646 998/980/964
f 4975/4957/4647 998/980/964 994/976/960
f 4973/4955/4645 4976/4958/4648 4977/4959/4649
f 4973/4955/4645 4977/4959/4649 4974/4956/4646
f 4974/4956/4646 4977/4959/4649 948/930/914
f 4974/4956/4646 948/930/914 998/980/964
f 4972/4954/4644 4975/4957/4647 4978/4960/4650
f 4972/4954/4644 4978/4960/4650 4979/4961/4651
f 4979/4961/4651 4978/4960/4650 4941/4923/4613
f 4979/4961/4651 4941/4923/4613 4940/4922/4612
f 4975/4957/4647 994/976/960 993/975/959
f 4975/4957/4647 993/975/959 4978/4960/4650
f 4978/4960/4650 993/975/959 996/978/962
f 4978/4960/4650 996/978/962 4941/4923/4613
f 4972/4954/4644 4979/4961/4651 4980/4962/4652
f 4972/4954/4644 4980/4962/4652 4981/4963/4653
f 4981/4963/4653 4980/4962/4652 1584/1566/1527
f 4981/4963/4653 1584/1566/1527 1579/1561/1522
f 4979/4961/4651 4940/4922/4612 4947/4929/4619
f 4979/4961/4651 4947/4929/4619 4980/4962/4652
f 4980/4962/4652 4947/4929/4619 1585/1567/1528
f 4980/4962/4652 1585/1567/1528 1584/1566/1527
f 4972/4954/4644 4981/4963/4653 4982/4964/4654
f 4972/4954/4644 4982/4964/4654 4973/4955/4645
f 4973/4955/4645 4982/4964/4654 4983/4965/4655
f 4973/4955/4645 4983/4965/4655 4976/4958/4648
f 4981/4963/4653 1579/1561/1522 1578/1560/1521
f 4981/4963/4653 1578/1560/1521 4982/4964/4654
f 4982/4964/4654 1578/1560/1521 1518/1500/1475
f 4982/4964/4654 1518/1500/1475 4983/4965/4655
f 4984/4966/4656 4985/4967/4657 4986/4968/4658
f 4984/4966/4656 4986/4968/4658 4987/4969/4659
f 4987/4969/4659 4986/4968/4658 982/964/948
f 4987/4969/4659 982/964/948 978/960/944
f 4985/4967/4657 4988/4970/4660 4989/4971/4661
f 4985/4967/4657 4989/4971/4661 4986/4968/4658
f 4986/4968/4658 4989/4971/4661 932/914/898
f 4986/4968/4658 932/914/898 982/964/948
f 4984/4966/4656 4987/4969/4659 4990/4972/4662
f 4984/4966/4656 4990/4972/4662 4991/4973/4663
f 4991/4973/4663 4990/4972/4662 4953/4935/4625
f 4991/4973/4663 4953/4935/4625 4952/4934/4624
f 4987/4969/4659 978/960/944 977/959/943
f 4987/4969/4659 977/959/943 4990/4972/4662
f 4990/4972/4662 977/959/943 980/962/946
f 4990/4972/4662 980/962/946 4953/4935/4625
f 4984/4966/4656 4991/4973/4663 4992/4974/4664
f 4984/4966/4656 4992/4974/4664 4993/4975/4665
f 4993/4975/4665 4992/4974/4664 1564/1546/1511
f 4993/4975/4665 1564/1546/1511 1559/1541/1506
f 4991/4973/4663 4952/4934/4624 4959/4941/4631
f 4991/4973/4663 4959/4941/4631 4992/4974/4664
f 4992/4974/4664 4959/4941/4631 1565/1547/1512
f 4992/4974/4664 1565/1547/1512 1564/1546/1511
f 4984/4966/4656 4993/4975/4665 4994/4976/4666
f 4984/4966/4656 4994/4976/4666 4985/4967/4657
f 4985/4967/4657 4994/4976/4666 4995/4977/4667
f 4985/4967/4657 4995/4977/4667 4988/4970/4660
f 4993/4975/4665 1559/1541/1506 1558/1540/1505
f 4993/4975/4665 1558/1540/1505 4994/4976/4666
f 4994/4976/4666 1558/1540/1505 804/786/770
f 4994/4976/4666 804/786/770 4995/4977/4667
f 4996/4978/4668 4997/4979/4669 4998/4980/4670
f 4996/4978/4668 4998/4980/4670 4999/4981/4671
f 4999/4981/4671 4998/4980/4670 966/948/932
f 4999/4981/4671 966/948/932 962/944/928
f 4997/4979/4669 4648/4630/4320 4647/4629/4319
f 4997/4979/4669 4647/4629/4319 4998/4980/4670
f 4998/4980/4670 4647/4629/4319 916/898/882
f 4998/4980/4670 916/898/882 966/948/932
f 4996/4978/4668 4999/4981/4671 5000/4982/4672
f 4996/4978/4668 5000/4982/4672 5001/4983/4673
f 5001/4983/4673 5000/4982/4672 5002/4984/4637
f 5001/4983/4673 5002/4984/4637 5003/4985/4636
f 4999/4981/4671 962/944/928 961/943/927
f 4999/4981/4671 961/943/927 5000/4982/4672
f 5000/4982/4672 961/943/927 964/946/930
f 5000/4982/4672 964/946/930 5002/4984/4637
f 4996/4978/4668 5001/4983/4673 5004/4986/4674
f 4996/4978/4668 5004/4986/4674 5005/4987/4675
f 5005/4987/4675 5004/4986/4674 1542/1524/1494
f 5005/4987/4675 1542/1524/1494 1534/1516/1486
f 5001/4983/4673 5003/4985/4636 5006/4988/4643
f 5001/4983/4673 5006/4988/4643 5004/4986/4674
f 5004/4986/4674 5006/4988/4643 1543/1525/1495
f 5004/4986/4674 1543/1525/1495 1542/1524/1494
f 4996/4978/4668 5005/4987/4675 5007/4989/4676
f 4996/4978/4668 5007/4989/4676 4997/4979/4669
f 4997/4979/4669 5007/4989/4676 4651/4633/4323
f 4997/4979/4669 4651/4633/4323 4648/4630/4320
f 5005/4987/4675 1534/1516/1486 1533/1515/1485
f 5005/4987/4675 1533/1515/1485 5007/4989/4676
f 5007/4989/4676 1533/1515/1485 1537/1519/1489
f 5007/4989/4676 1537/1519/1489 4651/4633/4323
f 5008/4990/4677 5009/4991/4678 5010/4992/4679
f 5008/4990/4677 5010/4992/4679 5011/4993/4680
f 5011/4993/4680 5010/4992/4679 950/932/916
f 5011/4993/4680 950/932/916 946/928/912
f 5009/4991/4678 4663/4645/4335 4662/4644/4334
f 5009/4991/4678 4662/4644/4334 5010/4992/4679
f 5010/4992/4679 4662/4644/4334 900/882/866
f 5010/4992/4679 900/882/866 950/932/916
f 5008/4990/4677 5011/4993/4680 5012/4994/4681
f 5008/4990/4677 5012/4994/4681 5013/4995/4682
f 5013/4995/4682 5012/4994/4681 4977/4959/4649
f 5013/4995/4682 4977/4959/4649 4976/4958/4648
f 5011/4993/4680 946/928/912 945/927/911
f 5011/4993/4680 945/927/911 5012/4994/4681
f 5012/4994/4681 945/927/911 948/930/914
f 5012/4994/4681 948/930/914 4977/4959/4649
f 5008/4990/4677 5013/4995/4682 5014/4996/4683
f 5008/4990/4677 5014/4996/4683 5015/4997/4684
f 5015/4997/4684 5014/4996/4683 1517/1499/1474
f 5015/4997/4684 1517/1499/1474 1509/1491/1466
f 5013/4995/4682 4976/4958/4648 4983/4965/4655
f 5013/4995/4682 4983/4965/4655 5014/4996/4683
f 5014/4996/4683 4983/4965/4655 1518/1500/1475
f 5014/4996/4683 1518/1500/1475 1517/1499/1474
f 5008/4990/4677 5015/4997/4684 5016/4998/4685
f 5008/4990/4677 5016/4998/4685 5009/4991/4678
f 5009/4991/4678 5016/4998/4685 4666/4648/4338
f 5009/4991/4678 4666/4648/4338 4663/4645/4335
f 5015/4997/4684 1509/1491/1466 1508/1490/1465
f 5015/4997/4684 1508/1490/1465 5016/4998/4685
f 5016/4998/4685 1508/1490/1465 1512/1494/1469
f 5016/4998/4685 1512/1494/1469 4666/4648/4338
f 5017/4999/4686 5018/5000/4687 5019/5001/4688
f 5017/4999/4686 5019/5001/4688 5020/5002/4689
f 5020/5002/4689 5019/5001/4688 934/916/900
f 5020/5002/4689 934/916/900 930/912/896
f 5018/5000/4687 4678/4660/4350 4677/4659/4349
f 5018/5000/4687 4677/4659/4349 5019/5001/4688
f 5019/5001/4688 4677/4659/4349 882/864/848
f 5019/5001/4688 882/864/848 934/916/900
f 5017/4999/4686 5020/5002/4689 5021/5003/4690
f 5017/4999/4686 5021/5003/4690 5022/5004/4691
f 5022/5004/4691 5021/5003/4690 4989/4971/4661
f 5022/5004/4691 4989/4971/4661 4988/4970/4660
f 5020/5002/4689 930/912/896 929/911/895
f 5020/5002/4689 929/911/895 5021/5003/4690
f 5021/5003/4690 929/911/895 932/914/898
f 5021/5003/4690 932/914/898 4989/4971/4661
f 5017/4999/4686 5022/5004/4691 5023/5005/4692
f 5017/4999/4686 5023/5005/4692 5024/5006/4693
f 5024/5006/4693 5023/5005/4692 803/785/769
f 5024/5006/4693 803/785/769 795/777/761
f 5022/5004/4691 4988/4970/4660 4995/4977/4667
f 5022/5004/4691 4995/4977/4667 5023/5005/4692
f 5023/5005/4692 4995/4977/4667 804/786/770
f 5023/5005/4692 804/786/770 803/785/769
f 5017/4999/4686 5024/5006/4693 5025/5007/4694
f 5017/4999/4686 5025/5007/4694 5018/5000/4687
f 5018/5000/4687 5025/5007/4694 4681/4663/4353
f 5018/5000/4687 4681/4663/4353 4678/4660/4350
f 5024/5006/4693 795/777/761 794/776/760
f 5024/5006/4693 794/776/760 5025/5007/4694
f 5025/5007/4694 794/776/760 798/780/764
f 5025/5007/4694 798/780/764 4681/4663/4353
f 5026/5008/4695 5027/5009/4696 5028/5010/4697
f 5026/5008/4695 5028/5010/4697 5029/5011/4698
f 5029/5011/4698 5028/5010/4697 5030/5012/4699
f 5029/5011/4698 5030/5012/4699 5031/5013/4700
f 5027/5009/4696 2909/2891/2733 2908/2890/2732
f 5027/5009/4696 2908/2890/2732 5028/5010/4697
f 5028/5010/4697 2908/2890/2732 2863/2845/2687
f 5028/5010/4697 2863/2845/2687 5030/5012/4699
f 5026/5008/4695 5029/5011/4698 5032/5014/4701
f 5026/5008/4695 5032/5014/4701 5033/5015/4702
f 5033/5015/4702 5032/5014/4701 4113/4095/3803
f 5033/5015/4702 4113/4095/3803 4112/4094/3802
f 5029/5011/4698 5031/5013/4700 5034/5016/4703
f 5029/5011/4698 5034/5016/4703 5032/5014/4701
f 5032/5014/4701 5034/5016/4703 4077/4059/3773
f 5032/5014/4701 4077/4059/3773 4113/4095/3803
f 5026/5008/4695 5033/5015/4702 5035/5017/4704
f 5026/5008/4695 5035/5017/4704 5036/5018/4705
f 5036/5018/4705 5035/5017/4704 5037/5019/4706
f 5036/5018/4705 5037/5019/4706 5038/5020/4707
f 5033/5015/4702 4112/4094/3802 4122/4104/3809
f 5033/5015/4702 4122/4104/3809 5035/5017/4704
f 5035/5017/4704 4122/4104/3809 3536/3518/3346
f 5035/5017/4704 3536/3518/3346 5037/5019/4706
f 5026/5008/4695 5036/5018/4705 5039/5021/4708
f 5026/5008/4695 5039/5021/4708 5027/5009/4696
f 5027/5009/4696 5039/5021/4708 2914/2896/2738
f 5027/5009/4696 2914/2896/2738 2909/2891/2733
f 5036/5018/4705 5038/5020/4707 5040/5022/4709
f 5036/5018/4705 5040/5022/4709 5039/5021/4708
f 5039/5021/4708 5040/5022/4709 2915/2897/2739
f 5039/5021/4708 2915/2897/2739 2914/2896/2738
f 5041/5023/4710 5042/5024/4711 5043/5025/4712
f 5041/5023/4710 5043/5025/4712 5044/5026/4713
f 5044/5026/4713 5043/5025/4712 5045/5027/4714
f 5044/5026/4713 5045/5027/4714 5046/5028/4715
f 5042/5024/4711 2893/2875/2717 2892/2874/2716
f 5042/5024/4711 2892/2874/2716 5043/5025/4712
f 5043/5025/4712 2892/2874/2716 2847/2829/2671
f 5043/5025/4712 2847/2829/2671 5045/5027/4714
f 5041/5023/4710 5044/5026/4713 5047/5029/4716
f 5041/5023/4710 5047/5029/4716 5048/5030/4717
f 5048/5030/4717 5047/5029/4716 4098/4080/3791
f 5048/5030/4717 4098/4080/3791 4097/4079/3790
f 5044/5026/4713 5046/5028/4715 5049/5031/4718
f 5044/5026/4713 5049/5031/4718 5047/5029/4716
f 5047/5029/4716 5049/5031/4718 4057/4039/3757
f 5047/5029/4716 4057/4039/3757 4098/4080/3791
f 5041/5023/4710 5048/5030/4717 5050/5032/4719
f 5041/5023/4710 5050/5032/4719 5051/5033/4720
f 5051/5033/4720 5050/5032/4719 5052/5034/4721
f 5051/5033/4720 5052/5034/4721 5053/5035/4722
f 5048/5030/4717 4097/4079/3790 4107/4089/3797
f 5048/5030/4717 4107/4089/3797 5050/5032/4719
f 5050/5032/4719 4107/4089/3797 3511/3493/3326
f 5050/5032/4719 3511/3493/3326 5052/5034/4721
f 5041/5023/4710 5051/5033/4720 5054/5036/4723
f 5041/5023/4710 5054/5036/4723 5042/5024/4711
f 5042/5024/4711 5054/5036/4723 2898/2880/2722
f 5042/5024/4711 2898/2880/2722 2893/2875/2717
f 5051/5033/4720 5053/5035/4722 5055/5037/4724
f 5051/5033/4720 5055/5037/4724 5054/5036/4723
f 5054/5036/4723 5055/5037/4724 2899/2881/2723
f 5054/5036/4723 2899/2881/2723 2898/2880/2722
f 5056/5038/4725 5057/5039/4726 5058/5040/4727
f 5056/5038/4725 5058/5040/4727 5059/5041/4728
f 5059/5041/4728 5058/5040/4727 5060/5042/4729
f 5059/5041/4728 5060/5042/4729 5061/5043/4730
f 5057/5039/4726 2875/2857/2699 2874/2856/2698
f 5057/5039/4726 2874/2856/2698 5058/5040/4727
f 5058/5040/4727 2874/2856/2698 2877/2859/2701
f 5058/5040/4727 2877/2859/2701 5060/5042/4729
f 5056/5038/4725 5059/5041/4728 5062/5044/4731
f 5056/5038/4725 5062/5044/4731 5063/5045/4732
f 5063/5045/4732 5062/5044/4731 4083/4065/3779
f 5063/5045/4732 4083/4065/3779 4082/4064/3778
f 5059/5041/4728 5061/5043/4730 5064/5046/4733
f 5059/5041/4728 5064/5046/4733 5062/5044/4731
f 5062/5044/4731 5064/5046/4733 3717/3699/3485
f 5062/5044/4731 3717/3699/3485 4083/4065/3779
f 5056/5038/4725 5063/5045/4732 5065/5047/4734
f 5056/5038/4725 5065/5047/4734 5066/5048/4735
f 5066/5048/4735 5065/5047/4734 5067/5049/4736
f 5066/5048/4735 5067/5049/4736 5068/5050/4737
f 5063/5045/4732 4082/4064/3778 4092/4074/3785
f 5063/5045/4732 4092/4074/3785 5065/5047/4734
f 5065/5047/4734 4092/4074/3785 2797/2779/2621
f 5065/5047/4734 2797/2779/2621 5067/5049/4736
f 5056/5038/4725 5066/5048/4735 5069/5051/4738
f 5056/5038/4725 5069/5051/4738 5057/5039/4726
f 5057/5039/4726 5069/5051/4738 2882/2864/2706
f 5057/5039/4726 2882/2864/2706 2875/2857/2699
f 5066/5048/4735 5068/5050/4737 5070/5052/4739
f 5066/5048/4735 5070/5052/4739 5069/5051/4738
f 5069/5051/4738 5070/5052/4739 2883/2865/2707
f 5069/5051/4738 2883/2865/2707 2882/2864/2706
f 5071/5053/4740 5072/5054/4741 5073/5055/4742
f 5071/5053/4740 5073/5055/4742 5074/5056/4743
f 5074/5056/4743 5073/5055/4742 5075/5057/4744
f 5074/5056/4743 5075/5057/4744 5076/5058/4745
f 5072/5054/4741 2857/2839/2681 2856/2838/2680
f 5072/5054/4741 2856/2838/2680 5073/5055/4742
f 5073/5055/4742 2856/2838/2680 2831/2813/2655
f 5073/5055/4742 2831/2813/2655 5075/5057/4744
f 5071/5053/4740 5074/5056/4743 5077/5059/4746
f 5071/5053/4740 5077/5059/4746 5078/5060/4747
f 5078/5060/4747 5077/5059/4746 4063/4045/3763
f 5078/5060/4747 4063/4045/3763 4062/4044/3762
f 5074/5056/4743 5076/5058/4745 5079/5061/4748
f 5074/5056/4743 5079/5061/4748 5077/5059/4746
f 5077/5059/4746 5079/5061/4748 4037/4019/3741
f 5077/5059/4746 4037/4019/3741 4063/4045/3763
f 5071/5053/4740 5078/5060/4747 5080/5062/4749
f 5071/5053/4740 5080/5062/4749 5081/5063/4750
f 5081/5063/4750 5080/5062/4749 5034/5016/4703
f 5081/5063/4750 5034/5016/4703 5031/5013/4700
f 5078/5060/4747 4062/4044/3762 4075/4057/3771
f 5078/5060/4747 4075/4057/3771 5080/5062/4749
f 5080/5062/4749 4075/4057/3771 4077/4059/3773
f 5080/5062/4749 4077/4059/3773 5034/5016/4703
f 5071/5053/4740 5081/5063/4750 5082/5064/4751
f 5071/5053/4740 5082/5064/4751 5072/5054/4741
f 5072/5054/4741 5082/5064/4751 2862/2844/2686
f 5072/5054/4741 2862/2844/2686 2857/2839/2681
f 5081/5063/4750 5031/5013/4700 5030/5012/4699
f 5081/5063/4750 5030/5012/4699 5082/5064/4751
f 5082/5064/4751 5030/5012/4699 2863/2845/2687
f 5082/5064/4751 2863/2845/2687 2862/2844/2686
f 5083/5065/4752 5084/5066/4753 5085/5067/4754
f 5083/5065/4752 5085/5067/4754 5086/5068/4755
f 5086/5068/4755 5085/5067/4754 5087/5069/4756
f 5086/5068/4755 5087/5069/4756 5088/5070/4757
f 5084/5066/4753 2841/2823/2665 2840/2822/2664
f 5084/5066/4753 2840/2822/2664 5085/5067/4754
f 5085/5067/4754 2840/2822/2664 2144/2126/1973
f 5085/5067/4754 2144/2126/1973 5087/5069/4756
f 5083/5065/4752 5086/5068/4755 5089/5071/4758
f 5083/5065/4752 5089/5071/4758 5090/5072/4759
f 5090/5072/4759 5089/5071/4758 4043/4025/3747
f 5090/5072/4759 4043/4025/3747 4042/4024/3746
f 5086/5068/4755 5088/5070/4757 5091/5073/4760
f 5086/5068/4755 5091/5073/4760 5089/5071/4758
f 5089/5071/4758 5091/5073/4760 4017/3999/3725
f 5089/5071/4758 4017/3999/3725 4043/4025/3747
f 5083/5065/4752 5090/5072/4759 5092/5074/4761
f 5083/5065/4752 5092/5074/4761 5093/5075/4762
f 5093/5075/4762 5092/5074/4761 5049/5031/4718
f 5093/5075/4762 5049/5031/4718 5046/5028/4715
f 5090/5072/4759 4042/4024/3746 4055/4037/3755
f 5090/5072/4759 4055/4037/3755 5092/5074/4761
f 5092/5074/4761 4055/4037/3755 4057/4039/3757
f 5092/5074/4761 4057/4039/3757 5049/5031/4718
f 5083/5065/4752 5093/5075/4762 5094/5076/4763
f 5083/5065/4752 5094/5076/4763 5084/5066/4753
f 5084/5066/4753 5094/5076/4763 2846/2828/2670
f 5084/5066/4753 2846/2828/2670 2841/2823/2665
f 5093/5075/4762 5046/5028/4715 5045/5027/4714
f 5093/5075/4762 5045/5027/4714 5094/5076/4763
f 5094/5076/4763 5045/5027/4714 2847/2829/2671
f 5094/5076/4763 2847/2829/2671 2846/2828/2670
f 5095/5077/4764 5096/5078/4765 5097/5079/4766
f 5095/5077/4764 5097/5079/4766 5098/5080/4767
f 5098/5080/4767 5097/5079/4766 5099/5081/4768
f 5098/5080/4767 5099/5081/4768 5100/5082/4769
f 5096/5078/4765 2823/2805/2647 2822/2804/2646
f 5096/5078/4765 2822/2804/2646 5097/5079/4766
f 5097/5079/4766 2822/2804/2646 2825/2807/2649
f 5097/5079/4766 2825/2807/2649 5099/5081/4768
f 5095/5077/4764 5098/5080/4767 5101/5083/4770
f 5095/5077/4764 5101/5083/4770 5102/5084/4771
f 5102/5084/4771 5101/5083/4770 4023/4005/3731
f 5102/5084/4771 4023/4005/3731 4022/4004/3730
f 5098/5080/4767 5100/5082/4769 5103/5085/4772
f 5098/5080/4767 5103/5085/4772 5101/5083/4770
f 5101/5083/4770 5103/5085/4772 3997/3979/3709
f 5101/5083/4770 3997/3979/3709 4023/4005/3731
f 5095/5077/4764 5102/5084/4771 5104/5086/4773
f 5095/5077/4764 5104/5086/4773 5105/5087/4774
f 5105/5087/4774 5104/5086/4773 5079/5061/4748
f 5105/5087/4774 5079/5061/4748 5076/5058/4745
f 5102/5084/4771 4022/4004/3730 4035/4017/3739
f 5102/5084/4771 4035/4017/3739 5104/5086/4773
f 5104/5086/4773 4035/4017/3739 4037/4019/3741
f 5104/5086/4773 4037/4019/3741 5079/5061/4748
f 5095/5077/4764 5105/5087/4774 5106/5088/4775
f 5095/5077/4764 5106/5088/4775 5096/5078/4765
f 5096/5078/4765 5106/5088/4775 2830/2812/2654
f 5096/5078/4765 2830/2812/2654 2823/2805/2647
f 5105/5087/4774 5076/5058/4745 5075/5057/4744
f 5105/5087/4774 5075/5057/4744 5106/5088/4775
f 5106/5088/4775 5075/5057/4744 2831/2813/2655
f 5106/5088/4775 2831/2813/2655 2830/2812/2654
f 5107/5089/4776 5108/5090/4777 5109/5091/4778
f 5107/5089/4776 5109/5091/4778 5110/5092/4779
f 5110/5092/4779 5109/5091/4778 5111/5093/4780
f 5110/5092/4779 5111/5093/4780 5112/5094/4781
f 5108/5090/4777 2136/2118/1965 2135/2117/1964
f 5108/5090/4777 2135/2117/1964 5109/5091/4778
f 5109/5091/4778 2135/2117/1964 2138/2120/1967
f 5109/5091/4778 2138/2120/1967 5111/5093/4780
f 5107/5089/4776 5110/5092/4779 5113/5095/4782
f 5107/5089/4776 5113/5095/4782 5114/5096/4783
f 5114/5096/4783 5113/5095/4782 4003/3985/3715
f 5114/5096/4783 4003/3985/3715 4002/3984/3714
f 5110/5092/4779 5112/5094/4781 5115/5097/4784
f 5110/5092/4779 5115/5097/4784 5113/5095/4782
f 5113/5095/4782 5115/5097/4784 3977/3959/3693
f 5113/5095/4782 3977/3959/3693 4003/3985/3715
f 5107/5089/4776 5114/5096/4783 5116/5098/4785
f 5107/5089/4776 5116/5098/4785 5117/5099/4786
f 5117/5099/4786 5116/5098/4785 5091/5073/4760
f 5117/5099/4786 5091/5073/4760 5088/5070/4757
f 5114/5096/4783 4002/3984/3714 4015/3997/3723
f 5114/5096/4783 4015/3997/3723 5116/5098/4785
f 5116/5098/4785 4015/3997/3723 4017/3999/3725
f 5116/5098/4785 4017/3999/3725 5091/5073/4760
f 5107/5089/4776 5117/5099/4786 5118/5100/4787
f 5107/5089/4776 5118/5100/4787 5108/5090/4777
f 5108/5090/4777 5118/5100/4787 2143/2125/1972
f 5108/5090/4777 2143/2125/1972 2136/2118/1965
f 5117/5099/4786 5088/5070/4757 5087/5069/4756
f 5117/5099/4786 5087/5069/4756 5118/5100/4787
f 5118/5100/4787 5087/5069/4756 2144/2126/1973
f 5118/5100/4787 2144/2126/1973 2143/2125/1972
f 5119/5101/4788 5120/5102/4789 5121/5103/4790
f 5119/5101/4788 5121/5103/4790 5122/5104/4791
f 5122/5104/4791 5121/5103/4790 5123/5105/4792
f 5122/5104/4791 5123/5105/4792 5124/5106/4793
f 5120/5102/4789 3305/3287/3125 3304/3286/3124
f 5120/5102/4789 3304/3286/3124 5121/5103/4790
f 5121/5103/4790 3304/3286/3124 3283/3265/3103
f 5121/5103/4790 3283/3265/3103 5123/5105/4792
f 5119/5101/4788 5122/5104/4791 5125/5107/4794
f 5119/5101/4788 5125/5107/4794 5126/5108/4795
f 5126/5108/4795 5125/5107/4794 3983/3965/3699
f 5126/5108/4795 3983/3965/3699 3982/3964/3698
f 5122/5104/4791 5124/5106/4793 5127/5109/4796
f 5122/5104/4791 5127/5109/4796 5125/5107/4794
f 5125/5107/4794 5127/5109/4796 3957/3939/3677
f 5125/5107/4794 3957/3939/3677 3983/3965/3699
f 5119/5101/4788 5126/5108/4795 5128/5110/4797
f 5119/5101/4788 5128/5110/4797 5129/5111/4798
f 5129/5111/4798 5128/5110/4797 5103/5085/4772
f 5129/5111/4798 5103/5085/4772 5100/5082/4769
f 5126/5108/4795 3982/3964/3698 3995/3977/3707
f 5126/5108/4795 3995/3977/3707 5128/5110/4797
f 5128/5110/4797 3995/3977/3707 3997/3979/3709
f 5128/5110/4797 3997/3979/3709 5103/5085/4772
f 5119/5101/4788 5129/5111/4798 5130/5112/4799
f 5119/5101/4788 5130/5112/4799 5120/5102/4789
f 5120/5102/4789 5130/5112/4799 3308/3290/3128
f 5120/5102/4789 3308/3290/3128 3305/3287/3125
f 5129/5111/4798 5100/5082/4769 5099/5081/4768
f 5129/5111/4798 5099/5081/4768 5130/5112/4799
f 5130/5112/4799 5099/5081/4768 2825/2807/2649
f 5130/5112/4799 2825/2807/2649 3308/3290/3128
f 5131/5113/4800 5132/5114/4801 5133/5115/4802
f 5131/5113/4800 5133/5115/4802 5134/5116/4803
f 5134/5116/4803 5133/5115/4802 5135/5117/4804
f 5134/5116/4803 5135/5117/4804 5136/5118/4805
f 5132/5114/4801 3293/3275/3113 3292/3274/3112
f 5132/5114/4801 3292/3274/3112 5133/5115/4802
f 5133/5115/4802 3292/3274/3112 3267/3249/3087
f 5133/5115/4802 3267/3249/3087 5135/5117/4804
f 5131/5113/4800 5134/5116/4803 5137/5119/4806
f 5131/5113/4800 5137/5119/4806 5138/5120/4807
f 5138/5120/4807 5137/5119/4806 3963/3945/3683
f 5138/5120/4807 3963/3945/3683 3962/3944/3682
f 5134/5116/4803 5136/5118/4805 5139/5121/4808
f 5134/5116/4803 5139/5121/4808 5137/5119/4806
f 5137/5119/4806 5139/5121/4808 3937/3919/3661
f 5137/5119/4806 3937/3919/3661 3963/3945/3683
f 5131/5113/4800 5138/5120/4807 5140/5122/4809
f 5131/5113/4800 5140/5122/4809 5141/5123/4810
f 5141/5123/4810 5140/5122/4809 5115/5097/4784
f 5141/5123/4810 5115/5097/4784 5112/5094/4781
f 5138/5120/4807 3962/3944/3682 3975/3957/3691
f 5138/5120/4807 3975/3957/3691 5140/5122/4809
f 5140/5122/4809 3975/3957/3691 3977/3959/3693
f 5140/5122/4809 3977/3959/3693 5115/5097/4784
f 5131/5113/4800 5141/5123/4810 5142/5124/4811
f 5131/5113/4800 5142/5124/4811 5132/5114/4801
f 5132/5114/4801 5142/5124/4811 3296/3278/3116
f 5132/5114/4801 3296/3278/3116 3293/3275/3113
f 5141/5123/4810 5112/5094/4781 5111/5093/4780
f 5141/5123/4810 5111/5093/4780 5142/5124/4811
f 5142/5124/4811 5111/5093/4780 2138/2120/1967
f 5142/5124/4811 2138/2120/1967 3296/3278/3116
f 5143/5125/4812 5144/5126/4813 5145/5127/4814
f 5143/5125/4812 5145/5127/4814 5146/5128/4815
f 5146/5128/4815 5145/5127/4814 5147/5129/4816
f 5146/5128/4815 5147/5129/4816 5148/5130/4817
f 5144/5126/4813 3277/3259/3097 3276/3258/3096
f 5144/5126/4813 3276/3258/3096 5145/5127/4814
f 5145/5127/4814 3276/3258/3096 3251/3233/3071
f 5145/5127/4814 3251/3233/3071 5147/5129/4816
f 5143/5125/4812 5146/5128/4815 5149/5131/4818
f 5143/5125/4812 5149/5131/4818 5150/5132/4819
f 5150/5132/4819 5149/5131/4818 3943/3925/3667
f 5150/5132/4819 3943/3925/3667 3942/3924/3666
f 5146/5128/4815 5148/5130/4817 5151/5133/4820
f 5146/5128/4815 5151/5133/4820 5149/5131/4818
f 5149/5131/4818 5151/5133/4820 3917/3899/3645
f 5149/5131/4818 3917/3899/3645 3943/3925/3667
f 5143/5125/4812 5150/5132/4819 5152/5134/4821
f 5143/5125/4812 5152/5134/4821 5153/5135/4822
f 5153/5135/4822 5152/5134/4821 5127/5109/4796
f 5153/5135/4822 5127/5109/4796 5124/5106/4793
f 5150/5132/4819 3942/3924/3666 3955/3937/3675
f 5150/5132/4819 3955/3937/3675 5152/5134/4821
f 5152/5134/4821 3955/3937/3675 3957/3939/3677
f 5152/5134/4821 3957/3939/3677 5127/5109/4796
f 5143/5125/4812 5153/5135/4822 5154/5136/4823
f 5143/5125/4812 5154/5136/4823 5144/5126/4813
f 5144/5126/4813 5154/5136/4823 3282/3264/3102
f 5144/5126/4813 3282/3264/3102 3277/3259/3097
f 5153/5135/4822 5124/5106/4793 5123/5105/4792
f 5153/5135/4822 5123/5105/4792 5154/5136/4823
f 5154/5136/4823 5123/5105/4792 3283/3265/3103
f 5154/5136/4823 3283/3265/3103 3282/3264/3102
f 5155/5137/4824 5156/5138/4825 5157/5139/4826
f 5155/5137/4824 5157/5139/4826 5158/5140/4827
f 5158/5140/4827 5157/5139/4826 5159/5141/4828
f 5158/5140/4827 5159/5141/4828 5160/5142/4829
f 5156/5138/4825 3261/3243/3081 3260/3242/3080
f 5156/5138/4825 3260/3242/3080 5157/5139/4826
f 5157/5139/4826 3260/3242/3080 3235/3217/3055
f 5157/5139/4826 3235/3217/3055 5159/5141/4828
f 5155/5137/4824 5158/5140/4827 5161/5143/4830
f 5155/5137/4824 5161/5143/4830 5162/5144/4831
f 5162/5144/4831 5161/5143/4830 3923/3905/3651
f 5162/5144/4831 3923/3905/3651 3922/3904/3650
f 5158/5140/4827 5160/5142/4829 5163/5145/4832
f 5158/5140/4827 5163/5145/4832 5161/5143/4830
f 5161/5143/4830 5163/5145/4832 3897/3879/3629
f 5161/5143/4830 3897/3879/3629 3923/3905/3651
f 5155/5137/4824 5162/5144/4831 5164/5146/4833
f 5155/5137/4824 5164/5146/4833 5165/5147/4834
f 5165/5147/4834 5164/5146/4833 5139/5121/4808
f 5165/5147/4834 5139/5121/4808 5136/5118/4805
f 5162/5144/4831 3922/3904/3650 3935/3917/3659
f 5162/5144/4831 3935/3917/3659 5164/5146/4833
f 5164/5146/4833 3935/3917/3659 3937/3919/3661
f 5164/5146/4833 3937/3919/3661 5139/5121/4808
f 5155/5137/4824 5165/5147/4834 5166/5148/4835
f 5155/5137/4824 5166/5148/4835 5156/5138/4825
f 5156/5138/4825 5166/5148/4835 3266/3248/3086
f 5156/5138/4825 3266/3248/3086 3261/3243/3081
f 5165/5147/4834 5136/5118/4805 5135/5117/4804
f 5165/5147/4834 5135/5117/4804 5166/5148/4835
f 5166/5148/4835 5135/5117/4804 3267/3249/3087
f 5166/5148/4835 3267/3249/3087 3266/3248/3086
f 5167/5149/4836 5168/5150/4837 5169/5151/4838
f 5167/5149/4836 5169/5151/4838 5170/5152/4839
f 5170/5152/4839 5169/5151/4838 5171/5153/4840
f 5170/5152/4839 5171/5153/4840 5172/5154/4841
f 5168/5150/4837 3245/3227/3065 3244/3226/3064
f 5168/5150/4837 3244/3226/3064 5169/5151/4838
f 5169/5151/4838 3244/3226/3064 3219/3201/3039
f 5169/5151/4838 3219/3201/3039 5171/5153/4840
f 5167/5149/4836 5170/5152/4839 5173/5155/4842
f 5167/5149/4836 5173/5155/4842 5174/5156/4843
f 5174/5156/4843 5173/5155/4842 3903/3885/3635
f 5174/5156/4843 3903/3885/3635 3902/3884/3634
f 5170/5152/4839 5172/5154/4841 5175/5157/4844
f 5170/5152/4839 5175/5157/4844 5173/5155/4842
f 5173/5155/4842 5175/5157/4844 3877/3859/3613
f 5173/5155/4842 3877/3859/3613 3903/3885/3635
f 5167/5149/4836 5174/5156/4843 5176/5158/4845
f 5167/5149/4836 5176/5158/4845 5177/5159/4846
f 5177/5159/4846 5176/5158/4845 5151/5133/4820
f 5177/5159/4846 5151/5133/4820 5148/5130/4817
f 5174/5156/4843 3902/3884/3634 3915/3897/3643
f 5174/5156/4843 3915/3897/3643 5176/5158/4845
f 5176/5158/4845 3915/3897/3643 3917/3899/3645
f 5176/5158/4845 3917/3899/3645 5151/5133/4820
f 5167/5149/4836 5177/5159/4846 5178/5160/4847
f 5167/5149/4836 5178/5160/4847 5168/5150/4837
f 5168/5150/4837 5178/5160/4847 3250/3232/3070
f 5168/5150/4837 3250/3232/3070 3245/3227/3065
f 5177/5159/4846 5148/5130/4817 5147/5129/4816
f 5177/5159/4846 5147/5129/4816 5178/5160/4847
f 5178/5160/4847 5147/5129/4816 3251/3233/3071
f 5178/5160/4847 3251/3233/3071 3250/3232/3070
f 5179/5161/4848 5180/5162/4849 5181/5163/4850
f 5179/5161/4848 5181/5163/4850 5182/5164/4851
f 5182/5164/4851 5181/5163/4850 5183/5165/4852
f 5182/5164/4851 5183/5165/4852 5184/5166/4853
f 5180/5162/4849 3229/3211/3049 3228/3210/3048
f 5180/5162/4849 3228/3210/3048 5181/5163/4850
f 5181/5163/4850 3228/3210/3048 3203/3185/3023
f 5181/5163/4850 3203/3185/3023 5183/5165/4852
f 5179/5161/4848 5182/5164/4851 5185/5167/4854
f 5179/5161/4848 5185/5167/4854 5186/5168/4855
f 5186/5168/4855 5185/5167/4854 3883/3865/3619
f 5186/5168/4855 3883/3865/3619 3882/3864/3618
f 5182/5164/4851 5184/5166/4853 5187/5169/4856
f 5182/5164/4851 5187/5169/4856 5185/5167/4854
f 5185/5167/4854 5187/5169/4856 3857/3839/3597
f 5185/5167/4854 3857/3839/3597 3883/3865/3619
f 5179/5161/4848 5186/5168/4855 5188/5170/4857
f 5179/5161/4848 5188/5170/4857 5189/5171/4858
f 5189/5171/4858 5188/5170/4857 5163/5145/4832
f 5189/5171/4858 5163/5145/4832 5160/5142/4829
f 5186/5168/4855 3882/3864/3618 3895/3877/3627
f 5186/5168/4855 3895/3877/3627 5188/5170/4857
f 5188/5170/4857 3895/3877/3627 3897/3879/3629
f 5188/5170/4857 3897/3879/3629 5163/5145/4832
f 5179/5161/4848 5189/5171/4858 5190/5172/4859
f 5179/5161/4848 5190/5172/4859 5180/5162/4849
f 5180/5162/4849 5190/5172/4859 3234/3216/3054
f 5180/5162/4849 3234/3216/3054 3229/3211/3049
f 5189/5171/4858 5160/5142/4829 5159/5141/4828
f 5189/5171/4858 5159/5141/4828 5190/5172/4859
f 5190/5172/4859 5159/5141/4828 3235/3217/3055
f 5190/5172/4859 3235/3217/3055 3234/3216/3054
f 5191/5173/4860 5192/5174/4861 5193/5175/4862
f 5191/5173/4860 5193/5175/4862 5194/5176/4863
f 5194/5176/4863 5193/5175/4862 5195/5177/4864
f 5194/5176/4863 5195/5177/4864 5196/5178/4865
f 5192/5174/4861 3213/3195/3033 3212/3194/3032
f 5192/5174/4861 3212/3194/3032 5193/5175/4862
f 5193/5175/4862 3212/3194/3032 3187/3169/3007
f 5193/5175/4862 3187/3169/3007 5195/5177/4864
f 5191/5173/4860 5194/5176/4863 5197/5179/4866
f 5191/5173/4860 5197/5179/4866 5198/5180/4867
f 5198/5180/4867 5197/5179/4866 3863/3845/3603
f 5198/5180/4867 3863/3845/3603 3862/3844/3602
f 5194/5176/4863 5196/5178/4865 5199/5181/4868
f 5194/5176/4863 5199/5181/4868 5197/5179/4866
f 5197/5179/4866 5199/5181/4868 3837/3819/3581
f 5197/5179/4866 3837/3819/3581 3863/3845/3603
f 5191/5173/4860 5198/5180/4867 5200/5182/4869
f 5191/5173/4860 5200/5182/4869 5201/5183/4870
f 5201/5183/4870 5200/5182/4869 5175/5157/4844
f 5201/5183/4870 5175/5157/4844 5172/5154/4841
f 5198/5180/4867 3862/3844/3602 3875/3857/3611
f 5198/5180/4867 3875/3857/3611 5200/5182/4869
f 5200/5182/4869 3875/3857/3611 3877/3859/3613
f 5200/5182/4869 3877/3859/3613 5175/5157/4844
f 5191/5173/4860 5201/5183/4870 5202/5184/4871
f 5191/5173/4860 5202/5184/4871 5192/5174/4861
f 5192/5174/4861 5202/5184/4871 3218/3200/3038
f 5192/5174/4861 3218/3200/3038 3213/3195/3033
f 5201/5183/4870 5172/5154/4841 5171/5153/4840
f 5201/5183/4870 5171/5153/4840 5202/5184/4871
f 5202/5184/4871 5171/5153/4840 3219/3201/3039
f 5202/5184/4871 3219/3201/3039 3218/3200/3038
f 5203/5185/4872 5204/5186/4873 5205/5187/4874
f 5203/5185/4872 5205/5187/4874 5206/5188/4875
f 5206/5188/4875 5205/5187/4874 5207/5189/4876
f 5206/5188/4875 5207/5189/4876 5208/5190/4877
f 5204/5186/4873 3197/3179/3017 3196/3178/3016
f 5204/5186/4873 3196/3178/3016 5205/5187/4874
f 5205/5187/4874 3196/3178/3016 3171/3153/2991
f 5205/5187/4874 3171/3153/2991 5207/5189/4876
f 5203/5185/4872 5206/5188/4875 5209/5191/4878
f 5203/5185/4872 5209/5191/4878 5210/5192/4879
f 5210/5192/4879 5209/5191/4878 3843/3825/3587
f 5210/5192/4879 3843/3825/3587 3842/3824/3586
f 5206/5188/4875 5208/5190/4877 5211/5193/4880
f 5206/5188/4875 5211/5193/4880 5209/5191/4878
f 5209/5191/4878 5211/5193/4880 3817/3799/3565
f 5209/5191/4878 3817/3799/3565 3843/3825/3587
f 5203/5185/4872 5210/5192/4879 5212/5194/4881
f 5203/5185/4872 5212/5194/4881 5213/5195/4882
f 5213/5195/4882 5212/5194/4881 5187/5169/4856
f 5213/5195/4882 5187/5169/4856 5184/5166/4853
f 5210/5192/4879 3842/3824/3586 3855/3837/3595
f 5210/5192/4879 3855/3837/3595 5212/5194/4881
f 5212/5194/4881 3855/3837/3595 3857/3839/3597
f 5212/5194/4881 3857/3839/3597 5187/5169/4856
f 5203/5185/4872 5213/5195/4882 5214/5196/4883
f 5203/5185/4872 5214/5196/4883 5204/5186/4873
f 5204/5186/4873 5214/5196/4883 3202/3184/3022
f 5204/5186/4873 3202/3184/3022 3197/3179/3017
f 5213/5195/4882 5184/5166/4853 5183/5165/4852
f 5213/5195/4882 5183/5165/4852 5214/5196/4883
f 5214/5196/4883 5183/5165/4852 3203/3185/3023
f 5214/5196/4883 3203/3185/3023 3202/3184/3022
f 5215/5197/4884 5216/5198/4885 5217/5199/4886
f 5215/5197/4884 5217/5199/4886 5218/5200/4887
f 5218/5200/4887 5217/5199/4886 5219/5201/4888
f 5218/5200/4887 5219/5201/4888 5220/5202/4889
f 5216/5198/4885 3181/3163/3001 3180/3162/3000
f 5216/5198/4885 3180/3162/3000 5217/5199/4886
f 5217/5199/4886 3180/3162/3000 3155/3137/2975
f 5217/5199/4886 3155/3137/2975 5219/5201/4888
f 5215/5197/4884 5218/5200/4887 5221/5203/4890
f 5215/5197/4884 5221/5203/4890 5222/5204/4891
f 5222/5204/4891 5221/5203/4890 3823/3805/3571
f 5222/5204/4891 3823/3805/3571 3822/3804/3570
f 5218/5200/4887 5220/5202/4889 5223/5205/4892
f 5218/5200/4887 5223/5205/4892 5221/5203/4890
f 5221/5203/4890 5223/5205/4892 3797/3779/3549
f 5221/5203/4890 3797/3779/3549 3823/3805/3571
f 5215/5197/4884 5222/5204/4891 5224/5206/4893
f 5215/5197/4884 5224/5206/4893 5225/5207/4894
f 5225/5207/4894 5224/5206/4893 5199/5181/4868
f 5225/5207/4894 5199/5181/4868 5196/5178/4865
f 5222/5204/4891 3822/3804/3570 3835/3817/3579
f 5222/5204/4891 3835/3817/3579 5224/5206/4893
f 5224/5206/4893 3835/3817/3579 3837/3819/3581
f 5224/5206/4893 3837/3819/3581 5199/5181/4868
f 5215/5197/4884 5225/5207/4894 5226/5208/4895
f 5215/5197/4884 5226/5208/4895 5216/5198/4885
f 5216/5198/4885 5226/5208/4895 3186/3168/3006
f 5216/5198/4885 3186/3168/3006 3181/3163/3001
f 5225/5207/4894 5196/5178/4865 5195/5177/4864
f 5225/5207/4894 5195/5177/4864 5226/5208/4895
f 5226/5208/4895 5195/5177/4864 3187/3169/3007
f 5226/5208/4895 3187/3169/3007 3186/3168/3006
f 5227/5209/4896 5228/5210/4897 5229/5211/4898
f 5227/5209/4896 5229/5211/4898 5230/5212/4899
f 5230/5212/4899 5229/5211/4898 5231/5213/4900
f 5230/5212/4899 5231/5213/4900 5232/5214/4901
f 5228/5210/4897 3165/3147/2985 3164/3146/2984
f 5228/5210/4897 3164/3146/2984 5229/5211/4898
f 5229/5211/4898 3164/3146/2984 3139/3121/2959
f 5229/5211/4898 3139/3121/2959 5231/5213/4900
f 5227/5209/4896 5230/5212/4899 5233/5215/4902
f 5227/5209/4896 5233/5215/4902 5234/5216/4903
f 5234/5216/4903 5233/5215/4902 3803/3785/3555
f 5234/5216/4903 3803/3785/3555 3802/3784/3554
f 5230/5212/4899 5232/5214/4901 5235/5217/4904
f 5230/5212/4899 5235/5217/4904 5233/5215/4902
f 5233/5215/4902 5235/5217/4904 3777/3759/3533
f 5233/5215/4902 3777/3759/3533 3803/3785/3555
f 5227/5209/4896 5234/5216/4903 5236/5218/4905
f 5227/5209/4896 5236/5218/4905 5237/5219/4906
f 5237/5219/4906 5236/5218/4905 5211/5193/4880
f 5237/5219/4906 5211/5193/4880 5208/5190/4877
f 5234/5216/4903 3802/3784/3554 3815/3797/3563
f 5234/5216/4903 3815/3797/3563 5236/5218/4905
f 5236/5218/4905 3815/3797/3563 3817/3799/3565
f 5236/5218/4905 3817/3799/3565 5211/5193/4880
f 5227/5209/4896 5237/5219/4906 5238/5220/4907
f 5227/5209/4896 5238/5220/4907 5228/5210/4897
f 5228/5210/4897 5238/5220/4907 3170/3152/2990
f 5228/5210/4897 3170/3152/2990 3165/3147/2985
f 5237/5219/4906 5208/5190/4877 5207/5189/4876
f 5237/5219/4906 5207/5189/4876 5238/5220/4907
f 5238/5220/4907 5207/5189/4876 3171/3153/2991
f 5238/5220/4907 3171/3153/2991 3170/3152/2990
f 5239/5221/4908 5240/5222/4909 5241/5223/4910
f 5239/5221/4908 5241/5223/4910 5242/5224/4911
f 5242/5224/4911 5241/5223/4910 5243/5225/4912
f 5242/5224/4911 5243/5225/4912 5244/5226/4913
f 5240/5222/4909 3149/3131/2969 3148/3130/2968
f 5240/5222/4909 3148/3130/2968 5241/5223/4910
f 5241/5223/4910 3148/3130/2968 3123/3105/2943
f 5241/5223/4910 3123/3105/2943 5243/5225/4912
f 5239/5221/4908 5242/5224/4911 5245/5227/4914
f 5239/5221/4908 5245/5227/4914 5246/5228/4915
f 5246/5228/4915 5245/5227/4914 3783/3765/3539
f 5246/5228/4915 3783/3765/3539 3782/3764/3538
f 5242/5224/4911 5244/5226/4913 5247/5229/4916
f 5242/5224/4911 5247/5229/4916 5245/5227/4914
f 5245/5227/4914 5247/5229/4916 3757/3739/3517
f 5245/5227/4914 3757/3739/3517 3783/3765/3539
f 5239/5221/4908 5246/5228/4915 5248/5230/4917
f 5239/5221/4908 5248/5230/4917 5249/5231/4918
f 5249/5231/4918 5248/5230/4917 5223/5205/4892
f 5249/5231/4918 5223/5205/4892 5220/5202/4889
f 5246/5228/4915 3782/3764/3538 3795/3777/3547
f 5246/5228/4915 3795/3777/3547 5248/5230/4917
f 5248/5230/4917 3795/3777/3547 3797/3779/3549
f 5248/5230/4917 3797/3779/3549 5223/5205/4892
f 5239/5221/4908 5249/5231/4918 5250/5232/4919
f 5239/5221/4908 5250/5232/4919 5240/5222/4909
f 5240/5222/4909 5250/5232/4919 3154/3136/2974
f 5240/5222/4909 3154/3136/2974 3149/3131/2969
f 5249/5231/4918 5220/5202/4889 5219/5201/4888
f 5249/5231/4918 5219/5201/4888 5250/5232/4919
f 5250/5232/4919 5219/5201/4888 3155/3137/2975
f 5250/5232/4919 3155/3137/2975 3154/3136/2974
f 5251/5233/4920 5252/5234/4921 5253/5235/4922
f 5251/5233/4920 5253/5235/4922 5254/5236/4923
f 5254/5236/4923 5253/5235/4922 5255/5237/4924
f 5254/5236/4923 5255/5237/4924 5256/5238/4925
f 5252/5234/4921 3133/3115/2953 3132/3114/2952
f 5252/5234/4921 3132/3114/2952 5253/5235/4922
f 5253/5235/4922 3132/3114/2952 3107/3089/2927
f 5253/5235/4922 3107/3089/2927 5255/5237/4924
f 5251/5233/4920 5254/5236/4923 5257/5239/4926
f 5251/5233/4920 5257/5239/4926 5258/5240/4927
f 5258/5240/4927 5257/5239/4926 3763/3745/3523
f 5258/5240/4927 3763/3745/3523 3762/3744/3522
f 5254/5236/4923 5256/5238/4925 5259/5241/4928
f 5254/5236/4923 5259/5241/4928 5257/5239/4926
f 5257/5239/4926 5259/5241/4928 3737/3719/3501
f 5257/5239/4926 3737/3719/3501 3763/3745/3523
f 5251/5233/4920 5258/5240/4927 5260/5242/4929
f 5251/5233/4920 5260/5242/4929 5261/5243/4930
f 5261/5243/4930 5260/5242/4929 5235/5217/4904
f 5261/5243/4930 5235/5217/4904 5232/5214/4901
f 5258/5240/4927 3762/3744/3522 3775/3757/3531
f 5258/5240/4927 3775/3757/3531 5260/5242/4929
f 5260/5242/4929 3775/3757/3531 3777/3759/3533
f 5260/5242/4929 3777/3759/3533 5235/5217/4904
f 5251/5233/4920 5261/5243/4930 5262/5244/4931
f 5251/5233/4920 5262/5244/4931 5252/5234/4921
f 5252/5234/4921 5262/5244/4931 3138/3120/2958
f 5252/5234/4921 3138/3120/2958 3133/3115/2953
f 5261/5243/4930 5232/5214/4901 5231/5213/4900
f 5261/5243/4930 5231/5213/4900 5262/5244/4931
f 5262/5244/4931 5231/5213/4900 3139/3121/2959
f 5262/5244/4931 3139/3121/2959 3138/3120/2958
f 5263/5245/4932 5264/5246/4933 5265/5247/4934
f 5263/5245/4932 5265/5247/4934 5266/5248/4935
f 5266/5248/4935 5265/5247/4934 5267/5249/4936
f 5266/5248/4935 5267/5249/4936 5268/5250/4937
f 5264/5246/4933 3117/3099/2937 3116/3098/2936
f 5264/5246/4933 3116/3098/2936 5265/5247/4934
f 5265/5247/4934 3116/3098/2936 3079/3061/2899
f 5265/5247/4934 3079/3061/2899 5267/5249/4936
f 5263/5245/4932 5266/5248/4935 5269/5251/4938
f 5263/5245/4932 5269/5251/4938 5270/5252/4939
f 5270/5252/4939 5269/5251/4938 3743/3725/3507
f 5270/5252/4939 3743/3725/3507 3742/3724/3506
f 5266/5248/4935 5268/5250/4937 5271/5253/4940
f 5266/5248/4935 5271/5253/4940 5269/5251/4938
f 5269/5251/4938 5271/5253/4940 3697/3679/3469
f 5269/5251/4938 3697/3679/3469 3743/3725/3507
f 5263/5245/4932 5270/5252/4939 5272/5254/4941
f 5263/5245/4932 5272/5254/4941 5273/5255/4942
f 5273/5255/4942 5272/5254/4941 5247/5229/4916
f 5273/5255/4942 5247/5229/4916 5244/5226/4913
f 5270/5252/4939 3742/3724/3506 3755/3737/3515
f 5270/5252/4939 3755/3737/3515 5272/5254/4941
f 5272/5254/4941 3755/3737/3515 3757/3739/3517
f 5272/5254/4941 3757/3739/3517 5247/5229/4916
f 5263/5245/4932 5273/5255/4942 5274/5256/4943
f 5263/5245/4932 5274/5256/4943 5264/5246/4933
f 5264/5246/4933 5274/5256/4943 3122/3104/2942
f 5264/5246/4933 3122/3104/2942 3117/3099/2937
f 5273/5255/4942 5244/5226/4913 5243/5225/4912
f 5273/5255/4942 5243/5225/4912 5274/5256/4943
f 5274/5256/4943 5243/5225/4912 3123/3105/2943
f 5274/5256/4943 3123/3105/2943 3122/3104/2942
f 5275/5257/4944 5276/5258/4945 5277/5259/4946
f 5275/5257/4944 5277/5259/4946 5278/5260/4947
f 5278/5260/4947 5277/5259/4946 5279/5261/4948
f 5278/5260/4947 5279/5261/4948 5280/5262/4949
f 5276/5258/4945 3101/3083/2921 3100/3082/2920
f 5276/5258/4945 3100/3082/2920 5277/5259/4946
f 5277/5259/4946 3100/3082/2920 3063/3045/2883
f 5277/5259/4946 3063/3045/2883 5279/5261/4948
f 5275/5257/4944 5278/5260/4947 5281/5263/4950
f 5275/5257/4944 5281/5263/4950 5282/5264/4951
f 5282/5264/4951 5281/5263/4950 3723/3705/3491
f 5282/5264/4951 3723/3705/3491 3722/3704/3490
f 5278/5260/4947 5280/5262/4949 5283/5265/4952
f 5278/5260/4947 5283/5265/4952 5281/5263/4950
f 5281/5263/4950 5283/5265/4952 3677/3659/3453
f 5281/5263/4950 3677/3659/3453 3723/3705/3491
f 5275/5257/4944 5282/5264/4951 5284/5266/4953
f 5275/5257/4944 5284/5266/4953 5285/5267/4954
f 5285/5267/4954 5284/5266/4953 5259/5241/4928
f 5285/5267/4954 5259/5241/4928 5256/5238/4925
f 5282/5264/4951 3722/3704/3490 3735/3717/3499
f 5282/5264/4951 3735/3717/3499 5284/5266/4953
f 5284/5266/4953 3735/3717/3499 3737/3719/3501
f 5284/5266/4953 3737/3719/3501 5259/5241/4928
f 5275/5257/4944 5285/5267/4954 5286/5268/4955
f 5275/5257/4944 5286/5268/4955 5276/5258/4945
f 5276/5258/4945 5286/5268/4955 3106/3088/2926
f 5276/5258/4945 3106/3088/2926 3101/3083/2921
f 5285/5267/4954 5256/5238/4925 5255/5237/4924
f 5285/5267/4954 5255/5237/4924 5286/5268/4955
f 5286/5268/4955 5255/5237/4924 3107/3089/2927
f 5286/5268/4955 3107/3089/2927 3106/3088/2926
f 5287/5269/4956 5288/5270/4957 5289/5271/4958
f 5287/5269/4956 5289/5271/4958 5290/5272/4959
f 5290/5272/4959 5289/5271/4958 5291/5273/4960
f 5290/5272/4959 5291/5273/4960 5292/5274/4961
f 5288/5270/4957 3089/3071/2909 3088/3070/2908
f 5288/5270/4957 3088/3070/2908 5289/5271/4958
f 5289/5271/4958 3088/3070/2908 3047/3029/2867
f 5289/5271/4958 3047/3029/2867 5291/5273/4960
f 5287/5269/4956 5290/5272/4959 5293/5275/4962
f 5287/5269/4956 5293/5275/4962 5294/5276/4963
f 5294/5276/4963 5293/5275/4962 3703/3685/3475
f 5294/5276/4963 3703/3685/3475 3702/3684/3474
f 5290/5272/4959 5292/5274/4961 5295/5277/4964
f 5290/5272/4959 5295/5277/4964 5293/5275/4962
f 5293/5275/4962 5295/5277/4964 3657/3639/3437
f 5293/5275/4962 3657/3639/3437 3703/3685/3475
f 5287/5269/4956 5294/5276/4963 5296/5278/4965
f 5287/5269/4956 5296/5278/4965 5297/5279/4966
f 5297/5279/4966 5296/5278/4965 5064/5046/4733
f 5297/5279/4966 5064/5046/4733 5061/5043/4730
f 5294/5276/4963 3702/3684/3474 3715/3697/3483
f 5294/5276/4963 3715/3697/3483 5296/5278/4965
f 5296/5278/4965 3715/3697/3483 3717/3699/3485
f 5296/5278/4965 3717/3699/3485 5064/5046/4733
f 5287/5269/4956 5297/5279/4966 5298/5280/4967
f 5287/5269/4956 5298/5280/4967 5288/5270/4957
f 5288/5270/4957 5298/5280/4967 3092/3074/2912
f 5288/5270/4957 3092/3074/2912 3089/3071/2909
f 5297/5279/4966 5061/5043/4730 5060/5042/4729
f 5297/5279/4966 5060/5042/4729 5298/5280/4967
f 5298/5280/4967 5060/5042/4729 2877/2859/2701
f 5298/5280/4967 2877/2859/2701 3092/3074/2912
f 5299/5281/4968 5300/5282/4969 5301/5283/4970
f 5299/5281/4968 5301/5283/4970 5302/5284/4971
f 5302/5284/4971 5301/5283/4970 5303/5285/4972
f 5302/5284/4971 5303/5285/4972 5304/5286/4973
f 5300/5282/4969 3073/3055/2893 3072/3054/2892
f 5300/5282/4969 3072/3054/2892 5301/5283/4970
f 5301/5283/4970 3072/3054/2892 3031/3013/2851
f 5301/5283/4970 3031/3013/2851 5303/5285/4972
f 5299/5281/4968 5302/5284/4971 5305/5287/4974
f 5299/5281/4968 5305/5287/4974 5306/5288/4975
f 5306/5288/4975 5305/5287/4974 3683/3665/3459
f 5306/5288/4975 3683/3665/3459 3682/3664/3458
f 5302/5284/4971 5304/5286/4973 5307/5289/4976
f 5302/5284/4971 5307/5289/4976 5305/5287/4974
f 5305/5287/4974 5307/5289/4976 3637/3619/3421
f 5305/5287/4974 3637/3619/3421 3683/3665/3459
f 5299/5281/4968 5306/5288/4975 5308/5290/4977
f 5299/5281/4968 5308/5290/4977 5309/5291/4978
f 5309/5291/4978 5308/5290/4977 5271/5253/4940
f 5309/5291/4978 5271/5253/4940 5268/5250/4937
f 5306/5288/4975 3682/3664/3458 3695/3677/3467
f 5306/5288/4975 3695/3677/3467 5308/5290/4977
f 5308/5290/4977 3695/3677/3467 3697/3679/3469
f 5308/5290/4977 3697/3679/3469 5271/5253/4940
f 5299/5281/4968 5309/5291/4978 5310/5292/4979
f 5299/5281/4968 5310/5292/4979 5300/5282/4969
f 5300/5282/4969 5310/5292/4979 3078/3060/2898
f 5300/5282/4969 3078/3060/2898 3073/3055/2893
f 5309/5291/4978 5268/5250/4937 5267/5249/4936
f 5309/5291/4978 5267/5249/4936 5310/5292/4979
f 5310/5292/4979 5267/5249/4936 3079/3061/2899
f 5310/5292/4979 3079/3061/2899 3078/3060/2898
f 5311/5293/4980 5312/5294/4981 5313/5295/4982
f 5311/5293/4980 5313/5295/4982 5314/5296/4983
f 5314/5296/4983 5313/5295/4982 5315/5297/4984
f 5314/5296/4983 5315/5297/4984 5316/5298/4985
f 5312/5294/4981 3057/3039/2877 3056/3038/2876
f 5312/5294/4981 3056/3038/2876 5313/5295/4982
f 5313/5295/4982 3056/3038/2876 3015/2997/2835
f 5313/5295/4982 3015/2997/2835 5315/5297/4984
f 5311/5293/4980 5314/5296/4983 5317/5299/4986
f 5311/5293/4980 5317/5299/4986 5318/5300/4987
f 5318/5300/4987 5317/5299/4986 3663/3645/3443
f 5318/5300/4987 3663/3645/3443 3662/3644/3442
f 5314/5296/4983 5316/5298/4985 5319/5301/4988
f 5314/5296/4983 5319/5301/4988 5317/5299/4986
f 5317/5299/4986 5319/5301/4988 3617/3599/3405
f 5317/5299/4986 3617/3599/3405 3663/3645/3443
f 5311/5293/4980 5318/5300/4987 5320/5302/4989
f 5311/5293/4980 5320/5302/4989 5321/5303/4990
f 5321/5303/4990 5320/5302/4989 5283/5265/4952
f 5321/5303/4990 5283/5265/4952 5280/5262/4949
f 5318/5300/4987 3662/3644/3442 3675/3657/3451
f 5318/5300/4987 3675/3657/3451 5320/5302/4989
f 5320/5302/4989 3675/3657/3451 3677/3659/3453
f 5320/5302/4989 3677/3659/3453 5283/5265/4952
f 5311/5293/4980 5321/5303/4990 5322/5304/4991
f 5311/5293/4980 5322/5304/4991 5312/5294/4981
f 5312/5294/4981 5322/5304/4991 3062/3044/2882
f 5312/5294/4981 3062/3044/2882 3057/3039/2877
f 5321/5303/4990 5280/5262/4949 5279/5261/4948
f 5321/5303/4990 5279/5261/4948 5322/5304/4991
f 5322/5304/4991 5279/5261/4948 3063/3045/2883
f 5322/5304/4991 3063/3045/2883 3062/3044/2882
f 5323/5305/4992 5324/5306/4993 5325/5307/4994
f 5323/5305/4992 5325/5307/4994 5326/5308/4995
f 5326/5308/4995 5325/5307/4994 5327/5309/4996
f 5326/5308/4995 5327/5309/4996 5328/5310/4997
f 5324/5306/4993 3041/3023/2861 3040/3022/2860
f 5324/5306/4993 3040/3022/2860 5325/5307/4994
f 5325/5307/4994 3040/3022/2860 2995/2977/2819
f 5325/5307/4994 2995/2977/2819 5327/5309/4996
f 5323/5305/4992 5326/5308/4995 5329/5311/4998
f 5323/5305/4992 5329/5311/4998 5330/5312/4999
f 5330/5312/4999 5329/5311/4998 3643/3625/3427
f 5330/5312/4999 3643/3625/3427 3642/3624/3426
f 5326/5308/4995 5328/5310/4997 5331/5313/5000
f 5326/5308/4995 5331/5313/5000 5329/5311/4998
f 5329/5311/4998 5331/5313/5000 3592/3574/3389
f 5329/5311/4998 3592/3574/3389 3643/3625/3427
f 5323/5305/4992 5330/5312/4999 5332/5314/5001
f 5323/5305/4992 5332/5314/5001 5333/5315/5002
f 5333/5315/5002 5332/5314/5001 5295/5277/4964
f 5333/5315/5002 5295/5277/4964 5292/5274/4961
f 5330/5312/4999 3642/3624/3426 3655/3637/3435
f 5330/5312/4999 3655/3637/3435 5332/5314/5001
f 5332/5314/5001 3655/3637/3435 3657/3639/3437
f 5332/5314/5001 3657/3639/3437 5295/5277/4964
f 5323/5305/4992 5333/5315/5002 5334/5316/5003
f 5323/5305/4992 5334/5316/5003 5324/5306/4993
f 5324/5306/4993 5334/5316/5003 3046/3028/2866
f 5324/5306/4993 3046/3028/2866 3041/3023/2861
f 5333/5315/5002 5292/5274/4961 5291/5273/4960
f 5333/5315/5002 5291/5273/4960 5334/5316/5003
f 5334/5316/5003 5291/5273/4960 3047/3029/2867
f 5334/5316/5003 3047/3029/2867 3046/3028/2866
f 5335/5317/5004 5336/5318/5005 5337/5319/5006
f 5335/5317/5004 5337/5319/5006 5338/5320/5007
f 5338/5320/5007 5337/5319/5006 5339/5321/5008
f 5338/5320/5007 5339/5321/5008 5340/5322/5009
f 5336/5318/5005 3025/3007/2845 3024/3006/2844
f 5336/5318/5005 3024/3006/2844 5337/5319/5006
f 5337/5319/5006 3024/3006/2844 2979/2961/2803
f 5337/5319/5006 2979/2961/2803 5339/5321/5008
f 5335/5317/5004 5338/5320/5007 5341/5323/5010
f 5335/5317/5004 5341/5323/5010 5342/5324/5011
f 5342/5324/5011 5341/5323/5010 3623/3605/3411
f 5342/5324/5011 3623/3605/3411 3622/3604/3410
f 5338/5320/5007 5340/5322/5009 5343/5325/5012
f 5338/5320/5007 5343/5325/5012 5341/5323/5010
f 5341/5323/5010 5343/5325/5012 3572/3554/3373
f 5341/5323/5010 3572/3554/3373 3623/3605/3411
f 5335/5317/5004 5342/5324/5011 5344/5326/5013
f 5335/5317/5004 5344/5326/5013 5345/5327/5014
f 5345/5327/5014 5344/5326/5013 5307/5289/4976
f 5345/5327/5014 5307/5289/4976 5304/5286/4973
f 5342/5324/5011 3622/3604/3410 3635/3617/3419
f 5342/5324/5011 3635/3617/3419 5344/5326/5013
f 5344/5326/5013 3635/3617/3419 3637/3619/3421
f 5344/5326/5013 3637/3619/3421 5307/5289/4976
f 5335/5317/5004 5345/5327/5014 5346/5328/5015
f 5335/5317/5004 5346/5328/5015 5336/5318/5005
f 5336/5318/5005 5346/5328/5015 3030/3012/2850
f 5336/5318/5005 3030/3012/2850 3025/3007/2845
f 5345/5327/5014 5304/5286/4973 5303/5285/4972
f 5345/5327/5014 5303/5285/4972 5346/5328/5015
f 5346/5328/5015 5303/5285/4972 3031/3013/2851
f 5346/5328/5015 3031/3013/2851 3030/3012/2850
f 5347/5329/5016 5348/5330/5017 5349/5331/5018
f 5347/5329/5016 5349/5331/5018 5350/5332/5019
f 5350/5332/5019 5349/5331/5018 5351/5333/5020
f 5350/5332/5019 5351/5333/5020 5352/5334/5021
f 5348/5330/5017 3007/2989/2829 3006/2988/2828
f 5348/5330/5017 3006/2988/2828 5349/5331/5018
f 5349/5331/5018 3006/2988/2828 3009/2991/2787
f 5349/5331/5018 3009/2991/2787 5351/5333/5020
f 5347/5329/5016 5350/5332/5019 5353/5335/5022
f 5347/5329/5016 5353/5335/5022 5354/5336/5023
f 5354/5336/5023 5353/5335/5022 3600/3582/3395
f 5354/5336/5023 3600/3582/3395 3599/3581/3394
f 5350/5332/5019 5352/5334/5021 5355/5337/5024
f 5350/5332/5019 5355/5337/5024 5353/5335/5022
f 5353/5335/5022 5355/5337/5024 3601/3583/3357
f 5353/5335/5022 3601/3583/3357 3600/3582/3395
f 5347/5329/5016 5354/5336/5023 5356/5338/5025
f 5347/5329/5016 5356/5338/5025 5357/5339/5026
f 5357/5339/5026 5356/5338/5025 5319/5301/4988
f 5357/5339/5026 5319/5301/4988 5316/5298/4985
f 5354/5336/5023 3599/3581/3394 3615/3597/3403
f 5354/5336/5023 3615/3597/3403 5356/5338/5025
f 5356/5338/5025 3615/3597/3403 3617/3599/3405
f 5356/5338/5025 3617/3599/3405 5319/5301/4988
f 5347/5329/5016 5357/5339/5026 5358/5340/5027
f 5347/5329/5016 5358/5340/5027 5348/5330/5017
f 5348/5330/5017 5358/5340/5027 3014/2996/2834
f 5348/5330/5017 3014/2996/2834 3007/2989/2829
f 5357/5339/5026 5316/5298/4985 5315/5297/4984
f 5357/5339/5026 5315/5297/4984 5358/5340/5027
f 5358/5340/5027 5315/5297/4984 3015/2997/2835
f 5358/5340/5027 3015/2997/2835 3014/2996/2834
f 5359/5341/5028 5360/5342/5029 5361/5343/5030
f 5359/5341/5028 5361/5343/5030 5362/5344/5031
f 5362/5344/5031 5361/5343/5030 5363/5345/5032
f 5362/5344/5031 5363/5345/5032 5364/5346/5033
f 5360/5342/5029 2989/2971/2813 2988/2970/2812
f 5360/5342/5029 2988/2970/2812 5361/5343/5030
f 5361/5343/5030 2988/2970/2812 2947/2929/2771
f 5361/5343/5030 2947/2929/2771 5363/5345/5032
f 5359/5341/5028 5362/5344/5031 5365/5347/5034
f 5359/5341/5028 5365/5347/5034 5366/5348/5035
f 5366/5348/5035 5365/5347/5034 3578/3560/3379
f 5366/5348/5035 3578/3560/3379 3577/3559/3378
f 5362/5344/5031 5364/5346/5033 5367/5349/5036
f 5362/5344/5031 5367/5349/5036 5365/5347/5034
f 5365/5347/5034 5367/5349/5036 3527/3509/3337
f 5365/5347/5034 3527/3509/3337 3578/3560/3379
f 5359/5341/5028 5366/5348/5035 5368/5350/5037
f 5359/5341/5028 5368/5350/5037 5369/5351/5038
f 5369/5351/5038 5368/5350/5037 5331/5313/5000
f 5369/5351/5038 5331/5313/5000 5328/5310/4997
f 5366/5348/5035 3577/3559/3378 3590/3572/3387
f 5366/5348/5035 3590/3572/3387 5368/5350/5037
f 5368/5350/5037 3590/3572/3387 3592/3574/3389
f 5368/5350/5037 3592/3574/3389 5331/5313/5000
f 5359/5341/5028 5369/5351/5038 5370/5352/5039
f 5359/5341/5028 5370/5352/5039 5360/5342/5029
f 5360/5342/5029 5370/5352/5039 2994/2976/2818
f 5360/5342/5029 2994/2976/2818 2989/2971/2813
f 5369/5351/5038 5328/5310/4997 5327/5309/4996
f 5369/5351/5038 5327/5309/4996 5370/5352/5039
f 5370/5352/5039 5327/5309/4996 2995/2977/2819
f 5370/5352/5039 2995/2977/2819 2994/2976/2818
f 5371/5353/5040 5372/5354/5041 5373/5355/5042
f 5371/5353/5040 5373/5355/5042 5374/5356/5043
f 5374/5356/5043 5373/5355/5042 5375/5357/5044
f 5374/5356/5043 5375/5357/5044 5376/5358/5045
f 5372/5354/5041 2973/2955/2797 2972/2954/2796
f 5372/5354/5041 2972/2954/2796 5373/5355/5042
f 5373/5355/5042 2972/2954/2796 2931/2913/2755
f 5373/5355/5042 2931/2913/2755 5375/5357/5044
f 5371/5353/5040 5374/5356/5043 5377/5359/5046
f 5371/5353/5040 5377/5359/5046 5378/5360/5047
f 5378/5360/5047 5377/5359/5046 3558/3540/3363
f 5378/5360/5047 3558/3540/3363 3557/3539/3362
f 5374/5356/5043 5376/5358/5045 5379/5361/5048
f 5374/5356/5043 5379/5361/5048 5377/5359/5046
f 5377/5359/5046 5379/5361/5048 2813/2795/2637
f 5377/5359/5046 2813/2795/2637 3558/3540/3363
f 5371/5353/5040 5378/5360/5047 5380/5362/5049
f 5371/5353/5040 5380/5362/5049 5381/5363/5050
f 5381/5363/5050 5380/5362/5049 5343/5325/5012
f 5381/5363/5050 5343/5325/5012 5340/5322/5009
f 5378/5360/5047 3557/3539/3362 3570/3552/3371
f 5378/5360/5047 3570/3552/3371 5380/5362/5049
f 5380/5362/5049 3570/3552/3371 3572/3554/3373
f 5380/5362/5049 3572/3554/3373 5343/5325/5012
f 5371/5353/5040 5381/5363/5050 5382/5364/5051
f 5371/5353/5040 5382/5364/5051 5372/5354/5041
f 5372/5354/5041 5382/5364/5051 2978/2960/2802
f 5372/5354/5041 2978/2960/2802 2973/2955/2797
f 5381/5363/5050 5340/5322/5009 5339/5321/5008
f 5381/5363/5050 5339/5321/5008 5382/5364/5051
f 5382/5364/5051 5339/5321/5008 2979/2961/2803
f 5382/5364/5051 2979/2961/2803 2978/2960/2802
f 5383/5365/5052 5384/5366/5053 5385/5367/5054
f 5383/5365/5052 5385/5367/5054 5386/5368/5055
f 5386/5368/5055 5385/5367/5054 5040/5022/4709
f 5386/5368/5055 5040/5022/4709 5038/5020/4707
f 5384/5366/5053 2957/2939/2781 2956/2938/2780
f 5384/5366/5053 2956/2938/2780 5385/5367/5054
f 5385/5367/5054 2956/2938/2780 2915/2897/2739
f 5385/5367/5054 2915/2897/2739 5040/5022/4709
f 5383/5365/5052 5386/5368/5055 5387/5369/5056
f 5383/5365/5052 5387/5369/5056 5388/5370/5057
f 5388/5370/5057 5387/5369/5056 3535/3517/3345
f 5388/5370/5057 3535/3517/3345 3534/3516/3344
f 5386/5368/5055 5038/5020/4707 5037/5019/4706
f 5386/5368/5055 5037/5019/4706 5387/5369/5056
f 5387/5369/5056 5037/5019/4706 3536/3518/3346
f 5387/5369/5056 3536/3518/3346 3535/3517/3345
f 5383/5365/5052 5388/5370/5057 5389/5371/5058
f 5383/5365/5052 5389/5371/5058 5390/5372/5059
f 5390/5372/5059 5389/5371/5058 5391/5373/5024
f 5390/5372/5059 5391/5373/5024 5392/5374/5021
f 5388/5370/5057 3534/3516/3344 3550/3532/3355
f 5388/5370/5057 3550/3532/3355 5389/5371/5058
f 5389/5371/5058 3550/3532/3355 3552/3534/3357
f 5389/5371/5058 3552/3534/3357 5391/5373/5024
f 5383/5365/5052 5390/5372/5059 5393/5375/5060
f 5383/5365/5052 5393/5375/5060 5384/5366/5053
f 5384/5366/5053 5393/5375/5060 2962/2944/2786
f 5384/5366/5053 2962/2944/2786 2957/2939/2781
f 5390/5372/5059 5392/5374/5021 5394/5376/5020
f 5390/5372/5059 5394/5376/5020 5393/5375/5060
f 5393/5375/5060 5394/5376/5020 2963/2945/2787
f 5393/5375/5060 2963/2945/2787 2962/2944/2786
f 5395/5377/5061 5396/5378/5062 5397/5379/5063
f 5395/5377/5061 5397/5379/5063 5398/5380/5064
f 5398/5380/5064 5397/5379/5063 5055/5037/4724
f 5398/5380/5064 5055/5037/4724 5053/5035/4722
f 5396/5378/5062 2941/2923/2765 2940/2922/2764
f 5396/5378/5062 2940/2922/2764 5397/5379/5063
f 5397/5379/5063 2940/2922/2764 2899/2881/2723
f 5397/5379/5063 2899/2881/2723 5055/5037/4724
f 5395/5377/5061 5398/5380/5064 5399/5381/5065
f 5395/5377/5061 5399/5381/5065 5400/5382/5066
f 5400/5382/5066 5399/5381/5065 3510/3492/3325
f 5400/5382/5066 3510/3492/3325 3509/3491/3324
f 5398/5380/5064 5053/5035/4722 5052/5034/4721
f 5398/5380/5064 5052/5034/4721 5399/5381/5065
f 5399/5381/5065 5052/5034/4721 3511/3493/3326
f 5399/5381/5065 3511/3493/3326 3510/3492/3325
f 5395/5377/5061 5400/5382/5066 5401/5383/5067
f 5395/5377/5061 5401/5383/5067 5402/5384/5068
f 5402/5384/5068 5401/5383/5067 5367/5349/5036
f 5402/5384/5068 5367/5349/5036 5364/5346/5033
f 5400/5382/5066 3509/3491/3324 3525/3507/3335
f 5400/5382/5066 3525/3507/3335 5401/5383/5067
f 5401/5383/5067 3525/3507/3335 3527/3509/3337
f 5401/5383/5067 3527/3509/3337 5367/5349/5036
f 5395/5377/5061 5402/5384/5068 5403/5385/5069
f 5395/5377/5061 5403/5385/5069 5396/5378/5062
f 5396/5378/5062 5403/5385/5069 2946/2928/2770
f 5396/5378/5062 2946/2928/2770 2941/2923/2765
f 5402/5384/5068 5364/5346/5033 5363/5345/5032
f 5402/5384/5068 5363/5345/5032 5403/5385/5069
f 5403/5385/5069 5363/5345/5032 2947/2929/2771
f 5403/5385/5069 2947/2929/2771 2946/2928/2770
f 5404/5386/5070 5405/5387/5071 5406/5388/5072
f 5404/5386/5070 5406/5388/5072 5407/5389/5073
f 5407/5389/5073 5406/5388/5072 5070/5052/4739
f 5407/5389/5073 5070/5052/4739 5068/5050/4737
f 5405/5387/5071 2925/2907/2749 2924/2906/2748
f 5405/5387/5071 2924/2906/2748 5406/5388/5072
f 5406/5388/5072 2924/2906/2748 2883/2865/2707
f 5406/5388/5072 2883/2865/2707 5070/5052/4739
f 5404/5386/5070 5407/5389/5073 5408/5390/5074
f 5404/5386/5070 5408/5390/5074 5409/5391/5075
f 5409/5391/5075 5408/5390/5074 2796/2778/2620
f 5409/5391/5075 2796/2778/2620 2795/2777/2619
f 5407/5389/5073 5068/5050/4737 5067/5049/4736
f 5407/5389/5073 5067/5049/4736 5408/5390/5074
f 5408/5390/5074 5067/5049/4736 2797/2779/2621
f 5408/5390/5074 2797/2779/2621 2796/2778/2620
f 5404/5386/5070 5409/5391/5075 5410/5392/5076
f 5404/5386/5070 5410/5392/5076 5411/5393/5077
f 5411/5393/5077 5410/5392/5076 5379/5361/5048
f 5411/5393/5077 5379/5361/5048 5376/5358/5045
f 5409/5391/5075 2795/2777/2619 2811/2793/2635
f 5409/5391/5075 2811/2793/2635 5410/5392/5076
f 5410/5392/5076 2811/2793/2635 2813/2795/2637
f 5410/5392/5076 2813/2795/2637 5379/5361/5048
f 5404/5386/5070 5411/5393/5077 5412/5394/5078
f 5404/5386/5070 5412/5394/5078 5405/5387/5071
f 5405/5387/5071 5412/5394/5078 2930/2912/2754
f 5405/5387/5071 2930/2912/2754 2925/2907/2749
f 5411/5393/5077 5376/5358/5045 5375/5357/5044
f 5411/5393/5077 5375/5357/5044 5412/5394/5078
f 5412/5394/5078 5375/5357/5044 2931/2913/2755
f 5412/5394/5078 2931/2913/2755 2930/2912/2754
# Vertices: 5288, normals: 4983, texture coordinates: 5288, faces: 9728

