# File generated by ImageToStl.com - Free Image and 3D model conversion tools

mtllib low_poly_mccree.mtl

o obj1
v 0.43652895 0.11598564 0.18639231
v 0.27348703 0.02756731 0.0329022
v 0.43243133 0.03310347 -0.05273035
v 0.46572841 0.12039817 0.17424295
v 0.45214422 0.12412684 0.1829674
v 0.24828828 1.39362774 0.06021964
v 0.20281013 1.34258548 -0.1339131
v 0.08295997 1.25820703 -0.15416267
v -0.01024544 1.22058311 -0.05210239
v 0.05473877 1.2310461 0.12498397
v 0.18273014 1.30031611 0.14000111
v -0.41096029 0.02428214 -0.0645499
v -0.23247454 0.02204047 -0.03691381
v -0.33730197 0.09711685 0.16639431
v -0.35337751 0.10471952 0.1687776
v -0.36898909 0.10077284 0.16487005
v -0.14803643 1.26626625 -0.21166347
v -0.25647512 1.34457189 -0.14839545
v -0.23596841 1.38569149 0.05222752
v -0.19959298 1.34822041 0.07164042
v -0.14510343 1.29208735 0.10072251
v -0.02780053 1.23480639 0.04078251
v -0.0459985 1.21957311 -0.03945363
v -0.05007003 1.40558889 0.14284094
v -0.04208908 1.33553999 0.1471957
v -0.04189529 1.33563497 0.13614388
v -0.04474257 1.36718981 0.1345898
v -0.0475004 1.39774398 0.13308604
v -0.03077266 1.33658349 0.1350072
v -0.03343732 1.36608856 0.13355374
v -0.03363857 1.36832652 0.13344381
v -0.03368329 1.36882588 0.13341958
v 0.04769512 1.22975852 0.1123967
v 0.07032798 1.60732806 0.10020448
v 0.09896285 1.59445012 0.0949441
v 0.1008337 1.58917478 0.12224291
v 0.0762275 1.58952327 0.10891774
v -0.02516941 1.22852487 0.02621632
v -0.07741915 1.60247016 0.0898831
v -0.08329632 1.58427778 0.0977746
v -0.10943795 1.5822616 0.10755373
v -0.10414218 1.58777169 0.08075431
v -0.03637963 1.39869063 0.1319475
v -0.0383362 1.40858335 0.13090959
v -0.04570222 1.40795542 0.1316624
v -0.04740164 1.41688674 0.13812281
v -0.0600299 1.329251 0.14746217
v -0.05983424 1.32934785 0.13641034
v -0.06544121 1.391455 0.1333525
v -0.06800898 1.39930177 0.1431074
v -0.04871347 1.33029637 0.13527366
v -0.05432045 1.39240351 0.13221396
v -0.05627515 1.40229632 0.13117418
v -0.06364117 1.4016683 0.13192886
v -0.06534245 1.41059962 0.13838927
v -0.07898254 1.32222409 0.14769323
v -0.07878875 1.32232103 0.1366414
v -0.08439572 1.38442817 0.1335817
v -0.08696349 1.39227494 0.14333846
v -0.06766797 1.32326945 0.13550473
v -0.07327309 1.3853766 0.13244502
v -0.07522965 1.3952694 0.13140525
v -0.08259567 1.39464147 0.13215806
v -0.08429696 1.40357271 0.13862033
v -0.10064643 1.31556991 0.14769323
v -0.10862551 1.38562068 0.14333846
v -0.10622732 1.37797516 0.1335817
v -0.10062221 1.31586802 0.1366414
v -0.09510655 1.37892368 0.13244502
v -0.08949957 1.31681653 0.13550473
v -0.10295519 1.38818846 0.13215806
v -0.09558917 1.38881648 0.13140525
v -0.10465647 1.39711979 0.13862033
v -0.12613216 1.3172377 0.14535652
v -0.13004716 1.38756986 0.14120114
v -0.12763778 1.3798833 0.13150587
v -0.1248874 1.31757676 0.13442582
vn 0.23277 -0.31494 -0.92013
vn 0.20334 -0.31754 -0.92619
vn 0.21449 -0.31911 -0.92313
vn -0.0234 -0.36186 -0.93194
vn 0.27268 -0.32667 -0.90495
vn -0.60851 -0.05347 0.79174
vn -0.56414 0.08381 0.82141
vn -0.56391 0.0012 0.82584
vn -0.31462 -0.05948 0.94735
vn -0.55506 -0.0908 0.82684
vn -0.45867 -0.49006 0.74125
vn -0.07098 -0.32054 -0.94457
vn -0.0611 -0.31789 -0.94616
vn -0.07117 -0.32323 -0.94364
vn -0.09724 -0.87237 -0.47908
vn -0.12397 -0.35061 -0.92828
vn 0.56804 0.17469 0.80424
vn 0.48186 0.22294 0.84741
vn 0.60026 0.1098 0.79223
vn -0.28187 0.71316 -0.64184
vn 0.58672 0.00409 0.80978
vn 0.3291 0.24765 0.91124
vn 0.60126 0.09415 0.79349
vn 0.9895 -0.11481 0.08784
vn 0.99327 -0.0184 0.11431
vn 0.99177 -0.06629 0.10955
vn 0.9789 -0.17973 0.09719
vn 0.96731 -0.25323 0.01384
vn 0.09668 -0.99364 0.05766
vn 0.09663 -0.99365 0.05766
vn 0.09665 -0.99365 0.05767
vn 0.09668 -0.99364 0.05767
vn 0.09668 -0.99366 0.05739
vn 0.09661 -0.99365 0.05769
vn -0.21882 -0.02266 0.9755
vn -0.42769 0.14316 -0.89252
vn 0.45633 0.84957 -0.26456
vn 0.49097 0.26869 0.82871
vn -0.31562 0.9035 -0.28996
vn 0.50085 0.07826 -0.86199
vn 0.09546 -0.99286 0.07156
vn 0.09065 -0.98843 0.12163
vn 0.09075 -0.9884 0.12174
vn 0.09537 -0.99272 0.07353
vn 0.91516 -0.38863 -0.10698
vn 0.93385 -0.34467 -0.09551
vn 0.99003 -0.09167 0.10692
vn 0.9957 -0.01842 0.0908
vn 0.98852 -0.12942 0.07794
vn 0.97826 -0.18915 0.08498
vn 0.09673 -0.99364 0.05767
vn 0.09664 -0.99365 0.05768
vn 0.09605 -0.99323 0.06528
vn 0.096 -0.99315 0.0666
vn 0.09088 -0.98838 0.12184
vn 0.09083 -0.98839 0.1218
vn 0.91502 -0.38895 -0.10705
vn 0.93385 -0.34467 -0.0955
vn 0.99004 -0.09157 0.10693
vn 0.9957 -0.01826 0.09079
vn 0.98853 -0.12933 0.07794
vn 0.97827 -0.1891 0.085
vn 0.09664 -0.99365 0.05767
vn 0.09664 -0.99365 0.05767
vn 0.09595 -0.99324 0.06528
vn 0.09582 -0.99317 0.06661
vn 0.09063 -0.98841 0.12181
vn 0.09063 -0.98841 0.12181
vn 0.91505 -0.38887 -0.10707
vn 0.93387 -0.34461 -0.09552
vn -0.99128 0.07788 -0.10626
vn -0.97997 0.18683 -0.06897
vn -0.98944 0.13038 -0.06327
vn -0.99592 0.00461 -0.09011
vn -0.09664 0.99365 -0.05767
vn -0.09601 0.99328 -0.06467
vn -0.0961 0.99334 -0.06363
vn -0.09663 0.99365 -0.05768
vn -0.09191 0.98984 -0.10852
vn -0.09191 0.98984 -0.10852
vn -0.89323 0.41132 0.18155
vn -0.84304 0.49908 0.20052
vn -0.98635 0.15416 -0.05779
vn -0.97934 0.1912 -0.06581
vn -0.9922 0.11451 -0.04917
vt 0 1
usemtl mat17
f 1/1/1 2/1/2 3/1/3
f 3/1/3 4/1/4 5/1/5
f 3/1/3 5/1/5 1/1/1
f 6/1/6 7/1/7 8/1/8
f 8/1/8 9/1/9 10/1/10
f 10/1/10 11/1/11 6/1/6
f 8/1/8 10/1/10 6/1/6
f 12/1/12 13/1/13 14/1/14
f 14/1/14 15/1/15 16/1/16
f 14/1/14 16/1/16 12/1/12
f 17/1/17 18/1/18 19/1/19
f 19/1/20 20/1/20 21/1/20
f 21/1/21 22/1/22 23/1/23
f 23/1/23 17/1/17 19/1/19
f 19/1/19 21/1/21 23/1/23
f 24/1/24 25/1/25 26/1/26
f 27/1/27 28/1/28 24/1/24
f 26/1/26 27/1/27 24/1/24
f 27/1/29 26/1/30 29/1/31
f 27/1/29 29/1/31 30/1/32
f 31/1/33 32/1/34 27/1/29
f 30/1/32 31/1/33 27/1/29
f 9/1/9 33/1/35 10/1/10
f 34/1/36 35/1/36 36/1/36
f 34/1/37 36/1/37 37/1/37
f 23/1/23 22/1/22 38/1/38
f 39/1/39 40/1/39 41/1/39
f 39/1/40 41/1/40 42/1/40
f 43/1/41 44/1/42 45/1/43
f 43/1/41 45/1/43 28/1/44
f 28/1/28 45/1/45 46/1/46
f 28/1/28 46/1/46 24/1/24
f 47/1/47 48/1/48 49/1/49
f 47/1/47 49/1/49 50/1/50
f 48/1/51 51/1/52 52/1/53
f 48/1/51 52/1/53 49/1/54
f 52/1/53 53/1/55 54/1/56
f 52/1/53 54/1/56 49/1/54
f 49/1/49 54/1/57 55/1/58
f 49/1/49 55/1/58 50/1/50
f 56/1/59 57/1/60 58/1/61
f 56/1/59 58/1/61 59/1/62
f 57/1/63 60/1/64 61/1/65
f 57/1/63 61/1/65 58/1/66
f 61/1/65 62/1/67 63/1/68
f 61/1/65 63/1/68 58/1/66
f 58/1/61 63/1/69 64/1/70
f 58/1/61 64/1/70 59/1/62
f 65/1/71 66/1/72 67/1/73
f 65/1/71 67/1/73 68/1/74
f 68/1/75 67/1/76 69/1/77
f 68/1/75 69/1/77 70/1/78
f 69/1/77 67/1/76 71/1/79
f 69/1/77 71/1/79 72/1/80
f 67/1/73 66/1/72 73/1/81
f 67/1/73 73/1/81 71/1/82
f 74/1/83 75/1/84 76/1/83
f 74/1/83 76/1/83 77/1/85
f 27/1/29 32/1/34 43/1/41
f 27/1/29 43/1/41 28/1/44
# Vertices: 77, normals: 85, texture coordinates: 1, faces: 60

o obj2
v 0.00280022 1.88876104 0.09130861
v 0.0028524 1.8636051 0.10299585
v 0.09737895 1.8694842 0.12915612
v 0.10322258 1.94390463 0.09319996
v 0.05305612 1.98041804 0.0853066
v 0.00150889 1.95796219 0.07647967
v 0.21452346 2.00302299 0.04704354
v 0.17653619 2.02187298 0.01299177
v 0.07006151 1.99123138 0.0479417
v -0.01353248 1.95707703 0.07221435
v -0.01220201 1.86127589 0.09827773
v -0.12531226 1.86216105 0.11359859
v -0.02788625 1.86259341 0.10084736
v -0.02785643 1.88775291 0.08916756
v -0.02904528 1.95695779 0.07434421
v -0.0826758 1.97595332 0.07582375
v -0.13095836 1.93620508 0.0768393
v -0.00261109 1.49328798 0.10838294
v -0.05471548 1.61214679 0.10254304
v -0.08504605 1.54277797 0.09769075
v -0.09499847 1.98580507 0.03641097
v -0.19735875 2.00957827 -0.01312751
v -0.23839456 1.98812878 0.01540301
v 0.08693646 1.49249416 0.11159172
v 0.11105818 1.50992809 0.09646091
v 0.07945677 1.54818748 0.1091842
v 0.10958981 1.55859644 0.10561579
v 0.03905081 1.71660709 0.10455738
v 0.03633583 1.75985474 0.1055133
v -0.00867832 1.76157477 0.10330518
v 0.10646489 1.72736267 0.10286728
v 0.07486535 1.74415569 0.10092561
v 0.0661521 1.71235863 0.10351202
v 0.09382359 1.66730156 0.10861214
v 0.04427764 1.61540212 0.10945813
v -0.05576458 1.75682678 0.09907899
v -0.05548693 1.71349898 0.09795349
v -0.08184473 1.70749317 0.09317387
v -0.09217355 1.73866239 0.08925701
v -0.12257119 1.71983088 0.08686626
v -0.10695031 1.66069954 0.09458633
v -0.11500579 1.5512118 0.08992596
v -0.11200385 1.50259196 0.08087916
v -0.08977163 1.48706048 0.09996224
v -0.08071551 1.64762221 0.10096102
v 0.2116147 1.93309502 0.05476919
v 0.09411614 1.49450102 0.11019417
v 0.1133017 1.49427 0.09190489
v -0.23201985 1.91850647 0.02377713
v -0.09594321 1.51029896 0.07994373
v -0.08199939 1.51148969 0.09760317
v -0.0262595 1.33688906 0.1455764
v -0.03077266 1.33658349 0.1350072
v -0.04189529 1.33563497 0.13614388
v -0.04208908 1.33553999 0.1471957
v -0.04740164 1.41688674 0.13812281
v -0.04570222 1.40795542 0.1316624
v -0.0383362 1.40858335 0.13090959
v -0.03691815 1.41778115 0.13705135
v -0.04420032 1.33060007 0.14584287
v -0.04871347 1.33029637 0.13527366
v -0.05983424 1.32934785 0.13641034
v -0.0600299 1.329251 0.14746217
v -0.06534245 1.41059962 0.13838927
v -0.06364117 1.4016683 0.13192886
v -0.05627515 1.40229632 0.13117418
v -0.05485897 1.41149216 0.13731781
v -0.06315296 1.32357324 0.14607394
v -0.06766797 1.32326945 0.13550473
v -0.07878875 1.32232103 0.1366414
v -0.07898254 1.32222409 0.14769323
v -0.08429696 1.40357271 0.13862033
v -0.08259567 1.39464147 0.13215806
v -0.07522965 1.3952694 0.13140525
v -0.07381161 1.40446524 0.13754888
v -0.08481685 1.31691898 0.14607394
v -0.10064643 1.31556991 0.14769323
v -0.10062221 1.31586802 0.1366414
v -0.08949957 1.31681653 0.13550473
v -0.10465647 1.39711979 0.13862033
v -0.09417111 1.39801232 0.13754888
v -0.09558917 1.38881648 0.13140525
v -0.10295519 1.38818846 0.13215806
v -0.11019077 1.31791032 0.14469688
v -0.12613216 1.3172377 0.14535652
v -0.1248874 1.31757676 0.13442582
v -0.11368651 1.31805009 0.13396184
v 0.06787015 1.65250988 0.11134016
vn -0.26715 -0.87416 0.40555
vn 0.16416 -0.89319 0.41865
vn -0.2488 -0.948 0.1985
vn -0.31939 -0.91796 0.23524
vn -0.06524 -0.53803 0.8404
vn 0.48253 -0.439 0.75792
vn -0.05022 -0.73916 0.67165
vn -0.3241 -0.91397 0.24416
vn -0.27815 -0.94027 0.1963
vn 0.57766 -0.73984 0.34489
vn 0.11606 -0.90093 0.41816
vn 0.10121 -0.97245 0.21001
vn -0.31364 -0.85981 0.40294
vn 0.17273 -0.95234 0.25142
vn -0.13474 -0.99083 -0.01038
vn -0.0652 -0.53803 0.8404
vn -0.30566 -0.86705 0.39344
vn -0.02071 -0.24851 0.96841
vn 0.17736 -0.949 0.26065
vn 0.13143 -0.96888 0.20977
vn -0.69613 -0.65085 0.303
vn 0.47491 -0.87415 0.10159
vn 0.17575 -0.96842 -0.17685
vn -0.04992 -0.99844 -0.02519
vn -0.01582 -0.99622 0.08537
vn -0.02114 -0.9948 0.09961
vn -0.03545 -0.99863 0.03844
vn -0.0052 -0.99996 -0.00681
vn -0.06803 -0.99753 0.01734
vn -0.08672 -0.99588 -0.02643
vn -0.12831 -0.98837 0.08167
vn -0.07247 -0.99722 0.01723
vn -0.12379 -0.98763 0.09623
vn -0.2966 -0.93542 -0.19238
vn -0.61453 -0.7844 0.08409
vn -0.09952 -0.99383 0.04893
vn -0.19002 -0.97403 0.12311
vn 0.34561 -0.90376 0.25253
vn 0.59456 -0.80176 0.06073
vn -0.48355 -0.84583 0.22527
vn 0.53211 0.70623 -0.46701
vn -0.08419 -0.00721 0.99642
vn 0.13145 -0.81489 -0.56451
vn -0.08419 -0.00722 0.99642
vn 0.08219 0.02667 -0.99626
vn -0.13145 0.81489 0.56451
vn 0.04108 0.02635 -0.99881
vn -0.10229 -0.99377 0.04422
vn -0.03876 -0.99817 0.04633
vn 0.04444 -0.99041 0.13082
vt 0 1
usemtl mat13
f 78/2/86 79/2/86 80/2/86
f 80/2/87 81/2/87 82/2/87
f 82/2/88 83/2/88 78/2/88
f 80/2/89 82/2/89 78/2/89
f 84/2/90 85/2/90 86/2/90
f 86/2/91 82/2/91 81/2/91
f 86/2/92 81/2/92 84/2/92
f 87/2/93 88/2/93 79/2/93
f 78/2/94 83/2/94 87/2/94
f 79/2/95 78/2/95 87/2/95
f 89/2/96 90/2/96 91/2/96
f 91/2/97 92/2/97 93/2/97
f 93/2/98 94/2/98 89/2/98
f 91/2/99 93/2/99 89/2/99
f 95/2/100 96/2/100 97/2/100
f 98/2/101 99/2/101 100/2/101
f 100/2/102 94/2/102 93/2/102
f 100/2/103 93/2/103 98/2/103
f 90/2/104 88/2/104 87/2/104
f 87/2/105 92/2/105 91/2/105
f 87/2/106 91/2/106 90/2/106
f 101/2/107 102/2/107 103/2/107
f 102/2/108 104/2/108 103/2/108
f 105/2/109 106/2/109 107/2/109
f 108/2/110 109/2/110 110/2/110
f 111/2/111 108/2/111 110/2/111
f 95/2/112 101/2/112 103/2/112
f 95/2/113 103/2/113 112/2/113
f 95/2/114 112/2/114 107/2/114
f 107/2/115 113/2/115 114/2/115
f 115/2/116 116/2/116 117/2/116
f 95/2/117 107/2/117 96/2/117
f 115/2/118 117/2/118 118/2/118
f 119/2/119 120/2/119 97/2/119
f 120/2/120 121/2/120 97/2/120
f 97/2/121 121/2/121 95/2/121
f 122/2/122 114/2/122 115/2/122
f 122/2/122 115/2/122 118/2/122
f 81/2/123 80/2/123 123/2/123
f 81/2/123 123/2/123 84/2/123
f 102/2/124 101/2/124 124/2/124
f 102/2/124 124/2/124 125/2/124
f 94/2/125 100/2/125 126/2/125
f 94/2/125 126/2/125 89/2/125
f 120/2/126 127/2/126 128/2/126
f 120/2/126 128/2/126 121/2/126
f 129/2/127 130/2/127 131/2/127
f 129/2/127 131/2/127 132/2/127
f 133/2/128 134/2/128 135/2/128
f 133/2/128 135/2/128 136/2/128
f 137/2/127 138/2/127 139/2/127
f 137/2/127 139/2/127 140/2/127
f 141/2/128 142/2/128 143/2/128
f 141/2/128 143/2/128 144/2/128
f 145/2/129 146/2/129 147/2/129
f 145/2/129 147/2/129 148/2/129
f 149/2/128 150/2/128 151/2/128
f 149/2/128 151/2/128 152/2/128
f 153/2/130 154/2/130 155/2/130
f 153/2/130 155/2/130 156/2/130
f 157/2/131 158/2/131 159/2/131
f 157/2/131 159/2/131 160/2/131
f 161/2/132 162/2/132 163/2/132
f 161/2/132 163/2/132 164/2/132
f 114/2/133 122/2/133 96/2/133
f 114/2/133 96/2/133 107/2/133
f 105/2/134 107/2/134 112/2/134
f 105/2/134 112/2/134 165/2/134
f 165/2/135 111/2/135 110/2/135
f 165/2/135 110/2/135 105/2/135
# Vertices: 88, normals: 50, texture coordinates: 1, faces: 70

o obj3
v 0.10646489 1.72736267 0.10286728
v 0.08501902 1.7645711 0.10383438
v 0.07486535 1.74415569 0.10092561
v 0.09629818 1.93842998 -0.25361234
v 0.09384408 1.80898149 -0.25355456
v 0.07336159 1.82927393 -0.248324
v 0.02699274 1.85001917 -0.23617091
v 0.01284022 1.80085705 -0.23176209
v 0.00862521 1.9300875 -0.2322764
v -0.01220201 1.86127589 0.09827773
v -0.01111379 1.78290502 0.1195857
v 0.04539569 1.78643999 0.126225
v 0.04802867 1.83028953 0.11381662
v 0.0028524 1.8636051 0.10299585
v 0.16964347 1.90591925 -0.20642731
v 0.16822169 1.83097708 -0.20639563
v 0.17067766 1.96042557 -0.20645899
v -0.00867832 1.76157477 0.10330518
v 0.03633583 1.75985474 0.1055133
v 0.04084712 1.77321356 0.10806988
v 0.04813302 1.79478798 0.11220104
v -0.01159827 1.79562641 0.11172402
v -0.12257119 1.71983088 0.08686626
v -0.09217355 1.73866239 0.08925701
v -0.10394651 1.75835666 0.0906322
v -0.04652211 1.82533096 -0.25669999
v -0.0647089 1.80376773 -0.26463062
v -0.07558929 1.93277835 -0.26562009
v -0.0037459 1.8490073 -0.23831755
v -0.06810774 1.78270759 0.11829623
v -0.02788625 1.86259341 0.10084736
v -0.07185317 1.82634655 0.1054425
v -0.14619352 1.82063698 -0.22835952
v -0.15249368 1.89532592 -0.22893161
v -0.15707391 1.9496476 -0.22935646
v -0.22613897 1.82814087 0.01130353
v -0.20932178 1.72838751 0.02568897
v -0.20119923 1.7176991 0.02750952
v -0.12909495 1.71432639 0.10914694
v -0.12571289 1.78468832 0.08304257
v -0.06027214 1.76714822 0.10054175
v -0.05576458 1.75682678 0.09907899
v -0.07063451 1.7908841 0.10390333
v -0.03343732 1.36608856 0.13355374
v -0.03077266 1.33658349 0.1350072
v -0.0262595 1.33688906 0.1455764
v -0.03423858 1.40693805 0.14122164
v -0.03637963 1.39869063 0.1319475
v -0.03368329 1.36882588 0.13341958
v -0.03363857 1.36832652 0.13344381
v -0.03292488 1.36747681 0.13535379
v 0.1070854 1.79234326 0.09930632
v 0.20134922 1.74189347 0.05437788
v 0.21344269 1.84259721 0.04201236
v 0.11140291 1.72223456 0.12594735
v 0.20097467 1.70980017 -0.12090657
v 0.15473814 1.70479131 -0.17191342
v 0.22481129 1.83716913 -0.13744052
v 0.09441987 1.68695479 -0.21015784
v 0.0116346 1.75683051 -0.19379719
v 0.2255548 1.93176843 -0.14364564
v -0.18250746 1.69719057 -0.14769481
v -0.21209454 1.82280235 -0.16796302
v -0.12940987 1.69544832 -0.19176236
v -0.06332812 1.68176714 -0.221178
v -0.21815057 1.91717792 -0.1746433
v -0.05007003 1.40558889 0.14284094
v -0.04740164 1.41688674 0.13812281
v -0.03691815 1.41778115 0.13705135
v -0.04871347 1.33029637 0.13527366
v -0.04420032 1.33060007 0.14584287
v -0.0521794 1.40065093 0.1414881
v -0.05432045 1.39240351 0.13221396
v -0.06800898 1.39930177 0.1431074
v -0.06534245 1.41059962 0.13838927
v -0.05485897 1.41149216 0.13731781
v -0.06766797 1.32326945 0.13550473
v -0.06315296 1.32357324 0.14607394
v -0.0711339 1.39362401 0.14171917
v -0.07327309 1.3853766 0.13244502
v -0.08696349 1.39227494 0.14333846
v -0.08429696 1.40357271 0.13862033
v -0.07381161 1.40446524 0.13754888
v -0.08949957 1.31681653 0.13550473
v -0.09510655 1.37892368 0.13244502
v -0.09279593 1.38696983 0.14171917
v -0.08481685 1.31691898 0.14607394
v -0.10862551 1.38562068 0.14333846
v -0.09417111 1.39801232 0.13754888
v -0.10465647 1.39711979 0.13862033
v -0.11368651 1.31805009 0.13396184
v -0.11643875 1.38035476 0.13104189
v -0.11410577 1.38824249 0.1405415
v -0.11019077 1.31791032 0.14469688
v 0.19376892 1.73068705 0.05510088
vn -0.1074 -0.99035 -0.08763
vn -0.24348 0.9699 0.00419
vn -0.25829 0.96599 -0.01226
vn -0.25107 0.96795 0.00588
vn -0.23582 0.97177 -0.00683
vn -0.12866 -0.9574 0.25851
vn -0.02842 -0.96138 0.27375
vn -0.31277 -0.94326 0.11152
vn 0.53768 0.84308 -0.01056
vn 0.53762 0.84312 -0.01057
vn 0.5378 0.843 -0.0107
vn -0.05474 -0.98394 -0.16987
vn -0.01044 -0.98276 -0.18461
vn -0.03622 -0.96941 -0.24275
vn -0.02569 -0.99605 -0.08495
vn 0.37503 0.92669 0.02453
vn 0.3902 0.92069 0.00906
vn 0.38215 0.92372 0.0267
vn 0.36844 0.92956 0.01304
vn -0.02274 -0.9648 0.26199
vn 0.15606 -0.98565 -0.06436
vn -0.04784 -0.95926 0.27844
vn -0.41352 0.90953 -0.04184
vn -0.41347 0.90955 -0.04198
vn -0.41353 0.90953 -0.04185
vn -0.04357 -0.98983 0.1354
vn -0.64159 -0.58706 0.49368
vn -0.50597 -0.83821 0.20347
vn -0.58497 -0.81095 -0.01311
vn -0.52144 -0.8457 -0.11351
vn -0.07105 -0.98284 -0.17025
vn -0.10768 -0.96294 -0.24728
vn -0.91714 -0.39349 -0.06341
vn -0.95005 -0.29894 -0.08965
vn -0.64693 0.75658 -0.09526
vn -0.93708 -0.33688 -0.09162
vn -0.94427 -0.32179 -0.06939
vn -0.90149 -0.42955 -0.0529
vn 0.37025 -0.89942 0.23228
vn 0.45335 -0.88965 0.0548
vn 0.34589 -0.86981 0.35183
vn -0.25862 0.9659 -0.01215
vn 0.74873 0.61985 -0.23493
vn -0.35092 0.84142 -0.41094
vn 0.76402 0.64433 -0.03346
vn 0.57141 0.77407 -0.27259
vn 0.3905 0.92056 0.00919
vn -0.63841 0.71675 -0.28054
vn 0.49049 0.78264 -0.38327
vn -0.66329 0.74404 -0.08039
vn -0.43931 0.84468 -0.30582
vn -0.06302 0.92615 -0.37185
vn -0.9349 -0.34652 -0.07668
vn 0.93031 0.35891 0.07551
vn 0.06455 -0.93087 0.35961
vn 0.957 0.28825 0.03273
vn 0.57147 -0.78442 0.24104
vt 0 1
usemtl mat18
f 166/3/136 167/3/136 168/3/136
f 169/3/137 170/3/137 171/3/137
f 172/3/138 173/3/138 174/3/138
f 169/3/139 171/3/139 172/3/139
f 172/3/140 174/3/140 169/3/140
f 175/3/141 176/3/141 177/3/141
f 177/3/142 178/3/142 179/3/142
f 177/3/143 179/3/143 175/3/143
f 180/3/144 181/3/144 170/3/144
f 170/3/145 169/3/145 182/3/145
f 170/3/146 182/3/146 180/3/146
f 183/3/147 184/3/147 185/3/147
f 185/3/148 186/3/148 187/3/148
f 185/3/149 187/3/149 183/3/149
f 188/3/150 189/3/150 190/3/150
f 191/3/151 192/3/151 193/3/151
f 174/3/152 173/3/152 194/3/152
f 194/3/153 191/3/153 193/3/153
f 193/3/154 174/3/154 194/3/154
f 195/3/155 176/3/155 175/3/155
f 175/3/156 196/3/156 197/3/156
f 175/3/157 197/3/157 195/3/157
f 192/3/158 198/3/158 199/3/158
f 199/3/159 200/3/159 193/3/159
f 199/3/160 193/3/160 192/3/160
f 201/3/161 202/3/161 203/3/161
f 203/3/162 204/3/162 195/3/162
f 195/3/163 197/3/163 205/3/163
f 205/3/164 201/3/164 203/3/164
f 203/3/165 195/3/165 205/3/165
f 206/3/166 207/3/166 183/3/166
f 183/3/167 187/3/167 208/3/167
f 183/3/166 208/3/166 206/3/166
f 209/3/168 210/3/168 211/3/168
f 211/3/169 212/3/169 213/3/169
f 213/3/170 214/3/170 215/3/170
f 216/3/171 209/3/171 211/3/171
f 213/3/172 215/3/172 216/3/172
f 211/3/173 213/3/173 216/3/173
f 217/3/174 178/3/174 177/3/174
f 218/3/175 219/3/175 217/3/175
f 177/3/176 220/3/176 217/3/176
f 173/3/177 172/3/177 171/3/177
f 173/3/177 171/3/177 170/3/177
f 221/3/178 222/3/178 181/3/178
f 221/3/178 181/3/178 223/3/178
f 224/3/179 225/3/179 173/3/179
f 224/3/179 173/3/179 170/3/179
f 223/3/180 181/3/180 180/3/180
f 223/3/180 180/3/180 226/3/180
f 222/3/181 224/3/181 170/3/181
f 222/3/181 170/3/181 181/3/181
f 173/3/182 192/3/182 191/3/182
f 173/3/182 191/3/182 194/3/182
f 227/3/183 228/3/183 198/3/183
f 227/3/183 198/3/183 229/3/183
f 230/3/184 192/3/184 173/3/184
f 230/3/184 173/3/184 225/3/184
f 228/3/185 231/3/185 199/3/185
f 228/3/185 199/3/185 198/3/185
f 229/3/186 198/3/186 192/3/186
f 229/3/186 192/3/186 230/3/186
f 232/3/187 233/3/187 234/3/187
f 232/3/187 234/3/187 212/3/187
f 235/3/188 236/3/188 237/3/188
f 235/3/188 237/3/188 238/3/188
f 239/3/187 240/3/187 241/3/187
f 239/3/187 241/3/187 237/3/187
f 242/3/188 243/3/188 244/3/188
f 242/3/188 244/3/188 245/3/188
f 246/3/187 247/3/187 248/3/187
f 246/3/187 248/3/187 244/3/187
f 249/3/189 250/3/189 251/3/189
f 249/3/189 251/3/189 252/3/189
f 253/3/190 251/3/190 254/3/190
f 253/3/190 254/3/190 255/3/190
f 256/3/191 257/3/191 258/3/191
f 256/3/191 258/3/191 259/3/191
f 260/3/192 218/3/192 217/3/192
f 260/3/192 217/3/192 220/3/192
# Vertices: 95, normals: 57, texture coordinates: 1, faces: 80

o obj4
v 0.10646489 1.72736267 0.10286728
v 0.11140291 1.72223456 0.12594735
v 0.04539569 1.78643999 0.126225
v 0.04813302 1.79478798 0.11220104
v 0.0486585 1.76923522 0.10898109
v 0.06821861 1.75027505 0.10513876
v 0.08501902 1.7645711 0.10383438
v 0.10958981 1.55859644 0.10561579
v 0.11105818 1.50992809 0.09646091
v 0.11662601 1.52173463 0.08493391
v 0.10513443 1.59487866 0.09180055
v 0.09896285 1.59445012 0.0949441
v 0.09382172 1.58642067 0.10376544
v 0.10646489 1.72736267 0.10286728
v 0.10483628 1.70420807 0.1027536
v 0.11140291 1.72223456 0.12594735
v 0.11140291 1.72223456 0.12594735
v 0.10483628 1.70420807 0.1027536
v 0.1128135 1.71294187 0.09431427
v 0.18728801 1.72521045 0.05342755
v 0.19376892 1.73068705 0.05510088
v 0.09382359 1.66730156 0.10861214
v 0.06787015 1.65250988 0.11134016
v 0.04427764 1.61540212 0.10945813
v 0.07945677 1.54818748 0.1091842
v 0.07651447 1.58834746 0.1071941
v 0.06498375 1.59830549 0.10704502
v 0.08891726 1.63382925 0.10765995
v 0.06304395 1.61314746 0.10729099
v 0.0905999 1.62702038 0.11086313
v 0.10372756 1.63680888 0.10517976
v 0.1128135 1.71294187 0.09431427
v -0.06810774 1.78270759 0.11829623
v -0.12909495 1.71432639 0.10914694
v -0.12257119 1.71983088 0.08686626
v -0.10394651 1.75835666 0.0906322
v -0.08598334 1.76896119 0.10485366
v -0.07406689 1.76952204 0.10716428
v -0.07063451 1.7908841 0.10390333
v -0.11545115 1.51410404 0.06872047
v -0.11200385 1.50259196 0.08087916
v -0.11500579 1.5512118 0.08992596
v -0.09976318 1.58005536 0.09024274
v -0.10414218 1.58777169 0.08075431
v -0.109833 1.58780892 0.0767834
v -0.12257119 1.71983088 0.08686626
v -0.12909495 1.71432639 0.10914694
v -0.11820712 1.69687372 0.08717186
v -0.12548928 1.7051062 0.07766666
v -0.11820712 1.69687372 0.08717186
v -0.12909495 1.71432639 0.10914694
v -0.20119923 1.7176991 0.02750952
v -0.19420401 1.71266411 0.02677906
v -0.10695031 1.66069954 0.09458633
v -0.08326277 1.58309451 0.09603232
v -0.05471548 1.61214679 0.10254304
v -0.08071551 1.64762221 0.10096102
v -0.09901596 1.62428315 0.09453229
v -0.07146372 1.6151711 0.09695285
v -0.08504605 1.54277797 0.09769075
v -0.07249977 1.59378301 0.09744106
v -0.11304176 1.6296796 0.09003776
v -0.10021971 1.62074455 0.09753236
v -0.12548928 1.7051062 0.07766666
v -0.03343732 1.36608856 0.13355374
v -0.03292488 1.36747681 0.13535379
v -0.03363857 1.36832652 0.13344381
v 0.08030275 1.43587285 0.11286442
v 0.08693646 1.49249416 0.11159172
v 0.07911763 1.51756623 0.13475937
v 0.07226405 1.43184049 0.13037479
v 0.1133017 1.49427 0.09190489
v 0.09411614 1.49450102 0.11019417
v 0.09737895 1.8694842 0.12915612
v 0.1070854 1.79234326 0.09930632
v 0.21344269 1.84259721 0.04201236
v 0.2116147 1.93309502 0.05476919
v 0.04802867 1.83028953 0.11381662
v 0.0028524 1.8636051 0.10299585
v 0.04813302 1.79478798 0.11220104
v 0.04539569 1.78643999 0.126225
v -0.01111379 1.78290502 0.1195857
v -0.01159827 1.79562641 0.11172402
v -0.0062 1.43027151 0.11109978
v -0.0062 1.4308734 0.12666103
v -0.00261109 1.49328798 0.10838294
v -0.00251047 1.51528544 0.13046983
v 0.07342308 1.44112767 0.12573865
v 0.0729181 1.5123338 0.12225037
v -0.08550072 1.43426291 0.10855624
v -0.08615477 1.43139702 0.12634612
v -0.08391683 1.51220523 0.12337027
v -0.08977163 1.48706048 0.09996224
v -0.09594321 1.51029896 0.07994373
v -0.08199939 1.51148969 0.09760317
v -0.12531226 1.86216105 0.11359859
v -0.23201985 1.91850647 0.02377713
v -0.22613897 1.82814087 0.01130353
v -0.12571289 1.78468832 0.08304257
v -0.07185317 1.82634655 0.1054425
v -0.02788625 1.86259341 0.10084736
v -0.07063451 1.7908841 0.10390333
v -0.06810774 1.78270759 0.11829623
v -0.07683032 1.50740881 0.11178924
v -0.07315942 1.43630708 0.1154974
v -0.0262595 1.33688906 0.1455764
v -0.04208908 1.33553999 0.1471957
v -0.05007003 1.40558889 0.14284094
v -0.03423858 1.40693805 0.14122164
v -0.03691815 1.41778115 0.13705135
v -0.0383362 1.40858335 0.13090959
v -0.03637963 1.39869063 0.1319475
v -0.04420032 1.33060007 0.14584287
v -0.0600299 1.329251 0.14746217
v -0.06800898 1.39930177 0.1431074
v -0.0521794 1.40065093 0.1414881
v -0.05485897 1.41149216 0.13731781
v -0.05627515 1.40229632 0.13117418
v -0.05432045 1.39240351 0.13221396
v -0.06315296 1.32357324 0.14607394
v -0.07898254 1.32222409 0.14769323
v -0.08696349 1.39227494 0.14333846
v -0.0711339 1.39362401 0.14171917
v -0.07381161 1.40446524 0.13754888
v -0.07522965 1.3952694 0.13140525
v -0.07327309 1.3853766 0.13244502
v -0.08481685 1.31691898 0.14607394
v -0.09279593 1.38696983 0.14171917
v -0.10862551 1.38562068 0.14333846
v -0.10064643 1.31556991 0.14769323
v -0.09510655 1.37892368 0.13244502
v -0.09558917 1.38881648 0.13140525
v -0.09417111 1.39801232 0.13754888
v -0.11019077 1.31791032 0.14469688
v -0.11410577 1.38824249 0.1405415
v -0.13004716 1.38756986 0.14120114
v -0.12613216 1.3172377 0.14535652
vn -0.69724 0.01007 -0.71676
vn -0.98188 0.18949 0.00369
vn -0.06678 0.99769 -0.01256
vn -0.52278 -0.55049 -0.65089
vn -0.3307 -0.70945 -0.62235
vn 0.91739 -0.39524 -0.04668
vn 0.4543 -0.89076 -0.01227
vn 0.59953 -0.70091 0.38637
vn 0.96108 0.11815 0.24972
vn -0.97249 -0.22298 0.06736
vn 0.81134 -0.19782 -0.55008
vn 0.4326 -0.58115 -0.68929
vn 0.33279 -0.27945 -0.90064
vn 0.58261 -0.8115 -0.045
vn 0.20248 -0.96305 -0.1776
vn 0.10081 -0.99371 0.04871
vn 0.21061 -0.96025 0.18319
vn -0.5997 -0.40804 -0.68838
vn 0.77009 -0.62442 -0.13064
vn 0.00959 -0.99951 -0.02983
vn 0.58804 -0.49078 0.64292
vn 0.1044 -0.99102 -0.08351
vn 0.11454 -0.99342 -0.00144
vn 0.06224 -0.89714 0.43734
vn 0.71972 -0.69414 0.01316
vn 0.15862 -0.98679 0.03292
vn 0.74181 -0.05209 -0.66858
vn 0.69026 0.67211 -0.26798
vn 0.94177 0.27516 -0.19328
vn 0.17563 0.95945 0.22048
vn 0.46625 -0.56082 -0.68418
vn -0.9777 -0.18716 -0.09522
vn -0.69849 -0.61709 0.36237
vn -0.57183 -0.81908 -0.04601
vn -0.92671 0.32136 0.19477
vn 0.93084 -0.31736 0.18116
vn -0.79323 -0.08574 -0.60286
vn -0.50318 -0.41306 -0.75907
vn -0.28012 -0.24017 -0.92944
vn -0.83568 -0.52781 -0.15185
vn -0.35479 -0.91796 0.17742
vn -0.32222 -0.92639 -0.19485
vn -0.89376 -0.40376 -0.19535
vn -0.09482 -0.99525 -0.02216
vn -0.23725 -0.97014 0.0504
vn -0.17659 -0.9831 0.04825
vn -0.34439 -0.91245 -0.22098
vn -0.36275 -0.92716 0.09377
vn -0.31036 -0.94991 0.03671
vn 0.00396 -0.76333 0.646
vn -0.84854 -0.49983 -0.17365
vn -0.26324 -0.95801 0.11367
vn -0.94427 -0.32179 -0.06939
vn 0.90988 -0.40383 -0.09503
vn 0.89969 -0.43652 0.00197
vn 0.19127 -0.98154 -0.00037
vn 0.56721 -0.80667 -0.16599
vn -0.12059 -0.96654 -0.22641
vn 0.05895 0.68916 -0.72221
vn 0.04269 0.09279 -0.99477
vn 0.02545 0.71854 0.69502
vn -0.64949 0.75976 0.03054
vn -0.99184 -0.12743 -0.00406
vn 0.27495 0.70101 -0.65802
vn 0.16201 0.97596 -0.14578
vn -0.66167 -0.72082 -0.2064
vn -0.00028 -0.97494 -0.22246
vn 0.08471 0.68811 -0.72064
vn -0.02704 0.06825 -0.9973
vn 0.02815 0.72104 0.69232
vn 0.7655 0.64041 -0.06242
vn -0.09535 0.9928 -0.07257
vn -0.92911 -0.34988 -0.11974
vn 0.09535 -0.9928 0.07257
vn 0.96598 0.25772 0.02159
vn 0.03868 -0.99738 0.06108
vt 0.10908 0.18825
vt 0.5 -0.00186
vt 0.89092 0.18826
vt 0.98746 0.61126
vt 0.71694 0.95048
vt 0.28306 0.95048
vt 0.01254 0.61126
vt 0 1
vt 1 1
vt 1 0
vt 0 0
vt 0.0863 1
usemtl mat19
f 261/4/193 262/5/193 263/6/193
f 263/6/194 264/7/194 265/8/194
f 266/9/195 267/10/195 261/4/195
f 263/6/196 265/8/196 266/9/196
f 263/6/197 266/9/197 261/4/197
f 268/11/198 269/11/198 270/11/198
f 270/11/199 271/11/199 272/11/199
f 272/11/200 273/11/200 268/11/200
f 270/11/201 272/11/201 268/11/201
f 274/11/202 275/12/202 276/13/202
f 277/14/203 278/11/203 279/15/203
f 279/15/204 280/12/204 281/13/204
f 279/15/205 281/13/205 277/14/205
f 278/11/206 274/11/206 282/11/206
f 282/11/207 283/11/207 284/11/207
f 284/11/208 285/11/208 268/11/208
f 268/11/209 273/11/209 286/11/209
f 268/11/210 286/11/210 287/11/210
f 288/11/211 278/11/211 282/11/211
f 289/11/212 288/11/212 282/11/212
f 284/11/213 268/11/213 287/11/213
f 289/11/214 282/11/214 284/11/214
f 284/11/215 287/11/215 289/11/215
f 288/11/216 290/11/216 291/11/216
f 291/11/217 292/11/217 278/11/217
f 291/11/218 278/11/218 288/11/218
f 293/6/219 294/5/219 295/4/219
f 295/4/220 296/10/220 297/9/220
f 298/8/221 299/7/221 293/6/221
f 295/4/222 297/9/222 298/8/222
f 295/4/223 298/8/223 293/6/223
f 300/11/224 301/11/224 302/11/224
f 302/11/225 303/11/225 304/11/225
f 304/11/226 305/11/226 300/11/226
f 302/11/227 304/11/227 300/11/227
f 306/11/228 307/13/228 308/12/228
f 309/15/229 310/11/229 311/14/229
f 311/14/230 312/13/230 313/12/230
f 311/14/231 313/12/231 309/15/231
f 314/11/232 306/11/232 310/11/232
f 315/11/233 303/11/233 302/11/233
f 316/11/234 317/11/234 314/11/234
f 314/11/235 310/11/235 318/11/235
f 314/11/236 318/11/236 319/11/236
f 315/11/237 302/11/237 320/11/237
f 321/11/238 315/11/238 320/11/238
f 316/11/239 314/11/239 319/11/239
f 321/11/240 320/11/240 316/11/240
f 319/11/241 321/11/241 316/11/241
f 322/11/242 323/11/242 318/11/242
f 318/11/243 310/11/243 324/11/243
f 318/11/244 324/11/244 322/11/244
f 325/11/245 326/11/245 327/11/245
f 328/11/246 329/11/246 330/11/246
f 328/11/246 330/11/246 331/11/246
f 270/11/247 269/11/247 332/11/247
f 329/11/248 328/11/248 333/11/248
f 334/11/249 335/11/249 336/11/249
f 334/11/249 336/11/249 337/11/249
f 338/11/250 335/11/250 334/11/250
f 338/11/250 334/11/250 339/11/250
f 340/11/251 341/11/251 342/11/251
f 340/11/251 342/11/251 343/11/251
f 344/11/252 328/11/252 331/11/252
f 344/11/252 331/11/252 345/11/252
f 329/11/253 346/11/253 347/11/253
f 329/11/253 347/11/253 330/11/253
f 333/11/254 328/11/254 348/11/254
f 333/11/254 348/11/254 349/11/254
f 350/11/255 351/11/255 352/11/255
f 350/11/255 352/11/255 353/11/255
f 300/11/256 354/11/256 301/11/256
f 353/11/257 355/11/257 350/11/257
f 356/11/258 357/11/258 358/11/258
f 356/11/258 358/11/258 359/11/258
f 360/11/259 361/11/259 356/11/259
f 360/11/259 356/11/259 359/11/259
f 362/11/260 343/11/260 342/11/260
f 362/11/260 342/11/260 363/11/260
f 344/11/261 345/11/261 351/11/261
f 344/11/261 351/11/261 350/11/261
f 353/11/262 352/11/262 347/11/262
f 353/11/262 347/11/262 346/11/262
f 355/11/263 364/11/263 365/11/263
f 355/11/263 365/11/263 350/11/263
f 366/11/264 367/11/264 368/11/264
f 366/11/264 368/11/264 369/11/264
f 369/11/265 370/11/265 371/11/265
f 369/11/265 371/11/265 372/11/265
f 373/11/264 374/11/264 375/11/264
f 373/11/264 375/11/264 376/11/264
f 376/11/265 377/11/265 378/11/265
f 376/11/265 378/11/265 379/11/265
f 380/11/264 381/11/264 382/11/264
f 380/11/264 382/11/264 383/11/264
f 383/11/265 384/11/265 385/11/265
f 383/11/265 385/11/265 386/11/265
f 387/11/266 388/11/266 389/11/266
f 387/11/266 389/11/266 390/11/266
f 388/11/267 391/11/267 392/11/267
f 388/11/267 392/11/267 393/11/267
f 394/11/268 395/11/268 396/11/268
f 394/11/268 396/11/268 397/11/268
# Vertices: 137, normals: 76, texture coordinates: 12, faces: 103

o obj5
v 0.080163 0.88152815 -0.06935561
v 0.09071357 0.98911345 0.09287945
v 0.03379602 0.98010011 -0.06872019
v 0.20281013 1.34258548 -0.1339131
v 0.22420382 1.34275137 -0.1522061
v 0.20240764 1.32744727 -0.1319025
v 0.08295997 1.25820703 -0.15416267
v 0.20836307 0.15222504 -0.22060034
v 0.19739695 0.18634949 -0.25186818
v 0.31100658 0.19923863 -0.20450429
v 0.31837261 0.20059891 -0.20722299
v 0.39839631 0.14334222 -0.16721579
v 0.34149369 0.13990238 -0.14087849
v 0.31616821 0.14189808 -0.17015624
v 0.26925338 0.14353787 -0.19419782
v 0.24303535 0.14907404 -0.16424181
v 0.21044447 0.1262213 -0.08222425
v 0.17905364 0.12111931 -0.08374106
v 0.21686576 0.01244395 -0.0893648
v 0.21727571 0.07299514 -0.07794029
v 0.2547878 0.09184902 -0.15289929
v 0.27308267 0.10104304 -0.1894536
v 0.26364642 0.02826422 -0.19231207
v 0.26339858 0.10957741 -0.22348673
v 0.26287683 0.13199597 -0.22745952
v 0.3079301 0.14049308 -0.18511375
v 0.30714561 0.09201114 -0.18406465
v 0.3219876 0.09380373 -0.16652819
v 0.4325599 0.08948437 0.19084027
v 0.27348703 0.02756731 0.0329022
v 0.43243133 0.03310347 -0.05273035
v 0.47557835 0.0892384 0.19073964
v 0.46215627 0.09115024 0.19807024
v 0.37790079 0.02292931 -0.15341544
v 0.32936294 0.03245874 -0.08443983
v 0.2317245 0.02790644 -0.03454916
v 0.37903745 0.0853588 -0.13978654
v 0.46572841 0.12039817 0.17424295
v 0.43652895 0.11598564 0.18639231
v -0.01024544 1.22058311 -0.05210239
v -0.0062 1.23860774 0.07028946
v -0.02829433 1.21720658 -0.04649728
v 0.24828828 1.39362774 0.06021964
v 0.15083991 1.39754086 0.07783622
v 0.18273014 1.30031611 0.14000111
v 0.20454122 1.48749276 -0.1287049
v 0.21630301 1.43756481 -0.14122135
v 0.1877054 1.34371099 -0.20211914
v 0.15094612 1.51373316 -0.17187988
v 0.19855225 1.51792022 -0.12087302
v 0.22575976 1.44271158 0.05655433
v 0.11479988 1.37581361 0.08807561
v 0.11449801 1.37091661 0.08807934
v 0.11970621 1.60518704 0.13215061
v 0.11481478 1.58916545 0.1168465
v 0.14299126 1.60391617 0.09769634
v 0.17394606 1.65067257 0.08336493
v 0.19108375 1.67019358 0.07509703
v 0.19384344 1.68552371 0.08325685
v 0.1702528 1.66392316 0.10498224
v 0.14276766 1.62623598 0.12017453
v 0.12410384 1.62813283 0.11698254
v 0.11833102 1.64769667 0.09885911
v 0.10372756 1.63680888 0.10517976
v 0.0905999 1.62702038 0.11086313
v 0.11128178 1.62702234 0.12365909
v 0.09896285 1.59445012 0.0949441
v 0.10513443 1.59487866 0.09180055
v 0.12647595 1.59635826 0.08093692
v 0.18484322 1.70195331 0.08087357
v 0.15520399 1.69119969 0.09718763
v 0.22262553 1.52188932 -0.10581303
v 0.2034232 1.52076941 -0.12833781
v -0.10710125 0.88690967 -0.15250051
v -0.06581576 0.98725933 -0.16210635
v -0.06581576 0.98725933 0.00946062
v -0.25502353 1.32939637 -0.1474302
v -0.2827416 1.34457189 -0.15852116
v -0.25647512 1.34457189 -0.14839545
v -0.14803643 1.26626625 -0.21166347
v -0.35155512 0.20147471 -0.23906104
v -0.25993733 0.19537207 -0.3220401
v -0.25893668 0.15956871 -0.29074431
v -0.41999219 0.14043531 -0.17788376
v -0.3594373 0.20262815 -0.23910577
v -0.34344001 0.14261735 -0.20800749
v -0.38746658 0.13700107 -0.16158273
v -0.30728632 0.14722927 -0.24613078
v -0.27273888 0.15265363 -0.22632284
v -0.18485907 0.12419578 -0.17319357
v -0.2140716 0.1278909 -0.16108147
v -0.27850982 0.09456586 -0.21474554
v -0.21766423 0.07429207 -0.15757642
v -0.21947545 0.01432786 -0.17165627
v -0.29830659 0.03231711 -0.25227069
v -0.30818261 0.1044512 -0.24262572
v -0.31303118 0.09066949 -0.28778337
v -0.3128057 0.06810371 -0.28470316
v -0.34062628 0.14217386 -0.2249048
v -0.3382467 0.09376646 -0.22672348
v -0.34643634 0.09420995 -0.20518815
v -0.41096029 0.02428214 -0.0645499
v -0.23247454 0.02204047 -0.03691381
v -0.32275999 0.0586451 0.16975402
v -0.35689935 0.07075906 0.18459042
v -0.3719407 0.06857702 0.18203943
v -0.3928704 0.02054416 -0.17801046
v -0.21561448 0.02690021 -0.11428218
v -0.46658092 0.04536278 -0.16214734
v -0.3910592 0.08226183 -0.16151751
v -0.36898909 0.10077284 0.16487005
v -0.33730197 0.09711685 0.16639431
v -0.02780053 1.23480639 0.04078251
v -0.0459985 1.21957311 -0.03945363
v -0.14510343 1.29208735 0.10072251
v -0.13462739 1.34107798 0.09332108
v -0.19959298 1.34822041 0.07164042
v -0.20884662 1.42252532 -0.17316935
v -0.17528119 1.38982826 -0.22000591
v -0.16868289 1.38340138 -0.2292111
v -0.07144322 1.33466602 0.08329226
v -0.23596841 1.38569149 0.05222752
v -0.2256228 1.40590192 0.03968497
v -0.21418527 1.42824413 0.02582127
v -0.16627352 1.50679012 -0.14626185
v -0.11317407 1.50504788 -0.19033127
v -0.1647623 1.39199354 -0.22646445
v -0.04120024 1.31460096 -0.25768573
v -0.07735021 1.40481373 -0.23469323
v -0.04709231 1.49136679 -0.21974503
v -0.14865134 1.59432528 0.07732193
v -0.12250411 1.5813616 0.10026783
v -0.13050929 1.5969582 0.11467191
v -0.1530117 1.61650906 0.09951129
v -0.1805248 1.65238887 0.08047852
v -0.20222969 1.67249862 0.05558723
v -0.19736808 1.65741995 0.0479622
v -0.18030679 1.63902258 0.05861712
v -0.11304176 1.6296796 0.09003776
v -0.12730609 1.63961897 0.08169905
v -0.13424912 1.6196377 0.0989355
v -0.12243517 1.61933764 0.10733199
v -0.10021971 1.62074455 0.09753236
v -0.109833 1.58780892 0.0767834
v -0.10414218 1.58777169 0.08075431
v -0.12950864 1.58793936 0.06305387
v -0.16635365 1.68062484 0.07472434
v -0.19407917 1.68949281 0.05440211
v -0.18982503 1.51290958 -0.1343305
v -0.17064878 1.50903555 -0.15440491
v -0.04388167 2.17610672 0.10337598
v -0.01874255 2.1614828 0.06593282
v -0.02779867 2.14078216 0.06809437
v -0.05017997 2.1564311 0.10653818
v -0.04980542 2.1649058 0.10490583
v -0.00118745 2.14378222 0.08392209
v -0.02305259 2.15512477 0.12292491
v -0.04581775 2.15580486 0.10962024
v -0.16680831 1.39968748 0.0597277
v -0.1259775 1.39325882 0.08809238
v -0.12230473 1.44565202 0.08814269
v -0.17804834 1.4717228 0.02828096
v 0.06737635 1.3606213 0.09257013
v 0.03767003 1.34194075 0.09702552
v 0.06542723 1.3492751 0.08951043
v -0.0062 1.33337284 0.10653818
v -0.0062 1.34536385 0.1088991
v 0.05473877 1.2310461 0.12498397
v 0.19794478 0.31340915 -0.22387061
v 0.17556908 0.52266709 -0.2704202
v 0.2689366 0.52209692 -0.24038591
v 0.2741299 0.31265819 -0.20532046
v 0.12952819 0.30611953 -0.15108993
v 0.14004337 0.52058756 -0.10424777
v 0.09593482 0.64991499 -0.11414802
v 0.16545082 0.65664371 -0.23913558
v 0.09608762 0.77902996 -0.09155243
v 0.16369922 0.78614071 -0.17050469
v 0.14175024 0.88021445 -0.16600644
v 0.11403961 0.97970134 -0.16246598
v 0.04769512 1.22975852 0.1123967
v 0.15023989 0.20557419 -0.11687977
v 0.40003051 0.15903204 -0.02112336
v 0.45520954 0.16295823 -0.01515862
v 0.34852987 0.18776194 0.01631235
v 0.32760577 0.19525095 0.10978609
v 0.26826764 0.14113595 0.03280157
v 0.2246026 0.13802221 0.06384768
v 0.23282391 0.07862261 -0.02196003
v 0.40253867 0.08560477 -0.08340006
v 0.42233544 0.05838795 -0.07000034
v 0.26339298 0.05285179 0.0156322
v 0.45214422 0.12412684 0.1829674
v -0.0062 1.36672955 -0.23000865
v 0.10163123 1.31929857 -0.24770722
v -0.0062 1.49101839 -0.19201392
v 0.09062786 1.49589487 -0.21012429
v 0.19788329 1.47211785 0.05456049
v 0.11168986 1.42017558 0.08811847
v 0.11800307 1.42633226 0.11840431
v 0.20418532 1.47026942 0.08484633
v 0.24502545 0.78549781 -0.14813085
v 0.26737135 0.65552193 -0.21280946
v 0.20500335 0.97847524 -0.16045351
v 0.24056075 0.88492512 -0.15385893
v 0.19276827 1.70642373 0.05468348
v 0.15402632 1.69712713 0.0822767
v 0.16861487 1.65125776 0.07119134
v 0.19501367 1.65602619 0.04385339
v 0.20432506 1.68553117 0.04823984
v 0.18663022 1.65527146 -0.0917015
v 0.23060647 1.69973588 -0.04205307
v 0.19026385 1.70115203 -0.00423909
v 0.06662167 1.54032765 -0.21187403
v 0.08395688 1.50241301 -0.2281676
v 0.05995257 1.54684392 -0.22991733
v 0.02136714 1.4959265 -0.21029387
v 0.01989505 1.54109908 -0.21046903
v 0.0719305 1.5428917 -0.21933882
v 0.09593482 1.49846079 -0.21758908
v -0.25449992 0.32104909 -0.28881197
v -0.3200916 0.31630114 -0.2461047
v -0.33246085 0.52702373 -0.26985373
v -0.25449992 0.53279097 -0.32908748
v -0.1655617 0.31372406 -0.24333941
v -0.1655617 0.52546594 -0.18446342
v -0.23809828 0.66569236 -0.29593573
v -0.13073475 0.65685056 -0.2016272
v -0.21701204 0.79224706 -0.22507064
v -0.12678248 0.78481581 -0.17351035
v -0.1973308 0.88690967 -0.2231737
v -0.17268362 0.98725933 -0.22380539
v -0.02516941 1.22852487 0.02621632
v -0.17100097 0.21107867 -0.20952988
v -0.33896598 0.14945231 -0.03397337
v -0.42335562 0.15141446 -0.01478221
v -0.31298831 0.17943627 -0.01922828
v -0.26230197 0.18399974 0.06226751
v -0.23060928 0.13563706 -0.03277148
v -0.17902477 0.13312519 -0.01817919
v -0.2138014 0.07697163 -0.09939548
v -0.2293906 0.04841316 -0.05520122
v -0.40787826 0.0506567 -0.08283731
v -0.39441144 0.0792133 -0.10059551
v -0.35337751 0.10471952 0.1687776
v 0.07460075 1.40268204 0.10391265
v -0.0062 1.39584891 0.11020721
v 0.0001132 1.39400039 0.14049492
v 0.08091395 1.41263811 0.13420034
v -0.28617587 0.78723264 -0.17705082
v -0.32534266 0.65916116 -0.23738585
v 0.12081121 1.37826589 0.11836518
v 0.07368955 1.35877287 0.12285783
v -0.25770496 0.98207907 -0.1917959
v -0.28652617 0.88690967 -0.17870365
v -0.19856438 1.69355503 0.02734554
v -0.16350823 1.68668467 0.06009479
v -0.17338425 1.64001206 0.04730068
v -0.19467545 1.64568236 0.01673347
v -0.20782733 1.67354212 0.01944845
v -0.20845344 1.67120171 -0.06593999
v -0.16743069 1.6460383 -0.11632633
v -0.18754795 1.68872884 -0.03063229
v -0.02603403 1.53728094 -0.21834563
v -0.01736363 1.54430226 -0.23531747
v -0.03842191 1.4983881 -0.23671689
v -0.05146944 1.49361221 -0.22788809
v -0.03041116 1.53952637 -0.22648868
v -0.08181678 1.39345448 0.09941253
v -0.08550072 1.43426291 0.10855624
v -0.0062 1.43027151 0.11109978
v 0.0001132 1.33734372 0.13682587
v -0.06513003 1.33281751 0.1135781
v 0.10990473 1.44565202 0.08814269
v 0.08030275 1.43587285 0.11286442
v -0.16049511 1.39783906 0.09001541
v -0.1196643 1.3914103 0.11837822
v 0.23207296 1.44086306 0.08684017
v 0.15715124 1.39569235 0.10812393
v -0.1283142 1.33922947 0.12360878
v -0.19327978 1.34637189 0.10192812
v 0.18707558 1.4837194 0.05377228
v -0.22965521 1.38384307 0.08251522
v -0.2193096 1.4040535 0.06997267
v 0.04398323 1.34591163 0.12731136
v 0.0001132 1.34351533 0.12680824
v -0.07550357 1.39160596 0.12969838
v 0.19217943 1.67659443 -0.12075005
v 0.18374009 1.64321524 -0.12059166
vn -0.85533 -0.32381 -0.40442
vn -0.90649 -0.33371 -0.25869
vn -0.91354 -0.33466 -0.23119
vn -0.64724 0.75771 -0.08343
vn 0.09854 0.99343 0.05817
vn 0.16173 0.9861 0.03803
vn 0.25606 0.95733 -0.13396
vn 0.24774 0.68297 -0.68715
vn 0.37227 0.74079 -0.55915
vn 0.28148 0.88645 -0.36739
vn -0.136 0.71276 -0.6881
vn 0.15467 0.36791 -0.91691
vn 0.08963 -0.06383 -0.99393
vn 0.02092 0.09619 -0.99514
vn -0.02205 0.19281 -0.98099
vn 0.11667 0.13748 -0.98361
vn 0.14146 -0.01543 -0.98982
vn 0.18019 0.10253 -0.97827
vn -0.97731 0.2029 0.0608
vn -0.98615 0.16166 0.03718
vn -0.90518 0.41033 0.11079
vn -0.89929 0.41664 0.13296
vn -0.90766 0.40146 0.12239
vn 0.97178 0.23344 0.03379
vn 0.95964 0.2799 -0.02727
vn 0.11361 0.15476 0.9814
vn 0.22673 0.97364 -0.02474
vn 0.97569 0.20944 0.06454
vn 0.38366 0.92119 0.065
vn 0.4199 0.90688 -0.03526
vn 0.41583 0.9072 -0.06381
vn -0.68565 -0.61939 -0.38241
vn 0.12986 -0.22354 -0.96601
vn 0.15355 -0.22276 -0.9627
vn 0.11956 -0.22395 -0.96724
vn -0.01466 -0.22711 -0.97376
vn -0.00504 -0.22605 -0.9741
vn 0.06966 -0.01183 -0.9975
vn 0.00481 0.14975 -0.98871
vn 0.08703 -0.05135 -0.99488
vn 0.32412 -0.5651 -0.75869
vn 0.29868 -0.61597 -0.72895
vn 0.3572 0.93274 0.04898
vn 0.43938 0.87927 0.18395
vn 0.3635 0.92438 0.11575
vn -0.9583 -0.2136 -0.18984
vn -0.68345 -0.6963 0.21923
vn -0.63857 -0.73074 0.24133
vn -0.72905 -0.64879 0.21808
vn -0.14433 -0.14884 -0.97827
vn -0.13668 -0.1569 -0.97811
vn 0.0425 -0.17455 -0.98373
vn 0.17594 -0.87158 0.4576
vn 0.11853 -0.87189 0.47514
vn -0.10393 -0.89155 0.44083
vn 0.57438 0.75433 0.3179
vn 0.56142 0.7618 0.32323
vn 0.52091 0.81544 0.25239
vn 0.58249 0.7692 0.26274
vn 0.68113 0.67887 0.2742
vn 0.94208 0.05366 0.33106
vn 0.98858 0.13661 0.06359
vn 0.96898 0.05262 0.24146
vn -0.13978 0.99015 0.00786
vn -0.28255 0.95911 0.01669
vn 0.74618 -0.45159 -0.48916
vn 0.63518 -0.45236 -0.62603
vn 0.74029 -0.5162 -0.43071
vn 0.78307 -0.43226 -0.44716
vn 0.71631 -0.29634 -0.63173
vn 0.8835 -0.44707 -0.13985
vn 0.79076 -0.47608 -0.38478
vn 0.78986 -0.34655 -0.50599
vn -0.46965 -0.58773 0.65879
vn -0.35617 -0.73555 0.57629
vn -0.13747 -0.6109 0.77968
vn -0.33697 -0.54452 0.76808
vn -0.08551 -0.45716 0.88526
vn 0.21842 0.2965 -0.92972
vn -0.03818 0.20819 -0.97734
vn 0.21596 0.12387 -0.96851
vn 0.18939 -0.24246 -0.9515
vn 0.24727 0.11247 -0.9624
vn 0.11075 -0.91109 0.39704
vn 0.43398 -0.82687 0.35768
vn 0.62445 -0.64799 0.43608
vn 0.05308 -0.26221 0.96355
vn 0.08369 -0.92713 0.36528
vn 0.46895 -0.88204 0.04559
vn 0.20038 -0.93504 0.2925
vn -0.20476 -0.8176 0.53815
vn -0.44636 -0.66841 0.59497
vn 0.27085 0.18392 -0.94489
vn 0.92479 0 -0.38047
vn 0.8963 0.43988 -0.05617
vn 0.97242 0 -0.23322
vn 0.35959 0.93278 -0.02493
vn -0.49948 0.86629 0.00824
vn -0.50764 0.86126 -0.02306
vn -0.42565 0.89996 0.09429
vn -0.55104 0.76087 -0.34268
vn -0.58293 0.60362 -0.54391
vn -0.42381 0.56285 -0.70964
vn -0.25683 0.33035 -0.90824
vn -0.09116 0.75262 -0.65212
vn -0.03012 0.14815 -0.98851
vn -0.12578 -0.04216 -0.99116
vn -0.01736 0.24042 -0.97051
vn -0.09051 0.12544 -0.98796
vn -0.14683 0.05278 -0.98775
vn -0.14047 0.04188 -0.9892
vn 0.70256 0.69721 0.14249
vn 0.87446 0.47748 0.0857
vn 0.834 0.53814 0.12188
vn 0.72287 0.66495 0.18788
vn 0.71828 0.67282 0.17716
vn -0.99472 -0.10059 0.02035
vn -0.99442 -0.10541 0.00445
vn -0.99477 -0.098 0.02887
vn -0.18476 0.05652 0.98116
vn -0.53761 0.84318 0.00525
vn -0.69264 0.71991 -0.04447
vn -0.69713 0.71676 -0.01618
vn -0.69813 0.71591 -0.00935
vn 0.86284 -0.33591 -0.37773
vn -0.06395 -0.16833 -0.98365
vn -0.03695 -0.15861 -0.98665
vn -0.0635 -0.17206 -0.98304
vn 0.00365 -0.63748 -0.77045
vn -0.14249 -0.21131 -0.96698
vn -0.02816 0.1914 -0.98111
vn -0.10139 -0.37396 -0.92188
vn -0.12307 -0.60295 -0.78823
vn -0.13645 -0.49336 -0.85906
vn -0.05105 -0.76579 -0.64107
vn -0.66639 0.73831 0.10402
vn -0.44317 0.86272 0.24355
vn -0.52244 0.83385 0.1782
vn 0.97938 0.12671 -0.15736
vn 0.84635 -0.39742 0.35462
vn 0.87684 -0.31942 0.35933
vn 0.82618 -0.43241 0.36118
vn -0.0772 -0.1975 -0.97726
vn -0.0522 -0.19768 -0.97888
vn 0.19266 -0.97789 -0.08131
vn -0.0721 -0.98381 0.16405
vn -0.28977 -0.93526 0.20326
vn -0.65822 0.74942 -0.07154
vn -0.40225 -0.31192 -0.86076
vn -0.52495 0.83105 -0.18382
vn 0.31007 -0.93844 -0.15225
vn 0.34964 -0.90733 -0.23344
vn -0.86447 0.02195 0.5022
vn -0.88398 -0.02326 0.46694
vn -0.86922 0.01374 0.49424
vn -0.85926 0.00366 0.51153
vn -0.87561 0.03271 0.4819
vn -0.5174 0.70547 0.48437
vn -0.51393 0.70723 0.48549
vn -0.53695 0.69517 0.47794
vn -0.42712 0.78641 0.44624
vn -0.29405 0.88993 0.34866
vn 0.00239 0.99604 0.08892
vn -0.11735 0.97177 0.20467
vn 0.01816 0.95878 0.28359
vn -0.73015 -0.09402 -0.67679
vn -0.32968 -0.02461 -0.94377
vn -0.70163 -0.38315 -0.60076
vn -0.8092 -0.31794 -0.49407
vn -0.82235 -0.36334 -0.43786
vn -0.85503 -0.23728 -0.46112
vn -0.72237 -0.14015 -0.67716
vn -0.8213 -0.29902 -0.48585
vn 0.0101 -0.75891 0.65112
vn 0.21215 -0.77522 0.59501
vn 0.37335 -0.68825 0.62203
vn -0.074 -0.13941 0.98747
vn -0.02925 -0.07677 0.99662
vn 0.01012 -0.75893 0.65109
vn 0.13058 0.19634 -0.9718
vn 0.13063 0.19631 -0.9718
vn -0.44977 0.36139 -0.81677
vn -0.26197 -0.88505 0.38479
vn -0.58889 -0.80814 0.01082
vn -0.15193 -0.24796 0.95678
vn -0.2767 -0.77367 0.56998
vn -0.82966 -0.39964 0.3898
vn -0.08922 -0.85128 0.51707
vn -0.04592 -0.89662 0.44041
vn 0.05358 -0.83565 0.54664
vn -0.29807 0.10157 -0.94913
vn -0.73959 0.61374 0.27627
vn -0.74964 0.60665 0.26461
vn -0.77373 0.59585 0.21519
vn -0.87247 0.48556 -0.05497
vn -0.79684 0.58221 0.1615
vn -0.1082 -0.29634 -0.94893
vn -0.0903 -0.32993 -0.93968
vn -0.12399 -0.2567 -0.9585
vn -0.14584 -0.20001 -0.96888
vn -0.15669 -0.18201 -0.97073
vn -0.42502 -0.83321 0.35372
vn -0.35705 -0.84109 0.4063
vn -0.52976 -0.83871 0.12621
vn -0.64427 -0.7635 0.04443
vn -0.57579 -0.78787 0.21846
vn 0.21749 -0.93236 -0.28879
vn 0.17873 -0.95862 0.22161
vn -0.18242 -0.93237 0.3121
vn -0.20407 -0.7816 0.58946
vn 0.16478 -0.96079 0.22302
vn 0.24298 -0.95176 -0.18739
vn -0.25249 -0.14914 -0.95604
vn -0.14557 -0.87145 0.46839
vn 0.18178 -0.9709 0.15593
vn -0.11705 -0.94876 0.29353
vn 0.29193 0.95559 -0.04038
vn 0.28998 0.95571 0.05032
vn 0.2822 0.95662 -0.0724
vn 0.23516 0.9689 -0.07704
vn -0.92325 0.37473 -0.08473
vn -0.72174 0.68695 -0.08474
vn -0.90316 0.42673 -0.04686
vn -0.97512 0.20938 -0.07278
vn 0.31541 0.93646 0.1535
vn 0.3577 0.91228 0.19948
vn -0.91812 0.38665 -0.08694
vn -0.84331 0.52036 0.13433
vn -0.82126 0.53963 0.18528
vn -0.73589 0.60234 0.30927
vn -0.77185 0.57248 -0.27662
vn -0.78678 0.49636 -0.36689
vn -0.76717 0.61653 -0.17704
vn -0.74113 0.66506 -0.09181
vn -0.92224 -0.33554 -0.19208
vn -0.92223 -0.33555 -0.19208
vn -0.73934 0.66916 -0.07488
vn -0.72584 0.68519 -0.06057
vn -0.88231 0.44073 -0.16518
vn -0.89073 0.27089 -0.36499
vn -0.86322 0.26168 -0.43172
vn -0.87022 0.2787 -0.40625
vn 0.07158 -0.18445 -0.98023
vn -0.08128 -0.14619 -0.98591
vn -0.17482 -0.17152 -0.96954
vn -0.21815 -0.02932 -0.97547
vn 0.34517 -0.20196 -0.91655
vn 0.5217 -0.18353 -0.83315
vn 0.444 -0.26043 -0.85734
vn 0.20166 -0.17138 -0.96434
vn -0.23082 0.58216 -0.77963
vn -0.25846 0.77887 -0.57146
vn -0.26629 0.61763 -0.74002
vn -0.29201 0.59064 -0.75225
vn -0.35538 0.69969 -0.61979
vn -0.35538 0.69969 -0.61978
vn -0.51705 0.69345 -0.50178
vn -0.56364 0.67278 -0.47925
vn -0.46442 0.71354 -0.52457
vn -0.14365 -0.94438 0.29583
vn -0.01529 -0.91083 0.4125
vn 0.5733 0.23552 -0.78476
vn 0.80022 -0.5827 -0.14178
vn -0.96108 -0.27247 -0.04577
vn -0.96066 -0.27369 -0.04711
vn 0.36998 -0.84952 -0.37606
vn 0.33947 -0.91117 -0.23354
vn -0.3492 0.58956 -0.72833
vn -0.20287 0.63309 -0.74702
vn -0.35872 0.59946 -0.71552
vn -0.38116 0.58095 -0.71918
vn 0.91699 0.19161 -0.34989
vn 0.51855 0.29698 -0.80181
vn 0.66627 0.2948 -0.68496
vn -0.30608 0.56263 -0.76796
vn 0.44798 0.42446 -0.78686
vn 0.07061 0.96886 0.23732
vn 0.0571 0.95475 0.29187
vn 0.05964 0.96815 0.24315
vn 0.2121 0.95047 0.2272
vn 0.98801 0.14578 0.05086
vn -0.02962 0.99956 0.00106
vn 0.15181 -0.94745 -0.28158
vn -0.47492 -0.03637 0.87928
vn -0.48976 0.09922 0.86619
vn -0.46026 -0.01184 0.88771
vn -0.40606 -0.13961 0.90312
vn 0.23201 0.85628 0.46148
vn 0.25796 0.91553 0.30866
vn 0.23814 0.89072 0.38719
vn 0.23927 0.85657 0.4572
vn 0.04195 0.99761 0.05489
vn 0.12307 0.99213 -0.02316
vn 0.07425 0.9972 0.00856
vn 0.08573 0.99446 0.06089
vn -0.14107 -0.22098 0.96502
vn 0.03799 -0.36655 0.92962
vn -0.30628 -0.06938 0.94941
vn 0.70284 0.38682 -0.59698
vn 0.68196 0.01843 -0.73116
vn 0.69522 0.37717 -0.61189
vn 0.69311 0.41826 -0.58707
vn 0.8072 -0.08375 -0.58431
vn 0.98187 -0.18265 -0.05072
vn -0.62363 -0.55557 0.54993
vn -0.83077 -0.26104 0.49161
vn 0.78217 0.08617 -0.61708
vn 0.80822 0.02829 -0.5882
vn 0.87202 -0.10259 0.47859
vn 0.23764 -0.21808 0.94656
vn 0.86128 0.08148 0.50155
vn 0.87179 0.15434 0.46493
vn 0.87179 0.15436 0.46493
vn 0.8718 0.15433 0.46492
vn -0.32756 0.93801 -0.11328
vn 0.06974 0.99756 -0.0016
vn 0.07284 0.99134 -0.10922
vn -0.39414 0.88501 -0.24779
vn -0.68071 0.61876 -0.39213
vn -0.68069 0.61879 -0.39213
vn -0.68073 0.61874 -0.39214
vn -0.59265 0.80534 -0.01386
vn -0.54261 0.83864 -0.0475
vn -0.58297 0.81123 -0.04536
vn -0.59326 0.80134 0.07678
vn 0.71012 0.70403 0.00904
vn 0.45339 0.89094 -0.02591
vn 0.74739 0.6637 -0.03003
vn 0.85109 0.52453 -0.02262
vn -0.64657 0.73014 0.22102
vn -0.61355 0.76935 0.1779
vn 0.61766 0.76285 0.19118
vn 0.73864 0.67334 -0.03196
vn 0.48445 0.79523 0.36458
vn 0.5891 0.77101 0.24189
vn 0.54388 0.80982 -0.21998
vn 0.72555 0.6839 0.07651
vn 0.58573 0.74781 -0.31256
vn 0.78936 0.60511 0.10373
vn 0.99129 0.08318 -0.10208
vn 0.85279 0.51959 -0.05272
vn 0.75882 0.56984 -0.3154
vn 0.68894 0.71652 -0.10939
vn 0.73799 0.57254 -0.35716
vn 0.73775 0.55553 -0.38356
vn -0.04379 -0.08701 -0.99524
vn -0.00796 -0.067 -0.99772
vn 0.24132 0.09601 -0.96569
vn 0.17282 -0.81631 -0.55116
vn -0.23357 -0.25659 -0.93787
vn -0.10724 -0.17767 -0.97823
vn -0.30879 -0.34756 -0.88535
vn -0.4083 -0.30218 -0.86138
vn 0.04417 0.66588 -0.74475
vn 0.09828 0.69274 -0.71446
vn 0.06472 0.70899 -0.70225
vn -0.00091 0.84939 -0.52777
vn 0.11812 0.80949 -0.57513
vn 0.11811 0.8095 -0.57511
vn 0.26942 0.85107 -0.45066
vn 0.21368 0.85372 -0.47486
vn 0.31967 0.84586 -0.427
vn 0.41063 -0.86405 0.29119
vn 0.30716 -0.87451 0.37534
vn -0.11884 0.95838 0.2596
vn -0.43904 -0.02079 0.89823
vn 0.99779 0.0646 -0.01586
vn 0.99784 0.06336 -0.01729
vn -0.11836 -0.78383 -0.60959
vn -0.0099 -0.95858 -0.28464
vn 0.85874 0.18859 -0.47645
vn -0.34064 0.61819 -0.70838
vn 0.23857 0.38329 -0.89228
vn -0.23504 0.11726 0.96489
vn -0.05464 -0.07217 0.99589
vn -0.12599 0.04674 0.99093
vn -0.33999 0.20246 0.91838
vn -0.76894 -0.07567 0.63482
vn -0.85159 -0.00217 0.52421
vn -0.51642 0.70532 0.48563
vn -0.52325 0.70341 0.48106
vn -0.5317 0.73962 0.41262
vn -0.55656 0.76054 0.33439
vn 0.36055 0.0247 -0.93241
vn 0.41616 -0.04872 -0.90798
vn 0.35091 -0.05234 -0.93494
vn 0.42136 0.09432 -0.90198
vn -0.37361 0.92285 0.0936
vn -0.41398 0.90504 0.09759
vn -0.40268 0.91418 0.04595
vn -0.44616 0.89487 0.01201
vn 0.04563 -0.23402 0.97116
vn 0.23096 -0.10691 0.96707
vn -0.14924 -0.35349 0.92346
vn -0.59454 0.46738 -0.65428
vn -0.62106 0.14894 -0.76948
vn -0.75857 0.02559 -0.65108
vn -0.90122 -0.05075 -0.43039
vn 0.50315 -0.63425 0.587
vn 0.75257 -0.37157 0.54367
vn -0.73776 0.08381 -0.66984
vn -0.63038 0.13112 -0.76513
vn -0.8965 0.01326 0.44285
vn -0.77278 0.04291 0.63323
vn -0.72545 0.08671 0.68279
vn -0.62558 0.01679 0.77998
vn -0.87043 0.27604 0.40763
vn -0.87043 0.27604 0.40763
vn -0.87043 0.27604 0.40763
vn 0.46135 0.88291 -0.08734
vn 0.52857 0.82058 -0.21741
vn 0.78424 0.5164 -0.34395
vn 0.78424 0.5164 -0.34395
vn 0.63605 -0.1329 0.76012
vn 0.63531 -0.12918 0.76138
vn 0.63671 -0.13622 0.75898
vn -0.12452 -0.97921 -0.16015
vn -0.22961 -0.96132 -0.15213
vn -0.01874 -0.99384 -0.10924
vn -0.0638 -0.99302 -0.09919
vn -0.02912 -0.0074 -0.99955
vn -0.07094 -0.14419 -0.987
vn 0.01327 -0.03225 -0.99939
vn -0.04234 0.05207 -0.99775
vn 0.31968 -0.91917 -0.23008
vn 0.33355 -0.93675 0.10602
vn 0.48448 -0.87194 -0.07069
vn 0.16609 -0.96882 -0.18384
vn 0.07592 -0.04497 0.9961
vn 0.10121 -0.03957 0.99408
vn 0.11474 -0.03667 0.99272
vn 0.02463 -0.05579 0.99814
vn 0.49361 0.1551 -0.85574
vn 0.47817 0.15247 -0.86493
vn 0.47817 0.15245 -0.86493
vn 0.49599 0.09152 -0.86349
vn -0.09575 0.04074 -0.99457
vn -0.10338 0.03911 -0.99387
vn -0.09967 0.0399 -0.99422
vn -0.09575 0.04074 -0.99457
vn 0.21029 -0.94245 0.25993
vn 0.31985 -0.93879 0.12797
vn -0.81479 -0.20298 0.54306
vn -0.81479 -0.20298 0.54306
vn 0.26839 -0.01765 -0.96315
vn 0.12557 -0.0434 -0.99113
vn -0.00579 -0.04551 -0.99895
vn 0.05553 0.12186 -0.99099
vn -0.03066 -0.06726 0.99726
vn -0.03698 -0.06856 0.99696
vn 0.96318 0.24773 -0.10443
vn 0.94323 0.32588 0.06416
vn 0.95029 0.16332 -0.2651
vn 0.0909 -0.04178 0.99498
vn 0.0909 -0.04178 0.99498
vn 0.86503 0.17884 -0.46876
vn 0.96949 -0.00529 -0.24509
vn -0.55299 -0.75267 -0.35734
vn -0.51575 -0.8002 -0.30608
vn -0.46233 -0.78107 -0.41975
vn -0.65609 -0.54724 -0.51969
vn -0.66174 -0.70025 -0.26786
vt 0 1
usemtl mat20
f 398/16/269 399/16/270 400/16/271
f 401/16/272 402/16/272 403/16/272
f 403/16/273 404/16/274 401/16/275
f 405/16/276 406/16/277 407/16/278
f 407/16/278 408/16/279 409/16/280
f 407/16/278 409/16/280 405/16/276
f 409/16/280 410/16/281 411/16/282
f 412/16/283 405/16/276 409/16/280
f 411/16/282 412/16/283 409/16/280
f 405/16/276 412/16/283 413/16/284
f 413/16/284 414/16/285 415/16/286
f 413/16/284 415/16/286 405/16/276
f 416/16/287 417/16/288 418/16/289
f 418/16/289 419/16/290 420/16/291
f 418/16/289 420/16/291 416/16/287
f 419/16/292 421/16/293 422/16/292
f 412/16/294 411/16/294 423/16/294
f 412/16/295 423/16/295 424/16/295
f 419/16/292 422/16/292 412/16/296
f 425/16/297 419/16/298 412/16/299
f 412/16/300 424/16/300 425/16/300
f 426/16/301 427/16/302 428/16/303
f 428/16/303 429/16/304 430/16/305
f 428/16/303 430/16/305 426/16/301
f 416/16/306 420/16/307 431/16/308
f 431/16/308 432/16/309 433/16/310
f 431/16/308 433/16/310 416/16/306
f 420/16/311 419/16/298 425/16/297
f 425/16/297 434/16/312 431/16/313
f 425/16/297 431/16/313 420/16/311
f 429/16/314 435/16/314 428/16/314
f 426/16/315 436/16/316 427/16/317
f 437/16/318 438/16/319 439/16/320
f 440/16/321 441/16/322 442/16/323
f 443/16/324 444/16/325 445/16/326
f 445/16/326 446/16/327 447/16/328
f 445/16/326 447/16/328 443/16/324
f 448/16/329 444/16/330 443/16/331
f 449/16/332 441/16/333 450/16/332
f 451/16/334 452/16/335 453/16/336
f 454/16/337 455/16/338 456/16/339
f 451/16/334 453/16/336 454/16/337
f 456/16/339 457/16/340 458/16/341
f 458/16/341 451/16/334 454/16/337
f 454/16/337 456/16/339 458/16/341
f 459/16/342 460/16/343 461/16/344
f 461/16/344 462/16/345 463/16/346
f 461/16/344 463/16/346 459/16/342
f 452/16/347 464/16/348 465/16/349
f 465/16/349 466/16/350 453/16/351
f 465/16/349 453/16/351 452/16/347
f 463/16/352 451/16/352 458/16/352
f 457/16/353 456/16/339 467/16/354
f 459/16/342 463/16/346 458/16/355
f 467/16/356 468/16/357 459/16/358
f 458/16/359 457/16/360 467/16/356
f 458/16/359 467/16/356 459/16/358
f 469/16/361 447/16/361 470/16/361
f 471/16/362 472/16/363 473/16/364
f 474/16/365 475/16/365 476/16/365
f 476/16/366 477/16/367 474/16/368
f 478/16/369 479/16/370 480/16/371
f 481/16/372 482/16/373 478/16/369
f 480/16/371 481/16/372 478/16/369
f 483/16/374 484/16/375 481/16/372
f 481/16/372 480/16/371 485/16/376
f 481/16/372 485/16/376 483/16/374
f 486/16/377 485/16/376 480/16/371
f 480/16/371 487/16/378 488/16/379
f 480/16/371 488/16/379 486/16/377
f 489/16/380 490/16/381 491/16/382
f 491/16/382 492/16/383 493/16/384
f 491/16/382 493/16/384 489/16/380
f 494/16/385 495/16/386 493/16/385
f 485/16/387 494/16/385 493/16/385
f 496/16/388 483/16/388 485/16/388
f 497/16/389 496/16/389 485/16/389
f 485/16/390 493/16/391 498/16/392
f 498/16/393 497/16/393 485/16/393
f 499/16/394 500/16/395 501/16/396
f 501/16/396 502/16/397 503/16/398
f 501/16/396 503/16/398 499/16/394
f 504/16/399 492/16/399 491/16/399
f 491/16/400 505/16/401 506/16/402
f 491/16/400 506/16/402 504/16/403
f 498/16/392 493/16/391 492/16/404
f 492/16/404 504/16/405 507/16/406
f 492/16/404 507/16/406 498/16/392
f 503/16/407 499/16/407 508/16/407
f 501/16/408 500/16/409 509/16/410
f 439/16/320 510/16/411 511/16/412
f 512/16/413 513/16/414 514/16/415
f 477/16/367 476/16/366 515/16/416
f 515/16/417 516/16/417 517/16/417
f 515/16/416 517/16/418 477/16/367
f 518/16/419 512/16/413 510/16/420
f 476/16/421 519/16/422 520/16/423
f 520/16/423 521/16/424 515/16/425
f 520/16/423 515/16/425 476/16/421
f 516/16/426 515/16/427 522/16/428
f 522/16/428 523/16/429 524/16/430
f 522/16/428 524/16/430 516/16/426
f 525/16/431 517/16/418 524/16/430
f 526/16/432 527/16/433 525/16/431
f 524/16/430 526/16/432 525/16/431
f 528/16/434 529/16/435 530/16/436
f 531/16/437 532/16/438 533/16/439
f 528/16/434 530/16/436 531/16/437
f 533/16/439 534/16/440 535/16/441
f 535/16/441 528/16/434 531/16/437
f 531/16/437 533/16/439 535/16/441
f 536/16/442 537/16/443 538/16/444
f 538/16/445 539/16/445 540/16/446
f 538/16/444 540/16/447 536/16/442
f 541/16/448 542/16/449 529/16/435
f 529/16/435 528/16/434 543/16/450
f 529/16/435 543/16/450 541/16/448
f 531/16/451 530/16/451 539/16/451
f 538/16/452 544/16/452 545/16/452
f 531/16/453 539/16/445 538/16/445
f 545/16/454 533/16/455 532/16/456
f 532/16/456 531/16/457 538/16/458
f 538/16/458 545/16/454 532/16/456
f 546/16/459 547/16/459 522/16/459
f 548/16/460 549/16/461 550/16/462
f 550/16/462 551/16/463 552/16/464
f 550/16/462 552/16/464 548/16/460
f 551/16/465 550/16/466 553/16/467
f 553/16/467 554/16/468 555/16/469
f 553/16/467 555/16/469 551/16/465
f 521/16/470 556/16/471 557/16/472
f 557/16/472 558/16/473 559/16/474
f 557/16/472 559/16/474 521/16/470
f 560/16/475 561/16/476 562/16/477
f 520/16/478 556/16/471 521/16/470
f 563/16/479 561/16/476 564/16/480
f 516/16/426 524/16/430 517/16/418
f 437/16/318 565/16/481 438/16/319
f 449/16/482 442/16/323 441/16/322
f 440/16/321 448/16/483 441/16/322
f 565/16/484 562/16/477 561/16/476
f 439/16/320 438/16/319 510/16/411
f 518/16/419 513/16/414 512/16/413
f 566/16/485 567/16/486 568/16/487
f 566/16/485 568/16/487 569/16/488
f 567/16/489 566/16/490 570/16/491
f 567/16/489 570/16/491 571/16/492
f 566/16/485 569/16/488 407/16/493
f 566/16/485 407/16/493 406/16/494
f 567/16/489 571/16/492 572/16/495
f 567/16/489 572/16/495 573/16/496
f 573/16/496 572/16/495 574/16/497
f 573/16/496 574/16/497 575/16/498
f 576/16/499 398/16/500 400/16/501
f 576/16/499 400/16/501 577/16/502
f 400/16/271 399/16/270 578/16/503
f 400/16/271 578/16/503 437/16/504
f 577/16/502 400/16/501 437/16/505
f 577/16/502 437/16/505 404/16/506
f 570/16/491 566/16/490 406/16/507
f 570/16/491 406/16/507 579/16/508
f 579/16/508 406/16/507 405/16/509
f 579/16/508 405/16/509 415/16/510
f 580/16/511 410/16/281 409/16/280
f 580/16/511 409/16/280 581/16/512
f 582/16/513 580/16/511 581/16/512
f 582/16/513 581/16/512 583/16/514
f 584/16/515 582/16/516 583/16/517
f 584/16/515 583/16/517 585/16/518
f 414/16/285 584/16/515 585/16/518
f 414/16/285 585/16/518 415/16/286
f 586/16/519 587/16/520 588/16/521
f 586/16/519 588/16/521 589/16/522
f 589/16/522 588/16/521 428/16/523
f 589/16/522 428/16/523 427/16/524
f 430/16/525 590/16/526 435/16/525
f 430/16/525 435/16/525 429/16/527
f 430/16/528 590/16/529 436/16/316
f 430/16/528 436/16/316 426/16/315
f 434/16/530 587/16/530 432/16/530
f 434/16/531 432/16/531 431/16/531
f 586/16/532 417/16/288 416/16/287
f 586/16/532 416/16/287 433/16/533
f 587/16/534 586/16/535 433/16/310
f 587/16/534 433/16/310 432/16/309
f 437/16/536 439/16/537 591/16/538
f 437/16/536 591/16/538 592/16/539
f 401/16/540 404/16/541 445/16/542
f 401/16/540 445/16/542 444/16/330
f 404/16/543 437/16/536 592/16/539
f 404/16/541 592/16/544 445/16/542
f 592/16/545 591/16/546 593/16/547
f 592/16/545 593/16/547 594/16/548
f 440/16/549 401/16/540 444/16/330
f 440/16/549 444/16/330 448/16/329
f 562/16/550 449/16/332 450/16/332
f 562/16/477 450/16/551 560/16/475
f 595/16/552 596/16/553 597/16/554
f 595/16/552 597/16/554 598/16/555
f 445/16/326 592/16/545 594/16/548
f 445/16/326 594/16/548 446/16/327
f 599/16/556 600/16/557 573/16/558
f 599/16/556 573/16/558 575/16/559
f 601/16/560 602/16/561 576/16/562
f 601/16/560 576/16/562 577/16/563
f 600/16/557 568/16/487 567/16/486
f 600/16/557 567/16/486 573/16/558
f 403/16/273 601/16/560 577/16/563
f 403/16/273 577/16/563 404/16/274
f 603/16/564 604/16/565 468/16/564
f 603/16/564 468/16/564 467/16/566
f 466/16/567 605/16/568 454/16/569
f 466/16/567 454/16/569 453/16/570
f 606/16/571 607/16/572 456/16/339
f 606/16/571 456/16/339 455/16/338
f 604/16/573 460/16/343 459/16/342
f 604/16/573 459/16/342 468/16/574
f 605/16/568 606/16/571 455/16/338
f 605/16/568 455/16/338 454/16/569
f 606/16/571 608/16/575 609/16/576
f 606/16/571 609/16/576 607/16/572
f 456/16/339 607/16/572 603/16/577
f 456/16/339 603/16/577 467/16/354
f 607/16/578 609/16/578 610/16/578
f 607/16/572 610/16/579 603/16/577
f 611/16/580 594/16/581 612/16/580
f 611/16/580 612/16/580 613/16/582
f 612/16/583 614/16/584 615/16/585
f 612/16/583 615/16/585 613/16/586
f 594/16/587 611/16/588 616/16/587
f 594/16/587 616/16/587 617/16/589
f 618/16/590 619/16/591 620/16/592
f 618/16/590 620/16/592 621/16/593
f 622/16/594 618/16/595 621/16/596
f 622/16/594 621/16/596 623/16/597
f 618/16/590 479/16/598 478/16/599
f 618/16/590 478/16/599 619/16/591
f 621/16/596 624/16/600 625/16/601
f 621/16/596 625/16/601 623/16/597
f 624/16/600 626/16/602 627/16/603
f 624/16/600 627/16/603 625/16/601
f 628/16/604 629/16/605 472/16/363
f 628/16/604 472/16/363 471/16/606
f 472/16/363 511/16/607 630/16/608
f 472/16/363 630/16/608 473/16/364
f 629/16/605 477/16/609 511/16/607
f 629/16/605 511/16/607 472/16/363
f 622/16/594 631/16/610 479/16/611
f 622/16/594 479/16/611 618/16/595
f 631/16/610 487/16/612 480/16/613
f 631/16/610 480/16/613 479/16/611
f 632/16/614 633/16/615 481/16/372
f 632/16/614 481/16/372 484/16/375
f 634/16/616 635/16/616 633/16/616
f 634/16/617 633/16/617 632/16/617
f 636/16/618 637/16/619 635/16/620
f 636/16/618 635/16/620 634/16/621
f 488/16/379 487/16/378 637/16/619
f 488/16/379 637/16/619 636/16/618
f 638/16/622 639/16/623 640/16/624
f 638/16/622 640/16/624 641/16/625
f 639/16/623 500/16/626 499/16/627
f 639/16/623 499/16/627 640/16/624
f 502/16/628 503/16/629 508/16/628
f 502/16/628 508/16/628 642/16/630
f 502/16/631 501/16/408 509/16/410
f 502/16/631 509/16/410 642/16/632
f 507/16/406 504/16/405 506/16/633
f 507/16/634 506/16/634 641/16/634
f 638/16/635 505/16/636 491/16/382
f 638/16/635 491/16/382 490/16/381
f 641/16/637 506/16/402 505/16/401
f 641/16/637 505/16/401 638/16/638
f 511/16/639 525/16/639 591/16/639
f 511/16/640 591/16/538 439/16/537
f 477/16/367 517/16/418 525/16/431
f 477/16/641 525/16/641 511/16/641
f 525/16/431 527/16/433 593/16/547
f 525/16/431 593/16/547 591/16/546
f 643/16/642 644/16/643 645/16/644
f 643/16/642 645/16/644 646/16/645
f 521/16/424 559/16/646 522/16/647
f 521/16/424 522/16/647 515/16/425
f 647/16/648 626/16/649 624/16/650
f 647/16/648 624/16/650 648/16/651
f 560/16/652 450/16/653 649/16/654
f 560/16/652 649/16/654 650/16/655
f 651/16/656 629/16/657 628/16/658
f 651/16/656 628/16/658 652/16/659
f 648/16/651 624/16/650 621/16/593
f 648/16/651 621/16/593 620/16/592
f 474/16/368 477/16/367 629/16/657
f 474/16/368 629/16/657 651/16/656
f 653/16/660 545/16/661 544/16/660
f 653/16/660 544/16/660 654/16/662
f 543/16/450 528/16/434 535/16/663
f 543/16/450 535/16/663 655/16/664
f 656/16/665 534/16/440 533/16/439
f 656/16/665 533/16/439 657/16/666
f 654/16/667 544/16/668 538/16/444
f 654/16/667 538/16/444 537/16/443
f 655/16/664 535/16/663 534/16/440
f 655/16/664 534/16/440 656/16/665
f 656/16/665 657/16/666 658/16/669
f 656/16/665 658/16/669 659/16/670
f 533/16/455 545/16/454 653/16/671
f 533/16/455 653/16/671 657/16/672
f 657/16/672 653/16/671 660/16/673
f 657/16/672 660/16/673 658/16/674
f 661/16/675 662/16/676 663/16/675
f 661/16/675 663/16/675 527/16/677
f 663/16/678 662/16/679 615/16/585
f 663/16/678 615/16/585 614/16/584
f 527/16/680 664/16/681 665/16/680
f 527/16/680 665/16/680 661/16/680
f 553/16/682 549/16/683 548/16/682
f 553/16/682 548/16/682 554/16/684
f 596/16/553 643/16/642 646/16/645
f 596/16/553 646/16/645 597/16/554
f 557/16/472 666/16/685 667/16/686
f 557/16/472 667/16/686 558/16/473
f 666/16/685 644/16/687 668/16/688
f 666/16/685 668/16/688 667/16/686
f 518/16/689 563/16/690 669/16/691
f 518/16/689 669/16/691 670/16/692
f 643/16/693 596/16/694 671/16/695
f 643/16/693 671/16/695 672/16/696
f 644/16/687 643/16/693 672/16/696
f 644/16/687 672/16/696 668/16/688
f 557/16/697 556/16/698 673/16/699
f 557/16/697 673/16/699 674/16/700
f 441/16/701 448/16/702 675/16/703
f 441/16/701 675/16/703 676/16/704
f 514/16/705 513/16/706 677/16/707
f 514/16/705 677/16/707 678/16/708
f 596/16/694 595/16/709 679/16/710
f 596/16/694 679/16/710 671/16/695
f 520/16/423 519/16/422 680/16/711
f 520/16/423 680/16/711 681/16/712
f 561/16/713 560/16/652 650/16/655
f 561/16/713 650/16/655 682/16/714
f 513/16/706 518/16/689 670/16/692
f 513/16/706 670/16/692 677/16/707
f 564/16/715 561/16/713 682/16/714
f 564/16/715 682/16/714 683/16/716
f 450/16/653 441/16/701 676/16/704
f 450/16/653 676/16/704 649/16/654
f 666/16/717 557/16/697 674/16/700
f 666/16/717 674/16/700 684/16/718
f 563/16/719 564/16/720 683/16/719
f 563/16/719 683/16/719 669/16/721
f 556/16/698 520/16/722 681/16/723
f 556/16/698 681/16/723 673/16/699
f 644/16/643 666/16/717 684/16/718
f 644/16/643 684/16/718 645/16/644
f 527/16/433 526/16/432 524/16/430
f 527/16/433 524/16/430 523/16/429
f 685/16/724 609/16/576 608/16/575
f 685/16/724 608/16/575 686/16/725
f 438/16/726 563/16/727 518/16/728
f 438/16/726 518/16/728 510/16/729
f 442/16/323 449/16/482 562/16/477
f 442/16/323 562/16/477 565/16/484
f 565/16/484 561/16/476 563/16/479
f 565/16/730 563/16/727 438/16/726
# Vertices: 289, normals: 462, texture coordinates: 1, faces: 365

o obj6
v 0.13581717 2.15144462 -0.01874753
v 0.07970088 2.20492415 -0.05397883
v 0.08508051 2.18015028 -0.07184698
v 0.08618737 2.17984657 -0.08494109
v 0.13547058 2.1508278 -0.08430381
v 0.11562723 2.21577658 -0.08219071
v 0.15076537 2.19004682 -0.10036072
v 0.06665708 2.30771311 -0.07444269
v 0.1121259 2.21526051 -0.12807694
v 0.12695111 2.20566945 -0.13945485
v 0.06307935 2.30857393 -0.13244847
v 0.01140913 2.11169266 0.0852041
v 0.01235201 2.05321919 0.10093865
v 0.07733995 2.07660677 0.06222093
v 0.0784319 2.12563649 0.02917912
v 0.06341663 2.1318751 0.04246144
v 0.03847315 2.16154606 0.062793
v 0.05732144 2.11415231 0.05119519
v 0.09511492 2.14528598 -0.04607056
v 0.09376769 2.12547069 -0.04389225
v 0.09391303 2.14431144 -0.0809031
v 0.10005293 2.17977567 -0.08005525
v 0.09894608 2.18007759 -0.06696114
v 0.09766965 2.17121904 -0.05814167
v 0.01091347 2.12648433 0.0862532
v 0.02887105 2.13562615 0.07071617
v 0.01082589 2.13479324 0.08817437
v 0.01829812 2.2386424 0.07347773
v 0.01687448 2.22604399 0.07126215
v 0.02059942 2.22805262 0.06328866
v 0.03259972 2.23209068 0.0513834
v 0.04279065 2.23552114 0.04127072
v 0.0737585 2.24594139 0.01054698
v 0.0791195 2.2477469 0.00522698
v 0.04778083 2.25664472 0.0364911
v -0.10856961 2.17172587 -0.04433387
v -0.10056258 2.19708297 -0.02836826
v -0.13990827 2.13945166 0.02042487
v -0.15775033 2.13807283 -0.04264563
v -0.11324302 2.17117248 -0.05660623
v -0.14370401 2.20449747 -0.04534756
v -0.10251915 2.30035441 -0.05040856
v -0.18018567 2.17565196 -0.05334155
v -0.1530676 2.20372409 -0.09040085
v -0.09233008 2.30545089 -0.10708386
v -0.16959782 2.19277108 -0.09732338
v -0.06751518 2.09887994 0.05136849
v -0.04218412 2.10982371 0.06533281
v -0.02496071 2.15878644 0.07180626
v -0.05195392 2.12685521 0.05885377
v -0.06636733 2.12202707 0.05103681
v -0.11648719 2.13515842 -0.05101044
v -0.10445522 2.11684867 -0.01573068
v -0.10803667 2.13644983 -0.01720836
v -0.1160437 2.16192244 -0.02777756
v -0.12047115 2.17053505 -0.03578832
v -0.12514641 2.16997989 -0.04806067
v -0.01136348 2.13387644 0.07643308
v -0.01338154 2.22657498 0.06811673
v -0.00837272 2.22967936 0.07455478
v -0.00924852 2.2374443 0.07739274
v -0.05449001 2.24451955 0.05320021
v -0.08719268 2.24051331 0.02885675
v -0.04137168 2.23185966 0.05322816
v -0.02851794 2.22943341 0.06006498
v 0.07023667 2.12959813 -0.12000469
v 0.0475889 2.12274075 -0.13968965
v 0.08735945 2.14069082 -0.14973709
v 0.07418335 2.161969 -0.12119726
v 0.01441293 2.12155757 -0.14990294
v 0.05517481 2.1383561 -0.16716547
v -0.02360043 2.12015066 -0.15862366
v -0.02939374 2.17106799 -0.18380564
v 0.00408038 2.29948987 -0.16975374
v -0.03407274 2.33915795 -0.13632807
v -0.01843322 2.35978573 -0.15889198
v 0.02738033 2.30821993 -0.19644136
v -0.03069812 2.10483723 -0.21326412
v 0.08599358 2.06949046 -0.19211826
v 0.00694629 2.34640274 -0.13164162
v 0.03273202 2.37252577 -0.15178124
v 0.12678341 2.11028948 -0.16853694
v -0.00647578 2.30955043 0.01989753
v 0.00736928 2.33431311 -0.01303807
v 0.00024736 2.28769452 0.05827798
v -0.01269768 2.35261913 -0.01070323
v 0.1076817 2.21185972 0.06720366
v 0.06221473 2.29917124 -0.01407785
v 0.09165459 2.30625022 -0.00915661
v 0.08104253 2.26647409 0.03821102
v 0.12731261 2.14251143 -0.12961796
v 0.07365042 2.22866198 -0.03871759
v 0.11850992 2.21537976 -0.0440879
v -0.03358453 2.29803089 -0.17442901
v -0.04344937 2.3381946 -0.13664485
v 0.01682976 2.32659668 -0.00740687
v -0.03759643 2.30562238 -0.20034891
v 0.05172752 2.17342706 -0.20286076
v 0.0841749 2.20730561 -0.16663441
v 0.11550238 2.21578777 -0.08306092
v -0.03383795 2.17082027 -0.21516666
v 0.0621402 2.30906209 -0.16281257
v 0.04720504 2.37270845 -0.07095254
v 0.03886819 2.37312588 -0.11692262
v 0.02694989 2.39240077 -0.06747171
v -0.05098309 2.36978853 -0.12816078
v 0.00943952 2.38487449 -0.10777146
v 0.03193821 2.1719121 0.05741895
v 0.04372235 2.11552386 0.04674167
v 0.04955107 2.131946 0.0375756
v 0.06157931 2.12826568 0.02600389
v 0.08077792 2.15680926 -0.05075701
v 0.08586314 2.17112397 -0.04858056
v 0.01046811 2.11803576 0.08052325
v 0.02380819 2.13656907 0.06574835
v 0.00990164 2.13798344 0.08264194
v -0.10345271 2.12204378 -0.09532768
v -0.12337432 2.15322792 -0.09018656
v -0.12904651 2.13127693 -0.11899286
v -0.08667279 2.11690092 -0.12061402
v -0.10289742 2.13148005 -0.14470591
v -0.05766711 2.11842334 -0.13966169
v -0.06176473 2.29767671 -0.1592628
v -0.08651627 2.30521614 -0.17815395
v -0.07350787 2.35791126 -0.1522061
v -0.05158311 2.33859142 -0.13445722
v -0.13346091 2.05994418 -0.16093985
v -0.08532369 2.35807884 -0.13168448
v -0.06914938 2.34409591 -0.12236935
v -0.1694059 2.09740603 -0.12645578
v -0.00037874 2.28766662 0.05836742
v -0.02216561 2.33131305 -0.03071242
v -0.085415 2.20174709 0.07276591
v -0.0767446 2.25960942 0.07757349
v -0.10804786 2.29756689 0.01918198
v -0.08076209 2.29295111 0.00623508
v -0.16183489 2.12993346 -0.08853745
v -0.13583674 2.20431479 -0.00795285
v -0.09255182 2.22143195 -0.01510458
v -0.03781817 2.32421896 0.00035605
v -0.13636781 2.19771277 -0.13530133
v -0.11250884 2.16628286 -0.17952728
v -0.14382886 2.20450671 -0.04621777
v -0.09061761 2.30750626 -0.13588085
v -0.08726163 2.36710337 -0.05324465
v -0.08888465 2.36261625 -0.10068868
v -0.06136223 2.36801075 -0.04351398
v -0.07361222 2.38810949 -0.10181231
v -0.02108298 2.16960528 0.06495081
v -0.03052855 2.11229455 0.05729038
v -0.04005052 2.12804958 0.05030635
v -0.05446392 2.12321789 0.04249125
v -0.09660285 2.14909302 -0.02555639
v -0.10208124 2.16294924 -0.02187804
v -0.00798141 2.1351865 0.07026523
vn -0.74768 -0.45087 -0.48753
vn -0.50705 0.02297 -0.86161
vn -0.50092 -0.01079 -0.86543
vn 0.58021 -0.7772 0.24354
vn 0.7066 -0.58455 0.39877
vn 0.43129 -0.86945 0.24093
vn 0.69567 -0.6028 0.39074
vn 0.70112 -0.70508 0.10628
vn 0.5054 -0.71705 0.48001
vn 0.20528 -0.90404 0.37492
vn 0.99693 0.0324 -0.07133
vn 0.98125 -0.08696 -0.17199
vn 0.99464 -0.08547 -0.05823
vn 0.99136 0.03063 -0.12758
vn 0.69055 -0.70628 -0.15589
vn 0.90855 -0.38168 -0.16986
vn 0.70811 -0.70568 -0.02428
vn 0.67533 -0.72557 0.13224
vn 0.7199 -0.66709 0.19165
vn 0.70944 -0.57851 -0.40253
vn 0.88223 -0.2193 -0.41663
vn 0.56189 0.14113 -0.81508
vn 0.52507 0.16227 -0.83544
vn -0.35983 -0.91074 0.20269
vn -0.58429 -0.66951 0.45866
vn -0.41477 -0.88032 0.23021
vn -0.48386 -0.87343 0.05474
vn -0.30749 -0.86631 -0.39365
vn -0.48582 -0.87329 0.03659
vn -0.497 -0.8666 0.0446
vn -0.9568 -0.24517 -0.15631
vn -0.92296 -0.35789 -0.14164
vn -0.90004 -0.35426 -0.25382
vn -0.94619 -0.24464 -0.21185
vn -0.4511 -0.86848 -0.20555
vn -0.66614 -0.67314 -0.32116
vn -0.46234 -0.70877 -0.5328
vn -0.42299 -0.53679 -0.73003
vn -0.48369 -0.74802 -0.45443
vn 0.76086 -0.20897 -0.61435
vn 0.2297 0.43218 -0.87204
vn 0.0347 0.83865 -0.54356
vn -0.7292 0.66718 -0.1521
vn -0.30084 -0.86003 -0.41212
vn -0.2421 -0.59997 0.76252
vn -0.17996 -0.84678 -0.50057
vn -0.6648 0.2783 -0.69325
vn 0.86893 0.44646 -0.21362
vn -0.53818 0.27908 -0.79528
vn -0.37524 -0.36619 -0.85153
vn -0.25237 -0.57178 -0.78063
vn -0.02366 -0.93602 -0.35114
vn 0.04277 0.73266 0.67925
vn -0.25746 -0.96536 0.04239
vn 0.67913 0.15913 0.71656
vn -0.06094 -0.27535 0.95941
vn 0.51981 0.83879 0.16195
vn 0.95776 0.14652 0.24746
vn 0.96171 0.0314 0.27225
vn 0.15692 0.98685 -0.03889
vn 0.83741 0.46049 0.29443
vn 0.6694 0.72488 0.16264
vn 0.87899 0.22859 0.41847
vn 0.10362 0.99064 0.08884
vn 0.86321 0.39577 0.31344
vn 0.76092 -0.13515 0.63461
vn 0.91027 0.09943 0.40189
vn 0.29402 0.79634 0.52858
vn 0.41635 -0.60043 0.68274
vn -0.00185 0.27104 0.96257
vn 0.48275 0.2146 0.84906
vn 0.5633 0.03432 0.82554
vn 0.81366 0.13349 0.56581
vn 0.9763 -0.20474 0.07014
vn -0.56214 -0.75887 -0.32881
vn 0.58031 0.4998 0.64299
vn 0.14434 0.22726 0.96308
vn 0.31133 -0.35319 0.88223
vn 0.25743 -0.94856 0.18432
vn 0.71739 -0.113 -0.68745
vn 0.25723 -0.22333 0.94019
vn -0.54603 -0.28284 -0.78857
vn -0.2657 0.3618 -0.89359
vn -0.22009 0.80245 -0.55465
vn 0.67645 0.70459 0.21442
vn 0.56202 -0.73744 -0.37459
vn 0.49502 -0.30449 0.81378
vn 0.45021 -0.75725 -0.47317
vn 0.94959 0.25456 -0.18295
vn -0.96128 0.07039 -0.26643
vn 0.69577 0.11842 -0.70844
vn 0.57533 -0.16033 -0.80206
vn 0.4869 -0.4924 -0.72144
vn 0.31259 -0.88832 -0.33642
vn -0.35289 0.73998 0.57262
vn 0.5111 -0.85617 0.07582
vn -0.83271 0.31559 0.45497
vn 0.11272 -0.25217 0.9611
vn -0.74433 0.65919 0.10697
vn -0.97818 -0.12852 0.16326
vn -0.95207 -0.2405 0.189
vn -0.42119 0.90471 -0.06404
vn -0.95432 0.20593 0.2165
vn -0.88586 0.38643 0.25674
vn -0.94002 -0.03086 0.33973
vn -0.41408 0.90605 0.08722
vn -0.87461 0.24108 0.42064
vn -0.98528 0.08018 0.15101
vn -0.75036 -0.33293 0.57107
vn -0.99182 0.09116 0.0894
vn -0.93906 0.24739 0.23866
vn -0.15118 -0.6486 0.74596
vn -0.50084 0.50808 0.70072
vn -0.55789 -0.19239 0.80731
vn -0.61877 -0.13361 0.77413
vn -0.83695 0.05254 0.54475
vn -0.86731 -0.49696 -0.02835
vn 0.77682 -0.56863 -0.27057
vn -0.74894 0.31089 0.58518
vn -0.22424 0.17857 0.95803
vn -0.23195 -0.40423 0.88476
vn 0.00171 -0.98489 0.17319
vn -0.59647 -0.29967 -0.74459
vn -0.26403 -0.29738 0.91753
vt 0 1
usemtl mat21
f 687/17/731 688/17/731 689/17/731
f 689/17/732 690/17/732 691/17/732
f 689/17/733 691/17/733 687/17/733
f 692/17/734 693/17/734 694/17/734
f 695/17/735 696/17/735 697/17/735
f 698/17/736 699/17/736 700/17/736
f 700/17/737 701/17/737 702/17/737
f 702/17/738 703/17/738 704/17/738
f 704/17/739 698/17/739 700/17/739
f 700/17/740 702/17/740 704/17/740
f 705/17/741 706/17/741 707/17/741
f 707/17/742 708/17/742 709/17/742
f 709/17/743 710/17/743 705/17/743
f 707/17/744 709/17/744 705/17/744
f 711/17/745 712/17/745 713/17/745
f 714/17/746 715/17/746 716/17/746
f 716/17/747 717/17/747 718/17/747
f 718/17/748 719/17/748 720/17/748
f 720/17/749 721/17/749 714/17/749
f 714/17/750 716/17/750 718/17/750
f 718/17/750 720/17/750 714/17/750
f 722/17/751 723/17/751 724/17/751
f 724/17/752 725/17/752 726/17/752
f 724/17/753 726/17/753 722/17/753
f 727/17/754 728/17/754 729/17/754
f 730/17/755 731/17/755 732/17/755
f 733/17/756 699/17/756 698/17/756
f 734/17/757 735/17/757 736/17/757
f 733/17/758 698/17/758 734/17/758
f 736/17/759 737/17/759 733/17/759
f 734/17/760 736/17/760 733/17/760
f 738/17/761 739/17/761 740/17/761
f 740/17/762 741/17/762 742/17/762
f 742/17/763 743/17/763 738/17/763
f 740/17/764 742/17/764 738/17/764
f 711/17/765 713/17/765 744/17/765
f 745/17/766 746/17/766 747/17/766
f 747/17/767 748/17/767 749/17/767
f 749/17/768 750/17/768 751/17/768
f 751/17/769 745/17/769 747/17/769
f 747/17/769 749/17/769 751/17/769
f 752/17/770 753/17/770 754/17/770
f 752/17/770 754/17/770 755/17/770
f 753/17/771 756/17/771 757/17/771
f 753/17/771 757/17/771 754/17/771
f 756/17/772 758/17/772 759/17/772
f 756/17/772 759/17/772 757/17/772
f 760/17/773 761/17/773 762/17/773
f 760/17/773 762/17/773 763/17/773
f 757/17/774 759/17/774 764/17/774
f 757/17/774 764/17/774 765/17/774
f 761/17/775 766/17/775 767/17/775
f 761/17/775 767/17/775 762/17/775
f 754/17/776 757/17/776 765/17/776
f 754/17/776 765/17/776 768/17/776
f 769/17/777 770/17/777 771/17/777
f 769/17/777 771/17/777 772/17/777
f 773/17/778 774/17/778 775/17/778
f 773/17/778 775/17/778 776/17/778
f 770/17/779 773/17/779 776/17/779
f 770/17/779 776/17/779 771/17/779
f 690/17/780 755/17/780 777/17/780
f 690/17/780 777/17/780 691/17/780
f 755/17/781 754/17/781 768/17/781
f 755/17/781 768/17/781 777/17/781
f 774/17/782 778/17/782 779/17/782
f 774/17/782 779/17/782 775/17/782
f 760/17/783 780/17/783 781/17/783
f 760/17/783 781/17/783 761/17/783
f 778/17/784 688/17/784 687/17/784
f 778/17/784 687/17/784 779/17/784
f 782/17/785 773/17/785 770/17/785
f 782/17/785 770/17/785 769/17/785
f 780/17/786 760/17/786 763/17/786
f 780/17/786 763/17/786 783/17/786
f 768/17/787 765/17/787 784/17/787
f 768/17/787 784/17/787 785/17/787
f 691/17/788 777/17/788 695/17/788
f 691/17/788 695/17/788 786/17/788
f 687/17/789 691/17/789 786/17/789
f 687/17/789 786/17/789 779/17/789
f 765/17/790 764/17/790 787/17/790
f 765/17/790 787/17/790 784/17/790
f 777/17/791 768/17/791 785/17/791
f 777/17/791 785/17/791 695/17/791
f 785/17/792 784/17/792 763/17/792
f 785/17/792 763/17/792 788/17/792
f 779/17/793 786/17/793 694/17/793
f 779/17/793 694/17/793 775/17/793
f 784/17/794 787/17/794 783/17/794
f 784/17/794 783/17/794 763/17/794
f 695/17/795 785/17/795 788/17/795
f 695/17/795 788/17/795 697/17/795
f 775/17/796 694/17/796 789/17/796
f 775/17/796 789/17/796 776/17/796
f 697/17/797 788/17/797 767/17/797
f 697/17/797 767/17/797 790/17/797
f 788/17/798 763/17/798 762/17/798
f 788/17/798 762/17/798 767/17/798
f 776/17/799 789/17/799 791/17/799
f 776/17/799 791/17/799 771/17/799
f 790/17/800 767/17/800 792/17/800
f 790/17/800 792/17/800 793/17/800
f 789/17/801 790/17/801 793/17/801
f 789/17/801 793/17/801 791/17/801
f 696/17/802 695/17/802 692/17/802
f 696/17/802 692/17/802 693/17/802
f 693/17/803 696/17/803 697/17/803
f 693/17/803 697/17/803 694/17/803
f 700/17/804 706/17/804 705/17/804
f 700/17/804 705/17/804 701/17/804
f 794/17/805 795/17/805 704/17/805
f 794/17/805 704/17/805 703/17/805
f 796/17/806 794/17/806 703/17/806
f 796/17/806 703/17/806 702/17/806
f 797/17/807 796/17/807 702/17/807
f 797/17/807 702/17/807 701/17/807
f 798/17/808 797/17/808 701/17/808
f 798/17/808 701/17/808 705/17/808
f 799/17/809 798/17/809 705/17/809
f 799/17/809 705/17/809 710/17/809
f 800/17/810 801/17/810 712/17/810
f 800/17/810 712/17/810 711/17/810
f 801/17/811 802/17/811 713/17/811
f 801/17/811 713/17/811 712/17/811
f 803/17/812 804/17/812 805/17/812
f 803/17/812 805/17/812 806/17/812
f 806/17/813 805/17/813 807/17/813
f 806/17/813 807/17/813 808/17/813
f 808/17/814 807/17/814 759/17/814
f 808/17/814 759/17/814 758/17/814
f 809/17/815 810/17/815 811/17/815
f 809/17/815 811/17/815 812/17/815
f 807/17/816 813/17/816 764/17/816
f 807/17/816 764/17/816 759/17/816
f 812/17/817 811/17/817 814/17/817
f 812/17/817 814/17/817 815/17/817
f 805/17/818 816/17/818 813/17/818
f 805/17/818 813/17/818 807/17/818
f 769/17/819 772/17/819 817/17/819
f 769/17/819 817/17/819 818/17/819
f 819/17/820 820/17/820 821/17/820
f 819/17/820 821/17/820 822/17/820
f 818/17/821 817/17/821 820/17/821
f 818/17/821 820/17/821 819/17/821
f 726/17/822 725/17/822 823/17/822
f 726/17/822 823/17/822 804/17/822
f 804/17/823 823/17/823 816/17/823
f 804/17/823 816/17/823 805/17/823
f 822/17/824 821/17/824 824/17/824
f 822/17/824 824/17/824 825/17/824
f 809/17/825 812/17/825 781/17/825
f 809/17/825 781/17/825 780/17/825
f 825/17/826 824/17/826 724/17/826
f 825/17/826 724/17/826 723/17/826
f 826/17/827 769/17/827 818/17/827
f 826/17/827 818/17/827 819/17/827
f 780/17/828 783/17/828 810/17/828
f 780/17/828 810/17/828 809/17/828
f 816/17/829 827/17/829 828/17/829
f 816/17/829 828/17/829 813/17/829
f 725/17/830 829/17/830 730/17/830
f 725/17/830 730/17/830 823/17/830
f 724/17/831 824/17/831 829/17/831
f 724/17/831 829/17/831 725/17/831
f 813/17/832 828/17/832 787/17/832
f 813/17/832 787/17/832 764/17/832
f 823/17/833 730/17/833 827/17/833
f 823/17/833 827/17/833 816/17/833
f 827/17/834 830/17/834 810/17/834
f 827/17/834 810/17/834 828/17/834
f 824/17/835 821/17/835 728/17/835
f 824/17/835 728/17/835 829/17/835
f 828/17/836 810/17/836 783/17/836
f 828/17/836 783/17/836 787/17/836
f 730/17/837 731/17/837 830/17/837
f 730/17/837 830/17/837 827/17/837
f 728/17/838 831/17/838 832/17/838
f 728/17/838 832/17/838 731/17/838
f 821/17/839 820/17/839 831/17/839
f 821/17/839 831/17/839 728/17/839
f 731/17/840 832/17/840 814/17/840
f 731/17/840 814/17/840 830/17/840
f 830/17/841 814/17/841 811/17/841
f 830/17/841 811/17/841 810/17/841
f 820/17/842 817/17/842 833/17/842
f 820/17/842 833/17/842 831/17/842
f 832/17/843 834/17/843 792/17/843
f 832/17/843 792/17/843 814/17/843
f 831/17/844 833/17/844 834/17/844
f 831/17/844 834/17/844 832/17/844
f 732/17/845 729/17/845 727/17/845
f 732/17/845 727/17/845 730/17/845
f 729/17/846 728/17/846 731/17/846
f 729/17/846 731/17/846 732/17/846
f 733/17/847 737/17/847 740/17/847
f 733/17/847 740/17/847 739/17/847
f 835/17/848 735/17/848 734/17/848
f 835/17/848 734/17/848 836/17/848
f 837/17/849 736/17/849 735/17/849
f 837/17/849 735/17/849 835/17/849
f 838/17/850 737/17/850 736/17/850
f 838/17/850 736/17/850 837/17/850
f 839/17/851 740/17/851 737/17/851
f 839/17/851 737/17/851 838/17/851
f 840/17/852 741/17/852 740/17/852
f 840/17/852 740/17/852 839/17/852
f 800/17/853 711/17/853 744/17/853
f 800/17/853 744/17/853 841/17/853
f 841/17/854 744/17/854 713/17/854
f 841/17/854 713/17/854 802/17/854
# Vertices: 155, normals: 124, texture coordinates: 1, faces: 211

o obj7
v 0.09608762 0.77902996 -0.09155243
v 0.09593482 0.64991499 -0.11414802
v 0.12475603 0.65708904 -0.03210811
v 0.13704888 0.77867966 0.02214852
v 0.12954683 0.79830685 0.00455988
v 0.23417116 0.72251119 0.02271312
v 0.24666712 0.65434239 -0.00975662
v 0.32711569 0.66280226 -0.1037018
v 0.31105689 0.7974236 -0.03272675
v 0.30274613 0.7822052 -0.02851733
v 0.29966408 0.6542455 -0.22113699
v 0.2661527 0.78383194 -0.15171976
v 0.30386044 0.80555546 -0.04340404
v 0.04769512 1.22975852 0.1123967
v 0.09071357 0.98911345 0.09287945
v 0.13421279 0.9912973 0.10094984
v 0.14161793 1.00359947 0.10367413
v 0.21058424 1.01101583 0.11681856
v 0.1870439 1.29507249 0.14297696
v 0.39615466 1.70095833 0.25013923
v 0.35329832 1.55957659 0.11722664
v 0.40728102 1.57212844 0.11382966
v 0.41048421 1.58677662 0.1306543
v 0.41379174 1.60189998 0.14802119
v 0.41724647 1.61769224 0.16615766
v 0.42847906 1.66905696 0.22514545
v 0.43339099 1.69151459 0.25093676
v 0.42596907 1.65758397 0.21196935
v 0.42041984 1.63220252 0.18282205
v 0.47707092 1.8975805 0.34674161
v 0.42397151 1.84452587 0.29683603
v 0.46055188 1.87039353 0.27075403
v 0.51070156 1.92815706 0.3107985
v 0.49517386 1.9116585 0.33235244
v 0.51693839 1.89451717 0.30987424
v 0.50153926 1.85498326 0.27885795
v 0.52228446 1.91174611 0.30998604
v 0.0661521 1.71235863 0.10351202
v 0.07486535 1.74415569 0.10092561
v 0.05459716 1.7319262 0.1069593
v 0.03633583 1.75985474 0.1055133
v 0.03905081 1.71660709 0.10455738
v 0.03937504 1.73771023 0.10788355
v 0.12248455 0.91000279 0.0780002
v 0.2921378 0.99480054 0.02161744
v 0.29871934 0.91822781 0.01579805
v 0.29261297 0.89301598 -0.00979016
v 0.25201507 0.88646425 -0.12806202
v 0.25488843 0.98647671 -0.14364564
v 0.25588908 0.99498127 0.06396694
v 0.24849137 1.00850953 0.07262057
v 0.2641458 1.39191153 0.05472447
v -0.13073475 0.65944625 -0.11441448
v -0.13073475 0.65685056 -0.2016272
v -0.12678248 0.78481581 -0.17351035
v -0.12678248 0.79872237 -0.07086869
v -0.12746635 0.77809638 -0.05284216
v -0.34546179 0.65944625 -0.11441448
v -0.23809828 0.65060445 -0.05306204
v -0.21731019 0.7178676 -0.02304266
v -0.30060602 0.77662247 -0.04541092
v -0.31024539 0.79163028 -0.045819
v -0.35851864 0.65685056 -0.23458516
v -0.3072416 0.80048888 -0.05783607
v -0.3072416 0.78481581 -0.17351035
v -0.10417757 0.98725933 0.031609
v -0.06581576 0.98725933 0.00946062
v -0.02516941 1.22852487 0.02621632
v -0.14803456 1.28654749 0.10468037
v -0.17138296 1.00304608 0.07292803
v -0.11057463 0.9991143 0.03727746
v -0.25269801 1.38352622 0.05222193
v -0.14510343 1.29208735 0.10072251
v -0.19959298 1.34822041 0.07164042
v -0.23596841 1.38569149 0.05222752
v -0.08184473 1.70749317 0.09317387
v -0.0738172 1.7389549 0.10450893
v -0.09217355 1.73866239 0.08925701
v -0.05576458 1.75682678 0.09907899
v -0.05928081 1.74571525 0.10751087
v -0.05548693 1.71349898 0.09795349
v -0.09861346 0.90753931 0.00183
v -0.28775975 0.88690967 -0.02531042
v -0.2856541 0.91077608 0.00213932
v -0.27954961 0.98725933 0.00946062
v -0.29932401 0.98725933 -0.15899633
v -0.2887604 0.88690967 -0.15052532
v -0.23127264 0.98725933 0.03733336
v -0.22177676 1.00072798 0.04374159
v 0.41676386 1.80299434 0.3483311
v 0.43632024 1.84266616 0.3796381
v 0.45628658 1.85560381 0.39729007
v 0.46202396 1.86719231 0.38333509
v 0.47454418 1.89247673 0.35288899
v 0.50264238 1.91363941 0.48872152
v 0.51335132 1.92398502 0.4819369
v 0.50172559 1.92981916 0.45297966
v 0.49357321 1.92520551 0.46222397
v 0.48742959 1.91060949 0.47662247
v 0.52035957 1.9570175 0.45146843
v 0.51902912 1.95375087 0.45606729
v 0.5557884 1.94148034 0.46496502
v 0.56175689 1.95601114 0.45290138
v 0.53020764 1.96980037 0.44195952
v 0.54917518 1.99021009 0.42053228
v 0.53747304 1.97972303 0.43540406
v 0.56477929 1.96078526 0.44650248
v 0.57196273 1.97129293 0.43199029
v 0.55864127 1.98045163 0.42346339
v 0.04084712 1.77321356 0.10806988
v 0.0486585 1.76923522 0.10898109
v 0.04813302 1.79478798 0.11220104
v -0.07406689 1.76952204 0.10716428
v -0.06027214 1.76714822 0.10054175
v -0.07063451 1.7908841 0.10390333
v 0.2971578 0.31085256 -0.2103945
v 0.27907909 0.52079254 -0.24474068
v 0.32435598 0.51323832 -0.11736239
v 0.34095514 0.31155879 -0.08654361
v 0.25771336 0.50623007 -0.03954121
v 0.27431252 0.30455055 -0.0087243
v 0.15672638 0.50850526 -0.05805781
v 0.17332555 0.30682576 -0.02723904
v 0.14004337 0.52058756 -0.10424777
v 0.12952819 0.30611953 -0.15108993
v 0.2689366 0.52209692 -0.24038591
v 0.26737135 0.65552193 -0.21280946
v 0.24502545 0.78549781 -0.14813085
v 0.12077394 0.88795877 0.045946
v 0.080163 0.88152815 -0.06935561
v 0.24056075 0.88492512 -0.15385893
v 0.16369922 0.78614071 -0.17050469
v 0.14175024 0.88021445 -0.16600644
v 0.22420382 1.34275137 -0.1522061
v 0.20500335 0.97847524 -0.16045351
v 0.20240764 1.32744727 -0.1319025
v 0.19582237 0.23223944 0.00399713
v 0.15023989 0.20557419 -0.11687977
v 0.17905364 0.12111931 -0.08374106
v 0.2246026 0.13802221 0.06384768
v 0.28371897 0.23768057 -0.0037807
v 0.36395509 0.22726417 -0.08634423
v 0.31837261 0.20059891 -0.20722299
v 0.32760577 0.19525095 0.10978609
v 0.45520954 0.16295823 -0.01515862
v 0.39839631 0.14334222 -0.16721579
v 0.18273014 1.30031611 0.14000111
v 0.05473877 1.2310461 0.12498397
v 0.20281013 1.34258548 -0.1339131
v 0.24828828 1.39362774 0.06021964
v 0.35986122 1.72560176 0.23702836
v 0.40325421 1.70751183 0.26733656
v 0.36373149 1.7343448 0.25306106
v 0.41872975 1.62957706 0.0561742
v 0.40174858 1.68110945 0.02623681
v 0.47123851 1.75731121 0.1909502
v 0.46288487 1.72132718 0.2122321
v 0.47591564 1.72969011 0.22606037
v 0.44379995 1.69722967 0.2682049
v 0.43521712 1.77434467 0.18303819
v 0.39422604 1.7861585 0.18199098
v 0.4125302 1.82059984 0.19583603
v 0.45108957 1.79428862 0.19465092
v 0.36408553 1.75892497 0.19935413
v 0.36833408 1.77062898 0.21203831
v 0.48501089 1.76887358 0.20288714
v 0.44846402 1.85517518 0.26264823
v 0.41192461 1.83704989 0.28070831
v 0.39933176 1.80395219 0.31735021
v 0.42725852 1.76844886 0.32719455
v 0.46019597 1.74803718 0.3252883
v 0.45506791 1.76769414 0.35867297
v 0.43143625 1.77737067 0.36080471
v 0.51405944 1.80354773 0.26563154
v 0.48421521 1.83073665 0.26161777
v 0.5200018 1.83709645 0.28495687
v 0.49595835 1.77016321 0.28590348
v 0.49537512 1.80192845 0.31358987
v 0.2741299 0.31265819 -0.20532046
v 0.31100658 0.19923863 -0.20450429
v 0.08501902 1.7645711 0.10383438
v 0.06821861 1.75027505 0.10513876
v -0.34343628 0.31372406 -0.24333941
v -0.34343628 0.30752453 -0.11211691
v -0.34343628 0.5108159 -0.13605601
v -0.34343628 0.52546594 -0.27065873
v -0.25449992 0.30019951 -0.06129454
v -0.25449992 0.50349086 -0.08523364
v -0.1655617 0.30752453 -0.11211691
v -0.1655617 0.5108159 -0.13605601
v -0.1655617 0.31372406 -0.24333941
v -0.1655617 0.52546594 -0.18446342
v -0.32534266 0.65916116 -0.23738585
v -0.33246085 0.52702373 -0.26985373
v -0.28617587 0.78723264 -0.17705082
v -0.10710125 0.88690967 -0.15250051
v -0.10710125 0.88690967 -0.03008632
v -0.28652617 0.88690967 -0.17870365
v -0.21701204 0.79224706 -0.22507064
v -0.1973308 0.88690967 -0.2231737
v -0.2827416 1.34457189 -0.15852116
v -0.25770496 0.98207907 -0.1917959
v -0.25502353 1.32939637 -0.1474302
v -0.1743644 0.23084002 -0.07914964
v -0.17902477 0.13312519 -0.01817919
v -0.18485907 0.12419578 -0.17319357
v -0.17100097 0.21107867 -0.20952988
v -0.3628026 0.22238951 -0.10872739
v -0.25993733 0.23284691 -0.05703108
v -0.3594373 0.20262815 -0.23910577
v -0.42335562 0.15141446 -0.01478221
v -0.26230197 0.18399974 0.06226751
v -0.41999219 0.14043531 -0.17788376
v -0.02780053 1.23480639 0.04078251
v -0.25647512 1.34457189 -0.14839545
v -0.3200916 0.31630114 -0.2461047
v -0.35155512 0.20147471 -0.23906104
v -0.08598334 1.76896119 0.10485366
v -0.10394651 1.75835666 0.0906322
v 0.44683729 1.81690459 0.39181912
v 0.47046703 1.80722805 0.38968925
v 0.53540093 1.87663036 0.31597315
v 0.53373505 1.94325066 0.43955011
v 0.57075525 1.91477976 0.44451238
v 0.52780388 1.92822423 0.41813594
v 0.53033248 1.933328 0.41199045
v 0.54919757 1.97121474 0.36266067
v 0.56078234 1.95480379 0.36184821
v 0.48984454 1.83211939 0.38512021
v 0.48910293 1.88648212 0.42920824
v 0.51620419 1.8514371 0.44128121
v 0.4833655 1.87489363 0.44316326
v 0.51545884 1.85387259 0.35647228
v 0.51528926 1.93150561 0.41024816
v 0.55532813 1.89293877 0.42634608
v 0.53058967 1.87114826 0.4424794
v 0.50276909 1.90622118 0.44069424
v 0.55789779 1.9158325 0.45028517
v 0.5236317 1.94481022 0.43204436
v 0.51780298 1.95027011 0.43053127
v 0.53620968 1.95945653 0.46488305
v 0.54843543 1.947406 0.39760128
v 0.56993162 1.89423764 0.42209007
v 0.53147474 1.87652605 0.33588918
v 0.58359592 1.91374923 0.4062046
v 0.53600842 1.94731839 0.43422452
v 0.53366983 1.95471618 0.38421274
v 0.56997076 1.91958355 0.38775135
v 0.50336725 1.94195375 0.45392067
v 0.52264409 1.94260967 0.47818398
v 0.58229341 1.93100251 0.43072693
v 0.55142061 1.95934476 0.42229878
v 0.5057524 1.90712109 0.44996094
v 0.50037461 1.89893712 0.4620898
v 0.51236748 1.92465018 0.45843009
v 0.52889021 1.88603679 0.46795206
v 0.53719169 1.89706621 0.46380601
v -0.19327978 1.34637189 0.10192812
v -0.22965521 1.38384307 0.08251522
vn -0.92917 -0.34279 -0.13833
vn -0.92425 -0.3399 -0.17389
vn -0.93326 -0.32911 -0.14389
vn -0.9394 -0.33824 -0.05596
vn -0.92916 -0.34831 -0.12389
vn 0.73081 -0.64407 -0.22602
vn 0.76012 -0.64173 -0.10198
vn 0.75076 -0.6456 -0.13985
vn 0.74831 -0.61944 -0.23732
vn 0.71839 -0.64533 -0.25973
vn 0.93224 0.25298 0.25872
vn 0.96541 0.23405 0.11488
vn 0.94319 0.30063 0.14149
vn 0.88458 0.36041 0.296
vn 0.86185 0.36411 0.35305
vn -0.17151 -0.98007 -0.10019
vn -0.17342 -0.97406 -0.14534
vn -0.17384 -0.97483 -0.13958
vn -0.16907 -0.97988 -0.10607
vn -0.17532 -0.97893 -0.10468
vn 0.42639 -0.9039 -0.03392
vn -0.00528 -0.66933 -0.74294
vn 0.20624 -0.68096 -0.70268
vn 0.12508 -0.68687 -0.71594
vn -0.93328 0.11775 0.3393
vn -0.20114 0.62137 0.75726
vn -0.19697 -0.66489 -0.7205
vn -0.21087 -0.58662 -0.78192
vn -0.19695 -0.6649 -0.7205
vn -0.19701 -0.66488 -0.7205
vn -0.19697 -0.6649 -0.7205
vn 0.64544 -0.12904 -0.75283
vn 0.63427 -0.1345 -0.76132
vn 0.67588 -0.10028 -0.73016
vn 0.74543 -0.0272 -0.66603
vn 0.71072 -0.06948 -0.70003
vn 0.51616 0.79426 0.32052
vn 0.42649 0.81247 0.39749
vn 0.37642 0.8694 0.32008
vn 0.44652 0.82099 0.3558
vn 0.51459 0.81162 0.27653
vn 0.28547 -0.95839 -0.00027
vn 0.31727 -0.9422 -0.10768
vn 0.31676 -0.94674 -0.05788
vn -0.70717 -0.70672 -0.02141
vn -0.86444 -0.49847 -0.06529
vn -0.44362 -0.89614 -0.01182
vn -0.16487 -0.95518 -0.24586
vn 0.97275 0.21685 0.08207
vn 0.93873 0.32808 0.10562
vn 0.94757 0.30215 0.10395
vn 0.93395 0.34276 0.10122
vn 0.96992 0.23697 0.05577
vn 0.75967 -0.65017 0.01342
vn 0.75964 -0.65014 0.01588
vn 0.75589 -0.6547 0.00066
vn 0.75914 -0.65092 0.00297
vn 0.75971 -0.65025 0.00318
vn 0.74362 -0.66839 0.01707
vn 0.99252 0.00776 -0.12186
vn 0.98897 -0.00441 -0.14806
vn 0.99426 -0.00713 -0.10678
vn 0.98163 -0.02562 -0.18908
vn 0.99955 -0.00402 -0.02962
vn -0.48854 -0.84982 -0.19784
vn -0.49965 -0.85127 -0.16028
vn -0.46796 -0.83723 -0.28295
vn -0.45493 -0.83253 -0.31611
vn -0.49236 -0.81925 -0.29396
vn -0.99315 -0.03855 0.11027
vn -0.9909 -0.10587 0.0831
vn -0.95293 -0.02477 0.30218
vn -0.97121 0.03199 0.23609
vn -0.96047 0.02753 0.27701
vn 0.49257 -0.85318 -0.17161
vn 0.49208 -0.8523 -0.17734
vn 0.49199 -0.86026 -0.13377
vn 0.48437 -0.86762 -0.11237
vn 0.48857 -0.86149 -0.13835
vn 0.49389 -0.85777 -0.14251
vn -0.00415 -0.88543 0.46476
vn 0.16729 -0.8922 0.41951
vn 0.28266 -0.71456 0.63993
vn -0.05429 -0.90715 0.41728
vn -0.63384 -0.76503 -0.1139
vn -0.62616 -0.75718 -0.18603
vn -0.58218 -0.78046 -0.22793
vn 0.89199 -0.44832 0.05793
vn 0.75726 -0.63356 0.15859
vn 0.9248 -0.38044 -0.00396
vn 0.4804 -0.83207 -0.27728
vn -0.98823 0.00235 0.15297
vn -0.99686 -0.00795 0.0788
vn -0.99267 -0.11462 0.0383
vn -0.99307 -0.11657 0.0151
vn -0.99734 -0.03642 0.06315
vn -0.49948 -0.86513 -0.04542
vn -0.49409 -0.86746 -0.05817
vn -0.49954 -0.86523 -0.04295
vn -0.49924 -0.86467 -0.05563
vn -0.49847 -0.86511 -0.05584
vn -0.49461 -0.86714 -0.05847
vn -0.49146 -0.8688 -0.06045
vn -0.77764 -0.14749 0.61116
vn -0.77578 -0.22176 0.59075
vn -0.80943 -0.18983 0.55568
vn -0.80166 -0.0048 0.59777
vn -0.73851 -0.22436 0.63581
vn -0.76842 -0.19119 0.61072
vn -0.78059 -0.17686 0.5995
vn -0.48476 -0.37099 0.79207
vn -0.51762 -0.36383 0.7744
vn 0.53198 -0.70398 0.47054
vn -0.45936 -0.37606 0.80471
vn 0.00261 -0.75198 0.65918
vn 0.11992 -0.59774 0.79267
vn 0.00589 -0.76016 0.64971
vn 0.01049 -0.77147 0.63618
vn -0.01188 -0.78134 0.62399
vn 0.6959 -0.069 0.71482
vn 0.21838 -0.6713 0.70829
vn 0.2779 -0.62126 0.73267
vn 0.13118 -0.62318 0.771
vn 0.6453 -0.08014 0.75972
vn -0.24556 -0.96873 -0.03559
vn -0.14226 -0.98841 -0.05294
vn -0.17832 -0.97579 -0.12663
vn 0.4509 -0.87359 0.18311
vn 0.50602 -0.84035 0.19431
vn 0.44102 -0.89508 0.06577
vn 0.93604 0.34186 0.08342
vn 0.94178 0.33579 -0.01738
vn 0.94937 0.31416 -0.00054
vn 0.93845 0.3324 0.09389
vn 0.73828 -0.65384 0.16564
vn 0.75536 -0.65241 0.06163
vn 0.75587 -0.65233 0.05593
vn 0.16802 -0.96954 0.17822
vn -0.18059 -0.98349 -0.01137
vn -0.18074 -0.98333 -0.01978
vn -0.17276 -0.96596 0.19253
vn -0.17979 -0.94856 -0.26059
vn -0.19411 -0.9274 -0.31976
vn -0.93865 -0.34052 -0.05464
vn -0.94309 -0.30754 -0.1265
vn -0.93803 -0.32868 -0.10984
vn -0.9418 -0.3333 -0.04385
vn -0.28241 0.95928 -0.00414
vn -0.3974 0.91722 -0.02787
vn -0.24628 0.9243 0.29158
vn -0.19942 0.91786 0.34318
vn 0.02928 0.98682 0.15914
vn -0.14381 0.95932 0.24294
vn -0.20271 -0.89055 -0.40723
vn -0.22393 -0.89824 -0.37818
vn -0.8898 -0.3383 -0.30629
vn -0.8901 -0.33098 -0.31334
vn 0.1503 0.98858 0.01051
vn 0.87735 0.40492 0.25746
vn -0.8021 0.59258 -0.07407
vn -0.76036 0.64912 0.02244
vn -0.83226 0.52803 -0.16893
vn 0.97318 0.21462 0.08279
vn 0.97423 0.20849 0.08605
vn 0.86496 0.40198 0.30043
vn 0.33762 0.92854 -0.15438
vn 0.31526 0.94862 0.0272
vn 0.30675 0.94843 0.07988
vn -0.65132 0.75516 -0.07424
vn -0.92952 -0.34725 -0.12415
vn -0.9249 -0.36079 -0.11997
vn -0.93309 -0.33708 -0.12534
vn -0.94788 -0.30361 -0.09668
vn 0.12197 -0.85951 0.49636
vn 0.71541 -0.67042 0.19679
vn -0.0174 -0.92847 0.371
vn 0.72054 0.09586 0.68675
vn 0.78679 0.38111 0.48551
vn 0.33745 -0.21223 0.91711
vn 0.40191 -0.21959 0.88896
vn 0.60833 0.10164 0.78715
vn -0.3495 -0.66585 0.65916
vn -0.5796 -0.47213 0.6642
vn 0.653 0.33181 0.68081
vn -0.1096 -0.90047 0.42087
vn 0.48446 0.1836 -0.85533
vn -0.1007 0.22092 0.97008
vn -0.17468 0.19554 0.96501
vn 0.01529 0.2576 0.96613
vn 0.27781 -0.81369 0.51062
vn -0.60395 -0.48907 -0.62933
vn -0.4993 -0.48075 -0.72081
vn -0.60394 -0.48901 -0.62939
vn 0.95197 0.29577 -0.07925
vn 0.90934 0.41163 0.06051
vn 0.94788 0.30393 -0.09569
vn 0.91221 0.1688 -0.37333
vn 0.62337 0.12009 -0.77265
vn 0.68088 0.21888 -0.69892
vn 0.62339 0.12006 -0.77264
vn 0.20377 0.92583 0.31831
vn 0.11543 0.94135 0.31707
vn 0.15889 0.92876 0.3349
vn 0.31689 0.89235 0.32138
vn -0.74616 0.35038 0.56611
vn -0.93354 0.01775 0.35803
vn -0.84098 0.22853 0.49043
vn -0.75281 0.3659 0.54717
vn -0.96561 -0.1029 0.23875
vn -0.96559 -0.10294 0.23883
vn -0.23075 -0.42823 -0.87371
vn 0.38159 0.8758 0.29558
vn 0.44712 0.83257 0.32696
vn 0.76993 0.45475 -0.44767
vn -0.58064 0.16781 0.79668
vn -0.66819 -0.26503 0.69519
vn -0.67744 0.2725 0.68324
vn -0.64108 -0.38131 0.66605
vn -0.59243 -0.31636 -0.74091
vn -0.46755 -0.39408 -0.79126
vn -0.33726 -0.54299 -0.76903
vn -0.58726 -0.60646 -0.53604
vn 0.47515 0.81735 0.32584
vn 0.32301 0.87912 0.35045
vn 0.57853 0.73903 0.34516
vn 0.84867 -0.39497 -0.3518
vn 0.90495 -0.2792 -0.32112
vn 0.88811 -0.33539 -0.31428
vn 0.82154 -0.41526 -0.39068
vn -0.82636 -0.33251 -0.45449
vn -0.81344 -0.56377 -0.14313
vn 0.79515 -0.43238 -0.4252
vn 0.80867 -0.38573 -0.44415
vn 0.2003 0.92181 0.33189
vn -0.26779 0.95211 -0.14756
vn -0.23499 0.96223 -0.13745
vn 0.18776 0.98202 0.01939
vn 0.11816 0.99017 0.07491
vn -0.24865 0.96513 -0.08179
vn -0.33007 0.9396 -0.09054
vn 0.3125 -0.9063 -0.28455
vn 0.35153 -0.90462 -0.241
vn -0.85533 -0.32381 -0.40442
vn -0.85536 -0.32376 -0.40441
vn -0.99833 0.00708 0.05732
vn -0.99773 -0.00318 0.06729
vn -0.99942 -0.01902 -0.02818
vn -0.99903 0.00477 -0.04379
vn -0.48218 -0.86947 0.10732
vn 0.16017 -0.97832 0.13132
vn -0.49633 -0.86813 -0.00289
vn -0.49597 -0.86833 0.00281
vn 0.47975 -0.86265 0.16025
vn 0.4987 -0.86521 -0.05205
vn 0.49838 -0.86586 -0.04367
vn 0.50064 -0.79233 -0.34867
vn 0.49262 -0.82012 -0.29108
vn 0.99957 -0.00647 -0.02843
vn 0.99985 0.00081 -0.01723
vn 0.99652 0.00738 -0.08308
vn 0.99468 0.02985 -0.09863
vn -0.05357 0.99746 0.04693
vn -0.12718 0.91267 0.38841
vn -0.08381 0.93699 0.33916
vn 0.06939 0.99724 0.02642
vn -0.19074 0.93855 0.28766
vn -0.36082 0.91143 0.19776
vn 0.52058 -0.7519 -0.40453
vn 0.49879 -0.75017 -0.43412
vn 0.95752 0 -0.28836
vn 0.95949 -0.00736 -0.28164
vn -0.96868 0.07681 0.23613
vn -0.47152 0.88074 0.0443
vn 0.5603 0.82814 -0.01568
vn 0.61277 0.78233 -0.11172
vn 0.49954 0.86248 0.08119
vn -0.98992 -0.13134 0.05291
vn -0.99089 -0.12505 0.04994
vn -0.62365 0.7707 -0.13071
vn -0.6141 0.78749 0.05233
vn -0.95716 0.07589 0.27943
vn 0.36405 0.93125 -0.01566
vn -0.60742 0.78738 0.10527
vn 0.99506 -0.01217 -0.09849
vn 0.99709 0.03358 -0.06851
vn 0.99508 -0.00135 -0.09911
vn 0.99511 -0.02669 -0.09507
vn -0.45593 -0.87914 0.13871
vn 0.15842 -0.87611 0.45534
vn 0.31608 -0.88825 0.33333
vn -0.88146 0.07245 0.46667
vn -0.72928 -0.18483 0.65878
vn -0.62812 -0.14742 0.76402
vn -0.32921 -0.38687 0.86137
vn -0.27168 -0.36005 0.8925
vn 0.68596 -0.28732 0.66851
vn 0.53383 -0.54586 0.64581
vn -0.74412 0.06013 0.66533
vn -0.26618 -0.34076 -0.90168
vn -0.00454 0.19053 0.98167
vn -0.12604 0.1868 0.97428
vn 0.0738 0.19143 0.97873
vn -0.06115 0.99339 -0.09717
vn -0.09571 0.99151 -0.08806
vn -0.44348 0.88951 0.11003
vn -0.50488 0.86166 0.0513
vn -0.08531 0.99585 -0.03179
vn 0.0001 0.99927 -0.03809
vn -0.54857 -0.7837 -0.29135
vn -0.4577 -0.82511 -0.33122
vn 0.92479 0 -0.38047
vn 0.92479 2E-05 -0.38047
vn -0.8007 -0.58889 -0.10996
vn -0.81246 -0.58019 -0.05735
vn -0.16063 -0.80598 -0.56974
vn -0.16065 -0.80599 -0.56971
vn 0.5815 0.73452 0.34976
vn -0.52203 -0.45978 -0.71839
vn -0.55684 -0.54157 -0.62979
vn -0.5008 -0.3804 -0.77749
vn -0.36052 -0.25024 -0.89856
vn -0.75583 -0.20541 0.62172
vn -0.64849 -0.02971 0.76064
vn 0.63215 0.61103 0.47647
vn 0.7023 0.45497 0.54752
vn 0.71026 0.54196 0.44922
vn 0.6487 0.58674 0.4847
vn 0.69833 0.59047 0.40457
vn 0.72476 0.60773 0.32463
vn -0.7865 -0.16975 0.59381
vn -0.79997 -0.12954 0.58589
vn 0.59667 0.65907 0.45783
vn 0.52079 0.70123 0.48688
vn 0.60937 0.64498 0.46116
vn 0.67181 0.58926 0.44883
vn -0.57781 -0.69813 -0.4228
vn -0.57781 -0.69813 -0.4228
vn -0.57813 -0.69769 -0.42307
vn -0.57919 -0.70054 -0.41688
vn 0.69332 0.5147 0.50437
vn 0.68935 0.53724 0.48596
vn 0.69305 0.49795 0.52127
vn 0.69147 0.50789 0.51373
vn -0.5921 -0.04243 0.80475
vn -0.64119 0.05878 0.76513
vn -0.50207 -0.70481 -0.50117
vn -0.51097 -0.71641 -0.47505
vn -0.50866 -0.68894 -0.51636
vn -0.51272 -0.65101 -0.55974
vn 0.56184 0.68578 0.46264
vn 0.53233 0.69741 0.47983
vn 0.5824 0.65112 0.48667
vn 0.63249 0.5783 0.5153
vn -0.79576 0.38961 0.46364
vn -0.79762 0.54224 -0.26414
vn -0.79173 0.522 -0.31731
vn -0.70646 0.70747 0.02008
vn -0.73709 0.01383 0.67565
vn -0.73709 0.01383 0.67565
vn -0.7652 0.06066 0.64093
vn -0.78124 0.112 0.6141
vn -0.50232 -0.74178 -0.44434
vn -0.50232 -0.74177 -0.44435
vn -0.56028 -0.64996 -0.51346
vn -0.60004 -0.55059 -0.58035
vn -0.50987 -0.18679 0.83973
vn -0.47527 -0.01943 0.87963
vn -0.53153 -0.40214 0.7455
vn 0.6247 0.21874 0.7496
vn 0.69441 0.21166 0.68775
vn 0.5789 0.10748 0.80828
vn 0.48186 0.42066 0.76868
vn -0.79723 0.58759 -0.13846
vn -0.83194 0.51245 -0.21279
vn -0.73896 0.67246 -0.04166
vn -0.80966 0.19523 0.55347
vn -0.78044 0.19526 0.59396
vn -0.64726 -0.38723 -0.65659
vn -0.62643 -0.37921 -0.68101
vn -0.58127 0.60892 -0.53976
vn -0.61074 0.62861 -0.48149
vn -0.49324 0.54538 -0.6777
vn 0.79263 0.51928 0.31951
vn 0.68543 0.69008 0.23233
vn 0.83401 0.39912 0.38097
vn 0.8583 0.25486 0.44538
vn -0.74778 0.57764 0.32734
vn -0.68385 0.72945 -0.01578
vn -0.63135 -0.68425 -0.36495
vn -0.58793 -0.69835 -0.40822
vn -0.66054 -0.66335 -0.35166
vn -0.75782 -0.60844 -0.2356
vn -0.82129 -0.12461 0.55673
vn -0.81552 -0.1283 0.56433
vn -0.74176 -0.11428 -0.66086
vn -0.74176 -0.11428 -0.66086
vn -0.74176 -0.11428 -0.66086
vn -0.82619 -0.07154 0.55883
vn -0.80052 -0.04814 0.59737
vn -0.87819 -0.01477 0.47809
vn -0.86145 -0.01996 0.50745
vn -0.90515 0.0406 0.42314
vt 0 1
usemtl mat3
f 842/18/855 843/18/856 844/18/857
f 844/18/857 845/18/858 846/18/859
f 844/18/857 846/18/859 842/18/855
f 847/18/860 848/18/861 849/18/862
f 849/18/862 850/18/863 851/18/864
f 849/18/862 851/18/864 847/18/860
f 850/18/865 849/18/866 852/18/867
f 852/18/867 853/18/868 854/18/869
f 852/18/867 854/18/869 850/18/865
f 855/18/870 856/18/871 857/18/872
f 858/18/873 859/18/874 860/18/875
f 855/18/870 857/18/872 858/18/873
f 858/18/873 860/18/875 855/18/870
f 861/18/876 862/18/877 863/18/878
f 863/18/879 864/18/879 865/18/879
f 863/18/880 865/18/880 866/18/880
f 867/18/881 868/18/882 861/18/876
f 869/18/883 867/18/881 861/18/876
f 861/18/876 863/18/878 866/18/884
f 870/18/885 869/18/883 861/18/876
f 866/18/884 870/18/885 861/18/876
f 871/18/886 872/18/887 873/18/888
f 873/18/888 874/18/889 875/18/890
f 873/18/888 875/18/890 871/18/886
f 876/18/891 877/18/892 873/18/893
f 873/18/893 874/18/894 878/18/895
f 873/18/893 878/18/895 876/18/891
f 879/18/896 880/18/897 881/18/898
f 882/18/899 883/18/900 884/18/901
f 885/18/902 857/18/872 856/18/871
f 886/18/903 887/18/904 888/18/905
f 888/18/905 889/18/906 890/18/907
f 888/18/905 890/18/907 886/18/903
f 891/18/908 887/18/909 886/18/910
f 860/18/875 859/18/911 892/18/912
f 892/18/912 891/18/908 886/18/910
f 886/18/910 893/18/913 860/18/875
f 892/18/912 886/18/910 860/18/875
f 894/18/914 895/18/915 896/18/916
f 896/18/916 897/18/917 898/18/918
f 896/18/916 898/18/918 894/18/914
f 899/18/919 900/18/920 901/18/921
f 902/18/922 903/18/923 899/18/919
f 901/18/921 902/18/922 899/18/919
f 904/18/924 899/18/925 903/18/926
f 903/18/926 905/18/927 906/18/928
f 903/18/926 906/18/928 904/18/924
f 907/18/929 908/18/930 909/18/931
f 909/18/931 910/18/932 911/18/933
f 912/18/934 907/18/929 909/18/931
f 909/18/931 911/18/933 912/18/934
f 913/18/935 910/18/932 914/18/936
f 914/18/936 915/18/937 916/18/938
f 914/18/936 916/18/938 913/18/935
f 917/18/939 918/18/940 919/18/941
f 920/18/942 921/18/943 922/18/944
f 923/18/945 908/18/930 907/18/929
f 924/18/946 925/18/947 926/18/948
f 926/18/948 927/18/949 928/18/950
f 926/18/948 928/18/950 924/18/946
f 929/18/951 926/18/952 925/18/953
f 930/18/954 911/18/955 910/18/956
f 910/18/956 913/18/957 926/18/952
f 926/18/952 929/18/951 930/18/954
f 910/18/956 926/18/952 930/18/954
f 871/18/958 872/18/959 931/18/960
f 932/18/961 933/18/962 934/18/963
f 871/18/958 931/18/960 932/18/961
f 934/18/963 935/18/964 871/18/958
f 932/18/961 934/18/963 871/18/958
f 936/18/965 937/18/966 938/18/965
f 938/18/967 939/18/967 940/18/967
f 938/18/965 940/18/968 936/18/965
f 941/18/969 942/18/970 943/18/971
f 943/18/971 944/18/972 945/18/973
f 943/18/971 945/18/973 941/18/969
f 946/18/974 947/18/975 948/18/976
f 948/18/976 949/18/977 950/18/978
f 948/18/976 950/18/978 946/18/974
f 951/18/979 952/18/980 953/18/981
f 954/18/982 955/18/983 956/18/984
f 957/18/985 958/18/986 959/18/987
f 957/18/985 959/18/987 960/18/988
f 960/18/989 959/18/990 961/18/991
f 960/18/989 961/18/991 962/18/992
f 962/18/992 961/18/993 963/18/994
f 962/18/992 963/18/994 964/18/995
f 963/18/994 961/18/993 848/18/996
f 963/18/994 848/18/996 844/18/997
f 964/18/998 963/18/999 965/18/1000
f 964/18/998 965/18/1000 966/18/1001
f 959/18/987 958/18/986 852/18/867
f 959/18/987 852/18/867 849/18/866
f 965/18/1000 963/18/999 844/18/857
f 965/18/1000 844/18/857 843/18/856
f 958/18/1002 967/18/1003 968/18/1004
f 958/18/1002 968/18/1004 852/18/1005
f 961/18/991 959/18/990 849/18/862
f 961/18/991 849/18/862 848/18/861
f 852/18/1005 968/18/1004 969/18/1006
f 852/18/1005 969/18/1006 853/18/1007
f 844/18/997 848/18/996 847/18/1008
f 844/18/997 847/18/1008 845/18/1009
f 842/18/855 846/18/859 970/18/1010
f 842/18/855 970/18/1010 971/18/1011
f 853/18/1007 969/18/1006 972/18/1012
f 853/18/868 972/18/1013 889/18/906
f 973/18/1014 842/18/1015 971/18/1014
f 973/18/1014 971/18/1014 974/18/1016
f 886/18/903 890/18/907 975/18/1017
f 886/18/903 975/18/1017 893/18/1018
f 889/18/906 972/18/1013 976/18/1019
f 889/18/1020 976/18/1021 890/18/1021
f 890/18/1021 976/18/1021 977/18/1022
f 890/18/1023 977/18/1023 975/18/1023
f 978/18/1024 979/18/1025 980/18/1026
f 978/18/1024 980/18/1026 981/18/1027
f 960/18/989 962/18/992 982/18/1028
f 960/18/989 982/18/1028 983/18/1029
f 962/18/992 964/18/995 978/18/1030
f 962/18/992 978/18/1030 982/18/1028
f 957/18/985 960/18/988 983/18/1031
f 957/18/985 983/18/1031 984/18/1032
f 964/18/998 966/18/1001 979/18/1025
f 964/18/998 979/18/1025 978/18/1024
f 983/18/1031 982/18/1033 985/18/1034
f 983/18/1031 985/18/1034 986/18/1035
f 982/18/1028 978/18/1030 981/18/1036
f 982/18/1028 981/18/1036 985/18/1037
f 984/18/1032 983/18/1031 986/18/1035
f 984/18/1032 986/18/1035 987/18/1038
f 855/18/870 860/18/875 988/18/1039
f 855/18/1040 988/18/1040 989/18/1040
f 893/18/1041 975/18/1042 990/18/1041
f 893/18/1041 990/18/1041 991/18/1043
f 860/18/875 893/18/913 991/18/1044
f 860/18/875 991/18/1044 988/18/1039
f 992/18/1045 861/18/876 993/18/1046
f 992/18/1045 993/18/1046 994/18/1047
f 995/18/1048 996/18/1049 997/18/1050
f 995/18/1048 997/18/1050 998/18/1051
f 868/18/1052 998/18/1051 999/18/1053
f 868/18/1052 999/18/1053 1000/18/1054
f 1001/18/1055 1002/18/1056 1003/18/1057
f 1001/18/1055 1003/18/1057 1004/18/1058
f 1002/18/1059 1005/18/1060 1006/18/1061
f 1002/18/1059 1006/18/1061 1003/18/1062
f 1005/18/1060 992/18/1063 994/18/1064
f 1005/18/1060 994/18/1064 1006/18/1061
f 861/18/876 868/18/882 1000/18/1065
f 861/18/876 1000/18/1065 993/18/1046
f 997/18/1066 1001/18/1055 1004/18/1058
f 997/18/1066 1004/18/1058 1007/18/1067
f 998/18/1051 997/18/1050 1007/18/1068
f 998/18/1051 1007/18/1068 999/18/1053
f 1008/18/1069 1009/18/1070 872/18/959
f 1008/18/1069 872/18/959 873/18/1071
f 1009/18/1070 1010/18/1072 931/18/960
f 1009/18/1070 931/18/960 872/18/959
f 1011/18/1073 1012/18/1074 1013/18/1075
f 1011/18/1073 1013/18/1075 1014/18/1076
f 1015/18/1077 1016/18/1078 877/18/892
f 1015/18/1077 877/18/892 1017/18/1079
f 1018/18/1080 1015/18/1081 1017/18/1082
f 1018/18/1080 1017/18/1082 1019/18/1083
f 1010/18/1084 1011/18/1073 1014/18/1076
f 1010/18/1084 1014/18/1076 931/18/1085
f 1012/18/1086 1018/18/1080 1019/18/1083
f 1012/18/1086 1019/18/1083 1013/18/1087
f 1016/18/1078 1008/18/1088 873/18/893
f 1016/18/1078 873/18/893 877/18/892
f 1020/18/1089 967/18/1003 958/18/1002
f 1020/18/1089 958/18/1002 957/18/1090
f 972/18/1012 969/18/1006 973/18/1091
f 972/18/1012 973/18/1091 974/18/1092
f 1021/18/1093 1020/18/1089 957/18/1090
f 1021/18/1093 957/18/1090 984/18/1094
f 884/18/901 952/18/980 951/18/979
f 884/18/901 951/18/979 882/18/899
f 880/18/897 1022/18/1095 1023/18/1096
f 880/18/897 1023/18/1096 881/18/898
f 856/18/1097 971/18/1011 970/18/1010
f 856/18/1097 970/18/1010 885/18/1098
f 888/18/905 854/18/869 853/18/868
f 888/18/905 853/18/868 889/18/906
f 1024/18/1099 1025/18/1100 1026/18/1101
f 1024/18/1099 1026/18/1101 1027/18/1102
f 1025/18/1103 1028/18/1104 1029/18/1105
f 1025/18/1103 1029/18/1105 1026/18/1106
f 1028/18/1104 1030/18/1107 1031/18/1108
f 1028/18/1104 1031/18/1108 1029/18/1109
f 1031/18/1108 894/18/1110 900/18/1111
f 1031/18/1108 900/18/1111 1029/18/1109
f 1030/18/1112 1032/18/1113 1033/18/1114
f 1030/18/1112 1033/18/1114 1031/18/1115
f 1026/18/1101 899/18/925 904/18/924
f 1026/18/1101 904/18/924 1027/18/1102
f 1033/18/1114 895/18/915 894/18/914
f 1033/18/1114 894/18/914 1031/18/1115
f 1027/18/1116 904/18/1117 1034/18/1118
f 1027/18/1116 1034/18/1118 1035/18/1119
f 1029/18/1105 900/18/920 899/18/919
f 1029/18/1105 899/18/919 1026/18/1106
f 904/18/1117 906/18/1120 1036/18/1121
f 904/18/1117 1036/18/1121 1034/18/1118
f 894/18/1110 898/18/1122 901/18/1123
f 894/18/1110 901/18/1123 900/18/1111
f 896/18/916 1037/18/1124 1038/18/1125
f 896/18/916 1038/18/1125 897/18/917
f 906/18/928 928/18/950 1039/18/1126
f 906/18/1120 1039/18/1127 1036/18/1121
f 1040/18/1128 1041/18/1129 1037/18/1128
f 1040/18/1128 1037/18/1128 896/18/1130
f 926/18/948 913/18/1131 1042/18/1132
f 926/18/948 1042/18/1132 927/18/949
f 928/18/1133 927/18/1134 1043/18/1134
f 928/18/950 1043/18/1135 1039/18/1126
f 927/18/1136 1042/18/1136 1044/18/1136
f 927/18/1134 1044/18/1137 1043/18/1134
f 1045/18/1138 1046/18/1139 1047/18/1140
f 1045/18/1138 1047/18/1140 1048/18/1141
f 1025/18/1103 1049/18/1142 1050/18/1143
f 1025/18/1103 1050/18/1143 1028/18/1104
f 1028/18/1104 1050/18/1143 1045/18/1144
f 1028/18/1104 1045/18/1144 1030/18/1107
f 1024/18/1099 1051/18/1145 1049/18/1146
f 1024/18/1099 1049/18/1146 1025/18/1100
f 1030/18/1112 1045/18/1138 1048/18/1141
f 1030/18/1112 1048/18/1141 1032/18/1113
f 1049/18/1146 1052/18/1147 1053/18/1148
f 1049/18/1146 1053/18/1148 1050/18/1149
f 1050/18/1143 1053/18/1150 1046/18/1151
f 1050/18/1143 1046/18/1151 1045/18/1144
f 1051/18/1145 1054/18/1152 1052/18/1147
f 1051/18/1145 1052/18/1147 1049/18/1146
f 909/18/1153 1055/18/1153 914/18/1153
f 909/18/931 914/18/936 910/18/932
f 913/18/1154 916/18/1155 1056/18/1154
f 913/18/1154 1056/18/1154 1042/18/1156
f 1057/18/1157 1024/18/1158 1027/18/1116
f 1057/18/1157 1027/18/1116 1035/18/1119
f 1039/18/1127 1041/18/1159 1040/18/1160
f 1039/18/1127 1040/18/1160 1036/18/1121
f 1058/18/1161 1051/18/1162 1024/18/1158
f 1058/18/1161 1024/18/1158 1057/18/1157
f 921/18/943 920/18/942 955/18/983
f 921/18/943 955/18/983 954/18/982
f 919/18/941 918/18/940 1059/18/1163
f 919/18/941 1059/18/1163 1060/18/1164
f 908/18/1165 923/18/1166 1038/18/1125
f 908/18/1165 1038/18/1125 1037/18/1124
f 924/18/946 928/18/950 906/18/928
f 924/18/946 906/18/928 905/18/927
f 931/18/1085 1014/18/1076 1061/18/1167
f 931/18/1085 1061/18/1167 932/18/1168
f 1014/18/1076 1013/18/1075 1062/18/1169
f 1014/18/1076 1062/18/1169 1061/18/1170
f 1017/18/1079 877/18/892 876/18/891
f 1017/18/1079 876/18/891 1063/18/1171
f 1064/18/1172 1065/18/1173 943/18/1174
f 1064/18/1172 943/18/1174 942/18/1175
f 871/18/958 935/18/964 1066/18/1176
f 871/18/958 1066/18/1176 1067/18/1177
f 878/18/895 874/18/894 1068/18/1178
f 878/18/895 1068/18/1178 1069/18/1179
f 1070/18/1180 934/18/1181 1071/18/1182
f 1070/18/1180 1071/18/1182 1072/18/1183
f 934/18/963 933/18/962 1073/18/1184
f 934/18/963 1073/18/1184 1071/18/1185
f 1069/18/1179 1068/18/1178 946/18/974
f 1069/18/1179 946/18/974 950/18/978
f 1074/18/1186 935/18/1187 1075/18/1188
f 1074/18/1186 1075/18/1188 1076/18/1189
f 934/18/1190 1070/18/1191 1077/18/1192
f 934/18/1190 1077/18/1192 1078/18/1193
f 1079/18/1194 1080/18/1195 1081/18/1196
f 1079/18/1194 1081/18/1196 1082/18/1197
f 875/18/1198 871/18/958 1067/18/1177
f 875/18/1198 1067/18/1177 1083/18/1199
f 935/18/1200 1074/18/1201 1084/18/1202
f 935/18/1200 1084/18/1202 1066/18/1203
f 1085/18/1204 875/18/1205 1083/18/1206
f 1085/18/1204 1083/18/1206 1086/18/1207
f 1087/18/1208 1064/18/1209 942/18/1210
f 1087/18/1208 942/18/1210 941/18/1211
f 874/18/1212 875/18/1213 1088/18/1214
f 874/18/1212 1088/18/1214 1068/18/1215
f 875/18/1216 1085/18/1217 1089/18/1218
f 875/18/1216 1089/18/1218 1088/18/1219
f 1082/18/1220 1081/18/1221 1090/18/1220
f 1082/18/1220 1090/18/1220 1091/18/1222
f 1092/18/1223 1093/18/1224 945/18/1225
f 1092/18/1223 945/18/1225 944/18/1226
f 1094/18/1227 1095/18/1228 939/18/1227
f 1094/18/1227 939/18/1227 938/18/1229
f 1068/18/1215 1088/18/1214 947/18/1230
f 1068/18/1215 947/18/1230 946/18/1231
f 1088/18/1219 1089/18/1218 948/18/1232
f 1088/18/1219 948/18/1232 947/18/1233
f 1080/18/1234 1096/18/1235 1090/18/1234
f 1080/18/1234 1090/18/1234 1081/18/1236
f 1097/18/1237 1094/18/1238 938/18/1239
f 1097/18/1237 938/18/1239 937/18/1240
f 1093/18/1241 1087/18/1208 941/18/1211
f 1093/18/1241 941/18/1211 945/18/1242
f 1096/18/1243 1098/18/1244 1091/18/1245
f 1096/18/1243 1091/18/1245 1090/18/1246
f 934/18/963 1078/18/1247 1075/18/1248
f 934/18/963 1075/18/1248 935/18/964
f 916/18/1249 915/18/1250 1099/18/1249
f 916/18/1249 1099/18/1249 1100/18/1251
f 1072/18/1183 1071/18/1182 1094/18/1238
f 1072/18/1183 1094/18/1238 1097/18/1237
f 1071/18/1185 1073/18/1184 1095/18/1252
f 1071/18/1185 1095/18/1252 1094/18/1253
f 1078/18/1193 1077/18/1192 1098/18/1244
f 1078/18/1193 1098/18/1244 1096/18/1243
f 1075/18/1248 1078/18/1247 1096/18/1254
f 1075/18/1248 1096/18/1254 1080/18/1255
f 1076/18/1189 1075/18/1188 1080/18/1195
f 1076/18/1189 1080/18/1195 1079/18/1194
f 1083/18/1199 1067/18/1177 1087/18/1208
f 1083/18/1199 1087/18/1208 1093/18/1241
f 1086/18/1207 1083/18/1206 1093/18/1224
f 1086/18/1207 1093/18/1224 1092/18/1223
f 1067/18/1177 1066/18/1176 1064/18/1256
f 1067/18/1177 1064/18/1256 1087/18/1208
f 1066/18/1203 1084/18/1202 1065/18/1173
f 1066/18/1203 1065/18/1173 1064/18/1172
# Vertices: 259, normals: 402, texture coordinates: 1, faces: 329

o obj8
v 0.43243133 0.03310347 -0.05273035
v 0.42233544 0.05838795 -0.07000034
v 0.41101342 0.11171286 0.10790218
v 0.45214422 0.12412684 0.1829674
v 0.46572841 0.12039817 0.17424295
v 0.26339298 0.05285179 0.0156322
v 0.27348703 0.02756731 0.0329022
v 0.43652895 0.11598564 0.18639231
v 0.11725211 1.52420548 0.10841462
v 0.13926818 1.45599763 0.11006187
v 0.20826244 1.4912718 0.06882855
v 0.20208155 1.54594392 0.06809996
v 0.13784082 1.52932799 0.09999018
v -0.33931257 0.09713362 0.08377488
v -0.40787826 0.0506567 -0.08283731
v -0.41096029 0.02428214 -0.0645499
v -0.36898909 0.10077284 0.16487005
v -0.35337751 0.10471952 0.1687776
v -0.2293906 0.04841316 -0.05520122
v -0.33730197 0.09711685 0.16639431
v -0.23247454 0.02204047 -0.03691381
v -0.46238271 1.32480307 0.03385812
v -0.4781955 1.21128287 0.04472733
v -0.45717823 1.2066057 0.0373315
v -0.43368075 1.29887196 0.02903937
v -0.41961394 1.32687887 0.02162117
v -0.44529345 1.2985496 -0.08333856
v -0.41312743 1.32064391 -0.02943413
v -0.43891317 1.26748115 -0.01725122
v -0.46228764 1.19672408 -0.00214091
v -0.46434114 1.18999909 -0.05028744
v -0.46945241 1.13020446 0.01372967
v -0.46324357 1.14305823 0.03910359
v -0.47800357 1.14659497 0.04301114
v -0.49050886 1.14782479 0.03667931
v -0.4960413 1.14052021 0.01297313
v -0.49113124 1.12698075 -0.01999041
v -0.48110986 1.12181354 -0.02681419
v -0.46505855 1.1225608 -0.01895064
v -0.20159985 1.47784225 0.04021045
v -0.13701999 1.4469117 0.09076077
v -0.11949472 1.51642019 0.09187508
v -0.13900266 1.5202234 0.08065182
v -0.19622582 1.53540079 0.04049369
v 0.0001132 1.36167599 0.13415563
v 0.0001132 1.34351533 0.12680824
v 0.04398323 1.34591163 0.12731136
v 0.07368955 1.35877287 0.12285783
v 0.08091395 1.41263811 0.13420034
v 0.0001132 1.39400039 0.14049492
v 0.0001132 1.37325516 0.13729359
v -0.04130087 1.36011634 0.12517777
v -0.12088668 1.37396519 0.11836145
v -0.1196643 1.3914103 0.11837822
v -0.16049511 1.39783906 0.09001541
v 0.11800307 1.42633226 0.11840431
v 0.12081121 1.37826589 0.11836518
v 0.15715124 1.39569235 0.10812393
v 0.23207296 1.44086306 0.08684017
v 0.20418532 1.47026942 0.08484633
v -0.22965521 1.38384307 0.08251522
v -0.19327978 1.34637189 0.10192812
v -0.1283142 1.33922947 0.12360878
v -0.2193096 1.4040535 0.06997267
v -0.0715159 1.37222845 0.11979813
v -0.06513003 1.33281751 0.1135781
v 0.0001132 1.33734372 0.13682587
v -0.05820936 1.36689544 0.12352307
v -0.11343867 1.37106198 0.14959017
v -0.01776985 1.37997837 0.14907028
v -0.09696808 1.35827156 0.14786093
v -0.17500168 1.34922295 0.12809399
v -0.1313888 1.35794733 0.14475651
v -0.07550357 1.39160596 0.12969838
v -0.14299779 1.33781518 0.14181793
v -0.0622343 1.34672411 0.14957712
v -0.01735804 1.35602249 0.15090387
v -0.11302686 1.34710609 0.15142189
v -0.12692037 1.33978294 0.14806404
v 0.19788329 1.47211785 0.05456049
v 0.22575976 1.44271158 0.05655433
v 0.20454122 1.48749276 -0.1287049
v 0.19855225 1.51792022 -0.12087302
v 0.18707558 1.4837194 0.05377228
v 0.26826764 0.14113595 0.03280157
v 0.21044447 0.1262213 -0.08222425
v 0.21727571 0.07299514 -0.07794029
v 0.23282391 0.07862261 -0.02196003
v 0.40003051 0.15903204 -0.02112336
v 0.34852987 0.18776194 0.01631235
v 0.38354688 0.12927541 0.05768914
v 0.40253867 0.08560477 -0.08340006
v 0.24303535 0.14907404 -0.16424181
v 0.2547878 0.09184902 -0.15289929
v 0.34149369 0.13990238 -0.14087849
v 0.37903745 0.0853588 -0.13978654
v 0.22262553 1.52188932 -0.10581303
v 0.18137916 1.53838228 0.05304555
v 0.11662601 1.52173463 0.08493391
v 0.17497466 1.56238286 -0.1226153
v 0.20015291 1.56574065 -0.10755345
v 0.07342308 1.44112767 0.12573865
v 0.0729181 1.5123338 0.12225037
v 0.1133017 1.49427 0.09190489
v 0.09411614 1.49450102 0.11019417
v 0.10990473 1.44565202 0.08814269
v 0.15094612 1.51373316 -0.17187988
v 0.15625308 1.51629722 -0.17934652
v 0.2034232 1.52076941 -0.12833781
v 0.08030275 1.43587285 0.11286442
v 0.09593482 1.49846079 -0.21758908
v 0.0719305 1.5428917 -0.21933882
v 0.13224876 1.56073 -0.18109067
v 0.17976918 1.56523756 -0.13008009
v 0.06662167 1.54032765 -0.21187403
v 0.12693993 1.55816595 -0.17362588
v 0.09062786 1.49589487 -0.21012429
v 0.3219876 0.09380373 -0.16652819
v 0.31616821 0.14189808 -0.17015624
v 0.03290904 2.21446474 0.05216603
v 0.06106502 2.21831087 0.03467615
v 0.04980635 2.22480288 0.03346681
v 0.03300221 2.2212793 0.05130141
v -0.23060928 0.13563706 -0.03277148
v -0.2138014 0.07697163 -0.09939548
v -0.21766423 0.07429207 -0.15757642
v -0.2140716 0.1278909 -0.16108147
v -0.33896598 0.14945231 -0.03397337
v -0.39441144 0.0792133 -0.10059551
v -0.33063657 0.11787513 0.02828842
v -0.31298831 0.17943627 -0.01922828
v -0.27850982 0.09456586 -0.21474554
v -0.27273888 0.15265363 -0.22632284
v -0.38746658 0.13700107 -0.16158273
v -0.3910592 0.08226183 -0.16151751
v -0.38599818 1.41708053 -0.10015947
v -0.37444885 1.39115689 -0.12209915
v -0.44359963 1.40319259 -0.13703057
v -0.4301198 1.42475955 -0.10968704
v -0.49084242 1.44669738 0.0246082
v -0.49772206 1.3616145 0.01453839
v -0.45747634 1.35381438 0.01590053
v -0.42837377 1.43458901 0.02672875
v -0.46639273 1.43432067 -0.10137441
v -0.50044823 1.41817619 -0.12399981
v -0.50717136 1.4485738 -0.04015427
v -0.47068228 1.45371684 -0.04787433
v -0.42040589 1.44479298 -0.00519688
v -0.36504613 1.41708427 0.01423838
v -0.37999806 1.43362379 -0.01316664
v -0.34477046 1.41186108 -0.0517558
v -0.36706231 1.43029203 -0.05527576
v -0.46026399 1.45251864 -0.00655157
v -0.41667723 1.34253705 0.00785251
v -0.40361478 1.33917171 -0.03466655
v -0.50824098 1.36282389 -0.027185
v -0.42273329 1.32583351 -0.07997885
v -0.46728345 1.33358716 -0.08959586
v -0.50390855 1.34323953 -0.08119938
v -0.47466809 1.29996949 -0.09608608
v -0.4979103 1.30499328 -0.08653616
v -0.48854484 1.32740435 0.03126613
v -0.49731587 1.32287814 -0.01938667
v -0.5065173 1.20972322 0.00156167
v -0.4994066 1.21339226 0.04262728
v -0.36689089 1.2047945 0.04226206
v -0.36432499 1.19813473 0.02014536
v -0.48815726 1.19114886 -0.06062185
v -0.50699996 1.19522219 -0.05287942
v -0.38265896 1.19349114 0.04409936
v -0.38151857 1.18646608 0.0238293
v -0.17804834 1.4717228 0.02828096
v -0.18982503 1.51290958 -0.1343305
v -0.16627352 1.50679012 -0.14626185
v -0.1726743 1.52928143 0.0285642
v -0.11545115 1.51410404 0.06872047
v -0.14521523 1.5527025 -0.14485685
v -0.16876675 1.55882373 -0.13292364
v -0.07315942 1.43630708 0.1154974
v -0.07683032 1.50740881 0.11178924
v -0.09594321 1.51029896 0.07994373
v -0.08199939 1.51148969 0.09760317
v -0.12230473 1.44565202 0.08814269
v -0.17064878 1.50903555 -0.15440491
v -0.11754933 1.5072933 -0.19847433
v -0.11317407 1.50504788 -0.19033127
v -0.08550072 1.43426291 0.10855624
v -0.09649105 1.55320746 -0.19706931
v -0.03041116 1.53952637 -0.22648868
v -0.05146944 1.49361221 -0.22788809
v -0.14959049 1.5549497 -0.15299805
v -0.02603403 1.53728094 -0.21834563
v -0.09211579 1.55096203 -0.18892812
v -0.04709231 1.49136679 -0.21974503
v -0.34643634 0.09420995 -0.20518815
v -0.34344001 0.14261735 -0.20800749
v -0.02666759 2.21308395 0.06069108
v -0.02800551 2.21862381 0.05996808
v -0.0547863 2.22049098 0.04755225
v -0.06413311 2.21259401 0.04209062
vn 0.93774 0.0436 0.34459
vn 0.12037 0.22582 0.9667
vn 0.32405 0.38064 0.86609
vn -0.40866 -0.07348 0.90972
vn -0.72267 -0.67016 0.16921
vn -0.43912 -0.11583 0.89093
vn 0.44281 -0.88145 0.16423
vn 0.43117 -0.90022 0.06076
vn 0.38666 -0.9214 -0.03896
vn -0.90744 -0.28813 0.30584
vn -0.16755 0.2841 0.94404
vn -0.5199 0.1609 0.83893
vn 0.38542 0.01857 0.92255
vn 0.40935 0.12279 0.90408
vn 0.8777 -0.4357 0.19952
vn 0.3401 -0.93943 0.04257
vn 0.26783 -0.95612 0.11873
vn 0.19837 -0.97941 0.03751
vn 0.82892 0.30151 -0.47114
vn 0.94973 -0.00326 -0.31306
vn 0.95311 0.19914 -0.22788
vn -0.08718 -0.46712 -0.87989
vn -0.26076 -0.33937 -0.90379
vn -0.23911 -0.33823 -0.91018
vn -0.06207 -0.21935 -0.97367
vn -0.34397 -0.38019 -0.85857
vn -0.3537 -0.286 -0.89056
vn -0.57138 -0.81015 0.13108
vn -0.56508 -0.8236 0.04871
vn -0.50764 -0.85875 -0.06966
vn 0.00984 -0.92697 -0.375
vn 0.24127 -0.9426 -0.23085
vn 0.11147 -0.98215 -0.15154
vn 0.05644 -0.96362 -0.26125
vn 0.11877 -0.97881 -0.16678
vn -0.18363 -0.91125 -0.36864
vn -0.56595 -0.82352 0.03887
vn 0.2647 -0.96422 0.01469
vn 0.14958 -0.96675 0.20741
vn 0.31999 -0.94289 0.09249
vn -0.28978 -0.93527 0.20324
vn -0.47123 -0.85165 0.22941
vn -0.20405 -0.78158 0.58949
vn -0.18034 -0.89282 0.41273
vn -0.31682 -0.92765 -0.19772
vn 0.30532 -0.49952 0.81071
vn -0.37208 -2E-05 -0.9282
vn 0.08146 -0.8195 0.56726
vn -0.01599 0.99339 0.11371
vn 0.04139 0.54635 0.83654
vn 0.08495 0.96702 0.24011
vn -0.23759 -0.96779 0.08332
vn -0.13503 -0.97925 -0.15109
vn -0.20192 -0.8547 -0.47824
vn -0.14024 -0.81624 0.56043
vn 0.05079 -0.86777 -0.49436
vn 0.14803 0.07013 -0.98649
vn 0.72493 0.10935 0.68008
vn 0.86786 0.20841 -0.45099
vn 0.98097 -0.09737 0.168
vn 0.6257 -0.08776 0.77511
vn 0.7263 -0.08362 0.68227
vn -0.91994 -0.38769 0.05836
vn 0.93436 -0.27908 0.22157
vn -0.87091 0.44458 -0.20943
vn -0.22027 -0.96961 -0.10648
vn 0.79097 0.41759 0.4472
vn -0.56076 -0.63365 0.53295
vn 0.76335 0.12044 0.63466
vn 0.33524 0.14787 -0.93046
vn -0.28649 0.08158 0.9546
vn -0.30658 -0.12491 0.94361
vn 0.24109 -0.96763 0.07459
vn 0.95706 -0.0743 0.28022
vn -0.47363 0.82064 0.31973
vn 0.40084 0.10762 -0.9098
vn 0.26404 0.16463 -0.95036
vn 0.32489 -0.20414 -0.92346
vn -0.81437 0.03913 0.57903
vn 0.47422 0.85177 0.22272
vn 0.67531 0.6564 0.33628
vn -0.33242 -0.08622 0.93918
vn -0.26409 -0.1661 0.95009
vn 0.33241 0.08624 -0.93918
vn 0.70008 0.62744 0.34088
vn 0.56809 0.79745 0.20335
vn 0.47728 -0.71426 0.51189
vn 0.99467 -0.06304 0.08165
vn -0.84575 -0.32697 0.42165
vn 0.6781 0.71868 -0.1539
vn 0.5337 -0.83461 -0.13636
vn -0.92265 -0.20465 0.32687
vn 0.72555 -0.4388 0.53012
vn -0.77643 -0.17315 0.60595
vn 0.26553 0.67436 0.68901
vn -0.05552 -0.99205 -0.11296
vn -0.20263 0.34808 0.9153
vn 0.3138 -0.35921 0.87892
vn 0.61967 -0.12912 0.77417
vn 0.6103 0.44948 0.65231
vn 0.05727 0.63555 0.76994
vn 0.16802 -0.33789 0.92607
vn -0.12668 -0.06064 0.99009
vn 0.94944 -0.2212 -0.22278
vn -0.96814 -0.24552 0.04922
vn 0.07459 0.81208 -0.57876
vn -0.99679 0.08005 0.00033
vn 0.14176 -0.97311 -0.18154
vn 0.77691 -0.28318 -0.56234
vn 0.75554 0.12976 -0.64212
vn -0.31186 0.83117 -0.46032
vn 0.79695 0.20962 -0.5665
vn -0.24669 0.95545 0.16202
vn 0.02335 -0.87582 0.48207
vn -0.95936 -0.20721 -0.19154
vn 0.29087 0.95669 0.01171
vn -0.97699 -0.03492 -0.21039
vn 0.25473 -0.80895 0.52983
vn -0.96866 -0.21122 -0.13069
vn 0.91814 -0.0442 0.39379
vn -0.41247 0.87996 -0.23565
vn -0.08751 -0.9904 0.10702
vn -0.98102 -0.16009 0.10941
vn 0.36247 0.87196 -0.3291
vn -0.99682 0.01217 0.07881
vn 0.38032 0.84169 -0.3833
vn -0.98265 -0.00965 -0.18523
vn 0.29851 -0.95431 -0.01326
vn 0.98442 0.13051 -0.11783
vn 0.99827 -0.03705 -0.04568
vn -0.51287 0.73584 -0.44215
vn -0.24893 -0.96568 -0.07419
vn 0.57908 -0.29587 -0.75969
vn 0.96155 -0.01599 -0.27418
vn -0.86238 -0.29179 -0.41371
vn 0.06337 -0.98109 0.18289
vn 0.15756 0.93001 -0.33206
vn -0.34305 0.20721 -0.91618
vn 0.25355 -0.00429 0.96731
vn 0.33081 -0.17756 0.92684
vn -0.3775 -0.92442 0.05425
vn -0.96643 0.06728 0.24798
vn 0.12841 -0.01293 0.99164
vn -0.2597 0.20425 -0.94384
vn -0.17541 0.17305 -0.96917
vn -0.30922 -0.24133 -0.91986
vn 0.22331 0.05832 0.973
vn -0.36486 0.91039 0.19513
vn -0.60352 0.739 0.29941
vn 0.2551 -0.12728 0.9585
vn 0.17542 -0.17305 0.96917
vn -0.2551 0.12728 -0.9585
vn -0.65327 0.68589 0.32062
vn -0.7151 0.69853 0.02612
vn -0.43505 -0.89857 -0.0575
vn -0.13454 -0.95423 -0.2671
vn 0.07511 -0.99708 -0.01414
vn 0.27644 -0.9537 -0.11846
vn -0.22682 0.6179 -0.75283
vn 0.15374 0.29329 -0.94358
vn -0.1721 0.21942 0.96033
vn 0.6274 -0.7784 -0.02135
vn -0.36935 -0.92603 0.07778
vn 0.18305 0.97528 -0.12375
vn -0.00169 -0.99709 0.07623
vn -0.29713 -0.95134 0.08167
vt 0 1
usemtl mat11
f 1101/19/1257 1102/19/1257 1103/19/1257
f 1103/19/1258 1104/19/1258 1105/19/1258
f 1103/19/1259 1105/19/1259 1101/19/1259
f 1104/19/1260 1103/19/1260 1106/19/1260
f 1106/19/1261 1107/19/1261 1108/19/1261
f 1106/19/1262 1108/19/1262 1104/19/1262
f 1109/19/1263 1110/19/1263 1111/19/1263
f 1111/19/1264 1112/19/1264 1113/19/1264
f 1111/19/1265 1113/19/1265 1109/19/1265
f 1114/19/1266 1115/19/1266 1116/19/1266
f 1116/19/1267 1117/19/1267 1118/19/1267
f 1116/19/1268 1118/19/1268 1114/19/1268
f 1119/19/1269 1114/19/1269 1118/19/1269
f 1118/19/1270 1120/19/1270 1121/19/1270
f 1118/19/1271 1121/19/1271 1119/19/1271
f 1122/19/1272 1123/19/1272 1124/19/1272
f 1125/19/1273 1126/19/1273 1122/19/1273
f 1122/19/1274 1124/19/1274 1125/19/1274
f 1127/19/1275 1128/19/1275 1129/19/1275
f 1129/19/1276 1130/19/1276 1131/19/1276
f 1129/19/1277 1131/19/1277 1127/19/1277
f 1132/19/1278 1133/19/1278 1134/19/1278
f 1134/19/1279 1135/19/1279 1136/19/1279
f 1136/19/1280 1137/19/1280 1138/19/1280
f 1138/19/1281 1139/19/1281 1132/19/1281
f 1132/19/1282 1134/19/1282 1136/19/1282
f 1132/19/1283 1136/19/1283 1138/19/1283
f 1140/19/1284 1141/19/1284 1142/19/1284
f 1143/19/1285 1144/19/1285 1140/19/1285
f 1142/19/1286 1143/19/1286 1140/19/1286
f 1145/19/1287 1146/19/1287 1147/19/1287
f 1147/19/1288 1148/19/1288 1149/19/1288
f 1149/19/1289 1150/19/1289 1151/19/1289
f 1151/19/1290 1145/19/1290 1147/19/1290
f 1147/19/1291 1149/19/1291 1151/19/1291
f 1146/19/1292 1145/19/1292 1152/19/1292
f 1153/19/1293 1154/19/1293 1155/19/1293
f 1156/19/1294 1157/19/1294 1158/19/1294
f 1158/19/1295 1159/19/1295 1160/19/1295
f 1158/19/1296 1160/19/1296 1156/19/1296
f 1161/19/1297 1162/19/1297 1163/19/1297
f 1163/19/1298 1153/19/1298 1155/19/1298
f 1155/19/1299 1164/19/1299 1161/19/1299
f 1163/19/1300 1155/19/1300 1161/19/1300
f 1165/19/1301 1166/19/1301 1167/19/1301
f 1167/19/1302 1146/19/1302 1152/19/1302
f 1152/19/1303 1168/19/1303 1165/19/1303
f 1167/19/1304 1152/19/1304 1165/19/1304
f 1169/19/1305 1170/19/1305 1171/19/1305
f 1171/19/1306 1172/19/1306 1173/19/1306
f 1171/19/1307 1173/19/1307 1169/19/1307
f 1165/19/1308 1168/19/1308 1151/19/1308
f 1151/19/1309 1150/19/1309 1174/19/1309
f 1151/19/1310 1174/19/1310 1165/19/1310
f 1175/19/1311 1176/19/1311 1177/19/1311
f 1177/19/1312 1178/19/1312 1179/19/1312
f 1177/19/1313 1179/19/1313 1175/19/1313
f 1180/19/1314 1160/19/1314 1159/19/1314
f 1159/19/1315 1181/19/1315 1182/19/1315
f 1182/19/1316 1183/19/1316 1184/19/1316
f 1180/19/1317 1159/19/1317 1182/19/1317
f 1180/19/1318 1182/19/1318 1184/19/1318
f 1185/19/1319 1186/19/1319 1187/19/1319
f 1185/19/1319 1187/19/1319 1188/19/1319
f 1189/19/1320 1190/19/1320 1191/19/1320
f 1189/19/1320 1191/19/1320 1192/19/1320
f 1186/19/1321 1193/19/1321 1194/19/1321
f 1186/19/1321 1194/19/1321 1187/19/1321
f 1190/19/1322 1185/19/1322 1188/19/1322
f 1190/19/1322 1188/19/1322 1191/19/1322
f 1195/19/1323 1189/19/1323 1192/19/1323
f 1195/19/1323 1192/19/1323 1196/19/1323
f 1191/19/1324 1188/19/1324 1106/19/1324
f 1191/19/1324 1106/19/1324 1103/19/1324
f 1192/19/1325 1191/19/1325 1103/19/1325
f 1192/19/1325 1103/19/1325 1102/19/1325
f 1184/19/1326 1183/19/1326 1197/19/1326
f 1184/19/1326 1197/19/1326 1111/19/1326
f 1198/19/1327 1199/19/1327 1113/19/1327
f 1198/19/1327 1113/19/1327 1112/19/1327
f 1200/19/1328 1198/19/1328 1112/19/1328
f 1200/19/1328 1112/19/1328 1201/19/1328
f 1202/19/1329 1110/19/1329 1109/19/1329
f 1202/19/1329 1109/19/1329 1203/19/1329
f 1111/19/1330 1197/19/1330 1201/19/1330
f 1111/19/1330 1201/19/1330 1112/19/1330
f 1204/19/1331 1205/19/1331 1203/19/1331
f 1204/19/1331 1203/19/1331 1109/19/1331
f 1206/19/1332 1184/19/1332 1111/19/1332
f 1206/19/1332 1111/19/1332 1110/19/1332
f 1183/19/1333 1207/19/1333 1208/19/1333
f 1183/19/1333 1208/19/1333 1209/19/1333
f 1210/19/1334 1206/19/1334 1110/19/1334
f 1210/19/1334 1110/19/1334 1202/19/1334
f 1199/19/1335 1204/19/1335 1109/19/1335
f 1199/19/1335 1109/19/1335 1113/19/1335
f 1208/19/1336 1211/19/1336 1212/19/1336
f 1208/19/1336 1212/19/1336 1213/19/1336
f 1209/19/1337 1208/19/1337 1213/19/1337
f 1209/19/1337 1213/19/1337 1214/19/1337
f 1215/19/1338 1216/19/1338 1213/19/1338
f 1215/19/1338 1213/19/1338 1212/19/1338
f 1216/19/1339 1200/19/1339 1214/19/1339
f 1216/19/1339 1214/19/1339 1213/19/1339
f 1207/19/1340 1217/19/1340 1211/19/1340
f 1207/19/1340 1211/19/1340 1208/19/1340
f 1201/19/1341 1197/19/1341 1209/19/1341
f 1201/19/1341 1209/19/1341 1214/19/1341
f 1218/19/1342 1219/19/1342 1195/19/1342
f 1218/19/1342 1195/19/1342 1196/19/1342
f 1220/19/1343 1221/19/1343 1222/19/1343
f 1220/19/1343 1222/19/1343 1223/19/1343
f 1224/19/1344 1225/19/1344 1226/19/1344
f 1224/19/1344 1226/19/1344 1227/19/1344
f 1228/19/1345 1229/19/1345 1230/19/1345
f 1228/19/1345 1230/19/1345 1231/19/1345
f 1227/19/1346 1226/19/1346 1232/19/1346
f 1227/19/1346 1232/19/1346 1233/19/1346
f 1231/19/1347 1230/19/1347 1225/19/1347
f 1231/19/1347 1225/19/1347 1224/19/1347
f 1234/19/1348 1235/19/1348 1229/19/1348
f 1234/19/1348 1229/19/1348 1228/19/1348
f 1230/19/1349 1114/19/1349 1119/19/1349
f 1230/19/1349 1119/19/1349 1225/19/1349
f 1229/19/1350 1115/19/1350 1114/19/1350
f 1229/19/1350 1114/19/1350 1230/19/1350
f 1236/19/1351 1237/19/1351 1238/19/1351
f 1236/19/1351 1238/19/1351 1239/19/1351
f 1240/19/1352 1241/19/1352 1242/19/1352
f 1240/19/1352 1242/19/1352 1243/19/1352
f 1244/19/1353 1245/19/1353 1246/19/1353
f 1244/19/1353 1246/19/1353 1247/19/1353
f 1248/19/1354 1243/19/1354 1249/19/1354
f 1248/19/1354 1249/19/1354 1250/19/1354
f 1250/19/1355 1249/19/1355 1251/19/1355
f 1250/19/1355 1251/19/1355 1252/19/1355
f 1252/19/1356 1251/19/1356 1237/19/1356
f 1252/19/1356 1237/19/1356 1236/19/1356
f 1239/19/1357 1238/19/1357 1245/19/1357
f 1239/19/1357 1245/19/1357 1244/19/1357
f 1253/19/1358 1240/19/1358 1243/19/1358
f 1253/19/1358 1243/19/1358 1248/19/1358
f 1247/19/1359 1246/19/1359 1240/19/1359
f 1247/19/1359 1240/19/1359 1253/19/1359
f 1254/19/1360 1126/19/1360 1128/19/1360
f 1254/19/1360 1128/19/1360 1255/19/1360
f 1246/19/1361 1256/19/1361 1241/19/1361
f 1246/19/1361 1241/19/1361 1240/19/1361
f 1237/19/1362 1257/19/1362 1258/19/1362
f 1237/19/1362 1258/19/1362 1238/19/1362
f 1245/19/1363 1259/19/1363 1256/19/1363
f 1245/19/1363 1256/19/1363 1246/19/1363
f 1243/19/1364 1242/19/1364 1254/19/1364
f 1243/19/1364 1254/19/1364 1249/19/1364
f 1249/19/1365 1254/19/1365 1255/19/1365
f 1249/19/1365 1255/19/1365 1251/19/1365
f 1251/19/1366 1255/19/1366 1257/19/1366
f 1251/19/1366 1257/19/1366 1237/19/1366
f 1238/19/1367 1258/19/1367 1259/19/1367
f 1238/19/1367 1259/19/1367 1245/19/1367
f 1255/19/1368 1128/19/1368 1127/19/1368
f 1255/19/1368 1127/19/1368 1257/19/1368
f 1258/19/1369 1260/19/1369 1261/19/1369
f 1258/19/1369 1261/19/1369 1259/19/1369
f 1241/19/1370 1262/19/1370 1122/19/1370
f 1241/19/1370 1122/19/1370 1242/19/1370
f 1256/19/1371 1263/19/1371 1262/19/1371
f 1256/19/1371 1262/19/1371 1241/19/1371
f 1257/19/1372 1127/19/1372 1260/19/1372
f 1257/19/1372 1260/19/1372 1258/19/1372
f 1259/19/1373 1261/19/1373 1263/19/1373
f 1259/19/1373 1263/19/1373 1256/19/1373
f 1242/19/1374 1122/19/1374 1126/19/1374
f 1242/19/1374 1126/19/1374 1254/19/1374
f 1264/19/1375 1136/19/1375 1135/19/1375
f 1264/19/1375 1135/19/1375 1265/19/1375
f 1126/19/1376 1266/19/1376 1267/19/1376
f 1126/19/1376 1267/19/1376 1128/19/1376
f 1260/19/1377 1268/19/1377 1269/19/1377
f 1260/19/1377 1269/19/1377 1261/19/1377
f 1262/19/1378 1265/19/1378 1123/19/1378
f 1262/19/1378 1123/19/1378 1122/19/1378
f 1263/19/1379 1264/19/1379 1265/19/1379
f 1263/19/1379 1265/19/1379 1262/19/1379
f 1127/19/1380 1131/19/1380 1268/19/1380
f 1127/19/1380 1268/19/1380 1260/19/1380
f 1261/19/1381 1269/19/1381 1264/19/1381
f 1261/19/1381 1264/19/1381 1263/19/1381
f 1131/19/1382 1139/19/1382 1138/19/1382
f 1131/19/1382 1138/19/1382 1268/19/1382
f 1269/19/1383 1137/19/1383 1136/19/1383
f 1269/19/1383 1136/19/1383 1264/19/1383
f 1123/19/1384 1134/19/1384 1133/19/1384
f 1123/19/1384 1133/19/1384 1124/19/1384
f 1124/19/1385 1133/19/1385 1132/19/1385
f 1124/19/1385 1132/19/1385 1130/19/1385
f 1130/19/1386 1132/19/1386 1139/19/1386
f 1130/19/1386 1139/19/1386 1131/19/1386
f 1268/19/1387 1138/19/1387 1137/19/1387
f 1268/19/1387 1137/19/1387 1269/19/1387
f 1265/19/1388 1135/19/1388 1134/19/1388
f 1265/19/1388 1134/19/1388 1123/19/1388
f 1266/19/1389 1270/19/1389 1271/19/1389
f 1266/19/1389 1271/19/1389 1267/19/1389
f 1125/19/1390 1124/19/1390 1130/19/1390
f 1125/19/1390 1130/19/1390 1129/19/1390
f 1129/19/1391 1271/19/1391 1270/19/1391
f 1129/19/1391 1270/19/1391 1125/19/1391
f 1125/19/1392 1270/19/1392 1266/19/1392
f 1125/19/1392 1266/19/1392 1126/19/1392
f 1128/19/1393 1267/19/1393 1271/19/1393
f 1128/19/1393 1271/19/1393 1129/19/1393
f 1272/19/1394 1140/19/1394 1273/19/1394
f 1272/19/1394 1273/19/1394 1274/19/1394
f 1275/19/1395 1144/19/1395 1143/19/1395
f 1275/19/1395 1143/19/1395 1276/19/1395
f 1277/19/1396 1278/19/1396 1144/19/1396
f 1277/19/1396 1144/19/1396 1275/19/1396
f 1279/19/1397 1280/19/1397 1142/19/1397
f 1279/19/1397 1142/19/1397 1141/19/1397
f 1140/19/1398 1144/19/1398 1278/19/1398
f 1140/19/1398 1278/19/1398 1273/19/1398
f 1281/19/1399 1142/19/1399 1280/19/1399
f 1281/19/1399 1280/19/1399 1282/19/1399
f 1283/19/1400 1141/19/1400 1140/19/1400
f 1283/19/1400 1140/19/1400 1272/19/1400
f 1274/19/1401 1284/19/1401 1285/19/1401
f 1274/19/1401 1285/19/1401 1286/19/1401
f 1287/19/1402 1279/19/1402 1141/19/1402
f 1287/19/1402 1141/19/1402 1283/19/1402
f 1276/19/1403 1143/19/1403 1142/19/1403
f 1276/19/1403 1142/19/1403 1281/19/1403
f 1285/19/1404 1288/19/1404 1289/19/1404
f 1285/19/1404 1289/19/1404 1290/19/1404
f 1284/19/1405 1291/19/1405 1288/19/1405
f 1284/19/1405 1288/19/1405 1285/19/1405
f 1292/19/1406 1289/19/1406 1288/19/1406
f 1292/19/1406 1288/19/1406 1293/19/1406
f 1293/19/1407 1288/19/1407 1291/19/1407
f 1293/19/1407 1291/19/1407 1277/19/1407
f 1286/19/1408 1285/19/1408 1290/19/1408
f 1286/19/1408 1290/19/1408 1294/19/1408
f 1278/19/1409 1291/19/1409 1284/19/1409
f 1278/19/1409 1284/19/1409 1273/19/1409
f 1295/19/1410 1235/19/1410 1234/19/1410
f 1295/19/1410 1234/19/1410 1296/19/1410
f 1297/19/1411 1298/19/1411 1299/19/1411
f 1297/19/1411 1299/19/1411 1300/19/1411
f 1165/19/1412 1174/19/1412 1154/19/1412
f 1165/19/1412 1154/19/1412 1153/19/1412
f 1163/19/1413 1166/19/1413 1165/19/1413
f 1163/19/1413 1165/19/1413 1153/19/1413
f 1148/19/1414 1157/19/1414 1156/19/1414
f 1148/19/1414 1156/19/1414 1149/19/1414
f 1168/19/1415 1152/19/1415 1176/19/1415
f 1168/19/1415 1176/19/1415 1171/19/1415
f 1152/19/1416 1145/19/1416 1177/19/1416
f 1152/19/1416 1177/19/1416 1176/19/1416
f 1151/19/1417 1168/19/1417 1171/19/1417
f 1151/19/1417 1171/19/1417 1170/19/1417
f 1145/19/1418 1151/19/1418 1170/19/1418
f 1145/19/1418 1170/19/1418 1177/19/1418
f 1175/19/1419 1179/19/1419 1173/19/1419
f 1175/19/1419 1173/19/1419 1172/19/1419
f 1171/19/1420 1176/19/1420 1175/19/1420
f 1171/19/1420 1175/19/1420 1172/19/1420
f 1177/19/1421 1170/19/1421 1169/19/1421
f 1177/19/1421 1169/19/1421 1178/19/1421
f 1173/19/1422 1179/19/1422 1178/19/1422
f 1173/19/1422 1178/19/1422 1169/19/1422
# Vertices: 200, normals: 166, texture coordinates: 1, faces: 270

o obj9
v 0.19501367 1.65602619 0.04385339
v 0.18137916 1.53838228 0.05304555
v 0.17497466 1.56238286 -0.1226153
v 0.18374009 1.64321524 -0.12059166
v 0.18663022 1.65527146 -0.0917015
v 0.19217943 1.67659443 -0.12075005
v 0.1382135 1.63515975 -0.17295879
v 0.15473814 1.70479131 -0.17191342
v 0.20097467 1.70980017 -0.12090657
v 0.20134922 1.74189347 0.05437788
v 0.19376892 1.73068705 0.05510088
v 0.19026385 1.70115203 -0.00423909
v 0.23060647 1.69973588 -0.04205307
v -0.01228027 1.99646931 0.03574388
v -0.01353248 1.95707703 0.07221435
v 0.00150889 1.95796219 0.07647967
v 0.05305612 1.98041804 0.0853066
v 0.07006151 1.99123138 0.0479417
v 0.21344269 1.84259721 0.04201236
v 0.22041181 1.79401833 -0.04456307
v 0.33891099 1.62278117 0.05062872
v 0.26976583 1.57799999 0.03132948
v 0.2448242 1.55303606 -0.02619926
v 0.25485489 1.60484042 0.04945478
v 0.27804118 1.66504876 0.0231622
v 0.34370553 1.67903915 0.01959752
v 0.399233 1.65046198 0.05843264
v 0.40174858 1.68110945 0.02623681
v 0.40688971 1.6519398 0.00752455
v 0.41872975 1.62957706 0.0561742
v 0.39042843 1.61937869 -0.05883299
v 0.40728102 1.57212844 0.11382966
v 0.35228836 1.58922516 -0.07776141
v 0.35329832 1.55957659 0.11722664
v 0.30951959 1.5541988 -0.07617938
v 0.2888284 1.56704324 0.10347847
v 0.12647595 1.59635826 0.08093692
v 0.10513443 1.59487866 0.09180055
v 0.11662601 1.52173463 0.08493391
v 0.16861487 1.65125776 0.07119134
v 0.1128135 1.71294187 0.09431427
v 0.10372756 1.63680888 0.10517976
v 0.11833102 1.64769667 0.09885911
v 0.15402632 1.69712713 0.0822767
v 0.19276827 1.70642373 0.05468348
v 0.18728801 1.72521045 0.05342755
v 0.20015291 1.56574065 -0.10755345
v 0.17976918 1.56523756 -0.13008009
v -0.04079402 2.36154485 -0.10667951
v -0.00379249 2.30354835 0.03694391
v -0.01269768 2.35261913 -0.01070323
v 0.00024736 2.28769452 0.05827798
v 0.02694989 2.39240077 -0.06747171
v 0.00943952 2.38487449 -0.10777146
v -0.05098309 2.36978853 -0.12816078
v -0.04888304 2.36397092 -0.14170397
v -0.14521523 1.5527025 -0.14485685
v -0.1726743 1.52928143 0.0285642
v -0.19467545 1.64568236 0.01673347
v -0.16743069 1.6460383 -0.11632633
v -0.16078581 1.63193987 -0.14463139
v -0.18754795 1.68872884 -0.03063229
v -0.20119923 1.7176991 0.02750952
v -0.20932178 1.72838751 0.02568897
v -0.18250746 1.69719057 -0.14769481
v -0.20845344 1.67120171 -0.06593999
v -0.02904528 1.95695779 0.07434421
v -0.09499847 1.98580507 0.03641097
v -0.0826758 1.97595332 0.07582375
v -0.22613897 1.82814087 0.01130353
v -0.21782447 1.77960873 -0.07517687
v -0.3885697 1.6821007 -0.01371262
v -0.39962338 1.69674897 -0.06804378
v -0.3945046 1.68471691 -0.14370899
v -0.34770346 1.66689159 -0.15650682
v -0.29119773 1.64517002 -0.14512891
v -0.28919457 1.5758683 -0.1412195
v -0.35122343 1.58699093 -0.1614057
v -0.40460799 1.60074835 -0.15477386
v -0.41869528 1.62851668 -0.07838751
v -0.40982176 1.62658998 -0.01744501
v -0.35271229 1.61543944 -0.00963923
v -0.29343754 1.59935645 -0.01517539
v -0.26839344 1.59575263 -0.07399734
v -0.26615921 1.64657498 -0.08201927
v -0.28528329 1.6424941 -0.02590298
v -0.33723302 1.663368 -0.01320391
v -0.11545115 1.51410404 0.06872047
v -0.109833 1.58780892 0.0767834
v -0.12950864 1.58793936 0.06305387
v -0.17338425 1.64001206 0.04730068
v -0.12548928 1.7051062 0.07766666
v -0.19420401 1.71266411 0.02677906
v -0.19856438 1.69355503 0.02734554
v -0.16350823 1.68668467 0.06009479
v -0.12730609 1.63961897 0.08169905
v -0.11304176 1.6296796 0.09003776
v -0.14959049 1.5549497 -0.15299805
v -0.16876675 1.55882373 -0.13292364
v -0.07361222 2.38810949 -0.10181231
v -0.06136223 2.36801075 -0.04351398
v -0.00037874 2.28766662 0.05836742
v 0.12693993 1.55816595 -0.17362588
v 0.06662167 1.54032765 -0.21187403
v 0.07789524 1.61732332 -0.21120507
v 0.01889441 1.53432939 -0.19296052
v 0.01388745 1.68781578 -0.19354004
v 0.09441987 1.68695479 -0.21015784
v 0.0116346 1.75683051 -0.19379719
v 0.2287971 1.80726537 -0.04440841
v 0.23665507 1.82813358 -0.13750761
v 0.24978831 1.81457911 -0.13872813
v 0.23994957 1.80871689 -0.04374131
v 0.09629818 1.93842998 -0.25361234
v 0.00862521 1.9300875 -0.2322764
v 0.00281699 1.99298109 -0.17873347
v 0.09838892 1.99971905 -0.19014307
v 0.11778878 2.0382411 -0.01203183
v 0.05812643 2.0254433 0.0131837
v 0.17653619 2.02187298 0.01299177
v 0.21452346 2.00302299 0.04704354
v 0.21928818 2.02555331 -0.04105988
v 0.18044002 2.02018849 -0.04802154
v 0.17067766 1.96042557 -0.20645899
v 0.14736093 2.01419956 -0.15910628
v 0.22567031 2.01289519 -0.1364436
v 0.18489726 2.01826551 -0.11769965
v 0.13760044 2.04121895 -0.05416331
v -0.01170262 2.01968735 0.01655086
v 0.06835277 2.02701975 -0.16047773
v 0.11115879 2.03601993 -0.13719269
v 0.22481129 1.83716913 -0.13744052
v 0.13681782 2.04021632 -0.1013036
v 0.00118279 2.01734499 -0.16679652
v 0.2255548 1.93176843 -0.14364564
v 0.23808615 1.92728309 -0.15734163
v 0.2116147 1.93309502 0.05476919
v 0.19975975 1.92785709 0.03891539
v 0.24504409 1.97971183 0.03991976
v 0.27457526 1.97922172 -0.12960679
v 0.16964347 1.90591925 -0.20642731
v 0.26536074 1.73724055 0.02537592
v 0.26694836 2.00692297 -0.04607615
v 0.16765708 1.83377402 0.02095966
v 0.1968547 1.79863393 -0.06457971
v 0.19016136 1.80456155 0.01249983
v 0.26759495 1.78619208 0.01200603
v 0.26590857 1.9015887 -0.15424839
v 0.31071032 1.9708197 -0.037566
v 0.31359298 1.94693276 -0.10697952
v 0.28409164 1.93862386 0.03394756
v 0.28352889 1.73964991 0.03148229
v 0.21042399 1.76136792 0.00681087
v 0.30204363 1.70565603 0.02461193
v 0.21690117 1.80286391 -0.14438914
v 0.33674574 1.88453853 -0.11484307
v 0.28363698 1.85310311 -0.13667094
v 0.30892331 1.88441751 0.02185596
v 0.33125615 1.90226523 -0.03442245
v 0.38696064 1.73233049 -0.02872417
v 0.36052645 1.74246 0.02394669
v 0.21631233 1.75615416 -0.06099639
v 0.29547515 1.62562662 -0.12284265
v 0.39152782 1.69401707 -0.08777905
v 0.35858106 1.67014506 -0.11366912
v 0.05995257 1.54684392 -0.22991733
v 0.01989505 1.54109908 -0.21046903
v 0.07405477 2.03288766 -0.0677065
v 0.05663571 2.03250932 -0.03082981
v 0.01314396 2.03043174 -0.16147652
v 0.05082004 2.03176206 -0.14080955
v 0.07334668 2.03265664 -0.10898454
v 0.00056787 2.03000861 -0.16397348
v 0.022815 2.0315273 -0.00749818
v -0.01076533 2.03193923 -0.00264216
v 0.06711175 2.14395744 -0.08669268
v 0.08618737 2.17984657 -0.08494109
v 0.10005293 2.17977567 -0.08005525
v 0.09391303 2.14431144 -0.0809031
v 0.08508051 2.18015028 -0.07184698
v 0.08586314 2.17112397 -0.04858056
v 0.09766965 2.17121904 -0.05814167
v 0.09894608 2.18007759 -0.06696114
v 0.01129546 2.09064549 0.0779648
v 0.06473964 2.10530673 0.02572438
v 0.07733995 2.07660677 0.06222093
v 0.01235201 2.05321919 0.10093865
v -0.03964617 2.35032155 -0.11575613
v -0.04670473 2.34606936 -0.13328701
v -0.03407274 2.33915795 -0.13632807
v -0.04344937 2.3381946 -0.13664485
v -0.04692461 2.34581577 -0.13541314
v 0.00694629 2.34640274 -0.13164162
v 0.03273202 2.37252577 -0.15178124
v 0.06665708 2.30771311 -0.07444269
v 0.11550238 2.21578777 -0.08306092
v 0.11562723 2.21577658 -0.08219071
v 0.08077792 2.15680926 -0.05075701
v 0.07970088 2.20492415 -0.05397883
v 0.07990026 2.12554337 -0.04877808
v 0.09376769 2.12547069 -0.04389225
v 0.04372235 2.11552386 0.04674167
v 0.01043644 2.1136119 0.07895613
v 0.01140913 2.11169266 0.0852041
v 0.05732144 2.11415231 0.05119519
v 0.00943393 2.14784444 0.08237547
v 0.03012139 2.14913584 0.0560568
v 0.02700952 2.15225141 0.05844755
v 0.00928858 2.15101421 0.08232143
v -0.09211579 1.55096203 -0.18892812
v -0.1083814 1.62705219 -0.19018406
v -0.04229965 1.61337101 -0.21960156
v -0.02603403 1.53728094 -0.21834563
v -0.12940987 1.69544832 -0.19176236
v -0.06332812 1.68176714 -0.221178
v -0.22699799 1.79227804 -0.07625019
v -0.20700186 1.7971339 -0.08180499
v -0.21924067 1.80435647 -0.17641912
v -0.22319853 1.81301208 -0.16963262
v -0.07558929 1.93277835 -0.26562009
v -0.09047786 1.99350835 -0.20333779
v -0.13690261 2.0298652 -0.02982358
v -0.19735875 2.00957827 -0.01312751
v -0.08061302 2.02087995 0.00349215
v -0.23839456 1.98812878 0.01540301
v -0.19263317 2.00791991 -0.07408492
v -0.2323385 2.01070192 -0.07260911
v -0.15707391 1.9496476 -0.22935646
v -0.14412515 2.00461419 -0.17946951
v -0.22456999 1.99808858 -0.1678978
v -0.18723491 2.00602856 -0.14369595
v -0.15082221 2.03173416 -0.07431225
v -0.11282375 2.02865395 -0.15283966
v -0.06670274 2.02257741 -0.16991212
v -0.21209454 1.82280235 -0.16796302
v -0.14343569 2.03100182 -0.12088234
v -0.27569982 1.89154875 -0.17373769
v -0.21815057 1.91717792 -0.1746433
v -0.31499334 1.92961053 0.02302804
v -0.26099947 1.88696655 0.02563493
v -0.23201985 1.91850647 0.02377713
v -0.32420413 1.93422062 -0.14874391
v -0.15249368 1.89532592 -0.22893161
v -0.23910823 1.81739098 0.01046313
v -0.3315571 1.95764907 -0.06389212
v -0.25211477 1.80233292 0.01138365
v -0.22553337 1.76930594 -0.0041981
v -0.22208608 1.76702329 -0.08168386
v -0.27834771 1.83854423 0.02278952
v -0.29839231 1.86110458 -0.17514269
v -0.35883356 1.89407362 -0.13243356
v -0.36847851 1.91376985 -0.06231755
v -0.34471644 1.88258019 0.01063457
v -0.28958215 1.78684054 0.02292369
v -0.29844263 1.75499124 0.00164552
v -0.23656841 1.72359296 -0.01405549
v -0.2332497 1.77245883 -0.16314053
v -0.30864101 1.80922371 -0.16182497
v -0.36884559 1.82912484 -0.14555935
v -0.35740992 1.82562542 -0.00657207
v -0.37606068 1.84256736 -0.06444741
v -0.36898349 1.78803864 -0.06704872
v -0.36051061 1.78381062 -0.00795471
v -0.23353481 1.72158433 -0.08221866
v -0.24335491 1.72636768 -0.15387199
v -0.3096752 1.75870693 -0.15271109
v -0.36016401 1.76879539 -0.13604669
v -0.01736363 1.54430226 -0.23531747
v -0.07348924 2.028231 -0.03991948
v -0.08560321 2.02763835 -0.07886081
v -0.05241791 2.02836695 -0.1480209
v -0.01223183 2.02959687 -0.16324861
v -0.0791577 2.0276403 -0.1196376
v -0.04324439 2.02935465 -0.01211382
v -0.1045838 2.13635102 -0.05955785
v -0.11648719 2.13515842 -0.05101044
v -0.12514641 2.16997989 -0.04806067
v -0.11324302 2.17117248 -0.05660623
v -0.10856961 2.17172587 -0.04433387
v -0.12047115 2.17053505 -0.03578832
v -0.1160437 2.16192244 -0.02777756
v -0.10208124 2.16294924 -0.02187804
v -0.06751518 2.09887994 0.05136849
v -0.05561178 2.10007253 0.04282293
v -0.04436616 2.35015752 -0.11547662
v -0.05158311 2.33859142 -0.13445722
v -0.06914938 2.34409591 -0.12236935
v -0.08532369 2.35807884 -0.13168448
v -0.14382886 2.20450671 -0.04621777
v -0.10251915 2.30035441 -0.05040856
v -0.09233008 2.30545089 -0.10708386
v -0.1530676 2.20372409 -0.09040085
v -0.14370401 2.20449747 -0.04534756
v -0.09660285 2.14909302 -0.02555639
v -0.10056258 2.19708297 -0.02836826
v -0.09255182 2.11804127 -0.0242781
v -0.10445522 2.11684867 -0.01573068
v -0.03052855 2.11229455 0.05729038
v -0.04218412 2.10982371 0.06533281
v 0.00365925 2.14990727 0.07803188
v -0.00118745 2.14378222 0.08392209
v -0.02779867 2.14078216 0.06809437
v -0.01874255 2.1614828 0.06593282
v -0.01441014 2.15044946 0.06433217
v -0.01778662 2.14705258 0.06286381
vn 0.99199 0.05561 -0.11342
vn 0.99151 0.05241 -0.11901
vn 0.97218 0.20664 -0.11031
vn 0.84228 0.52806 -0.10822
vn 0.99271 0.0599 -0.10463
vn 0.81957 0.53039 -0.21676
vn 0.67087 0.73197 -0.11898
vn 0.65338 0.74322 -0.1439
vn 0.79804 0.56917 -0.19794
vn 0.49886 -0.42905 -0.75303
vn 0.97037 -0.05927 -0.23424
vn 0.68981 -0.34543 -0.63627
vn 0.89833 0.36817 -0.23968
vn 0.41017 -0.46694 -0.78341
vn 0.63304 0.14073 0.76122
vn -0.0362 -0.67903 0.73322
vn -0.07338 -0.73065 0.67879
vn -0.19537 -0.54285 0.81679
vn -0.40924 -0.07687 0.90918
vn -0.06279 -0.61414 0.78669
vn 0.97344 -0.16651 -0.1571
vn 0.97692 -0.08498 -0.19597
vn 0.97382 -0.05107 -0.22151
vn 0.42998 -0.25868 -0.86499
vn 0.50822 -0.14783 -0.84844
vn 0.47443 -0.27231 -0.83712
vn 0.11582 0.79194 -0.59951
vn -0.00452 0.9739 -0.22694
vn 0.15375 0.9106 -0.38362
vn 0.46803 -0.14886 -0.87108
vn 0.1506 0.84571 -0.51194
vn 0.48221 -0.19045 -0.8551
vn 0.17691 0.76044 -0.62485
vn 0.788 0.08105 -0.61032
vn 0.4257 0.51374 -0.74488
vn 0.64036 0.19527 -0.74284
vn 0.38182 0.31744 -0.86801
vn 0.62094 0.49725 0.60595
vn 0.39489 -0.19253 -0.89833
vn -0.01679 -0.113 -0.99345
vn -0.10806 0.03289 -0.9936
vn 0.12738 -0.03745 -0.99115
vn -0.07984 0.08023 0.99357
vn -0.88686 -0.33528 -0.31792
vn 0.5421 -0.83253 -0.1141
vn 0.45429 -0.89077 -0.01225
vn 0.4569 -0.88951 0.00312
vn 0.43767 -0.89892 0.01951
vn 0.49829 -0.86531 -0.05426
vn 0.68758 -0.59018 -0.423
vn 0.34839 -0.91625 0.19777
vn 0.33581 -0.93726 0.09369
vn 0.31847 -0.9434 0.09265
vn 0.38247 -0.89737 0.22012
vn 0.53317 -0.81945 0.21031
vn 0.44027 -0.83323 0.3345
vn -0.24782 -0.20309 0.94728
vn -0.95142 -0.28852 0.10749
vn 0.19862 -0.65169 0.73201
vn -0.4139 -0.20066 0.88793
vn -0.21282 0.08925 0.97301
vn 0.92591 0.19931 0.32087
vn 0.96022 0.27437 0.05191
vn 0.96002 0.27928 0.01896
vn -0.45803 -0.27296 0.84599
vn -0.81262 -0.11906 -0.5705
vn -0.8656 -0.12629 -0.48454
vn -0.75819 -0.15454 -0.63345
vn -0.92391 0.33249 -0.18932
vn -0.96314 0.17955 -0.20029
vn -0.9648 0.1833 -0.18857
vn -0.97796 0.2004 -0.0586
vn -0.89699 0.37483 -0.23434
vn -0.95175 0.07522 -0.29751
vn -0.80031 -0.10613 -0.59011
vn -0.95766 0.06412 -0.28066
vn -0.9338 0.19143 -0.30228
vn -0.00204 -0.44546 -0.8953
vn -0.17738 -0.51985 -0.83564
vn -0.17517 0.52246 0.83448
vn 0.21221 -0.7425 0.63534
vn -0.13752 -0.57625 0.80562
vn 0.05989 -0.53618 0.84198
vn -0.97476 -0.0304 -0.22117
vn -0.95489 0.08367 -0.28494
vn -0.60952 -0.01187 -0.79268
vn -0.9685 0.04889 0.24418
vn -0.88219 0.03919 -0.46927
vn 0.00914 0.99924 -0.03796
vn 0.15722 0.98193 -0.10534
vn -0.20121 0.92469 -0.32322
vn 0.23344 0.27657 0.93221
vn 0.2265 0.16728 0.95954
vn 0.19689 -0.32046 0.92657
vn 0.19121 -0.00319 0.98154
vn 0.22834 0.03407 0.97298
vn 0.23427 0.29369 0.92675
vn -0.43578 0.85778 -0.27259
vn -0.5348 0.65613 -0.53242
vn 0.22699 0.00052 0.9739
vn 0.17857 -0.44304 0.87854
vn 0.1383 -0.67487 0.72487
vn -0.58013 -0.01009 -0.81446
vn 0.50886 -0.85349 0.11235
vn 0.94947 -0.31138 0.03934
vn 0.93925 -0.24225 -0.24317
vn -0.36977 0.15849 -0.91551
vn -0.40747 0.2036 -0.89023
vn -0.33913 0.12265 -0.93271
vn 0.91546 0.27809 -0.29084
vn 0.95435 0.29849 0.01075
vn -0.58929 -0.80698 -0.03905
vn -0.57185 -0.81907 -0.04601
vn -0.65571 -0.73784 -0.16008
vn -0.75043 -0.42951 -0.50236
vn -0.62726 -0.77195 -0.1031
vn -0.57894 -0.81494 -0.0266
vn -0.51023 -0.8411 0.17946
vn -0.52946 -0.83575 0.14559
vn -0.54639 -0.78555 0.29048
vn -0.48677 -0.85564 0.17587
vn -0.49546 -0.86845 0.01754
vn -0.45178 -0.88959 0.06731
vn 0.2982 -0.10171 0.94907
vn 0.5059 -0.0339 0.86192
vn 0.69386 -0.10006 0.71312
vn 0.42118 -0.07063 0.90422
vn -0.24689 -0.68685 0.68358
vn 0.95142 0.28852 -0.10749
vn 0.2684 -0.05311 0.96184
vn 0.61336 0.78543 -0.083
vn 0.54943 0.83232 -0.07322
vn 0.16257 0.98633 -0.02684
vn -0.30657 0.95181 0.0087
vn -0.36668 0.93022 -0.01547
vn 0.06913 0.99747 0.01661
vn 0.27523 0.96003 -0.05088
vn 0.06845 0.99699 0.03649
vn -0.71151 0.21034 -0.67046
vn 0.14176 0.43298 -0.89019
vn 0.13171 0.04747 -0.99015
vn -0.06429 0.71989 0.69111
vn 0.03171 0.75961 0.6496
vn 0.03057 0.74906 0.66179
vn 0.0469 0.70848 0.70417
vn -0.00807 -0.3411 0.93999
vn -0.0146 -0.54294 0.83964
vn 0.2129 -0.29601 0.93116
vn 0.09638 -0.1433 0.98498
vn 0.24181 -0.12281 0.96252
vn 0.17774 -0.01635 0.98394
vn 0.21997 0.68281 0.69669
vn 0.19537 0.56922 0.79863
vn 0.25678 0.2845 0.92365
vn 0.28687 0.14029 0.94764
vn 0.16843 -0.02092 0.98549
vn -0.06801 -0.59732 0.79911
vn 0.07342 0.64581 0.75996
vn 0.14982 0.32363 0.93425
vn -0.56493 0.36953 -0.73777
vn 0.84421 0.0484 -0.53382
vn 0.83452 -0.15061 -0.53
vn 0.08913 0.08048 0.99276
vn 0.03981 0.83105 0.55477
vn -0.53313 0.83927 -0.10681
vn -0.66428 0.69658 0.27112
vn -0.35856 0.9335 -0.00177
vn -0.12877 0.97556 -0.17804
vn 0.81221 0.57519 -0.09733
vn 0.7534 0.62789 0.19529
vn 0.36509 0.91775 0.15631
vn 0.1289 -0.98289 -0.1316
vn 0.06655 -0.9855 -0.15607
vn 0.0827 -0.98759 -0.13349
vn 0.63884 0.76801 0.04513
vn 0.58486 0.80803 0.0709
vn 0.19607 0.97677 0.08643
vn -0.44678 0.62001 0.64496
vn 0.74969 0.66163 -0.01461
vn 0.75907 0.65041 0.02795
vn 0.97334 -0.00515 -0.22931
vn 0.98111 0.04132 -0.18898
vn -0.89534 -0.02278 -0.4448
vn 0.62405 -0.2251 0.74826
vn 0.57674 -0.33676 0.74429
vn 0.56049 -0.12553 0.81859
vn 0.63429 0.20174 0.74631
vn 0.03548 -0.98969 -0.13879
vn 0.31889 0.93133 0.1759
vn -0.02793 0.38799 0.92124
vn -0.18588 0.15006 0.97105
vn -0.12155 0.21725 0.96852
vn -0.79512 0.02244 -0.60604
vn -0.87685 0.19126 -0.44108
vn -0.87885 0.03976 -0.47544
vn 0.17079 0.97693 0.12817
vn -0.01171 -0.97793 -0.20861
vn 0.04532 -0.99344 -0.10502
vn 0.13052 0.73551 -0.66483
vn 0.62024 -0.44207 0.64798
vn 0.33892 0.93968 0.04613
vn 0.12154 0.97303 -0.19608
vn 0.82313 -0.17209 0.54115
vn 0.89731 0.08618 0.4329
vn 0.66648 -0.61357 0.42348
vn 0.00132 -0.98978 -0.14261
vn 0.50422 0.83775 0.20962
vn 0.5415 0.83802 0.06707
vn 0.51046 0.82414 0.24542
vn -0.38913 -0.85807 -0.33511
vn -0.38305 -0.87536 -0.29499
vn -0.21728 -0.97543 -0.03651
vn -0.12033 -0.99028 0.06981
vn -0.33898 -0.02293 0.94051
vn -0.27829 -0.00787 0.96046
vn 0.43612 0.89931 0.03225
vn 0.34786 0.9372 -0.02556
vn -0.78042 -0.62524 -0.00554
vn 0.38886 -0.92127 -0.00695
vn 0.58033 -0.79661 0.1692
vn 0.92788 -0.19927 0.31516
vn -0.21546 -0.96676 0.13769
vn 0.95346 0.04165 0.29863
vn 0.04577 -0.98498 0.16646
vn 0.10398 -0.90431 0.41402
vn 0.94613 -0.09254 0.31028
vn 0.85416 -0.38781 0.34643
vn 0.86567 -0.2415 0.4385
vn 0.99398 0.10949 0.00351
vn -0.87571 0.38298 -0.29404
vn -0.96209 -0.16687 -0.21571
vn -0.87575 0.24211 -0.41767
vn -0.87447 0.26969 -0.40321
vn 0.82772 0.55365 0.09137
vn 0.34568 0.93302 -0.09991
vn -0.10916 -0.98286 0.14858
vn 0.16553 0.98487 -0.05126
vn 0.26367 0.94287 -0.20368
vn 0.34935 0.81441 -0.46336
vn -0.21676 -0.97047 0.10588
vn -0.24997 -0.94597 0.20654
vn -0.96294 -0.19199 -0.18942
vn -0.85833 -0.46565 -0.21551
vn -0.73741 0.60779 -0.29464
vn -0.59447 0.77453 -0.21613
vn -0.23702 -0.93826 0.25199
vn 0.92884 0.35013 -0.12115
vn -0.94219 0.0951 0.32131
vn 0.35655 0.76803 -0.53198
vn 0.22935 0.93333 -0.27621
vn 0.39256 0.61785 -0.68129
vn -0.63605 0.55753 -0.53348
vn 0.73177 -0.12949 0.66913
vn 0.20107 0.27677 -0.93966
vn -0.08226 0.1494 -0.98535
vn 0.99843 0.03881 -0.04051
vn -0.24477 -0.96956 -0.00658
vn -0.05472 -0.34182 0.93817
vn 0.01433 -0.33495 0.94213
vn 0.0259 -0.34632 0.93776
vn -0.05561 -0.35731 0.93233
vn -0.11597 0.00748 0.99322
vn -0.07073 -0.08871 0.99354
vn 0.00555 0.24597 0.96926
vn -0.08999 -0.00984 0.99589
vn -0.12303 -0.00627 0.99238
vn 0.06078 0.97361 0.21999
vn 0.06296 0.46662 0.88222
vn 0.02296 -0.32486 0.94548
vn -0.06507 -0.53467 0.84255
vn 0.25388 0.9657 -0.05454
vn 0.32897 0.93546 -0.1292
vn 0.2113 0.97733 -0.01322
vn 0.08775 -0.48603 0.86953
vn 0.26852 -0.34054 0.90107
vn -0.23316 -0.67213 0.70276
vn -0.11476 0.76342 -0.63563
vn -0.31435 0.45506 -0.83313
vn -0.36356 0.60972 -0.70432
vn -0.01666 0.85192 -0.52341
vn 0.94987 0.22269 0.21946
vn 0.96092 0.2765 -0.01308
vn 0.01618 0.98587 0.16671
vn -0.10911 0.98793 0.10991
vn 0.44617 0.15135 0.88206
vn -0.25425 0.82345 -0.50724
vn -0.29751 0.71714 -0.63023
vn -0.23028 0.86729 -0.44134
vn 0.02479 0.89754 0.44023
vn 0.00121 0.23618 0.97171
vn -0.87213 -0.11902 -0.47457
vn -0.93843 -0.15194 0.31027
vn 0.97011 -0.23971 0.03777
vn 0.10882 0.37406 -0.921
vn 0.11193 0.46442 -0.87851
vn 0.12649 0.45868 -0.87955
vn -0.26585 0.40157 -0.87639
vn 0.09255 -0.17538 0.98014
vn 0.00014 -0.29362 0.95592
vn -0.01543 -0.19188 0.9813
vn 0.05289 -0.14288 0.98833
vn 0.01294 0.02202 0.99967
vn 0.01302 0.02209 0.99967
vn 0.01285 0.02196 0.99968
vn 0.77708 -0.60362 0.17829
vn 0.74681 -0.60099 0.28475
vn 0.80092 -0.59693 0.0469
vn -0.49643 0.8597 -0.12031
vn -0.54494 0.82487 -0.15039
vn -0.0219 0.99922 -0.0329
vn -0.42253 0.90023 -0.10518
vn 0.43455 0.90004 0.03307
vn 0.49252 0.87021 0.01278
vn -0.57262 0.79367 -0.20542
vn -0.13531 0.98871 -0.0644
vn -0.25967 0.09464 0.96105
vn -0.20814 -0.10119 0.97285
vn 0.93416 -0.11315 0.33844
vn 0.11833 0.70713 0.69711
vn 0.00602 0.71133 0.70284
vn -0.10086 -0.33461 0.93695
vn -0.31237 -0.25929 0.91389
vn -0.11587 -0.53586 0.83632
vn -0.42966 -0.15032 0.89039
vn -0.24224 0.01299 0.97013
vn -0.39701 -0.10803 0.91144
vn -0.16807 0.70992 0.68394
vn -0.16621 0.59448 0.78675
vn -0.36138 0.28299 0.88844
vn -0.32595 0.1831 0.92749
vn -0.23376 0.00717 0.97227
vn -0.16417 0.34559 0.92392
vn -0.03254 0.6532 0.75649
vn -0.81088 -0.03566 -0.58412
vn -0.79257 0.16273 -0.58767
vn 0.65777 0.28412 -0.69758
vn -0.14179 0.0966 0.98517
vn 0.0368 0.99808 -0.04979
vn 0.085 0.99637 0.00474
vn -0.15375 0.98246 0.10555
vn -0.35964 0.93189 0.04727
vn 0.00435 -0.99501 0.09967
vn -0.08361 -0.99649 0.00293
vn 0.06376 -0.99795 -0.0051
vn 0.08579 -0.99504 -0.05026
vn -0.26714 0.95569 0.12366
vn -0.4371 0.89851 0.04023
vn -0.66157 0.74965 -0.01877
vn -0.64796 0.75926 -0.06057
vn -0.95139 0.17632 -0.25254
vn 0.59742 -0.29894 -0.74413
vn -0.61 -0.04133 0.79133
vn -0.5863 -0.28284 0.75911
vn -0.65794 0.26086 0.70644
vn 0.18027 -0.97364 -0.13973
vn 0.0466 -0.98994 -0.13361
vn 0.78271 -0.01649 0.62217
vn 0.78075 -0.40453 -0.47622
vn 0.9484 -0.00789 -0.31698
vn 0.86977 -0.11556 -0.47973
vn -0.00779 -0.99829 -0.0579
vn 0.22817 -0.96374 -0.13833
vn 0.71201 -0.37771 -0.59192
vn -0.30371 0.30393 0.90299
vn 0.46938 0.57783 0.66768
vn -0.27845 0.95997 0.0305
vn -0.94646 0.18016 0.26787
vn -0.92406 -0.08939 0.37165
vn -0.65624 -0.73249 0.18115
vn -0.44907 0.87099 0.19928
vn -0.11963 -0.96768 -0.22201
vn -0.07109 -0.97255 -0.22156
vn 0.14217 -0.94112 -0.30673
vn 0.34418 -0.92323 -0.17083
vn 0.91757 0.14951 -0.36838
vn 0.88127 0.14825 -0.44876
vn -0.22726 0.9518 -0.20596
vn -0.38599 0.92244 -0.0107
vn -0.75844 -0.65012 -0.04599
vn -0.99831 -0.04046 0.04181
vn -0.16928 0.95245 -0.25335
vn -0.12261 0.9685 -0.21673
vn -0.99555 0.0912 -0.02386
vn -0.79561 0.40793 -0.44788
vn -0.99169 -0.02754 0.12567
vn -0.93777 -0.20573 0.27976
vn -0.97613 -0.18711 0.11025
vn 0.96832 -0.05029 -0.24458
vn 0.89919 -0.12679 -0.41879
vn 0.92285 0.09855 -0.37233
vn 0.9139 0.15042 -0.37705
vn -0.15204 0.98835 0.00695
vn -0.30736 0.95143 -0.01773
vn -0.12408 -0.9906 -0.05764
vn 0.02421 0.99633 -0.08209
vn -0.96136 0.14814 0.23202
vn -0.01336 -0.9973 -0.07224
vn 0.15847 -0.97987 -0.12139
vn 0.87487 -0.26885 -0.40289
vn -0.02861 -0.99827 -0.05129
vn 0.93303 -0.35841 -0.03164
vn 0.08949 -0.99029 0.10641
vn 0.14782 -0.96597 0.21228
vn -0.07005 -0.99727 0.02326
vn -0.95486 -0.00599 0.297
vn -0.92714 -0.14591 0.34514
vn -0.96187 0.17625 0.20917
vn 0.02431 0.99596 0.08645
vn -0.08636 0.98633 0.14036
vn -0.15615 0.98174 0.10862
vn 0.10739 -0.9942 0.00497
vn -0.97851 0.17714 -0.10558
vn -0.13498 -0.3351 0.93246
vn -0.12228 -0.32543 0.93763
vn -0.00739 -0.09316 0.99562
vn 0.05068 -0.00415 0.99871
vn 0.02246 -0.0177 0.99959
vn -0.0347 0.2488 0.96793
vn 0.05584 -0.01878 0.99826
vn -0.05514 0.47464 0.87845
vn -0.12962 -0.3142 0.94046
vn -0.57667 0.81357 -0.07446
vn -0.57671 0.81354 -0.0745
vn -0.57664 0.8136 -0.07443
vn -0.02281 -0.50173 0.86472
vn 0.35023 -0.58924 0.7281
vn -0.23898 -0.4126 0.87901
vn 0.22825 0.83261 -0.50465
vn -0.03829 0.19025 -0.98099
vn -0.05206 0.2088 -0.97657
vn -0.05627 0.21444 -0.97511
vn -0.97918 -0.06789 -0.19129
vn -0.98841 -0.14206 -0.05348
vn -0.8389 -0.02189 0.54385
vn -0.92627 -0.05126 0.37335
vn -0.25778 0.96544 0.03848
vn 0.27237 0.87927 -0.39078
vn 0.21498 0.90906 -0.35692
vn 0.33781 0.83836 -0.42783
vn -0.18075 0.19743 0.96351
vn -0.42839 0.80734 0.40581
vn 0.97447 0.22414 0.01319
vn -0.96618 -0.07033 0.2481
vn -0.88794 -0.0113 0.45982
vn -0.91268 0.12922 0.38771
vn -0.83464 -0.16522 0.52543
vn 0.90785 0.13447 -0.39716
vn -0.86475 -0.50044 -0.04203
vn 0.91372 0.11127 0.3908
vn -0.13162 0.31446 -0.9401
vn -0.09133 0.26128 -0.96093
vn -0.19613 0.39817 -0.8961
vn -0.19613 0.39817 -0.8961
vn -0.12324 -0.20609 0.97074
vn -0.09503 -0.16394 0.98188
vn -0.10352 0.00549 0.99461
vn -0.10361 0.00552 0.9946
vn -0.10344 0.00546 0.99462
vn -0.60427 -0.79665 -0.01413
vn -0.56638 -0.79721 -0.20899
vn -0.19855 -0.62321 0.75643
vn -0.05939 -0.69562 0.71595
vn -0.28773 0.95736 0.02591
vn -0.61247 0.29149 0.73479
vn -0.02182 -0.71194 0.70191
vn -0.55616 -0.79357 -0.24686
vt 0 1
usemtl mat22
f 1301/20/1423 1302/20/1424 1303/20/1425
f 1303/20/1425 1304/20/1426 1305/20/1427
f 1303/20/1425 1305/20/1427 1301/20/1423
f 1306/20/1428 1304/20/1426 1307/20/1429
f 1307/20/1429 1308/20/1430 1309/20/1431
f 1307/20/1429 1309/20/1431 1306/20/1428
f 1310/20/1432 1311/20/1433 1312/20/1434
f 1313/20/1435 1306/20/1428 1309/20/1431
f 1310/20/1432 1312/20/1434 1313/20/1436
f 1313/20/1437 1309/20/1437 1310/20/1437
f 1314/20/1438 1315/20/1439 1316/20/1440
f 1316/20/1440 1317/20/1441 1318/20/1442
f 1316/20/1440 1318/20/1442 1314/20/1438
f 1319/20/1443 1310/20/1444 1320/20/1445
f 1321/20/1446 1322/20/1447 1323/20/1448
f 1324/20/1449 1325/20/1450 1326/20/1451
f 1327/20/1452 1321/20/1446 1323/20/1448
f 1324/20/1449 1326/20/1451 1328/20/1453
f 1329/20/1454 1327/20/1452 1323/20/1448
f 1324/20/1449 1328/20/1453 1330/20/1455
f 1331/20/1456 1329/20/1454 1323/20/1448
f 1324/20/1449 1330/20/1455 1332/20/1457
f 1333/20/1458 1331/20/1456 1323/20/1448
f 1324/20/1449 1332/20/1457 1334/20/1459
f 1323/20/1460 1324/20/1460 1334/20/1460
f 1335/20/1461 1333/20/1458 1323/20/1448
f 1323/20/1462 1334/20/1463 1336/20/1464
f 1323/20/1465 1336/20/1465 1335/20/1465
f 1336/20/1466 1324/20/1466 1323/20/1466
f 1336/20/1464 1323/20/1462 1335/20/1461
f 1337/20/1467 1338/20/1468 1339/20/1469
f 1339/20/1469 1302/20/1470 1301/20/1471
f 1301/20/1471 1340/20/1472 1337/20/1467
f 1339/20/1469 1301/20/1471 1337/20/1467
f 1341/20/1473 1342/20/1474 1343/20/1475
f 1344/20/1476 1345/20/1477 1346/20/1478
f 1341/20/1473 1343/20/1475 1344/20/1476
f 1341/20/1473 1344/20/1476 1346/20/1478
f 1303/20/1479 1347/20/1479 1348/20/1479
f 1349/20/1480 1350/20/1480 1351/20/1480
f 1351/20/1481 1352/20/1481 1353/20/1481
f 1353/20/1482 1354/20/1483 1355/20/1482
f 1356/20/1484 1349/20/1485 1351/20/1486
f 1351/20/1487 1353/20/1482 1355/20/1482
f 1355/20/1488 1356/20/1489 1351/20/1490
f 1357/20/1491 1358/20/1492 1359/20/1493
f 1359/20/1493 1360/20/1494 1361/20/1495
f 1359/20/1493 1361/20/1495 1357/20/1491
f 1362/20/1496 1363/20/1496 1364/20/1497
f 1364/20/1498 1365/20/1499 1361/20/1495
f 1361/20/1500 1360/20/1500 1366/20/1500
f 1366/20/1501 1362/20/1501 1364/20/1501
f 1364/20/1502 1361/20/1502 1366/20/1502
f 1367/20/1503 1315/20/1439 1314/20/1438
f 1314/20/1438 1368/20/1504 1369/20/1505
f 1314/20/1438 1369/20/1505 1367/20/1503
f 1370/20/1506 1371/20/1507 1364/20/1498
f 1372/20/1508 1373/20/1509 1374/20/1510
f 1375/20/1511 1376/20/1512 1377/20/1513
f 1377/20/1514 1378/20/1515 1379/20/1514
f 1380/20/1516 1381/20/1517 1382/20/1518
f 1377/20/1514 1379/20/1514 1380/20/1519
f 1374/20/1520 1375/20/1511 1377/20/1513
f 1374/20/1520 1377/20/1513 1380/20/1521
f 1380/20/1516 1382/20/1518 1383/20/1522
f 1380/20/1516 1383/20/1522 1384/20/1523
f 1374/20/1524 1380/20/1516 1384/20/1523
f 1372/20/1508 1374/20/1510 1384/20/1525
f 1372/20/1526 1384/20/1527 1385/20/1528
f 1385/20/1529 1386/20/1530 1387/20/1529
f 1387/20/1529 1372/20/1531 1385/20/1529
f 1376/20/1532 1385/20/1528 1384/20/1527
f 1376/20/1532 1384/20/1527 1377/20/1533
f 1388/20/1534 1389/20/1535 1390/20/1536
f 1390/20/1536 1391/20/1537 1359/20/1538
f 1359/20/1538 1358/20/1539 1388/20/1534
f 1390/20/1536 1359/20/1538 1388/20/1534
f 1392/20/1540 1393/20/1541 1394/20/1542
f 1395/20/1543 1396/20/1544 1397/20/1545
f 1392/20/1540 1394/20/1542 1395/20/1543
f 1392/20/1540 1395/20/1543 1397/20/1545
f 1357/20/1546 1398/20/1546 1399/20/1546
f 1355/20/1547 1400/20/1548 1401/20/1549
f 1401/20/1550 1402/20/1550 1351/20/1550
f 1351/20/1486 1350/20/1551 1349/20/1485
f 1349/20/1485 1356/20/1484 1355/20/1547
f 1355/20/1547 1401/20/1549 1351/20/1552
f 1355/20/1547 1351/20/1486 1349/20/1485
f 1403/20/1553 1404/20/1554 1405/20/1555
f 1403/20/1553 1405/20/1555 1307/20/1429
f 1303/20/1425 1403/20/1553 1307/20/1429
f 1303/20/1425 1307/20/1429 1304/20/1426
f 1404/20/1556 1406/20/1557 1407/20/1558
f 1404/20/1556 1407/20/1558 1405/20/1555
f 1307/20/1429 1405/20/1555 1408/20/1559
f 1307/20/1429 1408/20/1559 1308/20/1430
f 1405/20/1555 1407/20/1558 1409/20/1560
f 1405/20/1555 1409/20/1560 1408/20/1559
f 1410/20/1561 1411/20/1561 1412/20/1561
f 1410/20/1562 1412/20/1563 1413/20/1562
f 1414/20/1564 1415/20/1565 1416/20/1566
f 1414/20/1564 1416/20/1566 1417/20/1567
f 1418/20/1568 1419/20/1569 1318/20/1442
f 1418/20/1568 1318/20/1442 1420/20/1570
f 1421/20/1571 1422/20/1572 1423/20/1573
f 1421/20/1571 1423/20/1573 1420/20/1570
f 1424/20/1574 1414/20/1564 1417/20/1567
f 1424/20/1574 1417/20/1567 1425/20/1575
f 1426/20/1576 1424/20/1574 1425/20/1575
f 1426/20/1576 1425/20/1575 1427/20/1577
f 1420/20/1570 1423/20/1573 1428/20/1578
f 1420/20/1570 1428/20/1578 1418/20/1568
f 1314/20/1438 1318/20/1442 1419/20/1569
f 1314/20/1438 1419/20/1569 1429/20/1579
f 1425/20/1575 1417/20/1567 1430/20/1580
f 1425/20/1575 1430/20/1580 1431/20/1581
f 1320/20/1582 1432/20/1582 1411/20/1582
f 1320/20/1445 1411/20/1583 1410/20/1584
f 1427/20/1577 1425/20/1575 1431/20/1581
f 1427/20/1577 1431/20/1581 1433/20/1585
f 1417/20/1567 1416/20/1566 1434/20/1586
f 1417/20/1567 1434/20/1586 1430/20/1580
f 1432/20/1587 1435/20/1588 1436/20/1589
f 1432/20/1587 1436/20/1589 1411/20/1590
f 1423/20/1573 1422/20/1572 1426/20/1576
f 1423/20/1573 1426/20/1576 1427/20/1577
f 1421/20/1591 1437/20/1592 1438/20/1593
f 1421/20/1594 1438/20/1595 1439/20/1596
f 1428/20/1578 1423/20/1573 1427/20/1577
f 1428/20/1578 1427/20/1577 1433/20/1585
f 1435/20/1597 1426/20/1598 1440/20/1599
f 1435/20/1588 1440/20/1600 1436/20/1589
f 1435/20/1597 1441/20/1601 1424/20/1602
f 1435/20/1597 1424/20/1602 1426/20/1598
f 1320/20/1445 1310/20/1444 1309/20/1603
f 1320/20/1445 1309/20/1603 1432/20/1604
f 1319/20/1443 1320/20/1445 1410/20/1584
f 1319/20/1605 1410/20/1605 1442/20/1605
f 1422/20/1572 1421/20/1606 1439/20/1607
f 1422/20/1572 1439/20/1607 1443/20/1608
f 1426/20/1576 1422/20/1572 1443/20/1608
f 1426/20/1576 1443/20/1608 1440/20/1609
f 1437/20/1610 1319/20/1610 1442/20/1610
f 1437/20/1592 1442/20/1611 1438/20/1593
f 1444/20/1612 1413/20/1613 1445/20/1614
f 1444/20/1615 1445/20/1616 1446/20/1617
f 1438/20/1593 1442/20/1611 1444/20/1618
f 1438/20/1595 1444/20/1619 1447/20/1620
f 1442/20/1621 1410/20/1562 1413/20/1562
f 1442/20/1622 1413/20/1622 1444/20/1622
f 1411/20/1590 1436/20/1589 1448/20/1623
f 1411/20/1590 1448/20/1623 1412/20/1624
f 1440/20/1609 1443/20/1608 1449/20/1625
f 1440/20/1609 1449/20/1625 1450/20/1626
f 1443/20/1608 1439/20/1607 1451/20/1627
f 1443/20/1608 1451/20/1627 1449/20/1625
f 1439/20/1596 1438/20/1595 1447/20/1620
f 1439/20/1596 1447/20/1620 1451/20/1628
f 1436/20/1629 1440/20/1630 1450/20/1631
f 1436/20/1629 1450/20/1631 1448/20/1623
f 1452/20/1632 1446/20/1633 1453/20/1634
f 1452/20/1632 1453/20/1634 1454/20/1635
f 1413/20/1613 1412/20/1636 1455/20/1637
f 1413/20/1613 1455/20/1637 1445/20/1614
f 1448/20/1623 1450/20/1631 1456/20/1638
f 1448/20/1623 1456/20/1638 1457/20/1639
f 1451/20/1640 1447/20/1640 1452/20/1640
f 1451/20/1627 1452/20/1641 1458/20/1642
f 1449/20/1625 1451/20/1627 1458/20/1642
f 1449/20/1625 1458/20/1642 1459/20/1643
f 1412/20/1624 1448/20/1623 1457/20/1639
f 1412/20/1644 1457/20/1644 1455/20/1644
f 1450/20/1626 1449/20/1625 1459/20/1643
f 1450/20/1626 1459/20/1643 1456/20/1645
f 1447/20/1620 1444/20/1619 1446/20/1646
f 1447/20/1620 1446/20/1646 1452/20/1647
f 1460/20/1648 1461/20/1649 1327/20/1650
f 1460/20/1648 1327/20/1650 1329/20/1651
f 1446/20/1617 1445/20/1616 1462/20/1652
f 1446/20/1617 1462/20/1652 1453/20/1653
f 1445/20/1616 1455/20/1654 1463/20/1655
f 1445/20/1616 1463/20/1655 1462/20/1652
f 1457/20/1639 1456/20/1638 1464/20/1656
f 1457/20/1639 1464/20/1656 1465/20/1657
f 1458/20/1642 1452/20/1641 1454/20/1635
f 1458/20/1642 1454/20/1635 1461/20/1658
f 1459/20/1643 1458/20/1642 1461/20/1649
f 1459/20/1643 1461/20/1649 1460/20/1648
f 1455/20/1659 1457/20/1639 1465/20/1657
f 1455/20/1659 1465/20/1657 1463/20/1660
f 1456/20/1645 1459/20/1643 1460/20/1648
f 1456/20/1645 1460/20/1648 1464/20/1656
f 1463/20/1660 1465/20/1657 1333/20/1458
f 1463/20/1660 1333/20/1458 1335/20/1661
f 1464/20/1656 1460/20/1648 1329/20/1651
f 1464/20/1656 1329/20/1651 1331/20/1456
f 1454/20/1635 1453/20/1634 1322/20/1662
f 1454/20/1635 1322/20/1662 1321/20/1663
f 1453/20/1653 1462/20/1652 1323/20/1664
f 1453/20/1653 1323/20/1664 1322/20/1665
f 1462/20/1652 1463/20/1655 1335/20/1666
f 1462/20/1652 1335/20/1666 1323/20/1667
f 1465/20/1657 1464/20/1656 1331/20/1456
f 1465/20/1657 1331/20/1456 1333/20/1458
f 1461/20/1658 1454/20/1635 1321/20/1663
f 1461/20/1658 1321/20/1663 1327/20/1668
f 1325/20/1669 1322/20/1669 1323/20/1669
f 1325/20/1670 1323/20/1670 1324/20/1670
f 1326/20/1451 1321/20/1671 1322/20/1672
f 1326/20/1451 1322/20/1672 1325/20/1450
f 1328/20/1453 1327/20/1673 1321/20/1671
f 1328/20/1453 1321/20/1671 1326/20/1451
f 1327/20/1674 1328/20/1674 1330/20/1674
f 1327/20/1650 1330/20/1675 1329/20/1651
f 1329/20/1651 1330/20/1455 1332/20/1457
f 1329/20/1651 1332/20/1457 1331/20/1456
f 1334/20/1459 1333/20/1458 1331/20/1456
f 1334/20/1459 1331/20/1676 1332/20/1457
f 1336/20/1464 1335/20/1461 1333/20/1458
f 1336/20/1464 1333/20/1677 1334/20/1463
f 1345/20/1678 1312/20/1434 1311/20/1433
f 1345/20/1679 1311/20/1679 1346/20/1679
f 1406/20/1680 1404/20/1681 1466/20/1682
f 1406/20/1680 1466/20/1682 1467/20/1683
f 1418/20/1568 1428/20/1578 1468/20/1684
f 1418/20/1568 1468/20/1684 1469/20/1685
f 1431/20/1581 1430/20/1580 1470/20/1686
f 1431/20/1581 1470/20/1686 1471/20/1687
f 1433/20/1585 1431/20/1581 1471/20/1687
f 1433/20/1585 1471/20/1687 1472/20/1688
f 1430/20/1580 1434/20/1586 1473/20/1689
f 1430/20/1580 1473/20/1690 1470/20/1686
f 1419/20/1569 1418/20/1568 1469/20/1685
f 1419/20/1569 1469/20/1685 1474/20/1691
f 1428/20/1578 1433/20/1585 1472/20/1688
f 1428/20/1578 1472/20/1688 1468/20/1684
f 1429/20/1579 1419/20/1569 1474/20/1691
f 1429/20/1579 1474/20/1691 1475/20/1692
f 1476/20/1693 1477/20/1694 1478/20/1693
f 1476/20/1693 1478/20/1693 1479/20/1695
f 1480/20/1696 1481/20/1697 1482/20/1696
f 1480/20/1696 1482/20/1696 1483/20/1698
f 1484/20/1699 1485/20/1700 1486/20/1701
f 1484/20/1699 1486/20/1701 1487/20/1702
f 1488/20/1703 1489/20/1704 1356/20/1484
f 1488/20/1703 1356/20/1484 1355/20/1547
f 1490/20/1705 1491/20/1706 1492/20/1706
f 1490/20/1707 1492/20/1707 1489/20/1707
f 1493/20/1708 1488/20/1709 1355/20/1708
f 1493/20/1708 1355/20/1708 1494/20/1710
f 1493/20/1711 1490/20/1711 1489/20/1711
f 1493/20/1712 1489/20/1712 1488/20/1712
f 1495/20/1713 1496/20/1713 1497/20/1713
f 1498/20/1714 1481/20/1714 1480/20/1714
f 1498/20/1715 1480/20/1715 1499/20/1715
f 1500/20/1716 1476/20/1717 1479/20/1718
f 1500/20/1716 1479/20/1718 1501/20/1719
f 1502/20/1720 1503/20/1721 1504/20/1722
f 1502/20/1720 1504/20/1722 1505/20/1723
f 1477/20/1724 1480/20/1725 1483/20/1724
f 1477/20/1724 1483/20/1724 1478/20/1726
f 1485/20/1700 1500/20/1716 1501/20/1719
f 1485/20/1700 1501/20/1719 1486/20/1701
f 1506/20/1727 1507/20/1728 1508/20/1727
f 1506/20/1727 1508/20/1727 1509/20/1729
f 1510/20/1730 1511/20/1731 1512/20/1732
f 1510/20/1730 1512/20/1732 1513/20/1733
f 1357/20/1491 1361/20/1495 1511/20/1731
f 1357/20/1491 1511/20/1731 1510/20/1730
f 1513/20/1734 1512/20/1732 1407/20/1558
f 1513/20/1734 1407/20/1558 1406/20/1735
f 1511/20/1731 1514/20/1736 1515/20/1737
f 1511/20/1731 1515/20/1737 1512/20/1732
f 1361/20/1495 1365/20/1499 1514/20/1736
f 1361/20/1495 1514/20/1736 1511/20/1731
f 1512/20/1732 1515/20/1737 1409/20/1560
f 1512/20/1732 1409/20/1560 1407/20/1558
f 1516/20/1738 1517/20/1738 1518/20/1739
f 1516/20/1740 1518/20/1740 1519/20/1740
f 1520/20/1741 1521/20/1742 1416/20/1566
f 1520/20/1741 1416/20/1566 1415/20/1565
f 1522/20/1743 1523/20/1744 1368/20/1504
f 1522/20/1743 1368/20/1504 1524/20/1745
f 1525/20/1746 1523/20/1744 1526/20/1747
f 1525/20/1746 1526/20/1747 1527/20/1748
f 1528/20/1749 1529/20/1750 1521/20/1742
f 1528/20/1749 1521/20/1742 1520/20/1741
f 1530/20/1751 1531/20/1752 1529/20/1750
f 1530/20/1751 1529/20/1750 1528/20/1749
f 1523/20/1744 1522/20/1743 1532/20/1753
f 1523/20/1744 1532/20/1753 1526/20/1747
f 1314/20/1438 1429/20/1579 1524/20/1745
f 1314/20/1438 1524/20/1745 1368/20/1504
f 1529/20/1750 1533/20/1754 1534/20/1755
f 1529/20/1750 1534/20/1755 1521/20/1742
f 1371/20/1507 1516/20/1756 1519/20/1757
f 1371/20/1758 1519/20/1758 1535/20/1758
f 1531/20/1752 1536/20/1759 1533/20/1754
f 1531/20/1752 1533/20/1754 1529/20/1750
f 1521/20/1742 1534/20/1755 1434/20/1586
f 1521/20/1742 1434/20/1586 1416/20/1566
f 1535/20/1760 1519/20/1761 1537/20/1762
f 1535/20/1760 1537/20/1762 1538/20/1763
f 1526/20/1747 1531/20/1752 1530/20/1751
f 1526/20/1747 1530/20/1751 1527/20/1748
f 1525/20/1764 1539/20/1765 1540/20/1766
f 1525/20/1764 1540/20/1766 1541/20/1767
f 1532/20/1753 1536/20/1759 1531/20/1752
f 1532/20/1753 1531/20/1752 1526/20/1747
f 1538/20/1763 1537/20/1762 1542/20/1768
f 1538/20/1763 1542/20/1768 1530/20/1769
f 1538/20/1763 1530/20/1769 1528/20/1770
f 1538/20/1763 1528/20/1770 1543/20/1771
f 1371/20/1507 1535/20/1772 1365/20/1499
f 1371/20/1507 1365/20/1499 1364/20/1498
f 1370/20/1773 1544/20/1773 1516/20/1773
f 1370/20/1506 1516/20/1756 1371/20/1507
f 1527/20/1748 1545/20/1774 1539/20/1775
f 1527/20/1748 1539/20/1775 1525/20/1746
f 1530/20/1751 1542/20/1776 1545/20/1774
f 1530/20/1751 1545/20/1774 1527/20/1748
f 1541/20/1767 1540/20/1766 1544/20/1777
f 1541/20/1767 1544/20/1777 1370/20/1778
f 1546/20/1779 1547/20/1779 1548/20/1779
f 1546/20/1780 1548/20/1781 1517/20/1782
f 1540/20/1766 1549/20/1783 1546/20/1784
f 1540/20/1766 1546/20/1784 1544/20/1777
f 1544/20/1785 1546/20/1780 1517/20/1782
f 1544/20/1786 1517/20/1738 1516/20/1738
f 1519/20/1787 1518/20/1787 1550/20/1787
f 1519/20/1761 1550/20/1788 1537/20/1762
f 1542/20/1776 1551/20/1789 1552/20/1790
f 1542/20/1776 1552/20/1790 1545/20/1774
f 1545/20/1774 1552/20/1790 1553/20/1791
f 1545/20/1774 1553/20/1791 1539/20/1775
f 1539/20/1765 1553/20/1791 1549/20/1783
f 1539/20/1765 1549/20/1783 1540/20/1766
f 1537/20/1762 1550/20/1788 1551/20/1792
f 1537/20/1762 1551/20/1792 1542/20/1768
f 1554/20/1793 1555/20/1794 1556/20/1795
f 1554/20/1793 1556/20/1795 1547/20/1796
f 1517/20/1782 1548/20/1781 1557/20/1797
f 1517/20/1782 1557/20/1797 1518/20/1798
f 1550/20/1788 1558/20/1799 1559/20/1800
f 1550/20/1788 1559/20/1800 1551/20/1792
f 1553/20/1791 1560/20/1801 1554/20/1793
f 1553/20/1791 1554/20/1793 1549/20/1783
f 1552/20/1790 1561/20/1802 1560/20/1801
f 1552/20/1790 1560/20/1801 1553/20/1791
f 1518/20/1803 1557/20/1804 1558/20/1799
f 1518/20/1803 1558/20/1799 1550/20/1788
f 1551/20/1789 1559/20/1805 1561/20/1802
f 1551/20/1789 1561/20/1802 1552/20/1790
f 1549/20/1783 1554/20/1793 1547/20/1796
f 1549/20/1806 1547/20/1806 1546/20/1806
f 1562/20/1807 1373/20/1509 1372/20/1808
f 1562/20/1807 1372/20/1808 1563/20/1809
f 1547/20/1810 1556/20/1811 1564/20/1812
f 1547/20/1810 1564/20/1812 1548/20/1781
f 1548/20/1781 1564/20/1812 1565/20/1813
f 1548/20/1781 1565/20/1813 1557/20/1797
f 1558/20/1799 1566/20/1814 1567/20/1815
f 1558/20/1799 1567/20/1815 1559/20/1800
f 1560/20/1801 1563/20/1816 1555/20/1794
f 1560/20/1801 1555/20/1794 1554/20/1793
f 1561/20/1802 1562/20/1807 1563/20/1809
f 1561/20/1802 1563/20/1809 1560/20/1801
f 1557/20/1804 1565/20/1817 1566/20/1814
f 1557/20/1804 1566/20/1814 1558/20/1799
f 1559/20/1805 1567/20/1818 1562/20/1807
f 1559/20/1805 1562/20/1807 1561/20/1802
f 1565/20/1817 1376/20/1512 1375/20/1511
f 1565/20/1817 1375/20/1511 1566/20/1814
f 1567/20/1818 1374/20/1510 1373/20/1509
f 1567/20/1818 1373/20/1509 1562/20/1807
f 1555/20/1794 1387/20/1819 1386/20/1820
f 1555/20/1794 1386/20/1820 1556/20/1795
f 1556/20/1811 1386/20/1821 1385/20/1528
f 1556/20/1811 1385/20/1528 1564/20/1812
f 1564/20/1812 1385/20/1528 1376/20/1532
f 1564/20/1812 1376/20/1532 1565/20/1813
f 1566/20/1814 1375/20/1511 1374/20/1520
f 1566/20/1814 1374/20/1520 1567/20/1815
f 1563/20/1816 1372/20/1822 1387/20/1819
f 1563/20/1816 1387/20/1819 1555/20/1794
f 1383/20/1823 1384/20/1527 1385/20/1528
f 1383/20/1823 1385/20/1528 1386/20/1821
f 1382/20/1824 1383/20/1825 1386/20/1820
f 1382/20/1824 1386/20/1820 1387/20/1819
f 1381/20/1826 1382/20/1824 1387/20/1819
f 1381/20/1826 1387/20/1819 1372/20/1822
f 1372/20/1808 1373/20/1509 1380/20/1827
f 1372/20/1808 1380/20/1827 1381/20/1828
f 1373/20/1509 1374/20/1510 1379/20/1829
f 1373/20/1509 1379/20/1829 1380/20/1827
f 1378/20/1830 1379/20/1831 1374/20/1832
f 1378/20/1830 1374/20/1832 1375/20/1511
f 1377/20/1513 1378/20/1830 1375/20/1511
f 1377/20/1513 1375/20/1511 1376/20/1512
f 1394/20/1542 1393/20/1541 1363/20/1833
f 1394/20/1834 1363/20/1496 1362/20/1496
f 1406/20/1680 1467/20/1683 1568/20/1835
f 1406/20/1680 1568/20/1835 1513/20/1836
f 1522/20/1743 1569/20/1837 1570/20/1838
f 1522/20/1743 1570/20/1838 1532/20/1753
f 1533/20/1754 1571/20/1839 1572/20/1840
f 1533/20/1754 1572/20/1840 1534/20/1755
f 1536/20/1759 1573/20/1841 1571/20/1839
f 1536/20/1759 1571/20/1839 1533/20/1754
f 1534/20/1755 1572/20/1840 1473/20/1842
f 1534/20/1755 1473/20/1689 1434/20/1586
f 1524/20/1745 1574/20/1843 1569/20/1837
f 1524/20/1745 1569/20/1837 1522/20/1743
f 1532/20/1753 1570/20/1838 1573/20/1841
f 1532/20/1753 1573/20/1841 1536/20/1759
f 1429/20/1579 1475/20/1692 1574/20/1843
f 1429/20/1579 1574/20/1843 1524/20/1745
f 1575/20/1844 1576/20/1845 1577/20/1844
f 1575/20/1844 1577/20/1844 1578/20/1846
f 1579/20/1847 1580/20/1848 1581/20/1847
f 1579/20/1847 1581/20/1847 1582/20/1849
f 1484/20/1699 1487/20/1702 1583/20/1850
f 1484/20/1851 1583/20/1852 1584/20/1853
f 1585/20/1854 1355/20/1488 1356/20/1489
f 1585/20/1854 1356/20/1489 1489/20/1855
f 1586/20/1856 1489/20/1857 1492/20/1857
f 1586/20/1858 1492/20/1706 1491/20/1706
f 1587/20/1859 1588/20/1860 1355/20/1859
f 1587/20/1859 1355/20/1859 1585/20/1861
f 1587/20/1862 1585/20/1862 1489/20/1862
f 1587/20/1863 1489/20/1863 1586/20/1863
f 1489/20/1704 1356/20/1484 1349/20/1864
f 1489/20/1857 1349/20/1865 1492/20/1857
f 1589/20/1866 1590/20/1867 1591/20/1866
f 1589/20/1866 1591/20/1866 1592/20/1868
f 1590/20/1869 1593/20/1869 1589/20/1869
f 1594/20/1870 1595/20/1870 1579/20/1870
f 1594/20/1871 1579/20/1871 1582/20/1871
f 1596/20/1872 1597/20/1873 1576/20/1874
f 1596/20/1872 1576/20/1874 1575/20/1875
f 1598/20/1876 1599/20/1877 1504/20/1722
f 1598/20/1876 1504/20/1722 1503/20/1721
f 1578/20/1878 1577/20/1879 1580/20/1878
f 1578/20/1878 1580/20/1878 1579/20/1880
f 1584/20/1853 1583/20/1852 1597/20/1873
f 1584/20/1853 1597/20/1873 1596/20/1872
f 1506/20/1881 1509/20/1882 1600/20/1882
f 1506/20/1883 1600/20/1884 1601/20/1884
f 1602/20/1885 1603/20/1885 1604/20/1885
f 1602/20/1886 1604/20/1886 1605/20/1886
f 1603/20/1887 1601/20/1884 1600/20/1884
f 1603/20/1888 1600/20/1882 1509/20/1882
# Vertices: 305, normals: 466, texture coordinates: 1, faces: 452

o obj10
v 0.07414049 2.22114513 0.01282406
v 0.06522412 2.187453 0.02520076
v 0.07970088 2.20492415 -0.05397883
v 0.07365042 2.22866198 -0.03871759
v 0.07512064 2.23378832 -0.02691481
v 0.01682976 2.32659668 -0.00740687
v -0.00647578 2.30955043 0.01989753
v -0.00858888 2.3167021 0.00722082
v 0.01046811 2.11803576 0.08052325
v 0.01043644 2.1136119 0.07895613
v 0.04372235 2.11552386 0.04674167
v 0.03193821 2.1719121 0.05741895
v 0.02218517 2.17101024 0.0603538
v 0.00887491 2.16014661 0.08219845
v 0.00928858 2.15101421 0.08232143
v 0.02700952 2.15225141 0.05844755
v 0.02380819 2.13656907 0.06574835
v 0.00943393 2.14784444 0.08237547
v 0.00990164 2.13798344 0.08264194
v 0.03012139 2.14913584 0.0560568
v 0.03322209 2.20249808 0.0524269
v 0.01767575 2.20161292 0.06530299
v 0.05978672 2.21232567 0.02748715
v 0.0469479 2.20757572 0.03954149
v -0.10056258 2.19708297 -0.02836826
v -0.06321072 2.1818664 0.04344904
v -0.07805084 2.21452445 0.03444696
v -0.08719268 2.24051331 0.02885675
v -0.09255182 2.22143195 -0.01510458
v -0.03781817 2.32421896 0.00035605
v -0.03052855 2.11229455 0.05729038
v -0.00798141 2.1351865 0.07026523
v -0.01086036 2.16957169 0.06504957
v -0.02108298 2.16960528 0.06495081
v -0.01874255 2.1614828 0.06593282
v -0.01778662 2.14705258 0.06286381
v -0.01441014 2.15044946 0.06433217
v -0.02779867 2.14078216 0.06809437
v -0.00118745 2.14378222 0.08392209
v -0.04345123 2.20364394 0.05238404
v -0.00777457 2.20050598 0.06891986
v -0.02630422 2.19990977 0.06088301
v 0.05663571 2.03250932 -0.03082981
v 0.07405477 2.03288766 -0.0677065
v 0.06510114 2.09650789 -0.08490755
v 0.05354992 2.09891903 -0.0517148
v 0.01314396 2.03043174 -0.16147652
v 0.00056787 2.03000861 -0.16397348
v -0.02049787 2.08568141 -0.14733331
v -0.00485649 2.08631885 -0.14700908
v 0.022815 2.0315273 -0.00749818
v 0.03072141 2.08638957 -0.02051962
v 0.07334668 2.03265664 -0.10898454
v 0.05082004 2.03176206 -0.14080955
v 0.02835489 2.08749829 -0.13653118
v 0.05289028 2.08819704 -0.11883819
v -0.01076533 2.03193923 -0.00264216
v -8.991E-05 2.07545877 -0.00682177
v -0.02360043 2.12015066 -0.15862366
v 0.01441293 2.12155757 -0.14990294
v 0.05251574 2.29851532 -0.00723917
v 0.06221473 2.29917124 -0.01407785
v 0.1076817 2.21185972 0.06720366
v 0.04955107 2.131946 0.0375756
v 0.06157931 2.12826568 0.02600389
v -0.29343754 1.59935645 -0.01517539
v -0.37999806 1.43362379 -0.01316664
v -0.36706231 1.43029203 -0.05527576
v -0.26839344 1.59575263 -0.07399734
v -0.38599818 1.41708053 -0.10015947
v -0.28919457 1.5758683 -0.1412195
v -0.35122343 1.58699093 -0.1614057
v -0.4301198 1.42475955 -0.10968704
v -0.46639273 1.43432067 -0.10137441
v -0.40460799 1.60074835 -0.15477386
v -0.40982176 1.62658998 -0.01744501
v -0.46026399 1.45251864 -0.00655157
v -0.42040589 1.44479298 -0.00519688
v -0.35271229 1.61543944 -0.00963923
v -0.41869528 1.62851668 -0.07838751
v -0.47068228 1.45371684 -0.04787433
v -0.07348924 2.028231 -0.03991948
v -0.06588843 2.09372392 -0.03474482
v -0.0859647 2.08993751 -0.06344491
v -0.08560321 2.02763835 -0.07886081
v -0.01223183 2.02959687 -0.16324861
v -0.03542743 2.08498835 -0.14266549
v -0.04324439 2.02935465 -0.01211382
v -0.03430753 2.083561 -0.01128088
v -0.0791577 2.0276403 -0.1196376
v -0.08300748 2.0822863 -0.09953151
v -0.06439026 2.08346397 -0.12335508
v -0.05241791 2.02836695 -0.1480209
v -0.05766711 2.11842334 -0.13966169
v -0.06952579 2.29320826 0.01009977
v -0.085415 2.20174709 0.07276591
v -0.08076209 2.29295111 0.00623508
v -0.05446392 2.12321789 0.04249125
v -0.04005052 2.12804958 0.05030635
vn 0.96922 -0.13125 -0.20828
vn 0.86965 0.28368 0.40402
vn 0.99295 -0.05747 0.10369
vn 0.05104 0.49717 -0.86615
vn 0.68092 -0.68881 -0.24877
vn 0.29622 -0.94786 -0.11756
vn 0.84288 -0.53618 0.04538
vn 0.79115 -0.59467 0.14301
vn 0.71358 -0.69921 0.04376
vn 0.77312 -0.63199 0.05361
vn 0.66474 -0.74093 0.09563
vn 0.78139 -0.61833 0.08429
vn 0.86481 -0.44854 0.22564
vn 0.75042 -0.64928 0.12372
vn 0.63861 -0.76894 -0.03026
vn 0.06666 -0.48856 0.86998
vn 0.68651 -0.72229 0.08367
vn 0.12934 -0.47979 0.8678
vn 0.63928 -0.76836 -0.03064
vn 0.66696 -0.74104 0.07767
vn -0.87313 -0.393 -0.28843
vn -0.93182 -0.23403 -0.2774
vn -0.9433 -0.29678 0.14867
vn -0.11331 0.47382 -0.8733
vn -0.43884 -0.8479 -0.29747
vn -0.56858 -0.82261 -0.00476
vn -0.49209 -0.8705 -0.00868
vn -0.00182 -0.48326 0.87548
vn -0.50789 -0.86135 -0.01159
vn -0.19769 -0.95607 -0.21646
vn 0.52718 -0.8376 -0.1432
vn -0.50857 -0.85996 -0.04263
vn 0.37869 -0.35074 -0.85649
vn -0.02255 -0.99327 0.11357
vn -0.27686 -0.60673 -0.74513
vn -0.94497 0.26547 0.19122
vn -0.19471 -0.92317 -0.33144
vn -0.44949 -0.89231 0.04172
vn -0.00199 -0.49833 0.86698
vn -0.39467 -0.91574 -0.0752
vn -0.43874 -0.89813 0.02957
vn -0.39545 -0.91537 -0.07565
vn 0.9088 -0.37013 0.19256
vn 0.08408 0.95184 0.29485
vn 0.66007 -0.72986 0.17781
vn 0.70047 0.67338 0.23644
vn 0.2569 -0.95906 0.11915
vn 0.37713 0.88131 0.28472
vn 0.96271 0.18748 0.19504
vn 0.17029 0.95714 -0.23427
vn -0.50646 0.46784 -0.72431
vn 0.69957 -0.71353 -0.03845
vn 0.829 -0.34235 -0.44222
vn 0.83636 0.14 -0.53001
vn -0.21434 0.95322 -0.21313
vn -0.07997 -0.99422 0.07163
vn -0.93662 -0.18577 0.29704
vn 0.18989 0.91059 -0.3671
vn -0.93937 0.22642 0.25753
vn 0.12399 -0.99156 -0.03785
vn -0.90236 -0.4306 -0.01826
vn -0.19446 0.9508 0.24116
vn -0.63335 -0.77233 0.04873
vn -0.74855 0.64468 0.1551
vn -0.19809 -0.97744 0.07323
vn -0.44321 0.87018 0.21531
vn -0.99259 0.12154 0.00118
vn -0.40909 0.87483 -0.25947
vn 0.3137 0.75701 -0.57317
vn -0.4677 -0.87937 -0.08923
vt 0 1
usemtl mat23
f 1606/21/1889 1607/21/1889 1608/21/1889
f 1608/21/1890 1609/21/1890 1610/21/1890
f 1608/21/1891 1610/21/1891 1606/21/1891
f 1611/21/1892 1612/21/1892 1613/21/1892
f 1614/21/1893 1615/21/1893 1616/21/1893
f 1616/21/1894 1617/21/1894 1618/21/1894
f 1618/21/1895 1619/21/1895 1620/21/1895
f 1618/21/1896 1620/21/1896 1621/21/1896
f 1622/21/1897 1614/21/1897 1616/21/1897
f 1623/21/1898 1624/21/1898 1622/21/1898
f 1618/21/1899 1621/21/1899 1625/21/1899
f 1625/21/1900 1623/21/1900 1622/21/1900
f 1616/21/1901 1618/21/1901 1625/21/1901
f 1616/21/1902 1625/21/1902 1622/21/1902
f 1626/21/1903 1627/21/1903 1618/21/1903
f 1618/21/1904 1617/21/1904 1607/21/1904
f 1607/21/1905 1606/21/1905 1628/21/1905
f 1628/21/1906 1629/21/1906 1626/21/1906
f 1626/21/1907 1618/21/1907 1607/21/1907
f 1626/21/1908 1607/21/1908 1628/21/1908
f 1630/21/1909 1631/21/1909 1632/21/1909
f 1632/21/1910 1633/21/1910 1634/21/1910
f 1632/21/1911 1634/21/1911 1630/21/1911
f 1635/21/1912 1613/21/1912 1612/21/1912
f 1636/21/1913 1615/21/1913 1614/21/1913
f 1637/21/1914 1624/21/1914 1623/21/1914
f 1636/21/1915 1614/21/1915 1637/21/1915
f 1619/21/1916 1638/21/1916 1639/21/1916
f 1640/21/1917 1620/21/1917 1619/21/1917
f 1641/21/1918 1642/21/1918 1640/21/1918
f 1643/21/1919 1641/21/1919 1640/21/1919
f 1640/21/1920 1619/21/1920 1639/21/1920
f 1637/21/1921 1623/21/1921 1644/21/1921
f 1643/21/1922 1640/21/1922 1639/21/1922
f 1637/21/1923 1644/21/1923 1643/21/1923
f 1643/21/1924 1639/21/1924 1636/21/1924
f 1637/21/1925 1643/21/1925 1636/21/1925
f 1645/21/1926 1632/21/1926 1631/21/1926
f 1631/21/1927 1639/21/1927 1638/21/1927
f 1638/21/1928 1646/21/1928 1647/21/1928
f 1647/21/1929 1645/21/1929 1631/21/1929
f 1647/21/1930 1631/21/1930 1638/21/1930
f 1648/21/1931 1649/21/1931 1650/21/1931
f 1648/21/1931 1650/21/1931 1651/21/1931
f 1652/21/1932 1653/21/1932 1654/21/1932
f 1652/21/1932 1654/21/1932 1655/21/1932
f 1656/21/1933 1648/21/1933 1651/21/1933
f 1656/21/1933 1651/21/1933 1657/21/1933
f 1658/21/1934 1659/21/1934 1660/21/1934
f 1658/21/1934 1660/21/1934 1661/21/1934
f 1662/21/1935 1656/21/1935 1657/21/1935
f 1662/21/1935 1657/21/1935 1663/21/1935
f 1659/21/1936 1652/21/1936 1655/21/1936
f 1659/21/1936 1655/21/1936 1660/21/1936
f 1649/21/1937 1658/21/1937 1661/21/1937
f 1649/21/1937 1661/21/1937 1650/21/1937
f 1655/21/1938 1654/21/1938 1664/21/1938
f 1655/21/1938 1664/21/1938 1665/21/1938
f 1666/21/1939 1667/21/1939 1668/21/1939
f 1666/21/1939 1668/21/1939 1611/21/1939
f 1617/21/1940 1669/21/1940 1670/21/1940
f 1617/21/1940 1670/21/1940 1607/21/1940
f 1671/21/1941 1672/21/1941 1673/21/1941
f 1671/21/1941 1673/21/1941 1674/21/1941
f 1674/21/1942 1673/21/1942 1675/21/1942
f 1674/21/1942 1675/21/1942 1676/21/1942
f 1677/21/1943 1678/21/1943 1679/21/1943
f 1677/21/1943 1679/21/1943 1680/21/1943
f 1681/21/1944 1682/21/1944 1683/21/1944
f 1681/21/1944 1683/21/1944 1684/21/1944
f 1685/21/1945 1686/21/1945 1682/21/1945
f 1685/21/1945 1682/21/1945 1681/21/1945
f 1676/21/1946 1675/21/1946 1678/21/1946
f 1676/21/1946 1678/21/1946 1677/21/1946
f 1680/21/1947 1679/21/1947 1686/21/1947
f 1680/21/1947 1686/21/1947 1685/21/1947
f 1684/21/1948 1683/21/1948 1672/21/1948
f 1684/21/1948 1672/21/1948 1671/21/1948
f 1687/21/1949 1688/21/1949 1689/21/1949
f 1687/21/1949 1689/21/1949 1690/21/1949
f 1691/21/1950 1692/21/1950 1654/21/1950
f 1691/21/1950 1654/21/1950 1653/21/1950
f 1693/21/1951 1694/21/1951 1688/21/1951
f 1693/21/1951 1688/21/1951 1687/21/1951
f 1695/21/1952 1696/21/1952 1697/21/1952
f 1695/21/1952 1697/21/1952 1698/21/1952
f 1662/21/1953 1663/21/1953 1694/21/1953
f 1662/21/1953 1694/21/1953 1693/21/1953
f 1698/21/1954 1697/21/1954 1692/21/1954
f 1698/21/1954 1692/21/1954 1691/21/1954
f 1690/21/1955 1689/21/1955 1696/21/1955
f 1690/21/1955 1696/21/1955 1695/21/1955
f 1692/21/1956 1699/21/1956 1664/21/1956
f 1692/21/1956 1664/21/1956 1654/21/1956
f 1700/21/1957 1635/21/1957 1701/21/1957
f 1700/21/1957 1701/21/1957 1702/21/1957
f 1639/21/1958 1631/21/1958 1703/21/1958
f 1639/21/1958 1703/21/1958 1704/21/1958
# Vertices: 99, normals: 70, texture coordinates: 1, faces: 98

o obj11
v 0.05251574 2.29851532 -0.00723917
v 0.04778083 2.25664472 0.0364911
v 0.0791195 2.2477469 0.00522698
v 0.07512064 2.23378832 -0.02691481
v 0.07365042 2.22866198 -0.03871759
v 0.06221473 2.29917124 -0.01407785
v 0.01410547 2.22585207 0.06922359
v 0.01767575 2.20161292 0.06530299
v 0.03322209 2.20249808 0.0524269
v 0.00192629 2.2812304 0.07036772
v 0.01829812 2.2386424 0.07347773
v 0.00521519 2.22262081 0.07577158
v 0.03300221 2.2212793 0.05130141
v 0.03259972 2.23209068 0.0513834
v 0.02059942 2.22805262 0.06328866
v 0.03290904 2.21446474 0.05216603
v 0.0737585 2.24594139 0.01054698
v 0.04279065 2.23552114 0.04127072
v 0.04980635 2.22480288 0.03346681
v 0.06106502 2.21831087 0.03467615
v 0.0469479 2.20757572 0.03954149
v 0.05978672 2.21232567 0.02748715
v -0.00533166 2.225006 0.07198515
v -0.02630422 2.19990977 0.06088301
v -0.00777457 2.20050598 0.06891986
v -0.00924852 2.2374443 0.07739274
v -0.01338154 2.22657498 0.06811673
v -0.02851794 2.22943341 0.06006498
v -0.02800551 2.21862381 0.05996808
v -0.02666759 2.21308395 0.06069108
v 0.01687448 2.22604399 0.07126215
v 0.07414049 2.22114513 0.01282406
v -0.08719268 2.24051331 0.02885675
v -0.07805084 2.21452445 0.03444696
v -0.0547863 2.22049098 0.04755225
v -0.04137168 2.23185966 0.05322816
v -0.04345123 2.20364394 0.05238404
v -0.06413311 2.21259401 0.04209062
v 0.05354992 2.09891903 -0.0517148
v 0.06510114 2.09650789 -0.08490755
v 0.06711175 2.14395744 -0.08669268
v 0.07990026 2.12554337 -0.04877808
v 0.03072141 2.08638957 -0.02051962
v 0.06473964 2.10530673 0.02572438
v 0.05289028 2.08819704 -0.11883819
v 0.02835489 2.08749829 -0.13653118
v 0.0475889 2.12274075 -0.13968965
v 0.07023667 2.12959813 -0.12000469
v -8.991E-05 2.07545877 -0.00682177
v 0.01129546 2.09064549 0.0779648
v -0.00485649 2.08631885 -0.14700908
v 0.01441293 2.12155757 -0.14990294
v 0.07418335 2.161969 -0.12119726
v 0.08618737 2.17984657 -0.08494109
v 0.01682976 2.32659668 -0.00740687
v -0.00858888 2.3167021 0.00722082
v -0.06588843 2.09372392 -0.03474482
v -0.09255182 2.11804127 -0.0242781
v -0.1045838 2.13635102 -0.05955785
v -0.0859647 2.08993751 -0.06344491
v -0.03430753 2.083561 -0.01128088
v -0.05561178 2.10007253 0.04282293
v -0.08300748 2.0822863 -0.09953151
v -0.10345271 2.12204378 -0.09532768
v -0.08667279 2.11690092 -0.12061402
v -0.06439026 2.08346397 -0.12335508
v -0.05766711 2.11842334 -0.13966169
v -0.03542743 2.08498835 -0.14266549
v -0.11324302 2.17117248 -0.05660623
v -0.12337432 2.15322792 -0.09018656
v -0.03781817 2.32421896 0.00035605
v -0.06952579 2.29320826 0.01009977
v -0.05449001 2.24451955 0.05320021
v -0.00837272 2.22967936 0.07455478
vn 0.68132 -0.54339 0.49044
vn 0.87706 0.27898 0.39107
vn 0.94849 0.2179 0.22998
vn 0.57772 -0.81494 -0.04597
vn 0.63861 -0.76894 -0.03026
vn -0.05799 0.9938 -0.09489
vn 0.70064 -0.71321 0.02074
vn 0.67137 -0.74093 0.01671
vn 0.71465 -0.69506 0.07852
vn 0.69028 -0.72275 0.03378
vn 0.71124 -0.70149 -0.04534
vn 0.63627 -0.42374 -0.64467
vn 0.24529 -0.78323 0.5713
vn 0.93631 -0.11105 -0.33316
vn -0.39467 -0.91574 -0.07521
vn -0.21296 0.97177 -0.10155
vn -0.47385 -0.88008 -0.03036
vn -0.46775 -0.88386 -3E-05
vn -0.48546 -0.87426 -0.00304
vn -0.44147 -0.8954 -0.058
vn -0.4044 0.89185 0.20262
vn 0.98023 0.03762 -0.19423
vn -0.49339 -0.8697 0.01356
vn -0.45383 -0.88622 0.09301
vn -0.49188 -0.85759 -0.15033
vn -0.48449 -0.87424 -0.03112
vn 0.93006 0.09601 -0.35464
vn 0.61429 0.02371 -0.78872
vn 0.61747 0.71176 -0.33487
vn 0.36838 -0.11255 -0.92284
vn 0.29658 0.92401 -0.24136
vn 0.97494 0.05945 -0.21438
vn 0.94714 -0.02725 -0.31967
vn 0.3544 -0.5209 0.77658
vn 0.67417 -0.60259 0.42707
vn 0.60268 -0.77465 -0.19158
vn 0.68906 -0.72062 0.07679
vn 0.72 -0.69395 -0.00613
vn -0.78583 -0.26781 -0.55745
vn -0.52722 -0.13847 -0.83837
vn -0.76017 0.51603 -0.39479
vn -0.24263 -0.19936 -0.94941
vn -0.5201 0.80798 -0.27689
vn -0.90543 -0.07611 -0.41761
vn -0.86069 -0.30224 -0.40972
vn -0.26037 -0.60824 0.74984
vn -0.49426 -0.77273 0.39823
vn -0.44442 -0.89582 0.00181
vn -0.43522 -0.90013 0.01888
vn -0.31331 -0.83085 -0.45992
vt 0 1
usemtl mat24
f 1705/22/1959 1706/22/1959 1707/22/1959
f 1705/22/1960 1707/22/1960 1708/22/1960
f 1708/22/1961 1709/22/1961 1710/22/1961
f 1708/22/1962 1710/22/1962 1705/22/1962
f 1711/22/1963 1712/22/1963 1713/22/1963
f 1714/22/1964 1715/22/1964 1716/22/1964
f 1717/22/1965 1718/22/1965 1719/22/1965
f 1719/22/1966 1711/22/1966 1713/22/1966
f 1720/22/1967 1717/22/1967 1719/22/1967
f 1719/22/1968 1713/22/1968 1720/22/1968
f 1721/22/1969 1722/22/1969 1723/22/1969
f 1724/22/1970 1725/22/1970 1726/22/1970
f 1721/22/1971 1723/22/1971 1724/22/1971
f 1724/22/1972 1726/22/1972 1721/22/1972
f 1727/22/1973 1728/22/1973 1729/22/1973
f 1714/22/1974 1716/22/1974 1730/22/1974
f 1731/22/1975 1732/22/1975 1733/22/1975
f 1734/22/1976 1728/22/1976 1727/22/1976
f 1731/22/1977 1733/22/1977 1734/22/1977
f 1734/22/1978 1727/22/1978 1731/22/1978
f 1715/22/1979 1735/22/1979 1716/22/1979
f 1736/22/1980 1708/22/1980 1707/22/1980
f 1737/22/1981 1738/22/1981 1739/22/1981
f 1739/22/1982 1740/22/1982 1737/22/1982
f 1738/22/1983 1741/22/1983 1742/22/1983
f 1742/22/1984 1739/22/1984 1738/22/1984
f 1743/22/1985 1744/22/1985 1745/22/1985
f 1743/22/1985 1745/22/1985 1746/22/1985
f 1747/22/1986 1743/22/1986 1746/22/1986
f 1747/22/1986 1746/22/1986 1748/22/1986
f 1749/22/1987 1750/22/1987 1751/22/1987
f 1749/22/1987 1751/22/1987 1752/22/1987
f 1753/22/1988 1747/22/1988 1748/22/1988
f 1753/22/1988 1748/22/1988 1754/22/1988
f 1750/22/1989 1755/22/1989 1756/22/1989
f 1750/22/1989 1756/22/1989 1751/22/1989
f 1744/22/1990 1749/22/1990 1752/22/1990
f 1744/22/1990 1752/22/1990 1745/22/1990
f 1745/22/1991 1752/22/1991 1757/22/1991
f 1745/22/1991 1757/22/1991 1758/22/1991
f 1714/22/1992 1705/22/1992 1759/22/1992
f 1714/22/1992 1759/22/1992 1760/22/1992
f 1714/22/1993 1715/22/1993 1706/22/1993
f 1714/22/1993 1706/22/1993 1705/22/1993
f 1713/22/1994 1725/22/1994 1724/22/1994
f 1713/22/1994 1724/22/1994 1720/22/1994
f 1726/22/1995 1736/22/1995 1707/22/1995
f 1726/22/1995 1707/22/1995 1721/22/1995
f 1717/22/1996 1723/22/1996 1722/22/1996
f 1717/22/1996 1722/22/1996 1718/22/1996
f 1761/22/1997 1762/22/1997 1763/22/1997
f 1761/22/1997 1763/22/1997 1764/22/1997
f 1765/22/1998 1766/22/1998 1762/22/1998
f 1765/22/1998 1762/22/1998 1761/22/1998
f 1767/22/1999 1768/22/1999 1769/22/1999
f 1767/22/1999 1769/22/1999 1770/22/1999
f 1753/22/2000 1754/22/2000 1766/22/2000
f 1753/22/2000 1766/22/2000 1765/22/2000
f 1770/22/2001 1769/22/2001 1771/22/2001
f 1770/22/2001 1771/22/2001 1772/22/2001
f 1764/22/2002 1763/22/2002 1768/22/2002
f 1764/22/2002 1768/22/2002 1767/22/2002
f 1763/22/2003 1773/22/2003 1774/22/2003
f 1763/22/2003 1774/22/2003 1768/22/2003
f 1714/22/2004 1760/22/2004 1775/22/2004
f 1714/22/2004 1775/22/2004 1776/22/2004
f 1714/22/2005 1776/22/2005 1777/22/2005
f 1714/22/2005 1777/22/2005 1730/22/2005
f 1728/22/2006 1734/22/2006 1742/22/2006
f 1728/22/2006 1742/22/2006 1741/22/2006
f 1733/22/2007 1732/22/2007 1740/22/2007
f 1733/22/2007 1740/22/2007 1739/22/2007
f 1778/22/2008 1727/22/2008 1716/22/2008
f 1778/22/2008 1716/22/2008 1730/22/2008
# Vertices: 74, normals: 50, texture coordinates: 1, faces: 74

o obj12
v 0.01410547 2.22585207 0.06922359
v 0.02059942 2.22805262 0.06328866
v 0.01687448 2.22604399 0.07126215
v -0.06952579 2.29320826 0.01009977
v -0.08719268 2.24051331 0.02885675
v -0.05449001 2.24451955 0.05320021
v -0.00533166 2.225006 0.07198515
v -0.00837272 2.22967936 0.07455478
v -0.01338154 2.22657498 0.06811673
v 0.11550238 2.21578777 -0.08306092
v 0.1121259 2.21526051 -0.12807694
v 0.06307935 2.30857393 -0.13244847
v 0.06665708 2.30771311 -0.07444269
v 0.03886819 2.37312588 -0.11692262
v 0.04720504 2.37270845 -0.07095254
v 0.06157931 2.12826568 0.02600389
v 0.08077792 2.15680926 -0.05075701
v 0.07970088 2.20492415 -0.05397883
v 0.06522412 2.187453 0.02520076
v -0.08076209 2.29295111 0.00623508
v -0.09255182 2.22143195 -0.01510458
v -0.05446392 2.12321789 0.04249125
v -0.06321072 2.1818664 0.04344904
v -0.10056258 2.19708297 -0.02836826
v -0.09660285 2.14909302 -0.02555639
vn 0.1839 0.15856 -0.97007
vn -0.57063 -0.69436 0.43846
vn -0.4318 -0.64162 -0.63394
vn 0.88209 0.05804 0.46749
vn 0.93785 0.1034 0.33128
vn 0.97829 -0.20664 -0.01564
vn -0.94579 -0.23956 0.2193
vn -0.87725 -0.47027 -0.09635
vt 0 1
usemtl mat25
f 1779/23/2009 1780/23/2009 1781/23/2009
f 1782/23/2010 1783/23/2010 1784/23/2010
f 1785/23/2011 1786/23/2011 1787/23/2011
f 1788/23/2012 1789/23/2012 1790/23/2012
f 1788/23/2012 1790/23/2012 1791/23/2012
f 1791/23/2013 1790/23/2013 1792/23/2013
f 1791/23/2013 1792/23/2013 1793/23/2013
f 1794/23/2014 1795/23/2014 1796/23/2014
f 1794/23/2014 1796/23/2014 1797/23/2014
f 1783/23/2015 1782/23/2015 1798/23/2015
f 1783/23/2015 1798/23/2015 1799/23/2015
f 1800/23/2016 1801/23/2016 1802/23/2016
f 1800/23/2016 1802/23/2016 1803/23/2016
# Vertices: 25, normals: 8, texture coordinates: 1, faces: 13

o obj13
v 0.32610758 0.89662353 0.03467615
v 0.29261297 0.89301598 -0.00979016
v 0.29871934 0.91822781 0.01579805
v 0.41048421 1.58677662 0.1306543
v 0.40728102 1.57212844 0.11382966
v 0.41872975 1.62957706 0.0561742
v 0.46288487 1.72132718 0.2122321
v 0.43339099 1.69151459 0.25093676
v 0.42847906 1.66905696 0.22514545
v 0.44007311 1.68057828 0.20956928
v 0.41794713 1.61874507 0.09863363
v 0.41724647 1.61769224 0.16615766
v 0.41379174 1.60189998 0.14802119
v 0.41981239 1.62734275 0.11057803
v 0.44142595 1.67222833 0.1898862
v 0.42596907 1.65758397 0.21196935
v 0.42041984 1.63220252 0.18282205
v 0.42744298 1.65116819 0.15441078
v 0.42254598 1.64038844 0.14300491
v 0.09727834 1.62285954 0.12823374
v 0.08818493 1.60876288 0.12394419
v 0.10524996 1.60490191 0.13775385
v 0.11128178 1.62702234 0.12365909
v 0.0905999 1.62702038 0.11086313
v 0.1008337 1.58917478 0.12224291
v 0.09896285 1.59445012 0.0949441
v 0.11481478 1.58916545 0.1168465
v 0.0762275 1.58952327 0.10891774
v 0.14631744 0.8029523 0.05950782
v 0.24447203 0.74011656 0.05703322
v 0.25226291 0.80056529 0.0789319
v 0.32217766 0.80791826 -0.00271111
v 0.12248455 0.91000279 0.0780002
v 0.12077394 0.88795877 0.045946
v 0.13709919 0.89128679 0.10154426
v 0.12954683 0.79830685 0.00455988
v 0.13704888 0.77867966 0.02214852
v 0.23417116 0.72251119 0.02271312
v 0.30274613 0.7822052 -0.02851733
v 0.31105689 0.7974236 -0.03272675
v 0.30386044 0.80555546 -0.04340404
v 0.3079301 0.14049308 -0.18511375
v 0.26925338 0.14353787 -0.19419782
v 0.26287683 0.13199597 -0.22745952
v 0.27308267 0.10104304 -0.1894536
v 0.30714561 0.09201114 -0.18406465
v 0.26339858 0.10957741 -0.22348673
v 0.23123816 0.12893813 -0.26020318
v 0.23397363 0.14681932 -0.25967957
v 0.23798554 0.09090987 -0.2497197
v 0.23191458 0.10574812 -0.25705776
v 0.22785423 0.11615148 -0.26916427
v 0.22636724 0.10819477 -0.24960787
v 0.23239161 0.09445219 -0.24231453
v 0.22920891 0.14249251 -0.24978118
v 0.22641195 0.12603682 -0.25036069
v 0.22264788 0.11509494 -0.26053859
v -0.30459742 0.88727486 0.02787288
v -0.2856541 0.91077608 0.00213932
v -0.28775975 0.88690967 -0.02531042
v -0.24324311 0.99104388 0.07603618
v -0.18799703 0.99104388 0.10160762
v -0.17138296 1.00304608 0.07292803
v -0.22177676 1.00072798 0.04374159
v -0.23127264 0.98725933 0.03733336
v -0.109369 1.61644011 0.11370854
v -0.11698472 1.59759368 0.12222987
v -0.09845507 1.60262485 0.11090599
v -0.12243517 1.61933764 0.10733199
v -0.10021971 1.62074455 0.09753236
v -0.10943795 1.5822616 0.10755373
v -0.12250411 1.5813616 0.10026783
v -0.10414218 1.58777169 0.08075431
v -0.08329632 1.58427778 0.0977746
v -0.12438988 0.80041246 -0.0133064
v -0.21769404 0.7927278 0.04001293
v -0.21604493 0.7336077 0.01362718
v -0.31099821 0.80041246 -0.0133064
v -0.09861346 0.90753931 0.00183
v -0.10403782 0.88727486 0.02787288
v -0.10710125 0.88690967 -0.03008632
v -0.12678248 0.79872237 -0.07086869
v -0.12746635 0.77809638 -0.05284216
v -0.30060602 0.77662247 -0.04541092
v -0.21731019 0.7178676 -0.02304266
v -0.31024539 0.79163028 -0.045819
v -0.3072416 0.80048888 -0.05783607
v -0.34062628 0.14217386 -0.2249048
v -0.31303118 0.09066949 -0.28778337
v -0.30728632 0.14722927 -0.24613078
v -0.30818261 0.1044512 -0.24262572
v -0.3128057 0.06810371 -0.28470316
v -0.3382467 0.09376646 -0.22672348
v -0.28471495 0.05161821 -0.31055783
v -0.28113537 0.10800656 -0.31753628
v -0.27743651 0.09029494 -0.3178195
v -0.2711643 0.07803936 -0.3259253
v -0.27771229 0.0669894 -0.3156151
v -0.27891418 0.10348782 -0.30685527
v -0.28145026 0.05509159 -0.30184458
v -0.27444576 0.06936523 -0.30689999
v -0.26835243 0.07685424 -0.31626542
v -0.27521535 0.08720356 -0.30713849
v 0.24290118 0.89659936 0.12117518
v 0.151466 0.99705893 0.13125245
v 0.13421279 0.9912973 0.10094984
v 0.27804118 1.66504876 0.0231622
v 0.25485489 1.60484042 0.04945478
v 0.36408553 1.75892497 0.19935413
v 0.39422604 1.7861585 0.18199098
v 0.2888284 1.56704324 0.10347847
v 0.35986122 1.72560176 0.23702836
v 0.40174858 1.68110945 0.02623681
v 0.34370553 1.67903915 0.01959752
v 0.43521712 1.77434467 0.18303819
v 0.47123851 1.75731121 0.1909502
v 0.35329832 1.55957659 0.11722664
v 0.39615466 1.70095833 0.25013923
v 0.47591564 1.72969011 0.22606037
v 0.48501089 1.76887358 0.20288714
v 0.51405944 1.80354773 0.26563154
v 0.49595835 1.77016321 0.28590348
v 0.45108957 1.79428862 0.19465092
v 0.4125302 1.82059984 0.19583603
v 0.44846402 1.85517518 0.26264823
v 0.48421521 1.83073665 0.26161777
v 0.36833408 1.77062898 0.21203831
v 0.41192461 1.83704989 0.28070831
v 0.36373149 1.7343448 0.25306106
v 0.39933176 1.80395219 0.31735021
v 0.46055188 1.87039353 0.27075403
v 0.42397151 1.84452587 0.29683603
v 0.42642561 1.96710952 0.36622535
v 0.44178559 1.97642104 0.35147839
v 0.47821135 1.8815534 0.29526519
v 0.45559339 1.86501397 0.34395211
v 0.46765516 1.89282326 0.36925709
v 0.49027313 1.90936287 0.32057016
v 0.44294091 1.96569532 0.37928589
v 0.45601078 1.97444209 0.36465077
v 0.06970187 1.61652763 0.10256355
v 0.11970621 1.60518704 0.13215061
v 0.07032798 1.60732806 0.10020448
v 0.05459716 1.7319262 0.1069593
v 0.06821861 1.75027505 0.10513876
v 0.0486585 1.76923522 0.10898109
v 0.03937504 1.73771023 0.10788355
v 0.03905081 1.71660709 0.10455738
v 0.0661521 1.71235863 0.10351202
v 0.25677233 0.09795166 -0.22637315
v 0.25851462 0.14470623 -0.22080344
v 0.24303535 0.14907404 -0.16424181
v 0.25231509 0.12915802 -0.21248896
v 0.2547878 0.09184902 -0.15289929
v 0.25193308 0.11187125 -0.21174546
v 0.24788763 0.1535816 -0.2392921
v 0.25046473 0.0856029 -0.23435969
v 0.24318816 0.09640317 -0.24321269
v 0.24159494 0.14108005 -0.24723392
v 0.31616821 0.14189808 -0.17015624
v 0.3219876 0.09380373 -0.16652819
v 0.25380952 0.13895577 -0.21084543
v 0.25113369 0.10258966 -0.21901272
v 0.2448559 0.08971356 -0.22693775
v 0.23754762 0.10104117 -0.23585041
v 0.24318256 0.14783115 -0.22933409
v 0.23689171 0.13532773 -0.2372759
v 0.24715532 0.13470349 -0.22457311
v 0.2518604 0.14045581 -0.23453111
v 0.24773669 0.10220207 -0.22322215
v 0.25334555 0.09809141 -0.2306422
v -0.19734198 0.88727486 0.08174191
v -0.13050929 1.5969582 0.11467191
v -0.07741915 1.60247016 0.0898831
v -0.08324228 1.6144425 0.0907999
v -0.0738172 1.7389549 0.10450893
v -0.05928081 1.74571525 0.10751087
v -0.07406689 1.76952204 0.10716428
v -0.08598334 1.76896119 0.10485366
v -0.08184473 1.70749317 0.09317387
v -0.05548693 1.71349898 0.09795349
v -0.31043545 0.10327166 -0.2822528
v -0.30487507 0.05689909 -0.28847468
v -0.27273888 0.15265363 -0.22632284
v -0.3058366 0.087675 -0.27303641
v -0.304767 0.07040501 -0.27270472
v -0.27850982 0.09456586 -0.21474554
v -0.29580778 0.11333589 -0.29702584
v -0.29088654 0.10144739 -0.30566827
v -0.29072441 0.05661772 -0.3034527
v -0.29606306 0.0451634 -0.29485683
v -0.34344001 0.14261735 -0.20800749
v -0.34643634 0.09420995 -0.20518815
v -0.3016104 0.06146815 -0.27975956
v -0.30821428 0.09732555 -0.27157179
v -0.28581437 0.06118677 -0.29554815
v -0.28845479 0.06118677 -0.29678731
v -0.28922438 0.09549942 -0.29702584
v -0.28661376 0.09549942 -0.29563014
v -0.29281703 0.04920511 -0.28610817
v -0.29358659 0.10738977 -0.28634667
v -0.29171948 0.05661772 -0.30550056
v -0.29144368 0.10144739 -0.30770498
v -0.29798237 0.09392298 -0.28317146
v -0.30020353 0.09987096 -0.29385247
v -0.29721465 0.06139734 -0.28293293
v -0.30046068 0.05735749 -0.29168345
v 0.47707092 1.8975805 0.34674161
v 0.51070156 1.92815706 0.3107985
v 0.49537512 1.80192845 0.31358987
v 0.5200018 1.83709645 0.28495687
v 0.53540093 1.87663036 0.31597315
v 0.51077611 1.84146237 0.34460617
vn 0.71373 0.57058 0.40623
vn 0.97271 0.02487 -0.23067
vn 0.97894 0.00882 -0.20394
vn 0.93906 0.03103 -0.34236
vn 0.89953 -0.07987 -0.4295
vn 0.83447 -0.26282 -0.48434
vn 0.83447 -0.26284 -0.48434
vn 0.83447 -0.26285 -0.48432
vn 0.96855 0.0446 -0.24479
vn 0.97526 -0.00666 -0.22096
vn 0.97525 -0.00665 -0.22099
vn 0.96705 -0.02055 -0.25376
vn 0.93473 0.03313 -0.35381
vn 0.91754 0.00513 -0.3976
vn 0.87742 -0.07528 -0.47377
vn 0.83445 -0.26289 -0.48433
vn 0.88837 0.08197 -0.45176
vn 0.9592 -0.03214 -0.28089
vn 0.83523 -0.14319 -0.53093
vn 0.19922 -0.44099 -0.87512
vn -0.72802 -0.62618 0.27908
vn -0.72174 -0.67739 0.14228
vn -0.42391 -0.8156 -0.39382
vn -0.18251 -0.29484 0.93796
vn 0.03028 0.19165 -0.981
vn -0.07186 0.18449 -0.9802
vn 0.09177 0.19499 -0.9765
vn -0.20932 -0.86635 -0.45345
vn -0.34448 -0.73782 -0.58047
vn -0.17535 -0.91033 -0.3749
vn 0.75464 -0.36237 -0.547
vn 0.763 -0.50899 -0.39845
vn 0.72412 -0.63453 -0.27022
vn -0.88433 -0.44996 -0.1245
vn -0.92438 -0.29332 -0.24389
vn -0.90552 -0.39994 -0.14172
vn -0.9313 -0.30152 -0.20436
vn -0.94973 -0.29798 -0.09598
vn -0.93045 -0.29496 -0.21741
vn 0.7082 -0.14218 -0.69154
vn 0.72211 -0.12764 -0.6799
vn 0.85232 0.13955 -0.50405
vn 0.87986 0.41001 0.2403
vn -0.15499 -0.35025 -0.92374
vn 0.22621 -0.17588 0.95807
vn 0.79301 0.60624 -0.06008
vn 0.80213 0.59518 -0.04847
vn 0.7878 0.61416 -0.04657
vn 0.8618 0.50538 -0.04341
vn 0.94334 0.33136 -0.01743
vn -0.67482 -0.73557 0.05963
vn -0.76225 -0.64536 0.04981
vn -0.78654 -0.61664 0.03343
vn -0.94338 -0.33132 0.01634
vn -0.41926 -0.90701 0.03932
vn -0.89765 0.22207 0.38067
vn -0.79814 0.20719 0.56573
vn -0.94392 0.21286 0.2524
vn -0.60051 0.11324 0.79156
vn -0.14355 -0.31014 0.93979
vn -0.16236 -0.0513 0.9854
vn -0.49819 -0.86497 -0.0603
vn -0.51558 0.2399 0.82257
vn 0.47141 -0.85938 0.19807
vn 0.33227 -0.87048 -0.36313
vn 0.6191 -0.78086 0.08348
vn 0.06869 -0.29264 0.95375
vn 0.06084 0.18947 -0.98
vn 0.16078 0.16819 -0.97255
vn 0.00022 0.20135 -0.97952
vn 0.49818 -0.72275 -0.479
vn 0.47875 -0.77957 -0.40382
vn 0.58609 -0.55018 -0.59481
vn -0.58843 -0.54905 -0.59354
vn -0.46367 -0.8237 -0.32639
vn -0.53085 -0.71568 -0.45387
vn 0.94771 0.0481 -0.3155
vn 0.97262 0.04998 -0.22697
vn 0.97543 0.0432 -0.21604
vn 0.98363 0.0357 -0.17663
vn 0.98099 0.04228 -0.18942
vn 0.99694 0.03946 -0.06754
vn -0.6258 -0.41531 -0.66022
vn -0.6016 -0.33251 -0.7263
vn -0.63436 -0.31709 -0.70502
vn -0.97232 0.08165 0.21893
vn -0.95376 0.19628 0.22765
vn -0.96602 0.08107 0.24543
vn 0.50785 -0.66821 -0.54367
vn -0.51794 0.52589 0.67467
vn -0.59586 0.8012 -0.05507
vn -0.61455 0.78672 -0.05835
vn -0.60216 0.79538 -0.0691
vn -0.82127 0.56884 -0.04409
vn -0.69579 0.71578 -0.05947
vn 0.59456 -0.80297 0.04175
vn 0.56273 -0.82475 0.0559
vn 0.45433 -0.88892 0.05833
vn 0.82135 -0.5688 0.04304
vn 0.16487 -0.98611 0.0203
vn -0.15864 -0.89182 -0.42366
vn -0.14277 -0.88786 -0.43741
vn 0.72017 -0.64457 -0.25666
vn 0.70166 -0.67489 -0.22847
vn -0.86699 -0.49783 -0.02206
vn -0.86267 -0.50529 -0.02189
vn -0.67386 0.11585 0.72972
vn -0.90624 -0.33998 0.2513
vn -0.85066 -0.15458 0.50247
vn -0.25295 0.42332 0.86995
vn -0.61637 -0.70331 -0.35417
vn -0.84862 -0.52899 0.00379
vn 0.2127 0.53253 0.81925
vn -0.01055 0.53465 0.84501
vn 0.22125 0.55021 0.80518
vn 0.45535 0.52482 0.71918
vn -0.23118 -0.74285 -0.62828
vn -0.37241 -0.75952 -0.53334
vn 0.90622 0.11318 -0.40738
vn 0.90946 0.22941 -0.34678
vn 0.88394 -0.01991 -0.46718
vn 0.4441 0.58811 0.67595
vn 0.44333 0.58838 0.67621
vn 0.44492 0.58782 0.67566
vn -0.6732 0.14533 0.72504
vn -0.87415 -0.04979 0.4831
vn -0.76424 0.05277 0.64277
vn -0.50341 0.16787 0.84758
vn -0.93265 -0.17461 0.31572
vn -0.91016 -0.14512 0.38801
vn -0.71364 0.60784 0.3482
vn -0.69743 0.61759 0.36355
vn -0.74959 0.58385 0.31184
vn -0.82013 0.19873 0.53655
vn -0.82013 0.19873 0.53655
vn -0.82014 0.19873 0.53655
vn -0.2064 -0.35958 0.91
vn -0.20643 -0.35957 0.91
vn -0.20637 -0.35958 0.91001
vn 0.88263 -0.46126 -0.09061
vn 0.91405 -0.39788 -0.07875
vn 0.77509 -0.6203 -0.12029
vn 0.55244 0.60669 0.57161
vn 0.51734 0.63429 0.57449
vn 0.60138 0.5645 0.5654
vn -0.64942 -0.57486 0.49778
vn -0.53047 -0.65431 0.53896
vn -0.64297 -0.71926 -0.26315
vn -0.03092 -0.71802 -0.69533
vn 0.25977 -0.65377 -0.7107
vn 0.25407 -0.65946 -0.7075
vn -0.77605 -0.59618 -0.2057
vn -0.79665 -0.60231 -0.05079
vn 0.09061 -0.99406 -0.06029
vn 0.16769 -0.98548 -0.02671
vn 0.11031 -0.99323 -0.03626
vn 0.02142 -0.99291 -0.11694
vn 0.01366 -0.98768 -0.15588
vn 0.00745 -0.98672 -0.16227
vn -0.43419 -0.53986 -0.72114
vn -0.43259 -0.51091 -0.74286
vn 0.57793 0.80577 -0.12934
vn -0.72419 0.68108 0.10812
vn -0.36036 0.34701 0.86587
vn -0.14338 0.29979 0.94317
vn -0.7033 0.3826 0.59916
vn -0.20654 0.26196 -0.94272
vn -0.1516 0.31179 -0.93798
vn -0.33023 0.14011 -0.93344
vn -0.98534 0.05927 -0.15998
vn -0.97104 0.09655 -0.21856
vn -0.99809 -0.05675 0.0245
vn 0.77003 0.63767 -0.02099
vn 0.76842 0.63964 -0.01978
vn 0.7819 0.623 -0.0224
vn 0.82008 0.57148 -0.02973
vn -0.67333 -0.73731 0.05472
vn -0.6632 -0.74796 0.02692
vn -0.69166 -0.71374 0.11038
vn 0.81452 0.57996 0.01438
vn 0.76042 0.64799 0.04313
vn 0.87664 0.48052 -0.02458
vn 0.8496 0.52579 -0.04139
vn -0.99741 -0.02241 0.06836
vn -0.94097 -0.33842 -0.00677
vn -0.91627 -0.40054 -0.00296
vn 0.8617 -0.5018 -0.07524
vn 0.8187 -0.57389 -0.01955
vn 0.9255 -0.32435 -0.19557
vn 0.53714 -0.66791 -0.51515
vn 0.54361 -0.6375 -0.54597
vn 0.52768 -0.70388 -0.47551
vn -0.74443 0.18716 -0.64093
vn -0.74072 0.20552 -0.6396
vn -0.74791 0.16854 -0.64205
vn -0.78214 -0.62308 0.00537
vn -0.78224 -0.62296 0.00454
vn -0.80358 -0.59516 0.0061
vn -0.81075 -0.58508 0.01917
vn -0.85653 0.11389 0.50338
vn -0.85646 0.11393 0.50348
vn -0.85659 0.11384 0.50329
vn -0.90966 0.38377 0.1589
vn -0.91489 0.37442 0.15093
vn -0.90024 0.35765 0.24828
vn -0.84986 0.35598 0.38861
vn -0.70372 0.36047 -0.61225
vn -0.44143 0.36675 -0.81892
vn -0.60153 0.33988 -0.72294
vn -0.73628 0.36009 -0.57291
vn -0.77191 0.37072 -0.51645
vn -0.78148 0.34011 -0.52308
vn 0.1912 -0.58291 -0.78972
vn 0.18899 -0.62298 -0.75906
vn 0.19302 -0.53825 -0.82038
vn 0.00782 -0.45558 0.89016
vn -0.0946 -0.46408 0.88073
vn 0.11033 -0.4422 0.89011
vn 0.70186 -0.57469 0.42085
vn 0.70182 -0.57473 0.42088
vn 0.70191 -0.57466 0.42083
vn -0.77771 -0.62857 0.00811
vn -0.84741 -0.53073 -0.01476
vn 0.64323 -0.68053 -0.3509
vn 0.64321 -0.68058 -0.35086
vn 0.64325 -0.68049 -0.35095
vn 0.84768 0.5303 -0.01475
vn 0.86255 0.50598 0.00041
vn 0.87177 0.48987 0.00672
vn 0.77976 0.62443 0.04533
vn -0.32395 -0.28707 -0.90147
vn -0.30562 -0.32891 -0.89354
vn -0.34162 -0.24451 -0.90748
vn -0.67626 -0.10186 0.72959
vn -0.67619 -0.10185 0.72965
vn -0.67633 -0.10186 0.72953
vn -0.79961 0.32635 0.5041
vn -0.72268 0.36425 0.58742
vn 0.4422 -0.76592 -0.46671
vn 0.45812 -0.76512 -0.45247
vn -0.43015 -0.85645 -0.28541
vn -0.45696 -0.83256 -0.31311
vn -0.38266 -0.80408 0.455
vn -0.45733 -0.78291 0.42177
vn -0.29234 -0.8215 0.48957
vn -0.02372 -0.71848 -0.69514
vn 0.55265 -0.80278 -0.22387
vn -0.30097 -0.61458 -0.72918
vn -0.29631 -0.62102 -0.72562
vn 0.69836 -0.69762 0.16005
vn 0.67989 -0.67826 0.27875
vn -0.1294 -0.97676 -0.17084
vn -0.10521 -0.9621 -0.2516
vn -0.17306 -0.98109 -0.08664
vn -0.18571 -0.97879 -0.08654
vn -0.08509 -0.94838 -0.3055
vn -0.10522 -0.94993 -0.2942
vn 0.60837 -0.32657 -0.72335
vn 0.59778 -0.2987 -0.74393
vn 0.67216 0.71892 0.17706
vn -0.55726 0.82194 -0.11776
vn 0.89597 0.41505 -0.15799
vn 0.89993 0.41881 -0.12135
vn 0.88203 0.45511 -0.12209
vn 0.35766 0.76893 0.52994
vn -0.66355 -0.52639 -0.53162
vn -0.629 -0.53389 -0.56508
vn -0.65957 -0.52596 -0.53696
vn -0.66793 -0.52322 -0.52926
vn 0.9042 0.40957 -0.12114
vn 0.90224 0.4286 0.04765
vn -0.79837 0.6018 -0.0209
vn -0.88381 0.46711 -0.02628
vn -0.85937 0.511 -0.01912
vn -0.73155 0.68145 -0.02158
vn 0.92425 -0.37962 0.04067
vn 0.93088 -0.36059 0.05852
vn 0.9202 -0.39025 0.03057
vn -0.96135 0.27531 0.00328
vn -0.98571 0.16303 -0.04233
vn -0.9338 0.35588 0.03707
vn 0.9517 -0.28673 0.1098
vn 0.77809 -0.62784 0.01977
vn 0.81834 -0.5744 0.01956
vn -0.67874 0.73223 -0.0561
vn -0.94387 -0.31765 -0.09061
vn -0.96676 -0.06311 -0.24777
vn -0.89926 -0.43736 -0.00671
vn -0.59285 -0.5368 -0.60031
vn -0.59339 -0.52592 -0.60934
vn 0.44848 0.89377 0.00608
vn 0.42484 0.90526 0.00324
vn 0.47145 0.88185 0.00888
vn 0.83277 0.12956 -0.53824
vn 0.82118 0.20146 -0.53393
vn 0.83957 0.06219 -0.53968
vn 0.7628 -0.64647 0.01478
vn 0.79075 -0.61182 0.01988
vn 0.80124 -0.59814 0.01566
vn 0.7218 -0.69196 0.01372
vn 0.88926 0.01632 0.4571
vn 0.85452 0.05788 0.51618
vn 0.8922 0.02393 0.451
vn 0.92763 -0.01485 0.3732
vn 0.96895 0.12564 0.21294
vn 0.89214 0.10816 0.43862
vn 0.94841 0.10043 0.30072
vn 0.97196 0.11547 0.20483
vn 0.8835 0.4293 0.1874
vn 0.28442 0.60605 0.74284
vn 0.27308 0.51078 -0.81519
vn 0.93629 0.25612 0.24035
vn -0.93461 -0.35517 0.01869
vn -0.96439 -0.26381 0.01891
vn -0.89929 -0.43697 0.01834
vn 0.80432 0.17913 -0.56655
vn 0.83359 0.16908 -0.52587
vn 0.70605 0.18934 -0.68239
vn 0.56359 0.26024 -0.784
vn 0.86783 0.16833 -0.46747
vn 0.86938 0.13641 -0.47494
vn -0.29615 -0.48948 -0.82018
vn -0.28464 -0.4451 -0.84904
vn -0.3061 -0.52954 -0.79113
vn 0.64939 -0.75968 0.03434
vn 0.68157 -0.73147 0.02037
vn -0.6491 0.75942 -0.04417
vn -0.60155 0.79804 -0.03554
vn -0.17298 -0.46216 0.86976
vn -0.26843 -0.42214 0.86588
vn -0.07582 -0.49717 0.86434
vn -0.84878 -0.38079 0.36684
vn -0.84878 -0.38079 0.36684
vn -0.84878 -0.38079 0.36684
vn 0.58442 -0.8113 0.01564
vn 0.67828 -0.7348 -0.00023
vn -0.78005 -0.47662 -0.40541
vn -0.78003 -0.47669 -0.40536
vn -0.78006 -0.47656 -0.40547
vn -0.67702 0.73538 -0.02923
vn -0.69852 0.71542 -0.01572
vn -0.71199 0.70211 -0.01047
vn -0.5901 0.80646 0.03745
vn 0.28353 -0.33686 -0.89785
vn 0.31196 -0.30041 -0.90135
vn 0.25455 -0.37252 -0.89243
vn 0.58717 -0.29713 0.75296
vn 0.58724 -0.29715 0.7529
vn 0.5871 -0.29711 0.75302
vn 0.82996 0.08961 0.55058
vn 0.76144 0.14411 0.63202
vn 0.83172 0.14411 -0.53617
vn 0.80312 0.32064 -0.50219
vn 0.80544 -0.2206 -0.55008
vn -0.71781 -0.64095 -0.27189
vn -0.70378 0.12691 0.69899
vn 0.86661 -0.16841 -0.46971
vn 0.8666 -0.16844 -0.46971
vn 0.86661 -0.16839 -0.46971
vt 0 1
usemtl mat0
f 1804/24/2017 1805/24/2017 1806/24/2017
f 1807/24/2018 1808/24/2019 1809/24/2020
f 1810/24/2021 1811/24/2022 1812/24/2023
f 1810/24/2021 1812/24/2023 1813/24/2024
f 1814/24/2025 1807/24/2018 1809/24/2020
f 1815/24/2026 1816/24/2027 1817/24/2028
f 1817/24/2029 1814/24/2025 1809/24/2020
f 1810/24/2021 1813/24/2024 1818/24/2030
f 1818/24/2031 1819/24/2032 1820/24/2031
f 1818/24/2031 1820/24/2031 1821/24/2033
f 1809/24/2020 1810/24/2021 1818/24/2030
f 1822/24/2034 1815/24/2026 1817/24/2028
f 1817/24/2029 1809/24/2020 1818/24/2030
f 1821/24/2035 1822/24/2034 1817/24/2028
f 1818/24/2036 1821/24/2036 1817/24/2036
f 1823/24/2037 1824/24/2038 1825/24/2039
f 1826/24/2040 1827/24/2040 1823/24/2040
f 1828/24/2041 1829/24/2041 1830/24/2042
f 1831/24/2043 1829/24/2041 1828/24/2041
f 1832/24/2044 1833/24/2045 1834/24/2046
f 1833/24/2047 1835/24/2048 1834/24/2049
f 1836/24/2050 1837/24/2051 1838/24/2052
f 1839/24/2053 1840/24/2054 1832/24/2055
f 1833/24/2047 1841/24/2056 1842/24/2057
f 1842/24/2057 1843/24/2058 1835/24/2048
f 1842/24/2057 1835/24/2048 1833/24/2047
f 1843/24/2059 1844/24/2059 1835/24/2059
f 1845/24/2060 1846/24/2060 1847/24/2060
f 1848/24/2061 1849/24/2061 1850/24/2061
f 1851/24/2062 1852/24/2063 1853/24/2064
f 1854/24/2065 1855/24/2066 1851/24/2062
f 1853/24/2064 1854/24/2065 1851/24/2062
f 1856/24/2067 1857/24/2068 1858/24/2069
f 1859/24/2070 1860/24/2070 1856/24/2070
f 1858/24/2069 1859/24/2071 1856/24/2067
f 1861/24/2072 1862/24/2073 1863/24/2074
f 1864/24/2075 1865/24/2076 1866/24/2077
f 1866/24/2078 1867/24/2078 1868/24/2078
f 1866/24/2077 1868/24/2079 1864/24/2075
f 1869/24/2080 1870/24/2081 1871/24/2082
f 1872/24/2083 1869/24/2083 1873/24/2083
f 1874/24/2084 1875/24/2085 1876/24/2084
f 1877/24/2086 1874/24/2084 1876/24/2084
f 1878/24/2087 1879/24/2088 1880/24/2089
f 1880/24/2090 1879/24/2091 1881/24/2092
f 1882/24/2093 1883/24/2094 1884/24/2095
f 1885/24/2096 1878/24/2097 1886/24/2098
f 1887/24/2099 1888/24/2100 1880/24/2090
f 1880/24/2090 1881/24/2092 1889/24/2101
f 1880/24/2090 1889/24/2101 1887/24/2099
f 1889/24/2102 1881/24/2103 1890/24/2104
f 1891/24/2105 1892/24/2105 1893/24/2105
f 1894/24/2106 1895/24/2106 1896/24/2106
f 1897/24/2107 1898/24/2108 1899/24/2109
f 1899/24/2109 1900/24/2110 1901/24/2111
f 1899/24/2109 1901/24/2111 1897/24/2107
f 1902/24/2112 1903/24/2113 1904/24/2114
f 1904/24/2115 1905/24/2115 1906/24/2115
f 1904/24/2114 1906/24/2116 1902/24/2112
f 1832/24/2044 1834/24/2046 1907/24/2117
f 1832/24/2044 1907/24/2117 1838/24/2118
f 1834/24/2049 1835/24/2048 1804/24/2119
f 1834/24/2049 1804/24/2119 1907/24/2120
f 1838/24/2052 1908/24/2121 1909/24/2122
f 1838/24/2052 1909/24/2122 1836/24/2050
f 1910/24/2123 1911/24/2124 1912/24/2125
f 1910/24/2123 1912/24/2125 1913/24/2126
f 1911/24/2124 1914/24/2127 1915/24/2128
f 1911/24/2124 1915/24/2128 1912/24/2125
f 1916/24/2129 1917/24/2130 1918/24/2131
f 1916/24/2129 1918/24/2131 1919/24/2132
f 1914/24/2127 1920/24/2133 1921/24/2134
f 1914/24/2127 1921/24/2134 1915/24/2128
f 1917/24/2130 1910/24/2123 1913/24/2126
f 1917/24/2130 1913/24/2126 1918/24/2131
f 1922/24/2135 1923/24/2136 1924/24/2135
f 1922/24/2135 1924/24/2135 1925/24/2137
f 1926/24/2138 1927/24/2139 1928/24/2138
f 1926/24/2138 1928/24/2138 1929/24/2140
f 1927/24/2141 1930/24/2142 1931/24/2143
f 1927/24/2141 1931/24/2143 1928/24/2144
f 1930/24/2142 1932/24/2145 1933/24/2146
f 1930/24/2142 1933/24/2146 1931/24/2143
f 1934/24/2147 1935/24/2148 1936/24/2147
f 1934/24/2147 1936/24/2147 1937/24/2149
f 1938/24/2150 1939/24/2151 1940/24/2150
f 1938/24/2150 1940/24/2150 1941/24/2152
f 1937/24/2153 1936/24/2154 1942/24/2153
f 1937/24/2153 1942/24/2153 1943/24/2155
f 1939/24/2156 1938/24/2157 1943/24/2156
f 1939/24/2156 1943/24/2156 1942/24/2158
f 1938/24/2159 1934/24/2160 1937/24/2159
f 1938/24/2159 1937/24/2159 1943/24/2161
f 1827/24/2162 1944/24/2163 1824/24/2038
f 1827/24/2162 1824/24/2038 1823/24/2037
f 1825/24/2039 1824/24/2038 1831/24/2164
f 1825/24/2039 1831/24/2164 1828/24/2165
f 1945/24/2166 1825/24/2039 1828/24/2165
f 1945/24/2166 1828/24/2165 1830/24/2167
f 1824/24/2038 1944/24/2168 1946/24/2169
f 1824/24/2038 1946/24/2169 1831/24/2164
f 1947/24/2170 1948/24/2171 1949/24/2172
f 1947/24/2170 1949/24/2172 1950/24/2173
f 1950/24/2173 1951/24/2174 1952/24/2175
f 1950/24/2173 1952/24/2175 1947/24/2170
f 1840/24/2176 1841/24/2177 1833/24/2045
f 1840/24/2176 1833/24/2045 1832/24/2044
f 1837/24/2051 1839/24/2053 1832/24/2055
f 1837/24/2051 1832/24/2055 1838/24/2052
f 1847/24/2178 1850/24/2178 1953/24/2178
f 1847/24/2179 1953/24/2179 1954/24/2179
f 1955/24/2180 1846/24/2181 1847/24/2180
f 1955/24/2180 1847/24/2180 1956/24/2182
f 1848/24/2183 1957/24/2184 1958/24/2183
f 1848/24/2183 1958/24/2183 1850/24/2185
f 1957/24/2186 1955/24/2187 1956/24/2186
f 1957/24/2186 1956/24/2186 1958/24/2188
f 1959/24/2189 1960/24/2190 1961/24/2191
f 1959/24/2189 1961/24/2191 1962/24/2192
f 1850/24/2193 1849/24/2194 1845/24/2193
f 1850/24/2193 1845/24/2193 1847/24/2195
f 1963/24/2196 1964/24/2197 1849/24/2196
f 1963/24/2196 1849/24/2196 1845/24/2198
f 1958/24/2199 1956/24/2199 1965/24/2199
f 1958/24/2200 1965/24/2201 1966/24/2202
f 1956/24/2203 1847/24/2204 1954/24/2203
f 1956/24/2203 1954/24/2203 1965/24/2205
f 1850/24/2206 1958/24/2207 1966/24/2206
f 1850/24/2206 1966/24/2206 1953/24/2208
f 1960/24/2209 1967/24/2210 1968/24/2209
f 1960/24/2209 1968/24/2209 1961/24/2211
f 1967/24/2212 1969/24/2213 1970/24/2214
f 1967/24/2212 1970/24/2214 1968/24/2215
f 1969/24/2216 1959/24/2217 1962/24/2216
f 1969/24/2216 1962/24/2216 1970/24/2218
f 1858/24/2219 1852/24/2220 1851/24/2221
f 1858/24/2219 1851/24/2221 1859/24/2222
f 1856/24/2223 1860/24/2224 1855/24/2225
f 1856/24/2223 1855/24/2225 1854/24/2226
f 1853/24/2227 1857/24/2228 1856/24/2223
f 1853/24/2227 1856/24/2223 1854/24/2226
f 1961/24/2229 1968/24/2230 1857/24/2229
f 1961/24/2229 1857/24/2229 1853/24/2231
f 1968/24/2215 1970/24/2214 1858/24/2069
f 1968/24/2215 1858/24/2069 1857/24/2068
f 1962/24/2192 1961/24/2191 1853/24/2064
f 1962/24/2192 1853/24/2064 1852/24/2063
f 1970/24/2232 1962/24/2233 1852/24/2232
f 1970/24/2232 1852/24/2232 1858/24/2234
f 1971/24/2235 1972/24/2236 1959/24/2235
f 1971/24/2235 1959/24/2235 1969/24/2237
f 1973/24/2238 1971/24/2239 1969/24/2213
f 1973/24/2238 1969/24/2213 1967/24/2212
f 1974/24/2240 1973/24/2241 1967/24/2240
f 1974/24/2240 1967/24/2240 1960/24/2242
f 1972/24/2243 1974/24/2244 1960/24/2190
f 1972/24/2243 1960/24/2190 1959/24/2189
f 1954/24/2245 1953/24/2246 1974/24/2244
f 1954/24/2245 1974/24/2244 1972/24/2243
f 1953/24/2247 1966/24/2248 1973/24/2247
f 1953/24/2247 1973/24/2247 1974/24/2249
f 1966/24/2202 1965/24/2201 1971/24/2239
f 1966/24/2202 1971/24/2239 1973/24/2238
f 1965/24/2250 1954/24/2251 1972/24/2250
f 1965/24/2250 1972/24/2250 1971/24/2252
f 1855/24/2253 1860/24/2254 1859/24/2222
f 1855/24/2253 1859/24/2222 1851/24/2221
f 1878/24/2087 1883/24/2255 1975/24/2256
f 1878/24/2087 1975/24/2256 1879/24/2088
f 1881/24/2103 1861/24/2072 1863/24/2074
f 1881/24/2103 1863/24/2074 1890/24/2104
f 1879/24/2091 1975/24/2257 1861/24/2258
f 1879/24/2091 1861/24/2258 1881/24/2092
f 1872/24/2259 1976/24/2260 1870/24/2259
f 1872/24/2259 1870/24/2259 1869/24/2261
f 1870/24/2081 1874/24/2262 1877/24/2263
f 1870/24/2081 1877/24/2263 1871/24/2082
f 1976/24/2264 1875/24/2265 1874/24/2262
f 1976/24/2264 1874/24/2262 1870/24/2081
f 1871/24/2082 1877/24/2263 1977/24/2266
f 1871/24/2082 1977/24/2266 1978/24/2267
f 1979/24/2268 1980/24/2269 1981/24/2270
f 1979/24/2268 1981/24/2270 1982/24/2271
f 1980/24/2269 1979/24/2268 1983/24/2272
f 1980/24/2269 1983/24/2272 1984/24/2273
f 1864/24/2075 1868/24/2079 1862/24/2073
f 1864/24/2075 1862/24/2073 1861/24/2072
f 1886/24/2274 1878/24/2087 1880/24/2089
f 1886/24/2274 1880/24/2089 1888/24/2275
f 1884/24/2095 1883/24/2094 1878/24/2097
f 1884/24/2095 1878/24/2097 1885/24/2096
f 1892/24/2276 1985/24/2276 1986/24/2276
f 1892/24/2277 1986/24/2277 1895/24/2277
f 1987/24/2278 1988/24/2279 1892/24/2280
f 1987/24/2281 1892/24/2281 1893/24/2281
f 1894/24/2282 1895/24/2283 1989/24/2284
f 1894/24/2282 1989/24/2284 1990/24/2285
f 1990/24/2286 1989/24/2287 1988/24/2279
f 1990/24/2286 1988/24/2279 1987/24/2278
f 1991/24/2288 1992/24/2289 1993/24/2290
f 1991/24/2288 1993/24/2290 1994/24/2291
f 1895/24/2292 1892/24/2293 1891/24/2292
f 1895/24/2292 1891/24/2292 1896/24/2294
f 1995/24/2295 1891/24/2296 1896/24/2295
f 1995/24/2295 1896/24/2295 1996/24/2297
f 1989/24/2298 1997/24/2299 1998/24/2300
f 1989/24/2301 1998/24/2301 1988/24/2301
f 1988/24/2302 1998/24/2303 1985/24/2302
f 1988/24/2302 1985/24/2302 1892/24/2304
f 1895/24/2283 1986/24/2305 1997/24/2306
f 1895/24/2283 1997/24/2306 1989/24/2284
f 1999/24/2307 2000/24/2308 2001/24/2307
f 1999/24/2307 2001/24/2307 2002/24/2309
f 1994/24/2310 1993/24/2311 1999/24/2310
f 1994/24/2310 1999/24/2310 2003/24/2312
f 2003/24/2313 1999/24/2314 2002/24/2315
f 2003/24/2313 2002/24/2315 2004/24/2316
f 2004/24/2317 2002/24/2318 1992/24/2319
f 2004/24/2317 1992/24/2319 1991/24/2320
f 1902/24/2321 1906/24/2322 1899/24/2323
f 1902/24/2321 1899/24/2323 1898/24/2324
f 1993/24/2325 2005/24/2325 2000/24/2325
f 1993/24/2326 2000/24/2326 1999/24/2326
f 2002/24/2327 2001/24/2327 2006/24/2327
f 2002/24/2318 2006/24/2328 1992/24/2319
f 1992/24/2329 2006/24/2330 2005/24/2329
f 1992/24/2329 2005/24/2329 1993/24/2331
f 1904/24/2332 1901/24/2333 1900/24/2334
f 1904/24/2332 1900/24/2334 1905/24/2335
f 1897/24/2336 1901/24/2333 1904/24/2332
f 1897/24/2336 1904/24/2332 1903/24/2337
f 2005/24/2338 1897/24/2339 1903/24/2338
f 2005/24/2338 1903/24/2338 2000/24/2340
f 2000/24/2341 1903/24/2113 1902/24/2112
f 2000/24/2341 1902/24/2112 2001/24/2342
f 2006/24/2343 1898/24/2108 1897/24/2107
f 2006/24/2343 1897/24/2107 2005/24/2344
f 2001/24/2345 1902/24/2346 1898/24/2345
f 2001/24/2345 1898/24/2345 2006/24/2347
f 2007/24/2348 2004/24/2349 1991/24/2348
f 2007/24/2348 1991/24/2348 2008/24/2350
f 2009/24/2351 2003/24/2313 2004/24/2316
f 2009/24/2351 2004/24/2316 2007/24/2352
f 2010/24/2353 1994/24/2354 2003/24/2353
f 2010/24/2353 2003/24/2353 2009/24/2355
f 2008/24/2356 1991/24/2288 1994/24/2291
f 2008/24/2356 1994/24/2291 2010/24/2357
f 1985/24/2358 2008/24/2356 2010/24/2357
f 1985/24/2358 2010/24/2357 1986/24/2359
f 1986/24/2360 2010/24/2361 2009/24/2360
f 1986/24/2360 2009/24/2360 1997/24/2362
f 1997/24/2299 2009/24/2351 2007/24/2352
f 1997/24/2299 2007/24/2352 1998/24/2300
f 1998/24/2363 2007/24/2364 2008/24/2363
f 1998/24/2363 2008/24/2363 1985/24/2365
f 1900/24/2366 1899/24/2323 1906/24/2322
f 1900/24/2366 1906/24/2322 1905/24/2367
f 1939/24/2368 1935/24/2369 2011/24/2368
f 1939/24/2368 2011/24/2368 1940/24/2370
f 1934/24/2371 1938/24/2371 1941/24/2371
f 1934/24/2372 1941/24/2372 2012/24/2372
f 2013/24/2373 2014/24/2374 2015/24/2373
f 2013/24/2373 2015/24/2373 2016/24/2375
# Vertices: 213, normals: 359, texture coordinates: 1, faces: 263

o obj14
v 0.06304395 1.61314746 0.10729099
v 0.06498375 1.59830549 0.10704502
v 0.07651447 1.58834746 0.1071941
v 0.09382172 1.58642067 0.10376544
v 0.09896285 1.59445012 0.0949441
v 0.07032798 1.60732806 0.10020448
v 0.06970187 1.61652763 0.10256355
v 0.0905999 1.62702038 0.11086313
v 0.08891726 1.63382925 0.10765995
v -0.07146372 1.6151711 0.09695285
v -0.09901596 1.62428315 0.09453229
v -0.10021971 1.62074455 0.09753236
v -0.08324228 1.6144425 0.0907999
v -0.08326277 1.58309451 0.09603232
v -0.07249977 1.59378301 0.09744106
v -0.10414218 1.58777169 0.08075431
v -0.09976318 1.58005536 0.09024274
v -0.07741915 1.60247016 0.0898831
v 0.42596907 1.65758397 0.21196935
v 0.44142595 1.67222833 0.1898862
v 0.44007311 1.68057828 0.20956928
v 0.42847906 1.66905696 0.22514545
v 0.41724647 1.61769224 0.16615766
v 0.42254598 1.64038844 0.14300491
v 0.42744298 1.65116819 0.15441078
v 0.42041984 1.63220252 0.18282205
v 0.41048421 1.58677662 0.1306543
v 0.41794713 1.61874507 0.09863363
v 0.41981239 1.62734275 0.11057803
v 0.41379174 1.60189998 0.14802119
vn -0.03058 -0.99932 -0.02049
vn 0.2163 -0.72306 0.65605
vn 0.34362 -0.83938 0.42115
vn -0.4716 -0.83711 0.27721
vn 0.91265 0.37667 0.15871
vn 0.59284 -0.30077 -0.74704
vn 0.47153 -0.84483 0.25281
vn 0.13465 -0.77785 0.61386
vn -0.1645 -0.42061 -0.8922
vn -0.15917 -0.98679 0.03023
vn -0.35704 -0.68301 0.63719
vn -0.43157 -0.85889 -0.27577
vn -0.48366 -0.78159 0.39394
vn -0.9253 -0.17723 0.33527
vn 0.83447 -0.26283 -0.48434
vn 0.95563 0.00947 -0.29441
vn 0.97526 -0.00668 -0.22095
vt 0 1
usemtl mat4
f 2017/25/2376 2018/25/2376 2019/25/2376
f 2019/25/2377 2020/25/2377 2021/25/2377
f 2019/25/2378 2021/25/2378 2022/25/2378
f 2023/25/2379 2024/25/2379 2025/25/2379
f 2019/25/2380 2022/25/2380 2023/25/2380
f 2023/25/2381 2025/25/2381 2017/25/2381
f 2017/25/2382 2019/25/2382 2023/25/2382
f 2026/25/2383 2027/25/2383 2028/25/2383
f 2026/25/2384 2028/25/2384 2029/25/2384
f 2030/25/2385 2031/25/2385 2026/25/2385
f 2032/25/2386 2033/25/2386 2030/25/2386
f 2026/25/2387 2029/25/2387 2034/25/2387
f 2034/25/2388 2032/25/2388 2030/25/2388
f 2034/25/2389 2030/25/2389 2026/25/2389
f 2035/25/2390 2036/25/2390 2037/25/2390
f 2035/25/2390 2037/25/2390 2038/25/2390
f 2039/25/2391 2040/25/2391 2041/25/2391
f 2039/25/2391 2041/25/2391 2042/25/2391
f 2043/25/2392 2044/25/2392 2045/25/2392
f 2043/25/2392 2045/25/2392 2046/25/2392
# Vertices: 30, normals: 17, texture coordinates: 1, faces: 20

o obj15
v 0.00521519 2.22262081 0.07577158
v 0.00887491 2.16014661 0.08219845
v 0.02218517 2.17101024 0.0603538
v 0.01767575 2.20161292 0.06530299
v 0.01410547 2.22585207 0.06922359
v 0.02209387 2.18346897 0.07227584
v 0.01173895 2.1673077 0.10455365
v -0.01086036 2.16957169 0.06504957
v -0.00533166 2.225006 0.07198515
v -0.00777457 2.20050598 0.06891986
v -0.00851807 2.18213669 0.07662501
vn 0.82503 -0.55517 0.10544
vn 0.60203 -0.79746 -0.04026
vn -0.86884 0.36088 0.33893
vn -0.87664 0.04121 0.47938
vn -0.64423 -0.76374 0.04084
vn -0.35311 -0.93203 -0.08139
vn -0.35313 -0.93203 -0.08138
vn 0.70213 0.58409 0.40726
vn 0.78651 0.2775 0.55172
vn -0.79047 0.53802 -0.29273
vn 0.63268 0.7394 -0.2302
vt 0 1
usemtl mat26
f 2047/26/2393 2048/26/2393 2049/26/2393
f 2050/26/2394 2051/26/2394 2047/26/2394
f 2049/26/2394 2050/26/2394 2047/26/2394
f 2052/26/2395 2049/26/2395 2048/26/2395
f 2052/26/2396 2048/26/2396 2053/26/2396
f 2054/26/2397 2048/26/2397 2047/26/2397
f 2047/26/2398 2055/26/2398 2056/26/2398
f 2047/26/2399 2056/26/2399 2054/26/2399
f 2057/26/2400 2048/26/2400 2054/26/2400
f 2057/26/2401 2053/26/2401 2048/26/2401
f 2051/26/2402 2052/26/2402 2053/26/2402
f 2051/26/2402 2053/26/2402 2047/26/2402
f 2055/26/2403 2047/26/2403 2053/26/2403
f 2055/26/2403 2053/26/2403 2057/26/2403
# Vertices: 11, normals: 11, texture coordinates: 1, faces: 14

o obj16
v 0.21058424 1.01101583 0.11681856
v 0.23626562 1.00098325 0.13878058
v 0.27984867 1.00110996 0.09627457
v 0.25588908 0.99498127 0.06396694
v 0.24849137 1.00850953 0.07262057
v 0.47529886 1.81963276 0.39942181
v 0.47046703 1.80722805 0.38968925
v 0.51077611 1.84146237 0.34460617
v 0.51545884 1.85387259 0.35647228
v 0.48984454 1.83211939 0.38512021
v 0.14161793 1.00359947 0.10367413
v 0.13421279 0.9912973 0.10094984
v 0.151466 0.99705893 0.13125245
v -0.11057463 0.9991143 0.03727746
v -0.17138296 1.00304608 0.07292803
v -0.18799703 0.99104388 0.10160762
v -0.11048518 0.99104388 0.06617693
v -0.10417757 0.98725933 0.031609
v 0.53540093 1.87663036 0.31597315
v 0.54074704 1.8938593 0.31608682
v 0.53147474 1.87652605 0.33588918
v 0.32217766 0.80791826 -0.00271111
v 0.30386044 0.80555546 -0.04340404
v 0.29261297 0.89301598 -0.00979016
v 0.32610758 0.89662353 0.03467615
v 0.48501089 1.76887358 0.20288714
v 0.45108957 1.79428862 0.19465092
v 0.48421521 1.83073665 0.26161777
v 0.51405944 1.80354773 0.26563154
v 0.36373149 1.7343448 0.25306106
v 0.40325421 1.70751183 0.26733656
v 0.42725852 1.76844886 0.32719455
v 0.39933176 1.80395219 0.31735021
v 0.44379995 1.69722967 0.2682049
v 0.47591564 1.72969011 0.22606037
v 0.49595835 1.77016321 0.28590348
v 0.46019597 1.74803718 0.3252883
v 0.51693839 1.89451717 0.30987424
v 0.52228446 1.91174611 0.30998604
v 0.44683729 1.81690459 0.39181912
v 0.45056035 1.83349449 0.40106347
v 0.11128178 1.62702234 0.12365909
v 0.09727834 1.62285954 0.12823374
v 0.10524996 1.60490191 0.13775385
v 0.11970621 1.60518704 0.13215061
v 0.29871934 0.91822781 0.01579805
v -0.10403782 0.88727486 0.02787288
v -0.09861346 0.90753931 0.00183
v 0.43632024 1.84266616 0.3796381
v 0.45628658 1.85560381 0.39729007
v 0.55532813 1.89293877 0.42634608
v 0.53058967 1.87114826 0.4424794
v 0.47874799 1.84860106 0.44742669
v 0.4833655 1.87489363 0.44316326
v 0.51620419 1.8514371 0.44128121
v 0.50237778 1.83892257 0.445295
v 0.58359592 1.91374923 0.4062046
v 0.56993162 1.89423764 0.42209007
v 0.56078234 1.95480379 0.36184821
v 0.57924301 1.93691698 0.36794711
v 0.56997076 1.91958355 0.38775135
v 0.55864127 1.98045163 0.42346339
v 0.57196273 1.97129293 0.43199029
v 0.56477929 1.96078526 0.44650248
v 0.50037461 1.89893712 0.4620898
v 0.4953565 1.87501287 0.47183538
v 0.48742959 1.91060949 0.47662247
v 0.49357321 1.92520551 0.46222397
v 0.51725888 1.87039176 0.47451125
v 0.50264238 1.91363941 0.48872152
v 0.52889021 1.88603679 0.46795206
v 0.51335132 1.92398502 0.4819369
v 0.57075525 1.91477976 0.44451238
v 0.58229341 1.93100251 0.43072693
v 0.56175689 1.95601114 0.45290138
v 0.5557884 1.94148034 0.46496502
v 0.53719169 1.89706621 0.46380601
v 0.55789779 1.9158325 0.45028517
v 0.53620968 1.95945653 0.46488305
v 0.52264409 1.94260967 0.47818398
vn 0.19817 -0.20603 0.95827
vn 0.55249 0.53153 0.64205
vn 0.16626 -0.08688 0.98225
vn 0.7886 -0.29568 -0.53915
vn 0.78241 -0.27542 -0.55854
vn 0.76244 -0.25696 -0.59386
vn -0.19647 -0.58814 0.78453
vn -0.82415 -0.39138 0.40939
vn -0.06711 -0.25285 0.96518
vn 0.36038 -0.53001 0.7676
vn -0.05413 0.11843 0.99149
vn 0.64026 -0.76785 -0.02171
vn 0.86462 -0.15772 -0.47703
vn 0.93852 -0.18353 -0.29241
vn 0.87069 -0.16928 -0.46178
vn 0.8212 0.51662 0.24233
vn 0.57915 0.58749 0.56519
vn -0.6054 -0.69623 -0.38568
vn 0.76359 -0.23236 -0.60245
vn 0.25 0.96562 -0.07124
vn -0.17806 -0.84662 -0.50153
vn 0.22857 -0.84807 0.47805
vn 0.64755 0.46773 0.60159
vn 0.98205 -0.18856 -0.00568
vn -0.80423 -0.58329 0.11394
vn 0.66955 -0.03127 -0.74211
vn -0.86832 -0.42479 0.25608
vn 0.64296 0.04749 -0.76442
vn -0.34622 -0.50282 -0.79203
vn 0.72136 0.18469 -0.66748
vn 0.585 0.72913 0.35518
vn 0.80918 0.1238 -0.57436
vn 0.6929 0.26784 0.66944
vn 0.93649 -0.24784 -0.24812
vn -0.79295 0.5926 -0.14165
vn -0.36266 -0.87707 -0.31501
vn 0.57155 -0.81744 -0.07159
vn 0.79728 -0.6014 0.05163
vn 0.61875 -0.78558 -0.00383
vn 0.76074 -0.30319 -0.57389
vn -0.19936 -0.77052 -0.60543
vn -0.88777 -0.37013 0.27361
vn 0.74136 -0.41689 -0.52592
vn 0.87896 -0.30447 -0.36706
vt 0 1
usemtl mat2
f 2058/27/2404 2059/27/2404 2060/27/2404
f 2060/27/2405 2061/27/2405 2062/27/2405
f 2060/27/2406 2062/27/2406 2058/27/2406
f 2063/27/2407 2064/27/2407 2065/27/2407
f 2065/27/2408 2066/27/2408 2067/27/2408
f 2065/27/2409 2067/27/2409 2063/27/2409
f 2059/27/2410 2058/27/2410 2068/27/2410
f 2068/27/2411 2069/27/2411 2070/27/2411
f 2068/27/2412 2070/27/2412 2059/27/2412
f 2071/27/2413 2072/27/2413 2073/27/2413
f 2073/27/2414 2074/27/2414 2075/27/2414
f 2073/27/2415 2075/27/2415 2071/27/2415
f 2066/27/2416 2065/27/2416 2076/27/2416
f 2076/27/2417 2077/27/2417 2078/27/2417
f 2076/27/2418 2078/27/2418 2066/27/2418
f 2079/27/2419 2080/27/2419 2081/27/2419
f 2079/27/2419 2081/27/2419 2082/27/2419
f 2083/27/2420 2084/27/2420 2085/27/2420
f 2083/27/2420 2085/27/2420 2086/27/2420
f 2087/27/2421 2088/27/2421 2089/27/2421
f 2087/27/2421 2089/27/2421 2090/27/2421
f 2091/27/2422 2092/27/2422 2093/27/2422
f 2091/27/2422 2093/27/2422 2094/27/2422
f 2076/27/2423 2095/27/2423 2096/27/2423
f 2076/27/2423 2096/27/2423 2077/27/2423
f 2097/27/2424 2064/27/2424 2063/27/2424
f 2097/27/2424 2063/27/2424 2098/27/2424
f 2099/27/2425 2100/27/2425 2101/27/2425
f 2099/27/2425 2101/27/2425 2102/27/2425
f 2060/27/2426 2082/27/2426 2103/27/2426
f 2060/27/2426 2103/27/2426 2061/27/2426
f 2104/27/2427 2105/27/2427 2075/27/2427
f 2104/27/2427 2075/27/2427 2074/27/2427
f 2106/27/2428 2097/27/2428 2098/27/2428
f 2106/27/2428 2098/27/2428 2107/27/2428
f 2067/27/2429 2066/27/2429 2108/27/2429
f 2067/27/2429 2108/27/2429 2109/27/2429
f 2107/27/2430 2098/27/2430 2110/27/2430
f 2107/27/2430 2110/27/2430 2111/27/2430
f 2063/27/2431 2067/27/2431 2112/27/2431
f 2063/27/2431 2112/27/2431 2113/27/2431
f 2098/27/2432 2063/27/2432 2113/27/2432
f 2098/27/2432 2113/27/2432 2110/27/2432
f 2066/27/2433 2078/27/2433 2114/27/2433
f 2066/27/2433 2114/27/2433 2115/27/2433
f 2077/27/2434 2096/27/2434 2116/27/2434
f 2077/27/2434 2116/27/2434 2117/27/2434
f 2078/27/2435 2077/27/2435 2117/27/2435
f 2078/27/2435 2117/27/2435 2118/27/2435
f 2117/27/2436 2116/27/2436 2119/27/2436
f 2117/27/2436 2119/27/2436 2120/27/2436
f 2118/27/2437 2117/27/2437 2120/27/2437
f 2118/27/2437 2120/27/2437 2121/27/2437
f 2122/27/2438 2123/27/2438 2124/27/2438
f 2122/27/2438 2124/27/2438 2125/27/2438
f 2123/27/2439 2126/27/2439 2127/27/2439
f 2123/27/2439 2127/27/2439 2124/27/2439
f 2126/27/2440 2128/27/2440 2129/27/2440
f 2126/27/2440 2129/27/2440 2127/27/2440
f 2130/27/2441 2131/27/2441 2132/27/2441
f 2130/27/2441 2132/27/2441 2133/27/2441
f 2134/27/2442 2135/27/2442 2136/27/2442
f 2134/27/2442 2136/27/2442 2137/27/2442
f 2113/27/2443 2112/27/2443 2128/27/2443
f 2113/27/2443 2128/27/2443 2126/27/2443
f 2110/27/2444 2113/27/2444 2126/27/2444
f 2110/27/2444 2126/27/2444 2123/27/2444
f 2111/27/2445 2110/27/2445 2123/27/2445
f 2111/27/2445 2123/27/2445 2122/27/2445
f 2109/27/2446 2108/27/2446 2135/27/2446
f 2109/27/2446 2135/27/2446 2134/27/2446
f 2115/27/2447 2114/27/2447 2131/27/2447
f 2115/27/2447 2131/27/2447 2130/27/2447
# Vertices: 80, normals: 44, texture coordinates: 1, faces: 73

o obj17
v 0.24290118 0.89659936 0.12117518
v 0.32610758 0.89662353 0.03467615
v 0.27984867 1.00110996 0.09627457
v 0.23626562 1.00098325 0.13878058
v 0.40325421 1.70751183 0.26733656
v 0.44379995 1.69722967 0.2682049
v 0.46019597 1.74803718 0.3252883
v 0.42725852 1.76844886 0.32719455
v 0.42397151 1.84452587 0.29683603
v 0.45559339 1.86501397 0.34395211
v 0.44294091 1.96569532 0.37928589
v 0.42642561 1.96710952 0.36622535
v 0.151466 0.99705893 0.13125245
v 0.13709919 0.89128679 0.10154426
v -0.19734198 0.88727486 0.08174191
v -0.18799703 0.99104388 0.10160762
v -0.24324311 0.99104388 0.07603618
v -0.30459742 0.88727486 0.02787288
v -0.10021971 1.62074455 0.09753236
v -0.109369 1.61644011 0.11370854
v -0.09845507 1.60262485 0.11090599
v -0.08324228 1.6144425 0.0907999
v -0.11048518 0.99104388 0.06617693
v -0.10403782 0.88727486 0.02787288
v 0.45506791 1.76769414 0.35867297
v 0.49537512 1.80192845 0.31358987
v 0.51077611 1.84146237 0.34460617
v 0.47046703 1.80722805 0.38968925
vn 0.71069 -0.69837 -0.08485
vn -0.26187 -0.71252 -0.65096
vn -0.68046 -0.65099 -0.33643
vn -0.12768 -0.96859 -0.21336
vn -0.43465 -0.88911 -0.14338
vn 0.58624 -0.62352 0.51725
vn 0.44895 -0.85875 -0.24696
vn 0.7886 -0.29568 -0.53915
vt 0 1
usemtl mat1
f 2138/28/2448 2139/28/2448 2140/28/2448
f 2138/28/2448 2140/28/2448 2141/28/2448
f 2142/28/2449 2143/28/2449 2144/28/2449
f 2142/28/2449 2144/28/2449 2145/28/2449
f 2146/28/2450 2147/28/2450 2148/28/2450
f 2146/28/2450 2148/28/2450 2149/28/2450
f 2150/28/2451 2151/28/2451 2138/28/2451
f 2150/28/2451 2138/28/2451 2141/28/2451
f 2152/28/2452 2153/28/2452 2154/28/2452
f 2152/28/2452 2154/28/2452 2155/28/2452
f 2156/28/2453 2157/28/2453 2158/28/2453
f 2156/28/2453 2158/28/2453 2159/28/2453
f 2160/28/2454 2153/28/2454 2152/28/2454
f 2160/28/2454 2152/28/2454 2161/28/2454
f 2162/28/2455 2163/28/2455 2164/28/2455
f 2162/28/2455 2164/28/2455 2165/28/2455
# Vertices: 28, normals: 8, texture coordinates: 1, faces: 16

o obj18
v -0.02305259 2.15512477 0.12292491
v -0.04388167 2.17610672 0.10337598
v -0.04980542 2.1649058 0.10490583
v -0.04581775 2.15580486 0.10962024
vn -0.45451 -0.83829 0.30115
vt 0 1
usemtl mat6
f 2166/29/2456 2167/29/2456 2168/29/2456
f 2166/29/2456 2168/29/2456 2169/29/2456
# Vertices: 4, normals: 1, texture coordinates: 1, faces: 2

o obj19
v -0.43472798 2.95168361 -0.19222821
v -0.24382078 2.84563745 -0.0651965
v -0.2634722 2.96236651 -0.08102422
v -0.26824623 2.32475759 0.08092388
v -0.34505557 2.42084573 0.03773585
v -0.27098355 2.63462237 -0.20817517
v -0.31501756 2.62238169 -0.23010181
v -0.04581775 2.15580486 0.10962024
v -0.04980542 2.1649058 0.10490583
v -0.05017997 2.1564311 0.10653818
v -0.33461307 2.37179539 0.03105929
v -0.2759551 2.63683412 -0.21511821
vn -0.54543 -0.83787 0.02179
vn -0.87573 0.34914 -0.33348
vn 0.3628 -0.71095 0.60244
vn 0.34353 0.92842 0.14152
vn -0.61542 -0.12096 -0.77886
vn -0.59695 -0.72444 -0.34473
vn 0.95775 -0.28619 0.02863
vn 0.54642 -0.60083 0.58346
vn 0.92267 0.36615 0.1209
vn 0.46533 0.83441 0.29533
vt 0 1
usemtl mat9
f 2170/30/2457 2171/30/2457 2172/30/2457
f 2173/30/2458 2174/30/2458 2175/30/2458
f 2173/30/2458 2175/30/2458 2176/30/2458
f 2177/30/2459 2178/30/2459 2174/30/2459
f 2177/30/2459 2174/30/2459 2173/30/2459
f 2178/30/2460 2179/30/2460 2180/30/2460
f 2178/30/2460 2180/30/2460 2174/30/2460
f 2179/30/2461 2177/30/2461 2173/30/2461
f 2179/30/2461 2173/30/2461 2180/30/2461
f 2176/30/2462 2175/30/2462 2171/30/2462
f 2176/30/2462 2171/30/2462 2170/30/2462
f 2174/30/2463 2180/30/2463 2181/30/2463
f 2174/30/2463 2181/30/2463 2175/30/2463
f 2180/30/2464 2173/30/2464 2176/30/2464
f 2180/30/2464 2176/30/2464 2181/30/2464
f 2175/30/2465 2181/30/2465 2172/30/2465
f 2175/30/2465 2172/30/2465 2171/30/2465
f 2181/30/2466 2176/30/2466 2170/30/2466
f 2181/30/2466 2170/30/2466 2172/30/2466
# Vertices: 12, normals: 10, texture coordinates: 1, faces: 19

o obj20
v -0.0062 1.4308734 0.12666103
v 0.07226405 1.43184049 0.13037479
v 0.07911763 1.51756623 0.13475937
v -0.00251047 1.51528544 0.13046983
v -0.08391683 1.51220523 0.12337027
v -0.08615477 1.43139702 0.12634612
vn -0.04897 -0.99779 -0.04502
vn -0.04584 -0.99894 -0.0034
vt 0 1
usemtl mat27
f 2182/31/2467 2183/31/2467 2184/31/2467
f 2182/31/2467 2184/31/2467 2185/31/2467
f 2182/31/2468 2185/31/2468 2186/31/2468
f 2182/31/2468 2186/31/2468 2187/31/2468
# Vertices: 6, normals: 2, texture coordinates: 1, faces: 4

o obj21
v 0.31393877 1.94945439 -0.0286187
v 0.32273918 1.95192694 -0.04901447
v 0.21632796 1.90918614 0.15795025
v 0.17944392 1.92876243 0.15398144
v 0.19380193 1.93157705 0.12880947
v 0.11658118 1.89806623 0.17216643
v -0.04030733 1.88057739 0.19452496
v -0.04701254 1.89329396 0.15295643
v -0.20801536 1.89376841 0.12668475
v -0.07335958 1.89337129 0.14846557
v -0.08181704 1.88209957 0.18725602
v -0.18306187 1.88581231 0.16952859
v -0.19682014 1.88631688 0.16711896
v -0.22383108 1.8873075 0.16239007
v -0.36067824 1.89232596 0.13842742
v -0.34435429 1.89417021 0.10463266
v 0.22286295 1.90345134 0.13046776
v 0.46435894 1.70591402 0.09883038
v 0.51001886 1.77031677 -0.01851146
v -0.45103061 1.78114896 0.11164738
v -0.58688923 1.63721055 0.12058027
v -0.30039724 1.43059841 0.19925368
v -0.28865923 1.57623783 0.17464959
v -0.23734228 1.63388413 0.17148412
v -0.26204138 1.68938334 0.15695916
v -0.23621209 1.81183126 0.13861491
v -0.19394762 1.83326407 0.14112172
v -0.22739427 1.87588582 0.12705114
v 0.58683236 1.59277219 -0.00849119
v 0.5613242 1.34418354 0.07849297
v 0.63213971 1.48665563 -0.00290576
v -0.11911963 1.61998694 0.19122658
v -0.07649336 1.87465238 0.1513927
v -0.10409751 1.80400718 0.16005223
v -0.12116516 1.82827322 0.15305546
v -0.14740284 1.8284975 0.14904019
v -0.12629834 1.78772298 0.15964891
v -0.13034648 1.64829862 0.18437965
v -0.13469666 1.62755041 0.18749089
v -0.17086718 1.6451137 0.17881862
v -0.15156879 1.63574206 0.18344594
v -0.13918548 1.67900789 0.17745863
v -0.19574813 1.61878783 0.18037961
v -0.16846168 1.62576256 0.18295823
v -0.14197183 1.59300341 0.19279895
v -0.15978021 1.56930456 0.19450758
v -0.16693097 1.33434647 0.2359045
v -0.18121302 1.43364334 0.215912
v -0.23395771 1.3826842 0.21749819
v -0.61210378 1.41116517 0.24482622
v -0.6149059 1.38603362 0.25863851
v -0.59366863 1.3957299 0.25103696
v -0.57946339 1.41985245 0.23648142
v -0.56081032 1.39297442 0.24881436
v -0.54186503 1.39713071 0.24444507
v -0.58334436 1.43985848 0.2261739
v -0.2270911 1.59209223 0.18054577
v -0.25342669 1.55381634 0.18368555
v -0.26115607 1.44716736 0.20191435
v -0.24060203 1.42265566 0.20932138
v -0.21620757 1.45145849 0.20762708
v -0.19640523 1.55810623 0.19122042
v -0.21104501 1.66462136 0.16918632
v -0.2028348 1.66063512 0.17115541
v -0.17414125 1.69219695 0.16976479
v -0.16196399 1.77537127 0.1564915
v -0.18188305 1.8047727 0.14812983
v -0.2131615 1.78162421 0.14759712
v -0.22767895 1.70505555 0.15931617
v -0.1817928 1.88615054 0.1323986
v -0.18193004 1.8739901 0.13472866
v -0.12090011 1.87415127 0.14451638
v -0.17836375 1.85680873 0.13860982
v -0.10952255 1.88820169 0.14363936
v -0.09733861 1.84229823 0.15411582
v -0.60379129 1.48568223 0.20386819
v -0.53196645 1.47959435 0.19904151
v -0.39705095 1.46225683 0.1931459
v -0.35955417 1.40723094 0.21847231
v -0.43237756 1.40334426 0.22876823
v -0.41205512 1.41977918 0.21765041
v -0.43722784 1.44121312 0.20897636
v -0.52521055 1.45231764 0.21293004
v -0.54892877 1.43678295 0.22394682
v -0.52631833 1.41154887 0.2349495
v -0.74423108 1.49272741 0.16472253
v -0.74087026 1.47217182 0.17775528
v -0.69782296 1.45598481 0.1979541
v -0.65869468 1.438105 0.21759573
v -0.62477819 1.45028763 0.21905463
v -0.69999045 1.49750766 0.17426097
v -0.65422161 1.47652119 0.19784606
v -0.40797783 1.38106445 0.23798352
v 0.06063285 1.98484981 -0.15969402
v 0.12906616 1.99622605 -0.12737642
v 0.18532553 2.08229615 -0.16096249
v 0.04644388 2.05457746 -0.21793556
v 0.15565801 2.01746486 -0.060673
v 0.2477657 2.10147555 -0.04122897
v 0.11088578 2.01361886 -0.00349361
v 0.16850221 2.07456909 0.07197964
v 0.01894936 2.00821567 0.01048643
v -0.01898755 2.05295929 0.08686651
v -0.07233406 2.01495715 -0.01190812
v -0.13692115 2.10194349 0.05319816
v -0.11010683 2.0203317 -0.07055932
v -0.15720838 2.11862795 -0.05391792
v -0.01330705 2.00736552 -0.1343808
v -0.09958996 2.09527376 -0.17308708
v 0.30608591 2.02007154 -0.07290468
v 0.22499131 1.99095258 0.07130722
v 0.16251665 1.99507282 0.05675962
v 0.23506905 2.01996644 -0.0670059
v -0.1828151 2.02342388 0.06071233
v -0.23254761 2.03811912 -0.07594918
v -0.18764668 2.04758449 -0.07138482
v -0.14573847 2.02219238 0.04646211
v -0.02274287 2.018472 0.10093728
v -0.02149807 2.01775643 0.08114927
v -0.34332369 2.03119869 -0.21357597
v -0.13830703 2.04296218 -0.19006905
v 0.20436191 2.00542225 -0.20098203
v 0.17805021 2.0078822 -0.17895212
v 0.02549453 1.99238063 -0.26463694
v 0.02076784 1.99672711 -0.23409325
v 0.28362979 1.95256168 -0.26560646
v 0.01688948 1.93294535 -0.36538301
v -0.26076417 2.01576616 -0.28652232
v -0.37514751 2.01440967 -0.0739231
v -0.30610518 1.96892498 0.13717452
v -0.05826946 1.93972651 0.19931136
v 0.2260454 1.9720612 0.15863048
v 0.35052449 2.01689154 -0.06372177
v 0.26606041 1.89298696 -0.22749464
v 0.2338427 1.90424296 -0.22585818
v -0.42495342 1.93339418 -0.05217192
v -0.22313652 1.94923248 -0.24412833
v -0.2119069 1.95544852 -0.24169993
v -0.41673448 1.93134908 -0.06791663
v 0.02755397 1.87445479 -0.31533224
v 0.01504596 1.88775083 -0.30616135
v -0.65539554 1.41705854 0.23057775
v -0.62393521 1.40402418 0.24598633
vn -0.94833 0.27598 0.15656
vn -0.84152 0.22071 -0.49309
vn -0.78083 0.31761 -0.53799
vn -0.15516 0.96677 -0.20319
vn 0.49646 0.27902 -0.822
vn 0.28468 0.88502 -0.36836
vn 0.4445 0.20227 -0.87264
vn 0.34512 0.18407 -0.92033
vn 0.231 -0.39011 -0.89132
vn -0.2807 0.21387 0.93566
vn 0.91785 -0.28265 0.27866
vn 0.85718 -0.44003 0.26763
vn 0.87431 -0.39044 0.28833
vn 0.86163 -0.42751 0.27355
vn -0.17216 -0.97713 0.12484
vn -0.19778 -0.97234 0.12422
vn -0.20134 -0.97211 0.12028
vn -0.18658 -0.97457 0.12411
vn -0.18297 -0.97493 0.12662
vn -0.20942 -0.96953 0.1271
vn -0.22096 -0.96777 0.12084
vn -0.20634 -0.97018 0.12715
vn 0.93458 -0.32628 0.14178
vn 0.79404 -0.60114 0.09015
vn 0.9329 -0.33176 0.14014
vn -0.19141 -0.97405 0.12076
vn -0.19142 -0.97405 0.12076
vn -0.18393 -0.97484 0.12595
vn -0.18393 -0.97484 0.12596
vn -0.18961 -0.97425 0.12201
vn -0.17867 -0.97624 0.12264
vn -0.1813 -0.97598 0.12081
vn -0.18129 -0.97598 0.12081
vn -0.20682 -0.97042 0.12457
vn 0.15999 -0.95279 0.25807
vn 0.16 -0.95279 0.25807
vn -0.18145 -0.97592 0.12108
vn -0.18136 -0.97595 0.12098
vn -0.18537 -0.97521 0.12083
vn -0.18144 -0.97592 0.12108
vn -0.1914 -0.97406 0.12076
vn -0.19143 -0.97405 0.12076
vn -0.20619 -0.97061 0.12407
vn -0.20602 -0.9707 0.12372
vn -0.20665 -0.9705 0.12417
vn -0.20522 -0.97046 0.12684
vn -0.20658 -0.97056 0.12387
vn -0.1914 -0.97405 0.12076
vn -0.37859 -0.89153 0.24869
vn -0.33956 -0.90091 0.27028
vn -0.37135 -0.89754 0.23772
vn -0.40417 -0.8863 0.22608
vn -0.42244 -0.88373 0.20141
vn -0.68483 -0.69235 0.22729
vn -0.97964 -0.09609 0.17629
vn -0.89856 0.38901 0.20313
vn -0.40036 0.87601 0.26892
vn 0.46631 0.83811 0.28306
vn 0.93484 0.3158 0.16232
vn 0.9251 -0.31273 0.21537
vn 0.68449 -0.64593 0.338
vn 0.25808 0.01174 -0.96605
vn 0.57013 -0.04056 -0.82055
vn -0.05735 -0.69065 -0.72091
vn 0.53248 -0.49724 -0.68499
vn 0.29914 -0.67855 -0.67089
vn 0.17789 -0.56769 -0.80379
vn 0.07133 -0.93288 -0.35305
vn 0.32955 -0.70776 -0.62487
vn 0.01177 0.92697 0.37496
vn 0.10691 0.91981 0.37751
vn -0.73432 -0.15793 0.66017
vn -0.08942 -0.57474 0.81343
vn 0.13086 0.85731 0.4979
vn -0.65736 0.51706 0.5482
vn -0.32988 -0.68298 0.6517
vn -0.24121 -0.0175 0.97031
vn 0.10012 -0.85726 -0.50506
vn 0.79397 -0.56992 -0.21169
vn 0.39184 0.24639 -0.88643
vn -0.20022 -0.95984 -0.19652
vn 0.24305 -0.96474 -0.101
vn -0.5835 -0.23214 -0.77823
vn -0.38177 -0.89186 0.24255
vt 0 1
usemtl mat12
f 2188/32/2469 2189/32/2469 2190/32/2469
f 2190/32/2470 2191/32/2470 2192/32/2470
f 2190/32/2471 2192/32/2471 2188/32/2471
f 2191/32/2472 2190/32/2472 2193/32/2472
f 2193/32/2473 2194/32/2473 2195/32/2473
f 2193/32/2474 2195/32/2474 2191/32/2474
f 2196/32/2475 2197/32/2475 2198/32/2475
f 2198/32/2476 2199/32/2476 2200/32/2476
f 2201/32/2477 2202/32/2477 2203/32/2477
f 2198/32/2478 2200/32/2478 2201/32/2478
f 2203/32/2475 2196/32/2475 2198/32/2475
f 2198/32/2477 2201/32/2477 2203/32/2477
f 2192/32/2479 2191/32/2479 2204/32/2479
f 2204/32/2480 2205/32/2480 2206/32/2480
f 2206/32/2481 2188/32/2481 2192/32/2481
f 2192/32/2482 2204/32/2482 2206/32/2482
f 2207/32/2483 2208/32/2483 2209/32/2483
f 2210/32/2484 2211/32/2484 2212/32/2484
f 2207/32/2485 2209/32/2485 2210/32/2485
f 2210/32/2486 2212/32/2486 2207/32/2486
f 2203/32/2487 2207/32/2487 2212/32/2487
f 2213/32/2488 2214/32/2488 2215/32/2488
f 2203/32/2489 2212/32/2489 2213/32/2489
f 2213/32/2490 2215/32/2490 2203/32/2490
f 2216/32/2491 2206/32/2491 2205/32/2491
f 2205/32/2492 2217/32/2492 2218/32/2492
f 2205/32/2493 2218/32/2493 2216/32/2493
f 2219/32/2494 2220/32/2494 2221/32/2494
f 2221/32/2494 2222/32/2494 2223/32/2494
f 2221/32/2494 2223/32/2494 2224/32/2494
f 2225/32/2494 2226/32/2494 2219/32/2494
f 2227/32/2494 2228/32/2494 2225/32/2494
f 2221/32/2494 2224/32/2494 2229/32/2494
f 2229/32/2494 2227/32/2494 2225/32/2494
f 2225/32/2494 2219/32/2494 2221/32/2494
f 2221/32/2495 2229/32/2495 2225/32/2495
f 2228/32/2496 2227/32/2496 2230/32/2496
f 2231/32/2497 2228/32/2497 2230/32/2497
f 2219/32/2498 2226/32/2498 2232/32/2498
f 2232/32/2499 2231/32/2499 2230/32/2499
f 2232/32/2500 2230/32/2500 2233/32/2500
f 2234/32/2500 2219/32/2500 2232/32/2500
f 2235/32/2501 2236/32/2501 2234/32/2501
f 2232/32/2501 2233/32/2501 2235/32/2501
f 2235/32/2501 2234/32/2501 2232/32/2501
f 2203/32/2502 2215/32/2502 2196/32/2502
f 2237/32/2503 2238/32/2503 2239/32/2503
f 2240/32/2504 2241/32/2504 2242/32/2504
f 2237/32/2503 2239/32/2503 2240/32/2503
f 2240/32/2503 2242/32/2503 2243/32/2503
f 2240/32/2504 2243/32/2504 2237/32/2504
f 2244/32/2505 2245/32/2505 2246/32/2505
f 2246/32/2506 2247/32/2506 2248/32/2506
f 2248/32/2507 2249/32/2507 2244/32/2507
f 2246/32/2508 2248/32/2508 2244/32/2508
f 2250/32/2494 2251/32/2494 2252/32/2494
f 2252/32/2509 2253/32/2509 2254/32/2509
f 2254/32/2510 2255/32/2510 2256/32/2510
f 2256/32/2494 2250/32/2494 2252/32/2494
f 2252/32/2494 2254/32/2494 2256/32/2494
f 2257/32/2511 2258/32/2511 2259/32/2511
f 2259/32/2512 2258/32/2512 2260/32/2512
f 2261/32/2513 2197/32/2513 2196/32/2513
f 2196/32/2514 2257/32/2514 2259/32/2514
f 2261/32/2515 2196/32/2515 2259/32/2515
f 2220/32/2494 2223/32/2494 2222/32/2494
f 2262/32/2510 2221/32/2510 2220/32/2510
f 2222/32/2516 2262/32/2516 2220/32/2516
f 2208/32/2503 2263/32/2503 2243/32/2503
f 2208/32/2504 2243/32/2504 2264/32/2504
f 2265/32/2503 2266/32/2503 2209/32/2503
f 2208/32/2504 2264/32/2504 2265/32/2504
f 2265/32/2504 2209/32/2504 2208/32/2504
f 2267/32/2503 2268/32/2503 2269/32/2503
f 2269/32/2504 2270/32/2504 2271/32/2504
f 2271/32/2504 2272/32/2504 2267/32/2504
f 2269/32/2504 2271/32/2504 2267/32/2504
f 2273/32/2517 2274/32/2517 2275/32/2517
f 2273/32/2518 2275/32/2518 2276/32/2518
f 2276/32/2519 2277/32/2519 2278/32/2519
f 2276/32/2520 2278/32/2520 2273/32/2520
f 2279/32/2521 2278/32/2521 2277/32/2521
f 2280/32/2504 2242/32/2504 2241/32/2504
f 2241/32/2503 2239/32/2503 2238/32/2503
f 2236/32/2503 2209/32/2503 2266/32/2503
f 2280/32/2504 2241/32/2504 2238/32/2504
f 2236/32/2504 2266/32/2504 2280/32/2504
f 2280/32/2504 2238/32/2504 2234/32/2504
f 2234/32/2504 2236/32/2504 2280/32/2504
f 2281/32/2522 2282/32/2522 2283/32/2522
f 2281/32/2522 2283/32/2522 2284/32/2522
f 2282/32/2523 2285/32/2523 2286/32/2523
f 2282/32/2523 2286/32/2523 2283/32/2523
f 2285/32/2524 2287/32/2524 2288/32/2524
f 2285/32/2524 2288/32/2524 2286/32/2524
f 2287/32/2525 2289/32/2525 2290/32/2525
f 2287/32/2525 2290/32/2525 2288/32/2525
f 2289/32/2526 2291/32/2526 2292/32/2526
f 2289/32/2526 2292/32/2526 2290/32/2526
f 2291/32/2527 2293/32/2527 2294/32/2527
f 2291/32/2527 2294/32/2527 2292/32/2527
f 2293/32/2528 2295/32/2528 2296/32/2528
f 2293/32/2528 2296/32/2528 2294/32/2528
f 2295/32/2529 2281/32/2529 2284/32/2529
f 2295/32/2529 2284/32/2529 2296/32/2529
f 2297/32/2530 2298/32/2530 2299/32/2530
f 2297/32/2530 2299/32/2530 2300/32/2530
f 2301/32/2531 2302/32/2531 2303/32/2531
f 2301/32/2531 2303/32/2531 2304/32/2531
f 2298/32/2532 2305/32/2532 2306/32/2532
f 2298/32/2532 2306/32/2532 2299/32/2532
f 2302/32/2533 2307/32/2533 2308/32/2533
f 2302/32/2533 2308/32/2533 2303/32/2533
f 2309/32/2534 2297/32/2534 2300/32/2534
f 2309/32/2534 2300/32/2534 2310/32/2534
f 2305/32/2535 2301/32/2535 2304/32/2535
f 2305/32/2535 2304/32/2535 2306/32/2535
f 2307/32/2536 2311/32/2536 2312/32/2536
f 2307/32/2536 2312/32/2536 2308/32/2536
f 2311/32/2537 2309/32/2537 2310/32/2537
f 2311/32/2537 2310/32/2537 2312/32/2537
f 2312/32/2538 2310/32/2538 2313/32/2538
f 2312/32/2538 2313/32/2538 2314/32/2538
f 2308/32/2539 2312/32/2539 2314/32/2539
f 2308/32/2539 2314/32/2539 2315/32/2539
f 2304/32/2540 2303/32/2540 2316/32/2540
f 2304/32/2540 2316/32/2540 2317/32/2540
f 2299/32/2541 2306/32/2541 2318/32/2541
f 2299/32/2541 2318/32/2541 2319/32/2541
f 2310/32/2542 2300/32/2542 2320/32/2542
f 2310/32/2542 2320/32/2542 2313/32/2542
f 2303/32/2543 2308/32/2543 2315/32/2543
f 2303/32/2543 2315/32/2543 2316/32/2543
f 2306/32/2544 2304/32/2544 2317/32/2544
f 2306/32/2544 2317/32/2544 2318/32/2544
f 2300/32/2545 2299/32/2545 2319/32/2545
f 2300/32/2545 2319/32/2545 2320/32/2545
f 2321/32/2546 2189/32/2546 2188/32/2546
f 2321/32/2546 2188/32/2546 2322/32/2546
f 2323/32/2547 2324/32/2547 2325/32/2547
f 2323/32/2547 2325/32/2547 2326/32/2547
f 2194/32/2548 2198/32/2548 2197/32/2548
f 2194/32/2548 2197/32/2548 2195/32/2548
f 2327/32/2549 2321/32/2549 2322/32/2549
f 2327/32/2549 2322/32/2549 2328/32/2549
f 2324/32/2550 2327/32/2550 2328/32/2550
f 2324/32/2550 2328/32/2550 2325/32/2550
f 2202/32/2551 2323/32/2551 2326/32/2551
f 2202/32/2551 2326/32/2551 2203/32/2551
f 2329/32/2552 2238/32/2552 2237/32/2552
f 2329/32/2552 2237/32/2552 2330/32/2552
# Vertices: 143, normals: 84, texture coordinates: 1, faces: 151

o obj22
v -0.11824899 1.28939629 0.2537777
v -0.04701254 1.89329396 0.15295643
v -0.07335958 1.89337129 0.14846557
v -0.07649336 1.87465238 0.1513927
v -0.11911963 1.61998694 0.19122658
v -0.16693097 1.33434647 0.2359045
v -0.17004083 1.29305753 0.26110834
v -1.09295321 1.52074072 0.08841625
v -0.61608963 1.33765319 0.27087784
v -0.6149059 1.38603362 0.25863851
v -0.73554012 1.43044356 0.19440652
v -0.81778179 1.46310395 0.16299503
v -0.98483083 1.53758471 0.08325565
v -0.13469666 1.62755041 0.18749089
v -0.13034648 1.64829862 0.18437965
v -0.15156879 1.63574206 0.18344594
v -0.10409751 1.80400718 0.16005223
v -0.09733861 1.84229823 0.15411582
v -0.12116516 1.82827322 0.15305546
v 0.53846764 1.67665682 -0.14073085
v 0.58683236 1.59277219 -0.00849119
v 0.63213971 1.48665563 -0.00290576
v 0.53125241 1.6382608 -0.12636713
v 0.02892607 1.14389332 -0.41124305
v 0.02954053 1.06932517 -0.41589124
v -0.68384554 1.28881229 -0.1494366
v -0.15407404 1.08219903 -0.36057315
v -0.30094368 1.01918951 -0.32201238
v -0.69902885 1.23807331 -0.15534862
v 0.46435894 1.70591402 0.09883038
v 0.22286295 1.90345134 0.13046776
v 0.17944392 1.92876243 0.15398144
v 0.45424659 1.69165013 0.1248186
v 0.5613242 1.34418354 0.07849297
v 0.54115986 1.30362077 0.10166775
v -0.16846168 1.62576256 0.18295823
v -0.14197183 1.59300341 0.19279895
vn -0.21757 -0.96848 0.12128
vn 0.99228 -0.12403 0
vn -0.24892 -0.96103 0.12022
vn 0.26007 -0.92497 0.27712
vn -0.24892 -0.96103 0.12022
vn -0.37295 -0.91792 0.13541
vn 0.12768 -0.61479 0.77828
vn -0.20198 -0.90525 0.37379
vn -0.24721 -0.93255 0.26312
vn -0.19141 -0.97405 0.12076
vn 0.12501 -0.96918 0.21229
vn 0.94388 0.32739 0.04368
vn 0.68968 0.72128 -0.06392
vn -0.47144 0.88176 -0.0159
vn -0.43935 0.8971 -0.04675
vn -0.43176 0.89872 0.07672
vn 0.88727 -0.37141 0.2735
vn 0.88905 -0.44961 0.08627
vn -0.18181 -0.97563 0.12281
vt 0 1
usemtl mat13
f 2331/33/2553 2332/33/2553 2333/33/2553
f 2334/33/2554 2335/33/2554 2336/33/2554
f 2331/33/2555 2333/33/2555 2334/33/2555
f 2336/33/2556 2337/33/2556 2331/33/2556
f 2334/33/2557 2336/33/2557 2331/33/2557
f 2338/33/2558 2339/33/2558 2340/33/2558
f 2338/33/2559 2340/33/2559 2341/33/2559
f 2342/33/2560 2343/33/2560 2338/33/2560
f 2341/33/2561 2342/33/2561 2338/33/2561
f 2344/33/2562 2345/33/2562 2346/33/2562
f 2347/33/2562 2348/33/2562 2349/33/2562
f 2337/33/2563 2336/33/2563 2340/33/2563
f 2337/33/2563 2340/33/2563 2339/33/2563
f 2350/33/2564 2351/33/2564 2352/33/2564
f 2350/33/2564 2352/33/2564 2353/33/2564
f 2354/33/2565 2350/33/2565 2353/33/2565
f 2354/33/2565 2353/33/2565 2355/33/2565
f 2356/33/2566 2357/33/2566 2358/33/2566
f 2356/33/2566 2358/33/2566 2359/33/2566
f 2357/33/2567 2354/33/2567 2355/33/2567
f 2357/33/2567 2355/33/2567 2358/33/2567
f 2343/33/2568 2356/33/2568 2359/33/2568
f 2343/33/2568 2359/33/2568 2338/33/2568
f 2360/33/2569 2361/33/2569 2362/33/2569
f 2360/33/2569 2362/33/2569 2363/33/2569
f 2364/33/2570 2360/33/2570 2363/33/2570
f 2364/33/2570 2363/33/2570 2365/33/2570
f 2346/33/2571 2366/33/2571 2367/33/2571
f 2346/33/2571 2367/33/2571 2344/33/2571
# Vertices: 37, normals: 19, texture coordinates: 1, faces: 29

o obj23
v -0.04636115 1.90051607 0.19613906
v -0.05826946 1.93972651 0.19931136
v -0.30610518 1.96892498 0.13717452
v -0.36067824 1.89232596 0.13842742
v -0.1992323 1.89186736 0.16739607
v -0.19918552 1.89171789 0.16742485
v -0.09463617 1.89132407 0.18619892
v 0.21632796 1.90918614 0.15795025
v 0.2260454 1.9720612 0.15863048
v 0.11658118 1.89806623 0.17216643
v -0.45103061 1.78114896 0.11164738
v -0.34435429 1.89417021 0.10463266
v -0.41673448 1.93134908 -0.06791663
v -0.55488405 1.59902982 -0.11007996
v -0.58688923 1.63721055 0.12058027
v 0.53846764 1.67665682 -0.14073085
v 0.2338427 1.90424296 -0.22585818
v 0.31393877 1.94945439 -0.0286187
v 0.51001886 1.77031677 -0.01851146
v 0.58683236 1.59277219 -0.00849119
v -0.2119069 1.95544852 -0.24169993
v -0.15407404 1.08219903 -0.36057315
v -0.20595125 1.17696036 -0.36748051
v -0.18306187 1.88581231 0.16952859
v -0.19746495 1.88778846 0.16720289
v -0.19682014 1.88631688 0.16711896
v -0.22571719 1.89166414 0.16264111
v -0.22383108 1.8873075 0.16239007
v -0.68384554 1.28881229 -0.1494366
v -0.98483083 1.53758471 0.08325565
v -0.92494717 1.54363259 0.09286985
v -0.88314533 1.54785505 0.09957924
v -0.83272957 1.55294702 0.10767327
v -0.81778179 1.46310395 0.16299503
v -0.82278861 1.49318755 0.14447097
v -0.87604053 1.51837111 0.11821636
v -0.83162326 1.51567218 0.13101035
v -0.79937757 1.52739029 0.13078846
v -0.81111937 1.56035407 0.10880754
v -0.78887843 1.55013956 0.1202783
v -0.76652187 1.50393196 0.15574267
v -0.71870753 1.5227249 0.15323763
v -0.60379129 1.48568223 0.20386819
v -0.8072435 1.47711326 0.15763149
v -0.78172034 1.48964313 0.15691585
v -0.78262679 1.46828843 0.1689341
v -0.76143281 1.46478514 0.17631875
v -0.65539554 1.41705854 0.23057775
v -0.6149059 1.38603362 0.25863851
v 0.02549453 1.99238063 -0.26463694
v 0.04644388 2.05457746 -0.21793556
v 0.18532553 2.08229615 -0.16096249
v 0.20436191 2.00542225 -0.20098203
v 0.2477657 2.10147555 -0.04122897
v 0.30608591 2.02007154 -0.07290468
v 0.16850221 2.07456909 0.07197964
v 0.22499131 1.99095258 0.07130722
v -0.01898755 2.05295929 0.08686651
v -0.02274287 2.018472 0.10093728
v -0.13692115 2.10194349 0.05319816
v -0.1828151 2.02342388 0.06071233
v -0.15720838 2.11862795 -0.05391792
v -0.23254761 2.03811912 -0.07594918
v -0.09958996 2.09527376 -0.17308708
v -0.34332369 2.03119869 -0.21357597
v -0.37514751 2.01440967 -0.0739231
v -0.26076417 2.01576616 -0.28652232
v -0.22313652 1.94923248 -0.24412833
v -0.42495342 1.93339418 -0.05217192
v 0.35052449 2.01689154 -0.06372177
v 0.32273918 1.95192694 -0.04901447
v 0.01688948 1.93294535 -0.36538301
v 0.28362979 1.95256168 -0.26560646
v 0.26606041 1.89298696 -0.22749464
v 0.02755397 1.87445479 -0.31533224
v 0.01504596 1.88775083 -0.30616135
v 0.02892607 1.14389332 -0.41124305
vn -0.29197 -0.9564 0.00759
vn -0.22342 -0.96889 0.10646
vn -0.25571 -0.96399 0.07309
vn 0.25866 -0.96426 0.05741
vn 0.25843 -0.96438 0.0565
vn -0.93503 -0.29287 0.19989
vn -0.98444 0.16286 0.06599
vn 0.79114 0.57735 0.20189
vn -0.0445 0.99539 -0.08497
vn 0.9779 0.06318 0.19929
vn -0.80342 0.59408 0.03986
vn 0.46679 0.88436 -0.00305
vn -0.65198 0.7579 -0.02273
vn -0.18295 -0.98295 0.01814
vn -0.18295 -0.98295 0.01816
vn -0.18295 -0.98295 0.01815
vn -0.18303 -0.98294 0.01831
vn -0.61465 0.78854 0.02036
vn -0.63314 0.29546 0.71543
vn -0.3427 -0.90604 0.2483
vn -0.34764 -0.90026 0.26206
vn -0.38178 -0.89186 0.24255
vn -0.34304 -0.8968 0.27941
vn -0.38643 -0.88999 0.24205
vn -0.37651 -0.89464 0.24053
vn -0.43366 -0.87432 0.21793
vn -0.38493 -0.891 0.24071
vn 0.0004 -0.99477 0.10216
vn -0.50031 -0.84449 0.1911
vn -0.35378 -0.89812 0.26119
vn -0.38493 -0.891 0.24071
vn 0.25802 0.95928 0.11488
vn 0.78469 0.60302 0.14364
vn 0.91453 -0.37158 0.15988
vn 0.18533 -0.97514 0.12143
vn -0.28711 -0.94607 0.15006
vn -0.97217 -0.18163 0.14795
vn -0.90303 0.24226 0.35475
vn -0.19815 0.96732 0.15818
vn -0.90029 0.42388 -0.09899
vn 0.95152 -0.30736 -0.01193
vn 0.58886 0.7634 -0.26544
vn -0.66076 0.67198 -0.33443
vn -0.9569 -0.24751 0.15192
vn 0.99184 0.09544 -0.08451
vn -0.42184 0.90617 -0.02994
vn 0.41078 0.91168 -0.01046
vn -0.55663 0.83048 -0.0215
vn -0.77756 0.50652 0.37262
vt 0 1
usemtl mat14
f 2368/34/2572 2369/34/2572 2370/34/2572
f 2370/34/2573 2371/34/2573 2372/34/2573
f 2372/34/2573 2373/34/2573 2374/34/2573
f 2374/34/2574 2368/34/2574 2370/34/2574
f 2370/34/2573 2372/34/2573 2374/34/2573
f 2375/34/2575 2376/34/2575 2369/34/2575
f 2369/34/2576 2368/34/2576 2377/34/2576
f 2369/34/2576 2377/34/2576 2375/34/2576
f 2378/34/2577 2379/34/2577 2380/34/2577
f 2380/34/2578 2381/34/2578 2382/34/2578
f 2380/34/2577 2382/34/2577 2378/34/2577
f 2383/34/2579 2384/34/2579 2385/34/2579
f 2385/34/2580 2386/34/2580 2387/34/2580
f 2385/34/2581 2387/34/2581 2383/34/2581
f 2381/34/2582 2380/34/2582 2388/34/2582
f 2388/34/2583 2389/34/2583 2390/34/2583
f 2388/34/2584 2390/34/2584 2381/34/2584
f 2391/34/2585 2392/34/2585 2393/34/2585
f 2373/34/2573 2372/34/2573 2371/34/2573
f 2394/34/2586 2392/34/2586 2373/34/2586
f 2371/34/2587 2395/34/2587 2394/34/2587
f 2373/34/2588 2371/34/2588 2394/34/2588
f 2381/34/2589 2396/34/2589 2397/34/2589
f 2381/34/2590 2397/34/2590 2398/34/2590
f 2399/34/2590 2400/34/2590 2381/34/2590
f 2381/34/2590 2398/34/2590 2399/34/2590
f 2397/34/2591 2401/34/2591 2402/34/2591
f 2403/34/2591 2398/34/2591 2397/34/2591
f 2402/34/2591 2403/34/2591 2397/34/2591
f 2400/34/2592 2404/34/2592 2405/34/2592
f 2382/34/2593 2406/34/2593 2407/34/2593
f 2407/34/2594 2408/34/2594 2409/34/2594
f 2409/34/2595 2410/34/2595 2382/34/2595
f 2407/34/2596 2409/34/2596 2382/34/2596
f 2408/34/2597 2402/34/2597 2411/34/2597
f 2412/34/2598 2413/34/2598 2414/34/2598
f 2408/34/2599 2411/34/2599 2412/34/2599
f 2408/34/2600 2412/34/2600 2414/34/2600
f 2399/34/2601 2404/34/2601 2400/34/2601
f 2415/34/2602 2414/34/2602 2413/34/2602
f 2411/34/2602 2402/34/2602 2401/34/2602
f 2415/34/2602 2413/34/2602 2411/34/2602
f 2401/34/2602 2416/34/2602 2415/34/2602
f 2411/34/2602 2401/34/2602 2415/34/2602
f 2417/34/2603 2418/34/2603 2419/34/2603
f 2417/34/2603 2419/34/2603 2420/34/2603
f 2420/34/2604 2419/34/2604 2421/34/2604
f 2420/34/2604 2421/34/2604 2422/34/2604
f 2422/34/2605 2421/34/2605 2423/34/2605
f 2422/34/2605 2423/34/2605 2424/34/2605
f 2424/34/2606 2423/34/2606 2425/34/2606
f 2424/34/2606 2425/34/2606 2426/34/2606
f 2426/34/2607 2425/34/2607 2427/34/2607
f 2426/34/2607 2427/34/2607 2428/34/2607
f 2428/34/2608 2427/34/2608 2429/34/2608
f 2428/34/2608 2429/34/2608 2430/34/2608
f 2430/34/2609 2429/34/2609 2431/34/2609
f 2430/34/2609 2431/34/2609 2432/34/2609
f 2418/34/2610 2417/34/2610 2432/34/2610
f 2418/34/2610 2432/34/2610 2431/34/2610
f 2433/34/2611 2434/34/2611 2435/34/2611
f 2433/34/2611 2435/34/2611 2436/34/2611
f 2437/34/2612 2376/34/2612 2375/34/2612
f 2437/34/2612 2375/34/2612 2438/34/2612
f 2439/34/2613 2440/34/2613 2441/34/2613
f 2439/34/2613 2441/34/2613 2442/34/2613
f 2434/34/2614 2439/34/2614 2442/34/2614
f 2434/34/2614 2442/34/2614 2435/34/2614
f 2370/34/2615 2433/34/2615 2436/34/2615
f 2370/34/2615 2436/34/2615 2371/34/2615
f 2440/34/2616 2437/34/2616 2438/34/2616
f 2440/34/2616 2438/34/2616 2441/34/2616
f 2388/34/2617 2443/34/2617 2444/34/2617
f 2388/34/2617 2444/34/2617 2389/34/2617
f 2443/34/2618 2384/34/2618 2383/34/2618
f 2443/34/2618 2383/34/2618 2444/34/2618
f 2381/34/2619 2390/34/2619 2389/34/2619
f 2381/34/2619 2389/34/2619 2396/34/2619
f 2400/34/2620 2406/34/2620 2382/34/2620
f 2400/34/2620 2382/34/2620 2381/34/2620
f 2393/34/2587 2392/34/2587 2394/34/2587
f 2393/34/2587 2394/34/2587 2395/34/2587
# Vertices: 77, normals: 49, texture coordinates: 1, faces: 82

o obj24
v -0.18306187 1.88581231 0.16952859
v -0.08181704 1.88209957 0.18725602
v -0.08137532 1.89127392 0.18858073
v -0.09463617 1.89132407 0.18619892
v -0.19918552 1.89171789 0.16742485
v -0.19746495 1.88778846 0.16720289
v -0.2028348 1.66063512 0.17115541
v -0.17086718 1.6451137 0.17881862
v -0.13918548 1.67900789 0.17745863
v -0.12629834 1.78772298 0.15964891
v -0.14740284 1.8284975 0.14904019
v -0.19394762 1.83326407 0.14112172
v -0.23621209 1.81183126 0.13861491
v -0.26204138 1.68938334 0.15695916
v -0.21104501 1.66462136 0.16918632
v -0.22767895 1.70505555 0.15931617
v -0.2131615 1.78162421 0.14759712
v -0.17414125 1.69219695 0.16976479
v -0.16196399 1.77537127 0.1564915
v -0.18188305 1.8047727 0.14812983
v -0.23734228 1.63388413 0.17148412
v -0.28865923 1.57623783 0.17464959
v -0.25342669 1.55381634 0.18368555
v -0.2270911 1.59209223 0.18054577
v -0.19574813 1.61878783 0.18037961
v -0.18121302 1.43364334 0.215912
v -0.15978021 1.56930456 0.19450758
v -0.19640523 1.55810623 0.19122042
v -0.21620757 1.45145849 0.20762708
v -0.23395771 1.3826842 0.21749819
v -0.24060203 1.42265566 0.20932138
v -0.30039724 1.43059841 0.19925368
v -0.26115607 1.44716736 0.20191435
v -0.07649336 1.87465238 0.1513927
v -0.12090011 1.87415127 0.14451638
v -0.17836375 1.85680873 0.13860982
v -0.22739427 1.87588582 0.12705114
v -0.18193004 1.8739901 0.13472866
v -0.04636115 1.90051607 0.19613906
v -0.04030733 1.88057739 0.19452496
v 0.11658118 1.89806623 0.17216643
v -0.81111937 1.56035407 0.10880754
v -0.83272957 1.55294702 0.10767327
v -0.79937757 1.52739029 0.13078846
v -0.76652187 1.50393196 0.15574267
v -0.78887843 1.55013956 0.1202783
v -0.61210378 1.41116517 0.24482622
v -0.58334436 1.43985848 0.2261739
v -0.60933671 1.43595992 0.23119709
v -0.41205512 1.41977918 0.21765041
v -0.35955417 1.40723094 0.21847231
v -0.39705095 1.46225683 0.1931459
v -0.53196645 1.47959435 0.19904151
v -0.54892877 1.43678295 0.22394682
v -0.52521055 1.45231764 0.21293004
v -0.43722784 1.44121312 0.20897636
v -0.60379129 1.48568223 0.20386819
v -0.74423108 1.49272741 0.16472253
v -0.76143281 1.46478514 0.17631875
v -0.65539554 1.41705854 0.23057775
v -0.69782296 1.45598481 0.1979541
v -0.74087026 1.47217182 0.17775528
v -0.62477819 1.45028763 0.21905463
v -0.65869468 1.438105 0.21759573
v -0.71870753 1.5227249 0.15323763
v -0.65422161 1.47652119 0.19784606
v -0.52631833 1.41154887 0.2349495
v -0.54186503 1.39713071 0.24444507
v -0.40797783 1.38106445 0.23798352
v -0.43237756 1.40334426 0.22876823
v -0.69999045 1.49750766 0.17426097
v -0.88314533 1.54785505 0.09957924
v -0.92494717 1.54363259 0.09286985
v -0.87604053 1.51837111 0.11821636
v -0.82278861 1.49318755 0.14447097
v -0.83162326 1.51567218 0.13101035
v -0.8072435 1.47711326 0.15763149
v -0.78262679 1.46828843 0.1689341
v -0.78172034 1.48964313 0.15691585
v -0.59366863 1.3957299 0.25103696
v -0.56081032 1.39297442 0.24881436
v -0.57946339 1.41985245 0.23648142
v -0.20801536 1.89376841 0.12668475
v -0.1817928 1.88615054 0.1323986
v -0.07335958 1.89337129 0.14846557
v -0.10952255 1.88820169 0.14363936
v -0.62393521 1.40402418 0.24598633
vn -0.18295 -0.98295 0.01815
vn -0.41835 -0.66477 0.61892
vn -0.18295 -0.98295 0.01816
vn -0.19141 -0.97405 0.12076
vn -0.19142 -0.97405 0.12076
vn -0.19141 -0.97405 0.12075
vn -0.19142 -0.97405 0.12075
vn -0.18297 -0.97493 0.12662
vn -0.17719 -0.9767 0.12106
vn -0.18144 -0.97592 0.12108
vn -0.18393 -0.97484 0.12595
vn -0.1813 -0.97598 0.12081
vn -0.18183 -0.97588 0.12083
vn -0.18628 -0.97507 0.12056
vn -0.18117 -0.97532 0.1262
vn -0.18693 -0.97496 0.12045
vn -0.18691 -0.97497 0.12045
vn -0.18174 -0.97589 0.12089
vn -0.18057 -0.97611 0.12087
vn -0.17751 -0.97666 0.1209
vn -0.18235 -0.97579 0.12072
vn -0.18145 -0.97592 0.12108
vn -0.18105 -0.97601 0.12091
vn -0.20032 -0.97195 0.12322
vn -0.19963 -0.97125 0.12967
vn -0.20602 -0.9707 0.12372
vn -0.19159 -0.97298 0.12883
vn -0.20601 -0.9707 0.12372
vn 0.25843 -0.96438 0.0565
vn -0.38177 -0.89186 0.24255
vn -0.46933 -0.84969 0.24031
vn -0.38178 -0.89186 0.24255
vn 0.15999 -0.95279 0.25807
vn 0.16 -0.95278 0.25807
vn 0.16 -0.95279 0.25807
vn -0.236 -0.94341 0.23299
vn -0.39411 -0.88946 0.23136
vn -0.41963 -0.87521 0.24068
vn -0.39425 -0.89005 0.22884
vn -0.3656 -0.89782 0.24548
vn -0.37155 -0.88978 0.26504
vn -0.34258 -0.90792 0.24151
vn 0.16002 -0.95279 0.25803
vn -0.33896 -0.92814 0.1538
vn -0.3355 -0.89729 0.28689
vn -0.34914 -0.89366 0.28192
vn -0.3427 -0.90604 0.2483
vn -0.37891 -0.90012 0.21496
vn -0.38431 -0.89149 0.23991
vn -0.38493 -0.891 0.24071
vn -0.20649 -0.97052 0.12434
vn -0.2016 -0.97187 0.1218
vn -0.41122 -0.87889 0.24177
vt 0 1
usemtl mat15
f 2445/35/2621 2446/35/2621 2447/35/2621
f 2447/35/2622 2448/35/2622 2449/35/2622
f 2449/35/2623 2450/35/2623 2445/35/2623
f 2447/35/2621 2449/35/2621 2445/35/2621
f 2451/35/2624 2452/35/2624 2453/35/2624
f 2453/35/2625 2454/35/2625 2455/35/2625
f 2455/35/2626 2456/35/2626 2457/35/2626
f 2458/35/2624 2459/35/2624 2460/35/2624
f 2458/35/2624 2460/35/2624 2461/35/2624
f 2462/35/2624 2451/35/2624 2453/35/2624
f 2463/35/2624 2462/35/2624 2453/35/2624
f 2457/35/2624 2458/35/2624 2461/35/2624
f 2457/35/2627 2461/35/2627 2464/35/2627
f 2463/35/2625 2453/35/2625 2455/35/2625
f 2455/35/2625 2457/35/2625 2464/35/2625
f 2455/35/2624 2464/35/2624 2463/35/2624
f 2459/35/2628 2458/35/2628 2465/35/2628
f 2465/35/2629 2466/35/2629 2467/35/2629
f 2465/35/2630 2467/35/2630 2468/35/2630
f 2451/35/2628 2459/35/2628 2465/35/2628
f 2469/35/2631 2452/35/2631 2451/35/2631
f 2470/35/2632 2471/35/2632 2469/35/2632
f 2472/35/2633 2473/35/2633 2470/35/2633
f 2465/35/2634 2468/35/2634 2472/35/2634
f 2469/35/2635 2451/35/2635 2465/35/2635
f 2472/35/2636 2470/35/2636 2469/35/2636
f 2465/35/2637 2472/35/2637 2469/35/2637
f 2474/35/2638 2470/35/2638 2473/35/2638
f 2474/35/2639 2473/35/2639 2475/35/2639
f 2467/35/2640 2466/35/2640 2476/35/2640
f 2474/35/2641 2475/35/2641 2477/35/2641
f 2477/35/2642 2467/35/2642 2476/35/2642
f 2477/35/2643 2476/35/2643 2474/35/2643
f 2455/35/2644 2478/35/2644 2479/35/2644
f 2480/35/2645 2481/35/2645 2456/35/2645
f 2455/35/2646 2479/35/2646 2480/35/2646
f 2480/35/2647 2456/35/2647 2455/35/2647
f 2480/35/2648 2482/35/2648 2481/35/2648
f 2483/35/2621 2448/35/2621 2447/35/2621
f 2447/35/2621 2446/35/2621 2484/35/2621
f 2483/35/2621 2447/35/2621 2484/35/2621
f 2485/35/2649 2483/35/2649 2484/35/2649
f 2486/35/2650 2487/35/2650 2488/35/2650
f 2488/35/2651 2489/35/2651 2490/35/2651
f 2488/35/2652 2490/35/2652 2486/35/2652
f 2491/35/2653 2492/35/2653 2493/35/2653
f 2494/35/2654 2495/35/2654 2496/35/2654
f 2497/35/2653 2492/35/2653 2498/35/2653
f 2497/35/2655 2498/35/2655 2499/35/2655
f 2500/35/2653 2494/35/2653 2496/35/2653
f 2497/35/2653 2499/35/2653 2500/35/2653
f 2496/35/2655 2497/35/2655 2500/35/2655
f 2493/35/2653 2492/35/2653 2501/35/2653
f 2502/35/2656 2489/35/2656 2503/35/2656
f 2503/35/2657 2504/35/2657 2505/35/2657
f 2506/35/2658 2502/35/2658 2503/35/2658
f 2503/35/2659 2505/35/2659 2506/35/2659
f 2504/35/2650 2493/35/2650 2507/35/2650
f 2508/35/2660 2505/35/2660 2504/35/2660
f 2507/35/2650 2508/35/2650 2504/35/2650
f 2501/35/2661 2509/35/2661 2510/35/2661
f 2507/35/2650 2493/35/2650 2501/35/2650
f 2501/35/2662 2510/35/2662 2507/35/2662
f 2511/35/2653 2498/35/2653 2492/35/2653
f 2512/35/2655 2513/35/2655 2495/35/2655
f 2495/35/2655 2494/35/2655 2514/35/2655
f 2511/35/2655 2492/35/2655 2512/35/2655
f 2512/35/2663 2495/35/2663 2514/35/2663
f 2514/35/2655 2511/35/2655 2512/35/2655
f 2489/35/2664 2502/35/2664 2515/35/2664
f 2515/35/2665 2510/35/2665 2509/35/2665
f 2515/35/2666 2509/35/2666 2489/35/2666
f 2516/35/2667 2517/35/2667 2518/35/2667
f 2518/35/2668 2519/35/2668 2520/35/2668
f 2518/35/2669 2520/35/2669 2516/35/2669
f 2521/35/2670 2522/35/2670 2523/35/2670
f 2524/35/2653 2525/35/2653 2526/35/2653
f 2527/35/2671 2481/35/2671 2482/35/2671
f 2527/35/2671 2482/35/2671 2528/35/2671
f 2479/35/2672 2478/35/2672 2529/35/2672
f 2479/35/2672 2529/35/2672 2530/35/2672
f 2531/35/2650 2491/35/2650 2493/35/2650
f 2531/35/2650 2493/35/2650 2504/35/2650
f 2488/35/2673 2520/35/2673 2519/35/2673
f 2488/35/2673 2519/35/2673 2489/35/2673
# Vertices: 87, normals: 53, texture coordinates: 1, faces: 85

o obj25
v -1.10411389 0.02006008 -0.32601743
v -1.09170883 0.02705819 -0.08911789
v -0.75592942 0.03141436 0.12759713
v -0.84613755 0.03904117 0.36386611
v -0.72689337 0.04462774 0.57606484
v -0.45821245 0.04232586 0.55574563
v -0.79500316 0.01170356 -0.54051475
v -0.61992347 0.0172765 -0.31699179
v -0.12184509 0.04740429 0.79673725
v 0.02729303 0.05098562 0.94811544
v 0.63918531 0.04617462 0.91620163
v 0.73932791 0.04089987 0.76074759
v 0.87878782 0.03349353 0.54225479
v 0.74049861 0.02769195 0.318838
v 0.62558427 0.02144651 0.08551489
v 0.78461804 0.01422171 -0.12277555
v 0.88719079 0.00100982 -0.54345287
v 0.60017121 -0.00392758 -0.76930672
v 0.60967089 0.0010708 -0.59997581
v 0.74277893 0.00523555 -0.43243605
v 0.58913114 0.01181151 -0.24473802
v 0.58119278 0.00682611 -0.41331761
v 0.47108 -0.00344613 -0.78043803
v -0.50998319 0.00550913 -0.68773189
v -0.20734281 -0.00126457 -0.85058629
v -0.70762863 -0.00303076 -1.01532944
v 0.17839638 -0.00294322 -0.82540002
v 0.06121764 0.00300913 -0.65082069
vn -0.2813 0.57616 0.76741
vn -0.28132 0.57615 0.76741
vn -0.28335 0.57644 0.76644
vn -0.28132 0.57615 0.7674
vn -0.28129 0.57615 0.76741
vn -0.28131 0.57615 0.76741
vn -0.28131 0.57616 0.7674
vn -0.28129 0.57616 0.76741
vn -0.2813 0.57615 0.76741
vn -0.2813 0.57616 0.7674
vt 0 1
usemtl mat16
f 2532/36/2674 2533/36/2674 2534/36/2674
f 2534/36/2674 2535/36/2674 2536/36/2674
f 2534/36/2674 2536/36/2674 2537/36/2674
f 2538/36/2674 2532/36/2674 2534/36/2674
f 2539/36/2674 2538/36/2674 2534/36/2674
f 2534/36/2675 2537/36/2675 2540/36/2675
f 2540/36/2674 2541/36/2674 2542/36/2674
f 2542/36/2676 2543/36/2676 2544/36/2676
f 2542/36/2674 2544/36/2674 2545/36/2674
f 2534/36/2674 2540/36/2674 2542/36/2674
f 2539/36/2674 2534/36/2674 2542/36/2674
f 2542/36/2677 2545/36/2677 2546/36/2677
f 2546/36/2678 2547/36/2678 2548/36/2678
f 2548/36/2679 2549/36/2679 2550/36/2679
f 2548/36/2679 2550/36/2679 2551/36/2679
f 2539/36/2674 2542/36/2674 2546/36/2674
f 2546/36/2680 2548/36/2680 2551/36/2680
f 2552/36/2681 2553/36/2681 2554/36/2681
f 2546/36/2674 2551/36/2674 2552/36/2674
f 2555/36/2674 2539/36/2674 2546/36/2674
f 2556/36/2674 2557/36/2674 2555/36/2674
f 2554/36/2682 2558/36/2682 2559/36/2682
f 2559/36/2674 2556/36/2674 2555/36/2674
f 2555/36/2674 2546/36/2674 2552/36/2674
f 2552/36/2679 2554/36/2679 2559/36/2679
f 2552/36/2683 2559/36/2683 2555/36/2683
# Vertices: 28, normals: 10, texture coordinates: 1, faces: 26

o obj26
v 0.25940024 2.24687221 -0.12528289
v 0.23078509 2.21027886 -0.23077657
v 0.15899373 2.18304156 -0.26102112
v 0.16676232 2.325945 0.08968625
v 0.25004509 2.31873887 0.03541343
v -0.15822998 2.20175522 -0.27312907
v -0.26726132 2.26085771 -0.21132695
v -0.26726132 2.24067771 -0.20310695
v -0.16624045 2.18360421 -0.25993704
v -0.02763 2.14850003 -0.34595999
v -0.15637311 2.18452918 -0.26745632
v 0.25007955 2.33563916 0.02778175
v 0.16784566 2.34705943 0.08621369
v 0.16645479 2.32301083 0.02474135
v 0.15899373 2.20322156 -0.26924112
v 0.23078509 2.23045886 -0.23899657
v 0.23989092 2.28009465 -0.08767771
v 0.04353938 2.34603664 0.19021661
v -0.1679923 2.31892985 0.10733441
v -0.13217004 2.31148404 0.08863002
v -0.13064093 2.32371569 0.12196803
v -0.16270872 2.32580412 0.03129608
v -0.16368233 2.33943918 0.11678806
v -0.22173813 2.33606906 0.05663876
v -0.2823049 2.30935574 -0.07941182
v -0.24800132 2.34913771 0.06308304
v -0.28260342 2.29266518 -0.07551592
v 0.01187112 2.33762471 0.09146268
v 0.01109708 2.36576436 0.18175355
v -0.13307741 2.34404839 0.1281627
v -0.14555612 2.33696639 0.09145544
v -0.05934226 2.35414212 -0.19160978
v -0.018404 2.34511228 -0.20962758
v 0.03392967 2.35479941 -0.19326709
v 0.03604762 2.38881716 -0.12720994
v -0.00664402 2.40014211 -0.08603804
v -0.06369767 2.38959403 -0.11036398
v -0.02763 2.16868003 -0.35417999
v -0.02056539 2.20388411 -0.21833721
v -0.1176181 2.2252906 -0.17562382
v 0.10351231 2.22684733 -0.17955679
v -0.12793911 2.29970125 0.00290231
v 0.10853272 2.29785926 -0.03703615
v 0.00732125 2.32471054 0.06057911
v -0.08302788 2.32740627 -0.20842041
v -0.024414 2.31013968 -0.24100394
v -0.00399025 2.33947628 -0.22686855
v -0.08112376 2.34966607 -0.21420843
v -0.00107084 2.38910923 -0.00983332
v -0.08167739 2.40561893 -0.08847027
v 0.08004173 2.3523037 -0.10484212
v -0.00475467 2.36134805 0.02079002
v 0.0410274 2.41300621 -0.1006446
v 0.07851063 2.31195643 -0.19692411
v 0.04982873 2.35893946 -0.20227988
v -0.09882959 2.36265044 -0.05280107
vn 0.92505 0.35588 0.13282
vn 0.97338 -0.04519 0.22468
vn 0.41847 -0.63269 0.6516
vn -0.53398 0.8455 0
vn -0.5 0.86603 -0
vn -0.53428 0.84531 0.00019
vn -0.52037 0.85393 -0.00288
vn -0.95776 -0.0604 -0.28117
vn -0.95253 -0.26572 -0.14861
vn -0.85747 0.43504 -0.27474
vn -0.68337 0.02968 -0.72946
vn 0.97033 -0.04505 0.23754
vn -0 0 1
vn -0.22549 0.66034 0.71631
vn -0.22943 0.66672 0.70912
vn 0.04611 0.72897 0.68299
vn -0.24049 0.65769 0.71387
vn 0.98843 -0.07977 -0.12902
vn 0.35062 -0.92517 -0.14534
vn 0.95079 -0.28315 -0.12577
vn 0.33195 -0.89103 -0.30964
vn -0.98872 0.13287 0.06913
vn -0.97818 0.17596 0.11043
vn -0.96901 -0.15696 0.19075
vn 0.31599 -0.87114 -0.37584
vn -0.42705 -0.89154 -0.15093
vn -0.41669 -0.89651 -0.15047
vn -0.42919 -0.89086 -0.14891
vn -0.0679 0.94215 -0.32823
vn -0.88339 0.43624 -0.1712
vn 0.05192 0.54081 -0.83954
vn -0.28614 0.42469 -0.85893
vn 0.74061 -0.67191 -0.00487
vn 0.43426 -0.89988 0.04034
vn 0.52851 0.84893 0
vn 0.99919 0.03246 -0.02376
vn 0.51268 -0.85857 0.00381
vn -0.44653 -0.89441 0.02537
vn -0.82994 -0.54129 -0.13495
vn 0.5 0.86603 0
vn 0.48726 -0.87318 -0.012
vn -0.36013 -0.93258 -0.02452
vn -0.98466 0.17451 -0.00058
vn 0.99906 -0.0372 -0.02246
vn 0.51563 -0.82221 -0.24102
vn -0.56287 -0.78324 -0.26404
vn 0.99105 -0.08674 -0.10144
vn -0.91495 0.24878 -0.31777
vn 0.5641 0.80051 -0.20245
vn -0.25549 0.96641 -0.02787
vn -0.74949 -0.53299 -0.39266
vn -0.80659 -0.39681 -0.43812
vn 0.14677 -0.98388 -0.10213
vn 0.73666 -0.6762 -0.00905
vn 0.99814 -0.0553 -0.02573
vn 0.49249 0.87007 -0.02069
vn -0.54103 -0.84083 -0.0169
vn -0.99451 0.10419 -0.00921
vn 0.99047 0.01688 -0.13666
vn 0.51727 -0.82111 -0.24127
vn -0.7639 -0.6394 -0.08733
vn -0.97355 0.2234 -0.04789
vn -0.81346 -0.55586 -0.17121
vn -0.99753 -0.06778 0.01853
usemtl mat3
f 2560//2684 2561//2684 2562//2684
f 2562//2685 2563//2685 2564//2685
f 2562//2686 2564//2686 2560//2686
f 2565//2687 2566//2687 2567//2687
f 2568//2688 2569//2688 2570//2688
f 2570//2689 2565//2689 2567//2689
f 2567//2690 2568//2690 2570//2690
f 2571//2691 2572//2691 2573//2691
f 2574//2692 2575//2692 2576//2692
f 2576//2693 2571//2693 2573//2693
f 2573//2694 2574//2694 2576//2694
f 2577//2695 2563//2695 2562//2695
f 2562//2696 2569//2696 2568//2696
f 2568//2697 2578//2697 2579//2697
f 2579//2698 2580//2698 2577//2698
f 2577//2699 2562//2699 2568//2699
f 2568//2700 2579//2700 2577//2700
f 2566//2701 2565//2701 2581//2701
f 2581//2702 2582//2702 2583//2702
f 2583//2703 2584//2703 2566//2703
f 2581//2704 2583//2704 2566//2704
f 2585//2705 2578//2705 2568//2705
f 2568//2706 2567//2706 2586//2706
f 2568//2707 2586//2707 2585//2707
f 2581//2708 2587//2708 2588//2708
f 2588//2709 2589//2709 2590//2709
f 2590//2710 2582//2710 2581//2710
f 2581//2711 2588//2711 2590//2711
f 2591//2712 2592//2712 2593//2712
f 2593//2713 2594//2713 2595//2713
f 2595//2714 2596//2714 2591//2714
f 2593//2715 2595//2715 2591//2715
f 2582//2716 2590//2716 2579//2716
f 2579//2717 2578//2717 2582//2717
f 2574//2718 2562//2718 2561//2718
f 2574//2718 2561//2718 2575//2718
f 2575//2719 2561//2719 2560//2719
f 2575//2719 2560//2719 2576//2719
f 2571//2720 2564//2720 2563//2720
f 2571//2720 2563//2720 2572//2720
f 2588//2721 2577//2721 2580//2721
f 2588//2721 2580//2721 2589//2721
f 2583//2722 2585//2722 2586//2722
f 2583//2722 2586//2722 2584//2722
f 2597//2723 2569//2723 2562//2723
f 2597//2723 2562//2723 2574//2723
f 2572//2724 2563//2724 2577//2724
f 2572//2724 2577//2724 2588//2724
f 2565//2688 2570//2688 2569//2688
f 2565//2688 2569//2688 2597//2688
f 2582//2725 2578//2725 2585//2725
f 2582//2725 2585//2725 2583//2725
f 2584//2726 2586//2726 2567//2726
f 2584//2726 2567//2726 2566//2726
f 2576//2727 2560//2727 2564//2727
f 2576//2727 2564//2727 2571//2727
f 2598//2728 2599//2728 2565//2728
f 2598//2728 2565//2728 2597//2728
f 2600//2729 2598//2729 2597//2729
f 2600//2729 2597//2729 2574//2729
f 2599//2730 2601//2730 2581//2730
f 2599//2730 2581//2730 2565//2730
f 2602//2731 2600//2731 2574//2731
f 2602//2731 2574//2731 2573//2731
f 2601//2732 2603//2732 2587//2732
f 2601//2732 2587//2732 2581//2732
f 2604//2733 2605//2733 2606//2733
f 2604//2733 2606//2733 2607//2733
f 2588//2734 2587//2734 2573//2734
f 2588//2734 2573//2734 2572//2734
f 2587//2735 2603//2735 2602//2735
f 2587//2735 2602//2735 2573//2735
f 2608//2736 2609//2736 2596//2736
f 2608//2736 2596//2736 2595//2736
f 2610//2737 2611//2737 2608//2737
f 2610//2737 2608//2737 2612//2737
f 2613//2738 2610//2738 2612//2738
f 2613//2738 2612//2738 2614//2738
f 2605//2739 2613//2739 2614//2739
f 2605//2739 2614//2739 2606//2739
f 2611//2740 2615//2740 2609//2740
f 2611//2740 2609//2740 2608//2740
f 2615//2741 2604//2741 2607//2741
f 2615//2741 2607//2741 2609//2741
f 2609//2742 2607//2742 2591//2742
f 2609//2742 2591//2742 2596//2742
f 2607//2743 2606//2743 2592//2743
f 2607//2743 2592//2743 2591//2743
f 2612//2744 2608//2744 2595//2744
f 2612//2744 2595//2744 2594//2744
f 2614//2745 2612//2745 2594//2745
f 2614//2745 2594//2745 2593//2745
f 2606//2746 2614//2746 2593//2746
f 2606//2746 2593//2746 2592//2746
f 2590//2747 2589//2747 2580//2747
f 2590//2747 2580//2747 2579//2747
# Vertices: 56, normals: 64, texture coordinates: 0, faces: 96

o obj27
v 0.10351231 2.22684733 -0.17955679
v 0.10853272 2.29785926 -0.03703615
v 0.08004173 2.3523037 -0.10484212
v 0.07851063 2.31195643 -0.19692411
v -0.02056539 2.20388411 -0.21833721
v -0.024414 2.31013968 -0.24100394
v 0.00732125 2.32471054 0.06057911
v -0.00475467 2.36134805 0.02079002
v -0.12793911 2.29970125 0.00290231
v -0.09882959 2.36265044 -0.05280107
v -0.1176181 2.2252906 -0.17562382
v -0.08302788 2.32740627 -0.20842041
vn 0.99965 -0.02339 -0.01226
vn 0.42323 0.90598 -0.00849
vn 0.64085 -0.76733 -0.02277
vn -0.51509 -0.857 -0.01563
vn -0.99299 0.11749 -0.01271
vn -0.40964 0.91222 -0.0068
usemtl mat11
f 2616//2748 2617//2748 2618//2748
f 2616//2748 2618//2748 2619//2748
f 2620//2749 2616//2749 2619//2749
f 2620//2749 2619//2749 2621//2749
f 2617//2750 2622//2750 2623//2750
f 2617//2750 2623//2750 2618//2750
f 2622//2751 2624//2751 2625//2751
f 2622//2751 2625//2751 2623//2751
f 2624//2752 2626//2752 2627//2752
f 2624//2752 2627//2752 2625//2752
f 2626//2753 2620//2753 2621//2753
f 2626//2753 2621//2753 2627//2753
# Vertices: 12, normals: 6, texture coordinates: 0, faces: 12

o obj28
v 0.26660965 1.46802561 -0.04095882
v 0.26708461 1.46369582 -0.0343197
v 0.29914407 1.47191426 -0.01107065
v 0.30392207 1.47759064 -0.01390021
v 0.22514226 1.45785537 -0.02113715
v 0.23145516 1.45495739 -0.01728875
v 0.29557407 1.47139426 0.02920935
v 0.3393609 1.29604802 0.03081389
v 0.30373145 1.28730959 0.04784484
v 0.25994461 1.46265582 0.0462403
v 0.3429309 1.29656802 -0.00946611
v 0.31087145 1.28834959 -0.03271515
v 0.27524199 1.27961115 -0.0156842
v 0.22788516 1.45443739 0.02299125
v 0.27167199 1.27909115 0.0245958
vn -0.1103 -0.19104 0.97537
vn 0.1103 -0.19104 0.97537
vn -0.5 0.86603 0
vn -1 -0 0
vn -0.5 -0.86603 0
vn 0.5 -0.86603 0
vn 1 -0 0
vn 0.5 0.86603 0
usemtl mat10
f 2628//2754 2629//2754 2630//2754
f 2628//2754 2630//2754 2631//2754
f 2632//2755 2633//2755 2629//2755
f 2632//2755 2629//2755 2628//2755
f 2634//2756 2635//2756 2636//2756
f 2634//2756 2636//2756 2637//2756
f 2630//2757 2638//2757 2635//2757
f 2630//2757 2635//2757 2634//2757
f 2629//2758 2639//2758 2638//2758
f 2629//2758 2638//2758 2630//2758
f 2633//2759 2640//2759 2639//2759
f 2633//2759 2639//2759 2629//2759
f 2641//2760 2642//2760 2640//2760
f 2641//2760 2640//2760 2633//2760
f 2637//2761 2636//2761 2642//2761
f 2637//2761 2642//2761 2641//2761
# Vertices: 15, normals: 8, texture coordinates: 0, faces: 16

o obj29
v 0.3393609 1.29604802 0.03081389
v 0.34041606 1.28813499 0.0301786
v 0.304787 1.27939665 0.04720959
v 0.30373145 1.28730959 0.04784484
v 0.3429309 1.29656802 -0.00946611
v 0.34398606 1.28865499 -0.0101014
v 0.31087145 1.28834959 -0.03271515
v 0.311927 1.28043665 -0.03335041
v 0.27524199 1.27961115 -0.0156842
v 0.27721791 1.27169851 -0.0156118
v 0.27167199 1.27909115 0.0245958
v 0.27272754 1.27117822 0.02396054
vn -0.45901 0.79503 0.39653
vn -0.92694 0 0.37521
vn -0.49982 -0.86571 -0.02714
vn 0.49972 -0.84047 -0.2095
vn 0.98031 -0.0118 -0.19712
vn 0.49982 0.86571 0.02714
usemtl mat4
f 2643//2762 2644//2762 2645//2762
f 2643//2762 2645//2762 2646//2762
f 2647//2763 2648//2763 2644//2763
f 2647//2763 2644//2763 2643//2763
f 2649//2764 2650//2764 2648//2764
f 2649//2764 2648//2764 2647//2764
f 2651//2765 2652//2765 2650//2765
f 2651//2765 2650//2765 2649//2765
f 2653//2766 2654//2766 2652//2766
f 2653//2766 2652//2766 2651//2766
f 2646//2767 2645//2767 2654//2767
f 2646//2767 2654//2767 2653//2767
# Vertices: 12, normals: 6, texture coordinates: 0, faces: 12

o obj30
v 0.28232972 1.25780896 -0.01443931
v 0.27902801 1.25732804 0.02281365
v 0.30867791 1.26492878 0.0443153
v 0.34162909 1.27301034 0.02856436
v 0.34493081 1.27349126 -0.0086886
v 0.3152813 1.26589062 -0.03019021
v 0.28299161 1.54416357 0.03236534
v 0.24152421 1.53399333 0.05218701
v 0.20421179 1.5244283 0.0251284
v 0.20836677 1.52503351 -0.02175188
v 0.24983417 1.53520375 -0.04157355
v 0.28714659 1.54476878 -0.01451494
v 0.304787 1.27939665 0.04720959
v 0.27272754 1.27117822 0.02396054
v 0.27721791 1.27169851 -0.0156118
v 0.311927 1.28043665 -0.03335041
v 0.34398606 1.28865499 -0.0101014
v 0.34041606 1.28813499 0.0301786
v 0.25829969 1.46681519 0.05280174
v 0.29976709 1.47698543 0.03298007
v 0.30392207 1.47759064 -0.01390021
v 0.26660965 1.46802561 -0.04095882
v 0.22514226 1.45785537 -0.02113715
v 0.22098728 1.45725016 0.02574313
v 0.29557407 1.47139426 0.02920935
v 0.25994461 1.46265582 0.0462403
v 0.29914407 1.47191426 -0.01107065
v 0.22788516 1.45443739 0.02299125
v 0.23145516 1.45495739 -0.01728875
vn 0 0 1
vn -0 0 -1
vn 0.43002 0.74481 0.51023
vn 0.89833 -0.01069 0.43918
vn 0.46035 -0.77443 0.43397
vn -0.43002 -0.74481 0.51023
vn -0.86004 0 0.51023
vn -0.43002 0.74481 0.51023
vn -0.5 0.86603 0
vn -1 -0 0
vn -0.5 -0.86603 0
vn 0.5 -0.86603 0
vn 1 -0 0
vn 0.5 0.86603 0
vn -0.1103 0.19104 0.97537
vn -0.22059 0 0.97537
vn 0.22059 -0 0.97537
vn 0.1103 0.19104 0.97537
usemtl mat1
f 2655//2768 2656//2768 2657//2768
f 2657//2768 2658//2768 2659//2768
f 2659//2768 2660//2768 2655//2768
f 2657//2768 2659//2768 2655//2768
f 2661//2769 2662//2769 2663//2769
f 2663//2769 2664//2769 2665//2769
f 2665//2769 2666//2769 2661//2769
f 2663//2769 2665//2769 2661//2769
f 2667//2770 2657//2770 2656//2770
f 2667//2770 2656//2770 2668//2770
f 2668//2771 2656//2771 2655//2771
f 2668//2771 2655//2771 2669//2771
f 2669//2772 2655//2772 2660//2772
f 2669//2772 2660//2772 2670//2772
f 2670//2773 2660//2773 2659//2773
f 2670//2773 2659//2773 2671//2773
f 2671//2774 2659//2774 2658//2774
f 2671//2774 2658//2774 2672//2774
f 2672//2775 2658//2775 2657//2775
f 2672//2775 2657//2775 2667//2775
f 2673//2776 2662//2776 2661//2776
f 2673//2776 2661//2776 2674//2776
f 2666//2777 2675//2777 2674//2777
f 2666//2777 2674//2777 2661//2777
f 2665//2778 2676//2778 2675//2778
f 2665//2778 2675//2778 2666//2778
f 2664//2779 2677//2779 2676//2779
f 2664//2779 2676//2779 2665//2779
f 2663//2780 2678//2780 2677//2780
f 2663//2780 2677//2780 2664//2780
f 2662//2781 2673//2781 2678//2781
f 2662//2781 2678//2781 2663//2781
f 2674//2782 2679//2782 2680//2782
f 2674//2782 2680//2782 2673//2782
f 2675//2783 2681//2783 2679//2783
f 2675//2783 2679//2783 2674//2783
f 2678//2784 2682//2784 2683//2784
f 2678//2784 2683//2784 2677//2784
f 2673//2785 2680//2785 2682//2785
f 2673//2785 2682//2785 2678//2785
# Vertices: 29, normals: 18, texture coordinates: 0, faces: 40

o obj31
v 0.24669669 1.44491962 -0.13991931
v 0.24641814 1.43920056 -0.13441668
v 0.27692589 1.43981772 -0.10787194
v 0.28220314 1.44563787 -0.109025
v 0.20332254 1.43348223 -0.12565585
v 0.20915039 1.4293734 -0.12216143
v 0.27016589 1.43060772 -0.06907193
v 0.30441828 1.25669363 -0.10439844
v 0.26715053 1.24686647 -0.09214319
v 0.23289814 1.42078056 -0.05681668
v 0.31117828 1.26590363 -0.14319844
v 0.28067053 1.26528647 -0.16974319
v 0.24340278 1.25545931 -0.15748793
v 0.20239039 1.4201634 -0.08336143
v 0.23664278 1.24624931 -0.11868793
vn -0.1103 -0.19104 0.97537
vn 0.1103 -0.19104 0.97537
vn -0.5 0.86603 0
vn -1 -0 0
vn -0.5 -0.86603 0
vn 0.5 -0.86603 0
vn 1 -0 0
vn 0.5 0.86603 0
usemtl mat10
f 2684//2786 2685//2786 2686//2786
f 2684//2786 2686//2786 2687//2786
f 2688//2787 2689//2787 2685//2787
f 2688//2787 2685//2787 2684//2787
f 2690//2788 2691//2788 2692//2788
f 2690//2788 2692//2788 2693//2788
f 2686//2789 2694//2789 2691//2789
f 2686//2789 2691//2789 2690//2789
f 2685//2790 2695//2790 2694//2790
f 2685//2790 2694//2790 2686//2790
f 2689//2791 2696//2791 2695//2791
f 2689//2791 2695//2791 2685//2791
f 2697//2792 2698//2792 2696//2792
f 2697//2792 2696//2792 2689//2792
f 2693//2793 2692//2793 2698//2793
f 2693//2793 2698//2793 2697//2793
# Vertices: 15, normals: 8, texture coordinates: 0, faces: 16

o obj32
v 0.30441828 1.25669363 -0.10439844
v 0.30510328 1.24906596 -0.1067404
v 0.26783592 1.23923886 -0.09448507
v 0.26715053 1.24686647 -0.09214319
v 0.31117828 1.26590363 -0.14319844
v 0.31186328 1.25827596 -0.14554041
v 0.28067053 1.26528647 -0.16974319
v 0.28135592 1.25765886 -0.17208507
v 0.24340278 1.25545931 -0.15748793
v 0.24494844 1.24761129 -0.15908207
v 0.23664278 1.24624931 -0.11868793
v 0.23732817 1.2386217 -0.12102982
vn -0.45901 0.79503 0.39653
vn -0.92694 0 0.37521
vn -0.49982 -0.86571 -0.02714
vn 0.49972 -0.84047 -0.2095
vn 0.98031 -0.0118 -0.19712
vn 0.49982 0.86571 0.02714
usemtl mat4
f 2699//2794 2700//2794 2701//2794
f 2699//2794 2701//2794 2702//2794
f 2703//2795 2704//2795 2700//2795
f 2703//2795 2700//2795 2699//2795
f 2705//2796 2706//2796 2704//2796
f 2705//2796 2704//2796 2703//2796
f 2707//2797 2708//2797 2706//2797
f 2707//2797 2706//2797 2705//2797
f 2709//2798 2710//2798 2708//2798
f 2709//2798 2708//2798 2707//2798
f 2702//2799 2701//2799 2710//2799
f 2702//2799 2710//2799 2709//2799
# Vertices: 12, normals: 6, texture coordinates: 0, faces: 12

o obj33
v 0.24921491 1.23348962 -0.1607574
v 0.24296292 1.22497175 -0.12487321
v 0.27117774 1.22554253 -0.10032356
v 0.30564409 1.23463102 -0.11165779
v 0.31189608 1.24314889 -0.14754197
v 0.28368165 1.24257817 -0.17209154
v 0.26121277 1.50154818 -0.05033304
v 0.21783863 1.49011078 -0.03606958
v 0.18233217 1.48939254 -0.06696389
v 0.19019987 1.50011169 -0.11212166
v 0.23357401 1.51154908 -0.12638512
v 0.26908047 1.51226733 -0.09549081
v 0.26783592 1.23923886 -0.09448507
v 0.23732817 1.2386217 -0.12102982
v 0.24494844 1.24761129 -0.15908207
v 0.28135592 1.25765886 -0.17208507
v 0.31186328 1.25827596 -0.14554041
v 0.30510328 1.24906596 -0.1067404
v 0.2309613 1.42348132 -0.04960377
v 0.27433545 1.43491872 -0.06386723
v 0.28220314 1.44563787 -0.109025
v 0.24669669 1.44491962 -0.13991931
v 0.20332254 1.43348223 -0.12565585
v 0.19545485 1.42276308 -0.08049808
v 0.27016589 1.43060772 -0.06907193
v 0.23289814 1.42078056 -0.05681668
v 0.27692589 1.43981772 -0.10787194
v 0.20239039 1.4201634 -0.08336143
v 0.20915039 1.4293734 -0.12216143
vn 0 0 1
vn -0 0 -1
vn 0.43002 0.74481 0.51023
vn 0.89833 -0.01069 0.43918
vn 0.46035 -0.77443 0.43397
vn -0.43002 -0.74481 0.51023
vn -0.86004 0 0.51023
vn -0.43002 0.74481 0.51023
vn -0.5 0.86603 0
vn -1 -0 0
vn -0.5 -0.86603 0
vn 0.5 -0.86603 0
vn 1 -0 0
vn 0.5 0.86603 0
vn -0.1103 0.19104 0.97537
vn -0.22059 0 0.97537
vn 0.22059 -0 0.97537
vn 0.1103 0.19104 0.97537
usemtl mat1
f 2711//2800 2712//2800 2713//2800
f 2713//2800 2714//2800 2715//2800
f 2715//2800 2716//2800 2711//2800
f 2713//2800 2715//2800 2711//2800
f 2717//2801 2718//2801 2719//2801
f 2719//2801 2720//2801 2721//2801
f 2721//2801 2722//2801 2717//2801
f 2719//2801 2721//2801 2717//2801
f 2723//2802 2713//2802 2712//2802
f 2723//2802 2712//2802 2724//2802
f 2724//2803 2712//2803 2711//2803
f 2724//2803 2711//2803 2725//2803
f 2725//2804 2711//2804 2716//2804
f 2725//2804 2716//2804 2726//2804
f 2726//2805 2716//2805 2715//2805
f 2726//2805 2715//2805 2727//2805
f 2727//2806 2715//2806 2714//2806
f 2727//2806 2714//2806 2728//2806
f 2728//2807 2714//2807 2713//2807
f 2728//2807 2713//2807 2723//2807
f 2729//2808 2718//2808 2717//2808
f 2729//2808 2717//2808 2730//2808
f 2722//2809 2731//2809 2730//2809
f 2722//2809 2730//2809 2717//2809
f 2721//2810 2732//2810 2731//2810
f 2721//2810 2731//2810 2722//2810
f 2720//2811 2733//2811 2732//2811
f 2720//2811 2732//2811 2721//2811
f 2719//2812 2734//2812 2733//2812
f 2719//2812 2733//2812 2720//2812
f 2718//2813 2729//2813 2734//2813
f 2718//2813 2734//2813 2719//2813
f 2730//2814 2735//2814 2736//2814
f 2730//2814 2736//2814 2729//2814
f 2731//2815 2737//2815 2735//2815
f 2731//2815 2735//2815 2730//2815
f 2734//2816 2738//2816 2739//2816
f 2734//2816 2739//2816 2733//2816
f 2729//2817 2736//2817 2738//2817
f 2729//2817 2738//2817 2734//2817
# Vertices: 29, normals: 18, texture coordinates: 0, faces: 40

o obj34
v 0.17673669 1.42027966 -0.20963931
v 0.17645814 1.4145606 -0.20413669
v 0.20696589 1.41517776 -0.17759194
v 0.21224315 1.4209979 -0.17874501
v 0.13336254 1.40884227 -0.19537585
v 0.13919039 1.40473344 -0.19188144
v 0.20020589 1.40596776 -0.13879194
v 0.23445828 1.23205367 -0.17411845
v 0.19719053 1.22222651 -0.16186319
v 0.16293814 1.3961406 -0.12653669
v 0.24121828 1.24126367 -0.21291845
v 0.21071053 1.24064651 -0.2394632
v 0.17344278 1.23081935 -0.22720794
v 0.13243039 1.39552344 -0.15308144
v 0.16668278 1.22160935 -0.18840794
vn -0.1103 -0.19104 0.97537
vn 0.1103 -0.19104 0.97537
vn -0.5 0.86603 0
vn -1 -0 0
vn -0.5 -0.86603 0
vn 0.5 -0.86603 0
vn 1 -0 0
vn 0.5 0.86603 0
usemtl mat10
f 2740//2818 2741//2818 2742//2818
f 2740//2818 2742//2818 2743//2818
f 2744//2819 2745//2819 2741//2819
f 2744//2819 2741//2819 2740//2819
f 2746//2820 2747//2820 2748//2820
f 2746//2820 2748//2820 2749//2820
f 2742//2821 2750//2821 2747//2821
f 2742//2821 2747//2821 2746//2821
f 2741//2822 2751//2822 2750//2822
f 2741//2822 2750//2822 2742//2822
f 2745//2823 2752//2823 2751//2823
f 2745//2823 2751//2823 2741//2823
f 2753//2824 2754//2824 2752//2824
f 2753//2824 2752//2824 2745//2824
f 2749//2825 2748//2825 2754//2825
f 2749//2825 2754//2825 2753//2825
# Vertices: 15, normals: 8, texture coordinates: 0, faces: 16

o obj35
v 0.23445828 1.23205367 -0.17411845
v 0.23514328 1.224426 -0.17646041
v 0.19787592 1.2145989 -0.16420508
v 0.19719053 1.22222651 -0.16186319
v 0.24121828 1.24126367 -0.21291845
v 0.24190328 1.233636 -0.21526041
v 0.21071053 1.24064651 -0.2394632
v 0.21139592 1.23301889 -0.24180508
v 0.17344278 1.23081935 -0.22720794
v 0.17498844 1.22297133 -0.22880208
v 0.16668278 1.22160935 -0.18840794
v 0.16736817 1.21398173 -0.19074982
vn -0.45901 0.79503 0.39653
vn -0.92694 0 0.37521
vn -0.49982 -0.86571 -0.02714
vn 0.49972 -0.84047 -0.2095
vn 0.98031 -0.0118 -0.19712
vn 0.49982 0.86571 0.02714
usemtl mat4
f 2755//2826 2756//2826 2757//2826
f 2755//2826 2757//2826 2758//2826
f 2759//2827 2760//2827 2756//2827
f 2759//2827 2756//2827 2755//2827
f 2761//2828 2762//2828 2760//2828
f 2761//2828 2760//2828 2759//2828
f 2763//2829 2764//2829 2762//2829
f 2763//2829 2762//2829 2761//2829
f 2765//2830 2766//2830 2764//2830
f 2765//2830 2764//2830 2763//2830
f 2758//2831 2757//2831 2766//2831
f 2758//2831 2766//2831 2765//2831
# Vertices: 12, normals: 6, texture coordinates: 0, faces: 12

o obj36
v 0.17925491 1.20884965 -0.2304774
v 0.17300292 1.20033178 -0.19459322
v 0.20121774 1.20090256 -0.17004357
v 0.23568409 1.20999106 -0.18137779
v 0.24193608 1.21850893 -0.21726198
v 0.21372165 1.21793821 -0.24181154
v 0.19125278 1.47690821 -0.12005305
v 0.14787863 1.46547082 -0.10578959
v 0.11237217 1.46475258 -0.1366839
v 0.12023987 1.47547173 -0.18184167
v 0.16361402 1.48690912 -0.19610513
v 0.19912047 1.48762736 -0.16521082
v 0.19787592 1.2145989 -0.16420508
v 0.16736817 1.21398173 -0.19074982
v 0.17498844 1.22297133 -0.22880208
v 0.21139592 1.23301889 -0.24180508
v 0.24190328 1.233636 -0.21526041
v 0.23514328 1.224426 -0.17646041
v 0.1610013 1.39884136 -0.11932378
v 0.20437545 1.41027875 -0.13358724
v 0.21224315 1.4209979 -0.17874501
v 0.17673669 1.42027966 -0.20963931
v 0.13336254 1.40884227 -0.19537585
v 0.12549485 1.39812312 -0.15021809
v 0.20020589 1.40596776 -0.13879194
v 0.16293814 1.3961406 -0.12653669
v 0.20696589 1.41517776 -0.17759194
v 0.13243039 1.39552344 -0.15308144
v 0.13919039 1.40473344 -0.19188144
vn 0 0 1
vn -0 0 -1
vn 0.43002 0.74481 0.51023
vn 0.89833 -0.01069 0.43918
vn 0.46035 -0.77443 0.43397
vn -0.43002 -0.74481 0.51023
vn -0.86004 0 0.51023
vn -0.43002 0.74481 0.51023
vn -0.5 0.86603 0
vn -1 -0 0
vn -0.5 -0.86603 0
vn 0.5 -0.86603 0
vn 1 -0 0
vn 0.5 0.86603 0
vn -0.1103 0.19104 0.97537
vn -0.22059 0 0.97537
vn 0.22059 -0 0.97537
vn 0.1103 0.19104 0.97537
usemtl mat1
f 2767//2832 2768//2832 2769//2832
f 2769//2832 2770//2832 2771//2832
f 2771//2832 2772//2832 2767//2832
f 2769//2832 2771//2832 2767//2832
f 2773//2833 2774//2833 2775//2833
f 2775//2833 2776//2833 2777//2833
f 2777//2833 2778//2833 2773//2833
f 2775//2833 2777//2833 2773//2833
f 2779//2834 2769//2834 2768//2834
f 2779//2834 2768//2834 2780//2834
f 2780//2835 2768//2835 2767//2835
f 2780//2835 2767//2835 2781//2835
f 2781//2836 2767//2836 2772//2836
f 2781//2836 2772//2836 2782//2836
f 2782//2837 2772//2837 2771//2837
f 2782//2837 2771//2837 2783//2837
f 2783//2838 2771//2838 2770//2838
f 2783//2838 2770//2838 2784//2838
f 2784//2839 2770//2839 2769//2839
f 2784//2839 2769//2839 2779//2839
f 2785//2840 2774//2840 2773//2840
f 2785//2840 2773//2840 2786//2840
f 2778//2841 2787//2841 2786//2841
f 2778//2841 2786//2841 2773//2841
f 2777//2842 2788//2842 2787//2842
f 2777//2842 2787//2842 2778//2842
f 2776//2843 2789//2843 2788//2843
f 2776//2843 2788//2843 2777//2843
f 2775//2844 2790//2844 2789//2844
f 2775//2844 2789//2844 2776//2844
f 2774//2845 2785//2845 2790//2845
f 2774//2845 2790//2845 2775//2845
f 2786//2846 2791//2846 2792//2846
f 2786//2846 2792//2846 2785//2846
f 2787//2847 2793//2847 2791//2847
f 2787//2847 2791//2847 2786//2847
f 2790//2848 2794//2848 2795//2848
f 2790//2848 2795//2848 2789//2848
f 2785//2849 2792//2849 2794//2849
f 2785//2849 2794//2849 2790//2849
# Vertices: 29, normals: 18, texture coordinates: 0, faces: 40

o obj37
v 0.51077271 1.97028324 0.41372827
v 0.50600811 1.94975324 0.42376825
v 0.46252999 1.92726003 0.36252001
v 0.49068159 1.98869598 0.32538958
v 0.49591083 1.99443843 0.32959385
v 0.5028007 2.00042837 0.33821993
v 0.4959334 1.98380155 0.35048902
v 0.51835106 1.9909217 0.40277704
v 0.51909924 1.99255461 0.40178987
v 0.50352748 1.98093098 0.37854614
v 0.51457864 1.99328247 0.38700911
v 0.53056583 2.02001024 0.39339533
v 0.52228747 1.99951221 0.39758477
v 0.46480386 1.92530523 0.36194876
v 0.47068999 1.92024503 0.36047001
v 0.49604542 1.9755787 0.32702771
v 0.50857729 2.00292751 0.3104986
v 0.50041729 2.00994251 0.3125486
v 0.54390384 2.01383309 0.3725059
v 0.54355334 2.00947845 0.37606068
v 0.53903744 2.0042475 0.3796317
v 0.52517618 2.00964419 0.38628024
v 0.52075191 2.00377791 0.38469515
v 0.50957483 1.99500434 0.36885404
v 0.51463595 2.0130468 0.34847696
v 0.51576229 2.01221944 0.35342507
v 0.52069166 2.01547397 0.36161526
v 0.52112805 2.01812877 0.35770594
v 0.52182639 2.02206144 0.35206795
v 0.52994948 2.01697349 0.38717461
v 0.53022279 2.02400708 0.37306428
v 0.53335237 2.02434447 0.38275267
v 0.52504012 2.01497932 0.3754306
v 0.52840277 2.02514903 0.36545112
v 0.52146595 2.01343676 0.36789165
v 0.52541541 2.02031779 0.36608593
v 0.51568644 2.01679202 0.34424717
v 0.51424476 2.01333438 0.34675815
v 0.54243061 1.99436579 0.38811379
v 0.54110125 2.00105497 0.38190467
v 0.54517214 2.00086081 0.3841885
v 0.53334396 2.01274024 0.38676893
v 0.53230451 2.01470258 0.38664061
v 0.53628536 2.01572202 0.38407325
v 0.53918857 2.02003511 0.38097517
v 0.54094428 2.02927861 0.35999451
v 0.54447103 2.02262949 0.37712714
v 0.52979908 2.0078332 0.39048393
v 0.51010724 1.93471892 0.42707949
v 0.50484491 1.93828218 0.42257678
v 0.51443502 1.97402214 0.41066444
v 0.5276729 2.00109751 0.39404257
v 0.52813388 2.00715103 0.3916176
v 0.51934745 1.98446814 0.40449108
v 0.52008559 1.99271126 0.40118948
v 0.52413564 1.99335626 0.39872351
v 0.52332582 1.99605403 0.39822464
v 0.50826002 1.9392164 0.41717999
v 0.43458949 1.90919051 0.47452941
v 0.43859887 1.90950008 0.46516903
v 0.46958629 1.9238098 0.43587845
v 0.49506078 1.94293189 0.40547933
v 0.45899803 1.92634137 0.3574319
v 0.45444218 1.92039432 0.37387095
v 0.41007812 1.89120033 0.41990585
v 0.39967534 1.8788896 0.41110408
v 0.42676961 1.86659324 0.41195479
v 0.44206251 1.87822655 0.43169861
v 0.44982719 1.87691812 0.4328828
v 0.47875982 1.89586846 0.4673729
v 0.4360896 1.86155515 0.4104401
v 0.55886753 1.99314646 0.37949183
v 0.58123836 2.01028853 0.36779343
v 0.58466243 2.00697982 0.36644977
v 0.55904062 1.98205403 0.38297716
v 0.53464359 1.92655657 0.41637674
v 0.52614573 1.9305093 0.41380759
v 0.51236542 1.9615487 0.32292771
v 0.52052542 1.9545337 0.32087771
v 0.53305729 1.98188251 0.3043486
v 0.52489729 1.98889751 0.3063986
v 0.51316729 1.99898157 0.30934548
v 0.51673729 1.99591251 0.3084486
v 0.55612302 2.02316036 0.37071115
v 0.54996698 2.01849699 0.37160829
v 0.50063542 1.97163276 0.32587458
v 0.50420542 1.9685637 0.32497771
v 0.5185536 1.98358432 0.30662644
v 0.56523098 2.01353956 0.37175574
v 0.5590034 2.0121209 0.37216194
v 0.51145868 1.96232821 0.32315551
v 0.49266605 1.87582398 0.46866819
v 0.48837999 1.87504503 0.46844001
v 0.43958244 1.84752556 0.40633955
v 0.45340605 1.84830398 0.40656819
v 0.52550611 1.93096246 0.4139477
v 0.47037743 1.90046458 0.46298651
v 0.5482663 2.03060732 0.37230558
v 0.53958535 2.038072 0.37448714
v 0.48700999 1.90621503 0.35637001
v 0.48610325 1.90699454 0.35659781
v 0.43725457 1.85249408 0.40814467
v 0.44777148 1.85943484 0.40774951
v 0.47884999 1.91323003 0.35842001
v 0.47527999 1.9162991 0.35931689
v 0.45727999 1.84051003 0.40429001
v 0.48039612 1.87178997 0.4626333
v 0.49516999 1.89920003 0.35432001
v 0.43098368 1.85748412 0.41018375
v 0.47170999 1.91936816 0.36021376
v 0.49706542 1.97470183 0.32677146
v 0.50959729 2.00205063 0.31024235
v 0.4496957 1.8514937 0.40750033
v 0.4823929 1.91018426 0.35752994
v 0.50774833 1.96551793 0.32408764
v 0.5202802 1.99286673 0.30755853
v 0.55940818 2.02024746 0.36974179
v 0.54066434 1.99930688 0.38387259
v 0.5150811 1.92819717 0.41927236
v 0.51296476 1.92954279 0.42800563
v 0.48287025 1.89275649 0.45597217
v 0.4889557 1.8790137 0.46960033
v 0.52540659 1.93384655 0.41887182
v 0.51680136 1.93882528 0.42113647
v 0.47793131 1.89245916 0.46453262
v 0.47023876 1.88501712 0.46439357
v 0.42121225 1.85873536 0.41240499
v 0.56728313 2.02847437 0.36551227
v 0.56876313 2.04529089 0.37093827
v 0.57495164 2.04315577 0.36894471
v 0.57612345 2.03760559 0.3662292
vn -0.08146 0.81101 -0.57933
vn 0 0.50745 -0.86168
vn -0.0615 0.67848 -0.73204
vn -0.01931 0.77609 -0.63033
vn 0 0.50744 -0.86169
vn 0.98416 -0.17728 0
vn -0.88971 0.17556 -0.42141
vn -1E-05 0.50759 -0.8616
vn -0.0004 0.50716 -0.86185
vn 0.52486 -0.40861 -0.7467
vn 0.04766 0.49697 -0.86646
vn 0.03578 0.48393 -0.87438
vn -0.02117 0.63737 -0.77027
vn 0.03068 0.4462 -0.89441
vn 1E-05 0.50744 -0.86169
vn 4E-05 0.50741 -0.8617
vn -0.70604 0.46859 -0.53097
vn -0.9858 0.1679 -0.00207
vn -0.54677 -0.7139 -0.43748
vn -0.98559 0.16916 -1E-05
vn -0.98302 0.18342 0.00596
vn -0.74558 0.49288 -0.44853
vn -0.68921 -0.54491 0.47756
vn -0.94532 0.31023 0.10065
vn -0.96864 0.23906 0.06773
vn -0.98312 0.18274 -0.00951
vn -0.96123 0.07124 0.2664
vn -0.98416 0.17728 0
vn -0.98161 0.12294 0.14605
vn -0.98543 0.17004 0.00282
vn -0.98445 0.17567 0.00034
vn -0.98575 0.1676 0.01436
vn -0.94442 0.05512 0.3241
vn 0.07719 -0.90131 -0.42625
vn -0.61342 -0.65649 -0.43902
vn -0.2527 -0.86198 -0.43947
vn -0.34268 -0.77212 -0.53516
vn -0.02179 -0.92766 -0.3728
vn 0.27987 -0.70489 -0.65176
vn 0.1151 0.30899 -0.94407
vn -0.15534 -0.67168 -0.72437
vn -0.05257 0.9972 0.05325
vn -0.05321 0.99858 -0
vn -0.06048 0.99765 0.03226
vn -0.82694 0.56017 0.04886
vn -0.89269 0.33977 -0.29609
vn -0.91262 0.40313 -0.0679
vn -0.94809 0.31631 -0.03267
vn 0.11178 0.02334 0.99346
vn -0.03015 -0.96728 -0.25191
vn -0.01876 -0.88076 -0.47318
vn 0.74997 -0.37815 0.54272
vn -0.00238 -0.98388 -0.17884
vn 0.76104 0.15406 0.63015
vn -0.89446 -0.23613 -0.37971
vn -0.07479 0.99668 -0.03205
vn 0.00273 -1 1E-05
vn 0.99849 0.01765 0.05196
vn -0.90019 -0.00714 -0.43544
vn 0.89807 -0.03408 0.43853
vn -0.15116 0.31398 0.93732
vn 0.99495 -0.04488 0.08976
vn 0.06581 0.05283 -0.99643
vn -0.00663 -0.93038 0.36653
vn 0.99769 0.06791 0
vn 0.94252 0.16742 -0.28917
vn -0.00432 -0.93533 0.35376
vn -0.96425 -0.00095 0.26501
vn -0.00124 -1 -0.00064
vn -0.01657 0.96177 -0.27335
vn -0.85508 -0.17192 -0.48916
vn 0.9877 0.11155 -0.10957
vn -0.62918 0.50739 -0.5888
vn 0.99787 -0.06434 -0.01036
vn -0.60393 -0.269 -0.75027
vn -0.06146 0.97399 0.2181
vn -0.09157 -0.95806 -0.27154
vn 0.65402 -0.10175 0.7496
vn -0.44708 0.89131 0.07545
vn -0.00325 -0.52288 0.8524
usemtl mat5
f 2796//2850 2797//2850 2798//2850
f 2798//2851 2799//2851 2800//2851
f 2800//2851 2801//2851 2802//2851
f 2798//2851 2800//2851 2802//2851
f 2803//2852 2796//2852 2798//2852
f 2804//2851 2803//2851 2798//2851
f 2798//2851 2802//2851 2805//2851
f 2806//2853 2807//2853 2808//2853
f 2798//2854 2805//2854 2806//2854
f 2808//2851 2804//2851 2798//2851
f 2798//2851 2806//2851 2808//2851
f 2799//2855 2798//2855 2809//2855
f 2809//2855 2810//2855 2811//2855
f 2811//2855 2812//2855 2813//2855
f 2813//2855 2799//2855 2809//2855
f 2809//2855 2811//2855 2813//2855
f 2814//2856 2815//2856 2816//2856
f 2817//2857 2818//2857 2819//2857
f 2819//2851 2820//2851 2821//2851
f 2822//2858 2823//2858 2824//2858
f 2819//2851 2821//2851 2822//2851
f 2825//2859 2807//2859 2817//2859
f 2826//2860 2827//2860 2825//2860
f 2828//2861 2826//2861 2825//2861
f 2825//2862 2817//2862 2819//2862
f 2822//2851 2824//2851 2829//2851
f 2828//2863 2825//2863 2819//2863
f 2830//2864 2828//2864 2819//2864
f 2819//2851 2822//2851 2829//2851
f 2831//2851 2830//2851 2819//2851
f 2819//2865 2829//2865 2831//2865
f 2832//2851 2820//2851 2833//2851
f 2834//2866 2835//2866 2836//2866
f 2837//2867 2838//2867 2839//2867
f 2840//2868 2841//2868 2842//2868
f 2843//2869 2837//2869 2839//2869
f 2839//2870 2840//2870 2842//2870
f 2842//2871 2844//2871 2845//2871
f 2845//2872 2797//2872 2796//2872
f 2845//2873 2796//2873 2846//2873
f 2839//2874 2842//2874 2845//2874
f 2847//2875 2848//2875 2843//2875
f 2839//2876 2845//2876 2846//2876
f 2849//2877 2803//2877 2850//2877
f 2839//2878 2846//2878 2849//2878
f 2847//2879 2843//2879 2839//2879
f 2851//2880 2852//2880 2847//2880
f 2849//2877 2850//2877 2851//2877
f 2851//2881 2847//2881 2839//2881
f 2839//2882 2849//2882 2851//2882
f 2850//2877 2803//2877 2804//2877
f 2853//2883 2854//2883 2855//2883
f 2856//2884 2857//2884 2853//2884
f 2855//2885 2856//2885 2853//2885
f 2858//2886 2859//2886 2860//2886
f 2860//2887 2855//2887 2854//2887
f 2861//2888 2858//2888 2860//2888
f 2860//2889 2854//2889 2861//2889
f 2858//2890 2857//2890 2859//2890
f 2862//2891 2863//2891 2864//2891
f 2864//2892 2865//2892 2866//2892
f 2864//2893 2866//2893 2862//2893
f 2867//2894 2868//2894 2869//2894
f 2870//2895 2871//2895 2872//2895
f 2867//2896 2869//2896 2870//2896
f 2867//2897 2870//2897 2872//2897
f 2873//2855 2874//2855 2875//2855
f 2873//2855 2875//2855 2876//2855
f 2874//2898 2870//2898 2869//2898
f 2874//2898 2869//2898 2875//2898
f 2877//2899 2878//2899 2879//2899
f 2877//2899 2879//2899 2880//2899
f 2881//2855 2882//2855 2878//2855
f 2881//2855 2878//2855 2877//2855
f 2883//2900 2876//2900 2884//2900
f 2883//2900 2884//2900 2885//2900
f 2886//2901 2873//2901 2876//2901
f 2886//2901 2876//2901 2883//2901
f 2887//2902 2888//2902 2889//2902
f 2887//2902 2889//2902 2890//2902
f 2891//2903 2872//2903 2888//2903
f 2891//2903 2888//2903 2887//2903
f 2845//2904 2844//2904 2865//2904
f 2845//2904 2865//2904 2892//2904
f 2892//2905 2865//2905 2864//2905
f 2892//2905 2864//2905 2863//2905
f 2893//2906 2894//2906 2813//2906
f 2893//2906 2813//2906 2812//2906
f 2862//2907 2866//2907 2810//2907
f 2862//2907 2810//2907 2809//2907
f 2890//2908 2889//2908 2895//2908
f 2890//2908 2895//2908 2896//2908
f 2897//2909 2898//2909 2899//2909
f 2897//2909 2899//2909 2900//2909
f 2901//2910 2902//2910 2871//2910
f 2901//2910 2871//2910 2903//2910
f 2889//2911 2901//2911 2903//2911
f 2889//2911 2903//2911 2895//2911
f 2866//2912 2904//2912 2905//2912
f 2866//2912 2905//2912 2810//2912
f 2811//2855 2906//2855 2907//2855
f 2811//2855 2907//2855 2812//2855
f 2812//2913 2907//2913 2814//2913
f 2812//2913 2814//2913 2893//2913
f 2908//2914 2890//2914 2896//2914
f 2908//2914 2896//2914 2909//2914
f 2910//2915 2886//2915 2883//2915
f 2910//2915 2883//2915 2911//2915
f 2911//2916 2883//2916 2885//2916
f 2911//2916 2885//2916 2912//2916
f 2820//2851 2823//2851 2822//2851
f 2820//2851 2822//2851 2821//2851
f 2913//2917 2834//2917 2914//2917
f 2913//2917 2914//2917 2915//2917
f 2878//2918 2911//2918 2912//2918
f 2878//2918 2912//2918 2879//2918
f 2882//2855 2910//2855 2911//2855
f 2882//2855 2911//2855 2878//2855
f 2916//2919 2917//2919 2908//2919
f 2916//2919 2908//2919 2898//2919
f 2914//2920 2918//2920 2917//2920
f 2914//2920 2917//2920 2916//2920
f 2898//2921 2908//2921 2909//2921
f 2898//2921 2909//2921 2899//2921
f 2816//2922 2913//2922 2915//2922
f 2816//2922 2915//2922 2919//2922
f 2904//2923 2897//2923 2900//2923
f 2904//2923 2900//2923 2905//2923
f 2919//2924 2915//2924 2920//2924
f 2919//2924 2920//2924 2921//2924
f 2921//2925 2920//2925 2897//2925
f 2921//2925 2897//2925 2904//2925
f 2906//2855 2881//2855 2877//2855
f 2906//2855 2877//2855 2907//2855
f 2907//2926 2877//2926 2880//2926
f 2907//2926 2880//2926 2814//2926
f 2922//2927 2862//2927 2809//2927
f 2922//2927 2809//2927 2798//2927
f 2923//2928 2924//2928 2925//2928
f 2923//2928 2925//2928 2926//2928
f 2905//2855 2900//2855 2881//2855
f 2905//2855 2881//2855 2906//2855
f 2899//2855 2909//2855 2910//2855
f 2899//2855 2910//2855 2882//2855
f 2909//2855 2896//2855 2886//2855
f 2909//2855 2886//2855 2910//2855
f 2810//2855 2905//2855 2906//2855
f 2810//2855 2906//2855 2811//2855
f 2896//2855 2895//2855 2873//2855
f 2896//2855 2873//2855 2886//2855
f 2900//2855 2899//2855 2882//2855
f 2900//2855 2882//2855 2881//2855
f 2903//2929 2871//2929 2870//2929
f 2903//2929 2870//2929 2874//2929
f 2895//2855 2903//2855 2874//2855
f 2895//2855 2874//2855 2873//2855
# Vertices: 131, normals: 80, texture coordinates: 0, faces: 156

o obj38
v 0.53421145 2.02707381 0.38132141
v 0.53958535 2.038072 0.37448714
v 0.5482663 2.03060732 0.37230558
v 0.54447103 2.02262949 0.37712714
v 0.54094428 2.02927861 0.35999451
v 0.53918857 2.02003511 0.38097517
v 0.52517618 2.00964419 0.38628024
v 0.53056583 2.02001024 0.39339533
v 0.51457864 1.99328247 0.38700911
v 0.50352748 1.98093098 0.37854614
v 0.4959334 1.98380155 0.35048902
v 0.52075191 2.00377791 0.38469515
v 0.51424476 2.01333438 0.34675815
v 0.51463595 2.0130468 0.34847696
v 0.50957483 1.99500434 0.36885404
v 0.49591083 1.99443843 0.32959385
v 0.49068159 1.98869598 0.32538958
v 0.50041729 2.00994251 0.3125486
v 0.51568644 2.01679202 0.34424717
v 0.5028007 2.00042837 0.33821993
v 0.53335237 2.02434447 0.38275267
v 0.53022279 2.02400708 0.37306428
v 0.52504012 2.01497932 0.3754306
v 0.52146595 2.01343676 0.36789165
v 0.52541541 2.02031779 0.36608593
v 0.52840277 2.02514903 0.36545112
v 0.52182639 2.02206144 0.35206795
v 0.52112805 2.01812877 0.35770594
v 0.53230451 2.01470258 0.38664061
v 0.52994948 2.01697349 0.38717461
v 0.53609654 2.0210537 0.38236717
v 0.53628536 2.01572202 0.38407325
v 0.54066434 1.99930688 0.38387259
v 0.53903744 2.0042475 0.3796317
v 0.54355334 2.00947845 0.37606068
v 0.54390384 2.01383309 0.3725059
v 0.54996698 2.01849699 0.37160829
v 0.5497872 2.01070268 0.37824049
v 0.54517214 2.00086081 0.3841885
v 0.54110125 2.00105497 0.38190467
v 0.54243061 1.99436579 0.38811379
v 0.55612302 2.02316036 0.37071115
v 0.5738608 2.05937619 0.37805001
v 0.57898863 2.05151608 0.37303537
v 0.57495164 2.04315577 0.36894471
v 0.56876313 2.04529089 0.37093827
v 0.56728313 2.02847437 0.36551227
v 0.55528251 2.02881969 0.36360567
v 0.55607486 2.0320839 0.38733557
v 0.5603453 2.02656598 0.38254945
v 0.55544964 2.01479183 0.37752585
v 0.54288658 2.00572783 0.37714404
v 0.52228747 1.99951221 0.39758477
v 0.52332582 1.99605403 0.39822464
v 0.52008559 1.99271126 0.40118948
v 0.51909924 1.99255461 0.40178987
v 0.51835106 1.9909217 0.40277704
v 0.51934745 1.98446814 0.40449108
v 0.51443502 1.97402214 0.41066444
v 0.51077271 1.97028324 0.41372827
v 0.52813388 2.00715103 0.3916176
v 0.55346443 2.04239508 0.38258254
v 0.55600165 2.03893577 0.37763143
v 0.55105521 2.03540259 0.36920879
v 0.54029057 2.03526716 0.36416411
v 0.6035632 2.06111374 0.3643893
v 0.60148995 2.05231333 0.36155022
v 0.59440179 2.05061141 0.36022985
v 0.58529359 2.05342939 0.35602594
v 0.58416687 2.05077036 0.36116656
v 0.59892382 2.05535445 0.3728668
v 0.59193765 2.04755259 0.36473251
v 0.59571967 2.04749583 0.36968847
v 0.52949423 2.0073149 0.4022111
v 0.53292266 1.99971469 0.39554986
v 0.52454663 1.98616045 0.38945134
v 0.50699974 1.97761585 0.39026075
v 0.50756255 1.96995924 0.41071655
v 0.51240543 1.96405795 0.40583903
v 0.5085954 1.95181636 0.40071189
v 0.49519996 1.94405573 0.40050613
v 0.54242101 2.01735362 0.38954928
v 0.54080692 2.01126987 0.38758723
v 0.53257403 2.00812713 0.382416
v 0.52264569 2.0123152 0.37777446
vn -0.98422 0.17695 4E-05
vn -0.20074 0.49808 -0.84358
vn -0.57061 -0.81819 0.07051
vn 0.19276 0.92005 0.34111
vn 0.53039 -0.27419 -0.80219
vn 0 0.50745 -0.86168
vn 0.00012 0.50736 -0.86173
vn 0.1014 0.7181 -0.68851
vn 1E-05 0.50743 -0.86169
vn -1E-05 0.50745 -0.86168
vn 0 0.50744 -0.86169
vn 0.10084 0.72732 -0.67885
vn 0.05388 0.43714 -0.89778
vn 0.00624 0.59385 -0.80455
vn 0.00827 0.57821 -0.81584
vn -0.98229 0.18731 0.00382
vn -0.98301 0.18342 0.00642
vn -0.98233 0.18707 0.00506
vn -0.89505 0.1826 -0.40686
vn -0.72677 0.42155 -0.54232
vn -0.68516 0.40271 -0.60694
vn -0.71747 0.43915 -0.54073
vn -0.88255 -0.43288 -0.18362
vn -0.72931 0.38798 -0.56353
vn -0.70533 0.41955 -0.57139
vn 0.41072 -0.30767 0.85828
vn -0.31772 0.94554 0.07071
vn -0.30129 0.95299 -0.03225
vn -0.3179 0.94548 0.07082
vn -0.31776 0.94554 0.07063
vn -0.39908 0.90698 0.13464
vn -0.98416 0.17728 0
vn -0.97404 0.22545 -0.02056
vn -0.74045 -0.52811 0.41573
vn 0.01123 0.9969 0.07788
vn -0.31515 0.94189 -0.11627
vn 0.39972 0.52955 0.7482
vn -0.71023 -0.62826 -0.31758
vn 0.74483 -0.16213 -0.64726
vn -0.47939 -0.66973 -0.56714
vn -0.35383 0.92395 0.14532
vn -0.39152 0.91344 0.11109
vn -0.20989 0.96976 -0.12452
usemtl mat6
f 2927//2930 2928//2930 2929//2930
f 2929//2931 2930//2931 2931//2931
f 2931//2932 2932//2932 2927//2932
f 2929//2933 2931//2933 2927//2933
f 2933//2934 2934//2934 2935//2934
f 2935//2935 2936//2935 2937//2935
f 2938//2936 2933//2936 2935//2936
f 2939//2935 2940//2935 2941//2935
f 2941//2935 2938//2935 2935//2935
f 2942//2935 2943//2935 2944//2935
f 2944//2935 2945//2935 2939//2935
f 2941//2935 2935//2935 2937//2935
f 2944//2935 2939//2935 2941//2935
f 2946//2935 2942//2935 2944//2935
f 2941//2935 2937//2935 2946//2935
f 2946//2935 2944//2935 2941//2935
f 2927//2937 2947//2937 2948//2937
f 2948//2938 2949//2938 2950//2938
f 2950//2939 2951//2939 2952//2939
f 2953//2940 2954//2940 2940//2940
f 2948//2935 2950//2935 2952//2935
f 2953//2935 2940//2935 2945//2935
f 2927//2941 2948//2941 2952//2941
f 2953//2940 2945//2940 2944//2940
f 2928//2942 2927//2942 2952//2942
f 2953//2943 2944//2943 2928//2943
f 2952//2944 2953//2944 2928//2944
f 2955//2945 2956//2945 2957//2945
f 2957//2946 2932//2946 2958//2946
f 2957//2947 2958//2947 2955//2947
f 2959//2948 2960//2948 2961//2948
f 2961//2949 2962//2949 2963//2949
f 2963//2950 2959//2950 2961//2950
f 2964//2951 2965//2951 2966//2951
f 2966//2952 2967//2952 2959//2952
f 2959//2953 2963//2953 2968//2953
f 2968//2954 2964//2954 2966//2954
f 2966//2955 2959//2955 2968//2955
f 2969//2956 2970//2956 2971//2956
f 2972//2957 2973//2957 2974//2957
f 2969//2958 2971//2958 2972//2958
f 2969//2959 2972//2959 2974//2959
f 2975//2960 2976//2960 2977//2960
f 2975//2960 2977//2960 2978//2960
f 2979//2961 2980//2961 2981//2961
f 2979//2961 2981//2961 2982//2961
f 2983//2962 2984//2962 2985//2962
f 2983//2962 2985//2962 2986//2962
f 2955//2963 2987//2963 2934//2963
f 2955//2963 2934//2963 2956//2963
f 2988//2964 2989//2964 2990//2964
f 2988//2964 2990//2964 2991//2964
f 2992//2965 2993//2965 2994//2965
f 2992//2965 2994//2965 2995//2965
f 2996//2966 2997//2966 2992//2966
f 2996//2966 2992//2966 2995//2966
f 2998//2967 2996//2967 2995//2967
f 2998//2967 2995//2967 2994//2967
f 2997//2968 2999//2968 2993//2968
f 2997//2968 2993//2968 2992//2968
f 2999//2969 2998//2969 2994//2969
f 2999//2969 2994//2969 2993//2969
f 3000//2970 3001//2970 3002//2970
f 3000//2970 3002//2970 3003//2970
f 3004//2971 3005//2971 3006//2971
f 3004//2971 3006//2971 3007//2971
f 3008//2972 3009//2972 3010//2972
f 3008//2972 3010//2972 3011//2972
# Vertices: 85, normals: 43, texture coordinates: 0, faces: 68

o obj39
v 0.53335237 2.02434447 0.38275267
v 0.53421145 2.02707381 0.38132141
v 0.53918857 2.02003511 0.38097517
v 0.53609654 2.0210537 0.38236717
v 0.52994948 2.01697349 0.38717461
v 0.54961441 2.00211416 0.38093331
v 0.54517214 2.00086081 0.3841885
v 0.5497872 2.01070268 0.37824049
v 0.53056583 2.02001024 0.39339533
v 0.52813388 2.00715103 0.3916176
v 0.5276729 2.00109751 0.39404257
v 0.52332582 1.99605403 0.39822464
v 0.52228747 1.99951221 0.39758477
v 0.52008559 1.99271126 0.40118948
v 0.52413564 1.99335626 0.39872351
v 0.59892382 2.05535445 0.3728668
v 0.58416687 2.05077036 0.36116656
v 0.59193765 2.04755259 0.36473251
v 0.59571967 2.04749583 0.36968847
v 0.53334396 2.01274024 0.38676893
v 0.52979908 2.0078332 0.39048393
v 0.53230451 2.01470258 0.38664061
v 0.53552636 2.04806085 0.37978458
v 0.54151256 2.04120618 0.37334346
v 0.53585979 2.02677613 0.36484031
v 0.5191356 2.01580106 0.3618143
vn -0.9847 0.17419 0.00382
vn -0.98272 0.18509 0.00212
vn -0.98731 0.15876 0.00346
vn -0.986 0.16012 0.04651
vn -0.24318 -0.8681 0.43275
vn -0.98445 0.17567 0.00034
vn -0.82757 0.54055 0.15145
vn -0.98416 0.17728 0
vn 0.10624 -0.98554 0.13201
vn -0.98495 0.17271 -0.0066
vn -0.31477 0.94161 0.11953
usemtl mat7
f 3012//2973 3013//2973 3014//2973
f 3015//2974 3016//2974 3012//2974
f 3014//2975 3015//2975 3012//2975
f 3017//2976 3018//2976 3019//2976
f 3020//2977 3021//2977 3022//2977
f 3022//2978 3023//2978 3024//2978
f 3022//2979 3024//2979 3020//2979
f 3025//2980 3023//2980 3026//2980
f 3027//2981 3028//2981 3029//2981
f 3027//2981 3029//2981 3030//2981
f 3031//2982 3032//2982 3021//2982
f 3031//2982 3021//2982 3033//2982
f 3034//2983 3035//2983 3036//2983
f 3034//2983 3036//2983 3037//2983
# Vertices: 26, normals: 11, texture coordinates: 0, faces: 14

o obj40
v 0.52550611 1.93096246 0.4139477
v 0.5590034 2.0121209 0.37216194
v 0.56523098 2.01353956 0.37175574
v 0.55886753 1.99314646 0.37949183
v 0.52614573 1.9305093 0.41380759
v 0.54447103 2.02262949 0.37712714
v 0.5482663 2.03060732 0.37230558
v 0.54390384 2.01383309 0.3725059
v 0.53903744 2.0042475 0.3796317
v 0.51680136 1.93882528 0.42113647
v 0.51010724 1.93471892 0.42707949
v 0.54961441 2.00211416 0.38093331
v 0.5497872 2.01070268 0.37824049
v 0.55576937 2.01363627 0.37396622
v 0.55808039 2.01940536 0.37085641
v 0.55612302 2.02316036 0.37071115
v 0.55940818 2.02024746 0.36974179
v 0.52540659 1.93384655 0.41887182
v 0.5150811 1.92819717 0.41927236
v 0.54243061 1.99436579 0.38811379
v 0.54517214 2.00086081 0.3841885
v 0.45572118 1.89381699 0.46419325
v 0.46301534 1.89889792 0.47601954
v 0.47037743 1.90046458 0.46298651
v 0.44206251 1.87822655 0.43169861
v 0.45521649 1.8943024 0.46003996
v 0.43414444 1.87767634 0.4330385
v 0.43709851 1.87704702 0.43041784
v 0.42676961 1.86659324 0.41195479
v 0.42121225 1.85873536 0.41240499
v 0.45444218 1.92039432 0.37387095
v 0.49506078 1.94293189 0.40547933
v 0.46958629 1.9238098 0.43587845
v 0.43859887 1.90950008 0.46516903
v 0.41007812 1.89120033 0.41990585
v 0.53464359 1.92655657 0.41637674
v 0.48039612 1.87178997 0.4626333
v 0.48837999 1.87504503 0.46844001
v 0.45727999 1.84051003 0.40429001
v 0.43958244 1.84752556 0.40633955
v 0.47793131 1.89245916 0.46453262
v 0.48287025 1.89275649 0.45597217
v 0.44777148 1.85943484 0.40774951
v 0.43725457 1.85249408 0.40814467
v 0.51296476 1.92954279 0.42800563
v 0.47023876 1.88501712 0.46439357
v 0.47875982 1.89586846 0.4673729
v 0.43098368 1.85748412 0.41018375
v 0.4360896 1.86155515 0.4104401
v 0.49266605 1.87582398 0.46866819
v 0.4889557 1.8790137 0.46960033
v 0.45340605 1.84830398 0.40656819
v 0.4496957 1.8514937 0.40750033
v 0.50600811 1.94975324 0.42376825
v 0.50484491 1.93828218 0.42257678
vn -0.84025 0.46223 -0.28343
vn -0.96089 0.238 0.1416
vn -0.94007 0.33986 -0.02758
vn -0.82184 -0.14064 0.55208
vn -0.99956 0.02913 0.00577
vn -0.81438 -0.17693 0.5527
vn -0.71659 -0.35415 0.60089
vn -0.9738 0.22661 0.01898
vn -0.99271 0.11919 0.01808
vn -0.98192 0.17925 0.06087
vn -0.75692 0.48464 -0.43841
vn -0.55451 -0.41099 0.72361
vn -0.86553 0.00855 0.50079
vn -0.96341 0.25475 0.08335
vn -0.94042 0.09037 0.32777
vn 0.00375 0.91645 0.40014
vn -0.07971 0.96411 0.25324
vn 0.25183 0.8102 0.5293
vn -0.01521 0.98048 0.19603
vn -0.18042 -0.12858 0.97515
vn -0.1825 0.95908 0.21645
vn -0.05002 0.98439 0.16872
vn -0.11378 -0.76399 -0.63512
vn -0.02453 -0.88326 -0.46824
vn -0.12675 -0.80465 -0.58007
vn -0.89152 0.20683 0.403
vn -0.00803 0.99945 0.03213
vn -0.11609 0.89572 0.4292
vn -0.73171 0.34379 0.58856
vn -0.59221 0.33018 0.73503
vn -0.00828 0.02107 -0.99974
vn -0.93922 -0.11853 0.32221
vn -0 1 0
vn -0.88652 -0.14621 0.43898
vn -0.8852 0.16444 0.43518
vn -0.05711 0.95296 0.29768
usemtl mat8
f 3038//2984 3039//2984 3040//2984
f 3040//2985 3041//2985 3042//2985
f 3040//2986 3042//2986 3038//2986
f 3043//2987 3044//2987 3045//2987
f 3046//2988 3047//2988 3048//2988
f 3043//2989 3045//2989 3046//2989
f 3046//2990 3048//2990 3043//2990
f 3049//2991 3050//2991 3051//2991
f 3052//2992 3053//2992 3054//2992
f 3051//2993 3052//2993 3054//2993
f 3054//2994 3055//2994 3056//2994
f 3056//2995 3057//2995 3058//2995
f 3049//2996 3051//2996 3054//2996
f 3056//2997 3058//2997 3049//2997
f 3054//2998 3056//2998 3049//2998
f 3059//2999 3060//2999 3061//2999
f 3061//3000 3062//3000 3063//3000
f 3061//3001 3063//3001 3059//3001
f 3064//3002 3062//3002 3065//3002
f 3065//3003 3066//3003 3067//3003
f 3064//3004 3065//3004 3067//3004
f 3066//3005 3065//3005 3062//3005
f 3068//3006 3069//3006 3070//3006
f 3070//3007 3071//3007 3072//3007
f 3070//3008 3072//3008 3068//3008
f 3042//3009 3073//3009 3074//3009
f 3042//3009 3074//3009 3075//3009
f 3075//3010 3074//3010 3076//3010
f 3075//3010 3076//3010 3077//3010
f 3078//3011 3079//3011 3080//3011
f 3078//3011 3080//3011 3081//3011
f 3082//3012 3056//3012 3079//3012
f 3082//3012 3079//3012 3078//3012
f 3048//3013 3047//3013 3083//3013
f 3048//3013 3083//3013 3084//3013
f 3084//3014 3083//3014 3085//3014
f 3084//3014 3085//3014 3086//3014
f 3055//3015 3038//3015 3087//3015
f 3055//3015 3087//3015 3088//3015
f 3088//3016 3087//3016 3089//3016
f 3088//3016 3089//3016 3090//3016
f 3055//3017 3054//3017 3039//3017
f 3055//3017 3039//3017 3038//3017
f 3091//3018 3092//3018 3061//3018
f 3091//3018 3061//3018 3060//3018
f 3059//3019 3063//3019 3062//3019
f 3059//3019 3062//3019 3064//3019
# Vertices: 55, normals: 36, texture coordinates: 0, faces: 47

o obj41
v 0.58565923 2.14778202 0.31132788
v 0.58417773 2.0543412 0.31744181
v 0.51925512 2.01025937 0.33622218
v 0.49063224 1.98373044 0.35454036
vn -0.73776 0.67295 0.05329
usemtl mat9
f 3093//3020 3094//3020 3095//3020
f 3093//3020 3095//3020 3096//3020
# Vertices: 4, normals: 1, texture coordinates: 0, faces: 2

o obj42
v -0.44831569 1.16091565 0.10735516
v -0.42461569 1.16021565 0.10668516
v -0.41204647 1.16530715 0.12626539
v -0.42317725 1.17109859 0.14651538
v -0.44687725 1.17179859 0.14718538
v -0.45944647 1.16670715 0.12760539
v -0.44593088 1.15446826 0.0806204
v -0.42886972 1.15396435 0.08013808
v -0.41980731 1.15818171 0.09414468
v -0.42780653 1.1629028 0.10863364
v -0.44486768 1.16340672 0.10911596
v -0.45393009 1.15918956 0.09510933
v -0.45198691 1.02425538 0.0877258
v -0.4301284 1.02360977 0.08710786
v -0.41856575 1.02711192 0.10535848
v -0.4288616 1.03125971 0.12422727
v -0.45072011 1.03190532 0.12484521
v -0.46228277 1.02840314 0.10659436
v -0.45772145 1.22933069 0.06048442
v -0.41382289 1.2280341 0.05924341
v -0.39062221 1.23425286 0.09602754
v -0.41131961 1.24176824 0.1340529
v -0.45521818 1.24306483 0.13529391
v -0.4784191 1.23684601 0.09850956
v -0.40578935 1.22940646 0.12455278
v -0.41341747 1.22272714 0.07891029
v -0.42106854 1.21816844 0.10845004
v -0.44677057 1.2612683 0.10571035
v -0.44487255 1.2726577 0.1344187
v -0.46260913 1.23077475 0.12501328
v -0.43433963 1.17409469 0.16858879
v -0.4476616 1.21829775 0.10841207
v -0.43564463 1.15633432 0.14077822
v -0.43720091 1.10604908 0.13833359
v -0.4221836 1.14901188 0.15142148
v -0.44889777 1.1498009 0.15217669
v -0.43644329 1.10590673 0.16551281
v -0.45092008 0.98240696 0.18559157
v -0.42779313 0.98159605 0.17931427
v -0.4391823 0.97944728 0.20127647
v -0.4401871 0.9844223 0.16017831
v -0.45131813 0.98255569 0.17683185
v -0.43353311 0.94533743 0.20481385
v -0.44662973 0.94572425 0.20518409
v -0.45151893 1.19439585 0.04979059
v -0.45113622 1.20974077 0.04724732
v -0.44585251 1.18554419 0.08220549
v -0.43779003 1.13134499 0.09189504
v -0.43841458 1.12588771 0.06322927
v -0.42702333 1.18498806 0.08167318
v -0.42107422 1.22830894 0.05327526
v -0.4091169 1.26239146 0.03965826
v -0.42348285 1.20812218 0.00225457
v -0.42247562 1.22563345 0.02193223
v -0.4222673 1.20740014 0.04860969
v -0.45063187 1.24622977 0.02672557
v -0.45025173 1.21295673 0.07540766
v -0.45127951 1.22228279 0.02889712
v -0.45222525 1.20931102 0.00150631
v -0.42282158 1.18517658 0.05229272
v -0.46554642 1.23457944 -0.06017652
v -0.41246719 1.2330117 -0.06167708
v -0.38440805 1.27782062 -0.05634535
v -0.41350814 1.33045692 -0.04386974
v -0.46250761 1.32576521 -0.04801279
v -0.49056652 1.28095606 -0.05334448
v -0.45233431 1.20063296 0.01411808
v -0.4640523 1.26731062 0.04120498
v -0.41933942 1.25800615 0.10215541
v -0.41998936 1.27577834 0.1319524
v -0.42729564 0.94538631 0.19328342
v -0.43415479 0.94582206 0.18212347
v -0.42869303 1.19067304 0.02368478
v -0.42383762 1.15291794 0.06649893
v -0.42426437 1.14715452 0.03233964
v -0.42394951 1.14605299 0.06975333
v -0.44540699 1.19560766 0.02360248
v -0.4302793 0.93315835 0.14429404
v -0.45397931 0.93385835 0.14496404
v -0.46511009 0.93964979 0.16521403
v -0.45254087 0.94474128 0.18479426
v -0.42884087 0.94404128 0.18412426
v -0.41771009 0.93824979 0.16387403
v -0.43437913 0.93339231 0.11640304
v -0.45144028 0.93389623 0.11688536
v -0.45943951 0.9386173 0.13137433
v -0.45037709 0.94283468 0.14538092
v -0.43331593 0.94233076 0.1448986
v -0.42531672 0.93760946 0.13040968
v -0.46440925 0.94249633 0.1214065
v -0.45284659 0.94599851 0.13965735
v -0.43098808 0.9453529 0.13903941
v -0.45987846 1.1410925 0.07666826
v -0.4805761 1.14860789 0.11469362
v -0.45737518 1.15482664 0.15147775
v -0.41347662 1.15353006 0.15023673
v -0.45348888 0.94615995 0.19402391
v -0.44725141 0.94620888 0.18249372
v -0.45166519 1.16025953 0.06419905
v -0.45292017 1.1560292 0.04029712
v -0.45353927 1.14614887 0.02863892
v -0.45188328 1.14687804 0.07054302
vn 0.08547 0 0.99634
vn 0.08547 0 0.99634
vn 0.08547 -0 0.99634
vn 0.08547 0 0.99634
vn 0.08547 0 0.99634
vn 0.08547 0 0.99634
vn 0.12247 -0 0.99247
vn 0.12248 0 0.99247
vn 0.12247 -0 0.99247
vn 0.12246 0 0.99247
vn 0.12247 -0 0.99247
vn 0.12247 1E-05 0.99247
vn 0.02213 -0 0.99976
vn 0.02213 0 0.99976
vn 0.02213 -0 0.99976
vn 0.02213 0 0.99976
vn 0.02213 -0 0.99976
vn 0.02213 0 0.99976
vn 0.00047 0 1
vn 0.00047 0 1
vn 0.00047 0 1
vn 0.00047 0 1
vn 0.00047 0 1
vn 0.00047 -0 1
vn 0.45434 0.80268 -0.38638
vn 0.14058 0.29237 -0.94592
vn 0.74655 0.4642 -0.47664
vn -0.20705 -0.85741 0.47115
vn 0.05637 -0.91607 0.39704
vn -0.66489 -0.74681 0.01413
vn -0.63066 -0.77482 -0.0438
vn -0.62919 -0.77703 -0.01871
vn 0.84876 -0.43129 -0.30592
vn 0.97946 0.01588 -0.20099
vn 0.56414 0.82539 0.02187
vn 0.62714 0.77426 -0.08498
vn -0.75322 -0.65542 -0.05563
vn -0.97893 -0.19769 -0.0512
vn -0.31141 0.03788 0.94952
vn -0.97146 0.23307 -0.04413
vn -0.9994 -0.02754 -0.02114
vn 0.30609 0.0061 -0.95198
vn -0.99737 0 -0.07251
vn -0.0359 -0.98847 -0.14711
vn -0.08203 -0.99608 0.03299
vn -0.03059 -0.98962 -0.14042
vn 0.01035 -0.98561 -0.16874
vn -0.03156 -0.98125 -0.19016
vn 0.08814 0.98036 -0.17642
vn 0.36328 0.89653 -0.25352
vn 0.04446 0.98077 -0.19006
vn -0.04538 0.95892 -0.28002
vn -0.31422 0.79824 -0.5139
vn 0.05749 0.95372 -0.29516
vn -0.01004 0.98599 -0.16651
vn 0.06989 -0.93671 -0.34307
vn 0.22274 -0.8239 -0.52113
vn 0.00584 -0.99998 0.00284
vn 0.00837 -0.99996 0.00138
vn -0.00994 0.98564 -0.16859
vn -0.99884 0.04482 -0.01761
vn -0.01262 0.98576 -0.16769
vn 0.95093 0 0.3094
vn 0.95093 0 0.3094
vn 0.94123 0.01706 0.33732
vn 0.89904 0.07614 0.4312
vn 0.94124 0.01707 0.33732
vn 0.95093 0 0.3094
vn -0.57186 -0.05875 0.81824
vn -0.54776 -0.15847 0.82149
vn 0.01877 -0.99982 0.00022
vn -0.3346 -0.80206 0.49472
vn -0.60012 0.12361 0.7903
vn -0.9874 0.01526 0.15748
vn 0.18106 -0.89295 -0.41215
vn 0.1173 0.01857 -0.99292
vn 0.58989 -0.80701 0.02772
vn 0.55662 -0.82708 -0.07816
vn -0.63248 0.76067 -0.1461
vn 0.51734 0.85275 -0.07188
vn -0.99738 -0.07036 -0.01689
vn -0.99883 0 -0.04833
vn -1 0 0.00071
vn 0.18667 0.98242 0.00329
vn -0.02031 0.99978 0.00542
vn 0.25847 -0.96601 0.00455
vn 0.99984 0 0.01772
vn 0.49983 -0.86608 0.00886
vn 0.49983 -0.86608 0.00886
vn 0.49984 -0.86608 0.00886
vn -0.49983 -0.86608 -0.00886
vn -0.49984 -0.86608 -0.00886
vn -0.49983 -0.86608 -0.00886
vn -0.99984 0 -0.01772
vn -0.49983 0.86608 -0.00886
vn -0.49983 0.86608 -0.00886
vn -0.49984 0.86608 -0.00886
vn 0.99982 0 0.01891
vn 0.49983 -0.86607 0.00945
vn 0.49983 -0.86607 0.00945
vn 0.49983 -0.86607 0.00945
vn -0.49983 -0.86607 -0.00945
vn -0.49983 -0.86607 -0.00945
vn -0.49983 -0.86607 -0.00945
vn -0.99982 0 -0.01891
vn -0.49983 0.86607 -0.00945
vn -0.49983 0.86607 -0.00945
vn -0.49983 0.86607 -0.00945
vn -0.4999 -0.86607 -0.00556
vn -0.4999 -0.86607 -0.00556
vn -0.4999 -0.86607 -0.00556
vn -0.99994 0 -0.01112
vn 0.5 -0.86603 0.00023
vn 0.5 -0.86603 0.00023
vn 0.5 -0.86603 0.00023
vn -0.5 -0.86603 -0.00023
vn -0.5 -0.86603 -0.00023
vn -0.5 -0.86603 -0.00023
vn -1 0 -0.00046
vn 0.71064 0.04832 0.7019
vn 0.70933 0.04498 0.70344
vn 0.71188 0.05152 0.70041
vn 0.06698 -0.87607 -0.47751
vn -0.02544 0.14869 -0.98856
vn 0.09185 0.36928 -0.92477
vn -0.10079 0 -0.99491
vn 0.57349 -0.78655 -0.22903
vn -0.24981 -0.96763 0.03578
vn 0.457 -0.88947 -0.00058
vn 0.5923 -0.80571 0.00245
vn 0.53766 0.84316 0.00211
vn 0.53709 0.84352 0.00223
vn -0.6179 -0.77919 0.10514
vn -0.57726 -0.81181 0.08799
vn -0.00447 -0.99998 -0.00391
vn 0.99436 0.08429 0.0644
vn 0.98748 0.1313 0.08744
vn 0.99974 0 0.02292
vn 0.52067 -0.8475 -0.1032
vn 0.27776 -0.06254 0.95861
vn 0.19647 0.0451 0.97947
vn 0.35251 -0.16704 0.92078
vn -0.98265 -0.1824 0.03376
vn -0.9935 -0.11063 -0.02697
vn 0.7038 0 -0.71039
vn 0.7038 0 -0.7104
vn 0.70381 -0 -0.71039
vn -0.05755 -0.81681 -0.57402
vn -0.26269 -0.96345 0.05247
vn -0.33883 -0.85978 0.38205
vn -0.34248 -0.84839 0.40366
vn -0.01139 0.23246 0.97254
vn -0.00115 0.22134 0.9752
vn -0.01888 0.24055 0.97045
vn 0.96339 0.10599 -0.24627
vn 0.96104 0.04342 -0.27296
vn 0.96143 0.16579 -0.21947
vn -0.91896 0.2641 0.29285
vn -0.92424 0.18038 0.3365
vn -0.90995 0.32354 0.25945
vn 0.00528 -0.99998 -0.00459
vn -0.00484 -0.99999 -0.00092
vn -0.01338 -0.99989 -0.00576
vn -0.01161 -0.99993 0.0031
vn 0.18454 0.03303 -0.98227
vn 0.20771 0.06833 -0.9758
vn 0.16259 0 -0.98669
vn -0.96612 -0 0.25808
vn -0.96613 -1E-05 0.25807
vn -0.96612 0 0.25809
vn 0.3677 0.14014 0.91932
vn 0.41165 0.08504 0.90737
vn 0.27971 0.24208 0.92906
vn 0.29602 -0.25772 -0.91976
vn 0.29127 -0.26347 -0.91964
vn 0.30364 -0.24842 -0.91983
usemtl mat0
f 3097//3021 3098//3022 3099//3023
f 3099//3023 3100//3024 3101//3025
f 3101//3025 3102//3026 3097//3021
f 3099//3023 3101//3025 3097//3021
f 3103//3027 3104//3028 3105//3029
f 3105//3029 3106//3030 3107//3031
f 3107//3031 3108//3032 3103//3027
f 3105//3029 3107//3031 3103//3027
f 3109//3033 3110//3034 3111//3035
f 3111//3035 3112//3036 3113//3037
f 3113//3037 3114//3038 3109//3033
f 3111//3035 3113//3037 3109//3033
f 3115//3039 3116//3040 3117//3041
f 3117//3041 3118//3042 3119//3043
f 3119//3043 3120//3044 3115//3039
f 3117//3041 3119//3043 3115//3039
f 3121//3045 3122//3046 3123//3047
f 3124//3048 3125//3049 3126//3048
f 3125//3050 3127//3051 3126//3052
f 3123//3047 3128//3053 3129//3054
f 3129//3054 3130//3055 3131//3056
f 3132//3057 3127//3051 3133//3058
f 3134//3059 3135//3059 3136//3059
f 3133//3058 3135//3060 3134//3061
f 3137//3062 3138//3062 3135//3062
f 3136//3063 3139//3063 3140//3063
f 3141//3064 3142//3065 3143//3066
f 3143//3066 3144//3067 3145//3068
f 3143//3066 3145//3068 3141//3064
f 3146//3069 3122//3070 3147//3071
f 3148//3072 3149//3073 3150//3074
f 3151//3075 3146//3069 3147//3071
f 3148//3072 3150//3074 3151//3075
f 3147//3071 3148//3072 3151//3075
f 3152//3076 3153//3077 3143//3066
f 3152//3076 3143//3066 3142//3065
f 3154//3078 3155//3079 3152//3076
f 3152//3076 3142//3065 3154//3078
f 3144//3080 3146//3069 3151//3075
f 3151//3081 3156//3081 3145//3081
f 3151//3075 3145//3082 3144//3080
f 3157//3083 3158//3084 3159//3085
f 3159//3085 3160//3086 3161//3087
f 3161//3087 3162//3088 3157//3083
f 3159//3085 3161//3087 3157//3083
f 3124//3089 3161//3090 3160//3089
f 3155//3079 3154//3078 3163//3091
f 3126//3048 3164//3092 3124//3048
f 3165//3093 3124//3089 3160//3089
f 3125//3094 3166//3094 3127//3094
f 3153//3077 3126//3095 3128//3096
f 3126//3052 3127//3051 3132//3057
f 3130//3097 3129//3054 3132//3098
f 3127//3099 3131//3099 3133//3099
f 3167//3100 3135//3100 3168//3100
f 3143//3101 3146//3102 3144//3103
f 3156//3104 3151//3104 3169//3104
f 3170//3105 3171//3105 3172//3105
f 3142//3065 3141//3064 3173//3106
f 3174//3107 3098//3107 3097//3107
f 3174//3107 3097//3107 3175//3107
f 3175//3108 3097//3109 3102//3108
f 3175//3108 3102//3108 3176//3110
f 3176//3111 3102//3112 3101//3111
f 3176//3111 3101//3111 3177//3113
f 3178//3114 3177//3114 3101//3114
f 3178//3114 3101//3114 3100//3114
f 3179//3115 3178//3116 3100//3115
f 3179//3115 3100//3115 3099//3117
f 3180//3118 3104//3118 3103//3118
f 3180//3118 3103//3118 3181//3118
f 3181//3119 3103//3120 3108//3119
f 3181//3119 3108//3119 3182//3121
f 3182//3122 3108//3123 3107//3122
f 3182//3122 3107//3122 3183//3124
f 3184//3125 3183//3125 3107//3125
f 3184//3125 3107//3125 3106//3125
f 3185//3126 3184//3127 3106//3126
f 3185//3126 3106//3126 3105//3128
f 3186//3129 3114//3130 3113//3129
f 3186//3129 3113//3129 3187//3131
f 3188//3132 3187//3132 3113//3132
f 3188//3132 3113//3132 3112//3132
f 3189//3133 3115//3134 3120//3133
f 3189//3133 3120//3133 3190//3135
f 3190//3136 3120//3137 3119//3136
f 3190//3136 3119//3136 3191//3138
f 3192//3139 3191//3139 3119//3139
f 3192//3139 3119//3139 3118//3139
f 3148//3140 3152//3141 3155//3140
f 3148//3140 3155//3140 3149//3142
f 3153//3077 3152//3076 3164//3143
f 3153//3077 3164//3143 3126//3095
f 3157//3144 3152//3145 3148//3144
f 3157//3144 3148//3144 3158//3146
f 3122//3046 3153//3077 3128//3096
f 3122//3046 3128//3096 3123//3047
f 3128//3053 3126//3147 3132//3098
f 3128//3053 3132//3098 3129//3054
f 3131//3056 3121//3045 3123//3047
f 3131//3056 3123//3047 3129//3054
f 3132//3057 3133//3058 3134//3061
f 3132//3098 3134//3148 3138//3149
f 3130//3097 3132//3098 3138//3149
f 3130//3097 3138//3149 3137//3150
f 3135//3151 3131//3056 3130//3055
f 3135//3151 3130//3055 3137//3152
f 3134//3148 3136//3153 3140//3154
f 3134//3148 3140//3154 3193//3155
f 3168//3156 3135//3157 3138//3156
f 3168//3156 3138//3156 3194//3158
f 3138//3149 3134//3148 3193//3155
f 3138//3149 3193//3155 3194//3159
f 3125//3160 3124//3161 3165//3160
f 3125//3160 3165//3160 3166//3162
f 3143//3101 3153//3163 3122//3164
f 3143//3101 3122//3164 3146//3102
f 3142//3165 3151//3166 3150//3165
f 3142//3165 3150//3165 3154//3167
f 3164//3143 3152//3076 3157//3168
f 3164//3143 3157//3168 3162//3169
f 3124//3170 3164//3143 3162//3169
f 3124//3170 3162//3169 3161//3171
f 3195//3172 3196//3173 3171//3172
f 3195//3172 3171//3172 3170//3174
f 3171//3175 3149//3176 3155//3175
f 3171//3175 3155//3175 3197//3177
f 3196//3178 3163//3179 3149//3178
f 3196//3178 3149//3178 3171//3180
f 3155//3079 3163//3091 3196//3181
f 3155//3079 3196//3181 3197//3182
f 3197//3182 3196//3181 3195//3183
f 3197//3182 3195//3183 3198//3184
f 3172//3185 3171//3186 3197//3185
f 3172//3185 3197//3185 3198//3187
f 3195//3188 3170//3189 3172//3188
f 3195//3188 3172//3188 3198//3190
f 3169//3191 3151//3192 3142//3191
f 3169//3191 3142//3191 3173//3193
f 3173//3194 3141//3195 3156//3194
f 3173//3194 3156//3194 3169//3196
# Vertices: 102, normals: 176, texture coordinates: 0, faces: 141

o obj43
v -0.43433963 1.17409469 0.16858879
v -0.40578935 1.22940646 0.12455278
v -0.4221836 1.14901188 0.15142148
v -0.43644329 1.10590673 0.16551281
v -0.42779313 0.98159605 0.17931427
v -0.41998936 1.27577834 0.1319524
v -0.4159799 1.13979592 0.07542724
v -0.39277921 1.14601474 0.1122116
v -0.39062221 1.23425286 0.09602754
v -0.41382289 1.2280341 0.05924341
v -0.43353311 0.94533743 0.20481385
v -0.4391823 0.97944728 0.20127647
v -0.42729564 0.94538631 0.19328342
vn -0.58107 0.81138 -0.06345
vn -0.89695 0.44173 -0.01903
vn -0.68372 0.72928 0.02597
vn 0.5 0.86603 0.00023
vn -0.52198 0.84377 0.12486
usemtl mat1
f 3199//3197 3200//3197 3201//3197
f 3202//3198 3201//3198 3203//3198
f 3199//3199 3204//3199 3200//3199
f 3205//3200 3206//3200 3207//3200
f 3205//3200 3207//3200 3208//3200
f 3209//3201 3210//3201 3203//3201
f 3209//3201 3203//3201 3211//3201
# Vertices: 13, normals: 5, texture coordinates: 0, faces: 7

o obj44
v -0.41347662 1.15353006 0.15023673
v -0.39277921 1.14601474 0.1122116
v -0.4159799 1.13979592 0.07542724
v -0.45987846 1.1410925 0.07666826
v -0.4805761 1.14860789 0.11469362
v -0.45737518 1.15482664 0.15147775
v -0.41131961 1.24176824 0.1340529
v -0.39062221 1.23425286 0.09602754
vn -0.00047 -0 -1
vn -0.5 0.86603 -0.00023
usemtl mat2
f 3212//3202 3213//3202 3214//3202
f 3214//3202 3215//3202 3216//3202
f 3216//3202 3217//3202 3212//3202
f 3214//3202 3216//3202 3212//3202
f 3213//3203 3212//3203 3218//3203
f 3213//3203 3218//3203 3219//3203
# Vertices: 8, normals: 2, texture coordinates: 0, faces: 6

o obj45
v -0.42884087 0.94404128 0.18412426
v -0.41771009 0.93824979 0.16387403
v -0.4302793 0.93315835 0.14429404
v -0.45397931 0.93385835 0.14496404
v -0.46511009 0.93964979 0.16521403
v -0.45254087 0.94474128 0.18479426
v -0.43331593 0.94233076 0.1448986
v -0.42531672 0.93760946 0.13040968
v -0.43437913 0.93339231 0.11640304
v -0.45144028 0.93389623 0.11688536
v -0.45943951 0.9386173 0.13137433
v -0.45037709 0.94283468 0.14538092
v -0.42069223 0.94120511 0.12017062
v -0.41856575 1.02711192 0.10535848
v -0.4301284 1.02360977 0.08710786
v -0.43146251 0.96971372 0.09640064
v -0.42718732 0.96863199 0.10365518
v -0.42533855 0.96332478 0.10782367
v -0.43851465 0.93738654 0.09967436
v -0.43225488 0.93770296 0.10192
v -0.46440925 0.94249633 0.1214065
v -0.45333376 0.96984477 0.09710717
v -0.45313859 0.97772952 0.09574769
v -0.45198691 1.02425538 0.0877258
v -0.46228277 1.02840314 0.10659436
v -0.43098808 0.9453529 0.13903941
v -0.45284659 0.94599851 0.13965735
v -0.40578935 1.22940646 0.12455278
v -0.41933942 1.25800615 0.10215541
v -0.41350814 1.33045692 -0.04386974
v -0.4091169 1.26239146 0.03965826
v -0.41341747 1.22272714 0.07891029
v -0.43353311 0.94533743 0.20481385
v -0.42729564 0.94538631 0.19328342
v -0.43415479 0.94582206 0.18212347
v -0.44725141 0.94620888 0.18249372
v -0.45348888 0.94615995 0.19402391
v -0.44662973 0.94572425 0.20518409
v -0.42282158 1.18517658 0.05229272
v -0.45151893 1.19439585 0.04979059
v -0.43841458 1.12588771 0.06322927
v -0.42107422 1.22830894 0.05327526
v -0.41998936 1.27577834 0.1319524
v -0.41246719 1.2330117 -0.06167708
v -0.38440805 1.27782062 -0.05634535
v -0.41980731 1.15818171 0.09414468
v -0.42886972 1.15396435 0.08013808
v -0.4288616 1.03125971 0.12422727
v -0.4159799 1.13979592 0.07542724
v -0.41382289 1.2280341 0.05924341
v -0.45772145 1.22933069 0.06048442
v -0.45987846 1.1410925 0.07666826
v -0.45127951 1.22228279 0.02889712
v -0.42247562 1.22563345 0.02193223
v -0.42348285 1.20812218 0.00225457
v -0.45233431 1.20063296 0.01411808
v -0.41204647 1.16530715 0.12626539
v -0.42461569 1.16021565 0.10668516
vn -0.08546 -0 -0.99634
vn -0.12247 -0 -0.99247
vn 0.4999 0.86607 0.00556
vn 0.88618 0.35163 0.30174
vn 0.49989 0.86607 0.00556
vn 0.49991 0.86606 0.00556
vn 0.7556 -0.61206 -0.23334
vn 0.4999 -0.86607 0.00556
vn -0.02213 0 -0.99976
vn -0.45433 0.70077 0.55001
vn 0.13511 0.97422 -0.18069
vn -0.01197 0.99814 0.05972
vn 0.201 -0 -0.97959
vn 0.99826 0.05855 -0.00649
vn 0.38719 0.85669 -0.34083
vn 0.07633 0.92973 0.36024
vn -0.05674 0.84512 -0.53156
vn -0.38596 0.84427 0.37181
vn 0.49982 0.86608 0.00945
vn -0.4999 0.86607 -0.00556
vn 1 0 0.00046
vn -0.58157 0.34419 -0.7371
vn 0.99994 0 0.01112
vn 0.49983 0.86608 0.00886
usemtl mat3
f 3220//3204 3221//3204 3222//3204
f 3222//3204 3223//3204 3224//3204
f 3224//3204 3225//3204 3220//3204
f 3222//3204 3224//3204 3220//3204
f 3226//3205 3227//3205 3228//3205
f 3228//3205 3229//3205 3230//3205
f 3230//3205 3231//3205 3226//3205
f 3228//3205 3230//3205 3226//3205
f 3232//3206 3233//3206 3234//3206
f 3234//3206 3235//3206 3236//3206
f 3237//3207 3238//3207 3239//3207
f 3234//3208 3236//3208 3237//3208
f 3237//3206 3239//3206 3232//3206
f 3232//3209 3234//3209 3237//3209
f 3240//3210 3238//3210 3241//3210
f 3242//3211 3243//3211 3244//3211
f 3240//3211 3241//3211 3242//3211
f 3242//3211 3244//3211 3240//3211
f 3245//3212 3232//3212 3239//3212
f 3239//3212 3238//3212 3240//3212
f 3240//3212 3246//3212 3245//3212
f 3239//3212 3240//3212 3245//3212
f 3247//3213 3248//3213 3249//3213
f 3250//3214 3251//3214 3247//3214
f 3249//3215 3250//3215 3247//3215
f 3252//3216 3253//3216 3254//3216
f 3254//3216 3255//3216 3256//3216
f 3256//3216 3257//3216 3252//3216
f 3254//3216 3256//3216 3252//3216
f 3258//3217 3259//3217 3260//3217
f 3261//3218 3251//3218 3250//3218
f 3262//3219 3248//3219 3247//3219
f 3263//3220 3250//3220 3264//3220
f 3264//3221 3250//3221 3249//3221
f 3228//3222 3227//3222 3265//3222
f 3228//3222 3265//3222 3266//3222
f 3232//3223 3245//3223 3267//3223
f 3232//3223 3267//3223 3233//3223
f 3268//3224 3269//3224 3270//3224
f 3268//3224 3270//3224 3271//3224
f 3272//3225 3273//3225 3274//3225
f 3272//3225 3274//3225 3275//3225
f 3243//3226 3242//3226 3235//3226
f 3243//3226 3235//3226 3234//3226
f 3222//3227 3221//3227 3276//3227
f 3222//3227 3276//3227 3277//3227
# Vertices: 58, normals: 24, texture coordinates: 0, faces: 46

o obj46
v -0.43146251 0.96971372 0.09640064
v -0.43851465 0.93738654 0.09967436
v -0.42533855 0.96332478 0.10782367
v -0.42718732 0.96863199 0.10365518
v -0.45313859 0.97772952 0.09574769
v -0.45333376 0.96984477 0.09710717
vn 0.55769 0.82431 -0.09744
vn 0.99739 -0.00146 0.07212
usemtl mat4
f 3278//3228 3279//3228 3280//3228
f 3278//3228 3280//3228 3281//3228
f 3282//3229 3283//3229 3279//3229
f 3282//3229 3279//3229 3278//3229
# Vertices: 6, normals: 2, texture coordinates: 0, faces: 4

